action_date,cash_before,equity_before,signal_date,status,execution_status,strategy_leg,account_return,cash_after,equity_after,ts_code,name,exit_date,entry_filled,position_opened,outcome_observable,quantity,position_ratio,entry_price,exit_price,buy_gross,raw_sell_gross,adjusted_sell_gross,corporate_action_adjustment,buy_commission,sell_commission,transfer_fee,stamp_tax,buy_slippage,sell_slippage,total_fees,total_slippage,buy_adj_factor,sell_adj_factor,peak_equity,drawdown
20230901,500000.0,500000.0,,NO_PLAN,,,0.0,500000.0,500000.0,,,,,,,,,,,,,,,,,,,,,,,,,500000.0,0.0
20230904,500000.0,500000.0,,NO_PLAN,,,0.0,500000.0,500000.0,,,,,,,,,,,,,,,,,,,,,,,,,500000.0,0.0
20230905,500000.0,500000.0,,NO_PLAN,,,0.0,500000.0,500000.0,,,,,,,,,,,,,,,,,,,,,,,,,500000.0,0.0
20230906,500000.0,500000.0,,NO_PLAN,,,0.0,500000.0,500000.0,,,,,,,,,,,,,,,,,,,,,,,,,500000.0,0.0
20230907,500000.0,500000.0,,NO_PLAN,,,0.0,500000.0,500000.0,,,,,,,,,,,,,,,,,,,,,,,,,500000.0,0.0
20230908,500000.0,500000.0,,NO_PLAN,,,0.0,500000.0,500000.0,,,,,,,,,,,,,,,,,,,,,,,,,500000.0,0.0
20230911,500000.0,500000.0,,NO_PLAN,,,0.0,500000.0,500000.0,,,,,,,,,,,,,,,,,,,,,,,,,500000.0,0.0
20230912,500000.0,500000.0,,NO_PLAN,,,0.0,500000.0,500000.0,,,,,,,,,,,,,,,,,,,,,,,,,500000.0,0.0
20230913,500000.0,500000.0,,NO_PLAN,,,0.0,500000.0,500000.0,,,,,,,,,,,,,,,,,,,,,,,,,500000.0,0.0
20230914,500000.0,500000.0,,NO_PLAN,,,0.0,500000.0,500000.0,,,,,,,,,,,,,,,,,,,,,,,,,500000.0,0.0
20230915,500000.0,500000.0,,NO_PLAN,,,0.0,500000.0,500000.0,,,,,,,,,,,,,,,,,,,,,,,,,500000.0,0.0
20230918,500000.0,500000.0,,NO_PLAN,,,0.0,500000.0,500000.0,,,,,,,,,,,,,,,,,,,,,,,,,500000.0,0.0
20230919,500000.0,500000.0,,NO_PLAN,,,0.0,500000.0,500000.0,,,,,,,,,,,,,,,,,,,,,,,,,500000.0,0.0
20230920,500000.0,500000.0,,NO_PLAN,,,0.0,500000.0,500000.0,,,,,,,,,,,,,,,,,,,,,,,,,500000.0,0.0
20230921,500000.0,500000.0,,NO_PLAN,,,0.0,500000.0,500000.0,,,,,,,,,,,,,,,,,,,,,,,,,500000.0,0.0
20230922,500000.0,500000.0,,NO_PLAN,,,0.0,500000.0,500000.0,,,,,,,,,,,,,,,,,,,,,,,,,500000.0,0.0
20230925,500000.0,500000.0,,NO_PLAN,,,0.0,500000.0,500000.0,,,,,,,,,,,,,,,,,,,,,,,,,500000.0,0.0
20230926,500000.0,500000.0,,NO_PLAN,,,0.0,500000.0,500000.0,,,,,,,,,,,,,,,,,,,,,,,,,500000.0,0.0
20230927,500000.0,500000.0,,NO_PLAN,,,0.0,500000.0,500000.0,,,,,,,,,,,,,,,,,,,,,,,,,500000.0,0.0
20230928,500000.0,500000.0,,NO_PLAN,,,0.0,500000.0,500000.0,,,,,,,,,,,,,,,,,,,,,,,,,500000.0,0.0
20231009,500000.0,500000.0,,NO_PLAN,,,0.0,500000.0,500000.0,,,,,,,,,,,,,,,,,,,,,,,,,500000.0,0.0
20231010,500000.0,500000.0,,NO_PLAN,,,0.0,500000.0,500000.0,,,,,,,,,,,,,,,,,,,,,,,,,500000.0,0.0
20231011,500000.0,500000.0,,NO_PLAN,,,0.0,500000.0,500000.0,,,,,,,,,,,,,,,,,,,,,,,,,500000.0,0.0
20231012,500000.0,500000.0,20231011,EXECUTED,OK,C,0.19102514644815982,595512.5732240799,595512.5732240799,002947.SZ,恒铭达,20231013,True,True,True,18400.0,0.8214606399999999,22.3223,27.54243,410730.31999999995,506780.712,506780.71199999994,-5.820766091346741e-11,123.21909599999998,152.03421359999996,9.175110319999998,253.39035599999997,410.3199999999589,507.288000000014,537.8187759199999,917.6079999999729,1.774,1.774,595512.5732240799,0.0
20231013,595512.5732240799,595512.5732240799,,SKIP_OCCUPIED,,,0.0,595512.5732240799,595512.5732240799,,,,,,,,,,,,,,,,,,,,,,,,,595512.5732240799,0.0
20231016,595512.5732240799,595512.5732240799,,NO_PLAN,,,0.0,595512.5732240799,595512.5732240799,,,,,,,,,,,,,,,,,,,,,,,,,595512.5732240799,0.0
20231017,595512.5732240799,595512.5732240799,20231016,EXECUTED,OK,C,0.02280297162688183,609092.0295347599,609092.0295347599,603186.SH,华正新材,20231019,True,True,True,12200.0,0.8196663780872502,40.009969999999996,41.16879,488121.63399999996,502259.238,502259.23799999995,-5.820766091346741e-11,146.43649019999998,150.67777139999998,9.90380872,251.129619,487.6339999999601,502.7619999999942,558.1476893199999,990.3959999999543,1.06,1.06,609092.0295347599,0.0
20231018,609092.0295347599,609092.0295347599,,SKIP_OCCUPIED,,,0.0,609092.0295347599,609092.0295347599,,,,,,,,,,,,,,,,,,,,,,,,,609092.0295347599,0.0
20231019,609092.0295347599,609092.0295347599,,SKIP_OCCUPIED,,,0.0,609092.0295347599,609092.0295347599,,,,,,,,,,,,,,,,,,,,,,,,,609092.0295347599,0.0
20231020,609092.0295347599,609092.0295347599,,NO_PLAN,,,0.0,609092.0295347599,609092.0295347599,,,,,,,,,,,,,,,,,,,,,,,,,609092.0295347599,0.0
20231023,609092.0295347599,609092.0295347599,,NO_PLAN,,,0.0,609092.0295347599,609092.0295347599,,,,,,,,,,,,,,,,,,,,,,,,,609092.0295347599,0.0
20231024,609092.0295347599,609092.0295347599,,NO_PLAN,,,0.0,609092.0295347599,609092.0295347599,,,,,,,,,,,,,,,,,,,,,,,,,609092.0295347599,0.0
20231025,609092.0295347599,609092.0295347599,,NO_PLAN,,,0.0,609092.0295347599,609092.0295347599,,,,,,,,,,,,,,,,,,,,,,,,,609092.0295347599,0.0
20231026,609092.0295347599,609092.0295347599,,NO_PLAN,,,0.0,609092.0295347599,609092.0295347599,,,,,,,,,,,,,,,,,,,,,,,,,609092.0295347599,0.0
20231027,609092.0295347599,609092.0295347599,,NO_PLAN,,,0.0,609092.0295347599,609092.0295347599,,,,,,,,,,,,,,,,,,,,,,,,,609092.0295347599,0.0
20231030,609092.0295347599,609092.0295347599,,NO_PLAN,,,0.0,609092.0295347599,609092.0295347599,,,,,,,,,,,,,,,,,,,,,,,,,609092.0295347599,0.0
20231031,609092.0295347599,609092.0295347599,,NO_PLAN,,,0.0,609092.0295347599,609092.0295347599,,,,,,,,,,,,,,,,,,,,,,,,,609092.0295347599,0.0
20231101,609092.0295347599,609092.0295347599,,NO_PLAN,,,0.0,609092.0295347599,609092.0295347599,,,,,,,,,,,,,,,,,,,,,,,,,609092.0295347599,0.0
20231102,609092.0295347599,609092.0295347599,,NO_PLAN,,,0.0,609092.0295347599,609092.0295347599,,,,,,,,,,,,,,,,,,,,,,,,,609092.0295347599,0.0
20231103,609092.0295347599,609092.0295347599,,NO_PLAN,,,0.0,609092.0295347599,609092.0295347599,,,,,,,,,,,,,,,,,,,,,,,,,609092.0295347599,0.0
20231106,609092.0295347599,609092.0295347599,,NO_PLAN,,,0.0,609092.0295347599,609092.0295347599,,,,,,,,,,,,,,,,,,,,,,,,,609092.0295347599,0.0
20231107,609092.0295347599,609092.0295347599,,NO_PLAN,,,0.0,609092.0295347599,609092.0295347599,,,,,,,,,,,,,,,,,,,,,,,,,609092.0295347599,0.0
20231108,609092.0295347599,609092.0295347599,,NO_PLAN,,,0.0,609092.0295347599,609092.0295347599,,,,,,,,,,,,,,,,,,,,,,,,,609092.0295347599,0.0
20231109,609092.0295347599,609092.0295347599,,NO_PLAN,,,0.0,609092.0295347599,609092.0295347599,,,,,,,,,,,,,,,,,,,,,,,,,609092.0295347599,0.0
20231110,609092.0295347599,609092.0295347599,,NO_PLAN,,,0.0,609092.0295347599,609092.0295347599,,,,,,,,,,,,,,,,,,,,,,,,,609092.0295347599,0.0
20231113,609092.0295347599,609092.0295347599,,NO_PLAN,,,0.0,609092.0295347599,609092.0295347599,,,,,,,,,,,,,,,,,,,,,,,,,609092.0295347599,0.0
20231114,609092.0295347599,609092.0295347599,,NO_PLAN,,,0.0,609092.0295347599,609092.0295347599,,,,,,,,,,,,,,,,,,,,,,,,,609092.0295347599,0.0
20231115,609092.0295347599,609092.0295347599,,NO_PLAN,,,0.0,609092.0295347599,609092.0295347599,,,,,,,,,,,,,,,,,,,,,,,,,609092.0295347599,0.0
20231116,609092.0295347599,609092.0295347599,,NO_PLAN,,,0.0,609092.0295347599,609092.0295347599,,,,,,,,,,,,,,,,,,,,,,,,,609092.0295347599,0.0
20231117,609092.0295347599,609092.0295347599,,NO_PLAN,,,0.0,609092.0295347599,609092.0295347599,,,,,,,,,,,,,,,,,,,,,,,,,609092.0295347599,0.0
20231120,609092.0295347599,609092.0295347599,20231117,EXECUTED,OK,C,0.21720800566363319,741391.6945356199,741391.6945356199,603838.SH,四通股份,20231121,True,True,True,65100.0,0.8238020621994769,7.707699999999999,9.75024,501771.26999999996,634740.624,634740.624,0.0,150.53138099999998,190.42218719999997,11.365118939999999,317.37031199999996,501.26999999993035,635.3759999999994,669.6889991399999,1136.6459999999297,2.085,2.085,741391.6945356199,0.0
20231121,741391.6945356199,741391.6945356199,,SKIP_OCCUPIED,,,0.0,741391.6945356199,741391.6945356199,,,,,,,,,,,,,,,,,,,,,,,,,741391.6945356199,0.0
20231122,741391.6945356199,741391.6945356199,,NO_PLAN,,,0.0,741391.6945356199,741391.6945356199,,,,,,,,,,,,,,,,,,,,,,,,,741391.6945356199,0.0
20231123,741391.6945356199,741391.6945356199,,NO_PLAN,,,0.0,741391.6945356199,741391.6945356199,,,,,,,,,,,,,,,,,,,,,,,,,741391.6945356199,0.0
20231124,741391.6945356199,741391.6945356199,,NO_PLAN,,,0.0,741391.6945356199,741391.6945356199,,,,,,,,,,,,,,,,,,,,,,,,,741391.6945356199,0.0
20231127,741391.6945356199,741391.6945356199,,NO_PLAN,,,0.0,741391.6945356199,741391.6945356199,,,,,,,,,,,,,,,,,,,,,,,,,741391.6945356199,0.0
20231128,741391.6945356199,741391.6945356199,,NO_PLAN,,,0.0,741391.6945356199,741391.6945356199,,,,,,,,,,,,,,,,,,,,,,,,,741391.6945356199,0.0
20231129,741391.6945356199,741391.6945356199,,NO_PLAN,,,0.0,741391.6945356199,741391.6945356199,,,,,,,,,,,,,,,,,,,,,,,,,741391.6945356199,0.0
20231130,741391.6945356199,741391.6945356199,,NO_PLAN,,,0.0,741391.6945356199,741391.6945356199,,,,,,,,,,,,,,,,,,,,,,,,,741391.6945356199,0.0
20231201,741391.6945356199,741391.6945356199,,NO_PLAN,,,0.0,741391.6945356199,741391.6945356199,,,,,,,,,,,,,,,,,,,,,,,,,741391.6945356199,0.0
20231204,741391.6945356199,741391.6945356199,,NO_PLAN,,,0.0,741391.6945356199,741391.6945356199,,,,,,,,,,,,,,,,,,,,,,,,,741391.6945356199,0.0
20231205,741391.6945356199,741391.6945356199,,NO_PLAN,,,0.0,741391.6945356199,741391.6945356199,,,,,,,,,,,,,,,,,,,,,,,,,741391.6945356199,0.0
20231206,741391.6945356199,741391.6945356199,,NO_PLAN,,,0.0,741391.6945356199,741391.6945356199,,,,,,,,,,,,,,,,,,,,,,,,,741391.6945356199,0.0
20231207,741391.6945356199,741391.6945356199,,NO_PLAN,,,0.0,741391.6945356199,741391.6945356199,,,,,,,,,,,,,,,,,,,,,,,,,741391.6945356199,0.0
20231208,741391.6945356199,741391.6945356199,,NO_PLAN,,,0.0,741391.6945356199,741391.6945356199,,,,,,,,,,,,,,,,,,,,,,,,,741391.6945356199,0.0
20231211,741391.6945356199,741391.6945356199,,NO_PLAN,,,0.0,741391.6945356199,741391.6945356199,,,,,,,,,,,,,,,,,,,,,,,,,741391.6945356199,0.0
20231212,741391.6945356199,741391.6945356199,,NO_PLAN,,,0.0,741391.6945356199,741391.6945356199,,,,,,,,,,,,,,,,,,,,,,,,,741391.6945356199,0.0
20231213,741391.6945356199,741391.6945356199,,NO_PLAN,,,0.0,741391.6945356199,741391.6945356199,,,,,,,,,,,,,,,,,,,,,,,,,741391.6945356199,0.0
20231214,741391.6945356199,741391.6945356199,,NO_PLAN,,,0.0,741391.6945356199,741391.6945356199,,,,,,,,,,,,,,,,,,,,,,,,,741391.6945356199,0.0
20231215,741391.6945356199,741391.6945356199,,NO_PLAN,,,0.0,741391.6945356199,741391.6945356199,,,,,,,,,,,,,,,,,,,,,,,,,741391.6945356199,0.0
20231218,741391.6945356199,741391.6945356199,,NO_PLAN,,,0.0,741391.6945356199,741391.6945356199,,,,,,,,,,,,,,,,,,,,,,,,,741391.6945356199,0.0
20231219,741391.6945356199,741391.6945356199,,NO_PLAN,,,0.0,741391.6945356199,741391.6945356199,,,,,,,,,,,,,,,,,,,,,,,,,741391.6945356199,0.0
20231220,741391.6945356199,741391.6945356199,,NO_PLAN,,,0.0,741391.6945356199,741391.6945356199,,,,,,,,,,,,,,,,,,,,,,,,,741391.6945356199,0.0
20231221,741391.6945356199,741391.6945356199,,NO_PLAN,,,0.0,741391.6945356199,741391.6945356199,,,,,,,,,,,,,,,,,,,,,,,,,741391.6945356199,0.0
20231222,741391.6945356199,741391.6945356199,,NO_PLAN,,,0.0,741391.6945356199,741391.6945356199,,,,,,,,,,,,,,,,,,,,,,,,,741391.6945356199,0.0
20231225,741391.6945356199,741391.6945356199,,NO_PLAN,,,0.0,741391.6945356199,741391.6945356199,,,,,,,,,,,,,,,,,,,,,,,,,741391.6945356199,0.0
20231226,741391.6945356199,741391.6945356199,,NO_PLAN,,,0.0,741391.6945356199,741391.6945356199,,,,,,,,,,,,,,,,,,,,,,,,,741391.6945356199,0.0
20231227,741391.6945356199,741391.6945356199,,NO_PLAN,,,0.0,741391.6945356199,741391.6945356199,,,,,,,,,,,,,,,,,,,,,,,,,741391.6945356199,0.0
20231228,741391.6945356199,741391.6945356199,,NO_PLAN,,,0.0,741391.6945356199,741391.6945356199,,,,,,,,,,,,,,,,,,,,,,,,,741391.6945356199,0.0
20231229,741391.6945356199,741391.6945356199,,NO_PLAN,,,0.0,741391.6945356199,741391.6945356199,,,,,,,,,,,,,,,,,,,,,,,,,741391.6945356199,0.0
20240102,741391.6945356199,741391.6945356199,,NO_PLAN,,,0.0,741391.6945356199,741391.6945356199,,,,,,,,,,,,,,,,,,,,,,,,,741391.6945356199,0.0
20240103,741391.6945356199,741391.6945356199,,NO_PLAN,,,0.0,741391.6945356199,741391.6945356199,,,,,,,,,,,,,,,,,,,,,,,,,741391.6945356199,0.0
20240104,741391.6945356199,741391.6945356199,,NO_PLAN,,,0.0,741391.6945356199,741391.6945356199,,,,,,,,,,,,,,,,,,,,,,,,,741391.6945356199,0.0
20240105,741391.6945356199,741391.6945356199,,NO_PLAN,,,0.0,741391.6945356199,741391.6945356199,,,,,,,,,,,,,,,,,,,,,,,,,741391.6945356199,0.0
20240108,741391.6945356199,741391.6945356199,,NO_PLAN,,,0.0,741391.6945356199,741391.6945356199,,,,,,,,,,,,,,,,,,,,,,,,,741391.6945356199,0.0
20240109,741391.6945356199,741391.6945356199,,NO_PLAN,,,0.0,741391.6945356199,741391.6945356199,,,,,,,,,,,,,,,,,,,,,,,,,741391.6945356199,0.0
20240110,741391.6945356199,741391.6945356199,,NO_PLAN,,,0.0,741391.6945356199,741391.6945356199,,,,,,,,,,,,,,,,,,,,,,,,,741391.6945356199,0.0
20240111,741391.6945356199,741391.6945356199,,NO_PLAN,,,0.0,741391.6945356199,741391.6945356199,,,,,,,,,,,,,,,,,,,,,,,,,741391.6945356199,0.0
20240112,741391.6945356199,741391.6945356199,,NO_PLAN,,,0.0,741391.6945356199,741391.6945356199,,,,,,,,,,,,,,,,,,,,,,,,,741391.6945356199,0.0
20240115,741391.6945356199,741391.6945356199,,NO_PLAN,,,0.0,741391.6945356199,741391.6945356199,,,,,,,,,,,,,,,,,,,,,,,,,741391.6945356199,0.0
20240116,741391.6945356199,741391.6945356199,,NO_PLAN,,,0.0,741391.6945356199,741391.6945356199,,,,,,,,,,,,,,,,,,,,,,,,,741391.6945356199,0.0
20240117,741391.6945356199,741391.6945356199,,NO_PLAN,,,0.0,741391.6945356199,741391.6945356199,,,,,,,,,,,,,,,,,,,,,,,,,741391.6945356199,0.0
20240118,741391.6945356199,741391.6945356199,,NO_PLAN,,,0.0,741391.6945356199,741391.6945356199,,,,,,,,,,,,,,,,,,,,,,,,,741391.6945356199,0.0
20240119,741391.6945356199,741391.6945356199,,NO_PLAN,,,0.0,741391.6945356199,741391.6945356199,,,,,,,,,,,,,,,,,,,,,,,,,741391.6945356199,0.0
20240122,741391.6945356199,741391.6945356199,,NO_PLAN,,,0.0,741391.6945356199,741391.6945356199,,,,,,,,,,,,,,,,,,,,,,,,,741391.6945356199,0.0
20240123,741391.6945356199,741391.6945356199,,NO_PLAN,,,0.0,741391.6945356199,741391.6945356199,,,,,,,,,,,,,,,,,,,,,,,,,741391.6945356199,0.0
20240124,741391.6945356199,741391.6945356199,,NO_PLAN,,,0.0,741391.6945356199,741391.6945356199,,,,,,,,,,,,,,,,,,,,,,,,,741391.6945356199,0.0
20240125,741391.6945356199,741391.6945356199,,NO_PLAN,,,0.0,741391.6945356199,741391.6945356199,,,,,,,,,,,,,,,,,,,,,,,,,741391.6945356199,0.0
20240126,741391.6945356199,741391.6945356199,,NO_PLAN,,,0.0,741391.6945356199,741391.6945356199,,,,,,,,,,,,,,,,,,,,,,,,,741391.6945356199,0.0
20240129,741391.6945356199,741391.6945356199,,NO_PLAN,,,0.0,741391.6945356199,741391.6945356199,,,,,,,,,,,,,,,,,,,,,,,,,741391.6945356199,0.0
20240130,741391.6945356199,741391.6945356199,,NO_PLAN,,,0.0,741391.6945356199,741391.6945356199,,,,,,,,,,,,,,,,,,,,,,,,,741391.6945356199,0.0
20240131,741391.6945356199,741391.6945356199,,NO_PLAN,,,0.0,741391.6945356199,741391.6945356199,,,,,,,,,,,,,,,,,,,,,,,,,741391.6945356199,0.0
20240201,741391.6945356199,741391.6945356199,,NO_PLAN,,,0.0,741391.6945356199,741391.6945356199,,,,,,,,,,,,,,,,,,,,,,,,,741391.6945356199,0.0
20240202,741391.6945356199,741391.6945356199,,NO_PLAN,,,0.0,741391.6945356199,741391.6945356199,,,,,,,,,,,,,,,,,,,,,,,,,741391.6945356199,0.0
20240205,741391.6945356199,741391.6945356199,,NO_PLAN,,,0.0,741391.6945356199,741391.6945356199,,,,,,,,,,,,,,,,,,,,,,,,,741391.6945356199,0.0
20240206,741391.6945356199,741391.6945356199,,NO_PLAN,,,0.0,741391.6945356199,741391.6945356199,,,,,,,,,,,,,,,,,,,,,,,,,741391.6945356199,0.0
20240207,741391.6945356199,741391.6945356199,,NO_PLAN,,,0.0,741391.6945356199,741391.6945356199,,,,,,,,,,,,,,,,,,,,,,,,,741391.6945356199,0.0
20240208,741391.6945356199,741391.6945356199,,NO_PLAN,,,0.0,741391.6945356199,741391.6945356199,,,,,,,,,,,,,,,,,,,,,,,,,741391.6945356199,0.0
20240219,741391.6945356199,741391.6945356199,,NO_PLAN,,,0.0,741391.6945356199,741391.6945356199,,,,,,,,,,,,,,,,,,,,,,,,,741391.6945356199,0.0
20240220,741391.6945356199,741391.6945356199,,NO_PLAN,,,0.0,741391.6945356199,741391.6945356199,,,,,,,,,,,,,,,,,,,,,,,,,741391.6945356199,0.0
20240221,741391.6945356199,741391.6945356199,,NO_PLAN,,,0.0,741391.6945356199,741391.6945356199,,,,,,,,,,,,,,,,,,,,,,,,,741391.6945356199,0.0
20240222,741391.6945356199,741391.6945356199,20240221,EXECUTED,OK,C,0.07544186007917664,797323.6630186399,797323.6630186399,000702.SZ,正虹科技,20240226,True,True,True,156600.0,0.8245988517350834,3.9038999999999993,4.26573,611350.7399999999,668013.318,668013.3179999997,-2.3283064365386963e-10,183.40522199999995,200.4039953999999,12.793640579999998,334.0066589999999,610.7399999998979,668.6819999999993,730.6095169799997,1279.4219999998973,2.553,2.553,797323.6630186399,0.0
20240223,797323.6630186399,797323.6630186399,,SKIP_OCCUPIED,,,0.0,797323.6630186399,797323.6630186399,,,,,,,,,,,,,,,,,,,,,,,,,797323.6630186399,0.0
20240226,797323.6630186399,797323.6630186399,,SKIP_OCCUPIED,,,0.0,797323.6630186399,797323.6630186399,,,,,,,,,,,,,,,,,,,,,,,,,797323.6630186399,0.0
20240227,797323.6630186399,797323.6630186399,,NO_PLAN,,,0.0,797323.6630186399,797323.6630186399,,,,,,,,,,,,,,,,,,,,,,,,,797323.6630186399,0.0
20240228,797323.6630186399,797323.6630186399,,NO_PLAN,,,0.0,797323.6630186399,797323.6630186399,,,,,,,,,,,,,,,,,,,,,,,,,797323.6630186399,0.0
20240229,797323.6630186399,797323.6630186399,,NO_PLAN,,,0.0,797323.6630186399,797323.6630186399,,,,,,,,,,,,,,,,,,,,,,,,,797323.6630186399,0.0
20240301,797323.6630186399,797323.6630186399,,NO_PLAN,,,0.0,797323.6630186399,797323.6630186399,,,,,,,,,,,,,,,,,,,,,,,,,797323.6630186399,0.0
20240304,797323.6630186399,797323.6630186399,,NO_PLAN,,,0.0,797323.6630186399,797323.6630186399,,,,,,,,,,,,,,,,,,,,,,,,,797323.6630186399,0.0
20240305,797323.6630186399,797323.6630186399,,NO_PLAN,,,0.0,797323.6630186399,797323.6630186399,,,,,,,,,,,,,,,,,,,,,,,,,797323.6630186399,0.0
20240306,797323.6630186399,797323.6630186399,,NO_PLAN,,,0.0,797323.6630186399,797323.6630186399,,,,,,,,,,,,,,,,,,,,,,,,,797323.6630186399,0.0
20240307,797323.6630186399,797323.6630186399,,NO_PLAN,,,0.0,797323.6630186399,797323.6630186399,,,,,,,,,,,,,,,,,,,,,,,,,797323.6630186399,0.0
20240308,797323.6630186399,797323.6630186399,,NO_PLAN,,,0.0,797323.6630186399,797323.6630186399,,,,,,,,,,,,,,,,,,,,,,,,,797323.6630186399,0.0
20240311,797323.6630186399,797323.6630186399,,NO_PLAN,,,0.0,797323.6630186399,797323.6630186399,,,,,,,,,,,,,,,,,,,,,,,,,797323.6630186399,0.0
20240312,797323.6630186399,797323.6630186399,,NO_PLAN,,,0.0,797323.6630186399,797323.6630186399,,,,,,,,,,,,,,,,,,,,,,,,,797323.6630186399,0.0
20240313,797323.6630186399,797323.6630186399,,NO_PLAN,,,0.0,797323.6630186399,797323.6630186399,,,,,,,,,,,,,,,,,,,,,,,,,797323.6630186399,0.0
20240314,797323.6630186399,797323.6630186399,,NO_PLAN,,,0.0,797323.6630186399,797323.6630186399,,,,,,,,,,,,,,,,,,,,,,,,,797323.6630186399,0.0
20240315,797323.6630186399,797323.6630186399,,NO_PLAN,,,0.0,797323.6630186399,797323.6630186399,,,,,,,,,,,,,,,,,,,,,,,,,797323.6630186399,0.0
20240318,797323.6630186399,797323.6630186399,,NO_PLAN,,,0.0,797323.6630186399,797323.6630186399,,,,,,,,,,,,,,,,,,,,,,,,,797323.6630186399,0.0
20240319,797323.6630186399,797323.6630186399,,NO_PLAN,,,0.0,797323.6630186399,797323.6630186399,,,,,,,,,,,,,,,,,,,,,,,,,797323.6630186399,0.0
20240320,797323.6630186399,797323.6630186399,,NO_PLAN,,,0.0,797323.6630186399,797323.6630186399,,,,,,,,,,,,,,,,,,,,,,,,,797323.6630186399,0.0
20240321,797323.6630186399,797323.6630186399,,NO_PLAN,,,0.0,797323.6630186399,797323.6630186399,,,,,,,,,,,,,,,,,,,,,,,,,797323.6630186399,0.0
20240322,797323.6630186399,797323.6630186399,,NO_PLAN,,,0.0,797323.6630186399,797323.6630186399,,,,,,,,,,,,,,,,,,,,,,,,,797323.6630186399,0.0
20240325,797323.6630186399,797323.6630186399,,NO_PLAN,,,0.0,797323.6630186399,797323.6630186399,,,,,,,,,,,,,,,,,,,,,,,,,797323.6630186399,0.0
20240326,797323.6630186399,797323.6630186399,,NO_PLAN,,,0.0,797323.6630186399,797323.6630186399,,,,,,,,,,,,,,,,,,,,,,,,,797323.6630186399,0.0
20240327,797323.6630186399,797323.6630186399,,NO_PLAN,,,0.0,797323.6630186399,797323.6630186399,,,,,,,,,,,,,,,,,,,,,,,,,797323.6630186399,0.0
20240328,797323.6630186399,797323.6630186399,,NO_PLAN,,,0.0,797323.6630186399,797323.6630186399,,,,,,,,,,,,,,,,,,,,,,,,,797323.6630186399,0.0
20240329,797323.6630186399,797323.6630186399,,NO_PLAN,,,0.0,797323.6630186399,797323.6630186399,,,,,,,,,,,,,,,,,,,,,,,,,797323.6630186399,0.0
20240401,797323.6630186399,797323.6630186399,,NO_PLAN,,,0.0,797323.6630186399,797323.6630186399,,,,,,,,,,,,,,,,,,,,,,,,,797323.6630186399,0.0
20240402,797323.6630186399,797323.6630186399,,NO_PLAN,,,0.0,797323.6630186399,797323.6630186399,,,,,,,,,,,,,,,,,,,,,,,,,797323.6630186399,0.0
20240403,797323.6630186399,797323.6630186399,,NO_PLAN,,,0.0,797323.6630186399,797323.6630186399,,,,,,,,,,,,,,,,,,,,,,,,,797323.6630186399,0.0
20240408,797323.6630186399,797323.6630186399,,NO_PLAN,,,0.0,797323.6630186399,797323.6630186399,,,,,,,,,,,,,,,,,,,,,,,,,797323.6630186399,0.0
20240409,797323.6630186399,797323.6630186399,20240408,EXECUTED,OK,C,-0.09751520382078793,719572.48350824,719572.48350824,002207.SZ,准油股份,20240411,True,True,True,96000.0,0.8243786939816855,6.846839999999999,6.04395,657296.6399999999,580219.2,580219.2,0.0,197.18899199999996,174.06575999999998,12.3751584,290.1096,656.6399999999533,580.8000000000106,673.7395104,1237.439999999964,2.053,2.053,797323.6630186399,-0.09751520382078793
20240410,719572.48350824,719572.48350824,,SKIP_OCCUPIED,,,0.0,719572.48350824,719572.48350824,,,,,,,,,,,,,,,,,,,,,,,,,797323.6630186399,-0.09751520382078793
20240411,719572.48350824,719572.48350824,,SKIP_OCCUPIED,,,0.0,719572.48350824,719572.48350824,,,,,,,,,,,,,,,,,,,,,,,,,797323.6630186399,-0.09751520382078793
20240412,719572.48350824,719572.48350824,20240411,EXECUTED,OK,C,0.006071330685493148,723941.2460078001,723941.2460078001,002597.SZ,金禾实业,20240415,True,True,True,28300.0,0.8231898336524104,20.930909999999997,21.10887,592344.7529999999,597381.021,597381.0210000001,1.1641532182693481e-10,177.70342589999996,179.2143063,11.89725774,298.6905105,591.7529999999178,597.9789999999838,667.5055004399999,1189.7319999999017,5.235,5.235,797323.6630186399,-0.09203592018455398
20240415,723941.2460078001,723941.2460078001,,SKIP_OCCUPIED,,,0.0,723941.2460078001,723941.2460078001,,,,,,,,,,,,,,,,,,,,,,,,,797323.6630186399,-0.09203592018455398
20240416,723941.2460078001,723941.2460078001,,NO_PLAN,,,0.0,723941.2460078001,723941.2460078001,,,,,,,,,,,,,,,,,,,,,,,,,797323.6630186399,-0.09203592018455398
20240417,723941.2460078001,723941.2460078001,,NO_PLAN,,,0.0,723941.2460078001,723941.2460078001,,,,,,,,,,,,,,,,,,,,,,,,,797323.6630186399,-0.09203592018455398
20240418,723941.2460078001,723941.2460078001,,NO_PLAN,,,0.0,723941.2460078001,723941.2460078001,,,,,,,,,,,,,,,,,,,,,,,,,797323.6630186399,-0.09203592018455398
20240419,723941.2460078001,723941.2460078001,,NO_PLAN,,,0.0,723941.2460078001,723941.2460078001,,,,,,,,,,,,,,,,,,,,,,,,,797323.6630186399,-0.09203592018455398
20240422,723941.2460078001,723941.2460078001,,NO_PLAN,,,0.0,723941.2460078001,723941.2460078001,,,,,,,,,,,,,,,,,,,,,,,,,797323.6630186399,-0.09203592018455398
20240423,723941.2460078001,723941.2460078001,,NO_PLAN,,,0.0,723941.2460078001,723941.2460078001,,,,,,,,,,,,,,,,,,,,,,,,,797323.6630186399,-0.09203592018455398
20240424,723941.2460078001,723941.2460078001,,NO_PLAN,,,0.0,723941.2460078001,723941.2460078001,,,,,,,,,,,,,,,,,,,,,,,,,797323.6630186399,-0.09203592018455398
20240425,723941.2460078001,723941.2460078001,,NO_PLAN,,,0.0,723941.2460078001,723941.2460078001,,,,,,,,,,,,,,,,,,,,,,,,,797323.6630186399,-0.09203592018455398
20240426,723941.2460078001,723941.2460078001,,NO_PLAN,,,0.0,723941.2460078001,723941.2460078001,,,,,,,,,,,,,,,,,,,,,,,,,797323.6630186399,-0.09203592018455398
20240429,723941.2460078001,723941.2460078001,,NO_PLAN,,,0.0,723941.2460078001,723941.2460078001,,,,,,,,,,,,,,,,,,,,,,,,,797323.6630186399,-0.09203592018455398
20240430,723941.2460078001,723941.2460078001,,NO_PLAN,,,0.0,723941.2460078001,723941.2460078001,,,,,,,,,,,,,,,,,,,,,,,,,797323.6630186399,-0.09203592018455398
20240506,723941.2460078001,723941.2460078001,,NO_PLAN,,,0.0,723941.2460078001,723941.2460078001,,,,,,,,,,,,,,,,,,,,,,,,,797323.6630186399,-0.09203592018455398
20240507,723941.2460078001,723941.2460078001,,NO_PLAN,,,0.0,723941.2460078001,723941.2460078001,,,,,,,,,,,,,,,,,,,,,,,,,797323.6630186399,-0.09203592018455398
20240508,723941.2460078001,723941.2460078001,,NO_PLAN,,,0.0,723941.2460078001,723941.2460078001,,,,,,,,,,,,,,,,,,,,,,,,,797323.6630186399,-0.09203592018455398
20240509,723941.2460078001,723941.2460078001,,NO_PLAN,,,0.0,723941.2460078001,723941.2460078001,,,,,,,,,,,,,,,,,,,,,,,,,797323.6630186399,-0.09203592018455398
20240510,723941.2460078001,723941.2460078001,,NO_PLAN,,,0.0,723941.2460078001,723941.2460078001,,,,,,,,,,,,,,,,,,,,,,,,,797323.6630186399,-0.09203592018455398
20240513,723941.2460078001,723941.2460078001,,NO_PLAN,,,0.0,723941.2460078001,723941.2460078001,,,,,,,,,,,,,,,,,,,,,,,,,797323.6630186399,-0.09203592018455398
20240514,723941.2460078001,723941.2460078001,,NO_PLAN,,,0.0,723941.2460078001,723941.2460078001,,,,,,,,,,,,,,,,,,,,,,,,,797323.6630186399,-0.09203592018455398
20240515,723941.2460078001,723941.2460078001,,NO_PLAN,,,0.0,723941.2460078001,723941.2460078001,,,,,,,,,,,,,,,,,,,,,,,,,797323.6630186399,-0.09203592018455398
20240516,723941.2460078001,723941.2460078001,,NO_PLAN,,,0.0,723941.2460078001,723941.2460078001,,,,,,,,,,,,,,,,,,,,,,,,,797323.6630186399,-0.09203592018455398
20240517,723941.2460078001,723941.2460078001,,NO_PLAN,,,0.0,723941.2460078001,723941.2460078001,,,,,,,,,,,,,,,,,,,,,,,,,797323.6630186399,-0.09203592018455398
20240520,723941.2460078001,723941.2460078001,,NO_PLAN,,,0.0,723941.2460078001,723941.2460078001,,,,,,,,,,,,,,,,,,,,,,,,,797323.6630186399,-0.09203592018455398
20240521,723941.2460078001,723941.2460078001,,NO_PLAN,,,0.0,723941.2460078001,723941.2460078001,,,,,,,,,,,,,,,,,,,,,,,,,797323.6630186399,-0.09203592018455398
20240522,723941.2460078001,723941.2460078001,,NO_PLAN,,,0.0,723941.2460078001,723941.2460078001,,,,,,,,,,,,,,,,,,,,,,,,,797323.6630186399,-0.09203592018455398
20240523,723941.2460078001,723941.2460078001,,NO_PLAN,,,0.0,723941.2460078001,723941.2460078001,,,,,,,,,,,,,,,,,,,,,,,,,797323.6630186399,-0.09203592018455398
20240524,723941.2460078001,723941.2460078001,,NO_PLAN,,,0.0,723941.2460078001,723941.2460078001,,,,,,,,,,,,,,,,,,,,,,,,,797323.6630186399,-0.09203592018455398
20240527,723941.2460078001,723941.2460078001,20240524,EXECUTED,OK,C,-0.07052780682578996,672883.2576561403,672883.2576561403,000958.SZ,电投产融,20240528,True,True,True,129700.0,0.8249517806774683,4.604599999999999,4.21578,597216.6199999999,546786.666,546786.666,0.0,179.16498599999994,164.03599979999998,11.440032859999999,273.393333,596.6199999998767,547.3340000000146,628.0343516599999,1143.9539999998913,4.722,4.722,797323.6630186399,-0.15607263541053396
20240528,672883.2576561403,672883.2576561403,,SKIP_OCCUPIED,,,0.0,672883.2576561403,672883.2576561403,,,,,,,,,,,,,,,,,,,,,,,,,797323.6630186399,-0.15607263541053396
20240529,672883.2576561403,672883.2576561403,,NO_PLAN,,,0.0,672883.2576561403,672883.2576561403,,,,,,,,,,,,,,,,,,,,,,,,,797323.6630186399,-0.15607263541053396
20240530,672883.2576561403,672883.2576561403,,NO_PLAN,,,0.0,672883.2576561403,672883.2576561403,,,,,,,,,,,,,,,,,,,,,,,,,797323.6630186399,-0.15607263541053396
20240531,672883.2576561403,672883.2576561403,,NO_PLAN,,,0.0,672883.2576561403,672883.2576561403,,,,,,,,,,,,,,,,,,,,,,,,,797323.6630186399,-0.15607263541053396
20240603,672883.2576561403,672883.2576561403,,NO_PLAN,,,0.0,672883.2576561403,672883.2576561403,,,,,,,,,,,,,,,,,,,,,,,,,797323.6630186399,-0.15607263541053396
20240604,672883.2576561403,672883.2576561403,,NO_PLAN,,,0.0,672883.2576561403,672883.2576561403,,,,,,,,,,,,,,,,,,,,,,,,,797323.6630186399,-0.15607263541053396
20240605,672883.2576561403,672883.2576561403,,NO_PLAN,,,0.0,672883.2576561403,672883.2576561403,,,,,,,,,,,,,,,,,,,,,,,,,797323.6630186399,-0.15607263541053396
20240606,672883.2576561403,672883.2576561403,,NO_PLAN,,,0.0,672883.2576561403,672883.2576561403,,,,,,,,,,,,,,,,,,,,,,,,,797323.6630186399,-0.15607263541053396
20240607,672883.2576561403,672883.2576561403,,NO_PLAN,,,0.0,672883.2576561403,672883.2576561403,,,,,,,,,,,,,,,,,,,,,,,,,797323.6630186399,-0.15607263541053396
20240611,672883.2576561403,672883.2576561403,20240607,EXECUTED,OK,C,-0.005914302189063525,668903.6227324003,668903.6227324003,603843.SH,正平股份,20240613,True,True,True,225400.0,0.8248659447009724,2.4624599999999996,2.44755,555038.4839999999,551677.77,551677.77,0.0,166.51154519999997,165.503331,11.06716254,275.838885,554.4839999999289,552.2300000000142,618.92092374,1106.713999999943,1.437,1.437,797323.6630186399,-0.16106387687033608
20240612,668903.6227324003,668903.6227324003,,SKIP_OCCUPIED,,,0.0,668903.6227324003,668903.6227324003,,,,,,,,,,,,,,,,,,,,,,,,,797323.6630186399,-0.16106387687033608
20240613,668903.6227324003,668903.6227324003,,SKIP_OCCUPIED,,,0.0,668903.6227324003,668903.6227324003,,,,,,,,,,,,,,,,,,,,,,,,,797323.6630186399,-0.16106387687033608
20240614,668903.6227324003,668903.6227324003,,NO_PLAN,,,0.0,668903.6227324003,668903.6227324003,,,,,,,,,,,,,,,,,,,,,,,,,797323.6630186399,-0.16106387687033608
20240617,668903.6227324003,668903.6227324003,,NO_PLAN,,,0.0,668903.6227324003,668903.6227324003,,,,,,,,,,,,,,,,,,,,,,,,,797323.6630186399,-0.16106387687033608
20240618,668903.6227324003,668903.6227324003,,NO_PLAN,,,0.0,668903.6227324003,668903.6227324003,,,,,,,,,,,,,,,,,,,,,,,,,797323.6630186399,-0.16106387687033608
20240619,668903.6227324003,668903.6227324003,,NO_PLAN,,,0.0,668903.6227324003,668903.6227324003,,,,,,,,,,,,,,,,,,,,,,,,,797323.6630186399,-0.16106387687033608
20240620,668903.6227324003,668903.6227324003,,NO_PLAN,,,0.0,668903.6227324003,668903.6227324003,,,,,,,,,,,,,,,,,,,,,,,,,797323.6630186399,-0.16106387687033608
20240621,668903.6227324003,668903.6227324003,,NO_PLAN,,,0.0,668903.6227324003,668903.6227324003,,,,,,,,,,,,,,,,,,,,,,,,,797323.6630186399,-0.16106387687033608
20240624,668903.6227324003,668903.6227324003,,NO_PLAN,,,0.0,668903.6227324003,668903.6227324003,,,,,,,,,,,,,,,,,,,,,,,,,797323.6630186399,-0.16106387687033608
20240625,668903.6227324003,668903.6227324003,,NO_PLAN,,,0.0,668903.6227324003,668903.6227324003,,,,,,,,,,,,,,,,,,,,,,,,,797323.6630186399,-0.16106387687033608
20240626,668903.6227324003,668903.6227324003,,NO_PLAN,,,0.0,668903.6227324003,668903.6227324003,,,,,,,,,,,,,,,,,,,,,,,,,797323.6630186399,-0.16106387687033608
20240627,668903.6227324003,668903.6227324003,,NO_PLAN,,,0.0,668903.6227324003,668903.6227324003,,,,,,,,,,,,,,,,,,,,,,,,,797323.6630186399,-0.16106387687033608
20240628,668903.6227324003,668903.6227324003,,NO_PLAN,,,0.0,668903.6227324003,668903.6227324003,,,,,,,,,,,,,,,,,,,,,,,,,797323.6630186399,-0.16106387687033608
20240701,668903.6227324003,668903.6227324003,20240628,EXECUTED,OK,C,0.22824583529579545,821578.0888353407,821578.0888353407,600076.SH,康欣新材,20240702,True,True,True,396600.0,0.8249697792723145,1.3913899999999997,1.7782200000000001,551825.2739999999,705242.052,705242.0520000001,1.1641532182693481e-10,165.54758219999994,211.57261560000003,12.570673260000001,352.6210260000001,551.2739999999129,705.9479999999575,742.3118970600001,1257.2219999998704,3.265,3.265,821578.0888353407,0.0
20240702,821578.0888353407,821578.0888353407,,SKIP_OCCUPIED,,,0.0,821578.0888353407,821578.0888353407,,,,,,,,,,,,,,,,,,,,,,,,,821578.0888353407,0.0
20240703,821578.0888353407,821578.0888353407,,NO_PLAN,,,0.0,821578.0888353407,821578.0888353407,,,,,,,,,,,,,,,,,,,,,,,,,821578.0888353407,0.0
20240704,821578.0888353407,821578.0888353407,20240703,EXECUTED,OK,C,0.005304376739364791,825936.0485393307,825936.0485393307,603079.SH,圣达生物,20240705,True,True,True,58900.0,0.823839122778325,11.49148,11.57841,676848.1719999999,681968.349,681968.3489999998,-2.3283064365386963e-10,203.05445159999996,204.59050469999994,13.588165209999998,340.98417449999994,676.1719999999308,682.6509999999994,762.2172960099998,1358.8229999999303,2.07,2.07,825936.0485393307,0.0
20240705,825936.0485393307,825936.0485393307,,SKIP_OCCUPIED,,,0.0,825936.0485393307,825936.0485393307,,,,,,,,,,,,,,,,,,,,,,,,,825936.0485393307,0.0
20240708,825936.0485393307,825936.0485393307,,NO_PLAN,,,0.0,825936.0485393307,825936.0485393307,,,,,,,,,,,,,,,,,,,,,,,,,825936.0485393307,0.0
20240709,825936.0485393307,825936.0485393307,,NO_PLAN,,,0.0,825936.0485393307,825936.0485393307,,,,,,,,,,,,,,,,,,,,,,,,,825936.0485393307,0.0
20240710,825936.0485393307,825936.0485393307,,NO_PLAN,,,0.0,825936.0485393307,825936.0485393307,,,,,,,,,,,,,,,,,,,,,,,,,825936.0485393307,0.0
20240711,825936.0485393307,825936.0485393307,,NO_PLAN,,,0.0,825936.0485393307,825936.0485393307,,,,,,,,,,,,,,,,,,,,,,,,,825936.0485393307,0.0
20240712,825936.0485393307,825936.0485393307,,NO_PLAN,,,0.0,825936.0485393307,825936.0485393307,,,,,,,,,,,,,,,,,,,,,,,,,825936.0485393307,0.0
20240715,825936.0485393307,825936.0485393307,20240712,EXECUTED,OK,C,-0.07928317427790732,760453.2168605808,760453.2168605808,603188.SH,亚邦股份,20240716,True,True,True,253900.0,0.8246794085384502,2.68268,2.4275700000000002,681132.4519999999,616360.023,616360.023,0.0,204.33973559999995,184.9080069,12.97492475,308.18001150000003,680.4519999999476,616.9769999999828,710.40267875,1297.4289999999305,2.16,2.16,825936.0485393307,-0.07928317427790732
20240716,760453.2168605808,760453.2168605808,,SKIP_OCCUPIED,,,0.0,760453.2168605808,760453.2168605808,,,,,,,,,,,,,,,,,,,,,,,,,825936.0485393307,-0.07928317427790732
20240717,760453.2168605808,760453.2168605808,,NO_PLAN,,,0.0,760453.2168605808,760453.2168605808,,,,,,,,,,,,,,,,,,,,,,,,,825936.0485393307,-0.07928317427790732
20240718,760453.2168605808,760453.2168605808,,NO_PLAN,,,0.0,760453.2168605808,760453.2168605808,,,,,,,,,,,,,,,,,,,,,,,,,825936.0485393307,-0.07928317427790732
20240719,760453.2168605808,760453.2168605808,20240718,EXECUTED,OK,C,-0.029977227273639828,737656.9379477807,737656.9379477807,600620.SH,天宸股份,20240722,True,True,True,130500.0,0.8245430305214384,4.804799999999999,4.6353599999999995,627026.3999999999,604914.48,604914.4799999999,-1.1641532182693481e-10,188.10791999999995,181.47434399999995,12.319408799999998,302.45723999999996,626.399999999931,605.520000000026,684.3589127999999,1231.9199999999569,429.174,429.174,825936.0485393307,-0.10688371181724265
20240722,737656.9379477807,737656.9379477807,,SKIP_OCCUPIED,,,0.0,737656.9379477807,737656.9379477807,,,,,,,,,,,,,,,,,,,,,,,,,825936.0485393307,-0.10688371181724265
20240723,737656.9379477807,737656.9379477807,,NO_PLAN,,,0.0,737656.9379477807,737656.9379477807,,,,,,,,,,,,,,,,,,,,,,,,,825936.0485393307,-0.10688371181724265
20240724,737656.9379477807,737656.9379477807,,NO_PLAN,,,0.0,737656.9379477807,737656.9379477807,,,,,,,,,,,,,,,,,,,,,,,,,825936.0485393307,-0.10688371181724265
20240725,737656.9379477807,737656.9379477807,,NO_PLAN,,,0.0,737656.9379477807,737656.9379477807,,,,,,,,,,,,,,,,,,,,,,,,,825936.0485393307,-0.10688371181724265
20240726,737656.9379477807,737656.9379477807,,NO_PLAN,,,0.0,737656.9379477807,737656.9379477807,,,,,,,,,,,,,,,,,,,,,,,,,825936.0485393307,-0.10688371181724265
20240729,737656.9379477807,737656.9379477807,,NO_PLAN,,,0.0,737656.9379477807,737656.9379477807,,,,,,,,,,,,,,,,,,,,,,,,,825936.0485393307,-0.10688371181724265
20240730,737656.9379477807,737656.9379477807,,NO_PLAN,,,0.0,737656.9379477807,737656.9379477807,,,,,,,,,,,,,,,,,,,,,,,,,825936.0485393307,-0.10688371181724265
20240731,737656.9379477807,737656.9379477807,,NO_PLAN,,,0.0,737656.9379477807,737656.9379477807,,,,,,,,,,,,,,,,,,,,,,,,,825936.0485393307,-0.10688371181724265
20240801,737656.9379477807,737656.9379477807,,NO_PLAN,,,0.0,737656.9379477807,737656.9379477807,,,,,,,,,,,,,,,,,,,,,,,,,825936.0485393307,-0.10688371181724265
20240802,737656.9379477807,737656.9379477807,,NO_PLAN,,,0.0,737656.9379477807,737656.9379477807,,,,,,,,,,,,,,,,,,,,,,,,,825936.0485393307,-0.10688371181724265
20240805,737656.9379477807,737656.9379477807,,NO_PLAN,,,0.0,737656.9379477807,737656.9379477807,,,,,,,,,,,,,,,,,,,,,,,,,825936.0485393307,-0.10688371181724265
20240806,737656.9379477807,737656.9379477807,,NO_PLAN,,,0.0,737656.9379477807,737656.9379477807,,,,,,,,,,,,,,,,,,,,,,,,,825936.0485393307,-0.10688371181724265
20240807,737656.9379477807,737656.9379477807,20240806,EXECUTED,OK,C,-0.0025665379834519664,735763.7133977809,735763.7133977809,002919.SZ,名臣健康,20240809,True,True,True,47600.0,0.8235629175943652,12.762749999999999,12.73725,607506.8999999999,606293.1,606293.1,0.0,182.25206999999995,181.88792999999998,12.137999999999998,303.14655,606.8999999999385,606.900000000023,679.42455,1213.7999999999615,3.409,3.409,825936.0485393307,-0.10917592869450332
20240808,735763.7133977809,735763.7133977809,,SKIP_OCCUPIED,,,0.0,735763.7133977809,735763.7133977809,,,,,,,,,,,,,,,,,,,,,,,,,825936.0485393307,-0.10917592869450332
20240809,735763.7133977809,735763.7133977809,,SKIP_OCCUPIED,,,0.0,735763.7133977809,735763.7133977809,,,,,,,,,,,,,,,,,,,,,,,,,825936.0485393307,-0.10917592869450332
20240812,735763.7133977809,735763.7133977809,20240809,EXECUTED,OK,C,0.11682299101577209,821717.8310777809,821717.8310777809,003026.SZ,中晶科技,20240813,True,True,True,20000.0,0.8228250306123698,30.270239999999994,34.60536,605404.7999999999,692107.2,692107.2000000001,1.1641532182693481e-10,181.62143999999995,207.63216,12.97512,346.0536,604.7999999999121,692.8000000000623,748.28232,1297.5999999999744,1.3381,1.3381,825936.0485393307,-0.0051071962157478445
20240813,821717.8310777809,821717.8310777809,,SKIP_OCCUPIED,,,0.0,821717.8310777809,821717.8310777809,,,,,,,,,,,,,,,,,,,,,,,,,825936.0485393307,-0.0051071962157478445
20240814,821717.8310777809,821717.8310777809,,NO_PLAN,,,0.0,821717.8310777809,821717.8310777809,,,,,,,,,,,,,,,,,,,,,,,,,825936.0485393307,-0.0051071962157478445
20240815,821717.8310777809,821717.8310777809,,NO_PLAN,,,0.0,821717.8310777809,821717.8310777809,,,,,,,,,,,,,,,,,,,,,,,,,825936.0485393307,-0.0051071962157478445
20240816,821717.8310777809,821717.8310777809,20240815,EXECUTED,OK,C,0.04952211272068441,862411.034133011,862411.034133011,002425.SZ,凯撒文化,20240819,True,True,True,225700.0,0.8248294905697915,3.0029999999999997,3.18681,677777.1,719263.017,719263.017,0.0,203.33312999999998,215.77890509999997,13.97040117,359.6315085,677.0999999999254,719.9830000000059,792.7139447699999,1397.0829999999314,4.425,4.425,862411.034133011,0.0
20240819,862411.034133011,862411.034133011,,SKIP_OCCUPIED,,,0.0,862411.034133011,862411.034133011,,,,,,,,,,,,,,,,,,,,,,,,,862411.034133011,0.0
20240820,862411.034133011,862411.034133011,,NO_PLAN,,,0.0,862411.034133011,862411.034133011,,,,,,,,,,,,,,,,,,,,,,,,,862411.034133011,0.0
20240821,862411.034133011,862411.034133011,,NO_PLAN,,,0.0,862411.034133011,862411.034133011,,,,,,,,,,,,,,,,,,,,,,,,,862411.034133011,0.0
20240822,862411.034133011,862411.034133011,,NO_PLAN,,,0.0,862411.034133011,862411.034133011,,,,,,,,,,,,,,,,,,,,,,,,,862411.034133011,0.0
20240823,862411.034133011,862411.034133011,,NO_PLAN,,,0.0,862411.034133011,862411.034133011,,,,,,,,,,,,,,,,,,,,,,,,,862411.034133011,0.0
20240826,862411.034133011,862411.034133011,,NO_PLAN,,,0.0,862411.034133011,862411.034133011,,,,,,,,,,,,,,,,,,,,,,,,,862411.034133011,0.0
20240827,862411.034133011,862411.034133011,,NO_PLAN,,,0.0,862411.034133011,862411.034133011,,,,,,,,,,,,,,,,,,,,,,,,,862411.034133011,0.0
20240828,862411.034133011,862411.034133011,,NO_PLAN,,,0.0,862411.034133011,862411.034133011,,,,,,,,,,,,,,,,,,,,,,,,,862411.034133011,0.0
20240829,862411.034133011,862411.034133011,20240828,EXECUTED,OK,C,0.00023669685181504363,862615.1641097608,862615.1641097608,600693.SH,东百集团,20240830,True,True,True,242500.0,0.8247059660072774,2.93293,2.93706,711235.5249999999,712237.0499999999,712237.0499999998,-1.1641532182693481e-10,213.37065749999996,213.67111499999993,14.234725749999999,356.1185249999999,710.5249999999164,712.95000000004,797.3950232499998,1423.4749999999563,10.7756,10.7756,862615.1641097608,0.0
20240830,862615.1641097608,862615.1641097608,,SKIP_OCCUPIED,,,0.0,862615.1641097608,862615.1641097608,,,,,,,,,,,,,,,,,,,,,,,,,862615.1641097608,0.0
20240902,862615.1641097608,862615.1641097608,,NO_PLAN,,,0.0,862615.1641097608,862615.1641097608,,,,,,,,,,,,,,,,,,,,,,,,,862615.1641097608,0.0
20240903,862615.1641097608,862615.1641097608,20240902,EXECUTED,OK,C,0.049598776984398185,905399.8212578009,905399.8212578009,000627.SZ,天茂集团,20240904,True,True,True,346800.0,0.824992383172907,2.0520499999999995,2.17782,711650.9399999998,755267.976,755267.976,0.0,213.49528199999992,226.5803928,14.66918916,377.63398800000004,710.9399999998832,756.0240000000246,832.3788519599999,1466.9639999999076,28.918,28.918,905399.8212578009,0.0
20240904,905399.8212578009,905399.8212578009,,SKIP_OCCUPIED,,,0.0,905399.8212578009,905399.8212578009,,,,,,,,,,,,,,,,,,,,,,,,,905399.8212578009,0.0
20240905,905399.8212578009,905399.8212578009,,NO_PLAN,,,0.0,905399.8212578009,905399.8212578009,,,,,,,,,,,,,,,,,,,,,,,,,905399.8212578009,0.0
20240906,905399.8212578009,905399.8212578009,,NO_PLAN,,,0.0,905399.8212578009,905399.8212578009,,,,,,,,,,,,,,,,,,,,,,,,,905399.8212578009,0.0
20240909,905399.8212578009,905399.8212578009,,NO_PLAN,,,0.0,905399.8212578009,905399.8212578009,,,,,,,,,,,,,,,,,,,,,,,,,905399.8212578009,0.0
20240910,905399.8212578009,905399.8212578009,,NO_PLAN,,,0.0,905399.8212578009,905399.8212578009,,,,,,,,,,,,,,,,,,,,,,,,,905399.8212578009,0.0
20240911,905399.8212578009,905399.8212578009,,NO_PLAN,,,0.0,905399.8212578009,905399.8212578009,,,,,,,,,,,,,,,,,,,,,,,,,905399.8212578009,0.0
20240912,905399.8212578009,905399.8212578009,,NO_PLAN,,,0.0,905399.8212578009,905399.8212578009,,,,,,,,,,,,,,,,,,,,,,,,,905399.8212578009,0.0
20240913,905399.8212578009,905399.8212578009,,NO_PLAN,,,0.0,905399.8212578009,905399.8212578009,,,,,,,,,,,,,,,,,,,,,,,,,905399.8212578009,0.0
20240918,905399.8212578009,905399.8212578009,,NO_PLAN,,,0.0,905399.8212578009,905399.8212578009,,,,,,,,,,,,,,,,,,,,,,,,,905399.8212578009,0.0
20240919,905399.8212578009,905399.8212578009,,NO_PLAN,,,0.0,905399.8212578009,905399.8212578009,,,,,,,,,,,,,,,,,,,,,,,,,905399.8212578009,0.0
20240920,905399.8212578009,905399.8212578009,,NO_PLAN,,,0.0,905399.8212578009,905399.8212578009,,,,,,,,,,,,,,,,,,,,,,,,,905399.8212578009,0.0
20240923,905399.8212578009,905399.8212578009,,NO_PLAN,,,0.0,905399.8212578009,905399.8212578009,,,,,,,,,,,,,,,,,,,,,,,,,905399.8212578009,0.0
20240924,905399.8212578009,905399.8212578009,,NO_PLAN,,,0.0,905399.8212578009,905399.8212578009,,,,,,,,,,,,,,,,,,,,,,,,,905399.8212578009,0.0
20240925,905399.8212578009,905399.8212578009,,NO_PLAN,,,0.0,905399.8212578009,905399.8212578009,,,,,,,,,,,,,,,,,,,,,,,,,905399.8212578009,0.0
20240926,905399.8212578009,905399.8212578009,,NO_PLAN,,,0.0,905399.8212578009,905399.8212578009,,,,,,,,,,,,,,,,,,,,,,,,,905399.8212578009,0.0
20240927,905399.8212578009,905399.8212578009,20240926,EXECUTED,OK,C,0.13578729697888225,1028341.6156715609,1028341.6156715609,600649.SH,城投控股,20241008,True,True,True,174300.0,0.8247737479808631,4.28428,4.995,746750.004,870628.5,870628.4999999999,-1.1641532182693481e-10,224.02500119999996,261.18854999999996,16.17378504,435.31424999999996,746.0039999999333,871.4999999999815,936.7015862399999,1617.5039999999149,15.9521,15.9521,1028341.6156715609,0.0
20240930,1028341.6156715609,1028341.6156715609,,SKIP_OCCUPIED,,,0.0,1028341.6156715609,1028341.6156715609,,,,,,,,,,,,,,,,,,,,,,,,,1028341.6156715609,0.0
20241008,1028341.6156715609,1028341.6156715609,,SKIP_OCCUPIED,,,0.0,1028341.6156715609,1028341.6156715609,,,,,,,,,,,,,,,,,,,,,,,,,1028341.6156715609,0.0
20241009,1028341.6156715609,1028341.6156715609,,NO_PLAN,,,0.0,1028341.6156715609,1028341.6156715609,,,,,,,,,,,,,,,,,,,,,,,,,1028341.6156715609,0.0
20241010,1028341.6156715609,1028341.6156715609,,NO_PLAN,,,0.0,1028341.6156715609,1028341.6156715609,,,,,,,,,,,,,,,,,,,,,,,,,1028341.6156715609,0.0
20241011,1028341.6156715609,1028341.6156715609,,NO_PLAN,,,0.0,1028341.6156715609,1028341.6156715609,,,,,,,,,,,,,,,,,,,,,,,,,1028341.6156715609,0.0
20241014,1028341.6156715609,1028341.6156715609,,NO_PLAN,,,0.0,1028341.6156715609,1028341.6156715609,,,,,,,,,,,,,,,,,,,,,,,,,1028341.6156715609,0.0
20241015,1028341.6156715609,1028341.6156715609,,NO_PLAN,,,0.0,1028341.6156715609,1028341.6156715609,,,,,,,,,,,,,,,,,,,,,,,,,1028341.6156715609,0.0
20241016,1028341.6156715609,1028341.6156715609,,NO_PLAN,,,0.0,1028341.6156715609,1028341.6156715609,,,,,,,,,,,,,,,,,,,,,,,,,1028341.6156715609,0.0
20241017,1028341.6156715609,1028341.6156715609,,NO_PLAN,,,0.0,1028341.6156715609,1028341.6156715609,,,,,,,,,,,,,,,,,,,,,,,,,1028341.6156715609,0.0
20241018,1028341.6156715609,1028341.6156715609,,NO_PLAN,,,0.0,1028341.6156715609,1028341.6156715609,,,,,,,,,,,,,,,,,,,,,,,,,1028341.6156715609,0.0
20241021,1028341.6156715609,1028341.6156715609,20241018,EXECUTED,OK,C,0.024446914454106405,1053481.395179481,1053481.395179481,002708.SZ,光洋股份,20241023,True,True,True,99400.0,0.8243708852008139,8.528519999999999,8.7912,847734.8879999998,873845.28,873845.2799999999,-1.1641532182693481e-10,254.32046639999993,262.15358399999997,17.21580168,436.92263999999994,846.8879999998979,874.7200000000803,970.6124920799998,1721.6079999999783,3.14,3.14,1053481.395179481,0.0
20241022,1053481.395179481,1053481.395179481,,SKIP_OCCUPIED,,,0.0,1053481.395179481,1053481.395179481,,,,,,,,,,,,,,,,,,,,,,,,,1053481.395179481,0.0
20241023,1053481.395179481,1053481.395179481,,SKIP_OCCUPIED,,,0.0,1053481.395179481,1053481.395179481,,,,,,,,,,,,,,,,,,,,,,,,,1053481.395179481,0.0
20241024,1053481.395179481,1053481.395179481,,NO_PLAN,,,0.0,1053481.395179481,1053481.395179481,,,,,,,,,,,,,,,,,,,,,,,,,1053481.395179481,0.0
20241025,1053481.395179481,1053481.395179481,20241024,EXECUTED,OK,C,0.05043459748822432,1106613.3053066912,1106613.3053066912,002562.SZ,兄弟科技,20241029,True,True,True,192900.0,0.8248062604389542,4.504499999999999,4.78521,868918.0499999998,923067.0090000001,923067.009,-1.1641532182693481e-10,260.67541499999993,276.9201027,17.91985059,461.5335045,868.0499999998616,923.9909999999711,1017.0488727899999,1792.0409999998328,6.896,6.896,1106613.3053066912,0.0
20241028,1106613.3053066912,1106613.3053066912,,SKIP_OCCUPIED,,,0.0,1106613.3053066912,1106613.3053066912,,,,,,,,,,,,,,,,,,,,,,,,,1106613.3053066912,0.0
20241029,1106613.3053066912,1106613.3053066912,,SKIP_OCCUPIED,,,0.0,1106613.3053066912,1106613.3053066912,,,,,,,,,,,,,,,,,,,,,,,,,1106613.3053066912,0.0
20241030,1106613.3053066912,1106613.3053066912,,NO_PLAN,,,0.0,1106613.3053066912,1106613.3053066912,,,,,,,,,,,,,,,,,,,,,,,,,1106613.3053066912,0.0
20241031,1106613.3053066912,1106613.3053066912,,NO_PLAN,,,0.0,1106613.3053066912,1106613.3053066912,,,,,,,,,,,,,,,,,,,,,,,,,1106613.3053066912,0.0
20241101,1106613.3053066912,1106613.3053066912,,NO_PLAN,,,0.0,1106613.3053066912,1106613.3053066912,,,,,,,,,,,,,,,,,,,,,,,,,1106613.3053066912,0.0
20241104,1106613.3053066912,1106613.3053066912,,NO_PLAN,,,0.0,1106613.3053066912,1106613.3053066912,,,,,,,,,,,,,,,,,,,,,,,,,1106613.3053066912,0.0
20241105,1106613.3053066912,1106613.3053066912,20241104,EXECUTED,OK,C,-0.05677778132191058,1043782.2570500713,1043782.2570500713,603185.SH,弘元绿能,20241107,True,True,True,37100.0,0.8228725315638891,24.54452,22.8771,910601.6919999999,848740.4099999999,848740.41,1.1641532182693481e-10,273.18050759999994,254.622123,17.59342102,424.370205,909.6919999999624,849.5899999999971,969.7662566199999,1759.2819999999595,3.8416,3.8416,1106613.3053066912,-0.05677778132191058
20241106,1043782.2570500713,1043782.2570500713,,SKIP_OCCUPIED,,,0.0,1043782.2570500713,1043782.2570500713,,,,,,,,,,,,,,,,,,,,,,,,,1106613.3053066912,-0.05677778132191058
20241107,1043782.2570500713,1043782.2570500713,,SKIP_OCCUPIED,,,0.0,1043782.2570500713,1043782.2570500713,,,,,,,,,,,,,,,,,,,,,,,,,1106613.3053066912,-0.05677778132191058
20241108,1043782.2570500713,1043782.2570500713,,NO_PLAN,,,0.0,1043782.2570500713,1043782.2570500713,,,,,,,,,,,,,,,,,,,,,,,,,1106613.3053066912,-0.05677778132191058
20241111,1043782.2570500713,1043782.2570500713,,NO_PLAN,,,0.0,1043782.2570500713,1043782.2570500713,,,,,,,,,,,,,,,,,,,,,,,,,1106613.3053066912,-0.05677778132191058
20241112,1043782.2570500713,1043782.2570500713,,NO_PLAN,,,0.0,1043782.2570500713,1043782.2570500713,,,,,,,,,,,,,,,,,,,,,,,,,1106613.3053066912,-0.05677778132191058
20241113,1043782.2570500713,1043782.2570500713,,NO_PLAN,,,0.0,1043782.2570500713,1043782.2570500713,,,,,,,,,,,,,,,,,,,,,,,,,1106613.3053066912,-0.05677778132191058
20241114,1043782.2570500713,1043782.2570500713,20241113,EXECUTED,OK,C,0.06324085593724926,1109791.9403980316,1109791.9403980316,600104.SH,上汽集团,20241118,True,True,True,50600.0,0.8244571012656314,17.00699,18.33165,860553.6939999999,927581.49,927581.49,0.0,258.16610819999994,278.27444699999995,17.88135184,463.790745,859.6939999999918,928.5100000000831,1018.1126520399998,1788.2040000000748,11.0107,11.0107,1109791.9403980316,0.0
20241115,1109791.9403980316,1109791.9403980316,,SKIP_OCCUPIED,,,0.0,1109791.9403980316,1109791.9403980316,,,,,,,,,,,,,,,,,,,,,,,,,1109791.9403980316,0.0
20241118,1109791.9403980316,1109791.9403980316,,SKIP_OCCUPIED,,,0.0,1109791.9403980316,1109791.9403980316,,,,,,,,,,,,,,,,,,,,,,,,,1109791.9403980316,0.0
20241119,1109791.9403980316,1109791.9403980316,,NO_PLAN,,,0.0,1109791.9403980316,1109791.9403980316,,,,,,,,,,,,,,,,,,,,,,,,,1109791.9403980316,0.0
20241120,1109791.9403980316,1109791.9403980316,20241119,EXECUTED,OK,C,0.17739850833417448,1306667.3751859316,1306667.3751859316,002366.SZ,融发核电,20241122,True,True,True,187000.0,0.8247892210063336,4.894889999999999,5.95404,915344.4299999998,1113405.48,1113405.48,0.0,274.6033289999999,334.021644,20.287499099999998,556.70274,914.4299999999283,1114.5199999999936,1185.6152121,2028.949999999922,2.332,2.332,1306667.3751859316,0.0
20241121,1306667.3751859316,1306667.3751859316,,SKIP_OCCUPIED,,,0.0,1306667.3751859316,1306667.3751859316,,,,,,,,,,,,,,,,,,,,,,,,,1306667.3751859316,0.0
20241122,1306667.3751859316,1306667.3751859316,,SKIP_OCCUPIED,,,0.0,1306667.3751859316,1306667.3751859316,,,,,,,,,,,,,,,,,,,,,,,,,1306667.3751859316,0.0
20241125,1306667.3751859316,1306667.3751859316,,NO_PLAN,,,0.0,1306667.3751859316,1306667.3751859316,,,,,,,,,,,,,,,,,,,,,,,,,1306667.3751859316,0.0
20241126,1306667.3751859316,1306667.3751859316,,NO_PLAN,,,0.0,1306667.3751859316,1306667.3751859316,,,,,,,,,,,,,,,,,,,,,,,,,1306667.3751859316,0.0
20241127,1306667.3751859316,1306667.3751859316,,NO_PLAN,,,0.0,1306667.3751859316,1306667.3751859316,,,,,,,,,,,,,,,,,,,,,,,,,1306667.3751859316,0.0
20241128,1306667.3751859316,1306667.3751859316,20241127,EXECUTED,OK,C,-0.057692977693632796,1231281.8434563319,1231281.8434563319,000962.SZ,东方钽业,20241202,True,True,True,65600.0,0.8241698388212688,16.416399999999996,15.2847,1076915.8399999996,1002676.3200000001,1002676.32,-1.1641532182693481e-10,323.0747519999999,300.802896,20.795921599999996,501.33815999999996,1075.8399999998232,1003.6799999999914,1146.0117295999999,2079.519999999815,3.373,3.373,1306667.3751859316,-0.057692977693632796
20241129,1231281.8434563319,1231281.8434563319,,SKIP_OCCUPIED,,,0.0,1231281.8434563319,1231281.8434563319,,,,,,,,,,,,,,,,,,,,,,,,,1306667.3751859316,-0.057692977693632796
20241202,1231281.8434563319,1231281.8434563319,,SKIP_OCCUPIED,,,0.0,1231281.8434563319,1231281.8434563319,,,,,,,,,,,,,,,,,,,,,,,,,1306667.3751859316,-0.057692977693632796
20241203,1231281.8434563319,1231281.8434563319,,NO_PLAN,,,0.0,1231281.8434563319,1231281.8434563319,,,,,,,,,,,,,,,,,,,,,,,,,1306667.3751859316,-0.057692977693632796
20241204,1231281.8434563319,1231281.8434563319,,NO_PLAN,,,0.0,1231281.8434563319,1231281.8434563319,,,,,,,,,,,,,,,,,,,,,,,,,1306667.3751859316,-0.057692977693632796
20241205,1231281.8434563319,1231281.8434563319,20241204,EXECUTED,OK,C,0.1199157474383048,1378931.9260216118,1378931.9260216118,002629.SZ,仁智股份,20241209,True,True,True,269800.0,0.8247197450337567,3.7637599999999996,4.31568,1015462.4479999999,1164370.4640000002,1164370.464,-2.3283064365386963e-10,304.6387343999999,349.31113919999996,21.79832912,582.1852319999999,1014.4479999999362,1165.5359999999675,1257.9334347199997,2179.983999999904,3.727,3.727,1378931.9260216118,0.0
20241206,1378931.9260216118,1378931.9260216118,,SKIP_OCCUPIED,,,0.0,1378931.9260216118,1378931.9260216118,,,,,,,,,,,,,,,,,,,,,,,,,1378931.9260216118,0.0
20241209,1378931.9260216118,1378931.9260216118,,SKIP_OCCUPIED,,,0.0,1378931.9260216118,1378931.9260216118,,,,,,,,,,,,,,,,,,,,,,,,,1378931.9260216118,0.0
20241210,1378931.9260216118,1378931.9260216118,,NO_PLAN,,,0.0,1378931.9260216118,1378931.9260216118,,,,,,,,,,,,,,,,,,,,,,,,,1378931.9260216118,0.0
20241211,1378931.9260216118,1378931.9260216118,,NO_PLAN,,,0.0,1378931.9260216118,1378931.9260216118,,,,,,,,,,,,,,,,,,,,,,,,,1378931.9260216118,0.0
20241212,1378931.9260216118,1378931.9260216118,,NO_PLAN,,,0.0,1378931.9260216118,1378931.9260216118,,,,,,,,,,,,,,,,,,,,,,,,,1378931.9260216118,0.0
20241213,1378931.9260216118,1378931.9260216118,,NO_PLAN,,,0.0,1378931.9260216118,1378931.9260216118,,,,,,,,,,,,,,,,,,,,,,,,,1378931.9260216118,0.0
20241216,1378931.9260216118,1378931.9260216118,,NO_PLAN,,,0.0,1378931.9260216118,1378931.9260216118,,,,,,,,,,,,,,,,,,,,,,,,,1378931.9260216118,0.0
20241217,1378931.9260216118,1378931.9260216118,,NO_PLAN,,,0.0,1378931.9260216118,1378931.9260216118,,,,,,,,,,,,,,,,,,,,,,,,,1378931.9260216118,0.0
20241218,1378931.9260216118,1378931.9260216118,,NO_PLAN,,,0.0,1378931.9260216118,1378931.9260216118,,,,,,,,,,,,,,,,,,,,,,,,,1378931.9260216118,0.0
20241219,1378931.9260216118,1378931.9260216118,,NO_PLAN,,,0.0,1378931.9260216118,1378931.9260216118,,,,,,,,,,,,,,,,,,,,,,,,,1378931.9260216118,0.0
20241220,1378931.9260216118,1378931.9260216118,,NO_PLAN,,,0.0,1378931.9260216118,1378931.9260216118,,,,,,,,,,,,,,,,,,,,,,,,,1378931.9260216118,0.0
20241223,1378931.9260216118,1378931.9260216118,,NO_PLAN,,,0.0,1378931.9260216118,1378931.9260216118,,,,,,,,,,,,,,,,,,,,,,,,,1378931.9260216118,0.0
20241224,1378931.9260216118,1378931.9260216118,,NO_PLAN,,,0.0,1378931.9260216118,1378931.9260216118,,,,,,,,,,,,,,,,,,,,,,,,,1378931.9260216118,0.0
20241225,1378931.9260216118,1378931.9260216118,,NO_PLAN,,,0.0,1378931.9260216118,1378931.9260216118,,,,,,,,,,,,,,,,,,,,,,,,,1378931.9260216118,0.0
20241226,1378931.9260216118,1378931.9260216118,,NO_PLAN,,,0.0,1378931.9260216118,1378931.9260216118,,,,,,,,,,,,,,,,,,,,,,,,,1378931.9260216118,0.0
20241227,1378931.9260216118,1378931.9260216118,20241226,EXECUTED,OK,C,-0.05571864466150278,1302099.708023212,1302099.708023212,603893.SH,瑞芯微,20241231,True,True,True,9600.0,0.8203059155091834,117.82770999999998,109.94994,1131146.0159999998,1055519.4239999999,1055519.4239999999,0.0,339.34380479999993,316.6558271999999,21.8666544,527.7597119999999,1130.0159999998868,1056.576000000041,1205.6259983999998,2186.591999999928,1.0246,1.0246,1378931.9260216118,-0.05571864466150278
20241230,1302099.708023212,1302099.708023212,,SKIP_OCCUPIED,,,0.0,1302099.708023212,1302099.708023212,,,,,,,,,,,,,,,,,,,,,,,,,1378931.9260216118,-0.05571864466150278
20241231,1302099.708023212,1302099.708023212,,SKIP_OCCUPIED,,,0.0,1302099.708023212,1302099.708023212,,,,,,,,,,,,,,,,,,,,,,,,,1378931.9260216118,-0.05571864466150278
20250102,1302099.708023212,1302099.708023212,,NO_PLAN,,,0.0,1302099.708023212,1302099.708023212,,,,,,,,,,,,,,,,,,,,,,,,,1378931.9260216118,-0.05571864466150278
20250103,1302099.708023212,1302099.708023212,,NO_PLAN,,,0.0,1302099.708023212,1302099.708023212,,,,,,,,,,,,,,,,,,,,,,,,,1378931.9260216118,-0.05571864466150278
20250106,1302099.708023212,1302099.708023212,,NO_PLAN,,,0.0,1302099.708023212,1302099.708023212,,,,,,,,,,,,,,,,,,,,,,,,,1378931.9260216118,-0.05571864466150278
20250107,1302099.708023212,1302099.708023212,,NO_PLAN,,,0.0,1302099.708023212,1302099.708023212,,,,,,,,,,,,,,,,,,,,,,,,,1378931.9260216118,-0.05571864466150278
20250108,1302099.708023212,1302099.708023212,,NO_PLAN,,,0.0,1302099.708023212,1302099.708023212,,,,,,,,,,,,,,,,,,,,,,,,,1378931.9260216118,-0.05571864466150278
20250109,1302099.708023212,1302099.708023212,,NO_PLAN,,,0.0,1302099.708023212,1302099.708023212,,,,,,,,,,,,,,,,,,,,,,,,,1378931.9260216118,-0.05571864466150278
20250110,1302099.708023212,1302099.708023212,20250109,EXECUTED,OK,C,-0.010243112471277738,1288762.1542651122,1288762.1542651122,600410.SH,华胜天成,20250114,True,True,True,143000.0,0.8244933113684885,7.507499999999999,7.4225699999999994,1073572.5,1061427.51,1061427.51,0.0,322.07174999999995,318.428253,21.350000100000003,530.713755,1072.4999999999136,1062.4900000000387,1192.5637580999999,2134.9899999999525,12.667,12.667,1378931.9260216118,-0.06539102478876557
20250113,1288762.1542651122,1288762.1542651122,,SKIP_OCCUPIED,,,0.0,1288762.1542651122,1288762.1542651122,,,,,,,,,,,,,,,,,,,,,,,,,1378931.9260216118,-0.06539102478876557
20250114,1288762.1542651122,1288762.1542651122,,SKIP_OCCUPIED,,,0.0,1288762.1542651122,1288762.1542651122,,,,,,,,,,,,,,,,,,,,,,,,,1378931.9260216118,-0.06539102478876557
20250115,1288762.1542651122,1288762.1542651122,20250114,EXECUTED,OK,C,0.08342943072545572,1396282.8471359625,1396282.8471359625,600601.SH,方正科技,20250117,True,True,True,209500.0,0.8249987489788457,5.075069999999999,5.594399999999999,1063227.1649999998,1172026.7999999998,1172026.8,2.3283064365386963e-10,318.9681494999999,351.60803999999996,22.352539649999997,586.0134,1062.1649999997946,1173.200000000057,1278.9421291499998,2235.3649999998515,6471.278,6471.278,1396282.8471359625,0.0
20250116,1396282.8471359625,1396282.8471359625,,SKIP_OCCUPIED,,,0.0,1396282.8471359625,1396282.8471359625,,,,,,,,,,,,,,,,,,,,,,,,,1396282.8471359625,0.0
20250117,1396282.8471359625,1396282.8471359625,,SKIP_OCCUPIED,,,0.0,1396282.8471359625,1396282.8471359625,,,,,,,,,,,,,,,,,,,,,,,,,1396282.8471359625,0.0
20250120,1396282.8471359625,1396282.8471359625,,NO_PLAN,,,0.0,1396282.8471359625,1396282.8471359625,,,,,,,,,,,,,,,,,,,,,,,,,1396282.8471359625,0.0
20250121,1396282.8471359625,1396282.8471359625,,NO_PLAN,,,0.0,1396282.8471359625,1396282.8471359625,,,,,,,,,,,,,,,,,,,,,,,,,1396282.8471359625,0.0
20250122,1396282.8471359625,1396282.8471359625,,NO_PLAN,,,0.0,1396282.8471359625,1396282.8471359625,,,,,,,,,,,,,,,,,,,,,,,,,1396282.8471359625,0.0
20250123,1396282.8471359625,1396282.8471359625,,NO_PLAN,,,0.0,1396282.8471359625,1396282.8471359625,,,,,,,,,,,,,,,,,,,,,,,,,1396282.8471359625,0.0
20250124,1396282.8471359625,1396282.8471359625,,NO_PLAN,,,0.0,1396282.8471359625,1396282.8471359625,,,,,,,,,,,,,,,,,,,,,,,,,1396282.8471359625,0.0
20250127,1396282.8471359625,1396282.8471359625,,NO_PLAN,,,0.0,1396282.8471359625,1396282.8471359625,,,,,,,,,,,,,,,,,,,,,,,,,1396282.8471359625,0.0
20250205,1396282.8471359625,1396282.8471359625,,NO_PLAN,,,0.0,1396282.8471359625,1396282.8471359625,,,,,,,,,,,,,,,,,,,,,,,,,1396282.8471359625,0.0
20250206,1396282.8471359625,1396282.8471359625,,NO_PLAN,,,0.0,1396282.8471359625,1396282.8471359625,,,,,,,,,,,,,,,,,,,,,,,,,1396282.8471359625,0.0
20250207,1396282.8471359625,1396282.8471359625,,NO_PLAN,,,0.0,1396282.8471359625,1396282.8471359625,,,,,,,,,,,,,,,,,,,,,,,,,1396282.8471359625,0.0
20250210,1396282.8471359625,1396282.8471359625,,NO_PLAN,,,0.0,1396282.8471359625,1396282.8471359625,,,,,,,,,,,,,,,,,,,,,,,,,1396282.8471359625,0.0
20250211,1396282.8471359625,1396282.8471359625,,NO_PLAN,,,0.0,1396282.8471359625,1396282.8471359625,,,,,,,,,,,,,,,,,,,,,,,,,1396282.8471359625,0.0
20250212,1396282.8471359625,1396282.8471359625,,NO_PLAN,,,0.0,1396282.8471359625,1396282.8471359625,,,,,,,,,,,,,,,,,,,,,,,,,1396282.8471359625,0.0
20250213,1396282.8471359625,1396282.8471359625,20250212,EXECUTED,OK,C,0.0095624416779434,1409634.720427613,1409634.720427613,603171.SH,税友股份,20250217,True,True,True,26100.0,0.8232919299681571,44.044,44.60535,1149548.4,1164199.635,1164199.6350000002,2.3283064365386963e-10,344.8645199999999,349.25989050000004,23.137480350000004,582.0998175000001,1148.3999999999198,1165.3649999999268,1299.36170835,2313.7649999998466,1.024,1.024,1409634.720427613,0.0
20250214,1409634.720427613,1409634.720427613,,SKIP_OCCUPIED,,,0.0,1409634.720427613,1409634.720427613,,,,,,,,,,,,,,,,,,,,,,,,,1409634.720427613,0.0
20250217,1409634.720427613,1409634.720427613,,SKIP_OCCUPIED,,,0.0,1409634.720427613,1409634.720427613,,,,,,,,,,,,,,,,,,,,,,,,,1409634.720427613,0.0
20250218,1409634.720427613,1409634.720427613,20250217,EXECUTED,OK,C,0.13632903178803235,1601808.857038303,1601808.857038303,603286.SH,日盈电子,20250220,True,True,True,43300.0,0.8240435789263393,26.8268,31.298669999999998,1161600.44,1355232.4109999998,1355232.4109999998,0.0,348.48013199999997,406.5697232999999,25.16832851,677.6162055,1160.4399999999107,1356.5890000000227,1457.8343893099998,2517.028999999933,1.019,1.019,1601808.857038303,0.0
20250219,1601808.857038303,1601808.857038303,,SKIP_OCCUPIED,,,0.0,1601808.857038303,1601808.857038303,,,,,,,,,,,,,,,,,,,,,,,,,1601808.857038303,0.0
20250220,1601808.857038303,1601808.857038303,,SKIP_OCCUPIED,,,0.0,1601808.857038303,1601808.857038303,,,,,,,,,,,,,,,,,,,,,,,,,1601808.857038303,0.0
20250221,1601808.857038303,1601808.857038303,,NO_PLAN,,,0.0,1601808.857038303,1601808.857038303,,,,,,,,,,,,,,,,,,,,,,,,,1601808.857038303,0.0
20250224,1601808.857038303,1601808.857038303,20250221,EXECUTED,OK,C,0.11399801398198517,1784411.885519423,1784411.885519423,000032.SZ,深桑达Ａ,20250226,True,True,True,46300.0,0.8234538672977628,28.488459999999996,32.4675,1319015.6979999999,1503245.25,1503245.25,0.0,395.7047093999999,450.973575,28.222609480000003,751.622625,1317.6979999997911,1504.7499999999472,1626.5235188799998,2822.4479999997384,4.23,4.23,1784411.885519423,0.0
20250225,1784411.885519423,1784411.885519423,,SKIP_OCCUPIED,,,0.0,1784411.885519423,1784411.885519423,,,,,,,,,,,,,,,,,,,,,,,,,1784411.885519423,0.0
20250226,1784411.885519423,1784411.885519423,,SKIP_OCCUPIED,,,0.0,1784411.885519423,1784411.885519423,,,,,,,,,,,,,,,,,,,,,,,,,1784411.885519423,0.0
20250227,1784411.885519423,1784411.885519423,,NO_PLAN,,,0.0,1784411.885519423,1784411.885519423,,,,,,,,,,,,,,,,,,,,,,,,,1784411.885519423,0.0
20250228,1784411.885519423,1784411.885519423,,NO_PLAN,,,0.0,1784411.885519423,1784411.885519423,,,,,,,,,,,,,,,,,,,,,,,,,1784411.885519423,0.0
20250303,1784411.885519423,1784411.885519423,,NO_PLAN,,,0.0,1784411.885519423,1784411.885519423,,,,,,,,,,,,,,,,,,,,,,,,,1784411.885519423,0.0
20250304,1784411.885519423,1784411.885519423,,NO_PLAN,,,0.0,1784411.885519423,1784411.885519423,,,,,,,,,,,,,,,,,,,,,,,,,1784411.885519423,0.0
20250305,1784411.885519423,1784411.885519423,,NO_PLAN,,,0.0,1784411.885519423,1784411.885519423,,,,,,,,,,,,,,,,,,,,,,,,,1784411.885519423,0.0
20250306,1784411.885519423,1784411.885519423,,NO_PLAN,,,0.0,1784411.885519423,1784411.885519423,,,,,,,,,,,,,,,,,,,,,,,,,1784411.885519423,0.0
20250307,1784411.885519423,1784411.885519423,,NO_PLAN,,,0.0,1784411.885519423,1784411.885519423,,,,,,,,,,,,,,,,,,,,,,,,,1784411.885519423,0.0
20250310,1784411.885519423,1784411.885519423,20250307,EXECUTED,OK,C,0.024773257936988147,1828617.581425223,1828617.581425223,603300.SH,海南华铁,20250312,True,True,True,122200.0,0.8246616590830719,12.042029999999999,12.41757,1471536.0659999999,1517427.054,1517427.054,0.0,441.4608197999999,455.2281162,29.889631200000004,758.713527,1470.0659999999168,1518.94600000002,1685.2920941999998,2989.011999999937,5.5933,5.5933,1828617.581425223,0.0
20250311,1828617.581425223,1828617.581425223,,SKIP_OCCUPIED,,,0.0,1828617.581425223,1828617.581425223,,,,,,,,,,,,,,,,,,,,,,,,,1828617.581425223,0.0
20250312,1828617.581425223,1828617.581425223,,SKIP_OCCUPIED,,,0.0,1828617.581425223,1828617.581425223,,,,,,,,,,,,,,,,,,,,,,,,,1828617.581425223,0.0
20250313,1828617.581425223,1828617.581425223,,NO_PLAN,,,0.0,1828617.581425223,1828617.581425223,,,,,,,,,,,,,,,,,,,,,,,,,1828617.581425223,0.0
20250314,1828617.581425223,1828617.581425223,,NO_PLAN,,,0.0,1828617.581425223,1828617.581425223,,,,,,,,,,,,,,,,,,,,,,,,,1828617.581425223,0.0
20250317,1828617.581425223,1828617.581425223,,NO_PLAN,,,0.0,1828617.581425223,1828617.581425223,,,,,,,,,,,,,,,,,,,,,,,,,1828617.581425223,0.0
20250318,1828617.581425223,1828617.581425223,,NO_PLAN,,,0.0,1828617.581425223,1828617.581425223,,,,,,,,,,,,,,,,,,,,,,,,,1828617.581425223,0.0
20250319,1828617.581425223,1828617.581425223,20250318,EXECUTED,OK,C,0.08452430378398401,1983180.2093823429,1983180.2093823429,002086.SZ,东方海洋,20250321,True,True,True,443200.0,0.8248782552032363,3.4033999999999995,3.7562399999999996,1508386.88,1664765.5679999997,1664765.5679999997,0.0,452.5160639999999,499.42967039999985,31.731524479999997,832.3827839999999,1506.8799999998341,1666.432000000092,1816.0600428799996,3173.3119999999262,4.127,4.127,1983180.2093823429,0.0
20250320,1983180.2093823429,1983180.2093823429,,SKIP_OCCUPIED,,,0.0,1983180.2093823429,1983180.2093823429,,,,,,,,,,,,,,,,,,,,,,,,,1983180.2093823429,0.0
20250321,1983180.2093823429,1983180.2093823429,,SKIP_OCCUPIED,,,0.0,1983180.2093823429,1983180.2093823429,,,,,,,,,,,,,,,,,,,,,,,,,1983180.2093823429,0.0
20250324,1983180.2093823429,1983180.2093823429,,NO_PLAN,,,0.0,1983180.2093823429,1983180.2093823429,,,,,,,,,,,,,,,,,,,,,,,,,1983180.2093823429,0.0
20250325,1983180.2093823429,1983180.2093823429,,NO_PLAN,,,0.0,1983180.2093823429,1983180.2093823429,,,,,,,,,,,,,,,,,,,,,,,,,1983180.2093823429,0.0
20250326,1983180.2093823429,1983180.2093823429,,NO_PLAN,,,0.0,1983180.2093823429,1983180.2093823429,,,,,,,,,,,,,,,,,,,,,,,,,1983180.2093823429,0.0
20250327,1983180.2093823429,1983180.2093823429,,NO_PLAN,,,0.0,1983180.2093823429,1983180.2093823429,,,,,,,,,,,,,,,,,,,,,,,,,1983180.2093823429,0.0
20250328,1983180.2093823429,1983180.2093823429,,NO_PLAN,,,0.0,1983180.2093823429,1983180.2093823429,,,,,,,,,,,,,,,,,,,,,,,,,1983180.2093823429,0.0
20250331,1983180.2093823429,1983180.2093823429,,NO_PLAN,,,0.0,1983180.2093823429,1983180.2093823429,,,,,,,,,,,,,,,,,,,,,,,,,1983180.2093823429,0.0
20250401,1983180.2093823429,1983180.2093823429,,NO_PLAN,,,0.0,1983180.2093823429,1983180.2093823429,,,,,,,,,,,,,,,,,,,,,,,,,1983180.2093823429,0.0
20250402,1983180.2093823429,1983180.2093823429,20250401,EXECUTED,OK,C,0.09653835039018843,2174633.155322583,2174633.155322583,603693.SH,江苏新能,20250407,True,True,True,120800.0,0.8243573671548335,13.533519999999998,15.13485,1634849.2159999998,1828289.8800000001,1828289.88,-2.3283064365386963e-10,490.4547647999999,548.486964,34.631390960000004,914.14494,1633.2159999997557,1830.1200000000265,1987.71805976,3463.335999999782,1.4118,1.4118,2174633.155322583,0.0
20250403,2174633.155322583,2174633.155322583,,SKIP_OCCUPIED,,,0.0,2174633.155322583,2174633.155322583,,,,,,,,,,,,,,,,,,,,,,,,,2174633.155322583,0.0
20250407,2174633.155322583,2174633.155322583,,SKIP_OCCUPIED,,,0.0,2174633.155322583,2174633.155322583,,,,,,,,,,,,,,,,,,,,,,,,,2174633.155322583,0.0
20250408,2174633.155322583,2174633.155322583,,NO_PLAN,,,0.0,2174633.155322583,2174633.155322583,,,,,,,,,,,,,,,,,,,,,,,,,2174633.155322583,0.0
20250409,2174633.155322583,2174633.155322583,20250408,EXECUTED,OK,C,-0.05825296576777739,2047954.3245681028,2047954.3245681028,600108.SH,亚盛集团,20250411,True,True,True,551400.0,0.8248940956360536,3.2532499999999995,3.02697,1793842.0499999998,1669071.258,1669071.258,0.0,538.1526149999999,500.72137739999994,34.62913308,834.535629,1792.0499999997414,1670.7419999999263,1908.0387544799996,3462.7919999996675,9.7649,9.7649,2174633.155322583,-0.05825296576777739
20250410,2047954.3245681028,2047954.3245681028,,SKIP_OCCUPIED,,,0.0,2047954.3245681028,2047954.3245681028,,,,,,,,,,,,,,,,,,,,,,,,,2174633.155322583,-0.05825296576777739
20250411,2047954.3245681028,2047954.3245681028,,SKIP_OCCUPIED,,,0.0,2047954.3245681028,2047954.3245681028,,,,,,,,,,,,,,,,,,,,,,,,,2174633.155322583,-0.05825296576777739
20250414,2047954.3245681028,2047954.3245681028,,NO_PLAN,,,0.0,2047954.3245681028,2047954.3245681028,,,,,,,,,,,,,,,,,,,,,,,,,2174633.155322583,-0.05825296576777739
20250415,2047954.3245681028,2047954.3245681028,,NO_PLAN,,,0.0,2047954.3245681028,2047954.3245681028,,,,,,,,,,,,,,,,,,,,,,,,,2174633.155322583,-0.05825296576777739
20250416,2047954.3245681028,2047954.3245681028,,NO_PLAN,,,0.0,2047954.3245681028,2047954.3245681028,,,,,,,,,,,,,,,,,,,,,,,,,2174633.155322583,-0.05825296576777739
20250417,2047954.3245681028,2047954.3245681028,,NO_PLAN,,,0.0,2047954.3245681028,2047954.3245681028,,,,,,,,,,,,,,,,,,,,,,,,,2174633.155322583,-0.05825296576777739
20250418,2047954.3245681028,2047954.3245681028,,NO_PLAN,,,0.0,2047954.3245681028,2047954.3245681028,,,,,,,,,,,,,,,,,,,,,,,,,2174633.155322583,-0.05825296576777739
20250421,2047954.3245681028,2047954.3245681028,,NO_PLAN,,,0.0,2047954.3245681028,2047954.3245681028,,,,,,,,,,,,,,,,,,,,,,,,,2174633.155322583,-0.05825296576777739
20250422,2047954.3245681028,2047954.3245681028,20250421,EXECUTED,OK,C,0.1400482416093125,2334766.726620053,2334766.726620053,603119.SH,浙江荣泰,20250424,True,True,True,42100.0,0.8231062479166849,40.03999999999999,46.90305,1685683.9999999998,1974618.405,1974618.405,0.0,505.7051999999999,592.3855215,36.60302405,987.3092025000001,1683.9999999996649,1976.5950000001048,2122.0029480499998,3660.5949999997697,1.31,1.31,2334766.726620053,0.0
20250423,2334766.726620053,2334766.726620053,,SKIP_OCCUPIED,,,0.0,2334766.726620053,2334766.726620053,,,,,,,,,,,,,,,,,,,,,,,,,2334766.726620053,0.0
20250424,2334766.726620053,2334766.726620053,,SKIP_OCCUPIED,,,0.0,2334766.726620053,2334766.726620053,,,,,,,,,,,,,,,,,,,,,,,,,2334766.726620053,0.0
20250425,2334766.726620053,2334766.726620053,,NO_PLAN,,,0.0,2334766.726620053,2334766.726620053,,,,,,,,,,,,,,,,,,,,,,,,,2334766.726620053,0.0
20250428,2334766.726620053,2334766.726620053,,NO_PLAN,,,0.0,2334766.726620053,2334766.726620053,,,,,,,,,,,,,,,,,,,,,,,,,2334766.726620053,0.0
20250429,2334766.726620053,2334766.726620053,,NO_PLAN,,,0.0,2334766.726620053,2334766.726620053,,,,,,,,,,,,,,,,,,,,,,,,,2334766.726620053,0.0
20250430,2334766.726620053,2334766.726620053,20250429,EXECUTED,OK,C,0.05856747654741312,2471508.1221250533,2471508.1221250533,605599.SH,菜百股份,20250507,True,True,True,143000.0,0.8246105823116383,13.463449999999998,14.43555,1925273.3499999996,2064283.65,2064283.65,0.0,577.5820049999999,619.285095,39.89557,1032.141825,1923.3499999998357,2066.3500000000104,2268.9044949999998,3989.699999999846,1.128,1.128,2471508.1221250533,0.0
20250506,2471508.1221250533,2471508.1221250533,,SKIP_OCCUPIED,,,0.0,2471508.1221250533,2471508.1221250533,,,,,,,,,,,,,,,,,,,,,,,,,2471508.1221250533,0.0
20250507,2471508.1221250533,2471508.1221250533,,SKIP_OCCUPIED,,,0.0,2471508.1221250533,2471508.1221250533,,,,,,,,,,,,,,,,,,,,,,,,,2471508.1221250533,0.0
20250508,2471508.1221250533,2471508.1221250533,,NO_PLAN,,,0.0,2471508.1221250533,2471508.1221250533,,,,,,,,,,,,,,,,,,,,,,,,,2471508.1221250533,0.0
20250509,2471508.1221250533,2471508.1221250533,,NO_PLAN,,,0.0,2471508.1221250533,2471508.1221250533,,,,,,,,,,,,,,,,,,,,,,,,,2471508.1221250533,0.0
20250512,2471508.1221250533,2471508.1221250533,,NO_PLAN,,,0.0,2471508.1221250533,2471508.1221250533,,,,,,,,,,,,,,,,,,,,,,,,,2471508.1221250533,0.0
20250513,2471508.1221250533,2471508.1221250533,,NO_PLAN,,,0.0,2471508.1221250533,2471508.1221250533,,,,,,,,,,,,,,,,,,,,,,,,,2471508.1221250533,0.0
20250514,2471508.1221250533,2471508.1221250533,,NO_PLAN,,,0.0,2471508.1221250533,2471508.1221250533,,,,,,,,,,,,,,,,,,,,,,,,,2471508.1221250533,0.0
20250515,2471508.1221250533,2471508.1221250533,,NO_PLAN,,,0.0,2471508.1221250533,2471508.1221250533,,,,,,,,,,,,,,,,,,,,,,,,,2471508.1221250533,0.0
20250516,2471508.1221250533,2471508.1221250533,,NO_PLAN,,,0.0,2471508.1221250533,2471508.1221250533,,,,,,,,,,,,,,,,,,,,,,,,,2471508.1221250533,0.0
20250519,2471508.1221250533,2471508.1221250533,,NO_PLAN,,,0.0,2471508.1221250533,2471508.1221250533,,,,,,,,,,,,,,,,,,,,,,,,,2471508.1221250533,0.0
20250520,2471508.1221250533,2471508.1221250533,,NO_PLAN,,,0.0,2471508.1221250533,2471508.1221250533,,,,,,,,,,,,,,,,,,,,,,,,,2471508.1221250533,0.0
20250521,2471508.1221250533,2471508.1221250533,,NO_PLAN,,,0.0,2471508.1221250533,2471508.1221250533,,,,,,,,,,,,,,,,,,,,,,,,,2471508.1221250533,0.0
20250522,2471508.1221250533,2471508.1221250533,,NO_PLAN,,,0.0,2471508.1221250533,2471508.1221250533,,,,,,,,,,,,,,,,,,,,,,,,,2471508.1221250533,0.0
20250523,2471508.1221250533,2471508.1221250533,,NO_PLAN,,,0.0,2471508.1221250533,2471508.1221250533,,,,,,,,,,,,,,,,,,,,,,,,,2471508.1221250533,0.0
20250526,2471508.1221250533,2471508.1221250533,,NO_PLAN,,,0.0,2471508.1221250533,2471508.1221250533,,,,,,,,,,,,,,,,,,,,,,,,,2471508.1221250533,0.0
20250527,2471508.1221250533,2471508.1221250533,,NO_PLAN,,,0.0,2471508.1221250533,2471508.1221250533,,,,,,,,,,,,,,,,,,,,,,,,,2471508.1221250533,0.0
20250528,2471508.1221250533,2471508.1221250533,,NO_PLAN,,,0.0,2471508.1221250533,2471508.1221250533,,,,,,,,,,,,,,,,,,,,,,,,,2471508.1221250533,0.0
20250529,2471508.1221250533,2471508.1221250533,,NO_PLAN,,,0.0,2471508.1221250533,2471508.1221250533,,,,,,,,,,,,,,,,,,,,,,,,,2471508.1221250533,0.0
20250530,2471508.1221250533,2471508.1221250533,20250529,EXECUTED,OK,C,-0.04963441085738529,2348836.2725541336,2348836.2725541336,600686.SH,金龙汽车,20250604,True,True,True,140400.0,0.8245312980188901,14.514499999999998,13.65633,2037835.7999999998,1917348.732,1917348.7320000003,2.3283064365386963e-10,611.3507399999999,575.2046196,39.55184532,958.6743660000002,2035.7999999997446,1919.2679999999164,2184.7815709200004,3955.067999999661,13.0849,13.0849,2471508.1221250533,-0.04963441085738529
20250603,2348836.2725541336,2348836.2725541336,,SKIP_OCCUPIED,,,0.0,2348836.2725541336,2348836.2725541336,,,,,,,,,,,,,,,,,,,,,,,,,2471508.1221250533,-0.04963441085738529
20250604,2348836.2725541336,2348836.2725541336,,SKIP_OCCUPIED,,,0.0,2348836.2725541336,2348836.2725541336,,,,,,,,,,,,,,,,,,,,,,,,,2471508.1221250533,-0.04963441085738529
20250605,2348836.2725541336,2348836.2725541336,,NO_PLAN,,,0.0,2348836.2725541336,2348836.2725541336,,,,,,,,,,,,,,,,,,,,,,,,,2471508.1221250533,-0.04963441085738529
20250606,2348836.2725541336,2348836.2725541336,,NO_PLAN,,,0.0,2348836.2725541336,2348836.2725541336,,,,,,,,,,,,,,,,,,,,,,,,,2471508.1221250533,-0.04963441085738529
20250609,2348836.2725541336,2348836.2725541336,,NO_PLAN,,,0.0,2348836.2725541336,2348836.2725541336,,,,,,,,,,,,,,,,,,,,,,,,,2471508.1221250533,-0.04963441085738529
20250610,2348836.2725541336,2348836.2725541336,,NO_PLAN,,,0.0,2348836.2725541336,2348836.2725541336,,,,,,,,,,,,,,,,,,,,,,,,,2471508.1221250533,-0.04963441085738529
20250611,2348836.2725541336,2348836.2725541336,,NO_PLAN,,,0.0,2348836.2725541336,2348836.2725541336,,,,,,,,,,,,,,,,,,,,,,,,,2471508.1221250533,-0.04963441085738529
20250612,2348836.2725541336,2348836.2725541336,20250611,EXECUTED,OK,C,-0.02237675432906816,2296276.9403239856,2296276.9403239856,600232.SH,金鹰股份,20250617,True,True,True,241900.0,0.8247212556427151,8.008,7.71228,1937135.1999999997,1865600.532,1886704.6104162897,21104.07841628976,581.1405599999998,566.0113831248868,38.2383981041629,943.3523052081448,1935.1999999997868,1867.4679999999878,2128.7426464371943,3802.6679999997746,3.3229,3.3605,2471508.1221250533,-0.07090050816842974
20250613,2296276.9403239856,2296276.9403239856,,SKIP_OCCUPIED,,,0.0,2296276.9403239856,2296276.9403239856,,,,,,,,,,,,,,,,,,,,,,,,,2471508.1221250533,-0.07090050816842974
20250616,2296276.9403239856,2296276.9403239856,,SKIP_OCCUPIED,,,0.0,2296276.9403239856,2296276.9403239856,,,,,,,,,,,,,,,,,,,,,,,,,2471508.1221250533,-0.07090050816842974
20250617,2296276.9403239856,2296276.9403239856,,SKIP_OCCUPIED,,,0.0,2296276.9403239856,2296276.9403239856,,,,,,,,,,,,,,,,,,,,,,,,,2471508.1221250533,-0.07090050816842974
20250618,2296276.9403239856,2296276.9403239856,,NO_PLAN,,,0.0,2296276.9403239856,2296276.9403239856,,,,,,,,,,,,,,,,,,,,,,,,,2471508.1221250533,-0.07090050816842974
20250619,2296276.9403239856,2296276.9403239856,,NO_PLAN,,,0.0,2296276.9403239856,2296276.9403239856,,,,,,,,,,,,,,,,,,,,,,,,,2471508.1221250533,-0.07090050816842974
20250620,2296276.9403239856,2296276.9403239856,,NO_PLAN,,,0.0,2296276.9403239856,2296276.9403239856,,,,,,,,,,,,,,,,,,,,,,,,,2471508.1221250533,-0.07090050816842974
20250623,2296276.9403239856,2296276.9403239856,,NO_PLAN,,,0.0,2296276.9403239856,2296276.9403239856,,,,,,,,,,,,,,,,,,,,,,,,,2471508.1221250533,-0.07090050816842974
20250624,2296276.9403239856,2296276.9403239856,,NO_PLAN,,,0.0,2296276.9403239856,2296276.9403239856,,,,,,,,,,,,,,,,,,,,,,,,,2471508.1221250533,-0.07090050816842974
20250625,2296276.9403239856,2296276.9403239856,20250624,EXECUTED,OK,C,0.08733297532425088,2496817.6376909465,2496817.6376909465,603155.SH,新亚强,20250627,True,True,True,112400.0,0.8246321071938434,16.846829999999997,18.65133,1893583.6919999996,2096409.492,2096409.4920000006,4.656612873077393e-10,568.0751075999998,628.9228476000001,39.89993184000001,1048.2047460000003,1891.691999999864,2098.5080000000207,2285.10263304,3990.1999999998848,2.2973,2.2973,2496817.6376909465,0.0
20250626,2496817.6376909465,2496817.6376909465,,SKIP_OCCUPIED,,,0.0,2496817.6376909465,2496817.6376909465,,,,,,,,,,,,,,,,,,,,,,,,,2496817.6376909465,0.0
20250627,2496817.6376909465,2496817.6376909465,,SKIP_OCCUPIED,,,0.0,2496817.6376909465,2496817.6376909465,,,,,,,,,,,,,,,,,,,,,,,,,2496817.6376909465,0.0
20250630,2496817.6376909465,2496817.6376909465,20250627,EXECUTED,OK,C,-0.007931233421361705,2477014.7941958467,2477014.7941958467,000700.SZ,模塑科技,20250702,True,True,True,268200.0,0.8247102483240626,7.677669999999999,7.61238,2059151.0939999998,2041640.3159999999,2041640.3159999999,0.0,617.7453281999999,612.4920947999999,41.0079141,1020.820158,2057.0939999997795,2043.6840000000489,2292.0654950999997,4100.777999999828,17.8319,17.8319,2496817.6376909465,-0.007931233421361705
20250701,2477014.7941958467,2477014.7941958467,,SKIP_OCCUPIED,,,0.0,2477014.7941958467,2477014.7941958467,,,,,,,,,,,,,,,,,,,,,,,,,2496817.6376909465,-0.007931233421361705
20250702,2477014.7941958467,2477014.7941958467,,SKIP_OCCUPIED,,,0.0,2477014.7941958467,2477014.7941958467,,,,,,,,,,,,,,,,,,,,,,,,,2496817.6376909465,-0.007931233421361705
20250703,2477014.7941958467,2477014.7941958467,,NO_PLAN,,,0.0,2477014.7941958467,2477014.7941958467,,,,,,,,,,,,,,,,,,,,,,,,,2496817.6376909465,-0.007931233421361705
20250704,2477014.7941958467,2477014.7941958467,,NO_PLAN,,,0.0,2477014.7941958467,2477014.7941958467,,,,,,,,,,,,,,,,,,,,,,,,,2496817.6376909465,-0.007931233421361705
20250707,2477014.7941958467,2477014.7941958467,,NO_PLAN,,,0.0,2477014.7941958467,2477014.7941958467,,,,,,,,,,,,,,,,,,,,,,,,,2496817.6376909465,-0.007931233421361705
20250708,2477014.7941958467,2477014.7941958467,,NO_PLAN,,,0.0,2477014.7941958467,2477014.7941958467,,,,,,,,,,,,,,,,,,,,,,,,,2496817.6376909465,-0.007931233421361705
20250709,2477014.7941958467,2477014.7941958467,,NO_PLAN,,,0.0,2477014.7941958467,2477014.7941958467,,,,,,,,,,,,,,,,,,,,,,,,,2496817.6376909465,-0.007931233421361705
20250710,2477014.7941958467,2477014.7941958467,20250709,EXECUTED,OK,C,0.0786453115954091,2671820.394511817,2671820.394511817,000514.SZ,渝 开 发,20250715,True,True,True,319900.0,0.8247843197332427,6.386379999999999,7.00299,2043002.9619999996,2240256.5009999997,2240256.501,4.656612873077393e-10,612.9008885999998,672.0769503,42.83259463,1120.1282505000001,2040.9619999997326,2242.4990000000585,2447.93868403,4283.460999999791,4.4343,4.4343,2671820.394511817,0.0
20250711,2671820.394511817,2671820.394511817,,SKIP_OCCUPIED,,,0.0,2671820.394511817,2671820.394511817,,,,,,,,,,,,,,,,,,,,,,,,,2671820.394511817,0.0
20250714,2671820.394511817,2671820.394511817,,SKIP_OCCUPIED,,,0.0,2671820.394511817,2671820.394511817,,,,,,,,,,,,,,,,,,,,,,,,,2671820.394511817,0.0
20250715,2671820.394511817,2671820.394511817,,SKIP_OCCUPIED,,,0.0,2671820.394511817,2671820.394511817,,,,,,,,,,,,,,,,,,,,,,,,,2671820.394511817,0.0
20250716,2671820.394511817,2671820.394511817,,NO_PLAN,,,0.0,2671820.394511817,2671820.394511817,,,,,,,,,,,,,,,,,,,,,,,,,2671820.394511817,0.0
20250717,2671820.394511817,2671820.394511817,,NO_PLAN,,,0.0,2671820.394511817,2671820.394511817,,,,,,,,,,,,,,,,,,,,,,,,,2671820.394511817,0.0
20250718,2671820.394511817,2671820.394511817,,NO_PLAN,,,0.0,2671820.394511817,2671820.394511817,,,,,,,,,,,,,,,,,,,,,,,,,2671820.394511817,0.0
20250721,2671820.394511817,2671820.394511817,,NO_PLAN,,,0.0,2671820.394511817,2671820.394511817,,,,,,,,,,,,,,,,,,,,,,,,,2671820.394511817,0.0
20250722,2671820.394511817,2671820.394511817,,NO_PLAN,,,0.0,2671820.394511817,2671820.394511817,,,,,,,,,,,,,,,,,,,,,,,,,2671820.394511817,0.0
20250723,2671820.394511817,2671820.394511817,,NO_PLAN,,,0.0,2671820.394511817,2671820.394511817,,,,,,,,,,,,,,,,,,,,,,,,,2671820.394511817,0.0
20250724,2671820.394511817,2671820.394511817,,NO_PLAN,,,0.0,2671820.394511817,2671820.394511817,,,,,,,,,,,,,,,,,,,,,,,,,2671820.394511817,0.0
20250725,2671820.394511817,2671820.394511817,,NO_PLAN,,,0.0,2671820.394511817,2671820.394511817,,,,,,,,,,,,,,,,,,,,,,,,,2671820.394511817,0.0
20250728,2671820.394511817,2671820.394511817,,NO_PLAN,,,0.0,2671820.394511817,2671820.394511817,,,,,,,,,,,,,,,,,,,,,,,,,2671820.394511817,0.0
20250729,2671820.394511817,2671820.394511817,,NO_PLAN,,,0.0,2671820.394511817,2671820.394511817,,,,,,,,,,,,,,,,,,,,,,,,,2671820.394511817,0.0
20250730,2671820.394511817,2671820.394511817,,NO_PLAN,,,0.0,2671820.394511817,2671820.394511817,,,,,,,,,,,,,,,,,,,,,,,,,2671820.394511817,0.0
20250731,2671820.394511817,2671820.394511817,,NO_PLAN,,,0.0,2671820.394511817,2671820.394511817,,,,,,,,,,,,,,,,,,,,,,,,,2671820.394511817,0.0
20250801,2671820.394511817,2671820.394511817,,NO_PLAN,,,0.0,2671820.394511817,2671820.394511817,,,,,,,,,,,,,,,,,,,,,,,,,2671820.394511817,0.0
20250804,2671820.394511817,2671820.394511817,,NO_PLAN,,,0.0,2671820.394511817,2671820.394511817,,,,,,,,,,,,,,,,,,,,,,,,,2671820.394511817,0.0
20250805,2671820.394511817,2671820.394511817,,NO_PLAN,,,0.0,2671820.394511817,2671820.394511817,,,,,,,,,,,,,,,,,,,,,,,,,2671820.394511817,0.0
20250806,2671820.394511817,2671820.394511817,,NO_PLAN,,,0.0,2671820.394511817,2671820.394511817,,,,,,,,,,,,,,,,,,,,,,,,,2671820.394511817,0.0
20250807,2671820.394511817,2671820.394511817,,NO_PLAN,,,0.0,2671820.394511817,2671820.394511817,,,,,,,,,,,,,,,,,,,,,,,,,2671820.394511817,0.0
20250808,2671820.394511817,2671820.394511817,20250807,EXECUTED,OK,C,0.07567233883071034,2874003.2927001175,2874003.2927001175,600475.SH,华光环能,20250812,True,True,True,107400.0,0.8248689562094187,20.5205,22.42755,2203901.6999999997,2408718.87,2408718.87,0.0,661.1705099999998,722.6156609999999,46.1262057,1204.359435,2201.699999999829,2411.1299999999133,2634.2718117,4612.829999999742,5.2207,5.2207,2874003.2927001175,0.0
20250811,2874003.2927001175,2874003.2927001175,,SKIP_OCCUPIED,,,0.0,2874003.2927001175,2874003.2927001175,,,,,,,,,,,,,,,,,,,,,,,,,2874003.2927001175,0.0
20250812,2874003.2927001175,2874003.2927001175,,SKIP_OCCUPIED,,,0.0,2874003.2927001175,2874003.2927001175,,,,,,,,,,,,,,,,,,,,,,,,,2874003.2927001175,0.0
20250813,2874003.2927001175,2874003.2927001175,20250812,EXECUTED,OK,C,0.1313593889034952,3251530.608935838,3251530.608935838,600246.SH,万通发展,20250815,True,True,True,258800.0,0.8247687210452105,9.159149999999999,10.62936,2370388.0199999996,2750878.3680000002,2750878.368,-4.656612873077393e-10,711.1164059999998,825.2635103999999,51.212663879999994,1375.4391839999998,2368.019999999538,2753.6320000001106,2963.0317642799996,5121.651999999649,12.463,12.463,3251530.608935838,0.0
20250814,3251530.608935838,3251530.608935838,,SKIP_OCCUPIED,,,0.0,3251530.608935838,3251530.608935838,,,,,,,,,,,,,,,,,,,,,,,,,3251530.608935838,0.0
20250815,3251530.608935838,3251530.608935838,,SKIP_OCCUPIED,,,0.0,3251530.608935838,3251530.608935838,,,,,,,,,,,,,,,,,,,,,,,,,3251530.608935838,0.0
20250818,3251530.608935838,3251530.608935838,,NO_PLAN,,,0.0,3251530.608935838,3251530.608935838,,,,,,,,,,,,,,,,,,,,,,,,,3251530.608935838,0.0
20250819,3251530.608935838,3251530.608935838,,NO_PLAN,,,0.0,3251530.608935838,3251530.608935838,,,,,,,,,,,,,,,,,,,,,,,,,3251530.608935838,0.0
20250820,3251530.608935838,3251530.608935838,20250819,EXECUTED,OK,C,0.06688763304900891,3469017.795153959,3469017.795153959,601689.SH,拓普集团,20250822,True,True,True,49400.0,0.8245798027032831,54.27421999999999,58.7412,2681146.4679999994,2901815.28,2901815.2800000003,4.656612873077393e-10,804.3439403999997,870.544584,55.82961748,1450.9076400000001,2678.4679999996897,2904.7199999998993,3181.62578188,5583.187999999589,2.3151,2.3151,3469017.795153959,0.0
20250821,3469017.795153959,3469017.795153959,,SKIP_OCCUPIED,,,0.0,3469017.795153959,3469017.795153959,,,,,,,,,,,,,,,,,,,,,,,,,3469017.795153959,0.0
20250822,3469017.795153959,3469017.795153959,,SKIP_OCCUPIED,,,0.0,3469017.795153959,3469017.795153959,,,,,,,,,,,,,,,,,,,,,,,,,3469017.795153959,0.0
20250825,3469017.795153959,3469017.795153959,,NO_PLAN,,,0.0,3469017.795153959,3469017.795153959,,,,,,,,,,,,,,,,,,,,,,,,,3469017.795153959,0.0
20250826,3469017.795153959,3469017.795153959,,NO_PLAN,,,0.0,3469017.795153959,3469017.795153959,,,,,,,,,,,,,,,,,,,,,,,,,3469017.795153959,0.0
20250827,3469017.795153959,3469017.795153959,20250826,EXECUTED,OK,C,0.2173311402511242,4222943.38812621,4222943.38812621,601869.SH,XD长飞光,20250829,True,True,True,39700.0,0.8248036098278398,72.07199999999999,91.15875,2861258.3999999994,3619002.375,3619002.3750000005,4.656612873077393e-10,858.3775199999998,1085.7007125,64.80260775,1809.5011875000002,2858.399999999544,3622.62500000009,3818.38202775,6481.024999999634,1.0895,1.0895,4222943.38812621,0.0
20250828,4222943.38812621,4222943.38812621,,SKIP_OCCUPIED,,,0.0,4222943.38812621,4222943.38812621,,,,,,,,,,,,,,,,,,,,,,,,,4222943.38812621,0.0
20250829,4222943.38812621,4222943.38812621,,SKIP_OCCUPIED,,,0.0,4222943.38812621,4222943.38812621,,,,,,,,,,,,,,,,,,,,,,,,,4222943.38812621,0.0
20250901,4222943.38812621,4222943.38812621,,NO_PLAN,,,0.0,4222943.38812621,4222943.38812621,,,,,,,,,,,,,,,,,,,,,,,,,4222943.38812621,0.0
20250902,4222943.38812621,4222943.38812621,,NO_PLAN,,,0.0,4222943.38812621,4222943.38812621,,,,,,,,,,,,,,,,,,,,,,,,,4222943.38812621,0.0
20250903,4222943.38812621,4222943.38812621,,NO_PLAN,,,0.0,4222943.38812621,4222943.38812621,,,,,,,,,,,,,,,,,,,,,,,,,4222943.38812621,0.0
20250904,4222943.38812621,4222943.38812621,,NO_PLAN,,,0.0,4222943.38812621,4222943.38812621,,,,,,,,,,,,,,,,,,,,,,,,,4222943.38812621,0.0
20250905,4222943.38812621,4222943.38812621,,NO_PLAN,,,0.0,4222943.38812621,4222943.38812621,,,,,,,,,,,,,,,,,,,,,,,,,4222943.38812621,0.0
20250908,4222943.38812621,4222943.38812621,,NO_PLAN,,,0.0,4222943.38812621,4222943.38812621,,,,,,,,,,,,,,,,,,,,,,,,,4222943.38812621,0.0
20250909,4222943.38812621,4222943.38812621,,NO_PLAN,,,0.0,4222943.38812621,4222943.38812621,,,,,,,,,,,,,,,,,,,,,,,,,4222943.38812621,0.0
20250910,4222943.38812621,4222943.38812621,,NO_PLAN,,,0.0,4222943.38812621,4222943.38812621,,,,,,,,,,,,,,,,,,,,,,,,,4222943.38812621,0.0
20250911,4222943.38812621,4222943.38812621,,NO_PLAN,,,0.0,4222943.38812621,4222943.38812621,,,,,,,,,,,,,,,,,,,,,,,,,4222943.38812621,0.0
20250912,4222943.38812621,4222943.38812621,,NO_PLAN,,,0.0,4222943.38812621,4222943.38812621,,,,,,,,,,,,,,,,,,,,,,,,,4222943.38812621,0.0
20250915,4222943.38812621,4222943.38812621,,NO_PLAN,,,0.0,4222943.38812621,4222943.38812621,,,,,,,,,,,,,,,,,,,,,,,,,4222943.38812621,0.0
20250916,4222943.38812621,4222943.38812621,,NO_PLAN,,,0.0,4222943.38812621,4222943.38812621,,,,,,,,,,,,,,,,,,,,,,,,,4222943.38812621,0.0
20250917,4222943.38812621,4222943.38812621,,NO_PLAN,,,0.0,4222943.38812621,4222943.38812621,,,,,,,,,,,,,,,,,,,,,,,,,4222943.38812621,0.0
20250918,4222943.38812621,4222943.38812621,,NO_PLAN,,,0.0,4222943.38812621,4222943.38812621,,,,,,,,,,,,,,,,,,,,,,,,,4222943.38812621,0.0
20250919,4222943.38812621,4222943.38812621,,NO_PLAN,,,0.0,4222943.38812621,4222943.38812621,,,,,,,,,,,,,,,,,,,,,,,,,4222943.38812621,0.0
20250922,4222943.38812621,4222943.38812621,,NO_PLAN,,,0.0,4222943.38812621,4222943.38812621,,,,,,,,,,,,,,,,,,,,,,,,,4222943.38812621,0.0
20250923,4222943.38812621,4222943.38812621,,NO_PLAN,,,0.0,4222943.38812621,4222943.38812621,,,,,,,,,,,,,,,,,,,,,,,,,4222943.38812621,0.0
20250924,4222943.38812621,4222943.38812621,,NO_PLAN,,,0.0,4222943.38812621,4222943.38812621,,,,,,,,,,,,,,,,,,,,,,,,,4222943.38812621,0.0
20250925,4222943.38812621,4222943.38812621,,NO_PLAN,,,0.0,4222943.38812621,4222943.38812621,,,,,,,,,,,,,,,,,,,,,,,,,4222943.38812621,0.0
20250926,4222943.38812621,4222943.38812621,,NO_PLAN,,,0.0,4222943.38812621,4222943.38812621,,,,,,,,,,,,,,,,,,,,,,,,,4222943.38812621,0.0
20250929,4222943.38812621,4222943.38812621,,NO_PLAN,,,0.0,4222943.38812621,4222943.38812621,,,,,,,,,,,,,,,,,,,,,,,,,4222943.38812621,0.0
20250930,4222943.38812621,4222943.38812621,,NO_PLAN,,,0.0,4222943.38812621,4222943.38812621,,,,,,,,,,,,,,,,,,,,,,,,,4222943.38812621,0.0
20251009,4222943.38812621,4222943.38812621,,NO_PLAN,,,0.0,4222943.38812621,4222943.38812621,,,,,,,,,,,,,,,,,,,,,,,,,4222943.38812621,0.0
20251010,4222943.38812621,4222943.38812621,,NO_PLAN,,,0.0,4222943.38812621,4222943.38812621,,,,,,,,,,,,,,,,,,,,,,,,,4222943.38812621,0.0
20251013,4222943.38812621,4222943.38812621,20251010,EXECUTED,OK,C,0.052705471235995116,4445515.609400332,4445515.609400332,601212.SH,白银有色,20251015,True,True,True,687800.0,0.8249573692594055,5.065059999999999,5.3946000000000005,3483748.267999999,3710405.8800000004,3710405.880000001,4.656612873077393e-10,1045.1244803999996,1113.1217640000002,71.94154148000001,1855.2029400000004,3480.267999999586,3714.119999999896,4085.39072588,7194.387999999482,1.004,1.004,4445515.609400332,0.0
20251014,4445515.609400332,4445515.609400332,,SKIP_OCCUPIED,,,0.0,4445515.609400332,4445515.609400332,,,,,,,,,,,,,,,,,,,,,,,,,4445515.609400332,0.0
20251015,4445515.609400332,4445515.609400332,,SKIP_OCCUPIED,,,0.0,4445515.609400332,4445515.609400332,,,,,,,,,,,,,,,,,,,,,,,,,4445515.609400332,0.0
20251016,4445515.609400332,4445515.609400332,,NO_PLAN,,,0.0,4445515.609400332,4445515.609400332,,,,,,,,,,,,,,,,,,,,,,,,,4445515.609400332,0.0
20251017,4445515.609400332,4445515.609400332,,NO_PLAN,,,0.0,4445515.609400332,4445515.609400332,,,,,,,,,,,,,,,,,,,,,,,,,4445515.609400332,0.0
20251020,4445515.609400332,4445515.609400332,,NO_PLAN,,,0.0,4445515.609400332,4445515.609400332,,,,,,,,,,,,,,,,,,,,,,,,,4445515.609400332,0.0
20251021,4445515.609400332,4445515.609400332,,NO_PLAN,,,0.0,4445515.609400332,4445515.609400332,,,,,,,,,,,,,,,,,,,,,,,,,4445515.609400332,0.0
20251022,4445515.609400332,4445515.609400332,,NO_PLAN,,,0.0,4445515.609400332,4445515.609400332,,,,,,,,,,,,,,,,,,,,,,,,,4445515.609400332,0.0
20251023,4445515.609400332,4445515.609400332,,NO_PLAN,,,0.0,4445515.609400332,4445515.609400332,,,,,,,,,,,,,,,,,,,,,,,,,4445515.609400332,0.0
20251024,4445515.609400332,4445515.609400332,,NO_PLAN,,,0.0,4445515.609400332,4445515.609400332,,,,,,,,,,,,,,,,,,,,,,,,,4445515.609400332,0.0
20251027,4445515.609400332,4445515.609400332,,NO_PLAN,,,0.0,4445515.609400332,4445515.609400332,,,,,,,,,,,,,,,,,,,,,,,,,4445515.609400332,0.0
20251028,4445515.609400332,4445515.609400332,,NO_PLAN,,,0.0,4445515.609400332,4445515.609400332,,,,,,,,,,,,,,,,,,,,,,,,,4445515.609400332,0.0
20251029,4445515.609400332,4445515.609400332,,NO_PLAN,,,0.0,4445515.609400332,4445515.609400332,,,,,,,,,,,,,,,,,,,,,,,,,4445515.609400332,0.0
20251030,4445515.609400332,4445515.609400332,,NO_PLAN,,,0.0,4445515.609400332,4445515.609400332,,,,,,,,,,,,,,,,,,,,,,,,,4445515.609400332,0.0
20251031,4445515.609400332,4445515.609400332,,NO_PLAN,,,0.0,4445515.609400332,4445515.609400332,,,,,,,,,,,,,,,,,,,,,,,,,4445515.609400332,0.0
20251103,4445515.609400332,4445515.609400332,,NO_PLAN,,,0.0,4445515.609400332,4445515.609400332,,,,,,,,,,,,,,,,,,,,,,,,,4445515.609400332,0.0
20251104,4445515.609400332,4445515.609400332,,NO_PLAN,,,0.0,4445515.609400332,4445515.609400332,,,,,,,,,,,,,,,,,,,,,,,,,4445515.609400332,0.0
20251105,4445515.609400332,4445515.609400332,,NO_PLAN,,,0.0,4445515.609400332,4445515.609400332,,,,,,,,,,,,,,,,,,,,,,,,,4445515.609400332,0.0
20251106,4445515.609400332,4445515.609400332,,NO_PLAN,,,0.0,4445515.609400332,4445515.609400332,,,,,,,,,,,,,,,,,,,,,,,,,4445515.609400332,0.0
20251107,4445515.609400332,4445515.609400332,,NO_PLAN,,,0.0,4445515.609400332,4445515.609400332,,,,,,,,,,,,,,,,,,,,,,,,,4445515.609400332,0.0
20251110,4445515.609400332,4445515.609400332,,NO_PLAN,,,0.0,4445515.609400332,4445515.609400332,,,,,,,,,,,,,,,,,,,,,,,,,4445515.609400332,0.0
20251111,4445515.609400332,4445515.609400332,,NO_PLAN,,,0.0,4445515.609400332,4445515.609400332,,,,,,,,,,,,,,,,,,,,,,,,,4445515.609400332,0.0
20251112,4445515.609400332,4445515.609400332,,NO_PLAN,,,0.0,4445515.609400332,4445515.609400332,,,,,,,,,,,,,,,,,,,,,,,,,4445515.609400332,0.0
20251113,4445515.609400332,4445515.609400332,,NO_PLAN,,,0.0,4445515.609400332,4445515.609400332,,,,,,,,,,,,,,,,,,,,,,,,,4445515.609400332,0.0
20251114,4445515.609400332,4445515.609400332,20251113,EXECUTED,OK,C,0.014228116583289152,4508766.923763712,4508766.923763712,002837.SZ,英维克,20251118,True,True,True,50200.0,0.8236911970924203,72.94287,74.28564,3661732.074,3729139.128,3729139.128,0.0,1098.5196222,1118.7417383999998,73.90871202000001,1864.5695640000001,3658.073999999732,3732.871999999932,4155.73963662,7390.945999999664,11.1562,11.1562,4508766.923763712,0.0
20251117,4508766.923763712,4508766.923763712,,SKIP_OCCUPIED,,,0.0,4508766.923763712,4508766.923763712,,,,,,,,,,,,,,,,,,,,,,,,,4508766.923763712,0.0
20251118,4508766.923763712,4508766.923763712,,SKIP_OCCUPIED,,,0.0,4508766.923763712,4508766.923763712,,,,,,,,,,,,,,,,,,,,,,,,,4508766.923763712,0.0
20251119,4508766.923763712,4508766.923763712,,NO_PLAN,,,0.0,4508766.923763712,4508766.923763712,,,,,,,,,,,,,,,,,,,,,,,,,4508766.923763712,0.0
20251120,4508766.923763712,4508766.923763712,,NO_PLAN,,,0.0,4508766.923763712,4508766.923763712,,,,,,,,,,,,,,,,,,,,,,,,,4508766.923763712,0.0
20251121,4508766.923763712,4508766.923763712,,NO_PLAN,,,0.0,4508766.923763712,4508766.923763712,,,,,,,,,,,,,,,,,,,,,,,,,4508766.923763712,0.0
20251124,4508766.923763712,4508766.923763712,,NO_PLAN,,,0.0,4508766.923763712,4508766.923763712,,,,,,,,,,,,,,,,,,,,,,,,,4508766.923763712,0.0
20251125,4508766.923763712,4508766.923763712,,NO_PLAN,,,0.0,4508766.923763712,4508766.923763712,,,,,,,,,,,,,,,,,,,,,,,,,4508766.923763712,0.0
20251126,4508766.923763712,4508766.923763712,,NO_PLAN,,,0.0,4508766.923763712,4508766.923763712,,,,,,,,,,,,,,,,,,,,,,,,,4508766.923763712,0.0
20251127,4508766.923763712,4508766.923763712,,NO_PLAN,,,0.0,4508766.923763712,4508766.923763712,,,,,,,,,,,,,,,,,,,,,,,,,4508766.923763712,0.0
20251128,4508766.923763712,4508766.923763712,,NO_PLAN,,,0.0,4508766.923763712,4508766.923763712,,,,,,,,,,,,,,,,,,,,,,,,,4508766.923763712,0.0
20251201,4508766.923763712,4508766.923763712,,NO_PLAN,,,0.0,4508766.923763712,4508766.923763712,,,,,,,,,,,,,,,,,,,,,,,,,4508766.923763712,0.0
20251202,4508766.923763712,4508766.923763712,20251201,EXECUTED,OK,C,0.21606802064741926,5482967.268541891,5482967.268541891,000078.SZ,海王生物,20251204,True,True,True,977800.0,0.8249163691289794,3.8037999999999994,4.80519,3719355.639999999,4698514.782,4698514.781999999,-9.313225746154785e-10,1115.8066919999997,1409.5544345999995,84.17870421999999,2349.257390999999,3715.6399999995906,4703.217999999982,4958.7972218199975,8418.857999999573,20.484,20.484,5482967.268541891,0.0
20251203,5482967.268541891,5482967.268541891,,SKIP_OCCUPIED,,,0.0,5482967.268541891,5482967.268541891,,,,,,,,,,,,,,,,,,,,,,,,,5482967.268541891,0.0
20251204,5482967.268541891,5482967.268541891,,SKIP_OCCUPIED,,,0.0,5482967.268541891,5482967.268541891,,,,,,,,,,,,,,,,,,,,,,,,,5482967.268541891,0.0
20251205,5482967.268541891,5482967.268541891,,NO_PLAN,,,0.0,5482967.268541891,5482967.268541891,,,,,,,,,,,,,,,,,,,,,,,,,5482967.268541891,0.0
20251208,5482967.268541891,5482967.268541891,,NO_PLAN,,,0.0,5482967.268541891,5482967.268541891,,,,,,,,,,,,,,,,,,,,,,,,,5482967.268541891,0.0
20251209,5482967.268541891,5482967.268541891,,NO_PLAN,,,0.0,5482967.268541891,5482967.268541891,,,,,,,,,,,,,,,,,,,,,,,,,5482967.268541891,0.0
20251210,5482967.268541891,5482967.268541891,,NO_PLAN,,,0.0,5482967.268541891,5482967.268541891,,,,,,,,,,,,,,,,,,,,,,,,,5482967.268541891,0.0
20251211,5482967.268541891,5482967.268541891,,NO_PLAN,,,0.0,5482967.268541891,5482967.268541891,,,,,,,,,,,,,,,,,,,,,,,,,5482967.268541891,0.0
20251212,5482967.268541891,5482967.268541891,,NO_PLAN,,,0.0,5482967.268541891,5482967.268541891,,,,,,,,,,,,,,,,,,,,,,,,,5482967.268541891,0.0
20251215,5482967.268541891,5482967.268541891,,NO_PLAN,,,0.0,5482967.268541891,5482967.268541891,,,,,,,,,,,,,,,,,,,,,,,,,5482967.268541891,0.0
20251216,5482967.268541891,5482967.268541891,,NO_PLAN,,,0.0,5482967.268541891,5482967.268541891,,,,,,,,,,,,,,,,,,,,,,,,,5482967.268541891,0.0
20251217,5482967.268541891,5482967.268541891,,NO_PLAN,,,0.0,5482967.268541891,5482967.268541891,,,,,,,,,,,,,,,,,,,,,,,,,5482967.268541891,0.0
20251218,5482967.268541891,5482967.268541891,,NO_PLAN,,,0.0,5482967.268541891,5482967.268541891,,,,,,,,,,,,,,,,,,,,,,,,,5482967.268541891,0.0
20251219,5482967.268541891,5482967.268541891,20251218,EXECUTED,OK,C,0.17268790865606953,6429809.4193760725,6429809.4193760725,002703.SZ,浙江世宝,20251223,True,True,True,295300.0,0.8248468153271898,15.315299999999999,18.541439999999998,4522608.09,5475287.232,5475287.232000001,9.313225746154785e-10,1356.7824269999999,1642.5861696000002,99.97895322000001,2737.6436160000003,4518.089999999437,5480.768000000236,5836.99116582,9998.857999999673,2.5624,2.5624,6429809.4193760725,0.0
20251222,6429809.4193760725,6429809.4193760725,,SKIP_OCCUPIED,,,0.0,6429809.4193760725,6429809.4193760725,,,,,,,,,,,,,,,,,,,,,,,,,6429809.4193760725,0.0
20251223,6429809.4193760725,6429809.4193760725,,SKIP_OCCUPIED,,,0.0,6429809.4193760725,6429809.4193760725,,,,,,,,,,,,,,,,,,,,,,,,,6429809.4193760725,0.0
20251224,6429809.4193760725,6429809.4193760725,,NO_PLAN,,,0.0,6429809.4193760725,6429809.4193760725,,,,,,,,,,,,,,,,,,,,,,,,,6429809.4193760725,0.0
20251225,6429809.4193760725,6429809.4193760725,,NO_PLAN,,,0.0,6429809.4193760725,6429809.4193760725,,,,,,,,,,,,,,,,,,,,,,,,,6429809.4193760725,0.0
20251226,6429809.4193760725,6429809.4193760725,20251225,EXECUTED,OK,C,-0.1466795506096379,5486687.863236373,5486687.863236373,603163.SH,圣晖集成,20251230,True,True,True,62300.0,0.8249913631988697,85.14505999999999,70.08984,5304537.237999999,4366597.032,4366597.032,0.0,1591.3611713999996,1309.9791095999997,96.71134269999999,2183.298516,5299.237999999026,4370.968000000083,5181.350139699999,9670.205999999109,1.3436,1.3436,6429809.4193760725,-0.1466795506096379
20251229,5486687.863236373,5486687.863236373,,SKIP_OCCUPIED,,,0.0,5486687.863236373,5486687.863236373,,,,,,,,,,,,,,,,,,,,,,,,,6429809.4193760725,-0.1466795506096379
20251230,5486687.863236373,5486687.863236373,,SKIP_OCCUPIED,,,0.0,5486687.863236373,5486687.863236373,,,,,,,,,,,,,,,,,,,,,,,,,6429809.4193760725,-0.1466795506096379
20251231,5486687.863236373,5486687.863236373,,NO_PLAN,,,0.0,5486687.863236373,5486687.863236373,,,,,,,,,,,,,,,,,,,,,,,,,6429809.4193760725,-0.1466795506096379
20260105,5486687.863236373,5486687.863236373,,NO_PLAN,,,0.0,5486687.863236373,5486687.863236373,,,,,,,,,,,,,,,,,,,,,,,,,6429809.4193760725,-0.1466795506096379
20260106,5486687.863236373,5486687.863236373,,NO_PLAN,,,0.0,5486687.863236373,5486687.863236373,,,,,,,,,,,,,,,,,,,,,,,,,6429809.4193760725,-0.1466795506096379
20260107,5486687.863236373,5486687.863236373,,NO_PLAN,,,0.0,5486687.863236373,5486687.863236373,,,,,,,,,,,,,,,,,,,,,,,,,6429809.4193760725,-0.1466795506096379
20260108,5486687.863236373,5486687.863236373,,NO_PLAN,,,0.0,5486687.863236373,5486687.863236373,,,,,,,,,,,,,,,,,,,,,,,,,6429809.4193760725,-0.1466795506096379
20260109,5486687.863236373,5486687.863236373,,NO_PLAN,,,0.0,5486687.863236373,5486687.863236373,,,,,,,,,,,,,,,,,,,,,,,,,6429809.4193760725,-0.1466795506096379
20260112,5486687.863236373,5486687.863236373,20260109,EXECUTED,OK,C,0.037282333485005426,5691244.3898816835,5691244.3898816835,603882.SH,金域医学,20260114,True,True,True,128100.0,0.8245206362680786,35.315279999999994,36.95301,4523887.367999999,4733680.581,4733680.580999999,-9.313225746154785e-10,1357.1662103999995,1420.1041742999996,92.57567948999998,2366.8402905,4519.367999999115,4738.41900000038,5236.686354689999,9257.786999999495,1.1061,1.1061,6429809.4193760725,-0.11486577304589174
20260113,5691244.3898816835,5691244.3898816835,,SKIP_OCCUPIED,,,0.0,5691244.3898816835,5691244.3898816835,,,,,,,,,,,,,,,,,,,,,,,,,6429809.4193760725,-0.11486577304589174
20260114,5691244.3898816835,5691244.3898816835,,SKIP_OCCUPIED,,,0.0,5691244.3898816835,5691244.3898816835,,,,,,,,,,,,,,,,,,,,,,,,,6429809.4193760725,-0.11486577304589174
20260115,5691244.3898816835,5691244.3898816835,20260114,EXECUTED,OK,C,-0.04511130338594305,5434504.937566184,5434504.937566184,002194.SZ,武汉凡谷,20260119,True,True,True,323400.0,0.8247738066468069,14.514499999999998,13.73625,4693989.3,4442303.25,4442303.250000001,9.313225746154785e-10,1408.1967899999997,1332.6909750000002,91.36292550000002,2221.1516250000004,4689.299999999412,4446.749999999977,5053.4023155,9136.049999999388,3.9025,3.9025,6429809.4193760725,-0.1547953316953007
20260116,5434504.937566184,5434504.937566184,,SKIP_OCCUPIED,,,0.0,5434504.937566184,5434504.937566184,,,,,,,,,,,,,,,,,,,,,,,,,6429809.4193760725,-0.1547953316953007
20260119,5434504.937566184,5434504.937566184,,SKIP_OCCUPIED,,,0.0,5434504.937566184,5434504.937566184,,,,,,,,,,,,,,,,,,,,,,,,,6429809.4193760725,-0.1547953316953007
20260120,5434504.937566184,5434504.937566184,,NO_PLAN,,,0.0,5434504.937566184,5434504.937566184,,,,,,,,,,,,,,,,,,,,,,,,,6429809.4193760725,-0.1547953316953007
20260121,5434504.937566184,5434504.937566184,,NO_PLAN,,,0.0,5434504.937566184,5434504.937566184,,,,,,,,,,,,,,,,,,,,,,,,,6429809.4193760725,-0.1547953316953007
20260122,5434504.937566184,5434504.937566184,,NO_PLAN,,,0.0,5434504.937566184,5434504.937566184,,,,,,,,,,,,,,,,,,,,,,,,,6429809.4193760725,-0.1547953316953007
20260123,5434504.937566184,5434504.937566184,20260122,PLAN_NOT_EXECUTED,LIMIT_UP_UNBUYABLE,C,0.0,5434504.937566184,5434504.937566184,601212.SH,白银有色,,False,False,False,,,,,,,,,,,,,,,,,,,6429809.4193760725,-0.1547953316953007
20260126,5434504.937566184,5434504.937566184,,NO_PLAN,,,0.0,5434504.937566184,5434504.937566184,,,,,,,,,,,,,,,,,,,,,,,,,6429809.4193760725,-0.1547953316953007
20260127,5434504.937566184,5434504.937566184,20260126,EXECUTED,OK,C,0.15557276008140208,6279965.870379363,6279965.870379363,000603.SZ,盛达资源,20260129,True,True,True,78700.0,0.8242437781289526,56.91685999999999,67.73219999999999,4479356.881999999,5330524.14,5330524.139999999,-9.313225746154785e-10,1343.8070645999996,1599.1572419999995,98.09881021999999,2665.2620699999993,4474.8819999994685,5335.860000000426,5706.325186819999,9810.741999999895,4.3216,4.3216,6429809.4193760725,-0.02330450861345279
20260128,6279965.870379363,6279965.870379363,,SKIP_OCCUPIED,,,0.0,6279965.870379363,6279965.870379363,,,,,,,,,,,,,,,,,,,,,,,,,6429809.4193760725,-0.02330450861345279
20260129,6279965.870379363,6279965.870379363,,SKIP_OCCUPIED,,,0.0,6279965.870379363,6279965.870379363,,,,,,,,,,,,,,,,,,,,,,,,,6429809.4193760725,-0.02330450861345279
20260130,6279965.870379363,6279965.870379363,20260129,EXECUTED,OK,C,0.008313361788128137,6332173.498676924,6332173.498676924,603162.SH,海通发展,20260203,True,True,True,360400.0,0.8249279456174898,14.374359999999998,14.53545,5180519.344,5238576.180000001,5238576.180000001,0.0,1554.1558031999998,1571.572854,104.19095524000001,2619.2880900000005,5175.343999999334,5243.819999999942,5849.2077024400005,10419.163999999277,2.2567,2.2567,6429809.4193760725,-0.015184885636722711
20260202,6332173.498676924,6332173.498676924,,SKIP_OCCUPIED,,,0.0,6332173.498676924,6332173.498676924,,,,,,,,,,,,,,,,,,,,,,,,,6429809.4193760725,-0.015184885636722711
20260203,6332173.498676924,6332173.498676924,,SKIP_OCCUPIED,,,0.0,6332173.498676924,6332173.498676924,,,,,,,,,,,,,,,,,,,,,,,,,6429809.4193760725,-0.015184885636722711
20260204,6332173.498676924,6332173.498676924,,NO_PLAN,,,0.0,6332173.498676924,6332173.498676924,,,,,,,,,,,,,,,,,,,,,,,,,6429809.4193760725,-0.015184885636722711
20260205,6332173.498676924,6332173.498676924,,NO_PLAN,,,0.0,6332173.498676924,6332173.498676924,,,,,,,,,,,,,,,,,,,,,,,,,6429809.4193760725,-0.015184885636722711
20260206,6332173.498676924,6332173.498676924,,NO_PLAN,,,0.0,6332173.498676924,6332173.498676924,,,,,,,,,,,,,,,,,,,,,,,,,6429809.4193760725,-0.015184885636722711
20260209,6332173.498676924,6332173.498676924,,NO_PLAN,,,0.0,6332173.498676924,6332173.498676924,,,,,,,,,,,,,,,,,,,,,,,,,6429809.4193760725,-0.015184885636722711
20260210,6332173.498676924,6332173.498676924,,NO_PLAN,,,0.0,6332173.498676924,6332173.498676924,,,,,,,,,,,,,,,,,,,,,,,,,6429809.4193760725,-0.015184885636722711
20260211,6332173.498676924,6332173.498676924,,NO_PLAN,,,0.0,6332173.498676924,6332173.498676924,,,,,,,,,,,,,,,,,,,,,,,,,6429809.4193760725,-0.015184885636722711
20260212,6332173.498676924,6332173.498676924,,NO_PLAN,,,0.0,6332173.498676924,6332173.498676924,,,,,,,,,,,,,,,,,,,,,,,,,6429809.4193760725,-0.015184885636722711
20260213,6332173.498676924,6332173.498676924,,NO_PLAN,,,0.0,6332173.498676924,6332173.498676924,,,,,,,,,,,,,,,,,,,,,,,,,6429809.4193760725,-0.015184885636722711
20260224,6332173.498676924,6332173.498676924,,NO_PLAN,,,0.0,6332173.498676924,6332173.498676924,,,,,,,,,,,,,,,,,,,,,,,,,6429809.4193760725,-0.015184885636722711
20260225,6332173.498676924,6332173.498676924,,NO_PLAN,,,0.0,6332173.498676924,6332173.498676924,,,,,,,,,,,,,,,,,,,,,,,,,6429809.4193760725,-0.015184885636722711
20260226,6332173.498676924,6332173.498676924,,NO_PLAN,,,0.0,6332173.498676924,6332173.498676924,,,,,,,,,,,,,,,,,,,,,,,,,6429809.4193760725,-0.015184885636722711
20260227,6332173.498676924,6332173.498676924,,NO_PLAN,,,0.0,6332173.498676924,6332173.498676924,,,,,,,,,,,,,,,,,,,,,,,,,6429809.4193760725,-0.015184885636722711
20260302,6332173.498676924,6332173.498676924,20260227,EXECUTED,OK,C,0.093647167300688,6925163.609684505,6925163.609684505,603530.SH,神马电力,20260304,True,True,True,86700.0,0.8246703505662156,60.230169999999994,67.14278999999999,5221955.738999999,5821279.892999999,5821279.892999999,0.0,1566.5867216999995,1746.3839678999996,110.43235632,2910.6399464999995,5216.738999999331,5827.107000000249,6334.042992419998,11043.84599999958,1.058,1.058,6925163.609684505,0.0
20260303,6925163.609684505,6925163.609684505,,SKIP_OCCUPIED,,,0.0,6925163.609684505,6925163.609684505,,,,,,,,,,,,,,,,,,,,,,,,,6925163.609684505,0.0
20260304,6925163.609684505,6925163.609684505,,SKIP_OCCUPIED,,,0.0,6925163.609684505,6925163.609684505,,,,,,,,,,,,,,,,,,,,,,,,,6925163.609684505,0.0
20260305,6925163.609684505,6925163.609684505,,NO_PLAN,,,0.0,6925163.609684505,6925163.609684505,,,,,,,,,,,,,,,,,,,,,,,,,6925163.609684505,0.0
20260306,6925163.609684505,6925163.609684505,,NO_PLAN,,,0.0,6925163.609684505,6925163.609684505,,,,,,,,,,,,,,,,,,,,,,,,,6925163.609684505,0.0
20260309,6925163.609684505,6925163.609684505,20260306,EXECUTED,OK,C,0.011394869771802707,7004074.947165287,7004074.947165287,002913.SZ,奥士康,20260311,True,True,True,110100.0,0.8248454195380712,51.881829999999994,52.65729,5712189.482999999,5797567.629000001,5797567.629000002,9.313225746154785e-10,1713.6568448999997,1739.2702887000003,115.09757112000003,2898.783814500001,5706.482999999491,5803.3709999997345,6466.8085192200015,11509.853999999224,2.2659,2.2659,7004074.947165287,0.0
20260310,7004074.947165287,7004074.947165287,,SKIP_OCCUPIED,,,0.0,7004074.947165287,7004074.947165287,,,,,,,,,,,,,,,,,,,,,,,,,7004074.947165287,0.0
20260311,7004074.947165287,7004074.947165287,,SKIP_OCCUPIED,,,0.0,7004074.947165287,7004074.947165287,,,,,,,,,,,,,,,,,,,,,,,,,7004074.947165287,0.0
20260312,7004074.947165287,7004074.947165287,20260311,EXECUTED,OK,C,0.17193300417896307,8208306.594326028,8208306.594326028,600726.SH,华电能源,20260316,True,True,True,1590200.0,0.8249766699510507,3.6336299999999997,4.3956,5778198.426,6989883.12,6989883.120000001,9.313225746154785e-10,1733.4595278,2096.9649360000003,127.68081546000002,3494.9415600000007,5772.425999999682,6996.880000000642,7453.046839260001,12769.306000000324,3.597,3.597,8208306.594326028,0.0
20260313,8208306.594326028,8208306.594326028,,SKIP_OCCUPIED,,,0.0,8208306.594326028,8208306.594326028,,,,,,,,,,,,,,,,,,,,,,,,,8208306.594326028,0.0
20260316,8208306.594326028,8208306.594326028,,SKIP_OCCUPIED,,,0.0,8208306.594326028,8208306.594326028,,,,,,,,,,,,,,,,,,,,,,,,,8208306.594326028,0.0
20260317,8208306.594326028,8208306.594326028,20260316,EXECUTED,OK,C,0.009425176344548314,8285671.331467669,8285671.331467669,000617.SZ,中油资本,20260318,True,True,True,704600.0,0.8248868487296008,9.609599999999999,9.73026,6770924.159999999,6855941.1959999995,6855941.196,9.313225746154785e-10,2031.2772479999996,2056.7823588,136.26865356000002,3427.9705980000003,6764.159999999255,6862.804000000527,7652.29885836,13626.963999999782,7.9758,7.9758,8285671.331467669,0.0
20260318,8285671.331467669,8285671.331467669,,SKIP_OCCUPIED,,,0.0,8285671.331467669,8285671.331467669,,,,,,,,,,,,,,,,,,,,,,,,,8285671.331467669,0.0
20260319,8285671.331467669,8285671.331467669,,NO_PLAN,,,0.0,8285671.331467669,8285671.331467669,,,,,,,,,,,,,,,,,,,,,,,,,8285671.331467669,0.0
20260320,8285671.331467669,8285671.331467669,,NO_PLAN,,,0.0,8285671.331467669,8285671.331467669,,,,,,,,,,,,,,,,,,,,,,,,,8285671.331467669,0.0
20260323,8285671.331467669,8285671.331467669,,NO_PLAN,,,0.0,8285671.331467669,8285671.331467669,,,,,,,,,,,,,,,,,,,,,,,,,8285671.331467669,0.0
20260324,8285671.331467669,8285671.331467669,,NO_PLAN,,,0.0,8285671.331467669,8285671.331467669,,,,,,,,,,,,,,,,,,,,,,,,,8285671.331467669,0.0
20260325,8285671.331467669,8285671.331467669,,NO_PLAN,,,0.0,8285671.331467669,8285671.331467669,,,,,,,,,,,,,,,,,,,,,,,,,8285671.331467669,0.0
20260326,8285671.331467669,8285671.331467669,20260325,EXECUTED,OK,C,-0.04761850933443579,7891120.013828109,7891120.013828109,600780.SH,通宝能源,20260330,True,True,True,890300.0,0.8249699182539523,7.677669999999999,7.24275,6835429.600999999,6448220.325,6448220.324999999,-9.313225746154785e-10,2050.6288802999993,1934.4660974999997,132.83649925999998,3224.1101624999997,6828.6009999992675,6454.674999999981,7342.041639559999,13283.275999999249,11.9387,11.9387,8285671.331467669,-0.04761850933443579
20260327,7891120.013828109,7891120.013828109,,SKIP_OCCUPIED,,,0.0,7891120.013828109,7891120.013828109,,,,,,,,,,,,,,,,,,,,,,,,,8285671.331467669,-0.04761850933443579
20260330,7891120.013828109,7891120.013828109,,SKIP_OCCUPIED,,,0.0,7891120.013828109,7891120.013828109,,,,,,,,,,,,,,,,,,,,,,,,,8285671.331467669,-0.04761850933443579
20260331,7891120.013828109,7891120.013828109,,NO_PLAN,,,0.0,7891120.013828109,7891120.013828109,,,,,,,,,,,,,,,,,,,,,,,,,8285671.331467669,-0.04761850933443579
20260401,7891120.013828109,7891120.013828109,,NO_PLAN,,,0.0,7891120.013828109,7891120.013828109,,,,,,,,,,,,,,,,,,,,,,,,,8285671.331467669,-0.04761850933443579
20260402,7891120.013828109,7891120.013828109,,NO_PLAN,,,0.0,7891120.013828109,7891120.013828109,,,,,,,,,,,,,,,,,,,,,,,,,8285671.331467669,-0.04761850933443579
20260403,7891120.013828109,7891120.013828109,,NO_PLAN,,,0.0,7891120.013828109,7891120.013828109,,,,,,,,,,,,,,,,,,,,,,,,,8285671.331467669,-0.04761850933443579
20260407,7891120.013828109,7891120.013828109,,NO_PLAN,,,0.0,7891120.013828109,7891120.013828109,,,,,,,,,,,,,,,,,,,,,,,,,8285671.331467669,-0.04761850933443579
20260408,7891120.013828109,7891120.013828109,,NO_PLAN,,,0.0,7891120.013828109,7891120.013828109,,,,,,,,,,,,,,,,,,,,,,,,,8285671.331467669,-0.04761850933443579
20260409,7891120.013828109,7891120.013828109,,NO_PLAN,,,0.0,7891120.013828109,7891120.013828109,,,,,,,,,,,,,,,,,,,,,,,,,8285671.331467669,-0.04761850933443579
20260410,7891120.013828109,7891120.013828109,,NO_PLAN,,,0.0,7891120.013828109,7891120.013828109,,,,,,,,,,,,,,,,,,,,,,,,,8285671.331467669,-0.04761850933443579
20260413,7891120.013828109,7891120.013828109,,NO_PLAN,,,0.0,7891120.013828109,7891120.013828109,,,,,,,,,,,,,,,,,,,,,,,,,8285671.331467669,-0.04761850933443579
20260414,7891120.013828109,7891120.013828109,20260413,EXECUTED,OK,C,0.005587932989859601,7935215.06368032,7935215.06368032,605255.SH,天普股份,20260416,True,True,True,58100.0,0.8246370347424483,112.00188999999999,112.887,6507309.808999999,6558734.7,6558734.7,0.0,1952.1929426999995,1967.62041,130.66044509,3279.36735,6500.808999999319,6565.299999999974,7329.841147789999,13066.108999999293,1.1377,1.1377,8285671.331467669,-0.04229666538381405
20260415,7935215.06368032,7935215.06368032,,SKIP_OCCUPIED,,,0.0,7935215.06368032,7935215.06368032,,,,,,,,,,,,,,,,,,,,,,,,,8285671.331467669,-0.04229666538381405
20260416,7935215.06368032,7935215.06368032,,SKIP_OCCUPIED,,,0.0,7935215.06368032,7935215.06368032,,,,,,,,,,,,,,,,,,,,,,,,,8285671.331467669,-0.04229666538381405
20260417,7935215.06368032,7935215.06368032,,NO_PLAN,,,0.0,7935215.06368032,7935215.06368032,,,,,,,,,,,,,,,,,,,,,,,,,8285671.331467669,-0.04229666538381405
20260420,7935215.06368032,7935215.06368032,,NO_PLAN,,,0.0,7935215.06368032,7935215.06368032,,,,,,,,,,,,,,,,,,,,,,,,,8285671.331467669,-0.04229666538381405
20260421,7935215.06368032,7935215.06368032,,NO_PLAN,,,0.0,7935215.06368032,7935215.06368032,,,,,,,,,,,,,,,,,,,,,,,,,8285671.331467669,-0.04229666538381405
20260422,7935215.06368032,7935215.06368032,,NO_PLAN,,,0.0,7935215.06368032,7935215.06368032,,,,,,,,,,,,,,,,,,,,,,,,,8285671.331467669,-0.04229666538381405
20260423,7935215.06368032,7935215.06368032,,NO_PLAN,,,0.0,7935215.06368032,7935215.06368032,,,,,,,,,,,,,,,,,,,,,,,,,8285671.331467669,-0.04229666538381405
20260424,7935215.06368032,7935215.06368032,,NO_PLAN,,,0.0,7935215.06368032,7935215.06368032,,,,,,,,,,,,,,,,,,,,,,,,,8285671.331467669,-0.04229666538381405
20260427,7935215.06368032,7935215.06368032,,NO_PLAN,,,0.0,7935215.06368032,7935215.06368032,,,,,,,,,,,,,,,,,,,,,,,,,8285671.331467669,-0.04229666538381405
20260428,7935215.06368032,7935215.06368032,20260427,EXECUTED,OK,C,0.08523055436349636,8611537.84255136,8611537.84255136,600338.SH,西藏珠峰,20260430,True,True,True,262400.0,0.82487329649818,24.94492,27.552419999999998,6545547.008,7229755.007999999,7229755.007999999,0.0,1963.6641024,2168.9265023999997,137.75302016,3614.8775039999996,6539.00799999949,7236.9920000001,7885.22112896,13775.999999999589,1.9034,1.9034,8611537.84255136,0.0
20260429,8611537.84255136,8611537.84255136,,SKIP_OCCUPIED,,,0.0,8611537.84255136,8611537.84255136,,,,,,,,,,,,,,,,,,,,,,,,,8611537.84255136,0.0
20260430,8611537.84255136,8611537.84255136,,SKIP_OCCUPIED,,,0.0,8611537.84255136,8611537.84255136,,,,,,,,,,,,,,,,,,,,,,,,,8611537.84255136,0.0
20260506,8611537.84255136,8611537.84255136,,NO_PLAN,,,0.0,8611537.84255136,8611537.84255136,,,,,,,,,,,,,,,,,,,,,,,,,8611537.84255136,0.0
20260507,8611537.84255136,8611537.84255136,20260506,EXECUTED,OK,C,0.061374906920934835,9140070.176084058,9140070.176084058,001287.SZ,中电港,20260511,True,True,True,248500.0,0.8249696267833161,28.588559999999994,30.74922,7104257.159999998,7641181.17,7641181.169999999,-9.313225746154785e-10,2131.277147999999,2292.3543509999995,147.4543833,3820.5905849999995,7097.159999998821,7648.830000000007,8391.676467299998,14745.989999998828,1.0152,1.0152,9140070.176084058,0.0
20260508,9140070.176084058,9140070.176084058,,SKIP_OCCUPIED,,,0.0,9140070.176084058,9140070.176084058,,,,,,,,,,,,,,,,,,,,,,,,,9140070.176084058,0.0
20260511,9140070.176084058,9140070.176084058,,SKIP_OCCUPIED,,,0.0,9140070.176084058,9140070.176084058,,,,,,,,,,,,,,,,,,,,,,,,,9140070.176084058,0.0
20260512,9140070.176084058,9140070.176084058,,NO_PLAN,,,0.0,9140070.176084058,9140070.176084058,,,,,,,,,,,,,,,,,,,,,,,,,9140070.176084058,0.0
20260513,9140070.176084058,9140070.176084058,,NO_PLAN,,,0.0,9140070.176084058,9140070.176084058,,,,,,,,,,,,,,,,,,,,,,,,,9140070.176084058,0.0
20260514,9140070.176084058,9140070.176084058,20260513,EXECUTED,OK,C,0.051790265249085365,9613436.834898707,9613436.834898707,002654.SZ,万润科技,20260518,True,True,True,440500.0,0.8249479932582365,17.1171,18.21177,7540082.550000001,8022284.6850000005,8022284.6850000005,0.0,2262.024765,2406.6854055,155.62367235000002,4011.1423425000003,7532.549999999659,8030.314999999595,8835.47618535,15562.864999999254,6.222,6.222,9613436.834898707,0.0
20260515,9613436.834898707,9613436.834898707,,SKIP_OCCUPIED,,,0.0,9613436.834898707,9613436.834898707,,,,,,,,,,,,,,,,,,,,,,,,,9613436.834898707,0.0
20260518,9613436.834898707,9613436.834898707,,SKIP_OCCUPIED,,,0.0,9613436.834898707,9613436.834898707,,,,,,,,,,,,,,,,,,,,,,,,,9613436.834898707,0.0
20260519,9613436.834898707,9613436.834898707,,NO_PLAN,,,0.0,9613436.834898707,9613436.834898707,,,,,,,,,,,,,,,,,,,,,,,,,9613436.834898707,0.0
20260520,9613436.834898707,9613436.834898707,20260519,EXECUTED,OK,C,0.12726550754857846,10836895.75297829,10836895.75297829,605376.SH,博迁新材,20260522,True,True,True,59800.0,0.8243502358315021,132.52238999999997,153.1467,7924838.921999998,9158172.66,9158172.66,0.0,2377.4516765999992,2747.4517979999996,170.83011582,4579.08633,7916.921999999204,9167.340000000093,9874.81992042,17084.261999999297,1.045,1.045,10836895.75297829,0.0
20260521,10836895.75297829,10836895.75297829,,SKIP_OCCUPIED,,,0.0,10836895.75297829,10836895.75297829,,,,,,,,,,,,,,,,,,,,,,,,,10836895.75297829,0.0
20260522,10836895.75297829,10836895.75297829,,SKIP_OCCUPIED,,,0.0,10836895.75297829,10836895.75297829,,,,,,,,,,,,,,,,,,,,,,,,,10836895.75297829,0.0
20260525,10836895.75297829,10836895.75297829,,NO_PLAN,,,0.0,10836895.75297829,10836895.75297829,,,,,,,,,,,,,,,,,,,,,,,,,10836895.75297829,0.0
20260526,10836895.75297829,10836895.75297829,20260525,EXECUTED,OK,C,-0.04360264930967994,10364378.387855617,10364378.387855617,002156.SZ,通富微电,20260528,True,True,True,122300.0,0.8248927137223063,73.09301999999998,69.2307,8939276.345999997,8466914.61,8476396.037334826,9481.42733482644,2681.782903799999,2542.9188112004476,174.15672383334825,4238.198018667413,8930.345999998219,8475.3899999998,9637.056457501209,17405.735999998018,2.8168,2.82,10836895.75297829,-0.04360264930967994
20260527,10364378.387855617,10364378.387855617,,SKIP_OCCUPIED,,,0.0,10364378.387855617,10364378.387855617,,,,,,,,,,,,,,,,,,,,,,,,,10836895.75297829,-0.04360264930967994
20260528,10364378.387855617,10364378.387855617,,SKIP_OCCUPIED,,,0.0,10364378.387855617,10364378.387855617,,,,,,,,,,,,,,,,,,,,,,,,,10836895.75297829,-0.04360264930967994
20260529,10364378.387855617,10364378.387855617,,NO_PLAN,,,0.0,10364378.387855617,10364378.387855617,,,,,,,,,,,,,,,,,,,,,,,,,10836895.75297829,-0.04360264930967994
20260601,10364378.387855617,10364378.387855617,,NO_PLAN,,,0.0,10364378.387855617,10364378.387855617,,,,,,,,,,,,,,,,,,,,,,,,,10836895.75297829,-0.04360264930967994
20260602,10364378.387855617,10364378.387855617,,NO_PLAN,,,0.0,10364378.387855617,10364378.387855617,,,,,,,,,,,,,,,,,,,,,,,,,10836895.75297829,-0.04360264930967994
20260603,10364378.387855617,10364378.387855617,,NO_PLAN,,,0.0,10364378.387855617,10364378.387855617,,,,,,,,,,,,,,,,,,,,,,,,,10836895.75297829,-0.04360264930967994
20260604,10364378.387855617,10364378.387855617,,NO_PLAN,,,0.0,10364378.387855617,10364378.387855617,,,,,,,,,,,,,,,,,,,,,,,,,10836895.75297829,-0.04360264930967994
20260605,10364378.387855617,10364378.387855617,,NO_PLAN,,,0.0,10364378.387855617,10364378.387855617,,,,,,,,,,,,,,,,,,,,,,,,,10836895.75297829,-0.04360264930967994
20260608,10364378.387855617,10364378.387855617,,NO_PLAN,,,0.0,10364378.387855617,10364378.387855617,,,,,,,,,,,,,,,,,,,,,,,,,10836895.75297829,-0.04360264930967994
20260609,10364378.387855617,10364378.387855617,,NO_PLAN,,,0.0,10364378.387855617,10364378.387855617,,,,,,,,,,,,,,,,,,,,,,,,,10836895.75297829,-0.04360264930967994
20260610,10364378.387855617,10364378.387855617,,NO_PLAN,,,0.0,10364378.387855617,10364378.387855617,,,,,,,,,,,,,,,,,,,,,,,,,10836895.75297829,-0.04360264930967994
20260611,10364378.387855617,10364378.387855617,20260610,EXECUTED,OK,C,0.20882615244323421,12528731.649057316,12528731.649057316,002636.SZ,金安国纪,20260615,True,True,True,110300.0,0.8249576879611614,77.51744,97.24266,8550173.632,10725865.398,10725865.397999998,-1.862645149230957e-09,2565.0520895999994,3217.7596193999993,192.76039029999998,5362.932698999999,8541.63199999953,10736.602000000292,11338.504798299999,19278.233999999822,2.7328,2.7328,12528731.649057316,0.0
20260612,12528731.649057316,12528731.649057316,,SKIP_OCCUPIED,,,0.0,12528731.649057316,12528731.649057316,,,,,,,,,,,,,,,,,,,,,,,,,12528731.649057316,0.0
20260615,12528731.649057316,12528731.649057316,,SKIP_OCCUPIED,,,0.0,12528731.649057316,12528731.649057316,,,,,,,,,,,,,,,,,,,,,,,,,12528731.649057316,0.0
20260616,12528731.649057316,12528731.649057316,,NO_PLAN,,,0.0,12528731.649057316,12528731.649057316,,,,,,,,,,,,,,,,,,,,,,,,,12528731.649057316,0.0
20260617,12528731.649057316,12528731.649057316,20260616,EXECUTED,OK,C,0.14894370108449628,14394807.310762376,14394807.310762376,002436.SZ,兴森科技,20260622,True,True,True,229400.0,0.8249533618814217,45.055009999999996,53.2467,10335619.294,12214792.979999999,12214792.98,1.862645149230957e-09,3100.6857881999995,3664.4378939999997,225.50412274,6107.39649,10325.293999999489,12227.02000000003,13098.02429494,22552.31399999952,13.4885,13.4885,14394807.310762376,0.0
20260618,14394807.310762376,14394807.310762376,,SKIP_OCCUPIED,,,0.0,14394807.310762376,14394807.310762376,,,,,,,,,,,,,,,,,,,,,,,,,14394807.310762376,0.0
20260622,14394807.310762376,14394807.310762376,,SKIP_OCCUPIED,,,0.0,14394807.310762376,14394807.310762376,,,,,,,,,,,,,,,,,,,,,,,,,14394807.310762376,0.0
20260623,14394807.310762376,14394807.310762376,20260622,EXECUTED,OK,C,0.022784052145731426,14722779.35115854,14722779.35115854,603399.SH,永杉锂业,20260625,True,True,True,537700.0,0.8248476972055524,22.082059999999995,22.71726,11873523.661999997,12215070.702,12215070.702000001,1.862645149230957e-09,3562.057098599999,3664.5212106,240.88594364,6107.535351,11861.661999997954,12227.297999999393,13574.999603839999,24088.959999997347,1.471,1.471,14722779.35115854,0.0
20260624,14722779.35115854,14722779.35115854,,SKIP_OCCUPIED,,,0.0,14722779.35115854,14722779.35115854,,,,,,,,,,,,,,,,,,,,,,,,,14722779.35115854,0.0
20260625,14722779.35115854,14722779.35115854,,SKIP_OCCUPIED,,,0.0,14722779.35115854,14722779.35115854,,,,,,,,,,,,,,,,,,,,,,,,,14722779.35115854,0.0
20260626,14722779.35115854,14722779.35115854,20260625,EXECUTED,OK,C,0.03129660399175527,15183552.34616974,15183552.34616974,603690.SH,至纯科技,20260630,True,True,True,356800.0,0.8247988311421943,34.034,35.364599999999996,12143331.2,12618089.28,12618089.28,0.0,3642.9993599999993,3785.4267839999993,247.6142048,6309.04464,12131.199999999615,12630.720000000985,13985.0849888,24761.920000000602,1.2352,1.2352,15183552.34616974,0.0
20260629,15183552.34616974,15183552.34616974,,SKIP_OCCUPIED,,,0.0,15183552.34616974,15183552.34616974,,,,,,,,,,,,,,,,,,,,,,,,,15183552.34616974,0.0
20260630,15183552.34616974,15183552.34616974,,SKIP_OCCUPIED,,,0.0,15183552.34616974,15183552.34616974,,,,,,,,,,,,,,,,,,,,,,,,,15183552.34616974,0.0
20260701,15183552.34616974,15183552.34616974,20260630,EXECUTED,OK,C,0.082531552019256,16436674.486464743,16436674.486464743,603662.SH,柯力传感,20260703,True,True,True,172600.0,0.82497252384814,72.57249999999999,79.92,12526013.499999998,13794192.0,13794192.0,0.0,3757.8040499999993,4138.2576,263.202055,6897.0960000000005,12513.49999999843,13807.999999999705,15056.359705,26321.499999998137,2.5245,2.5245,16436674.486464743,0.0
20260702,16436674.486464743,16436674.486464743,,SKIP_OCCUPIED,,,0.0,16436674.486464743,16436674.486464743,,,,,,,,,,,,,,,,,,,,,,,,,16436674.486464743,0.0
20260703,16436674.486464743,16436674.486464743,,SKIP_OCCUPIED,,,0.0,16436674.486464743,16436674.486464743,,,,,,,,,,,,,,,,,,,,,,,,,16436674.486464743,0.0
20260706,16436674.486464743,16436674.486464743,20260703,EXECUTED,OK,C,0.04235788186273437,17132897.202578638,17132897.202578638,002141.SZ,贤丰控股,20260708,True,True,True,2551100.0,0.8249775434907032,5.315309999999999,5.594399999999999,13559887.340999998,14271873.839999998,14271873.839999998,0.0,4067.966202299999,4281.562151999999,278.31761180999996,7135.936919999999,13546.340999999244,14286.160000000693,15763.782886109995,27832.50099999994,8.059,8.059,17132897.202578638,0.0
20260707,17132897.202578638,17132897.202578638,,SKIP_OCCUPIED,,,0.0,17132897.202578638,17132897.202578638,,,,,,,,,,,,,,,,,,,,,,,,,17132897.202578638,0.0
20260708,17132897.202578638,17132897.202578638,,SKIP_OCCUPIED,,,0.0,17132897.202578638,17132897.202578638,,,,,,,,,,,,,,,,,,,,,,,,,17132897.202578638,0.0
20260709,17132897.202578638,17132897.202578638,20260708,EXECUTED,OK,C,0.13128065511807785,19382115.171403844,19382115.171403844,002841.SZ,视源股份,20260710,True,True,True,313000.0,0.824936335220221,45.15510999999999,52.39755,14133549.429999998,16400433.15,16400433.150000002,1.862645149230957e-09,4240.064828999999,4920.129945000001,305.3398258,8200.216575000002,14119.429999998118,16416.850000000104,17665.751174800003,30536.279999998224,1.823,1.823,19382115.171403844,0.0
20260710,19382115.171403844,19382115.171403844,,SKIP_OCCUPIED,,,0.0,19382115.171403844,19382115.171403844,,,,,,,,,,,,,,,,,,,,,,,,,19382115.171403844,0.0
20260713,19382115.171403844,19382115.171403844,,NO_PLAN,,,0.0,19382115.171403844,19382115.171403844,,,,,,,,,,,,,,,,,,,,,,,,,19382115.171403844,0.0
20260714,19382115.171403844,19382115.171403844,,NO_PLAN,,,0.0,19382115.171403844,19382115.171403844,,,,,,,,,,,,,,,,,,,,,,,,,19382115.171403844,0.0
20260715,19382115.171403844,19382115.171403844,,NO_PLAN,,,0.0,19382115.171403844,19382115.171403844,,,,,,,,,,,,,,,,,,,,,,,,,19382115.171403844,0.0
20260716,19382115.171403844,19382115.171403844,20260715,EXECUTED,OK,C,-0.17597215070205663,15971402.679536948,15971402.679536948,605255.SH,天普股份,20260720,True,True,True,196900.0,0.8247066147653191,81.18109999999999,63.936,15984558.589999998,12588998.4,12588998.4,0.0,4795.367576999999,3776.6995199999997,285.73556990000003,6294.4992,15968.58999999846,12601.600000000011,15152.3018669,28570.18999999847,1.138,1.138,19382115.171403844,-0.17597215070205663
20260717,15971402.679536948,15971402.679536948,,SKIP_OCCUPIED,,,0.0,15971402.679536948,15971402.679536948,,,,,,,,,,,,,,,,,,,,,,,,,19382115.171403844,-0.17597215070205663
20260720,15971402.679536948,15971402.679536948,,SKIP_OCCUPIED,,,0.0,15971402.679536948,15971402.679536948,,,,,,,,,,,,,,,,,,,,,,,,,19382115.171403844,-0.17597215070205663
20260721,15971402.679536948,15971402.679536948,,NO_PLAN,,,0.0,15971402.679536948,15971402.679536948,,,,,,,,,,,,,,,,,,,,,,,,,19382115.171403844,-0.17597215070205663
20260722,15971402.679536948,15971402.679536948,,NO_PLAN,,,0.0,15971402.679536948,15971402.679536948,,,,,,,,,,,,,,,,,,,,,,,,,19382115.171403844,-0.17597215070205663
20260723,15971402.679536948,15971402.679536948,,NO_PLAN,,,0.0,15971402.679536948,15971402.679536948,,,,,,,,,,,,,,,,,,,,,,,,,19382115.171403844,-0.17597215070205663
20260724,15971402.679536948,15971402.679536948,,NO_PLAN,,,0.0,15971402.679536948,15971402.679536948,,,,,,,,,,,,,,,,,,,,,,,,,19382115.171403844,-0.17597215070205663
20260727,15971402.679536948,15971402.679536948,,NO_PLAN,,,0.0,15971402.679536948,15971402.679536948,,,,,,,,,,,,,,,,,,,,,,,,,19382115.171403844,-0.17597215070205663
20260728,15971402.679536948,15971402.679536948,,NO_PLAN,,,0.0,15971402.679536948,15971402.679536948,,,,,,,,,,,,,,,,,,,,,,,,,19382115.171403844,-0.17597215070205663
20260729,15971402.679536948,15971402.679536948,,NO_PLAN,,,0.0,15971402.679536948,15971402.679536948,,,,,,,,,,,,,,,,,,,,,,,,,19382115.171403844,-0.17597215070205663
20260730,15971402.679536948,15971402.679536948,,NO_PLAN,,,0.0,15971402.679536948,15971402.679536948,,,,,,,,,,,,,,,,,,,,,,,,,19382115.171403844,-0.17597215070205663
20260731,15971402.679536948,15971402.679536948,,NO_PLAN,,,0.0,15971402.679536948,15971402.679536948,,,,,,,,,,,,,,,,,,,,,,,,,19382115.171403844,-0.17597215070205663
20260803,15971402.679536948,15971402.679536948,,NO_PLAN,,,0.0,15971402.679536948,15971402.679536948,,,,,,,,,,,,,,,,,,,,,,,,,19382115.171403844,-0.17597215070205663
20260804,15971402.679536948,15971402.679536948,,NO_PLAN,,,0.0,15971402.679536948,15971402.679536948,,,,,,,,,,,,,,,,,,,,,,,,,19382115.171403844,-0.17597215070205663
20260805,15971402.679536948,15971402.679536948,20260804,EXECUTED,OK,C,0.1787753336627278,18826695.52263295,18826695.52263295,603990.SH,麦迪科技,20260807,True,True,True,720000.0,0.8248969651788887,18.29828,22.287689999999998,13174761.6,16047136.799999999,16047136.800000003,3.725290298461914e-09,3952.4284799999996,4814.14104,292.21898400000003,8023.568400000001,13161.599999997976,16063.200000000677,17082.356904000004,29224.799999998653,3.124,3.124,19382115.171403844,-0.028656296996436903
20260806,18826695.52263295,18826695.52263295,,SKIP_OCCUPIED,,,0.0,18826695.52263295,18826695.52263295,,,,,,,,,,,,,,,,,,,,,,,,,19382115.171403844,-0.028656296996436903
20260807,18826695.52263295,18826695.52263295,,SKIP_OCCUPIED,,,0.0,18826695.52263295,18826695.52263295,,,,,,,,,,,,,,,,,,,,,,,,,19382115.171403844,-0.028656296996436903
20260810,18826695.52263295,18826695.52263295,,NO_PLAN,,,0.0,18826695.52263295,18826695.52263295,,,,,,,,,,,,,,,,,,,,,,,,,19382115.171403844,-0.028656296996436903
20260811,18826695.52263295,18826695.52263295,,NO_PLAN,,,0.0,18826695.52263295,18826695.52263295,,,,,,,,,,,,,,,,,,,,,,,,,19382115.171403844,-0.028656296996436903
20260812,18826695.52263295,18826695.52263295,,NO_PLAN,,,0.0,18826695.52263295,18826695.52263295,,,,,,,,,,,,,,,,,,,,,,,,,19382115.171403844,-0.028656296996436903
20260813,18826695.52263295,18826695.52263295,20260812,PLAN_NOT_EXECUTED,LIMIT_UP_UNBUYABLE,C,0.0,18826695.52263295,18826695.52263295,002172.SZ,澳洋健康,,False,False,False,,,,,,,,,,,,,,,,,,,19382115.171403844,-0.028656296996436903
20260814,18826695.52263295,18826695.52263295,,NO_PLAN,,,0.0,18826695.52263295,18826695.52263295,,,,,,,,,,,,,,,,,,,,,,,,,19382115.171403844,-0.028656296996436903
20260817,18826695.52263295,18826695.52263295,,NO_PLAN,,,0.0,18826695.52263295,18826695.52263295,,,,,,,,,,,,,,,,,,,,,,,,,19382115.171403844,-0.028656296996436903
20260818,18826695.52263295,18826695.52263295,,NO_PLAN,,,0.0,18826695.52263295,18826695.52263295,,,,,,,,,,,,,,,,,,,,,,,,,19382115.171403844,-0.028656296996436903
20260819,18826695.52263295,18826695.52263295,,NO_PLAN,,,0.0,18826695.52263295,18826695.52263295,,,,,,,,,,,,,,,,,,,,,,,,,19382115.171403844,-0.028656296996436903
20260820,18826695.52263295,18826695.52263295,,NO_PLAN,,,0.0,18826695.52263295,18826695.52263295,,,,,,,,,,,,,,,,,,,,,,,,,19382115.171403844,-0.028656296996436903
20260821,18826695.52263295,18826695.52263295,,NO_PLAN,,,0.0,18826695.52263295,18826695.52263295,,,,,,,,,,,,,,,,,,,,,,,,,19382115.171403844,-0.028656296996436903
20260824,18826695.52263295,18826695.52263295,,NO_PLAN,,,0.0,18826695.52263295,18826695.52263295,,,,,,,,,,,,,,,,,,,,,,,,,19382115.171403844,-0.028656296996436903
20260825,18826695.52263295,18826695.52263295,,NO_PLAN,,,0.0,18826695.52263295,18826695.52263295,,,,,,,,,,,,,,,,,,,,,,,,,19382115.171403844,-0.028656296996436903
20260826,18826695.52263295,18826695.52263295,,NO_PLAN,,,0.0,18826695.52263295,18826695.52263295,,,,,,,,,,,,,,,,,,,,,,,,,19382115.171403844,-0.028656296996436903
20260827,18826695.52263295,18826695.52263295,,NO_PLAN,,,0.0,18826695.52263295,18826695.52263295,,,,,,,,,,,,,,,,,,,,,,,,,19382115.171403844,-0.028656296996436903
20260828,18826695.52263295,18826695.52263295,,NO_PLAN,,,0.0,18826695.52263295,18826695.52263295,,,,,,,,,,,,,,,,,,,,,,,,,19382115.171403844,-0.028656296996436903
20260831,18826695.52263295,18826695.52263295,,NO_PLAN,,,0.0,18826695.52263295,18826695.52263295,,,,,,,,,,,,,,,,,,,,,,,,,19382115.171403844,-0.028656296996436903
