rule,family,description,signal_time_fields,uses_only_signal_time_known_fields,selection_signature,raw_event_count,candidate_day_count,selected_price_confirmed_count,selected_queue_unknown_count,unresolved_exit_count,independent_trade_count,independent_win_rate,independent_avg_account_return,independent_median_account_return,independent_equity_multiple,independent_max_drawdown,independent_max_profit,independent_max_loss,independent_profit_loss_ratio,independent_max_consecutive_losses,first_12m_trade_count,first_12m_multiple,second_12m_trade_count,second_12m_multiple,equivalent_rule_count,independent_profitable,merged_d_trade_count,merged_d_win_rate,merged_d_avg_account_return,merged_d_median_account_return,merged_d_equity_multiple,merged_d_max_drawdown,merged_d_max_profit,merged_d_max_loss,merged_d_profit_loss_ratio,merged_d_max_consecutive_losses,acde_trade_count,acde_win_rate,acde_avg_account_return,acde_median_account_return,acde_equity_multiple,acde_max_drawdown,acde_max_profit,acde_max_loss,acde_profit_loss_ratio,acde_max_consecutive_losses,merged_chosen_candidate_day_count,merged_chosen_baseline_day_count,acde_d_count,acde_a_count,acde_e_count,acde_c_count,merged_d_compound_improved,acde_compound_improved,triple_gate_passed,formal_strategy_modified
time_any__open_1_2__speed_6_10__ever_40_100,TIME_FREE,回封时间不限；第1~2次炸板后的回封；最后炸板后6~10分钟回封；信号时全市场已有40~100只首板触板,"last_break_to_signal_minutes,market_ever_sealed_count,open_times_at_signal",True,1fdace75cf9b3693c3ae8c1cdda17fcd9a04212a,1178,353,248,105,0,121,0.5206611570247934,0.015468506955191797,0.005278421775,5.097952533927302,-0.19911952170933123,0.1935590908019999,-0.1627866280771597,1.7591050178274228,5,57,2.4546879274987825,64,2.076823076700381,1,True,121.0,0.5206611570247934,0.015360775213074065,0.0043676885133477,5.034826541159226,-0.19911952170933123,0.1935590908019999,-0.1627866280771597,1.758830546255616,5.0,142.0,0.5422535211267606,0.02063000196102388,0.005638363601598919,11.818691914825088,-0.24867328829643953,0.4892913885103991,-0.1627866280771597,1.7630960753944187,5.0,353.0,3.0,101.0,16.0,18.0,7.0,True,False,False,False
time_any__open_1_2__speed_6_10__ever_40_150,TIME_FREE,回封时间不限；第1~2次炸板后的回封；最后炸板后6~10分钟回封；信号时全市场已有40~150只首板触板,"last_break_to_signal_minutes,market_ever_sealed_count,open_times_at_signal",True,34ddcc73b4683d338c712f05734bf26a554e8d31,1389,354,249,105,0,121,0.5206611570247934,0.015468506955191797,0.005278421775,5.097952533927302,-0.19911952170933123,0.1935590908019999,-0.1627866280771597,1.7591050178274228,5,57,2.4546879274987825,64,2.076823076700381,1,True,121.0,0.5206611570247934,0.015360775213074065,0.0043676885133477,5.034826541159226,-0.19911952170933123,0.1935590908019999,-0.1627866280771597,1.758830546255616,5.0,142.0,0.5422535211267606,0.02063000196102388,0.005638363601598919,11.818691914825088,-0.24867328829643953,0.4892913885103991,-0.1627866280771597,1.7630960753944187,5.0,354.0,2.0,101.0,16.0,18.0,7.0,True,False,False,False
time_1300_1359__open_eq4__speed_any__duration_61_120,SPEED_FREE,13:00~13:59回封；第4次炸板后的回封；回封速度不限；首封后61~120分钟形成回封,"first_to_signal_minutes,open_times_at_signal,signal_hhmm",True,77d13e6ef1b1c7a327e0346cd7a54b1a3ea99554,261,173,157,16,0,92,0.5,0.020568303513245203,0.0011520564637170206,5.077153716776814,-0.2603316728399768,0.3721270239550671,-0.1311553934155689,2.1857540008280805,5,44,3.1884728464653698,48,1.5923465437082747,1,True,98.0,0.5102040816326531,0.018843941563887096,0.004372532548431,4.989529990027314,-0.2603316728399768,0.3721270239550671,-0.1311553934155689,2.0627676249691493,5.0,142.0,0.6338028169014085,0.03824679963158461,0.022584355171651777,129.52201684622955,-0.2678387853929872,0.3721270239550671,-0.14417251000998996,2.1995361235563093,4.0,173.0,20.0,67.0,32.0,32.0,11.0,True,False,False,False
time_1300_1454__open_any__speed_6_10__amount_ge1_5,OPEN_COUNT_FREE,13:00~14:54回封；炸板/回封次数不限；最后炸板后6~10分钟回封；信号前成交额至少前日1.5倍,"last_break_to_signal_minutes,signal_cumulative_amount_vs_prev_day,signal_hhmm",True,b3711cf176e0d256634467a5b53f21e6e09421af,1302,373,285,88,0,129,0.5116279069767442,0.01481970368323233,0.0018150220858537,4.9684326690523575,-0.3978205680839352,0.3721270239550671,-0.1234202601747165,1.7864273603075975,5,63,2.5201524983017918,66,1.9714809609340487,1,True,130.0,0.5153846153846153,0.01488741471152719,0.00160168259769405,5.098055983541002,-0.36983359642483415,0.3721270239550671,-0.1234202601747165,1.788810116235409,5.0,149.0,0.5033557046979866,0.01841134222495113,0.0004041721418035946,9.986590711419678,-0.22366311535019467,0.3721270239550671,-0.11849477438811166,2.0663890378423133,5.0,372.0,6.0,104.0,21.0,19.0,5.0,True,False,False,False
time_any__open_1_2__speed_2_5__growth_board,TIME_FREE,回封时间不限；第1~2次炸板后的回封；最后炸板后2~5分钟回封；仅创业板或科创板,"last_break_to_signal_minutes,market_segment,open_times_at_signal",True,c333f217ef5530bd861f88f2d17646ce68aeac1a,1007,330,259,71,0,123,0.5040650406504065,0.01503237802186529,0.0024794651661675,4.315691375829429,-0.4622715786982573,0.2886461432667387,-0.1229136417690231,1.6239155362986744,10,60,1.3581219564986982,63,3.1776906007436065,1,True,125.0,0.512,0.017205772061853683,0.0025973816999692,5.842428740846791,-0.37671326143759076,0.2886461432667387,-0.121943391202544,1.7219972211540207,8.0,145.0,0.5517241379310345,0.019251680781342997,0.0083010686194345,10.079953726997772,-0.3757433063178578,0.2886461432667387,-0.14417251000998996,1.5386985167845855,6.0,329.0,7.0,108.0,10.0,17.0,10.0,True,False,False,False
time_1300_1359__open_any__speed_ge11__pre_low_ge0,OPEN_COUNT_FREE,13:00~13:59回封；炸板/回封次数不限；最后炸板11分钟后回封；信号前最低价不低于昨收,"last_break_to_signal_minutes,pre_signal_min_return,signal_hhmm",True,7becbc5563afbdd7a338d3f70f423938a3efaeac,1040,344,282,62,0,129,0.5348837209302325,0.013309954347180086,0.0082541688065934,4.25562493483338,-0.447602252530942,0.2124694253476716,-0.1404127616917432,1.499428610153532,4,61,1.263601376437201,68,3.3678539879660216,1,True,130.0,0.5230769230769231,0.013014348033280805,0.0059609217200612,4.144037773616731,-0.447602252530942,0.2124694253476716,-0.1404127616917432,1.5520303945303504,5.0,144.0,0.5347222222222222,0.01874442851505513,0.004706411918114253,9.82435079296078,-0.48227116348343657,0.3687231660523884,-0.17629142067722955,1.792508758177763,4.0,344.0,7.0,100.0,16.0,19.0,9.0,True,False,False,False
time_before_1400__open_any__speed_6_10__duration_61_120,OPEN_COUNT_FREE,14:00前回封；炸板/回封次数不限；最后炸板后6~10分钟回封；首封后61~120分钟形成回封,"first_to_signal_minutes,last_break_to_signal_minutes,signal_hhmm",True,9f763f857aa900741f8077b29be5dfaf4eddb65b,418,231,200,31,0,108,0.4722222222222222,0.015919882605964605,-0.0024852656971892,4.1376643793368695,-0.44170508674664566,0.3721270239550671,-0.0934169750313625,2.0515521475190397,5,53,1.676404035536975,55,2.468178488971196,2,True,112.0,0.45535714285714285,0.012522439418453518,-0.0032923970450167003,3.1301153167919336,-0.3286056500658878,0.2884775816944691,-0.0934169750313625,1.9867130685554064,5.0,142.0,0.5915492957746479,0.028643821997793608,0.014314851839133131,36.04316039685149,-0.2329465090007421,0.4892913885103991,-0.13823939725321072,2.0021828970491318,4.0,231.0,18.0,77.0,27.0,29.0,9.0,True,False,False,False
time_1300_1454__open_any__speed_6_10,STRUCTURAL_GRID,13:00~14:54回封；炸板/回封次数不限；最后炸板后6~10分钟回封,"last_break_to_signal_minutes,signal_hhmm",True,e7629780dddbbb231dac5aff80a81a2986c4c137,1942,413,327,86,0,136,0.5294117647058824,0.012907534641393544,0.00455076258207285,4.1207442934798095,-0.43766847982440926,0.3090002845557691,-0.1338850016643887,1.4345803301761757,5,65,1.8396534599824206,71,2.2399568087780994,1,True,136.0,0.5294117647058824,0.012907534641393544,0.00455076258207285,4.1207442934798095,-0.43766847982440926,0.3090002845557691,-0.1338850016643887,1.4345803301761757,5.0,150.0,0.5333333333333333,0.01872417360945318,0.003537060168639584,10.215999719888664,-0.43766847982440904,0.3687231660523884,-0.1338850016643887,1.6729372766983832,5.0,412.0,4.0,118.0,13.0,14.0,5.0,True,False,False,False
time_1300_1454__open_any__speed_6_10__seal_rate_ge60,OPEN_COUNT_FREE,13:00~14:54回封；炸板/回封次数不限；最后炸板后6~10分钟回封；信号时全市场首板封住率至少60%,"last_break_to_signal_minutes,market_seal_rate,signal_hhmm",True,177e74abb3a3d0f5b54aa3fb5bede63f792e012c,1612,387,308,79,0,131,0.5343511450381679,0.01322912743994309,0.0043676885133477,4.100839429118364,-0.38534858539589123,0.3090002845557691,-0.1338850016643887,1.4361045661218728,5,63,1.4922961372050416,68,2.748006462577147,1,True,131.0,0.5343511450381679,0.01322912743994309,0.0043676885133477,4.100839429118364,-0.38534858539589123,0.3090002845557691,-0.1338850016643887,1.4361045661218728,5.0,151.0,0.5364238410596026,0.021381631348217675,0.0021752415944633883,14.694604495598593,-0.3389197428504205,0.4892913885103991,-0.1338850016643887,1.8566489920677567,5.0,385.0,5.0,113.0,16.0,16.0,6.0,True,False,False,False
time_1300_1454__open_eq3__speed_any__growth_board,SPEED_FREE,13:00~14:54回封；第3次炸板后的回封；回封速度不限；仅创业板或科创板,"market_segment,open_times_at_signal,signal_hhmm",True,26f6c6cd1b8dc8136afd71384921e43a5aae7f14,493,229,181,48,0,105,0.4857142857142857,0.01638734055628506,-0.0046259348904044,4.06332945099963,-0.39172209038579,0.2886461432667387,-0.1293101803360104,1.9396064033901959,11,47,1.0940960991808448,58,3.713868876821574,1,True,107.0,0.45794392523364486,0.0118847454165459,-0.0065686671289239,2.702312821748882,-0.40914561003657346,0.2886461432667387,-0.1293101803360104,1.8815773605521156,12.0,147.0,0.5850340136054422,0.026896168562516184,0.0157131770571429,31.60395351285907,-0.24915144412903345,0.4892913885103991,-0.11849477438811166,1.9298243431342932,5.0,225.0,20.0,80.0,28.0,29.0,10.0,True,False,False,False
time_1300_1359__open_any__speed_6_10__recent5_ge5pct,OPEN_COUNT_FREE,13:00~13:59回封；炸板/回封次数不限；最后炸板后6~10分钟回封；回封前5分钟成交额至少前日5%,"last_break_to_signal_minutes,signal_hhmm,signal_recent_5m_amount_vs_prev_day",True,b284b105b2ef550c45f4c4ecf308b3a098ffa266,548,270,203,67,0,110,0.5181818181818182,0.014288647230882592,0.0019942517519895,3.8805199253729032,-0.2243205267931052,0.2122980495206723,-0.0946809216265486,1.7200184893885972,6,51,1.7736352501852741,59,2.1878906189801683,1,True,113.0,0.5221238938053098,0.016503297412164688,0.0051149525974575,5.1243631198990895,-0.21357018653478044,0.2122980495206723,-0.0946809216265486,1.8266998565794554,6.0,142.0,0.5845070422535211,0.03518567126704001,0.009188811622397127,85.12097650417391,-0.20535545385949527,0.4892913885103991,-0.1043668645883486,2.6242217126088607,5.0,270.0,14.0,89.0,19.0,24.0,10.0,True,False,False,False
time_any__open_eq2__speed_6_10__growth_board,TIME_FREE,回封时间不限；第2次炸板后的回封；最后炸板后6~10分钟回封；仅创业板或科创板,"last_break_to_signal_minutes,market_segment,open_times_at_signal",True,3502dd773f2f41fe0df7b0284e1958e1501260a5,116,81,56,25,0,45,0.5111111111111111,0.03467061163871075,0.0037282290326847,3.725071778152762,-0.2552437013740342,0.2884420958080925,-0.1370202417594448,2.259300040094906,3,19,2.632065336823118,26,1.4152656949803892,1,True,64.0,0.5,0.021492340333460556,-0.0020996869399123818,3.1396059210174188,-0.3357913166738906,0.2559726948000001,-0.1370202417594448,1.910176365390416,4.0,136.0,0.6029411764705882,0.04474159473676511,0.02045706523372341,215.46592215080707,-0.2804853759215111,0.4892913885103991,-0.13823939725321072,2.5419823963700514,6.0,77.0,39.0,45.0,39.0,39.0,13.0,True,False,False,False
time_1400_1429__open_3_5__speed_le1,STRUCTURAL_GRID,14:00~14:29回封；第3~5次炸板后的回封；最后炸板后1分钟内回封,"last_break_to_signal_minutes,open_times_at_signal,signal_hhmm",True,4b1f8ef50ff37d68e52a9a7e5abd8c3d58fe84a4,884,267,230,37,0,112,0.5267857142857143,0.013399111837399459,0.0057943964916024,3.536238053888283,-0.25530205485758284,0.2888703665893359,-0.1389379853296101,1.6158431480917939,4,55,1.300864092280608,57,2.7183762507340266,1,True,117.0,0.5213675213675214,0.012838589328479985,0.0057622686717391,3.4970537657069634,-0.33005969518764455,0.2888703665893359,-0.1389379853296101,1.6028552791299577,4.0,141.0,0.5177304964539007,0.014839319355135742,0.004544094725274752,5.525989763463693,-0.29939246255788354,0.3687231660523884,-0.13823939725321072,1.6810193292881137,6.0,265.0,17.0,94.0,22.0,18.0,7.0,True,False,False,False
time_1300_1454__open_any__speed_6_10__break_low_le1,OPEN_COUNT_FREE,13:00~14:54回封；炸板/回封次数不限；最后炸板后6~10分钟回封；最后炸板分钟最低回落不超1%,"last_break_low_depth_pct,last_break_to_signal_minutes,signal_hhmm",True,c0241dc523b66a231d59dac808a311a078169f8e,1619,385,314,71,0,132,0.5303030303030303,0.011998820988758352,0.003529625585013,3.4506195116259715,-0.44323580157321474,0.3721270239550671,-0.095701778541811,1.427751014427704,5,64,2.7765681962768998,68,1.2427641850298903,1,True,133.0,0.518796992481203,0.01167288992615374,0.0014971848619781,3.3439098445151405,-0.4492552042481037,0.3721270239550671,-0.095701778541811,1.4795773894664133,5.0,151.0,0.5099337748344371,0.015339057953515091,0.0007288335814705,6.497534394860109,-0.5567425429086241,0.3721270239550671,-0.11849477438811166,1.7475518285464242,6.0,384.0,4.0,118.0,16.0,13.0,4.0,True,False,False,False
time_1300_1359__open_any__speed_6_10__recent5_ge10pct,OPEN_COUNT_FREE,13:00~13:59回封；炸板/回封次数不限；最后炸板后6~10分钟回封；回封前5分钟成交额至少前日10%,"last_break_to_signal_minutes,signal_hhmm,signal_recent_5m_amount_vs_prev_day",True,0314538b2904c06a807ea31ea5c60283d40cec3b,317,206,149,57,0,93,0.5161290322580645,0.01532586726572474,0.004733836650798,3.4397930450246976,-0.29315149953251707,0.1659870463579606,-0.1234202601747165,1.7810498907789696,3,45,1.3278058615305797,48,2.590584320105051,1,True,96.0,0.5104166666666666,0.012508676149886136,0.004161663055881352,2.8033930278996912,-0.40816534998808895,0.1375331983591836,-0.0946809216265486,1.6475172884288165,3.0,134.0,0.5895522388059702,0.03121326077186762,0.008946717410640001,39.78427349872663,-0.22308355269499847,0.4892913885103991,-0.1043668645883486,2.1544702219200187,5.0,206.0,21.0,72.0,25.0,27.0,10.0,True,False,False,False
time_any__open_2_3__speed_6_10__pre_low_ge0,TIME_FREE,回封时间不限；第2~3次炸板后的回封；最后炸板后6~10分钟回封；信号前最低价不低于昨收,"last_break_to_signal_minutes,open_times_at_signal,pre_signal_min_return",True,d6c7caa68a72850647b3518e102b3026052edac0,669,268,208,60,0,108,0.5277777777777778,0.01371236609099994,0.0031773055814527497,3.406359200516118,-0.3250442797885357,0.2884420958080925,-0.16676560959,1.5968371282230962,5,52,1.53230713291957,56,2.22302639420978,1,True,112.0,0.5089285714285714,0.010392726103492364,0.00081160581325765,2.5219182255409156,-0.3206236452330783,0.2884420958080925,-0.16676560959,1.5292113826185172,5.0,142.0,0.5704225352112676,0.024256283633177743,0.008404219134985277,19.955123813567766,-0.2529610823773669,0.2884420958080925,-0.1604044205087896,1.8423314843723555,7.0,267.0,13.0,79.0,19.0,32.0,12.0,True,False,False,False
time_1300_1454__open_any__speed_6_10__amount_ge0_5,OPEN_COUNT_FREE,13:00~14:54回封；炸板/回封次数不限；最后炸板后6~10分钟回封；信号前成交额至少前日50%,"last_break_to_signal_minutes,signal_cumulative_amount_vs_prev_day,signal_hhmm",True,b07e24098ecd8327f5e481b5d3bbea2ccd29db58,1939,412,326,86,0,135,0.5259259259259259,0.011572278337301631,0.0043676885133477,3.4062968265084157,-0.43766847982440893,0.3090002845557691,-0.1338850016643887,1.3829985718152191,5,64,1.5206975478989515,71,2.2399568087780994,1,True,135.0,0.5259259259259259,0.011572278337301631,0.0043676885133477,3.4062968265084157,-0.43766847982440893,0.3090002845557691,-0.1338850016643887,1.3829985718152191,5.0,150.0,0.5266666666666666,0.015064376345962053,0.002352633603233902,6.1229752323018,-0.5273114517911497,0.3687231660523884,-0.1338850016643887,1.533438597422093,5.0,411.0,4.0,117.0,14.0,14.0,5.0,True,False,False,False
time_any__open_2_3__speed_6_10__growth_board,TIME_FREE,回封时间不限；第2~3次炸板后的回封；最后炸板后6~10分钟回封；仅创业板或科创板,"last_break_to_signal_minutes,market_segment,open_times_at_signal",True,1dcb9497d11f61dca2a2040760b015054e9c35ce,186,113,83,30,0,62,0.43548387096774194,0.02390962288206239,-0.008371334388214201,3.4012822066935695,-0.32471314590814604,0.2884420958080925,-0.1370202417594448,2.6285616463530084,8,30,1.846648942351186,32,1.8418672486623233,1,True,75.0,0.4666666666666667,0.02025168324587162,-0.0068281652852017,3.596824169637,-0.3058496096470519,0.2559726948000001,-0.1370202417594448,2.255745145276317,7.0,134.0,0.5895522388059702,0.03719180557451923,0.019802236073593688,78.77962176950719,-0.359129072548688,0.4892913885103991,-0.13823939725321072,2.1931465688668452,10.0,109.0,35.0,58.0,28.0,36.0,12.0,True,False,False,False
time_1300_1454__open_ge2__speed_6_10,STRUCTURAL_GRID,13:00~14:54回封；第2次及以后炸板后的回封；最后炸板后6~10分钟回封,"last_break_to_signal_minutes,open_times_at_signal,signal_hhmm",True,6e6a88e664fed01320cf6eff1a100698bf0ec7b8,1325,370,300,70,0,129,0.4883720930232558,0.011882342532686834,-0.000596222117905,3.349313819630375,-0.44557558426857136,0.3721270239550671,-0.1595638622725343,1.6695902512061427,6,64,2.506640030564827,65,1.336176626396438,1,True,130.0,0.49230769230769234,0.011641988594422484,-0.00039593183509944996,3.41625686298168,-0.3557191414498574,0.3721270239550671,-0.0991255973960148,1.6891592907335435,5.0,151.0,0.4966887417218543,0.015134091906013124,-0.0010725014862185726,5.985751066953252,-0.4511347887858136,0.3721270239550671,-0.1595638622725343,1.731791892506894,5.0,368.0,8.0,109.0,18.0,19.0,5.0,True,False,False,False
time_1400_1429__open_eq4__speed_any__break_close_le0_5,SPEED_FREE,14:00~14:29回封；第4次炸板后的回封；回封速度不限；最后炸板分钟收盘回落不超0.5%,"last_break_close_depth_pct,open_times_at_signal,signal_hhmm",True,501350ed9e85e29687966f1609a32c06e06bada7,660,268,229,39,0,113,0.504424778761062,0.012758869380018592,0.0006711370188135,3.31960377259552,-0.43098682476636674,0.2804551011527076,-0.1075199501545683,1.6537586657506815,5,52,1.136230413983111,61,2.921593834967407,1,True,117.0,0.47863247863247865,0.009770594377706282,-0.0031403863110377,2.476793657093275,-0.412174443526678,0.2804551011527076,-0.1075199501545683,1.6369951045470175,5.0,142.0,0.5,0.017297222506154286,0.00017906870225044996,7.8970627301253415,-0.49681166853664904,0.3687231660523884,-0.1521254777099999,1.9519864946078245,7.0,266.0,16.0,95.0,16.0,23.0,8.0,True,False,False,False
time_1300_1359__open_eq4__speed_any__amount_ge1_5,SPEED_FREE,13:00~13:59回封；第4次炸板后的回封；回封速度不限；信号前成交额至少前日1.5倍,"open_times_at_signal,signal_cumulative_amount_vs_prev_day,signal_hhmm",True,be916cf426a0ee2af8fa79c3465f120837803db4,585,251,218,33,0,111,0.5135135135135135,0.01332046601567213,0.0019174718546979,3.3047413143035906,-0.24362530002341098,0.3721270239550671,-0.1604044205087896,1.6423513442784665,6,54,1.6284483333040698,57,2.0293805131651776,1,True,116.0,0.5,0.0074952873646503436,-4.588114004115001e-05,1.9086869035888674,-0.24362530002341098,0.3721270239550671,-0.1604044205087896,1.4036669713993728,6.0,143.0,0.5314685314685315,0.024104879891967454,0.0043676885133477,18.725440016294908,-0.31319555858636505,0.3721270239550671,-0.17629142067722955,2.1060480159362163,8.0,251.0,13.0,84.0,27.0,23.0,9.0,False,False,False,False
time_1300_1359__open_eq3__speed_any__seal_rate_ge70,SPEED_FREE,13:00~13:59回封；第3次炸板后的回封；回封速度不限；信号时全市场首板封住率至少70%,"market_seal_rate,open_times_at_signal,signal_hhmm",True,a63ed4e6e9655d45be96ae79e3c52aeace6c9c32,869,272,230,42,0,119,0.5210084033613446,0.012792924191739613,0.0034257881487388,3.2630351386146588,-0.33539026580836173,0.3721270239550671,-0.1595638622725343,1.4521458241250167,6,58,2.4847693690380446,61,1.3132144895515647,1,True,120.0,0.525,0.013555123587338626,0.0035697147677992997,3.595787733857953,-0.33539026580836173,0.3721270239550671,-0.1595638622725343,1.4650042715677285,6.0,144.0,0.5486111111111112,0.025546582170783944,0.00614346713452355,20.68155804985327,-0.29255565670054495,0.5231929254879739,-0.1595638622725343,1.9281010018395157,6.0,272.0,8.0,103.0,19.0,14.0,8.0,True,False,False,False
time_1300_1454__open_any__speed_6_10__break_close_le1,OPEN_COUNT_FREE,13:00~14:54回封；炸板/回封次数不限；最后炸板后6~10分钟回封；最后炸板分钟收盘回落不超1%,"last_break_close_depth_pct,last_break_to_signal_minutes,signal_hhmm",True,4407b90f4565f0be3163193224c18207e7d9c769,1704,389,319,70,0,134,0.5298507462686567,0.011469731333806854,0.003529625585013,3.243967798759675,-0.43737471289576324,0.3721270239550671,-0.1338850016643887,1.3871713601966278,5,64,2.8057972890658314,70,1.1561661319587815,1,True,135.0,0.5185185185185185,0.011152548062166394,0.0014971848619781,3.143648791474864,-0.44345748216815006,0.3721270239550671,-0.1338850016643887,1.4371794057745584,5.0,151.0,0.5099337748344371,0.014657081510772758,0.0007288335814705,6.001683260626817,-0.5520763462129762,0.3721270239550671,-0.11849477438811166,1.7269510457545452,6.0,388.0,4.0,123.0,14.0,11.0,3.0,True,False,False,False
time_1300_1454__open_any__speed_6_10__break_close_le0_5,OPEN_COUNT_FREE,13:00~14:54回封；炸板/回封次数不限；最后炸板后6~10分钟回封；最后炸板分钟收盘回落不超0.5%,"last_break_close_depth_pct,last_break_to_signal_minutes,signal_hhmm",True,e341d7179572e24f438cdb6c4f42cc5f2b405f07,1428,363,294,69,0,128,0.5,0.011376513898723854,6.630573178275002e-05,3.230434827858769,-0.32974683078924505,0.3721270239550671,-0.1234202601747165,1.618412483391887,4,60,2.752132505390992,68,1.173793348078575,1,True,130.0,0.47692307692307695,0.00941984874246093,-0.0013986654,2.55597551390723,-0.46213652938774363,0.3721270239550671,-0.1234202601747165,1.637540885382669,5.0,149.0,0.5436241610738255,0.019892703750029002,0.0035894894609647047,12.140788784693944,-0.3930497264090522,0.3721270239550671,-0.11849477438811166,1.7593102405154166,5.0,362.0,4.0,112.0,16.0,15.0,6.0,True,False,False,False
time_1001_1130__open_any__speed_le1__main_board,OPEN_COUNT_FREE,10:01~11:30回封；炸板/回封次数不限；最后炸板后1分钟内回封；仅沪深主板,"last_break_to_signal_minutes,market_segment,signal_hhmm",True,927ea89c2cde5881ed5d9b16ead8341fe1f651ce,2483,439,364,75,0,143,0.5034965034965035,0.010205848638161047,0.0003003827872341,3.2051220841150405,-0.3499645792292365,0.138151360155665,-0.189337554306236,1.4841871733125522,8,73,1.3473405625269728,70,2.3788507325154304,1,True,144.0,0.5069444444444444,0.011095372835019265,0.0007953606009639,3.64838192024186,-0.3499645792292365,0.1382973329857442,-0.189337554306236,1.5104073712218176,8.0,155.0,0.5548387096774193,0.0182809404307136,0.004725522172949005,11.589891074582283,-0.30287386222776913,0.4892913885103991,-0.100116724278668,1.6722726910078622,6.0,439.0,1.0,120.0,14.0,16.0,5.0,True,False,False,False
time_any__open_2_3__speed_6_10__ever_40_100,TIME_FREE,回封时间不限；第2~3次炸板后的回封；最后炸板后6~10分钟回封；信号时全市场已有40~100只首板触板,"last_break_to_signal_minutes,market_ever_sealed_count,open_times_at_signal",True,5bfc709df2c3ad7e3a9ffa99567dd82ac98842da,681,297,231,66,0,112,0.49107142857142855,0.013043457298310263,-0.00108516997605655,3.1923710915526677,-0.29452195299845074,0.3721270239550671,-0.1370202417594448,1.7461503320934484,7,51,2.575252984033905,61,1.2396339743492324,1,True,115.0,0.48695652173913045,0.012719082486111569,-0.0016651726550969,3.194876079042764,-0.29452195299845096,0.3721270239550671,-0.1370202417594448,1.7652882605416949,7.0,144.0,0.5208333333333334,0.02342611042081042,0.003537060168639584,16.92311030061897,-0.33530821214396234,0.4892913885103991,-0.14417251000998996,2.123059003219632,4.0,297.0,7.0,86.0,29.0,22.0,7.0,True,False,False,False
time_1400_1429__open_2_3__speed_any__recent5_ge10pct,SPEED_FREE,14:00~14:29回封；第2~3次炸板后的回封；回封速度不限；回封前5分钟成交额至少前日10%,"open_times_at_signal,signal_hhmm,signal_recent_5m_amount_vs_prev_day",True,bf3f7bceab5d80d0b06ee59388dee606edf83225,670,283,223,60,0,114,0.5263157894736842,0.012044051931159509,0.00344475264412125,3.1692131369893684,-0.2260432730116606,0.2971055310979901,-0.1061095424225165,1.6039042697222583,5,59,1.6358874437636317,55,1.9373051300510442,1,True,120.0,0.5166666666666667,0.011036525951087981,0.00210370351996015,3.016577885052377,-0.24141403711997378,0.2971055310979901,-0.1061095424225165,1.5980818845975884,5.0,144.0,0.5486111111111112,0.019341637018253657,0.0037869951241246503,10.743431760367756,-0.2850110894451938,0.3687231660523884,-0.13823939725321072,1.8348086477435612,9.0,279.0,19.0,86.0,24.0,27.0,7.0,True,False,False,False
time_1300_1359__open_any__speed_6_10__main_board,OPEN_COUNT_FREE,13:00~13:59回封；炸板/回封次数不限；最后炸板后6~10分钟回封；仅沪深主板,"last_break_to_signal_minutes,market_segment,signal_hhmm",True,8dd67b0cf35e1a10a7f02752868e665811379476,799,315,265,50,0,118,0.5508474576271186,0.011479329806125803,0.0055051168077074,3.154760286346079,-0.3425398966403438,0.1372973208315789,-0.1338850016643887,1.3630612116304122,4,56,1.780059222942192,62,1.772278273490077,1,True,120.0,0.5416666666666666,0.011688755432789358,0.00455076258207285,3.300824054448293,-0.32093659469621627,0.1372973208315789,-0.1338850016643887,1.429079555275664,4.0,147.0,0.5782312925170068,0.02387992146859707,0.0064399220897068,22.42539481101916,-0.23969579213837355,0.4892913885103991,-0.1043668645883486,2.033435307210153,5.0,315.0,8.0,99.0,15.0,25.0,8.0,True,False,False,False
time_any__open_any__speed_6_10__duration_61_120,TIME_FREE+OPEN_COUNT_FREE,回封时间不限；炸板/回封次数不限；最后炸板后6~10分钟回封；首封后61~120分钟形成回封,"first_to_signal_minutes,last_break_to_signal_minutes",True,05181d541e59a600b17c7c0870c7755c35699242,662,294,250,44,0,123,0.42276422764227645,0.011358843776744454,-0.0061269376578947,3.022603586827617,-0.4645108280885806,0.3721270239550671,-0.0934169750313625,2.175290142765865,8,59,1.3967832248375116,64,2.1639747192548358,1,True,126.0,0.42063492063492064,0.011022896013351739,-0.0054642631369018,3.055022625824715,-0.3891995405484159,0.2884775816944691,-0.0934169750313625,2.1815614243893027,8.0,147.0,0.5510204081632653,0.027062451930987465,0.0070321235254114,33.573216881858244,-0.25408963276797025,0.4892913885103991,-0.0813553226115236,2.352896044873782,5.0,293.0,13.0,97.0,21.0,25.0,4.0,True,False,False,False
time_1400_1429__open_ge2__speed_any__duration_61_120,SPEED_FREE,14:00~14:29回封；第2次及以后炸板后的回封；回封速度不限；首封后61~120分钟形成回封,"first_to_signal_minutes,open_times_at_signal,signal_hhmm",True,57b298ba0e6d0e48eb1d53bd99892b11cb85c82d,1087,267,224,43,0,113,0.48672566371681414,0.01191117868474833,-0.0034703821754717,2.9824532240942516,-0.39660288940142363,0.2877539667175889,-0.1061095424225165,1.7514802555156643,7,58,2.4024858400736426,55,1.2414030394463547,1,True,117.0,0.46153846153846156,0.011851286625375124,-0.0086484614492156,3.0740563980629205,-0.4102713375036232,0.2877539667175889,-0.1061095424225165,1.9245732234247608,8.0,145.0,0.5586206896551724,0.020865681340617222,0.0068777910648241,13.764810615857833,-0.38200852706571,0.3687231660523884,-0.11849477438811166,1.8016758956580425,5.0,262.0,15.0,91.0,27.0,22.0,5.0,True,False,False,False
time_1300_1359__open_eq3__speed_any__ever_40_100,SPEED_FREE,13:00~13:59回封；第3次炸板后的回封；回封速度不限；信号时全市场已有40~100只首板触板,"market_ever_sealed_count,open_times_at_signal,signal_hhmm",True,21c1af16194e4f789a1bc6b008f16f6fe4fe8514,810,304,252,52,0,120,0.5,0.011285209522086247,-0.0015656733612880573,2.9684792096011465,-0.2675190806632941,0.3721270239550671,-0.1293101803360104,1.5941055498148755,6,54,2.300887790432809,66,1.2901451439501799,1,True,124.0,0.4838709677419355,0.007616163650883088,-0.005193019777027,1.9242621437273129,-0.40682713639525847,0.3721270239550671,-0.1595638622725343,1.4476935885995719,9.0,147.0,0.5238095238095238,0.02125627442146193,0.0023548458187425,11.939949013811358,-0.4493696112159372,0.5231929254879739,-0.17629142067722955,1.8580611530887428,7.0,304.0,11.0,102.0,19.0,21.0,5.0,False,False,False,False
time_1300_1359__open_2_3__speed_6_10,STRUCTURAL_GRID,13:00~13:59回封；第2~3次炸板后的回封；最后炸板后6~10分钟回封,"last_break_to_signal_minutes,open_times_at_signal,signal_hhmm",True,09a8b1eafac1d4442ba0853570a1e2f517bb28a6,373,208,168,40,0,97,0.5154639175257731,0.01328143466239967,0.0019174718546979,2.967650773939436,-0.43553138127548674,0.1585663049947058,-0.1370202417594448,1.6049804825509852,8,46,1.1489055237873074,51,2.583024202161315,1,True,101.0,0.5247524752475248,0.01308082986383039,0.0019174718546979,3.079883748275146,-0.37325285216583004,0.1585663049947058,-0.1370202417594448,1.573082915085458,6.0,134.0,0.5671641791044776,0.023040165031730207,0.007458750458631546,14.322265669261963,-0.26614489958761955,0.4892913885103991,-0.13823939725321072,1.8469542375155812,4.0,208.0,17.0,74.0,22.0,28.0,10.0,True,False,False,False
time_1300_1454__open_any__speed_6_10__ever_40_100,OPEN_COUNT_FREE,13:00~14:54回封；炸板/回封次数不限；最后炸板后6~10分钟回封；信号时全市场已有40~100只首板触板,"last_break_to_signal_minutes,market_ever_sealed_count,signal_hhmm",True,53a99adc337afa509eb74ccaf73d11500ca1a3c8,1149,346,276,70,0,127,0.5039370078740157,0.01069706167542682,0.0014971848619781,2.9630538215916866,-0.3849075484074589,0.3090002845557691,-0.095257858076809,1.5317278397035237,5,58,1.2561438535951495,69,2.3588491183643256,1,True,128.0,0.5078125,0.011218805284188518,0.00168227727426095,3.202990438403978,-0.3849075484074588,0.3090002845557691,-0.095257858076809,1.5490702080835246,5.0,149.0,0.5033557046979866,0.017690190085096712,0.0004041721418035946,8.652036662337913,-0.3189775408866127,0.4892913885103991,-0.17629142067722955,1.9513373428031369,6.0,346.0,13.0,103.0,18.0,21.0,7.0,True,False,False,False
time_1300_1359__open_1_2__speed_any__amount_ge0_5,SPEED_FREE,13:00~13:59回封；第1~2次炸板后的回封；回封速度不限；信号前成交额至少前日50%,"open_times_at_signal,signal_cumulative_amount_vs_prev_day,signal_hhmm",True,78f16b8885757d16e1817be791c6df2884af45bb,5301,482,343,139,0,140,0.5214285714285715,0.009609229020737785,0.0040913840549999005,2.958401803660004,-0.39827949882060387,0.2877539667175889,-0.1056750764320755,1.3939961196683823,6,69,1.3875242731417157,71,2.1321441800520113,1,True,140.0,0.5214285714285715,0.009609229020737785,0.0040913840549999005,2.958401803660004,-0.39827949882060387,0.2877539667175889,-0.1056750764320755,1.3939961196683823,6.0,153.0,0.5163398692810458,0.010020167698137303,0.002530025612004416,3.4465530447115222,-0.3989040237255562,0.21575685510355055,-0.11849477438811166,1.4298511028900145,10.0,482.0,0.0,117.0,14.0,12.0,10.0,True,False,False,False
time_1300_1359__open_1_2__speed_any,STRUCTURAL_GRID,13:00~13:59回封；第1~2次炸板后的回封；回封速度不限,"open_times_at_signal,signal_hhmm",True,6991203c7a82c7b98a2916b27eadc5380aec8b22,5319,482,344,138,0,140,0.5214285714285715,0.009609229020737785,0.0040913840549999005,2.958401803660004,-0.39827949882060387,0.2877539667175889,-0.1056750764320755,1.3939961196683823,6,69,1.3875242731417157,71,2.1321441800520113,1,True,140.0,0.5214285714285715,0.009609229020737785,0.0040913840549999005,2.958401803660004,-0.39827949882060387,0.2877539667175889,-0.1056750764320755,1.3939961196683823,6.0,153.0,0.5163398692810458,0.009851180127814997,0.002530025612004416,3.3550241949476027,-0.41486710991410114,0.21575685510355055,-0.11849477438811166,1.4172676673627902,10.0,482.0,0.0,117.0,14.0,12.0,10.0,True,False,False,False
time_1300_1359__open_eq3__speed_any__ever_40_150,SPEED_FREE,13:00~13:59回封；第3次炸板后的回封；回封速度不限；信号时全市场已有40~150只首板触板,"market_ever_sealed_count,open_times_at_signal,signal_hhmm",True,b385448ad602cce48a5b7f7e9d5d9ee7d8f670f6,1056,327,271,56,0,125,0.504,0.010931286797928123,9.039588461585685e-06,2.908284984464798,-0.30612895788543715,0.3721270239550671,-0.1595638622725343,1.5144419675136402,7,58,2.449747505973912,67,1.1871774447663297,1,True,125.0,0.512,0.010849607105770615,0.0023548458187425,2.862520429967511,-0.31704766058842704,0.3721270239550671,-0.1595638622725343,1.4542796164243568,7.0,148.0,0.5405405405405406,0.022865132505532938,0.00614346713452355,16.98965831720758,-0.31891903260245935,0.4892913885103991,-0.14417251000998996,1.8793084255810515,7.0,327.0,3.0,100.0,22.0,19.0,7.0,True,False,False,False
time_any__open_eq1__speed_6_10__ever_40_100,TIME_FREE,回封时间不限；第1次炸板后的回封；最后炸板后6~10分钟回封；信号时全市场已有40~100只首板触板,"last_break_to_signal_minutes,market_ever_sealed_count,open_times_at_signal",True,67ecb5e2756e69b3c10b23a93d99d3716b5c1a77,742,305,211,94,0,108,0.5277777777777778,0.011566932014667866,0.0050911727536789506,2.902635691908901,-0.24265851870200983,0.1377234816831285,-0.1777544284995882,1.513957902943102,7,48,1.1978585320129218,60,2.42318739177924,1,True,109.0,0.5229357798165137,0.01126092053788586,0.0035894894609647047,2.8416019344236236,-0.24265851870200983,0.1377234816831285,-0.1777544284995882,1.5343172751558005,7.0,141.0,0.5602836879432624,0.025920272427341698,0.0070321235254114,24.59507152095317,-0.27190502901899993,0.4892913885103991,-0.1043668645883486,2.05878966624073,6.0,305.0,5.0,87.0,23.0,24.0,7.0,True,False,False,False
time_any__open_eq4__speed_6_10__recent5_ge5pct,TIME_FREE,回封时间不限；第4次炸板后的回封；最后炸板后6~10分钟回封；回封前5分钟成交额至少前日5%,"last_break_to_signal_minutes,open_times_at_signal,signal_recent_5m_amount_vs_prev_day",True,9407b3859605c7ce7999638b51435acb762e37f6,114,96,82,14,0,57,0.5263157894736842,0.020854338005190428,0.0025940978399999,2.859949205615918,-0.24354705591894976,0.2877539667175889,-0.1098246868368515,2.1952815991300874,4,28,1.2000042023479536,29,2.3832826585274294,1,True,74.0,0.5,0.017976084543187443,0.0004728643539799152,3.0933962195732745,-0.2649733973524966,0.2884775816944691,-0.1098246868368515,2.0197901751304337,5.0,133.0,0.6240601503759399,0.03755154228963362,0.0140092692858964,81.24309451233367,-0.22317760973325507,0.4892913885103991,-0.14417251000998996,2.2215463898410484,5.0,95.0,37.0,50.0,38.0,31.0,14.0,True,False,False,False
time_1300_1454__open_any__speed_6_10__recent5_ge5pct,OPEN_COUNT_FREE,13:00~14:54回封；炸板/回封次数不限；最后炸板后6~10分钟回封；回封前5分钟成交额至少前日5%,"last_break_to_signal_minutes,signal_hhmm,signal_recent_5m_amount_vs_prev_day",True,8012a25fb989f7f147c8ed456f6d0e8bfe73a9d6,1055,363,268,95,0,127,0.47244094488188976,0.01057930822618462,-0.0068433425454546,2.8545541142724224,-0.5599611175074903,0.2877539667175889,-0.1098246868368515,1.6965194067070826,7,61,1.4413805924326533,66,1.980430518670105,1,True,128.0,0.484375,0.011318679894131054,-0.0043607755544575,3.2129435325224103,-0.5047142128104105,0.2877539667175889,-0.1098246868368515,1.6944191013997176,7.0,150.0,0.52,0.020241875368286547,0.001995131840158544,13.240174759136698,-0.38942106372796603,0.3687231660523884,-0.1098246868368515,1.9475203544986053,5.0,362.0,8.0,109.0,18.0,17.0,6.0,True,False,False,False
time_any__open_ge2__speed_6_10__duration_61_120,TIME_FREE,回封时间不限；第2次及以后炸板后的回封；最后炸板后6~10分钟回封；首封后61~120分钟形成回封,"first_to_signal_minutes,last_break_to_signal_minutes,open_times_at_signal",True,4891f4c2a05814afeb6bf95fc99aa9286dc51128,559,271,240,31,0,116,0.46551724137931033,0.011518021246610187,-0.0018530143204137498,2.8525060008254477,-0.5328796127770634,0.3721270239550671,-0.109385915162897,1.8117286291909087,5,58,1.2287897016135725,58,2.321394781450162,1,True,119.0,0.47058823529411764,0.012092768162343602,-0.0023073632408276,3.2391387466084764,-0.4073519472744004,0.2884775816944691,-0.0934169750313625,1.841422155975276,5.0,145.0,0.5655172413793104,0.025787051446633676,0.0070321235254114,27.113878667670537,-0.26543391084844514,0.4892913885103991,-0.0813553226115236,2.169746694794342,5.0,269.0,15.0,92.0,23.0,26.0,4.0,True,False,False,False
time_1300_1454__open_any__speed_6_10__recent5_ge10pct,OPEN_COUNT_FREE,13:00~14:54回封；炸板/回封次数不限；最后炸板后6~10分钟回封；回封前5分钟成交额至少前日10%,"last_break_to_signal_minutes,signal_hhmm,signal_recent_5m_amount_vs_prev_day",True,79131387217837db9bdeb6ce7a462744f1a640bf,590,293,202,91,0,110,0.4909090909090909,0.011407366033594813,-0.00039593183509944996,2.8363119946681024,-0.4329071279990673,0.1659870463579606,-0.1098246868368515,1.690632390028079,5,55,1.0721500204051506,55,2.64544321287827,1,True,111.0,0.5045045045045045,0.010941749526026376,0.0001088996677344,2.7591405409017016,-0.4379877899098733,0.1652893008992227,-0.1098246868368515,1.6004194380876011,5.0,139.0,0.5251798561151079,0.022207113865116427,0.0057477040600678,14.396666645310699,-0.30503126826079063,0.3687231660523884,-0.1098246868368515,2.0897494963218444,6.0,291.0,16.0,86.0,23.0,22.0,8.0,True,False,False,False
time_any__open_eq1__speed_6_10__ever_40_150,TIME_FREE,回封时间不限；第1次炸板后的回封；最后炸板后6~10分钟回封；信号时全市场已有40~150只首板触板,"last_break_to_signal_minutes,market_ever_sealed_count,open_times_at_signal",True,6e18e8b10d622b8dd3e8c238c6997d9aceaa2194,861,309,215,94,0,109,0.5229357798165137,0.011244680332129628,0.0049039237323579,2.8342539449496216,-0.24265851870200983,0.1377234816831285,-0.1777544284995882,1.5237562446272672,7,49,1.1696387801310548,60,2.42318739177924,1,True,109.0,0.5229357798165137,0.01126092053788586,0.0035894894609647047,2.8416019344236236,-0.24265851870200983,0.1377234816831285,-0.1777544284995882,1.5343172751558005,7.0,141.0,0.5602836879432624,0.025920272427341698,0.0070321235254114,24.59507152095317,-0.27190502901899993,0.4892913885103991,-0.1043668645883486,2.05878966624073,6.0,308.0,3.0,87.0,23.0,24.0,7.0,True,False,False,False
time_any__open_eq3__speed_6_10__recent5_ge10pct,TIME_FREE,回封时间不限；第3次炸板后的回封；最后炸板后6~10分钟回封；回封前5分钟成交额至少前日10%,"last_break_to_signal_minutes,open_times_at_signal,signal_recent_5m_amount_vs_prev_day",True,4fbc6e645c210e1d8aa148c6c48fd1b0b21eaa3f,96,84,63,21,0,48,0.4791666666666667,0.02360019026140553,-0.00079715347614695,2.7726766134639766,-0.15311887604167074,0.1659870463579606,-0.102440249751573,2.8853181605337404,5,23,1.438319424422458,25,1.9277196472385234,1,True,72.0,0.5,0.022766832096636228,0.0016969239543354023,4.256421111773811,-0.22470148828482173,0.2884775816944691,-0.102440249751573,2.4102536986957084,4.0,136.0,0.5955882352941176,0.03308162456840374,0.017699649205567526,54.27432780151161,-0.2297053474471087,0.3687231660523884,-0.13823939725321072,2.1286037753918663,4.0,84.0,41.0,43.0,35.0,42.0,16.0,True,False,False,False
time_1300_1454__open_any__speed_6_10__pre_low_ge0,OPEN_COUNT_FREE,13:00~14:54回封；炸板/回封次数不限；最后炸板后6~10分钟回封；信号前最低价不低于昨收,"last_break_to_signal_minutes,pre_signal_min_return,signal_hhmm",True,70c002925a4c9e1bb4b2c011ebc1d53b595fe3be,979,281,224,57,0,111,0.5045045045045045,0.011537935232676476,0.0019174718546979,2.7707771669584904,-0.4112060868477352,0.3090002845557691,-0.1595638622725343,1.5413633175220751,5,53,1.5912261903872067,58,1.7412842898747507,1,True,112.0,0.5,0.011257858869746727,0.00066062486839645,2.7977406843609316,-0.3342039304047699,0.3090002845557691,-0.0934169750313625,1.6011149422878217,6.0,142.0,0.5070422535211268,0.019448445481734685,0.0011608219982507473,10.564982902157741,-0.26056303199875763,0.25794581579670345,-0.1595638622725343,2.0048857419034003,6.0,279.0,13.0,86.0,20.0,29.0,7.0,True,False,False,False
time_1001_1130__open_any__speed_any__duration_61_120,OPEN_COUNT_FREE+SPEED_FREE,10:01~11:30回封；炸板/回封次数不限；回封速度不限；首封后61~120分钟形成回封,"first_to_signal_minutes,signal_hhmm",True,601b83c90ad20cde5dddd1fbc3f34db051eaecb6,2150,408,319,89,0,135,0.4962962962962963,0.010138879740942517,-0.0013986654,2.7687289647290028,-0.42497904847160417,0.3721270239550671,-0.1604044205087896,1.4806504976425579,6,70,1.55337952714354,65,1.7823905338963295,1,True,136.0,0.5,0.008472386233794501,-0.00037128772421050004,2.3401275375360244,-0.4249790484716044,0.2559726948000001,-0.1604044205087896,1.3862926735820569,6.0,146.0,0.5136986301369864,0.011944686180675845,0.0013810548310875903,3.37071629687252,-0.38028898764033126,0.4892913885103991,-0.189337554306236,1.409628711497553,4.0,408.0,7.0,111.0,12.0,20.0,3.0,True,False,False,False
time_any__open_eq2__speed_le5__ever_40_100,TIME_FREE,回封时间不限；第2次炸板后的回封；最后炸板后5分钟内回封；信号时全市场已有40~100只首板触板,"last_break_to_signal_minutes,market_ever_sealed_count,open_times_at_signal",True,1331c3e65c29336f73bcd31c9c02f1fcf7d64ad4,2349,407,329,78,0,134,0.4626865671641791,0.01008433392605297,-0.0028815029435276503,2.7459598936248404,-0.4929897354716478,0.2877539667175889,-0.1777544284995882,1.6818809393402057,8,63,0.6858194978263616,71,4.0039105075430115,2,True,134.0,0.4626865671641791,0.01008433392605297,-0.0028815029435276503,2.7459598936248404,-0.4929897354716478,0.2877539667175889,-0.1777544284995882,1.6818809393402057,8.0,146.0,0.5,0.014878827651823068,-4.588114004105005e-05,5.708741741628286,-0.5467208672782404,0.2877539667175889,-0.1777544284995882,1.6690723756319474,6.0,407.0,0.0,113.0,13.0,12.0,8.0,True,False,False,False
time_1400_1429__open_3_5__speed_2_5,STRUCTURAL_GRID,14:00~14:29回封；第3~5次炸板后的回封；最后炸板后2~5分钟回封,"last_break_to_signal_minutes,open_times_at_signal,signal_hhmm",True,7da83ea93558ed17a37984f36db9719bd35c214b,750,249,220,29,0,111,0.5225225225225225,0.01116561928847687,0.0014207608536377,2.7349162771788196,-0.3304089663140465,0.2971055310979901,-0.1389379853296101,1.4550866066152341,4,52,1.4809849842676084,59,1.8466873778138384,1,True,113.0,0.48672566371681414,0.0066523594791218004,-0.0034703821754717,1.6924573197192918,-0.40773903210648343,0.2971055310979901,-0.1389379853296101,1.3948555502699667,4.0,141.0,0.5035460992907801,0.018388062523852763,0.0013883431095344,8.921961659052574,-0.36458896427609944,0.3687231660523884,-0.13823939725321072,1.9531271389016112,7.0,247.0,16.0,83.0,22.0,25.0,11.0,False,False,False,False
time_1300_1454__open_eq4__speed_any__duration_61_120,SPEED_FREE,13:00~14:54回封；第4次炸板后的回封；回封速度不限；首封后61~120分钟形成回封,"first_to_signal_minutes,open_times_at_signal,signal_hhmm",True,9999804473e3feabe930d58dd80d116451db11af,588,270,232,38,0,116,0.4482758620689655,0.010771797340752752,-0.00367035637148505,2.7289188720088604,-0.30257307059762084,0.3721270239550671,-0.1370202417594448,1.9834257593470266,6,56,1.6852486224780214,60,1.6192974945122367,1,True,118.0,0.4745762711864407,0.013050422072836777,-0.0028933951117688502,3.5409241780135083,-0.41036208094825233,0.3721270239550671,-0.1370202417594448,1.9054828045532348,6.0,144.0,0.5625,0.023487210432218172,0.010823372286525334,19.840163577971744,-0.39781865772910197,0.3721270239550671,-0.1370202417594448,1.974000962201094,7.0,265.0,13.0,95.0,20.0,23.0,6.0,True,False,False,False
time_1001_1359__open_any__speed_le2__ever_40_100,OPEN_COUNT_FREE,10:01~13:59回封；炸板/回封次数不限；最后炸板后2分钟内回封；信号时全市场已有40~100只首板触板,"last_break_to_signal_minutes,market_ever_sealed_count,signal_hhmm",True,845c9f6b9c6db9f20e6b8f7150e337d206d4ca9d,5203,403,329,74,0,137,0.5255474452554745,0.009628137098193136,0.00658686108,2.7251721466675716,-0.46724728052817566,0.2881093435036007,-0.1777544284995882,1.3128479299865148,5,66,1.1617404478249216,71,2.345766777570495,2,True,137.0,0.5255474452554745,0.009628137098193136,0.00658686108,2.7251721466675716,-0.46724728052817566,0.2881093435036007,-0.1777544284995882,1.3128479299865148,5.0,148.0,0.527027027027027,0.017393199968852545,0.0066998735944534,8.390439160855026,-0.4274749159878506,0.4892913885103991,-0.1777544284995882,1.691153261115489,6.0,403.0,0.0,119.0,15.0,13.0,1.0,True,False,False,False
time_1300_1359__open_any__speed_6_10__amount_ge2,OPEN_COUNT_FREE,13:00~13:59回封；炸板/回封次数不限；最后炸板后6~10分钟回封；信号前成交额至少前日2倍,"last_break_to_signal_minutes,signal_cumulative_amount_vs_prev_day,signal_hhmm",True,b745a2c94123aeb94968a6faa53191db50aae84e,399,228,174,54,0,99,0.48484848484848486,0.012075398473936228,-0.0013986653999999,2.720540515012734,-0.2585139662990589,0.3090002845557691,-0.0946809216265486,1.8189408921020438,7,50,1.9661994058501553,49,1.383654428395278,1,True,103.0,0.4854368932038835,0.012293045397409778,-0.0013986653999999,2.9058824843245388,-0.2585139662990589,0.3090002845557691,-0.0946809216265486,1.8241686169278697,7.0,136.0,0.5514705882352942,0.019820900849111145,0.006027745678888998,9.880134997018672,-0.2947997480045106,0.4892913885103991,-0.1056750764320755,1.7529462211983846,5.0,228.0,15.0,80.0,20.0,28.0,8.0,True,False,False,False
time_1300_1359__open_any__speed_6_10__duration_61_120,OPEN_COUNT_FREE,13:00~13:59回封；炸板/回封次数不限；最后炸板后6~10分钟回封；首封后61~120分钟形成回封,"first_to_signal_minutes,last_break_to_signal_minutes,signal_hhmm",True,8988159f742617836f6affe5a52cab07f5ba16f2,232,159,136,23,0,81,0.5061728395061729,0.015035731797834498,0.0001228263658199,2.6807876746412327,-0.4106667127994367,0.3721270239550671,-0.0991255973960148,1.6762303381000734,4,39,1.2575055055956097,42,2.1318297714899415,1,True,91.0,0.46153846153846156,0.0029558878490288237,-0.0031078765304121,1.0976146793980308,-0.42291412543257034,0.1483123719988254,-0.1123931435119564,1.3157259984937213,6.0,139.0,0.5899280575539568,0.031338632385342444,0.01246021082226626,44.04229408522025,-0.3400342733951065,0.4892913885103991,-0.13823939725321072,2.046067912468298,6.0,159.0,29.0,66.0,33.0,31.0,9.0,False,False,False,False
time_1300_1454__open_any__speed_6_10__break_low_le2,OPEN_COUNT_FREE,13:00~14:54回封；炸板/回封次数不限；最后炸板后6~10分钟回封；最后炸板分钟最低回落不超2%,"last_break_low_depth_pct,last_break_to_signal_minutes,signal_hhmm",True,744139fccf6f14dd204e5355a960bbcc305df1d6,1876,409,327,82,0,138,0.5072463768115942,0.009342390471591518,0.00168227727426095,2.6761882804352344,-0.43766847982440926,0.3090002845557691,-0.1036059412351401,1.4046694517404923,6,65,1.4107807800963823,73,1.8969554435327645,1,True,138.0,0.5072463768115942,0.009342390471591518,0.00168227727426095,2.6761882804352344,-0.43766847982440926,0.3090002845557691,-0.1036059412351401,1.4046694517404923,6.0,151.0,0.543046357615894,0.018750331785750224,0.0062763969646168,10.50552246517698,-0.43766847982440904,0.3687231660523884,-0.1338850016643887,1.620633708841172,5.0,408.0,4.0,120.0,14.0,12.0,5.0,True,False,False,False
time_any__open_eq4__speed_le2__amount_ge1_5,TIME_FREE,回封时间不限；第4次炸板后的回封；最后炸板后2分钟内回封；信号前成交额至少前日1.5倍,"last_break_to_signal_minutes,open_times_at_signal,signal_cumulative_amount_vs_prev_day",True,f1280f53f2cba40ec33f0d2303cd07760a958d8d,1051,350,301,49,0,128,0.5,0.010050373445746882,-1.9986882691449984e-05,2.664744402979153,-0.49892520912678084,0.3721270239550671,-0.1604044205087896,1.5394323374292604,6,64,1.0141494181404045,64,2.6275658747261956,1,True,129.0,0.5116279069767442,0.009174147436102469,0.0013069031199177,2.4318617251492287,-0.4843671541676138,0.3721270239550671,-0.1604044205087896,1.420335649138628,6.0,147.0,0.5170068027210885,0.01543345981935051,0.0021752415944633883,6.267315894964017,-0.30387380033715705,0.3721270239550671,-0.1604044205087896,1.7029438835091084,7.0,347.0,10.0,102.0,14.0,23.0,8.0,True,False,False,False
time_any__open_2_3__speed_6_10__ever_40_150,TIME_FREE,回封时间不限；第2~3次炸板后的回封；最后炸板后6~10分钟回封；信号时全市场已有40~150只首板触板,"last_break_to_signal_minutes,market_ever_sealed_count,open_times_at_signal",True,94a45ce6721d6a2a42db196fd7d9ceaf1963965a,838,302,234,68,0,113,0.4778761061946903,0.011360621968289722,-0.0023073632408276,2.6645902572058513,-0.3022209576238779,0.3721270239550671,-0.1370202417594448,1.7113235795472463,7,52,2.3265255391363286,61,1.1453088360229322,1,True,115.0,0.4782608695652174,0.01154222080411958,-0.0023073632408276,2.784250474349108,-0.3022209576238779,0.3721270239550671,-0.1370202417594448,1.734810032185057,7.0,144.0,0.5138888888888888,0.021051633451355425,0.002223748733351158,12.323850403777021,-0.35517870845847865,0.4892913885103991,-0.14417251000998996,2.0226715601316947,4.0,301.0,5.0,88.0,28.0,22.0,6.0,True,False,False,False
time_any__open_eq4__speed_le1__duration_61_120,TIME_FREE,回封时间不限；第4次炸板后的回封；最后炸板后1分钟内回封；首封后61~120分钟形成回封,"first_to_signal_minutes,last_break_to_signal_minutes,open_times_at_signal",True,0ffba751c3d0371182684178f090199ad4ddd606,319,194,166,28,0,102,0.4803921568627451,0.012052353892668283,-0.00058060988701325,2.655076323468703,-0.28913681251926715,0.3721270239550671,-0.1370202417594448,1.7692145046079544,7,47,1.2424740982123765,55,2.1369269003585045,1,True,111.0,0.4774774774774775,0.015605695582282385,-0.000596222117905,4.189385723359627,-0.22225382657678006,0.3721270239550671,-0.1370202417594448,2.0567190071911163,7.0,147.0,0.5850340136054422,0.03375480634227557,0.010782646179660961,76.94889753046847,-0.3131668554263759,0.4892913885103991,-0.14417251000998996,2.328066946743937,7.0,190.0,27.0,69.0,29.0,35.0,14.0,True,False,False,False
time_1300_1454__open_any__speed_6_10__main_board,OPEN_COUNT_FREE,13:00~14:54回封；炸板/回封次数不限；最后炸板后6~10分钟回封；仅沪深主板,"last_break_to_signal_minutes,market_segment,signal_hhmm",True,fbfb5baeb7f70f6742dcc9b4b10e19a7cf64f173,1554,396,324,72,0,137,0.5255474452554745,0.008840485829982498,0.003472358146026,2.6543249707867145,-0.43161781886957695,0.1372973208315789,-0.1338850016643887,1.3416301959931283,5,66,1.6768828273607574,71,1.5828923330107394,1,True,137.0,0.5182481751824818,0.008648912230813785,0.0019174718546979,2.587410109818178,-0.43161781886957695,0.1372973208315789,-0.1338850016643887,1.372940119192726,5.0,150.0,0.56,0.01550984938920273,0.0063581595271618,7.362690394519575,-0.43161781886957706,0.25794581579670345,-0.1338850016643887,1.4776324746581544,5.0,394.0,5.0,125.0,11.0,11.0,3.0,True,False,False,False
time_1300_1454__open_any__speed_ge11__pre_low_ge0,OPEN_COUNT_FREE,13:00~14:54回封；炸板/回封次数不限；最后炸板11分钟后回封；信号前最低价不低于昨收,"last_break_to_signal_minutes,pre_signal_min_return,signal_hhmm",True,a6d8e212ffbee44fc6aa407943772fe292071318,2568,428,347,81,0,141,0.524822695035461,0.009046144914063069,0.0055239889040279,2.639945761932204,-0.5638616390787645,0.2397254494319167,-0.1404127616917432,1.3063948426976821,4,69,0.9321141300750654,72,2.832213005632265,1,True,142.0,0.5140845070422535,0.008805546242416668,0.0037235426428413997,2.5707234836884854,-0.5638616390787645,0.2397254494319167,-0.1404127616917432,1.3501111079535324,5.0,149.0,0.5234899328859061,0.01272020217223349,0.0046873016632795,4.595976267350697,-0.42511070808297124,0.3687231660523884,-0.17629142067722955,1.5406485524545313,4.0,427.0,3.0,115.0,12.0,16.0,6.0,True,False,False,False
time_1300_1359__open_any__speed_6_10__pre_low_ge0,OPEN_COUNT_FREE,13:00~13:59回封；炸板/回封次数不限；最后炸板后6~10分钟回封；信号前最低价不低于昨收,"last_break_to_signal_minutes,pre_signal_min_return,signal_hhmm",True,ac3de00d451a56eec8e52937509e91dbf0a30838,499,207,168,39,0,96,0.53125,0.012344064152421183,0.00404066495010375,2.619100618107409,-0.26677441255960466,0.3090002845557691,-0.1595638622725343,1.4523815775945585,3,44,2.034481577820307,52,1.2873552882761647,1,True,99.0,0.5151515151515151,0.009202040393233963,0.003586893024,2.020612995866985,-0.23671825753694709,0.3090002845557691,-0.1595638622725343,1.3945145359581157,4.0,138.0,0.5144927536231884,0.02657558538072111,0.002223748733351158,22.686151340179915,-0.26080727830714434,0.4892913885103991,-0.13823939725321072,2.32181628649244,7.0,207.0,17.0,71.0,24.0,31.0,12.0,False,False,False,False
time_any__open_eq2__speed_6_10__seal_rate_ge60,TIME_FREE,回封时间不限；第2次炸板后的回封；最后炸板后6~10分钟回封；信号时全市场首板封住率至少60%,"last_break_to_signal_minutes,market_seal_rate,open_times_at_signal",True,a42117d69b04c9a0c5c9b4c063980bbb0f28ff5f,658,307,229,78,0,115,0.48695652173913045,0.010958388320492406,-0.0046817514528238,2.614549726971059,-0.2690054964987889,0.3721270239550671,-0.1604044205087896,1.6145764630413617,6,55,2.3447485108474235,60,1.1150661637593398,1,True,120.0,0.4666666666666667,0.007711332300964825,-0.006997257387715301,1.8510482841739677,-0.306334964961285,0.3721270239550671,-0.1604044205087896,1.5429316782856577,6.0,145.0,0.503448275862069,0.01746300305299624,0.0002024507728776,8.031169678986421,-0.3105564181459354,0.3721270239550671,-0.1604044205087896,1.856033271681479,5.0,303.0,8.0,88.0,22.0,26.0,9.0,False,False,False,False
time_any__open_eq3__speed_6_10__main_board,TIME_FREE,回封时间不限；第3次炸板后的回封；最后炸板后6~10分钟回封；仅沪深主板,"last_break_to_signal_minutes,market_segment,open_times_at_signal",True,28825f0eabca64ae558155ac9d7b8350dfdc8c3d,349,209,181,28,0,100,0.55,0.011428139177462415,0.0035661618058023996,2.6121871209081773,-0.31346810839068107,0.1378207019116981,-0.1083842445230769,1.3531442368470328,4,48,1.5468964110428978,52,1.6886632500149596,1,True,104.0,0.5384615384615384,0.01337782119439859,0.0035661618058023996,3.3540338203547537,-0.3134681083906812,0.1382973329857442,-0.1083842445230769,1.5658284847574335,5.0,143.0,0.5384615384615384,0.02137564540642301,0.004733836650798,14.167630271173923,-0.27924661920345817,0.25794581579670345,-0.14417251000998996,1.9076589029890745,6.0,206.0,23.0,73.0,31.0,29.0,10.0,True,False,False,False
time_any__open_eq2__speed_6_10__pre_low_ge0,TIME_FREE,回封时间不限；第2次炸板后的回封；最后炸板后6~10分钟回封；信号前最低价不低于昨收,"last_break_to_signal_minutes,open_times_at_signal,pre_signal_min_return",True,dee72f3300d8a379fef3571063e761c8c10107f7,426,212,159,53,0,94,0.5106382978723404,0.012747207634173287,0.00081160581325765,2.581490646075815,-0.338340508074495,0.2884420958080925,-0.16676560959,1.5551500965002862,5,45,1.8016136160631107,49,1.4328769626624447,1,True,102.0,0.49019607843137253,0.009874346506396028,-0.00219470165793065,2.1688305918789,-0.2976634160677951,0.2884420958080925,-0.1604044205087896,1.5568719785591947,5.0,137.0,0.635036496350365,0.036801359483465024,0.019180342510750216,93.42440613107574,-0.2323884903220632,0.2884420958080925,-0.1604044205087896,2.0758179746035665,5.0,209.0,20.0,65.0,26.0,35.0,11.0,True,False,False,False
time_any__open_2_3__speed_6_10__duration_61_120,TIME_FREE,回封时间不限；第2~3次炸板后的回封；最后炸板后6~10分钟回封；首封后61~120分钟形成回封,"first_to_signal_minutes,last_break_to_signal_minutes,open_times_at_signal",True,5c72b7ddc67001b5aa1988f6dffa50415445e5c1,289,188,161,27,0,93,0.46236559139784944,0.012884296110307744,-0.0048015886159089,2.5407618461712356,-0.31315650656881344,0.3721270239550671,-0.2040006245101206,1.9198136115273055,5,46,1.8426987342578702,47,1.3788264999240394,1,True,100.0,0.45,0.012487907602479396,-0.006552110453935649,2.685314726301452,-0.28479576404720996,0.2884775816944691,-0.2040006245101206,2.000818377507531,6.0,138.0,0.5579710144927537,0.028076238782361016,0.0061086721739835904,29.94107152052121,-0.18125440768695633,0.4892913885103991,-0.13823939725321072,2.3520786999644545,5.0,187.0,28.0,72.0,29.0,29.0,8.0,True,False,False,False
time_any__open_1_2__speed_le1__break_low_le1,TIME_FREE,回封时间不限；第1~2次炸板后的回封；最后炸板后1分钟内回封；最后炸板分钟最低回落不超1%,"last_break_low_depth_pct,last_break_to_signal_minutes,open_times_at_signal",True,6107ac3d125ebfc0cdf6bda44b14d49400e86aaa,4352,474,351,123,0,141,0.475177304964539,0.008779892011402354,-0.0027471702903236,2.529008969125041,-0.4768297535613806,0.3339820061776503,-0.1497963658200001,1.5734857080713855,5,72,1.148701886113499,69,2.201623414828414,1,True,141.0,0.475177304964539,0.008779892011402354,-0.0027471702903236,2.529008969125041,-0.4768297535613806,0.3339820061776503,-0.1497963658200001,1.5734857080713855,5.0,150.0,0.5266666666666666,0.016014967552207098,0.0043634319601844,7.011044070008559,-0.5188659439247649,0.3687231660523884,-0.1792189802694261,1.5859899574605856,6.0,474.0,0.0,122.0,9.0,9.0,10.0,True,False,False,False
time_1300_1359__open_any__speed_6_10__duration_ge121,OPEN_COUNT_FREE,13:00~13:59回封；炸板/回封次数不限；最后炸板后6~10分钟回封；首封121分钟后形成回封,"first_to_signal_minutes,last_break_to_signal_minutes,signal_hhmm",True,f0e7144af074c9a9f7b7140f95534911dec10a5b,178,114,97,17,0,69,0.5652173913043478,0.015256623202853342,0.004733836650798,2.516472805778417,-0.18745021312197885,0.1389246203090253,-0.11585787828,1.529004134868907,4,32,1.963635573203294,37,1.2815375928809825,3,True,82.0,0.5365853658536586,0.017991812757574433,0.00366396724539895,3.616036903802427,-0.24089887961062528,0.3090002845557691,-0.11585787828,1.8030170813399446,5.0,138.0,0.6304347826086957,0.03539356251548383,0.018455343904997756,73.53651038712201,-0.2297053474471087,0.4892913885103991,-0.13823939725321072,1.9402043672425944,4.0,114.0,38.0,54.0,36.0,36.0,12.0,True,False,False,False
time_1300_1359__open_1_2__speed_any__recent5_ge5pct,SPEED_FREE,13:00~13:59回封；第1~2次炸板后的回封；回封速度不限；回封前5分钟成交额至少前日5%,"open_times_at_signal,signal_hhmm,signal_recent_5m_amount_vs_prev_day",True,b5659d592d17a7d7e1f68d6b5477a0f6e09497a8,4131,480,341,139,0,142,0.5140845070422535,0.0083471228942555,0.0028036056965188502,2.509813401202096,-0.4252057558500014,0.2877539667175889,-0.1115395956427244,1.355548326900383,6,70,1.1980704212359368,72,2.0948796971491555,1,True,142.0,0.5140845070422535,0.0083471228942555,0.0028036056965188502,2.509813401202096,-0.4252057558500014,0.2877539667175889,-0.1115395956427244,1.355548326900383,6.0,155.0,0.5290322580645161,0.01359543263667552,0.0030678155125423,5.908310818844935,-0.3180681997202539,0.2395097457638093,-0.11849477438811166,1.557245606481888,9.0,480.0,0.0,114.0,17.0,16.0,8.0,True,False,False,False
time_any__open_eq3__speed_6_10__ever_40_100,TIME_FREE,回封时间不限；第3次炸板后的回封；最后炸板后6~10分钟回封；信号时全市场已有40~100只首板触板,"last_break_to_signal_minutes,market_ever_sealed_count,open_times_at_signal",True,d2788df9c57905d069d87c49724c742455dad589,245,177,148,29,0,88,0.5113636363636364,0.01218584364907686,0.0016529074821161499,2.4904144222006708,-0.22978584553448178,0.140190473515297,-0.0919738003774319,1.651807554012564,5,41,1.6209498056898208,47,1.5363920668356756,1,True,99.0,0.47474747474747475,0.009801231800145633,-0.0049678171901579,2.1875304572791467,-0.30162662600394263,0.1659870463579606,-0.102440249751573,1.6912173740738412,5.0,140.0,0.5857142857142857,0.029478595176323286,0.010987737810088915,37.31241569453118,-0.2843012526717301,0.4892913885103991,-0.11849477438811166,1.9685100011734065,4.0,177.0,26.0,64.0,33.0,34.0,9.0,True,False,False,False
time_any__open_eq3__speed_6_10__seal_rate_ge60,TIME_FREE,回封时间不限；第3次炸板后的回封；最后炸板后6~10分钟回封；信号时全市场首板封住率至少60%,"last_break_to_signal_minutes,market_seal_rate,open_times_at_signal",True,4afbd74e0c62ac29b7aead365aad62c0a49d8e16,350,219,187,32,0,105,0.5142857142857142,0.01057469439833486,0.0019174718546979,2.4846785248752536,-0.31346810839068107,0.140190473515297,-0.1083842445230769,1.478029485695062,5,51,1.4345369706094169,54,1.732042168156682,1,True,109.0,0.5137614678899083,0.012202578662348413,0.0019174718546979,3.1108046517685826,-0.3134681083906812,0.140190473515297,-0.1083842445230769,1.6246391245071121,5.0,144.0,0.5486111111111112,0.02271269097035881,0.004638965688036376,17.76487516440314,-0.25501385812442756,0.25794581579670345,-0.11849477438811166,1.9661773332024635,6.0,217.0,21.0,78.0,29.0,28.0,9.0,True,False,False,False
time_1001_1130__open_eq1__speed_any__ever_40_100,SPEED_FREE,10:01~11:30回封；第1次炸板后的回封；回封速度不限；信号时全市场已有40~100只首板触板,"market_ever_sealed_count,open_times_at_signal,signal_hhmm",True,cc3a18b63ba4328069658350615f22dc2831e0b8,2302,296,219,77,0,106,0.5283018867924528,0.010442497527119779,0.0031340693845045,2.4601879811847756,-0.2908572438414184,0.146691528204878,-0.1223049402677456,1.3649769468041468,5,51,1.7591954685196483,55,1.3984733505794043,2,True,106.0,0.5283018867924528,0.010442497527119779,0.0031340693845045,2.4601879811847756,-0.2908572438414184,0.146691528204878,-0.1223049402677456,1.3649769468041468,5.0,136.0,0.6102941176470589,0.03000942635932496,0.01995489712110505,37.086486866647896,-0.2448980087708812,0.4892913885103991,-0.1223049402677456,1.8460378779933357,5.0,296.0,2.0,82.0,24.0,24.0,6.0,True,False,False,False
time_1400_1429__open_ge2__speed_any__duration_ge121,SPEED_FREE,14:00~14:29回封；第2次及以后炸板后的回封；回封速度不限；首封121分钟后形成回封,"first_to_signal_minutes,open_times_at_signal,signal_hhmm",True,0cd836aacbd8692149a196586a9e736079021abc,1676,356,309,47,0,135,0.45925925925925926,0.008793131074270223,-0.0042125722215698,2.455834946783452,-0.38514897844077056,0.3721270239550671,-0.11585787828,1.7103717570847847,9,67,1.4981044539360149,68,1.639294870481937,1,True,136.0,0.4632352941176471,0.009547143202381264,-0.00396141869604805,2.734912655510666,-0.38514897844077056,0.3721270239550671,-0.11585787828,1.732454334327383,9.0,149.0,0.5369127516778524,0.014663143981241569,0.0055399780353658,6.061142472997148,-0.4334970882982394,0.3721270239550671,-0.1604044205087896,1.5017091176710538,7.0,354.0,13.0,117.0,12.0,18.0,2.0,True,False,False,False
time_any__open_1_2__speed_6_10__duration_61_120,TIME_FREE,回封时间不限；第1~2次炸板后的回封；最后炸板后6~10分钟回封；首封后61~120分钟形成回封,"first_to_signal_minutes,last_break_to_signal_minutes,open_times_at_signal",True,9ce5a542ad466d34eb150cf6d4ca9ad7b28c9ea6,262,176,136,40,0,83,0.4457831325301205,0.013991108938978099,-0.0048015886159089,2.4506747528436734,-0.41135582417478933,0.3721270239550671,-0.200076232581116,2.0612195902466643,6,38,1.589342004357521,45,1.5419429840302608,1,True,93.0,0.45161290322580644,0.009881943113235044,-0.0048015886159089,1.9761735270278933,-0.3752106446888992,0.2559726948000001,-0.200076232581116,1.7696836980722357,7.0,137.0,0.6058394160583942,0.03779263752289066,0.02150756108281972,101.67561171777788,-0.13536835356729904,0.4892913885103991,-0.1043668645883486,2.444480823458033,3.0,175.0,32.0,68.0,27.0,31.0,11.0,False,False,False,False
time_1300_1454__open_any__speed_6_10__ever_40_150,OPEN_COUNT_FREE,13:00~14:54回封；炸板/回封次数不限；最后炸板后6~10分钟回封；信号时全市场已有40~150只首板触板,"last_break_to_signal_minutes,market_ever_sealed_count,signal_hhmm",True,a360cb7b3edfd2ca30aabf3d8e1c6ef83c8bb0c2,1519,372,298,74,0,129,0.4883720930232558,0.009170218963859809,-0.0013986653999999,2.443120457985281,-0.44377298999250725,0.3090002845557691,-0.1338850016643887,1.514484567291184,5,60,1.1765294243413893,69,2.0765485396618257,1,True,129.0,0.4806201550387597,0.008966764831409315,-0.0016651726550969,2.3815300093496643,-0.44377298999250725,0.3090002845557691,-0.1338850016643887,1.552818256556488,5.0,147.0,0.5170068027210885,0.02000765999566544,0.0018150220858537,11.43446273458306,-0.43766847982440904,0.4892913885103991,-0.1338850016643887,1.9501157932643602,5.0,371.0,4.0,109.0,16.0,16.0,6.0,True,False,False,False
time_1001_1359__open_any__speed_any__duration_16_30,OPEN_COUNT_FREE+SPEED_FREE,10:01~13:59回封；炸板/回封次数不限；回封速度不限；首封后16~30分钟形成回封,"first_to_signal_minutes,signal_hhmm",True,f9a4a61b8072d3a73c7525b9d6e873941f4844ec,3361,456,344,112,0,141,0.48226950354609927,0.008839280359589426,-0.003733862956359,2.4275144263645685,-0.3446970909760321,0.2798824747699878,-0.189337554306236,1.511316474704269,5,71,1.0073969115825872,70,2.409690161300005,1,True,141.0,0.48226950354609927,0.008839280359589426,-0.003733862956359,2.4275144263645685,-0.3446970909760321,0.2798824747699878,-0.189337554306236,1.511316474704269,5.0,151.0,0.5033112582781457,0.0086929497207585,0.0005836994984953,2.494581116903765,-0.3685787241987617,0.2732236251032737,-0.189337554306236,1.3581623610987026,5.0,456.0,0.0,127.0,8.0,8.0,8.0,True,False,False,False
time_any__open_any__speed_any__duration_61_120__ever_40_150,PURE_QUALITY_PAIR_ALL_TIME_AND_OPEN_COUNT,回封时间不限；炸板/回封次数不限；回封速度不限；首封后61~120分钟形成回封；信号时全市场已有40~150只首板触板,"first_to_signal_minutes,market_ever_sealed_count",True,ab023134e713925af662839fc95cbd3870d0f1a7,5398,408,318,90,0,133,0.5037593984962406,0.008969699867847269,0.0011254952689656,2.426691400714239,-0.5150050683912648,0.2877539667175889,-0.1780617093150838,1.382902991855763,5,64,1.5473052407984753,69,1.5683339891371164,1,True,133.0,0.5037593984962406,0.008969699867847269,0.0011254952689656,2.426691400714239,-0.5150050683912648,0.2877539667175889,-0.1780617093150838,1.382902991855763,5.0,155.0,0.5612903225806452,0.024282428111049685,0.0121570122666666,24.484013296823157,-0.34659188102716043,0.4892913885103991,-0.1812881900572455,1.8162042267830054,5.0,408.0,0.0,110.0,19.0,20.0,6.0,True,False,False,False
time_1300_1359__open_eq2__speed_6_10,STRUCTURAL_GRID,13:00~13:59回封；第2次炸板后的回封；最后炸板后6~10分钟回封,"last_break_to_signal_minutes,open_times_at_signal,signal_hhmm",True,a97b6268a74810f4f9aec1db2076b731586435d0,237,156,121,35,0,80,0.525,0.012826393660567637,0.0037126790215518,2.418178241201838,-0.2265805871782306,0.1606895591199837,-0.1370202417594448,1.595675860328277,3,38,1.22417832148487,42,1.975348034483001,1,True,89.0,0.5393258426966292,0.012586029204271983,0.004553404278500835,2.662254271613622,-0.1899153469168786,0.1606895591199837,-0.1370202417594448,1.5708103783201868,3.0,133.0,0.6466165413533834,0.039399208472265614,0.0203556275892377,106.68760280109086,-0.22374431477673828,0.4892913885103991,-0.13823939725321072,2.2677265097197616,5.0,156.0,27.0,54.0,30.0,35.0,14.0,True,False,False,False
time_1400_1429__open_eq2__speed_any__amount_ge1_5,SPEED_FREE,14:00~14:29回封；第2次炸板后的回封；回封速度不限；信号前成交额至少前日1.5倍,"open_times_at_signal,signal_cumulative_amount_vs_prev_day,signal_hhmm",True,565362af077ba44b4cb5963180fce6e2a71b3114,743,317,256,61,0,125,0.472,0.008796678893590136,-0.004550846905263,2.4155247638399087,-0.23923302288687276,0.2877539667175889,-0.0936314962440001,1.7149051929969943,5,63,2.1722806360014957,62,1.1119763827044693,1,True,128.0,0.4765625,0.007337426231044196,-0.00362523506825435,2.0689638957107825,-0.23923302288687265,0.2877539667175889,-0.109385915162897,1.5759693390028968,5.0,145.0,0.4896551724137931,0.01222133863610468,-0.0006254189978873,4.047719572635025,-0.37125505062783226,0.2877539667175889,-0.17629142067722955,1.7121379109327326,9.0,313.0,13.0,101.0,14.0,23.0,7.0,True,False,False,False
time_1300_1359__open_any__speed_6_10,STRUCTURAL_GRID,13:00~13:59回封；炸板/回封次数不限；最后炸板后6~10分钟回封,"last_break_to_signal_minutes,signal_hhmm",True,9350bcc317926215e716d99f616f7d5d4998a75f,976,337,276,61,0,125,0.504,0.009544179762731954,0.0014971848619781,2.4134847925395797,-0.3330924060331485,0.3090002845557691,-0.1370202417594448,1.4000432977400812,5,58,1.7158162050290944,67,1.406610326598855,1,True,127.0,0.49606299212598426,0.008922490141616118,-0.000596222117905,2.2863789767667004,-0.3416774239982274,0.3090002845557691,-0.1370202417594448,1.420893345928235,5.0,146.0,0.5753424657534246,0.027651379637166636,0.0068299836375137965,35.0343184620749,-0.2274802060565968,0.4892913885103991,-0.1043668645883486,2.1558833606513637,4.0,337.0,7.0,106.0,12.0,19.0,9.0,True,False,False,False
time_1400_1454__open_eq4__speed_any__seal_rate_ge70,SPEED_FREE,14:00~14:54回封；第4次炸板后的回封；回封速度不限；信号时全市场首板封住率至少70%,"market_seal_rate,open_times_at_signal,signal_hhmm",True,bb98c98a5b9b192631936178ae4eaaf281be53c3,685,258,215,43,0,111,0.4954954954954955,0.010007533614188904,-0.0031403863110377,2.408559939134817,-0.37544854574920616,0.2397254494319167,-0.1098246868368515,1.5106068488172868,5,52,1.2248043096423824,59,1.9664855195015327,1,True,117.0,0.47863247863247865,0.004846199723011602,-0.0038637951833488,1.426592897797137,-0.550494792032643,0.2397254494319167,-0.1521254777099999,1.341735164942969,5.0,140.0,0.5,0.015430394452295174,-0.0005797004567250376,5.890865938490543,-0.4380778983140843,0.3687231660523884,-0.1521254777099999,1.7544823541419667,6.0,249.0,23.0,85.0,24.0,22.0,9.0,False,False,False,False
time_1300_1359__open_1_2__speed_any__duration_61_120,SPEED_FREE,13:00~13:59回封；第1~2次炸板后的回封；回封速度不限；首封后61~120分钟形成回封,"first_to_signal_minutes,open_times_at_signal,signal_hhmm",True,454b9d7d8ae71919155350d0f98c949da439ac5c,996,359,271,88,0,128,0.4765625,0.00921774278362629,-0.0013986654,2.3991039099287743,-0.3830354439962106,0.3721270239550671,-0.1780617093150838,1.571022753604286,9,65,1.0429627630911233,63,2.300277627188081,1,True,129.0,0.4728682170542636,0.008952403239435129,-0.0013986654,2.3390658496971235,-0.3984751067056296,0.3721270239550671,-0.1780617093150838,1.5800571332127908,9.0,148.0,0.4797297297297297,0.019037428305104166,-0.0013986654,10.187911949321586,-0.3446184001945385,0.3721270239550671,-0.1780617093150838,2.1246171827894376,11.0,359.0,6.0,109.0,13.0,18.0,8.0,True,False,False,False
time_any__open_eq4__speed_le2__duration_61_120,TIME_FREE,回封时间不限；第4次炸板后的回封；最后炸板后2分钟内回封；首封后61~120分钟形成回封,"first_to_signal_minutes,last_break_to_signal_minutes,open_times_at_signal",True,b903a917f8487973744b575065d0a9f8df99d0c8,454,241,207,34,0,114,0.4649122807017544,0.010438456517552326,-0.00298737302868435,2.38543279822967,-0.2589254787425268,0.3721270239550671,-0.1370202417594448,1.7097694599639672,8,55,1.6301042695098686,59,1.4633620945897585,1,True,117.0,0.47863247863247865,0.01558900695971353,-0.000596222117905,4.42307475786187,-0.2589254787425268,0.3721270239550671,-0.1370202417594448,1.9506421204745925,8.0,144.0,0.5833333333333334,0.03048636190866888,0.01187871426781518,46.64824551608112,-0.22263879862005143,0.4892913885103991,-0.14417251000998996,2.0633812928724797,6.0,237.0,20.0,86.0,21.0,28.0,9.0,True,False,False,False
time_1400_1429__open_eq3__speed_any__main_board,SPEED_FREE,14:00~14:29回封；第3次炸板后的回封；回封速度不限；仅沪深主板,"market_segment,open_times_at_signal,signal_hhmm",True,33ca30ad4788b5aab181daad63b2d8dc64e6b896,728,287,248,39,0,117,0.5213675213675214,0.00922018876720204,0.0044057921735682,2.3767426534770126,-0.27145723700574476,0.1389025984499999,-0.1569867550068164,1.3764048891573593,6,58,1.4723533876494417,59,1.6142474173753867,1,True,122.0,0.5,0.004028282099989247,0.00059635077862025,1.331775087219257,-0.5319424606478036,0.1389025984499999,-0.1569867550068164,1.195887365501574,10.0,143.0,0.5034965034965035,0.007440366875592371,0.0013883431095344,2.0959010748515405,-0.5655977726528774,0.3687231660523884,-0.14417251000998996,1.3320144269456735,10.0,285.0,17.0,93.0,23.0,22.0,5.0,False,False,False,False
time_before_1400__open_any__speed_6_10__ever_40_100,OPEN_COUNT_FREE,14:00前回封；炸板/回封次数不限；最后炸板后6~10分钟回封；信号时全市场已有40~100只首板触板,"last_break_to_signal_minutes,market_ever_sealed_count,signal_hhmm",True,8099ad4d419b6e9184694dda5818dadbdf909e63,1280,332,246,86,0,116,0.46551724137931033,0.009394572877082558,-0.00195474550450265,2.3697428762094472,-0.4429230221267204,0.215160810539875,-0.1777544284995882,1.7271397266415167,6,52,1.52539267988214,64,1.5535297287466634,1,True,117.0,0.46153846153846156,0.009248491046553323,-0.0024307373602088,2.351502962222829,-0.4429230221267204,0.215160810539875,-0.1777544284995882,1.7487681810135232,6.0,141.0,0.5319148936170213,0.019634438481014642,0.0043676885133477,10.109302558685597,-0.47976455908527604,0.4892913885103991,-0.1777544284995882,1.8331789310351527,7.0,332.0,2.0,94.0,18.0,22.0,7.0,True,False,False,False
time_before_1400__open_any__speed_6_10__ever_40_150,OPEN_COUNT_FREE,14:00前回封；炸板/回封次数不限；最后炸板后6~10分钟回封；信号时全市场已有40~150只首板触板,"last_break_to_signal_minutes,market_ever_sealed_count,signal_hhmm",True,d2d3b269bd91b4599ecda56f82b53ffabbb8db67,1475,333,247,86,0,116,0.46551724137931033,0.009394572877082558,-0.00195474550450265,2.3697428762094472,-0.4429230221267204,0.215160810539875,-0.1777544284995882,1.7271397266415167,6,52,1.52539267988214,64,1.5535297287466634,1,True,117.0,0.46153846153846156,0.009248491046553323,-0.0024307373602088,2.351502962222829,-0.4429230221267204,0.215160810539875,-0.1777544284995882,1.7487681810135232,6.0,141.0,0.5319148936170213,0.019634438481014642,0.0043676885133477,10.109302558685597,-0.47976455908527604,0.4892913885103991,-0.1777544284995882,1.8331789310351527,7.0,333.0,1.0,94.0,18.0,22.0,7.0,True,False,False,False
time_any__open_any__speed_6_10__duration_16_30,TIME_FREE+OPEN_COUNT_FREE,回封时间不限；炸板/回封次数不限；最后炸板后6~10分钟回封；首封后16~30分钟形成回封,"first_to_signal_minutes,last_break_to_signal_minutes",True,5eccba40babd9fe0fd3e826200eacd49e8a8ba77,607,276,207,69,0,105,0.49523809523809526,0.010145026463406058,-0.0005051672970162,2.3153186501638983,-0.31854444680376026,0.1935590908019999,-0.1777544284995882,1.5486539993424417,5,47,1.0401455473931895,58,2.2259564115488883,1,True,110.0,0.4909090909090909,0.007656687510391497,-0.0009519163485081,1.8774743435286834,-0.30751070576832384,0.1935590908019999,-0.1777544284995882,1.4445729345953024,5.0,134.0,0.5,0.015066494136683097,-0.0001513582620693,4.885452636639295,-0.3583254342156704,0.4892913885103991,-0.1777544284995882,1.778505518172844,5.0,275.0,14.0,88.0,18.0,22.0,6.0,False,False,False,False
time_1400_1429__open_eq4__speed_any__seal_rate_ge70,SPEED_FREE,14:00~14:29回封；第4次炸板后的回封；回封速度不限；信号时全市场首板封住率至少70%,"market_seal_rate,open_times_at_signal,signal_hhmm",True,3b713bb842429cf5abc453aa8c86a46b539ff4ed,433,180,155,25,0,89,0.5168539325842697,0.01158692855547053,0.0013883431095344,2.314408084802359,-0.3137365955748922,0.2397254494319167,-0.1098246868368515,1.4821276131604004,3,42,1.2918198523369147,47,1.7915873336483967,1,True,98.0,0.5102040816326531,0.009850207360126342,0.0028970676415513,2.16694402247234,-0.3311547610253751,0.2397254494319167,-0.1098246868368515,1.4456601929371047,4.0,136.0,0.5661764705882353,0.02857768209900575,0.011973304850295,31.104574126266677,-0.21704359292916497,0.3687231660523884,-0.13823939725321072,2.123103511299426,5.0,178.0,25.0,68.0,29.0,29.0,10.0,True,False,False,False
time_any__open_any__speed_6_10__ever_40_100,TIME_FREE+OPEN_COUNT_FREE,回封时间不限；炸板/回封次数不限；最后炸板后6~10分钟回封；信号时全市场已有40~100只首板触板,"last_break_to_signal_minutes,market_ever_sealed_count",True,b1c90206a0202bdc25cdefbfd8a49b264746930f,1809,389,285,104,0,127,0.4330708661417323,0.00846916601431333,-0.0043614932459362,2.282437994304385,-0.4487195802695012,0.215160810539875,-0.1777544284995882,1.876695671079039,6,59,1.3763663515465077,68,1.6583070283139378,1,True,127.0,0.4330708661417323,0.00846916601431333,-0.0043614932459362,2.282437994304385,-0.4487195802695012,0.215160810539875,-0.1777544284995882,1.876695671079039,6.0,146.0,0.4863013698630137,0.01593911213123643,-0.0017013520604636282,6.236805437762678,-0.5991478072294667,0.4892913885103991,-0.1777544284995882,1.8588638646083546,7.0,389.0,2.0,102.0,20.0,17.0,7.0,True,False,False,False
time_any__open_any__speed_6_10__ever_40_150,TIME_FREE+OPEN_COUNT_FREE,回封时间不限；炸板/回封次数不限；最后炸板后6~10分钟回封；信号时全市场已有40~150只首板触板,"last_break_to_signal_minutes,market_ever_sealed_count",True,b54f23568726adbde6d328abe082064d86754161,2216,390,286,104,0,127,0.4330708661417323,0.00846916601431333,-0.0043614932459362,2.282437994304385,-0.4487195802695012,0.215160810539875,-0.1777544284995882,1.876695671079039,6,59,1.3763663515465077,68,1.6583070283139378,1,True,127.0,0.4330708661417323,0.00846916601431333,-0.0043614932459362,2.282437994304385,-0.4487195802695012,0.215160810539875,-0.1777544284995882,1.876695671079039,6.0,146.0,0.4863013698630137,0.01593911213123643,-0.0017013520604636282,6.236805437762678,-0.5991478072294667,0.4892913885103991,-0.1777544284995882,1.8588638646083546,7.0,390.0,1.0,102.0,20.0,17.0,7.0,True,False,False,False
time_1400_1429__open_eq4__speed_any__break_close_le1,SPEED_FREE,14:00~14:29回封；第4次炸板后的回封；回封速度不限；最后炸板分钟收盘回落不超1%,"last_break_close_depth_pct,open_times_at_signal,signal_hhmm",True,e47246253cd407e2a63ca029aa35322e9959dac9,702,278,239,39,0,116,0.5,0.009280066622879819,-0.00087980017069765,2.2791419627111114,-0.5599591849263057,0.2804551011527076,-0.1098246868368515,1.4435037190195734,9,55,0.8288845684234315,61,2.749649407813345,1,True,120.0,0.48333333333333334,0.007437327930839324,-0.0035020907471932502,1.8976421399344785,-0.5454108125256306,0.2804551011527076,-0.1098246868368515,1.4388766502459545,9.0,144.0,0.4791666666666667,0.014491841945623786,-0.0035020907471932502,5.320677718814335,-0.634652821643485,0.3687231660523884,-0.1521254777099999,1.8475234867827193,9.0,275.0,15.0,99.0,16.0,21.0,8.0,False,False,False,False
time_1300_1454__open_any__speed_6_10__duration_16_30,OPEN_COUNT_FREE,13:00~14:54回封；炸板/回封次数不限；最后炸板后6~10分钟回封；首封后16~30分钟形成回封,"first_to_signal_minutes,last_break_to_signal_minutes,signal_hhmm",True,6a0913c8fa53089653350a0e9cc353e03f7b1480,253,151,114,37,0,76,0.5263157894736842,0.012532769677284039,0.00288018722106265,2.253566304485816,-0.19647089069788193,0.1375331983591836,-0.1627866280771597,1.6058146054831843,3,34,1.2864141534198232,42,1.7518202038549564,1,True,85.0,0.4588235294117647,0.00704967550381961,-0.0035045980625465,1.6062812273923692,-0.396698873595014,0.1375331983591836,-0.1627866280771597,1.6710618553630816,6.0,131.0,0.5572519083969466,0.025790296767394322,0.0051774373954629,18.635947608688998,-0.19939421300587168,0.4892913885103991,-0.1595638622725343,2.142917506899376,4.0,147.0,28.0,55.0,36.0,30.0,10.0,False,False,False,False
time_1300_1454__open_1_2__speed_any__break_low_le2,SPEED_FREE,13:00~14:54回封；第1~2次炸板后的回封；回封速度不限；最后炸板分钟最低回落不超2%,"last_break_low_depth_pct,open_times_at_signal,signal_hhmm",True,e0010efed17c7bd304e73087797ec315a1f775d4,9364,482,355,127,0,144,0.5208333333333334,0.007243884148559504,0.0035494346768755,2.2489065110199506,-0.4408411586116211,0.1652893008992227,-0.1056750764320755,1.2743316821588246,7,72,1.1064379229288053,72,2.0325645609353007,1,True,144.0,0.5208333333333334,0.007243884148559504,0.0035494346768755,2.2489065110199506,-0.4408411586116211,0.1652893008992227,-0.1056750764320755,1.2743316821588246,7.0,155.0,0.5548387096774193,0.011188114757300095,0.007350847750123,4.269724097324997,-0.3180681997202539,0.21575685510355055,-0.11849477438811166,1.3032430103347241,7.0,482.0,0.0,121.0,16.0,10.0,8.0,True,False,False,False
time_any__open_eq4__speed_le5__duration_61_120,TIME_FREE,回封时间不限；第4次炸板后的回封；最后炸板后5分钟内回封；首封后61~120分钟形成回封,"first_to_signal_minutes,last_break_to_signal_minutes,open_times_at_signal",True,d7556eb4600bff5eb0fa37e40ef8fea639154ba7,611,283,241,42,0,119,0.42857142857142855,0.009279797917972305,-0.0055247986020876,2.223506778410966,-0.28586480426475236,0.3721270239550671,-0.1370202417594448,1.9177445334369365,8,57,1.2823926050981027,62,1.7338736745451433,1,True,122.0,0.4262295081967213,0.010450165095461579,-0.0053440346713295,2.620881215326975,-0.3280457719367431,0.3721270239550671,-0.1370202417594448,2.0254565987546176,8.0,143.0,0.5104895104895105,0.023622716426929005,0.0044835304446428,17.221641183661596,-0.29853957019674815,0.4892913885103991,-0.14417251000998996,2.1810601511782175,6.0,279.0,14.0,96.0,19.0,20.0,8.0,True,False,False,False
time_1400_1429__open_eq3__speed_le5,STRUCTURAL_GRID,14:00~14:29回封；第3次炸板后的回封；最后炸板后5分钟内回封,"last_break_to_signal_minutes,open_times_at_signal,signal_hhmm",True,8185c475561e29f562ea878ed66673a7490ef0d7,656,264,227,37,0,113,0.5132743362831859,0.008569334733001364,0.0023623580135111,2.218745144686471,-0.3089596151933154,0.1799415144466019,-0.0978092899756097,1.4362876317139448,6,57,0.8575942627409885,56,2.5871734934362256,1,True,117.0,0.5213675213675214,0.008370811488148321,0.0028792952142857,2.2243358459512126,-0.2894574445842375,0.1799415144466019,-0.0978092899756097,1.3694221974095955,6.0,145.0,0.5379310344827586,0.014718128909751577,0.0049039237323579,5.9515910616597,-0.30902043558254244,0.3687231660523884,-0.13823939725321072,1.5756265819952877,6.0,262.0,16.0,97.0,20.0,23.0,5.0,True,False,False,False
time_1300_1359__open_eq4__speed_6_10,STRUCTURAL_GRID,13:00~13:59回封；第4次炸板后的回封；最后炸板后6~10分钟回封,"last_break_to_signal_minutes,open_times_at_signal,signal_hhmm",True,fbb2a89467a36bdf1b3d79abf35150b4b45a00e5,102,73,63,10,0,50,0.62,0.01789303828825449,0.00547109827950135,2.2166715832707875,-0.23602122327316155,0.1659870463579606,-0.1027534245692308,1.3678798108624375,3,22,1.3247590518313692,28,1.6732639646480791,1,True,66.0,0.5909090909090909,0.014795024928158526,0.0075825982688649,2.364423153051233,-0.18832972833172368,0.1372973208315789,-0.1027534245692308,1.3333195697545452,4.0,136.0,0.7058823529411765,0.044301292944785214,0.021618339025923874,226.3184513781487,-0.21825746460579654,0.4892913885103991,-0.13823939725321072,2.000193997561998,4.0,73.0,38.0,42.0,41.0,38.0,15.0,True,False,False,False
time_1300_1359__open_1_2__speed_any__break_low_le2,SPEED_FREE,13:00~13:59回封；第1~2次炸板后的回封；回封速度不限；最后炸板分钟最低回落不超2%,"last_break_low_depth_pct,open_times_at_signal,signal_hhmm",True,2b32f342d7f1498b6f776d9d0540ccdfe3e1491e,4944,473,347,126,0,139,0.5179856115107914,0.007351306254001495,0.0027017864751036,2.215288415180087,-0.36534286360411017,0.1652893008992227,-0.1056750764320755,1.2985060410307752,5,67,1.03792918979501,72,2.1343348245342293,1,True,139.0,0.5179856115107914,0.007351306254001495,0.0027017864751036,2.215288415180087,-0.36534286360411017,0.1652893008992227,-0.1056750764320755,1.2985060410307752,5.0,153.0,0.5424836601307189,0.013402164676351181,0.0040310538412087,5.7302807737427335,-0.3180681997202538,0.25491862088982453,-0.11849477438811166,1.509128576655055,6.0,473.0,0.0,116.0,17.0,13.0,7.0,True,False,False,False
time_any__open_eq4__speed_any__duration_61_120,TIME_FREE+SPEED_FREE,回封时间不限；第4次炸板后的回封；回封速度不限；首封后61~120分钟形成回封,"first_to_signal_minutes,open_times_at_signal",True,06aeb8153241dc69e89ce813a594e461e51c0b59,857,329,287,42,0,127,0.44881889763779526,0.00890126337309773,-0.0055247986020876,2.210844049602973,-0.40651462598745736,0.3721270239550671,-0.1370202417594448,1.7075861464231692,7,62,1.3875869029593013,65,1.593301323966027,1,True,128.0,0.4609375,0.011221102798479106,-0.0038275169604343002,2.9359558979986984,-0.3315075561919143,0.3721270239550671,-0.1370202417594448,1.7451905080318082,7.0,145.0,0.5172413793103449,0.018395875004871803,0.004544094725274752,9.197864351356687,-0.3305287284155849,0.3721270239550671,-0.14417251000998996,1.7957025746298823,7.0,327.0,7.0,103.0,19.0,17.0,6.0,True,False,False,False
time_any__open_eq3__speed_6_10__amount_ge1,TIME_FREE,回封时间不限；第3次炸板后的回封；最后炸板后6~10分钟回封；信号前成交额至少前日1倍,"last_break_to_signal_minutes,open_times_at_signal,signal_cumulative_amount_vs_prev_day",True,e350537e5202da8abd093c8894bb2e59817b6e5a,379,222,185,37,0,100,0.5,0.009807310064739531,-0.0013071491582763001,2.2063602070355484,-0.3134681083906812,0.1659870463579606,-0.1083842445230769,1.535278130542117,4,51,1.2512494138533308,49,1.7633256668155957,1,True,106.0,0.49056603773584906,0.010168445418534058,-0.0037142010047358,2.427052946397752,-0.3134681083906812,0.1659870463579606,-0.1083842445230769,1.6362308666270584,5.0,142.0,0.5140845070422535,0.020030765844700697,0.00215797940775235,11.737879618236905,-0.27924661920345806,0.25794581579670345,-0.11849477438811166,2.0673842306920767,6.0,220.0,23.0,79.0,23.0,30.0,10.0,True,False,False,False
time_1400_1429__open_3_5__speed_any__main_board,SPEED_FREE,14:00~14:29回封；第3~5次炸板后的回封；回封速度不限；仅沪深主板,"market_segment,open_times_at_signal,signal_hhmm",True,4dd0ed5ee5b378be0a926d02fc5be02921222d88,1736,344,301,43,0,132,0.5,0.007834275682196535,-0.00125127866139215,2.2034225410692563,-0.36946536189354906,0.1389025984499999,-0.1521254777099999,1.4020325854961915,5,65,1.0958294845052132,67,2.0107348563121947,1,True,134.0,0.5,0.008115236364183058,-0.00125127866139215,2.328879580218608,-0.31768480669114263,0.1389025984499999,-0.1521254777099999,1.4219584367167704,5.0,146.0,0.4863013698630137,0.004612547684598888,-0.0025722125159825283,1.4980167478323358,-0.6511812542317983,0.14109386284555658,-0.1521254777099999,1.2852949910790903,6.0,342.0,9.0,116.0,11.0,15.0,4.0,True,False,False,False
time_1400_1429__open_any__speed_le1__duration_61_120,OPEN_COUNT_FREE,14:00~14:29回封；炸板/回封次数不限；最后炸板后1分钟内回封；首封后61~120分钟形成回封,"first_to_signal_minutes,last_break_to_signal_minutes,signal_hhmm",True,11df5689adc6b607fb6dd4ed6f94c38df361c263,472,168,142,26,0,79,0.5316455696202531,0.012131529010802009,0.0049471793098902,2.1988263498449556,-0.17113337997821976,0.2877539667175889,-0.1038956854614624,1.4764183538229607,4,40,1.8198260012475114,39,1.208261860385353,1,True,89.0,0.47191011235955055,0.00969978904610172,-0.0091982621000789,1.9450931388462085,-0.2952697327176943,0.2877539667175889,-0.1038956854614624,1.6585474972688203,5.0,138.0,0.5652173913043478,0.023799925942749964,0.00760040867169225,17.282026511119167,-0.3202536064838222,0.3687231660523884,-0.11849477438811166,1.861239861265416,6.0,163.0,27.0,69.0,34.0,26.0,9.0,False,False,False,False
time_1300_1454__open_eq3__speed_any__ever_40_100,SPEED_FREE,13:00~14:54回封；第3次炸板后的回封；回封速度不限；信号时全市场已有40~100只首板触板,"market_ever_sealed_count,open_times_at_signal,signal_hhmm",True,89f9a3a01331a98d2554be1d3dd02f6fe0a622ac,1665,388,322,66,0,136,0.49264705882352944,0.007767445419052042,-0.004151828525804551,2.197871268105759,-0.5280986457614589,0.2858048076223851,-0.1389379853296101,1.439648434232238,10,64,1.1047179430573377,72,1.9895316102344536,1,True,137.0,0.48175182481751827,0.005788589957356581,-0.0052227688134826,1.692408574913526,-0.4690822982232652,0.2858048076223851,-0.1293101803360104,1.3826803874255975,5.0,152.0,0.5197368421052632,0.014115513347179998,0.002265043706602944,4.792070990209435,-0.5827826086986061,0.5231929254879739,-0.17629142067722955,1.5401976912092823,5.0,388.0,9.0,113.0,18.0,19.0,2.0,False,False,False,False
time_1300_1359__open_any__speed_6_10__duration_16_30,OPEN_COUNT_FREE,13:00~13:59回封；炸板/回封次数不限；最后炸板后6~10分钟回封；首封后16~30分钟形成回封,"first_to_signal_minutes,last_break_to_signal_minutes,signal_hhmm",True,59049ea232b8aaff571806c9443621a16858af72,159,106,80,26,0,56,0.5357142857142857,0.015523414714059217,0.00288018722106265,2.195534202787311,-0.16073935121928318,0.1375331983591836,-0.1595638622725343,2.026539026913191,5,25,1.5217187860537873,31,1.4427989079906824,1,True,70.0,0.4857142857142857,0.01005482089656117,-0.0013986654,1.8292560795720596,-0.25203026207284374,0.1375331983591836,-0.1595638622725343,1.7666288172930915,8.0,133.0,0.5939849624060151,0.030370701565731236,0.008292640894970553,35.18564804020509,-0.19939421300587168,0.4892913885103991,-0.1595638622725343,2.2048675229273953,4.0,106.0,33.0,49.0,36.0,35.0,13.0,False,False,False,False
time_0930_1000__open_any__speed_2_5__growth_board,OPEN_COUNT_FREE,09:30~10:00回封；炸板/回封次数不限；最后炸板后2~5分钟回封；仅创业板或科创板,"last_break_to_signal_minutes,market_segment,signal_hhmm",True,c6ef09f08fbb7d2993cebf0ae38c260100b88ddb,225,123,92,31,0,69,0.4492753623188406,0.015413193001445964,-0.0031851231919251,2.190048106584559,-0.35782410478944127,0.288567784289668,-0.1788772035733262,1.9124818655954992,5,36,1.2086802656667999,33,1.811933369637967,1,True,82.0,0.5,0.019937330126548143,-0.00023233766694274994,3.8269462080949745,-0.3046001458074893,0.288567784289668,-0.1788772035733262,1.878077186723025,4.0,140.0,0.5928571428571429,0.02850679441663138,0.018455343904997756,31.78603820991402,-0.35287897170922033,0.3687231660523884,-0.1788772035733262,1.702393825877745,5.0,123.0,34.0,53.0,35.0,39.0,13.0,True,False,False,False
time_before_1400__open_any__speed_6_10__duration_16_30,OPEN_COUNT_FREE,14:00前回封；炸板/回封次数不限；最后炸板后6~10分钟回封；首封后16~30分钟形成回封,"first_to_signal_minutes,last_break_to_signal_minutes,signal_hhmm",True,33d002654921b8569bd01cc8a72a4a2503e98cd5,513,256,189,67,0,99,0.494949494949495,0.009980641080221142,-0.0005051672970162,2.1876297402224387,-0.31854444680376015,0.1935590908019999,-0.1777544284995882,1.5386978379957246,5,43,1.1768478957770339,56,1.8588891122399622,1,True,104.0,0.5096153846153846,0.010224357188456852,0.0006219036764388,2.37607763397012,-0.26915690564002337,0.1935590908019999,-0.1777544284995882,1.4880379660316572,5.0,135.0,0.5333333333333333,0.021218135813633344,0.0037053138311083,11.296051971946813,-0.32580311387324046,0.4892913885103991,-0.1777544284995882,1.964751580233408,5.0,256.0,14.0,79.0,23.0,27.0,6.0,True,False,False,False
time_1400_1429__open_eq4__speed_any__break_low_le1,SPEED_FREE,14:00~14:29回封；第4次炸板后的回封；回封速度不限；最后炸板分钟最低回落不超1%,"last_break_low_depth_pct,open_times_at_signal,signal_hhmm",True,1a08b7bfae30f42d05eecd0d289ebd7fb54af24d,698,276,237,39,0,116,0.49137931034482757,0.008901364680409099,-0.00278556183562325,2.181481012747141,-0.5599591849263057,0.2804551011527076,-0.1098246868368515,1.4720465330560317,9,55,0.8288845684234315,61,2.631827272277966,1,True,120.0,0.475,0.0070712493864509614,-0.0046942968927182,1.8163284099826973,-0.5454108125256306,0.2804551011527076,-0.1098246868368515,1.4662863510970385,9.0,144.0,0.4791666666666667,0.01433445488982065,-0.0035020907471932502,5.203054650999155,-0.634652821643485,0.3687231660523884,-0.1521254777099999,1.8392634328973338,9.0,273.0,15.0,98.0,16.0,21.0,9.0,False,False,False,False
time_1400_1429__open_3_5__speed_le5,STRUCTURAL_GRID,14:00~14:29回封；第3~5次炸板后的回封；最后炸板后5分钟内回封,"last_break_to_signal_minutes,open_times_at_signal,signal_hhmm",True,297e0e86255cb03b2ffb25584889c76e17028c67,1634,336,293,43,0,130,0.4846153846153846,0.008005860198175131,-0.00384923633345745,2.1812762512549213,-0.3980338404706295,0.2971055310979901,-0.1389379853296101,1.5167891478700077,4,62,1.0350824578723885,68,2.107345395205067,1,True,131.0,0.48091603053435117,0.006989546642249746,-0.0038346774835661,1.9292594024771186,-0.4161176880095343,0.2971055310979901,-0.1389379853296101,1.4753969008195549,4.0,150.0,0.52,0.014036509188956246,0.004766441950549516,5.786854136350663,-0.3360379285856564,0.3687231660523884,-0.13823939725321072,1.6673491689003908,6.0,335.0,7.0,109.0,13.0,22.0,6.0,False,False,False,False
time_any__open_eq3__speed_6_10__amount_ge1_5,TIME_FREE,回封时间不限；第3次炸板后的回封；最后炸板后6~10分钟回封；信号前成交额至少前日1.5倍,"last_break_to_signal_minutes,open_times_at_signal,signal_cumulative_amount_vs_prev_day",True,b3f77af6507c0ffefc0cb1d1a4eee4ceec4e6b4e,261,171,142,29,0,86,0.46511627906976744,0.010727290959207903,-0.00448522930812245,2.1800951713984764,-0.2348692648361267,0.1659870463579606,-0.095701778541811,1.9469539020543423,4,44,1.2358196095989809,42,1.7640885081164142,1,True,95.0,0.4421052631578947,0.009218285783430237,-0.0065686671289239,2.0843450585345566,-0.2953705107005826,0.140190473515297,-0.0871615302333235,1.9964401319625575,4.0,138.0,0.5289855072463768,0.019757923469332,0.004066792093119729,10.702006140871015,-0.2986224758758913,0.25794581579670345,-0.11849477438811166,1.9424359575725338,6.0,168.0,29.0,69.0,27.0,33.0,9.0,True,False,False,False
time_1300_1454__open_1_2__speed_any__ever_40_100,SPEED_FREE,13:00~14:54回封；第1~2次炸板后的回封；回封速度不限；信号时全市场已有40~100只首板触板,"market_ever_sealed_count,open_times_at_signal,signal_hhmm",True,3fb76e719b4c93ea184423e795a464907af66182,6003,418,310,108,0,132,0.4772727272727273,0.007682832094284927,-0.00449876712296815,2.1695997943374956,-0.4531220826440532,0.2877539667175889,-0.0974055603919598,1.531856984754852,6,62,1.0495013216190274,70,2.0672673293927173,1,True,132.0,0.4772727272727273,0.008256989691316347,-0.00449876712296815,2.3312799359899885,-0.4531220826440532,0.2877539667175889,-0.0974055603919598,1.5644866256668208,6.0,147.0,0.5102040816326531,0.012535639802351395,0.0020809434095071,4.58049647007911,-0.4052423806406559,0.2877539667175889,-0.1056750764320755,1.600073991733145,6.0,418.0,5.0,112.0,11.0,15.0,9.0,True,False,False,False
time_1300_1359__open_any__speed_6_10__seal_rate_ge70,OPEN_COUNT_FREE,13:00~13:59回封；炸板/回封次数不限；最后炸板后6~10分钟回封；信号时全市场首板封住率至少70%,"last_break_to_signal_minutes,market_seal_rate,signal_hhmm",True,a0d37142e8fd413a09604f2ebedd99bec19e9168,611,242,198,44,0,106,0.5283018867924528,0.009346733538167944,0.00281555662077885,2.169412267076826,-0.37335949797443135,0.1659870463579606,-0.1370202417594448,1.3014487803391064,6,50,1.1264253081054125,56,1.9259264253620691,1,True,111.0,0.5225225225225225,0.010907666774982018,0.0018673696865438,2.6807814657251323,-0.3535328971814935,0.1659870463579606,-0.1370202417594448,1.434217913770339,6.0,143.0,0.6013986013986014,0.03550122443132364,0.0072285551721429,86.52037133949871,-0.19147704023428025,0.5231929254879739,-0.11849477438811166,2.5192592528066897,5.0,242.0,12.0,82.0,28.0,22.0,11.0,True,False,False,False
time_1400_1429__open_any__speed_any__duration_61_120,OPEN_COUNT_FREE+SPEED_FREE,14:00~14:29回封；炸板/回封次数不限；回封速度不限；首封后61~120分钟形成回封,"first_to_signal_minutes,signal_hhmm",True,79a7377c6a16537c8cedde25c539c53aff1663aa,1316,313,249,64,0,120,0.48333333333333334,0.008597977580172526,-0.00408029492302875,2.1682266054880484,-0.3230580410832794,0.2877539667175889,-0.1076336102920695,1.5409542123853701,4,59,2.1180262734724584,61,1.0237014680338639,1,True,122.0,0.47540983606557374,0.0093124522671114,-0.00647262805596215,2.405728736450548,-0.3632011910967088,0.2877539667175889,-0.1076336102920695,1.644660931219193,4.0,146.0,0.547945205479452,0.014861641787103221,0.008955398571899927,5.951658594902769,-0.44731983522124885,0.2877539667175889,-0.13823939725321072,1.427680268563326,5.0,307.0,11.0,98.0,25.0,18.0,5.0,True,False,False,False
time_1400_1454__open_eq2__speed_any__amount_ge1_5,SPEED_FREE,14:00~14:54回封；第2次炸板后的回封；回封速度不限；信号前成交额至少前日1.5倍,"open_times_at_signal,signal_cumulative_amount_vs_prev_day,signal_hhmm",True,9ac606c41f428534985df2174fc7474da29112e4,1401,401,305,96,0,133,0.45864661654135336,0.007212737128246822,-0.004550846905263,2.1515619420818073,-0.26866866887431706,0.2877539667175889,-0.0936314962440001,1.7087963343056576,5,69,2.0511526333502648,64,1.0489526264886186,1,True,136.0,0.45588235294117646,0.005596646322329847,-0.00442382078398585,1.767635068468484,-0.2889978185372216,0.2877539667175889,-0.109385915162897,1.5948009726296426,5.0,149.0,0.46308724832214765,0.00760115582150856,-0.0031744226361187,2.2177890856867606,-0.34791269728440843,0.2877539667175889,-0.17629142067722955,1.6033977538372608,5.0,394.0,10.0,113.0,15.0,17.0,4.0,False,False,False,False
time_1300_1454__open_eq4__speed_any__amount_ge1_5,SPEED_FREE,13:00~14:54回封；第4次炸板后的回封；回封速度不限；信号前成交额至少前日1.5倍,"open_times_at_signal,signal_cumulative_amount_vs_prev_day,signal_hhmm",True,a1f4a82e2e75c19936b04e146e6cd554db9e9db8,1456,393,331,62,0,134,0.5149253731343284,0.0076920644877753125,0.0016121874873078,2.1468899812374422,-0.2989134456821474,0.3721270239550671,-0.1389379853296101,1.3344118996458805,6,67,1.4268755749386484,67,1.504609104637419,1,True,134.0,0.5074626865671642,0.005952732335081891,0.0009890200693656,1.7293223067380195,-0.2989134456821475,0.3721270239550671,-0.1389379853296101,1.2771141688990288,6.0,147.0,0.5238095238095238,0.015352643773607642,0.0030460955711907,6.631044631728738,-0.29030192077905004,0.3721270239550671,-0.1389379853296101,1.7500765830566514,7.0,391.0,6.0,115.0,10.0,16.0,6.0,False,False,False,False
time_1400_1429__open_ge5__speed_ge11,STRUCTURAL_GRID,14:00~14:29回封；第5次及以后炸板后的回封；最后炸板11分钟后回封,"last_break_to_signal_minutes,open_times_at_signal,signal_hhmm",True,1cc7b76c2bdc57c68d2f844a154d36af7d7519c1,186,129,121,8,0,73,0.410958904109589,0.01356173764344959,-0.011840834392219,2.135087747330713,-0.49465376626926894,0.3721270239550671,-0.1099258611229698,2.3781323081171277,9,40,3.0207493923484505,33,0.7068073083913825,1,True,88.0,0.38636363636363635,0.010397566745856002,-0.01213277026933115,1.9289624191888513,-0.5911029605781357,0.3721270239550671,-0.1099258611229698,2.341118207230465,13.0,137.0,0.5985401459854015,0.03544255097405243,0.0177898569669903,73.33530678673097,-0.17231642509912537,0.3721270239550671,-0.14417251000998996,2.250445587213118,6.0,124.0,39.0,57.0,33.0,35.0,12.0,False,False,False,False
time_1300_1454__open_any__speed_6_10__amount_ge1,OPEN_COUNT_FREE,13:00~14:54回封；炸板/回封次数不限；最后炸板后6~10分钟回封；信号前成交额至少前日1倍,"last_break_to_signal_minutes,signal_cumulative_amount_vs_prev_day,signal_hhmm",True,90841fb05f7a04830bddce6a3b6f50fced46f158,1792,403,319,84,0,136,0.47794117647058826,0.007579143104917396,-0.0032891293529418997,2.1330606139474217,-0.5131189844232249,0.1659870463579606,-0.1234202601747165,1.4847605710060765,7,65,1.0340888061452482,71,2.0627441291998783,1,True,136.0,0.47794117647058826,0.007382965049639758,-0.0032891293529418997,2.077822149089586,-0.5257274211891705,0.1659870463579606,-0.1234202601747165,1.4746023457996928,7.0,151.0,0.5231788079470199,0.01607623635534384,0.0021752415944633883,7.619957787148083,-0.2909492409140835,0.3687231660523884,-0.11849477438811166,1.6986773910984458,4.0,402.0,4.0,109.0,20.0,17.0,5.0,True,False,False,False
time_1001_1130__open_any__speed_any__duration_16_30,OPEN_COUNT_FREE+SPEED_FREE,10:01~11:30回封；炸板/回封次数不限；回封速度不限；首封后16~30分钟形成回封,"first_to_signal_minutes,signal_hhmm",True,28a88d4fb04423d0c581f9f639308182d0498845,1898,434,326,108,0,138,0.47101449275362317,0.007999733569045977,-0.00749496754314425,2.132505848288183,-0.38045060505800077,0.2798824747699878,-0.189337554306236,1.5343069760346002,5,70,1.017949351350036,68,2.0949036859839714,1,True,138.0,0.47101449275362317,0.007999733569045977,-0.00749496754314425,2.132505848288183,-0.38045060505800077,0.2798824747699878,-0.189337554306236,1.5343069760346002,5.0,151.0,0.5033112582781457,0.00873014210371447,0.0005836994984953,2.5775414110438364,-0.3011224039614572,0.2732236251032737,-0.14417251000998996,1.3740600000044607,5.0,434.0,1.0,121.0,10.0,11.0,9.0,True,False,False,False
time_1300_1359__open_eq3__speed_any__main_board,SPEED_FREE,13:00~13:59回封；第3次炸板后的回封；回封速度不限；仅沪深主板,"market_segment,open_times_at_signal,signal_hhmm",True,47d6fd20a2a39ad835098ad0426b0738eb07d510,1153,351,290,61,0,131,0.5038167938931297,0.0074691855230431875,9.039588461585685e-06,2.1245129502672886,-0.30459078893099956,0.1382248145666667,-0.1127502421660194,1.3630217778804623,5,63,1.9596769117164141,68,1.0841138850824648,1,True,131.0,0.5114503816793893,0.009796181983810997,0.0026381356698528,2.8502468546566617,-0.30459078893099956,0.1382248145666667,-0.1127502421660194,1.4438649045555452,5.0,145.0,0.5172413793103449,0.014814788326045122,0.0026381356698528,5.386107928433382,-0.3821764075866393,0.4892913885103991,-0.14417251000998996,1.5882199787974998,6.0,351.0,5.0,106.0,15.0,17.0,7.0,True,False,False,False
time_any__open_eq4__speed_le1__amount_ge1_5,TIME_FREE,回封时间不限；第4次炸板后的回封；最后炸板后1分钟内回封；信号前成交额至少前日1.5倍,"last_break_to_signal_minutes,open_times_at_signal,signal_cumulative_amount_vs_prev_day",True,c0d8de42271fba5bcb8acccf6ae8a90fe56a8ae5,775,311,266,45,0,124,0.46774193548387094,0.008348766499211754,-0.00303649468705195,2.122767054148038,-0.4891708288687999,0.3721270239550671,-0.1604044205087896,1.637881067937716,4,62,1.21031092089624,62,1.7539022556089325,1,True,126.0,0.47619047619047616,0.00897158819293409,-0.0018891489284313,2.309304279505451,-0.4634507965730146,0.3721270239550671,-0.1604044205087896,1.612275416116844,4.0,145.0,0.5379310344827586,0.019282185139340904,0.0049471793098902,10.342985098587777,-0.37790358952320424,0.3721270239550671,-0.1604044205087896,1.802605436656355,4.0,309.0,12.0,98.0,16.0,22.0,9.0,True,False,False,False
time_1400_1429__open_any__speed_2_5__duration_61_120,OPEN_COUNT_FREE,14:00~14:29回封；炸板/回封次数不限；最后炸板后2~5分钟回封；首封后61~120分钟形成回封,"first_to_signal_minutes,last_break_to_signal_minutes,signal_hhmm",True,5615711185a854e5fc9f608e56baafc626dfc9c9,406,166,146,20,0,92,0.4891304347826087,0.010334170408420712,-0.0024345237877358,2.1121477911798268,-0.44740298122461564,0.288696620526448,-0.1038956854614624,1.6531289481269609,5,44,2.0230952817966856,48,1.0440179511980543,1,True,95.0,0.4842105263157895,0.011758583122211676,-0.0034703821754717,2.4486959522841296,-0.45468397263520643,0.288696620526448,-0.1038956854614624,1.7496708999958968,6.0,140.0,0.5571428571428572,0.02706692822273521,0.010376425858618407,27.330831918432093,-0.35747772751265605,0.3687231660523884,-0.13823939725321072,2.141304396654484,5.0,163.0,30.0,70.0,33.0,28.0,9.0,True,False,False,False
time_1400_1429__open_3_5__speed_le2,STRUCTURAL_GRID,14:00~14:29回封；第3~5次炸板后的回封；最后炸板后2分钟内回封,"last_break_to_signal_minutes,open_times_at_signal,signal_hhmm",True,daa708ec3d66502bdbcf07ded295b1f0478a8a37,1257,294,252,42,0,116,0.46551724137931033,0.00835306897880903,-0.005399396514573201,2.1031246032723097,-0.3537042574039808,0.2804551011527076,-0.1389379853296101,1.654248909018304,4,56,1.1494185526484384,60,1.8297291255882244,1,True,120.0,0.4583333333333333,0.00594588263225868,-0.005399396514573201,1.6256535810034167,-0.43845899017715484,0.2804551011527076,-0.1389379853296101,1.5348676341802212,4.0,145.0,0.4896551724137931,0.011176716893372938,-0.002004038720927356,3.5532572820178734,-0.39694874975803474,0.3687231660523884,-0.13823939725321072,1.6462783553209754,6.0,293.0,12.0,99.0,18.0,23.0,5.0,False,False,False,False
time_1300_1454__open_eq2__speed_6_10,STRUCTURAL_GRID,13:00~14:54回封；第2次炸板后的回封；最后炸板后6~10分钟回封,"last_break_to_signal_minutes,open_times_at_signal,signal_hhmm",True,1bcfd006d4ca6ae3be895a8baa638733139057cd,435,242,184,58,0,100,0.51,0.009492154492075485,0.0022845780808237,2.096346669774963,-0.3443989041311887,0.3721270239550671,-0.1370202417594448,1.4533944935042498,3,48,1.265851089942453,52,1.6560768374977384,1,True,107.0,0.5233644859813084,0.009651516178781563,0.0027017864751036,2.271901273773145,-0.32320668263149854,0.3721270239550671,-0.1370202417594448,1.4068072232602111,4.0,140.0,0.5714285714285714,0.025132923710264977,0.0079791115148991,19.90720861704583,-0.35379263495941227,0.4892913885103991,-0.1370202417594448,1.8226091979615655,5.0,236.0,17.0,76.0,25.0,28.0,11.0,True,False,False,False
time_1300_1359__open_any__speed_ge11__duration_61_120,OPEN_COUNT_FREE,13:00~13:59回封；炸板/回封次数不限；最后炸板11分钟后回封；首封后61~120分钟形成回封,"first_to_signal_minutes,last_break_to_signal_minutes,signal_hhmm",True,612f569ba076a18f482cbd9824e55a109fc849d6,675,321,258,63,0,121,0.5454545454545454,0.00820462994724652,0.0083469845201185,2.0951592650371507,-0.5509770595630316,0.2971055310979901,-0.1780617093150838,1.1670020071725744,8,59,0.9917884736590779,62,2.112506165056875,1,True,123.0,0.5447154471544715,0.0077549202831038895,0.0079987165499999,2.0006466178387483,-0.5620047793531256,0.2971055310979901,-0.1780617093150838,1.1446600906608477,8.0,145.0,0.593103448275862,0.0200642405356304,0.0105074659481929,11.783548356907733,-0.33477516333703194,0.3687231660523884,-0.1780617093150838,1.453101420681296,6.0,321.0,12.0,100.0,18.0,21.0,6.0,False,False,False,False
time_1300_1454__open_any__speed_6_10__amount_ge2,OPEN_COUNT_FREE,13:00~14:54回封；炸板/回封次数不限；最后炸板后6~10分钟回封；信号前成交额至少前日2倍,"last_break_to_signal_minutes,signal_cumulative_amount_vs_prev_day,signal_hhmm",True,78496a12fe593e31ec32e278715a29307f2fb195,913,328,247,81,0,119,0.47058823529411764,0.008125165899266804,-0.0031744226361187,2.09359922923838,-0.4570790383391029,0.3090002845557691,-0.1098246868368515,1.6336784113644185,6,60,1.394132645141674,59,1.5017216880576127,1,True,120.0,0.4666666666666667,0.008234916620572187,-0.0033224024057952,2.136780042834354,-0.4570790383391029,0.3090002845557691,-0.1098246868368515,1.6681267334717118,6.0,145.0,0.5103448275862069,0.013717783045384076,0.0018150220858537,5.206577703202544,-0.25171862427757064,0.3687231660523884,-0.11849477438811166,1.7386530900556112,5.0,326.0,12.0,98.0,20.0,21.0,6.0,True,False,False,False
time_any__open_eq2__speed_le1__seal_rate_ge70,TIME_FREE,回封时间不限；第2次炸板后的回封；最后炸板后1分钟内回封；信号时全市场首板封住率至少70%,"last_break_to_signal_minutes,market_seal_rate,open_times_at_signal",True,45cb89ee4f008229aae5156917c04d35cd581e63,1650,406,322,84,0,137,0.5255474452554745,0.007144565970565566,0.0029754291606743,2.0927638022630215,-0.46783200949521475,0.1503850548264706,-0.1792189802694261,1.242341449117431,4,70,0.6501766625102381,67,3.218761796498759,1,True,137.0,0.5255474452554745,0.007144565970565566,0.0029754291606743,2.0927638022630215,-0.46783200949521475,0.1503850548264706,-0.1792189802694261,1.242341449117431,4.0,150.0,0.5733333333333334,0.015894286345013324,0.0072671558633818495,7.155656792985542,-0.47801615478215664,0.4892913885103991,-0.1792189802694261,1.3808623132052034,5.0,406.0,0.0,106.0,20.0,18.0,6.0,True,False,False,False
time_1001_1359__open_any__speed_6_10__ever_40_100,OPEN_COUNT_FREE,10:01~13:59回封；炸板/回封次数不限；最后炸板后6~10分钟回封；信号时全市场已有40~100只首板触板,"last_break_to_signal_minutes,market_ever_sealed_count,signal_hhmm",True,a140b11e301e6aee0d5c54cf4b6d124f85011212,1226,332,247,85,0,118,0.4491525423728814,0.008318409433290262,-0.0033943826327009503,2.0880170124691806,-0.5266973811200115,0.215160810539875,-0.1777544284995882,1.7347553135810336,7,53,1.2335618948915734,65,1.6926730803829775,1,True,119.0,0.44537815126050423,0.008183826149860615,-0.0039228260689655,2.0719455428205635,-0.5266973811200115,0.215160810539875,-0.1777544284995882,1.755737278641064,7.0,141.0,0.5106382978723404,0.01921310837365322,0.0014971848619781,9.393074903398237,-0.5478056619758065,0.4892913885103991,-0.1777544284995882,1.9169184308482943,10.0,332.0,2.0,98.0,17.0,21.0,5.0,True,False,False,False
time_1001_1359__open_any__speed_6_10__ever_40_150,OPEN_COUNT_FREE,10:01~13:59回封；炸板/回封次数不限；最后炸板后6~10分钟回封；信号时全市场已有40~150只首板触板,"last_break_to_signal_minutes,market_ever_sealed_count,signal_hhmm",True,56571aba5f2241a8d98289db6b789e6a05c7199d,1421,333,248,85,0,118,0.4491525423728814,0.008318409433290262,-0.0033943826327009503,2.0880170124691806,-0.5266973811200115,0.215160810539875,-0.1777544284995882,1.7347553135810336,7,53,1.2335618948915734,65,1.6926730803829775,1,True,119.0,0.44537815126050423,0.008183826149860615,-0.0039228260689655,2.0719455428205635,-0.5266973811200115,0.215160810539875,-0.1777544284995882,1.755737278641064,7.0,141.0,0.5106382978723404,0.01921310837365322,0.0014971848619781,9.393074903398237,-0.5478056619758065,0.4892913885103991,-0.1777544284995882,1.9169184308482943,10.0,333.0,1.0,98.0,17.0,21.0,5.0,True,False,False,False
time_1300_1454__open_1_2__speed_any__ever_40_150,SPEED_FREE,13:00~14:54回封；第1~2次炸板后的回封；回封速度不限；信号时全市场已有40~150只首板触板,"market_ever_sealed_count,open_times_at_signal,signal_hhmm",True,1a274d6d83e3d358b1af7ad658a4833a853a515f,7810,437,322,115,0,133,0.48872180451127817,0.00734279305998623,-0.0043614932459362,2.0866984944502525,-0.4403879878411151,0.2877539667175889,-0.1056750764320755,1.4414578938665712,5,63,1.0739390414485648,70,1.9430325315630972,1,True,133.0,0.48872180451127817,0.00734279305998623,-0.0043614932459362,2.0866984944502525,-0.4403879878411151,0.2877539667175889,-0.1056750764320755,1.4414578938665712,5.0,147.0,0.5034013605442177,0.01163827829170736,0.0004041721418035946,3.9986385027932974,-0.3180681997202539,0.2877539667175889,-0.11849477438811166,1.5764364595817881,4.0,437.0,0.0,111.0,12.0,14.0,10.0,True,False,False,False
time_1300_1359__open_ge2__speed_6_10,STRUCTURAL_GRID,13:00~13:59回封；第2次及以后炸板后的回封；最后炸板后6~10分钟回封,"last_break_to_signal_minutes,open_times_at_signal,signal_hhmm",True,2951ac51fadfe3f0ed87672444ed4233b2c2db74,624,271,225,46,0,109,0.47706422018348627,0.008870672479454203,-0.0013986654,2.0826904245773674,-0.38925978620301493,0.1585663049947058,-0.1595638622725343,1.5632060732039026,5,52,1.502268387658859,57,1.3863637427817004,1,True,113.0,0.4778761061946903,0.00882693202057877,-0.0013986654,2.202554721717767,-0.2720411377973275,0.1585663049947058,-0.1370202417594448,1.5979175588308145,5.0,141.0,0.5531914893617021,0.02354986629035172,0.004723571568,16.885745147574664,-0.265904955871073,0.4892913885103991,-0.1595638622725343,1.8755394722757397,5.0,271.0,13.0,87.0,23.0,23.0,8.0,True,False,False,False
time_1400_1429__open_eq3__speed_any__duration_61_120,SPEED_FREE,14:00~14:29回封；第3次炸板后的回封；回封速度不限；首封后61~120分钟形成回封,"first_to_signal_minutes,open_times_at_signal,signal_hhmm",True,cf973ac1b5fbda6316a93eeaa9733a17d8c0be8b,206,142,114,28,0,74,0.4594594594594595,0.012074470483267234,-0.00435037126967775,2.0738161759637403,-0.22873611752794332,0.2971055310979901,-0.1061095424225165,1.9699850307109177,9,41,1.8041959095241569,33,1.1494406815891147,1,True,87.0,0.47126436781609193,0.013742576729142558,-0.0038346774835661,2.7082390231797073,-0.22873611752794332,0.2971055310979901,-0.1061095424225165,1.9756251031562284,9.0,142.0,0.5774647887323944,0.02931650416931433,0.010694823011247672,37.31432472508392,-0.24870445553878107,0.4892913885103991,-0.13823939725321072,2.0882376277987906,6.0,139.0,33.0,56.0,37.0,38.0,11.0,True,False,False,False
time_any__open_3_5__speed_6_10__recent5_ge10pct,TIME_FREE,回封时间不限；第3~5次炸板后的回封；最后炸板后6~10分钟回封；回封前5分钟成交额至少前日10%,"last_break_to_signal_minutes,open_times_at_signal,signal_recent_5m_amount_vs_prev_day",True,1b6907b1f5e684319bf5aaeb6d08cb63192d71bf,164,132,97,35,0,68,0.45588235294117646,0.012776443028978445,-0.0048836990908754,2.066975750688673,-0.4388923152438937,0.1659870463579606,-0.1098246868368515,2.0165605272234526,9,36,0.9085845297385542,32,2.274940506948149,1,True,84.0,0.44047619047619047,0.011614594854687015,-0.0056856327442005,2.234317160325642,-0.3860866247073027,0.1659870463579606,-0.1098246868368515,2.037667062262406,8.0,137.0,0.5109489051094891,0.023427214252722775,0.004544094725274752,15.289843018935077,-0.3771183305597726,0.3687231660523884,-0.13823939725321072,2.1380004904503225,7.0,131.0,37.0,57.0,31.0,37.0,12.0,True,False,False,False
time_1300_1454__open_3_5__speed_6_10,STRUCTURAL_GRID,13:00~14:54回封；第3~5次炸板后的回封；最后炸板后6~10分钟回封,"last_break_to_signal_minutes,open_times_at_signal,signal_hhmm",True,f46486d33a834418be7a0ace67604b6b10af69f2,607,274,231,43,0,115,0.46956521739130436,0.008551158710545733,-0.0024840129034597,2.0601937247435034,-0.3558526914739989,0.2877539667175889,-0.2040006245101206,1.5994337531795961,5,55,1.9066641868628724,60,1.0805225896298187,1,True,118.0,0.4661016949152542,0.007389853421820089,-0.0029061775241642,1.8542770360559857,-0.356526010778088,0.2877539667175889,-0.2040006245101206,1.556066273800131,5.0,142.0,0.5845070422535211,0.024035421996847148,0.006720364929261496,19.276470866118107,-0.22498715767330324,0.3687231660523884,-0.2040006245101206,1.753841219574081,4.0,272.0,15.0,94.0,20.0,21.0,7.0,False,False,False,False
time_0930_1000__open_any__speed_6_10__break_close_le0_5,OPEN_COUNT_FREE,09:30~10:00回封；炸板/回封次数不限；最后炸板后6~10分钟回封；最后炸板分钟收盘回落不超0.5%,"last_break_close_depth_pct,last_break_to_signal_minutes,signal_hhmm",True,bb8de6dd251e91ccc74b5757dfbe3501293dd379,94,77,56,21,0,44,0.5909090909090909,0.01871823571237626,0.008184678812891949,2.0564157102696914,-0.17776262575555968,0.3090002845557691,-0.0920204424301309,1.5851138516305807,3,24,2.032973866112724,20,1.0115308143147905,1,True,60.0,0.55,0.015669315685303598,0.0073369181968802,2.262554763697176,-0.2759803440847509,0.3090002845557691,-0.0920204424301309,1.6471087193680656,7.0,134.0,0.664179104477612,0.03882177177061878,0.02042993035072918,102.00976276116072,-0.2297053474471087,0.4892913885103991,-0.14417251000998996,1.9559952824212328,4.0,77.0,36.0,35.0,42.0,44.0,13.0,True,False,False,False
time_any__open_eq3__speed_6_10__duration_16_30,TIME_FREE,回封时间不限；第3次炸板后的回封；最后炸板后6~10分钟回封；首封后16~30分钟形成回封,"first_to_signal_minutes,last_break_to_signal_minutes,open_times_at_signal",True,2e0ec73b45444ec467394b65e28d37d00d6f9298,85,55,48,7,0,37,0.5945945945945946,0.021784520980729815,0.0090406577606851,2.050988731971619,-0.16886270889372845,0.1375331983591836,-0.1595638622725343,1.6012704778330604,3,20,1.1394872295763665,17,1.7999225254451736,1,True,56.0,0.5714285714285714,0.01670869339747689,0.01137967460648455,2.245830639886697,-0.1780535479371781,0.1382973329857442,-0.1595638622725343,1.422473710711045,3.0,130.0,0.6307692307692307,0.040880835916402306,0.018455343904997756,110.62255745147527,-0.17231642509912537,0.4892913885103991,-0.14417251000998996,2.269250818095636,4.0,54.0,39.0,33.0,38.0,41.0,18.0,True,False,False,False
time_1300_1454__open_eq2__speed_2_5,STRUCTURAL_GRID,13:00~14:54回封；第2次炸板后的回封；最后炸板后2~5分钟回封,"last_break_to_signal_minutes,open_times_at_signal,signal_hhmm",True,4f730bb7d9c8081ffd9d3e8063038a0316f7dc3e,1302,374,308,66,0,136,0.4632352941176471,0.0071629587788737525,-0.0047344014366563995,2.0486430247147913,-0.4673277191299614,0.2884293871007067,-0.1228870697069393,1.6110896320834536,9,66,0.5767625494758051,70,3.551969569759194,1,True,136.0,0.4632352941176471,0.0071629587788737525,-0.0047344014366563995,2.0486430247147913,-0.4673277191299614,0.2884293871007067,-0.1228870697069393,1.6110896320834536,9.0,153.0,0.47058823529411764,0.010550197259710837,-0.002004038720927356,3.521591859613542,-0.30916684224706326,0.3687231660523884,-0.1228870697069393,1.7596977191093104,6.0,372.0,3.0,115.0,17.0,18.0,3.0,True,False,False,False
time_1001_1359__open_any__speed_le5__duration_16_30,OPEN_COUNT_FREE,10:01~13:59回封；炸板/回封次数不限；最后炸板后5分钟内回封；首封后16~30分钟形成回封,"first_to_signal_minutes,last_break_to_signal_minutes,signal_hhmm",True,af168030a03f26cd829e30ed7060223d9715eca0,2029,405,322,83,0,135,0.45185185185185184,0.007734653331745273,-0.0057045865411764,2.0474779462748534,-0.46809163216183236,0.2798824747699878,-0.1662647956514495,1.66024452042142,6,67,0.7934031421029257,68,2.58062747375563,1,True,135.0,0.45185185185185184,0.007714273667032109,-0.0057045865411764,2.0182673922716674,-0.506930104425603,0.2798824747699878,-0.1728487148252491,1.6532117166598037,6.0,150.0,0.5,0.01312703806953352,-3.581496487865002e-05,4.697342792229488,-0.3902271407673883,0.3687231660523884,-0.1728487148252491,1.675490438189283,7.0,405.0,2.0,109.0,19.0,15.0,7.0,False,False,False,False
time_1300_1454__open_any__speed_6_10__duration_61_120,OPEN_COUNT_FREE,13:00~14:54回封；炸板/回封次数不限；最后炸板后6~10分钟回封；首封后61~120分钟形成回封,"first_to_signal_minutes,last_break_to_signal_minutes,signal_hhmm",True,6340b37fc1d4f45d07af5efb3ab33b7dbc8eab22,476,242,202,40,0,107,0.4485981308411215,0.009116959950569076,-0.0033283421448687,2.045740638816135,-0.47008139130800286,0.3721270239550671,-0.1952644378603448,1.786721907632005,7,51,1.1211851922656462,56,1.8246233119456232,1,True,114.0,0.4473684210526316,0.004530714931102552,-0.0033993621601702,1.3455350938868746,-0.47458613651996173,0.2122980495206723,-0.1952644378603448,1.4981357555961279,8.0,144.0,0.5625,0.024667433333120246,0.00713033934877715,21.67022706695242,-0.3663681301573545,0.4892913885103991,-0.1123931435119564,1.9659148286631103,8.0,241.0,22.0,91.0,25.0,23.0,5.0,False,False,False,False
time_1400_1429__open_eq4__speed_any__amount_ge1_5,SPEED_FREE,14:00~14:29回封；第4次炸板后的回封；回封速度不限；信号前成交额至少前日1.5倍,"open_times_at_signal,signal_cumulative_amount_vs_prev_day,signal_hhmm",True,743d562dd59c5fc7fb1c74772d4b6013948cc75f,492,235,201,34,0,106,0.49056603773584906,0.008990706356539127,-0.0033053842432547,2.042105304004659,-0.4849085696715978,0.2971055310979901,-0.1389379853296101,1.4981593001463298,4,50,0.8186373040076904,56,2.494517772409596,1,True,110.0,0.4727272727272727,0.006290271220818199,-0.0051311263248138,1.5677411167094295,-0.48036729021474767,0.2971055310979901,-0.1389379853296101,1.4370599167484956,5.0,143.0,0.5314685314685315,0.019217232923963736,0.00498878917582428,10.27551782934473,-0.29274122545765546,0.3687231660523884,-0.13823939725321072,1.8463233670678025,8.0,231.0,22.0,78.0,23.0,32.0,10.0,False,False,False,False
time_1400_1429__open_eq4__speed_any__duration_61_120,SPEED_FREE,14:00~14:29回封；第4次炸板后的回封；回封速度不限；首封后61~120分钟形成回封,"first_to_signal_minutes,open_times_at_signal,signal_hhmm",True,714067014a7a808bb99af9c57b09df0dc9ec97a5,161,112,91,21,0,63,0.5079365079365079,0.01314846895131492,0.0030678155125423,2.041305285045295,-0.2130472380765922,0.2397254494319167,-0.1038956854614624,1.780006559635411,5,29,1.4491621597795363,34,1.408610672911748,1,True,78.0,0.5128205128205128,0.010380774431954093,0.0053688574540476505,1.9513298361369575,-0.3494689055323996,0.2397254494319167,-0.1038956854614624,1.512165164546261,5.0,136.0,0.6617647058823529,0.039846873161059324,0.02086677121148526,126.39568189086016,-0.21704359292916497,0.4892913885103991,-0.13823939725321072,2.041559326938792,5.0,110.0,34.0,47.0,35.0,40.0,14.0,False,False,False,False
time_1300_1359__open_eq3__speed_6_10,STRUCTURAL_GRID,13:00~13:59回封；第3次炸板后的回封；最后炸板后6~10分钟回封,"last_break_to_signal_minutes,open_times_at_signal,signal_hhmm",True,18acf79c16f011fd1657a3b51f810c2b7ab4e590,136,101,90,11,0,63,0.5238095238095238,0.013234458237062482,0.0019174718546979,2.0297113946008203,-0.2853656281842829,0.140190473515297,-0.1056750764320755,1.5846197329269778,6,27,1.2344032073350018,36,1.6442855807081378,1,True,78.0,0.47435897435897434,0.00877682056756719,-0.0013986654,1.73487032172619,-0.39164808388807704,0.140190473515297,-0.0831719125417952,1.63605738051792,6.0,133.0,0.5939849624060151,0.03239486412299612,0.008515797375,42.31433365047013,-0.20709096364628765,0.4892913885103991,-0.2040006245101206,2.046718341124823,4.0,101.0,31.0,56.0,33.0,32.0,12.0,False,False,False,False
time_1300_1454__open_any__speed_ge11__duration_31_60,OPEN_COUNT_FREE,13:00~14:54回封；炸板/回封次数不限；最后炸板11分钟后回封；首封后31~60分钟形成回封,"first_to_signal_minutes,last_break_to_signal_minutes,signal_hhmm",True,adcc54e174e240b12d8d158e36991bfa93aeb5b4,874,322,229,93,0,110,0.4727272727272727,0.00813018857393565,-0.00410525184347725,2.0291622615292115,-0.3499342007542031,0.2124694253476716,-0.098260943352,1.6255613581058626,8,51,0.9439199951207301,59,2.1497184846366952,1,True,114.0,0.4649122807017544,0.006277319496895253,-0.0048229012874074,1.688024790685568,-0.41356416137290986,0.2124694253476716,-0.098260943352,1.5343990084862233,8.0,139.0,0.5251798561151079,0.013487976597046035,0.002530025612004416,4.565343549030778,-0.3623827145420181,0.3687231660523884,-0.17629142067722955,1.558301670417613,7.0,319.0,12.0,87.0,20.0,23.0,9.0,False,False,False,False
time_1300_1359__open_any__speed_6_10__amount_ge1_5,OPEN_COUNT_FREE,13:00~13:59回封；炸板/回封次数不限；最后炸板后6~10分钟回封；信号前成交额至少前日1.5倍,"last_break_to_signal_minutes,signal_cumulative_amount_vs_prev_day,signal_hhmm",True,c9a4e3c92382e6049a437fdce294d4ec1ebf3c9c,596,272,213,59,0,112,0.44642857142857145,0.008258700624048496,-0.0037397794928541502,2.0262047958704654,-0.3365656491196882,0.3090002845557691,-0.1056750764320755,1.79601646594434,8,52,1.359790230937627,60,1.490086301379971,1,True,114.0,0.4298245614035088,0.00657713611843345,-0.00478290078726475,1.7098620555958852,-0.4077393559157704,0.3090002845557691,-0.1056750764320755,1.7896346136244392,10.0,140.0,0.55,0.024678009152720115,0.005161594559217974,20.092806762057986,-0.3365656491196882,0.4892913885103991,-0.1056750764320755,2.1353505445892424,7.0,272.0,12.0,94.0,16.0,21.0,9.0,False,False,False,False
time_1400_1429__open_eq2__speed_any__break_low_le1,SPEED_FREE,14:00~14:29回封；第2次炸板后的回封；回封速度不限；最后炸板分钟最低回落不超1%,"last_break_low_depth_pct,open_times_at_signal,signal_hhmm",True,6266488efc903dc098465c7bf5183681755d5fb6,1000,354,289,65,0,126,0.4523809523809524,0.007489006473942098,-0.0042997582247421996,2.0239124546507923,-0.515079157704266,0.2877539667175889,-0.1549778471938946,1.7088866457759848,7,61,2.8340125025205123,65,0.7141508560215474,1,True,130.0,0.4461538461538462,0.0058749197942140315,-0.00442678434601935,1.6795018291698787,-0.5150791577042659,0.2877539667175889,-0.1549778471938946,1.628471911646707,7.0,145.0,0.503448275862069,0.009904271760263657,0.0003388447571866,2.8986718099454998,-0.38385590092426813,0.3687231660523884,-0.1549778471938946,1.4660665898025689,7.0,349.0,10.0,101.0,16.0,21.0,7.0,False,False,False,False
time_1400_1429__open_any__speed_le5__duration_61_120,OPEN_COUNT_FREE,14:00~14:29回封；炸板/回封次数不限；最后炸板后5分钟内回封；首封后61~120分钟形成回封,"first_to_signal_minutes,last_break_to_signal_minutes,signal_hhmm",True,d1ef50476afa2b28e4a5a8a5c03a01346ca0374b,878,234,200,34,0,108,0.49074074074074076,0.008604203626279719,-0.0026599878310622996,2.021542844826086,-0.4255279665601551,0.2884420958080925,-0.1038956854614624,1.514005766046023,7,54,1.8403407453304377,54,1.0984611681045577,1,True,113.0,0.46017699115044247,0.006329575197904779,-0.0055247986020876,1.6352064429299247,-0.4434588197246516,0.2884420958080925,-0.1038956854614624,1.5614705696769935,7.0,144.0,0.5277777777777778,0.01851177364203689,0.0049679842428572395,9.702142130204663,-0.3278778289840413,0.3687231660523884,-0.11849477438811166,1.8799998686047972,5.0,230.0,20.0,88.0,31.0,22.0,3.0,False,False,False,False
time_1001_1130__open_2_3__speed_any__duration_16_30,SPEED_FREE,10:01~11:30回封；第2~3次炸板后的回封；回封速度不限；首封后16~30分钟形成回封,"first_to_signal_minutes,open_times_at_signal,signal_hhmm",True,b2f8783b08935511683440a8a62c5196e0f03bea,803,306,247,59,0,118,0.5084745762711864,0.008651311507633236,0.0016860861802947,2.018791557413502,-0.3530707604786667,0.3090002845557691,-0.189337554306236,1.344069301729072,6,57,1.0506678921700445,61,1.9214364238769106,1,True,119.0,0.4957983193277311,0.00725736807726298,-0.0005649976561215,1.7003293878439956,-0.4370907524868486,0.3090002845557691,-0.189337554306236,1.3283592358032486,6.0,145.0,0.5310344827586206,0.018873240188561142,0.0042321545538462,8.967255820932918,-0.3596856931329281,0.4892913885103991,-0.14417251000998996,1.676473105379796,4.0,306.0,4.0,93.0,23.0,20.0,9.0,False,False,False,False
time_1400_1454__open_eq4__speed_any,STRUCTURAL_GRID,14:00~14:54回封；第4次炸板后的回封；回封速度不限,"open_times_at_signal,signal_hhmm",True,7f2a07f04cd74bd91b59d15918fb4f7294115d77,1253,375,308,67,0,132,0.49242424242424243,0.007244733881869291,-0.00295055976784025,2.0031522976768525,-0.4021228503488704,0.2804551011527076,-0.1116008761410474,1.3976938504541792,6,65,1.2077015999135787,67,1.6586483762381334,2,True,133.0,0.47368421052631576,0.006634920285693716,-0.0038637951833488,1.8118005948009617,-0.5399973048473174,0.2804551011527076,-0.1389379853296101,1.4471340702714388,6.0,150.0,0.5133333333333333,0.010771599021238944,0.0025238016615752442,3.629577633040644,-0.6182075151905222,0.3687231660523884,-0.1389379853296101,1.4875418794919804,7.0,365.0,14.0,116.0,12.0,15.0,7.0,False,False,False,False
time_1400_1454__open_eq4__speed_any__break_low_le2,SPEED_FREE,14:00~14:54回封；第4次炸板后的回封；回封速度不限；最后炸板分钟最低回落不超2%,"last_break_low_depth_pct,open_times_at_signal,signal_hhmm",True,36b956c64169067ada47e94caefe20c0d45215d5,1250,374,308,66,0,132,0.49242424242424243,0.007244733881869291,-0.00295055976784025,2.0031522976768525,-0.4021228503488704,0.2804551011527076,-0.1116008761410474,1.3976938504541792,6,65,1.2077015999135787,67,1.6586483762381334,1,True,133.0,0.47368421052631576,0.006634920285693716,-0.0038637951833488,1.8118005948009617,-0.5399973048473174,0.2804551011527076,-0.1389379853296101,1.4471340702714388,6.0,150.0,0.5133333333333333,0.010771599021238944,0.0025238016615752442,3.629577633040644,-0.6182075151905222,0.3687231660523884,-0.1389379853296101,1.4875418794919804,7.0,364.0,14.0,116.0,12.0,15.0,7.0,False,False,False,False
time_1300_1454__open_eq3__speed_any__break_close_le1,SPEED_FREE,13:00~14:54回封；第3次炸板后的回封；回封速度不限；最后炸板分钟收盘回落不超1%,"last_break_close_depth_pct,open_times_at_signal,signal_hhmm",True,1dcbb66a13de794082052dc7bf9d776bb96a68df,2965,461,383,78,0,148,0.4797297297297297,0.006830028072943162,-0.0044934925728094995,1.9979677658093082,-0.3377649920921071,0.2858048076223851,-0.1595638622725343,1.4335975671214192,6,73,1.3889267943547616,75,1.4384975320009448,1,True,148.0,0.4797297297297297,0.006830028072943162,-0.0044934925728094995,1.9979677658093082,-0.3377649920921071,0.2858048076223851,-0.1595638622725343,1.4335975671214192,6.0,154.0,0.487012987012987,0.007726083558664273,-0.0027605342765398,2.2963631897562644,-0.4560157096148231,0.3687231660523884,-0.1595638622725343,1.4384159830515686,6.0,461.0,0.0,135.0,9.0,8.0,2.0,False,False,False,False
time_1300_1359__open_any__speed_6_10__amount_ge0_5,OPEN_COUNT_FREE,13:00~13:59回封；炸板/回封次数不限；最后炸板后6~10分钟回封；信号前成交额至少前日50%,"last_break_to_signal_minutes,signal_cumulative_amount_vs_prev_day,signal_hhmm",True,a6c55fcaae5aa500657e52a0acf295e668862e24,974,336,275,61,0,124,0.5,0.00806334947296526,0.00045048137203655,1.9950390036726924,-0.3330924060331487,0.3090002845557691,-0.1370202417594448,1.3462619794368766,5,57,1.4183309804760509,67,1.406610326598855,1,True,126.0,0.49206349206349204,0.007460231049932102,-0.0009974437589524501,1.889970572811067,-0.3416774239982271,0.3090002845557691,-0.1370202417594448,1.3660579682083558,5.0,146.0,0.5684931506849316,0.024519119568780057,0.0063581595271618,22.834135777973046,-0.2602642752480201,0.4892913885103991,-0.11849477438811166,1.9910089380308487,4.0,336.0,7.0,105.0,13.0,19.0,9.0,False,False,False,False
time_1300_1359__open_eq1__speed_any__recent5_ge5pct,SPEED_FREE,13:00~13:59回封；第1次炸板后的回封；回封速度不限；回封前5分钟成交额至少前日5%,"open_times_at_signal,signal_hhmm,signal_recent_5m_amount_vs_prev_day",True,b04cd5eaa893c50240b367095038f44d49821225,2663,472,340,132,0,140,0.4642857142857143,0.006633941798146113,-0.0048713921690559,1.9920912661866843,-0.35081744400083437,0.2877539667175889,-0.1119863555477992,1.5736923202448152,6,69,1.1334954996346323,71,1.7574761142226056,1,True,140.0,0.4642857142857143,0.006633941798146113,-0.0048713921690559,1.9920912661866843,-0.35081744400083437,0.2877539667175889,-0.1119863555477992,1.5736923202448152,6.0,151.0,0.4966887417218543,0.012122255815330173,-4.865323893436956e-05,4.206259028357834,-0.4961979459060848,0.4892913885103991,-0.1666821330911661,1.7001136704682094,5.0,472.0,0.0,121.0,10.0,12.0,8.0,False,False,False,False
time_any__open_eq4__speed_le2__pre_low_ge0,TIME_FREE,回封时间不限；第4次炸板后的回封；最后炸板后2分钟内回封；信号前最低价不低于昨收,"last_break_to_signal_minutes,open_times_at_signal,pre_signal_min_return",True,b87b4dc3f75280b6b75837def7fd7a606d45099a,1038,309,267,42,0,123,0.4959349593495935,0.008272674747893418,-0.0023796324568626,1.9876047956818388,-0.5477293521754215,0.3339820061776503,-0.1604044205087896,1.368718515190061,6,61,1.1113891045496287,62,1.788396869777918,1,True,124.0,0.49193548387096775,0.009456017208806433,-0.0028539873008656498,2.3583883107436323,-0.4938270513892804,0.3339820061776503,-0.1604044205087896,1.4724954688447587,6.0,145.0,0.5586206896551724,0.016376960953498058,0.0073770558981923,7.017087563118328,-0.3909699345827288,0.3339820061776503,-0.1604044205087896,1.41785144465492,6.0,309.0,11.0,98.0,21.0,21.0,5.0,True,False,False,False
time_any__open_any__speed_any__ever_40_100__main_board,PURE_QUALITY_PAIR_ALL_TIME_AND_OPEN_COUNT,回封时间不限；炸板/回封次数不限；回封速度不限；信号时全市场已有40~100只首板触板；仅沪深主板,"market_ever_sealed_count,market_segment",True,2cae68924188f3cdf8a0d320da3441c957cdc5b0,14011,438,338,100,0,139,0.48201438848920863,0.006605843365513925,-0.0013986654,1.9765782744196974,-0.3958042549592128,0.1382248145666667,-0.1509604583523677,1.4344299743890834,7,68,1.3981898479589898,71,1.413669450758073,2,True,139.0,0.48201438848920863,0.006605843365513925,-0.0013986654,1.9765782744196974,-0.3958042549592128,0.1382248145666667,-0.1509604583523677,1.4344299743890834,7.0,151.0,0.5099337748344371,0.016860323054739765,0.0028486507972778,8.62335768776165,-0.2875912108686859,0.4892913885103991,-0.10289842300991688,1.9202604619015402,4.0,438.0,0.0,123.0,14.0,8.0,6.0,False,False,False,False
time_1001_1359__open_eq2__speed_le1,STRUCTURAL_GRID,10:01~13:59回封；第2次炸板后的回封；最后炸板后1分钟内回封,"last_break_to_signal_minutes,open_times_at_signal,signal_hhmm",True,476c95baa7ed57345932d905c01834cda262c35f,1438,408,335,73,0,139,0.5107913669064749,0.006863122626925934,0.0015556213022422,1.9741630216083865,-0.37662153441863566,0.1865259303471385,-0.1792189802694261,1.2828492170224544,4,66,0.9576786431215107,73,2.0614044552290425,1,True,139.0,0.5107913669064749,0.006863122626925934,0.0015556213022422,1.9741630216083865,-0.37662153441863566,0.1865259303471385,-0.1792189802694261,1.2828492170224544,4.0,151.0,0.5298013245033113,0.010151887704208147,0.00498878917582428,3.1504144070115734,-0.49363089024379647,0.25794581579670345,-0.1792189802694261,1.309172089293689,7.0,408.0,0.0,118.0,10.0,15.0,8.0,False,False,False,False
time_any__open_eq4__speed_le1__duration_16_30,TIME_FREE,回封时间不限；第4次炸板后的回封；最后炸板后1分钟内回封；首封后16~30分钟形成回封,"first_to_signal_minutes,last_break_to_signal_minutes,open_times_at_signal",True,d2ac609648ab61613bc2235df3134a5a03396f67,235,105,92,13,0,61,0.5573770491803278,0.01412973427463013,0.0086544893982279,1.9707838203436636,-0.34972773485678266,0.3339820061776503,-0.189337554306236,1.31413254463524,6,25,1.4417436402580035,36,1.3669446948217419,1,True,75.0,0.5333333333333333,0.01875348299043628,0.0086544893982279,3.347624572179688,-0.3030123536537137,0.3339820061776503,-0.189337554306236,1.8061161857322667,5.0,137.0,0.6496350364963503,0.041629879040559044,0.02049000083100966,160.69376735762907,-0.22970534744710858,0.4892913885103991,-0.13823939725321072,2.2524435193052295,6.0,102.0,36.0,49.0,40.0,36.0,12.0,True,False,False,False
time_1001_1130__open_any__speed_2_5__duration_16_30,OPEN_COUNT_FREE,10:01~11:30回封；炸板/回封次数不限；最后炸板后2~5分钟回封；首封后16~30分钟形成回封,"first_to_signal_minutes,last_break_to_signal_minutes,signal_hhmm",True,aa6e8878b186f9651be78f60d22995cc17b9ab95,538,272,220,52,0,113,0.49557522123893805,0.008225835365767504,-0.0005649976561215,1.9601692439170664,-0.5360580483211514,0.2798824747699878,-0.1192656039362559,1.4166427240839332,5,55,0.7650023869918268,58,2.5623047421131884,1,True,117.0,0.48717948717948717,0.007091059993401754,-0.0013986654,1.7669091056336035,-0.5155580307733527,0.2798824747699878,-0.1728487148252491,1.407788077868367,7.0,146.0,0.5273972602739726,0.01574424167096022,0.0035366104718817,6.061803421381045,-0.28378862092868207,0.5231929254879739,-0.1728487148252491,1.591759749872903,6.0,272.0,14.0,91.0,23.0,22.0,10.0,False,False,False,False
time_1400_1454__open_eq2__speed_any__amount_ge2,SPEED_FREE,14:00~14:54回封；第2次炸板后的回封；回封速度不限；信号前成交额至少前日2倍,"open_times_at_signal,signal_cumulative_amount_vs_prev_day,signal_hhmm",True,c7bba222ab5bceae662f31e92dccef8dd75b7b08,997,367,278,89,0,128,0.4609375,0.007063701062471395,-0.00442382078398585,1.9568389835287912,-0.1786453037245085,0.2877539667175889,-0.1488664838733775,1.6333627840801261,6,64,1.7483819636339353,64,1.1192285348572166,1,True,130.0,0.46153846153846156,0.005543871978307272,-0.00442382078398585,1.6500548264349106,-0.24291778362480965,0.2877539667175889,-0.1488664838733775,1.53467637154876,5.0,145.0,0.4689655172413793,0.0127810458493165,-0.004216385950549281,4.217895281276384,-0.34931842802694935,0.3687231660523884,-0.17629142067722955,1.8877283032205523,5.0,360.0,16.0,107.0,20.0,13.0,5.0,False,False,False,False
time_1001_1359__open_any__speed_any__ever_40_100,OPEN_COUNT_FREE+SPEED_FREE,10:01~13:59回封；炸板/回封次数不限；回封速度不限；信号时全市场已有40~100只首板触板,"market_ever_sealed_count,signal_hhmm",True,e332d5381dcf93cc503ea1accee5d4248006f734,10870,419,319,100,0,137,0.5036496350364964,0.006411894105815222,0.0022087592932239,1.9529191736715217,-0.4016638539687545,0.146691528204878,-0.1027534245692307,1.3246343517531947,5,67,1.0759699327071017,70,1.8150313631516164,2,True,137.0,0.5036496350364964,0.006411894105815222,0.0022087592932239,1.9529191736715217,-0.4016638539687545,0.146691528204878,-0.1027534245692307,1.3246343517531947,5.0,150.0,0.5133333333333333,0.01520710673336328,0.0032801108239756,6.630539036755056,-0.2640201745501689,0.4892913885103991,-0.1195622583918507,1.7285200194981307,5.0,419.0,0.0,118.0,15.0,11.0,6.0,False,False,False,False
time_1300_1359__open_eq3__speed_any__seal_rate_ge60,SPEED_FREE,13:00~13:59回封；第3次炸板后的回封；回封速度不限；信号时全市场首板封住率至少60%,"market_seal_rate,open_times_at_signal,signal_hhmm",True,78a7db553b1268697f18bbe8beee0abab1ce2209,1236,354,292,62,0,133,0.46616541353383456,0.007275398323063286,-0.0037642163321364,1.9525526984966601,-0.40636379195049765,0.3721270239550671,-0.1409195044652741,1.5395559763665232,11,64,1.40952830357963,69,1.3852525653709593,1,True,133.0,0.45112781954887216,0.005180348829212299,-0.0052227688134826,1.486483981795237,-0.40636379195049765,0.3721270239550671,-0.1409195044652741,1.5041036277556055,11.0,147.0,0.46258503401360546,0.013834774890900414,-0.0037642163321364,4.135595348408649,-0.4828247472085414,0.5231929254879739,-0.1595638622725343,1.8515628342589496,11.0,354.0,4.0,116.0,10.0,13.0,8.0,False,False,False,False
time_1300_1359__open_any__speed_6_10__ever_40_100,OPEN_COUNT_FREE,13:00~13:59回封；炸板/回封次数不限；最后炸板后6~10分钟回封；信号时全市场已有40~100只首板触板,"last_break_to_signal_minutes,market_ever_sealed_count,signal_hhmm",True,cd5ebbef4d5d9891082a0191b6aa3f00bdb7d246,620,269,223,46,0,114,0.49122807017543857,0.008160951965041668,-0.0009974437589524501,1.949771379574926,-0.3330924060331486,0.3090002845557691,-0.1370202417594448,1.4184054006450888,5,50,1.2515398021631923,64,1.5578980198671217,1,True,117.0,0.49572649572649574,0.008672794096758184,-0.000596222117905,2.1205040098099293,-0.3330924060331485,0.3090002845557691,-0.1370202417594448,1.4298689280112016,5.0,143.0,0.5804195804195804,0.02982689875907894,0.0064399220897068,44.564789003946395,-0.16245480425704473,0.4892913885103991,-0.1043668645883486,2.3681929489502522,5.0,269.0,14.0,98.0,16.0,20.0,9.0,True,False,False,False
time_1400_1429__open_any__speed_le2__duration_61_120,OPEN_COUNT_FREE,14:00~14:29回封；炸板/回封次数不限；最后炸板后2分钟内回封；首封后61~120分钟形成回封,"first_to_signal_minutes,last_break_to_signal_minutes,signal_hhmm",True,f66540540fa7ec9b3e48b7b4c4a1a82214885fa1,674,201,169,32,0,92,0.5,0.009128665437545574,0.0005148508638164,1.9465254879130656,-0.22816654299379957,0.2877539667175889,-0.1038956854614624,1.5233287305691805,4,44,1.885146947834068,48,1.032559021539152,1,True,100.0,0.46,0.009598369628171496,-0.007764749446993022,2.1201367005318272,-0.3286360082595944,0.2877539667175889,-0.1038956854614624,1.7663276463281743,5.0,138.0,0.5362318840579711,0.022112319327784877,0.00658473365692565,14.075071120146493,-0.35694532507689924,0.3687231660523884,-0.11849477438811166,2.034755392579079,5.0,197.0,24.0,81.0,30.0,21.0,6.0,True,False,False,False
time_1400_1429__open_eq4__speed_any,STRUCTURAL_GRID,14:00~14:29回封；第4次炸板后的回封；回封速度不限,"open_times_at_signal,signal_hhmm",True,8919502ef1e980afcdec00cc8e57854cd97ba3ec,713,280,241,39,0,117,0.48717948717948717,0.007858072441616694,-0.0031403863110377,1.9443729294433378,-0.561845489772679,0.2804551011527076,-0.1098246868368515,1.4349553728029387,9,56,0.7071348528718779,61,2.749649407813345,3,True,121.0,0.47107438016528924,0.006077571067072841,-0.0055247986020876,1.6189092505104352,-0.5742962638258828,0.2804551011527076,-0.1098246868368515,1.4305396584084662,9.0,144.0,0.4722222222222222,0.01280293304324183,-0.00404009056694904,4.2187191632080525,-0.634652821643485,0.3687231660523884,-0.1521254777099999,1.7929411931671804,9.0,277.0,15.0,100.0,16.0,20.0,8.0,False,False,False,False
time_1400_1429__open_any__speed_any__seal_rate_ge70,OPEN_COUNT_FREE+SPEED_FREE,14:00~14:29回封；炸板/回封次数不限；回封速度不限；信号时全市场首板封住率至少70%,"market_seal_rate,signal_hhmm",True,d55e3938cd6c5e57eb3a484d54ae8bce6f74ea3e,3658,326,265,61,0,123,0.4634146341463415,0.007255550010082869,-0.004550846905263,1.9426699940760854,-0.27135267593820467,0.2397254494319167,-0.1098246868368515,1.6131281227106253,4,60,1.7160551371213395,63,1.1320556968436866,1,True,125.0,0.464,0.007583521858086927,-0.0049216917882353,2.0375521301996593,-0.2915435555992897,0.2397254494319167,-0.1098246868368515,1.6255584105065726,5.0,145.0,0.5103448275862069,0.014561495095741162,0.0013883431095344,5.482163243973114,-0.27050823034496774,0.3687231660523884,-0.13823939725321072,1.6526779267536202,5.0,326.0,9.0,106.0,23.0,13.0,3.0,True,False,False,False
time_1400_1429__open_eq3__speed_any__break_low_le1,SPEED_FREE,14:00~14:29回封；第3次炸板后的回封；回封速度不限；最后炸板分钟最低回落不超1%,"last_break_low_depth_pct,open_times_at_signal,signal_hhmm",True,880382170925a7094b0b7358291f57976d2daa63,854,318,271,47,0,122,0.5081967213114754,0.0071327831796159985,0.00169476420960435,1.9407953757798564,-0.5078146683670739,0.1389025984499999,-0.1569867550068164,1.3380430707951867,5,61,1.1267518971819463,61,1.7224691439471882,1,True,124.0,0.5080645161290323,0.005744417534466571,0.00169476420960435,1.6693877711899285,-0.5905518861243089,0.1389025984499999,-0.1569867550068164,1.263011403164078,5.0,144.0,0.5,0.007149301511401525,0.00016640290023594998,2.034737283734698,-0.4452081510044603,0.3687231660523884,-0.13823939725321072,1.3423822688367488,7.0,315.0,14.0,97.0,19.0,22.0,6.0,False,False,False,False
time_any__open_eq3__speed_le1__duration_61_120,TIME_FREE,回封时间不限；第3次炸板后的回封；最后炸板后1分钟内回封；首封后61~120分钟形成回封,"first_to_signal_minutes,last_break_to_signal_minutes,open_times_at_signal",True,2d92604be44d13b178a50c5eb46bce90019394d2,368,218,177,41,0,102,0.5098039215686274,0.008899980258207407,0.0015971920111874502,1.9387484578741367,-0.3389790837703003,0.2881093435036007,-0.1923385811861804,1.3506306473721077,6,52,0.8045837492362277,50,2.4096291526078466,1,True,105.0,0.5333333333333333,0.009941833785433745,0.004553404278500835,2.2078456488836227,-0.3832015549715885,0.2881093435036007,-0.1923385811861804,1.284359765157249,6.0,138.0,0.6231884057971014,0.032743336867845016,0.020973933927953783,49.514953966975106,-0.22970534744710858,0.4892913885103991,-0.14713452366,1.6770304097336963,4.0,213.0,20.0,72.0,23.0,32.0,11.0,True,False,False,False
time_1300_1359__open_any__speed_6_10__seal_rate_ge60,OPEN_COUNT_FREE,13:00~13:59回封；炸板/回封次数不限；最后炸板后6~10分钟回封；信号时全市场首板封住率至少60%,"last_break_to_signal_minutes,market_seal_rate,signal_hhmm",True,c8c90bc780559ac45892794b582d70cfcb34d7be,856,313,259,54,0,121,0.49586776859504134,0.007974073802820213,-0.000596222117905,1.9340044664824023,-0.4377066091118246,0.3090002845557691,-0.1370202417594448,1.3614208213913312,7,57,1.3251859204810363,64,1.4594212303284713,1,True,123.0,0.4878048780487805,0.00775537168743729,-0.0013986653999999,1.9272524633924821,-0.4250062114490719,0.3090002845557691,-0.1370202417594448,1.4057186798613808,7.0,147.0,0.5714285714285714,0.02746268251080465,0.0064399220897068,35.097366063756915,-0.21131726579239973,0.4892913885103991,-0.1043668645883486,2.1882608232596485,4.0,313.0,8.0,102.0,17.0,19.0,9.0,False,False,False,False
time_1300_1359__open_eq2__speed_any__duration_31_60,SPEED_FREE,13:00~13:59回封；第2次炸板后的回封；回封速度不限；首封后31~60分钟形成回封,"first_to_signal_minutes,open_times_at_signal,signal_hhmm",True,f465ceb794eac9ae7320f2edb4442fa838d73e86,381,207,173,34,0,100,0.47,0.00813935025806333,-0.00339821252996825,1.9258386879155853,-0.26090060865375597,0.1585663049947058,-0.0955137989142857,1.6290819341880334,6,48,1.2868465512096268,52,1.4965565910755334,1,True,106.0,0.4528301886792453,0.005864744975425905,-0.00458053711876455,1.6010740815046491,-0.2653051313684003,0.1585663049947058,-0.0955137989142857,1.6058997899341338,7.0,140.0,0.55,0.02427208054866394,0.007959357162553827,18.63133959874684,-0.39829533756913627,0.4892913885103991,-0.17629142067722955,1.9664336056932603,4.0,207.0,19.0,72.0,32.0,27.0,9.0,False,False,False,False
time_1400_1429__open_eq3__speed_any__break_close_le1,SPEED_FREE,14:00~14:29回封；第3次炸板后的回封；回封速度不限；最后炸板分钟收盘回落不超1%,"last_break_close_depth_pct,open_times_at_signal,signal_hhmm",True,7ea2c458a0322743dca2d30130baa5932ae6593d,870,321,274,47,0,122,0.5081967213114754,0.006979049983653937,0.00169476420960435,1.924915645552596,-0.5078146683670739,0.1389025984499999,-0.1569867550068164,1.3390136865417723,5,61,1.117532730450826,61,1.7224691439471882,1,True,124.0,0.5080645161290323,0.005593163906181317,0.00169476420960435,1.6557287179058948,-0.5905518861243089,0.1389025984499999,-0.1569867550068164,1.262137137392844,5.0,144.0,0.4930555555555556,0.007118715441890855,-0.001529788014994928,2.0426288745597665,-0.45463595312450666,0.3687231660523884,-0.13823939725321072,1.3817956025720635,8.0,318.0,13.0,97.0,19.0,22.0,6.0,False,False,False,False
time_1400_1429__open_eq3__speed_2_5,STRUCTURAL_GRID,14:00~14:29回封；第3次炸板后的回封；最后炸板后2~5分钟回封,"last_break_to_signal_minutes,open_times_at_signal,signal_hhmm",True,daaafc5e22380f84c47f7fa042e32aa0f2ffdcf0,298,161,138,23,0,81,0.4691358024691358,0.009871704813936616,-0.0048660650557894,1.9241356309176874,-0.1978704450351353,0.2397254494319167,-0.0931994923524589,1.7841021324105264,5,37,1.3016931512188157,44,1.4781791154974258,1,True,89.0,0.47191011235955055,0.007825436750717608,-0.0048660650557894,1.7186038162506458,-0.2525562732784984,0.2397254494319167,-0.0931994923524589,1.597593257603938,6.0,137.0,0.5255474452554745,0.02752194635585569,0.004544094725274752,26.082626505534567,-0.35603439079158106,0.4892913885103991,-0.13823939725321072,2.437986742576429,11.0,158.0,24.0,66.0,33.0,31.0,7.0,False,False,False,False
time_1300_1359__open_any__speed_6_10__break_low_le2,OPEN_COUNT_FREE,13:00~13:59回封；炸板/回封次数不限；最后炸板后6~10分钟回封；最后炸板分钟最低回落不超2%,"last_break_low_depth_pct,last_break_to_signal_minutes,signal_hhmm",True,1f1ca6f0261d9d398479bfedd83a8c8aaf15a1d2,944,333,272,61,0,126,0.5158730158730159,0.0075836182141198515,0.0018924207706208498,1.922605375966637,-0.30816482013965574,0.3090002845557691,-0.1370202417594448,1.249988520026176,5,58,1.5354102435669514,68,1.2521769891935737,1,True,128.0,0.5078125,0.006997419317366047,0.00168227727426095,1.8213516512790158,-0.3081648201396555,0.3090002845557691,-0.1370202417594448,1.2688058137314357,5.0,147.0,0.5782312925170068,0.02685602195724749,0.0070321235254114,32.244352748845046,-0.22748020605659647,0.4892913885103991,-0.1043668645883486,2.0864030213161953,4.0,333.0,7.0,106.0,14.0,18.0,9.0,False,False,False,False
time_1300_1454__open_ge2__speed_ge11,STRUCTURAL_GRID,13:00~14:54回封；第2次及以后炸板后的回封；最后炸板11分钟后回封,"last_break_to_signal_minutes,open_times_at_signal,signal_hhmm",True,a4321a16e7c4dde3819c63f4a7aa950056eaa083,2666,449,377,72,0,142,0.5,0.0067915455429684605,-0.00042120852373895,1.9099774506042788,-0.36448948185972974,0.2124694253476716,-0.219507768153365,1.2992002749546896,8,70,1.0869126979955022,72,1.7572501030917047,1,True,142.0,0.5,0.0067915455429684605,-0.00042120852373895,1.9099774506042788,-0.36448948185972974,0.2124694253476716,-0.219507768153365,1.2992002749546896,8.0,150.0,0.4666666666666667,-0.0023191164785445603,-0.010412852494945,0.5074796241754276,-0.6810449569386661,0.2124694253476716,-0.219507768153365,1.043677082105181,8.0,449.0,0.0,123.0,6.0,14.0,7.0,False,False,False,False
time_1300_1454__open_eq3__speed_any__ever_40_150,SPEED_FREE,13:00~14:54回封；第3次炸板后的回封；回封速度不限；信号时全市场已有40~150只首板触板,"market_ever_sealed_count,open_times_at_signal,signal_hhmm",True,6d6ccb9b987ea3d3b0556100bd2071a2c9cebc08,2252,413,343,70,0,140,0.4642857142857143,0.006746232155096339,-0.005710090354336,1.9095389228409612,-0.4760043344646647,0.2858048076223851,-0.1595638622725343,1.5228158575677355,10,67,1.1888969366940338,73,1.6061433618887238,1,True,140.0,0.4642857142857143,0.006746232155096339,-0.005710090354336,1.9095389228409612,-0.4760043344646647,0.2858048076223851,-0.1595638622725343,1.5228158575677355,10.0,153.0,0.5294117647058824,0.016772680218498773,0.0050760858,8.020574504723704,-0.3613997584328954,0.4892913885103991,-0.1595638622725343,1.6805497820447044,5.0,413.0,0.0,116.0,20.0,13.0,4.0,False,False,False,False
time_1400_1429__open_eq4__speed_any__recent5_ge5pct,SPEED_FREE,14:00~14:29回封；第4次炸板后的回封；回封速度不限；回封前5分钟成交额至少前日5%,"open_times_at_signal,signal_hhmm,signal_recent_5m_amount_vs_prev_day",True,004ff48fc3037944584f0dabf8a818e9c3fb149e,295,177,148,29,0,90,0.5444444444444444,0.009090134870028865,0.0055800911653679005,1.8968858622850517,-0.2940809035869063,0.2971055310979901,-0.102440249751573,1.2703478554107703,4,45,1.323729704001511,45,1.4329857950236682,1,True,96.0,0.5104166666666666,0.008422396465052604,0.00360743371050005,1.8366125230364343,-0.3125737719581908,0.2971055310979901,-0.102440249751573,1.3697545480760502,6.0,140.0,0.5642857142857143,0.024582347321871718,0.0093294070047572,19.93767571771281,-0.2851081843796388,0.3687231660523884,-0.13823939725321072,1.9254923967288533,6.0,173.0,25.0,68.0,33.0,27.0,12.0,False,False,False,False
time_any__open_3_5__speed_le1__duration_61_120,TIME_FREE,回封时间不限；第3~5次炸板后的回封；最后炸板后1分钟内回封；首封后61~120分钟形成回封,"first_to_signal_minutes,last_break_to_signal_minutes,open_times_at_signal",True,4acb3690581127ee9b80c6e9043e037ada109343,951,319,272,47,0,125,0.472,0.006918035794929285,-0.003185257765017,1.893769059078195,-0.312006996302043,0.1527619232964,-0.139557347965909,1.5096278818632864,9,64,1.3862100996501925,61,1.3661486520377273,1,True,128.0,0.4765625,0.006864982190547167,-0.0021482430103881003,1.925458237600168,-0.312006996302043,0.1527619232964,-0.1370202417594448,1.4832679606933505,9.0,147.0,0.5170068027210885,0.01705627055391815,0.0028569250726545,7.693058831786402,-0.3297115557826654,0.2971055310979901,-0.139557347965909,1.6701699985947744,10.0,315.0,10.0,106.0,18.0,18.0,5.0,False,False,False,False
time_any__open_ge2__speed_6_10__duration_16_30,TIME_FREE,回封时间不限；第2次及以后炸板后的回封；最后炸板后6~10分钟回封；首封后16~30分钟形成回封,"first_to_signal_minutes,last_break_to_signal_minutes,open_times_at_signal",True,09e2aa14699f09a23c26b0339c8ed7af5a0c38dd,335,174,139,35,0,89,0.48314606741573035,0.009413998621429553,-0.0013986654,1.8926110153507882,-0.38584792685943203,0.1935590908019999,-0.189337554306236,1.551966733028285,6,39,1.399284514908685,50,1.3525562494160073,1,True,96.0,0.4895833333333333,0.007958255884069352,-0.0009519163485081,1.7563064656727059,-0.45977836930586746,0.1935590908019999,-0.189337554306236,1.4348528167138148,7.0,133.0,0.5639097744360902,0.02808815253804122,0.008292640894970553,26.4452189881531,-0.22484850219629382,0.4892913885103991,-0.14417251000998996,2.188092168763564,4.0,171.0,24.0,63.0,26.0,32.0,12.0,False,False,False,False
time_any__open_eq2__speed_le1__main_board,TIME_FREE,回封时间不限；第2次炸板后的回封；最后炸板后1分钟内回封；仅沪深主板,"last_break_to_signal_minutes,market_segment,open_times_at_signal",True,e2ad859a4c0002219dec6d4b1f2e610264599c18,1962,438,348,90,0,140,0.5214285714285715,0.0062991047100965335,0.0023295143580632,1.8858690081492246,-0.6074102308100078,0.1397740348714286,-0.11585787828,1.2057960244020138,5,71,0.5569071313883518,69,3.3863258375733376,1,True,140.0,0.5214285714285715,0.0062991047100965335,0.0023295143580632,1.8858690081492246,-0.6074102308100078,0.1397740348714286,-0.11585787828,1.2057960244020138,5.0,152.0,0.5263157894736842,0.006376063202599404,0.0029238954446807004,1.9673682249740447,-0.4579066508177557,0.21575685510355055,-0.14417251000998996,1.1781073353877944,5.0,438.0,0.0,120.0,8.0,17.0,7.0,False,False,False,False
time_1300_1359__open_3_5__speed_6_10,STRUCTURAL_GRID,13:00~13:59回封；第3~5次炸板后的回封；最后炸板后6~10分钟回封,"last_break_to_signal_minutes,open_times_at_signal,signal_hhmm",True,7096789ed02930980b271fe48f17310bbcff4d41,286,174,151,23,0,85,0.49411764705882355,0.00979028844687803,-0.0013986653999999,1.8856088873214698,-0.35891017954393745,0.1659870463579606,-0.2040006245101206,1.5042299706031093,4,36,1.739578686316827,49,1.083945729016623,1,True,94.0,0.5,0.010255591485172657,9.409729169184994e-05,2.0920162508197078,-0.37967876129431655,0.1659870463579606,-0.2040006245101206,1.4858620692734832,5.0,138.0,0.5942028985507246,0.030251859045133847,0.008404219134985277,37.22655543405173,-0.2897321278676932,0.4892913885103991,-0.2040006245101206,1.9509954178685402,7.0,174.0,22.0,71.0,28.0,29.0,10.0,True,False,False,False
time_1400_1454__open_2_3__speed_any__amount_ge1_5,SPEED_FREE,14:00~14:54回封；第2~3次炸板后的回封；回封速度不限；信号前成交额至少前日1.5倍,"open_times_at_signal,signal_cumulative_amount_vs_prev_day,signal_hhmm",True,315086978436b7d26d12217819bd2f9b1d6ee4bb,2558,437,340,97,0,137,0.49635036496350365,0.006216906011495046,-0.0005408451726562,1.884589186492921,-0.40719457752182986,0.2877539667175889,-0.1389379853296101,1.387040821942739,8,70,1.1109373614322948,67,1.6963955412060152,1,True,138.0,0.4927536231884058,0.006059743250843165,-0.000572405506714,1.8594526583644713,-0.3969389012457545,0.2877539667175889,-0.1389379853296101,1.4028018121120978,8.0,154.0,0.487012987012987,0.006311519040597867,-0.0025892306785230282,2.010683704158915,-0.49426882396180605,0.2877539667175889,-0.14417251000998996,1.4175079296998414,8.0,437.0,2.0,115.0,16.0,18.0,5.0,False,False,False,False
time_1001_1130__open_any__speed_6_10__ever_40_100,OPEN_COUNT_FREE,10:01~11:30回封；炸板/回封次数不限；最后炸板后6~10分钟回封；信号时全市场已有40~100只首板触板,"last_break_to_signal_minutes,market_ever_sealed_count,signal_hhmm",True,82914b10c494c8354b9215accc8b37cad70b612e,606,213,152,61,0,85,0.43529411764705883,0.009307393976688318,-0.0039337531714285,1.8838470183172662,-0.503735088676104,0.1935590908019999,-0.1777544284995882,1.9677513745772903,7,41,0.9763548844107033,44,1.9294695488252682,2,True,87.0,0.4367816091954023,0.009132159491050616,-0.0039337531714285,1.8893054502589617,-0.5037350886761041,0.1935590908019999,-0.1777544284995882,1.9447300463577106,7.0,133.0,0.5413533834586466,0.032083884268473195,0.0066278437496161925,40.26130352231709,-0.5202584791593743,0.4892913885103991,-0.1777544284995882,2.4513832428473368,9.0,213.0,5.0,58.0,34.0,32.0,9.0,False,False,False,False
time_any__open_eq3__speed_6_10__break_low_le2,TIME_FREE,回封时间不限；第3次炸板后的回封；最后炸板后6~10分钟回封；最后炸板分钟最低回落不超2%,"last_break_low_depth_pct,last_break_to_signal_minutes,open_times_at_signal",True,7656df63b5e5007384c7afab19cc5f54dc68459f,424,234,201,33,0,106,0.5094339622641509,0.008022015886293917,0.0016529074821161499,1.8613638367043444,-0.3134681083906813,0.140190473515297,-0.2040006245101206,1.3299915948168002,5,52,1.5211453195292473,54,1.223659444503557,1,True,109.0,0.5045871559633027,0.009831803969959115,0.0013883431095344,2.3418033109597016,-0.31346810839068107,0.140190473515297,-0.2040006245101206,1.4819167532775204,5.0,144.0,0.5277777777777778,0.02033179198341888,0.003089654166562374,12.641736909645491,-0.27924661920345806,0.25794581579670345,-0.11849477438811166,1.9382637886971665,6.0,232.0,20.0,80.0,26.0,28.0,10.0,True,False,False,False
time_1300_1359__open_eq3__speed_any__growth_board,SPEED_FREE,13:00~13:59回封；第3次炸板后的回封；回封速度不限；仅创业板或科创板,"market_segment,open_times_at_signal,signal_hhmm",True,e09885c121f5888ebe2289da29e8d56839dfac23,222,133,108,25,0,76,0.4473684210526316,0.011134742759695648,-0.0066984162070628,1.8607918698581347,-0.2879116657242159,0.2858048076223851,-0.1293101803360104,1.8736328957256367,6,33,0.8559962563820133,43,2.173831784876056,1,True,83.0,0.39759036144578314,0.0019732058524069658,-0.012564867681356,0.9697109951312413,-0.39155335063626895,0.2804551011527076,-0.1293101803360104,1.6383694100398625,7.0,139.0,0.5683453237410072,0.03051625655412025,0.0102763764789873,39.5570812798971,-0.26720782463468096,0.4892913885103991,-0.1235870262557176,2.1113095448459163,5.0,133.0,28.0,61.0,35.0,30.0,13.0,False,False,False,False
time_1300_1359__open_eq1__speed_6_10,STRUCTURAL_GRID,13:00~13:59回封；第1次炸板后的回封；最后炸板后6~10分钟回封,"last_break_to_signal_minutes,open_times_at_signal,signal_hhmm",True,eeb31ea8d1a27eebffd116083e0ae9ce7b4a7dc9,352,210,166,44,0,93,0.4946236559139785,0.0083595924228831,-0.0031078765304121,1.8587539638321653,-0.2824933118182086,0.1652893008992227,-0.1338850016643887,1.5014992616271454,5,42,1.3109465157266775,51,1.417871699214084,1,True,98.0,0.47959183673469385,0.008329920014000996,-0.0050648752955214996,1.9144869854207154,-0.3141357050888509,0.1652893008992227,-0.1338850016643887,1.5812351283920079,5.0,139.0,0.5827338129496403,0.028681479711894116,0.0066278437496161925,33.8172141861416,-0.29121358149785814,0.4892913885103991,-0.1043668645883486,2.124834762619306,7.0,210.0,18.0,71.0,27.0,31.0,10.0,False,False,False,False
time_1001_1130__open_ge5__speed_any__pre_low_ge0,SPEED_FREE,10:01~11:30回封；第5次及以后炸板后的回封；回封速度不限；信号前最低价不低于昨收,"open_times_at_signal,pre_signal_min_return,signal_hhmm",True,84acc546e51c3ac97f05f58b8ae8dfd5a212cc70,823,155,140,15,0,82,0.5487804878048781,0.009186429912196977,0.00482820518948935,1.8546216009013707,-0.5583252730701618,0.1527619232964,-0.1192656039362559,1.2503274075976532,8,41,0.566498033883863,41,3.273835900517147,1,True,91.0,0.5274725274725275,0.0072998142885210724,0.0025925860023476,1.6766981754488592,-0.5891530645699743,0.1527619232964,-0.1192656039362559,1.2447566852790048,7.0,137.0,0.5766423357664233,0.01907547315804068,0.0066278437496161925,8.859044373853752,-0.3577798275589993,0.4892913885103991,-0.14417251000998996,1.5191427904720924,6.0,155.0,26.0,67.0,29.0,31.0,10.0,False,False,False,False
time_before_1400__open_any__speed_2_5__growth_board,OPEN_COUNT_FREE,14:00前回封；炸板/回封次数不限；最后炸板后2~5分钟回封；仅创业板或科创板,"last_break_to_signal_minutes,market_segment,signal_hhmm",True,ad7df0084de85e6ee6b6c05ecdf10e92024f3edc,1231,306,240,66,0,116,0.49137931034482757,0.008298597978097498,-0.0012270119516935999,1.8493860641564093,-0.5427629854408129,0.288567784289668,-0.1229136417690231,1.3725227093449106,9,55,0.9828070195212394,61,1.8817387619568589,1,True,119.0,0.5126050420168067,0.012603392164674682,0.0025973816999692,3.1460274146473997,-0.3767132614375909,0.288567784289668,-0.121943391202544,1.4711638873493815,8.0,146.0,0.5958904109589042,0.022965109236847536,0.008595076517753798,17.07271965957404,-0.2938049958149981,0.4892913885103991,-0.14417251000998996,1.4905094959662157,3.0,306.0,8.0,97.0,18.0,18.0,13.0,True,False,False,False
time_1400_1429__open_2_3__speed_any__duration_61_120,SPEED_FREE,14:00~14:29回封；第2~3次炸板后的回封；回封速度不限；首封后61~120分钟形成回封,"first_to_signal_minutes,open_times_at_signal,signal_hhmm",True,65d6958620b1bb4df20cba9e1ebd17713e4bec00,427,204,163,41,0,94,0.4574468085106383,0.008981367391254479,-0.00458142985924905,1.8461291494056156,-0.2664143235040265,0.2971055310979901,-0.130310961792,1.7147412115573524,6,49,1.706934322574763,45,1.081546679910267,1,True,101.0,0.43564356435643564,0.009174321475880126,-0.0113805735,1.9656379380208795,-0.291902779970739,0.2971055310979901,-0.130310961792,1.870318834186711,7.0,141.0,0.5460992907801419,0.02509824253756238,0.0064359717715115,20.91133233221056,-0.3078835316248151,0.4892913885103991,-0.11849477438811166,2.1567008437976383,4.0,199.0,22.0,73.0,32.0,25.0,11.0,False,False,False,False
time_1400_1429__open_3_5__speed_any__duration_61_120,SPEED_FREE,14:00~14:29回封；第3~5次炸板后的回封；回封速度不限；首封后61~120分钟形成回封,"first_to_signal_minutes,open_times_at_signal,signal_hhmm",True,288082550c8cc7afba5a9c4d51cb2afeae1b1611,501,199,167,32,0,95,0.4105263157894737,0.00847597012100976,-0.0086484614492156,1.8454037320330468,-0.3293442239529064,0.2971055310979901,-0.1038956854614624,2.0889711493116065,10,48,1.5297777124318714,47,1.2063214917018423,1,True,104.0,0.41346153846153844,0.010029783174178119,-0.011992624066121503,2.2735948598040343,-0.4006496548911359,0.2971055310979901,-0.1038956854614624,2.1786586312542857,10.0,143.0,0.5804195804195804,0.03110875714835379,0.0143520077707792,50.61221282832169,-0.23907989096004933,0.4892913885103991,-0.11849477438811166,2.2854359977523937,7.0,195.0,25.0,69.0,32.0,34.0,8.0,True,False,False,False
time_1400_1429__open_eq2__speed_any__main_board,SPEED_FREE,14:00~14:29回封；第2次炸板后的回封；回封速度不限；仅沪深主板,"market_segment,open_times_at_signal,signal_hhmm",True,f156b6216c0f356ff8fcd954574fe9541986cc75,937,347,280,67,0,126,0.48412698412698413,0.006243956658257756,-0.0011850447986381,1.8263533776098493,-0.34876822709436217,0.1380879331309447,-0.1549778471938946,1.4533869735238698,5,62,1.8304149075570513,64,0.9977810878121492,1,True,126.0,0.49206349206349204,0.008129846603858822,-0.000787695019024,2.322155543031621,-0.34876822709436206,0.1380879331309447,-0.1549778471938946,1.5487787801906563,5.0,143.0,0.5174825174825175,0.011652356829446334,0.0021752415944633883,3.885959547516432,-0.2788045222951041,0.3687231660523884,-0.1549778471938946,1.5426628132112041,6.0,341.0,9.0,103.0,18.0,19.0,3.0,True,False,False,False
time_1400_1429__open_3_5__speed_any__ever_40_150,SPEED_FREE,14:00~14:29回封；第3~5次炸板后的回封；回封速度不限；信号时全市场已有40~150只首板触板,"market_ever_sealed_count,open_times_at_signal,signal_hhmm",True,2213292bd0f9ca4ad6e5a94dce9f52c2eb164fe5,1491,341,295,46,0,129,0.4883720930232558,0.00649345088818491,-0.0038637951833488,1.822170784622532,-0.44111714971034155,0.2971055310979901,-0.1155916940639999,1.3969844708518295,9,60,1.0254399875342124,69,1.7769648217095095,1,True,129.0,0.4883720930232558,0.00649345088818491,-0.0038637951833488,1.822170784622532,-0.44111714971034155,0.2971055310979901,-0.1155916940639999,1.3969844708518295,9.0,147.0,0.4965986394557823,0.009152901603513447,-0.002004038720927356,2.6457394608938136,-0.5077179434818111,0.4892913885103991,-0.11849477438811166,1.4737730662180164,8.0,339.0,5.0,111.0,16.0,17.0,3.0,False,False,False,False
time_any__open_eq1__speed_6_10__amount_ge2,TIME_FREE,回封时间不限；第1次炸板后的回封；最后炸板后6~10分钟回封；信号前成交额至少前日2倍,"last_break_to_signal_minutes,open_times_at_signal,signal_cumulative_amount_vs_prev_day",True,e91b1afa811d30926bc1b40fffbe5ea6c7fc7f00,574,310,205,105,0,103,0.4563106796116505,0.007750637072033296,-0.0089537793288992,1.8214209888602495,-0.2968383104720804,0.3090002845557691,-0.1027534245692308,1.7010627410256838,6,47,1.606536452633683,56,1.1337564023986477,1,True,107.0,0.4766355140186916,0.009334605001469575,-0.0080309399093958,2.1810502704168107,-0.29683831047208065,0.3090002845557691,-0.1397868942656805,1.6589325950377076,6.0,142.0,0.5211267605633803,0.016587556056481014,0.001995131840158544,6.608109408117132,-0.31297578237242385,0.3687231660523884,-0.17629142067722955,1.6846335303251807,4.0,309.0,15.0,83.0,27.0,23.0,9.0,True,False,False,False
time_1400_1429__open_ge2__speed_any__recent5_ge10pct,SPEED_FREE,14:00~14:29回封；第2次及以后炸板后的回封；回封速度不限；回封前5分钟成交额至少前日10%,"open_times_at_signal,signal_hhmm,signal_recent_5m_amount_vs_prev_day",True,d69de25798b1b7ee387601af2df406f427510a5f,1002,319,252,67,0,125,0.512,0.006458644052937678,0.0005562483525221,1.8080134771885332,-0.3948552360792713,0.2971055310979901,-0.1061095424225165,1.3173570540165056,6,67,1.4152217928833366,58,1.2775477923534044,1,True,129.0,0.49612403100775193,0.006055950885592371,-0.0009714241972762,1.7410969540314902,-0.4478303925941932,0.2971055310979901,-0.1061095424225165,1.3655264772885083,6.0,150.0,0.5066666666666667,0.013020615050751572,0.0003715084494950973,4.791982734664138,-0.2808433298463995,0.3687231660523884,-0.13823939725321072,1.7089097123589687,9.0,314.0,16.0,97.0,25.0,22.0,6.0,False,False,False,False
time_1400_1429__open_2_3__speed_any__amount_ge1_5,SPEED_FREE,14:00~14:29回封；第2~3次炸板后的回封；回封速度不限；信号前成交额至少前日1.5倍,"open_times_at_signal,signal_cumulative_amount_vs_prev_day,signal_hhmm",True,16772727441846e61312d9ba6700911a2bde9c35,1353,363,298,65,0,133,0.48872180451127817,0.006149765008853247,-0.0036933569172413,1.806355391308886,-0.33671862343482506,0.2877539667175889,-0.1389379853296101,1.4100835029431513,8,67,1.1916897377412117,66,1.5157933597152071,1,True,133.0,0.48872180451127817,0.006568490618172125,-0.0036933569172413,1.9142168054288973,-0.29711264801049364,0.2877539667175889,-0.1389379853296101,1.444293121911162,8.0,151.0,0.4966887417218543,0.006274214892132656,-0.0005408451726562,1.9501928551455956,-0.4926583070073238,0.2877539667175889,-0.14417251000998996,1.3488392868801709,8.0,363.0,4.0,109.0,17.0,21.0,4.0,False,False,False,False
time_1400_1429__open_any__speed_6_10__duration_ge121,OPEN_COUNT_FREE,14:00~14:29回封；炸板/回封次数不限；最后炸板后6~10分钟回封；首封121分钟后形成回封,"first_to_signal_minutes,last_break_to_signal_minutes,signal_hhmm",True,2640acf294415b6e99105d839e7e2b240b0e0191,144,106,93,13,0,62,0.5967741935483871,0.01206680774292413,0.00397143125157185,1.8034104510230262,-0.4167079694800436,0.2815783803342283,-0.11585787828,1.0664927714017938,7,34,1.6365305747119325,28,1.1019717436934948,1,True,77.0,0.5324675324675324,0.005595717308967754,0.0023623580135111,1.307387079722476,-0.3364987981300168,0.1813358274087592,-0.1515635142462724,1.092657470824732,4.0,135.0,0.5851851851851851,0.021114962369438342,0.008292640894970553,11.145749001552542,-0.5202341661759027,0.3687231660523884,-0.17629142067722955,1.4645264900234531,5.0,103.0,45.0,54.0,33.0,37.0,11.0,False,False,False,False
time_1300_1359__open_any__speed_le1__seal_rate_40_60,OPEN_COUNT_FREE,13:00~13:59回封；炸板/回封次数不限；最后炸板后1分钟内回封；信号时全市场首板封住率40%~60%,"last_break_to_signal_minutes,market_seal_rate,signal_hhmm",True,39d256df014ce530ed4b291f07242861b23a8afb,314,62,50,12,0,38,0.5526315789473685,0.0177344091462724,0.015142441311710799,1.8018499956184284,-0.1862124666118229,0.13740021102908,-0.1527802601283696,1.5887258727123483,4,21,1.6833277880174495,17,1.0704094641843753,1,True,62.0,0.532258064516129,0.020897806411009363,0.01359062091071497,3.004067686639462,-0.21652332677774533,0.4527951871228668,-0.1527802601283696,1.8971728383466102,7.0,134.0,0.6492537313432836,0.040012309400408765,0.02088573501835992,115.57923221921746,-0.22970534744710858,0.4527951871228668,-0.1527802601283696,1.9795389954876037,4.0,62.0,47.0,43.0,32.0,44.0,15.0,True,False,False,False
time_1400_1454__open_eq4__speed_any__amount_ge1,SPEED_FREE,14:00~14:54回封；第4次炸板后的回封；回封速度不限；信号前成交额至少前日1倍,"open_times_at_signal,signal_cumulative_amount_vs_prev_day,signal_hhmm",True,de298fd029a63cb2c4b9e6666bb3b4a46a34b346,1203,369,301,68,0,131,0.48854961832061067,0.006408117113725318,-0.0034703821754717,1.8001786416472672,-0.4021228503488704,0.2804551011527076,-0.1116008761410474,1.3760282662872403,8,65,1.2077015999135787,66,1.4905823108755374,1,True,132.0,0.4696969696969697,0.005481682580697192,-0.0046942968927182,1.5654832075038012,-0.5774976996723052,0.2804551011527076,-0.1389379853296101,1.410602941549718,8.0,149.0,0.5100671140939598,0.010549627351233468,0.0021752415944633883,3.396305041671374,-0.6182075151905222,0.3687231660523884,-0.1389379853296101,1.469728572271494,7.0,359.0,14.0,110.0,14.0,15.0,10.0,False,False,False,False
time_any__open_2_3__speed_6_10__duration_16_30,TIME_FREE,回封时间不限；第2~3次炸板后的回封；最后炸板后6~10分钟回封；首封后16~30分钟形成回封,"first_to_signal_minutes,last_break_to_signal_minutes,open_times_at_signal",True,ea86a06b045ab949ae5ab0f9dd9bca6149e6fcdd,285,167,133,34,0,86,0.46511627906976744,0.009159128253632121,-0.00401962880584015,1.7973558088189032,-0.39295856907671944,0.1935590908019999,-0.189337554306236,1.6358461076023612,6,39,1.5147550381289254,47,1.1865653281068167,1,True,95.0,0.45263157894736844,0.005469192678963435,-0.0063801847542533,1.362954725604941,-0.4381893010077522,0.1935590908019999,-0.189337554306236,1.4980975293044005,8.0,134.0,0.5671641791044776,0.030679462370267516,0.008406303419989276,35.81518980157055,-0.1878070091458376,0.4892913885103991,-0.14417251000998996,2.2397721279890503,4.0,164.0,24.0,58.0,31.0,32.0,13.0,False,False,False,False
time_any__open_eq3__speed_ge11__growth_board,TIME_FREE,回封时间不限；第3次炸板后的回封；最后炸板11分钟后回封；仅创业板或科创板,"last_break_to_signal_minutes,market_segment,open_times_at_signal",True,4d5c72fdc6e4bd9393c4c3bc45a5c019a088ded3,131,87,73,14,0,54,0.46296296296296297,0.01459198866878368,-0.0166388380578169,1.7967947169001188,-0.36464441281177284,0.2784135267134124,-0.1370202417594448,1.809509989414399,5,25,1.6175838633680928,29,1.11078921939718,1,True,72.0,0.4861111111111111,0.01303226748553076,-0.00911893509620245,2.103265785336291,-0.36464441281177284,0.2242696657889503,-0.1370202417594448,1.6811863802028888,5.0,136.0,0.6029411764705882,0.03663820717951563,0.018455343904997756,83.347173944807,-0.2341038651938958,0.4892913885103991,-0.1235870262557176,2.3165313735685156,4.0,84.0,40.0,49.0,35.0,39.0,13.0,True,False,False,False
time_any__open_eq2__speed_le1__break_low_le1,TIME_FREE,回封时间不限；第2次炸板后的回封；最后炸板后1分钟内回封；最后炸板分钟最低回落不超1%,"last_break_low_depth_pct,last_break_to_signal_minutes,open_times_at_signal",True,699bb9ea1d2445226fb6a1b64179ed11c95b1cbc,2149,444,355,89,0,140,0.4928571428571429,0.006116652699863052,-0.0006507800272642,1.7959185344280932,-0.5677006902010875,0.1865259303471385,-0.1792189802694261,1.328061221674062,5,69,0.584393649078235,71,3.0731315052119363,1,True,140.0,0.4928571428571429,0.006116652699863052,-0.0006507800272642,1.7959185344280932,-0.5677006902010875,0.1865259303471385,-0.1792189802694261,1.328061221674062,5.0,153.0,0.5163398692810458,0.009201825166129503,0.0016095808767122,2.971083186868958,-0.4203220199770168,0.23327959380397686,-0.1792189802694261,1.3725323696149838,6.0,444.0,0.0,117.0,12.0,19.0,5.0,False,False,False,False
time_1400_1454__open_ge2__speed_any__duration_61_120,SPEED_FREE,14:00~14:54回封；第2次及以后炸板后的回封；回封速度不限；首封后61~120分钟形成回封,"first_to_signal_minutes,open_times_at_signal,signal_hhmm",True,e3f2443b1af0afae4e814c9fcae48e59258c49d3,2379,341,275,66,0,123,0.4634146341463415,0.00668809997101756,-0.0086484614492156,1.7927856408227028,-0.5820772905561449,0.2877539667175889,-0.1311553934155689,1.5605140562933684,9,62,1.8706385532916736,61,0.9583816380069913,1,True,126.0,0.4365079365079365,0.00573989568990341,-0.0106358547933948,1.6492406436876728,-0.566631216959594,0.2877539667175889,-0.1038956854614624,1.685851921725757,10.0,152.0,0.5394736842105263,0.01846329266797191,0.005083113285643591,11.331600838204361,-0.28605884639759716,0.3687231660523884,-0.10289842300991688,1.8540881396081248,6.0,333.0,10.0,102.0,26.0,19.0,5.0,False,False,False,False
time_1300_1454__open_eq4__speed_6_10,STRUCTURAL_GRID,13:00~14:54回封；第4次炸板后的回封；最后炸板后6~10分钟回封,"last_break_to_signal_minutes,open_times_at_signal,signal_hhmm",True,f3389bd816e17cf7568cbda7b7193064b8236ea9,192,135,118,17,0,75,0.5466666666666666,0.009625303913612354,0.0019174718546979,1.791876757699496,-0.394096274894287,0.1813358274087592,-0.1098246868368515,1.2805785880677132,6,37,1.1360613197950844,38,1.577271161756219,1,True,89.0,0.5280898876404494,0.006425333761310726,0.0014264029301888,1.5240734779482368,-0.33356137176101297,0.1813358274087592,-0.1098246868368515,1.1967392891529527,6.0,138.0,0.6086956521739131,0.03096448943208651,0.0124086240185279,41.6502248674222,-0.26370947853302484,0.4892913885103991,-0.13823939725321072,1.9214750693892986,5.0,133.0,32.0,67.0,32.0,26.0,13.0,False,False,False,False
time_1300_1454__open_eq1__speed_any__duration_31_60,SPEED_FREE,13:00~14:54回封；第1次炸板后的回封；回封速度不限；首封后31~60分钟形成回封,"first_to_signal_minutes,open_times_at_signal,signal_hhmm",True,5ed970ba55392bf6845f187f5e0656b95c8c2954,727,341,244,97,0,116,0.4827586206896552,0.006698663919972462,-0.0045166505119636005,1.7874959953951268,-0.4749474602949215,0.2877530664942644,-0.1523525620350246,1.4579297911281115,10,57,0.7159908419659252,59,2.4965347189178093,1,True,117.0,0.4700854700854701,0.004646710149606786,-0.0049597785599999,1.416990019140833,-0.5257683997281799,0.2877530664942644,-0.1523525620350246,1.3963843064678791,10.0,140.0,0.5,0.013422807779899137,0.0013235961030616137,4.466716590520209,-0.2827680903263049,0.4892913885103991,-0.1523525620350246,1.7008119986117234,8.0,341.0,3.0,99.0,15.0,20.0,6.0,False,False,False,False
time_1300_1359__open_any__speed_6_10__ever_40_150,OPEN_COUNT_FREE,13:00~13:59回封；炸板/回封次数不限；最后炸板后6~10分钟回封；信号时全市场已有40~150只首板触板,"last_break_to_signal_minutes,market_ever_sealed_count,signal_hhmm",True,03397e1fc55f17dba0b25ad66097f3e690896628,778,292,244,48,0,115,0.4782608695652174,0.00739549318361105,-0.0023073632408276,1.7777772924977935,-0.3330924060331485,0.3090002845557691,-0.1370202417594448,1.4432196390655514,5,51,1.2962727892083863,64,1.3714530670534677,1,True,118.0,0.4745762711864407,0.0067751548374543925,-0.0038528588747069,1.699060329779781,-0.33309240603314827,0.3090002845557691,-0.1370202417594448,1.4408045702425119,5.0,143.0,0.5874125874125874,0.030319782220705156,0.0070321235254114,47.999659899610734,-0.1583087662175271,0.4892913885103991,-0.1043668645883486,2.3780651500524104,4.0,292.0,7.0,98.0,16.0,20.0,9.0,False,False,False,False
time_1001_1130__open_any__speed_le5__ever_40_100,OPEN_COUNT_FREE,10:01~11:30回封；炸板/回封次数不限；最后炸板后5分钟内回封；信号时全市场已有40~100只首板触板,"last_break_to_signal_minutes,market_ever_sealed_count,signal_hhmm",True,86160dad921c34cbebd479b17c3d8ceb99435d0c,3153,289,226,63,0,105,0.4857142857142857,0.008259868682354178,-0.0026754210872093,1.7747654131195367,-0.41964733816412236,0.2881093435036007,-0.1923385811861804,1.4255405716570824,6,51,1.1782049605089826,54,1.50632994479402,2,True,106.0,0.4811320754716981,0.008109332173135392,-0.0029006105916092,1.761105041436722,-0.41964733816412236,0.2881093435036007,-0.1923385811861804,1.4474902675368648,6.0,136.0,0.5367647058823529,0.019984646386571034,0.004627462285394753,9.193959501997686,-0.4190003918376194,0.4892913885103991,-0.1923385811861804,1.6969791771619849,4.0,289.0,2.0,86.0,27.0,21.0,2.0,False,False,False,False
time_1400_1454__open_eq4__speed_any__break_close_le1,SPEED_FREE,14:00~14:54回封；第4次炸板后的回封；回封速度不限；最后炸板分钟收盘回落不超1%,"last_break_close_depth_pct,open_times_at_signal,signal_hhmm",True,02401cf13eae692552511b47ace361e92851b7e9,1227,371,304,67,0,131,0.48091603053435117,0.006385023753000344,-0.0038637951833488,1.7721580179266836,-0.47106728444053436,0.2804551011527076,-0.1116008761410474,1.4062417972134482,6,64,1.0684350241526137,67,1.6586483762381334,1,True,133.0,0.47368421052631576,0.006634920285693716,-0.0038637951833488,1.8118005948009617,-0.5399973048473174,0.2804551011527076,-0.1389379853296101,1.4471340702714388,6.0,150.0,0.5133333333333333,0.010771599021238944,0.0025238016615752442,3.629577633040644,-0.6182075151905222,0.3687231660523884,-0.1389379853296101,1.4875418794919804,7.0,361.0,14.0,116.0,12.0,15.0,7.0,False,False,False,False
time_1400_1454__open_eq4__speed_any__break_low_le1,SPEED_FREE,14:00~14:54回封；第4次炸板后的回封；回封速度不限；最后炸板分钟最低回落不超1%,"last_break_low_depth_pct,open_times_at_signal,signal_hhmm",True,9687b4944e83f0431fc553c685c2573b7dbab030,1220,368,302,66,0,131,0.48091603053435117,0.006385023753000344,-0.0038637951833488,1.7721580179266836,-0.47106728444053436,0.2804551011527076,-0.1116008761410474,1.4062417972134482,6,64,1.0684350241526137,67,1.6586483762381334,1,True,133.0,0.47368421052631576,0.006634920285693716,-0.0038637951833488,1.8118005948009617,-0.5399973048473174,0.2804551011527076,-0.1389379853296101,1.4471340702714388,6.0,150.0,0.5133333333333333,0.010771599021238944,0.0025238016615752442,3.629577633040644,-0.6182075151905222,0.3687231660523884,-0.1389379853296101,1.4875418794919804,7.0,358.0,14.0,116.0,12.0,15.0,7.0,False,False,False,False
time_1400_1429__open_eq3__speed_any__break_close_le0_5,SPEED_FREE,14:00~14:29回封；第3次炸板后的回封；回封速度不限；最后炸板分钟收盘回落不超0.5%,"last_break_close_depth_pct,open_times_at_signal,signal_hhmm",True,20e6c79ed4bc4d8c4b139c6e69832934c9939dad,780,302,260,42,0,121,0.49586776859504134,0.00637512623697512,-0.0005626172596446,1.7701576301306203,-0.48806583352139565,0.1389025984499999,-0.1155916940639999,1.3551901982133214,9,60,0.8486202926476454,61,2.085924229560707,1,True,124.0,0.5161290322580645,0.007439011271872782,0.003457881146005967,2.079379590598329,-0.3738552429738424,0.1389025984499999,-0.0978092899756097,1.3306526630104876,6.0,143.0,0.5104895104895105,0.010534369248274928,0.0021752415944633883,3.201324017957672,-0.42212755282707226,0.3687231660523884,-0.11849477438811166,1.4638420147127875,5.0,298.0,18.0,96.0,20.0,21.0,6.0,True,False,False,False
time_1400_1429__open_eq2__speed_any__amount_ge1,SPEED_FREE,14:00~14:29回封；第2次炸板后的回封；回封速度不限；信号前成交额至少前日1倍,"open_times_at_signal,signal_cumulative_amount_vs_prev_day,signal_hhmm",True,157af90922615956397e1662b239c2100e0a6a6e,1060,363,293,70,0,129,0.4573643410852713,0.0061818310115090485,-0.0042967946627087,1.7661140104465072,-0.4845830538407141,0.2877539667175889,-0.0958775991984538,1.5921531847948076,9,65,2.3372999443806415,64,0.7556214659965292,1,True,131.0,0.45038167938931295,0.005745826372237958,-0.0043027217867757,1.6803623909164198,-0.5284749748693475,0.2877539667175889,-0.0958775991984538,1.6002113816437467,9.0,150.0,0.4866666666666667,0.007910271597936098,-0.001487731459101778,2.2339244988438347,-0.3804197763117827,0.3687231660523884,-0.11849477438811166,1.453844129616456,6.0,359.0,7.0,107.0,19.0,20.0,4.0,False,False,False,False
time_1400_1429__open_any__speed_2_5__recent5_ge10pct,OPEN_COUNT_FREE,14:00~14:29回封；炸板/回封次数不限；最后炸板后2~5分钟回封；回封前5分钟成交额至少前日10%,"last_break_to_signal_minutes,signal_hhmm,signal_recent_5m_amount_vs_prev_day",True,401f3f22c5887c296ec7152d187558e0b1eda6bd,559,248,205,43,0,104,0.5384615384615384,0.0071894900383831445,0.0014073730198616,1.7616767194821528,-0.569253403601411,0.2971055310979901,-0.1553000517614753,1.22138469780907,6,49,0.6796209718135768,55,2.5921459056525236,1,True,109.0,0.5321100917431193,0.008108960923792924,0.0031159945579187,1.9943626785720936,-0.5029225580283724,0.2971055310979901,-0.1553000517614753,1.293885697917012,6.0,141.0,0.5886524822695035,0.031055843893637042,0.008292640894970553,45.784114744404704,-0.31479023144093865,0.4892913885103991,-0.1553000517614753,2.1172478693921715,7.0,244.0,18.0,79.0,29.0,26.0,7.0,False,False,False,False
time_1001_1130__open_1_2__speed_any__ever_40_100,SPEED_FREE,10:01~11:30回封；第1~2次炸板后的回封；回封速度不限；信号时全市场已有40~100只首板触板,"market_ever_sealed_count,open_times_at_signal,signal_hhmm",True,0aa5d0407c2392eb61112a52e653aeebe24b2c7e,3480,301,225,76,0,109,0.4954128440366973,0.00698970311091659,-0.0013986654,1.7595753335560458,-0.4171337873078258,0.146691528204878,-0.1223049402677456,1.3628367318064718,5,54,1.1104721298831643,55,1.5845290360787125,2,True,109.0,0.4954128440366973,0.00698970311091659,-0.0013986654,1.7595753335560458,-0.4171337873078258,0.146691528204878,-0.1223049402677456,1.3628367318064718,5.0,139.0,0.5899280575539568,0.026399120594388776,0.01852346386305976,25.44808103541876,-0.266889388964345,0.4892913885103991,-0.1223049402677456,1.849324144097666,3.0,301.0,2.0,88.0,24.0,21.0,6.0,False,False,False,False
time_1001_1359__open_any__speed_6_10__duration_16_30,OPEN_COUNT_FREE,10:01~13:59回封；炸板/回封次数不限；最后炸板后6~10分钟回封；首封后16~30分钟形成回封,"first_to_signal_minutes,last_break_to_signal_minutes,signal_hhmm",True,51f95bbeede995c8ecc8a2fe9632b38963e22d78,427,232,178,54,0,97,0.4536082474226804,0.007854411497415342,-0.0047642129586206,1.7547437659390475,-0.30009596332203836,0.1935590908019999,-0.189337554306236,1.7061342577202672,5,42,1.2676690965670765,55,1.3842285582972702,1,True,101.0,0.45544554455445546,0.006629521708938248,-0.0067259371083556,1.6014572949052355,-0.31912947020682836,0.1935590908019999,-0.189337554306236,1.6068172887149361,4.0,135.0,0.5259259259259259,0.02043599474819938,0.0028165024164093,10.298664019269523,-0.4070778378161646,0.4892913885103991,-0.1777544284995882,2.0346295397398437,5.0,232.0,16.0,78.0,25.0,28.0,4.0,False,False,False,False
time_1400_1454__open_eq4__speed_any__break_close_le0_5,SPEED_FREE,14:00~14:54回封；第4次炸板后的回封；回封速度不限；最后炸板分钟收盘回落不超0.5%,"last_break_close_depth_pct,open_times_at_signal,signal_hhmm",True,ef3f01389599aa38e3b051a331ad067dc45e8c6e,1160,359,291,68,0,130,0.4846153846153846,0.0063338943479385726,-0.0031472662717788,1.7545160939504318,-0.3762039532142931,0.2804551011527076,-0.1370202417594448,1.386133725593421,5,63,1.2048012979608407,67,1.4562700894496032,1,True,131.0,0.4732824427480916,0.008299537278037996,-0.0038637951833488,2.2718696110477117,-0.4157693155184744,0.2804551011527076,-0.1370202417594448,1.56952823212318,5.0,148.0,0.5337837837837838,0.013906941422003414,0.005930046813466023,5.763982283536457,-0.43191979596436025,0.2397254494319167,-0.1370202417594448,1.5783526037051352,7.0,349.0,15.0,112.0,10.0,19.0,7.0,True,False,False,False
time_1300_1454__open_any__speed_6_10__seal_rate_ge70,OPEN_COUNT_FREE,13:00~14:54回封；炸板/回封次数不限；最后炸板后6~10分钟回封；信号时全市场首板封住率至少70%,"last_break_to_signal_minutes,market_seal_rate,signal_hhmm",True,d9cb64d10c29c80a6f21bda2180132a7e123e837,1136,311,247,64,0,117,0.48717948717948717,0.006686831476239116,-0.0013986653999999,1.7458262060655283,-0.5239938785358809,0.1659870463579606,-0.1627866280771597,1.3936896109848884,7,55,1.0862257725158766,62,1.6072406402417703,1,True,120.0,0.49166666666666664,0.006545849284274965,-0.0009240213548990501,1.7524426469218297,-0.5295443193939938,0.1659870463579606,-0.1627866280771597,1.370482918961817,7.0,147.0,0.5986394557823129,0.03076544159988791,0.008519965945008,55.21588582913753,-0.21616965457406034,0.4892913885103991,-0.11849477438811166,2.2558205313357544,4.0,310.0,10.0,95.0,25.0,17.0,10.0,False,False,False,False
time_any__open_eq3__speed_6_10__break_close_le1,TIME_FREE,回封时间不限；第3次炸板后的回封；最后炸板后6~10分钟回封；最后炸板分钟收盘回落不超1%,"last_break_close_depth_pct,last_break_to_signal_minutes,open_times_at_signal",True,a87876d71eb3b823b950c598e7740237dc74d49f,399,226,197,29,0,103,0.5242718446601942,0.007491057061111288,0.0022261265372764,1.7450478926565054,-0.34558446817197364,0.140190473515297,-0.2040006245101206,1.2329343439934572,5,51,1.4819731703245131,52,1.1775165216212293,1,True,106.0,0.5188679245283019,0.009527102537810842,0.00215797940775235,2.230783202228764,-0.34558446817197386,0.140190473515297,-0.2040006245101206,1.3887277968007836,5.0,146.0,0.5547945205479452,0.020775581171967022,0.005808316462720236,14.047104485913902,-0.3463654197035071,0.25794581579670345,-0.11849477438811166,1.7540285842210472,6.0,224.0,21.0,75.0,25.0,36.0,10.0,True,False,False,False
time_1300_1359__open_any__speed_6_10__ever_20_60,OPEN_COUNT_FREE,13:00~13:59回封；炸板/回封次数不限；最后炸板后6~10分钟回封；信号时全市场已有20~60只首板触板,"last_break_to_signal_minutes,market_ever_sealed_count,signal_hhmm",True,4155218c8705827430763451636b8eeb161f093d,320,182,145,37,0,85,0.5411764705882353,0.008188883274835352,0.004733836650798,1.7445996079046107,-0.35516999841514185,0.1372791192585825,-0.1370202417594448,1.2346135150292519,5,37,1.588305447369972,48,1.098403087890582,1,True,108.0,0.5370370370370371,0.013798579809568765,0.0055051168077074,3.44023106577024,-0.449375182829321,0.4527951871228668,-0.1370202417594448,1.5409634103081202,6.0,147.0,0.5986394557823129,0.02942775147329348,0.0088312404167701,44.56656524798944,-0.2245729374671933,0.4892913885103991,-0.11849477438811166,2.069799901990778,5.0,182.0,52.0,74.0,28.0,30.0,15.0,True,False,False,False
time_1001_1359__open_2_3__speed_any__duration_16_30,SPEED_FREE,10:01~13:59回封；第2~3次炸板后的回封；回封速度不限；首封后16~30分钟形成回封,"first_to_signal_minutes,open_times_at_signal,signal_hhmm",True,d22e0c279f3a0e0ac67a26cb8e0d12ea45446acf,1434,370,301,69,0,135,0.4740740740740741,0.006451236671888155,-0.0015623032377049,1.7409697624831943,-0.3501073522707715,0.3090002845557691,-0.189337554306236,1.4521944805586788,7,66,0.9302263995538063,69,1.8715548852604806,1,True,135.0,0.4666666666666667,0.006287053832135177,-0.0025646936028318,1.702782843632725,-0.3501073522707715,0.3090002845557691,-0.189337554306236,1.4856171434224006,7.0,146.0,0.4931506849315068,0.00687313761474897,-0.00053508247656885,1.9515302620336226,-0.28542950103985065,0.2732236251032737,-0.189337554306236,1.3680434223027282,4.0,370.0,1.0,114.0,13.0,11.0,8.0,False,False,False,False
time_1400_1454__open_2_3__speed_any__amount_ge2,SPEED_FREE,14:00~14:54回封；第2~3次炸板后的回封；回封速度不限；信号前成交额至少前日2倍,"open_times_at_signal,signal_cumulative_amount_vs_prev_day,signal_hhmm",True,3835789b6366875cfc5cef09f26552d8b4967817,1824,404,312,92,0,133,0.48872180451127817,0.005930708099809909,-0.0006039658407718,1.7384684214364101,-0.3193557543125818,0.2877539667175889,-0.1569867550068164,1.4010141835539556,8,68,1.316645799185309,65,1.3203766893967304,1,True,134.0,0.47761194029850745,0.00473266960578417,-0.0022394953879134,1.4955077466512743,-0.40582677902079434,0.2877539667175889,-0.1569867550068164,1.385550570555669,8.0,150.0,0.47333333333333333,0.012078824854237068,-0.003150416691818028,4.176710572765019,-0.29681766803058374,0.3687231660523884,-0.1569867550068164,1.8500064594351986,5.0,401.0,6.0,116.0,13.0,16.0,5.0,False,False,False,False
time_1400_1454__open_3_5__speed_le2,STRUCTURAL_GRID,14:00~14:54回封；第3~5次炸板后的回封；最后炸板后2分钟内回封,"last_break_to_signal_minutes,open_times_at_signal,signal_hhmm",True,2479ef468a081129252650bf6fd8bd8cc5b46bf4,2145,382,309,73,0,131,0.46564885496183206,0.006111184441108934,-0.0052739944270588,1.7359493219617557,-0.44624334385918696,0.2804551011527076,-0.1389379853296101,1.4957959326552936,5,65,0.8085006579636883,66,2.1471217182852573,1,True,133.0,0.46616541353383456,0.005441193862576378,-0.0042125722215698,1.6142353214195757,-0.4639179419161241,0.2804551011527076,-0.1389379853296101,1.4579322947045863,5.0,151.0,0.4900662251655629,0.007646017255019068,-0.0005626172596446,2.2792050746805406,-0.4788641167601647,0.3687231660523884,-0.11849477438811166,1.4316929784078547,6.0,374.0,10.0,113.0,17.0,19.0,2.0,False,False,False,False
time_1001_1130__open_any__speed_6_10__duration_61_120,OPEN_COUNT_FREE,10:01~11:30回封；炸板/回封次数不限；最后炸板后6~10分钟回封；首封后61~120分钟形成回封,"first_to_signal_minutes,last_break_to_signal_minutes,signal_hhmm",True,75f43f4b1be5f22c14de0e0844018e989751ed1d,186,118,106,12,0,72,0.4722222222222222,0.009665999645443034,-0.00522918992395645,1.73312671098902,-0.36216857862050145,0.2559726948000001,-0.0808694268976178,1.6707532187672187,4,36,1.2361952796128184,36,1.4019845728029658,1,True,89.0,0.4606741573033708,0.01676396398776892,-0.008752778158325598,3.366006258158928,-0.3902461256917147,0.4527951871228668,-0.0808694268976178,2.2061058947477945,5.0,140.0,0.5785714285714286,0.03339258685385728,0.015205976571165628,59.680382646836236,-0.18125440768695633,0.4892913885103991,-0.13823939725321072,2.3018823782528286,4.0,118.0,37.0,58.0,34.0,35.0,13.0,True,False,False,False
time_any__open_3_5__speed_6_10__break_rate_le50,TIME_FREE,回封时间不限；第3~5次炸板后的回封；最后炸板后6~10分钟回封；信号时累计炸板事件率不超50%,"last_break_to_signal_minutes,market_break_event_rate,open_times_at_signal",True,ae2608d416cc3f307572d5be666999d8439aabf6,43,40,36,4,0,33,0.5757575757575758,0.01885520011844274,0.0147302934508476,1.7249244930185883,-0.13932431092702824,0.1659870463579606,-0.0919738003774319,1.4564538323295622,3,18,1.2957536492683166,15,1.3312133012263676,1,True,59.0,0.5423728813559322,0.020876129729387103,0.0121384428452055,2.8305368941264257,-0.23355008457628346,0.4527951871228668,-0.0919738003774319,1.7789701463673064,6.0,133.0,0.6616541353383458,0.04646622708341829,0.022708749607088758,242.21837264068188,-0.2297053474471087,0.4892913885103991,-0.13823939725321072,2.273315747673437,4.0,40.0,49.0,30.0,41.0,44.0,18.0,True,False,False,False
time_any__open_3_5__speed_6_10__main_board,TIME_FREE,回封时间不限；第3~5次炸板后的回封；最后炸板后6~10分钟回封；仅沪深主板,"last_break_to_signal_minutes,market_segment,open_times_at_signal",True,2334693555ffd8d8ee02783156cbb2a09d069e3e,678,293,253,40,0,117,0.49572649572649574,0.006219546357967167,-0.0005649976561215,1.7237429338939891,-0.3589379506223158,0.1378207019116981,-0.1098246868368515,1.361850205233384,6,57,0.9337842072550616,60,1.8459756767155862,1,True,118.0,0.4915254237288136,0.007384190366865669,-0.0009818315280607,1.966018526763088,-0.3459914831864729,0.1378207019116981,-0.1098246868368515,1.4439995768463947,6.0,143.0,0.4755244755244755,0.011764682068174166,-0.0013986653999999,3.7294453538485888,-0.32656385901292595,0.3687231660523884,-0.14417251000998996,1.7835053408053134,5.0,291.0,14.0,94.0,19.0,22.0,8.0,False,False,False,False
time_0930_1000__open_any__speed_ge11__ever_20_60,OPEN_COUNT_FREE,09:30~10:00回封；炸板/回封次数不限；最后炸板11分钟后回封；信号时全市场已有20~60只首板触板,"last_break_to_signal_minutes,market_ever_sealed_count,signal_hhmm",True,1f44ea36d42e2c7017dbd7ee61a0bcd79f483e56,179,126,84,42,0,64,0.515625,0.01093704764030299,0.001339346269206772,1.7216205188770553,-0.43750224610895205,0.3082331866285716,-0.1121441791374193,1.4280871165133764,7,27,1.425340453324344,37,1.2078661732091398,1,True,79.0,0.5189873417721519,0.008226029642715424,0.0026084483852364,1.6196813344388403,-0.49608551835896697,0.3082331866285716,-0.1121441791374193,1.2934239044902467,6.0,131.0,0.5801526717557252,0.027173908809320992,0.0148280817576356,20.977404876124215,-0.4002514072337241,0.4892913885103991,-0.14417251000998996,1.7551634924637616,6.0,126.0,35.0,54.0,30.0,37.0,10.0,False,False,False,False
time_1300_1454__open_2_3__speed_any__duration_31_60,SPEED_FREE,13:00~14:54回封；第2~3次炸板后的回封；回封速度不限；首封后31~60分钟形成回封,"first_to_signal_minutes,open_times_at_signal,signal_hhmm",True,0d3b4879b096d03495b5612f8366f8af2f062c38,1277,339,273,66,0,126,0.48412698412698413,0.005673610053486605,-0.0017685246889993,1.7171083006313603,-0.5307826556057488,0.2124694253476716,-0.1008951489971411,1.4270791921262596,7,60,0.5219796991697396,66,3.28960743753558,1,True,130.0,0.5076923076923077,0.0071595551550376274,3.0060018185585775e-05,2.125712851132429,-0.39746607464214834,0.2124694253476716,-0.1008951489971411,1.4090363832679438,5.0,148.0,0.49324324324324326,0.015797752236721453,-0.0014804843188524499,6.94840409117455,-0.25034046279104627,0.3687231660523884,-0.11849477438811166,1.9149009899841596,6.0,338.0,8.0,109.0,20.0,15.0,4.0,True,False,False,False
time_1300_1359__open_eq3__speed_2_5,STRUCTURAL_GRID,13:00~13:59回封；第3次炸板后的回封；最后炸板后2~5分钟回封,"last_break_to_signal_minutes,open_times_at_signal,signal_hhmm",True,f078681f545697a25f0e1e0524663a98d3818583,516,231,198,33,0,107,0.4766355140186916,0.007744502439866396,-0.0038637951833488,1.7144593563284098,-0.43113473212208975,0.3721270239550671,-0.1642639231052835,1.4630990049281847,5,51,1.1530669961863846,56,1.4868688133462808,1,True,109.0,0.46788990825688076,0.006053005274018466,-0.0051632707405714,1.4507294656193856,-0.46361084951299736,0.3721270239550671,-0.1642639231052835,1.4297575851698745,5.0,140.0,0.55,0.018530200935909784,0.0071308133723855995,7.900280302325283,-0.4647284198558287,0.4892913885103991,-0.1642639231052835,1.5305469722573954,4.0,231.0,14.0,89.0,24.0,20.0,7.0,False,False,False,False
time_any__open_eq3__speed_ge11__pre_low_ge0,TIME_FREE,回封时间不限；第3次炸板后的回封；最后炸板11分钟后回封；信号前最低价不低于昨收,"last_break_to_signal_minutes,open_times_at_signal,pre_signal_min_return",True,82221657ecf9cb2a224c5366aa87e7f0ed0bd638,447,230,198,32,0,106,0.44339622641509435,0.007826793698306739,-0.0051366213962079,1.7108089461897578,-0.3675980790345166,0.3090002845557691,-0.1409195044652741,1.6654443702301742,6,56,1.119296211458505,50,1.5284684506887398,1,True,109.0,0.46788990825688076,0.011414794771426463,-0.0037102651705263,2.6143785658353598,-0.3056149068805324,0.3090002845557691,-0.1389379853296101,1.7441465241070155,6.0,140.0,0.5428571428571428,0.03391610312057511,0.008273404850781978,58.82990294661025,-0.26224960750481807,0.5231929254879739,-0.13823939725321072,2.4821489026514647,5.0,226.0,24.0,77.0,22.0,29.0,12.0,True,False,False,False
time_any__open_eq4__speed_6_10__main_board,TIME_FREE,回封时间不限；第4次炸板后的回封；最后炸板后6~10分钟回封；仅沪深主板,"last_break_to_signal_minutes,market_segment,open_times_at_signal",True,6c8a3b7beff72aeff979016cd33ab2357f3f5d22,209,145,129,16,0,81,0.5308641975308642,0.007914719598382556,0.0019174718546979,1.7103379917902173,-0.3671864269935152,0.137223624770882,-0.1098246868368515,1.336326663958843,7,37,0.8898645078778771,44,1.922020685900803,1,True,93.0,0.5268817204301075,0.008133763028212688,0.0019174718546979,1.8643775950043884,-0.34120660415297943,0.1382973329857442,-0.1098246868368515,1.3383975900090346,8.0,135.0,0.5777777777777777,0.02758816426393396,0.008292640894970553,24.781096395169357,-0.2981125945545118,0.4892913885103991,-0.17629142067722955,2.0154623334440456,7.0,143.0,32.0,61.0,31.0,30.0,13.0,False,False,False,False
time_1300_1359__open_eq4__speed_any__growth_board,SPEED_FREE,13:00~13:59回封；第4次炸板后的回封；回封速度不限；仅创业板或科创板,"market_segment,open_times_at_signal,signal_hhmm",True,308024eeed681147069fac77799d454733b4718b,149,99,90,9,0,63,0.4444444444444444,0.011449910829507524,-0.0055922104961171,1.7082718401221852,-0.31085183276699047,0.2858048076223851,-0.1311553934155689,1.8853190161026532,6,31,0.832330140058561,32,2.052396949126454,1,True,75.0,0.44,0.008692034900689195,-0.0068281652852017,1.508454588130409,-0.28367346603304133,0.4527951871228668,-0.1311553934155689,1.7304379289168499,7.0,138.0,0.6304347826086957,0.04103514295870019,0.02045706523372341,141.699716092105,-0.17999458382766154,0.4892913885103991,-0.1311553934155689,2.085747574887567,6.0,99.0,31.0,40.0,44.0,39.0,15.0,False,False,False,False
time_before_1400__open_eq4__speed_any__duration_61_120,SPEED_FREE,14:00前回封；第4次炸板后的回封；回封速度不限；首封后61~120分钟形成回封,"first_to_signal_minutes,open_times_at_signal,signal_hhmm",True,f1c9da9aa3bc52ea50ab1819b34716d58764f32c,530,266,237,29,0,115,0.4782608695652174,0.007427501735611187,-0.0011112282557592,1.7066559091505913,-0.4151032203575119,0.3721270239550671,-0.1370149340689656,1.4296987800471233,7,59,1.2307813179847216,56,1.386644308141649,2,True,118.0,0.4830508474576271,0.008697093354485205,-0.00083811295594035,2.072706015110048,-0.4151032203575118,0.3721270239550671,-0.1370149340689656,1.4810466533874942,7.0,142.0,0.5422535211267606,0.019411893643696998,0.006335505901237251,9.999337777362017,-0.42134398202917456,0.3721270239550671,-0.14417251000998996,1.6743525173226206,7.0,266.0,10.0,92.0,20.0,23.0,7.0,True,False,False,False
time_1300_1454__open_eq3__speed_any__main_board,SPEED_FREE,13:00~14:54回封；第3次炸板后的回封；回封速度不限；仅沪深主板,"market_segment,open_times_at_signal,signal_hhmm",True,1cd80bf3f94297ce67076de3370a5c946f43cb53,2489,452,376,76,0,144,0.4861111111111111,0.005258118818946634,-0.0045336222340657505,1.7059026298435613,-0.47420291559625305,0.1378207019116981,-0.1176585362117647,1.3475853540746336,7,70,0.8900271352139247,74,1.9166860900634604,1,True,144.0,0.4861111111111111,0.005258118818946634,-0.0045336222340657505,1.7059026298435613,-0.47420291559625305,0.1378207019116981,-0.1176585362117647,1.3475853540746336,7.0,153.0,0.48366013071895425,0.006836100440991155,-0.0033283421448687,2.0590293560621444,-0.48524717794023264,0.3687231660523884,-0.14417251000998996,1.4236838205899098,7.0,452.0,0.0,128.0,13.0,9.0,3.0,False,False,False,False
time_any__open_eq4__speed_le5__amount_ge1_5,TIME_FREE,回封时间不限；第4次炸板后的回封；最后炸板后5分钟内回封；信号前成交额至少前日1.5倍,"last_break_to_signal_minutes,open_times_at_signal,signal_cumulative_amount_vs_prev_day",True,52ce30fc43ecbc1dd4bdd662f0a8636cbc7f661e,1390,394,332,62,0,138,0.463768115942029,0.005993584438211199,-0.00217718929857815,1.7037288136559943,-0.49297494026606015,0.3339820061776503,-0.189337554306236,1.5074560337229777,6,69,1.182349371340747,69,1.4409690189322129,1,True,139.0,0.4460431654676259,0.003648827780549235,-0.0045458275079617,1.2394009917173663,-0.49297494026606015,0.3339820061776503,-0.189337554306236,1.4595072778894354,6.0,146.0,0.4931506849315068,0.011521052450123276,-0.0013986654,3.5105597286224786,-0.5511084569960383,0.3687231660523884,-0.189337554306236,1.6266593368695992,8.0,392.0,7.0,116.0,9.0,15.0,6.0,False,False,False,False
time_1400_1429__open_eq4__speed_any__seal_rate_ge60,SPEED_FREE,14:00~14:29回封；第4次炸板后的回封；回封速度不限；信号时全市场首板封住率至少60%,"market_seal_rate,open_times_at_signal,signal_hhmm",True,8ea052f4cb7195a2d7f748b572abb0d3d5d1aa96,598,253,217,36,0,112,0.5,0.007073076047425638,-0.00087980017069765,1.7023517689499954,-0.4829701689565964,0.2804551011527076,-0.1098246868368515,1.308737217995066,5,54,0.8130449758888468,58,2.093797784174154,1,True,116.0,0.49137931034482757,0.006353147803501202,-0.00278556183562325,1.637828187580433,-0.479597200169959,0.2804551011527076,-0.1098246868368515,1.3353014813923765,5.0,142.0,0.49295774647887325,0.014014117434878785,-0.0022173880405680782,4.971638765489451,-0.45525164526875306,0.3687231660523884,-0.1521254777099999,1.7404539718222656,6.0,249.0,18.0,91.0,20.0,24.0,7.0,False,False,False,False
time_any__open_3_5__speed_6_10__duration_61_120,TIME_FREE,回封时间不限；第3~5次炸板后的回封；最后炸板后6~10分钟回封；首封后61~120分钟形成回封,"first_to_signal_minutes,last_break_to_signal_minutes,open_times_at_signal",True,eefd316a35b497716dd84f15721872b748512c68,263,169,156,13,0,93,0.3978494623655914,0.007709468963777313,-0.0096743792487213,1.698988900542651,-0.3228374031814296,0.3721270239550671,-0.0808694268976178,2.1507741445632944,8,45,0.8660477704484313,48,1.9617727318470322,1,True,102.0,0.43137254901960786,0.013583663316089458,-0.006552110453935649,3.139113539046423,-0.28210720778066056,0.4527951871228668,-0.0808694268976178,2.358067799430837,7.0,142.0,0.5422535211267606,0.03200327500820743,0.0057875115297531966,53.71258529595262,-0.16420041908674243,0.4892913885103991,-0.11849477438811166,2.826014168129738,5.0,166.0,31.0,71.0,31.0,32.0,8.0,True,False,False,False
time_1300_1359__open_eq3__speed_le1,STRUCTURAL_GRID,13:00~13:59回封；第3次炸板后的回封；最后炸板后1分钟内回封,"last_break_to_signal_minutes,open_times_at_signal,signal_hhmm",True,15836eeb642f6b4b39181c4ac884eaf4952b3cb9,543,229,192,37,0,101,0.4752475247524752,0.006859468806018708,-0.0015623032377049,1.6975099169180488,-0.29883859325760875,0.1389246203090253,-0.1111996544999999,1.505483200565774,5,49,1.3981668167036123,52,1.2140968421208729,1,True,107.0,0.4766355140186916,0.006697659925318091,-0.0015623032377049,1.7334248537419592,-0.31679696327147566,0.1389246203090253,-0.1120145041408163,1.4936054653215733,6.0,137.0,0.5401459854014599,0.0199963327820095,0.005453001507974747,9.59109957281441,-0.5096698945608231,0.4892913885103991,-0.17629142067722955,1.7517302023123926,10.0,229.0,11.0,75.0,25.0,27.0,10.0,False,False,False,False
time_any__open_any__speed_2_5__growth_board,TIME_FREE+OPEN_COUNT_FREE,回封时间不限；炸板/回封次数不限；最后炸板后2~5分钟回封；仅创业板或科创板,"last_break_to_signal_minutes,market_segment",True,91df53abacd5bfc6f146e389c87571c4b7530862,1815,350,275,75,0,129,0.4496124031007752,0.006703565087730662,-0.012564867681356,1.6966240207343577,-0.6076726007978923,0.2886461432667387,-0.1229136417690231,1.5556675252514782,15,64,0.892484530078781,65,1.901012245651578,1,True,130.0,0.46923076923076923,0.010019948140516027,-0.00659797552874765,2.6233052818914175,-0.5199960317268094,0.2886461432667387,-0.121943391202544,1.6271614891818849,8.0,149.0,0.5167785234899329,0.01543271964509097,0.002530025612004416,6.2142255370865165,-0.3757433063178578,0.2886461432667387,-0.14417251000998996,1.566816808226371,6.0,348.0,6.0,113.0,10.0,16.0,10.0,True,False,False,False
time_any__open_eq1__speed_6_10__recent5_ge10pct,TIME_FREE,回封时间不限；第1次炸板后的回封；最后炸板后6~10分钟回封；回封前5分钟成交额至少前日10%,"last_break_to_signal_minutes,open_times_at_signal,signal_recent_5m_amount_vs_prev_day",True,979ed021708bd7584d0440920694e3962d1258ea,1012,402,262,140,0,124,0.5,0.0058047690980765915,0.00023817946193925002,1.692823041246794,-0.49721420985916054,0.2212734062452303,-0.1027534245692308,1.305886815991252,8,58,1.1045566425635265,66,1.5325814684505268,1,True,125.0,0.496,0.00641158252998307,-0.0005649976561215,1.8265398185941475,-0.4958086339809127,0.2212734062452303,-0.1027534245692308,1.3586204374241195,8.0,144.0,0.5069444444444444,0.01941948588000885,0.0007437021803198973,11.00088307070361,-0.34312875172945123,0.3687231660523884,-0.17629142067722955,2.0799235662491586,5.0,401.0,4.0,93.0,20.0,16.0,15.0,False,False,False,False
time_1300_1359__open_1_2__speed_6_10,STRUCTURAL_GRID,13:00~13:59回封；第1~2次炸板后的回封；最后炸板后6~10分钟回封,"last_break_to_signal_minutes,open_times_at_signal,signal_hhmm",True,acdab2b59f468b949e73d0b82ac5cbb20eaf6071,589,277,218,59,0,109,0.5045871559633027,0.006614539086540887,0.0014971848619781,1.6810636837819708,-0.22573882928012667,0.1652893008992227,-0.1370202417594448,1.2984153466987445,5,52,1.2938717154390134,57,1.299250662737907,1,True,111.0,0.4774774774774775,0.005368658785182907,-0.0061269376578947,1.4797260014428923,-0.26344190001330414,0.1652893008992227,-0.1370202417594448,1.3730896537801986,5.0,140.0,0.5785714285714286,0.026309048745208244,0.01009931623469155,25.91551659923435,-0.19270611679770888,0.4892913885103991,-0.1370202417594448,2.0552283740812944,3.0,277.0,13.0,91.0,18.0,23.0,8.0,False,False,False,False
time_1300_1454__open_eq3__speed_any__pre_low_ge0,SPEED_FREE,13:00~14:54回封；第3次炸板后的回封；回封速度不限；信号前最低价不低于昨收,"open_times_at_signal,pre_signal_min_return,signal_hhmm",True,ee7915325c88140f6b515e9c35f4140397a20c84,1672,372,315,57,0,137,0.5036496350364964,0.005701573141340328,9.039588461585685e-06,1.674219350766214,-0.5075781483515631,0.2858048076223851,-0.1197378340567651,1.2797324491006823,5,63,1.0474224071528475,74,1.598418497955522,1,True,137.0,0.5036496350364964,0.005701573141340328,9.039588461585685e-06,1.674219350766214,-0.5075781483515631,0.2858048076223851,-0.1197378340567651,1.2797324491006823,5.0,150.0,0.4666666666666667,0.005028149784876745,-0.00450898728322909,1.4563335256297938,-0.4876934897507631,0.3687231660523884,-0.14417251000998996,1.397292274710581,8.0,371.0,4.0,115.0,14.0,13.0,8.0,False,False,False,False
time_1001_1359__open_1_2__speed_any__ever_40_100,SPEED_FREE,10:01~13:59回封；第1~2次炸板后的回封；回封速度不限；信号时全市场已有40~100只首板触板,"market_ever_sealed_count,open_times_at_signal,signal_hhmm",True,58b61171a06302687d52cef14b0ca168a2d25b1c,6930,415,310,105,0,134,0.48507462686567165,0.0055287170723460795,-0.00266527522192625,1.673899530184309,-0.3823453910055322,0.146691528204878,-0.1027534245692307,1.347189020859946,5,65,0.7926440029942364,69,2.111792335349923,2,True,134.0,0.48507462686567165,0.0055287170723460795,-0.00266527522192625,1.673899530184309,-0.3823453910055322,0.146691528204878,-0.1027534245692307,1.347189020859946,5.0,150.0,0.5066666666666667,0.015941020742530773,0.0015266985503505903,7.230967339837448,-0.2668893889643451,0.4892913885103991,-0.10289842300991688,1.8033570629996205,5.0,415.0,0.0,118.0,16.0,10.0,6.0,False,False,False,False
time_any__open_eq1__speed_ge11__seal_rate_40_60,TIME_FREE,回封时间不限；第1次炸板后的回封；最后炸板11分钟后回封；信号时全市场首板封住率40%~60%,"last_break_to_signal_minutes,market_seal_rate,open_times_at_signal",True,1f2209c8137de9929ff452da66e02597298a017c,275,87,68,19,0,53,0.5094339622641509,0.013065163162221161,0.0006644012010437,1.66915088367555,-0.29319535538640196,0.4530211584033707,-0.1186095371999999,1.5284284149586622,6,27,1.4720822500223842,26,1.1338706676547248,1,True,78.0,0.5,0.01952302044676957,-0.00117515246080275,3.405582960531027,-0.2544189347315188,0.4530211584033707,-0.0951312170707317,1.9799611655025122,7.0,138.0,0.6739130434782609,0.04698275025292587,0.020508964637884326,309.61804252278586,-0.22970534744710858,0.4892913885103991,-0.13823939725321072,2.236822899681442,4.0,87.0,49.0,49.0,33.0,37.0,19.0,True,False,False,False
time_any__open_eq2__speed_le1__seal_rate_ge60,TIME_FREE,回封时间不限；第2次炸板后的回封；最后炸板后1分钟内回封；信号时全市场首板封住率至少60%,"last_break_to_signal_minutes,market_seal_rate,open_times_at_signal",True,12b1c0130490eeba5a09a63acf7c65e1f1d64b33,2117,445,354,91,0,143,0.5034965034965035,0.005453002589404139,0.0016095808767122,1.6659921248541958,-0.5784887313012537,0.1865259303471385,-0.1792189802694261,1.2438968609368364,4,72,0.5064065563353857,71,3.289831270965681,1,True,143.0,0.5034965034965035,0.005453002589404139,0.0016095808767122,1.6659921248541958,-0.5784887313012537,0.1865259303471385,-0.1792189802694261,1.2438968609368364,4.0,154.0,0.525974025974026,0.0071597213022486506,0.00279193877295535,2.2519305658248627,-0.49579729203076905,0.21575685510355055,-0.1792189802694261,1.2317093999424604,5.0,445.0,0.0,116.0,13.0,19.0,6.0,False,False,False,False
time_1001_1359__open_any__speed_le5__ever_40_100,OPEN_COUNT_FREE,10:01~13:59回封；炸板/回封次数不限；最后炸板后5分钟内回封；信号时全市场已有40~100只首板触板,"last_break_to_signal_minutes,market_ever_sealed_count,signal_hhmm",True,c8bb87ade412e784b6e585f8cccd4d87ed66f370,7083,411,332,79,0,136,0.49264705882352944,0.005780812587484794,-0.00289046472632615,1.6644123220580864,-0.41537008019893806,0.2798824747699878,-0.1777544284995882,1.3091653423826495,4,66,1.1314525116625325,70,1.4710403705873918,2,True,136.0,0.49264705882352944,0.005780812587484794,-0.00289046472632615,1.6644123220580864,-0.41537008019893806,0.2798824747699878,-0.1777544284995882,1.3091653423826495,4.0,147.0,0.5102040816326531,0.01338133585948912,0.0032517294324706,4.758150652414652,-0.4190003918376195,0.4892913885103991,-0.1777544284995882,1.609006698257658,7.0,411.0,0.0,119.0,17.0,11.0,0.0,False,False,False,False
time_any__open_eq3__speed_6_10__seal_rate_ge70,TIME_FREE,回封时间不限；第3次炸板后的回封；最后炸板后6~10分钟回封；信号时全市场首板封住率至少70%,"last_break_to_signal_minutes,market_seal_rate,open_times_at_signal",True,38ef2c9bf5681d2eb6ccbd40bff91148a75f682a,252,172,146,26,0,88,0.4772727272727273,0.007745134103931229,-0.0044453216295617,1.6627594123396767,-0.35727573571280746,0.1659870463579606,-0.1083842445230769,1.5138498609017306,6,44,1.3287962225003593,44,1.2513276183242816,1,True,95.0,0.4842105263157895,0.008563814750733848,-0.0049678171901579,1.891269419211285,-0.41586345524858903,0.1659870463579606,-0.1083842445230769,1.5399683498957746,6.0,139.0,0.5683453237410072,0.025514645301735382,0.00498878917582428,22.92966129465082,-0.23051943689033827,0.25794581579670345,-0.11849477438811166,1.9556525833562544,4.0,170.0,25.0,61.0,34.0,34.0,10.0,False,False,False,False
time_1400_1429__open_eq4__speed_le1,STRUCTURAL_GRID,14:00~14:29回封；第4次炸板后的回封；最后炸板后1分钟内回封,"last_break_to_signal_minutes,open_times_at_signal,signal_hhmm",True,f768aac2ce5edaf5c9ddea5981f6964fb85e9abc,313,160,137,23,0,83,0.5180722891566265,0.008379641606490596,0.0037128858549325,1.6607407450744445,-0.32214729526822883,0.2888703665893359,-0.1389379853296101,1.319111005294523,5,38,0.990870130772027,45,1.6760427966281448,1,True,89.0,0.5056179775280899,0.005582740907193747,0.0023984869608068,1.3447702537265036,-0.451041813123917,0.2888703665893359,-0.1389379853296101,1.2298197904458703,5.0,135.0,0.5925925925925926,0.022339497169673175,0.008292640894970553,13.131931693190385,-0.27966073208778497,0.3687231660523884,-0.1521254777099999,1.5349687998439243,7.0,159.0,26.0,64.0,29.0,31.0,11.0,False,False,False,False
time_any__open_eq1__speed_6_10__amount_ge1_5,TIME_FREE,回封时间不限；第1次炸板后的回封；最后炸板后6~10分钟回封；信号前成交额至少前日1.5倍,"last_break_to_signal_minutes,open_times_at_signal,signal_cumulative_amount_vs_prev_day",True,6d79470181a2643a32a094167d1bb307a16878f5,820,349,232,117,0,114,0.45614035087719296,0.00622466844065381,-0.00731433327457325,1.6568211327443205,-0.37510793728143843,0.3090002845557691,-0.1027534245692308,1.5883020924683142,7,55,1.7250524188807268,59,0.960446833157293,1,True,117.0,0.46153846153846156,0.006520837683184407,-0.0065686671289239,1.7312517903786913,-0.37510793728143843,0.3090002845557691,-0.1027534245692308,1.5686132686526368,7.0,144.0,0.5069444444444444,0.016818558898853028,0.0006244049746404376,7.690277785077857,-0.25498281917989307,0.3687231660523884,-0.14417251000998996,1.8814915769779073,7.0,348.0,10.0,86.0,23.0,23.0,12.0,False,False,False,False
time_1300_1359__open_any__speed_6_10__duration_31_60,OPEN_COUNT_FREE,13:00~13:59回封；炸板/回封次数不限；最后炸板后6~10分钟回封；首封后31~60分钟形成回封,"first_to_signal_minutes,last_break_to_signal_minutes,signal_hhmm",True,0c2aec1dc59322e6cb7ea2611849989e71229497,145,104,85,19,0,59,0.5254237288135594,0.010597495503874746,0.0037136413868598,1.6532829571920182,-0.2536544913213671,0.2888703665893359,-0.0919398065023508,1.4464547349858317,4,30,0.9824473207467406,29,1.6828209739891058,1,True,71.0,0.5352112676056338,0.010154764415970869,0.0043676885133477,1.8002142234357719,-0.27899583712569287,0.2888703665893359,-0.0919398065023508,1.3794831142808137,4.0,138.0,0.6086956521739131,0.035847331796114726,0.01524630611538515,77.10860038771219,-0.23852779313588313,0.4892913885103991,-0.13823939725321072,2.185780000963949,7.0,104.0,34.0,39.0,43.0,40.0,16.0,False,False,False,False
time_any__open_1_2__speed_2_5__duration_ge121,TIME_FREE,回封时间不限；第1~2次炸板后的回封；最后炸板后2~5分钟回封；首封121分钟后形成回封,"first_to_signal_minutes,last_break_to_signal_minutes,open_times_at_signal",True,8fb2e7679c39dab793a0c78a82bf92aa7bdd5b58,384,209,168,41,0,94,0.5212765957446809,0.007154310064305639,0.00378626264386005,1.652361348584502,-0.4905219491534586,0.2886461432667387,-0.1529823317681416,1.2841689244561691,6,50,1.0174058234306766,44,1.6240926781928227,1,True,99.0,0.494949494949495,0.006480961537109283,-6.505014777330788e-05,1.5677549363384566,-0.5208411514773261,0.2886461432667387,-0.1529823317681416,1.3555397003671463,6.0,140.0,0.5928571428571429,0.024981656757491144,0.012660707068276031,19.647296280271433,-0.4140432403731066,0.4892913885103991,-0.17629142067722955,1.6780379145855662,5.0,204.0,25.0,69.0,31.0,30.0,10.0,False,False,False,False
time_1400_1429__open_3_5__speed_any__duration_ge121,SPEED_FREE,14:00~14:29回封；第3~5次炸板后的回封；回封速度不限；首封121分钟后形成回封,"first_to_signal_minutes,open_times_at_signal,signal_hhmm",True,3bf90372d33bfaeb7d4229e60bea56c6f307161b,738,258,227,31,0,117,0.49572649572649574,0.00657342123304595,-0.0041210039727272,1.649725401907746,-0.4576883591447021,0.3090002845557691,-0.1521254777099999,1.315458122085686,9,60,2.0337968003422637,57,0.8111554712005234,1,True,120.0,0.49166666666666664,0.0070621187926291655,-0.00446129629431805,1.7845367642750982,-0.4576883591447022,0.3090002845557691,-0.1521254777099999,1.3665561133805915,9.0,143.0,0.5594405594405595,0.017726062502523246,0.008292640894970553,8.886316266086183,-0.2829996428761039,0.3090002845557691,-0.1521254777099999,1.5713881790481183,5.0,256.0,20.0,88.0,20.0,26.0,9.0,False,False,False,False
time_1400_1429__open_eq3__speed_any,STRUCTURAL_GRID,14:00~14:29回封；第3次炸板后的回封；回封速度不限,"open_times_at_signal,signal_hhmm",True,f3b0c7dc86efa9eb0f9fa58b4ddd86411934340e,898,327,276,51,0,123,0.4959349593495935,0.005803560822005164,-0.0005626172596446,1.6434023144072607,-0.4843681313506546,0.1389025984499999,-0.1569867550068164,1.3127290065463983,5,62,0.9287742976744605,61,1.76943130157902,1,True,125.0,0.496,0.004447569659738703,-0.0005626172596446,1.413583194320172,-0.562876517221784,0.1389025984499999,-0.1569867550068164,1.2408292871848117,5.0,145.0,0.496551724137931,0.007843110710951626,-0.0010555373090625,2.267723801933755,-0.45463595312450666,0.3687231660523884,-0.13823939725321072,1.3981026352659391,8.0,324.0,13.0,99.0,19.0,21.0,6.0,False,False,False,False
time_1400_1429__open_eq3__speed_any__break_low_le2,SPEED_FREE,14:00~14:29回封；第3次炸板后的回封；回封速度不限；最后炸板分钟最低回落不超2%,"last_break_low_depth_pct,open_times_at_signal,signal_hhmm",True,cc336a1d972ce31a5216eb5477802576030ff3d4,893,326,276,50,0,123,0.4959349593495935,0.005803560822005164,-0.0005626172596446,1.6434023144072607,-0.4843681313506546,0.1389025984499999,-0.1569867550068164,1.3127290065463983,5,62,0.9287742976744605,61,1.76943130157902,1,True,125.0,0.496,0.004447569659738703,-0.0005626172596446,1.413583194320172,-0.562876517221784,0.1389025984499999,-0.1569867550068164,1.2408292871848117,5.0,145.0,0.496551724137931,0.007843110710951626,-0.0010555373090625,2.267723801933755,-0.45463595312450666,0.3687231660523884,-0.13823939725321072,1.3981026352659391,8.0,323.0,13.0,99.0,19.0,21.0,6.0,False,False,False,False
time_1400_1429__open_eq3__speed_any__amount_ge0_5,SPEED_FREE,14:00~14:29回封；第3次炸板后的回封；回封速度不限；信号前成交额至少前日50%,"open_times_at_signal,signal_cumulative_amount_vs_prev_day,signal_hhmm",True,643a2e5ec38d811ff5da468f85cf47d7fc97667e,897,326,276,50,0,123,0.4959349593495935,0.005803560822005164,-0.0005626172596446,1.6434023144072607,-0.4843681313506546,0.1389025984499999,-0.1569867550068164,1.3127290065463983,5,62,0.9287742976744605,61,1.76943130157902,1,True,125.0,0.504,0.005375673064567409,0.0010271704056976,1.5926393688257872,-0.5075068305083815,0.1389025984499999,-0.1569867550068164,1.2534148961757758,5.0,145.0,0.496551724137931,0.007843110710951626,-0.0010555373090625,2.267723801933755,-0.45463595312450666,0.3687231660523884,-0.13823939725321072,1.3981026352659391,8.0,323.0,14.0,99.0,19.0,21.0,6.0,False,False,False,False
time_any__open_3_5__speed_6_10__duration_16_30,TIME_FREE,回封时间不限；第3~5次炸板后的回封；最后炸板后6~10分钟回封；首封后16~30分钟形成回封,"first_to_signal_minutes,last_break_to_signal_minutes,open_times_at_signal",True,e3307795b7589317065ac81da1fb5141da04c07e,131,76,62,14,0,49,0.5102040816326531,0.011949136866575297,0.0037053138311083,1.6422323583276468,-0.1942491249408771,0.1375331983591836,-0.1595638622725343,1.6090795699175695,3,23,1.1781076261106234,26,1.3939578370689898,1,True,64.0,0.53125,0.010424499025043568,0.0060522175692308,1.7279774125820342,-0.21798632532422557,0.1382973329857442,-0.1595638622725343,1.3540187663485588,3.0,129.0,0.6201550387596899,0.03585843092312639,0.01838722394693575,59.76406078034284,-0.18549717536200871,0.4892913885103991,-0.1595638622725343,2.1103850827691324,4.0,75.0,37.0,40.0,34.0,40.0,15.0,False,False,False,False
time_any__open_3_5__speed_ge11__growth_board,TIME_FREE,回封时间不限；第3~5次炸板后的回封；最后炸板11分钟后回封；仅创业板或科创板,"last_break_to_signal_minutes,market_segment,open_times_at_signal",True,334df0731d8675dfed9521595e3d421ea91fcc58,241,124,104,20,0,71,0.43661971830985913,0.010961223803885669,-0.0162430956252721,1.6413339961824152,-0.4028409964519334,0.2884420958080925,-0.2040006245101206,1.7837699442816861,7,37,1.7395847600338303,34,0.9435205653046161,1,True,83.0,0.4578313253012048,0.010957164015329602,-0.0095646428502288,1.9040505834712758,-0.4299869531292084,0.2242696657889503,-0.2040006245101206,1.7005074922310959,7.0,138.0,0.572463768115942,0.03318903228203033,0.010617788082756676,53.626626493623256,-0.2664183002518642,0.4892913885103991,-0.2040006245101206,2.2074823984422176,6.0,121.0,34.0,59.0,31.0,35.0,13.0,False,False,False,False
time_any__open_eq3__speed_6_10,STRUCTURAL_GRID,回封时间不限；第3次炸板后的回封；最后炸板后6~10分钟回封,"last_break_to_signal_minutes,open_times_at_signal",True,1672b80b57f58449032c47db20d7307ec6b96b32,428,235,200,35,0,105,0.5047619047619047,0.006799995520825039,0.0013883431095344,1.6380426740896763,-0.31346810839068096,0.140190473515297,-0.2040006245101206,1.2951297110305477,5,51,1.338642611265291,54,1.223659444503557,1,True,109.0,0.5045871559633027,0.009831803969959115,0.0013883431095344,2.3418033109597016,-0.31346810839068107,0.140190473515297,-0.2040006245101206,1.4819167532775204,5.0,144.0,0.5277777777777778,0.02033179198341888,0.003089654166562374,12.641736909645491,-0.27924661920345806,0.25794581579670345,-0.11849477438811166,1.9382637886971665,6.0,233.0,20.0,80.0,26.0,28.0,10.0,True,False,False,False
time_1400_1429__open_eq3__speed_any__seal_rate_ge70,SPEED_FREE,14:00~14:29回封；第3次炸板后的回封；回封速度不限；信号时全市场首板封住率至少70%,"market_seal_rate,open_times_at_signal,signal_hhmm",True,e3b786aa4fffb0a5a74a0a8d1394db229534bfc6,558,206,175,31,0,97,0.5154639175257731,0.006627362060449978,0.0013883431095344,1.6349528354112934,-0.49833478675512777,0.1389025984499999,-0.1569867550068164,1.287684594626544,9,48,0.863111990336214,49,1.8942534152195232,1,True,105.0,0.4857142857142857,0.006872476086440259,-0.0034703821754717,1.6252591299461803,-0.6335832722783921,0.4527951871228668,-0.1569867550068164,1.4342978294429258,10.0,142.0,0.5563380281690141,0.02342355090865541,0.00463946322572492,17.883962818261537,-0.24870445553878096,0.4527951871228668,-0.13823939725321072,1.9725980792476825,6.0,203.0,24.0,75.0,31.0,26.0,10.0,False,False,False,False
time_1001_1359__open_any__speed_le1__main_board,OPEN_COUNT_FREE,10:01~13:59回封；炸板/回封次数不限；最后炸板后1分钟内回封；仅沪深主板,"last_break_to_signal_minutes,market_segment,signal_hhmm",True,7e1d869b5e8db6936d998a6d5ed1f405112a3aad,5560,475,391,84,0,149,0.4899328859060403,0.004850979939191145,-0.0018536418741713,1.6320052394085647,-0.47721353437171365,0.138151360155665,-0.189337554306236,1.3061649908932735,12,77,0.8094990576339118,72,2.0160681152350675,1,True,149.0,0.4899328859060403,0.004850979939191145,-0.0018536418741713,1.6320052394085647,-0.47721353437171365,0.138151360155665,-0.189337554306236,1.3061649908932735,12.0,158.0,0.5506329113924051,0.016321176147780544,0.005702049027922574,9.666869478403662,-0.3182600921526221,0.19761560200549466,-0.100116724278668,1.6003587096945646,9.0,475.0,0.0,134.0,11.0,10.0,3.0,False,False,False,False
time_any__open_eq3__speed_6_10__break_low_le1,TIME_FREE,回封时间不限；第3次炸板后的回封；最后炸板后6~10分钟回封；最后炸板分钟最低回落不超1%,"last_break_low_depth_pct,last_break_to_signal_minutes,open_times_at_signal",True,0a497dd223f7664724b2214f1203c5d838c0bd2c,391,223,195,28,0,103,0.5242718446601942,0.006770559398584132,0.0022261265372764,1.6314684473297962,-0.34558446817197386,0.1378207019116981,-0.2040006245101206,1.201624824524241,5,51,1.385516396053243,52,1.1775165216212293,1,True,106.0,0.5188679245283019,0.008826996318562758,0.00215797940775235,2.085588838326478,-0.34558446817197386,0.1382973329857442,-0.2040006245101206,1.3548174276410134,5.0,146.0,0.5547945205479452,0.020457852369786332,0.005808316462720236,13.514425033370578,-0.346365419703507,0.25794581579670345,-0.11849477438811166,1.7497797844914997,6.0,221.0,22.0,75.0,25.0,36.0,10.0,True,False,False,False
time_before_1400__open_eq3__speed_ge11,STRUCTURAL_GRID,14:00前回封；第3次炸板后的回封；最后炸板11分钟后回封,"last_break_to_signal_minutes,open_times_at_signal,signal_hhmm",True,3d6ba71a731f27770206db9391dde1690a8dc0bd,409,226,194,32,0,105,0.4666666666666667,0.006718644214540241,-0.0057045865411764,1.6291598240315184,-0.4601010424546528,0.2124694253476716,-0.1235870262557176,1.5155712665308565,8,54,1.0680860900279932,51,1.5253075938745924,1,True,110.0,0.4909090909090909,0.010766998817650936,-0.00284250565541,2.4423851112610278,-0.3402773867160087,0.3090002845557691,-0.1235870262557176,1.5552770783975214,8.0,142.0,0.5211267605633803,0.024356306297517623,0.00319081945755865,17.558953103516107,-0.3010863797844805,0.4892913885103991,-0.13823939725321072,2.013913692174898,7.0,226.0,16.0,81.0,25.0,26.0,10.0,True,False,False,False
time_any__open_eq1__speed_6_10__seal_rate_40_60,TIME_FREE,回封时间不限；第1次炸板后的回封；最后炸板后6~10分钟回封；信号时全市场首板封住率40%~60%,"last_break_to_signal_minutes,market_seal_rate,open_times_at_signal",True,aecf37f7ce7a34241d8100e6a03837948d34e48f,93,54,40,14,0,33,0.5151515151515151,0.016123408952900813,0.0037128858549325,1.6268985326933825,-0.15327891077821487,0.1369352953454756,-0.0578222505932534,2.3470114945856513,4,16,1.417079421530973,17,1.1480644683526111,1,True,60.0,0.5333333333333333,0.019969750394780387,0.006010328626517467,2.8113876110586133,-0.20494416752274303,0.4527951871228668,-0.07234699681846155,2.106266227540418,4.0,133.0,0.6691729323308271,0.044968265474967385,0.021243541591960853,219.2784118624087,-0.22970534744710847,0.4527951871228668,-0.13823939725321072,2.4733784352524304,4.0,54.0,50.0,37.0,35.0,45.0,16.0,True,False,False,False
time_any__open_eq2__speed_6_10__ever_40_150,TIME_FREE,回封时间不限；第2次炸板后的回封；最后炸板后6~10分钟回封；信号时全市场已有40~150只首板触板,"last_break_to_signal_minutes,market_ever_sealed_count,open_times_at_signal",True,d1198be272e2ad4a8d7a63c84143b58136d891ba,528,259,196,63,0,103,0.44660194174757284,0.0070793615228215,-0.0050855821378803,1.6250314020871983,-0.33875769011402346,0.3721270239550671,-0.1370202417594448,1.6663134843004175,6,46,1.4514574188431022,57,1.1195859974882663,1,True,106.0,0.44339622641509435,0.004912426361778465,-0.0067668109389924,1.322520844918826,-0.33875769011402357,0.3721270239550671,-0.1370202417594448,1.5448609054482758,6.0,137.0,0.5474452554744526,0.024999613645035584,0.0066278437496161925,17.534471606941224,-0.3615638322710383,0.4892913885103991,-0.14417251000998996,1.9160443299736702,5.0,255.0,9.0,75.0,22.0,30.0,10.0,False,False,False,False
time_any__open_eq3__speed_6_10__amount_ge0_5,TIME_FREE,回封时间不限；第3次炸板后的回封；最后炸板后6~10分钟回封；信号前成交额至少前日50%,"last_break_to_signal_minutes,open_times_at_signal,signal_cumulative_amount_vs_prev_day",True,28ebd22e17df0921289398976cd31d9e63a4e85d,426,235,200,35,0,105,0.5047619047619047,0.006702598688343074,0.0013883431095344,1.6204683191337375,-0.31346810839068107,0.140190473515297,-0.2040006245101206,1.289220055551468,5,51,1.3242804821329728,54,1.223659444503557,1,True,109.0,0.5045871559633027,0.00973798133316456,0.0013883431095344,2.3166783961605946,-0.3134681083906812,0.140190473515297,-0.2040006245101206,1.4747484410615714,5.0,144.0,0.5277777777777778,0.020260773459734115,0.003089654166562374,12.50610529563202,-0.27924661920345817,0.25794581579670345,-0.11849477438811166,1.9303996428617725,6.0,233.0,20.0,80.0,26.0,28.0,10.0,True,False,False,False
time_any__open_eq4__speed_le5__growth_board,TIME_FREE,回封时间不限；第4次炸板后的回封；最后炸板后5分钟内回封；仅创业板或科创板,"last_break_to_signal_minutes,market_segment,open_times_at_signal",True,e337d274aa161ae5e24046ebb15c54d3db4a50dc,339,180,150,30,0,91,0.4725274725274725,0.008272180205565145,-0.0068281652852017,1.6200940110618802,-0.62427576386069,0.2886461432667387,-0.1370202417594448,1.5018342607388384,5,47,0.8270888532960622,44,1.9587907691000612,1,True,98.0,0.47959183673469385,0.0070899591959567645,-0.0057270500878030504,1.5310409148694526,-0.560001238095833,0.2886461432667387,-0.1370202417594448,1.4046611655604142,5.0,143.0,0.6153846153846154,0.031537812396063916,0.0176010279357336,53.96064211434979,-0.27054249794912066,0.4892913885103991,-0.10289842300991688,1.9701221931651414,6.0,178.0,24.0,57.0,37.0,37.0,12.0,False,False,False,False
time_1001_1130__open_any__speed_any__seal_rate_40_60,OPEN_COUNT_FREE+SPEED_FREE,10:01~11:30回封；炸板/回封次数不限；回封速度不限；信号时全市场首板封住率40%~60%,"market_seal_rate,signal_hhmm",True,e0db1d2ce4afebd4c8b7fd5fc47701e54e8ec721,572,76,64,12,0,45,0.4666666666666667,0.012945705001661192,-0.0032649711637393,1.6195037621001387,-0.30308477775939735,0.1813358274087592,-0.1186095371999999,1.8861372529983378,6,22,1.0999019452786112,23,1.4724073987249016,1,True,71.0,0.5070422535211268,0.012036682157034264,0.003313823402575,2.0733675574602626,-0.1917328563425268,0.1813358274087592,-0.0957918347592319,1.6436468312051875,4.0,134.0,0.6492537313432836,0.04099656600079067,0.019827596989423477,131.21364556702477,-0.2297053474471087,0.4892913885103991,-0.17629142067722955,2.1642905144658884,4.0,76.0,49.0,42.0,34.0,42.0,16.0,True,False,False,False
time_1001_1130__open_eq2__speed_any__duration_16_30,SPEED_FREE,10:01~11:30回封；第2次炸板后的回封；回封速度不限；首封后16~30分钟形成回封,"first_to_signal_minutes,open_times_at_signal,signal_hhmm",True,8e6965dc2bfd4fa8478d3f15ff38625201e2bfed,548,278,221,57,0,112,0.5178571428571429,0.0068961922222204935,0.0020445230214398502,1.6180496755361184,-0.38100152803256193,0.3090002845557691,-0.189337554306236,1.2047872516919682,6,57,0.9381244207612208,55,1.7247708723147694,1,True,113.0,0.49557522123893805,0.0028345097596568845,-0.0013986654,1.051301177359384,-0.42596120983760166,0.3090002845557691,-0.189337554306236,1.1375537005703218,6.0,146.0,0.5616438356164384,0.02539754612408507,0.004766441950549516,21.190229298367786,-0.2748461449717553,0.5231929254879739,-0.14417251000998996,1.799545719914381,4.0,278.0,7.0,84.0,24.0,30.0,8.0,False,False,False,False
time_1400_1429__open_ge5__speed_any__duration_61_120,SPEED_FREE,14:00~14:29回封；第5次及以后炸板后的回封；回封速度不限；首封后61~120分钟形成回封,"first_to_signal_minutes,open_times_at_signal,signal_hhmm",True,1b46e836dd8cc1c95e69ad83397d5597ffa25ef8,499,128,119,9,0,79,0.4810126582278481,0.008130669157910497,-0.0034703821754717,1.6128402888402247,-0.35495634024094314,0.2858048076223851,-0.109385915162897,1.514398826658088,4,36,1.0651345625083828,43,1.5142127066480693,1,True,92.0,0.4891304347826087,0.011145117577781525,-0.0027225641578827,2.2828853076146776,-0.3965308081594785,0.2858048076223851,-0.109385915162897,1.6436418450534258,5.0,139.0,0.60431654676259,0.031095870321275674,0.0182346240417218,45.20614548801386,-0.29637096571192323,0.3687231660523884,-0.11849477438811166,1.8925836906593605,6.0,124.0,34.0,58.0,38.0,32.0,11.0,True,False,False,False
time_1300_1454__open_ge5__speed_ge11,STRUCTURAL_GRID,13:00~14:54回封；第5次及以后炸板后的回封；最后炸板11分钟后回封,"last_break_to_signal_minutes,open_times_at_signal,signal_hhmm",True,fd87e7a5473b24038aebc18f529e7e472b15ccb7,696,231,208,23,0,108,0.4351851851851852,0.007001694976589917,-0.0105273570296531,1.5997422614310948,-0.6162725136429201,0.3339820061776503,-0.1389379853296101,1.6953631740334258,7,56,2.7817774795860117,52,0.5750791618563147,1,True,113.0,0.45132743362831856,0.010580164964405612,-0.007848513710769344,2.41256394229315,-0.6024360352497473,0.3339820061776503,-0.1389379853296101,1.787686083419334,12.0,141.0,0.524822695035461,0.02115602462462192,0.004544094725274752,12.355900912455386,-0.34774099114038004,0.3339820061776503,-0.14417251000998996,1.893024665748195,6.0,227.0,25.0,85.0,23.0,25.0,8.0,True,False,False,False
time_1300_1359__open_eq3__speed_any__break_low_le1,SPEED_FREE,13:00~13:59回封；第3次炸板后的回封；回封速度不限；最后炸板分钟最低回落不超1%,"last_break_low_depth_pct,open_times_at_signal,signal_hhmm",True,37bf04ced9fdb26ca685b57321e28a254e7c6d07,1326,366,301,65,0,135,0.45925925925925926,0.005769569532509907,-0.0057761134704317,1.5927962709487469,-0.3430741082616775,0.3721270239550671,-0.1595638622725343,1.4840741143933016,8,66,1.7092856699690044,69,0.9318490752792831,1,True,135.0,0.4740740740740741,0.007487475077011368,-0.0052227688134826,2.0233409539754215,-0.3430741082616776,0.3721270239550671,-0.1293101803360104,1.5009147571792767,8.0,147.0,0.4897959183673469,0.011537120838222854,-0.0033283421448687,3.326360799605737,-0.4595211256902939,0.4892913885103991,-0.14417251000998996,1.5754437956143816,8.0,366.0,3.0,117.0,12.0,12.0,6.0,False,False,False,False
time_1001_1130__open_eq3__speed_any__duration_16_30,SPEED_FREE,10:01~11:30回封；第3次炸板后的回封；回封速度不限；首封后16~30分钟形成回封,"first_to_signal_minutes,open_times_at_signal,signal_hhmm",True,047dca6a4c0c7f5775d9f9d34c545355af3847e2,255,160,147,13,0,90,0.5444444444444444,0.007571322890583808,0.0030329723847398998,1.5828513462158376,-0.2809231780119804,0.3339820061776503,-0.189337554306236,1.1324379324768474,3,44,1.7508979521311587,46,0.9040226155323441,1,True,98.0,0.5510204081632653,0.006880108525728075,0.0035893362991202497,1.6248952690765037,-0.255269283561843,0.2798824747699878,-0.189337554306236,1.0946052632391412,3.0,137.0,0.5693430656934306,0.021172887905868132,0.0072169309548385,11.569666785541278,-0.292293397779392,0.3687231660523884,-0.17629142067722955,1.6092860189737,4.0,160.0,23.0,68.0,30.0,28.0,11.0,False,False,False,False
time_any__open_eq2__speed_2_5__duration_ge121,TIME_FREE,回封时间不限；第2次炸板后的回封；最后炸板后2~5分钟回封；首封121分钟后形成回封,"first_to_signal_minutes,last_break_to_signal_minutes,open_times_at_signal",True,0f5475b21a7f31fa55bcb4e0b7b390b67436abc9,277,177,146,31,0,88,0.48863636363636365,0.006929954731071641,-0.001266024747886704,1.5828152089364593,-0.34670869241409996,0.2886461432667387,-0.1116008761410474,1.4484553130055458,6,46,0.9559435840736159,42,1.6557621551174806,1,True,95.0,0.45263157894736844,0.0034093208386564186,-0.0072821321548,1.1697531458707986,-0.51158603019578,0.2886461432667387,-0.1116008761410474,1.409348341274587,6.0,139.0,0.5683453237410072,0.022032512856028953,0.008292640894970553,13.796460610682525,-0.3845338437576964,0.3687231660523884,-0.17629142067722955,1.7260669705599319,5.0,171.0,29.0,61.0,32.0,35.0,11.0,False,False,False,False
time_0930_1000__open_any__speed_6_10__break_low_le1,OPEN_COUNT_FREE,09:30~10:00回封；炸板/回封次数不限；最后炸板后6~10分钟回封；最后炸板分钟最低回落不超1%,"last_break_low_depth_pct,last_break_to_signal_minutes,signal_hhmm",True,37f323473692dd31576922814f0c8501905360f9,139,105,86,19,0,65,0.5230769230769231,0.008887040578899821,0.0010832322188362,1.5817272102831297,-0.23057695692416624,0.3090002845557691,-0.0920204424301309,1.3902773876148282,5,29,1.7553408454235804,36,0.9010940606816702,1,True,75.0,0.48,0.006198186656838627,-0.0037055434902246,1.4059494224847071,-0.23057695692416613,0.3090002845557691,-0.0920204424301309,1.4626490073100167,5.0,137.0,0.5985401459854015,0.028672884463227064,0.01246021082226626,31.80356898089893,-0.2377082585419088,0.3687231660523884,-0.14417251000998996,1.9073394358139335,5.0,105.0,29.0,45.0,38.0,42.0,12.0,False,False,False,False
time_1300_1454__open_1_2__speed_any__recent5_ge5pct,SPEED_FREE,13:00~14:54回封；第1~2次炸板后的回封；回封速度不限；回封前5分钟成交额至少前日5%,"open_times_at_signal,signal_hhmm,signal_recent_5m_amount_vs_prev_day",True,e56522d0145a0ed1fa8cabae94523182ee74c6ce,7378,484,344,140,0,143,0.4825174825174825,0.0048279788405292635,-0.0026551293566432,1.5804770414922367,-0.5419720855805944,0.1652893008992227,-0.1115395956427244,1.32929072558895,11,71,0.7544476389947596,72,2.0948796971491555,1,True,143.0,0.4825174825174825,0.0048279788405292635,-0.0026551293566432,1.5804770414922367,-0.5419720855805944,0.1652893008992227,-0.1115395956427244,1.32929072558895,11.0,155.0,0.5290322580645161,0.01359543263667552,0.0030678155125423,5.908310818844935,-0.3180681997202539,0.2395097457638093,-0.11849477438811166,1.557245606481888,9.0,484.0,0.0,114.0,17.0,16.0,8.0,False,False,False,False
time_any__open_eq1__speed_any__seal_rate_40_60,TIME_FREE+SPEED_FREE,回封时间不限；第1次炸板后的回封；回封速度不限；信号时全市场首板封住率40%~60%,"market_seal_rate,open_times_at_signal",True,958582c1d62ab235e23ff59db791b374c9343c4f,786,141,108,33,0,72,0.4861111111111111,0.007935468285428234,-0.003296656654304,1.572348423323479,-0.2426736659094485,0.1813358274087592,-0.1527802601283696,1.529851160945541,4,35,1.1278289118112288,37,1.394137361488967,1,True,87.0,0.45977011494252873,0.0050283632279031635,-0.0035053997728643,1.3454413528989353,-0.2639106136696393,0.1813358274087592,-0.1527802601283696,1.478331149025535,5.0,138.0,0.6159420289855072,0.032945251226041875,0.0138847663752054,54.817896277636436,-0.29609788368051904,0.3687231660523884,-0.1527802601283696,1.9079660984674789,6.0,141.0,42.0,52.0,33.0,36.0,17.0,False,False,False,False
time_1400_1429__open_eq4__speed_any__ever_40_150,SPEED_FREE,14:00~14:29回封；第4次炸板后的回封；回封速度不限；信号时全市场已有40~150只首板触板,"market_ever_sealed_count,open_times_at_signal,signal_hhmm",True,062bf10b0e8bb56b6e0522c50889ce39fe0f0cdd,500,252,219,33,0,112,0.4732142857142857,0.006310621281384398,-0.0046942968927182,1.5714273769515497,-0.5853249642883707,0.2971055310979901,-0.1098246868368515,1.4397123053816259,9,50,0.6764618555775077,62,2.3230095887816082,1,True,116.0,0.45689655172413796,0.004506734542773385,-0.0061377004490818995,1.3083901130944802,-0.5971085361896866,0.2971055310979901,-0.1098246868368515,1.4312676405647804,9.0,143.0,0.5034965034965035,0.01660446205543154,0.0021752415944633883,7.091914709339631,-0.6346528216434851,0.3687231660523884,-0.1521254777099999,1.8364559636615518,9.0,249.0,16.0,94.0,18.0,23.0,8.0,False,False,False,False
time_any__open_any__speed_ge11__duration_61_120,TIME_FREE+OPEN_COUNT_FREE,回封时间不限；炸板/回封次数不限；最后炸板11分钟后回封；首封后61~120分钟形成回封,"first_to_signal_minutes,last_break_to_signal_minutes",True,cc749680c987cb2f7b08f31ea01591216a902716,2244,455,342,113,0,138,0.5,0.005677610232996546,-0.0011180844470106,1.5702759407013898,-0.4841761540398316,0.3721270239550671,-0.1780617093150838,1.2424849110816607,5,70,0.938707111265309,68,1.6728071214723956,1,True,138.0,0.5,0.005677610232996546,-0.0011180844470106,1.5702759407013898,-0.4841761540398316,0.3721270239550671,-0.1780617093150838,1.2424849110816607,5.0,147.0,0.4557823129251701,0.005526418509172287,-0.0050184782274726,1.492977194521336,-0.41381644260389705,0.3721270239550671,-0.1780617093150838,1.4620103333189816,5.0,455.0,1.0,119.0,8.0,16.0,4.0,False,False,False,False
time_1300_1454__open_1_2__speed_any__amount_ge0_5,SPEED_FREE,13:00~14:54回封；第1~2次炸板后的回封；回封速度不限；信号前成交额至少前日50%,"open_times_at_signal,signal_cumulative_amount_vs_prev_day,signal_hhmm",True,b2453380b1e6e0288ac901689a841b7b4864ffe2,10065,484,345,139,0,141,0.48226950354609927,0.004838549226691965,-0.0037642163321364,1.5693267360567724,-0.5600101363661201,0.1652893008992227,-0.1056750764320755,1.3306296393728845,10,70,0.7360321833481689,71,2.1321441800520113,1,True,141.0,0.48226950354609927,0.004838549226691965,-0.0037642163321364,1.5693267360567724,-0.5600101363661201,0.1652893008992227,-0.1056750764320755,1.3306296393728845,10.0,153.0,0.5163398692810458,0.010020167698137303,0.002530025612004416,3.4465530447115222,-0.3989040237255562,0.21575685510355055,-0.11849477438811166,1.4298511028900145,10.0,484.0,0.0,117.0,14.0,12.0,10.0,False,False,False,False
time_1300_1454__open_1_2__speed_6_10,STRUCTURAL_GRID,13:00~14:54回封；第1~2次炸板后的回封；最后炸板后6~10分钟回封,"last_break_to_signal_minutes,open_times_at_signal,signal_hhmm",True,588806dc89779b95dc07be1714860553a900d9c3,1052,358,269,89,0,122,0.45081967213114754,0.005411944509941312,-0.00740261332231755,1.56576721863971,-0.39813426299885146,0.1652893008992227,-0.1370202417594448,1.5416408169768883,10,58,0.9193331439298186,64,1.7031554110478584,1,True,123.0,0.44715447154471544,0.00504560590656481,-0.00769700129483762,1.5015774098260735,-0.4183310968146785,0.1652893008992227,-0.1370202417594448,1.5385130988273343,10.0,143.0,0.5244755244755245,0.02035917160811444,0.004544094725274752,12.106115253395787,-0.3367853896968267,0.4892913885103991,-0.1370202417594448,2.0029813481707044,10.0,355.0,8.0,105.0,14.0,17.0,7.0,False,False,False,False
time_any__open_any__speed_le2__ever_40_100,TIME_FREE+OPEN_COUNT_FREE,回封时间不限；炸板/回封次数不限；最后炸板后2分钟内回封；信号时全市场已有40~100只首板触板,"last_break_to_signal_minutes,market_ever_sealed_count",True,ae56ad1504954044bb1146d35d05f520c0cd38f0,8119,435,351,84,0,139,0.5035971223021583,0.005493931734718942,0.0037053138311083,1.56505996548567,-0.6530081579070279,0.2881093435036007,-0.1777544284995882,1.219695289525667,9,68,0.7977551419834336,71,1.9618299940938138,2,True,139.0,0.5035971223021583,0.005493931734718942,0.0037053138311083,1.56505996548567,-0.6530081579070279,0.2881093435036007,-0.1777544284995882,1.219695289525667,9.0,149.0,0.5302013422818792,0.015111279319230413,0.00582372569522309,6.155653555245429,-0.5360508351208395,0.4892913885103991,-0.1777544284995882,1.544748800106413,8.0,435.0,0.0,124.0,12.0,10.0,3.0,False,False,False,False
time_1300_1359__open_any__speed_any__main_board,OPEN_COUNT_FREE+SPEED_FREE,13:00~13:59回封；炸板/回封次数不限；回封速度不限；仅沪深主板,"market_segment,signal_hhmm",True,b0a51516fce74bf0dcccb6e07f4f0e149a52b8f7,8155,477,357,120,0,144,0.4513888888888889,0.0046310729776998195,-0.0047504449255349,1.5603610108355082,-0.34970940712862875,0.1387205072574626,-0.1370149340689656,1.5168574388788774,6,72,1.6338048749072829,72,0.9550473467182292,1,True,144.0,0.4513888888888889,0.0046310729776998195,-0.0047504449255349,1.5603610108355082,-0.34970940712862875,0.1387205072574626,-0.1370149340689656,1.5168574388788774,6.0,148.0,0.47297297297297297,0.004728714890915351,-0.0039426101524318,1.6508049519561712,-0.3630879067455346,0.1378207019116981,-0.14417251000998996,1.4271999465889431,7.0,477.0,0.0,127.0,5.0,8.0,8.0,False,False,False,False
time_any__open_eq2__speed_6_10__break_low_le1,TIME_FREE,回封时间不限；第2次炸板后的回封；最后炸板后6~10分钟回封；最后炸板分钟最低回落不超1%,"last_break_low_depth_pct,last_break_to_signal_minutes,open_times_at_signal",True,0e5206e9d69af1d48608e5338db52fe517d4f115,616,291,224,67,0,110,0.4818181818181818,0.006114017150616799,-0.0038177134633118996,1.5596147119065995,-0.32076868600595876,0.2884420958080925,-0.1370202417594448,1.393235034996325,5,48,1.62021308514131,62,0.9625985163368654,1,True,114.0,0.4824561403508772,0.004953992015729364,-0.0038177134633118996,1.3921552843194271,-0.32076868600595865,0.2884420958080925,-0.1370202417594448,1.3229479511452118,5.0,142.0,0.5422535211267606,0.02141554386681572,0.00499854811662475,13.540646395835736,-0.3454197546078219,0.2884420958080925,-0.1216891172491525,1.837333039964023,6.0,286.0,10.0,81.0,23.0,27.0,11.0,False,False,False,False
time_any__open_eq2__speed_le1__amount_ge0_5,TIME_FREE,回封时间不限；第2次炸板后的回封；最后炸板后1分钟内回封；信号前成交额至少前日50%,"last_break_to_signal_minutes,open_times_at_signal,signal_cumulative_amount_vs_prev_day",True,550bb81aef6699492208f9f678f45ca01e8cf3b7,2347,453,362,91,0,145,0.4896551724137931,0.004875306481361936,-0.000796190837037,1.559091035352533,-0.6326072475421842,0.1865259303471385,-0.1792189802694261,1.2876612965572218,7,73,0.44544047537598286,72,3.500110837562644,1,True,145.0,0.4896551724137931,0.004875306481361936,-0.000796190837037,1.559091035352533,-0.6326072475421842,0.1865259303471385,-0.1792189802694261,1.2876612965572218,7.0,154.0,0.5194805194805194,0.01012184109362631,0.00251300474578215,3.395635954626885,-0.5454875358744462,0.25794581579670345,-0.1792189802694261,1.4117629335378235,8.0,453.0,0.0,117.0,9.0,19.0,9.0,False,False,False,False
time_any__open_eq2__speed_6_10__ever_40_100,TIME_FREE,回封时间不限；第2次炸板后的回封；最后炸板后6~10分钟回封；信号时全市场已有40~100只首板触板,"last_break_to_signal_minutes,market_ever_sealed_count,open_times_at_signal",True,047dfbf69fc727d4719e2c287a165521e40cfff0,436,249,192,57,0,101,0.44554455445544555,0.006840334383720284,-0.0050855821378803,1.5548219248307933,-0.28429921534683134,0.3721270239550671,-0.1370202417594448,1.645040196744635,6,44,1.2830758738980852,57,1.2117926589229073,1,True,106.0,0.46226415094339623,0.006652186240204915,-0.00504872139581395,1.594385123819675,-0.2943453929176195,0.3721270239550671,-0.1370202417594448,1.5459294186418955,6.0,137.0,0.5547445255474452,0.027391931023085386,0.0076685658621513,23.753795001892367,-0.3303705255988737,0.4892913885103991,-0.14417251000998996,2.0000543219530837,5.0,247.0,15.0,73.0,23.0,30.0,11.0,False,False,False,False
time_any__open_2_3__speed_6_10__seal_rate_ge60,TIME_FREE,回封时间不限；第2~3次炸板后的回封；最后炸板后6~10分钟回封；信号时全市场首板封住率至少60%,"last_break_to_signal_minutes,market_seal_rate,open_times_at_signal",True,86fcf1b4a9d65b0295a7ab45fee1b05cc1c8d79d,1008,351,271,80,0,123,0.4796747967479675,0.006157436884616119,-0.0050855821378803,1.5531804933251223,-0.34837653940988356,0.2559726948000001,-0.16676560959,1.3573885952520215,6,59,1.5670838053697773,64,0.991127907775567,1,True,125.0,0.472,0.006073856295943195,-0.0067259371083556,1.5557868807636672,-0.3633455907062759,0.2559726948000001,-0.16676560959,1.3991233795939506,6.0,148.0,0.49324324324324326,0.011311095238564698,-0.0015382701035729644,3.6700343736010215,-0.4577068387518246,0.25794581579670345,-0.16676560959,1.5913880325365106,4.0,350.0,4.0,99.0,20.0,22.0,7.0,False,False,False,False
time_1430_1454__open_3_5__speed_any__growth_board,SPEED_FREE,14:30~14:54回封；第3~5次炸板后的回封；回封速度不限；仅创业板或科创板,"market_segment,open_times_at_signal,signal_hhmm",True,70a46ee6747732de2581f10ef5ad28bc26b19697,270,103,79,24,0,54,0.5370370370370371,0.011993296334736418,0.0021871211412489502,1.5494324285114636,-0.5009585684356971,0.2886461432667387,-0.1762669073000001,1.2631527136317575,8,25,1.1772625357856086,29,1.3161316031156116,1,True,72.0,0.4583333333333333,-0.003782470603673293,-0.009756246515596999,0.6301794321407587,-0.6148555609861155,0.2886461432667387,-0.1762669073000001,1.030115658073834,6.0,138.0,0.6086956521739131,0.0314600835242804,0.018455343904997756,44.45815038870755,-0.2610158489381207,0.4892913885103991,-0.1762669073000001,1.902595757456906,5.0,97.0,44.0,40.0,43.0,41.0,14.0,False,False,False,False
time_1300_1359__open_eq3__speed_any__pre_low_ge0,SPEED_FREE,13:00~13:59回封；第3次炸板后的回封；回封速度不限；信号前最低价不低于昨收,"open_times_at_signal,pre_signal_min_return,signal_hhmm",True,eb5d28590007791fbd7b9d3ff2394c40c61b4446,798,265,226,39,0,120,0.475,0.005774098349050966,-0.00214105469056065,1.5477073479248118,-0.3474307770015097,0.2858048076223851,-0.1293101803360104,1.402409858432518,7,54,1.2815239232802507,66,1.2077085100083231,1,True,122.0,0.4918032786885246,0.004925567267826275,-0.0010166997819992,1.4317805077359773,-0.3644774340798128,0.2858048076223851,-0.1293101803360104,1.2768093709129218,7.0,147.0,0.5782312925170068,0.022386364842974786,0.0075733998571985,15.594737105032289,-0.3693269717698454,0.4892913885103991,-0.14417251000998996,1.5648001094663084,4.0,265.0,11.0,92.0,23.0,24.0,8.0,False,False,False,False
time_any__open_eq4__speed_le5__recent5_ge5pct,TIME_FREE,回封时间不限；第4次炸板后的回封；最后炸板后5分钟内回封；回封前5分钟成交额至少前日5%,"last_break_to_signal_minutes,open_times_at_signal,signal_recent_5m_amount_vs_prev_day",True,fc22a0dd6bacd505a2751795b63e2b1ee0274ae9,1092,380,322,58,0,135,0.45185185185185184,0.005449005967780177,-0.0046817514528238,1.535616973084482,-0.4132279057778463,0.3339820061776503,-0.189337554306236,1.523246942565702,9,66,1.5363445271521745,69,0.9995264382078146,1,True,136.0,0.4485294117647059,0.004475401822794732,-0.00572331530291565,1.3435821881117072,-0.48270675761917625,0.3339820061776503,-0.189337554306236,1.477041676723906,9.0,150.0,0.4533333333333333,0.004440320631077882,-0.006370875436523199,1.307381123060668,-0.4418423406519445,0.3339820061776503,-0.189337554306236,1.4335974061792078,11.0,379.0,6.0,108.0,16.0,21.0,5.0,False,False,False,False
time_1001_1130__open_eq2__speed_le1,STRUCTURAL_GRID,10:01~11:30回封；第2次炸板后的回封；最后炸板后1分钟内回封,"last_break_to_signal_minutes,open_times_at_signal,signal_hhmm",True,27dfc7fcb35b0c67fb6f3f064864df8469c037e2,697,319,266,53,0,125,0.544,0.005390853741105639,0.0035373659526574,1.5292661718311458,-0.34511326537407283,0.1397740348714286,-0.1509604583523677,1.0453229925864633,4,62,1.378323329427431,63,1.1095119259618265,1,True,126.0,0.5555555555555556,0.010139739787931082,0.0061293793316836,2.5894030165923896,-0.3451132653740726,0.4527951871228668,-0.1509604583523677,1.1854127292746242,4.0,147.0,0.5986394557823129,0.01616353586151339,0.0076570862783502,6.857334421832124,-0.44742539834207196,0.4527951871228668,-0.14417251000998996,1.2049868595316835,5.0,319.0,8.0,109.0,18.0,12.0,8.0,True,False,False,False
time_1300_1454__open_1_2__speed_any,STRUCTURAL_GRID,13:00~14:54回封；第1~2次炸板后的回封；回封速度不限,"open_times_at_signal,signal_hhmm",True,819eddf00b27aa53efbfc8eee302e7e3439a3e5e,10089,484,346,138,0,141,0.48226950354609927,0.004655179735491164,-0.0037642163321364,1.5276506993929968,-0.5716947863929022,0.1652893008992227,-0.1056750764320755,1.318661305598221,10,70,0.7164856456169546,71,2.1321441800520113,1,True,141.0,0.48226950354609927,0.004655179735491164,-0.0037642163321364,1.5276506993929968,-0.5716947863929022,0.1652893008992227,-0.1056750764320755,1.318661305598221,10.0,153.0,0.5163398692810458,0.009851180127814997,0.002530025612004416,3.3550241949476027,-0.41486710991410114,0.21575685510355055,-0.11849477438811166,1.4172676673627902,10.0,484.0,0.0,117.0,14.0,12.0,10.0,False,False,False,False
time_any__open_eq2__speed_6_10__break_close_le1,TIME_FREE,回封时间不限；第2次炸板后的回封；最后炸板后6~10分钟回封；最后炸板分钟收盘回落不超1%,"last_break_close_depth_pct,last_break_to_signal_minutes,open_times_at_signal",True,af6d2bf9187876600349c623e75b94189ce2042a,658,303,232,71,0,114,0.47368421052631576,0.005889800467136581,-0.005778723708905,1.5276455223630434,-0.45366384616034483,0.3721270239550671,-0.1501914830156249,1.4278161588559501,7,53,2.0395112642535795,61,0.7490252930385907,1,True,118.0,0.4576271186440678,0.003154696329369259,-0.0067846398269051,1.124730837403917,-0.4536638461603447,0.3721270239550671,-0.1501914830156249,1.3550917155055524,7.0,143.0,0.5314685314685315,0.02043489312597114,0.0037030842226123,11.939123446109651,-0.3168315364214721,0.3721270239550671,-0.11849477438811166,1.868605306390024,6.0,299.0,8.0,84.0,22.0,27.0,10.0,False,False,False,False
time_any__open_eq2__speed_6_10__duration_16_30,TIME_FREE,回封时间不限；第2次炸板后的回封；最后炸板后6~10分钟回封；首封后16~30分钟形成回封,"first_to_signal_minutes,last_break_to_signal_minutes,open_times_at_signal",True,92bee24ddb076bd98c97c0849a8e521e76a16aa8,200,142,108,34,0,70,0.4857142857142857,0.008420399835900818,-0.00401962880584015,1.5255468259610565,-0.401935617161833,0.1935590908019999,-0.189337554306236,1.4741242788451414,5,31,1.8275149121696337,39,0.8347657334023721,1,True,84.0,0.44047619047619047,0.004088050992884733,-0.009464508874659003,1.1636299437310633,-0.45835263171571383,0.1935590908019999,-0.189337554306236,1.4867912410553188,6.0,134.0,0.6119402985074627,0.03554229933272479,0.018851903186904988,67.52155251458383,-0.20525889874855252,0.4892913885103991,-0.1192656039362559,2.1578922058676375,4.0,138.0,28.0,50.0,35.0,37.0,12.0,False,False,False,False
time_1300_1454__open_any__speed_6_10__break_rate_le50,OPEN_COUNT_FREE,13:00~14:54回封；炸板/回封次数不限；最后炸板后6~10分钟回封；信号时累计炸板事件率不超50%,"last_break_to_signal_minutes,market_break_event_rate,signal_hhmm",True,9861e0c93c78fb2475387d1a7a8e65e90a721ade,49,36,25,11,0,22,0.5454545454545454,0.022667798475920656,0.0096834990086742,1.523359002069225,-0.14700096826487152,0.1659870463579606,-0.1370202417594448,1.6647524642533937,3,11,1.1319475555465943,11,1.3457858490039551,1,True,55.0,0.5454545454545454,0.01978543289454612,0.010782646179660961,2.4581421422078353,-0.2257324547410512,0.4527951871228668,-0.1370202417594448,1.6871891041047777,4.0,136.0,0.6617647058823529,0.04542439763721919,0.02088573501835992,246.39907542877253,-0.20773133677072309,0.4892913885103991,-0.13823939725321072,2.3652872429288436,4.0,36.0,49.0,29.0,43.0,47.0,17.0,True,False,False,False
time_1300_1359__open_any__speed_6_10__growth_board,OPEN_COUNT_FREE,13:00~13:59回封；炸板/回封次数不限；最后炸板后6~10分钟回封；仅创业板或科创板,"last_break_to_signal_minutes,market_segment,signal_hhmm",True,111aa66138fef7770ceea024b28c0fcb8cea4abd,153,99,76,23,0,59,0.4915254237288136,0.009307041305438099,-0.0007166716788819,1.5227618004089472,-0.38543347473605805,0.1659870463579606,-0.1370202417594448,1.48664224091175,4,27,0.8006860965736334,32,1.901821209242028,1,True,73.0,0.4657534246575342,0.010531777366390467,-0.0051220475807135,1.7233599374002693,-0.44232671586391936,0.4527951871228668,-0.1370202417594448,1.6568014711973833,5.0,142.0,0.5985915492957746,0.03686164916963477,0.01983517167087994,95.31843568761434,-0.3015302078436899,0.4892913885103991,-0.13823939725321072,2.1815757922117966,10.0,99.0,35.0,51.0,42.0,37.0,12.0,False,False,False,False
time_any__open_eq4__speed_le1__growth_board,TIME_FREE,回封时间不限；第4次炸板后的回封；最后炸板后1分钟内回封；仅创业板或科创板,"last_break_to_signal_minutes,market_segment,open_times_at_signal",True,8f2aed6630f12e2be5b0e0205d13f2cd7c90cdeb,167,103,86,17,0,61,0.4098360655737705,0.010384898138294588,-0.0082113595252655,1.514071385844981,-0.585825749685613,0.2888703665893359,-0.1370202417594448,2.0404469178840516,13,29,0.5760092806196965,32,2.6285538042305077,1,True,76.0,0.40789473684210525,0.0056167140911374544,-0.008482068841795549,1.253337948369729,-0.5131502036526583,0.2888703665893359,-0.1370202417594448,1.792757387085705,16.0,139.0,0.60431654676259,0.03722024009736895,0.01838722394693575,95.62254976533569,-0.2522052964705641,0.4892913885103991,-0.13823939725321072,2.306322857255655,6.0,101.0,38.0,41.0,41.0,41.0,16.0,False,False,False,False
time_1400_1429__open_eq4__speed_any__duration_31_60,SPEED_FREE,14:00~14:29回封；第4次炸板后的回封；回封速度不限；首封后31~60分钟形成回封,"first_to_signal_minutes,open_times_at_signal,signal_hhmm",True,37c92f4b43440c1ec58a9cb4da6cd235c87ad2ef,153,104,89,15,0,62,0.5483870967741935,0.008706327247039116,0.0058703750691137,1.5114615275283123,-0.19463397123393655,0.2804551011527076,-0.1527802601283696,1.1978269182501506,4,27,1.2030287484274624,35,1.256380223252368,1,True,75.0,0.5466666666666666,0.011265581773830302,0.006433901854161,2.028998675363337,-0.23723189884271156,0.2804551011527076,-0.0966671706485293,1.3665068277918075,5.0,133.0,0.6390977443609023,0.03404626353260317,0.02049000083100966,58.29173675667736,-0.2345534416851357,0.3687231660523884,-0.13823939725321072,1.9420506426886381,5.0,102.0,37.0,44.0,37.0,35.0,17.0,True,False,False,False
time_1300_1359__open_eq3__speed_any__break_close_le1,SPEED_FREE,13:00~13:59回封；第3次炸板后的回封；回封速度不限；最后炸板分钟收盘回落不超1%,"last_break_close_depth_pct,open_times_at_signal,signal_hhmm",True,ab057d895a06f82e7df0c4b4932be8c730940536,1358,371,305,66,0,135,0.45925925925925926,0.005359937089607314,-0.0057761134704317,1.510937308943223,-0.3710966007315254,0.3721270239550671,-0.1595638622725343,1.4630328098914842,8,66,1.6214399402503905,69,0.9318490752792831,1,True,135.0,0.4666666666666667,0.005284307745017031,-0.0055968622926598,1.4871613127164143,-0.38099297747695937,0.3721270239550671,-0.1595638622725343,1.4122377235679338,8.0,147.0,0.4897959183673469,0.011742334495788908,-0.0033283421448687,3.4077322663601195,-0.4595211256902939,0.4892913885103991,-0.14417251000998996,1.5820203869726388,8.0,371.0,3.0,116.0,12.0,12.0,7.0,False,False,False,False
time_any__open_eq4__speed_6_10__recent5_ge10pct,TIME_FREE,回封时间不限；第4次炸板后的回封；最后炸板后6~10分钟回封；回封前5分钟成交额至少前日10%,"last_break_to_signal_minutes,open_times_at_signal,signal_recent_5m_amount_vs_prev_day",True,9ef0d88d76bc4c69f7f5e9781f6d36ab7ddd7f70,46,45,33,12,0,28,0.5,0.017075437733778013,-0.0015041297395964,1.5035419852230445,-0.20590530354833814,0.1659870463579606,-0.1098246868368515,1.9351463837945146,4,15,1.0744161621411126,13,1.399403730326211,1,True,55.0,0.509090909090909,0.025340700702514898,0.0009943819468942,3.225800382492289,-0.21285583826308252,0.4527951871228668,-0.1098246868368515,2.278664648606578,4.0,131.0,0.6412213740458015,0.04152654212860848,0.01852346386305976,120.70006738713552,-0.23455344168513592,0.4892913885103991,-0.13823939725321072,2.2936355093619665,5.0,44.0,46.0,36.0,42.0,39.0,14.0,True,False,False,False
time_1400_1429__open_eq4__speed_any__main_board,SPEED_FREE,14:00~14:29回封；第4次炸板后的回封；回封速度不限；仅沪深主板,"market_segment,open_times_at_signal,signal_hhmm",True,138601808eced9ef185616f8a3eda7671b11f11f,588,244,211,33,0,107,0.4953271028037383,0.005721506035382414,-0.0024307373602088,1.49983073583085,-0.384798581832844,0.1377234816831285,-0.1521254777099999,1.286717239034021,5,51,0.9471313203528625,56,1.5835509855930787,1,True,114.0,0.5263157894736842,0.007527685105904846,0.00568325117341575,1.9371406134744822,-0.3159790492750836,0.1377234816831285,-0.1098246868368515,1.2436674803705514,5.0,138.0,0.5144927536231884,0.013937470525357014,0.004000882952964544,4.585166273375292,-0.6187491622629233,0.3687231660523884,-0.1521254777099999,1.5400360515020481,7.0,241.0,19.0,89.0,23.0,19.0,7.0,False,False,False,False
time_1400_1454__open_1_2__speed_any__duration_31_60,SPEED_FREE,14:00~14:54回封；第1~2次炸板后的回封；回封速度不限；首封后31~60分钟形成回封,"first_to_signal_minutes,open_times_at_signal,signal_hhmm",True,bbae9c556eb7fc07cb8fecf164d2f578cfb0b51b,662,276,193,83,0,107,0.4672897196261682,0.0057083573833332365,-0.0055247986020876,1.4990823043997603,-0.2805609235383535,0.2884144470203034,-0.1758921516451247,1.461811813332558,6,53,1.356137493007819,54,1.1054058398421671,1,True,112.0,0.4642857142857143,0.0067943082296879455,-0.006236435872819,1.7158035087919217,-0.37223165458630825,0.2884775816944691,-0.1758921516451247,1.5415859741803744,6.0,137.0,0.5547445255474452,0.025192030880086418,0.0084676003625883,19.092724456574768,-0.37335488468016,0.4892913885103991,-0.1758921516451247,1.8721011699366679,7.0,266.0,22.0,85.0,19.0,22.0,11.0,False,False,False,False
time_any__open_eq4__speed_le2__amount_ge2,TIME_FREE,回封时间不限；第4次炸板后的回封；最后炸板后2分钟内回封；信号前成交额至少前日2倍,"last_break_to_signal_minutes,open_times_at_signal,signal_cumulative_amount_vs_prev_day",True,fc7183b859887073b8d83a6f746a1f00be865612,719,301,258,43,0,121,0.4297520661157025,0.0053974134984097945,-0.0054404195999999,1.4916306118157519,-0.6166430345972795,0.2858048076223851,-0.1604044205087896,1.6859538989480398,9,62,0.5639253756189361,59,2.645085105770622,1,True,123.0,0.43089430894308944,0.0031754421549191796,-0.0054404195999999,1.1640259209965451,-0.6259652591645899,0.2858048076223851,-0.1604044205087896,1.524558926333717,9.0,143.0,0.4755244755244755,0.008569611288088783,-0.002004038720927356,2.406715702877751,-0.5235037566800922,0.3687231660523884,-0.1604044205087896,1.5674726312152087,7.0,297.0,16.0,97.0,16.0,22.0,8.0,False,False,False,False
time_1400_1429__open_2_3__speed_2_5,STRUCTURAL_GRID,14:00~14:29回封；第2~3次炸板后的回封；最后炸板后2~5分钟回封,"last_break_to_signal_minutes,open_times_at_signal,signal_hhmm",True,95c088ddafbbec1e3e78a183dc2a52e2c1390acf,635,245,205,40,0,102,0.5,0.005176918270700667,-8.795036152955003e-05,1.489972439883973,-0.29233104376010877,0.1799415144466019,-0.109385915162897,1.2988565678610096,8,49,0.861739289205087,53,1.7290292534513558,1,True,108.0,0.5092592592592593,0.006578102083203367,0.000410306423091,1.7830877710657875,-0.4019687158868569,0.1799415144466019,-0.0931994923524589,1.3460090657560704,9.0,145.0,0.5655172413793104,0.02685236097848908,0.008314087929306298,29.680340616122066,-0.3560343907915813,0.4892913885103991,-0.13823939725321072,2.0886625393128306,11.0,241.0,17.0,84.0,26.0,26.0,9.0,False,False,False,False
time_1400_1454__open_ge5__speed_any__duration_61_120,SPEED_FREE,14:00~14:54回封；第5次及以后炸板后的回封；回封速度不限；首封后61~120分钟形成回封,"first_to_signal_minutes,open_times_at_signal,signal_hhmm",True,80606f3ab77b9eb54806db295a116759d40cca64,1193,191,165,26,0,93,0.4731182795698925,0.006162264388998492,-0.0051908502668759,1.4888952798544086,-0.37724990848414963,0.2858048076223851,-0.1038956854614624,1.4565169135513867,5,43,1.046716986124283,50,1.422443028623616,1,True,100.0,0.48,0.008598447975891108,-0.0043306162211738004,1.959698285630755,-0.3839258747745441,0.2858048076223851,-0.1038956854614624,1.5804120333428149,6.0,141.0,0.5957446808510638,0.02655677093887945,0.017455902077423015,27.021399135286423,-0.29637096571192323,0.3687231660523884,-0.11849477438811166,1.8035223421098066,5.0,184.0,27.0,66.0,35.0,28.0,12.0,False,False,False,False
time_1400_1429__open_2_3__speed_any__seal_rate_ge70,SPEED_FREE,14:00~14:29回封；第2~3次炸板后的回封；回封速度不限；信号时全市场首板封住率至少70%,"market_seal_rate,open_times_at_signal,signal_hhmm",True,6d4629a860404fdf1e13705855da079d676096b6,1296,281,227,54,0,109,0.5045871559633027,0.004976214396465861,0.0004338963095965,1.4860820948390139,-0.2507117904130286,0.1511065042771623,-0.119042582292857,1.2617494930793236,7,53,1.121166352632661,56,1.3254786779405914,1,True,113.0,0.504424778761062,0.00945575155933077,0.0004338963095965,2.383692575606298,-0.23581155704793144,0.2884775816944691,-0.1040251580531251,1.5230002218102607,7.0,142.0,0.5422535211267606,0.014096421028816739,0.002563703655986808,5.224507358585033,-0.3160595187858666,0.3687231660523884,-0.13823939725321072,1.4792742901007514,9.0,281.0,11.0,87.0,28.0,24.0,3.0,True,False,False,False
time_1300_1454__open_eq3__speed_any__break_low_le1,SPEED_FREE,13:00~14:54回封；第3次炸板后的回封；回封速度不限；最后炸板分钟最低回落不超1%,"last_break_low_depth_pct,open_times_at_signal,signal_hhmm",True,2d4f8d1e4c44b3533a158a350d5087401a7e4884,2903,461,384,77,0,148,0.47297297297297297,0.004619917404368572,-0.0054098155530712,1.4832067249914893,-0.3377649920921071,0.1865259303471385,-0.1595638622725343,1.35180460782366,6,73,1.03108047945578,75,1.4384975320009448,1,True,148.0,0.47297297297297297,0.004619917404368572,-0.0054098155530712,1.4832067249914893,-0.3377649920921071,0.1865259303471385,-0.1595638622725343,1.35180460782366,6.0,154.0,0.4805194805194805,0.00656862416355613,-0.00309714067065255,1.9279009778302856,-0.4560157096148231,0.3687231660523884,-0.1595638622725343,1.4102855292066967,6.0,461.0,0.0,135.0,9.0,8.0,2.0,False,False,False,False
time_1430_1454__open_eq2__speed_any__seal_rate_40_60,SPEED_FREE,14:30~14:54回封；第2次炸板后的回封；回封速度不限；信号时全市场首板封住率40%~60%,"market_seal_rate,open_times_at_signal,signal_hhmm",True,9442be4ebe13794b8afb6121bd6c150e289f81f6,149,37,25,12,0,23,0.43478260869565216,0.019001890519987564,-0.0013986654,1.4806362574273908,-0.1587644225811864,0.1375786514324543,-0.0782593577699999,3.088646678098015,2,14,1.3150208784568298,9,1.1259412543813825,1,True,51.0,0.43137254901960786,0.005644502590156943,-0.0080309399093958,1.2369269100424187,-0.3877673326065201,0.1382973329857442,-0.0782593577699999,1.7231792199040663,7.0,132.0,0.6515151515151515,0.042792581329590317,0.02088573501835992,152.96920630782577,-0.22970534744710858,0.4892913885103991,-0.1797108099429871,2.1897482193296747,4.0,36.0,51.0,28.0,41.0,45.0,18.0,False,False,False,False
time_1300_1359__open_any__speed_ge11__duration_31_60,OPEN_COUNT_FREE,13:00~13:59回封；炸板/回封次数不限；最后炸板11分钟后回封；首封后31~60分钟形成回封,"first_to_signal_minutes,last_break_to_signal_minutes,signal_hhmm",True,dc2e4f0cb2f27e3666756fc7d6b3d956b2302947,406,216,159,57,0,90,0.4444444444444444,0.006024925771004123,-0.005614692571632,1.4778058985397517,-0.44421464985214865,0.2124694253476716,-0.098260943352,1.641457479670048,7,39,0.7743332885022777,51,1.9084881413249544,1,True,96.0,0.4479166666666667,0.007218726178722357,-0.00574035000580405,1.696863880716746,-0.3500611695271765,0.2124694253476716,-0.098260943352,1.696373658897548,5.0,132.0,0.5303030303030303,0.02196903492706625,0.0032686282479161997,10.911361199035785,-0.35556665708394997,0.4892913885103991,-0.17629142067722955,1.9083233369207024,5.0,216.0,20.0,65.0,30.0,27.0,10.0,False,False,False,False
time_1300_1359__open_2_3__speed_any__duration_31_60,SPEED_FREE,13:00~13:59回封；第2~3次炸板后的回封；回封速度不限；首封后31~60分钟形成回封,"first_to_signal_minutes,open_times_at_signal,signal_hhmm",True,6894618fe583b9df47359e7e6639a6d001fb6c9b,672,250,207,43,0,108,0.4351851851851852,0.005050336442576316,-0.0052878472310123,1.4735799692807985,-0.3688385901462983,0.2124694253476716,-0.1008951489971411,1.668767598289695,5,52,0.7759699452721082,56,1.899016808910118,1,True,115.0,0.45217391304347826,0.005269790421579729,-0.0041210039727272,1.5654286189337097,-0.3355105199482109,0.2124694253476716,-0.1008951489971411,1.5937787966934502,5.0,142.0,0.5563380281690141,0.02967834526570274,0.008687489499985226,37.91506250528188,-0.3565283318096236,0.4892913885103991,-0.17629142067722955,2.198739388894552,4.0,250.0,14.0,81.0,31.0,24.0,6.0,False,False,False,False
time_1400_1454__open_any__speed_6_10__pre_low_ge0,OPEN_COUNT_FREE,14:00~14:54回封；炸板/回封次数不限；最后炸板后6~10分钟回封；信号前最低价不低于昨收,"last_break_to_signal_minutes,pre_signal_min_return,signal_hhmm",True,c031626858b7d1efe8e6a1c58c5d3a0b3119c729,480,174,145,29,0,85,0.4470588235294118,0.00695885406742219,-0.004002641426087,1.4727912498039035,-0.26631248505567684,0.3090002845557691,-0.1515635142462724,1.6386570680541297,6,42,1.266260247864881,43,1.1631031237751228,1,True,94.0,0.43617021276595747,0.006732484586283156,-0.00592012264747825,1.5288628130363515,-0.2525938051801513,0.3090002845557691,-0.1515635142462724,1.7200073900829669,6.0,138.0,0.5579710144927537,0.02137449888364178,0.007148204805883746,12.387618380526844,-0.24167778722513877,0.3687231660523884,-0.1515635142462724,1.7450964201768109,6.0,166.0,32.0,66.0,36.0,29.0,7.0,False,False,False,False
time_1300_1454__open_eq1__speed_6_10,STRUCTURAL_GRID,13:00~14:54回封；第1次炸板后的回封；最后炸板后6~10分钟回封,"last_break_to_signal_minutes,open_times_at_signal,signal_hhmm",True,81d4217c4e4916845a09e605ca24ec91b32ccd94,617,291,218,73,0,112,0.42857142857142855,0.0049587593871336004,-0.0058345183044189505,1.4725687045193359,-0.43831495035710843,0.1652893008992227,-0.1338850016643887,1.6933486513901261,10,52,0.9090019162823498,60,1.619984158605374,1,True,115.0,0.43478260869565216,0.0040463074193221185,-0.0061269376578947,1.3404667600499822,-0.4383149503571083,0.1652893008992227,-0.1338850016643887,1.577895871762117,11.0,140.0,0.5357142857142857,0.022238026280579425,0.003448857062676058,14.5206530999934,-0.3373751317800231,0.4892913885103991,-0.1338850016643887,2.041661515681593,8.0,288.0,14.0,97.0,18.0,16.0,9.0,False,False,False,False
time_1001_1130__open_any__speed_le1__duration_61_120,OPEN_COUNT_FREE,10:01~11:30回封；炸板/回封次数不限；最后炸板后1分钟内回封；首封后61~120分钟形成回封,"first_to_signal_minutes,last_break_to_signal_minutes,signal_hhmm",True,7e859e15b4d74dd1ff352c476f050a0b0bb51032,639,246,211,35,0,111,0.4594594594594595,0.005870703346060862,-0.0039228260689655,1.4701565433119073,-0.4143300055113087,0.2881093435036007,-0.1509604583523677,1.4608366360365679,6,57,1.1334456006175866,54,1.2970684631982836,1,True,115.0,0.4608695652173913,0.006048989092527894,-0.0039228260689655,1.5156498458918153,-0.4747321748497234,0.2881093435036007,-0.1509604583523677,1.4601444240406272,6.0,139.0,0.5683453237410072,0.0200408616007791,0.0148280817576356,10.161087500168545,-0.28640438943515545,0.4892913885103991,-0.17629142067722955,1.5196088892417565,4.0,246.0,19.0,87.0,22.0,23.0,7.0,False,False,False,False
time_1001_1130__open_eq1__speed_any__seal_rate_40_60,SPEED_FREE,10:01~11:30回封；第1次炸板后的回封；回封速度不限；信号时全市场首板封住率40%~60%,"market_seal_rate,open_times_at_signal,signal_hhmm",True,5417392d34dcbc008afb19c27cf2031693cbf39c,210,64,50,14,0,35,0.5142857142857142,0.013701634799229655,0.0089318624411974,1.4679617317858418,-0.18087351450769718,0.1813358274087592,-0.1186095371999999,1.5157544338029991,3,17,1.0349445984533252,18,1.418396437818642,1,True,64.0,0.5,0.00745752476403199,0.0007693490779258174,1.4296997980292658,-0.21414648808760928,0.1813358274087592,-0.1164393623573701,1.3712377490793233,6.0,133.0,0.631578947368421,0.038691298255500724,0.01852346386305976,91.80851767231078,-0.278639281298829,0.4892913885103991,-0.17629142067722955,2.029337983125184,4.0,64.0,49.0,39.0,33.0,45.0,16.0,False,False,False,False
time_1400_1429__open_2_3__speed_any__break_close_le1,SPEED_FREE,14:00~14:29回封；第2~3次炸板后的回封；回封速度不限；最后炸板分钟收盘回落不超1%,"last_break_close_depth_pct,open_times_at_signal,signal_hhmm",True,e2e5ddd3a6f55a2def8ba2bc023464e51bc3e090,1909,407,341,66,0,137,0.45985401459854014,0.004521150759739382,-0.0068433425454546,1.4673043698740287,-0.560486824626838,0.2877539667175889,-0.1155916940639999,1.4506008255567497,10,68,1.5817553431250564,69,0.9276430620269587,1,True,137.0,0.45255474452554745,0.0030783724662230096,-0.0072999386365714,1.212384518731057,-0.5868299893414095,0.2877539667175889,-0.1155916940639999,1.3989082216251687,10.0,149.0,0.46308724832214765,0.005608136937732372,-0.0068433425454546,1.6113787251127043,-0.47526933441175023,0.3687231660523884,-0.14417251000998996,1.4563548227881946,7.0,407.0,2.0,122.0,10.0,12.0,5.0,False,False,False,False
time_1400_1454__open_any__speed_2_5__duration_61_120,OPEN_COUNT_FREE,14:00~14:54回封；炸板/回封次数不限；最后炸板后2~5分钟回封；首封后61~120分钟形成回封,"first_to_signal_minutes,last_break_to_signal_minutes,signal_hhmm",True,537dd32a5857cc75cd7a9e5d4af0420bc80777b5,786,239,197,42,0,104,0.4230769230769231,0.005907461567742979,-0.00773842304521225,1.4651287217781161,-0.5067032776751572,0.288696620526448,-0.1311553934155689,1.7498175749685676,8,50,2.117988663264391,54,0.6917547516613985,1,True,109.0,0.46788990825688076,0.006538146431915594,-0.0038637951833488,1.6374260908376075,-0.47340931989566437,0.2884420958080925,-0.1311553934155689,1.5065685826633828,8.0,142.0,0.5845070422535211,0.0261753946878592,0.01270813094358725,27.433540875933733,-0.24473335183267464,0.3687231660523884,-0.109385915162897,2.0226270397152315,4.0,229.0,23.0,84.0,32.0,19.0,7.0,False,False,False,False
time_1400_1429__open_2_3__speed_any__break_low_le1,SPEED_FREE,14:00~14:29回封；第2~3次炸板后的回封；回封速度不限；最后炸板分钟最低回落不超1%,"last_break_low_depth_pct,open_times_at_signal,signal_hhmm",True,9055a489b53288d742eaafefa1068b910223ebe8,1854,403,341,62,0,137,0.45985401459854014,0.00450202189349762,-0.0068433425454546,1.4633739659285998,-0.560486824626838,0.2877539667175889,-0.1155916940639999,1.449160134583045,10,68,1.5817553431250564,69,0.9251582251888775,1,True,137.0,0.45255474452554745,0.003059243599981248,-0.0072999386365714,1.2091369574250093,-0.5868299893414095,0.2877539667175889,-0.1155916940639999,1.3975497280425149,10.0,149.0,0.46308724832214765,0.005590548651322162,-0.0068433425454546,1.607062395502573,-0.47526933441175023,0.3687231660523884,-0.14417251000998996,1.4551860146047224,7.0,402.0,4.0,122.0,10.0,12.0,5.0,False,False,False,False
time_1430_1454__open_any__speed_6_10__amount_ge2,OPEN_COUNT_FREE,14:30~14:54回封；炸板/回封次数不限；最后炸板后6~10分钟回封；信号前成交额至少前日2倍,"last_break_to_signal_minutes,signal_cumulative_amount_vs_prev_day,signal_hhmm",True,45ccf625a03460f9c49b12b602a17bbb69e0b2aa,238,140,102,38,0,65,0.4307692307692308,0.007817777963900627,-0.0049029522861701,1.4595948176294162,-0.23455128861382002,0.3090002845557691,-0.102440249751573,1.97081233134355,6,35,1.813541975311401,30,0.804831008876313,1,True,83.0,0.43373493975903615,0.01032852775159101,-0.0050118606537476,1.9788581737232802,-0.34454919482537993,0.3090002845557691,-0.0840723513105882,2.0896704706421554,7.0,144.0,0.5555555555555556,0.023153780919623876,0.005220895341899514,17.156877264116588,-0.2788012744465943,0.3687231660523884,-0.17629142067722955,1.8617861827162236,5.0,127.0,45.0,51.0,41.0,37.0,15.0,False,False,False,False
time_1300_1359__open_eq4__speed_any__pre_low_ge0,SPEED_FREE,13:00~13:59回封；第4次炸板后的回封；回封速度不限；信号前最低价不低于昨收,"open_times_at_signal,pre_signal_min_return,signal_hhmm",True,b1444341d7f39413358063e59b0219c705a237f4,592,219,192,27,0,107,0.4672897196261682,0.005577049931987129,-0.0037102651705263,1.4502982100334059,-0.2741185723878077,0.2858048076223851,-0.1604044205087896,1.4378571658628523,3,47,1.0570674129653534,60,1.3720016266180557,1,True,112.0,0.4732142857142857,0.005681489640878938,-0.0044161563756199,1.5072713117089565,-0.2823194853492642,0.2858048076223851,-0.1604044205087896,1.4141840785422974,3.0,141.0,0.5390070921985816,0.026297008224295162,0.004544094725274752,24.06877640654336,-0.30769159496394627,0.3687231660523884,-0.17629142067722955,2.117739120965582,8.0,219.0,19.0,77.0,26.0,30.0,8.0,False,False,False,False
time_1400_1454__open_2_3__speed_any__seal_rate_ge70,SPEED_FREE,14:00~14:54回封；第2~3次炸板后的回封；回封速度不限；信号时全市场首板封住率至少70%,"market_seal_rate,open_times_at_signal,signal_hhmm",True,9a104f27b27acf52b1e40d9115f105a9aa70208e,2182,337,263,74,0,119,0.44537815126050423,0.0046667837277528205,-0.0072235195032419,1.4468624807374473,-0.43116042317594505,0.2397254494319167,-0.1040251580531251,1.5664678580409614,7,60,1.2175500119449676,59,1.1883392604351142,1,True,123.0,0.44715447154471544,0.004062825047356502,-0.0072821321548,1.352162460837727,-0.43779334297791017,0.2397254494319167,-0.1040251580531251,1.5013032501598225,7.0,145.0,0.5103448275862069,0.01227640578822604,0.0009458397053382,4.1898919165551884,-0.31605951878586647,0.3687231660523884,-0.13823939725321072,1.5836840677773218,9.0,335.0,10.0,95.0,27.0,20.0,3.0,False,False,False,False
time_1300_1359__open_eq4__speed_any__recent5_ge5pct,SPEED_FREE,13:00~13:59回封；第4次炸板后的回封；回封速度不限；回封前5分钟成交额至少前日5%,"open_times_at_signal,signal_hhmm,signal_recent_5m_amount_vs_prev_day",True,c7ac3e95b25a1f08a097d20461aa00ae848ea314,416,228,198,30,0,106,0.44339622641509435,0.005937206784269223,-0.0065106886388534,1.446136076750355,-0.37382082978194286,0.2858048076223851,-0.1642639231052835,1.5821143708061123,6,52,0.862361397989078,54,1.676948991597455,1,True,109.0,0.46788990825688076,0.0076974690146473755,-0.0024840129034597,1.8465917512260226,-0.2525257672011566,0.2858048076223851,-0.1604044205087896,1.570850965314482,6.0,142.0,0.5563380281690141,0.027827867173114612,0.00891033659506653,27.985476875770896,-0.33538207765902883,0.4892913885103991,-0.1642639231052835,1.9717966657954389,8.0,228.0,14.0,77.0,29.0,25.0,11.0,False,False,False,False
time_1400_1429__open_any__speed_2_5__recent5_ge5pct,OPEN_COUNT_FREE,14:00~14:29回封；炸板/回封次数不限；最后炸板后2~5分钟回封；回封前5分钟成交额至少前日5%,"last_break_to_signal_minutes,signal_hhmm,signal_recent_5m_amount_vs_prev_day",True,bfb5575fbafcac0ef209dba22e5ca0adeb4f5676,926,315,267,48,0,124,0.5241935483870968,0.004743939993222134,0.0012203234881575501,1.4448705335336332,-0.5696859232702924,0.2971055310979901,-0.1604044205087896,1.1431767415318523,5,59,0.5957702724175444,65,2.4252142149868763,1,True,126.0,0.5,0.004553732970846863,-0.0015418328194430999,1.4105851805326852,-0.5409965883351582,0.2971055310979901,-0.1604044205087896,1.2395238281777692,5.0,144.0,0.5694444444444444,0.023297288253618494,0.00762906127164235,16.149919285874397,-0.23718857875259658,0.4892913885103991,-0.1889700166746791,1.676527367287907,5.0,311.0,12.0,89.0,25.0,23.0,7.0,False,False,False,False
time_1400_1429__open_eq4__speed_le2,STRUCTURAL_GRID,14:00~14:29回封；第4次炸板后的回封；最后炸板后2分钟内回封,"last_break_to_signal_minutes,open_times_at_signal,signal_hhmm",True,580829fa5c5e5a0df12613f288bf28514cee46b1,435,187,159,28,0,92,0.4782608695652174,0.0063413221306851545,-0.00870305327337565,1.443072173567176,-0.4387434803493252,0.2888703665893359,-0.1389379853296101,1.4034164566085403,5,42,0.6675172496112327,50,2.161850011228372,1,True,98.0,0.5,0.006638629004688638,0.0015035633867841,1.5261960309407037,-0.5276621800450567,0.2888703665893359,-0.1389379853296101,1.2979550793945651,5.0,137.0,0.5766423357664233,0.02297031021597341,0.0071098983309963,14.787953960980262,-0.26918576647132897,0.3687231660523884,-0.1521254777099999,1.6495349194163254,7.0,186.0,23.0,71.0,26.0,29.0,11.0,False,False,False,False
time_1300_1454__open_eq2__speed_any__duration_31_60,SPEED_FREE,13:00~14:54回封；第2次炸板后的回封；回封速度不限；首封后31~60分钟形成回封,"first_to_signal_minutes,open_times_at_signal,signal_hhmm",True,14339319f228b07e5998c8777450e2d1adbea763,719,295,238,57,0,119,0.46218487394957986,0.004472076622051985,-0.0046259348904044,1.4427797859743783,-0.22190980147518902,0.1585663049947058,-0.1014770167402597,1.4505853775408375,8,56,0.9959704221919973,63,1.4486171012980633,1,True,122.0,0.4672131147540984,0.004419767626070341,-0.0043734694315658,1.4467126300520017,-0.2219098014751888,0.1585663049947058,-0.1014770167402597,1.4189038914215144,8.0,146.0,0.4657534246575342,0.012985429605883333,-0.0030729016313405,4.494361321818977,-0.28309552126685966,0.4892913885103991,-0.14417251000998996,1.9699749097562778,6.0,294.0,10.0,95.0,23.0,21.0,7.0,False,False,False,False
time_1300_1454__open_1_2__speed_any__duration_31_60,SPEED_FREE,13:00~14:54回封；第1~2次炸板后的回封；回封速度不限；首封后31~60分钟形成回封,"first_to_signal_minutes,open_times_at_signal,signal_hhmm",True,34c7db40dfd99858fb6fac4d036700a5ddffb940,1446,385,286,99,0,128,0.453125,0.004276593467070318,-0.0049123137055348005,1.4375627211867537,-0.5315773173238871,0.1585663049947058,-0.0986178600460233,1.4821097904189497,15,62,0.6375851524306073,66,2.2546991812881236,1,True,129.0,0.4573643410852713,0.004719311862008934,-0.0049597785599999,1.5261783141769822,-0.5027023658635782,0.1585663049947058,-0.0986178600460233,1.4875206606759486,11.0,147.0,0.48299319727891155,0.005313604009903057,-0.0026754210872093,1.664484859042105,-0.35292186670631676,0.23327959380397686,-0.17629142067722955,1.354713308613646,11.0,385.0,1.0,107.0,15.0,19.0,6.0,False,False,False,False
time_1300_1359__open_1_2__speed_any__ever_40_100,SPEED_FREE,13:00~13:59回封；第1~2次炸板后的回封；回封速度不限；信号时全市场已有40~100只首板触板,"market_ever_sealed_count,open_times_at_signal,signal_hhmm",True,0ef5d9153b397b1be34b87fe73904d9b3b1e52b5,3450,395,293,102,0,126,0.46825396825396826,0.004456699749397933,-0.00449876712296815,1.4370829315999214,-0.4761204631996856,0.1652893008992227,-0.0974055603919598,1.3858906832092122,6,58,0.7121897644941445,68,2.0178371035992835,1,True,126.0,0.46825396825396826,0.00505819818438323,-0.00449876712296815,1.544175388261222,-0.4761204631996856,0.1652893008992227,-0.0974055603919598,1.4196720776631626,6.0,146.0,0.5136986301369864,0.015294977961694382,0.0026008264176526578,6.207153667901952,-0.4052423806406559,0.4892913885103991,-0.14417251000998996,1.7190878374328233,6.0,395.0,5.0,106.0,14.0,16.0,10.0,False,False,False,False
time_1400_1429__open_eq3__speed_any__ever_40_150,SPEED_FREE,14:00~14:29回封；第3次炸板后的回封；回封速度不限；信号时全市场已有40~150只首板触板,"market_ever_sealed_count,open_times_at_signal,signal_hhmm",True,baed79489aa4390c5e1e526f3c1df124fc9681e5,642,296,252,44,0,117,0.5128205128205128,0.004819803883292785,0.0015823569285068,1.4331876118567375,-0.522047599047422,0.1389025984499999,-0.1569867550068164,1.1758810820689154,5,57,0.8570055069376284,60,1.6723201896076518,1,True,119.0,0.5210084033613446,0.005072990814434468,0.0023623580135111,1.4919709031382453,-0.5096243878907711,0.1389025984499999,-0.1569867550068164,1.1527980240194786,5.0,144.0,0.5208333333333334,0.013466795543728635,0.002446191812757758,4.473707446780731,-0.38422784502062846,0.4892913885103991,-0.13823939725321072,1.5375140728772052,8.0,293.0,14.0,92.0,23.0,22.0,7.0,False,False,False,False
time_any__open_eq3__speed_6_10__break_rate_le50,TIME_FREE,回封时间不限；第3次炸板后的回封；最后炸板后6~10分钟回封；信号时累计炸板事件率不超50%,"last_break_to_signal_minutes,market_break_event_rate,open_times_at_signal",True,2023fbb586fa252f6d685452cd1b8ff285ea8c10,26,25,23,2,0,21,0.47619047619047616,0.020031058037143726,-0.0096743792487213,1.4323240979942216,-0.10202048444928469,0.1659870463579606,-0.0919738003774319,2.0936121676957984,2,13,1.103882501931533,8,1.2975331119824745,1,True,49.0,0.5510204081632653,0.0242202509871638,0.018594000245375854,2.7572985518086615,-0.19366105037059722,0.4527951871228668,-0.0919738003774319,1.9058823256259323,3.0,131.0,0.6564885496183206,0.047865101646339114,0.022708749607088758,263.44576168602094,-0.22970534744710858,0.4892913885103991,-0.13823939725321072,2.4349746457916397,4.0,25.0,49.0,26.0,41.0,46.0,18.0,True,False,False,False
time_1400_1454__open_3_5__speed_6_10,STRUCTURAL_GRID,14:00~14:54回封；第3~5次炸板后的回封；最后炸板后6~10分钟回封,"last_break_to_signal_minutes,open_times_at_signal,signal_hhmm",True,84c19f38a16a1b1e1a28c30d5e6d273a7cb26035,321,174,143,31,0,87,0.47126436781609193,0.006012217474642878,-0.0049678171901579,1.430262339856994,-0.3115164665157276,0.2877539667175889,-0.1098246868368515,1.4722714871821228,6,47,1.423824072569912,40,1.0045218137627505,1,True,100.0,0.48,0.010020646100738207,-0.0042190996828148,2.0896162592970513,-0.3939534660540037,0.4527951871228668,-0.1098246868368515,1.6320760940149943,8.0,141.0,0.5673758865248227,0.02775750973216487,0.0121384428452055,28.357907191424957,-0.3277934151539469,0.4527951871228668,-0.14417251000998996,1.924486843049748,7.0,171.0,34.0,71.0,31.0,30.0,9.0,True,False,False,False
time_1300_1359__open_1_2__speed_any__amount_ge1,SPEED_FREE,13:00~13:59回封；第1~2次炸板后的回封；回封速度不限；信号前成交额至少前日1倍,"open_times_at_signal,signal_cumulative_amount_vs_prev_day,signal_hhmm",True,726bca0f3be1ff35bcd4576810036b814f7a1118,4718,479,335,144,0,141,0.46808510638297873,0.004517422174800344,-0.0067596540179023,1.42886555988986,-0.7007623266917445,0.2877539667175889,-0.1293101803360104,1.376435903998429,9,68,1.0933976331212056,73,1.3068123769492996,1,True,141.0,0.46808510638297873,0.004517422174800344,-0.0067596540179023,1.42886555988986,-0.7007623266917445,0.2877539667175889,-0.1293101803360104,1.376435903998429,9.0,155.0,0.5032258064516129,0.011478313429596784,0.0004041721418035946,4.0928438001801455,-0.3989040237255562,0.3687231660523884,-0.11849477438811166,1.55864901237681,10.0,479.0,0.0,113.0,20.0,14.0,8.0,False,False,False,False
time_1400_1429__open_2_3__speed_any__break_close_le0_5,SPEED_FREE,14:00~14:29回封；第2~3次炸板后的回封；回封速度不限；最后炸板分钟收盘回落不超0.5%,"last_break_close_depth_pct,open_times_at_signal,signal_hhmm",True,5418911a906c9e2189bf842d09b271793852ea4f,1613,380,322,58,0,135,0.4888888888888889,0.004144071768769045,-0.0040894997142273,1.427018579940035,-0.4406605154657228,0.2815783803342283,-0.1155916940639999,1.2802937153898928,7,67,1.0373717298297895,68,1.3756096671095701,1,True,136.0,0.4852941176470588,0.003976289868750265,-0.004193147188467999,1.39977240361185,-0.4513400275878269,0.2815783803342283,-0.1155916940639999,1.289182352645079,7.0,150.0,0.5066666666666667,0.009727660607500294,0.00088752982305995,3.0611723988768094,-0.38680027651329285,0.3687231660523884,-0.14417251000998996,1.4522998794991715,5.0,378.0,6.0,118.0,14.0,15.0,3.0,False,False,False,False
time_any__open_1_2__speed_6_10__growth_board,TIME_FREE,回封时间不限；第1~2次炸板后的回封；最后炸板后6~10分钟回封；仅创业板或科创板,"last_break_to_signal_minutes,market_segment,open_times_at_signal",True,9d78ec0513112b1c30dc12b4f04c1f6ac2e6ba88,352,204,146,58,0,83,0.40963855421686746,0.00736516893210142,-0.0132690425999998,1.4233506837339234,-0.4904541440228041,0.2559726948000001,-0.1371603534732558,1.8471201373441715,9,35,1.4756454209829108,48,0.9645614478211467,1,True,91.0,0.4175824175824176,0.009585789089016908,-0.0125229682356472,1.808924954139121,-0.4904541440228041,0.2559726948000001,-0.1371603534732558,1.9180536966601751,9.0,138.0,0.5652173913043478,0.03509878638088633,0.01270857588551478,70.72867952499023,-0.3001370926487864,0.4892913885103991,-0.1370202417594448,2.4490297964830487,6.0,202.0,22.0,68.0,32.0,26.0,12.0,False,False,False,False
time_1300_1359__open_eq3__speed_any__duration_61_120,SPEED_FREE,13:00~13:59回封；第3次炸板后的回封；回封速度不限；首封后61~120分钟形成回封,"first_to_signal_minutes,open_times_at_signal,signal_hhmm",True,fee4963c77c6ce0622f32b58b06a1c8a087de76e,386,237,189,48,0,102,0.46078431372549017,0.006026528316535273,-0.005090874484022,1.4225154974186476,-0.4463667852573533,0.3721270239550671,-0.1293101803360104,1.461887467641325,7,47,0.8052816381727829,55,1.7664819734948807,1,True,105.0,0.47619047619047616,0.008686651434799911,-0.0034257605833846,1.8777982067741033,-0.34440683709334907,0.3721270239550671,-0.1293101803360104,1.502734719615977,7.0,139.0,0.5899280575539568,0.03256568100207016,0.01852346386305976,51.829219512485075,-0.25076115946530564,0.4892913885103991,-0.13823939725321072,2.0884763629031977,6.0,237.0,18.0,86.0,22.0,23.0,8.0,False,False,False,False
time_1300_1454__open_2_3__speed_any__recent5_ge5pct,SPEED_FREE,13:00~14:54回封；第2~3次炸板后的回封；回封速度不限；回封前5分钟成交额至少前日5%,"open_times_at_signal,signal_hhmm,signal_recent_5m_amount_vs_prev_day",True,5bfee6f52995d7111016cf79bf61147595eee592,4397,474,357,117,0,144,0.4305555555555556,0.004791910736571711,-0.01074661674310585,1.420981744244754,-0.48276132949071004,0.2858048076223851,-0.1448483447080645,1.6001902245901665,10,73,0.7748431142954988,71,1.8338960726736728,1,True,144.0,0.4305555555555556,0.004791910736571711,-0.01074661674310585,1.420981744244754,-0.48276132949071004,0.2858048076223851,-0.1448483447080645,1.6001902245901665,10.0,156.0,0.4807692307692308,0.0128289514912249,-0.00530519036998395,4.979111023221975,-0.3289327204017064,0.3687231660523884,-0.13823939725321072,1.7557306321370145,10.0,474.0,0.0,115.0,21.0,14.0,6.0,False,False,False,False
time_any__open_any__speed_any__duration_16_30__ever_40_100,PURE_QUALITY_PAIR_ALL_TIME_AND_OPEN_COUNT,回封时间不限；炸板/回封次数不限；回封速度不限；首封后16~30分钟形成回封；信号时全市场已有40~100只首板触板,"first_to_signal_minutes,market_ever_sealed_count",True,1c70b8b6d0d977206422a50b8dc45e3ee2dfe32d,2267,387,293,94,0,128,0.4453125,0.00468443436401924,-0.0070114252188466005,1.418439932913192,-0.4918115458154585,0.2798824747699878,-0.1192656039362559,1.512803970142075,6,59,1.065535446578526,69,1.3311991989265646,2,True,128.0,0.4453125,0.00468443436401924,-0.0070114252188466005,1.418439932913192,-0.4918115458154585,0.2798824747699878,-0.1192656039362559,1.512803970142075,6.0,148.0,0.5405405405405406,0.02392612671112414,0.004068191687637326,19.630298321567874,-0.3715237254937882,0.4892913885103991,-0.14417251000998996,1.9589331252240618,5.0,387.0,0.0,104.0,19.0,15.0,10.0,False,False,False,False
time_1400_1429__open_eq2__speed_any__recent5_ge10pct,SPEED_FREE,14:00~14:29回封；第2次炸板后的回封；回封速度不限；回封前5分钟成交额至少前日10%,"open_times_at_signal,signal_hhmm,signal_recent_5m_amount_vs_prev_day",True,b73761ec57ac6b7b39b73e579f941d81578d3720,425,247,188,59,0,105,0.44761904761904764,0.004767356612836684,-0.0047372089874999,1.4138183082531994,-0.2831415344690267,0.2877539667175889,-0.0898949849731343,1.5687046712449892,6,54,1.3053661032537096,51,1.0830818302460623,1,True,112.0,0.45535714285714285,0.007932236528718948,-0.00468157193895215,1.972600840346138,-0.3079432632928514,0.2884775816944691,-0.0898949849731343,1.7251195894869902,5.0,145.0,0.5379310344827586,0.0188920267880386,0.0038004795179255,9.832626252193275,-0.3644183801726568,0.3687231660523884,-0.17629142067722955,1.761088151801557,8.0,243.0,23.0,75.0,29.0,33.0,8.0,False,False,False,False
time_any__open_eq1__speed_6_10__duration_61_120,TIME_FREE,回封时间不限；第1次炸板后的回封；最后炸板后6~10分钟回封；首封后61~120分钟形成回封,"first_to_signal_minutes,last_break_to_signal_minutes,open_times_at_signal",True,59ebc01e9ce64604c86819675b1ff2fc6373818e,103,86,60,26,0,48,0.4791666666666667,0.008707186645252161,-0.0031411495832653997,1.410985139905251,-0.23558851189872998,0.1652893008992227,-0.10265227211497,1.6657123305710337,7,20,0.9396576247190875,28,1.5015949456346587,1,True,68.0,0.45588235294117646,0.004663694206528253,-0.00352801248778295,1.2645317855832583,-0.3208498077268871,0.1372153492085105,-0.10265227211497,1.5251089734354886,5.0,136.0,0.625,0.03723994333974746,0.018455343904997756,88.89074839367433,-0.22970534744710858,0.4892913885103991,-0.13823939725321072,2.2333065159123175,4.0,85.0,44.0,39.0,38.0,43.0,16.0,False,False,False,False
time_1300_1454__open_any__speed_le1__seal_rate_40_60,OPEN_COUNT_FREE,13:00~14:54回封；炸板/回封次数不限；最后炸板后1分钟内回封；信号时全市场首板封住率40%~60%,"last_break_to_signal_minutes,market_seal_rate,signal_hhmm",True,be499bf66c19f80398e3edc37e6a3ea336a5306a,904,91,74,17,0,50,0.48,0.00912072030561365,-0.00306129132653065,1.4087306267382065,-0.33055327479822205,0.13740021102908,-0.1527802601283696,1.5134410271629986,6,29,1.5011720983732302,21,0.938420470420947,1,True,71.0,0.4647887323943662,0.01464966178921335,-0.004002641426087,2.2833610760628584,-0.3137952243456096,0.4527951871228668,-0.1527802601283696,1.9718943165726304,8.0,136.0,0.5955882352941176,0.03257949378414915,0.018455343904997756,50.42461553968983,-0.35896233194934213,0.3687231660523884,-0.1527802601283696,2.042405297699627,4.0,90.0,46.0,44.0,32.0,43.0,17.0,True,False,False,False
time_1400_1429__open_eq4__speed_any__amount_ge1,SPEED_FREE,14:00~14:29回封；第4次炸板后的回封；回封速度不限；信号前成交额至少前日1倍,"open_times_at_signal,signal_cumulative_amount_vs_prev_day,signal_hhmm",True,fa096757b20ed1ce391acb182b44fd0ed1222eea,682,275,237,38,0,117,0.46153846153846156,0.005109838477805126,-0.0055247986020876,1.4050580318542725,-0.6146457088713719,0.2804551011527076,-0.1098246868368515,1.4224733098575797,10,56,0.6219209059822607,61,2.259223027139,1,True,121.0,0.4462809917355372,0.003420187812808762,-0.0062938178552321,1.169868912916871,-0.62559609075101,0.2804551011527076,-0.1098246868368515,1.4191233470337705,10.0,144.0,0.4583333333333333,0.011318552207218157,-0.00487059227631844,3.403995887288649,-0.6786793251121017,0.3687231660523884,-0.1521254777099999,1.789234265265492,10.0,272.0,16.0,99.0,16.0,21.0,8.0,False,False,False,False
time_any__open_eq1__speed_6_10__growth_board,TIME_FREE,回封时间不限；第1次炸板后的回封；最后炸板后6~10分钟回封；仅创业板或科创板,"last_break_to_signal_minutes,market_segment,open_times_at_signal",True,c14fd129a2a8cbbd757af500ace05e5aa821c433,236,161,116,45,0,71,0.4084507042253521,0.007617304511407854,-0.0125229682356472,1.4049744895160168,-0.5093561636720345,0.2888703665893359,-0.1371603534732558,1.9149071747797504,9,28,1.2923777973678074,43,1.087123666452282,1,True,83.0,0.39759036144578314,0.008197854406757773,-0.0125229682356472,1.5835168981462562,-0.5298397333466798,0.2888703665893359,-0.1371603534732558,2.0577205053892467,10.0,133.0,0.6090225563909775,0.043338926857023466,0.02049000083100966,172.2049082723911,-0.1987443482370359,0.4892913885103991,-0.11849477438811166,2.8285188760216022,6.0,159.0,28.0,54.0,36.0,30.0,13.0,False,False,False,False
time_any__open_eq3__speed_6_10__ever_40_150,TIME_FREE,回封时间不限；第3次炸板后的回封；最后炸板后6~10分钟回封；信号时全市场已有40~150只首板触板,"last_break_to_signal_minutes,market_ever_sealed_count,open_times_at_signal",True,c555c477e5e1158885eaa9fbcb8f4ba594831c62,310,196,166,30,0,93,0.4838709677419355,0.005619553886244743,-0.0024840129034597,1.4039751516789414,-0.33637206821281385,0.140190473515297,-0.2040006245101206,1.3618054822471195,5,44,1.3346689728407948,49,1.051927616696319,1,True,100.0,0.48,0.00748305802067902,-0.00295488674342215,1.7495345517994656,-0.33637206821281385,0.140190473515297,-0.2040006245101206,1.509418224281437,5.0,140.0,0.5785714285714286,0.026867623288079047,0.00944076183214295,26.92528807200905,-0.27924661920345817,0.4892913885103991,-0.11849477438811166,1.933586313442821,6.0,194.0,20.0,70.0,32.0,30.0,8.0,False,False,False,False
time_any__open_eq4__speed_le2__growth_board,TIME_FREE,回封时间不限；第4次炸板后的回封；最后炸板后2分钟内回封；仅创业板或科创板,"last_break_to_signal_minutes,market_segment,open_times_at_signal",True,4a340a4f66c36d8ececaa365016130c75aadcbbd,247,142,118,24,0,80,0.4375,0.0077120776596478705,-0.00706405196088655,1.4023820146706687,-0.6362705713310324,0.2888703665893359,-0.1370202417594448,1.6745161782341518,6,40,0.5689578603722912,40,2.4648258023064042,1,True,89.0,0.449438202247191,0.008037532112861089,-0.0068281652852017,1.574730728424891,-0.5341794868953748,0.2888703665893359,-0.1370202417594448,1.6380473301658893,7.0,140.0,0.6071428571428571,0.034068532221591646,0.014958056449844638,66.41190214760117,-0.29107312940651986,0.4892913885103991,-0.1043668645883486,2.1018547928091875,6.0,141.0,32.0,51.0,38.0,38.0,13.0,False,False,False,False
time_1300_1359__open_2_3__speed_any__break_rate_le50,SPEED_FREE,13:00~13:59回封；第2~3次炸板后的回封；回封速度不限；信号时累计炸板事件率不超50%,"market_break_event_rate,open_times_at_signal,signal_hhmm",True,b55ebde1eeb2e790db432395fbdab14fe65da9d9,152,69,55,14,0,45,0.4888888888888889,0.010377766757818896,-0.0043614932459362,1.3990688734701302,-0.3678834076800763,0.2858048076223851,-0.1293101803360104,1.5416695412167016,9,23,1.1093570387341065,22,1.2611529242800101,1,True,67.0,0.5223880597014925,0.013833187887408999,0.0037643905137931,2.077348637503487,-0.2549537466221333,0.4527951871228668,-0.1293101803360104,1.59897787321919,7.0,133.0,0.6616541353383458,0.044527154468094236,0.020424129636437156,180.2215180181229,-0.20569199872479282,0.5231929254879739,-0.13823939725321072,2.221017296851803,6.0,69.0,41.0,41.0,37.0,42.0,13.0,True,False,False,False
time_1400_1454__open_3_5__speed_any__seal_rate_ge70,SPEED_FREE,14:00~14:54回封；第3~5次炸板后的回封；回封速度不限；信号时全市场首板封住率至少70%,"market_seal_rate,open_times_at_signal,signal_hhmm",True,7f0ffa99a8c1042476956813ed34d2e8b1aa54be,2092,313,257,56,0,126,0.46825396825396826,0.0046158534138447975,-0.00541172677848075,1.3988243488372858,-0.4587203902161294,0.2888703665893359,-0.1075199501545683,1.3855634262165295,4,60,0.6344093531740153,66,2.2049239057381875,1,True,127.0,0.4645669291338583,0.0046894962843436125,-0.0060218649410526,1.4203609839245177,-0.3770851025488018,0.2888703665893359,-0.1075199501545683,1.4142561229442945,4.0,146.0,0.4726027397260274,0.010852255984163364,-0.0049428300622007,3.184287112619841,-0.4142959521916513,0.3687231660523884,-0.13823939725321072,1.6387772324261056,7.0,307.0,12.0,101.0,22.0,21.0,2.0,False,False,False,False
time_1400_1429__open_1_2__speed_le2,STRUCTURAL_GRID,14:00~14:29回封；第1~2次炸板后的回封；最后炸板后2分钟内回封,"last_break_to_signal_minutes,open_times_at_signal,signal_hhmm",True,3b761fea1f5062bca5adbb4415d11f165ded153a,1066,318,251,67,0,116,0.49137931034482757,0.004547492919001363,-0.0011850447986381,1.3965962527370617,-0.4548094879911191,0.1371003094875,-0.1627708681676576,1.2751718573606055,11,56,0.9533222439471953,60,1.4649781452224433,1,True,121.0,0.45454545454545453,0.0020287130378494663,-0.0055247986020876,1.0574570428915335,-0.5216626802967652,0.1371003094875,-0.1448809394999999,1.3183711441703376,11.0,141.0,0.46099290780141844,0.010720230427202129,-0.0047372089874999,2.6043773714429044,-0.573303021797002,0.5231929254879739,-0.17629142067722955,1.718323942462357,9.0,316.0,9.0,100.0,20.0,19.0,2.0,False,False,False,False
time_1001_1359__open_eq3__speed_ge11,STRUCTURAL_GRID,10:01~13:59回封；第3次炸板后的回封；最后炸板11分钟后回封,"last_break_to_signal_minutes,open_times_at_signal,signal_hhmm",True,1450f4049308efd5bc798dc3728819cbe53566e6,395,224,192,32,0,105,0.44761904761904764,0.005299582281123161,-0.0065455867640624,1.3954727889134708,-0.4601010424546528,0.2124694253476716,-0.1235870262557176,1.5352956307029415,8,54,1.0680860900279932,51,1.3065171449586974,1,True,110.0,0.4727272727272727,0.00941243969938918,-0.005588120358841649,2.0920488662542835,-0.3402773867160087,0.3090002845557691,-0.1235870262557176,1.5798620421524425,8.0,142.0,0.5211267605633803,0.024356306297517623,0.00319081945755865,17.558953103516107,-0.3010863797844805,0.4892913885103991,-0.13823939725321072,2.013913692174898,7.0,224.0,16.0,81.0,25.0,26.0,10.0,True,False,False,False
time_1001_1130__open_any__speed_6_10__seal_rate_40_60,OPEN_COUNT_FREE,10:01~11:30回封；炸板/回封次数不限；最后炸板后6~10分钟回封；信号时全市场首板封住率40%~60%,"last_break_to_signal_minutes,market_seal_rate,signal_hhmm",True,a483bd62f19c602434090a48559777de6168bcbf,62,34,29,5,0,24,0.5833333333333334,0.015854328446803165,0.0059082880170443,1.3951631564122757,-0.1366421586681661,0.2566166619278637,-0.0578222505932534,1.5974591550196193,4,11,1.2157584205040783,13,1.147566105965207,1,True,55.0,0.5454545454545454,0.01584260258067736,0.0071572558285714,2.0764241264383103,-0.18915199167239694,0.4527951871228668,-0.07234699681846155,1.720812849312541,6.0,134.0,0.6716417910447762,0.04699084546994891,0.02137555133739029,274.08155493166885,-0.2297053474471087,0.4892913885103991,-0.13823939725321072,2.3881838730821987,4.0,34.0,52.0,34.0,38.0,46.0,16.0,True,False,False,False
time_1001_1130__open_any__speed_6_10__duration_16_30,OPEN_COUNT_FREE,10:01~11:30回封；炸板/回封次数不限；最后炸板后6~10分钟回封；首封后16~30分钟形成回封,"first_to_signal_minutes,last_break_to_signal_minutes,signal_hhmm",True,09343c85177243f18f28b513076fb6a74a890a39,268,190,146,44,0,85,0.43529411764705883,0.0060718403354345155,-0.0088925014513353,1.3938648241593394,-0.31710155002646534,0.1935590908019999,-0.189337554306236,1.667651627735981,6,38,0.9339480270242496,47,1.492443673338525,1,True,92.0,0.44565217391304346,0.006485140972281801,-0.009148744486605149,1.4988598127964052,-0.32819904644197717,0.1935590908019999,-0.189337554306236,1.6227429207702058,6.0,136.0,0.5514705882352942,0.02417499181216489,0.004766441950549516,16.967283818098036,-0.3995180689262522,0.4892913885103991,-0.1777544284995882,2.005181271410798,7.0,190.0,23.0,67.0,26.0,35.0,8.0,False,False,False,False
time_any__open_1_2__speed_le1__duration_16_30,TIME_FREE,回封时间不限；第1~2次炸板后的回封；最后炸板后1分钟内回封；首封后16~30分钟形成回封,"first_to_signal_minutes,last_break_to_signal_minutes,open_times_at_signal",True,03366499a71030662a62891886fb091fbd602974,779,330,260,70,0,122,0.5081967213114754,0.004547023730950318,0.00179038340229465,1.3934960333815685,-0.3312201694961141,0.1376299251151079,-0.1274921453846094,1.1745535819762736,6,60,0.9757968215520448,62,1.4280596150796596,1,True,125.0,0.496,0.002741460091513273,-0.000796190837037,1.1173519536943295,-0.4792333795865552,0.1376299251151079,-0.1662647956514495,1.1421831148622028,8.0,145.0,0.5517241379310345,0.02053381195266137,0.0030365894678405,11.667734614474712,-0.3091643464310109,0.4892913885103991,-0.1274921453846094,1.6809326205712523,5.0,330.0,7.0,99.0,18.0,18.0,10.0,False,False,False,False
time_1400_1429__open_eq2__speed_2_5,STRUCTURAL_GRID,14:00~14:29回封；第2次炸板后的回封；最后炸板后2~5分钟回封,"last_break_to_signal_minutes,open_times_at_signal,signal_hhmm",True,600cb54381a4a08c70c170d86cfc023b657a9621,337,169,137,32,0,78,0.5128205128205128,0.005405512864346978,0.000410306423091,1.3905518821641756,-0.22561401455267704,0.1369505808659998,-0.0950430270917881,1.2755018334702746,6,35,1.3620632270899589,43,1.02091580956567,1,True,87.0,0.4942528735632184,1.4794604100139928e-05,-0.0013986654,0.8988562924843281,-0.4854017108772478,0.1367929126226185,-0.151491843543652,1.0240624446472495,7.0,137.0,0.583941605839416,0.028246278987771788,0.0094151564641321,26.72033467232684,-0.47569006450979034,0.4892913885103991,-0.17629142067722955,1.77850709439023,6.0,165.0,29.0,56.0,36.0,34.0,11.0,False,False,False,False
time_any__open_2_3__speed_6_10__recent5_ge5pct,TIME_FREE,回封时间不限；第2~3次炸板后的回封；最后炸板后6~10分钟回封；回封前5分钟成交额至少前日5%,"last_break_to_signal_minutes,open_times_at_signal,signal_recent_5m_amount_vs_prev_day",True,e0723f0f0fe26b73c8b21d15214765bf23b02d27,723,322,241,81,0,120,0.45,0.004708565895070141,-0.0060621458084709,1.389802132760922,-0.47524379240304104,0.2559726948000001,-0.1604044205087896,1.4938322634851144,12,57,1.0468351538080258,63,1.3276227185391138,1,True,123.0,0.43089430894308944,0.002487598019125049,-0.0084119022287424,1.0609349318082597,-0.57749156214588,0.2559726948000001,-0.16676560959,1.4668114548339772,12.0,144.0,0.4583333333333333,0.009259255843506549,-0.00490672463482825,2.6427780270240557,-0.47821086095080323,0.25794581579670345,-0.17629142067722955,1.7124991178968947,6.0,321.0,8.0,98.0,16.0,17.0,13.0,False,False,False,False
time_any__open_eq2__speed_le1__break_low_le2,TIME_FREE,回封时间不限；第2次炸板后的回封；最后炸板后1分钟内回封；最后炸板分钟最低回落不超2%,"last_break_low_depth_pct,last_break_to_signal_minutes,open_times_at_signal",True,90cba74490eccd6bd8f68ded06a2810d6e8cc52c,2360,451,361,90,0,144,0.4930555555555556,0.00414390481716707,-0.0006507800272642,1.3888707549928412,-0.6343512248482801,0.1865259303471385,-0.1792189802694261,1.2283720626977241,5,73,0.4404088164903782,71,3.1535943491339813,1,True,144.0,0.4930555555555556,0.00414390481716707,-0.0006507800272642,1.3888707549928412,-0.6343512248482801,0.1865259303471385,-0.1792189802694261,1.2283720626977241,5.0,155.0,0.5096774193548387,0.0073212984396763305,0.0016095808767122,2.305952204520017,-0.3582372429684644,0.21575685510355055,-0.1792189802694261,1.3175985873982823,5.0,451.0,0.0,124.0,7.0,18.0,6.0,False,False,False,False
time_any__open_eq2__speed_le1,STRUCTURAL_GRID,回封时间不限；第2次炸板后的回封；最后炸板后1分钟内回封,"last_break_to_signal_minutes,open_times_at_signal",True,e0cd7c074a5597c5217eca372e2e15235bb077e8,2387,453,362,91,0,144,0.4930555555555556,0.00414390481716707,-0.0006507800272642,1.3888707549928412,-0.6343512248482801,0.1865259303471385,-0.1792189802694261,1.2283720626977241,5,73,0.4404088164903782,71,3.1535943491339813,1,True,144.0,0.4930555555555556,0.00414390481716707,-0.0006507800272642,1.3888707549928412,-0.6343512248482801,0.1865259303471385,-0.1792189802694261,1.2283720626977241,5.0,154.0,0.5,0.004604904903431609,-2.412162621049998e-05,1.5313710773009124,-0.5738086319913336,0.21575685510355055,-0.1792189802694261,1.225370136322434,5.0,453.0,0.0,122.0,8.0,18.0,6.0,False,False,False,False
time_1300_1359__open_eq4__speed_any__seal_rate_40_60,SPEED_FREE,13:00~13:59回封；第4次炸板后的回封；回封速度不限；信号时全市场首板封住率40%~60%,"market_seal_rate,open_times_at_signal,signal_hhmm",True,6b71c1b45f0467342832348729f0e343fd19c0fb,102,40,35,5,0,30,0.5666666666666667,0.012878055979401495,0.0074472136623635506,1.3876111507053908,-0.1456319410863688,0.1382248145666667,-0.0965162086203549,1.3268458073075526,3,14,1.0522079807341247,16,1.3187612868486844,1,True,57.0,0.5263157894736842,0.015224416612334838,0.0087614910589285,2.006284061262633,-0.3041853940406043,0.4527951871228668,-0.0965162086203549,1.62226543235981,4.0,133.0,0.6541353383458647,0.04579707629174259,0.02049000083100966,222.61337466971392,-0.22970534744710858,0.4892913885103991,-0.13823939725321072,2.4136391841964815,7.0,40.0,49.0,38.0,34.0,45.0,16.0,False,False,False,False
time_before_1400__open_eq3__speed_6_10,STRUCTURAL_GRID,14:00前回封；第3次炸板后的回封；最后炸板后6~10分钟回封,"last_break_to_signal_minutes,open_times_at_signal,signal_hhmm",True,6001df28662d549a2a8b94ad49b540a771271791,261,182,158,24,0,90,0.5,0.0059279220265606395,0.00025940322734894995,1.38746208198802,-0.3134400372976496,0.1659870463579606,-0.2040006245101206,1.2569853270215512,5,42,1.180983579178169,48,1.1748360489089413,1,True,96.0,0.4583333333333333,0.005073880577058411,-0.006681859532074549,1.320935815570124,-0.38020626642912525,0.1659870463579606,-0.2040006245101206,1.4443177488801415,6.0,140.0,0.5214285714285715,0.021100784252148536,0.003089654166562374,12.869929192143516,-0.23051943689033794,0.25794581579670345,-0.10289842300991688,1.9990903599538972,5.0,182.0,22.0,71.0,25.0,33.0,11.0,False,False,False,False
time_any__open_eq2__speed_6_10__duration_61_120,TIME_FREE,回封时间不限；第2次炸板后的回封；最后炸板后6~10分钟回封；首封后61~120分钟形成回封,"first_to_signal_minutes,last_break_to_signal_minutes,open_times_at_signal",True,786c9ad9617f2214ec0753840ce5c49f6163c471,159,123,100,23,0,65,0.4461538461538462,0.008677590954824357,-0.0135574189952544,1.3867336738328013,-0.5175863072258483,0.3721270239550671,-0.200076232581116,1.6503780226907179,6,32,1.109708517970902,33,1.2496377664726213,1,True,80.0,0.475,0.006703932351628694,-0.006777183387117249,1.3819499304428273,-0.43592924694398194,0.2559726948000001,-0.200076232581116,1.411149319327379,8.0,133.0,0.6090225563909775,0.03653575577090616,0.019180342510750216,73.0484607808369,-0.1876588693073885,0.4892913885103991,-0.13823939725321072,2.1415284967899972,4.0,123.0,37.0,54.0,32.0,36.0,11.0,False,False,False,False
time_1400_1429__open_eq1__speed_any__break_low_le1,SPEED_FREE,14:00~14:29回封；第1次炸板后的回封；回封速度不限；最后炸板分钟最低回落不超1%,"last_break_low_depth_pct,open_times_at_signal,signal_hhmm",True,4bc39b7398339ebe4ca5436ca83982dede7c35cc,926,314,238,76,0,116,0.47413793103448276,0.004157834130679173,-0.00349069538730905,1.3826190760678831,-0.5821605336859501,0.1485710589249087,-0.1288757851798571,1.3638996924335718,7,57,0.8632976792975818,59,1.601555418512007,1,True,117.0,0.5128205128205128,0.007892143780049148,0.0020957083690946,2.140433006546271,-0.5169563876678187,0.1485710589249087,-0.1288757851798571,1.4044656149131565,7.0,142.0,0.5140845070422535,0.014327328834989973,0.0022823940910051497,5.0129364496494455,-0.4701069804886123,0.4892913885103991,-0.17629142067722955,1.5997367735531425,8.0,309.0,9.0,89.0,19.0,27.0,7.0,True,False,False,False
time_1300_1359__open_1_2__speed_any__ever_40_150,SPEED_FREE,13:00~13:59回封；第1~2次炸板后的回封；回封速度不限；信号时全市场已有40~150只首板触板,"market_ever_sealed_count,open_times_at_signal,signal_hhmm",True,b3a9ea07304db652cf4ee1cd67112b14fef52e27,4299,414,305,109,0,127,0.48031496062992124,0.00412599849572203,-0.0043614932459362,1.3821714021158469,-0.4639218874751653,0.1652893008992227,-0.1056750764320755,1.3010109688226543,6,59,0.7287731585039041,68,1.89657287180184,1,True,127.0,0.48031496062992124,0.00412599849572203,-0.0043614932459362,1.3821714021158469,-0.4639218874751653,0.1652893008992227,-0.1056750764320755,1.3010109688226543,6.0,146.0,0.5136986301369864,0.014615005876873541,0.0026008264176526578,5.5955599907646105,-0.3180681997202537,0.4892913885103991,-0.14417251000998996,1.6595656727419827,4.0,414.0,0.0,104.0,15.0,16.0,11.0,False,False,False,False
time_1400_1454__open_eq2__speed_2_5,STRUCTURAL_GRID,14:00~14:54回封；第2次炸板后的回封；最后炸板后2~5分钟回封,"last_break_to_signal_minutes,open_times_at_signal,signal_hhmm",True,147087389e4d81353f5f51d3a76dbca64b126560,610,247,187,60,0,101,0.44554455445544555,0.004835402370660928,-0.0049678171901579,1.3774690611837803,-0.444219585446217,0.2886461432667387,-0.1116008761410474,1.5729676101743468,10,48,1.0242158360800078,53,1.3449011552640915,1,True,103.0,0.42718446601941745,-0.00030213420760820197,-0.00769700129483762,0.8143258231185482,-0.5821530031442025,0.2886461432667387,-0.151491843543652,1.3213483715252816,10.0,142.0,0.5633802816901409,0.024785508857392995,0.008128425267252626,20.249845181096955,-0.49344324595298183,0.3687231660523884,-0.17629142067722955,1.7917030702342467,7.0,233.0,25.0,70.0,32.0,31.0,9.0,False,False,False,False
time_any__open_eq3__speed_6_10__amount_ge2,TIME_FREE,回封时间不限；第3次炸板后的回封；最后炸板后6~10分钟回封；信号前成交额至少前日2倍,"last_break_to_signal_minutes,open_times_at_signal,signal_cumulative_amount_vs_prev_day",True,a32516b48c506de8de353c1671f802d8ce17d1c0,187,136,117,19,0,72,0.3888888888888889,0.005964735271672666,-0.01066565895945905,1.3764949197020937,-0.2882395703013949,0.1659870463579606,-0.1056750764320755,2.133442613151027,6,35,1.042770754415399,37,1.3200359847776795,1,True,86.0,0.4069767441860465,0.006486914904720011,-0.008562645081662799,1.557957402607396,-0.23694527406113253,0.140190473515297,-0.0871615302333235,2.0543366175187643,6.0,133.0,0.5714285714285714,0.024771336938364755,0.0076570862783502,18.714061050882826,-0.21894708510678307,0.25794581579670345,-0.11849477438811166,1.9505657950788577,4.0,134.0,34.0,55.0,28.0,39.0,11.0,False,False,False,False
time_1400_1429__open_ge2__speed_any__seal_rate_ge70,SPEED_FREE,14:00~14:29回封；第2次及以后炸板后的回封；回封速度不限；信号时全市场首板封住率至少70%,"market_seal_rate,open_times_at_signal,signal_hhmm",True,dd48f5b433b78fcf2618319ede4a6af105961da6,2711,316,260,56,0,118,0.4830508474576271,0.0045074587615527035,-0.00366708867941025,1.3756213772895731,-0.3610232649318129,0.2397254494319167,-0.1604044205087896,1.3097156066697944,5,57,0.7857065198860839,61,1.7508081484280158,1,True,121.0,0.49586776859504134,0.009235607873750423,-0.0031403863110377,2.3880562892380772,-0.2993839686168175,0.2884775816944691,-0.1604044205087896,1.5229083538162134,5.0,142.0,0.5422535211267606,0.019115748615710103,0.00328697771024895,9.96120034720391,-0.3599554769910146,0.3687231660523884,-0.1604044205087896,1.681738960415961,9.0,316.0,9.0,96.0,24.0,18.0,4.0,True,False,False,False
time_1400_1429__open_eq3__speed_any__seal_rate_ge60,SPEED_FREE,14:00~14:29回封；第3次炸板后的回封；回封速度不限；信号时全市场首板封住率至少60%,"market_seal_rate,open_times_at_signal,signal_hhmm",True,d5cf774cb7e5a5d56f4a1286d65983a090a8043e,765,291,244,47,0,116,0.49137931034482757,0.004583827589601748,-0.0020164997175581498,1.3748369977124013,-0.497724528750912,0.1389025984499999,-0.1569867550068164,1.2571064251879014,4,58,0.8659538271028072,58,1.5876562406475514,1,True,119.0,0.48739495798319327,0.0027456353881422603,-0.0034703821754717,1.126472140022644,-0.594399835950278,0.1389025984499999,-0.1569867550068164,1.1852440766089216,5.0,143.0,0.5384615384615384,0.012679988867374403,0.004544094725274752,4.383824453188475,-0.35336432186009814,0.3687231660523884,-0.13823939725321072,1.426128031394458,7.0,288.0,15.0,89.0,24.0,22.0,8.0,False,False,False,False
time_1001_1359__open_any__speed_2_5__duration_16_30,OPEN_COUNT_FREE,10:01~13:59回封；炸板/回封次数不限；最后炸板后2~5分钟回封；首封后16~30分钟形成回封,"first_to_signal_minutes,last_break_to_signal_minutes,signal_hhmm",True,118a18bd38acb5acf91293aaa3726a3cf3472431,990,340,275,65,0,127,0.48031496062992124,0.004705368028856424,-0.0046817514528238,1.3739738790517495,-0.5358667392890177,0.2798824747699878,-0.1252767043846154,1.312447026261468,5,60,0.8309311585752311,67,1.6535351513447334,1,True,129.0,0.4883720930232558,0.006514033264961046,-0.0013986654,1.7431356511075142,-0.4699351322730859,0.2798824747699878,-0.1728487148252491,1.3709685284137483,5.0,147.0,0.5238095238095238,0.012273784551926415,0.0021734814181253,4.070103477744491,-0.28378862092868196,0.3687231660523884,-0.1728487148252491,1.4630712200021296,5.0,340.0,6.0,102.0,16.0,18.0,11.0,False,False,False,False
time_1400_1454__open_any__speed_6_10__seal_rate_ge70,OPEN_COUNT_FREE,14:00~14:54回封；炸板/回封次数不限；最后炸板后6~10分钟回封；信号时全市场首板封住率至少70%,"last_break_to_signal_minutes,market_seal_rate,signal_hhmm",True,684d042005612935e0aecb7c95fd33187b05c572,525,219,169,50,0,101,0.44554455445544555,0.004555706256165258,-0.0039228260689655,1.3737323704227384,-0.4017643037620816,0.1511065042771623,-0.1627866280771597,1.560676285757478,8,49,0.6980255187666589,52,1.968026001184005,1,True,108.0,0.48148148148148145,0.008827539432108227,-0.0013986653999999502,2.1937028359441038,-0.33062375493040397,0.1511065042771623,-0.1627866280771597,1.6382210644024795,8.0,139.0,0.5611510791366906,0.027328285213827894,0.010606999842834385,28.711152131851318,-0.2297053474471087,0.4892913885103991,-0.13823939725321072,2.277810977123026,4.0,212.0,24.0,74.0,32.0,23.0,10.0,True,False,False,False
time_1400_1429__open_eq4__speed_any__ever_20_60,SPEED_FREE,14:00~14:29回封；第4次炸板后的回封；回封速度不限；信号时全市场已有20~60只首板触板,"market_ever_sealed_count,open_times_at_signal,signal_hhmm",True,e8b8d4d5647682927e03a4387fc596abb5fe353c,147,102,88,14,0,62,0.532258064516129,0.006768042566316259,0.00430389677395405,1.370563742762562,-0.23055514865281268,0.137297320831579,-0.1075199501545683,1.1822790622488368,4,29,1.0514077905334969,33,1.303551062777575,1,True,89.0,0.5056179775280899,0.011790692860436403,0.0013883431095344,2.268072996441416,-0.3451570329777627,0.4527951871228668,-0.1075199501545683,1.546850361883997,5.0,144.0,0.6319444444444444,0.03339651769798191,0.016937575151956957,73.0415856163566,-0.22970534744710858,0.4527951871228668,-0.13823939725321072,2.036611424650861,6.0,102.0,52.0,57.0,34.0,36.0,17.0,True,False,False,False
time_any__open_eq2__speed_6_10__duration_ge121,TIME_FREE,回封时间不限；第2次炸板后的回封；最后炸板后6~10分钟回封；首封121分钟后形成回封,"first_to_signal_minutes,last_break_to_signal_minutes,open_times_at_signal",True,1dde6294e179ab250912c783624f52c5279768dc,92,78,66,12,0,49,0.5306122448979592,0.008536044597121702,0.0057477040600678,1.369947379010105,-0.1744104532506554,0.2815783803342283,-0.0822850841273497,1.2925528773081532,4,27,1.5274660556968431,22,0.8968758250965669,1,True,65.0,0.47692307692307695,0.011217433824210445,-0.0016651726550969,1.7283149802975726,-0.2204188374017254,0.4527951871228668,-0.0822850841273497,1.7284847963166077,4.0,130.0,0.6230769230769231,0.041140333322806526,0.014958056449844638,111.05893395825073,-0.23336265122761668,0.4892913885103991,-0.11849477438811166,2.386252344107729,5.0,76.0,42.0,42.0,35.0,39.0,14.0,False,False,False,False
time_1300_1359__open_eq2__speed_any__seal_rate_40_60,SPEED_FREE,13:00~13:59回封；第2次炸板后的回封；回封速度不限；信号时全市场首板封住率40%~60%,"market_seal_rate,open_times_at_signal,signal_hhmm",True,ab8873f06c0f6097897532009e1f269936f21674,199,56,47,9,0,36,0.4722222222222222,0.010182741786569968,-0.0032181093376404003,1.3675245377622902,-0.1684618116897797,0.160791674553094,-0.0718269113102017,1.8138126196806323,6,18,1.309756478460924,18,1.044105954237576,1,True,60.0,0.48333333333333334,0.015201645411660884,-0.0032181093376404003,2.1121564162170663,-0.2838379179231362,0.4527951871228668,-0.0718269113102017,1.9952007539470824,6.0,139.0,0.6258992805755396,0.03898226964730898,0.01852346386305976,123.13021594743984,-0.22970534744710847,0.4527951871228668,-0.14417251000998996,2.2461692443605634,4.0,56.0,47.0,40.0,36.0,46.0,17.0,True,False,False,False
time_1400_1429__open_eq4__speed_any__duration_16_30,SPEED_FREE,14:00~14:29回封；第4次炸板后的回封；回封速度不限；首封后16~30分钟形成回封,"first_to_signal_minutes,open_times_at_signal,signal_hhmm",True,7aeb16abec8fec5f3c1b915917c1da796b6d7145,107,31,26,5,0,22,0.5909090909090909,0.015698536422220678,0.0065939892097672,1.3672952972504995,-0.12275437130695,0.137297320831579,-0.0608565369107142,1.443020385749598,5,5,1.146806747350073,17,1.1922630385720259,1,True,53.0,0.5471698113207547,0.018849791169021073,0.004553404278500835,2.331253467887476,-0.3269897515849003,0.4527951871228668,-0.07417800648559235,1.8082757194008663,7.0,139.0,0.6618705035971223,0.045784885803347025,0.021243541591960853,288.34691888438175,-0.2297053474471088,0.4892913885103991,-0.13823939725321072,2.336182374375665,4.0,31.0,48.0,31.0,44.0,49.0,15.0,True,False,False,False
time_any__open_eq3__speed_6_10__ever_20_60,TIME_FREE,回封时间不限；第3次炸板后的回封；最后炸板后6~10分钟回封；信号时全市场已有20~60只首板触板,"last_break_to_signal_minutes,market_ever_sealed_count,open_times_at_signal",True,d1922a390443830030436f7311d67308b6de4520,177,141,118,23,0,74,0.4594594594594595,0.00602373112553101,-0.005183085849372051,1.3671800168842279,-0.35068097710166957,0.1378207019116981,-0.1083842445230769,1.5205215887309802,4,34,0.9581066051886062,40,1.42696022496901,1,True,95.0,0.45263157894736844,0.010547201176211,-0.007251002382487399,2.117708594918632,-0.3915257493055537,0.4527951871228668,-0.1083842445230769,1.8364911662098604,5.0,144.0,0.5694444444444444,0.028912828691702436,0.007142465013983196,36.41393422949955,-0.2659648886612742,0.4892913885103991,-0.13823939725321072,2.092780498309337,5.0,141.0,45.0,62.0,29.0,38.0,15.0,True,False,False,False
time_1400_1454__open_eq3__speed_le1,STRUCTURAL_GRID,14:00~14:54回封；第3次炸板后的回封；最后炸板后1分钟内回封,"last_break_to_signal_minutes,open_times_at_signal,signal_hhmm",True,f3422edd9292d5a349645eca32773400e504964e,615,270,220,50,0,111,0.5135135135135135,0.004413341881110435,0.0023623580135111,1.3664201306943982,-0.320902170816733,0.2888703665893359,-0.1314854677354839,1.1724838728148392,8,57,0.8440606221017245,54,1.6188649190765358,1,True,114.0,0.5175438596491229,0.005516777989613058,0.0029364138723293,1.5555905361014468,-0.3229313795858858,0.2888703665893359,-0.1314854677354839,1.2157599385715003,8.0,142.0,0.5352112676056338,0.016273068535163592,0.004352486538586676,6.767932918538273,-0.443572042106263,0.3687231660523884,-0.1314854677354839,1.6420617744910984,7.0,259.0,29.0,88.0,25.0,26.0,3.0,False,False,False,False
time_1400_1429__open_any__speed_2_5__duration_16_30,OPEN_COUNT_FREE,14:00~14:29回封；炸板/回封次数不限；最后炸板后2~5分钟回封；首封后16~30分钟形成回封,"first_to_signal_minutes,last_break_to_signal_minutes,signal_hhmm",True,2c44d0307071e05845d0b12410218d5e43c4dbed,249,85,74,11,0,50,0.52,0.008171285696461113,0.00114061819106165,1.3661092825074965,-0.3404377594989876,0.1799415144466019,-0.0950430270917881,1.2860683807884665,4,21,0.9997058120731289,29,1.3665112936320172,1,True,72.0,0.5,0.005705438212794934,-0.0009632525340511999,1.3356011874904028,-0.4714345767491618,0.1799415144466019,-0.1106856049255617,1.284343906069889,4.0,139.0,0.6402877697841727,0.04170202033459573,0.02049000083100966,175.41379753649426,-0.22970534744710858,0.4892913885103991,-0.13823939725321072,2.28775091039185,4.0,85.0,40.0,41.0,41.0,43.0,14.0,False,False,False,False
time_1300_1359__open_eq1__speed_any__ever_40_150,SPEED_FREE,13:00~13:59回封；第1次炸板后的回封；回封速度不限；信号时全市场已有40~150只首板触板,"market_ever_sealed_count,open_times_at_signal,signal_hhmm",True,e6fc5815cb7cb00e5d1aa58444447148cbaa164e,2640,406,296,110,0,129,0.4573643410852713,0.004251067389901439,-0.0063090201920497,1.3659681806149775,-0.4935175535701256,0.2877539667175889,-0.1119863555477992,1.4273861704022468,6,59,0.7697868185759955,70,1.7744759297669441,1,True,129.0,0.4573643410852713,0.004251067389901439,-0.0063090201920497,1.3659681806149775,-0.4935175535701256,0.2877539667175889,-0.1119863555477992,1.4273861704022468,6.0,147.0,0.4965986394557823,0.012721967113521705,-0.002004038720927356,4.258308158271684,-0.5227418238981503,0.4892913885103991,-0.1666821330911661,1.6709360233376827,4.0,406.0,0.0,108.0,15.0,16.0,8.0,False,False,False,False
time_1300_1359__open_2_3__speed_2_5,STRUCTURAL_GRID,13:00~13:59回封；第2~3次炸板后的回封；最后炸板后2~5分钟回封,"last_break_to_signal_minutes,open_times_at_signal,signal_hhmm",True,5aa252149db7fdc96b6715d22f400e1c704b59bd,1208,358,297,61,0,129,0.46511627906976744,0.004922031878242097,-0.0055968622926598,1.3659674069570333,-0.34635009723204546,0.3721270239550671,-0.1228870697069393,1.392784726035736,5,61,0.8185835334517066,68,1.6686964141548066,1,True,130.0,0.4846153846153846,0.005943354084407915,-0.0033167153466486,1.5753020318914241,-0.34635009723204535,0.3721270239550671,-0.1228870697069393,1.3458935154095368,5.0,146.0,0.547945205479452,0.020274669238923824,0.0038563054287382497,10.697461854498755,-0.3509861785121897,0.4892913885103991,-0.1228870697069393,1.6179355723379025,4.0,358.0,3.0,116.0,16.0,10.0,4.0,False,False,False,False
time_1400_1429__open_any__speed_le1__recent5_ge5pct,OPEN_COUNT_FREE,14:00~14:29回封；炸板/回封次数不限；最后炸板后1分钟内回封；回封前5分钟成交额至少前日5%,"last_break_to_signal_minutes,signal_hhmm,signal_recent_5m_amount_vs_prev_day",True,5b3aee3591ef9fde1b8465c4ff9d5c719725ba4d,1073,322,256,66,0,124,0.4596774193548387,0.00427596427383218,-0.0063940384581394,1.3641334639217708,-0.48244605955477615,0.2971055310979901,-0.1604044205087896,1.4414357439286491,8,65,0.9196103348556859,59,1.4833820502200452,1,True,127.0,0.4566929133858268,0.0045319194030102265,-0.0063984574662788,1.4173205422782849,-0.44405256459449216,0.2971055310979901,-0.1604044205087896,1.4766017639576254,6.0,148.0,0.5067567567567568,0.013267895585963215,0.002605915531151944,4.9366986215981825,-0.31271604445524204,0.3687231660523884,-0.1604044205087896,1.6684499166345472,6.0,319.0,12.0,104.0,23.0,16.0,5.0,False,False,False,False
time_1300_1454__open_2_3__speed_any__growth_board,SPEED_FREE,13:00~14:54回封；第2~3次炸板后的回封；回封速度不限；仅创业板或科创板,"market_segment,open_times_at_signal,signal_hhmm",True,b6216be7fb03cc8565426800bf14d5d50ad243d6,1219,303,234,69,0,123,0.44715447154471544,0.0045019457833088425,-0.0087527781583255,1.3637650203585312,-0.4006167725553825,0.2124694253476716,-0.1370202417594448,1.4819196775037065,8,57,0.7851790689585451,66,1.7368840743136704,1,True,124.0,0.4435483870967742,0.007916588460691681,-0.00875277815832555,1.940191230950237,-0.40721091030821266,0.4527951871228668,-0.1370202417594448,1.6998185174731422,8.0,145.0,0.5241379310344828,0.019483211809218033,0.008292640894970553,11.007193262165584,-0.2831712018188095,0.4527951871228668,-0.1370202417594448,1.8885937330648,7.0,299.0,12.0,104.0,18.0,16.0,7.0,False,False,False,False
time_any__open_eq2__speed_le1__recent5_ge5pct,TIME_FREE,回封时间不限；第2次炸板后的回封；最后炸板后1分钟内回封；回封前5分钟成交额至少前日5%,"last_break_to_signal_minutes,open_times_at_signal,signal_recent_5m_amount_vs_prev_day",True,20543cda55d9fe48697c44657b1e8d8b759b83bc,1868,449,355,94,0,143,0.4825174825174825,0.003948389773078506,-0.000796190837037,1.363251822144616,-0.5482130819264905,0.1503850548264706,-0.1792189802694261,1.2773350427291799,5,73,0.5441586446229174,70,2.5052470187059166,1,True,143.0,0.4825174825174825,0.003948389773078506,-0.000796190837037,1.363251822144616,-0.5482130819264905,0.1503850548264706,-0.1792189802694261,1.2773350427291799,5.0,154.0,0.474025974025974,0.0026027091253138174,-0.0020901890083153364,1.1220775646814793,-0.5836868442447598,0.21575685510355055,-0.1792189802694261,1.2432640471781033,5.0,449.0,0.0,119.0,9.0,20.0,6.0,False,False,False,False
time_any__open_any__speed_6_10__break_low_le1,TIME_FREE+OPEN_COUNT_FREE,回封时间不限；炸板/回封次数不限；最后炸板后6~10分钟回封；最后炸板分钟最低回落不超1%,"last_break_low_depth_pct,last_break_to_signal_minutes",True,335941034ffc2413e0d019195ea8cceb007059c1,2501,434,346,88,0,137,0.48175182481751827,0.004205346842907673,-0.0013986654,1.3575114848278513,-0.49459549053715546,0.3090002845557691,-0.189337554306236,1.2915543740664333,6,68,1.557797589977472,69,0.8714299557027068,1,True,137.0,0.48175182481751827,0.004205346842907673,-0.0013986654,1.3575114848278513,-0.49459549053715546,0.3090002845557691,-0.189337554306236,1.2915543740664333,6.0,151.0,0.48344370860927155,0.008343338519417062,-0.0013986654,2.3750547282095176,-0.5490332554809436,0.3687231660523884,-0.189337554306236,1.4785821095998284,8.0,434.0,0.0,118.0,16.0,10.0,7.0,False,False,False,False
time_1400_1429__open_3_5__speed_any,STRUCTURAL_GRID,14:00~14:29回封；第3~5次炸板后的回封；回封速度不限,"open_times_at_signal,signal_hhmm",True,978ff93cb0c37288fd571c1536f82fb2bc6bb9df,2118,380,328,52,0,138,0.463768115942029,0.004014131805023008,-0.00634613766075545,1.3568638163708702,-0.5872510778644301,0.2971055310979901,-0.1164393623573701,1.381357834396812,9,67,0.7713093481287869,71,1.7591694171251149,1,True,138.0,0.463768115942029,0.004014131805023008,-0.00634613766075545,1.3568638163708702,-0.5872510778644301,0.2971055310979901,-0.1164393623573701,1.381357834396812,9.0,151.0,0.5099337748344371,0.009977829677975862,0.0013883431095344,3.3565429799676934,-0.3986681544132784,0.2397254494319167,-0.1164393623573701,1.4693595464385132,8.0,378.0,4.0,122.0,12.0,13.0,4.0,False,False,False,False
time_1400_1429__open_3_5__speed_any__break_low_le2,SPEED_FREE,14:00~14:29回封；第3~5次炸板后的回封；回封速度不限；最后炸板分钟最低回落不超2%,"last_break_low_depth_pct,open_times_at_signal,signal_hhmm",True,d81b0635671a22ab99c34da6b2ed3af2a0d1495e,2111,379,328,51,0,138,0.463768115942029,0.004014131805023008,-0.00634613766075545,1.3568638163708702,-0.5872510778644301,0.2971055310979901,-0.1164393623573701,1.381357834396812,9,67,0.7713093481287869,71,1.7591694171251149,1,True,138.0,0.463768115942029,0.004014131805023008,-0.00634613766075545,1.3568638163708702,-0.5872510778644301,0.2971055310979901,-0.1164393623573701,1.381357834396812,9.0,151.0,0.5099337748344371,0.009977829677975862,0.0013883431095344,3.3565429799676934,-0.3986681544132784,0.2397254494319167,-0.1164393623573701,1.4693595464385132,8.0,377.0,4.0,122.0,12.0,13.0,4.0,False,False,False,False
time_1400_1429__open_3_5__speed_any__amount_ge0_5,SPEED_FREE,14:00~14:29回封；第3~5次炸板后的回封；回封速度不限；信号前成交额至少前日50%,"open_times_at_signal,signal_cumulative_amount_vs_prev_day,signal_hhmm",True,7120737c64152e86731d452682932026d1af3215,2117,379,328,51,0,138,0.463768115942029,0.004014131805023008,-0.00634613766075545,1.3568638163708702,-0.5872510778644301,0.2971055310979901,-0.1164393623573701,1.381357834396812,9,67,0.7713093481287869,71,1.7591694171251149,1,True,138.0,0.463768115942029,0.0046923673226694365,-0.00634613766075545,1.4992340339396937,-0.5439430073441999,0.2971055310979901,-0.1164393623573701,1.4273231650619194,9.0,151.0,0.5099337748344371,0.009977829677975862,0.0013883431095344,3.3565429799676934,-0.3986681544132784,0.2397254494319167,-0.1164393623573701,1.4693595464385132,8.0,377.0,5.0,122.0,12.0,13.0,4.0,False,False,False,False
time_any__open_eq2__speed_6_10__duration_31_60,TIME_FREE,回封时间不限；第2次炸板后的回封；最后炸板后6~10分钟回封；首封后31~60分钟形成回封,"first_to_signal_minutes,last_break_to_signal_minutes,open_times_at_signal",True,f373125e14761ebdcd6bdec5dedada980a0b63e8,154,123,87,36,0,60,0.48333333333333334,0.007426019460900443,-0.007129250249439551,1.3523087998375398,-0.34613391786655046,0.2884420958080925,-0.1604044205087896,1.4218972443841837,5,29,1.4839280594831694,31,0.9113034767389796,1,True,77.0,0.4935064935064935,0.007228237552605045,-0.0068433425454546,1.5045334889980562,-0.3438724685852066,0.13849592812,-0.1604044205087896,1.371680903478921,5.0,137.0,0.6204379562043796,0.033127592720358624,0.0185500381457985,54.49848713242461,-0.2297053474471087,0.3687231660523884,-0.1604044205087896,1.8159392964917977,4.0,120.0,33.0,47.0,36.0,38.0,16.0,False,False,False,False
time_any__open_2_3__speed_le1__seal_rate_40_60,TIME_FREE,回封时间不限；第2~3次炸板后的回封；最后炸板后1分钟内回封；信号时全市场首板封住率40%~60%,"last_break_to_signal_minutes,market_seal_rate,open_times_at_signal",True,dca8e54fade234137617201430666c74052f1bb6,337,89,73,16,0,51,0.47058823529411764,0.00838094368285794,-0.0031078765304121,1.347092918546398,-0.26529264203686476,0.2882668010828573,-0.1186095371999999,1.532742245405638,4,27,1.4246516757240861,24,0.9455594946475121,1,True,71.0,0.4788732394366197,0.015058069346398258,-0.0031078765304121,2.34021633620508,-0.28216827556723423,0.4527951871228668,-0.0715967517835926,1.9263907672235503,4.0,138.0,0.6159420289855072,0.03810604105971207,0.018851903186904988,105.31396118357272,-0.22970534744710858,0.4527951871228668,-0.14417251000998996,2.2365629394630364,4.0,88.0,47.0,46.0,31.0,42.0,19.0,True,False,False,False
time_1300_1454__open_any__speed_6_10__growth_board,OPEN_COUNT_FREE,13:00~14:54回封；炸板/回封次数不限；最后炸板后6~10分钟回封；仅创业板或科创板,"last_break_to_signal_minutes,market_segment,signal_hhmm",True,d64c21e11346f9faccbb99ad712dd821866611aa,324,161,120,41,0,83,0.43373493975903615,0.0066103128414016134,-0.0083701567714284,1.34678835112498,-0.4465710467074119,0.2877539667175889,-0.2040006245101206,1.6300598657759102,6,39,0.8946834541400259,44,1.5053238605150239,1,True,89.0,0.43820224719101125,0.008175946918397743,-0.0083701567714284,1.5888730978530698,-0.42498097927295364,0.2877539667175889,-0.2040006245101206,1.6808794971130678,7.0,142.0,0.5633802816901409,0.03350306132787168,0.015423717384601004,63.491905832215764,-0.2545340966914382,0.4892913885103991,-0.11849477438811166,2.3167495696872527,9.0,160.0,25.0,60.0,38.0,34.0,10.0,False,False,False,False
time_1400_1429__open_any__speed_6_10__pre_low_ge0,OPEN_COUNT_FREE,14:00~14:29回封；炸板/回封次数不限；最后炸板后6~10分钟回封；信号前最低价不低于昨收,"last_break_to_signal_minutes,pre_signal_min_return,signal_hhmm",True,9e9de12c1b06a77938c7789a27b2c6ebc8eb393f,256,123,106,17,0,73,0.4931506849315068,0.006318643951273147,-0.0001956415522939,1.3466353236634208,-0.4171360008202044,0.2815783803342283,-0.1515635142462724,1.3168246300884967,5,35,1.0012042166968702,38,1.3450156333801524,1,True,87.0,0.5057471264367817,0.00808321174130655,0.0019174718546979,1.6983031824570034,-0.24167778722513877,0.2815783803342283,-0.1515635142462724,1.3741337681349977,4.0,137.0,0.5766423357664233,0.02529258495334478,0.0121384428452055,19.08662277074779,-0.47500715837042473,0.3687231660523884,-0.17629142067722955,1.7068061929779952,5.0,120.0,37.0,53.0,38.0,36.0,10.0,False,False,False,False
time_any__open_eq1__speed_6_10__break_low_le1,TIME_FREE,回封时间不限；第1次炸板后的回封；最后炸板后6~10分钟回封；最后炸板分钟最低回落不超1%,"last_break_low_depth_pct,last_break_to_signal_minutes,open_times_at_signal",True,801b28253464a749ce0e53d8e74b2a4064b1fc0c,775,310,236,74,0,119,0.47058823529411764,0.003965756283812868,-0.0037055434902246,1.3466150811515345,-0.38150498557136026,0.3090002845557691,-0.0919730066176498,1.383425523358028,8,58,1.9234731485185623,61,0.7000955964416156,1,True,119.0,0.4957983193277311,0.006665889002825871,-0.0005254965005963,1.8505635962543587,-0.38009619826893815,0.3090002845557691,-0.0919730066176498,1.4392461702975738,8.0,141.0,0.524822695035461,0.014347210615464423,0.004544094725274752,5.249935939825522,-0.397512700142993,0.3687231660523884,-0.14417251000998996,1.5939611508522016,14.0,308.0,7.0,86.0,26.0,17.0,12.0,False,False,False,False
time_1001_1130__open_ge5__speed_any__growth_board,SPEED_FREE,10:01~11:30回封；第5次及以后炸板后的回封；回封速度不限；仅创业板或科创板,"market_segment,open_times_at_signal,signal_hhmm",True,f2789bd78f1960f7fb5bd391c0d3241a57697e66,214,34,30,4,0,28,0.5,0.012554460926826048,0.00022945749794294986,1.3454156604175183,-0.20625413616507227,0.1527619232964,-0.0858609647076923,1.6270727430866376,5,12,0.9872739183354196,16,1.362758232979494,1,True,56.0,0.5,0.019648805455547362,-0.0007506197604002001,2.5134072407324592,-0.2995771993713606,0.4527951871228668,-0.0858609647076923,2.0871775604644163,6.0,136.0,0.6544117647058824,0.04444008595373917,0.020580978785319046,214.9148654898036,-0.2297053474471087,0.4892913885103991,-0.13823939725321072,2.3372760198615596,5.0,34.0,47.0,33.0,42.0,46.0,15.0,True,False,False,False
time_any__open_any__speed_any__duration_61_120__ever_40_100,PURE_QUALITY_PAIR_ALL_TIME_AND_OPEN_COUNT,回封时间不限；炸板/回封次数不限；回封速度不限；首封后61~120分钟形成回封；信号时全市场已有40~100只首板触板,"first_to_signal_minutes,market_ever_sealed_count",True,1a557fb56fe3eeb0e532d4004b295e6e3d9d976c,4276,402,312,90,0,130,0.46923076923076923,0.004790965592498768,-0.00901001582840285,1.3413741295488784,-0.6459733367133588,0.2877539667175889,-0.1780617093150838,1.342864765578627,6,62,0.7902178551685116,68,1.697473830508214,1,True,131.0,0.4732824427480916,0.0043295595260743475,-0.0083456524080844,1.280548351554286,-0.6459733367133588,0.2877539667175889,-0.1780617093150838,1.3023096534484264,6.0,154.0,0.538961038961039,0.020291311686887734,0.005220895341899514,12.834657594114507,-0.3526984999719537,0.4892913885103991,-0.1812881900572455,1.6947152509558043,5.0,402.0,1.0,105.0,21.0,21.0,7.0,False,False,False,False
time_1001_1359__open_ge2__speed_any__duration_16_30,SPEED_FREE,10:01~13:59回封；第2次及以后炸板后的回封；回封速度不限；首封后16~30分钟形成回封,"first_to_signal_minutes,open_times_at_signal,signal_hhmm",True,d001937d24337a727fabf881370c5994d220c0c3,1939,373,301,72,0,135,0.4444444444444444,0.004390135296284839,-0.0067259371083556,1.3413664683979245,-0.5030166128852007,0.3090002845557691,-0.189337554306236,1.5096198366977829,7,66,0.6568729023112044,69,2.042048718524289,1,True,135.0,0.43703703703703706,0.004225952456531861,-0.0072999386365714,1.3119445602285429,-0.508811657892523,0.3090002845557691,-0.189337554306236,1.544622439213171,7.0,145.0,0.4689655172413793,0.005739389119206272,-0.0025646936028318,1.6082496746253632,-0.44310682239709553,0.3090002845557691,-0.189337554306236,1.4347938735245458,6.0,373.0,1.0,117.0,12.0,9.0,7.0,False,False,False,False
time_any__open_eq2__speed_6_10,STRUCTURAL_GRID,回封时间不限；第2次炸板后的回封；最后炸板后6~10分钟回封,"last_break_to_signal_minutes,open_times_at_signal",True,aa5f91a4b49a32d70976de7c9522fc2df625b296,750,321,241,80,0,119,0.42857142857142855,0.005051624147982456,-0.0086484614492156,1.3386905902172213,-0.4596861282978214,0.3721270239550671,-0.1604044205087896,1.6231477165190482,7,58,1.869857982486092,61,0.715931692543489,1,True,123.0,0.42276422764227645,0.003203211841982693,-0.0092138796670872,1.0916379917649137,-0.4821979329271273,0.3721270239550671,-0.1604044205087896,1.5504516315227825,7.0,145.0,0.4896551724137931,0.015101055359789584,-0.0010725014862185726,5.7269496493632515,-0.382337337132867,0.3721270239550671,-0.1604044205087896,1.8077331256105926,5.0,317.0,8.0,93.0,19.0,24.0,9.0,False,False,False,False
time_1300_1359__open_any__speed_6_10__break_close_le1,OPEN_COUNT_FREE,13:00~13:59回封；炸板/回封次数不限；最后炸板后6~10分钟回封；最后炸板分钟收盘回落不超1%,"last_break_close_depth_pct,last_break_to_signal_minutes,signal_hhmm",True,e429e67aa2678c15cd1b666ac9350b54d062d2af,837,307,258,49,0,122,0.5081967213114754,0.004377694455348323,0.0011130092217243,1.3348927562158344,-0.3545520426513502,0.3090002845557691,-0.1370202417594448,1.1650780007679766,7,58,1.2103678411246224,64,1.1028818767817785,1,True,123.0,0.5040650406504065,0.00414831286054128,0.0007288335814705,1.3100455729715532,-0.36207824988422055,0.3090002845557691,-0.1370202417594448,1.174696851491503,7.0,147.0,0.5782312925170068,0.021544263939698303,0.0064399220897068,15.900481297558123,-0.2588822099901452,0.4892913885103991,-0.1043668645883486,1.8382314696907918,5.0,307.0,9.0,100.0,15.0,25.0,7.0,False,False,False,False
time_1300_1359__open_eq3__speed_any,STRUCTURAL_GRID,13:00~13:59回封；第3次炸板后的回封；回封速度不限,"open_times_at_signal,signal_hhmm",True,7b5c2c98f0a743710064cb225f5e641b15c5c42f,1408,381,311,70,0,137,0.43795620437956206,0.004369820020605365,-0.005942154604138,1.3347564795032585,-0.38362628111534836,0.3721270239550671,-0.1595638622725343,1.5340898047748015,11,67,1.4958655764379052,70,0.8922970757049608,2,True,137.0,0.44525547445255476,0.004295294754038297,-0.0058220371807803,1.3137528516012031,-0.38362628111534836,0.3721270239550671,-0.1595638622725343,1.4818351153545934,11.0,148.0,0.4797297297297297,0.01158536442585716,-0.00354627923850255,3.3903972586705486,-0.45846446870907975,0.4892913885103991,-0.14417251000998996,1.6480430874279375,11.0,381.0,3.0,120.0,10.0,11.0,7.0,False,False,False,False
time_1300_1359__open_eq3__speed_any__break_low_le2,SPEED_FREE,13:00~13:59回封；第3次炸板后的回封；回封速度不限；最后炸板分钟最低回落不超2%,"last_break_low_depth_pct,open_times_at_signal,signal_hhmm",True,39477331860e7a1a7b127390cc67395e5fc58d1c,1403,380,310,70,0,137,0.43795620437956206,0.004369820020605365,-0.005942154604138,1.3347564795032585,-0.38362628111534836,0.3721270239550671,-0.1595638622725343,1.5340898047748015,11,67,1.4958655764379052,70,0.8922970757049608,1,True,137.0,0.44525547445255476,0.004295294754038297,-0.0058220371807803,1.3137528516012031,-0.38362628111534836,0.3721270239550671,-0.1595638622725343,1.4818351153545934,11.0,148.0,0.4797297297297297,0.01158536442585716,-0.00354627923850255,3.3903972586705486,-0.45846446870907975,0.4892913885103991,-0.14417251000998996,1.6480430874279375,11.0,380.0,3.0,120.0,10.0,11.0,7.0,False,False,False,False
time_1300_1359__open_2_3__speed_any__seal_rate_40_60,SPEED_FREE,13:00~13:59回封；第2~3次炸板后的回封；回封速度不限；信号时全市场首板封住率40%~60%,"market_seal_rate,open_times_at_signal,signal_hhmm",True,43e457a1e66f67b060c1c14dbc2918589f25b0b1,353,66,52,14,0,37,0.4594594594594595,0.00993625786220342,-0.0033785479983472,1.3339473050000368,-0.1894133429855307,0.160791674553094,-0.0950972373909117,1.7100099074094264,5,20,1.4439252411036343,17,0.923834051117814,1,True,62.0,0.4838709677419355,0.015216799712599482,-0.00335344507160795,2.113580199256922,-0.37009726668537435,0.4527951871228668,-0.112759327640625,1.8474395933246808,6.0,138.0,0.6159420289855072,0.03760661856889661,0.018455343904997756,97.40173451654513,-0.2297053474471087,0.4527951871228668,-0.14417251000998996,2.1484681227327243,4.0,66.0,47.0,41.0,35.0,46.0,16.0,True,False,False,False
time_1300_1359__open_2_3__speed_any__ever_40_100,SPEED_FREE,13:00~13:59回封；第2~3次炸板后的回封；回封速度不限；信号时全市场已有40~100只首板触板,"market_ever_sealed_count,open_times_at_signal,signal_hhmm",True,478b14946dfc0e47d19b73d676702e9b3edbe8f1,2119,368,293,75,0,127,0.4409448818897638,0.004562262747603318,-0.0072073878211608,1.330301769780874,-0.46549192466179257,0.2858048076223851,-0.1293101803360104,1.5066923232759148,7,61,0.9897092643274439,66,1.3441338964174299,1,True,128.0,0.4140625,0.0008655573380668556,-0.00835637912049685,0.8413047369594024,-0.5909832275467677,0.2858048076223851,-0.1293101803360104,1.4634916192950143,10.0,152.0,0.5263157894736842,0.012355912129981045,0.0040985859157513,4.088310627818489,-0.6264090531493971,0.4892913885103991,-0.14417251000998996,1.4394919127615469,5.0,368.0,7.0,103.0,22.0,22.0,5.0,False,False,False,False
time_any__open_ge5__speed_ge11__duration_31_60,TIME_FREE,回封时间不限；第5次及以后炸板后的回封；最后炸板11分钟后回封；首封后31~60分钟形成回封,"first_to_signal_minutes,last_break_to_signal_minutes,open_times_at_signal",True,2f0ec0381d719cfe38a92678b105526201848fa6,80,31,28,3,0,23,0.5217391304347826,0.016050873873741243,0.0059510965478704,1.3297388770426282,-0.2994174498865425,0.2882668010828573,-0.189337554306236,1.5777218034174445,4,14,1.3489711400039075,9,0.9857430137747623,1,True,50.0,0.52,0.02340079484887233,0.01258453926427227,2.635395995244745,-0.4554217089821757,0.4527951871228668,-0.189337554306236,2.095189724326236,14.0,131.0,0.6641221374045801,0.04695111691777544,0.022708749607088758,240.56068632041305,-0.2297053474471087,0.4892913885103991,-0.13823939725321072,2.4770786766878996,4.0,30.0,46.0,28.0,42.0,46.0,15.0,True,False,False,False
time_any__open_eq2__speed_le1__amount_ge1_5,TIME_FREE,回封时间不限；第2次炸板后的回封；最后炸板后1分钟内回封；信号前成交额至少前日1.5倍,"last_break_to_signal_minutes,open_times_at_signal,signal_cumulative_amount_vs_prev_day",True,86a1f0aee4f428304afac8934c2ed288fa1678fd,1371,419,323,96,0,139,0.4892086330935252,0.0035257082035226703,-0.0007201834900103,1.3270934728815966,-0.38085855376695044,0.1865259303471385,-0.1792189802694261,1.2430155196514299,8,69,1.1138444958718428,70,1.1914530958316918,1,True,139.0,0.48201438848920863,0.002940588474129384,-0.0024876008290907,1.2231626671696054,-0.38085855376695044,0.1865259303471385,-0.1792189802694261,1.2428604962190455,8.0,156.0,0.47435897435897434,0.006457378016788356,-0.0027977386797514003,1.9552167319572646,-0.44301916651582995,0.3687231660523884,-0.1792189802694261,1.4631857376005046,8.0,417.0,2.0,116.0,13.0,19.0,8.0,False,False,False,False
time_1300_1359__open_2_3__speed_any__recent5_ge5pct,SPEED_FREE,13:00~13:59回封；第2~3次炸板后的回封；回封速度不限；回封前5分钟成交额至少前日5%,"open_times_at_signal,signal_hhmm,signal_recent_5m_amount_vs_prev_day",True,3d24edb5ade7cb03b3bd634b894f64dcc82849f9,2243,428,324,104,0,136,0.4485294117647059,0.004354409674405722,-0.00568648788154575,1.32679175398652,-0.5922959480170764,0.2804551011527076,-0.1448483447080645,1.4617933141279327,8,67,0.5102168097574988,69,2.6004469641388948,1,True,136.0,0.4485294117647059,0.004354409674405722,-0.00568648788154575,1.32679175398652,-0.5922959480170764,0.2804551011527076,-0.1448483447080645,1.4617933141279327,8.0,148.0,0.4864864864864865,0.00918656817937951,-0.00461743208901094,2.6933577154064,-0.4470114668309002,0.3687231660523884,-0.14417251000998996,1.4977915896813623,6.0,428.0,0.0,111.0,17.0,14.0,6.0,False,False,False,False
time_1001_1130__open_any__speed_le2__ever_40_100,OPEN_COUNT_FREE,10:01~11:30回封；炸板/回封次数不限；最后炸板后2分钟内回封；信号时全市场已有40~100只首板触板,"last_break_to_signal_minutes,market_ever_sealed_count,signal_hhmm",True,cdece32a274c83b2ce76033f5255bdc5585a1db5,2290,277,225,52,0,103,0.44660194174757284,0.005048940436160373,-0.0067648791530075,1.326217087295668,-0.4285040195480303,0.2881093435036007,-0.1777544284995882,1.5086618554666231,6,50,1.0219437518849865,53,1.2977398069604573,2,True,104.0,0.4423076923076923,0.004926383304131547,-0.00716510738383605,1.3160091926575177,-0.4285040195480303,0.2881093435036007,-0.1777544284995882,1.5302032536699677,6.0,135.0,0.5185185185185185,0.018922042974341514,0.004725522172949005,8.235881454111096,-0.4066037268729007,0.4892913885103991,-0.1777544284995882,1.808798433108366,4.0,277.0,2.0,86.0,26.0,18.0,5.0,False,False,False,False
time_1400_1429__open_eq3__speed_le2,STRUCTURAL_GRID,14:00~14:29回封；第3次炸板后的回封；最后炸板后2分钟内回封,"last_break_to_signal_minutes,open_times_at_signal,signal_hhmm",True,7f49aaacaab0d8cc6fc6a88d22360523b771d493,506,222,193,29,0,104,0.5,0.003975525033519289,0.00024316261652070005,1.3198924762845554,-0.3664904081383755,0.1799415144466019,-0.0978092899756097,1.2319214271277752,8,51,0.7559179169327254,53,1.746079100281496,1,True,110.0,0.5181818181818182,0.004483118451647922,0.0026208266138983997,1.4199133904052814,-0.4008820995746951,0.1799415144466019,-0.0978092899756097,1.1782106247702762,4.0,139.0,0.5611510791366906,0.016266772752298122,0.0057622686717391,6.694907883300255,-0.29351623755000866,0.3687231660523884,-0.13823939725321072,1.526392035251543,4.0,221.0,23.0,85.0,22.0,27.0,5.0,False,False,False,False
time_1300_1359__open_1_2__speed_any__duration_31_60,SPEED_FREE,13:00~13:59回封；第1~2次炸板后的回封；回封速度不限；首封后31~60分钟形成回封,"first_to_signal_minutes,open_times_at_signal,signal_hhmm",True,d954f0ca1534dd59f778486f86382502ae841189,784,294,221,73,0,110,0.42727272727272725,0.003983641388233726,-0.00555850454910235,1.3152352993890375,-0.3912861079966671,0.1585663049947058,-0.0955137989142857,1.617741565708007,8,49,0.8916770309744211,61,1.4750130974572198,1,True,112.0,0.4107142857142857,0.0023438460841291,-0.0070030107434436595,1.1062726223036874,-0.3983554821010784,0.1585663049947058,-0.0955137989142857,1.6064859503326534,9.0,144.0,0.4583333333333333,0.01609400697239665,-0.0060425668312407005,6.1390219289312125,-0.37622405604190434,0.4892913885103991,-0.17629142067722955,2.1215121691744057,6.0,294.0,6.0,82.0,30.0,23.0,9.0,False,False,False,False
time_1400_1454__open_any__speed_6_10__duration_ge121,OPEN_COUNT_FREE,14:00~14:54回封；炸板/回封次数不限；最后炸板后6~10分钟回封；首封121分钟后形成回封,"first_to_signal_minutes,last_break_to_signal_minutes,signal_hhmm",True,34da4657b2cb006b55e5f1bb4577137789eb5b6b,341,177,146,31,0,84,0.47619047619047616,0.005452468615456589,-0.0027939993620312,1.3143398412510687,-0.40206570968867505,0.2877539667175889,-0.1098246868368515,1.3660715980535267,8,45,1.5448262637428645,39,0.8508010720031621,1,True,94.0,0.4574468085106383,0.0050656479915987184,-0.005681977066723401,1.2819057024629503,-0.4927987546238384,0.2877539667175889,-0.1515635142462724,1.433986258102055,8.0,142.0,0.5563380281690141,0.017062393097132898,0.0067475450868085,7.458636328366432,-0.5042874508024375,0.3687231660523884,-0.17629142067722955,1.4711434978403515,7.0,168.0,39.0,69.0,33.0,33.0,7.0,False,False,False,False
time_1300_1454__open_1_2__speed_any__duration_61_120,SPEED_FREE,13:00~14:54回封；第1~2次炸板后的回封；回封速度不限；首封后61~120分钟形成回封,"first_to_signal_minutes,open_times_at_signal,signal_hhmm",True,24477ec2d2117087d967f234d329ec9762cafaf5,1895,433,321,112,0,136,0.4117647058823529,0.0045485557719292065,-0.010404961610522151,1.3118631058766523,-0.6474185277929996,0.3721270239550671,-0.1812881900572455,1.704517992878105,10,69,0.6849492705521979,67,1.9152704620285892,1,True,136.0,0.4117647058823529,0.0045485557719292065,-0.010404961610522151,1.3118631058766523,-0.6474185277929996,0.3721270239550671,-0.1812881900572455,1.704517992878105,10.0,149.0,0.4563758389261745,0.01241405103044028,-0.0031078765304121,4.104462535196917,-0.5062049206802779,0.3721270239550671,-0.1812881900572455,1.923868909674481,11.0,432.0,2.0,120.0,10.0,14.0,5.0,False,False,False,False
time_1400_1454__open_eq4__speed_any__amount_ge1_5,SPEED_FREE,14:00~14:54回封；第4次炸板后的回封；回封速度不限；信号前成交额至少前日1.5倍,"open_times_at_signal,signal_cumulative_amount_vs_prev_day,signal_hhmm",True,d7fccbce0c96a6f91a56baba9e3ac9c02549648b,871,327,266,61,0,123,0.4796747967479675,0.003850190090716279,-0.0038637951833488,1.3099333698039524,-0.4826533355299638,0.2804551011527076,-0.1389379853296101,1.3002093854260468,7,59,0.8766660429717718,64,1.4942216369684698,1,True,125.0,0.472,0.00337946477291909,-0.0039721260820311,1.250413165344135,-0.44733389638713017,0.2804551011527076,-0.1389379853296101,1.3167948317337348,7.0,148.0,0.527027027027027,0.012487971729979222,0.002883371327529944,4.588664451264805,-0.39936763694811617,0.3687231660523884,-0.1389379853296101,1.539163836755211,5.0,316.0,20.0,97.0,20.0,21.0,10.0,False,False,False,False
time_any__open_3_5__speed_6_10__recent5_ge5pct,TIME_FREE,回封时间不限；第3~5次炸板后的回封；最后炸板后6~10分钟回封；回封前5分钟成交额至少前日5%,"last_break_to_signal_minutes,open_times_at_signal,signal_recent_5m_amount_vs_prev_day",True,4f9fa98ec487d2f0b76e2814ace563fbc558de3a,392,224,178,46,0,101,0.45544554455445546,0.004749484268645249,-0.0068944396198123,1.308720180039448,-0.5686681063408818,0.2877539667175889,-0.1595638622725343,1.455890759149559,6,49,0.7102634398488104,52,1.8425841830152887,1,True,107.0,0.45794392523364486,0.008319829945522545,-0.0068944396198123,1.9782818943171423,-0.4260643413034123,0.2877539667175889,-0.1098246868368515,1.6847900170710124,7.0,137.0,0.49635036496350365,0.016764531487136473,-4.865323893436956e-05,6.759398111773558,-0.4202500231170304,0.2877539667175889,-0.14417251000998996,1.8917647339936436,7.0,223.0,20.0,78.0,21.0,30.0,8.0,False,False,False,False
time_1001_1130__open_eq1__speed_any__duration_61_120,SPEED_FREE,10:01~11:30回封；第1次炸板后的回封；回封速度不限；首封后61~120分钟形成回封,"first_to_signal_minutes,open_times_at_signal,signal_hhmm",True,67391d5a2a3089cb4de97490bea957598a4fa1f4,489,279,190,89,0,105,0.44761904761904764,0.005118220415770996,-0.0067987140442621,1.3077005417146768,-0.48605395266187146,0.3721270239550671,-0.1569867550068164,1.4927010302049586,5,55,1.5269915512000631,50,0.8563901618754564,1,True,111.0,0.4144144144144144,0.0004595883296969188,-0.0135550024812917,0.840722846203518,-0.5987662448912132,0.1382248145666667,-0.1569867550068164,1.4389960331955083,5.0,142.0,0.5140845070422535,0.020413134001736576,0.002352633603233902,10.727011083310321,-0.26223554368351154,0.4892913885103991,-0.1569867550068164,1.8736284631344693,5.0,279.0,19.0,77.0,31.0,24.0,10.0,False,False,False,False
time_1400_1454__open_3_5__speed_le1,STRUCTURAL_GRID,14:00~14:54回封；第3~5次炸板后的回封；最后炸板后1分钟内回封,"last_break_to_signal_minutes,open_times_at_signal,signal_hhmm",True,26c72e0a4bf130b5e898fc96e9242c8005974060,1526,365,297,68,0,129,0.49612403100775193,0.00373811682005419,-0.0046259348904044,1.3064772083372713,-0.510390636337762,0.2804551011527076,-0.1389379853296101,1.2078122129132474,7,65,0.7277062390530078,64,1.7953359999186507,1,True,130.0,0.5230769230769231,0.008018005514097001,0.0031948824727166,2.2635287664588235,-0.43303018279201044,0.2804551011527076,-0.1389379853296101,1.3227147299641733,6.0,146.0,0.5205479452054794,0.010899078216960028,0.00361167779304,3.5422894296640437,-0.4042561290402329,0.2804551011527076,-0.1370202417594448,1.4448179864966073,6.0,354.0,13.0,112.0,17.0,12.0,5.0,True,False,False,False
time_any__open_any__speed_any__amount_ge0_5__ever_40_100,PURE_QUALITY_PAIR_ALL_TIME_AND_OPEN_COUNT,回封时间不限；炸板/回封次数不限；回封速度不限；信号前成交额至少前日50%；信号时全市场已有40~100只首板触板,"market_ever_sealed_count,signal_cumulative_amount_vs_prev_day",True,fb0ac66e8e92e152e3cb75f2c7b067a445a11498,16837,438,338,100,0,142,0.4859154929577465,0.0034324285135279805,-0.0013986653999999502,1.3051452236238135,-0.47222426412832375,0.1382248145666667,-0.1324251245118959,1.2384756582534056,4,70,1.110339950373035,72,1.1754465136423589,2,True,142.0,0.4859154929577465,0.0034324285135279805,-0.0013986653999999502,1.3051452236238135,-0.47222426412832375,0.1382248145666667,-0.1324251245118959,1.2384756582534056,4.0,152.0,0.4934210526315789,0.00809171045750661,-0.000727631740946002,2.483109562463714,-0.3571091446157575,0.19761560200549466,-0.14417251000998996,1.428822941766883,5.0,438.0,0.0,122.0,13.0,8.0,9.0,False,False,False,False
time_any__open_1_2__speed_6_10__duration_16_30,TIME_FREE,回封时间不限；第1~2次炸板后的回封；最后炸板后6~10分钟回封；首封后16~30分钟形成回封,"first_to_signal_minutes,last_break_to_signal_minutes,open_times_at_signal",True,397c65f229bec75735e4e3e918230f30887e3598,472,259,189,70,0,97,0.4536082474226804,0.004865646665643676,-0.0050855821378803,1.3050346921964697,-0.43157099285043155,0.1935590908019999,-0.1777544284995882,1.4755617482322516,5,43,0.81933550508658,54,1.592796460173619,1,True,102.0,0.4411764705882353,0.0034034278391776754,-0.0061250866526193996,1.1561604791784215,-0.34586539283536555,0.1935590908019999,-0.1777544284995882,1.4663632660590986,5.0,136.0,0.5294117647058824,0.021483584376465307,0.004860766060368826,11.915225255202754,-0.2673402089862741,0.4892913885103991,-0.1627866280771597,2.023398046078002,5.0,258.0,15.0,80.0,23.0,26.0,7.0,False,False,False,False
time_1001_1130__open_any__speed_le1__duration_16_30,OPEN_COUNT_FREE,10:01~11:30回封；炸板/回封次数不限；最后炸板后1分钟内回封；首封后16~30分钟形成回封,"first_to_signal_minutes,last_break_to_signal_minutes,signal_hhmm",True,54da53663c276c3f6b7f08178d3a79bf0bb3e26c,515,240,201,39,0,106,0.5471698113207547,0.004971314075070126,0.0050116423520337,1.299075842741313,-0.507176197152704,0.2732236251032737,-0.189337554306236,0.9966967761321166,3,52,0.988590503824687,54,1.3140687046005521,1,True,112.0,0.5178571428571429,0.002605311684663315,0.00198567538855055,1.0424468111347243,-0.5579018603333703,0.1382973329857442,-0.189337554306236,1.0287130327723253,4.0,141.0,0.574468085106383,0.023130671864069297,0.0062440948621811,15.674803540979694,-0.28671344754838324,0.4892913885103991,-0.119360538825,1.661593581440909,3.0,240.0,15.0,83.0,27.0,23.0,8.0,False,False,False,False
time_1430_1454__open_ge5__speed_any__duration_61_120,SPEED_FREE,14:30~14:54回封；第5次及以后炸板后的回封；回封速度不限；首封后61~120分钟形成回封,"first_to_signal_minutes,open_times_at_signal,signal_hhmm",True,4a0aa62c9ec264be4e1ceab4d1304389539d4ee5,694,133,108,25,0,72,0.4861111111111111,0.005705705787725623,-0.00346173200104375,1.2985443960290182,-0.4460728635757141,0.2784135267134124,-0.1370202417594448,1.3340807942775401,7,35,1.1513153557155729,37,1.1278789860506448,1,True,84.0,0.44047619047619047,0.003476559504652748,-0.012167256337943003,1.1440288267929732,-0.5342848029802966,0.2884775816944691,-0.1370202417594448,1.4746037092802406,6.0,138.0,0.5797101449275363,0.03154574803915411,0.009408033402378077,44.92926248905027,-0.2021127174912024,0.4892913885103991,-0.11849477438811166,2.2290018612870166,5.0,124.0,41.0,55.0,38.0,29.0,16.0,False,False,False,False
time_any__open_eq2__speed_6_10__break_close_le0_5,TIME_FREE,回封时间不限；第2次炸板后的回封；最后炸板后6~10分钟回封；最后炸板分钟收盘回落不超0.5%,"last_break_close_depth_pct,last_break_to_signal_minutes,open_times_at_signal",True,ad21d248d380f50e68619644a841f1fba2b4a40d,504,243,189,54,0,105,0.4380952380952381,0.004678644816136379,-0.0099657126639791,1.2972459424959273,-0.5264816103181562,0.3721270239550671,-0.1370202417594448,1.57755326542964,5,44,2.106638161540649,61,0.6157896340144201,1,True,110.0,0.45454545454545453,0.005300279432253436,-0.008530181838979,1.4139495909922997,-0.5264816103181564,0.3721270239550671,-0.1370202417594448,1.5190249896163104,5.0,139.0,0.5827338129496403,0.029428403008492837,0.008519965945008,36.69406572080218,-0.20559774630679495,0.3721270239550671,-0.11849477438811166,2.141789236398379,4.0,238.0,15.0,72.0,27.0,29.0,11.0,False,False,False,False
time_1300_1454__open_any__speed_6_10__ever_20_60,OPEN_COUNT_FREE,13:00~14:54回封；炸板/回封次数不限；最后炸板后6~10分钟回封；信号时全市场已有20~60只首板触板,"last_break_to_signal_minutes,market_ever_sealed_count,signal_hhmm",True,a4567665e8f0cba49725f9c06acf903394a4dc02,527,224,174,50,0,92,0.5217391304347826,0.00454451929799466,0.00243763394661445,1.296195308087439,-0.4550380641743861,0.1372791192585825,-0.1370202417594448,1.1147202373163985,5,39,1.2174840714971078,53,1.064650732139389,1,True,114.0,0.5087719298245614,0.010473064627040559,0.00209948566854085,2.519575433920136,-0.5663131934803617,0.4527951871228668,-0.1370202417594448,1.4789099732580677,6.0,151.0,0.5496688741721855,0.025339581912090278,0.004544094725274752,25.50425596106354,-0.27362058586203164,0.4892913885103991,-0.13823939725321072,2.000194907810074,5.0,224.0,52.0,75.0,32.0,28.0,16.0,True,False,False,False
time_1001_1130__open_ge2__speed_any__duration_16_30,SPEED_FREE,10:01~11:30回封；第2次及以后炸板后的回封；回封速度不限；首封后16~30分钟形成回封,"first_to_signal_minutes,open_times_at_signal,signal_hhmm",True,9b18bd5227021f1fa73fc1d4d47e8ed007b4775a,991,314,250,64,0,119,0.46218487394957986,0.004690016991123956,-0.0067259371083556,1.2937309084083328,-0.4650537224801876,0.3090002845557691,-0.189337554306236,1.3978845591786635,6,57,0.6931096476933498,62,1.8665602372060994,1,True,120.0,0.45,0.0033407005436443637,-0.008240522488184101,1.0896462665750237,-0.539336594888589,0.3090002845557691,-0.189337554306236,1.38675518050151,6.0,145.0,0.503448275862069,0.017276596434359436,0.0016095808767122,7.292641612742293,-0.4510210722290885,0.4892913885103991,-0.14417251000998996,1.804743377550555,4.0,314.0,4.0,95.0,22.0,19.0,9.0,False,False,False,False
time_1300_1454__open_eq3__speed_any__break_rate_le50,SPEED_FREE,13:00~14:54回封；第3次炸板后的回封；回封速度不限；信号时累计炸板事件率不超50%,"market_break_event_rate,open_times_at_signal,signal_hhmm",True,a9a9d5e7ec4c1a557d7790c383ca73f69eeae3a8,64,49,40,9,0,37,0.43243243243243246,0.010132862616683539,-0.012001457735885,1.292526100367502,-0.30264323735394694,0.2858048076223851,-0.1293101803360104,1.8707763040432859,5,25,1.169703543988606,12,1.1050031497383344,1,True,62.0,0.5,0.01499684939923644,-0.00023253697448588238,2.092584741089745,-0.29629197935352936,0.4527951871228668,-0.1293101803360104,1.7830643722547614,5.0,135.0,0.6444444444444445,0.04441770896945827,0.019180342510750216,188.48814215151708,-0.2297053474471087,0.5231929254879739,-0.13823939725321072,2.265958870523493,4.0,49.0,44.0,38.0,39.0,43.0,15.0,True,False,False,False
time_1400_1454__open_eq3__speed_any__break_close_le0_5,SPEED_FREE,14:00~14:54回封；第3次炸板后的回封；回封速度不限；最后炸板分钟收盘回落不超0.5%,"last_break_close_depth_pct,open_times_at_signal,signal_hhmm",True,170e26e1650731b112d1d85ce1fb2ce2c0cbcef9,1442,388,320,68,0,130,0.4846153846153846,0.0033494198434459734,-0.00384147719852075,1.2919873309838974,-0.48601512002523195,0.1377234816831285,-0.1116008761410474,1.2574813067590414,5,66,0.9233840639849656,64,1.3991873819093041,1,True,131.0,0.48091603053435117,0.003215777135500969,-0.0042125722215698,1.2627860978803656,-0.49851386899225103,0.1377234816831285,-0.1116008761410474,1.2624593884406068,5.0,148.0,0.4864864864864865,0.007733069526338271,-0.003108305471248578,2.1357561846234945,-0.5323548867137282,0.3687231660523884,-0.11849477438811166,1.4292703853869302,6.0,378.0,14.0,108.0,20.0,16.0,4.0,False,False,False,False
time_0930_1000__open_any__speed_ge11__seal_rate_ge70,OPEN_COUNT_FREE,09:30~10:00回封；炸板/回封次数不限；最后炸板11分钟后回封；信号时全市场首板封住率至少70%,"last_break_to_signal_minutes,market_seal_rate,signal_hhmm",True,cc4a458478eb0da1ab6fe0c4108edbbbb68a2798,186,140,95,45,0,69,0.4927536231884058,0.006139013502579213,-0.0013986654,1.291024521282989,-0.5215846589726865,0.3082331866285716,-0.2119613369912833,1.3191547958382208,5,31,1.3631783806659312,38,0.9470693928202601,1,True,82.0,0.524390243902439,0.007506225220159865,0.00165561866103925,1.5434028128020316,-0.5389277189764007,0.3082331866285716,-0.2119613369912833,1.2377077948751543,5.0,134.0,0.6119402985074627,0.027872896051113722,0.018306282554744424,26.511139681584925,-0.2297053474471088,0.25794581579670345,-0.2119613369912833,1.645106272844797,5.0,140.0,34.0,55.0,28.0,39.0,12.0,False,False,False,False
time_any__open_2_3__speed_6_10__seal_rate_ge70,TIME_FREE,回封时间不限；第2~3次炸板后的回封；最后炸板后6~10分钟回封；信号时全市场首板封住率至少70%,"last_break_to_signal_minutes,market_seal_rate,open_times_at_signal",True,83dd7f465b3c843304aff15dbf572246a54cab8a,752,304,238,66,0,116,0.4827586206896552,0.004896569351012191,-0.00488366679535205,1.290939847894092,-0.44591078645471205,0.3721270239550671,-0.16676560959,1.290923808006933,6,56,1.551925240521908,60,0.8318312082223451,1,True,117.0,0.48717948717948717,0.003106564536900092,-0.0046817514528238,1.116086821305478,-0.4459107864547118,0.1935590908019999,-0.16676560959,1.19329750407514,6.0,142.0,0.5422535211267606,0.014300394067547267,0.002589661471900808,5.097901389324089,-0.3936812242851172,0.25794581579670345,-0.17629142067722955,1.4269144903343214,4.0,303.0,6.0,85.0,24.0,27.0,6.0,False,False,False,False
time_1400_1429__open_3_5__speed_6_10,STRUCTURAL_GRID,14:00~14:29回封；第3~5次炸板后的回封；最后炸板后6~10分钟回封,"last_break_to_signal_minutes,open_times_at_signal,signal_hhmm",True,560a5396e66fabe1e48141c496f1af1995b40d2b,182,126,110,16,0,74,0.4594594594594595,0.005061357531251137,-0.0042190996828148,1.2909117444619376,-0.28686209318305944,0.1371044732422692,-0.1098246868368515,1.4819164163443719,6,41,1.2210963007382707,33,1.0571743962220317,1,True,91.0,0.45054945054945056,0.007088575871107054,-0.0063984574662788,1.5179583864487483,-0.3976671056067467,0.4527951871228668,-0.1098246868368515,1.6226355539820292,8.0,139.0,0.5683453237410072,0.027004791792082327,0.010606999842834385,24.93279068411257,-0.3277934151539468,0.4527951871228668,-0.14417251000998996,1.8977168245357796,7.0,126.0,36.0,64.0,33.0,31.0,11.0,False,False,False,False
time_0930_1000__open_any__speed_ge11__break_rate_le50,OPEN_COUNT_FREE,09:30~10:00回封；炸板/回封次数不限；最后炸板11分钟后回封；信号时累计炸板事件率不超50%,"last_break_to_signal_minutes,market_break_event_rate,signal_hhmm",True,d21662e28137fede98d5f29306e14ac0689ffbea,146,112,71,41,0,52,0.5192307692307693,0.007911927629153645,0.00038651654500962223,1.2896481359713021,-0.4606714978450255,0.3082331866285716,-0.2119613369912833,1.2268960199778551,4,26,1.2656125732819068,26,1.018991248346299,1,True,69.0,0.5362318840579711,0.0054902076586884506,0.0026084483852364,1.2441789000132855,-0.5092246071166329,0.3082331866285716,-0.2119613369912833,1.0806523427361094,4.0,133.0,0.6691729323308271,0.03787492331527632,0.020527928444758987,83.50720020421946,-0.22970534744710847,0.4892913885103991,-0.2119613369912833,1.6546451852790933,4.0,112.0,37.0,41.0,38.0,41.0,13.0,False,False,False,False
time_0930_1000__open_eq1__speed_any__seal_rate_40_60,SPEED_FREE,09:30~10:00回封；第1次炸板后的回封；回封速度不限；信号时全市场首板封住率40%~60%,"market_seal_rate,open_times_at_signal,signal_hhmm",True,ea697045f782055cf2252603f871a5e6af5f33c5,75,38,26,12,0,25,0.56,0.011500066801985488,0.010479355313973,1.2891459916963344,-0.15592067288705824,0.0943157057271028,-0.1061108386058824,1.3555182481076298,3,10,1.0793264426087124,15,1.194398599723446,1,True,59.0,0.5084745762711864,0.01713057912390649,0.010782646179660961,2.3199798077256912,-0.21285748212571987,0.4527951871228668,-0.1061108386058824,1.8814122981938042,7.0,135.0,0.674074074074074,0.04744034474223476,0.02892162643672605,330.9086998598683,-0.22970534744710858,0.4527951871228668,-0.13823939725321072,2.6252645825404164,4.0,38.0,52.0,31.0,41.0,47.0,16.0,True,True,True,False
time_0930_1000__open_1_2__speed_any__seal_rate_40_60,SPEED_FREE,09:30~10:00回封；第1~2次炸板后的回封；回封速度不限；信号时全市场首板封住率40%~60%,"market_seal_rate,open_times_at_signal,signal_hhmm",True,104e25f65f0ead141b0965678681675cbf62728c,91,42,26,16,0,25,0.56,0.011500066801985488,0.010479355313973,1.2891459916963344,-0.15592067288705824,0.0943157057271028,-0.1061108386058824,1.3555182481076298,3,10,1.0793264426087124,15,1.194398599723446,1,True,59.0,0.5084745762711864,0.01713057912390649,0.010782646179660961,2.3199798077256912,-0.21285748212571987,0.4527951871228668,-0.1061108386058824,1.8814122981938042,7.0,135.0,0.674074074074074,0.04744034474223476,0.02892162643672605,330.9086998598683,-0.22970534744710858,0.4527951871228668,-0.13823939725321072,2.6252645825404164,4.0,42.0,52.0,31.0,41.0,47.0,16.0,True,True,True,False
time_1300_1359__open_any__speed_6_10__break_low_le1,OPEN_COUNT_FREE,13:00~13:59回封；炸板/回封次数不限；最后炸板后6~10分钟回封；最后炸板分钟最低回落不超1%,"last_break_low_depth_pct,last_break_to_signal_minutes,signal_hhmm",True,f5a281bfeb4c28f44bcbce7f81cedb4fdef57f6c,787,295,247,48,0,117,0.5213675213675214,0.004103398614368068,0.0018673696865438,1.2888452852905448,-0.3262793096754242,0.3090002845557691,-0.1370202417594448,1.0976708780129014,6,55,1.0871846234532585,62,1.1854888833846309,1,True,118.0,0.5084745762711864,0.0030987444216760258,0.0011130092217243,1.1590839127425414,-0.3422473093012074,0.3090002845557691,-0.1370202417594448,1.1095453820432806,6.0,145.0,0.5586206896551724,0.017804186287419487,0.0035894894609647047,8.919912819106795,-0.32168614913703153,0.4892913885103991,-0.11849477438811166,1.6723204068215731,4.0,295.0,10.0,93.0,17.0,27.0,8.0,False,False,False,False
time_1300_1359__open_eq4__speed_ge11,STRUCTURAL_GRID,13:00~13:59回封；第4次炸板后的回封；最后炸板11分钟后回封,"last_break_to_signal_minutes,open_times_at_signal,signal_hhmm",True,7e9ada5d9693b61fec1a492a2097b7c895c11be8,114,88,80,8,0,58,0.5,0.007531724440298097,0.0001603943353411998,1.2881998561158459,-0.4898442764638391,0.2884420958080925,-0.2040006245101206,1.2820334207674215,5,32,1.1329408070138112,26,1.1370407422354782,1,True,72.0,0.5,0.009113758776105136,0.0001603943353411998,1.5653638890874466,-0.46701780509456137,0.2884420958080925,-0.2040006245101206,1.3665637871658365,5.0,136.0,0.6102941176470589,0.03561786741577948,0.020508964637884326,72.895484765151,-0.2297053474471087,0.3687231660523884,-0.2040006245101206,2.0470914554000217,4.0,88.0,38.0,42.0,42.0,38.0,14.0,False,False,False,False
time_1001_1130__open_1_2__speed_any__seal_rate_40_60,SPEED_FREE,10:01~11:30回封；第1~2次炸板后的回封；回封速度不限；信号时全市场首板封住率40%~60%,"market_seal_rate,open_times_at_signal,signal_hhmm",True,fa83d0df85a5fbfdb179cf53da9e8491bbf10a30,354,70,57,13,0,40,0.45,0.00883027442068169,-0.00342255658418755,1.287076341168582,-0.20137005061953195,0.1813358274087592,-0.1186095371999999,1.6609639589150922,4,20,1.0095152114838135,20,1.2749449701474047,1,True,67.0,0.5074626865671642,0.01083479637550861,0.004553404278500835,1.8284363365522402,-0.21253594585827573,0.1813358274087592,-0.0957918347592319,1.5418549748694812,6.0,135.0,0.6370370370370371,0.03902701267724111,0.019180342510750216,103.90100864469288,-0.22970534744710847,0.4892913885103991,-0.17629142067722955,2.0390676129878886,4.0,70.0,49.0,40.0,36.0,43.0,16.0,False,False,False,False
time_1400_1454__open_eq2__speed_any__recent5_ge10pct,SPEED_FREE,14:00~14:54回封；第2次炸板后的回封；回封速度不限；回封前5分钟成交额至少前日10%,"open_times_at_signal,signal_hhmm,signal_recent_5m_amount_vs_prev_day",True,8572e462d12c28c8bb76ead21825d3e2f5543d23,778,340,240,100,0,119,0.44537815126050423,0.0036030469722548837,-0.0064859699142856,1.28701959566226,-0.44755229110847894,0.2877539667175889,-0.0814745248541436,1.4888342347665158,6,62,1.9056978363584658,57,0.6753534432938136,1,True,124.0,0.47580645161290325,0.007570785109152752,-0.00442382078398585,2.109001943576126,-0.4306340419397128,0.2877539667175889,-0.0789052459411764,1.5943136187020757,6.0,143.0,0.5034965034965035,0.013459735155360069,0.0004112410137363,4.806543490808817,-0.2850518325125576,0.3687231660523884,-0.17629142067722955,1.7510866900640258,7.0,332.0,17.0,93.0,26.0,19.0,5.0,True,False,False,False
time_1400_1429__open_eq3__speed_any__recent5_ge10pct,SPEED_FREE,14:00~14:29回封；第3次炸板后的回封；回封速度不限；回封前5分钟成交额至少前日10%,"open_times_at_signal,signal_hhmm,signal_recent_5m_amount_vs_prev_day",True,8f34ce89df195ccbca16304c02d36b0cb85cab87,245,164,138,26,0,86,0.4883720930232558,0.004942213190039421,-0.0007964114823390501,1.285671417066512,-0.496292712157018,0.2971055310979901,-0.1527802601283696,1.303303580057383,6,44,0.8484333553072133,42,1.5153475626862618,1,True,93.0,0.4838709677419355,0.004220275292279583,-0.0010302057050335,1.2235505849198876,-0.5948205976226231,0.2971055310979901,-0.1527802601283696,1.2765941689601064,5.0,137.0,0.5547445255474452,0.022874993895074525,0.0078154036153846,14.698027687675442,-0.43597496989759,0.3687231660523884,-0.1527802601283696,1.8722888678839642,6.0,163.0,33.0,67.0,30.0,33.0,7.0,False,False,False,False
time_any__open_2_3__speed_6_10__duration_ge121,TIME_FREE,回封时间不限；第2~3次炸板后的回封；最后炸板后6~10分钟回封；首封121分钟后形成回封,"first_to_signal_minutes,last_break_to_signal_minutes,open_times_at_signal",True,8cb2e5c559b3317cc7fbcb3bf9d447c129884c5e,187,134,110,24,0,70,0.45714285714285713,0.005473353505795163,-0.00446734336135655,1.2854799364555858,-0.2769277112431551,0.2815783803342283,-0.0822850841273497,1.5165589178941348,5,36,1.2743471279883576,34,1.0087360878544933,1,True,84.0,0.42857142857142855,0.001781453422062537,-0.0085242228790844,1.0259197402524018,-0.2780096989183446,0.1382973329857442,-0.0822850841273497,1.4477183973363057,5.0,133.0,0.5263157894736842,0.023250151285725468,0.00498878917582428,14.700017268382595,-0.42190352020924415,0.3687231660523884,-0.11849477438811166,2.1143817800253424,7.0,131.0,38.0,60.0,30.0,34.0,9.0,False,False,False,False
time_1400_1429__open_any__speed_6_10__seal_rate_ge60,OPEN_COUNT_FREE,14:00~14:29回封；炸板/回封次数不限；最后炸板后6~10分钟回封；信号时全市场首板封住率至少60%,"last_break_to_signal_minutes,market_seal_rate,signal_hhmm",True,493d5a995b65c60fb019ede66ee2a893fc0c2ebb,453,234,189,45,0,110,0.45454545454545453,0.003850420093182648,-0.0038835884190902,1.2837992272142973,-0.4473334687296955,0.1813358274087592,-0.1098246868368515,1.4301068584090615,10,53,0.9462710421161444,57,1.3566929241999612,1,True,118.0,0.4661016949152542,0.004133494703838594,-0.00265176030167295,1.3611765816219765,-0.4241794445675955,0.1813358274087592,-0.1098246868368515,1.390840497222574,10.0,141.0,0.574468085106383,0.025420826041382683,0.0096181562488293,22.159343165015805,-0.386293475278209,0.4892913885103991,-0.11849477438811166,1.9169599824412333,7.0,229.0,22.0,85.0,23.0,25.0,8.0,False,False,False,False
time_1400_1429__open_eq2__speed_any__break_low_le2,SPEED_FREE,14:00~14:29回封；第2次炸板后的回封；回封速度不限；最后炸板分钟最低回落不超2%,"last_break_low_depth_pct,open_times_at_signal,signal_hhmm",True,af459af6db1e63d25010355351d2ae0d52500278,1115,373,303,70,0,129,0.43410852713178294,0.00383243488407085,-0.0046259348904044,1.2835255325058208,-0.6346457166516185,0.2877539667175889,-0.1549778471938946,1.557142645651237,9,64,1.8621028251884972,65,0.6892882149920441,1,True,131.0,0.42748091603053434,0.003075446210864357,-0.0049678171901579,1.1743938907529725,-0.6346457166516185,0.2877539667175889,-0.1549778471938946,1.5465864976797268,9.0,146.0,0.4726027397260274,0.006191592611939563,-0.0022096899729636783,1.6967625421096033,-0.48716750586741575,0.3687231660523884,-0.1549778471938946,1.434026573789297,5.0,369.0,7.0,108.0,14.0,19.0,5.0,False,False,False,False
time_1001_1359__open_any__speed_6_10__ever_20_60,OPEN_COUNT_FREE,10:01~13:59回封；炸板/回封次数不限；最后炸板后6~10分钟回封；信号时全市场已有20~60只首板触板,"last_break_to_signal_minutes,market_ever_sealed_count,signal_hhmm",True,6f4d5667af453cbd9f82ad292e6c0f6b960af932,1077,394,288,106,0,129,0.46511627906976744,0.0040577140325911,-0.0035057206279317,1.2819356639448642,-0.4266230729081846,0.1935590908019999,-0.1923385811861804,1.367746170114328,7,61,0.8637642384834532,68,1.484126810106901,1,True,131.0,0.4580152671755725,0.0033681813858519438,-0.0060056999076924,1.1741736098670181,-0.4283704850940706,0.1935590908019999,-0.1923385811861804,1.3636977374060042,7.0,144.0,0.4583333333333333,0.008325198854060202,-0.00490726473922049,2.1721367977297152,-0.5594090699176051,0.4892913885103991,-0.189337554306236,1.60798172907389,8.0,394.0,14.0,102.0,11.0,19.0,12.0,False,False,False,False
time_1300_1454__open_eq3__speed_2_5,STRUCTURAL_GRID,13:00~14:54回封；第3次炸板后的回封；最后炸板后2~5分钟回封,"last_break_to_signal_minutes,open_times_at_signal,signal_hhmm",True,314c892c7c4a87522fa036fc2bf5d9e346210664,1040,332,286,46,0,130,0.4461538461538462,0.004284403332223333,-0.0045135329619601,1.280786107623732,-0.6087415724689014,0.3721270239550671,-0.1642639231052835,1.473191026465762,7,65,0.7011816644769256,65,1.8266109519266807,1,True,131.0,0.4580152671755725,0.004534922241536405,-0.0038637951833488,1.3338798830179286,-0.5593640667943376,0.3721270239550671,-0.1642639231052835,1.4230154574339777,7.0,146.0,0.5342465753424658,0.016510400897095226,0.00374319829262815,7.0525011020509,-0.2616219619724175,0.4892913885103991,-0.1157927503344908,1.643623510477891,5.0,331.0,7.0,112.0,16.0,15.0,3.0,False,False,False,False
time_any__open_eq4__speed_6_10__duration_61_120,TIME_FREE,回封时间不限；第4次炸板后的回封；最后炸板后6~10分钟回封；首封后61~120分钟形成回封,"first_to_signal_minutes,last_break_to_signal_minutes,open_times_at_signal",True,46d5bc79c31b2122aa5ebfcb7c7aee3f0cfa4e52,69,60,58,2,0,44,0.4318181818181818,0.00745480875372051,-0.0046049162646789495,1.2773550773213511,-0.22899193427261066,0.1372973208315789,-0.0813553226115236,1.7876556064667628,7,19,0.9313735980490454,25,1.3714744330277722,1,True,68.0,0.4411764705882353,0.016458528432876617,-0.0057536590827389,2.43725378973164,-0.3424627736594975,0.4527951871228668,-0.0813553226115236,2.308523542665172,7.0,136.0,0.6544117647058824,0.04401157973596757,0.02086677121148526,205.87004675185855,-0.21825746460579665,0.4892913885103991,-0.13823939725321072,2.4756880719227548,4.0,58.0,45.0,37.0,41.0,45.0,13.0,True,False,False,False
time_1300_1454__open_eq1__speed_any__recent5_ge5pct,SPEED_FREE,13:00~14:54回封；第1次炸板后的回封；回封速度不限；回封前5分钟成交额至少前日5%,"open_times_at_signal,signal_hhmm,signal_recent_5m_amount_vs_prev_day",True,9ec61c1faff70320713981b3e601ec60c564f4db,4627,481,346,135,0,142,0.43661971830985913,0.0031931784220666287,-0.00785364408402135,1.277266163009752,-0.41223453784409725,0.1652893008992227,-0.1119863555477992,1.5057655422184741,8,71,0.7267616058467641,71,1.7574761142226056,1,True,142.0,0.43661971830985913,0.0031931784220666287,-0.00785364408402135,1.277266163009752,-0.41223453784409725,0.1652893008992227,-0.1119863555477992,1.5057655422184741,8.0,152.0,0.47368421052631576,0.009579870084082351,-0.002884127526531878,2.977989437339636,-0.4961979459060848,0.4892913885103991,-0.1666821330911661,1.6806163331178452,8.0,481.0,0.0,125.0,8.0,11.0,8.0,False,False,False,False
time_1001_1130__open_any__speed_le5__duration_16_30,OPEN_COUNT_FREE,10:01~11:30回封；炸板/回封次数不限；最后炸板后5分钟内回封；首封后16~30分钟形成回封,"first_to_signal_minutes,last_break_to_signal_minutes,signal_hhmm",True,992af6337cd9c6a83aadf8f672b850217ad1508f,1053,351,277,74,0,128,0.4375,0.004750242491948359,-0.0071122740062070505,1.2765924356447493,-0.4683539291750257,0.2798824747699878,-0.189337554306236,1.528239592437469,7,66,0.9066835821757618,62,1.407980094424253,1,True,129.0,0.4496124031007752,0.0056197114942106875,-0.0046926950730001,1.4039089884380724,-0.5289144456193944,0.2798824747699878,-0.189337554306236,1.4934900577071748,8.0,149.0,0.5033557046979866,0.01257505337573351,0.0016095808767122,4.1105928275730115,-0.35249133125123433,0.3687231660523884,-0.1728487148252491,1.54423718094754,6.0,351.0,6.0,99.0,24.0,16.0,10.0,False,False,False,False
time_1300_1359__open_eq2__speed_any__break_rate_le50,SPEED_FREE,13:00~13:59回封；第2次炸板后的回封；回封速度不限；信号时累计炸板事件率不超50%,"market_break_event_rate,open_times_at_signal,signal_hhmm",True,6c410b632ca078f6d2b2379dd934779da051b411,107,64,51,13,0,43,0.5116279069767442,0.007579271628124618,0.0004571259650704,1.2739178809235219,-0.26269993729978525,0.1585663049947058,-0.1293101803360104,1.3154075924214985,8,20,0.9840160046923978,23,1.2946109360505238,1,True,66.0,0.5303030303030303,0.012168868614511393,0.004158897396146968,1.8579808973739957,-0.2885827643096238,0.4527951871228668,-0.1293101803360104,1.4494269974483496,7.0,134.0,0.6791044776119403,0.0452399486311272,0.026219416267306353,220.27929457814744,-0.20569199872479293,0.4892913885103991,-0.13823939725321072,2.11855706949304,6.0,64.0,42.0,38.0,40.0,43.0,13.0,False,False,False,False
time_1400_1429__open_eq1__speed_any__break_close_le0_5,SPEED_FREE,14:00~14:29回封；第1次炸板后的回封；回封速度不限；最后炸板分钟收盘回落不超0.5%,"last_break_close_depth_pct,open_times_at_signal,signal_hhmm",True,005bef1df78eb524c75f791b41c9ab133c69ed40,745,266,198,68,0,103,0.5048543689320388,0.003786429800701248,0.0012540659764257,1.271412526186531,-0.5327463154280732,0.1380311620285715,-0.1288757851798571,1.1828314753011837,6,49,0.9320511405642484,54,1.3641016794602485,1,True,107.0,0.5233644859813084,0.007307660024166587,0.0024690798129157,1.8689995683645388,-0.44212556947480985,0.1380311620285715,-0.1288757851798571,1.3065118748955116,5.0,138.0,0.5289855072463768,0.021556035772708683,0.002738932482156758,12.066318263070656,-0.3719019099968288,0.4892913885103991,-0.17629142067722955,1.8699514086443074,8.0,261.0,13.0,80.0,24.0,25.0,9.0,False,False,False,False
time_1001_1359__open_any__speed_le2__duration_16_30,OPEN_COUNT_FREE,10:01~13:59回封；炸板/回封次数不限；最后炸板后2分钟内回封；首封后16~30分钟形成回封,"first_to_signal_minutes,last_break_to_signal_minutes,signal_hhmm",True,832ed01072bd356d8724c2a0415cf16b4b68bfad,1500,365,298,67,0,135,0.5037037037037037,0.003967463971112629,0.0004933677263642,1.2706088295724556,-0.5375638313162595,0.2732236251032737,-0.189337554306236,1.1605415294819554,9,68,0.697123813568006,67,1.8226444210379908,1,True,135.0,0.5111111111111111,0.003686238077563484,0.0013069031199177,1.2139917463606638,-0.5581695334278364,0.2732236251032737,-0.189337554306236,1.1132377881650595,9.0,151.0,0.5496688741721855,0.016033140420547612,0.0037791898418863,6.745597568413589,-0.30744347420624185,0.4892913885103991,-0.189337554306236,1.4733635029078134,5.0,365.0,4.0,106.0,24.0,15.0,6.0,False,False,False,False
time_1400_1429__open_any__speed_6_10__growth_board,OPEN_COUNT_FREE,14:00~14:29回封；炸板/回封次数不限；最后炸板后6~10分钟回封；仅创业板或科创板,"last_break_to_signal_minutes,market_segment,signal_hhmm",True,1c53d0680ec8de2e30829b771acb029a3beb287d,84,57,47,10,0,41,0.3902439024390244,0.008930772899345645,-0.0216811742189281,1.2688938286804263,-0.30082433657949403,0.2815783803342283,-0.0871615302333235,2.0760475813286905,6,21,1.0855558363114277,20,1.1688885879808415,1,True,61.0,0.4918032786885246,0.014077579373330701,-0.008752778158325598,2.0661448479139404,-0.32598215635406413,0.1813358274087592,-0.0866040022672531,1.7597280651491123,7.0,134.0,0.5895522388059702,0.035710162354068875,0.01270813094358725,67.16560953663173,-0.22970534744710858,0.4892913885103991,-0.13823939725321072,2.3236791695800574,5.0,55.0,42.0,34.0,42.0,43.0,15.0,True,False,False,False
time_1001_1130__open_any__speed_any__ever_40_100,OPEN_COUNT_FREE+SPEED_FREE,10:01~11:30回封；炸板/回封次数不限；回封速度不限；信号时全市场已有40~100只首板触板,"market_ever_sealed_count,signal_hhmm",True,e105c7ca71b5d34443a254ad225a4bb7084663e4,5018,307,229,78,0,113,0.46017699115044247,0.004060231610690219,-0.0046817514528238,1.2684575832885336,-0.5705050648440475,0.2798824747699878,-0.1223049402677456,1.3860130018970984,7,54,1.0323105518320597,59,1.228755805157062,2,True,113.0,0.46017699115044247,0.004060231610690219,-0.0046817514528238,1.2684575832885336,-0.5705050648440475,0.2798824747699878,-0.1223049402677456,1.3860130018970984,7.0,140.0,0.5428571428571428,0.021389690193937425,0.007282242557601546,13.02238927285666,-0.29543842149594235,0.4892913885103991,-0.1223049402677456,1.853020681547202,4.0,307.0,2.0,94.0,23.0,19.0,4.0,False,False,False,False
time_1300_1359__open_1_2__speed_any__seal_rate_ge60,SPEED_FREE,13:00~13:59回封；第1~2次炸板后的回封；回封速度不限；信号时全市场首板封住率至少60%,"market_seal_rate,open_times_at_signal,signal_hhmm",True,a0ccdcf8eae433b9a05ac71327167793f08f1971,4868,462,332,130,0,140,0.45714285714285713,0.0035277616526612973,-0.005206917263553049,1.265376401581229,-0.6357173337078263,0.2877539667175889,-0.1293101803360104,1.384387335647428,11,69,1.2452411645471226,71,1.0161697489670038,1,True,140.0,0.45714285714285713,0.0035277616526612973,-0.005206917263553049,1.265376401581229,-0.6357173337078263,0.2877539667175889,-0.1293101803360104,1.384387335647428,11.0,152.0,0.506578947368421,0.01107894852871533,0.0004306490534369973,3.834309972258924,-0.41486710991410114,0.3687231660523884,-0.11849477438811166,1.534193280467235,10.0,462.0,0.0,115.0,16.0,11.0,10.0,False,False,False,False
time_before_1400__open_any__speed_le2__ever_40_100,OPEN_COUNT_FREE,14:00前回封；炸板/回封次数不限；最后炸板后2分钟内回封；信号时全市场已有40~100只首板触板,"last_break_to_signal_minutes,market_ever_sealed_count,signal_hhmm",True,6c78fe2580e10773d06321711b8c41e240ac6b5e,5418,403,328,75,0,135,0.5111111111111111,0.004073550964154593,0.0037053138311083,1.2633730626089925,-0.6530081579070279,0.2881093435036007,-0.1777544284995882,1.115085957759559,9,66,0.7500187995964124,69,1.6844551940415593,2,True,135.0,0.5111111111111111,0.004073550964154593,0.0037053138311083,1.2633730626089925,-0.6530081579070279,0.2881093435036007,-0.1777544284995882,1.115085957759559,9.0,150.0,0.54,0.014439898076276216,0.0062689788139352,5.608630206805144,-0.5360508351208395,0.4892913885103991,-0.1777544284995882,1.443611481403313,8.0,403.0,0.0,118.0,15.0,14.0,3.0,False,False,False,False
time_1400_1454__open_3_5__speed_any__ever_40_150,SPEED_FREE,14:00~14:54回封；第3~5次炸板后的回封；回封速度不限；信号时全市场已有40~150只首板触板,"market_ever_sealed_count,open_times_at_signal,signal_hhmm",True,ff2299274636559a260075836b9e74d1529a1bca,2712,387,324,63,0,135,0.4740740740740741,0.0037932688796806927,-0.0062938178552321,1.2624057975198437,-0.5428934226462063,0.2971055310979901,-0.1155916940639999,1.3041064807341527,9,64,0.8008507768451343,71,1.576330864649911,1,True,135.0,0.4740740740740741,0.0037932688796806927,-0.0062938178552321,1.2624057975198437,-0.5428934226462063,0.2971055310979901,-0.1155916940639999,1.3041064807341527,9.0,148.0,0.4797297297297297,0.007008340694765552,-0.00473096935562025,1.8780321469842205,-0.5077179434818111,0.4892913885103991,-0.11849477438811166,1.426497601260137,6.0,384.0,4.0,119.0,12.0,15.0,2.0,False,False,False,False
time_1400_1454__open_2_3__speed_2_5,STRUCTURAL_GRID,14:00~14:54回封；第2~3次炸板后的回封；最后炸板后2~5分钟回封,"last_break_to_signal_minutes,open_times_at_signal,signal_hhmm",True,1a519fd68100ca58734f926a7ba1dcff6f85340e,1134,325,264,61,0,120,0.5,0.0032119039416532665,-8.795036152955003e-05,1.2619952911376593,-0.3888974547893921,0.1369463240970924,-0.119042582292857,1.1744760879411136,11,59,0.7313929819496742,61,1.7254681440524053,1,True,122.0,0.5,0.0015678248869303102,-8.795036152955003e-05,1.049506056680876,-0.5434838581441657,0.1366055702768078,-0.119042582292857,1.0837823860543847,11.0,146.0,0.547945205479452,0.018441886318398944,0.0072731784634876995,10.180652277093012,-0.456464463385004,0.3687231660523884,-0.17629142067722955,1.7376197940910925,9.0,316.0,13.0,97.0,23.0,19.0,7.0,False,False,False,False
time_any__open_eq2__speed_6_10__seal_rate_ge70,TIME_FREE,回封时间不限；第2次炸板后的回封；最后炸板后6~10分钟回封；信号时全市场首板封住率至少70%,"last_break_to_signal_minutes,market_seal_rate,open_times_at_signal",True,b81d2b09773a51210a9217e93dcc05b2ee80faf2,500,257,193,64,0,105,0.5142857142857142,0.004637462416078687,0.0017298154924415,1.2593446558037027,-0.3095807482542474,0.3721270239550671,-0.16676560959,1.142197807517328,5,50,1.4292485132096122,55,0.8811236423647825,1,True,109.0,0.4954128440366973,0.0026254063007079584,-0.0050855821378803,1.0361407810666974,-0.30958074825424786,0.3721270239550671,-0.16676560959,1.1373945902275628,5.0,142.0,0.5633802816901409,0.02177475277397046,0.008406303419989276,14.365019667263361,-0.28206548664978937,0.3721270239550671,-0.1604044205087896,1.7401410902627639,7.0,254.0,11.0,79.0,26.0,28.0,9.0,False,False,False,False
time_any__open_any__speed_le5__ever_40_100,TIME_FREE+OPEN_COUNT_FREE,回封时间不限；炸板/回封次数不限；最后炸板后5分钟内回封；信号时全市场已有40~100只首板触板,"last_break_to_signal_minutes,market_ever_sealed_count",True,aa3457ccd7c180f9440f094a0e5665b2aaf4050f,11027,435,352,83,0,139,0.43884892086330934,0.004198322838888751,-0.0068281652852017,1.2593097015361556,-0.6728120143715107,0.2886461432667387,-0.1777544284995882,1.504845853160137,6,68,1.3984758816196359,71,0.9004872505042373,2,True,139.0,0.43884892086330934,0.004198322838888751,-0.0068281652852017,1.2593097015361556,-0.6728120143715107,0.2886461432667387,-0.1777544284995882,1.504845853160137,6.0,150.0,0.5,0.015024636122604408,-0.0002231850317096502,5.977097548082981,-0.4962165770786059,0.2886461432667387,-0.1777544284995882,1.6688637865854796,5.0,435.0,0.0,118.0,14.0,12.0,6.0,False,False,False,False
time_1400_1454__open_any__speed_any__amount_ge1,OPEN_COUNT_FREE+SPEED_FREE,14:00~14:54回封；炸板/回封次数不限；回封速度不限；信号前成交额至少前日1倍,"signal_cumulative_amount_vs_prev_day,signal_hhmm",True,34ba3075dc3c276a4f22ea05c3d23c2da64e0e32,10645,481,389,92,0,147,0.4557823129251701,0.0034532390257416027,-0.0049678171901579,1.2575741828566658,-0.4059833781191201,0.2397254494319167,-0.1604044205087896,1.3842423018244343,5,73,0.8361254611995077,74,1.5040496207979908,1,True,147.0,0.4557823129251701,0.0034532390257416027,-0.0049678171901579,1.2575741828566658,-0.4059833781191201,0.2397254494319167,-0.1604044205087896,1.3842423018244343,5.0,156.0,0.4551282051282051,0.002657433927559063,-0.006133877913364651,1.1573620835120164,-0.32793699062432824,0.2397254494319167,-0.1604044205087896,1.3479960088844471,5.0,481.0,0.0,138.0,9.0,9.0,0.0,False,False,False,False
time_1400_1454__open_eq2__speed_any__break_low_le1,SPEED_FREE,14:00~14:54回封；第2次炸板后的回封；回封速度不限；最后炸板分钟最低回落不超1%,"last_break_low_depth_pct,open_times_at_signal,signal_hhmm",True,7c5daf91447619701bba8d22930249612e19fa1b,1824,423,329,94,0,136,0.4338235294117647,0.003110956467131013,-0.005075366746246,1.2544710429644546,-0.4607304218112699,0.1380879331309447,-0.1549778471938946,1.522567948286821,11,69,1.659605400501032,67,0.7558851294324129,1,True,137.0,0.43795620437956206,0.0022938943266202017,-0.0046259348904044,1.1208861197488005,-0.46073042181126955,0.1380879331309447,-0.1549778471938946,1.4374726345602857,11.0,149.0,0.48322147651006714,0.006248119134466103,-0.0013986653999999,1.776542607226667,-0.39547847086987675,0.3687231660523884,-0.1549778471938946,1.3829551515557137,5.0,416.0,8.0,117.0,12.0,13.0,7.0,False,False,False,False
time_1400_1454__open_ge2__speed_any__seal_rate_ge70,SPEED_FREE,14:00~14:54回封；第2次及以后炸板后的回封；回封速度不限；信号时全市场首板封住率至少70%,"market_seal_rate,open_times_at_signal,signal_hhmm",True,6d499e5661093d9ea727b58b1467be801f1c2560,4536,359,286,73,0,123,0.4715447154471545,0.0036832200653868037,-0.0055922104961171,1.2540963448356752,-0.4949699941372885,0.2397254494319167,-0.1604044205087896,1.3194879973882028,5,60,0.8654176885926372,63,1.4491226160111397,1,True,125.0,0.472,0.004788714481365977,-0.0055922104961171,1.4425251832568347,-0.44085196883635835,0.2397254494319167,-0.1604044205087896,1.3813409772024066,5.0,145.0,0.5448275862068965,0.016494178723971558,0.0030365894678405,7.413908557434187,-0.3599554769910145,0.3687231660523884,-0.1604044205087896,1.5591285079055797,9.0,357.0,8.0,100.0,26.0,16.0,3.0,False,False,False,False
time_any__open_eq2__speed_6_10__amount_ge0_5,TIME_FREE,回封时间不限；第2次炸板后的回封；最后炸板后6~10分钟回封；信号前成交额至少前日50%,"last_break_to_signal_minutes,open_times_at_signal,signal_cumulative_amount_vs_prev_day",True,55f1ec68199caad5a1ce824c9a0bc15b133792e4,740,320,240,80,0,119,0.42857142857142855,0.00452765484269102,-0.0086484614492156,1.2525439771049274,-0.4944560821653393,0.3721270239550671,-0.1604044205087896,1.5873602048500894,7,58,1.869857982486092,61,0.6698604861100697,1,True,123.0,0.42276422764227645,0.002696282188895857,-0.0092138796670872,1.0213895591379285,-0.5155192206592198,0.3721270239550671,-0.1604044205087896,1.5178921876517348,7.0,145.0,0.4896551724137931,0.015101055359789584,-0.0010725014862185726,5.7269496493632515,-0.382337337132867,0.3721270239550671,-0.1604044205087896,1.8077331256105926,5.0,316.0,8.0,93.0,19.0,24.0,9.0,False,False,False,False
time_any__open_any__speed_any__ever_40_100,TIME_FREE+OPEN_COUNT_FREE+SPEED_FREE,回封时间不限；炸板/回封次数不限；回封速度不限；信号时全市场已有40~100只首板触板,market_ever_sealed_count,True,f2aedabeea095014d4d613036767db342c3d4980,16942,438,339,99,0,142,0.4788732394366197,0.003188783845243741,-0.0020268973783216003,1.2525203792612432,-0.49251535801250224,0.1382248145666667,-0.1324251245118959,1.2552658806497055,4,70,1.0443350500307162,72,1.1993472585492597,2,True,142.0,0.4788732394366197,0.003188783845243741,-0.0020268973783216003,1.2525203792612432,-0.49251535801250224,0.1382248145666667,-0.1324251245118959,1.2552658806497055,4.0,152.0,0.4868421052631579,0.008072914106724748,-0.0017013520604636282,2.458904567960092,-0.3818260041021765,0.19761560200549466,-0.14417251000998996,1.4540856955734807,5.0,438.0,0.0,122.0,13.0,8.0,9.0,False,False,False,False
time_1400_1454__open_any__speed_6_10__amount_ge1_5,OPEN_COUNT_FREE,14:00~14:54回封；炸板/回封次数不限；最后炸板后6~10分钟回封；信号前成交额至少前日1.5倍,"last_break_to_signal_minutes,signal_cumulative_amount_vs_prev_day,signal_hhmm",True,88f9cf29c25c1d04989efc89df501df2b864924f,706,280,216,64,0,111,0.45045045045045046,0.004185086774062589,-0.0039721260820311,1.252250194606596,-0.5647588842895277,0.2877539667175889,-0.1952644378603448,1.4620671142083377,9,57,1.1378071047667169,54,1.1005821543567735,1,True,118.0,0.423728813559322,0.0015961646432438757,-0.00464039924115025,0.9944180411780258,-0.596923064694084,0.2877539667175889,-0.1098246868368515,1.4678446133835674,7.0,145.0,0.503448275862069,0.01244494436030967,0.0013883431095344,3.964554382139292,-0.691361897554226,0.3687231660523884,-0.17629142067722955,1.5820176749741581,7.0,274.0,21.0,88.0,28.0,22.0,7.0,False,False,False,False
time_1300_1359__open_2_3__speed_any__break_low_le1,SPEED_FREE,13:00~13:59回封；第2~3次炸板后的回封；回封速度不限；最后炸板分钟最低回落不超1%,"last_break_low_depth_pct,open_times_at_signal,signal_hhmm",True,194dc752ff975b102a9ed78a9055f8e124a45db9,3115,438,346,92,0,140,0.4785714285714286,0.0032201664533440034,-0.00347466976203075,1.2522345707472538,-0.31356049467730174,0.1382248145666667,-0.1293101803360104,1.2588232193394555,7,67,0.9896152799444758,73,1.265375137313475,1,True,140.0,0.4785714285714286,0.0032201664533440034,-0.00347466976203075,1.2522345707472538,-0.31356049467730174,0.1382248145666667,-0.1293101803360104,1.2588232193394555,7.0,152.0,0.5197368421052632,0.007641564910231835,0.0007756472779953404,2.1842225305625043,-0.4847985116982273,0.3687231660523884,-0.14417251000998996,1.2432174840025079,8.0,438.0,0.0,121.0,13.0,13.0,5.0,False,False,False,False
time_1300_1454__open_eq3__speed_any__seal_rate_ge60,SPEED_FREE,13:00~14:54回封；第3次炸板后的回封；回封速度不限；信号时全市场首板封住率至少60%,"market_seal_rate,open_times_at_signal,signal_hhmm",True,e0b8bf1420e291660b9aa9cb59991ba164b1df1d,2528,439,365,74,0,143,0.46153846153846156,0.0036381967148874073,-0.0055968622926598,1.2517052228625114,-0.5028958087697454,0.2858048076223851,-0.1409195044652741,1.357537234845649,13,69,0.8237457477417879,74,1.5195286000491408,1,True,143.0,0.46153846153846156,0.0036381967148874073,-0.0055968622926598,1.2517052228625114,-0.5028958087697454,0.2858048076223851,-0.1409195044652741,1.357537234845649,13.0,152.0,0.4407894736842105,0.003951876697613972,-0.006655417145667593,1.2528096782600082,-0.6188928498688255,0.3687231660523884,-0.1595638622725343,1.4815701494405344,11.0,439.0,0.0,124.0,13.0,9.0,6.0,False,False,False,False
time_1300_1359__open_eq1__speed_any__amount_ge1,SPEED_FREE,13:00~13:59回封；第1次炸板后的回封；回封速度不限；信号前成交额至少前日1倍,"open_times_at_signal,signal_cumulative_amount_vs_prev_day,signal_hhmm",True,74d1d061072d2131d76434f3a4d463fbbb852778,2821,466,331,135,0,140,0.4357142857142857,0.0029201293637455667,-0.00687588836758445,1.2516584213816255,-0.5073492799135491,0.1652893008992227,-0.1019532554178948,1.4997572565298574,8,68,0.6477421273957806,72,1.9323406158772845,1,True,140.0,0.4357142857142857,0.0029201293637455667,-0.00687588836758445,1.2516584213816255,-0.5073492799135491,0.1652893008992227,-0.1019532554178948,1.4997572565298574,8.0,150.0,0.47333333333333333,0.009077292127656494,-0.00354627923850255,2.6480735851727286,-0.6175438353747209,0.4892913885103991,-0.1666821330911661,1.6542348531168454,8.0,466.0,0.0,120.0,11.0,11.0,8.0,False,False,False,False
time_1400_1429__open_eq2__speed_any__recent5_ge5pct,SPEED_FREE,14:00~14:29回封；第2次炸板后的回封；回封速度不限；回封前5分钟成交额至少前日5%,"open_times_at_signal,signal_hhmm,signal_recent_5m_amount_vs_prev_day",True,6ea155d8dcf20fca01483a3dcecce15923fd8d05,675,315,245,70,0,122,0.4262295081967213,0.003751319161028896,-0.00524630789612275,1.2500071124029868,-0.5034139932242953,0.2877539667175889,-0.1488664838733775,1.5928844510757274,9,61,1.200520983185901,61,1.0412205450051875,1,True,124.0,0.4274193548387097,0.004843876000922213,-0.00524630789612275,1.4592484027735075,-0.5144536668561435,0.2877539667175889,-0.1488664838733775,1.6729341531148834,9.0,145.0,0.45517241379310347,0.007753095147254697,-0.0049678171901579,2.0824893478810687,-0.3093353290459142,0.3687231660523884,-0.17629142067722955,1.633729130499665,6.0,309.0,13.0,90.0,23.0,27.0,5.0,False,False,False,False
time_any__open_eq2__speed_le1__break_close_le1,TIME_FREE,回封时间不限；第2次炸板后的回封；最后炸板后1分钟内回封；最后炸板分钟收盘回落不超1%,"last_break_close_depth_pct,last_break_to_signal_minutes,open_times_at_signal",True,27ac73d965f78908b8322b2a2519606aaaec5e97,2253,451,359,92,0,142,0.4788732394366197,0.0034186468796441817,-0.00379896076617425,1.2465474332766189,-0.661657632947741,0.1865259303471385,-0.1792189802694261,1.2591063220597194,5,70,0.4312557768215056,72,2.890506052960211,1,True,142.0,0.4788732394366197,0.0034186468796441817,-0.00379896076617425,1.2465474332766189,-0.661657632947741,0.1865259303471385,-0.1792189802694261,1.2591063220597194,5.0,154.0,0.4935064935064935,0.00626085228057683,-0.0008963424881144363,1.9248833143766662,-0.607402273843402,0.23327959380397686,-0.1792189802694261,1.338106519092438,8.0,451.0,0.0,120.0,10.0,19.0,5.0,False,False,False,False
time_any__open_eq4__speed_ge11__main_board,TIME_FREE,回封时间不限；第4次炸板后的回封；最后炸板11分钟后回封；仅沪深主板,"last_break_to_signal_minutes,market_segment,open_times_at_signal",True,366265e6efee7fc51e68f23456c5e4f37b771b84,346,193,161,32,0,96,0.4583333333333333,0.004245400067856252,-0.00963349015950885,1.2442650778549045,-0.6840726646839125,0.1382848713664556,-0.1099258611229698,1.3944400573192162,8,49,0.8790302747948244,47,1.4154974106498555,1,True,101.0,0.45544554455445546,0.005753391139640103,-0.008752778158325598,1.4568097884954463,-0.6044850122254923,0.1382848713664556,-0.1099258611229698,1.4877418316066133,7.0,142.0,0.5492957746478874,0.02485082129144665,0.007487414134867346,21.6588555252993,-0.41703441145767817,0.3687231660523884,-0.14417251000998996,1.949828300083744,5.0,188.0,27.0,70.0,30.0,33.0,9.0,False,False,False,False
time_1430_1454__open_eq3__speed_any__growth_board,SPEED_FREE,14:30~14:54回封；第3次炸板后的回封；回封速度不限；仅创业板或科创板,"market_segment,open_times_at_signal,signal_hhmm",True,be497f6a51a5973fbb45a571009681664e22c983,130,71,49,22,0,41,0.5121951219512195,0.00859532900563191,0.0029478393523091,1.2403547985058305,-0.4814647003586142,0.2886461432667387,-0.1762669073000001,1.2755431842899783,11,18,0.7383844729815899,23,1.6798224284122458,1,True,63.0,0.5079365079365079,0.011964035054728065,0.0029478393523091,1.694286849395793,-0.4027990492541623,0.4527951871228668,-0.1762669073000001,1.476799457024761,4.0,136.0,0.6323529411764706,0.03868248175009745,0.01910270528907821,101.2588233948285,-0.2297053474471087,0.4892913885103991,-0.1762669073000001,2.115520132757476,4.0,64.0,48.0,35.0,44.0,42.0,15.0,False,False,False,False
time_0930_1000__open_any__speed_6_10__break_close_le1,OPEN_COUNT_FREE,09:30~10:00回封；炸板/回封次数不限；最后炸板后6~10分钟回封；最后炸板分钟收盘回落不超1%,"last_break_close_depth_pct,last_break_to_signal_minutes,signal_hhmm",True,b9f888a73394f4ba2fc86b392d0c2cf5c2feb884,202,139,104,35,0,73,0.5205479452054794,0.004764543356008624,0.0010832322188362,1.2393578402609107,-0.21908065479118788,0.3090002845557691,-0.116943090852923,1.152779072254001,4,34,1.2744500274088433,39,0.9724648386415906,1,True,83.0,0.4939759036144578,0.006672426926643997,-0.0027242306607644,1.500848894421286,-0.2400680019196304,0.3090002845557691,-0.116943090852923,1.3993678053761296,5.0,137.0,0.5985401459854015,0.029549776565775794,0.01246021082226626,35.000536309317795,-0.22970534744710858,0.3687231660523884,-0.14417251000998996,1.9447684140316497,5.0,139.0,25.0,50.0,37.0,40.0,10.0,False,False,False,False
time_1400_1429__open_3_5__speed_any__duration_31_60,SPEED_FREE,14:00~14:29回封；第3~5次炸板后的回封；回封速度不限；首封后31~60分钟形成回封,"first_to_signal_minutes,open_times_at_signal,signal_hhmm",True,c6a7bce07bd4a48c8908850117087aa5b090d5f1,398,162,142,20,0,87,0.47126436781609193,0.004344649880250854,-0.0055247986020876,1.2360924369815978,-0.4667418069414665,0.2888703665893359,-0.0966671706485293,1.370111090595281,6,41,0.7920722883178112,46,1.5605803349171428,1,True,96.0,0.4895833333333333,0.005507673750975957,-0.005075366746246,1.420517750558897,-0.3729028597269751,0.2888703665893359,-0.0966671706485293,1.3447459090262746,4.0,142.0,0.5704225352112676,0.026567783532871602,0.009004958865116881,26.24384171598197,-0.2345534416851358,0.3687231660523884,-0.14417251000998996,1.8799467207455967,5.0,160.0,29.0,62.0,35.0,32.0,13.0,False,False,False,False
time_1400_1429__open_any__speed_6_10__break_close_le0_5,OPEN_COUNT_FREE,14:00~14:29回封；炸板/回封次数不限；最后炸板后6~10分钟回封；最后炸板分钟收盘回落不超0.5%,"last_break_close_depth_pct,last_break_to_signal_minutes,signal_hhmm",True,9aa619ee94174495f427d2f6814a755ffe9265d2,405,205,174,31,0,103,0.47572815533980584,0.003753736866357518,-0.0013986654,1.235905479982805,-0.5084335025199436,0.137297320831579,-0.109385915162897,1.297686596594992,11,50,1.125510951290868,53,1.0980839222979786,1,True,110.0,0.4909090909090909,0.00810714096119298,-0.0007971534761469,2.0624304846238806,-0.218108446768438,0.137297320831579,-0.1038956854614624,1.5158083710894918,7.0,142.0,0.5704225352112676,0.02064722059545879,0.008406303419989276,12.36330109231551,-0.4048732845278401,0.3687231660523884,-0.14417251000998996,1.6376800941330916,6.0,199.0,22.0,84.0,25.0,23.0,10.0,True,False,False,False
time_1001_1130__open_eq2__speed_6_10,STRUCTURAL_GRID,10:01~11:30回封；第2次炸板后的回封；最后炸板后6~10分钟回封,"last_break_to_signal_minutes,open_times_at_signal,signal_hhmm",True,3393d1e7eccec710ccdf45bc91a26d8e6145ae63,270,191,146,45,0,90,0.45555555555555555,0.005053834525236768,-0.0082214210690691,1.2338727440160246,-0.43520102775170466,0.2884420958080925,-0.189337554306236,1.448236373708021,8,40,1.4939305347183118,50,0.8259237731215378,1,True,101.0,0.46534653465346537,0.0013339775473746225,-0.0084119022287424,0.9202510120320196,-0.4804852574098871,0.2559726948000001,-0.189337554306236,1.2130794161743637,8.0,142.0,0.5915492957746479,0.02537439356769073,0.01305711621379873,24.430291305495977,-0.2185601910306808,0.25794581579670345,-0.1604044205087896,1.8090704364361314,5.0,191.0,25.0,76.0,24.0,30.0,12.0,False,False,False,False
time_before_1400__open_any__speed_any__ever_40_100,OPEN_COUNT_FREE+SPEED_FREE,14:00前回封；炸板/回封次数不限；回封速度不限；信号时全市场已有40~100只首板触板,"market_ever_sealed_count,signal_hhmm",True,9dcb4ea4cf9615dfb1dd4e1894411c4863bece63,11275,419,322,97,0,138,0.463768115942029,0.0031550400712012277,-0.00364388698653145,1.2333135981369867,-0.45567535082820276,0.1382248145666667,-0.1324251245118959,1.327792281743276,5,67,0.9783656263468352,71,1.2605855775433492,2,True,138.0,0.463768115942029,0.0031550400712012277,-0.00364388698653145,1.2333135981369867,-0.45567535082820276,0.1382248145666667,-0.1324251245118959,1.327792281743276,5.0,151.0,0.48344370860927155,0.011707095104178007,-0.002004038720927356,3.863362980524135,-0.3818260041021766,0.4892913885103991,-0.14417251000998996,1.6574478346789723,5.0,419.0,0.0,119.0,15.0,9.0,8.0,False,False,False,False
time_1400_1429__open_3_5__speed_any__break_low_le1,SPEED_FREE,14:00~14:29回封；第3~5次炸板后的回封；回封速度不限；最后炸板分钟最低回落不超1%,"last_break_low_depth_pct,open_times_at_signal,signal_hhmm",True,bef0e6a9ecbcf8c12e359ec128d840d9cfb14e05,2057,372,323,49,0,138,0.45652173913043476,0.0032655911965367174,-0.00657905574209055,1.2292643305914988,-0.6260659903007812,0.2971055310979901,-0.1164393623573701,1.3780707006920154,11,67,0.7757077647797905,71,1.584700303909508,1,True,138.0,0.45652173913043476,0.0032655911965367174,-0.00657905574209055,1.2292643305914988,-0.6260659903007812,0.2971055310979901,-0.1164393623573701,1.3780707006920154,11.0,151.0,0.4966887417218543,0.008901329542985507,-0.002004038720927356,2.87196414496642,-0.3986681544132785,0.2397254494319167,-0.1164393623573701,1.4855930201942293,8.0,370.0,5.0,121.0,13.0,13.0,4.0,False,False,False,False
time_before_1400__open_eq2__speed_le1,STRUCTURAL_GRID,14:00前回封；第2次炸板后的回封；最后炸板后1分钟内回封,"last_break_to_signal_minutes,open_times_at_signal,signal_hhmm",True,b9cd67d4fa5814b7168180f1c41cfcd82a060fa1,1714,423,342,81,0,139,0.4892086330935252,0.003479991905753163,-0.000796190837037,1.229243302378978,-0.6316758226054595,0.1865259303471385,-0.1792189802694261,1.2010860205284557,4,69,0.4458713611727919,70,2.756946082263847,1,True,139.0,0.4892086330935252,0.003479991905753163,-0.000796190837037,1.229243302378978,-0.6316758226054595,0.1865259303471385,-0.1792189802694261,1.2010860205284557,4.0,152.0,0.506578947368421,0.007037543943961986,0.0016740432969275,2.106737538744156,-0.5709588607640927,0.21575685510355055,-0.1792189802694261,1.299938321853342,5.0,423.0,0.0,114.0,11.0,19.0,8.0,False,False,False,False
time_0930_1000__open_any__speed_le2__seal_rate_40_60,OPEN_COUNT_FREE,09:30~10:00回封；炸板/回封次数不限；最后炸板后2分钟内回封；信号时全市场首板封住率40%~60%,"last_break_to_signal_minutes,market_seal_rate,signal_hhmm",True,9ee7a181488bc08d0e92aa557d2bfdd7f78d0c01,57,32,23,9,0,22,0.5454545454545454,0.010570930535087635,0.012171301728415001,1.2255689886669905,-0.164780022913821,0.0943157057271028,-0.1061108386058824,1.376508433021855,3,10,1.0679979685647891,12,1.1475386889676868,1,True,56.0,0.5178571428571429,0.01794326062330589,0.0118693486222846,2.3181682660949736,-0.21347211740646188,0.4527951871228668,-0.1061108386058824,1.8766249431650304,4.0,136.0,0.6691176470588235,0.045737852843390624,0.026149675496300546,277.8091482979408,-0.2297053474471087,0.4527951871228668,-0.13823939725321072,2.560969726715879,4.0,32.0,52.0,30.0,42.0,48.0,16.0,True,False,False,False
time_1430_1454__open_eq1__speed_any__duration_31_60,SPEED_FREE,14:30~14:54回封；第1次炸板后的回封；回封速度不限；首封后31~60分钟形成回封,"first_to_signal_minutes,open_times_at_signal,signal_hhmm",True,df44f64c1de009d652a69ec192fc9e396a2df5c0,153,110,69,41,0,50,0.4,0.005362618319343555,-0.0101416841968085,1.225231651932181,-0.2688796524442856,0.1374985239063829,-0.1024494471424163,1.9755917717726514,6,25,1.3035409760544205,25,0.9399256904380041,1,True,73.0,0.4383561643835616,0.00932610800979538,-0.0080532708000001,1.7080150940266727,-0.3479183979021051,0.2884775816944691,-0.1024494471424163,1.908595076651468,6.0,137.0,0.6058394160583942,0.037153258089419085,0.0189243968498715,92.96256155121479,-0.22970534744710858,0.4892913885103991,-0.13823939725321072,2.365504429286373,6.0,107.0,45.0,47.0,39.0,36.0,15.0,False,False,False,False
time_1300_1454__open_2_3__speed_any__break_rate_le50,SPEED_FREE,13:00~14:54回封；第2~3次炸板后的回封；回封速度不限；信号时累计炸板事件率不超50%,"market_break_event_rate,open_times_at_signal,signal_hhmm",True,f280afa2750c4d8dddfd6e546c6c641bcc98597f,205,74,60,14,0,49,0.46938775510204084,0.006877678864050688,-0.0050184782274726,1.2229441785894017,-0.3678834076800763,0.2858048076223851,-0.1293101803360104,1.4684188276297174,9,25,1.0404859412330774,24,1.1753586762932082,1,True,69.0,0.5217391304347826,0.013168083205637315,0.0037643905137931,2.037193784418221,-0.2549537466221333,0.4527951871228668,-0.1293101803360104,1.5729411869929537,7.0,135.0,0.6518518518518519,0.04319337636663655,0.019180342510750216,164.04335072534687,-0.20569199872479282,0.5231929254879739,-0.13823939725321072,2.206371952145956,6.0,74.0,41.0,43.0,37.0,42.0,13.0,True,False,False,False
time_1400_1429__open_eq3__speed_le1,STRUCTURAL_GRID,14:00~14:29回封；第3次炸板后的回封；最后炸板后1分钟内回封,"last_break_to_signal_minutes,open_times_at_signal,signal_hhmm",True,7acedbc1ecc6c7daf003f002c03f4bb2add99a12,358,182,157,25,0,95,0.5052631578947369,0.003809588005143433,0.0023623580135111,1.2177035117493509,-0.3398865986113847,0.2888703665893359,-0.1314854677354839,1.1733988775622748,7,48,0.7867553662443822,47,1.547753677947088,1,True,101.0,0.5247524752475248,0.006252054795797092,0.0057622686717391,1.5757996704276336,-0.34657263932107896,0.2888703665893359,-0.1314854677354839,1.2162175124943662,7.0,139.0,0.5467625899280576,0.016452042732982324,0.0066278437496161925,6.6691074866316375,-0.32431002144950094,0.3687231660523884,-0.13823939725321072,1.5611123280171342,5.0,181.0,32.0,73.0,27.0,30.0,9.0,False,False,False,False
time_1300_1359__open_2_3__speed_any__amount_ge1,SPEED_FREE,13:00~13:59回封；第2~3次炸板后的回封；回封速度不限；信号前成交额至少前日1倍,"open_times_at_signal,signal_cumulative_amount_vs_prev_day,signal_hhmm",True,a5c61d1cffd0319c395eb49dd607d438e804db20,3157,444,342,102,0,142,0.43661971830985913,0.003988667755609999,-0.0065306511875900496,1.216719651060849,-0.4781318895974649,0.3721270239550671,-0.1448483447080645,1.5031097823062571,8,69,1.0236338710545423,73,1.1886277754832302,1,True,142.0,0.43661971830985913,0.003988667755609999,-0.0065306511875900496,1.216719651060849,-0.4781318895974649,0.3721270239550671,-0.1448483447080645,1.5031097823062571,8.0,150.0,0.4666666666666667,0.006475613517302059,-0.00568648788154575,1.7330781203266563,-0.3819864843505799,0.3721270239550671,-0.14417251000998996,1.45585175706542,9.0,444.0,0.0,122.0,11.0,12.0,5.0,False,False,False,False
time_any__open_3_5__speed_ge11__main_board,TIME_FREE,回封时间不限；第3~5次炸板后的回封；最后炸板11分钟后回封；仅沪深主板,"last_break_to_signal_minutes,market_segment,open_times_at_signal",True,0bd9760c91d5987cfdea268a189884a9a47f7e84,1174,364,309,55,0,133,0.46616541353383456,0.0033324622138313172,-0.0046817514528238,1.2157946545387437,-0.4556370667644053,0.1382848713664556,-0.189337554306236,1.3165225085071712,7,68,1.173261065434166,65,1.0362524508463404,1,True,135.0,0.4740740740740741,0.00438522084666149,-0.0041210039727272,1.3955499681683325,-0.4556370667644053,0.1382973329857442,-0.189337554306236,1.3283336156101648,6.0,145.0,0.47586206896551725,0.011618607273702381,-0.0046817514528238,3.301255977297384,-0.34303763856427694,0.5231929254879739,-0.189337554306236,1.6537961270270154,7.0,364.0,7.0,113.0,12.0,13.0,7.0,False,False,False,False
time_any__open_1_2__speed_ge11__duration_16_30,TIME_FREE,回封时间不限；第1~2次炸板后的回封；最后炸板11分钟后回封；首封后16~30分钟形成回封,"first_to_signal_minutes,last_break_to_signal_minutes,open_times_at_signal",True,264f344598ab0548c9a5e759669befc66ec3fcc7,1208,402,281,121,0,127,0.4645669291338583,0.0041062365705208815,-0.0053600331843665,1.2154945102596362,-0.49669576984639696,0.3082331866285716,-0.2119613369912833,1.339948121243282,5,62,1.5037469219455915,65,0.8083105557995046,1,True,128.0,0.453125,0.002971376008530301,-0.00638203081987355,1.0548194694683017,-0.49669576984639685,0.3082331866285716,-0.2119613369912833,1.3469276372599366,5.0,152.0,0.5263157894736842,0.016587756268526387,0.0016721633330725,7.446751923532648,-0.33448511274096604,0.3687231660523884,-0.2119613369912833,1.555893953429035,5.0,402.0,2.0,94.0,22.0,26.0,10.0,False,False,False,False
time_any__open_any__speed_ge11__duration_16_30,TIME_FREE+OPEN_COUNT_FREE,回封时间不限；炸板/回封次数不限；最后炸板11分钟后回封；首封后16~30分钟形成回封,"first_to_signal_minutes,last_break_to_signal_minutes",True,f6e6122d2eaeba549fd347dfc29923886b4df8c1,1278,403,283,120,0,127,0.4645669291338583,0.0041062365705208815,-0.0053600331843665,1.2154945102596362,-0.49669576984639696,0.3082331866285716,-0.2119613369912833,1.339948121243282,5,62,1.5037469219455915,65,0.8083105557995046,1,True,128.0,0.453125,0.002971376008530301,-0.00638203081987355,1.0548194694683017,-0.49669576984639685,0.3082331866285716,-0.2119613369912833,1.3469276372599366,5.0,150.0,0.52,0.015253353793173465,0.0007014828352043,6.010682444072759,-0.33448511274096604,0.3687231660523884,-0.2119613369912833,1.5462621434814185,5.0,403.0,2.0,97.0,19.0,24.0,10.0,False,False,False,False
time_1400_1454__open_any__speed_le1__seal_rate_40_60,OPEN_COUNT_FREE,14:00~14:54回封；炸板/回封次数不限；最后炸板后1分钟内回封；信号时全市场首板封住率40%~60%,"last_break_to_signal_minutes,market_seal_rate,signal_hhmm",True,3ab4d0aa0aa8ff647d9c1bfa942fc2141efb96f3,590,70,55,15,0,42,0.42857142857142855,0.006181996754737849,-0.0082019683024962,1.2145127830272933,-0.3156842726496798,0.1368692468,-0.1288757851798571,1.7696323058333658,9,24,1.4195650283877757,18,0.8555527635156213,1,True,63.0,0.3968253968253968,0.0007483935756524671,-0.010986277753846,0.9598475807163861,-0.36390510216890615,0.1382973329857442,-0.1288757851798571,1.5743014604134278,9.0,138.0,0.6304347826086957,0.039182509856390935,0.020476029040598073,132.1603460221964,-0.2297053474471087,0.3687231660523884,-0.13823939725321072,2.440921119392626,4.0,69.0,49.0,34.0,39.0,46.0,19.0,False,False,False,False
time_1400_1429__open_any__speed_le1__seal_rate_40_60,OPEN_COUNT_FREE,14:00~14:29回封；炸板/回封次数不限；最后炸板后1分钟内回封；信号时全市场首板封住率40%~60%,"last_break_to_signal_minutes,market_seal_rate,signal_hhmm",True,12815c6a278ac54c158acc4bf9aaa7b135a2c2cf,261,60,49,11,0,38,0.42105263157894735,0.006833038250920191,-0.0082019683024962,1.2145053023411096,-0.26790325353673305,0.1368692468,-0.1288757851798571,1.8419652189755937,6,21,1.3808839552443402,17,0.8795129364264422,1,True,60.0,0.48333333333333334,0.017306274573855824,-0.0042697523623684,2.352015418611412,-0.3548595689018895,0.4527951871228668,-0.1288757851798571,2.0547116206280567,8.0,137.0,0.6423357664233577,0.04317845875294963,0.02150756108281972,203.24838420530568,-0.2297053474471087,0.4527951871228668,-0.13823939725321072,2.524504193799577,4.0,60.0,49.0,34.0,41.0,45.0,17.0,True,False,False,False
time_1400_1429__open_3_5__speed_any__break_close_le1,SPEED_FREE,14:00~14:29回封；第3~5次炸板后的回封；回封速度不限；最后炸板分钟收盘回落不超1%,"last_break_close_depth_pct,open_times_at_signal,signal_hhmm",True,3e42ed0a22d9068d7695a6d34b496cd847fa0ba7,2079,374,325,49,0,138,0.45652173913043476,0.003171083259435099,-0.00657905574209055,1.2135940759183013,-0.6308327772457316,0.2971055310979901,-0.1164393623573701,1.3726416163072679,11,67,0.7713093481287869,71,1.5734206759745708,1,True,138.0,0.45652173913043476,0.003171083259435099,-0.00657905574209055,1.2135940759183013,-0.6308327772457316,0.2971055310979901,-0.1164393623573701,1.3726416163072679,11.0,151.0,0.5033112582781457,0.00900259330859583,0.0006711370188135,2.917413614149924,-0.3986681544132785,0.2397254494319167,-0.1164393623573701,1.4554059078149557,8.0,372.0,4.0,122.0,12.0,13.0,4.0,False,False,False,False
time_1300_1359__open_eq4__speed_any__duration_16_30,SPEED_FREE,13:00~13:59回封；第4次炸板后的回封；回封速度不限；首封后16~30分钟形成回封,"first_to_signal_minutes,open_times_at_signal,signal_hhmm",True,d02e9a5a9c59a0f3187982ddd0851a64451cde06,160,68,60,8,0,43,0.5116279069767442,0.005692363592478333,0.0030460955711907,1.2126028866888907,-0.205846116502159,0.0983125030799997,-0.0905631526174841,1.2713086544548844,4,16,1.1678805787009507,27,1.0382935625470247,1,True,63.0,0.5238095238095238,0.010538354957254102,0.0043676885133477,1.719928677720327,-0.22669208456365886,0.2884775816944691,-0.0905631526174841,1.4348424377582867,4.0,134.0,0.6194029850746269,0.04025081692014581,0.01270813094358725,109.42953715971998,-0.26993970948655754,0.5231929254879739,-0.13823939725321072,2.2157707506618447,4.0,68.0,38.0,40.0,39.0,40.0,15.0,False,False,False,False
time_1300_1454__open_eq3__speed_any,STRUCTURAL_GRID,13:00~14:54回封；第3次炸板后的回封；回封速度不限,"open_times_at_signal,signal_hhmm",True,9aed26d7dbaa5c07eb16f283fb41d644cdc7b732,3067,463,382,81,0,147,0.4421768707482993,0.003253565129040502,-0.0058220371807803,1.211571803031722,-0.4906290032118312,0.2858048076223851,-0.1595638622725343,1.45429539136013,13,72,0.8195252658300471,75,1.478382489897484,1,True,147.0,0.4421768707482993,0.003253565129040502,-0.0058220371807803,1.211571803031722,-0.4906290032118312,0.2858048076223851,-0.1595638622725343,1.45429539136013,13.0,153.0,0.45751633986928103,0.005131198048767126,-0.0055968622926598,1.5051581547727761,-0.5952975994684835,0.3687231660523884,-0.1595638622725343,1.4615042498359276,11.0,463.0,0.0,134.0,8.0,7.0,4.0,False,False,False,False
time_1300_1454__open_eq3__speed_any__break_low_le2,SPEED_FREE,13:00~14:54回封；第3次炸板后的回封；回封速度不限；最后炸板分钟最低回落不超2%,"last_break_low_depth_pct,open_times_at_signal,signal_hhmm",True,7ef9f06c6b1c16a0482faea77069addf8357d055,3051,463,382,81,0,147,0.4421768707482993,0.003253565129040502,-0.0058220371807803,1.211571803031722,-0.4906290032118312,0.2858048076223851,-0.1595638622725343,1.45429539136013,13,72,0.8195252658300471,75,1.478382489897484,1,True,147.0,0.4421768707482993,0.003253565129040502,-0.0058220371807803,1.211571803031722,-0.4906290032118312,0.2858048076223851,-0.1595638622725343,1.45429539136013,13.0,153.0,0.45751633986928103,0.005131198048767126,-0.0055968622926598,1.5051581547727761,-0.5952975994684835,0.3687231660523884,-0.1595638622725343,1.4615042498359276,11.0,463.0,0.0,134.0,8.0,7.0,4.0,False,False,False,False
time_1300_1454__open_eq3__speed_any__amount_ge0_5,SPEED_FREE,13:00~14:54回封；第3次炸板后的回封；回封速度不限；信号前成交额至少前日50%,"open_times_at_signal,signal_cumulative_amount_vs_prev_day,signal_hhmm",True,b2ada594c97b5d83967db7f9fd83674e8fc31ad6,3062,462,381,81,0,147,0.4421768707482993,0.003253565129040502,-0.0058220371807803,1.211571803031722,-0.4906290032118312,0.2858048076223851,-0.1595638622725343,1.45429539136013,13,72,0.8195252658300471,75,1.478382489897484,1,True,147.0,0.4421768707482993,0.003253565129040502,-0.0058220371807803,1.211571803031722,-0.4906290032118312,0.2858048076223851,-0.1595638622725343,1.45429539136013,13.0,153.0,0.45751633986928103,0.005131198048767126,-0.0055968622926598,1.5051581547727761,-0.5952975994684835,0.3687231660523884,-0.1595638622725343,1.4615042498359276,11.0,462.0,0.0,134.0,8.0,7.0,4.0,False,False,False,False
time_1400_1429__open_eq4__speed_any__amount_ge2,SPEED_FREE,14:00~14:29回封；第4次炸板后的回封；回封速度不限；信号前成交额至少前日2倍,"open_times_at_signal,signal_cumulative_amount_vs_prev_day,signal_hhmm",True,3572789ef5430bb2bc78e8ae2d43937b053a37df,337,190,165,25,0,97,0.4536082474226804,0.003902340131884781,-0.0065455867640624,1.2077950248803215,-0.43871414885526727,0.2971055310979901,-0.102440249751573,1.437349472971896,6,47,0.8340932300552434,50,1.4480336026709233,1,True,101.0,0.44554455445544555,0.003835821432517371,-0.0068283846412089,1.1968258199243922,-0.40485487903078143,0.2971055310979901,-0.102440249751573,1.4654558743824686,6.0,140.0,0.5428571428571428,0.020972809680075144,0.005980750884443146,12.338405318236587,-0.2878119637641161,0.3687231660523884,-0.13823939725321072,1.8680524389371034,6.0,188.0,25.0,70.0,26.0,35.0,9.0,False,False,False,False
time_1300_1454__open_3_5__speed_ge11,STRUCTURAL_GRID,13:00~14:54回封；第3~5次炸板后的回封；最后炸板11分钟后回封,"last_break_to_signal_minutes,open_times_at_signal,signal_hhmm",True,288d9a25779d84268628e2b4ba1081b720a57334,1134,363,308,55,0,130,0.4846153846153846,0.0031644522729148998,-0.0041342819977629,1.2064138322824898,-0.450744679639973,0.1813358274087592,-0.1176585362117647,1.2169104480032962,6,66,0.9371488416743939,64,1.287323612465874,1,True,131.0,0.48091603053435117,0.0021138650311421383,-0.0062938178552321,1.057072824358651,-0.450744679639973,0.1813358274087592,-0.1176585362117647,1.181735225431246,6.0,147.0,0.5034013605442177,0.009349499663266491,0.0007066567485134,2.8444312268815,-0.32704148630632734,0.2232669704072555,-0.13823939725321072,1.4191351056130914,5.0,361.0,10.0,114.0,9.0,17.0,7.0,False,False,False,False
time_1430_1454__open_any__speed_2_5__seal_rate_40_60,OPEN_COUNT_FREE,14:30~14:54回封；炸板/回封次数不限；最后炸板后2~5分钟回封；信号时全市场首板封住率40%~60%,"last_break_to_signal_minutes,market_seal_rate,signal_hhmm",True,07fcfff50be46b2fb1bc83340f762583aaaf7ecd,253,47,39,8,0,32,0.46875,0.007219610829172006,-0.0020268973783216003,1.2057859884511481,-0.14503153114069756,0.1374985239063829,-0.0992411309346534,1.6561470827713545,3,20,1.1705689016866228,12,1.0300854453879502,1,True,56.0,0.4107142857142857,0.003638351823812062,-0.007574226173670372,1.1328211565388446,-0.3080280947085401,0.1382973329857442,-0.07417800648559235,1.7064667985867066,7.0,135.0,0.6666666666666666,0.044376070951403924,0.021243541591960853,216.94867918677133,-0.2297053474471087,0.4892913885103991,-0.13823939725321072,2.3688004977090555,4.0,45.0,51.0,33.0,39.0,45.0,18.0,False,False,False,False
time_1400_1429__open_eq2__speed_any,STRUCTURAL_GRID,14:00~14:29回封；第2次炸板后的回封；回封速度不限,"open_times_at_signal,signal_hhmm",True,dffe238c90a9933f62cf3eefcac4d7e82b05bd04,1128,375,304,71,0,130,0.43846153846153846,0.0033911716536544887,-0.0045883908978337,1.2034209443511392,-0.6257379461680519,0.2877539667175889,-0.1549778471938946,1.4909747592532685,9,66,1.8577196455044418,64,0.6477947021033765,2,True,132.0,0.4318181818181818,0.002646603549645262,-0.00479687604028115,1.1011001879261346,-0.6257379461680519,0.2877539667175889,-0.1549778471938946,1.4831628757512176,9.0,147.0,0.46938775510204084,0.005644941944452437,-0.002415341225,1.5702455777301187,-0.48147394247441466,0.3687231660523884,-0.1549778471938946,1.4183934214173557,5.0,371.0,7.0,110.0,14.0,18.0,5.0,False,False,False,False
time_1400_1454__open_eq3__speed_any__ever_40_150,SPEED_FREE,14:00~14:54回封；第3次炸板后的回封；回封速度不限；信号时全市场已有40~150只首板触板,"market_ever_sealed_count,open_times_at_signal,signal_hhmm",True,a83113b088e2c0e3797404588bca92f3bf1f71de,1196,367,302,65,0,126,0.48412698412698413,0.0034413530633541157,-0.0036966041222186,1.2024043253256218,-0.6002242750359866,0.2971055310979901,-0.1569867550068164,1.237854520215103,5,62,0.8060807026350643,64,1.4916674241114851,1,True,127.0,0.4881889763779528,0.0036080869210029253,-0.0034703821754717,1.223191873476331,-0.6002242750359865,0.2971055310979901,-0.1569867550068164,1.223407877507254,5.0,147.0,0.4897959183673469,0.010315144879915418,-0.002004038720927356,2.888279864644799,-0.5464327325445082,0.4892913885103991,-0.13823939725321072,1.5509135471998137,12.0,360.0,11.0,102.0,23.0,18.0,4.0,False,False,False,False
time_any__open_eq1__speed_6_10__break_low_le2,TIME_FREE,回封时间不限；第1次炸板后的回封；最后炸板后6~10分钟回封；最后炸板分钟最低回落不超2%,"last_break_low_depth_pct,last_break_to_signal_minutes,open_times_at_signal",True,95efd7cdee9efc287235521cd9a305674a25324d,1285,403,278,125,0,127,0.41732283464566927,0.0030872567179496884,-0.0073913478529473,1.2020824492982818,-0.47375309337555194,0.3090002845557691,-0.116943090852923,1.6125243965752873,7,59,1.4767592933056732,68,0.8140002603995555,1,True,127.0,0.41732283464566927,0.0032038372157738968,-0.0073913478529473,1.220309552572299,-0.47375309337555227,0.3090002845557691,-0.116943090852923,1.6220130398342394,7.0,146.0,0.4452054794520548,0.011126268089120196,-0.0035885320311027998,3.6048905420583446,-0.47023673883813644,0.3687231660523884,-0.17629142067722955,1.951507922521065,8.0,402.0,1.0,102.0,17.0,16.0,11.0,False,False,False,False
time_any__open_eq4__speed_2_5__growth_board,TIME_FREE,回封时间不限；第4次炸板后的回封；最后炸板后2~5分钟回封；仅创业板或科创板,"last_break_to_signal_minutes,market_segment,open_times_at_signal",True,1e745c0fac6f5f536005c515153b15256358a362,172,110,93,17,0,64,0.515625,0.005497027891705411,0.00064866995900755,1.1974239628968437,-0.32555066158574053,0.2886461432667387,-0.1119863555477992,1.1584557531072335,4,35,1.3838456993277013,29,0.8652871945756488,1,True,74.0,0.5540540540540541,0.00997597109259421,0.0033265765917086998,1.6523521688644325,-0.36707702674910603,0.4527951871228668,-0.1311553934155689,1.1681179585309496,4.0,140.0,0.65,0.038734218032101066,0.02045706523372341,120.71553374047372,-0.20923838152450713,0.4892913885103991,-0.11849477438811166,2.046563388765211,5.0,109.0,32.0,46.0,39.0,43.0,12.0,False,False,False,False
time_1430_1454__open_2_3__speed_any__duration_31_60,SPEED_FREE,14:30~14:54回封；第2~3次炸板后的回封；回封速度不限；首封后31~60分钟形成回封,"first_to_signal_minutes,open_times_at_signal,signal_hhmm",True,2bbebbc900639d9d8fa29c65cac43ad082356b12,274,122,85,37,0,56,0.4642857142857143,0.005837376202227758,-0.0050187211122183495,1.1956163870729997,-0.3655498951601156,0.2884144470203034,-0.1762669073000001,1.4561806997667415,5,24,1.1262734966415657,32,1.0615684295494898,1,True,74.0,0.4864864864864865,0.005003717525934389,-0.0035865342978706003,1.2439030191691074,-0.4588828851433866,0.1485710589249087,-0.1762669073000001,1.2947978467632384,9.0,138.0,0.6014492753623188,0.03011880437874274,0.01270813094358725,35.85337229242028,-0.29851210115783544,0.4892913885103991,-0.1762669073000001,1.8203403679324843,6.0,110.0,41.0,46.0,39.0,39.0,14.0,False,False,False,False
time_1430_1454__open_eq4__speed_any__seal_rate_40_60,SPEED_FREE,14:30~14:54回封；第4次炸板后的回封；回封速度不限；信号时全市场首板封住率40%~60%,"market_seal_rate,open_times_at_signal,signal_hhmm",True,b9a444c590037efbd46c327abeed6d8e873b64fd,97,30,23,7,0,21,0.5238095238095238,0.011310911274914726,0.0082896571676469,1.1939019828250879,-0.18731031260076358,0.2784135267134124,-0.0956266017111467,1.3905004776443446,2,12,1.3418105378835388,9,0.8897694190926914,1,True,48.0,0.5416666666666666,0.007153227836053877,0.0118693486222846,1.3034813399127598,-0.43954373301312,0.1382973329857442,-0.0956266017111467,1.1469537960912404,8.0,132.0,0.6818181818181818,0.044620799173274224,0.02088573501835992,196.43406958326713,-0.22970534744710858,0.4892913885103991,-0.13823939725321072,2.1793900741583574,4.0,29.0,51.0,28.0,43.0,44.0,17.0,False,False,False,False
time_1300_1454__open_eq1__speed_any__pre_low_ge0,SPEED_FREE,13:00~14:54回封；第1次炸板后的回封；回封速度不限；信号前最低价不低于昨收,"open_times_at_signal,pre_signal_min_return,signal_hhmm",True,3427470b2d127c92c57a24c0fc6ec321ec88f62a,2710,430,315,115,0,139,0.460431654676259,0.0025492192232598704,-0.0040894997142273,1.1938618707546513,-0.49118331912919266,0.152863154184412,-0.1523525620350246,1.3417215899041066,5,67,0.6979044386945199,72,1.710638025154066,1,True,139.0,0.460431654676259,0.0026383773712300314,-0.0040894997142273,1.2090220339193838,-0.4847221496322033,0.152863154184412,-0.1523525620350246,1.3485575399066974,5.0,152.0,0.48026315789473684,0.01071930921757724,-0.0039894623956769,3.4344195237183732,-0.47807442163059233,0.4892913885103991,-0.17629142067722955,1.6870027170041861,4.0,430.0,1.0,114.0,19.0,13.0,6.0,False,False,False,False
time_1001_1359__open_eq1__speed_any__seal_rate_40_60,SPEED_FREE,10:01~13:59回封；第1次炸板后的回封；回封速度不限；信号时全市场首板封住率40%~60%,"market_seal_rate,open_times_at_signal,signal_hhmm",True,649e03771614870455b7225ea05ed67840d5acb0,437,100,79,21,0,52,0.5,0.005502703185080588,-0.00124856194718855,1.1927728531438944,-0.29038314949544863,0.1813358274087592,-0.1527802601283696,1.2504446686635313,4,24,0.7986249724374948,28,1.493533127950426,1,True,74.0,0.47297297297297297,0.0035406300407524586,-0.003296656654304,1.1483065669458628,-0.26864057190688184,0.1813358274087592,-0.1527802601283696,1.3093919602560333,6.0,134.0,0.6268656716417911,0.0339112167477241,0.01301037158766827,50.33266063303732,-0.311801930828181,0.4892913885103991,-0.17629142067722955,1.7816464351390993,4.0,100.0,45.0,48.0,31.0,39.0,16.0,False,False,False,False
time_1300_1359__open_1_2__speed_any__main_board,SPEED_FREE,13:00~13:59回封；第1~2次炸板后的回封；回封速度不限；仅沪深主板,"market_segment,open_times_at_signal,signal_hhmm",True,58b3904bb6b2763cb3b0f82134313bea103639af,4347,474,355,119,0,142,0.47183098591549294,0.0026029380770072425,-0.0032096728443898,1.192486651252944,-0.438137081266625,0.1387205072574626,-0.1056750764320755,1.2731512840229326,8,70,0.8814225123660343,72,1.3529114976334207,1,True,142.0,0.47183098591549294,0.0026029380770072425,-0.0032096728443898,1.192486651252944,-0.438137081266625,0.1387205072574626,-0.1056750764320755,1.2731512840229326,8.0,152.0,0.5131578947368421,0.008455797216504326,0.0020504326952488078,2.8394516770567795,-0.2999243991248941,0.19551856248868799,-0.11849477438811166,1.4147842482253525,8.0,474.0,0.0,119.0,14.0,10.0,9.0,False,False,False,False
time_1400_1429__open_any__speed_6_10__amount_ge1_5,OPEN_COUNT_FREE,14:00~14:29回封；炸板/回封次数不限；最后炸板后6~10分钟回封；信号前成交额至少前日1.5倍,"last_break_to_signal_minutes,signal_cumulative_amount_vs_prev_day,signal_hhmm",True,aa8b0c299d0b7f6755074e73b1646e3bbea36831,364,199,159,40,0,96,0.4479166666666667,0.0037050745656331346,-0.00346290077791555,1.1924734918724529,-0.5887860322969344,0.2815783803342283,-0.1098246868368515,1.4529388538061432,9,50,0.7650357139406566,46,1.5587161097749127,1,True,103.0,0.4563106796116505,0.003484429609708826,-0.0029536754738,1.1891583387269282,-0.5549727191209981,0.2815783803342283,-0.1098246868368515,1.3970171029061114,9.0,141.0,0.5319148936170213,0.014522723607680041,0.0028723617286871,4.98615005124752,-0.680024364471354,0.3687231660523884,-0.17629142067722955,1.4881363175415159,7.0,195.0,27.0,73.0,33.0,25.0,10.0,False,False,False,False
time_1400_1454__open_eq4__speed_any__duration_16_30,SPEED_FREE,14:00~14:54回封；第4次炸板后的回封；回封速度不限；首封后16~30分钟形成回封,"first_to_signal_minutes,open_times_at_signal,signal_hhmm",True,90ad41e5c264f20f0866dac42234923634bb3c3d,132,49,38,11,0,31,0.5806451612903226,0.0075725471784619065,0.0027447681509433,1.1922534228072943,-0.17218915757290454,0.137297320831579,-0.151491843543652,1.0020793539077626,3,10,0.872538509974877,21,1.366419257347877,1,True,57.0,0.5614035087719298,0.018816408689474685,0.007713067978793,2.4785934825915867,-0.2655282629088819,0.4527951871228668,-0.109754904643421,1.694028361587765,5.0,139.0,0.6618705035971223,0.04562404249064695,0.021243541591960853,281.89005247322314,-0.2297053474471087,0.4892913885103991,-0.13823939725321072,2.314319482914318,4.0,42.0,48.0,32.0,45.0,47.0,15.0,True,False,False,False
time_1300_1359__open_3_5__speed_any__duration_16_30,SPEED_FREE,13:00~13:59回封；第3~5次炸板后的回封；回封速度不限；首封后16~30分钟形成回封,"first_to_signal_minutes,open_times_at_signal,signal_hhmm",True,0eea6002aebbe5c7f009775522396b0d37ddaa56,513,129,114,15,0,75,0.49333333333333335,0.00453516425349892,-0.0003833996662968,1.1911686267613235,-0.38968562651104943,0.2858048076223851,-0.1595638622725343,1.2202946386292142,5,33,1.0921892785827902,42,1.0906247205676356,1,True,84.0,0.5,0.004419972180205682,0.00239701886458305,1.2186992300387889,-0.4114393249908831,0.2858048076223851,-0.1595638622725343,1.1898166158083106,5.0,137.0,0.5912408759124088,0.03273379261729375,0.0096991374799387,48.71974972540902,-0.27284470884430345,0.4892913885103991,-0.1595638622725343,2.0572250860612615,5.0,129.0,27.0,52.0,39.0,34.0,12.0,False,False,False,False
time_1300_1359__open_eq1__speed_any,STRUCTURAL_GRID,13:00~13:59回封；第1次炸板后的回封；回封速度不限,"open_times_at_signal,signal_hhmm",True,1aae81aabfd41b10e15383fd83182562f99a5b7a,3200,476,344,132,0,141,0.4397163120567376,0.0027483510099974347,-0.0063090201920497,1.1898083192561613,-0.5595185165737029,0.1652893008992227,-0.1119863555477992,1.4505213923350189,8,70,0.6526278689745217,71,1.8231037560895373,1,True,141.0,0.4397163120567376,0.0027483510099974347,-0.0063090201920497,1.1898083192561613,-0.5595185165737029,0.1652893008992227,-0.1119863555477992,1.4505213923350189,8.0,153.0,0.477124183006536,0.007835147698668093,-0.0033283421448687,2.3839920032868394,-0.6183026415646473,0.3687231660523884,-0.1666821330911661,1.542389098603804,8.0,476.0,0.0,122.0,13.0,12.0,6.0,False,False,False,False
time_1300_1359__open_eq1__speed_any__amount_ge0_5,SPEED_FREE,13:00~13:59回封；第1次炸板后的回封；回封速度不限；信号前成交额至少前日50%,"open_times_at_signal,signal_cumulative_amount_vs_prev_day,signal_hhmm",True,e82a72e1d120a7ad740c3df5856d22e362c2d02a,3191,476,343,133,0,141,0.4397163120567376,0.0027483510099974347,-0.0063090201920497,1.1898083192561613,-0.5595185165737029,0.1652893008992227,-0.1119863555477992,1.4505213923350189,8,70,0.6526278689745217,71,1.8231037560895373,1,True,141.0,0.4397163120567376,0.0027483510099974347,-0.0063090201920497,1.1898083192561613,-0.5595185165737029,0.1652893008992227,-0.1119863555477992,1.4505213923350189,8.0,153.0,0.477124183006536,0.007835147698668093,-0.0033283421448687,2.3839920032868394,-0.6183026415646473,0.3687231660523884,-0.1666821330911661,1.542389098603804,8.0,476.0,0.0,122.0,13.0,12.0,6.0,False,False,False,False
time_any__open_any__speed_6_10__break_low_le2,TIME_FREE+OPEN_COUNT_FREE,回封时间不限；炸板/回封次数不限；最后炸板后6~10分钟回封；最后炸板分钟最低回落不超2%,"last_break_low_depth_pct,last_break_to_signal_minutes",True,06e046c4f5c1b017751239cbe12f5d5342cd3cc4,3182,464,333,131,0,137,0.46715328467153283,0.003335309943243233,-0.0033283421448687,1.1896014458250013,-0.4571571506720479,0.3090002845557691,-0.1370202417594448,1.3077980006945706,7,67,1.3326297285588604,70,0.8926721506591827,1,True,137.0,0.46715328467153283,0.003335309943243233,-0.0033283421448687,1.1896014458250013,-0.4571571506720479,0.3090002845557691,-0.1370202417594448,1.3077980006945706,7.0,147.0,0.42857142857142855,0.004263977955853441,-0.007274303612709,1.3264166687884582,-0.43955768570202625,0.3090002845557691,-0.17629142067722955,1.5669281861418258,8.0,464.0,0.0,119.0,8.0,11.0,9.0,False,False,False,False
time_any__open_eq4__speed_2_5__ever_20_60,TIME_FREE,回封时间不限；第4次炸板后的回封；最后炸板后2~5分钟回封；信号时全市场已有20~60只首板触板,"last_break_to_signal_minutes,market_ever_sealed_count,open_times_at_signal",True,aacd37dee13de6cdf2ffbc4c982ba4928d7176b6,314,209,184,25,0,94,0.48936170212765956,0.003598200583670392,-0.0007208815166667294,1.188492115886853,-0.5352407362948179,0.1389246203090253,-0.1501914830156249,1.2229743324050213,5,42,0.7385938081505377,52,1.609128187606765,1,True,111.0,0.4864864864864865,0.006701918852254167,-0.0013986654,1.6219293632152034,-0.550031156161332,0.4527951871228668,-0.1501914830156249,1.4020052008565373,6.0,147.0,0.5374149659863946,0.017192576997563068,0.0037053138311083,7.974961255360731,-0.33443230231188326,0.4527951871228668,-0.14417251000998996,1.6573706233595844,6.0,209.0,40.0,88.0,23.0,26.0,10.0,False,False,False,False
time_1300_1359__open_1_2__speed_any__seal_rate_40_60,SPEED_FREE,13:00~13:59回封；第1~2次炸板后的回封；回封速度不限；信号时全市场首板封住率40%~60%,"market_seal_rate,open_times_at_signal,signal_hhmm",True,b893a2c875a6fe9cb127865968d5b527fdf7e882,426,71,55,16,0,44,0.5,0.005415878332098196,-0.00129514715107,1.187396626523192,-0.1885287861096141,0.160791674553094,-0.1527802601283696,1.314265575437199,5,22,1.0916085386360297,22,1.0877494857330905,1,True,66.0,0.4696969696969697,0.011273443943661856,-0.00335344507160795,1.7639984239973205,-0.263241548453504,0.4527951871228668,-0.1527802601283696,1.8214824302279646,7.0,137.0,0.635036496350365,0.03784916459782008,0.01838722394693575,100.0120277726461,-0.2297053474471087,0.4527951871228668,-0.1527802601283696,2.203369918798416,4.0,71.0,47.0,43.0,34.0,44.0,16.0,False,False,False,False
time_any__open_any__speed_any__duration_61_120__seal_rate_ge70,PURE_QUALITY_PAIR_ALL_TIME_AND_OPEN_COUNT,回封时间不限；炸板/回封次数不限；回封速度不限；首封后61~120分钟形成回封；信号时全市场首板封住率至少70%,"first_to_signal_minutes,market_seal_rate",True,299eccdccd92e6655c7a32eada2d8846d2929f52,4321,421,329,92,0,134,0.4925373134328358,0.0033919902833365167,-0.0029534576289474003,1.1873663865633657,-0.5971374747978991,0.1813358274087592,-0.1812881900572455,1.1788718796822195,8,69,1.0026298165324674,65,1.1842520210198793,1,True,134.0,0.5,0.0051423296281444715,9.727979684204997e-05,1.4985342780589934,-0.5806593712974081,0.1813358274087592,-0.1812881900572455,1.2261430555977568,8.0,152.0,0.5460526315789473,0.01319320266025294,0.006468175110866298,5.33749323274001,-0.32745688503597303,0.25491862088982453,-0.1812881900572455,1.4386018864679389,6.0,421.0,1.0,114.0,15.0,19.0,4.0,False,False,False,False
time_1400_1429__open_any__speed_le2__recent5_ge5pct,OPEN_COUNT_FREE,14:00~14:29回封；炸板/回封次数不限；最后炸板后2分钟内回封；回封前5分钟成交额至少前日5%,"last_break_to_signal_minutes,signal_hhmm,signal_recent_5m_amount_vs_prev_day",True,8cc5705e1238befda793d8a9777b0b6ce5e1331c,1494,351,278,73,0,130,0.45384615384615384,0.0030161068156744205,-0.00566404410333605,1.1861759633826423,-0.45508697033160417,0.2971055310979901,-0.1604044205087896,1.3995612076282753,9,64,0.83240719433477,66,1.424994848020976,1,True,133.0,0.45112781954887216,0.003785422384367832,-0.0058032896045845,1.3085990119000352,-0.4498997154053611,0.2971055310979901,-0.1604044205087896,1.4619138038565047,9.0,147.0,0.47619047619047616,0.011768601895714364,-0.0055247986020876,3.7730307992603294,-0.38757009402596765,0.3687231660523884,-0.1604044205087896,1.7412236091441498,9.0,349.0,8.0,111.0,19.0,11.0,6.0,False,False,False,False
time_1300_1359__open_eq3__speed_any__duration_31_60,SPEED_FREE,13:00~13:59回封；第3次炸板后的回封；回封速度不限；首封后31~60分钟形成回封,"first_to_signal_minutes,open_times_at_signal,signal_hhmm",True,692cbd0f822c7351e5018321338db1c5c167db5b,291,160,134,26,0,80,0.475,0.0040011909132899245,-0.0017685246889993,1.181279018869405,-0.4632648201250654,0.2884420958080925,-0.1328895729622152,1.3369908243207587,7,41,0.8469945278398795,39,1.3946713704066818,1,True,89.0,0.5056179775280899,0.007651806551056253,0.0009943819468942,1.7191005554489454,-0.4592700839608631,0.1382973329857442,-0.1328895729622152,1.412548363370398,7.0,137.0,0.6131386861313869,0.03220808131087254,0.012207405120446,45.65032497866252,-0.30697017592761244,0.4892913885103991,-0.17629142067722955,1.8142508851792276,7.0,160.0,22.0,56.0,38.0,34.0,9.0,False,False,False,False
time_1400_1429__open_any__speed_le2__recent5_ge10pct,OPEN_COUNT_FREE,14:00~14:29回封；炸板/回封次数不限；最后炸板后2分钟内回封；回封前5分钟成交额至少前日10%,"last_break_to_signal_minutes,signal_hhmm,signal_recent_5m_amount_vs_prev_day",True,5f2d95cbe2959adc019fbafaf5a027e4f3cc3b3a,899,298,230,68,0,119,0.4789915966386555,0.002767986494486376,-0.0009714241972762,1.180694994804093,-0.37574681805636234,0.2971055310979901,-0.1448809394999999,1.2654599995666223,9,61,1.0328186733862252,58,1.1431774281665885,1,True,123.0,0.4715447154471545,0.0027276439106645907,-0.0029536754738,1.1799678679948684,-0.37574681805636234,0.2971055310979901,-0.1448809394999999,1.2963457838616086,9.0,148.0,0.5337837837837838,0.021843109450203006,0.004172287121600126,16.010420103896305,-0.2630864773219308,0.3687231660523884,-0.1448809394999999,1.9643803352686744,7.0,294.0,13.0,92.0,28.0,21.0,7.0,False,False,False,False
time_1400_1454__open_any__speed_6_10__break_low_le2,OPEN_COUNT_FREE,14:00~14:54回封；炸板/回封次数不限；最后炸板后6~10分钟回封；最后炸板分钟最低回落不超2%,"last_break_low_depth_pct,last_break_to_signal_minutes,signal_hhmm",True,d358e6f1b2080193c1df83a0e14540100bc4d29d,932,319,257,62,0,126,0.4523809523809524,0.003413581698581336,-0.0038835884190902,1.1801607061073762,-0.6383707883900454,0.2877539667175889,-0.1627866280771597,1.3902377779659663,9,63,0.8588112589696438,63,1.3741793598785257,1,True,127.0,0.4645669291338583,0.00373316401719429,-0.0031744226361187,1.249574786697108,-0.5694455903127079,0.2877539667175889,-0.1098246868368515,1.3486757165681524,7.0,150.0,0.5266666666666666,0.012462656090941448,0.0037082282269809263,4.560611385729029,-0.4887479553352956,0.3687231660523884,-0.1098246868368515,1.493706909312391,7.0,313.0,17.0,101.0,24.0,20.0,5.0,False,False,False,False
time_1400_1429__open_eq2__speed_le1,STRUCTURAL_GRID,14:00~14:29回封；第2次炸板后的回封；最后炸板后1分钟内回封,"last_break_to_signal_minutes,open_times_at_signal,signal_hhmm",True,20dfa1898c371f6d9ccb78777e9d85cea40cbfb9,387,203,162,41,0,96,0.40625,0.0034521256206479257,-0.0060053842581866,1.180068459495984,-0.35470533935791904,0.2877539667175889,-0.109754904643421,1.7124217394606032,5,48,1.0284492752211902,48,1.1474250484956436,1,True,102.0,0.4411764705882353,0.006939677049372464,-0.0045883908978337,1.6889216386502897,-0.22874946798219353,0.2877539667175889,-0.109754904643421,1.7347945652921684,5.0,140.0,0.5214285714285715,0.023672718804565472,0.002605915531151944,16.15281478227718,-0.34709140727497445,0.4892913885103991,-0.17629142067722955,2.1257678704810195,5.0,199.0,27.0,61.0,30.0,38.0,11.0,False,False,False,False
time_1300_1454__open_eq1__speed_any__seal_rate_40_60,SPEED_FREE,13:00~14:54回封；第1次炸板后的回封；回封速度不限；信号时全市场首板封住率40%~60%,"market_seal_rate,open_times_at_signal,signal_hhmm",True,7aaa11c08996c4d475192a6d20f2e432ad1d9a3d,501,94,72,22,0,53,0.5094339622641509,0.0049724160951983,0.0037128858549325,1.1792113217068672,-0.28607158404832234,0.1369239803572005,-0.1527802601283696,1.1919425727117015,3,30,1.4640869952465463,23,0.8054243535632887,1,True,72.0,0.5,0.010949653324869453,0.0003025046622602001,1.8084478199824734,-0.39322588727208996,0.4527951871228668,-0.1527802601283696,1.5553964350158844,6.0,136.0,0.6691176470588235,0.0396264460215254,0.02088573501835992,120.90714116587246,-0.22970534744710858,0.4892913885103991,-0.1527802601283696,1.9285538461034302,4.0,94.0,46.0,44.0,35.0,40.0,17.0,False,False,False,False
time_any__open_ge5__speed_2_5__duration_16_30,TIME_FREE,回封时间不限；第5次及以后炸板后的回封；最后炸板后2~5分钟回封；首封后16~30分钟形成回封,"first_to_signal_minutes,last_break_to_signal_minutes,open_times_at_signal",True,bf388b674490389579921c939eea40e3394ef2a9,157,50,43,7,0,37,0.4864864864864865,0.0056939748922088616,-0.0003833996662968,1.1775547037638858,-0.22228115219710431,0.137297320831579,-0.0905631526174841,1.3977551125226724,7,11,0.8943072779801021,26,1.3167227112626563,1,True,62.0,0.5161290322580645,0.008628686022358762,0.006603946838364367,1.5609681267764295,-0.2973410386619011,0.137297320831579,-0.0905631526174841,1.3876718404941613,4.0,135.0,0.6444444444444445,0.04076644360084442,0.02049000083100966,137.34590256165023,-0.1871105580962088,0.4892913885103991,-0.11849477438811166,2.309298469311835,4.0,50.0,50.0,33.0,42.0,44.0,16.0,False,False,False,False
time_any__open_eq3__speed_6_10__pre_low_ge0,TIME_FREE,回封时间不限；第3次炸板后的回封；最后炸板后6~10分钟回封；信号前最低价不低于昨收,"last_break_to_signal_minutes,open_times_at_signal,pre_signal_min_return",True,169f7bec0d4f5618db54a50b6925978651777198,243,143,117,26,0,78,0.47435897435897434,0.004190677667904547,-0.0047004979673366,1.1767757953387439,-0.4992947868652514,0.1371511541013582,-0.1595638622725343,1.3178732828235349,5,34,0.7686070052325357,44,1.5310500520128878,1,True,88.0,0.48863636363636365,0.006938765449267622,-0.0022539043615516,1.5334133964489642,-0.4783494603992757,0.1382973329857442,-0.1595638622725343,1.3902101802225384,6.0,141.0,0.5319148936170213,0.020108936614237054,0.004725522172949005,10.67655866539111,-0.386544884200704,0.25794581579670345,-0.17629142067722955,1.7585239060925582,7.0,142.0,31.0,55.0,32.0,38.0,16.0,False,False,False,False
time_1300_1359__open_eq3__speed_any__break_rate_le50,SPEED_FREE,13:00~13:59回封；第3次炸板后的回封；回封速度不限；信号时累计炸板事件率不超50%,"market_break_event_rate,open_times_at_signal,signal_hhmm",True,2250dd95a7a2803770f83ac43bb9bb3a7361b01b,45,37,30,7,0,29,0.4482758620689655,0.00892613082039614,-0.0057761134704317,1.1767115064941316,-0.28585540589307756,0.2858048076223851,-0.1293101803360104,1.6872957990812683,4,20,1.3702113716282538,9,0.8587810106230677,1,True,55.0,0.509090909090909,0.0136047239121062,0.0037136413868598,1.7803914508241154,-0.2869751481871804,0.4527951871228668,-0.1293101803360104,1.639045889824133,4.0,133.0,0.6541353383458647,0.045819420459803986,0.020424129636437156,208.4780019761072,-0.22970534744710858,0.5231929254879739,-0.13823939725321072,2.2872025810181396,4.0,37.0,44.0,35.0,39.0,44.0,15.0,False,False,False,False
time_1300_1359__open_eq2__speed_any__pre_low_ge0,SPEED_FREE,13:00~13:59回封；第2次炸板后的回封；回封速度不限；信号前最低价不低于昨收,"open_times_at_signal,pre_signal_min_return,signal_hhmm",True,cd6fb1fe267a4513f03c8135045ce65f32f6121a,1112,318,253,65,0,121,0.4628099173553719,0.0030331566277401177,-0.0058220371807803,1.1757441362890924,-0.44296498598553535,0.2124694253476716,-0.1197378340567651,1.3281074102790225,7,57,0.9271686842372122,64,1.2681016478208438,1,True,123.0,0.4715447154471545,0.004267494510821475,-0.0036933569172413,1.3872614598148325,-0.3847269510187714,0.2124694253476716,-0.0964479441600851,1.3637206339570755,7.0,150.0,0.52,0.01818161747502276,0.0024066886321580942,9.967358775012064,-0.3792693520246979,0.3687231660523884,-0.13823939725321072,1.8731025522423403,6.0,318.0,5.0,91.0,26.0,22.0,11.0,False,False,False,False
time_any__open_eq1__speed_6_10__duration_ge121,TIME_FREE,回封时间不限；第1次炸板后的回封；最后炸板后6~10分钟回封；首封121分钟后形成回封,"first_to_signal_minutes,last_break_to_signal_minutes,open_times_at_signal",True,17f669112c1196c9b2fa006302b7ee5429a4592a,66,53,35,18,0,31,0.3870967741935484,0.007021586287249169,-0.0099657126639791,1.1752921658839466,-0.19468093633118433,0.1380879331309447,-0.0812875534693894,2.1485687462451226,3,17,1.0702143271603084,14,1.098183920787577,1,True,58.0,0.4827586206896552,0.01843384649227637,-0.003150808843085,2.4445831432362137,-0.34785664441238817,0.4527951871228668,-0.0746639326194175,2.207342270316429,4.0,133.0,0.6541353383458647,0.04464382150296002,0.02049000083100966,194.0841169215592,-0.2297053474471087,0.4892913885103991,-0.13823939725321072,2.3557459355682635,6.0,52.0,47.0,34.0,39.0,43.0,17.0,True,False,False,False
time_any__open_eq3__speed_ge11__duration_31_60,TIME_FREE,回封时间不限；第3次炸板后的回封；最后炸板11分钟后回封；首封后31~60分钟形成回封,"first_to_signal_minutes,last_break_to_signal_minutes,open_times_at_signal",True,10b843ce3755c9ebd5286a691fa18aa8aea4b187,159,99,88,11,0,60,0.43333333333333335,0.005067343026024211,-0.0070156094977250495,1.1747396410475126,-0.29955880074505725,0.2124694253476716,-0.1235870262557176,1.5878308307672138,6,28,0.8986328268791235,32,1.3072520899634674,1,True,77.0,0.44155844155844154,0.006631934805234529,-0.007737401140218,1.3771935942241809,-0.32993735095058263,0.2884775816944691,-0.1235870262557176,1.6245990658714073,6.0,135.0,0.6222222222222222,0.04204077924645735,0.02150756108281972,151.07744188394426,-0.2706500241554427,0.4892913885103991,-0.1235870262557176,2.271497954823333,5.0,97.0,36.0,46.0,42.0,34.0,13.0,False,False,False,False
time_1300_1359__open_ge2__speed_ge11,STRUCTURAL_GRID,13:00~13:59回封；第2次及以后炸板后的回封；最后炸板11分钟后回封,"last_break_to_signal_minutes,open_times_at_signal,signal_hhmm",True,ec8a5d07f4b5d870e6495bd09723f92f3aab0d74,937,334,282,52,0,125,0.504,0.0031559314021719757,0.0007066567485134,1.1743026599810773,-0.5544721327465396,0.1813358274087592,-0.219507768153365,1.1260892942798781,5,66,0.6561391061700935,59,1.7897160052470014,1,True,128.0,0.5234375,0.005025131810379835,0.00453067742834265,1.4926069811393252,-0.45020190049522335,0.1813358274087592,-0.219507768153365,1.125217879041124,5.0,147.0,0.5306122448979592,0.009538501720567083,0.00498878917582428,2.818148847559796,-0.43864033408608494,0.2232669704072555,-0.219507768153365,1.2766600319348562,6.0,334.0,7.0,105.0,11.0,21.0,10.0,False,False,False,False
time_1300_1454__open_eq4__speed_any__seal_rate_40_60,SPEED_FREE,13:00~14:54回封；第4次炸板后的回封；回封速度不限；信号时全市场首板封住率40%~60%,"market_seal_rate,open_times_at_signal,signal_hhmm",True,d7e501dc2d7ebacc3039b601596c8bf1d22c9a9b,278,69,60,9,0,48,0.5208333333333334,0.004970656057532032,0.0053961282356578995,1.17264867149151,-0.25011480613001136,0.1382248145666667,-0.0965162086203549,1.1455949805496846,4,27,1.1370672808465936,21,1.0312922473843629,1,True,65.0,0.49230769230769234,0.0028684729709320413,-0.0030147061226492,1.089702941047519,-0.4021588930558818,0.1382973329857442,-0.0965162086203549,1.1735246900536966,5.0,135.0,0.6222222222222222,0.03583887729787638,0.0132665351989725,75.3858350685032,-0.2297053474471087,0.3687231660523884,-0.13823939725321072,2.1748703679960677,7.0,69.0,47.0,41.0,34.0,43.0,17.0,False,False,False,False
time_1300_1359__open_eq1__speed_any__pre_low_ge0,SPEED_FREE,13:00~13:59回封；第1次炸板后的回封；回封速度不限；信号前最低价不低于昨收,"open_times_at_signal,pre_signal_min_return,signal_hhmm",True,f272c33054e80eeeec6ddf829e7b4ddca7050497,1462,370,275,95,0,131,0.44274809160305345,0.0025238659956932567,-0.0047092479859297,1.1726407048083416,-0.5311489418003787,0.152863154184412,-0.1523525620350246,1.4323905217970092,7,61,0.7229092894531459,70,1.6221132055107508,1,True,131.0,0.4580152671755725,0.003829988659669434,-0.0040894997142273,1.3928627571416095,-0.44309866190478175,0.152863154184412,-0.1523525620350246,1.4424111576771097,7.0,143.0,0.4965034965034965,0.010253954086020948,-0.0010725014862185726,3.292099830477824,-0.4176723967052395,0.25794581579670345,-0.17629142067722955,1.613889441118652,7.0,370.0,4.0,103.0,15.0,17.0,8.0,False,False,False,False
time_any__open_eq2__speed_le2__duration_31_60,TIME_FREE,回封时间不限；第2次炸板后的回封；最后炸板后2分钟内回封；首封后31~60分钟形成回封,"first_to_signal_minutes,last_break_to_signal_minutes,open_times_at_signal",True,877b74bc4810ad341c61ce33c3a3f5d05906bb3f,598,298,250,48,0,122,0.45901639344262296,0.0032152926527498175,-0.0020268973783216003,1.1723700796510022,-0.4486885473983808,0.1372973208315789,-0.1792189802694261,1.3543177375731872,8,61,1.064269999406999,61,1.1015720449737711,1,True,124.0,0.45161290322580644,0.0004711108993099291,-0.0031742431369422503,0.827245510868613,-0.5520050630146003,0.1372973208315789,-0.1923385811861804,1.2392218883403694,8.0,144.0,0.5277777777777778,0.017675336709329952,0.004303343219176026,7.78187651945784,-0.4962124842506168,0.4892913885103991,-0.1792189802694261,1.693036686891503,7.0,298.0,7.0,94.0,21.0,23.0,6.0,False,False,False,False
time_1001_1130__open_eq4__speed_any__recent5_ge10pct,SPEED_FREE,10:01~11:30回封；第4次炸板后的回封；回封速度不限；回封前5分钟成交额至少前日10%,"open_times_at_signal,signal_hhmm,signal_recent_5m_amount_vs_prev_day",True,2dc1fd3a2586f269d5746f2eff0054f62ac85af3,184,147,127,20,0,82,0.4146341463414634,0.004580617701367116,-0.01184322921278675,1.1723603175725352,-0.3970979191908577,0.3339820061776503,-0.189337554306236,1.6976090713776362,9,43,0.9586098943139333,39,1.2229795712797038,1,True,98.0,0.42857142857142855,0.005885155723644434,-0.0089875206179845,1.383775047322654,-0.3487635921476113,0.3339820061776503,-0.189337554306236,1.6804600272669243,9.0,138.0,0.6159420289855072,0.02972403725259142,0.01592099712647941,36.35258899891531,-0.29054774912041115,0.4892913885103991,-0.13823939725321072,1.827667824625855,6.0,147.0,40.0,68.0,27.0,33.0,10.0,False,False,False,False
time_1400_1429__open_eq2__speed_any__ever_20_60,SPEED_FREE,14:00~14:29回封；第2次炸板后的回封；回封速度不限；信号时全市场已有20~60只首板触板,"market_ever_sealed_count,open_times_at_signal,signal_hhmm",True,3b1f3817a145c245771c84ff2f113200fe7631c6,244,150,123,27,0,77,0.44155844155844154,0.00438973867418566,-0.0064859699142856,1.17186238719174,-0.37939019021290643,0.2877539667175889,-0.1549778471938946,1.5145507866141337,7,36,1.2859379237447723,41,0.9112900129573642,1,True,105.0,0.5142857142857142,0.013147038086689322,0.0028204795395651975,2.92505889568961,-0.427412907946654,0.4527951871228668,-0.1549778471938946,1.5714793345324505,7.0,145.0,0.593103448275862,0.02776995016149677,0.01246021082226626,31.266044929041556,-0.29216766128821225,0.4527951871228668,-0.1549778471938946,1.7664581586776122,5.0,150.0,52.0,69.0,27.0,33.0,16.0,True,False,False,False
time_1001_1130__open_eq4__speed_le1,STRUCTURAL_GRID,10:01~11:30回封；第4次炸板后的回封；最后炸板后1分钟内回封,"last_break_to_signal_minutes,open_times_at_signal,signal_hhmm",True,33a0900e4eaca318bd0bb92645cf3fe5fec02c52,281,171,148,23,0,87,0.4827586206896552,0.004348438258969333,-0.0054404195999999,1.1714477114807542,-0.4533461954588266,0.137297320831579,-0.1923385811861804,1.2529418392103409,8,43,1.0416667774059827,44,1.124589683466684,1,True,99.0,0.494949494949495,0.008748733101151675,-0.000596222117905,1.8172967676949954,-0.47427860818906153,0.2884775816944691,-0.1923385811861804,1.3895309278278285,9.0,142.0,0.6338028169014085,0.03497350330732811,0.019427719459107057,77.85491428279379,-0.25229559159509063,0.4892913885103991,-0.14417251000998996,1.77128492901656,4.0,171.0,26.0,65.0,30.0,35.0,12.0,False,False,False,False
time_0930_1000__open_any__speed_any__seal_rate_40_60,OPEN_COUNT_FREE+SPEED_FREE,09:30~10:00回封；炸板/回封次数不限；回封速度不限；信号时全市场首板封住率40%~60%,"market_seal_rate,signal_hhmm",True,cfbaed8f8b0b9fb95752dba259e43cb97113bbf6,96,42,25,17,0,24,0.5416666666666666,0.007849291127908758,0.0102360734981968,1.1712302194204336,-0.164780022913821,0.0943157057271028,-0.1061108386058824,1.2383456561950184,3,10,1.0679979685647891,14,1.0966595947690532,1,True,58.0,0.5,0.01571699112639062,0.003638623203398331,2.1077755946617365,-0.2848559357408993,0.4527951871228668,-0.1061108386058824,1.8455746726587285,7.0,136.0,0.6691176470588235,0.046138386743440514,0.0230432370814819,291.49623620033697,-0.2297053474471087,0.4527951871228668,-0.13823939725321072,2.579066093877558,4.0,42.0,52.0,30.0,43.0,47.0,16.0,True,False,False,False
time_0930_1000__open_any__speed_le5__seal_rate_40_60,OPEN_COUNT_FREE,09:30~10:00回封；炸板/回封次数不限；最后炸板后5分钟内回封；信号时全市场首板封住率40%~60%,"last_break_to_signal_minutes,market_seal_rate,signal_hhmm",True,8d95c93d52ce48ffc583bcfb86dddf6073caa064,80,40,25,15,0,24,0.5416666666666666,0.007849291127908758,0.0102360734981968,1.1712302194204336,-0.164780022913821,0.0943157057271028,-0.1061108386058824,1.2383456561950184,3,10,1.0679979685647891,14,1.0966595947690532,1,True,58.0,0.5,0.01571699112639062,0.003638623203398331,2.1077755946617365,-0.2848559357408993,0.4527951871228668,-0.1061108386058824,1.8455746726587285,7.0,136.0,0.6691176470588235,0.046138386743440514,0.0230432370814819,291.49623620033697,-0.2297053474471087,0.4527951871228668,-0.13823939725321072,2.579066093877558,4.0,40.0,52.0,30.0,43.0,47.0,16.0,True,False,False,False
time_1400_1429__open_eq4__speed_any__ever_40_100,SPEED_FREE,14:00~14:29回封；第4次炸板后的回封；回封速度不限；信号时全市场已有40~100只首板触板,"market_ever_sealed_count,open_times_at_signal,signal_hhmm",True,2ce344985b99738baacc6b6a84eb672f5c13e997,365,210,182,28,0,100,0.48,0.003609362350441333,-0.0035020907471932502,1.1700922757966548,-0.4667135857947501,0.2804551011527076,-0.1389379853296101,1.2612050494323823,9,41,0.8062091683184864,59,1.451350743426943,1,True,114.0,0.4473684210526316,0.004378814950064896,-0.00634613766075545,1.2765699450474823,-0.5987025516727953,0.2884775816944691,-0.1098246868368515,1.4741726323216093,9.0,142.0,0.5211267605633803,0.02009163526998559,0.004750102739151646,11.552016226934528,-0.3671323559254477,0.3687231660523884,-0.13823939725321072,1.9716947633149249,8.0,210.0,38.0,87.0,19.0,25.0,11.0,False,False,False,False
time_1400_1454__open_any__speed_2_5__recent5_ge5pct,OPEN_COUNT_FREE,14:00~14:54回封；炸板/回封次数不限；最后炸板后2~5分钟回封；回封前5分钟成交额至少前日5%,"last_break_to_signal_minutes,signal_hhmm,signal_recent_5m_amount_vs_prev_day",True,c89cdf30d352037df4d3f9253f1b41819cf7c4a0,1729,378,307,71,0,132,0.4696969696969697,0.0030445773004979045,-0.00342854388404495,1.1700632794414034,-0.6695317116901756,0.2971055310979901,-0.1889700166746791,1.303966765833663,10,64,0.4388308960080369,68,2.6663192817216186,1,True,133.0,0.46616541353383456,0.0032330907719926665,-0.0034703821754717,1.2056331215660023,-0.6695317116901756,0.2971055310979901,-0.1889700166746791,1.3370891044844346,10.0,146.0,0.5273972602739726,0.016721652910913192,0.0017817923519988941,7.194677985004604,-0.28494992295928046,0.4892913885103991,-0.17629142067722955,1.7196085905146512,6.0,371.0,9.0,106.0,20.0,17.0,3.0,False,False,False,False
time_1400_1454__open_any__speed_any__ever_40_150,OPEN_COUNT_FREE+SPEED_FREE,14:00~14:54回封；炸板/回封次数不限；回封速度不限；信号时全市场已有40~150只首板触板,"market_ever_sealed_count,signal_hhmm",True,34ca4e8cb659fbfd23c353d23bdf4eeb8d2358dc,7839,429,353,76,0,141,0.49645390070921985,0.003082079773277202,-0.0034703821754717,1.1699960933832259,-0.5218928489010579,0.2858048076223851,-0.1604044205087896,1.1584821862279902,5,67,0.9039139929755426,74,1.294366612836451,1,True,141.0,0.49645390070921985,0.003082079773277202,-0.0034703821754717,1.1699960933832259,-0.5218928489010579,0.2858048076223851,-0.1604044205087896,1.1584821862279902,5.0,149.0,0.48322147651006714,0.0082963722822546,-0.0042967946627087,2.3315599703668677,-0.4741826254651137,0.4892913885103991,-0.1604044205087896,1.4952609064190554,6.0,429.0,1.0,125.0,14.0,9.0,1.0,False,False,False,False
time_any__open_any__speed_6_10__seal_rate_40_60,TIME_FREE+OPEN_COUNT_FREE,回封时间不限；炸板/回封次数不限；最后炸板后6~10分钟回封；信号时全市场首板封住率40%~60%,"last_break_to_signal_minutes,market_seal_rate",True,fc73fe3548824ab448ea13c015cd2254d36e14a3,299,93,74,19,0,52,0.4807692307692308,0.004442924587835762,-0.0040132833881984,1.169589415552196,-0.2978593944279414,0.2566166619278637,-0.0920204424301309,1.365742013555213,4,28,1.3629171323693055,24,0.8581515249712748,1,True,73.0,0.4520547945205479,0.008506717030343959,-0.0056136745785029,1.5512434648754425,-0.42423321745724096,0.4527951871228668,-0.0920204424301309,1.7832630506298652,5.0,138.0,0.6376811594202898,0.039073481234692065,0.018851903186904988,122.32108480853118,-0.2297053474471087,0.4527951871228668,-0.13823939725321072,2.255840626912922,6.0,92.0,48.0,45.0,36.0,41.0,16.0,False,False,False,False
time_any__open_3_5__speed_ge11__duration_ge121,TIME_FREE,回封时间不限；第3~5次炸板后的回封；最后炸板11分钟后回封；首封121分钟后形成回封,"first_to_signal_minutes,last_break_to_signal_minutes,open_times_at_signal",True,a4043b30064c2099028b43216af0deb96ca60487,534,280,238,42,0,112,0.4642857142857143,0.0036203951972693443,-0.00627398714456795,1.1690880604853904,-0.46748854927057515,0.3090002845557691,-0.1642639231052835,1.3322526821436547,6,62,1.441721969691379,50,0.8108970280418556,1,True,115.0,0.4782608695652174,0.002212248786580422,-0.0041210039727272,1.024520864774473,-0.46748854927057537,0.1382848713664556,-0.1642639231052835,1.1915076794932122,6.0,146.0,0.541095890410959,0.012384291224825318,0.005496489771670273,3.9310388878906597,-0.5232500768217221,0.5231929254879739,-0.14417251000998996,1.3285164138133372,8.0,275.0,24.0,89.0,16.0,26.0,15.0,False,False,False,False
time_1400_1429__open_1_2__speed_le1,STRUCTURAL_GRID,14:00~14:29回封；第1~2次炸板后的回封；最后炸板后1分钟内回封,"last_break_to_signal_minutes,open_times_at_signal,signal_hhmm",True,acdb2e6ebc6e1e9d4947239fcc6db32a88f2e1c3,766,284,224,60,0,112,0.44642857142857145,0.002835608404403979,-0.00552566036758515,1.168243757769771,-0.35387104685448945,0.1371003094875,-0.1627708681676576,1.4211962790281316,6,57,0.9891966165025775,55,1.1810025815699179,1,True,115.0,0.43478260869565216,0.0021190052838267466,-0.00638961945,1.0821663782495068,-0.367963500726313,0.1371003094875,-0.1627708681676576,1.4411067843477823,6.0,140.0,0.4928571428571429,0.013492907622121094,-0.0015382701035729644,4.244925982967588,-0.472585273344063,0.4892913885103991,-0.17629142067722955,1.7184118971481859,6.0,281.0,13.0,82.0,25.0,28.0,5.0,False,False,False,False
time_any__open_1_2__speed_any__ever_40_100,TIME_FREE+SPEED_FREE,回封时间不限；第1~2次炸板后的回封；回封速度不限；信号时全市场已有40~100只首板触板,"market_ever_sealed_count,open_times_at_signal",True,570e3e3dca645fc3895fa87a4a8ef34eaa7a245a,9855,438,330,108,0,140,0.4357142857142857,0.0029760232892308727,-0.00744434978776545,1.1676358314774613,-0.47766254886520165,0.2877539667175889,-0.1324251245118959,1.4698448487683886,5,69,1.0982341375836135,71,1.0631938960179739,2,True,140.0,0.4357142857142857,0.0029760232892308727,-0.00744434978776545,1.1676358314774613,-0.47766254886520165,0.2877539667175889,-0.1324251245118959,1.4698448487683886,5.0,150.0,0.44666666666666666,0.006004346125911515,-0.006588024344712593,1.7858115910677668,-0.4861297678800153,0.2877539667175889,-0.1324251245118959,1.5751531752972916,5.0,438.0,0.0,123.0,12.0,8.0,7.0,False,False,False,False
time_1400_1429__open_any__speed_6_10__duration_16_30,OPEN_COUNT_FREE,14:00~14:29回封；炸板/回封次数不限；最后炸板后6~10分钟回封；首封后16~30分钟形成回封,"first_to_signal_minutes,last_break_to_signal_minutes,signal_hhmm",True,931c60e4e1e12acf70145cf2834f20c955cd95ff,61,41,31,10,0,22,0.45454545454545453,0.007963504443647282,-0.0023934069508371,1.165367256600762,-0.08226568898692665,0.1040352389062498,-0.0429966265179208,1.8882732793392056,2,10,1.0887457004691432,12,1.0703759896352314,1,True,50.0,0.46,0.008506540697061771,-0.0037011841744000002,1.4318697296472729,-0.23605549878717935,0.1382973329857442,-0.07417800648559235,1.8049146174844963,5.0,132.0,0.6590909090909091,0.04504283359213553,0.02210815534495424,209.5254169002772,-0.22970534744710858,0.4892913885103991,-0.13823939725321072,2.504152523416246,4.0,37.0,42.0,22.0,44.0,50.0,16.0,False,False,False,False
time_1300_1454__open_eq1__speed_any__seal_rate_ge70,SPEED_FREE,13:00~14:54回封；第1次炸板后的回封；回封速度不限；信号时全市场首板封住率至少70%,"market_seal_rate,open_times_at_signal,signal_hhmm",True,dc20715dca27761e1f9e0994669a5cab33b27e3e,3965,399,296,103,0,132,0.42424242424242425,0.0027416005021386283,-0.00884456707183115,1.1644736509646019,-0.5514036382725203,0.1652893008992227,-0.1293101803360104,1.5346567849618913,9,67,0.9597439284014861,65,1.2133170281203096,1,True,133.0,0.42105263157894735,0.0016237159333038244,-0.0096208923528861,1.0041937952423077,-0.5520261640430182,0.1652893008992227,-0.1293101803360104,1.4777708249026384,9.0,149.0,0.46308724832214765,0.0035753658314023437,-0.0046360410000001,1.2189140804749667,-0.7869909565666519,0.3687231660523884,-0.1812881900572455,1.3485600178803467,6.0,399.0,2.0,103.0,18.0,21.0,7.0,False,False,False,False
time_1300_1359__open_2_3__speed_le1,STRUCTURAL_GRID,13:00~13:59回封；第2~3次炸板后的回封；最后炸板后1分钟内回封,"last_break_to_signal_minutes,open_times_at_signal,signal_hhmm",True,930553aceb0f69f39c758a63e7e107a9262ba9aa,1284,338,282,56,0,127,0.48031496062992124,0.002878904765523687,-0.0039097688806424,1.1638841218461737,-0.3560029442172925,0.1865259303471385,-0.1293101803360104,1.2299091353319924,7,62,1.0910422706482634,65,1.0667635463423704,1,True,127.0,0.4566929133858268,-0.0004957307458468519,-0.005942154604138,0.7412657933954105,-0.5024798538153297,0.1865259303471385,-0.2040006245101206,1.1644424725786118,7.0,144.0,0.4861111111111111,0.008441875142936808,-0.0012355834431092363,2.3358586049381502,-0.48967845553980993,0.3687231660523884,-0.17629142067722955,1.4955297837284867,8.0,338.0,3.0,106.0,20.0,13.0,5.0,False,False,False,False
time_1300_1454__open_eq3__speed_6_10,STRUCTURAL_GRID,13:00~14:54回封；第3次炸板后的回封；最后炸板后6~10分钟回封,"last_break_to_signal_minutes,open_times_at_signal,signal_hhmm",True,8ccac2f21678c7062501ba9005fc3ef69b28198a,303,183,155,28,0,89,0.43820224719101125,0.00351141321084023,-0.0049678171901579,1.163232732537178,-0.500960850595227,0.140190473515297,-0.2040006245101206,1.5023083869727727,4,43,1.565685419560625,46,0.7429543112585243,1,True,98.0,0.4387755102040816,0.002775567361111339,-0.0058979912376797995,1.1237804547151318,-0.5251617160034368,0.140190473515297,-0.2040006245101206,1.4609046054422152,5.0,138.0,0.572463768115942,0.024469353626004355,0.0057875115297531966,18.760577604641696,-0.2986224758758911,0.3687231660523884,-0.2040006245101206,1.8348564908176659,5.0,180.0,26.0,69.0,31.0,30.0,8.0,False,False,False,False
time_any__open_eq3__speed_6_10__recent5_ge5pct,TIME_FREE,回封时间不限；第3次炸板后的回封；最后炸板后6~10分钟回封；回封前5分钟成交额至少前日5%,"last_break_to_signal_minutes,open_times_at_signal,signal_recent_5m_amount_vs_prev_day",True,1a82db1e8a6cf01e77f1ce531f8da4031fe5c014,223,157,128,29,0,81,0.4567901234567901,0.0036479042847394456,-0.0055981435278917,1.1579407008892182,-0.35921769788142677,0.1659870463579606,-0.1595638622725343,1.4005645498881876,6,39,0.9190910567426138,42,1.2598759311108079,1,True,90.0,0.4666666666666667,0.01107895688582391,-0.005183085849372051,2.337542773157558,-0.20564763415580112,0.1659870463579606,-0.102440249751573,1.9325785819279466,6.0,135.0,0.5333333333333333,0.019490288068983903,0.00498878917582428,9.412288815015621,-0.318171156216275,0.25794581579670345,-0.1595638622725343,1.777918774236241,6.0,156.0,31.0,63.0,27.0,34.0,11.0,True,False,False,False
time_any__open_eq3__speed_6_10__break_close_le0_5,TIME_FREE,回封时间不限；第3次炸板后的回封；最后炸板后6~10分钟回封；最后炸板分钟收盘回落不超0.5%,"last_break_close_depth_pct,last_break_to_signal_minutes,open_times_at_signal",True,0cbd16f0ea69faa2bf53b36376673cac4869a5a7,347,200,176,24,0,97,0.4845360824742268,0.003252507996484663,-0.0053983545085862,1.1556477961441456,-0.3084841341671545,0.140190473515297,-0.2040006245101206,1.2337652529401972,5,49,1.2346996643769161,48,0.9359748200201681,1,True,100.0,0.48,0.004819041680944966,-0.005183085849372051,1.3699360488651198,-0.3041156809492781,0.140190473515297,-0.2040006245101206,1.3544716975450566,5.0,147.0,0.5510204081632653,0.022694829362489406,0.0049471793098902,18.460735838129626,-0.3478013187261795,0.3687231660523884,-0.11849477438811166,1.955716050914961,6.0,198.0,24.0,70.0,31.0,36.0,10.0,False,False,False,False
time_before_1400__open_any__speed_6_10__break_low_le1,OPEN_COUNT_FREE,14:00前回封；炸板/回封次数不限；最后炸板后6~10分钟回封；最后炸板分钟最低回落不超1%,"last_break_low_depth_pct,last_break_to_signal_minutes,signal_hhmm",True,9aef4291ae315e8112bccc8634c2433588aa5977,1669,403,321,82,0,134,0.44776119402985076,0.003049151517317738,-0.0051393068727418004,1.1555236070608206,-0.5100533424185885,0.3090002845557691,-0.189337554306236,1.4087973021157503,7,66,1.3011325109686473,68,0.888090642051956,1,True,134.0,0.4626865671641791,0.00481402744325376,-0.00381418477959505,1.46036438249676,-0.45141772168414906,0.3090002845557691,-0.189337554306236,1.4315869729233084,7.0,146.0,0.5,0.01268031815737863,0.0010720650173905001,4.14176036106754,-0.5280931971037705,0.3687231660523884,-0.189337554306236,1.5914599086871808,8.0,403.0,1.0,110.0,14.0,14.0,8.0,False,False,False,False
time_1300_1454__open_2_3__speed_6_10,STRUCTURAL_GRID,13:00~14:54回封；第2~3次炸板后的回封；最后炸板后6~10分钟回封,"last_break_to_signal_minutes,open_times_at_signal,signal_hhmm",True,9d139556292eb8bffe0c83aa02f9f77e27b24e84,738,302,238,64,0,119,0.44537815126050423,0.00347366404195759,-0.0068944396198123,1.1540844814722018,-0.5690476574753812,0.3721270239550671,-0.1595638622725343,1.4309129673286323,5,56,0.9020235976824998,63,1.279439345530763,1,True,120.0,0.475,0.005698995715535338,-0.00396074633197895,1.5585517523182015,-0.38214266277213416,0.3721270239550671,-0.1370202417594448,1.4109622998615796,4.0,144.0,0.4791666666666667,0.008156510262508755,-0.00504872139581395,2.2253293931036104,-0.5486414863905678,0.3721270239550671,-0.1595638622725343,1.4873994236822572,4.0,299.0,13.0,98.0,19.0,21.0,6.0,False,False,False,False
time_1400_1454__open_any__speed_6_10__break_low_le1,OPEN_COUNT_FREE,14:00~14:54回封；炸板/回封次数不限；最后炸板后6~10分钟回封；最后炸板分钟最低回落不超1%,"last_break_low_depth_pct,last_break_to_signal_minutes,signal_hhmm",True,b652735baf149b0204bb844bc4a4710d5e971544,832,304,247,57,0,122,0.45901639344262296,0.0032126579883379153,-0.0033224024057952,1.1530441690265854,-0.6753604866315799,0.2877539667175889,-0.1627866280771597,1.346086625028929,15,59,0.8887605640563505,63,1.2973619843842201,1,True,126.0,0.4603174603174603,0.004473858093583386,-0.0033224024057952,1.397525856657518,-0.4893502693172017,0.2877539667175889,-0.1098246868368515,1.4305905818206954,7.0,148.0,0.5337837837837838,0.014142971693083602,0.004634808449111879,5.622301409158822,-0.5199356726909272,0.3687231660523884,-0.14417251000998996,1.5496040980622323,7.0,298.0,17.0,102.0,24.0,14.0,8.0,False,False,False,False
time_1001_1359__open_any__speed_6_10__seal_rate_40_60,OPEN_COUNT_FREE,10:01~13:59回封；炸板/回封次数不限；最后炸板后6~10分钟回封；信号时全市场首板封住率40%~60%,"last_break_to_signal_minutes,market_seal_rate,signal_hhmm",True,10a3cbcc141f0fb3cc9c3c54decaf1eee4ac39fa,168,63,52,11,0,40,0.45,0.0049892706526565135,-0.0056059090531973,1.1523061631758724,-0.2444283415508357,0.2566166619278637,-0.0808694268976178,1.6172436756524575,6,20,1.1451647998511554,20,1.006236100974851,1,True,66.0,0.4696969696969697,0.013805496023748793,-0.0056059090531973,2.0915391269265977,-0.22463803758169731,0.4527951871228668,-0.0808694268976178,2.1103398758763676,6.0,135.0,0.6444444444444445,0.043232238209379034,0.020424129636437156,176.10663736676318,-0.22970534744710858,0.4892913885103991,-0.13823939725321072,2.4061168605852594,6.0,63.0,49.0,42.0,37.0,41.0,15.0,True,False,False,False
time_1430_1454__open_eq2__speed_any__duration_31_60,SPEED_FREE,14:30~14:54回封；第2次炸板后的回封；回封速度不限；首封后31~60分钟形成回封,"first_to_signal_minutes,open_times_at_signal,signal_hhmm",True,843e708066b483d1e6e654d9d2cd785ae8f626c9,157,95,66,29,0,41,0.4878048780487805,0.006701708041874819,-0.0013986654,1.1520668816496937,-0.386934835145209,0.2884144470203034,-0.1762669073000001,1.3307796603154693,5,17,1.3445152385236747,24,0.856864131130789,1,True,66.0,0.5,0.003892639721152281,0.00105590216557375,1.1146522747791996,-0.5137428006314897,0.1485710589249087,-0.1762669073000001,1.1606628625570068,9.0,136.0,0.6102941176470589,0.02947129935983023,0.01519020618388272,31.59307950574616,-0.29851210115783544,0.4892913885103991,-0.1762669073000001,1.734863759126853,6.0,83.0,46.0,43.0,39.0,40.0,14.0,False,False,False,False
time_1430_1454__open_any__speed_6_10__duration_ge121,OPEN_COUNT_FREE,14:30~14:54回封；炸板/回封次数不限；最后炸板后6~10分钟回封；首封121分钟后形成回封,"first_to_signal_minutes,last_break_to_signal_minutes,signal_hhmm",True,ba0ae58981ca38705e19e5ee87673beb753d5f2c,197,116,90,26,0,61,0.3770491803278688,0.005146160968628196,-0.0131003693893428,1.1514771345246837,-0.3317716625180541,0.3090002845557691,-0.102440249751573,2.0082059253671827,5,33,1.4710443954535,28,0.7827616474958266,1,True,81.0,0.4074074074074074,0.008377451848778672,-0.0110257663400474,1.6047635582672788,-0.39872673938359704,0.3090002845557691,-0.0840723513105882,2.016817313189929,8.0,143.0,0.5594405594405595,0.023794285519035566,0.0058265243114657,18.972545824707968,-0.26767941696761566,0.3687231660523884,-0.17629142067722955,1.8580238170699432,6.0,106.0,46.0,54.0,41.0,36.0,12.0,False,False,False,False
time_before_1400__open_eq1__speed_any__seal_rate_40_60,SPEED_FREE,14:00前回封；第1次炸板后的回封；回封速度不限；信号时全市场首板封住率40%~60%,"market_seal_rate,open_times_at_signal,signal_hhmm",True,421eed170a4a0385c755670950af689ee2f50e4d,512,121,93,28,0,63,0.49206349206349204,0.0035949805307499603,-0.0033283421448687,1.1483628561056607,-0.3144912188422001,0.13694135819776,-0.1527802601283696,1.2326675071964786,4,27,0.8106133629599351,36,1.4166591726448248,1,True,82.0,0.45121951219512196,0.0005153833256730082,-0.0045263230655376,0.9346224002730584,-0.29295777288142477,0.1382973329857442,-0.1527802601283696,1.2474893940832097,6.0,136.0,0.625,0.031206540258087858,0.01301037158766827,40.77054548182314,-0.31180193082818064,0.3687231660523884,-0.17629142067722955,1.7504734200338257,4.0,121.0,44.0,50.0,32.0,38.0,16.0,False,False,False,False
time_1300_1359__open_eq1__speed_any__break_low_le2,SPEED_FREE,13:00~13:59回封；第1次炸板后的回封；回封速度不限；最后炸板分钟最低回落不超2%,"last_break_low_depth_pct,open_times_at_signal,signal_hhmm",True,0d7eadc9d0460fdeb5d617d91a15a0e33b6c60de,2873,462,347,115,0,141,0.475177304964539,0.0023519339992911165,-0.0046360410000001,1.1466716531359926,-0.5998442136792695,0.1652893008992227,-0.1119863555477992,1.241510918302954,6,70,0.7492795059052226,71,1.5303656967778285,1,True,141.0,0.475177304964539,0.0023519339992911165,-0.0046360410000001,1.1466716531359926,-0.5998442136792695,0.1652893008992227,-0.1119863555477992,1.241510918302954,6.0,155.0,0.4838709677419355,0.006985234651993318,-0.002004038720927356,2.1037942415089628,-0.298902539848666,0.4892913885103991,-0.11849477438811166,1.4522008045361225,5.0,462.0,0.0,125.0,14.0,11.0,5.0,False,False,False,False
time_1300_1359__open_any__speed_6_10__amount_ge1,OPEN_COUNT_FREE,13:00~13:59回封；炸板/回封次数不限；最后炸板后6~10分钟回封；信号前成交额至少前日1倍,"last_break_to_signal_minutes,signal_cumulative_amount_vs_prev_day,signal_hhmm",True,41481eae31e69de320a505973372c6da678acfa4,874,321,263,58,0,125,0.44,0.003127956025666115,-0.0065686671289239,1.1439231897971864,-0.5977015826383887,0.1659870463579606,-0.1370202417594448,1.4401333269585577,11,59,0.8842528834008647,66,1.2936606838053177,1,True,126.0,0.4365079365079365,0.0019414828114708849,-0.00608276471079185,1.004477924491122,-0.6111359432465924,0.1606895591199837,-0.1370202417594448,1.3983392193515385,11.0,145.0,0.5655172413793104,0.02289314220653597,0.0062763969646168,18.07200486931552,-0.2909492409140835,0.4892913885103991,-0.11849477438811166,1.93718040145275,4.0,321.0,8.0,100.0,16.0,21.0,8.0,False,False,False,False
time_1300_1359__open_eq4__speed_any__amount_ge2,SPEED_FREE,13:00~13:59回封；第4次炸板后的回封；回封速度不限；信号前成交额至少前日2倍,"open_times_at_signal,signal_cumulative_amount_vs_prev_day,signal_hhmm",True,ddfcb81ee00529bdc93bd6fba66087766fb32608,397,212,186,26,0,103,0.4563106796116505,0.0035059545961780114,-0.0055968622926598,1.141120790916559,-0.46457234162487526,0.2858048076223851,-0.1604044205087896,1.3763073737500866,8,52,0.6689442766765993,51,1.7058532836035203,1,True,108.0,0.4537037037037037,-0.0025483106724859487,-0.0053076702600662,0.6278468893235686,-0.6336344649316279,0.1865259303471385,-0.1642639231052835,1.0772307359397275,8.0,143.0,0.48951048951048953,0.021041475029057705,-0.0007201834900103,12.75746252228224,-0.34149719754575525,0.3687231660523884,-0.1604044205087896,2.262132374749388,8.0,212.0,19.0,78.0,29.0,24.0,12.0,False,False,False,False
time_1001_1130__open_any__speed_ge11__seal_rate_40_60,OPEN_COUNT_FREE,10:01~11:30回封；炸板/回封次数不限；最后炸板11分钟后回封；信号时全市场首板封住率40%~60%,"last_break_to_signal_minutes,market_seal_rate,signal_hhmm",True,12ba254e1ce0ce29480f820f9c2b9b2fd7b429d9,149,48,40,8,0,30,0.4666666666666667,0.006452475184389143,-0.0032974240636425003,1.141101731063049,-0.1989219395541978,0.1372973208315789,-0.1186095371999999,1.4758957313364631,6,13,1.195832776636097,17,0.9542318569599607,1,True,62.0,0.5161290322580645,0.017098600877500345,0.006245022822043868,2.414877222022382,-0.278658432797771,0.4527951871228668,-0.1164393623573701,1.8433033642214542,6.0,135.0,0.6666666666666666,0.04744022717603331,0.020527928444758987,301.91540567622127,-0.2297053474471087,0.4892913885103991,-0.13823939725321072,2.4561236810771083,4.0,48.0,52.0,37.0,36.0,44.0,18.0,True,False,False,False
time_1400_1429__open_eq2__speed_any__amount_ge2,SPEED_FREE,14:00~14:29回封；第2次炸板后的回封；回封速度不限；信号前成交额至少前日2倍,"open_times_at_signal,signal_cumulative_amount_vs_prev_day,signal_hhmm",True,2b26c721ca5725a869f5584d7746a3e0bd4e5488,539,274,222,52,0,116,0.41379310344827586,0.0030872832445214622,-0.012207563857724701,1.1398389759395542,-0.28707618389341616,0.2877539667175889,-0.1488664838733775,1.6279479205608554,7,59,1.2710318970622054,57,0.8967823534359102,1,True,118.0,0.423728813559322,0.002791599051784146,-0.010944866828995602,1.1185697421040868,-0.28707618389341616,0.2877539667175889,-0.1488664838733775,1.5493061314792294,7.0,142.0,0.4647887323943662,0.011361451455964743,-0.00442382078398585,3.3322426139278263,-0.34931842802694935,0.3687231660523884,-0.17629142067722955,1.791048837697521,6.0,271.0,18.0,89.0,23.0,23.0,7.0,False,False,False,False
time_before_1400__open_any__speed_6_10__seal_rate_40_60,OPEN_COUNT_FREE,14:00前回封；炸板/回封次数不限；最后炸板后6~10分钟回封；信号时全市场首板封住率40%~60%,"last_break_to_signal_minutes,market_seal_rate,signal_hhmm",True,08f179b6587c607a24fd0b46914134eb6f9a052f,179,70,55,15,0,43,0.46511627906976744,0.0044999469827393754,-0.0055981435278917,1.1393011893648224,-0.2395805529944104,0.2566166619278637,-0.0920204424301309,1.468431231258949,5,21,1.217942692574578,22,0.9354308674051667,1,True,68.0,0.47058823529411764,0.012486600791632864,-0.0056059090531973,1.9573395132486422,-0.2647774635120017,0.4527951871228668,-0.0920204424301309,1.970593024734072,5.0,136.0,0.6323529411764706,0.03874138628768251,0.018851903186904988,109.44667421619714,-0.2297053474471087,0.4527951871228668,-0.13823939725321072,2.306329304184642,6.0,70.0,49.0,44.0,36.0,41.0,15.0,False,False,False,False
time_any__open_any__speed_any__amount_ge1_5__seal_rate_40_60,PURE_QUALITY_PAIR_ALL_TIME_AND_OPEN_COUNT,回封时间不限；炸板/回封次数不限；回封速度不限；信号前成交额至少前日1.5倍；信号时全市场首板封住率40%~60%,"market_seal_rate,signal_cumulative_amount_vs_prev_day",True,980da9a31d1c4b34f618b4d77c6ae9a639617ba5,2118,145,109,36,0,76,0.4605263157894737,0.002772795617346868,-0.0038479991716641503,1.139165475153819,-0.2593903248225452,0.13734985719,-0.0746501939170258,1.3659882680058018,5,39,1.0494135945554537,37,1.0855257460585743,1,True,87.0,0.42528735632183906,0.0024002867297434967,-0.0055968622926598,1.1163629962071275,-0.3253180357689448,0.1382973329857442,-0.0693707062714285,1.5338911374985735,5.0,140.0,0.5857142857142857,0.02972551679540549,0.011011959416861401,38.006383814135994,-0.35877588406070693,0.3687231660523884,-0.17629142067722955,2.0396622701562506,7.0,144.0,43.0,52.0,32.0,40.0,16.0,False,False,False,False
time_any__open_eq2__speed_le1__seal_rate_40_60,TIME_FREE,回封时间不限；第2次炸板后的回封；最后炸板后1分钟内回封；信号时全市场首板封住率40%~60%,"last_break_to_signal_minutes,market_seal_rate,open_times_at_signal",True,20f5d4a7dfe680ef799cb926456be0536d5ae5c3,180,66,53,13,0,41,0.43902439024390244,0.006091229068717722,-0.0079086054652174,1.1381027906770491,-0.2998052911229667,0.2882668010828573,-0.1527802601283696,1.5782841766360483,4,20,1.1311724953938733,21,1.0061266476257125,1,True,63.0,0.4603174603174603,0.011479721214574782,-0.0079086054652174,1.6426495195393955,-0.28867173018310965,0.4527951871228668,-0.1527802601283696,1.7419031050766114,5.0,135.0,0.6148148148148148,0.0352694890972908,0.01838722394693575,65.53248099640015,-0.23647231262120538,0.4527951871228668,-0.1527802601283696,2.0113965709796298,4.0,66.0,48.0,44.0,34.0,40.0,17.0,False,False,False,False
time_any__open_eq4__speed_2_5__duration_61_120,TIME_FREE,回封时间不限；第4次炸板后的回封；最后炸板后2~5分钟回封；首封后61~120分钟形成回封,"first_to_signal_minutes,last_break_to_signal_minutes,open_times_at_signal",True,312fe3113ac9b7fa02f99b1596c81b32e9b5219e,292,180,147,33,0,89,0.38202247191011235,0.0034959999810697156,-0.0092138796670872,1.1374191992155736,-0.499329977954161,0.2971055310979901,-0.1311553934155689,1.8748601139524703,6,42,0.975631770460234,47,1.1658283726031384,1,True,96.0,0.3854166666666667,0.00035847098156324117,-0.00950091706095935,0.8950080315203789,-0.5157736503372233,0.1389246203090253,-0.1311553934155689,1.6212435364581108,7.0,134.0,0.5223880597014925,0.02213363901004393,0.004615698194277126,12.594641676503786,-0.22129420118013965,0.4892913885103991,-0.1311553934155689,2.1580801317478184,6.0,177.0,26.0,71.0,24.0,32.0,7.0,False,False,False,False
time_1400_1429__open_eq3__speed_any__ever_20_60,SPEED_FREE,14:00~14:29回封；第3次炸板后的回封；回封速度不限；信号时全市场已有20~60只首板触板,"market_ever_sealed_count,open_times_at_signal,signal_hhmm",True,0e47a6470dd10f5fa338169f695309c78c21d7fd,188,123,106,17,0,64,0.4375,0.004419674445579766,-0.01399712734136945,1.1362687452841573,-0.394119458509382,0.2397254494319167,-0.1569867550068164,1.5166505716978274,7,34,0.8570716297763153,30,1.325757038044427,1,True,91.0,0.4945054945054945,0.014245042033204723,-0.0005626172596446,2.7468022998218733,-0.4353035490489049,0.4527951871228668,-0.1569867550068164,1.6958808157636036,7.0,144.0,0.5972222222222222,0.028530377393728552,0.01162142850096361,35.612320089680324,-0.2545527126686449,0.4527951871228668,-0.13823939725321072,1.8291420802788876,7.0,123.0,52.0,60.0,33.0,34.0,17.0,True,False,False,False
time_before_1400__open_any__speed_any__duration_61_120,OPEN_COUNT_FREE+SPEED_FREE,14:00前回封；炸板/回封次数不限；回封速度不限；首封后61~120分钟形成回封,"first_to_signal_minutes,signal_hhmm",True,6aa834055992579d104e276fd00fc8039b603b75,4549,464,363,101,0,139,0.4892086330935252,0.0031711976078656174,-0.0013986654,1.1350675536876995,-0.6777694393777427,0.1382248145666667,-0.189337554306236,1.1790487432199113,7,73,1.7986255223053398,66,0.6310749734235156,2,True,139.0,0.4892086330935252,0.0031711976078656174,-0.0013986654,1.1350675536876995,-0.6777694393777427,0.1382248145666667,-0.189337554306236,1.1790487432199113,7.0,153.0,0.5032679738562091,0.012032868404827927,0.000656089951579,3.8754928029199167,-0.3713210590897488,0.3721270239550671,-0.189337554306236,1.516496532634836,6.0,464.0,1.0,114.0,13.0,19.0,7.0,False,False,False,False
time_any__open_eq1__speed_le2__duration_61_120,TIME_FREE,回封时间不限；第1次炸板后的回封；最后炸板后2分钟内回封；首封后61~120分钟形成回封,"first_to_signal_minutes,last_break_to_signal_minutes,open_times_at_signal",True,f87a52c7da8870fdf696539e3160da0fc5063538,255,178,120,58,0,81,0.3950617283950617,0.0036177037433584723,-0.0106429020875584,1.1346904063922747,-0.2559806410612566,0.2067405721796704,-0.1293439406034072,1.77742437413938,8,41,1.0607313486378056,40,1.0697245894065899,1,True,89.0,0.4044943820224719,0.0029719565879769527,-0.0106429020875584,1.1105502567094585,-0.42682309839619914,0.1382973329857442,-0.1293439406034072,1.6733949480751935,9.0,137.0,0.5328467153284672,0.02670353537082125,0.0066278437496161925,21.940335042094382,-0.3497161560614419,0.4892913885103991,-0.14417251000998996,2.068016811674017,7.0,175.0,27.0,61.0,32.0,32.0,12.0,False,False,False,False
time_any__open_eq2__speed_6_10__amount_ge1,TIME_FREE,回封时间不限；第2次炸板后的回封；最后炸板后6~10分钟回封；信号前成交额至少前日1倍,"last_break_to_signal_minutes,open_times_at_signal,signal_cumulative_amount_vs_prev_day",True,3189249b66a1a392f2127aecba957f1178a1419b,631,304,226,78,0,118,0.423728813559322,0.0035278134505702836,-0.0106398965804496,1.1342322228007928,-0.605616205475945,0.3721270239550671,-0.1604044205087896,1.5681741999815801,6,57,1.8587942461979374,61,0.6101978339565033,1,True,123.0,0.4065040650406504,-8.106908677407304e-06,-0.01232480805,0.7371692480236127,-0.7212826694633725,0.3721270239550671,-0.1604044205087896,1.4595271241724803,6.0,147.0,0.5238095238095238,0.02009755239172782,0.0037791898418863,11.936967614988538,-0.34499542821951035,0.3721270239550671,-0.1604044205087896,1.8557894718968415,5.0,300.0,8.0,88.0,23.0,26.0,10.0,False,False,False,False
time_any__open_eq3__speed_2_5__pre_low_ge0,TIME_FREE,回封时间不限；第3次炸板后的回封；最后炸板后2~5分钟回封；信号前最低价不低于昨收,"last_break_to_signal_minutes,open_times_at_signal,pre_signal_min_return",True,59cc289ef5b71ea8744d13cab705c0e31abb3d77,897,295,259,36,0,125,0.472,0.003156606624238958,-0.0022211447191011,1.134080415253163,-0.30549721575816824,0.2858048076223851,-0.1493043017448623,1.2846023287595596,10,60,1.0651295942758263,65,1.0647346776841886,1,True,127.0,0.5118110236220472,0.006319211624437843,0.0007557032546763,1.7171876400568846,-0.250175512762259,0.2858048076223851,-0.1493043017448623,1.2716251056508645,10.0,150.0,0.52,0.01123821810485443,0.00468191927604935,3.9542816414778224,-0.2483534689767528,0.2858048076223851,-0.14417251000998996,1.4956763975782394,11.0,295.0,9.0,107.0,18.0,22.0,3.0,False,False,False,False
time_0930_1000__open_any__speed_ge11__break_close_le1,OPEN_COUNT_FREE,09:30~10:00回封；炸板/回封次数不限；最后炸板11分钟后回封；最后炸板分钟收盘回落不超1%,"last_break_close_depth_pct,last_break_to_signal_minutes,signal_hhmm",True,0f9e84cb2be09df715f0f8570e704d09691133ce,112,68,54,14,0,44,0.4318181818181818,0.004893908548789258,-0.0025893933037738,1.1326907504158568,-0.23469355874412523,0.3082331866285716,-0.0972812192619718,1.648323558111633,6,18,1.1648609446186975,26,0.9723828029848057,1,True,68.0,0.5147058823529411,0.011455508758524387,0.0027450802632114496,1.929386876431493,-0.1700876714364573,0.3082331866285716,-0.0972812192619718,1.624941916255711,5.0,131.0,0.5801526717557252,0.027720886304647845,0.01295605106490824,24.20595143196687,-0.22970534744710847,0.25794581579670345,-0.14417251000998996,1.9081854833359393,5.0,68.0,43.0,43.0,35.0,40.0,13.0,False,False,False,False
time_1400_1429__open_ge2__speed_any__seal_rate_ge60,SPEED_FREE,14:00~14:29回封；第2次及以后炸板后的回封；回封速度不限；信号时全市场首板封住率至少60%,"market_seal_rate,open_times_at_signal,signal_hhmm",True,0c8cd6fa3abaa9206d63f10260e8a77cf22f44df,3796,415,348,67,0,139,0.45323741007194246,0.002737322171035082,-0.0072821321548,1.1304749604682087,-0.5100778881218342,0.2877539667175889,-0.1604044205087896,1.3639272660660542,7,68,0.9435505053271052,71,1.198107524807378,1,True,140.0,0.45,0.004629661812652058,-0.007682168010878249,1.443391694870914,-0.4739131340654591,0.2884775816944691,-0.1604044205087896,1.499144806507257,7.0,150.0,0.5133333333333333,0.012583221896380387,0.0012943044367557,4.872241967504258,-0.29248317166303994,0.2877539667175889,-0.1604044205087896,1.618699964212832,5.0,415.0,2.0,125.0,15.0,9.0,1.0,False,False,False,False
time_1400_1429__open_any__speed_any__ever_40_150,OPEN_COUNT_FREE+SPEED_FREE,14:00~14:29回封；炸板/回封次数不限；回封速度不限；信号时全市场已有40~150只首板触板,"market_ever_sealed_count,signal_hhmm",True,90f1e5cec1d99a53fb5d5f45789353799b45481b,4160,414,343,71,0,139,0.4748201438848921,0.00276564569705683,-0.004550846905263,1.129987717891291,-0.4919732314508082,0.2858048076223851,-0.1604044205087896,1.2524212913926673,5,65,0.9204028066071408,74,1.227709987170441,1,True,139.0,0.4748201438848921,0.00276564569705683,-0.004550846905263,1.129987717891291,-0.4919732314508082,0.2858048076223851,-0.1604044205087896,1.2524212913926673,5.0,146.0,0.4726027397260274,0.008853687955304387,-0.00475531273263145,2.5047691585718654,-0.4412773349698397,0.4892913885103991,-0.1604044205087896,1.6107513974219285,6.0,414.0,1.0,123.0,13.0,9.0,1.0,False,False,False,False
time_1300_1454__open_any__speed_6_10__seal_rate_40_60,OPEN_COUNT_FREE,13:00~14:54回封；炸板/回封次数不限；最后炸板后6~10分钟回封；信号时全市场首板封住率40%~60%,"last_break_to_signal_minutes,market_seal_rate,signal_hhmm",True,ccce23e5efc9a712f73b87f9f67eb06ccde8e859,226,71,58,13,0,41,0.4878048780487805,0.0041489593031611306,-0.0031078765304121,1.1277749611981724,-0.30289440763454734,0.1369239803572005,-0.0848071231750459,1.3049685233474724,5,25,1.4184077220314553,16,0.7950992818785306,1,True,63.0,0.4603174603174603,0.009735760181279902,-0.0055981435278917,1.568836272107513,-0.4906494167091472,0.4527951871228668,-0.0848071231750459,1.7780528046764663,8.0,136.0,0.6544117647058824,0.03967852190431243,0.018851903186904988,125.32243720847885,-0.2297053474471087,0.4527951871228668,-0.13823939725321072,2.1908366138729534,4.0,70.0,49.0,40.0,36.0,43.0,17.0,False,False,False,False
time_1400_1454__open_any__speed_6_10__amount_ge2,OPEN_COUNT_FREE,14:00~14:54回封；炸板/回封次数不限；最后炸板后6~10分钟回封；信号前成交额至少前日2倍,"last_break_to_signal_minutes,signal_cumulative_amount_vs_prev_day,signal_hhmm",True,55c19e762364a653a897a83f8501dc98c9075cf3,514,228,179,49,0,102,0.39215686274509803,0.00323757219731268,-0.0050220322363877,1.1265619645170015,-0.36236606842176167,0.2877539667175889,-0.1287678127560001,1.7864759050467809,6,54,1.2329668971585042,48,0.9137000896887626,1,True,112.0,0.38392857142857145,-0.0011297202274269005,-0.00524732142964105,0.738218099362829,-0.5367500688436755,0.2877539667175889,-0.1287678127560001,1.5179365665959097,7.0,143.0,0.4825174825174825,0.013732317309986012,-0.002004038720927356,4.61830119290935,-0.5217574985197272,0.3687231660523884,-0.17629142067722955,1.8035855468164306,5.0,221.0,32.0,80.0,30.0,23.0,10.0,False,False,False,False
time_1400_1429__open_any__speed_6_10__seal_rate_ge70,OPEN_COUNT_FREE,14:00~14:29回封；炸板/回封次数不限；最后炸板后6~10分钟回封；信号时全市场首板封住率至少70%,"last_break_to_signal_minutes,market_seal_rate,signal_hhmm",True,adc0860ecc27eac6e3020c57d98494c2aea3d2e0,314,163,132,31,0,90,0.43333333333333335,0.0025069188971428755,-0.00491694112297365,1.1261163662015021,-0.29314317998061024,0.1511065042771623,-0.1098246868368515,1.4919450528060245,10,43,0.8894176711473065,47,1.2661277178683281,1,True,98.0,0.45918367346938777,0.006403354545108138,-0.0038835884190902,1.637807646108853,-0.2654952575818965,0.1511065042771623,-0.1098246868368515,1.6136371187369891,10.0,137.0,0.5985401459854015,0.034312554768940705,0.0154683540099398,65.6441601786384,-0.22970534744710858,0.4892913885103991,-0.13823939725321072,2.383249094624112,6.0,159.0,28.0,59.0,37.0,30.0,11.0,False,False,False,False
time_any__open_eq2__speed_le1__duration_31_60,TIME_FREE,回封时间不限；第2次炸板后的回封；最后炸板后1分钟内回封；首封后31~60分钟形成回封,"first_to_signal_minutes,last_break_to_signal_minutes,open_times_at_signal",True,b3990704643944a88bf379b39700db8f260ea09d,425,242,205,37,0,106,0.4339622641509434,0.0031438689077636496,-0.004061822699407049,1.1249196541835638,-0.4446306576456337,0.137223624770882,-0.1792189802694261,1.4893491433612915,7,51,0.7920720991044228,55,1.420223809745962,1,True,111.0,0.43243243243243246,0.0013236933533232235,-0.0041210039727272,0.9081419130849817,-0.6081439589770737,0.1382973329857442,-0.1923385811861804,1.3860101067777177,6.0,142.0,0.5070422535211268,0.015974682872409888,0.0004306490534369973,5.3651218243612675,-0.5624844331994163,0.4892913885103991,-0.1792189802694261,1.6216866354428523,6.0,242.0,11.0,78.0,22.0,31.0,11.0,False,False,False,False
time_any__open_any__speed_6_10__duration_ge121,TIME_FREE+OPEN_COUNT_FREE,回封时间不限；炸板/回封次数不限；最后炸板后6~10分钟回封；首封121分钟后形成回封,"first_to_signal_minutes,last_break_to_signal_minutes",True,68b4cd0672d1e2a8548b4ed83620a1b43f19478c,519,233,191,42,0,98,0.47959183673469385,0.0030292300726594487,-0.0026607457344827,1.1248821215374736,-0.4412758432157404,0.1813358274087592,-0.1098246868368515,1.23663321935286,5,51,1.3495601727404123,47,0.8335175742874,2,True,103.0,0.47572815533980584,0.005986043013904744,-0.0050118606537476,1.5340833590758134,-0.39250973514310017,0.1813358274087592,-0.1098246868368515,1.4232315520097047,6.0,144.0,0.5555555555555556,0.022487273488990364,0.0085712171141209,16.967080528198515,-0.28280608346812386,0.3687231660523884,-0.11849477438811166,1.8793535114122213,7.0,226.0,28.0,80.0,28.0,30.0,6.0,False,False,False,False
time_any__open_eq4__speed_2_5__pre_low_ge0,TIME_FREE,回封时间不限；第4次炸板后的回封；最后炸板后2~5分钟回封；信号前最低价不低于昨收,"last_break_to_signal_minutes,open_times_at_signal,pre_signal_min_return",True,3785b227df836d6e3f9ff80a23759a2a294311d8,623,242,214,28,0,113,0.48672566371681414,0.002764898515924744,-0.0019747461402937,1.123974939058986,-0.4841873232497834,0.1371485053957081,-0.1197378340567651,1.1938475578285639,8,55,0.8499879012387932,58,1.322342279720543,1,True,118.0,0.5,0.0048902638666789705,-0.0006948129057692072,1.4547722445385465,-0.48095867714648954,0.1371485053957081,-0.1192656039362559,1.2455843678770047,8.0,144.0,0.5277777777777778,0.01453942228015171,0.0015099397009703346,5.652545358149698,-0.4008864311979463,0.3687231660523884,-0.1197378340567651,1.6079145760295184,6.0,242.0,17.0,93.0,23.0,23.0,5.0,False,False,False,False
time_any__open_any__speed_6_10__amount_ge2,TIME_FREE+OPEN_COUNT_FREE,回封时间不限；炸板/回封次数不限；最后炸板后6~10分钟回封；信号前成交额至少前日2倍,"last_break_to_signal_minutes,signal_cumulative_amount_vs_prev_day",True,8db3879b0b4112ea43df2dba023e986b2c6b97bb,1442,410,284,126,0,128,0.3984375,0.0029767023102169293,-0.01075871931887665,1.1236113936630543,-0.4129035506189854,0.2877539667175889,-0.1216891172491525,1.7113285587016602,7,64,1.0612162135876428,64,1.0587959166817398,1,True,128.0,0.3984375,0.0029767023102169293,-0.01075871931887665,1.1236113936630543,-0.4129035506189854,0.2877539667175889,-0.1216891172491525,1.7113285587016602,7.0,146.0,0.4246575342465753,0.004911032277457582,-0.0075302180519793,1.444256746323247,-0.40515753475452476,0.2877539667175889,-0.14417251000998996,1.6462110115572908,7.0,410.0,3.0,106.0,12.0,19.0,9.0,False,False,False,False
time_1400_1429__open_3_5__speed_any__recent5_ge5pct,SPEED_FREE,14:00~14:29回封；第3~5次炸板后的回封；回封速度不限；回封前5分钟成交额至少前日5%,"open_times_at_signal,signal_hhmm,signal_recent_5m_amount_vs_prev_day",True,c0260268f3836d0ae0639132d5122d70162b449e,947,298,254,44,0,123,0.43089430894308944,0.002678168304690977,-0.0067596540179023,1.1211165511203218,-0.5184639840517546,0.2971055310979901,-0.1569867550068164,1.505212579534896,8,61,0.8265753491469537,62,1.356339204014906,1,True,126.0,0.42857142857142855,0.004095303863069247,-0.00702979632723685,1.3402018801648732,-0.4496221123132321,0.2971055310979901,-0.1569867550068164,1.6254164899180366,8.0,145.0,0.503448275862069,0.015730981428723388,0.0006711370188135,6.798624076302827,-0.3637613315809579,0.2971055310979901,-0.1569867550068164,1.8683920868752677,10.0,295.0,13.0,101.0,19.0,16.0,9.0,False,False,False,False
time_any__open_eq4__speed_le1__pre_low_ge0,TIME_FREE,回封时间不限；第4次炸板后的回封；最后炸板后1分钟内回封；信号前最低价不低于昨收,"last_break_to_signal_minutes,open_times_at_signal,pre_signal_min_return",True,3af35a7f8ffae5e5137f216b78866f6ade7dca73,745,257,220,37,0,117,0.452991452991453,0.0036990682945177507,-0.0062535359571112,1.1180534972066116,-0.5547986970040963,0.3339820061776503,-0.1604044205087896,1.3790796768792757,6,58,1.0566689629137112,59,1.0580924929635827,1,True,118.0,0.4406779661016949,0.003310791950982213,-0.0070324088947894495,1.0751425004304231,-0.5405401455650979,0.3339820061776503,-0.1604044205087896,1.4314035530032183,8.0,147.0,0.54421768707483,0.020144932934372407,0.005453001507974747,11.65907203928953,-0.26728491906084106,0.3339820061776503,-0.1604044205087896,1.6699001319622484,5.0,257.0,13.0,83.0,27.0,28.0,9.0,False,False,False,False
time_before_1400__open_eq4__speed_any__seal_rate_40_60,SPEED_FREE,14:00前回封；第4次炸板后的回封；回封速度不限；信号时全市场首板封住率40%~60%,"market_seal_rate,open_times_at_signal,signal_hhmm",True,3e7fdefa66f5857cb4aa05c0fa6d408178279e69,156,53,44,9,0,37,0.5135135135135135,0.0049750985431674406,0.0046593202055172,1.117765225997802,-0.3500660019296895,0.1372973208315789,-0.1186095371999999,1.1501378729681884,4,17,0.7230687580343357,20,1.5458629813248315,2,True,62.0,0.5161290322580645,0.014185756337071188,0.0074472136623635506,2.0098560133651353,-0.27175520876370174,0.4527951871228668,-0.0965162086203549,1.5808768611434219,4.0,134.0,0.6492537313432836,0.044659372959625444,0.020508964637884326,198.85830777119423,-0.22970534744710847,0.4892913885103991,-0.13823939725321072,2.3057237199221907,7.0,53.0,49.0,42.0,34.0,42.0,16.0,False,False,False,False
time_1300_1359__open_3_5__speed_ge11,STRUCTURAL_GRID,13:00~13:59回封；第3~5次炸板后的回封；最后炸板11分钟后回封,"last_break_to_signal_minutes,open_times_at_signal,signal_hhmm",True,d4ac487767f365ea2283bf189b4a74660e011ad7,389,208,179,29,0,98,0.4387755102040816,0.0028471099981040525,-0.00699790608327905,1.1172102783775262,-0.5511583580465307,0.1813358274087592,-0.1075199501545683,1.4509444890200465,7,51,1.3130603044669615,47,0.8508446067380421,1,True,102.0,0.45098039215686275,0.0011826167241067462,-0.00699790608327905,0.946313298196384,-0.5511583580465307,0.1813358274087592,-0.1197378340567651,1.2814603051297433,7.0,142.0,0.5,0.018071087994559844,-0.0001829223688525863,8.29376100786651,-0.3026991465897211,0.3687231660523884,-0.13823939725321072,1.9100774561040534,6.0,208.0,19.0,81.0,28.0,25.0,8.0,False,False,False,False
time_0930_1000__open_eq4__speed_any__duration_16_30,SPEED_FREE,09:30~10:00回封；第4次炸板后的回封；回封速度不限；首封后16~30分钟形成回封,"first_to_signal_minutes,open_times_at_signal,signal_hhmm",True,9df61de3b12923e2f13423ded14df69702d24ff3,46,28,24,4,0,20,0.5,0.006870102151556595,-0.00208461849943285,1.1171760056829827,-0.10812754957101645,0.115958120577051,-0.0677056228881947,1.4056919637246323,3,8,1.0822838723626453,12,1.032239354397998,1,True,51.0,0.5294117647058824,0.020092274362380484,0.004553404278500835,2.373746187731003,-0.24496024330066601,0.4527951871228668,-0.07417800648559235,1.9290495575336941,3.0,133.0,0.6390977443609023,0.04316333974329897,0.02150756108281972,162.90342334855214,-0.22970534744710858,0.4892913885103991,-0.13823939725321072,2.412329128155879,5.0,28.0,51.0,30.0,41.0,45.0,17.0,True,False,False,False
time_1400_1429__open_2_3__speed_any__seal_rate_40_60,SPEED_FREE,14:00~14:29回封；第2~3次炸板后的回封；回封速度不限；信号时全市场首板封住率40%~60%,"market_seal_rate,open_times_at_signal,signal_hhmm",True,630132f61abdd0699501b5ac9711cda4f540ecf2,218,59,52,7,0,40,0.55,0.004051489497240063,0.00569185485604075,1.115900144528232,-0.17483759700524315,0.1199603225526315,-0.109385915162897,0.9985159443204262,3,23,1.0452262456201875,17,1.0676158862295984,1,True,63.0,0.5396825396825397,0.015545121095133096,0.0062916762490272,2.250278570955942,-0.2728363351511883,0.4527951871228668,-0.0801689401891305,1.6313957996385977,4.0,138.0,0.6739130434782609,0.04123398307266907,0.019802236073593688,162.2562236787104,-0.22970534744710858,0.4527951871228668,-0.13823939725321072,2.072404570416778,4.0,59.0,50.0,38.0,41.0,42.0,17.0,True,False,False,False
time_0930_1000__open_any__speed_ge11__break_close_le0_5,OPEN_COUNT_FREE,09:30~10:00回封；炸板/回封次数不限；最后炸板11分钟后回封；最后炸板分钟收盘回落不超0.5%,"last_break_close_depth_pct,last_break_to_signal_minutes,signal_hhmm",True,6dd47c343a149c91c78d2e220bbf6d083172215c,67,38,34,4,0,32,0.4375,0.005553912666463705,-0.0025893933037738,1.1155984601396376,-0.12747742039452103,0.3082331866285716,-0.0808694268976178,1.673112597986071,3,13,1.1662486685126214,19,0.9565699753916282,1,True,58.0,0.5344827586206896,0.011741597193766983,0.0037175582098436673,1.7679624069778705,-0.1884564592683453,0.3082331866285716,-0.0808694268976178,1.4973607235340867,3.0,130.0,0.6307692307692307,0.03751803286897125,0.01983517167087994,76.80559549837677,-0.22970534744710858,0.4892913885103991,-0.13823939725321072,2.143447834128275,5.0,38.0,48.0,34.0,37.0,44.0,15.0,False,False,False,False
time_any__open_eq4__speed_le5__amount_ge2,TIME_FREE,回封时间不限；第4次炸板后的回封；最后炸板后5分钟内回封；信号前成交额至少前日2倍,"last_break_to_signal_minutes,open_times_at_signal,signal_cumulative_amount_vs_prev_day",True,bebad1fe3806f6c122008c3df11bc254cec6baf4,963,344,292,52,0,133,0.40601503759398494,0.0029394668889972547,-0.0080599994202226,1.1143811775472117,-0.6222835291286091,0.2858048076223851,-0.1604044205087896,1.6618241006328662,8,67,0.4821656464647733,66,2.311199866099601,1,True,135.0,0.42962962962962964,0.006319308927062359,-0.0046817514528238,1.7244532456328434,-0.5565016424164828,0.3339820061776503,-0.1604044205087896,1.7393746872480895,8.0,150.0,0.4666666666666667,0.01029107204516175,-0.002191835588894978,3.163795854028189,-0.4735433507424426,0.3339820061776503,-0.1604044205087896,1.726776054743623,8.0,339.0,14.0,110.0,14.0,17.0,9.0,False,False,False,False
time_1300_1454__open_eq2__speed_any__break_rate_le50,SPEED_FREE,13:00~14:54回封；第2次炸板后的回封；回封速度不限；信号时累计炸板事件率不超50%,"market_break_event_rate,open_times_at_signal,signal_hhmm",True,51caaae0afdf51e3c2ba49b479cf7bfd351a4071,141,69,56,13,0,47,0.48936170212765956,0.0041684136222551425,-0.0043614932459362,1.1135480790250238,-0.26269993729978525,0.1585663049947058,-0.1293101803360104,1.2468238527889632,8,22,0.9229263285687611,25,1.206540592196423,1,True,68.0,0.5294117647058824,0.01154293354838711,0.004158897396146968,1.8220663914396698,-0.2885827643096238,0.4527951871228668,-0.1293101803360104,1.4283204750375778,7.0,136.0,0.6691176470588235,0.043905495454488574,0.024285743101765622,200.5052114497302,-0.20569199872479293,0.4892913885103991,-0.13823939725321072,2.1069154268975856,6.0,69.0,42.0,40.0,40.0,43.0,13.0,False,False,False,False
time_1001_1359__open_eq1__speed_any__ever_40_100,SPEED_FREE,10:01~13:59回封；第1次炸板后的回封；回封速度不限；信号时全市场已有40~100只首板触板,"market_ever_sealed_count,open_times_at_signal,signal_hhmm",True,889be5cdc852e2138ce886c763487409a50e72d4,4443,408,300,108,0,130,0.47692307692307695,0.002770096841803417,-0.00422351518470985,1.1134876647344136,-0.3448776903959927,0.2877539667175889,-0.1223049402677456,1.2324609007123117,5,61,1.0130903883955558,69,1.0991000186053073,2,True,130.0,0.47692307692307695,0.002770096841803417,-0.00422351518470985,1.1134876647344136,-0.3448776903959927,0.2877539667175889,-0.1223049402677456,1.2324609007123117,5.0,146.0,0.5,0.012579201296749084,0.00021389971685344038,4.165335961507119,-0.33291601888858435,0.4892913885103991,-0.10289842300991688,1.6332272421262175,8.0,408.0,0.0,112.0,15.0,11.0,8.0,False,False,False,False
time_any__open_ge5__speed_le5__duration_16_30,TIME_FREE,回封时间不限；第5次及以后炸板后的回封；最后炸板后5分钟内回封；首封后16~30分钟形成回封,"first_to_signal_minutes,last_break_to_signal_minutes,open_times_at_signal",True,39b66c6c876b4b8a522c0ac1e69aa781af99e4f1,378,85,72,13,0,54,0.5,0.0032816535173431577,-0.00018574749715115,1.1132484301318906,-0.34666358477347314,0.137297320831579,-0.1192656039362559,1.1721104286867656,6,24,0.8489862425953428,30,1.3112679267083294,1,True,71.0,0.5070422535211268,0.012583353868258791,0.0010271704056976,1.9760851883125015,-0.42682052733001474,0.4527951871228668,-0.1192656039362559,1.581711564375281,6.0,133.0,0.6390977443609023,0.039699549202758345,0.019180342510750216,105.06346400573845,-0.18357358406638558,0.4892913885103991,-0.11849477438811166,2.1566422551192233,5.0,85.0,41.0,41.0,38.0,38.0,16.0,False,False,False,False
time_before_1400__open_any__speed_ge11__duration_16_30,OPEN_COUNT_FREE,14:00前回封；炸板/回封次数不限；最后炸板11分钟后回封；首封后16~30分钟形成回封,"first_to_signal_minutes,last_break_to_signal_minutes,signal_hhmm",True,62040a5df4de81576e0ab76a426d94ae05d51da8,1106,385,271,114,0,124,0.47580645161290325,0.0034217493094556377,-0.0032173101294503,1.1129780424302695,-0.44257523161618195,0.3082331866285716,-0.2119613369912833,1.251018452223235,7,59,1.1443227431172602,65,0.9726085137470895,1,True,126.0,0.47619047619047616,0.00454909230545718,-0.0032173101294503,1.2935606258733274,-0.3785362440967154,0.3082331866285716,-0.2119613369912833,1.3061930952126901,5.0,149.0,0.5167785234899329,0.015304075945405808,0.0004571259650704,6.010345261228413,-0.33448511274096615,0.3687231660523884,-0.2119613369912833,1.5731764190042674,4.0,385.0,2.0,94.0,19.0,26.0,10.0,False,False,False,False
time_1300_1359__open_eq3__speed_any__break_close_le0_5,SPEED_FREE,13:00~13:59回封；第3次炸板后的回封；回封速度不限；最后炸板分钟收盘回落不超0.5%,"last_break_close_depth_pct,open_times_at_signal,signal_hhmm",True,7c15facacae3181e720dc0efd82f2eaee16f34eb,1191,344,289,55,0,130,0.46153846153846156,0.0029937118546805542,-0.00568648788154575,1.1118121976083217,-0.5276047587896271,0.3721270239550671,-0.1595638622725343,1.3197156286378495,6,60,0.9704762948841031,70,1.1456356053921921,1,True,130.0,0.47692307692307695,0.004827975803320451,-0.0044934925728094995,1.4221202190788649,-0.49427970271792,0.3721270239550671,-0.1197378340567651,1.3397139279302392,6.0,145.0,0.496551724137931,0.012958692349236595,-0.0013986654,3.9747715009449918,-0.45952112569029413,0.4892913885103991,-0.14417251000998996,1.6058844369181995,8.0,344.0,4.0,109.0,15.0,16.0,5.0,False,False,False,False
time_1300_1454__open_eq3__speed_le2,STRUCTURAL_GRID,13:00~14:54回封；第3次炸板后的回封；最后炸板后2分钟内回封,"last_break_to_signal_minutes,open_times_at_signal,signal_hhmm",True,60d3cd0e87d160a67912bb0268fd2dc8a4b38e38,1657,395,328,67,0,135,0.4222222222222222,0.0021949413806641557,-0.0072821321548,1.1116981214608381,-0.37965410870001903,0.1865259303471385,-0.1111996544999999,1.5204987711740112,7,66,1.099486485411851,69,1.011106672261107,1,True,135.0,0.4222222222222222,0.0021949413806641557,-0.0072821321548,1.1116981214608381,-0.37965410870001903,0.1865259303471385,-0.1111996544999999,1.5204987711740112,7.0,147.0,0.4965986394557823,0.010588764656724321,-0.0005626172596446,3.4868077769221104,-0.3832207634949434,0.25794581579670345,-0.14417251000998996,1.5843169899742309,5.0,395.0,1.0,114.0,13.0,16.0,4.0,False,False,False,False
time_any__open_eq2__speed_le5__growth_board,TIME_FREE,回封时间不限；第2次炸板后的回封；最后炸板后5分钟内回封；仅创业板或科创板,"last_break_to_signal_minutes,market_segment,open_times_at_signal",True,f36eec4786b53278aac6bf4afc8275b650a239e3,752,293,221,72,0,112,0.44642857142857145,0.004446747186151095,-0.00975661224852585,1.1111308117510783,-0.5349053936986611,0.2888703665893359,-0.2040006245101206,1.4390810990143097,6,52,1.0436954239798837,60,1.064612133216074,1,True,115.0,0.41739130434782606,0.006370863886775946,-0.0111407124920517,1.354068981716808,-0.49405709645043716,0.4527951871228668,-0.2040006245101206,1.7346179347688726,6.0,143.0,0.5244755244755245,0.026527437352280785,0.002530025612004416,22.830502268238074,-0.35657016885308346,0.4527951871228668,-0.14417251000998996,1.9933851129878264,6.0,290.0,14.0,96.0,18.0,17.0,12.0,False,False,False,False
time_any__open_eq1__speed_2_5__duration_ge121,TIME_FREE,回封时间不限；第1次炸板后的回封；最后炸板后2~5分钟回封；首封121分钟后形成回封,"first_to_signal_minutes,last_break_to_signal_minutes,open_times_at_signal",True,c707e83d9a73bb836348023a851e4d13bebb9964,107,86,57,29,0,47,0.48936170212765956,0.00431343763357699,-0.0031554812255999,1.111002577419038,-0.46037698910031233,0.2113148545215564,-0.1529823317681416,1.2570687432549066,6,25,1.0165642181577794,22,1.092899550834477,1,True,66.0,0.5,0.012639983175798977,-0.0014580761423265002,1.9154359531517615,-0.5082981519316915,0.4527951871228668,-0.1529823317681416,1.684985072741212,7.0,136.0,0.6397058823529411,0.0417564105694601,0.02086677121148526,146.6787278178395,-0.22970534744710847,0.4892913885103991,-0.14417251000998996,2.1194759320197116,5.0,84.0,43.0,31.0,43.0,44.0,18.0,False,False,False,False
time_1400_1429__open_2_3__speed_any__ever_40_150,SPEED_FREE,14:00~14:29回封；第2~3次炸板后的回封；回封速度不限；信号时全市场已有40~150只首板触板,"market_ever_sealed_count,open_times_at_signal,signal_hhmm",True,ea40da4f71523f034184846fed91e54c3fa305e0,1464,374,310,64,0,131,0.44274809160305345,0.002522953160477475,-0.0076440303609625,1.1103927657504622,-0.6415224547839745,0.2877539667175889,-0.1389379853296101,1.4200698830577656,6,63,1.6397081719849151,68,0.6771892613100172,1,True,131.0,0.44274809160305345,0.002522953160477475,-0.0076440303609625,1.1103927657504622,-0.6415224547839745,0.2877539667175889,-0.1389379853296101,1.4200698830577656,6.0,149.0,0.44966442953020136,0.006927357598378325,-0.0062938178552321,1.787414093596258,-0.47934266955849847,0.4892913885103991,-0.1389379853296101,1.6066739752927146,7.0,374.0,2.0,113.0,18.0,13.0,5.0,False,False,False,False
time_any__open_any__speed_6_10__seal_rate_ge70,TIME_FREE+OPEN_COUNT_FREE,回封时间不限；炸板/回封次数不限；最后炸板后6~10分钟回封；信号时全市场首板封住率至少70%,"last_break_to_signal_minutes,market_seal_rate",True,af37452306cc1a27153254c14b59dc0030c3b1b8,2297,432,304,128,0,132,0.4393939393939394,0.0024315133507510603,-0.0067081082204429,1.1068764142009488,-0.34037312077132054,0.1935590908019999,-0.116943090852923,1.4210839625784117,7,64,1.0805254605011687,68,1.0243871659327284,1,True,133.0,0.45112781954887216,0.0026597808840245897,-0.0066902793325302,1.1434047062898525,-0.3292974894912599,0.1935590908019999,-0.116943090852923,1.3694759111209542,7.0,146.0,0.4794520547945205,0.013424585757933536,-0.00319406575309655,4.611596351321526,-0.39877092297058125,0.3687231660523884,-0.17629142067722955,1.724824542999348,7.0,432.0,1.0,110.0,15.0,10.0,11.0,False,False,False,False
time_any__open_eq3__speed_2_5__amount_ge1_5,TIME_FREE,回封时间不限；第3次炸板后的回封；最后炸板后2~5分钟回封；信号前成交额至少前日1.5倍,"last_break_to_signal_minutes,open_times_at_signal,signal_cumulative_amount_vs_prev_day",True,d588b6ae14fd1a312c4332a934376ac0b0bd7e80,913,338,290,48,0,130,0.45384615384615384,0.0026245222760767333,-0.004855586650236349,1.1054088835872253,-0.5555017070650378,0.2397254494319167,-0.1493043017448623,1.3468764995829,8,68,0.5761545033735337,62,1.9185980099344369,1,True,130.0,0.46923076923076923,0.0036877292377010345,-0.0042727733180863,1.2534274757603623,-0.4509223491554415,0.2397254494319167,-0.1493043017448623,1.3193060203138063,8.0,150.0,0.49333333333333335,0.004127276262265303,-0.0008910325331484,1.408213111566292,-0.44452599679169924,0.25491862088982453,-0.14417251000998996,1.220532155719143,8.0,338.0,7.0,104.0,24.0,18.0,4.0,False,False,False,False
time_1400_1429__open_eq2__speed_le5,STRUCTURAL_GRID,14:00~14:29回封；第2次炸板后的回封；最后炸板后5分钟内回封,"last_break_to_signal_minutes,open_times_at_signal,signal_hhmm",True,d0c10570c2ffc71ed90e3753eaaeaff15d705cb3,724,280,223,57,0,111,0.44144144144144143,0.0025853086921730933,-0.0047372089874999,1.1049174092975975,-0.5648973843319522,0.2877539667175889,-0.109754904643421,1.424586172208614,6,53,1.568759980120454,58,0.7043253418618948,1,True,116.0,0.4396551724137931,0.00045749821074317495,-0.0048525130888289,0.8787076848841869,-0.5696371881835895,0.2877539667175889,-0.109754904643421,1.302460541397907,6.0,140.0,0.4857142857142857,0.016531162135512763,-0.0012355834431092864,6.1185525867376915,-0.37862958886817133,0.4892913885103991,-0.17629142067722955,1.904824544443963,5.0,278.0,15.0,82.0,25.0,26.0,7.0,False,False,False,False
time_1400_1454__open_eq3__speed_any__break_low_le1,SPEED_FREE,14:00~14:54回封；第3次炸板后的回封；回封速度不限；最后炸板分钟最低回落不超1%,"last_break_low_depth_pct,open_times_at_signal,signal_hhmm",True,cb2b0069074e87eb6c46303e5afdd60cdef118c4,1577,402,330,72,0,132,0.4696969696969697,0.002489167914352783,-0.0044192535559871,1.1048258439178587,-0.6454176268318937,0.2971055310979901,-0.1569867550068164,1.267946190153839,5,67,0.7328618558985023,65,1.5075499359470983,1,True,133.0,0.48120300751879697,0.0027246311613654227,-0.0039228260689655,1.1343456361165516,-0.6454176268318937,0.2971055310979901,-0.1569867550068164,1.221516649422205,5.0,148.0,0.46621621621621623,0.0038905609821633194,-0.0049499646587316,1.226492575264873,-0.6034429942849309,0.3687231660523884,-0.13823939725321072,1.3403576875216359,7.0,394.0,11.0,109.0,15.0,18.0,6.0,False,False,False,False
time_1300_1359__open_2_3__speed_any__ever_40_150,SPEED_FREE,13:00~13:59回封；第2~3次炸板后的回封；回封速度不限；信号时全市场已有40~150只首板触板,"market_ever_sealed_count,open_times_at_signal,signal_hhmm",True,d6908f1fa21cef4b2a7137eddf875e4e6a7fea8b,2715,389,311,78,0,128,0.4140625,0.003105386655681934,-0.00835637912049685,1.1021954775116007,-0.4438959890075854,0.2858048076223851,-0.2040006245101206,1.5933234440947868,8,62,1.1567107454650642,66,0.9528704404561017,1,True,128.0,0.4140625,0.003105386655681934,-0.00835637912049685,1.1021954775116007,-0.4438959890075854,0.2858048076223851,-0.2040006245101206,1.5933234440947868,8.0,151.0,0.5364238410596026,0.015628788321361355,0.005278421775,6.4993219126293535,-0.35934302220534176,0.4892913885103991,-0.2040006245101206,1.5521508598922984,5.0,389.0,0.0,102.0,22.0,22.0,5.0,False,False,False,False
time_1400_1429__open_eq1__speed_any__amount_ge1_5,SPEED_FREE,14:00~14:29回封；第1次炸板后的回封；回封速度不限；信号前成交额至少前日1.5倍,"open_times_at_signal,signal_cumulative_amount_vs_prev_day,signal_hhmm",True,fb338771201a37dffc161c82a0c9f9d61b73a1ba,894,351,252,99,0,121,0.4462809917355372,0.0022808899423716693,-0.00638961945,1.10127101056013,-0.41653425946135436,0.2365781722004082,-0.151491843543652,1.38791096092435,6,58,1.2600070999125683,63,0.8740196865847398,1,True,122.0,0.45901639344262296,0.0017467442773084149,-0.0098197217691067,1.0470903949636294,-0.44723814526312955,0.2365781722004082,-0.1076336102920695,1.2875376580595093,7.0,145.0,0.4827586206896552,0.01607539924084108,-0.004216385950549281,5.883006725848578,-0.4115747323937585,0.5231929254879739,-0.17629142067722955,1.872719673331464,6.0,345.0,9.0,106.0,17.0,17.0,5.0,False,False,False,False
time_1001_1130__open_1_2__speed_any__recent5_ge10pct,SPEED_FREE,10:01~11:30回封；第1~2次炸板后的回封；回封速度不限；回封前5分钟成交额至少前日10%,"open_times_at_signal,signal_hhmm,signal_recent_5m_amount_vs_prev_day",True,6eb06263f172ee9e9cf828ba5ac86468845fd5ee,4280,481,346,135,0,142,0.4647887323943662,0.0023735814853531384,-0.0027987196654312,1.0983074379604256,-0.4262763174924462,0.146691528204878,-0.1662647956514495,1.2786433201440237,10,72,0.9565175038425762,70,1.1482355874808798,1,True,142.0,0.4647887323943662,0.0023735814853531384,-0.0027987196654312,1.0983074379604256,-0.4262763174924462,0.146691528204878,-0.1662647956514495,1.2786433201440237,10.0,152.0,0.5131578947368421,0.007728375105769813,0.0019184643659610578,2.4513016827903416,-0.4262763174924461,0.18913663535077044,-0.1662647956514495,1.3167257913988846,5.0,481.0,0.0,126.0,7.0,12.0,7.0,False,False,False,False
time_before_1400__open_eq4__speed_ge11,STRUCTURAL_GRID,14:00前回封；第4次炸板后的回封；最后炸板11分钟后回封,"last_break_to_signal_minutes,open_times_at_signal,signal_hhmm",True,242ddeb9abf1ae3380bc0e03d14c4479f2c34fe6,202,133,121,12,0,77,0.45454545454545453,0.0041945600988931,-0.0081617698010868,1.0976873941793004,-0.5917369144104693,0.2884420958080925,-0.1642639231052835,1.3809077217506955,10,42,1.107051724750002,35,0.9915411986979955,1,True,88.0,0.4659090909090909,0.006713784523912123,-0.008015322154875201,1.4066623963485194,-0.4971401839871159,0.2884420958080925,-0.1642639231052835,1.440826755561516,10.0,140.0,0.5928571428571429,0.031383422568920814,0.011533605332550323,48.3197988620983,-0.2581688715713386,0.3687231660523884,-0.14417251000998996,1.9990366393536847,5.0,133.0,30.0,62.0,35.0,32.0,11.0,False,False,False,False
time_1001_1359__open_eq4__speed_ge11,STRUCTURAL_GRID,10:01~13:59回封；第4次炸板后的回封；最后炸板11分钟后回封,"last_break_to_signal_minutes,open_times_at_signal,signal_hhmm",True,eafc27cf59f0b801d4e5ad9f984a81bec26a9bda,201,133,121,12,0,77,0.45454545454545453,0.0041945600988931,-0.0081617698010868,1.0976873941793004,-0.5917369144104693,0.2884420958080925,-0.1642639231052835,1.3809077217506955,10,42,1.107051724750002,35,0.9915411986979955,1,True,88.0,0.4659090909090909,0.006713784523912123,-0.008015322154875201,1.4066623963485194,-0.4971401839871159,0.2884420958080925,-0.1642639231052835,1.440826755561516,10.0,140.0,0.5928571428571429,0.031383422568920814,0.011533605332550323,48.3197988620983,-0.2581688715713386,0.3687231660523884,-0.14417251000998996,1.9990366393536847,5.0,133.0,30.0,62.0,35.0,32.0,11.0,False,False,False,False
time_1300_1454__open_eq3__speed_any__seal_rate_ge70,SPEED_FREE,13:00~14:54回封；第3次炸板后的回封；回封速度不限；信号时全市场首板封住率至少70%,"market_seal_rate,open_times_at_signal,signal_hhmm",True,c19bcfda84913130fc42a3a9338fe02d7adfc9f7,1796,356,300,56,0,135,0.4740740740740741,0.003032000820309674,-0.0049678171901579,1.0953876311860318,-0.5582338049539552,0.2858048076223851,-0.1595638622725343,1.2450249808169906,12,66,0.6831196535455341,69,1.603507709814439,1,True,135.0,0.4740740740740741,0.003032000820309674,-0.0049678171901579,1.0953876311860318,-0.5582338049539552,0.2858048076223851,-0.1595638622725343,1.2450249808169906,12.0,148.0,0.4391891891891892,0.0013329265462995851,-0.006655417145667593,0.8816968477890301,-0.5720540604796349,0.3687231660523884,-0.1595638622725343,1.3495665707057223,10.0,354.0,5.0,118.0,13.0,14.0,3.0,False,False,False,False
time_any__open_eq4__speed_ge11__duration_31_60,TIME_FREE,回封时间不限；第4次炸板后的回封；最后炸板11分钟后回封；首封后31~60分钟形成回封,"first_to_signal_minutes,last_break_to_signal_minutes,open_times_at_signal",True,8ef23c912959d5bf5902783ad4381d094e7c4797,73,34,29,5,0,26,0.5,0.005492623350493096,-0.0024550201843081,1.0924781519406526,-0.2631852055706164,0.1781115042799343,-0.1495897313735941,1.2607223556186045,6,10,0.9403835776743046,16,1.1617367400678118,1,True,51.0,0.47058823529411764,0.003033242437333181,-0.008752778158325598,1.0722271022001328,-0.3605276565616672,0.1781115042799343,-0.1495897313735941,1.2867628623898377,8.0,131.0,0.6717557251908397,0.044498970921143896,0.02337772455587504,190.84494414527157,-0.21619723955097148,0.4892913885103991,-0.11849477438811166,2.2864631799120123,4.0,33.0,47.0,25.0,42.0,47.0,17.0,False,False,False,False
time_1300_1454__open_any__speed_ge11__break_rate_le50,OPEN_COUNT_FREE,13:00~14:54回封；炸板/回封次数不限；最后炸板11分钟后回封；信号时累计炸板事件率不超50%,"last_break_to_signal_minutes,market_break_event_rate,signal_hhmm",True,fda3e8f76d77fb25c2bd2b957d23d680f777a65f,169,72,53,19,0,43,0.4418604651162791,0.004568604850513107,-0.0057761134704317,1.0911804355583452,-0.33172378657651935,0.1813358274087592,-0.1293101803360104,1.4836422291376306,7,21,0.9237478293473846,22,1.1812535855475288,1,True,65.0,0.49230769230769234,0.011798368439022598,-0.0031851231919251,1.7497869391585148,-0.39291510527159734,0.4527951871228668,-0.1293101803360104,1.5867620955436008,6.0,135.0,0.6592592592592592,0.046417390587759705,0.020424129636437156,244.63611852638263,-0.21765141906585705,0.5231929254879739,-0.13823939725321072,2.2626061267527073,6.0,72.0,43.0,38.0,37.0,43.0,17.0,False,False,False,False
time_1430_1454__open_any__speed_any__duration_31_60,OPEN_COUNT_FREE+SPEED_FREE,14:30~14:54回封；炸板/回封次数不限；回封速度不限；首封后31~60分钟形成回封,"first_to_signal_minutes,signal_hhmm",True,ab3573af94376ca204155ecc81501875eb679343,704,206,140,66,0,84,0.4523809523809524,0.0031870649605701415,-0.0057019661979623,1.088449193759339,-0.42893781588089197,0.2884144470203034,-0.1762669073000001,1.3914281987338368,7,36,0.992135817799235,48,1.0970768056471811,1,True,98.0,0.47959183673469385,0.00755467305778981,-0.0021761704369,1.7059385398166371,-0.41104440197526426,0.2884775816944691,-0.1762669073000001,1.4943006539533266,7.0,138.0,0.6014492753623188,0.03090079821445401,0.018706146007170976,42.39397975024868,-0.25642936444602527,0.4892913885103991,-0.1762669073000001,1.956362214999882,6.0,193.0,35.0,63.0,35.0,26.0,14.0,False,False,False,False
time_any__open_1_2__speed_any__duration_16_30,TIME_FREE+SPEED_FREE,回封时间不限；第1~2次炸板后的回封；回封速度不限；首封后16~30分钟形成回封,"first_to_signal_minutes,open_times_at_signal",True,113af1fe530824364882982b80773e36138dbbe1,3320,475,337,138,0,137,0.45255474452554745,0.0036356666752740434,-0.0068281652852017,1.0868810695392537,-0.6155750297649042,0.3082331866285716,-0.2119613369912833,1.3765801881325472,10,69,0.553968276986533,68,1.9619915339767309,1,True,137.0,0.45255474452554745,0.0036356666752740434,-0.0068281652852017,1.0868810695392537,-0.6155750297649042,0.3082331866285716,-0.2119613369912833,1.3765801881325472,10.0,153.0,0.47058823529411764,0.008963608682684348,-0.004216385950549281,2.2026450205195105,-0.5158020217803319,0.3687231660523884,-0.2119613369912833,1.4916622190547717,9.0,475.0,0.0,122.0,10.0,11.0,10.0,False,False,False,False
time_any__open_eq4__speed_6_10__duration_ge121,TIME_FREE,回封时间不限；第4次炸板后的回封；最后炸板后6~10分钟回封；首封121分钟后形成回封,"first_to_signal_minutes,last_break_to_signal_minutes,open_times_at_signal",True,38297c41528d2568f602119d00d2d268469a5dc0,71,62,54,8,0,44,0.4772727272727273,0.00462102461170523,-0.009404222009662,1.083903174624958,-0.28568295246177555,0.3090002845557691,-0.1098246868368515,1.2979800241303028,4,24,0.9650962530792458,20,1.1231037020055212,1,True,65.0,0.47692307692307695,0.005238218998439066,-0.008752778158325598,1.2034783989565943,-0.2827776998095537,0.3090002845557691,-0.1098246868368515,1.3407745748719817,4.0,134.0,0.6417910447761194,0.03525655194947919,0.018851903186904988,62.254012206256945,-0.32732270189589696,0.4892913885103991,-0.17629142067722955,1.767680351292194,4.0,60.0,46.0,44.0,40.0,38.0,12.0,False,False,False,False
time_before_1400__open_ge5__speed_6_10,STRUCTURAL_GRID,14:00前回封；第5次及以后炸板后的回封；最后炸板后6~10分钟回封,"last_break_to_signal_minutes,open_times_at_signal,signal_hhmm",True,37fe780b7d3b3ea0fc317cb4c1b3a0fa09cba10e,238,130,120,10,0,77,0.45454545454545453,0.0034544356368977,-0.0034769175596213,1.0837301156211714,-0.47234134500314495,0.3721270239550671,-0.1192656039362559,1.3740281742586908,4,36,0.98970794441351,41,1.094999915619934,2,True,86.0,0.45348837209302323,0.000869870201136923,-0.00443763603410375,0.9344759713653966,-0.40823598046444,0.1381131795741178,-0.1192656039362559,1.25128307616265,5.0,141.0,0.5319148936170213,0.02274503574410543,0.00498878917582428,13.729671473679872,-0.2817401540366484,0.4892913885103991,-0.14417251000998996,1.8156180073845836,4.0,130.0,31.0,53.0,37.0,39.0,12.0,False,False,False,False
time_1001_1359__open_1_2__speed_any__duration_16_30,SPEED_FREE,10:01~13:59回封；第1~2次炸板后的回封；回封速度不限；首封后16~30分钟形成回封,"first_to_signal_minutes,open_times_at_signal,signal_hhmm",True,4bbeebb3dc98c5e790b60ed0bca17ce5d6b88150,2343,452,331,121,0,139,0.48201438848920863,0.0028413294435400693,-0.003733862956359,1.0832213176021013,-0.5032368996245798,0.2732236251032737,-0.189337554306236,1.2023386955042108,6,71,0.6669526312981625,68,1.6241353085206527,1,True,139.0,0.48201438848920863,0.0028413294435400693,-0.003733862956359,1.0832213176021013,-0.5032368996245798,0.2732236251032737,-0.189337554306236,1.2023386955042108,6.0,150.0,0.44666666666666666,0.0014127713729774314,-0.006622279978362293,0.8804775797603333,-0.5699556289853582,0.2732236251032737,-0.189337554306236,1.3111976260624187,5.0,452.0,0.0,120.0,11.0,12.0,7.0,False,False,False,False
time_1300_1359__open_ge5__speed_any__duration_31_60,SPEED_FREE,13:00~13:59回封；第5次及以后炸板后的回封；回封速度不限；首封后31~60分钟形成回封,"first_to_signal_minutes,open_times_at_signal,signal_hhmm",True,12161e374188cf92b7670ace4e1f1a176e8fec2f,431,81,76,5,0,57,0.5263157894736842,0.003209693600167253,0.0043676885133477,1.0831366020073945,-0.32580178902615353,0.1659870463579606,-0.1514360057072165,1.033067960746141,3,28,1.0088408071663384,29,1.0736447161071334,1,True,74.0,0.5,0.0011512477751915182,0.0008142329691865987,0.9619234026658631,-0.3489482473880118,0.1382973329857442,-0.1514360057072165,1.0512396780591753,3.0,137.0,0.5985401459854015,0.03203378675508297,0.012207405120446,44.72370093906115,-0.24627203651216234,0.4892913885103991,-0.1514360057072165,1.9222347115952592,7.0,81.0,35.0,43.0,39.0,41.0,14.0,False,False,False,False
time_1400_1429__open_any__speed_6_10__main_board,OPEN_COUNT_FREE,14:00~14:29回封；炸板/回封次数不限；最后炸板后6~10分钟回封；仅沪深主板,"last_break_to_signal_minutes,market_segment,signal_hhmm",True,3dea485c113d845c1e13a06d618624904b15c787,427,226,189,37,0,110,0.4636363636363636,0.0024909874776592672,-0.00265176030167295,1.0825608905678625,-0.5718910251402616,0.137297320831579,-0.1098246868368515,1.2843279951060882,8,57,0.7329454078506746,53,1.4770007137945198,1,True,118.0,0.4491525423728814,-0.00010066006360657404,-0.00458142985924905,0.8132979072189124,-0.5359652396189807,0.137297320831579,-0.1098246868368515,1.2210139985764643,7.0,142.0,0.5492957746478874,0.01833213163061833,0.007148204805883746,9.151693141649227,-0.46244631558180127,0.3687231660523884,-0.1098246868368515,1.6453269596086022,7.0,222.0,25.0,89.0,23.0,22.0,8.0,False,False,False,False
time_1300_1454__open_eq1__speed_any__ever_40_150,SPEED_FREE,13:00~14:54回封；第1次炸板后的回封；回封速度不限；信号时全市场已有40~150只首板触板,"market_ever_sealed_count,open_times_at_signal,signal_hhmm",True,1f9d39da7d5aee48f129e1a9e437c5fa2fd90dca,4607,433,316,117,0,133,0.48120300751879697,0.002133283604095052,-0.0046360410000001,1.0808647788568218,-0.5539923765359166,0.1652893008992227,-0.1119863555477992,1.1896523518334985,6,63,0.6415556771251193,70,1.68475600387529,1,True,133.0,0.48120300751879697,0.002133283604095052,-0.0046360410000001,1.0808647788568218,-0.5539923765359166,0.1652893008992227,-0.1119863555477992,1.1896523518334985,6.0,149.0,0.5033557046979866,0.013866394189068114,0.0026716272233009,5.1213115052729075,-0.5129380845719858,0.4892913885103991,-0.1666821330911661,1.6795985094235042,5.0,433.0,0.0,110.0,16.0,15.0,8.0,False,False,False,False
time_any__open_eq2__speed_ge11__duration_ge121,TIME_FREE,回封时间不限；第2次炸板后的回封；最后炸板11分钟后回封；首封121分钟后形成回封,"first_to_signal_minutes,last_break_to_signal_minutes,open_times_at_signal",True,fb88202bec092436648651df5af7220b72815118,409,259,209,50,0,111,0.45045045045045046,0.00301743781980486,-0.007653152120886,1.0784873415320158,-0.4750145761849459,0.2570279719292817,-0.1642639231052835,1.3761231812625363,7,59,1.3605495703772776,52,0.7926850774227608,1,True,117.0,0.42735042735042733,-0.0008428709116457833,-0.008752778158325598,0.6954077794408496,-0.6998529853063052,0.2570279719292817,-0.1642639231052835,1.295364132663944,7.0,140.0,0.5285714285714286,0.015845733016886476,0.00471013239499179,5.861132034074961,-0.3910083772075882,0.3687231660523884,-0.17629142067722955,1.5626066004098118,7.0,253.0,29.0,83.0,25.0,22.0,10.0,False,False,False,False
time_1400_1429__open_any__speed_6_10__break_low_le1,OPEN_COUNT_FREE,14:00~14:29回封；炸板/回封次数不限；最后炸板后6~10分钟回封；最后炸板分钟最低回落不超1%,"last_break_low_depth_pct,last_break_to_signal_minutes,signal_hhmm",True,a6f39360c73dc6348eeb23453799c56e0bcc1e1b,449,231,193,38,0,113,0.4690265486725664,0.002437192182249671,-0.0018331384278742,1.0776085984831125,-0.6229710086469304,0.137297320831579,-0.1098246868368515,1.254881674990596,14,55,0.9354787811777043,58,1.1519327003082591,1,True,119.0,0.46218487394957986,0.0031495916070644406,-0.0034703821754717,1.2055273627137792,-0.4197369539029422,0.137297320831579,-0.1098246868368515,1.3434452467137088,8.0,144.0,0.5486111111111112,0.015758861987186446,0.007148204805883746,6.583805586810905,-0.4719367229263467,0.3687231660523884,-0.14417251000998996,1.5110387894364152,7.0,226.0,20.0,94.0,23.0,19.0,8.0,False,False,False,False
time_1400_1429__open_eq4__speed_2_5,STRUCTURAL_GRID,14:00~14:29回封；第4次炸板后的回封；最后炸板后2~5分钟回封,"last_break_to_signal_minutes,open_times_at_signal,signal_hhmm",True,02a4da5527081b31682903422f4c811d6c8eb489,253,138,119,19,0,76,0.4605263157894737,0.0032773821670829023,-0.0057733317715701,1.0760944827872567,-0.39444625734857985,0.2971055310979901,-0.1314854677354839,1.3337874602795803,6,37,1.1793005964136538,39,0.9124853205872577,1,True,89.0,0.43820224719101125,-0.0019092316889675047,-0.0072821321548,0.7276672496598245,-0.5449585109209008,0.137297320831579,-0.1314854677354839,1.1782000233087477,7.0,136.0,0.5441176470588235,0.025988094925710872,0.005808316462720236,21.2369862569179,-0.31003731255051725,0.3687231660523884,-0.13823939725321072,2.0835725676605534,5.0,136.0,30.0,59.0,29.0,36.0,12.0,False,False,False,False
time_any__open_ge5__speed_6_10__duration_ge121,TIME_FREE,回封时间不限；第5次及以后炸板后的回封；最后炸板后6~10分钟回封；首封121分钟后形成回封,"first_to_signal_minutes,last_break_to_signal_minutes,open_times_at_signal",True,24ab2c56af68b4e008c4bcc8a8d6fb06bb2e9596,195,113,99,14,0,68,0.5147058823529411,0.0029234619810302935,0.0018766508193608,1.0752463986377572,-0.3992864648785054,0.1813358274087592,-0.11585787828,1.065441101896562,5,35,0.9271214719235913,33,1.1597686292464318,1,True,84.0,0.4642857142857143,0.012113518734343827,-0.00411341534260085,2.1010145267219973,-0.251902325392537,0.4527951871228668,-0.11585787828,1.7633123365113779,4.0,143.0,0.5594405594405595,0.03068706087965087,0.008292640894970553,41.921069699297426,-0.22970534744710858,0.4892913885103991,-0.13823939725321072,2.065303764148546,4.0,107.0,45.0,56.0,39.0,34.0,14.0,True,False,False,False
time_0930_1000__open_eq2__speed_any__growth_board,SPEED_FREE,09:30~10:00回封；第2次炸板后的回封；回封速度不限；仅创业板或科创板,"market_segment,open_times_at_signal,signal_hhmm",True,ea2c276e0f1511981408863b79abb4d264b10f39,113,72,55,17,0,43,0.4418604651162791,0.004472100996508239,-0.008372512005,1.0751538402120018,-0.399175757841823,0.2563949611826089,-0.1181611004948127,1.4677177402420654,5,19,0.8964457050499659,24,1.1993518783740222,3,True,64.0,0.484375,0.014561611707701382,-0.0018144907321691,2.0347378539984127,-0.3747697529008307,0.4527951871228668,-0.1181611004948127,1.7548139819087432,5.0,140.0,0.6428571428571429,0.04200091807306672,0.026149675496300546,174.91169421411405,-0.25174813011055663,0.4892913885103991,-0.14417251000998996,1.9791078810904659,5.0,72.0,41.0,43.0,40.0,42.0,15.0,True,False,False,False
time_1300_1454__open_2_3__speed_any__ever_40_100,SPEED_FREE,13:00~14:54回封；第2~3次炸板后的回封；回封速度不限；信号时全市场已有40~100只首板触板,"market_ever_sealed_count,open_times_at_signal,signal_hhmm",True,dac49dda51d3791bdb6061a60d8641759332577e,4095,409,325,84,0,138,0.43478260869565216,0.0023940697584670058,-0.00646325838663505,1.0748562614205586,-0.4654919246617927,0.2858048076223851,-0.1293101803360104,1.4442268078827227,8,67,1.0784287330972473,71,0.9966873363375355,1,True,139.0,0.41007194244604317,-0.0009944921079468856,-0.0072235195032419,0.6797567926505453,-0.5909832275467677,0.2858048076223851,-0.1293101803360104,1.3752959777063256,10.0,154.0,0.4935064935064935,0.01045115834833086,-0.0035083113012897003,3.226482461026693,-0.6264090531493971,0.4892913885103991,-0.14417251000998996,1.5698243549763418,8.0,409.0,7.0,115.0,18.0,17.0,4.0,False,False,False,False
time_1400_1454__open_eq2__speed_any__recent5_ge5pct,SPEED_FREE,14:00~14:54回封；第2次炸板后的回封；回封速度不限；回封前5分钟成交额至少前日5%,"open_times_at_signal,signal_hhmm,signal_recent_5m_amount_vs_prev_day",True,7488d062396deb8e5a9d683dfe141b9e80b90586,1283,402,290,112,0,129,0.3953488372093023,0.0024260095284763506,-0.0080532708000001,1.0743243621743643,-0.5381090116077271,0.2877539667175889,-0.1488664838733775,1.7070422710776558,9,67,1.472713988483682,62,0.7294860852652706,1,True,132.0,0.38636363636363635,0.0018633822962786605,-0.008067737333478299,1.0237782859023343,-0.566452274284693,0.2877539667175889,-0.1488664838733775,1.735005818691981,9.0,149.0,0.436241610738255,0.009389845585428725,-0.0055247986020876,2.6569483049831755,-0.2979790864648827,0.3687231660523884,-0.17629142067722955,1.8686670489108035,6.0,395.0,11.0,104.0,22.0,19.0,4.0,False,False,False,False
time_1400_1429__open_ge2__speed_any__growth_board,SPEED_FREE,14:00~14:29回封；第2次及以后炸板后的回封；回封速度不限；仅创业板或科创板,"market_segment,open_times_at_signal,signal_hhmm",True,e4c32d7227c03d7a0bdaff842ca00469a28dc822,671,190,163,27,0,99,0.46464646464646464,0.002877743441096219,-0.0080822038669565,1.0743219526777275,-0.5951498383052864,0.2858048076223851,-0.1040251580531251,1.2933286750389001,7,47,0.676397531964382,52,1.5882996343255429,1,True,104.0,0.4807692307692308,0.003381900728847823,-0.00706405196088655,1.189937883002911,-0.5558604426628003,0.1865259303471385,-0.1040251580531251,1.2523305200579653,7.0,145.0,0.6137931034482759,0.03222187021421417,0.0176010279357336,62.03479468178183,-0.17188541950796254,0.4892913885103991,-0.1040251580531251,2.0287462894782204,7.0,186.0,27.0,71.0,32.0,30.0,12.0,False,False,False,False
time_1400_1429__open_eq2__speed_any__break_close_le1,SPEED_FREE,14:00~14:29回封；第2次炸板后的回封；回封速度不限；最后炸板分钟收盘回落不超1%,"last_break_close_depth_pct,open_times_at_signal,signal_hhmm",True,fa9668ceeb649d6c352d452e435b63261c333e03,1039,363,293,70,0,127,0.44881889763779526,0.002278186803215174,-0.004550846905263,1.0740377252299316,-0.5737038374574117,0.2877539667175889,-0.1549778471938946,1.3672975019413867,10,62,1.6205279332315183,65,0.6627702634462941,1,True,131.0,0.4351145038167939,0.0007678680437836194,-0.0049678171901579,0.8903293656136415,-0.5793645991432588,0.2877539667175889,-0.1549778471938946,1.3470777616020813,10.0,145.0,0.4827586206896552,0.006009269819328613,-0.0010725014862185726,1.653762720981736,-0.39025818560152226,0.3687231660523884,-0.1549778471938946,1.3614261183963685,7.0,358.0,9.0,106.0,14.0,19.0,6.0,False,False,False,False
time_1300_1359__open_any__speed_ge11__break_rate_le50,OPEN_COUNT_FREE,13:00~13:59回封；炸板/回封次数不限；最后炸板11分钟后回封；信号时累计炸板事件率不超50%,"last_break_to_signal_minutes,market_break_event_rate,signal_hhmm",True,bf70b741457713e71a3c15babc37d4f1db94ddf0,125,66,49,17,0,40,0.45,0.0041807151642552125,-0.00506880335818395,1.07391517300286,-0.33172378657651935,0.1813358274087592,-0.1293101803360104,1.425127727973126,7,20,1.0063893973405011,20,1.0670970658482728,1,True,63.0,0.49206349206349204,0.010790257150903745,-0.0031851231919251,1.6221783273121577,-0.38739807093066025,0.4527951871228668,-0.1293101803360104,1.5463263857950573,6.0,135.0,0.674074074074074,0.04864482456889639,0.02049000083100966,324.61423761720044,-0.20708884029441232,0.5231929254879739,-0.13823939725321072,2.292390022931228,6.0,66.0,43.0,36.0,37.0,45.0,17.0,False,False,False,False
time_any__open_1_2__speed_6_10__duration_ge121,TIME_FREE,回封时间不限；第1~2次炸板后的回封；最后炸板后6~10分钟回封；首封121分钟后形成回封,"first_to_signal_minutes,last_break_to_signal_minutes,open_times_at_signal",True,14efe97b200c80a77453b7c7900d4e0a7e4ebe65,158,114,90,24,0,60,0.45,0.002985226034321235,-0.0032840624706335,1.0714727005841107,-0.2759395250236085,0.2815783803342283,-0.0822850841273497,1.4115533892349896,5,31,1.2452669682274198,29,0.8604361377298099,1,True,73.0,0.4520547945205479,0.0024014292868001262,-0.0049029522861701,1.0641076734698809,-0.2960583653080502,0.1382973329857442,-0.0822850841273497,1.3546658783630834,5.0,131.0,0.6030534351145038,0.03437960636542919,0.010606999842834385,52.49164711356268,-0.33022265199054357,0.4892913885103991,-0.11849477438811166,2.179352431403819,6.0,111.0,40.0,50.0,33.0,34.0,14.0,False,False,False,False
time_any__open_ge5__speed_ge11__duration_ge121,TIME_FREE,回封时间不限；第5次及以后炸板后的回封；最后炸板11分钟后回封；首封121分钟后形成回封,"first_to_signal_minutes,last_break_to_signal_minutes,open_times_at_signal",True,71f4124321d310dce900d926a44adf19c187afa0,358,186,165,21,0,97,0.4329896907216495,0.003736197153775972,-0.0092138796670872,1.0713658205180028,-0.651366654612243,0.3721270239550671,-0.1389379853296101,1.4892234867509277,5,53,1.607468651195657,44,0.6664925127598017,1,True,105.0,0.49523809523809526,0.013907705675393007,-0.000596222117905,3.0544211495120304,-0.527758837296418,0.3721270239550671,-0.1389379853296101,1.6256092366492039,5.0,141.0,0.5460992907801419,0.02632472246192705,0.005453001507974747,24.730064072260856,-0.3340383117062312,0.3721270239550671,-0.14417251000998996,2.0892726383022815,6.0,181.0,33.0,76.0,26.0,29.0,10.0,True,False,False,False
time_any__open_3_5__speed_6_10__duration_ge121,TIME_FREE,回封时间不限；第3~5次炸板后的回封；最后炸板后6~10分钟回封；首封121分钟后形成回封,"first_to_signal_minutes,last_break_to_signal_minutes,open_times_at_signal",True,9c71cff90dad323bf0b6e3742d4215b4e77c05a5,217,135,112,23,0,73,0.4794520547945205,0.002944995367690069,-0.0068281652852017,1.070839927018804,-0.42987729856794743,0.2877539667175889,-0.11585787828,1.2360948626122439,7,36,1.1331557689468115,37,0.945006817565845,1,True,86.0,0.4883720930232558,0.00714279120757823,-0.0046560890943307,1.5564676883465374,-0.39152885145971195,0.2877539667175889,-0.11585787828,1.4220066576660448,4.0,141.0,0.5815602836879432,0.023718758105375406,0.004733836650798,17.825301815634315,-0.4052576664213613,0.3687231660523884,-0.17629142067722955,1.6964328470374237,8.0,131.0,39.0,58.0,37.0,36.0,10.0,False,False,False,False
time_1001_1130__open_eq4__speed_any__duration_61_120,SPEED_FREE,10:01~11:30回封；第4次炸板后的回封；回封速度不限；首封后61~120分钟形成回封,"first_to_signal_minutes,open_times_at_signal,signal_hhmm",True,544eabf6ed2f1084fb8eb6deb13605e0850bb6a3,269,173,155,18,0,95,0.4842105263157895,0.003307376763642445,-0.0005649976561215,1.0706740019454275,-0.3971880223013202,0.1527619232964,-0.1923385811861804,1.1962948027105575,6,50,0.8989583328123323,45,1.1910162716840214,1,True,101.0,0.44554455445544555,-0.0012118825984129445,-0.008372512005,0.6912583766169389,-0.5645565091113316,0.1527619232964,-0.1923385811861804,1.191255212705655,6.0,136.0,0.5735294117647058,0.02314851177979324,0.008572708977782726,14.552765700338366,-0.40881800364279797,0.2884775816944691,-0.14417251000998996,1.6148893779069113,7.0,173.0,26.0,71.0,23.0,31.0,11.0,False,False,False,False
time_any__open_eq4__speed_ge11__ever_20_60,TIME_FREE,回封时间不限；第4次炸板后的回封；最后炸板11分钟后回封；信号时全市场已有20~60只首板触板,"last_break_to_signal_minutes,market_ever_sealed_count,open_times_at_signal",True,fda84102607bed7b27c4778edb1ef8c0217d090a,136,111,95,16,0,65,0.38461538461538464,0.0032261291666133393,-0.0131281479151335,1.0695958229199012,-0.39681458719133045,0.1781115042799343,-0.1274921453846094,1.8082675436054885,7,35,1.0306924089221754,30,1.0377449311365434,1,True,89.0,0.449438202247191,0.012988068640945996,-0.0081617698010868,2.4443984730251933,-0.4344732387740168,0.4527951871228668,-0.1274921453846094,1.9628974170351976,8.0,141.0,0.574468085106383,0.036377644059483065,0.01246021082226626,92.81816747328466,-0.21892472213736847,0.4527951871228668,-0.1274921453846094,2.5285155377587323,6.0,111.0,47.0,58.0,32.0,35.0,16.0,True,False,False,False
time_any__open_eq3__speed_6_10__growth_board,TIME_FREE,回封时间不限；第3次炸板后的回封；最后炸板后6~10分钟回封；仅创业板或科创板,"last_break_to_signal_minutes,market_segment,open_times_at_signal",True,3ad752d7310987d6a9331d561d89d066e66f851d,70,54,44,10,0,36,0.3333333333333333,0.004485038369989475,-0.011641341554257799,1.0694635546077196,-0.42068980397388656,0.2815783803342283,-0.0956266017111467,2.3780224075021588,10,20,0.7823889313272886,16,1.3669206091571635,1,True,60.0,0.43333333333333335,0.009922244354178858,-0.008371334388214201,1.5331089997559462,-0.3696739878811002,0.4527951871228668,-0.0956266017111467,1.9480997462267748,12.0,136.0,0.6617647058823529,0.04106845752063132,0.021976145599524807,135.96381728832654,-0.20400062451012058,0.4892913885103991,-0.2040006245101206,1.9331466604108136,4.0,54.0,42.0,38.0,37.0,45.0,16.0,False,False,False,False
time_any__open_eq4__speed_2_5__amount_ge1,TIME_FREE,回封时间不限；第4次炸板后的回封；最后炸板后2~5分钟回封；信号前成交额至少前日1倍,"last_break_to_signal_minutes,open_times_at_signal,signal_cumulative_amount_vs_prev_day",True,79906675cd013a632e1a309fa0a9e5abdbc38c99,894,330,280,50,0,126,0.46825396825396826,0.0023960958046832506,-0.00291615765787035,1.0692529827263486,-0.5878654752278591,0.140190473515297,-0.1889700166746791,1.2598642331929988,6,63,0.7135053478889726,63,1.4985914063432273,1,True,127.0,0.48031496062992124,0.003927705363477864,-0.0019747461402937,1.3168360220217767,-0.54510431794267,0.140190473515297,-0.1889700166746791,1.2894669034100246,5.0,149.0,0.5436241610738255,0.018001667690376606,0.0044835304446428,9.514781402641026,-0.40160641613397396,0.3687231660523884,-0.1889700166746791,1.656462523793156,6.0,329.0,4.0,108.0,18.0,15.0,8.0,False,False,False,False
time_0930_1000__open_any__speed_2_5__amount_ge1_5,OPEN_COUNT_FREE,09:30~10:00回封；炸板/回封次数不限；最后炸板后2~5分钟回封；信号前成交额至少前日1.5倍,"last_break_to_signal_minutes,signal_cumulative_amount_vs_prev_day,signal_hhmm",True,7f4852436a6a97f62a67a088948d4e1d98180c34,466,262,169,93,0,94,0.43617021276595747,0.002452957985202769,-0.0145852635077146,1.0687717057165926,-0.26760112560620397,0.2563949611826089,-0.1035271250209044,1.439067479443511,6,48,1.2561194317498954,46,0.8508519800762026,1,True,104.0,0.47115384615384615,0.01665794224066692,-0.008063109287387401,4.136725860116811,-0.1967157354720086,0.4527951871228668,-0.1035271250209044,2.0958497048989884,6.0,146.0,0.5342465753424658,0.020412625463366703,0.00478963431791214,12.186037381796787,-0.3485617051674206,0.4527951871228668,-0.14417251000998996,1.8599646825144984,5.0,262.0,29.0,67.0,34.0,31.0,14.0,True,False,False,False
time_0930_1000__open_any__speed_ge11__seal_rate_ge60,OPEN_COUNT_FREE,09:30~10:00回封；炸板/回封次数不限；最后炸板11分钟后回封；信号时全市场首板封住率至少60%,"last_break_to_signal_minutes,market_seal_rate,signal_hhmm",True,c6beee0de43e20bcf7d0e3e95c140d60824b630f,214,159,108,51,0,75,0.49333333333333335,0.0034246248890762265,-0.0013986654,1.0680954357057049,-0.6508171156758502,0.3082331866285716,-0.2119613369912833,1.1700671834933107,7,33,1.2926699421028887,42,0.8262708065820341,1,True,87.0,0.5172413793103449,0.004142511252420253,0.0007027889368421,1.1732201692573374,-0.6634753630098503,0.3082331866285716,-0.2119613369912833,1.0992675071191078,6.0,134.0,0.5970149253731343,0.024503960223492844,0.018306282554744424,17.16811352074317,-0.4002514072337243,0.25794581579670345,-0.2119613369912833,1.534460950971692,6.0,159.0,34.0,60.0,27.0,35.0,12.0,False,False,False,False
time_1400_1454__open_2_3__speed_any__seal_rate_40_60,SPEED_FREE,14:00~14:54回封；第2~3次炸板后的回封；回封速度不限；信号时全市场首板封住率40%~60%,"market_seal_rate,open_times_at_signal,signal_hhmm",True,852d01bed314682b6a382e3d3410f527d0fb0288,504,69,60,9,0,46,0.5434782608695652,0.0029362880795260034,0.00569185485604075,1.0679815430801083,-0.21400596248973303,0.1374985239063829,-0.109385915162897,0.9636623442955095,3,27,1.0801229446887723,19,0.9887592410953158,1,True,67.0,0.5373134328358209,0.008520347645789189,0.0062916762490272,1.617244037284413,-0.2764807781118792,0.1382973329857442,-0.0801689401891305,1.3125469488144383,4.0,139.0,0.6762589928057554,0.03807074666821989,0.019180342510750216,118.44092534953387,-0.22970534744710858,0.3687231660523884,-0.13823939725321072,1.9766068557952055,4.0,68.0,50.0,39.0,39.0,43.0,18.0,False,False,False,False
time_any__open_3_5__speed_ge11__seal_rate_40_60,TIME_FREE,回封时间不限；第3~5次炸板后的回封；最后炸板11分钟后回封；信号时全市场首板封住率40%~60%,"last_break_to_signal_minutes,market_seal_rate,open_times_at_signal",True,4127fa83b2352f02990cce023a45fa8accdc5353,213,64,55,9,0,41,0.5609756097560976,0.004526793584699021,0.0017501680633032,1.0672259727301452,-0.3582969208610641,0.138151360155665,-0.219507768153365,0.9232251661744265,5,26,1.4519309858002445,15,0.7350390501804285,1,True,62.0,0.5806451612903226,0.013379186619925822,0.006657447668714667,1.8285982900257156,-0.44177127783511605,0.4527951871228668,-0.219507768153365,1.1603410324236323,5.0,135.0,0.6592592592592592,0.04151089796143355,0.021243541591960853,141.80503209628185,-0.2569538633617997,0.4527951871228668,-0.219507768153365,1.9899319323101485,4.0,63.0,50.0,41.0,35.0,42.0,17.0,False,False,False,False
time_1300_1454__open_2_3__speed_2_5,STRUCTURAL_GRID,13:00~14:54回封；第2~3次炸板后的回封；最后炸板后2~5分钟回封,"last_break_to_signal_minutes,open_times_at_signal,signal_hhmm",True,c45a925563235c5ba8200960c15be3a079e4fded,2342,427,354,73,0,143,0.43356643356643354,0.0025952534489131858,-0.0086646011595564,1.06721279025065,-0.4398597633732202,0.3721270239550671,-0.1228870697069393,1.4525341630577484,5,70,0.6635207220777438,73,1.6084091343956644,1,True,143.0,0.43356643356643354,0.0025952534489131858,-0.0086646011595564,1.06721279025065,-0.4398597633732202,0.3721270239550671,-0.1228870697069393,1.4525341630577484,5.0,150.0,0.47333333333333333,0.012868805304268661,-0.0039438462943167,4.326154060789204,-0.31053894973939034,0.3721270239550671,-0.1228870697069393,1.7582958219471796,4.0,426.0,1.0,133.0,11.0,3.0,3.0,False,False,False,False
time_1300_1359__open_any__speed_any__ever_20_60,OPEN_COUNT_FREE+SPEED_FREE,13:00~13:59回封；炸板/回封次数不限；回封速度不限；信号时全市场已有20~60只首板触板,"market_ever_sealed_count,signal_hhmm",True,799639f7205b32713e7dcd8de9510462f566b0c1,2889,326,231,95,0,107,0.3925233644859813,0.0026429931453782244,-0.0101076769536652,1.0647019434959077,-0.5712495337499612,0.2877539667175889,-0.0986178600460233,1.7273427714980374,10,49,0.8014054963274829,58,1.3285433508691982,1,True,129.0,0.43410852713178294,0.006611026347802226,-0.0087481291951807,1.6803662434517743,-0.5441601267468228,0.4527951871228668,-0.0986178600460233,1.7027716472299372,11.0,155.0,0.5096774193548387,0.02138047658705232,0.0008446378074772808,16.12937214785495,-0.2528279592727696,0.4527951871228668,-0.13823939725321072,2.1108211222867923,11.0,326.0,50.0,90.0,23.0,25.0,17.0,False,False,False,False
time_1430_1454__open_any__speed_ge11__growth_board,OPEN_COUNT_FREE,14:30~14:54回封；炸板/回封次数不限；最后炸板11分钟后回封；仅创业板或科创板,"last_break_to_signal_minutes,market_segment,signal_hhmm",True,3fc2f3b3d39002f6f6c5e73963250711216a4ae2,297,152,99,53,0,65,0.4,0.0036939533348435763,-0.0150155408499863,1.0633991030754437,-0.554377360241332,0.2884775816944691,-0.1442416188125,1.7191988636693851,9,34,0.89907203704815,31,1.1827740817819399,1,True,78.0,0.358974358974359,-0.0034601703385733853,-0.02167385965129475,0.6478890819026862,-0.6796088738315358,0.2064844137313227,-0.1370202417594448,1.5589513118880831,11.0,139.0,0.6115107913669064,0.03620337383360906,0.01852346386305976,90.74998223709444,-0.18125440768695633,0.3687231660523884,-0.13823939725321072,2.2751493684026394,5.0,141.0,41.0,51.0,38.0,38.0,12.0,False,False,False,False
time_1400_1454__open_eq4__speed_any__ever_40_150,SPEED_FREE,14:00~14:54回封；第4次炸板后的回封；回封速度不限；信号时全市场已有40~150只首板触板,"market_ever_sealed_count,open_times_at_signal,signal_hhmm",True,08a640c6b3fe073d1b58fb1a6c5395d487d7d6b7,876,338,280,58,0,126,0.46825396825396826,0.002649160841752593,-0.0057733317715701,1.062761774032494,-0.6216594990516192,0.2971055310979901,-0.1116008761410474,1.2682161402147534,6,59,0.6514982358903088,67,1.6312580993871297,1,True,128.0,0.46875,0.004262188919993095,-0.0046942968927182,1.2948077798342326,-0.621697819623181,0.2971055310979901,-0.1389379853296101,1.349314228778135,6.0,149.0,0.5302013422818792,0.01564897126197864,0.0050760858,6.543191296064072,-0.618207515190522,0.4892913885103991,-0.1389379853296101,1.631981247956274,7.0,328.0,15.0,109.0,17.0,15.0,8.0,False,False,False,False
time_any__open_ge5__speed_le2__duration_16_30,TIME_FREE,回封时间不限；第5次及以后炸板后的回封；最后炸板后2分钟内回封；首封后16~30分钟形成回封,"first_to_signal_minutes,last_break_to_signal_minutes,open_times_at_signal",True,0570c874c4af97b229a2107c73b6eaf584d87fa8,306,72,61,11,0,46,0.4782608695652174,0.002774311513135371,-0.0013986653999999502,1.0609340588056897,-0.299150296397267,0.137297320831579,-0.1192656039362559,1.2374449681421895,5,22,0.910727984264339,24,1.1649296794834776,1,True,64.0,0.46875,0.012517774753137352,-0.006649302833143649,1.803742602478195,-0.3853328931510821,0.4527951871228668,-0.1192656039362559,1.7895063777664646,7.0,133.0,0.6466165413533834,0.041219021944285124,0.020424129636437156,127.86959104341771,-0.18357358406638558,0.4892913885103991,-0.11849477438811166,2.207130270566449,5.0,72.0,41.0,41.0,38.0,38.0,16.0,False,False,False,False
time_1300_1454__open_any__speed_any__main_board,OPEN_COUNT_FREE+SPEED_FREE,13:00~14:54回封；炸板/回封次数不限；回封速度不限；仅沪深主板,"market_segment,signal_hhmm",True,b976598ac808316a3f533d6a2fcdabffc469b442,17158,484,363,121,0,145,0.4206896551724138,0.001899915038917305,-0.0057045865411764,1.0609050490507037,-0.4524450926503909,0.1387205072574626,-0.1370149340689656,1.5094892197607124,9,73,1.1108402663975008,72,0.9550473467182292,1,True,145.0,0.4206896551724138,0.001899915038917305,-0.0057045865411764,1.0609050490507037,-0.4524450926503909,0.1387205072574626,-0.1370149340689656,1.5094892197607124,9.0,149.0,0.44966442953020136,0.003239871536886814,-0.0050184782274726,1.3289604412300082,-0.4271663812596699,0.1378207019116981,-0.14417251000998996,1.4497197414859981,8.0,484.0,0.0,128.0,5.0,8.0,8.0,False,False,False,False
time_1001_1359__open_3_5__speed_any__duration_16_30,SPEED_FREE,10:01~13:59回封；第3~5次炸板后的回封；回封速度不限；首封后16~30分钟形成回封,"first_to_signal_minutes,open_times_at_signal,signal_hhmm",True,8db8085e011a409c03d11439a127612dc4f095c1,937,241,216,25,0,114,0.5263157894736842,0.0027962905533450754,0.0021775887431124,1.059938987124294,-0.5783460911920579,0.2798824747699878,-0.189337554306236,1.0048094866108324,10,55,0.8309890051812548,59,1.2755150555729682,1,True,115.0,0.5304347826086957,0.0023648100020599496,0.0025925860023476,1.0180893130084039,-0.5783460911920579,0.2798824747699878,-0.189337554306236,0.9731945068129434,10.0,135.0,0.5407407407407407,0.012647439025830593,0.0037053138311083,3.657228384210146,-0.558325725441678,0.4892913885103991,-0.1495897313735941,1.3763710546124708,9.0,241.0,10.0,90.0,20.0,18.0,7.0,False,False,False,False
time_any__open_eq3__speed_6_10__duration_61_120,TIME_FREE,回封时间不限；第3次炸板后的回封；最后炸板后6~10分钟回封；首封后61~120分钟形成回封,"first_to_signal_minutes,last_break_to_signal_minutes,open_times_at_signal",True,ac70fc1b936810db7b5a97aaee831dc215131dc6,130,99,88,11,0,63,0.4126984126984127,0.002429359245273814,-0.0065686671289239,1.058943620125138,-0.27808706474201406,0.1378207019116981,-0.2040006245101206,1.615894145473585,6,30,0.8473992476324312,33,1.24963955665968,1,True,78.0,0.41025641025641024,0.007501408855907521,-0.007338339497985522,1.526296543184737,-0.295333763206035,0.2884775816944691,-0.2040006245101206,2.01385498069623,6.0,140.0,0.5857142857142857,0.03363608381045603,0.011826520131391564,64.99041783276179,-0.24464483915058854,0.4892913885103991,-0.13823939725321072,2.5084575832978753,5.0,97.0,41.0,52.0,39.0,38.0,11.0,False,False,False,False
time_1001_1130__open_ge5__speed_any__recent5_ge10pct,SPEED_FREE,10:01~11:30回封；第5次及以后炸板后的回封；回封速度不限；回封前5分钟成交额至少前日10%,"open_times_at_signal,signal_hhmm,signal_recent_5m_amount_vs_prev_day",True,b664f5e78c74d4fe293090658b27ab12347d4979,143,73,68,5,0,53,0.37735849056603776,0.003293642372149604,-0.0105234013362879,1.0586538396713565,-0.4519008788283687,0.2882668010828573,-0.1192656039362559,1.8962302175121102,6,27,0.8772835449702332,26,1.2067407917781903,1,True,75.0,0.4,0.004972834636727292,-0.0093360862987952,1.194248963578929,-0.48428819768074205,0.4527951871228668,-0.1192656039362559,1.834193573701936,6.0,133.0,0.5639097744360902,0.02979044425482457,0.010606999842834385,30.556144986506997,-0.38264204697764426,0.4892913885103991,-0.13823939725321072,2.195853642439911,6.0,73.0,45.0,50.0,34.0,37.0,12.0,False,False,False,False
time_any__open_ge5__speed_ge11__recent5_ge10pct,TIME_FREE,回封时间不限；第5次及以后炸板后的回封；最后炸板11分钟后回封；回封前5分钟成交额至少前日10%,"last_break_to_signal_minutes,open_times_at_signal,signal_recent_5m_amount_vs_prev_day",True,39091baa9d4269a1a7be0a1bfbdbabf33aaebc0f,76,63,54,9,0,41,0.3902439024390244,0.0037063701573562115,-0.0152682640231578,1.0586487869073598,-0.3049076850620501,0.2882668010828573,-0.1027534245692308,1.8226439009845963,6,20,1.293466286909834,21,0.8184587396062196,1,True,64.0,0.4375,0.012984312088887163,-0.01108214268925728,1.8524904821914823,-0.3322678849128605,0.4527951871228668,-0.1027534245692308,2.0726121420391816,6.0,135.0,0.6296296296296297,0.039930298295062575,0.017455902077423015,114.41696578958765,-0.21704359292916486,0.4892913885103991,-0.13823939725321072,2.2521451224940043,4.0,59.0,46.0,37.0,41.0,41.0,16.0,False,False,False,False
time_1300_1359__open_eq1__speed_any__ever_40_100,SPEED_FREE,13:00~13:59回封；第1次炸板后的回封；回封速度不限；信号时全市场已有40~100只首板触板,"market_ever_sealed_count,open_times_at_signal,signal_hhmm",True,dea3a1162741f0a249c3206ea820830bc9915de1,2141,387,283,104,0,128,0.4453125,0.0024160479291971846,-0.0079302474551536,1.058052931658174,-0.607688345245883,0.2877539667175889,-0.1666821330911661,1.378669683168964,6,58,0.5962622055950545,70,1.7744759297669441,1,True,128.0,0.4453125,0.0024160479291971846,-0.0079302474551536,1.058052931658174,-0.607688345245883,0.2877539667175889,-0.1666821330911661,1.378669683168964,6.0,146.0,0.4931506849315068,0.013539316697505676,-0.003062521346827278,4.705559578436302,-0.4847850985755,0.4892913885103991,-0.1666821330911661,1.7380150460479902,4.0,387.0,5.0,106.0,14.0,17.0,9.0,False,False,False,False
time_any__open_ge5__speed_ge11__break_close_le0_5,TIME_FREE,回封时间不限；第5次及以后炸板后的回封；最后炸板11分钟后回封；最后炸板分钟收盘回落不超0.5%,"last_break_close_depth_pct,last_break_to_signal_minutes,open_times_at_signal",True,2e74b417f0688aac36d03a89fa81b29ef30b9317,697,227,208,19,0,106,0.44339622641509435,0.0021764558960226444,-0.0069478155599555,1.0573359953849693,-0.5921308538384242,0.2858048076223851,-0.1038956854614624,1.386413981032698,7,56,1.9371455672229503,50,0.5458216528873167,1,True,110.0,0.43636363636363634,-0.0001797574005982166,-0.01118211786425345,0.802871948248158,-0.733188317571295,0.2858048076223851,-0.1923385811861804,1.2814905853207141,11.0,141.0,0.5390070921985816,0.019600276122197766,0.0046873016632795,10.33388678239828,-0.22675575083552013,0.3687231660523884,-0.14417251000998996,1.7623988406438398,6.0,223.0,24.0,83.0,23.0,24.0,11.0,False,False,False,False
time_any__open_ge2__speed_6_10__seal_rate_40_60,TIME_FREE,回封时间不限；第2次及以后炸板后的回封；最后炸板后6~10分钟回封；信号时全市场首板封住率40%~60%,"last_break_to_signal_minutes,market_seal_rate,open_times_at_signal",True,ac63a19d93aff4e692a5f4976d41655c97e5af20,206,75,63,12,0,44,0.5,0.00318340616240152,0.0020712748529611,1.0571488247228378,-0.3451206168892217,0.2566166619278637,-0.1035261419199491,1.145709111260513,4,25,1.313342878948155,19,0.8049298029235895,1,True,64.0,0.453125,0.0018609402238971172,-0.006213154406546699,1.0084648270975918,-0.4126679811329558,0.2566166619278637,-0.1035261419199491,1.3124036048588106,6.0,137.0,0.6496350364963503,0.03572663533555446,0.019180342510750216,79.6693850510158,-0.2297053474471087,0.3687231660523884,-0.13823939725321072,1.9023947733619617,6.0,74.0,48.0,41.0,36.0,43.0,17.0,False,False,False,False
time_any__open_ge5__speed_any__duration_16_30,TIME_FREE+SPEED_FREE,回封时间不限；第5次及以后炸板后的回封；回封速度不限；首封后16~30分钟形成回封,"first_to_signal_minutes,open_times_at_signal",True,6c6e832524c19feae2d53cc919468da507ad9170,392,88,74,14,0,56,0.48214285714285715,0.0022301008294654647,-0.0013986653999999502,1.055359366313108,-0.34666358477347303,0.137297320831579,-0.1192656039362559,1.1980507260138553,6,25,0.8429043476962578,31,1.252051160013008,1,True,73.0,0.4931506849315068,0.011521842207669993,-0.0013986653999999,1.873328500334041,-0.45270527171848607,0.4527951871228668,-0.1192656039362559,1.6128782230935252,7.0,133.0,0.6240601503759399,0.03631238502061422,0.01838722394693575,67.00178061377672,-0.3402588678317078,0.4892913885103991,-0.1192656039362559,2.0101753899791324,7.0,88.0,41.0,44.0,38.0,37.0,14.0,False,False,False,False
time_1300_1454__open_eq2__speed_any__growth_board,SPEED_FREE,13:00~14:54回封；第2次炸板后的回封；回封速度不限；仅创业板或科创板,"market_segment,open_times_at_signal,signal_hhmm",True,77c2660e65573d8437856a93c38a394e54488b66,726,285,218,67,0,115,0.4434782608695652,0.002374835834033056,-0.0095646428502288,1.0550630037012585,-0.359866828297432,0.2124694253476716,-0.1293101803360104,1.3849363985893184,7,54,0.8493317781447696,61,1.2422271612229978,1,True,118.0,0.4406779661016949,0.005944819493408553,-0.0091587105042772,1.4909299040726662,-0.34931691359271966,0.4527951871228668,-0.1293101803360104,1.600648352650511,8.0,146.0,0.5205479452054794,0.019125298341872515,0.0030934355804669526,10.750482682477148,-0.252259475934973,0.3687231660523884,-0.13823939725321072,1.9412088597287378,5.0,281.0,12.0,92.0,23.0,22.0,9.0,False,False,False,False
time_1400_1429__open_eq4__speed_le5,STRUCTURAL_GRID,14:00~14:29回封；第4次炸板后的回封；最后炸板后5分钟内回封,"last_break_to_signal_minutes,open_times_at_signal,signal_hhmm",True,601613cc7f024dede14d0c4cb8ba4b3e88b6d85c,566,231,198,33,0,104,0.46153846153846156,0.002775509382293511,-0.00642512479113075,1.0544149932293798,-0.502172053942964,0.2971055310979901,-0.1389379853296101,1.3043930335496154,8,49,0.7930698929556605,55,1.3295360252546247,1,True,109.0,0.46788990825688076,0.0027476440049138875,-0.0060218649410526,1.0544903537817938,-0.51900087198152,0.2971055310979901,-0.1389379853296101,1.267863103360611,8.0,138.0,0.5144927536231884,0.01638414322770133,0.004766441950549516,6.321390300217528,-0.4690574094889013,0.3687231660523884,-0.1521254777099999,1.7139889582909653,8.0,229.0,18.0,83.0,22.0,25.0,8.0,False,False,False,False
time_1300_1359__open_2_3__speed_any__seal_rate_ge60,SPEED_FREE,13:00~13:59回封；第2~3次炸板后的回封；回封速度不限；信号时全市场首板封住率至少60%,"market_seal_rate,open_times_at_signal,signal_hhmm",True,9f0776d6948142afc90e068907b23605db419a59,3143,432,338,94,0,139,0.4676258992805755,0.0027003314645187948,-0.0050855821378803,1.0529516845482496,-0.5547790950219826,0.2858048076223851,-0.1448483447080645,1.2640047928811502,8,68,0.49521010491252465,71,2.1262726145991038,1,True,139.0,0.4676258992805755,0.0027003314645187948,-0.0050855821378803,1.0529516845482496,-0.5547790950219826,0.2858048076223851,-0.1448483447080645,1.2640047928811502,8.0,150.0,0.49333333333333335,0.006410007523594943,-0.00258144086606815,1.7046344315269473,-0.46224790049371534,0.3687231660523884,-0.2040006245101206,1.2943788245059136,9.0,432.0,0.0,119.0,13.0,12.0,6.0,False,False,False,False
time_1300_1454__open_3_5__speed_any__duration_16_30,SPEED_FREE,13:00~14:54回封；第3~5次炸板后的回封；回封速度不限；首封后16~30分钟形成回封,"first_to_signal_minutes,open_times_at_signal,signal_hhmm",True,ca3cbcfc507b0ff7c025cedfee1035170a4843a7,914,190,166,24,0,97,0.4845360824742268,0.0027971289886560015,-0.0013986654,1.052833776276342,-0.4256596475376998,0.2858048076223851,-0.1889700166746791,1.1840744676033366,6,44,0.9650714036044175,53,1.0909387350450368,1,True,100.0,0.45,0.0005680771844215026,-0.006687517921926022,0.8629908741982363,-0.46762927133422094,0.2858048076223851,-0.1889700166746791,1.250670082162526,11.0,143.0,0.5524475524475524,0.025355317335779542,0.00582372569522309,20.906177524796995,-0.29395465583394975,0.4892913885103991,-0.1889700166746791,1.9076880252856776,5.0,186.0,24.0,64.0,38.0,31.0,10.0,False,False,False,False
time_1300_1359__open_eq1__speed_any__duration_31_60,SPEED_FREE,13:00~13:59回封；第1次炸板后的回封；回封速度不限；首封后31~60分钟形成回封,"first_to_signal_minutes,open_times_at_signal,signal_hhmm",True,f02efe398a44303e5438fd14fb25cbd48e33f018,403,238,173,65,0,93,0.4731182795698925,0.0020392117728365118,-0.0055247986020876,1.052353706662056,-0.45632513053535617,0.1585663049947058,-0.1523525620350246,1.2280380816803864,7,45,0.6051720792981955,48,1.738933012049146,1,True,96.0,0.46875,0.0018869206600210682,-0.00555850454910235,1.0425268705892183,-0.44669991352143956,0.1585663049947058,-0.1523525620350246,1.2421245500622298,7.0,135.0,0.5481481481481482,0.021348522953730666,0.008292640894970553,11.318287043300005,-0.2856398507445843,0.4892913885103991,-0.1523525620350246,1.8191070579821633,7.0,238.0,8.0,71.0,27.0,28.0,9.0,False,False,False,False
time_1400_1454__open_ge5__speed_any__seal_rate_40_60,SPEED_FREE,14:00~14:54回封；第5次及以后炸板后的回封；回封速度不限；信号时全市场首板封住率40%~60%,"market_seal_rate,open_times_at_signal,signal_hhmm",True,13596f088ef51ba4d4aa223ab097fed9d0444368,653,58,53,5,0,42,0.42857142857142855,0.0031324294039322296,-0.00706405196088655,1.0521668157491888,-0.27666727152495896,0.2858048076223851,-0.0964969579538461,1.5446950596030957,7,26,1.098527214346521,16,0.9577976785719318,1,True,62.0,0.43548387096774194,-0.00041316863195291995,-0.009480189359407202,0.8922099998283073,-0.3769954196059684,0.1382973329857442,-0.0964969579538461,1.27181257708938,7.0,137.0,0.6204379562043796,0.03731459640442458,0.0180513205571536,98.83605351501501,-0.2297053474471087,0.3687231660523884,-0.13823939725321072,2.3736597921099056,5.0,57.0,50.0,38.0,38.0,43.0,18.0,False,False,False,False
time_1400_1454__open_any__speed_any__duration_61_120,OPEN_COUNT_FREE+SPEED_FREE,14:00~14:54回封；炸板/回封次数不限；回封速度不限；首封后61~120分钟形成回封,"first_to_signal_minutes,signal_hhmm",True,674298e21e645910cd092a8835ba40f3242370f8,2840,384,296,88,0,130,0.4461538461538462,0.002071047321372838,-0.0106358547933948,1.0520137770466798,-0.6088070517672477,0.2877539667175889,-0.1812881900572455,1.372981432902056,6,66,1.1511259597711272,64,0.9138997936036866,1,True,131.0,0.45038167938931295,0.003392537940658807,-0.0102292935757482,1.2541863657980588,-0.5732349224523765,0.2877539667175889,-0.1812881900572455,1.4410493046224113,6.0,151.0,0.5231788079470199,0.01278396888987375,0.004544094725274752,4.7691018014687465,-0.4137081416824988,0.2877539667175889,-0.1812881900572455,1.5106413452572403,6.0,377.0,8.0,112.0,21.0,14.0,4.0,False,False,False,False
time_1400_1454__open_any__speed_6_10__ever_20_60,OPEN_COUNT_FREE,14:00~14:54回封；炸板/回封次数不限；最后炸板后6~10分钟回封；信号时全市场已有20~60只首板触板,"last_break_to_signal_minutes,market_ever_sealed_count,signal_hhmm",True,c02cf9e9c43f3df41b3f0e9fe77435487ccfb56c,207,123,92,31,0,66,0.4393939393939394,0.0034075508735287217,-0.005681977066723401,1.0488033800500807,-0.48384168841335506,0.2877539667175889,-0.1627866280771597,1.446568029312399,6,34,0.8103637824637944,32,1.294237727235718,1,True,96.0,0.4895833333333333,0.012494474790787503,-0.00161590191393705,2.453650227575009,-0.41152013754240346,0.4527951871228668,-0.1627866280771597,1.6495912941353872,6.0,143.0,0.5874125874125874,0.029603825960637164,0.010606999842834385,38.33342682617691,-0.2297053474471087,0.4892913885103991,-0.13823939725321072,2.0141029198951492,4.0,123.0,53.0,64.0,33.0,32.0,14.0,True,False,False,False
time_1400_1429__open_eq4__speed_any__pre_low_ge0,SPEED_FREE,14:00~14:29回封；第4次炸板后的回封；回封速度不限；信号前最低价不低于昨收,"open_times_at_signal,pre_signal_min_return,signal_hhmm",True,8a56a267c3d4db754b1f9e66176bd0aa75c37d2d,412,165,149,16,0,89,0.48314606741573035,0.002900222851394443,-0.0038637951833488,1.0482984952308434,-0.5207377021712268,0.2971055310979901,-0.1595638622725343,1.2109829050047973,7,41,0.7443658967269517,48,1.4083107512586381,1,True,96.0,0.4791666666666667,0.0024978934780430927,-0.0046942968927182,1.0489289895757843,-0.47254575314080605,0.2888703665893359,-0.1595638622725343,1.213294966597982,8.0,141.0,0.5460992907801419,0.026884272110115078,0.0066278437496161925,26.339644139676555,-0.22610018069951943,0.3687231660523884,-0.1595638622725343,2.1903826516203213,5.0,163.0,27.0,72.0,28.0,31.0,10.0,False,False,False,False
time_1300_1359__open_eq2__speed_2_5,STRUCTURAL_GRID,13:00~13:59回封；第2次炸板后的回封；最后炸板后2~5分钟回封,"last_break_to_signal_minutes,open_times_at_signal,signal_hhmm",True,dd6e1d17e9f4218f0bc30b58f5f2b7f43bd090ca,692,301,255,46,0,121,0.4628099173553719,0.002316494762376212,-0.0037642163321364,1.046930923504665,-0.568198027347738,0.2884293871007067,-0.1228870697069393,1.2890761599019218,4,57,0.45137101128897056,64,2.3194465247446163,1,True,123.0,0.4715447154471545,0.0019480509490128763,-0.0033283421448687,1.0048208029475365,-0.596182813820042,0.2884293871007067,-0.1228870697069393,1.2249126581127963,4.0,146.0,0.4794520547945205,0.011676589327510806,-0.003954871433895291,3.4074119811840964,-0.4574325108211078,0.4892913885103991,-0.1228870697069393,1.6738519735611612,7.0,301.0,5.0,103.0,19.0,18.0,6.0,False,False,False,False
time_1400_1454__open_ge2__speed_any__duration_ge121,SPEED_FREE,14:00~14:54回封；第2次及以后炸板后的回封；回封速度不限；首封121分钟后形成回封,"first_to_signal_minutes,open_times_at_signal,signal_hhmm",True,a154a950eaa163b1f187d0662ffa213ef18c1a54,3558,424,354,70,0,145,0.42758620689655175,0.0026736509433119404,-0.008094366714839,1.0465374580327178,-0.6394289745487971,0.3721270239550671,-0.11585787828,1.4919807138841332,9,73,0.9728732559780147,72,1.0757181900129928,1,True,145.0,0.42758620689655175,0.0027705701405707573,-0.008094366714839,1.0608475660222452,-0.6394289745487971,0.3721270239550671,-0.11585787828,1.4975367517260783,9.0,153.0,0.477124183006536,0.006634447948080153,-0.0013986654,1.8720810978253988,-0.6275138188476279,0.3721270239550671,-0.1604044205087896,1.4116915440485667,7.0,417.0,10.0,129.0,9.0,8.0,7.0,False,False,False,False
time_any__open_any__speed_any__duration_61_120__seal_rate_ge60,PURE_QUALITY_PAIR_ALL_TIME_AND_OPEN_COUNT,回封时间不限；炸板/回封次数不限；回封速度不限；首封后61~120分钟形成回封；信号时全市场首板封住率至少60%,"first_to_signal_minutes,market_seal_rate",True,d50ff76806b27ecd0c4f907e7f36d9ea0185a4f6,5975,468,364,104,0,141,0.48936170212765956,0.0027652505660137002,-0.000596222117905,1.0443102148820749,-0.721373503878922,0.2559726948000001,-0.1923385811861804,1.1567766224904772,7,72,1.1932719227800896,69,0.8751653289964589,1,True,141.0,0.48936170212765956,0.0027652505660137002,-0.000596222117905,1.0443102148820749,-0.721373503878922,0.2559726948000001,-0.1923385811861804,1.1567766224904772,7.0,155.0,0.5225806451612903,0.013822098099361016,0.004544094725274752,5.6608059199150516,-0.37942315898758594,0.3687231660523884,-0.1780617093150838,1.567143872108459,6.0,468.0,0.0,118.0,13.0,17.0,7.0,False,False,False,False
time_1400_1429__open_any__speed_le5__recent5_ge10pct,OPEN_COUNT_FREE,14:00~14:29回封；炸板/回封次数不限；最后炸板后5分钟内回封；回封前5分钟成交额至少前日10%,"last_break_to_signal_minutes,signal_hhmm,signal_recent_5m_amount_vs_prev_day",True,2e783425dc07f628aae704b43c09acaa2da48ec0,1203,339,269,70,0,127,0.49606299212598426,0.0017428924581590394,-0.0009714241972762,1.0441199718221401,-0.5582478866122943,0.2971055310979901,-0.1448809394999999,1.1147883949552582,6,66,0.5722182036738506,61,1.8246884931631089,1,True,130.0,0.5076923076923077,0.0023744517396170005,0.0012203234881575501,1.132845407331816,-0.5845366966612127,0.2971055310979901,-0.1448809394999999,1.0980930932992012,6.0,148.0,0.5405405405405406,0.01616766207569599,0.00359715397105855,7.30784915815885,-0.2845079122871763,0.3687231660523884,-0.17629142067722955,1.606413371005797,7.0,335.0,10.0,100.0,26.0,16.0,6.0,False,False,False,False
time_1300_1359__open_any__speed_6_10__seal_rate_40_60,OPEN_COUNT_FREE,13:00~13:59回封；炸板/回封次数不限；最后炸板后6~10分钟回封；信号时全市场首板封住率40%~60%,"last_break_to_signal_minutes,market_seal_rate,signal_hhmm",True,19fe5aec3c7c9892c82d8bbc1c6b912f25e234ac,106,43,34,9,0,29,0.4482758620689655,0.0025015018744414226,-0.0055981435278917,1.043342360481512,-0.20595795495582692,0.1369239803572005,-0.0848071231750459,1.431132255228961,3,16,1.187609892496778,13,0.8785227936153642,1,True,58.0,0.5,0.014300831534551415,0.0003025046622602001,1.970617332707123,-0.36043494563941514,0.4527951871228668,-0.0848071231750459,1.8945603726009412,7.0,134.0,0.6716417910447762,0.045685124627126227,0.02045706523372341,235.4547451108187,-0.2297053474471087,0.4892913885103991,-0.13823939725321072,2.4571084281066597,4.0,43.0,50.0,37.0,37.0,44.0,16.0,False,False,False,False
time_any__open_ge2__speed_6_10__break_rate_le50,TIME_FREE,回封时间不限；第2次及以后炸板后的回封；最后炸板后6~10分钟回封；信号时累计炸板事件率不超50%,"last_break_to_signal_minutes,market_break_event_rate,open_times_at_signal",True,8c538588a15047b38ba735fd8a02f51c5064ffdf,142,104,87,17,0,58,0.46551724137931033,0.0033367653421994357,-0.00632964197497525,1.0419769605729508,-0.3692432719493055,0.1781115042799343,-0.16676560959,1.2943958370929474,4,30,0.8962540491381991,28,1.1625910773567751,1,True,72.0,0.4861111111111111,0.008115821268883688,-0.00532537803512205,1.530026917581886,-0.28845855919384245,0.1781115042799343,-0.16676560959,1.4659385421805617,4.0,137.0,0.635036496350365,0.03523136439887043,0.017455902077423015,70.40154595068566,-0.3188507405598564,0.4892913885103991,-0.16676560959,1.939569800624713,5.0,104.0,34.0,42.0,38.0,42.0,15.0,False,False,False,False
time_any__open_3_5__speed_le1__seal_rate_40_60,TIME_FREE,回封时间不限；第3~5次炸板后的回封；最后炸板后1分钟内回封；信号时全市场首板封住率40%~60%,"last_break_to_signal_minutes,market_seal_rate,open_times_at_signal",True,c6830366edc626da00491ebc1ab7084d2e765e1d,393,84,69,15,0,51,0.45098039215686275,0.0028225792749709986,-0.0096208923528861,1.0411694805606475,-0.3279704566879972,0.1371647242864246,-0.1186095371999999,1.3531756893279925,5,30,1.1143716339193683,21,0.9343108249253788,1,True,70.0,0.4714285714285714,0.007936192284289142,-0.008026358397448499,1.4481329208937732,-0.41155613540707436,0.4527951871228668,-0.0965162086203549,1.5233059240487332,8.0,137.0,0.6277372262773723,0.036916051279076614,0.01838722394693575,86.27153788737917,-0.22970534744710858,0.4527951871228668,-0.14417251000998996,2.0308903698111367,4.0,83.0,47.0,43.0,37.0,41.0,16.0,False,False,False,False
time_1001_1359__open_any__speed_le1__duration_16_30,OPEN_COUNT_FREE,10:01~13:59回封；炸板/回封次数不限；最后炸板后1分钟内回封；首封后16~30分钟形成回封,"first_to_signal_minutes,last_break_to_signal_minutes,signal_hhmm",True,bc95dfffda56f6ec429d29ffdf7e710f0d378f84,1039,316,257,59,0,122,0.5,0.002467859602327131,0.0007062842280934499,1.0411596677689372,-0.5535550293596452,0.138151360155665,-0.189337554306236,1.1010976594895934,5,57,0.8643563783245893,65,1.2045490654989455,1,True,124.0,0.49193548387096775,0.0024677419367505143,-0.00164189583306385,1.0469442952361878,-0.5510746049639172,0.138151360155665,-0.189337554306236,1.1385476452355263,5.0,148.0,0.5337837837837838,0.019258503587513392,0.0041616422835805255,10.01396845522688,-0.3243050558145182,0.4892913885103991,-0.189337554306236,1.7071655468886153,4.0,316.0,5.0,93.0,27.0,21.0,7.0,False,False,False,False
time_any__open_eq2__speed_le2__growth_board,TIME_FREE,回封时间不限；第2次炸板后的回封；最后炸板后2分钟内回封；仅创业板或科创板,"last_break_to_signal_minutes,market_segment,open_times_at_signal",True,86218df4e5d5355d3d975abf3e1f8a58884e812d,546,245,184,61,0,98,0.4489795918367347,0.004207316469911152,-0.0131896068112408,1.0408812232299276,-0.564868568798292,0.2888703665893359,-0.2040006245101206,1.403048674207114,6,45,0.8198894863373408,53,1.2695384446016185,1,True,104.0,0.4423076923076923,0.010499305583343648,-0.01035267767114025,1.8853824087286963,-0.49507055868906547,0.4527951871228668,-0.2040006245101206,1.744999914301109,6.0,138.0,0.572463768115942,0.03228136360390732,0.018455343904997756,43.1981614222529,-0.37084326215868324,0.4527951871228668,-0.2040006245101206,1.8731189478954469,6.0,241.0,19.0,80.0,23.0,24.0,11.0,False,False,False,False
time_before_1400__open_any__speed_6_10__break_low_le2,OPEN_COUNT_FREE,14:00前回封；炸板/回封次数不限；最后炸板后6~10分钟回封；最后炸板分钟最低回落不超2%,"last_break_low_depth_pct,last_break_to_signal_minutes,signal_hhmm",True,edd2aeaa7dee9360194e626ecf94c69747e6de80,2250,445,321,124,0,135,0.45925925925925926,0.0023320118480842835,-0.0037055434902246,1.0375892126652189,-0.4571571506720483,0.3090002845557691,-0.1370202417594448,1.29651476446265,7,65,1.1369683749305108,70,0.9125928526627973,1,True,135.0,0.45925925925925926,0.0023320118480842835,-0.0037055434902246,1.0375892126652189,-0.4571571506720483,0.3090002845557691,-0.1370202417594448,1.29651476446265,7.0,145.0,0.4206896551724138,0.003124928596261505,-0.0068281652852017,1.1229505059774445,-0.43955768570202636,0.3090002845557691,-0.17629142067722955,1.5526545048585267,8.0,445.0,0.0,115.0,8.0,13.0,9.0,False,False,False,False
time_1001_1130__open_ge2__speed_any__duration_61_120,SPEED_FREE,10:01~11:30回封；第2次及以后炸板后的回封；回封速度不限；首封后61~120分钟形成回封,"first_to_signal_minutes,open_times_at_signal,signal_hhmm",True,6d22e2452a757bb1df54ba8ad48d55467acf0f40,1661,355,305,50,0,130,0.47692307692307695,0.0033549704093868288,-0.0052461159413651,1.037442362114238,-0.6241397772593447,0.2881093435036007,-0.1604044205087896,1.2251867424352378,8,67,0.6976213520287311,63,1.487113832019739,1,True,131.0,0.48091603053435117,0.003585669514167954,-0.0050184782274726,1.072276100711008,-0.6241397772593444,0.2881093435036007,-0.1604044205087896,1.2154682098877665,8.0,142.0,0.4788732394366197,0.015663902543547267,-0.0012355834431092864,4.7377965421815285,-0.4614054913680872,0.5231929254879739,-0.189337554306236,1.7641275429472951,5.0,355.0,9.0,111.0,9.0,18.0,4.0,False,False,False,False
time_before_1400__open_2_3__speed_6_10,STRUCTURAL_GRID,14:00前回封；第2~3次炸板后的回封；最后炸板后6~10分钟回封,"last_break_to_signal_minutes,open_times_at_signal,signal_hhmm",True,3c90cc1c19f805670f6f6a9ce554bbf94d95f68f,813,327,258,69,0,120,0.49166666666666664,0.0028139638670039917,-0.00405014413026475,1.0371318330127852,-0.5194448372383694,0.2559726948000001,-0.189337554306236,1.1494482979232623,5,57,1.4032892803951298,63,0.7390720128074777,1,True,122.0,0.48360655737704916,0.002783139051029476,-0.00590575962311795,1.038872240771764,-0.5314878167265162,0.2559726948000001,-0.189337554306236,1.187210447116429,5.0,146.0,0.4931506849315068,0.007776117799209214,-0.0015382701035729644,2.1021916039418604,-0.5809712138021823,0.25794581579670345,-0.17629142067722955,1.3731549208354252,6.0,327.0,5.0,95.0,17.0,25.0,9.0,False,False,False,False
time_any__open_eq4__speed_2_5__seal_rate_40_60,TIME_FREE,回封时间不限；第4次炸板后的回封；最后炸板后2~5分钟回封；信号时全市场首板封住率40%~60%,"last_break_to_signal_minutes,market_seal_rate,open_times_at_signal",True,19d131c83615637649c1469bdafc9d5be1838d21,109,45,39,6,0,33,0.48484848484848486,0.002930888562614308,-0.0010302057050335,1.0355010864472094,-0.25377838543023135,0.1371718851851162,-0.0965162086203549,1.1997745582442498,3,17,0.8035853543365569,16,1.2886012429907,1,True,54.0,0.46296296296296297,0.0032506061127897173,-0.0055608304473737,1.0931439064757815,-0.2757839662728897,0.1382973329857442,-0.0965162086203549,1.3380153314374446,4.0,132.0,0.6439393939393939,0.04271414175819587,0.02045706523372341,152.21841228250696,-0.22970534744710858,0.4892913885103991,-0.13823939725321072,2.361329394905966,7.0,44.0,49.0,33.0,39.0,43.0,17.0,False,False,False,False
time_1400_1454__open_eq2__speed_any__ever_40_150,SPEED_FREE,14:00~14:54回封；第2次炸板后的回封；回封速度不限；信号时全市场已有40~150只首板触板,"market_ever_sealed_count,open_times_at_signal,signal_hhmm",True,e8c1c72803760573a58e2ac53bb1d5d51048eb62,1544,396,307,89,0,132,0.42424242424242425,0.002080654693335913,-0.004801637021644651,1.035149212881036,-0.60566215553325,0.2877539667175889,-0.1549778471938946,1.4980311669133313,11,66,2.2934337203201296,66,0.4513534460182894,1,True,132.0,0.42424242424242425,0.0024421274812403498,-0.004801637021644651,1.0824097261687997,-0.60566215553325,0.2877539667175889,-0.1549778471938946,1.522507736850184,11.0,148.0,0.46621621621621623,0.006373917144828936,-0.00335606794385435,1.7587584401853786,-0.4413239697620285,0.3687231660523884,-0.1549778471938946,1.4812056328674144,5.0,391.0,7.0,107.0,20.0,15.0,6.0,False,False,False,False
time_1400_1454__open_any__speed_6_10__recent5_ge5pct,OPEN_COUNT_FREE,14:00~14:54回封；炸板/回封次数不限；最后炸板后6~10分钟回封；回封前5分钟成交额至少前日5%,"last_break_to_signal_minutes,signal_hhmm,signal_recent_5m_amount_vs_prev_day",True,b726a0c5c78f94faead569e9107c15d564f8d307,507,245,176,69,0,101,0.4158415841584158,0.0018699745312745967,-0.0050118606537476,1.0341958408652778,-0.4239459600590162,0.2877539667175889,-0.1098246868368515,1.5412945838125487,8,52,0.9301942956560248,49,1.1118062599340122,1,True,107.0,0.3925233644859813,0.0018859628982036119,-0.0063520934796992,1.0298379901714816,-0.47960643739341524,0.2877539667175889,-0.1098246868368515,1.6971087322040428,7.0,145.0,0.4896551724137931,0.017152561908170046,-0.0015329237930303,7.769169384707814,-0.4023468935341583,0.3687231660523884,-0.17629142067722955,2.0020432629577285,7.0,239.0,25.0,81.0,29.0,29.0,6.0,False,False,False,False
time_1400_1454__open_any__speed_6_10__break_close_le0_5,OPEN_COUNT_FREE,14:00~14:54回封；炸板/回封次数不限；最后炸板后6~10分钟回封；最后炸板分钟收盘回落不超0.5%,"last_break_close_depth_pct,last_break_to_signal_minutes,signal_hhmm",True,1ae1e48d330dc45d7ecd042aafe528a6bd1baeab,745,277,228,49,0,114,0.4473684210526316,0.0021401179528633464,-0.00373651180077935,1.0337454382434952,-0.5918153789619469,0.2877539667175889,-0.109385915162897,1.3522459018497723,12,54,0.8386367705510471,60,1.2326497889715078,1,True,119.0,0.453781512605042,0.00439419376747598,-0.0034703821754717,1.3851685082110965,-0.45573829082380524,0.2877539667175889,-0.1038956854614624,1.4714597090860797,6.0,147.0,0.4965986394557823,0.010959818840943604,-0.0013986653999999,3.496177084251663,-0.45896804657569157,0.3687231660523884,-0.14417251000998996,1.5650280971451132,6.0,270.0,19.0,93.0,26.0,21.0,7.0,False,False,False,False
time_1400_1429__open_any__speed_6_10__amount_ge1,OPEN_COUNT_FREE,14:00~14:29回封；炸板/回封次数不限；最后炸板后6~10分钟回封；信号前成交额至少前日1倍,"last_break_to_signal_minutes,signal_cumulative_amount_vs_prev_day,signal_hhmm",True,358d14e5dc22c92845ddc69fabe6fb8dfe0c5524,494,244,198,46,0,115,0.4434782608695652,0.002085399747361228,-0.0062938178552321,1.0336579771638537,-0.578501117350283,0.1813358274087592,-0.1098246868368515,1.371349597405802,10,58,0.9856869640138888,57,1.0486675941767745,1,True,121.0,0.45454545454545453,0.0011765035887669247,-0.0048660650557894,0.9405117087524019,-0.5354319994625993,0.1813358274087592,-0.1098246868368515,1.264600556326992,10.0,144.0,0.5486111111111112,0.014704136337854985,0.005200090408932474,5.500720711572346,-0.6472572557557283,0.3687231660523884,-0.17629142067722955,1.4176432402288357,7.0,239.0,20.0,92.0,21.0,22.0,9.0,False,False,False,False
time_1430_1454__open_any__speed_ge11__seal_rate_40_60,OPEN_COUNT_FREE,14:30~14:54回封；炸板/回封次数不限；最后炸板11分钟后回封；信号时全市场首板封住率40%~60%,"last_break_to_signal_minutes,market_seal_rate,signal_hhmm",True,791dfe015bc0553d1cd92a1c7116ff243002eb37,312,46,36,10,0,30,0.4,0.0027455995253012028,-0.0123852029823181,1.0301812771213625,-0.2311052155418547,0.1373483871004417,-0.0855853944,1.6858126212619053,3,18,1.197012872363159,12,0.8606267325158872,1,True,56.0,0.42857142857142855,0.008724564832109885,-0.013039492806338853,1.3575419679616276,-0.45214700963802945,0.4527951871228668,-0.0928448622922388,1.811274938693395,5.0,132.0,0.6515151515151515,0.04190124702668448,0.020508964637884326,138.93341921226968,-0.2297053474471087,0.4527951871228668,-0.1797108099429871,2.200211567746346,4.0,44.0,52.0,32.0,38.0,44.0,18.0,False,False,False,False
time_1400_1454__open_eq4__speed_any__duration_31_60,SPEED_FREE,14:00~14:54回封；第4次炸板后的回封；回封速度不限；首封后31~60分钟形成回封,"first_to_signal_minutes,open_times_at_signal,signal_hhmm",True,5511ed3cc450d01941c77f99d1f6d788d3ae470e,236,132,108,24,0,72,0.5138888888888888,0.0026100358843811127,0.00142358189191325,1.0280932768605024,-0.3167089418474188,0.2804551011527076,-0.1889700166746791,1.0545171099953612,4,31,0.9501651505924961,41,1.0820153488258457,1,True,87.0,0.4942528735632184,0.004536128707110568,-0.0039721260820311,1.2518069110583752,-0.43103616533643774,0.2804551011527076,-0.1889700166746791,1.245319375729075,5.0,134.0,0.5970149253731343,0.027398642453513915,0.01162142850096361,24.853400075211482,-0.2505865426246655,0.3687231660523884,-0.1889700166746791,1.769924130268543,5.0,129.0,36.0,53.0,35.0,31.0,15.0,False,False,False,False
time_1300_1359__open_any__speed_6_10__break_close_le0_5,OPEN_COUNT_FREE,13:00~13:59回封；炸板/回封次数不限；最后炸板后6~10分钟回封；最后炸板分钟收盘回落不超0.5%,"last_break_close_depth_pct,last_break_to_signal_minutes,signal_hhmm",True,14ec50233b0312c166e0028907015f4766b4492f,683,270,224,46,0,109,0.47706422018348627,0.0016993156371484333,-0.0013986654,1.0278708945173956,-0.3889361796308676,0.1483123719988254,-0.1370202417594448,1.1911805434954021,6,50,0.90584826162915,59,1.1347053784358883,1,True,110.0,0.45454545454545453,0.0013868939088160905,-0.0023434978488451,0.9936514410673568,-0.4253526751954747,0.1483123719988254,-0.1370202417594448,1.2843695386672833,6.0,144.0,0.5555555555555556,0.021618688779562155,0.003978588987156202,14.031274233607853,-0.2828829214203513,0.4892913885103991,-0.1043668645883486,1.8468225666769638,4.0,270.0,10.0,87.0,25.0,24.0,8.0,False,False,False,False
time_1400_1454__open_any__speed_6_10__seal_rate_ge60,OPEN_COUNT_FREE,14:00~14:54回封；炸板/回封次数不限；最后炸板后6~10分钟回封；信号时全市场首板封住率至少60%,"last_break_to_signal_minutes,market_seal_rate,signal_hhmm",True,60c360a7248b03c730de5915c079a1d6ded2d22f,756,302,235,67,0,119,0.44537815126050423,0.0017101064279916272,-0.0042967946627087,1.027693178180242,-0.5635942856360386,0.1813358274087592,-0.1627866280771597,1.350384547012417,9,59,0.6652750190818711,60,1.5447644187790712,1,True,123.0,0.44715447154471544,0.0018988385358335814,-0.0042967946627087,1.054619928245824,-0.5429087744147066,0.1813358274087592,-0.1627866280771597,1.3553593966080617,9.0,147.0,0.5170068027210885,0.013513361474555249,0.0028723617286871,4.903963884563787,-0.45694656243154175,0.4892913885103991,-0.11849477438811166,1.6173631701009654,7.0,294.0,19.0,94.0,25.0,24.0,4.0,False,False,False,False
time_0930_1000__open_eq4__speed_any__amount_ge1,SPEED_FREE,09:30~10:00回封；第4次炸板后的回封；回封速度不限；信号前成交额至少前日1倍,"open_times_at_signal,signal_cumulative_amount_vs_prev_day,signal_hhmm",True,9ccfe971be42e3b6cfcfae40ab6c2bd0e9858004,29,29,25,4,0,21,0.47619047619047616,0.002767837742662834,-0.0108422999574062,1.0275895314950985,-0.12672471416343334,0.115958120577051,-0.0677056228881947,1.2432214034989506,3,7,0.9966817885044252,14,1.031010642862304,1,True,51.0,0.5098039215686274,0.018872842900814323,0.0005906831695017,2.2255039417706466,-0.24807580480552816,0.4527951871228668,-0.07417800648559235,1.9519796863917218,3.0,131.0,0.6259541984732825,0.040768967889206385,0.021243541591960853,111.71513514789683,-0.22970534744710858,0.4892913885103991,-0.13823939725321072,2.337553403226733,5.0,29.0,52.0,31.0,40.0,44.0,16.0,True,False,False,False
time_any__open_eq1__speed_le5__ever_40_100,TIME_FREE,回封时间不限；第1次炸板后的回封；最后炸板后5分钟内回封；信号时全市场已有40~100只首板触板,"last_break_to_signal_minutes,market_ever_sealed_count,open_times_at_signal",True,76718d83749f9dafc13cca74555cb3893846efbb,3199,417,319,98,0,136,0.4411764705882353,0.00184226286698813,-0.00802748326838805,1.0273432656267467,-0.5418842141208299,0.2708886292711014,-0.141745794324812,1.379333826398825,12,66,1.4788509141583002,70,0.6946902191364349,2,True,136.0,0.4411764705882353,0.00184226286698813,-0.00802748326838805,1.0273432656267467,-0.5418842141208299,0.2708886292711014,-0.141745794324812,1.379333826398825,12.0,147.0,0.46938775510204084,0.01377678928514696,-0.0038637951833488,5.112979357063158,-0.39477867133840894,0.4892913885103991,-0.1195622583918507,1.947439057880378,13.0,417.0,0.0,118.0,16.0,11.0,2.0,False,False,False,False
time_before_1400__open_eq2__speed_6_10,STRUCTURAL_GRID,14:00前回封；第2次炸板后的回封；最后炸板后6~10分钟回封,"last_break_to_signal_minutes,open_times_at_signal,signal_hhmm",True,cb40f89da84d53b633241e99c0baf60e801261d0,552,274,209,65,0,109,0.47706422018348627,0.003149544448671534,-0.0067259371083556,1.0264708053634564,-0.5254443468628949,0.2884420958080925,-0.189337554306236,1.2269829801389818,7,51,1.6190835192105952,58,0.6339826162049532,1,True,115.0,0.4434782608695652,-0.0009498516345798373,-0.011660440082243005,0.6794058587052146,-0.6170776538741451,0.2559726948000001,-0.189337554306236,1.2097927052921291,7.0,140.0,0.5071428571428571,0.016201091753025476,0.0013662381924410079,6.4184582200561975,-0.49380898719396826,0.25794581579670345,-0.1604044205087896,1.743197225370002,5.0,274.0,13.0,88.0,18.0,25.0,9.0,False,False,False,False
time_1400_1454__open_eq4__speed_any__seal_rate_ge60,SPEED_FREE,14:00~14:54回封；第4次炸板后的回封；回封速度不限；信号时全市场首板封住率至少60%,"market_seal_rate,open_times_at_signal,signal_hhmm",True,c50eefbb513dd0e0d5643cb67db627396c3ffe2a,967,346,283,63,0,126,0.4444444444444444,0.0022612095445644523,-0.0114838550687792,1.0263550300386897,-0.6804435314272477,0.2804551011527076,-0.1098246868368515,1.3696619664988363,6,61,0.5573777521185003,65,1.8413993492522525,1,True,128.0,0.4453125,0.003377257686997287,-0.00873564336438365,1.1803639352547945,-0.6949812721136294,0.2804551011527076,-0.1098246868368515,1.4249011270841374,6.0,146.0,0.4657534246575342,0.0069066623582029535,-0.00634613766075545,1.9899269782347717,-0.647107444563799,0.3687231660523884,-0.11849477438811166,1.5202455923518516,6.0,335.0,16.0,107.0,16.0,17.0,6.0,False,False,False,False
time_1400_1429__open_any__speed_6_10__duration_61_120,OPEN_COUNT_FREE,14:00~14:29回封；炸板/回封次数不限；最后炸板后6~10分钟回封；首封后61~120分钟形成回封,"first_to_signal_minutes,last_break_to_signal_minutes,signal_hhmm",True,6141c8a677315911d3736cd41ca6f5be04b14a8f,136,97,79,18,0,58,0.41379310344827586,0.002014737569258757,-0.00373651180077935,1.0240307968940814,-0.23537954582405862,0.1511065042771623,-0.109385915162897,1.558077327828075,4,29,0.8145053884421857,29,1.257242507446921,1,True,79.0,0.43037974683544306,0.005453653573238817,-0.004002641426087,1.2873770380036542,-0.25445228359301464,0.2884775816944691,-0.1287678127560001,1.6452218185836738,6.0,136.0,0.6029411764705882,0.034001084096520535,0.01278294699075902,56.97873266861046,-0.16941002857758103,0.4892913885103991,-0.1287678127560001,2.107005369414051,4.0,96.0,41.0,48.0,40.0,37.0,11.0,False,False,False,False
time_1400_1429__open_eq4__speed_6_10,STRUCTURAL_GRID,14:00~14:29回封；第4次炸板后的回封；最后炸板后6~10分钟回封,"last_break_to_signal_minutes,open_times_at_signal,signal_hhmm",True,15335f2125cddd9cee6c92ef21a9e38c7cb7ac02,60,51,46,5,0,39,0.4358974358974359,0.002244506939410218,-0.0062938178552321,1.023897176418015,-0.2916262905096193,0.1813358274087592,-0.1098246868368515,1.4411131434047042,5,19,0.9756784060256974,20,1.0494207621020641,1,True,65.0,0.4307692307692308,0.0009649369488189553,-0.008752778158325598,0.9574530749880463,-0.2903433828989187,0.1813358274087592,-0.1098246868368515,1.3811534930357015,6.0,134.0,0.6044776119402985,0.031287090957758966,0.01237414288090765,38.97978924535287,-0.25921136022637237,0.4892913885103991,-0.13823939725321072,1.9879477378122934,5.0,51.0,45.0,42.0,39.0,37.0,16.0,False,False,False,False
time_0930_1000__open_any__speed_any__growth_board,OPEN_COUNT_FREE+SPEED_FREE,09:30~10:00回封；炸板/回封次数不限；回封速度不限；仅创业板或科创板,"market_segment,signal_hhmm",True,6962144852074b8d6854d9e70702b40523768297,488,201,144,57,0,92,0.358695652173913,0.004214944530476197,-0.0221185517224553,1.0229941618137095,-0.5577084709576885,0.288567784289668,-0.1788772035733262,2.020686108196953,9,45,0.8777668066393036,47,1.1654509535743733,3,True,101.0,0.40594059405940597,0.007969527255077014,-0.0126176879381267,1.5745909498618893,-0.49295101453780477,0.288567784289668,-0.1788772035733262,1.875662946479285,9.0,145.0,0.5724137931034483,0.028974940849616153,0.01295605106490824,38.26333682019461,-0.3049518130544625,0.3687231660523884,-0.1788772035733262,1.8775122461429106,6.0,201.0,24.0,73.0,29.0,34.0,9.0,False,False,False,False
time_1001_1359__open_any__speed_6_10__recent5_ge5pct,OPEN_COUNT_FREE,10:01~13:59回封；炸板/回封次数不限；最后炸板后6~10分钟回封；回封前5分钟成交额至少前日5%,"last_break_to_signal_minutes,signal_hhmm,signal_recent_5m_amount_vs_prev_day",True,00c67383b832ef7f5e2f4a704bdb25d681eb4234,1378,401,284,117,0,133,0.44360902255639095,0.0023200845166379204,-0.0060056999076924,1.02280480790644,-0.6382840135590814,0.1901409673867925,-0.189337554306236,1.3790260846384503,9,65,0.6669796356361376,68,1.5334873109445546,1,True,133.0,0.44360902255639095,0.0023200845166379204,-0.0060056999076924,1.02280480790644,-0.6382840135590814,0.1901409673867925,-0.189337554306236,1.3790260846384503,9.0,142.0,0.43661971830985913,0.0023611326505169157,-0.0055898787415252504,1.027831972568428,-0.6328079696769472,0.1901409673867925,-0.189337554306236,1.4196075213513095,7.0,401.0,2.0,118.0,6.0,15.0,3.0,False,False,False,False
time_1400_1429__open_3_5__speed_any__break_close_le0_5,SPEED_FREE,14:00~14:29回封；第3~5次炸板后的回封；回封速度不限；最后炸板分钟收盘回落不超0.5%,"last_break_close_depth_pct,open_times_at_signal,signal_hhmm",True,a119969016d0cbc9a080b4fa29d7fe78b1832a88,1920,357,314,43,0,136,0.4411764705882353,0.0018791758328300097,-0.0070208930863511505,1.0214640295646924,-0.6707844936324545,0.1389025984499999,-0.1164393623573701,1.3753468294210498,11,65,0.6491995720928235,71,1.5734206759745708,1,True,138.0,0.43478260869565216,0.0015550403345616862,-0.007291035395685701,0.9834911261390152,-0.6830230730319246,0.1389025984499999,-0.1164393623573701,1.392945313431848,11.0,151.0,0.5099337748344371,0.01356028301570751,0.0013883431095344,5.493286409710657,-0.38242840187063876,0.2397254494319167,-0.1164393623573701,1.6617793567908972,8.0,356.0,8.0,119.0,14.0,14.0,4.0,False,False,False,False
time_any__open_1_2__speed_6_10__amount_ge2,TIME_FREE,回封时间不限；第1~2次炸板后的回封；最后炸板后6~10分钟回封；信号前成交额至少前日2倍,"last_break_to_signal_minutes,open_times_at_signal,signal_cumulative_amount_vs_prev_day",True,fcf90eccef39b4ba58127db42b6fb500029cda7e,899,367,247,120,0,116,0.43103448275862066,0.002330190851180496,-0.0086796990108773,1.0201305130354166,-0.6260153675218615,0.3090002845557691,-0.16676560959,1.4638994570959714,6,55,1.3463529406578223,61,0.7576991754754772,1,True,117.0,0.42735042735042733,0.002550712394055225,-0.0089537793288992,1.0463717373549288,-0.6438770914599237,0.3090002845557691,-0.16676560959,1.4998462201234393,6.0,140.0,0.4714285714285714,0.010486236875200748,-0.004449068701686541,3.094406206347011,-0.34207110379314765,0.25794581579670345,-0.14417251000998996,1.6995639276690073,9.0,366.0,7.0,96.0,15.0,20.0,9.0,False,False,False,False
time_any__open_eq3__speed_ge11__duration_16_30,TIME_FREE,回封时间不限；第3次炸板后的回封；最后炸板11分钟后回封；首封后16~30分钟形成回封,"first_to_signal_minutes,last_break_to_signal_minutes,open_times_at_signal",True,276150c2b381a9c23081812d1cce84cf53e496fd,57,32,28,4,0,22,0.5454545454545454,0.002010942386566326,0.0023221518125318497,1.019816184196618,-0.23596800691784436,0.1369571755199999,-0.0676176038007337,0.933200043081635,6,9,0.8851648162898993,13,1.1521201085139143,1,True,51.0,0.5294117647058824,0.006602836571818131,0.0028817121411865,1.3018730670913536,-0.2550881433498803,0.1382973329857442,-0.07417800648559235,1.2208763278219554,4.0,132.0,0.6742424242424242,0.04341823013168881,0.02210815534495424,169.77355101892957,-0.2297053474471087,0.4892913885103991,-0.13823939725321072,2.1467280569886276,4.0,32.0,46.0,27.0,45.0,46.0,14.0,False,False,False,False
time_1430_1454__open_any__speed_6_10__recent5_ge5pct,OPEN_COUNT_FREE,14:30~14:54回封；炸板/回封次数不限；最后炸板后6~10分钟回封；回封前5分钟成交额至少前日5%,"last_break_to_signal_minutes,signal_hhmm,signal_recent_5m_amount_vs_prev_day",True,7dcc381dee408a4539e9346c386f12c625328d7e,237,143,94,49,0,66,0.36363636363636365,0.0023409652667175152,-0.00562859270063785,1.0191752895486221,-0.4036334929537785,0.3090002845557691,-0.102440249751573,1.9656440901776595,6,34,1.6311938203446341,32,0.6248033046945293,1,True,82.0,0.4024390243902439,0.009450886001594622,-0.00562859270063785,1.8224722944037126,-0.39583150215714047,0.3090002845557691,-0.095257858076809,2.2831424937601725,7.0,144.0,0.5486111111111112,0.02701144942564116,0.004857155674386642,28.66576909225536,-0.28184212662057184,0.3687231660523884,-0.17629142067722955,2.1549275222884385,7.0,130.0,44.0,51.0,42.0,35.0,16.0,False,False,False,False
time_any__open_1_2__speed_any__seal_rate_40_60,TIME_FREE+SPEED_FREE,回封时间不限；第1~2次炸板后的回封；回封速度不限；信号时全市场首板封住率40%~60%,"market_seal_rate,open_times_at_signal",True,1d0c46f0c742240b1dfa62fa80bfb1de5ad0ef3b,1403,147,112,35,0,75,0.4266666666666667,0.0020991366577618937,-0.0050500047049882,1.0190605632112275,-0.3770699097715835,0.1813358274087592,-0.1527802601283696,1.4726873510151954,5,38,0.9822273470837389,37,1.0374996850137064,1,True,89.0,0.42696629213483145,0.0024456703868382546,-0.0056136745785029,1.0659248960576695,-0.3134271941783652,0.1813358274087592,-0.1527802601283696,1.4962724570372525,5.0,140.0,0.6071428571428571,0.031935135098442646,0.016080371358702758,49.88976023504451,-0.4328008392147332,0.3687231660523884,-0.17629142067722955,1.8934334972926719,6.0,147.0,41.0,50.0,33.0,40.0,17.0,False,False,False,False
time_any__open_eq1__speed_6_10__duration_16_30,TIME_FREE,回封时间不限；第1次炸板后的回封；最后炸板后6~10分钟回封；首封后16~30分钟形成回封,"first_to_signal_minutes,last_break_to_signal_minutes,open_times_at_signal",True,2a8b497218b27c03d6b39aa90514b471a5c1e921,272,187,134,53,0,81,0.4567901234567901,0.0022455349552698185,-0.0047642129586206,1.0181698612276258,-0.2979632707441887,0.1901409673867925,-0.1777544284995882,1.3044903855715118,7,37,0.954697385231395,44,1.0664843928328631,1,True,91.0,0.46153846153846156,0.002072143762074173,-0.0047642129586206,1.0158583460020068,-0.4038882419819889,0.1901409673867925,-0.1777544284995882,1.273701280923906,7.0,136.0,0.5514705882352942,0.025333089197917186,0.005607635089856924,19.34216019478685,-0.2673402089862741,0.4892913885103991,-0.1627866280771597,2.077974879736983,5.0,186.0,20.0,66.0,26.0,36.0,8.0,False,False,False,False
time_1400_1429__open_any__speed_any__break_low_le2,OPEN_COUNT_FREE+SPEED_FREE,14:00~14:29回封；炸板/回封次数不限；回封速度不限；最后炸板分钟最低回落不超2%,"last_break_low_depth_pct,signal_hhmm",True,6cea5765a2726f81147abe53fc1838e3252b76ff,5792,464,383,81,0,148,0.4797297297297297,0.001928855594726536,-0.0038835884190902,1.0177297116779123,-0.4132420282284147,0.2397254494319167,-0.1604044205087896,1.1803263931290053,5,73,1.0961350647427144,75,0.9284710839140924,1,True,148.0,0.4797297297297297,0.001928855594726536,-0.0038835884190902,1.0177297116779123,-0.4132420282284147,0.2397254494319167,-0.1604044205087896,1.1803263931290053,5.0,155.0,0.432258064516129,0.0017856049395926874,-0.0088608685427184,1.0183370596735057,-0.2728302566015478,0.2397254494319167,-0.1604044205087896,1.4243583836115785,5.0,464.0,0.0,144.0,6.0,5.0,0.0,False,False,False,False
time_0930_1000__open_any__speed_ge11__break_low_le1,OPEN_COUNT_FREE,09:30~10:00回封；炸板/回封次数不限；最后炸板11分钟后回封；最后炸板分钟最低回落不超1%,"last_break_low_depth_pct,last_break_to_signal_minutes,signal_hhmm",True,854ddef4cf295e638ef209931990fef9d9fd6317,80,45,40,5,0,36,0.4722222222222222,0.002293458561054641,-0.0025893933037738,1.0168111266775128,-0.20784913874595445,0.3082331866285716,-0.0972812192619718,1.2622976502681051,3,14,1.163381518184345,22,0.8740134777664503,1,True,61.0,0.5409836065573771,0.010310443830693254,0.004553404278500835,1.6862570303827933,-0.18372624281626238,0.3082331866285716,-0.0972812192619718,1.4066714379256182,4.0,130.0,0.6076923076923076,0.030980675428839834,0.017840621619988055,35.78256076292481,-0.22970534744710858,0.25794581579670345,-0.14417251000998996,1.9221629495401462,4.0,45.0,46.0,36.0,37.0,43.0,14.0,False,False,False,False
time_1300_1359__open_any__speed_le2__seal_rate_40_60,OPEN_COUNT_FREE,13:00~13:59回封；炸板/回封次数不限；最后炸板后2分钟内回封；信号时全市场首板封住率40%~60%,"last_break_to_signal_minutes,market_seal_rate,signal_hhmm",True,fa547d40fdce49eabae74f7f1b5dd18678a1fef7,460,70,59,11,0,41,0.43902439024390244,0.002304248444074611,-0.0041690856464256,1.0163578282500052,-0.3685354993322735,0.13740021102908,-0.1527802601283696,1.4065750126344925,5,21,1.0669048599745756,20,0.9526227373959331,1,True,65.0,0.4461538461538462,0.010450335443845287,-0.0041690856464256,1.6387054963572891,-0.3636898180280539,0.4527951871228668,-0.1527802601283696,1.8693505561370893,8.0,137.0,0.6131386861313869,0.036292803444266025,0.017455902077423015,79.50941941318341,-0.26037668508824097,0.4527951871228668,-0.1527802601283696,2.124142107798838,7.0,70.0,47.0,47.0,32.0,43.0,15.0,False,False,False,False
time_1400_1454__open_eq3__speed_any__break_close_le1,SPEED_FREE,14:00~14:54回封；第3次炸板后的回封；回封速度不限；最后炸板分钟收盘回落不超1%,"last_break_close_depth_pct,open_times_at_signal,signal_hhmm",True,346c888d3c4928340ae6690fd304a8644032a06a,1607,404,333,71,0,132,0.4696969696969697,0.0016483264239297143,-0.0044192535559871,1.0162725050722976,-0.6454176268318934,0.137297320831579,-0.1569867550068164,1.222250337931188,5,67,0.674121951677732,65,1.5075499359470983,1,True,133.0,0.48120300751879697,0.0018901117874116997,-0.0039228260689655,1.0434262445798703,-0.6454176268318934,0.137297320831579,-0.1569867550068164,1.1789001963487313,5.0,148.0,0.4594594594594595,0.003674163866739985,-0.00578390614114545,1.1829215598011196,-0.6374490367500836,0.3687231660523884,-0.13823939725321072,1.3620013433428964,11.0,397.0,10.0,109.0,15.0,18.0,6.0,False,False,False,False
time_any__open_ge5__speed_6_10__duration_61_120,TIME_FREE,回封时间不限；第5次及以后炸板后的回封；最后炸板后6~10分钟回封；首封后61~120分钟形成回封,"first_to_signal_minutes,last_break_to_signal_minutes,open_times_at_signal",True,69640cd331eb399e4342dfd207fe667ea62ad601,201,120,112,8,0,74,0.43243243243243246,0.0025574917117463275,-0.00443763603410375,1.0161492406642032,-0.46712321989156347,0.3721270239550671,-0.1370202417594448,1.4591051793804577,8,35,1.1034484049224982,39,0.9208851416442743,1,True,88.0,0.4431818181818182,0.0004342908747891209,-0.0059669541437668006,0.9003803901046679,-0.467052406084311,0.1382973329857442,-0.1370202417594448,1.2810283944340832,6.0,137.0,0.5912408759124088,0.0288441181976558,0.008292640894970553,30.700446728106915,-0.1790783923329854,0.4892913885103991,-0.11849477438811166,1.9007366923949587,4.0,117.0,35.0,54.0,35.0,35.0,13.0,False,False,False,False
time_1400_1429__open_any__speed_6_10__amount_ge2,OPEN_COUNT_FREE,14:00~14:29回封；炸板/回封次数不限；最后炸板后6~10分钟回封；信号前成交额至少前日2倍,"last_break_to_signal_minutes,signal_cumulative_amount_vs_prev_day,signal_hhmm",True,1ca417e894319da86f02c4accafe3146887c2cb9,276,162,133,29,0,85,0.4235294117647059,0.002186709582669451,-0.004002641426087,1.0154821004377301,-0.40260490791190784,0.2815783803342283,-0.1287678127560001,1.493948214396822,8,47,0.8466805503409761,38,1.1993686403080526,1,True,96.0,0.40625,-0.0013446802049600093,-0.005630817522695,0.7393128672557547,-0.5062073879618761,0.2815783803342283,-0.1287678127560001,1.3749044844600804,8.0,138.0,0.5217391304347826,0.014189447313365636,0.0020463567245806442,4.736536871307449,-0.5041897058875113,0.3687231660523884,-0.17629142067722955,1.5704369017253312,7.0,158.0,36.0,65.0,35.0,28.0,10.0,False,False,False,False
time_any__open_1_2__speed_6_10__seal_rate_40_60,TIME_FREE,回封时间不限；第1~2次炸板后的回封；最后炸板后6~10分钟回封；信号时全市场首板封住率40%~60%,"last_break_to_signal_minutes,market_seal_rate,open_times_at_signal",True,f594f829079b2379a80b51b62a8b68be642224c3,160,74,58,16,0,45,0.4666666666666667,0.0020153934418372286,-0.0050118606537476,1.0152067523272115,-0.3189740104667683,0.2566166619278637,-0.0920204424301309,1.2592358311785088,4,25,1.1554459746160672,20,0.8786276248567529,1,True,68.0,0.4411764705882353,0.007027287429951603,-0.007660722643624749,1.3355031727178963,-0.4443087717273452,0.4527951871228668,-0.0920204424301309,1.6912703772193864,5.0,136.0,0.6323529411764706,0.03716068695642498,0.018455343904997756,89.41272407604227,-0.2297053474471087,0.4527951871228668,-0.13823939725321072,2.1653605167704364,6.0,74.0,48.0,44.0,36.0,40.0,16.0,False,False,False,False
time_1300_1454__open_eq1__speed_any__amount_ge0_5,SPEED_FREE,13:00~14:54回封；第1次炸板后的回封；回封速度不限；信号前成交额至少前日50%,"open_times_at_signal,signal_cumulative_amount_vs_prev_day,signal_hhmm",True,dc5baae27a1e1c0d5c789a8121c07313b363071f,5865,483,349,134,0,143,0.42657342657342656,0.0016141405820274827,-0.0080682417907762,1.0145184116806933,-0.5705942661990209,0.1652893008992227,-0.1119863555477992,1.450280742640404,8,72,0.5564787019345417,71,1.8231037560895373,1,True,143.0,0.42657342657342656,0.0016141405820274827,-0.0080682417907762,1.0145184116806933,-0.5705942661990209,0.1652893008992227,-0.1119863555477992,1.450280742640404,8.0,154.0,0.4675324675324675,0.007422612657072508,-0.0039426101524318,2.2446192842098642,-0.5820975219724723,0.3687231660523884,-0.1666821330911661,1.5663391595172607,8.0,483.0,0.0,126.0,11.0,11.0,6.0,False,False,False,False
time_0930_1000__open_eq4__speed_any__main_board,SPEED_FREE,09:30~10:00回封；第4次炸板后的回封；回封速度不限；仅沪深主板,"market_segment,open_times_at_signal,signal_hhmm",True,015050d7b4e7a75bab64e8d6b299eb927efcc151,37,29,26,3,0,20,0.4,0.001706839073406,-0.01502886481323135,1.0142529028511507,-0.14150824259019945,0.1039123204282528,-0.0632169166359249,1.6447045762439567,3,10,0.9327237727983306,10,1.0874097266849099,1,True,51.0,0.5294117647058824,0.01996572409781537,0.0071572558285714,2.3708678750688152,-0.1777184954904083,0.4527951871228668,-0.07417800648559235,1.9367182559512786,3.0,133.0,0.6466165413533834,0.04254976514833588,0.0217173323052629,153.1400997017703,-0.2297053474471088,0.4892913885103991,-0.13823939725321072,2.361052879898115,4.0,29.0,51.0,31.0,41.0,45.0,16.0,True,False,False,False
time_1400_1454__open_eq3__speed_any__amount_ge0_5,SPEED_FREE,14:00~14:54回封；第3次炸板后的回封；回封速度不限；信号前成交额至少前日50%,"open_times_at_signal,signal_cumulative_amount_vs_prev_day,signal_hhmm",True,75394a7d3cac979863178ddaa3f9a68d97d0a65c,1655,406,331,75,0,132,0.45454545454545453,0.0018312663619070987,-0.005399396514573201,1.0141389773038774,-0.5945406334106681,0.1377234816831285,-0.1569867550068164,1.3020463406498413,5,67,0.6548525350560138,65,1.5486524416021867,1,True,134.0,0.4552238805970149,-0.00036053182144593675,-0.005399396514573201,0.754930087501864,-0.7060286428792888,0.137297320831579,-0.1569867550068164,1.1776933802054084,5.0,148.0,0.44594594594594594,0.0007802622237039053,-0.0064257798376214995,0.7852862524242245,-0.7794521118762947,0.3687231660523884,-0.13823939725321072,1.2824266741150072,11.0,398.0,11.0,114.0,15.0,15.0,4.0,False,False,False,False
time_1400_1429__open_any__speed_6_10__ever_40_100,OPEN_COUNT_FREE,14:00~14:29回封；炸板/回封次数不限；最后炸板后6~10分钟回封；信号时全市场已有40~100只首板触板,"last_break_to_signal_minutes,market_ever_sealed_count,signal_hhmm",True,1ba1add09ed4a958fe98aa58fdf47b72c141b15f,290,188,155,33,0,97,0.4845360824742268,0.001910816513400216,-0.0013986653999999,1.0141104105138554,-0.5400711930509698,0.1813358274087592,-0.1098246868368515,1.1561501865715407,8,44,0.7414578551818936,53,1.3677249535175195,1,True,115.0,0.4782608695652174,0.00022562044445090904,-0.0018331384278742,0.8254750559973523,-0.4898557404797602,0.2884775816944691,-0.1098246868368515,1.1017155414338908,6.0,146.0,0.589041095890411,0.024831064746938285,0.007787534514973949,22.795439878079634,-0.21054300471894272,0.4892913885103991,-0.109385915162897,1.8002332708573823,6.0,187.0,43.0,78.0,29.0,29.0,10.0,False,False,False,False
time_1400_1429__open_any__speed_6_10__break_close_le1,OPEN_COUNT_FREE,14:00~14:29回封；炸板/回封次数不限；最后炸板后6~10分钟回封；最后炸板分钟收盘回落不超1%,"last_break_close_depth_pct,last_break_to_signal_minutes,signal_hhmm",True,bb58af79049b5db75807ab5105c40fe0be24e245,471,234,199,35,0,114,0.4649122807017544,0.0018831282558038139,-0.00265176030167295,1.0122149256088966,-0.612270792992884,0.137297320831579,-0.1098246868368515,1.2456559826244311,11,56,0.8826342831953298,58,1.146811250005446,1,True,120.0,0.4583333333333333,0.0026172942150674205,-0.0038835884190902,1.132371058922966,-0.4580308840871047,0.137297320831579,-0.1098246868368515,1.3305575427885235,9.0,145.0,0.5517241379310345,0.017330002768754182,0.0076685658621513,8.411652490287288,-0.47193672292634636,0.3687231660523884,-0.11849477438811166,1.5866398320204813,7.0,229.0,20.0,94.0,23.0,20.0,8.0,False,False,False,False
time_1300_1359__open_1_2__speed_any__seal_rate_ge70,SPEED_FREE,13:00~13:59回封；第1~2次炸板后的回封；回封速度不限；信号时全市场首板封住率至少70%,"market_seal_rate,open_times_at_signal,signal_hhmm",True,0d50f18aa8369466fe235e78ff8a322d98353dbd,3698,385,281,104,0,132,0.45454545454545453,0.0017931127219156504,-0.0060425668312407005,1.0102372548997756,-0.5796835531897138,0.1652893008992227,-0.1404127616917432,1.2956827389899208,8,64,1.34863156743336,68,0.7490832035189589,1,True,132.0,0.45454545454545453,0.0017931127219156504,-0.0060425668312407005,1.0102372548997756,-0.5796835531897138,0.1652893008992227,-0.1404127616917432,1.2956827389899208,8.0,148.0,0.5067567567567568,0.01526111731474315,0.0012897068681334914,6.567408018616327,-0.29646282973140026,0.3687231660523884,-0.14417251000998996,1.7617661422047786,6.0,385.0,2.0,103.0,21.0,15.0,9.0,False,False,False,False
time_any__open_ge5__speed_ge11__break_low_le1,TIME_FREE,回封时间不限；第5次及以后炸板后的回封；最后炸板11分钟后回封；最后炸板分钟最低回落不超1%,"last_break_low_depth_pct,last_break_to_signal_minutes,open_times_at_signal",True,05e302d7754bbbfca1b28e3f6deb88eba2b6d810,751,236,218,18,0,111,0.43243243243243246,0.0023496671376723624,-0.011840834392219,1.0100353289903408,-0.7232123114263334,0.3339820061776503,-0.1493043017448623,1.4435168585849678,7,58,2.0311791988666577,53,0.4972654946219973,1,True,115.0,0.4260869565217391,8.987315858633335e-05,-0.0126283120125,0.7669549092487767,-0.8189365644376616,0.3339820061776503,-0.1923385811861804,1.35171695956027,12.0,143.0,0.5314685314685315,0.02184797306852381,0.004544094725274752,14.06947608831572,-0.23616357864216364,0.3687231660523884,-0.14417251000998996,1.9053119283710933,6.0,233.0,22.0,82.0,27.0,24.0,10.0,False,False,False,False
time_1400_1429__open_any__speed_6_10,STRUCTURAL_GRID,14:00~14:29回封；炸板/回封次数不限；最后炸板后6~10分钟回封,"last_break_to_signal_minutes,signal_hhmm",True,c2e4600fbdccc844cf919af2c7123056a0771d47,525,256,209,47,0,116,0.4396551724137931,0.001887297776167436,-0.0056090792677443,1.0093280677770757,-0.578501117350283,0.1813358274087592,-0.1098246868368515,1.379205197134321,10,58,0.8003689850358825,58,1.2610784358814515,2,True,122.0,0.45081967213114754,0.0013866960109267627,-0.00458142985924905,0.960303310958099,-0.5506259178543116,0.1813358274087592,-0.1098246868368515,1.293809344737855,10.0,144.0,0.5486111111111112,0.017409888529695532,0.007148204805883746,8.3688996942843,-0.4624463155818015,0.3687231660523884,-0.1098246868368515,1.6161590082291233,7.0,251.0,20.0,96.0,19.0,21.0,8.0,False,False,False,False
time_1400_1429__open_2_3__speed_any__amount_ge2,SPEED_FREE,14:00~14:29回封；第2~3次炸板后的回封；回封速度不限；信号前成交额至少前日2倍,"open_times_at_signal,signal_cumulative_amount_vs_prev_day,signal_hhmm",True,99b91cd77341ba6d153dd671f6b43cc4ed7af3ac,973,321,266,55,0,125,0.456,0.0018432551609344069,-0.0072999386365714,1.008074775381387,-0.4953525902430074,0.2877539667175889,-0.1569867550068164,1.305848242112423,9,63,0.9720025896813722,62,1.0371112032858263,1,True,126.0,0.4603174603174603,0.002803217740579962,-0.006133877913364651,1.139319095066364,-0.4477495792346806,0.2877539667175889,-0.1569867550068164,1.3462417980326065,9.0,145.0,0.47586206896551725,0.012538171379386787,-0.0047372089874999,4.199461433228347,-0.2872702994815043,0.3687231660523884,-0.1569867550068164,1.8531503903507762,5.0,319.0,9.0,104.0,16.0,19.0,6.0,False,False,False,False
time_1400_1454__open_eq3__speed_any__amount_ge1,SPEED_FREE,14:00~14:54回封；第3次炸板后的回封；回封速度不限；信号前成交额至少前日1倍,"open_times_at_signal,signal_cumulative_amount_vs_prev_day,signal_hhmm",True,84131155d1a680104472e25fbf5af3a1ed420080,1568,403,326,77,0,132,0.4393939393939394,0.0020418785975085127,-0.0070208930863511505,1.0077123865690814,-0.6164985990864196,0.2888703665893359,-0.1569867550068164,1.3905074570425886,5,67,0.5737737201230895,65,1.7562888491179085,1,True,133.0,0.45112781954887216,0.002104462678945657,-0.0064531022089642,1.0094777711890872,-0.6258243359422475,0.2888703665893359,-0.1569867550068164,1.327335210451262,5.0,149.0,0.436241610738255,0.0029749650907960824,-0.0067596540179023,1.0523057529592372,-0.6798024361523551,0.3687231660523884,-0.13823939725321072,1.4486483017147196,15.0,395.0,11.0,112.0,16.0,16.0,5.0,False,False,False,False
time_1001_1130__open_3_5__speed_any__duration_16_30,SPEED_FREE,10:01~11:30回封；第3~5次炸板后的回封；回封速度不限；首封后16~30分钟形成回封,"first_to_signal_minutes,open_times_at_signal,signal_hhmm",True,bb8ee52b09a00aba8a27b2052d3da02b91f5b673,424,181,165,16,0,97,0.4845360824742268,0.0021114476591943486,-0.0045458275079617,1.0049067967237326,-0.4920392021480352,0.2798824747699878,-0.189337554306236,1.161837011873504,11,48,0.9256751448952261,49,1.0855933663828412,1,True,102.0,0.49019607843137253,0.0034085496509388556,-0.00302080558122655,1.1533836092585974,-0.4264524312122532,0.2798824747699878,-0.189337554306236,1.2001015839377425,9.0,135.0,0.5407407407407407,0.018355291130970352,0.004544094725274752,8.181474012700502,-0.38541527886652915,0.2884775816944691,-0.14417251000998996,1.6954776863022312,9.0,181.0,20.0,76.0,24.0,25.0,10.0,False,False,False,False
time_1001_1359__open_ge5__speed_any__duration_16_30,SPEED_FREE,10:01~13:59回封；第5次及以后炸板后的回封；回封速度不限；首封后16~30分钟形成回封,"first_to_signal_minutes,open_times_at_signal,signal_hhmm",True,ce92e0f2fd486c30d6ff31aa108ecd3441723360,220,73,60,13,0,50,0.46,0.001404417247376796,-0.0013986654,1.0036618004565594,-0.33706047949704643,0.137297320831579,-0.1192656039362559,1.255209235894128,8,21,0.8328218168672888,29,1.2051338955455035,1,True,68.0,0.45588235294117646,0.01217400104247602,-0.00297224645398085,1.8481589218059489,-0.4596306430418623,0.4527951871228668,-0.1192656039362559,1.8919731914332123,7.0,133.0,0.6240601503759399,0.038263961492923375,0.01838722394693575,85.07023467065214,-0.3402588678317079,0.4892913885103991,-0.1192656039362559,2.1297410008690383,7.0,73.0,42.0,41.0,39.0,38.0,15.0,False,False,False,False
time_1001_1130__open_1_2__speed_any__duration_16_30,SPEED_FREE,10:01~11:30回封；第1~2次炸板后的回封；回封速度不限；首封后16~30分钟形成回封,"first_to_signal_minutes,open_times_at_signal,signal_hhmm",True,32d570a699ace72a70f682a44ff909e75dc0b048,1455,426,311,115,0,136,0.45588235294117646,0.0023926943101527905,-0.0083059374340296,1.0035422222078783,-0.6046876916110366,0.2732236251032737,-0.189337554306236,1.3079802745324047,6,70,0.6350745203771347,66,1.5801960085124047,1,True,136.0,0.45588235294117646,0.0023926943101527905,-0.0083059374340296,1.0035422222078783,-0.6046876916110366,0.2732236251032737,-0.189337554306236,1.3079802745324047,6.0,150.0,0.46,0.0034276491070885646,-0.006622279978362293,1.2076927642363549,-0.5029764489934533,0.2732236251032737,-0.13823939725321072,1.3488873699603627,5.0,426.0,1.0,112.0,14.0,16.0,8.0,False,False,False,False
time_any__open_any__speed_any__seal_rate_40_60__main_board,PURE_QUALITY_PAIR_ALL_TIME_AND_OPEN_COUNT,回封时间不限；炸板/回封次数不限；回封速度不限；信号时全市场首板封住率40%~60%；仅沪深主板,"market_seal_rate,market_segment",True,96ffd4a2054ffbf42ae84a6f37552b300fe105d0,2591,152,120,32,0,79,0.43037974683544306,0.0019931762026713425,-0.0083426014695653,1.0002255613835243,-0.4972217037630504,0.1374985239063829,-0.1527802601283696,1.432742677296939,9,39,0.91776657497075,40,1.0898474499525141,1,True,90.0,0.4111111111111111,0.004070978864505225,-0.00854768981394545,1.235076204070685,-0.4671976801780353,0.1382973329857442,-0.1527802601283696,1.7028873851700979,11.0,140.0,0.5857142857142857,0.03248534175482261,0.0138847663752054,54.91309491895222,-0.3768003177389657,0.3687231660523884,-0.1527802601283696,2.1198691015352815,7.0,151.0,41.0,57.0,29.0,37.0,17.0,False,False,False,False
