market_segment,limit_times_bucket,board_type,first_time_bucket,segment_market_sentiment_level,sample_count,turnover_rate_mean,turnover_rate_median,turnover_rate_q25,turnover_rate_q30,turnover_rate_q75,turnover_rate_min,turnover_rate_max,open_times_mean,fd_amount_mean,fd_amount_median,fd_amount_to_circ_mv_median,limit_up_count_mean,segment_limit_up_count_mean,segment_limit_up_ratio_mean,is_sample_enough,suggested_turnover_rate,suggested_quantile
bj,1,multi_open,afternoon,neutral,7,35.755671428571425,37.7441,32.782,32.819379999999995,40.89625,22.0387,43.1504,3.4285714285714284,11093735.857142856,9070417.0,0.0081385015180874,83.42857142857143,3.857142857142857,0.014582079913686227,False,32.782,0.25
bj,1,multi_open,afternoon,strong,5,31.18216,32.6365,30.465,30.8993,32.8673,20.4828,39.4592,3.4,11695656.8,6921431.0,0.006678845497274,118.6,6.4,0.02428332669040352,False,30.465,0.25
bj,1,multi_open,afternoon,very_strong,5,37.56204,30.2186,23.9379,25.194039999999998,55.902,15.9173,61.8344,3.0,9388311.8,7864006.0,0.0177482426742361,356.0,14.4,0.0566214232947286,False,23.9379,0.25
bj,1,multi_open,early_morning,neutral,11,35.86118181818183,35.0285,31.674300000000002,32.8984,39.0582,22.8989,58.4891,5.7272727272727275,16435775.909090908,13221379.0,0.0156944943349826,85.0909090909091,3.5454545454545454,0.013639947408020771,False,31.674300000000002,0.25
bj,1,multi_open,early_morning,strong,5,34.26618,32.8617,30.7206,31.14882,44.1371,17.2346,46.3769,4.2,29183660.8,23147528.0,0.0173834518890466,137.4,6.4,0.02483480692925204,False,30.7206,0.25
bj,1,multi_open,early_morning,very_strong,9,35.709811111111115,33.2519,30.5559,30.82442,48.7237,10.0783,52.1701,6.555555555555555,11415008.222222222,5995353.0,0.0110976581394263,224.77777777777777,16.555555555555557,0.06498671506272082,False,30.5559,0.25
bj,1,multi_open,early_morning,weak,23,36.137382608695646,36.1914,30.997600000000002,34.93936,41.6977,17.321,58.04,7.565217391304348,18651764.391304348,12969445.0,0.0166296006577944,67.78260869565217,1.2173913043478262,0.00461275559794057,False,30.997600000000002,0.25
bj,1,multi_open,late,neutral,2,40.9941,40.9941,37.57745,38.26078,44.41075,34.1608,47.8274,3.0,6825888.0,6825888.0,0.00615291348951805,70.5,4.5,0.0174182772607969,False,37.57745,0.25
bj,1,multi_open,late,strong,1,42.112,42.112,42.112,42.112,42.112,42.112,42.112,2.0,3361144.0,3361144.0,0.0018290377465927,127.0,7.0,0.0264150943396226,False,42.112,0.25
bj,1,multi_open,late,very_strong,15,26.326006666666665,25.5605,20.16655,21.11426,31.15175,9.956,42.4434,2.6666666666666665,4253442.933333334,2028619.0,0.0026142363316599,535.5333333333333,47.266666666666666,0.1866104855254011,False,20.16655,0.25
bj,1,multi_open,late,weak,5,32.0779,19.9666,15.6816,16.5386,53.7845,13.9551,57.0017,2.6,17476094.8,21185284.0,0.0094156424479458,69.2,1.2,0.004678869419825,False,15.6816,0.25
bj,1,multi_open,midday,neutral,28,35.41538214285715,34.0274,24.877,27.20412,45.052575,7.6197,60.1963,6.642857142857143,17158870.464285713,13586619.5,0.0120979109264026,96.92857142857143,3.892857142857143,0.014808084935382899,False,24.877,0.25
bj,1,multi_open,midday,strong,18,35.757138888888896,32.966,30.20335,31.44201,40.633375,9.3233,58.8583,5.222222222222222,8570065.111111112,7668497.5,0.0083126015291189,105.44444444444444,6.333333333333333,0.024274232611101367,False,30.20335,0.25
bj,1,multi_open,midday,very_strong,43,28.721651162790696,26.2404,20.54625,21.0012,36.5878,8.689,55.4575,4.674418604651163,10604513.53488372,7950926.0,0.0076689424160266,252.86046511627907,18.558139534883722,0.07309806367603212,True,20.54625,0.25
bj,1,multi_open,midday,weak,39,35.53039743589743,32.3723,23.5934,25.282680000000003,45.4737,11.3297,74.8026,4.333333333333333,15265982.102564102,9990213.0,0.0085809319222724,75.12820512820512,1.2564102564102564,0.00468362777760957,True,23.5934,0.25
bj,1,multi_open,open_limit,neutral,3,22.282166666666665,24.6578,18.333350000000003,19.59824,27.4188,12.0089,30.1798,3.6666666666666665,51116924.333333336,36516231.0,0.0229098617461517,109.33333333333333,4.0,0.014886642695631433,False,18.333350000000003,0.25
bj,1,multi_open,open_limit,very_strong,8,24.598,24.90965,13.537075,15.651810000000001,37.22425,2.6513,43.1063,6.0,13557881.75,13530206.5,0.01177612469718865,625.75,48.5,0.19153748764822132,False,13.537075,0.25
bj,1,multi_open,open_limit,weak,2,30.583099999999998,30.583099999999998,26.019599999999997,26.932299999999998,35.1466,21.4561,39.7101,2.5,35559559.0,35559559.0,0.02647244559151425,84.5,1.5,0.00553003906662435,False,26.019599999999997,0.25
bj,1,one_word,afternoon,neutral,6,35.45496666666667,33.1999,27.893225,29.05605,46.86135,17.936,50.8545,0.0,33803914.166666664,20181169.5,0.02464898441869725,109.0,4.333333333333333,0.016236949941622565,False,27.893225,0.25
bj,1,one_word,afternoon,strong,3,36.16726666666667,28.7256,28.01715,28.15884,40.59655,27.3087,52.4675,0.0,32467382.666666668,34824374.0,0.044464076847563,95.33333333333333,6.333333333333333,0.024162890189613605,False,28.01715,0.25
bj,1,one_word,afternoon,very_strong,9,25.799388888888885,26.0405,17.8443,19.428739999999998,29.0361,15.6515,41.117,0.0,17532075.333333332,18333003.0,0.0167278292282202,346.22222222222223,33.666666666666664,0.13244694854456066,False,17.8443,0.25
bj,1,one_word,afternoon,weak,12,32.879175,30.3229,24.874075,28.720760000000002,45.181375,7.6903,58.3413,0.0,52507999.75,53563420.0,0.03045366846374295,75.41666666666667,1.6666666666666667,0.006017443396727166,False,24.874075,0.25
bj,1,one_word,early_morning,neutral,12,20.809258333333332,20.1206,15.66005,16.30116,25.853375,7.5019,33.698,0.0,57326839.833333336,53996412.0,0.0479606594441207,81.83333333333333,4.25,0.01617263911005135,False,15.66005,0.25
bj,1,one_word,early_morning,strong,4,22.1127,18.271700000000003,16.98865,17.45248,23.39575,14.6695,37.2379,0.0,44402201.25,38686677.5,0.0330686842359726,101.0,6.25,0.024407750366861176,False,16.98865,0.25
bj,1,one_word,early_morning,very_strong,11,17.37727272727273,15.522,12.71285,13.0592,21.6793,10.1287,30.2812,0.0,30686558.272727273,27042922.0,0.0469070840394917,148.72727272727272,15.454545454545455,0.060900703575740574,False,12.71285,0.25
bj,1,one_word,early_morning,weak,15,19.815986666666667,17.5783,14.2498,14.5227,24.60295,9.4149,39.0319,0.0,36174465.333333336,36353456.0,0.038839165322414,78.4,1.0666666666666667,0.00406928178870076,False,14.2498,0.25
bj,1,one_word,late,neutral,14,29.57372857142857,31.084049999999998,19.2855,20.094099999999997,33.5867,13.7713,58.5875,0.0,23042410.214285713,21074481.5,0.0139877858825307,98.0,4.142857142857143,0.015753441225241194,False,19.2855,0.25
bj,1,one_word,late,strong,4,39.417075000000004,32.779250000000005,28.623525,29.36967,43.5728,24.8928,67.217,0.0,23624214.25,20160116.5,0.019178269179256552,95.75,6.25,0.023522884913581798,False,28.623525,0.25
bj,1,one_word,late,very_strong,40,26.9145425,25.6194,16.840850000000003,18.371679999999998,32.5484,3.9776,69.4738,0.0,13380538.2,6911437.5,0.0078036507629084505,413.5,32.85,0.12953240108378988,True,16.840850000000003,0.25
bj,1,one_word,late,weak,20,34.2017,31.07715,24.7653,25.50542,39.8051,17.6708,67.5168,0.0,22311242.95,18473223.5,0.022129783130884803,75.75,1.5,0.005694638180797194,False,24.7653,0.25
bj,1,one_word,midday,neutral,26,27.493934615384617,25.593400000000003,21.455075,21.67635,31.521500000000003,15.4763,48.9035,0.0,32047977.884615384,27277723.0,0.030002512748806,100.8076923076923,3.9615384615384617,0.015289080531624063,False,21.455075,0.25
bj,1,one_word,midday,strong,8,31.680037499999997,28.33505,20.8673,22.43387,38.997325000000004,15.5817,58.3764,0.0,34508817.0,33821843.5,0.041409661097978695,107.0,6.25,0.02359726268978809,False,20.8673,0.25
bj,1,one_word,midday,very_strong,21,26.596933333333336,20.171,18.5856,19.2088,39.5198,11.3489,47.9848,0.0,38786049.85714286,27852370.0,0.0294766811960377,204.85714285714286,19.38095238095238,0.0760054154988169,False,18.5856,0.25
bj,1,one_word,midday,weak,40,27.291752499999994,23.3737,17.379075,18.65766,33.3309,6.6479,63.543,0.0,36942158.725,33419323.5,0.0333707456805075,74.7,1.425,0.00535777277312944,True,17.379075,0.25
bj,1,one_word,open_limit,neutral,7,10.492357142857143,9.0438,4.9762,5.5632399999999995,15.9849,0.5869,21.8936,0.0,115298761.71428572,74681867.0,0.0689352121108964,112.85714285714286,4.142857142857143,0.015971123936352513,False,4.9762,0.25
bj,1,one_word,open_limit,strong,3,13.6136,13.8365,13.04665,13.20462,14.292,12.2568,14.7475,0.0,61126491.333333336,61596400.0,0.092158540782189,81.33333333333333,6.333333333333333,0.024700044563925435,False,13.04665,0.25
bj,1,one_word,open_limit,very_strong,11,15.706254545454545,15.401,11.97105,12.2253,20.133000000000003,1.2442,28.2218,0.0,81635974.63636364,40389981.0,0.0615030197258367,178.0,14.909090909090908,0.05858294178193257,False,11.97105,0.25
bj,1,one_word,open_limit,weak,2,14.7412,14.7412,13.84045,14.0206,15.64195,12.9397,16.5427,0.0,63368813.5,63368813.5,0.0409957614100409,95.5,1.5,0.005536130536130449,False,13.84045,0.25
bj,1,t_board,afternoon,neutral,1,41.8245,41.8245,41.8245,41.8245,41.8245,41.8245,41.8245,1.0,24367700.0,24367700.0,0.0239663039767571,121.0,4.0,0.0149812734082397,False,41.8245,0.25
bj,1,t_board,afternoon,strong,2,48.8164,48.8164,44.28555,45.191720000000004,53.34725,39.7547,57.8781,1.0,17240353.5,17240353.5,0.01409935956016525,158.0,7.0,0.0271317829457364,False,44.28555,0.25
bj,1,t_board,afternoon,very_strong,5,27.70642,24.9742,16.2271,17.97652,27.8664,10.318,59.1464,1.0,6693237.8,5776154.0,0.0053718618330004,398.8,36.2,0.142758691431419,False,16.2271,0.25
bj,1,t_board,afternoon,weak,8,41.001125,36.86965,31.426825,31.80856,47.910275,10.086,76.3601,1.0,20898711.5,23578878.0,0.0185784813979667,64.625,1.5,0.005713255994741163,False,31.426825,0.25
bj,1,t_board,early_morning,neutral,7,25.54657142857143,23.9308,22.021949999999997,22.92288,29.9574,17.8879,33.0486,1.0,57356809.428571425,56802276.0,0.04072679389851,120.71428571428571,4.142857142857143,0.015479036165041041,False,22.021949999999997,0.25
bj,1,t_board,early_morning,strong,4,33.930025,28.972250000000003,22.718700000000002,23.5026,40.183575,18.7992,58.9764,1.0,36966305.0,33635949.5,0.0421912791596153,113.0,6.25,0.023958920255095904,False,22.718700000000002,0.25
bj,1,t_board,early_morning,very_strong,7,23.974085714285714,16.1956,11.14485,12.495479999999999,37.970150000000004,7.8356,45.5574,1.0,30659493.42857143,18329568.0,0.0191432148271326,157.28571428571428,11.714285714285714,0.04575032174565934,False,11.14485,0.25
bj,1,t_board,early_morning,weak,19,28.519468421052633,29.0399,18.5608,21.010419999999996,36.227850000000004,7.9385,51.6836,1.0,29296632.47368421,22050561.0,0.0351513916681962,76.63157894736842,1.5789473684210527,0.005981818719684169,False,18.5608,0.25
bj,1,t_board,late,neutral,3,16.520033333333334,16.8966,15.17475,15.51912,18.0536,13.4529,19.2106,1.0,22482170.666666668,25793320.0,0.0027432131466383,94.33333333333333,4.0,0.014863091300678899,False,15.17475,0.25
bj,1,t_board,late,strong,4,29.461375000000004,24.385550000000002,21.52055,22.04486,32.326375,18.899,50.1754,1.0,14796643.75,13986881.0,0.0133662903403571,112.75,6.25,0.024115293282110727,False,21.52055,0.25
bj,1,t_board,late,very_strong,13,25.164676923076918,22.7433,20.5874,20.66882,27.9316,13.3179,43.2614,1.0,4772847.384615385,4592397.0,0.0042479376197708,439.3076923076923,37.07692307692308,0.14636496290913187,False,20.5874,0.25
bj,1,t_board,late,weak,2,30.9375,30.9375,30.535899999999998,30.61622,31.339100000000002,30.1343,31.7407,1.0,13239742.5,13239742.5,0.0064906852400040994,55.5,1.5,0.00570358760013925,False,30.535899999999998,0.25
bj,1,t_board,midday,neutral,11,33.50227272727273,28.7405,26.41185,26.4331,46.10975,14.5885,54.3673,1.0,22215760.09090909,21997499.0,0.0175502755742128,77.0,4.090909090909091,0.015627398200714918,False,26.41185,0.25
bj,1,t_board,midday,very_strong,9,32.42647777777778,32.0847,22.2315,23.16082,37.0909,15.4711,58.7106,1.0,13693972.444444444,9679269.0,0.0119047641422867,327.8888888888889,22.11111111111111,0.087028804266036,False,22.2315,0.25
bj,1,t_board,midday,weak,25,30.334476,26.0535,15.7522,18.450400000000002,33.7898,9.8729,75.8722,1.0,26273791.72,21346237.0,0.0169788660996834,64.24,1.48,0.005486427959263256,False,15.7522,0.25
bj,2,multi_open,afternoon,neutral,1,66.6633,66.6633,66.6633,66.6633,66.6633,66.6633,66.6633,2.0,5871643.0,5871643.0,0.0041671303992973,77.0,3.0,0.0113636363636363,False,66.6633,0.25
bj,2,multi_open,afternoon,very_strong,2,27.408749999999998,27.408749999999998,22.368275,23.37637,32.449225,17.3278,37.4897,3.0,2666673.5,2666673.5,0.00201744706714085,151.0,19.0,0.07421875,False,22.368275,0.25
bj,2,multi_open,early_morning,neutral,3,40.07826666666667,43.4463,32.0354,34.31758,49.80515,20.6245,56.164,5.0,58416139.0,33052110.0,0.0209023008292606,124.33333333333333,4.666666666666667,0.017794221282593333,False,32.0354,0.25
bj,2,multi_open,early_morning,strong,3,28.482033333333337,27.8808,22.0918,23.2496,34.571650000000005,16.3028,41.2625,8.666666666666666,18549359.666666668,9186457.0,0.0092115660608216,110.66666666666667,6.333333333333333,0.024439702692619567,False,22.0918,0.25
bj,2,multi_open,early_morning,very_strong,7,33.59712857142857,35.6386,25.03925,25.34996,40.4845,21.4579,47.0359,6.285714285714286,16499080.42857143,14325458.0,0.0173926453859285,234.14285714285714,26.0,0.10230112384540191,False,25.03925,0.25
bj,2,multi_open,early_morning,weak,1,35.115,35.115,35.115,35.115,35.115,35.115,35.115,5.0,7835528.0,7835528.0,0.0051379226287235,103.0,2.0,0.0075757575757575,False,35.115,0.25
bj,2,multi_open,late,very_strong,2,27.335050000000003,27.335050000000003,25.283975,25.69419,29.386125,23.2329,31.4372,2.5,2980956.0,2980956.0,0.003285862651109,480.5,37.0,0.1459208250988142,False,25.283975,0.25
bj,2,multi_open,midday,neutral,7,52.64595714285714,53.583,44.18425,46.08574,63.2186,33.7708,66.3622,5.0,17386981.0,11159464.0,0.0145246362811317,74.0,3.7142857142857144,0.014252664986557428,False,44.18425,0.25
bj,2,multi_open,midday,strong,1,49.6587,49.6587,49.6587,49.6587,49.6587,49.6587,49.6587,3.0,35050889.0,35050889.0,0.0265206371141433,105.0,6.0,0.0224719101123595,False,49.6587,0.25
bj,2,multi_open,midday,very_strong,8,34.620850000000004,30.3673,24.493175,25.501980000000003,41.13195,17.3199,65.0482,4.5,15039330.0,5815767.5,0.008903095747352999,220.125,23.375,0.09201725863571823,False,24.493175,0.25
bj,2,multi_open,midday,weak,4,30.910975,28.524250000000002,17.613925000000002,18.259510000000002,41.8213,14.386,52.2094,3.5,13152151.75,6562040.5,0.006550657534304,59.5,1.5,0.00566701589030765,False,17.613925000000002,0.25
bj,2,multi_open,open_limit,neutral,1,31.6863,31.6863,31.6863,31.6863,31.6863,31.6863,31.6863,7.0,15232438.0,15232438.0,0.0073526632987429,55.0,4.0,0.0151515151515151,False,31.6863,0.25
bj,2,multi_open,open_limit,strong,1,20.0686,20.0686,20.0686,20.0686,20.0686,20.0686,20.0686,3.0,167023895.0,167023895.0,0.0234023136390559,105.0,6.0,0.0224719101123595,False,20.0686,0.25
bj,2,multi_open,open_limit,very_strong,12,26.9969,24.3815,17.5623,17.73918,37.0077,9.7433,49.4096,10.416666666666666,23357956.083333332,20420153.5,0.01538403817743995,630.1666666666666,50.5,0.19950628991650388,False,17.5623,0.25
bj,2,one_word,afternoon,neutral,1,29.6414,29.6414,29.6414,29.6414,29.6414,29.6414,29.6414,0.0,11215289.0,11215289.0,0.016826754367941,20.0,3.0,0.0122950819672131,False,29.6414,0.25
bj,2,one_word,afternoon,strong,1,55.5234,55.5234,55.5234,55.5234,55.5234,55.5234,55.5234,0.0,34378531.0,34378531.0,0.025180147391003,115.0,6.0,0.0237154150197628,False,55.5234,0.25
bj,2,one_word,afternoon,very_strong,4,36.398050000000005,35.559650000000005,21.781025,22.42829,50.176675,18.5447,55.9282,0.0,39422777.0,8089040.0,0.01216136744006565,625.25,54.75,0.21625143941987482,False,21.781025,0.25
bj,2,one_word,afternoon,weak,1,39.5471,39.5471,39.5471,39.5471,39.5471,39.5471,39.5471,0.0,4630184.0,4630184.0,0.0104818066385004,56.0,1.0,0.003731343283582,False,39.5471,0.25
bj,2,one_word,early_morning,neutral,3,25.32943333333333,19.6363,16.3481,17.00574,31.464199999999998,13.0599,43.2921,0.0,55303381.0,56333264.0,0.0240614392425372,148.33333333333334,5.0,0.018246570605867735,False,16.3481,0.25
bj,2,one_word,early_morning,very_strong,4,14.66965,14.17945,6.5024999999999995,6.6192,22.3466,5.919,24.4007,0.0,48960778.25,48227844.0,0.027451443442136653,119.75,24.25,0.09568922104652146,False,6.5024999999999995,0.25
bj,2,one_word,early_morning,weak,1,30.5534,30.5534,30.5534,30.5534,30.5534,30.5534,30.5534,0.0,7592131.0,7592131.0,0.0358190492673982,63.0,2.0,0.0074626865671641,False,30.5534,0.25
bj,2,one_word,late,very_strong,3,34.01753333333333,36.5929,28.615850000000002,30.21126,40.706900000000005,20.6388,44.8209,0.0,19480666.333333332,16749287.0,0.0206905673779726,181.66666666666666,12.0,0.04720369185262413,False,28.615850000000002,0.25
bj,2,one_word,late,weak,2,28.4386,28.4386,24.88995,25.59968,31.98725,21.3413,35.5359,0.0,45059165.5,45059165.5,0.0203173816091907,80.5,1.5,0.00540516394174925,False,24.88995,0.25
bj,2,one_word,midday,neutral,1,46.1629,46.1629,46.1629,46.1629,46.1629,46.1629,46.1629,0.0,40983073.0,40983073.0,0.0783988708409588,100.0,3.0,0.0122950819672131,False,46.1629,0.25
bj,2,one_word,midday,strong,4,31.195525000000004,28.93125,23.7485,24.12626,36.378275,21.8597,45.0599,0.0,64317081.0,69872860.5,0.02345430025716035,103.75,6.25,0.023339048711475952,False,23.7485,0.25
bj,2,one_word,midday,very_strong,4,34.396125,33.32175,28.4298,28.9941,39.288075000000006,25.6083,45.3327,0.0,33442541.25,29328305.0,0.035213279934880354,133.25,24.25,0.09557342312162029,False,28.4298,0.25
bj,2,one_word,midday,weak,4,28.639575,26.134900000000002,22.472425,22.53223,32.30205,22.1734,40.1151,0.0,44317666.75,42749139.0,0.027603214212744052,61.0,1.75,0.0065282946968093,False,22.472425,0.25
bj,2,one_word,open_limit,neutral,1,9.2698,9.2698,9.2698,9.2698,9.2698,9.2698,9.2698,0.0,81664874.0,81664874.0,0.0378092550377581,120.0,3.0,0.0104895104895104,False,9.2698,0.25
bj,2,one_word,open_limit,strong,1,2.7045,2.7045,2.7045,2.7045,2.7045,2.7045,2.7045,0.0,227959949.0,227959949.0,0.1661444681310904,105.0,6.0,0.0224719101123595,False,2.7045,0.25
bj,2,one_word,open_limit,very_strong,7,7.141828571428571,4.7778,2.59925,2.8622,10.15595,1.6663,18.0383,0.0,112912703.42857143,54761844.0,0.0730000268828134,139.42857142857142,17.428571428571427,0.06852249342970607,False,2.59925,0.25
bj,2,t_board,afternoon,very_strong,1,19.4055,19.4055,19.4055,19.4055,19.4055,19.4055,19.4055,1.0,4094551.0,4094551.0,0.0055583819078886,776.0,60.0,0.2371541501976284,False,19.4055,0.25
bj,2,t_board,early_morning,neutral,2,26.90105,26.90105,25.884725000000003,26.08799,27.917375,24.8684,28.9337,1.0,53581324.0,53581324.0,0.03476110351860055,91.0,5.0,0.0188851356166531,False,25.884725000000003,0.25
bj,2,t_board,late,weak,1,16.9473,16.9473,16.9473,16.9473,16.9473,16.9473,16.9473,1.0,22923656.0,22923656.0,0.007369717021545,42.0,1.0,0.0037735849056603,False,16.9473,0.25
bj,2,t_board,midday,neutral,2,41.415400000000005,41.415400000000005,36.65035,37.60336,46.18045,31.8853,50.9455,1.0,15150064.0,15150064.0,0.017696030765524548,118.5,4.0,0.01565648021408465,False,36.65035,0.25
bj,2,t_board,midday,strong,5,34.673179999999995,34.2342,26.9577,28.413,42.7037,20.1207,49.3496,1.0,31389309.0,19754524.0,0.0125529033791137,95.0,6.4,0.024846986621386864,False,26.9577,0.25
bj,2,t_board,midday,weak,3,22.8402,16.6311,14.24435,14.7217,28.3315,11.8576,40.0319,1.0,18354912.333333332,15773299.0,0.0052076799817127,59.666666666666664,1.6666666666666667,0.006097693393519133,False,14.24435,0.25
bj,2,t_board,open_limit,very_strong,2,7.59235,7.59235,6.418725,6.65345,8.765975000000001,5.2451,9.9396,1.0,22422271.5,22422271.5,0.0121200363658666,776.0,60.0,0.2371541501976284,False,6.418725,0.25
bj,3,multi_open,early_morning,very_strong,2,32.90815,32.90815,29.415475,30.11401,36.400825000000005,25.9228,39.8935,11.5,24378812.0,24378812.0,0.015020896232732901,138.0,16.0,0.06163767688679245,False,29.415475,0.25
bj,3,multi_open,late,neutral,1,30.1955,30.1955,30.1955,30.1955,30.1955,30.1955,30.1955,2.0,8436573.0,8436573.0,0.0054896101887595,169.0,4.0,0.0155038759689922,False,30.1955,0.25
bj,3,multi_open,late,very_strong,1,33.8726,33.8726,33.8726,33.8726,33.8726,33.8726,33.8726,3.0,37142648.0,37142648.0,0.0260358157944741,158.0,10.0,0.0392156862745098,False,33.8726,0.25
bj,3,multi_open,midday,strong,1,46.3146,46.3146,46.3146,46.3146,46.3146,46.3146,46.3146,7.0,23327037.0,23327037.0,0.0135292606899808,73.0,6.0,0.0233463035019455,False,46.3146,0.25
bj,3,multi_open,midday,very_strong,4,37.517975,37.8769,37.080725,37.41083,38.31415,35.4302,38.8879,3.75,15585692.25,13263774.5,0.01070854486873515,171.25,16.5,0.0652894813794744,False,37.080725,0.25
bj,3,multi_open,midday,weak,1,12.3047,12.3047,12.3047,12.3047,12.3047,12.3047,12.3047,2.0,18019412.0,18019412.0,0.004576536784169,34.0,2.0,0.0073260073260073,False,12.3047,0.25
bj,3,multi_open,open_limit,strong,1,37.0893,37.0893,37.0893,37.0893,37.0893,37.0893,37.0893,5.0,80631317.0,80631317.0,0.031787977675703,115.0,6.0,0.0237154150197628,False,37.0893,0.25
bj,3,one_word,afternoon,very_strong,1,30.0446,30.0446,30.0446,30.0446,30.0446,30.0446,30.0446,0.0,16480649.0,16480649.0,0.009478743455892,173.0,39.0,0.1535433070866141,False,30.0446,0.25
bj,3,one_word,midday,strong,1,34.6153,34.6153,34.6153,34.6153,34.6153,34.6153,34.6153,0.0,66501404.0,66501404.0,0.049371926881916,193.0,7.0,0.02734375,False,34.6153,0.25
bj,3,one_word,midday,very_strong,1,27.2825,27.2825,27.2825,27.2825,27.2825,27.2825,27.2825,0.0,63061069.0,63061069.0,0.0455659752546236,185.0,14.0,0.0546875,False,27.2825,0.25
bj,3,one_word,open_limit,very_strong,2,6.19725,6.19725,5.518625,5.65435,6.875875,4.84,7.5545,0.0,146008752.0,146008752.0,0.0862774099933935,418.5,15.0,0.059133534836859604,False,5.518625,0.25
bj,3,one_word,open_limit,weak,1,3.0195,3.0195,3.0195,3.0195,3.0195,3.0195,3.0195,0.0,328816026.0,328816026.0,0.1843814900817518,50.0,1.0,0.0037453183520599,False,3.0195,0.25
bj,3,t_board,early_morning,very_strong,1,12.5183,12.5183,12.5183,12.5183,12.5183,12.5183,12.5183,1.0,76326312.0,76326312.0,0.0233542442627098,132.0,16.0,0.0629921259842519,False,12.5183,0.25
bj,3,t_board,early_morning,weak,1,34.4811,34.4811,34.4811,34.4811,34.4811,34.4811,34.4811,1.0,8645110.0,8645110.0,0.0093669335015819,46.0,2.0,0.0079051383399209,False,34.4811,0.25
bj,3,t_board,late,very_strong,1,39.3041,39.3041,39.3041,39.3041,39.3041,39.3041,39.3041,1.0,10245050.0,10245050.0,0.0080744671662265,247.0,17.0,0.0669291338582677,False,39.3041,0.25
bj,3,t_board,late,weak,1,59.2828,59.2828,59.2828,59.2828,59.2828,59.2828,59.2828,1.0,1110950.0,1110950.0,0.0106716195456156,82.0,1.0,0.0034843205574912,False,59.2828,0.25
bj,3,t_board,open_limit,very_strong,1,10.4966,10.4966,10.4966,10.4966,10.4966,10.4966,10.4966,1.0,26133383.0,26133383.0,0.0239219736101868,776.0,60.0,0.2371541501976284,False,10.4966,0.25
bj,4,multi_open,early_morning,strong,1,37.0319,37.0319,37.0319,37.0319,37.0319,37.0319,37.0319,2.0,41558584.0,41558584.0,0.018818775415951,193.0,7.0,0.02734375,False,37.0319,0.25
bj,4,multi_open,midday,strong,1,25.3882,25.3882,25.3882,25.3882,25.3882,25.3882,25.3882,3.0,35190870.0,35190870.0,0.0189751395808626,193.0,7.0,0.02734375,False,25.3882,0.25
bj,4,multi_open,midday,weak,1,50.3801,50.3801,50.3801,50.3801,50.3801,50.3801,50.3801,6.0,13524033.0,13524033.0,0.0058344076407029,73.0,1.0,0.0037453183520599,False,50.3801,0.25
bj,4,multi_open,open_limit,very_strong,1,10.8065,10.8065,10.8065,10.8065,10.8065,10.8065,10.8065,2.0,82267988.0,82267988.0,0.0385589077180562,776.0,60.0,0.2371541501976284,False,10.8065,0.25
bj,4,one_word,late,very_strong,1,42.2093,42.2093,42.2093,42.2093,42.2093,42.2093,42.2093,0.0,38402779.0,38402779.0,0.0198029518478876,247.0,17.0,0.0669291338582677,False,42.2093,0.25
bj,4,one_word,open_limit,very_strong,1,0.5138,0.5138,0.5138,0.5138,0.5138,0.5138,0.5138,0.0,142267503.0,142267503.0,0.0334899500472585,173.0,39.0,0.1535433070866141,False,0.5138,0.25
bj,4,t_board,late,neutral,1,12.9975,12.9975,12.9975,12.9975,12.9975,12.9975,12.9975,1.0,29623856.0,29623856.0,0.0057878235291975,41.0,4.0,0.0146520146520146,False,12.9975,0.25
bj,5_plus,multi_open,midday,very_strong,1,32.7487,32.7487,32.7487,32.7487,32.7487,32.7487,32.7487,4.0,10711932.0,10711932.0,0.0042496011224959,132.0,16.0,0.0627450980392156,False,32.7487,0.25
chi_next,1,multi_open,afternoon,neutral,30,18.32833,16.003700000000002,8.672925,10.26836,24.71405,3.7536,60.4609,3.3666666666666667,1884920758.8666666,16364705.0,0.0030777407100584502,82.23333333333333,15.133333333333333,0.014549129039328796,True,8.672925,0.25
chi_next,1,multi_open,afternoon,strong,26,11.567880769230767,10.794,5.96425,6.3695,13.807549999999999,2.9778,38.2467,3.576923076923077,6989956270.576923,52632778.0,0.0067934794748281,124.0,22.846153846153847,0.025118295319153303,False,5.96425,0.25
chi_next,1,multi_open,afternoon,very_strong,59,13.838415254237287,11.7835,7.5813500000000005,8.042580000000001,17.225749999999998,3.0245,47.8996,3.7966101694915255,7029554639.627119,20820250.0,0.0039403095251483,266.1694915254237,68.16949152542372,0.06674965486606399,True,7.5813500000000005,0.25
chi_next,1,multi_open,afternoon,weak,67,23.6682119402985,21.5654,15.39505,16.06036,30.975299999999997,3.3741,58.4028,3.3134328358208953,31039030.029850747,19990914.0,0.0042130035371669,69.38805970149254,6.597014925373134,0.005374027313348199,True,15.39505,0.25
chi_next,1,multi_open,early_morning,neutral,113,19.11151592920354,16.4581,10.3757,12.50366,22.6474,2.6617,80.016,5.061946902654867,4001721630.681416,33713786.0,0.0097433299902671,77.15929203539822,14.256637168141593,0.014096144149398557,True,10.3757,0.25
chi_next,1,multi_open,early_morning,strong,95,13.305472631578942,10.7195,7.34085,8.55706,15.9434,2.4711,45.0949,5.7368421052631575,8059749486.789474,43639664.0,0.0106034241784252,75.50526315789473,20.71578947368421,0.02478793658506246,True,7.34085,0.25
chi_next,1,multi_open,early_morning,very_strong,139,12.13416402877698,9.9045,6.33295,7.414999999999999,14.46185,2.0692,45.1479,5.309352517985611,19041443393.92806,5779923000.0,0.8043910029193443,158.05755395683454,44.143884892086334,0.05079129776223346,True,6.33295,0.25
chi_next,1,multi_open,early_morning,weak,536,24.669760447761192,22.5054,15.607875,16.877049999999997,30.53385,1.8775,69.3974,5.358208955223881,47415038.07089552,29181350.5,0.009374497311932,61.735074626865675,5.981343283582089,0.00486822206914295,True,15.607875,0.25
chi_next,1,multi_open,late,neutral,24,26.563575,16.5483,8.8473,9.03588,45.01045,4.4042,62.6453,2.9583333333333335,1066704772.7083334,10485537.5,0.0039013236278764,76.41666666666667,15.583333333333334,0.014977162387500733,False,8.8473,0.25
chi_next,1,multi_open,late,strong,13,13.800123076923077,12.781,9.4772,10.134079999999999,17.2959,3.3427,32.2765,3.076923076923077,3198350501.8461537,11264821.0,0.001635682179529,125.3076923076923,23.923076923076923,0.0259976507349052,False,9.4772,0.25
chi_next,1,multi_open,late,very_strong,46,12.643167391304347,11.90985,6.41805,6.85245,16.627425,1.6862,32.4032,2.847826086956522,4763802567.913043,9946845.0,0.0015000637147287,405.8695652173913,125.15217391304348,0.10561674539655218,True,6.41805,0.25
chi_next,1,multi_open,late,weak,48,28.540154166666667,27.58265,15.3269,16.88104,36.52395,7.6479,74.6484,3.0625,28211970.708333332,19862347.5,0.0041949331466503,59.375,5.708333333333333,0.004795715091711414,True,15.3269,0.25
chi_next,1,multi_open,midday,neutral,273,22.496679853479854,19.2853,11.7683,13.12288,29.9125,0.8695,81.5452,4.842490842490842,4326597162.776557,28816992.0,0.0067432079876205,83.23076923076923,14.304029304029305,0.013929469676923148,True,11.7683,0.25
chi_next,1,multi_open,midday,strong,233,15.1056678111588,12.5995,6.8575,7.62852,21.8744,2.0215,45.9695,4.759656652360515,7300111258.815451,33936210.0,0.0080231762318985,90.05150214592274,21.334763948497855,0.024435916980206675,True,6.8575,0.25
chi_next,1,multi_open,midday,very_strong,371,11.893481132075472,9.7702,6.41755,7.1531,14.91175,1.0004,54.9261,5.0431266846361185,10886025224.455526,1772279190.0,0.4051873185755678,197.11051212938006,51.65768194070081,0.05687526906191045,True,6.41755,0.25
chi_next,1,multi_open,midday,weak,718,25.798926601671308,22.6074,15.189025,16.57299,33.999275,1.7398,79.3128,4.7534818941504176,92568996.48746519,23250089.5,0.00548717392662105,62.56406685236769,5.8983286908078,0.004901021593522226,True,15.189025,0.25
chi_next,1,multi_open,open_limit,neutral,16,16.32425,13.081299999999999,11.350525000000001,11.72305,18.238575,4.8036,40.8018,4.0,9633227121.4375,88063681.5,0.024398264232662,77.1875,14.625,0.014899677426594014,False,11.350525000000001,0.25
chi_next,1,multi_open,open_limit,strong,14,10.288357142857143,8.47625,4.566,5.33768,10.692275,2.5447,32.9983,6.571428571428571,36416554445.28571,27202768300.0,6.2210335682224045,74.14285714285714,20.071428571428573,0.024213794751461078,False,4.566,0.25
chi_next,1,multi_open,open_limit,very_strong,40,12.734402499999998,11.7958,7.8932,9.215489999999999,16.123325,1.1852,47.1743,6.675,14864240109.85,62628511.5,0.00937310647282975,456.25,139.8,0.11336888030001087,True,7.8932,0.25
chi_next,1,multi_open,open_limit,weak,66,22.556916666666666,18.889850000000003,13.692350000000001,14.7538,27.96615,2.4234,61.2881,4.318181818181818,55848638.13636363,43744393.5,0.0140137851594151,58.75757575757576,6.015151515151516,0.004946903570664307,True,13.692350000000001,0.25
chi_next,1,one_word,afternoon,neutral,49,18.949046938775513,15.223,7.9033,8.96866,20.3984,3.8492,63.9502,0.0,9953319467.22449,73471874.0,0.0197193823627498,64.85714285714286,14.306122448979592,0.014946414927896248,True,7.9033,0.25
chi_next,1,one_word,afternoon,strong,35,14.033422857142858,11.5149,6.7568,7.793799999999999,19.4144,3.5164,37.1174,0.0,18778360703.17143,62194175.0,0.0162764643927425,127.2,22.685714285714287,0.02504899954816915,True,6.7568,0.25
chi_next,1,one_word,afternoon,very_strong,52,12.817128846153846,9.79895,6.274649999999999,7.74039,15.592175000000001,2.8492,41.2358,0.0,18315409107.5,10182688620.0,2.5395266982763056,267.4230769230769,83.76923076923077,0.0762823906269356,True,6.274649999999999,0.25
chi_next,1,one_word,afternoon,weak,194,22.805175257731957,18.17825,12.9376,13.79055,29.983,1.0156,70.6408,0.0,97476118.2628866,71826939.5,0.0165788613292602,62.876288659793815,6.134020618556701,0.004921179050775177,True,12.9376,0.25
chi_next,1,one_word,early_morning,neutral,212,11.780636320754715,9.88775,5.22485,5.99719,16.820125,0.391,39.8283,0.0,5557615314.028302,74168342.5,0.030650969287268848,88.60849056603773,14.55188679245283,0.013826437147242989,True,5.22485,0.25
chi_next,1,one_word,early_morning,strong,121,7.099854545454544,5.4423,3.2076,3.4863,8.7247,0.8656,32.4963,0.0,19492229808.0,86191344.0,0.0425595685105543,74.20661157024793,20.272727272727273,0.024155538084159708,True,3.2076,0.25
chi_next,1,one_word,early_morning,very_strong,112,5.430476785714285,4.1384,2.5496499999999997,2.86693,6.581825,0.9212,25.6643,0.0,24984611230.05357,20901841560.0,7.573112998202594,123.51785714285714,38.544642857142854,0.047933797771778516,True,2.5496499999999997,0.25
chi_next,1,one_word,early_morning,weak,834,14.955087889688249,13.195599999999999,8.187525,9.15702,19.92195,1.3774,48.8756,0.0,80425881.57434052,68173318.0,0.0268429596614165,63.13669064748201,6.411270983213429,0.005117951105391721,True,8.187525,0.25
chi_next,1,one_word,late,neutral,81,21.483728395061732,18.1473,9.7071,11.7567,30.9104,0.9173,59.773,0.0,5614967634.9382715,73947811.0,0.0145334082697607,87.90123456790124,15.024691358024691,0.01388649161251918,True,9.7071,0.25
chi_next,1,one_word,late,strong,68,14.013069117647056,10.4152,6.3108,6.58971,16.999824999999998,0.8019,62.2464,0.0,7587945100.75,53417468.5,0.01232299313944845,93.19117647058823,21.102941176470587,0.024220856528883034,True,6.3108,0.25
chi_next,1,one_word,late,very_strong,159,14.651799371069183,12.0314,7.941800000000001,8.7475,19.00745,1.6446,55.0535,0.0,9232689289.150944,31545400.0,0.0055197995068292,373.9937106918239,103.64779874213836,0.09006995356488638,True,7.941800000000001,0.25
chi_next,1,one_word,late,weak,241,24.493545643153524,19.4166,13.0945,14.5055,32.1616,1.156,87.63,0.0,68258940.19087137,52671753.0,0.013504650108345,65.60580912863071,6.253112033195021,0.00513688179956129,True,13.0945,0.25
chi_next,1,one_word,midday,neutral,323,17.021943653250776,14.605,8.662199999999999,10.26722,22.6426,0.353,56.8089,0.0,7500013278.668731,72045529.0,0.0227350517932738,87.71517027863777,14.678018575851393,0.013665811528643155,True,8.662199999999999,0.25
chi_next,1,one_word,midday,strong,177,10.167558192090395,8.2167,5.2249,5.70856,13.2948,0.1255,40.4129,0.0,15587593390.355932,79228512.0,0.0289126723740002,97.87005649717514,21.55367231638418,0.024570303393875552,True,5.2249,0.25
chi_next,1,one_word,midday,very_strong,260,9.026363846153846,6.9981,4.768575,5.3267,11.480825,0.8957,46.1439,0.0,25690723803.33077,10996635490.0,3.1137093585955298,154.00384615384615,47.488461538461536,0.05586123267640292,True,4.768575,0.25
chi_next,1,one_word,midday,weak,1336,20.47393360778443,18.2089,12.16225,13.12365,26.3678,1.7002,73.1199,0.0,170055897.48053893,68059999.0,0.02151577896554515,63.02919161676647,6.282934131736527,0.005037688954572432,True,12.16225,0.25
chi_next,1,one_word,open_limit,neutral,90,4.039433333333334,2.88675,1.224825,1.43467,5.90695,0.1498,22.0815,0.0,31890100754.2,211727902.5,0.08463778707441995,72.91111111111111,13.8,0.014533171937887859,True,1.224825,0.25
chi_next,1,one_word,open_limit,strong,97,2.2140134020618554,1.6909,0.9537,1.13986,2.7686,0.029,10.3197,0.0,48464223077.84536,151522252.0,0.1250652687853996,68.18556701030928,19.90721649484536,0.024495373314269386,True,0.9537,0.25
chi_next,1,one_word,open_limit,very_strong,86,1.8221337209302328,1.2142499999999998,0.40745000000000003,0.55655,2.7519750000000003,0.079,9.0711,0.0,38975567852.33721,13411032450.0,8.81826459848039,128.8953488372093,39.05813953488372,0.048439831971354465,True,0.40745000000000003,0.25
chi_next,1,one_word,open_limit,weak,209,7.166222488038278,5.6832,3.2672,3.7529399999999997,9.5996,0.182,27.1475,0.0,190149985.38277513,107200808.0,0.0405994308211455,64.7177033492823,6.803827751196172,0.005408645458568476,True,3.2672,0.25
chi_next,1,t_board,afternoon,neutral,7,21.7096,15.0368,12.608699999999999,13.30632,24.88935,2.7645,59.1698,1.0,11873365147.428572,34210043.0,0.0230986579615524,47.0,13.142857142857142,0.015080519536619626,False,12.608699999999999,0.25
chi_next,1,t_board,afternoon,strong,14,12.37272142857143,7.631600000000001,5.058725,5.27745,11.225425000000001,1.4353,52.3039,1.0,6185558984.071428,89970321.0,0.053463656778683595,85.35714285714286,21.928571428571427,0.02498177025094792,False,5.058725,0.25
chi_next,1,t_board,afternoon,very_strong,28,15.772582142857143,14.81795,9.01275,9.79304,18.191200000000002,4.1031,47.898,1.0,12137875807.0,8260769000.0,1.4142538297175637,251.75,76.39285714285714,0.07184344991223289,False,9.01275,0.25
chi_next,1,t_board,afternoon,weak,38,29.721147368421054,25.2872,17.9115,19.33707,37.1888,9.4452,72.1016,1.0,40788049.7368421,31690676.0,0.0116106639299099,57.21052631578947,5.342105263157895,0.004559913332615435,True,17.9115,0.25
chi_next,1,t_board,early_morning,neutral,58,16.36766896551724,14.7194,7.311225,9.23836,20.879575,1.8198,65.4616,1.0,6165781710.051724,50067115.5,0.0218992929910625,82.24137931034483,13.810344827586206,0.013317357661525791,True,7.311225,0.25
chi_next,1,t_board,early_morning,strong,44,11.381611363636365,8.6343,7.020275,7.21948,13.91555,1.6371,41.1771,1.0,17265617582.477272,117229328.5,0.028639303065994097,95.70454545454545,21.0,0.024245637033775413,True,7.020275,0.25
chi_next,1,t_board,early_morning,very_strong,53,7.636284905660377,6.3301,4.7003,5.54052,9.2034,0.8123,23.2944,1.0,19423333356.5283,102046701.0,0.0186189025719789,135.79245283018867,40.283018867924525,0.049896871726203204,True,4.7003,0.25
chi_next,1,t_board,early_morning,weak,284,20.406305985915495,18.378349999999998,12.4567,13.78105,26.869175,2.2484,51.7426,1.0,59712473.51056338,47861580.0,0.0197105618627374,57.79225352112676,5.767605633802817,0.004704855358232226,True,12.4567,0.25
chi_next,1,t_board,late,neutral,24,19.36275416666667,15.35985,12.174575,13.170879999999999,22.50585,4.3674,51.1141,1.0,6367815570.0,47495040.0,0.01079853527488695,77.70833333333333,14.375,0.015073576624704191,False,12.174575,0.25
chi_next,1,t_board,late,strong,13,13.122923076923078,8.5979,5.5646,5.8376600000000005,11.0379,4.0965,48.459,1.0,6800431868.538462,11500845.0,0.0046819110280273,168.69230769230768,23.307692307692307,0.025118256869903748,False,5.5646,0.25
chi_next,1,t_board,late,very_strong,51,15.993207843137254,11.2362,7.500299999999999,8.1875,21.0449,2.5115,49.7469,1.0,3281405892.019608,11230765.0,0.0024985315445893,430.4901960784314,121.84313725490196,0.10078323392620792,True,7.500299999999999,0.25
chi_next,1,t_board,late,weak,56,27.22399642857143,23.310000000000002,16.184075,17.201700000000002,36.363025,4.2711,71.1046,1.0,68348125.26785715,19889282.5,0.00514975047669015,60.55357142857143,5.160714285714286,0.004377155496479037,True,16.184075,0.25
chi_next,1,t_board,midday,neutral,85,20.250899999999994,15.4838,10.1183,11.9498,26.6151,3.1445,53.3373,1.0,7354421332.282353,49119696.0,0.0152471242623307,78.41176470588235,14.588235294117647,0.014088021642607864,True,10.1183,0.25
chi_next,1,t_board,midday,strong,86,12.35591046511628,10.42275,5.9939,6.88355,16.608825,0.5419,35.1546,1.0,15889093590.186047,68278337.5,0.021181266089178703,83.0813953488372,20.732558139534884,0.02464542266117133,True,5.9939,0.25
chi_next,1,t_board,midday,very_strong,132,11.172278787878788,8.9881,5.856975,6.532969999999999,13.494975,1.7121,50.5391,1.0,20481015680.348484,13134706170.0,3.3197641132641937,173.75,47.75757575757576,0.05475999455510105,True,5.856975,0.25
chi_next,1,t_board,midday,weak,361,23.49229113573407,19.7829,13.077,13.9993,28.8255,1.7427,77.9943,1.0,51523537.88088643,37161928.0,0.0122915951972555,63.745152354570635,6.163434903047092,0.005035952625594768,True,13.077,0.25
chi_next,1,t_board,open_limit,neutral,8,8.39575,9.241299999999999,4.4433,5.20342,12.118675,0.6176,15.3567,1.0,16984792275.5,115456291.5,0.02422911707643075,90.375,13.625,0.013115785144244475,False,4.4433,0.25
chi_next,1,t_board,open_limit,strong,17,7.130623529411765,6.1432,3.4106,3.977,9.2601,2.08,16.2614,1.0,28640378040.764706,69390791.0,0.0353403590443686,64.76470588235294,20.11764705882353,0.025047321996835206,False,3.4106,0.25
chi_next,1,t_board,open_limit,very_strong,31,11.008435483870969,10.9042,5.1619,5.2462,14.71905,1.9403,27.9024,1.0,18768858893.322582,54784777.0,0.0160493457376263,284.5806451612903,88.09677419354838,0.07822299335106762,True,5.1619,0.25
chi_next,1,t_board,open_limit,weak,49,14.915059183673469,12.2308,8.5682,9.0267,20.1351,4.3266,47.697,1.0,77591607.59183674,59144452.0,0.0245000293725157,57.795918367346935,5.918367346938775,0.004670475656027058,True,8.5682,0.25
chi_next,1,unknown,early_morning,very_strong,1,21.9735,21.9735,21.9735,21.9735,21.9735,21.9735,21.9735,0.0,56016111060.0,56016111060.0,18.152597731185075,196.0,51.0,0.0641509433962264,False,21.9735,0.25
chi_next,1,unknown,open_limit,strong,1,3.0043,3.0043,3.0043,3.0043,3.0043,3.0043,3.0043,0.0,967544.0,967544.0,3.432970339763432e-05,86.0,19.0,0.0236612702366127,False,3.0043,0.25
chi_next,2,multi_open,afternoon,neutral,4,18.6393,18.7051,15.290025,17.28681,22.054375,5.3061,31.8409,5.25,995811517.5,16127752.5,0.0031686142822809,66.5,17.0,0.017802123990090547,False,15.290025,0.25
chi_next,2,multi_open,afternoon,strong,3,23.0723,18.1724,16.4912,16.82744,27.203449999999997,14.81,36.2345,3.3333333333333335,14968116241.0,21813358000.0,1.9381252074076136,74.33333333333333,21.0,0.026277499271767632,False,16.4912,0.25
chi_next,2,multi_open,afternoon,very_strong,8,14.322087500000002,13.026,9.414850000000001,10.087,18.6272,4.5392,26.7097,3.75,9468141838.375,6586614810.0,1.1759339506929454,209.125,64.75,0.06573303432036902,False,9.414850000000001,0.25
chi_next,2,multi_open,afternoon,weak,7,56.1924,54.851,52.21195,53.48386,65.1668,32.1277,71.6106,3.0,33879404.0,17135886.0,0.00664,80.28571428571429,7.714285714285714,0.0061492216064229005,False,52.21195,0.25
chi_next,2,multi_open,early_morning,neutral,32,23.812315624999997,16.215850000000003,13.24785,13.92264,36.6895,4.4646,57.0099,5.15625,6306335971.15625,43707561.0,0.0121039194128274,67.9375,14.03125,0.014598639418265898,True,13.24785,0.25
chi_next,2,multi_open,early_morning,strong,30,20.272480000000005,19.1078,11.0539,14.156199999999998,27.550125,4.464,53.9934,5.933333333333334,11603556868.733334,79703256.5,0.03077436404668225,78.63333333333334,20.266666666666666,0.02406551047262832,True,11.0539,0.25
chi_next,2,multi_open,early_morning,very_strong,52,13.015390384615387,11.3356,8.55795,9.03529,16.30405,0.4717,51.5959,6.0576923076923075,14587787304.538462,1591903945.5,0.36382051561515594,203.8653846153846,59.65384615384615,0.06394850081638262,True,8.55795,0.25
chi_next,2,multi_open,early_morning,weak,92,32.66647065217391,30.438200000000002,21.810000000000002,22.64309,42.8297,10.6878,72.5928,5.521739130434782,49736208.16304348,38054505.0,0.01536480180243375,61.51086956521739,7.163043478260869,0.00579917209678208,True,21.810000000000002,0.25
chi_next,2,multi_open,late,strong,1,13.0684,13.0684,13.0684,13.0684,13.0684,13.0684,13.0684,3.0,24054921.0,24054921.0,0.0011997914740506,173.0,29.0,0.0214338507021433,False,13.0684,0.25
chi_next,2,multi_open,late,very_strong,4,26.966575,25.03125,20.50685,22.38242,31.490975,11.129,46.6748,2.25,16583172516.25,10852652.5,0.0020288867209505,464.75,141.75,0.11540349338406215,False,20.50685,0.25
chi_next,2,multi_open,late,weak,10,42.17467,38.41765,33.136175,35.13935,52.8464,18.0208,73.2622,2.6,15666897.7,10792877.5,0.0038481039314041503,51.3,6.3,0.005558327019718531,False,33.136175,0.25
chi_next,2,multi_open,midday,neutral,30,30.68789333333333,25.9469,17.306025,17.88473,44.99015,0.7858,75.0358,6.3,10198921411.466667,51062039.0,0.01211870933319645,88.8,14.333333333333334,0.013889185159263117,True,17.306025,0.25
chi_next,2,multi_open,midday,strong,20,18.42542,14.8337,9.757124999999998,10.77372,18.302175,5.4895,57.3237,4.9,12049713046.45,53507198.5,0.007777667108212,104.0,21.9,0.02473215009027141,False,9.757124999999998,0.25
chi_next,2,multi_open,midday,very_strong,54,17.559346296296297,13.773,10.1877,11.25596,18.93965,3.7151,61.5374,5.2407407407407405,14397932168.037037,7218148875.0,1.1973558290973425,211.62962962962962,57.77777777777778,0.06418043487687375,True,10.1877,0.25
chi_next,2,multi_open,midday,weak,63,38.333401587301594,33.3537,25.8091,26.9653,48.69705,2.6349,80.0468,4.968253968253968,40051336.746031746,25409668.0,0.0064441514766366,64.65079365079364,5.777777777777778,0.004782452588027318,True,25.8091,0.25
chi_next,2,multi_open,open_limit,neutral,7,23.302342857142857,27.0323,14.36675,14.41922,30.1417,7.8798,39.1874,5.0,16368710184.428572,106500817.0,0.0285799379891202,81.57142857142857,16.428571428571427,0.015624839721935398,False,14.36675,0.25
chi_next,2,multi_open,open_limit,strong,15,17.184046666666667,17.5162,9.60435,9.71732,23.32985,7.7177,29.5476,8.066666666666666,29603084239.133335,23502962000.0,6.793259805721144,75.6,18.866666666666667,0.02372268927600563,False,9.60435,0.25
chi_next,2,multi_open,open_limit,very_strong,57,15.427105263157896,13.8095,9.1546,10.65576,19.5116,1.3695,37.9463,7.43859649122807,5002924804.929825,60606780.0,0.0077233634332348,617.7017543859649,189.9298245614035,0.14618318350823956,True,9.1546,0.25
chi_next,2,multi_open,open_limit,weak,25,22.760879999999997,23.4367,16.3323,16.93798,28.1735,6.2222,39.8206,3.84,89432856.76,60748918.0,0.0186547899711519,64.32,6.52,0.0053625355509520235,False,16.3323,0.25
chi_next,2,one_word,afternoon,neutral,6,30.808616666666666,27.162,18.055999999999997,20.9608,40.982875,10.6089,59.3083,0.0,3716545763.0,53670582.0,0.016918112961259148,88.83333333333333,16.0,0.015055322402967801,False,18.055999999999997,0.25
chi_next,2,one_word,afternoon,strong,3,37.9195,30.1032,29.615850000000002,29.71332,42.315,29.1285,54.5268,0.0,44230190.333333336,47551031.0,0.0172689167095809,61.333333333333336,22.0,0.0265502979879229,False,29.615850000000002,0.25
chi_next,2,one_word,afternoon,very_strong,8,15.79235,13.37665,10.514775,11.97592,15.27685,3.1518,44.3018,0.0,23362754807.125,9963413100.0,2.152850564112689,384.625,123.625,0.10897189588733305,False,10.514775,0.25
chi_next,2,one_word,afternoon,weak,9,29.155644444444444,29.8481,26.9681,27.15446,30.2146,24.4254,36.3591,0.0,73185039.33333333,61831465.0,0.0139405889180167,63.44444444444444,5.222222222222222,0.004313446427886201,False,26.9681,0.25
chi_next,2,one_word,early_morning,neutral,22,19.7563,17.728,11.55095,12.599029999999999,21.28815,7.2902,45.4757,0.0,5749045932.5,88361748.5,0.04138452520457945,78.81818181818181,14.0,0.013567363771725236,False,11.55095,0.25
chi_next,2,one_word,early_morning,strong,23,11.007252173913043,9.4737,6.51815,6.90952,13.2402,2.2921,25.3567,0.0,33561226284.739132,29204028000.0,8.932188092334396,70.08695652173913,19.652173913043477,0.023879442842029187,False,6.51815,0.25
chi_next,2,one_word,early_morning,very_strong,25,7.378332,6.6874,3.3967,4.128799999999999,9.5143,0.1618,22.5756,0.0,12754361097.0,95298945.0,0.0272262882218171,139.4,37.16,0.04397757388006185,False,3.3967,0.25
chi_next,2,one_word,early_morning,weak,63,20.950396825396822,18.9533,12.88675,13.69338,29.328899999999997,4.259,59.7788,0.0,95409806.8095238,80107854.0,0.0265452528863795,60.95238095238095,6.571428571428571,0.005449200658945741,True,12.88675,0.25
chi_next,2,one_word,late,neutral,8,28.715087500000003,31.29495,19.5077,20.664350000000002,36.984775,0.9944,48.1433,0.0,1492795193.875,122012727.0,0.00806747247058625,91.0,15.0,0.013589798896428926,False,19.5077,0.25
chi_next,2,one_word,late,strong,2,24.58685,24.58685,22.447525,22.87539,26.726175,20.3082,28.8655,0.0,28205601.0,28205601.0,0.007899527462434101,65.0,20.5,0.025339925834363397,False,22.447525,0.25
chi_next,2,one_word,late,very_strong,9,19.60471111111111,14.9226,10.5937,11.8955,24.2839,2.1642,48.6336,0.0,14763257401.88889,16801251.0,0.0025799541873705,405.3333333333333,104.66666666666667,0.09287306162433279,False,10.5937,0.25
chi_next,2,one_word,late,weak,21,36.131266666666676,30.8481,23.7526,25.4889,48.3807,13.1702,59.1404,0.0,41588476.190476194,32381264.0,0.0092451049689286,61.0,6.380952380952381,0.005332098662022428,False,23.7526,0.25
chi_next,2,one_word,midday,neutral,20,30.512375,27.11355,16.721575,19.5831,39.525774999999996,6.4247,85.8547,0.0,9718746519.8,66958807.5,0.021733266137314647,90.55,14.6,0.01275193955660373,False,16.721575,0.25
chi_next,2,one_word,midday,strong,18,20.636933333333335,17.1284,12.627275000000001,13.17415,24.16415,7.4114,54.6291,0.0,6764412832.0,58673474.0,0.0190588498677348,70.5,20.944444444444443,0.02467035442086854,False,12.627275000000001,0.25
chi_next,2,one_word,midday,very_strong,21,13.613814285714287,12.8868,11.0389,11.5047,15.8981,4.0422,25.8631,0.0,30021234188.714287,14381173200.0,3.5772218597048693,132.42857142857142,38.857142857142854,0.045975213264256076,False,11.0389,0.25
chi_next,2,one_word,midday,weak,70,31.72056142857143,28.36905,20.124475,22.38253,41.655075,5.9284,73.1911,0.0,64721636.71428572,53047585.5,0.01929855427652575,62.22857142857143,6.642857142857143,0.005363419695873418,True,20.124475,0.25
chi_next,2,one_word,open_limit,neutral,65,3.4454246153846153,1.6148,0.3385,0.5734,3.8959,0.0438,20.9243,0.0,41317320498.56923,182755545.0,0.1073094482956295,69.3076923076923,14.215384615384615,0.015012630376854753,True,0.3385,0.25
chi_next,2,one_word,open_limit,strong,61,2.3884442622950823,1.1738,0.469,0.6233,3.0244,0.0307,14.8466,0.0,50420436622.7541,241304556.0,0.2064601452600582,67.75409836065573,19.934426229508198,0.02449176237053544,True,0.469,0.25
chi_next,2,one_word,open_limit,very_strong,78,1.7204089743589743,0.96665,0.304075,0.3847499999999999,2.233925,0.0278,13.38,0.0,50981585418.628204,446486540.5,0.1964185038113208,174.66666666666666,51.19230769230769,0.05768908772208373,True,0.304075,0.25
chi_next,2,one_word,open_limit,weak,63,6.345782539682539,4.7031,1.6996,1.9012799999999999,9.2055,0.0763,26.7384,0.0,4492267723.063492,128242563.0,0.05419946581613,63.666666666666664,6.174603174603175,0.004901201186999464,True,1.6996,0.25
chi_next,2,t_board,afternoon,strong,1,39.872,39.872,39.872,39.872,39.872,39.872,39.872,1.0,59885786.0,59885786.0,0.0130743661072091,79.0,23.0,0.0286425902864259,False,39.872,0.25
chi_next,2,t_board,afternoon,very_strong,4,26.392875000000004,27.08015,22.286275,23.20381,31.18675,17.6986,33.7126,1.0,7989603469.5,35741710.0,0.00591082025279265,614.75,193.75,0.15036093533226397,False,22.286275,0.25
chi_next,2,t_board,afternoon,weak,2,30.23515,30.23515,26.291575,27.080289999999998,34.178725,22.348,38.1223,1.0,21850364.5,21850364.5,0.0097198756809113,88.0,7.5,0.00561181806296745,False,26.291575,0.25
chi_next,2,t_board,early_morning,neutral,19,18.832668421052627,18.5144,11.0442,12.3232,24.281,6.4345,42.7654,1.0,14083982278.368422,91346461.0,0.0311351393248434,70.3157894736842,12.947368421052632,0.013722866267944894,False,11.0442,0.25
chi_next,2,t_board,early_morning,strong,11,13.503927272727271,12.9653,6.72535,8.9858,17.24795,2.6491,32.1252,1.0,20323022114.090908,92599297.0,0.0192521858177644,78.0,21.0,0.02300662833965016,False,6.72535,0.25
chi_next,2,t_board,early_morning,very_strong,14,10.484407142857146,7.658200000000001,6.230625,6.291530000000001,11.174850000000001,2.7402,39.4846,1.0,20643548669.857143,24901876100.0,7.170856575674169,224.21428571428572,53.857142857142854,0.06045124783000537,False,6.230625,0.25
chi_next,2,t_board,early_morning,weak,50,30.751674,28.271949999999997,19.97045,20.34384,35.735725,10.7046,68.7465,1.0,67831613.36,60721132.0,0.0347367641735776,55.44,6.84,0.005839253397577118,True,19.97045,0.25
chi_next,2,t_board,late,very_strong,6,20.471183333333332,20.6996,20.362750000000002,20.4105,22.638525,2.9987,34.8939,1.0,8032566.0,7777844.0,0.0017202488493375,536.0,147.33333333333334,0.1144476245366421,False,20.362750000000002,0.25
chi_next,2,t_board,late,weak,8,31.666262500000002,29.496699999999997,22.035899999999998,24.51792,33.97405,15.4245,69.3404,1.0,45168759.875,21662347.5,0.00510444000349935,67.875,6.875,0.005487084172008112,False,22.035899999999998,0.25
chi_next,2,t_board,midday,neutral,11,24.605927272727275,27.0347,14.13085,19.9583,35.119550000000004,7.0989,39.7875,1.0,12593061620.272728,114871604.0,0.0108412123884427,79.9090909090909,14.090909090909092,0.0132949666652831,False,14.13085,0.25
chi_next,2,t_board,midday,strong,10,25.380760000000002,18.477899999999998,13.753900000000002,15.961780000000001,34.0217,6.8436,64.0648,1.0,24895833492.7,51035788.5,0.0252069960994155,68.2,20.0,0.024715208904882317,False,13.753900000000002,0.25
chi_next,2,t_board,midday,very_strong,12,15.867166666666664,16.27675,10.116399999999999,11.54506,18.46,6.9678,29.7336,1.0,25255696332.25,8348196964.5,0.7892468829714112,244.58333333333334,77.0,0.07597235675737006,False,10.116399999999999,0.25
chi_next,2,t_board,midday,weak,15,30.16806,28.9849,17.59135,19.3494,40.38015,7.167,66.4294,1.0,39781568.53333333,29912815.0,0.0100142638094568,65.4,6.6,0.005366493711647246,False,17.59135,0.25
chi_next,2,t_board,open_limit,neutral,10,13.459049999999996,10.135349999999999,8.351175,8.46759,14.194225,4.5402,38.102,1.0,15056863990.4,132228673.0,0.056822051210523694,61.8,13.5,0.014521173161733111,False,8.351175,0.25
chi_next,2,t_board,open_limit,strong,11,7.384299999999999,7.1466,4.7397,4.8542,9.2065,0.4306,16.4363,1.0,37773290571.63636,26888067000.0,11.790719166711334,79.72727272727273,21.09090909090909,0.024769703956285128,False,4.7397,0.25
chi_next,2,t_board,open_limit,very_strong,13,8.256407692307693,6.9874,6.0371,6.06356,11.5818,1.7885,16.375,1.0,23041032699.692307,114724795.0,0.0404293583476093,213.53846153846155,68.15384615384616,0.06607796281685954,False,6.0371,0.25
chi_next,2,t_board,open_limit,weak,16,20.2021875,19.57125,16.4324,17.7275,25.97175,10.8276,29.2443,1.0,104497880.8125,92072032.0,0.03945484772166265,70.1875,7.0,0.0053034601882585,False,16.4324,0.25
chi_next,2,unknown,early_morning,very_strong,1,24.6243,24.6243,24.6243,24.6243,24.6243,24.6243,24.6243,0.0,26407538300.0,26407538300.0,5.87629058127039,125.0,43.0,0.0542244640605296,False,24.6243,0.25
chi_next,3,multi_open,afternoon,very_strong,2,10.66385,10.66385,10.563925000000001,10.58391,10.763774999999999,10.464,10.8637,2.0,3345699500.0,3345699500.0,0.286576871357722,159.0,53.0,0.06612584758085495,False,10.563925000000001,0.25
chi_next,3,multi_open,afternoon,weak,4,29.9931,33.05885,28.378375,30.737289999999998,34.673575,16.5838,37.2709,4.0,27943931.5,16810279.0,0.0039714505573487,80.75,7.25,0.0062526670997741,False,28.378375,0.25
chi_next,3,multi_open,early_morning,neutral,12,23.919875,24.2228,15.660725,16.39071,34.587375,0.3986,48.7586,5.0,7263197871.5,51206039.0,0.0179926749574608,76.75,13.083333333333334,0.013810965073655765,False,15.660725,0.25
chi_next,3,multi_open,early_morning,strong,11,24.816009090909095,23.6231,13.902750000000001,14.5129,28.9099,8.1019,54.5435,4.363636363636363,22063925507.727272,19926592000.0,9.534874842757189,79.63636363636364,20.636363636363637,0.02452287897825415,False,13.902750000000001,0.25
chi_next,3,multi_open,early_morning,very_strong,8,17.647262500000004,14.165949999999999,9.409,10.73092,26.8998,4.2349,34.4361,5.125,11324368322.875,5593988134.5,0.8265365786007628,135.625,44.625,0.05571737048456874,False,9.409,0.25
chi_next,3,multi_open,early_morning,weak,28,37.06895000000001,35.58285,26.909125,29.50206,45.1175,10.7174,73.7902,6.571428571428571,52045021.71428572,35381710.5,0.010310599736002849,59.25,6.464285714285714,0.0050671405807047746,False,26.909125,0.25
chi_next,3,multi_open,late,neutral,1,62.6361,62.6361,62.6361,62.6361,62.6361,62.6361,62.6361,2.0,24606145.0,24606145.0,0.0137765689330622,73.0,11.0,0.0109126984126984,False,62.6361,0.25
chi_next,3,multi_open,late,weak,2,40.1823,40.1823,37.96315,38.406980000000004,42.401450000000004,35.744,44.6206,2.5,48528332.0,48528332.0,0.00962297833638405,68.0,7.5,0.0055365309909064,False,37.96315,0.25
chi_next,3,multi_open,midday,neutral,5,38.61468,27.8348,27.0606,27.21544,47.5044,23.4846,67.189,4.8,3379520554.0,38572210.0,0.0135808495145631,52.8,13.8,0.014870986608914638,False,27.0606,0.25
chi_next,3,multi_open,midday,strong,4,22.71365,24.23525,20.445225,21.69171,26.503675,14.2128,28.1713,3.0,15929277848.5,7973337664.0,3.1431673990810642,53.75,18.5,0.022834307092549525,False,20.445225,0.25
chi_next,3,multi_open,midday,very_strong,19,14.178921052631582,13.7382,7.8279,10.08182,18.58935,0.4373,31.6583,6.894736842105263,5392880101.105263,39455813.0,0.0043949666388192,136.0,41.526315789473685,0.05153425759704133,False,7.8279,0.25
chi_next,3,multi_open,midday,weak,12,42.33989166666667,37.551950000000005,32.102824999999996,33.03462,52.913775,15.526,70.8346,3.5,61950320.083333336,39614563.5,0.0074058090755734,71.66666666666667,8.166666666666666,0.0066025661826002585,False,32.102824999999996,0.25
chi_next,3,multi_open,open_limit,neutral,4,27.834925000000002,23.1659,19.087225,19.10833,31.9136,18.9817,46.0262,7.75,2162496621.75,85076851.5,0.0259891960776286,53.5,13.25,0.015843811534207247,False,19.087225,0.25
chi_next,3,multi_open,open_limit,strong,11,23.48996363636364,22.4461,15.922899999999998,17.2075,25.56485,9.4856,56.1578,6.0,24962073577.272728,29197321250.0,10.601157460764606,65.63636363636364,19.636363636363637,0.024437021236696818,False,15.922899999999998,0.25
chi_next,3,multi_open,open_limit,very_strong,17,18.283835294117647,18.3521,12.2765,14.241859999999999,20.6445,8.6015,37.4942,4.823529411764706,16333742761.17647,217026164.0,0.0161407418443323,429.47058823529414,127.05882352941177,0.10543849292225417,False,12.2765,0.25
chi_next,3,multi_open,open_limit,weak,12,38.22611666666668,24.59935,21.144025,21.795669999999998,64.277975,14.2101,76.7604,6.0,51424233.166666664,42114285.0,0.01514530432842295,92.5,6.75,0.005445817467440792,False,21.144025,0.25
chi_next,3,one_word,afternoon,very_strong,3,29.599166666666665,22.8783,21.0442,21.41102,34.7937,19.2101,46.7091,0.0,32146178.0,24325949.0,0.0076216136697437,555.6666666666666,174.33333333333334,0.13558629409623882,False,21.0442,0.25
chi_next,3,one_word,afternoon,weak,3,36.62913333333333,40.0646,33.7047,34.97668,41.2713,27.3448,42.478,0.0,52226922.666666664,51023470.0,0.0144005927759198,62.666666666666664,7.666666666666667,0.0069543160761487005,False,33.7047,0.25
chi_next,3,one_word,early_morning,neutral,3,6.8585,7.1156,6.4275,6.565119999999999,7.41805,5.7394,7.7205,0.0,26746002287.333332,100490189.0,0.0155214334903806,40.666666666666664,11.666666666666666,0.014398558226354134,False,6.4275,0.25
chi_next,3,one_word,early_morning,strong,3,8.800533333333334,5.2805,4.8632,4.94666,10.97785,4.4459,16.6752,0.0,24740648390.0,34793513250.0,10.19748978567491,70.0,18.666666666666668,0.02338998238633853,False,4.8632,0.25
chi_next,3,one_word,early_morning,very_strong,6,6.275616666666667,5.81785,5.022675,5.077249999999999,8.887775,1.4875,9.8618,0.0,42037706040.166664,14219606953.5,4.631740563053959,164.83333333333334,49.5,0.061667013467378094,False,5.022675,0.25
chi_next,3,one_word,early_morning,weak,6,30.070933333333333,29.20265,25.8278,26.2573,31.4177,23.0207,42.1407,0.0,135416428.33333334,100064317.0,0.0527044275902196,68.5,7.166666666666667,0.005856413014771417,False,25.8278,0.25
chi_next,3,one_word,late,neutral,1,43.4846,43.4846,43.4846,43.4846,43.4846,43.4846,43.4846,0.0,88365395.0,88365395.0,0.0231485481464862,23.0,11.0,0.0127020785219399,False,43.4846,0.25
chi_next,3,one_word,late,very_strong,2,12.41965,12.41965,10.329125,10.74723,14.510175,8.2386,16.6007,0.0,20705614.5,20705614.5,0.00119028741691885,776.0,241.0,0.1786508524833209,False,10.329125,0.25
chi_next,3,one_word,late,weak,3,49.03650000000001,46.3472,41.278850000000006,42.29252,55.4495,36.2105,64.5518,0.0,26302617.333333332,30821244.0,0.0128226694153993,58.0,4.0,0.0034016799786720335,False,41.278850000000006,0.25
chi_next,3,one_word,midday,neutral,5,24.5529,22.7685,13.1424,15.06762,27.3447,12.1626,47.3463,0.0,28248723059.4,72476800.0,0.0292840224079483,61.0,12.8,0.014367889918215781,False,13.1424,0.25
chi_next,3,one_word,midday,strong,4,27.350225000000002,20.92125,16.455475,17.20237,31.816,12.721,54.8374,0.0,11432932619.0,53793393.0,0.015004820405794799,66.0,23.25,0.028260654611603674,False,16.455475,0.25
chi_next,3,one_word,midday,very_strong,6,17.08475,12.466249999999999,9.490375,10.03735,23.365125,4.2218,37.8577,0.0,55573319798.166664,25294780775.0,12.701748604542114,181.5,58.0,0.07256845246783447,False,9.490375,0.25
chi_next,3,one_word,midday,weak,12,40.742749999999994,41.4221,26.740875,30.932719999999996,53.705,12.8706,74.7141,0.0,70090320.58333333,64276261.0,0.020709175414414,67.75,7.75,0.006893378287361258,False,26.740875,0.25
chi_next,3,one_word,open_limit,neutral,25,0.9988840000000002,0.1947,0.1079,0.12489999999999998,0.6594,0.0646,7.3909,0.0,105735636225.56,389936965.0,0.198901304918677,58.96,13.44,0.015545820115107838,False,0.1079,0.25
chi_next,3,one_word,open_limit,strong,31,1.7432838709677423,0.6347,0.0993,0.1154,2.2737999999999996,0.0407,13.0507,0.0,61563257751.03226,525090566.0,0.3225218993506493,71.87096774193549,19.70967741935484,0.024060838875373126,True,0.0993,0.25
chi_next,3,one_word,open_limit,very_strong,47,1.209921276595745,0.5943,0.0995,0.15785999999999997,1.50495,0.0408,6.9402,0.0,72822977578.63829,2343535561.0,0.1776495128583992,144.59574468085106,44.148936170212764,0.05132093019597312,True,0.0995,0.25
chi_next,3,one_word,open_limit,weak,17,7.244888235294119,4.6773,1.9858,2.02276,9.3321,0.1672,26.872,0.0,567979737.2352941,270524785.0,0.0843182961095209,52.11764705882353,6.294117647058823,0.005128990748613323,False,1.9858,0.25
chi_next,3,t_board,afternoon,weak,3,50.57363333333334,45.2291,44.337950000000006,44.516180000000006,54.13705,43.4468,63.045,1.0,73599140.66666667,47453325.0,0.0478885947819092,100.33333333333333,8.0,0.0064591303101941,False,44.337950000000006,0.25
chi_next,3,t_board,early_morning,neutral,1,35.3104,35.3104,35.3104,35.3104,35.3104,35.3104,35.3104,1.0,43410318.0,43410318.0,0.0251241512326931,127.0,14.0,0.0102115244347191,False,35.3104,0.25
chi_next,3,t_board,early_morning,strong,3,13.9062,12.4148,11.6658,11.8156,15.4009,10.9168,18.387,1.0,53844613203.333336,48638366010.0,28.10833534143899,62.0,22.0,0.02775520185781333,False,11.6658,0.25
chi_next,3,t_board,early_morning,very_strong,8,10.8112125,9.692599999999999,7.76115,8.470469999999999,13.028875,4.7539,21.4737,1.0,22137608224.0,73813111.0,0.0142509863485048,204.75,47.5,0.0525870532099353,False,7.76115,0.25
chi_next,3,t_board,early_morning,weak,5,23.539519999999996,25.7448,15.6629,17.67928,29.507,7.5482,39.2347,1.0,73441225.2,76928615.0,0.0212670038977596,72.8,9.2,0.0072333159433231615,False,15.6629,0.25
chi_next,3,t_board,late,very_strong,1,24.6879,24.6879,24.6879,24.6879,24.6879,24.6879,24.6879,1.0,1119678.0,1119678.0,0.0023736114261967,131.0,37.0,0.0459627329192546,False,24.6879,0.25
chi_next,3,t_board,late,weak,1,49.0175,49.0175,49.0175,49.0175,49.0175,49.0175,49.0175,1.0,61411490.0,61411490.0,0.0134236963812843,22.0,8.0,0.0092378752886836,False,49.0175,0.25
chi_next,3,t_board,midday,neutral,2,40.8792,40.8792,31.026,32.99664,50.7324,21.1728,60.5856,1.0,17834076630.0,17834076630.0,8.631236012487545,131.0,15.0,0.0150648124206005,False,31.026,0.25
chi_next,3,t_board,midday,strong,2,22.331000000000003,22.331000000000003,20.107200000000002,20.55196,24.5548,17.8834,26.7786,1.0,20014714.0,20014714.0,0.0112980194055066,116.0,25.5,0.023985924144798998,False,20.107200000000002,0.25
chi_next,3,t_board,midday,very_strong,2,27.0662,27.0662,24.6379,25.123559999999998,29.4945,22.2096,31.9228,1.0,75131713060.0,75131713060.0,38.18947669308476,83.5,30.0,0.0377564437685154,False,24.6379,0.25
chi_next,3,t_board,midday,weak,4,36.2297,30.929299999999998,21.7017,22.68006,45.4573,16.8099,66.2503,1.0,61865226.25,57635489.0,0.01306937233827265,55.75,5.5,0.0040878354988990746,False,21.7017,0.25
chi_next,3,t_board,open_limit,neutral,2,8.8036,8.8036,8.2051,8.3248,9.4021,7.6066,10.0006,1.0,68577761.0,68577761.0,0.02585021779236545,50.5,14.5,0.017953267674149648,False,8.2051,0.25
chi_next,3,t_board,open_limit,strong,4,23.633000000000003,20.39105,11.035575,12.208829999999999,32.988475,5.1693,48.5806,1.0,53294287768.0,67078165050.0,37.6436519141786,75.0,20.5,0.025765479795592752,False,11.035575,0.25
chi_next,3,t_board,open_limit,very_strong,9,11.102466666666665,7.7074,7.0152,7.28496,11.2563,5.0094,24.4098,1.0,30725262170.555557,26378314180.0,7.938956257862848,305.77777777777777,93.55555555555556,0.08974596281433343,False,7.0152,0.25
chi_next,3,t_board,open_limit,weak,4,16.373874999999998,16.7671,14.388200000000001,15.2627,18.752775,10.0157,21.9456,1.0,190130786.0,110264857.0,0.03946582283591945,85.0,7.0,0.005668388160459574,False,14.388200000000001,0.25
chi_next,4,multi_open,afternoon,neutral,3,29.605633333333333,32.1307,28.243299999999998,29.02078,32.2305,24.3559,32.3303,2.6666666666666665,7880828454.0,30643365.0,0.0088183349218214,88.0,15.333333333333334,0.013513732607047533,False,28.243299999999998,0.25
chi_next,4,multi_open,afternoon,very_strong,1,19.1917,19.1917,19.1917,19.1917,19.1917,19.1917,19.1917,3.0,18781335360.0,18781335360.0,4.661753567140739,168.0,71.0,0.0894206549118387,False,19.1917,0.25
chi_next,4,multi_open,early_morning,neutral,3,24.606800000000003,19.5201,17.89245,18.21798,28.7778,16.2648,38.0355,3.3333333333333335,9950169121.666666,169673707.0,0.0097753816615459,89.33333333333333,15.666666666666666,0.014240543912360433,False,17.89245,0.25
chi_next,4,multi_open,early_morning,strong,3,29.556133333333335,30.4948,28.30825,28.74556,31.27335,26.1217,32.0519,3.6666666666666665,16443757770.0,7078326000.0,5.4637543526432415,71.33333333333333,20.0,0.025059434121392166,False,28.30825,0.25
chi_next,4,multi_open,early_morning,very_strong,7,16.443971428571427,12.72,11.244,11.27094,19.08975,5.6572,36.0631,6.285714285714286,4674075930.857142,42026393.0,0.0088155515450972,152.14285714285714,46.285714285714285,0.05664159581409544,False,11.244,0.25
chi_next,4,multi_open,early_morning,weak,7,32.251871428571434,32.0405,25.80955,26.03782,41.3925,13.7932,45.5253,5.142857142857143,72774286.71428572,48415310.0,0.0115457827825967,101.71428571428571,9.571428571428571,0.007701657209118329,False,25.80955,0.25
chi_next,4,multi_open,late,weak,1,20.4667,20.4667,20.4667,20.4667,20.4667,20.4667,20.4667,2.0,10465330.0,10465330.0,0.0014054194488125,73.0,8.0,0.0058055152394775,False,20.4667,0.25
chi_next,4,multi_open,midday,neutral,1,60.9171,60.9171,60.9171,60.9171,60.9171,60.9171,60.9171,5.0,49489364.0,49489364.0,0.0384951493466085,77.0,9.0,0.0100671140939597,False,60.9171,0.25
chi_next,4,multi_open,midday,strong,1,20.893,20.893,20.893,20.893,20.893,20.893,20.893,6.0,3882074.0,3882074.0,0.0074955311740043,83.0,17.0,0.021091811414392,False,20.893,0.25
chi_next,4,multi_open,midday,very_strong,3,28.482833333333332,23.3915,18.7061,19.64318,35.713899999999995,14.0207,48.0363,5.666666666666667,46930360428.333336,40346355070.0,10.221634446397188,173.66666666666666,51.666666666666664,0.0644805817050446,False,18.7061,0.25
chi_next,4,multi_open,midday,weak,5,46.01062,54.7124,49.1909,50.2952,56.5955,11.756,57.7983,6.0,184484536.0,32101089.0,0.01159757330637,40.4,5.6,0.0042146088690149,False,49.1909,0.25
chi_next,4,multi_open,open_limit,neutral,2,28.5738,28.5738,25.34165,25.98808,31.80595,22.1095,35.0381,10.0,25738201394.5,25738201394.5,11.150546322733621,28.5,12.0,0.0149132405088402,False,25.34165,0.25
chi_next,4,multi_open,open_limit,strong,4,16.580625,14.874600000000001,10.279725000000001,10.30329,21.1755,10.1619,26.4114,4.25,39258078855.75,11128669063.5,3.6705599861060114,72.0,20.25,0.02522777017221745,False,10.279725000000001,0.25
chi_next,4,multi_open,open_limit,very_strong,8,18.3753375,17.395,12.6951,13.516580000000001,23.07895,6.0804,34.2041,8.5,32741100526.625,23650237265.0,4.942065683409354,302.75,94.375,0.08778601698988872,False,12.6951,0.25
chi_next,4,multi_open,open_limit,weak,2,9.72175,9.72175,8.564175,8.79569,10.879325,7.4066,12.0369,5.5,83608148.0,83608148.0,0.0104662851944034,63.0,6.5,0.004770831222346001,False,8.564175,0.25
chi_next,4,one_word,afternoon,neutral,1,41.967,41.967,41.967,41.967,41.967,41.967,41.967,0.0,50125435.0,50125435.0,0.0114899758797138,40.0,16.0,0.0118782479584261,False,41.967,0.25
chi_next,4,one_word,early_morning,neutral,2,22.623350000000002,22.623350000000002,21.791325,21.957729999999998,23.455375,20.9593,24.2874,0.0,46905876501.5,46905876501.5,37.675411722409905,47.5,14.5,0.017794137654759498,False,21.791325,0.25
chi_next,4,one_word,early_morning,strong,1,8.3767,8.3767,8.3767,8.3767,8.3767,8.3767,8.3767,0.0,106705980.0,106705980.0,0.0163332526615364,53.0,17.0,0.021091811414392,False,8.3767,0.25
chi_next,4,one_word,early_morning,very_strong,1,4.4111,4.4111,4.4111,4.4111,4.4111,4.4111,4.4111,0.0,36680487600.0,36680487600.0,7.791053501003103,196.0,51.0,0.0641509433962264,False,4.4111,0.25
chi_next,4,one_word,early_morning,weak,1,14.9482,14.9482,14.9482,14.9482,14.9482,14.9482,14.9482,0.0,49170755.0,49170755.0,0.0286808933919931,49.0,4.0,0.0047225501770956,False,14.9482,0.25
chi_next,4,one_word,late,neutral,1,64.819,64.819,64.819,64.819,64.819,64.819,64.819,0.0,52822485.0,52822485.0,0.0316311535625002,26.0,11.0,0.0129259694477085,False,64.819,0.25
chi_next,4,one_word,late,weak,3,64.89746666666667,61.4912,60.4998,60.69808,67.592,59.5084,73.6928,0.0,44592429.333333336,48358025.0,0.0377496797766297,69.66666666666667,7.666666666666667,0.006842234171571433,False,60.4998,0.25
chi_next,4,one_word,midday,very_strong,3,14.023333333333333,11.744,11.59665,11.62612,15.31035,11.4493,18.8767,0.0,3842741978.0,43419976.0,0.0120753719156465,106.33333333333333,38.333333333333336,0.04786120393942076,False,11.59665,0.25
chi_next,4,one_word,open_limit,neutral,17,1.1421647058823527,0.1943,0.128,0.13728,0.7456,0.0904,13.345,0.0,80100552991.94118,156596068.0,0.1829035593331154,43.1764705882353,12.411764705882353,0.015414645293697453,False,0.128,0.25
chi_next,4,one_word,open_limit,strong,26,1.1032346153846153,0.1834,0.133025,0.1349,0.5621499999999999,0.0624,7.6232,0.0,53780258191.30769,205865447.5,0.175882406989542,64.65384615384616,19.23076923076923,0.02384483142743852,False,0.133025,0.25
chi_next,4,one_word,open_limit,very_strong,29,0.817055172413793,0.2341,0.1086,0.16921999999999998,1.0474,0.0487,7.7722,0.0,88967464207.3793,67002475520.0,46.25443333333333,144.0,44.13793103448276,0.0549401108391496,False,0.1086,0.25
chi_next,4,one_word,open_limit,weak,7,1.2592142857142858,0.7216,0.35175,0.39971999999999996,1.7070999999999998,0.2685,3.7067,0.0,1069228840.4285715,725216736.0,0.1707034457743924,60.42857142857143,8.0,0.007017073857884014,False,0.35175,0.25
chi_next,4,t_board,early_morning,neutral,1,14.5426,14.5426,14.5426,14.5426,14.5426,14.5426,14.5426,1.0,38786167000.0,38786167000.0,29.673395243916268,28.0,9.0,0.0114795918367346,False,14.5426,0.25
chi_next,4,t_board,early_morning,very_strong,1,9.5769,9.5769,9.5769,9.5769,9.5769,9.5769,9.5769,1.0,60248566.0,60248566.0,0.0157937713796508,225.0,58.0,0.0700483091787439,False,9.5769,0.25
chi_next,4,t_board,midday,neutral,1,20.043,20.043,20.043,20.043,20.043,20.043,20.043,1.0,53900933.0,53900933.0,0.0119556525923602,169.0,17.0,0.0125,False,20.043,0.25
chi_next,4,t_board,midday,strong,1,25.2253,25.2253,25.2253,25.2253,25.2253,25.2253,25.2253,1.0,55667932920.0,55667932920.0,10.823551337409626,74.0,17.0,0.02125,False,25.2253,0.25
chi_next,4,t_board,midday,very_strong,3,15.577066666666667,18.63,11.134,12.633199999999999,21.546599999999998,3.638,24.4632,1.0,67085741870.0,56924890440.0,9.340867878556118,163.33333333333334,56.666666666666664,0.07160795160301024,False,11.134,0.25
chi_next,4,t_board,open_limit,neutral,2,12.56,12.56,9.09765,9.79012,16.02235,5.6353,19.4847,1.0,95713681510.0,95713681510.0,20.631355601666385,53.0,9.5,0.011979300683306101,False,9.09765,0.25
chi_next,4,t_board,open_limit,strong,2,15.3261,15.3261,14.4766,14.6465,16.1756,13.6271,17.0251,1.0,115753455960.0,115753455960.0,20.949389896809315,54.0,18.0,0.0228426395939086,False,14.4766,0.25
chi_next,4,t_board,open_limit,very_strong,4,10.0674,6.5405999999999995,4.534475,4.72211,12.073525,3.5963,23.5921,1.0,13388738678.25,110065452.0,0.0315063269022837,138.75,38.25,0.046880022032691746,False,4.534475,0.25
chi_next,5_plus,multi_open,early_morning,neutral,5,34.89044,29.8233,17.2654,19.77698,39.5143,10.3869,77.4623,5.8,14648959948.8,11383763000.0,6.926687816038042,58.4,13.2,0.01455237566078672,False,17.2654,0.25
chi_next,5_plus,multi_open,early_morning,strong,1,15.6158,15.6158,15.6158,15.6158,15.6158,15.6158,15.6158,4.0,13371249.0,13371249.0,0.0235003498333913,83.0,21.0,0.0260545905707196,False,15.6158,0.25
chi_next,5_plus,multi_open,early_morning,very_strong,7,24.891799999999996,15.4569,10.98855,11.33928,32.69395,9.6731,61.7476,5.0,38699871156.57143,32117200000.0,11.093510660968056,144.85714285714286,44.285714285714285,0.05536848759265976,False,10.98855,0.25
chi_next,5_plus,multi_open,early_morning,weak,3,29.978799999999996,27.5225,26.90085,27.02518,31.8286,26.2792,36.1347,7.666666666666667,88969833.33333333,77665556.0,0.0134207366231727,75.66666666666667,10.333333333333334,0.0076723067571405,False,26.90085,0.25
chi_next,5_plus,multi_open,midday,neutral,3,22.451400000000003,26.2219,18.01535,19.656660000000002,28.7727,9.8088,31.3235,6.666666666666667,11136865981.333334,853214688.0,0.0088141770028341,54.0,14.333333333333334,0.015162494217955567,False,18.01535,0.25
chi_next,5_plus,multi_open,midday,strong,2,63.96255,63.96255,60.166825,60.92597,67.758275,56.3711,71.554,3.5,9612870320.0,9612870320.0,6.073678545879293,52.0,17.5,0.02170593200828785,False,60.166825,0.25
chi_next,5_plus,multi_open,midday,very_strong,3,33.77446666666666,13.0666,12.905850000000001,12.938,44.28915000000001,12.7451,75.5117,11.333333333333334,22232335.0,17091740.0,0.0054566619358109,144.33333333333334,41.333333333333336,0.05027052716955554,False,12.905850000000001,0.25
chi_next,5_plus,multi_open,open_limit,neutral,2,35.97765,35.97765,34.827775,35.05775,37.127525,33.6779,38.2774,5.5,106044222.0,106044222.0,0.0467110553058782,88.5,15.0,0.01806141533643595,False,34.827775,0.25
chi_next,5_plus,multi_open,open_limit,strong,5,43.92191999999999,43.964,22.4265,26.733999999999998,53.9233,19.2258,80.07,3.4,23250255323.4,13229548360.0,8.14915,52.8,20.0,0.024812756795785863,False,22.4265,0.25
chi_next,5_plus,multi_open,open_limit,very_strong,12,32.929608333333334,32.0166,17.41595,20.336349999999996,47.3267,6.6334,69.1587,5.916666666666667,29318242878.416668,19131048990.0,6.164673400684707,134.16666666666666,37.166666666666664,0.04648981895382099,False,17.41595,0.25
chi_next,5_plus,multi_open,open_limit,weak,2,32.105,32.105,18.51025,21.2292,45.69975,4.9155,59.2945,5.5,81435914.5,81435914.5,0.0080622218997873,96.5,9.0,0.00654915182245345,False,18.51025,0.25
chi_next,5_plus,one_word,afternoon,strong,1,30.404,30.404,30.404,30.404,30.404,30.404,30.404,0.0,41317070080.0,41317070080.0,6.909410971591616,51.0,23.0,0.0291878172588832,False,30.404,0.25
chi_next,5_plus,one_word,afternoon,very_strong,1,77.2129,77.2129,77.2129,77.2129,77.2129,77.2129,77.2129,0.0,38286598.0,38286598.0,0.0234168795107033,115.0,41.0,0.0494571773220747,False,77.2129,0.25
chi_next,5_plus,one_word,afternoon,weak,1,28.3288,28.3288,28.3288,28.3288,28.3288,28.3288,28.3288,0.0,39270040.0,39270040.0,0.0159144643130549,26.0,5.0,0.0059101654846335,False,28.3288,0.25
chi_next,5_plus,one_word,early_morning,neutral,1,55.9838,55.9838,55.9838,55.9838,55.9838,55.9838,55.9838,0.0,115100423830.0,115100423830.0,53.75643233743409,29.0,12.0,0.0153061224489795,False,55.9838,0.25
chi_next,5_plus,one_word,early_morning,strong,2,48.4324,48.4324,46.802749999999996,47.128679999999996,50.06205,45.1731,51.6917,0.0,28203757359.0,28203757359.0,19.894107263543276,60.5,22.0,0.0276536101219789,False,46.802749999999996,0.25
chi_next,5_plus,one_word,early_morning,very_strong,2,27.4969,27.4969,20.86285,22.18966,34.13095,14.2288,40.765,0.0,74213027.0,74213027.0,0.03889433974745245,173.0,47.5,0.0580976379083832,False,20.86285,0.25
chi_next,5_plus,one_word,late,strong,1,37.3099,37.3099,37.3099,37.3099,37.3099,37.3099,37.3099,0.0,51073821900.0,51073821900.0,34.192654563913656,53.0,16.0,0.0204081632653061,False,37.3099,0.25
chi_next,5_plus,one_word,midday,neutral,1,25.3906,25.3906,25.3906,25.3906,25.3906,25.3906,25.3906,0.0,47730700.0,47730700.0,0.0170389679880983,107.0,16.0,0.0119670905011219,False,25.3906,0.25
chi_next,5_plus,one_word,midday,strong,2,24.65835,24.65835,21.077825,21.79393,28.238875,17.4973,31.8194,0.0,59025849209.5,59025849209.5,28.10047464400993,76.5,21.5,0.0262146989000731,False,21.077825,0.25
chi_next,5_plus,one_word,midday,very_strong,1,19.3597,19.3597,19.3597,19.3597,19.3597,19.3597,19.3597,0.0,48184437630.0,48184437630.0,8.057545280115283,168.0,71.0,0.0894206549118387,False,19.3597,0.25
chi_next,5_plus,one_word,open_limit,neutral,77,1.8361987012987013,0.6242,0.4677,0.49326,1.002,0.1392,29.7549,0.0,106798616160.41559,76213954080.0,85.54083293441838,45.116883116883116,12.844155844155845,0.01593871272121936,True,0.4677,0.25
chi_next,5_plus,one_word,open_limit,strong,102,1.3586323529411761,0.41700000000000004,0.281625,0.29832000000000003,1.025075,0.1066,19.3097,0.0,56075823687.882355,290184348.5,0.1908779495636689,66.56862745098039,19.970588235294116,0.024435355113881948,True,0.281625,0.25
chi_next,5_plus,one_word,open_limit,very_strong,129,0.8754472868217055,0.488,0.2671,0.29,0.9824,0.0564,8.0913,0.0,48227172195.65116,201838740.0,0.1527612994952327,137.73643410852713,41.02325581395349,0.04926742965384689,True,0.2671,0.25
chi_next,5_plus,one_word,open_limit,weak,9,1.826977777777778,0.6678,0.4143,0.4167,1.6304,0.3221,9.4838,0.0,1639390513.5555556,1342808270.0,0.1647612732326792,54.111111111111114,6.111111111111111,0.005638941097525078,False,0.4143,0.25
chi_next,5_plus,t_board,early_morning,neutral,1,16.8398,16.8398,16.8398,16.8398,16.8398,16.8398,16.8398,1.0,34198948450.0,34198948450.0,23.786784539066424,37.0,12.0,0.0153061224489795,False,16.8398,0.25
chi_next,5_plus,t_board,early_morning,strong,1,16.2135,16.2135,16.2135,16.2135,16.2135,16.2135,16.2135,1.0,26809118.0,26809118.0,0.0229928125842559,52.0,17.0,0.020910209102091,False,16.2135,0.25
chi_next,5_plus,t_board,open_limit,neutral,1,9.9538,9.9538,9.9538,9.9538,9.9538,9.9538,9.9538,1.0,21700401.0,21700401.0,0.0347258467544023,73.0,13.0,0.0161290322580645,False,9.9538,0.25
chi_next,5_plus,t_board,open_limit,strong,3,16.07903333333333,14.6468,13.97785,14.11164,17.464100000000002,13.3089,20.2814,1.0,88349496.66666667,102174349.0,0.027799413300466,80.66666666666667,20.666666666666668,0.02526974180090467,False,13.97785,0.25
chi_next,5_plus,t_board,open_limit,very_strong,8,15.512599999999999,10.8805,7.23135,7.65522,18.1726,4.0027,44.1189,1.0,34893369972.125,27962335257.0,5.447820393329245,145.75,47.875,0.05949513585690106,False,7.23135,0.25
other,1,one_word,midday,very_strong,1,16.0829,16.0829,16.0829,16.0829,16.0829,16.0829,16.0829,0.0,411899238.0,411899238.0,0.0083802353128761,66.0,1.0,1.0,False,16.0829,0.25
other,1,t_board,midday,very_strong,1,18.2922,18.2922,18.2922,18.2922,18.2922,18.2922,18.2922,1.0,427097040.0,427097040.0,0.0075418464882755,51.0,1.0,1.0,False,18.2922,0.25
sh_main,1,multi_open,afternoon,neutral,237,9.858625316455697,6.6538,4.0672,4.50492,13.0778,0.9594,59.853,3.810126582278481,1459464221.9831223,17918364.0,0.0022441626540329,59.565400843881854,24.147679324894515,0.014901330553050172,True,4.0672,0.25
sh_main,1,multi_open,afternoon,strong,174,8.514904022988505,6.29655,3.637125,4.00181,11.4836,0.779,45.3381,3.867816091954023,1730526156.1551723,14892103.5,0.00182997877145245,89.72413793103448,40.160919540229884,0.02455295044245948,True,3.637125,0.25
sh_main,1,multi_open,afternoon,very_strong,126,7.654898412698413,4.9355,2.9486,3.41975,8.695350000000001,0.6331,48.3217,4.2063492063492065,2976453009.5079365,7374195.5,0.0009231950466037501,309.6031746031746,128.14285714285714,0.07776667187512079,True,2.9486,0.25
sh_main,1,multi_open,afternoon,weak,46,10.286532608695653,9.74325,4.988075,5.7736,14.164475000000001,1.5656,24.1157,3.8260869565217392,1421159010.347826,20809388.5,0.0026402835894052,35.91304347826087,12.347826086956522,0.007581428699383352,True,4.988075,0.25
sh_main,1,multi_open,early_morning,neutral,1646,10.11462235722965,7.84685,4.773149999999999,5.3109,12.574,0.4789,69.6733,5.129404617253949,954348097.6306196,27539468.0,0.0044806929331826,57.76670716889429,24.57411907654921,0.014887863647341152,True,4.773149999999999,0.25
sh_main,1,multi_open,early_morning,strong,899,8.82569276974416,6.444,4.0786999999999995,4.532979999999999,10.6994,0.3893,60.2397,5.295884315906563,1095316370.3971078,31106267.0,0.0040103736914012,89.93882091212458,39.60177975528365,0.024060621450953116,True,4.0786999999999995,0.25
sh_main,1,multi_open,early_morning,very_strong,308,7.634173376623376,5.6704,3.4182750000000004,3.8606499999999997,9.630425,0.5265,40.3198,5.545454545454546,2477921627.431818,29843754.5,0.0042246524313037,195.08116883116884,81.07467532467533,0.04951707831184577,True,3.4182750000000004,0.25
sh_main,1,multi_open,early_morning,weak,457,11.038866739606126,8.6181,5.3554,6.086099999999999,13.9071,0.608,63.3241,5.393873085339169,669496253.9037199,26633489.0,0.0055439534025862,34.14879649890591,12.352297592997811,0.007453754876011068,True,5.3554,0.25
sh_main,1,multi_open,late,neutral,127,10.704524409448819,7.7697,4.3863,5.0393599999999985,13.814250000000001,0.2126,44.9516,2.7559055118110236,2775516166.1574802,17957052.0,0.002924205161314,61.511811023622045,24.62204724409449,0.015270584673851529,True,4.3863,0.25
sh_main,1,multi_open,late,strong,81,9.241412345679013,6.1098,3.422,3.5912,11.7806,1.3334,42.7987,2.6790123456790123,890527649.4320987,17035638.0,0.0009485951501722,91.95061728395062,40.22222222222222,0.024708740478085606,True,3.422,0.25
sh_main,1,multi_open,late,very_strong,65,6.981612307692307,5.4733,3.4265,3.6293999999999995,9.0397,0.8603,22.894,2.876923076923077,596352361.4,4694242.0,0.0007553014476688,264.33846153846156,110.29230769230769,0.06682828051563007,True,3.4265,0.25
sh_main,1,multi_open,late,weak,37,13.29091081081081,8.5271,5.3407,5.55762,13.3386,0.8269,65.1124,2.891891891891892,667793955.5135136,17629042.0,0.0045099764062958,35.75675675675676,11.783783783783784,0.0072713501738652896,True,5.3407,0.25
sh_main,1,multi_open,midday,neutral,2403,10.136028131502288,7.5056,4.5357,5.096979999999999,13.0285,0.2757,64.6228,5.1452351227632125,1091879003.297961,21167249.0,0.0026541825118923,59.02455264253017,24.711610486891384,0.015099491600221636,True,4.5357,0.25
sh_main,1,multi_open,midday,strong,1591,9.354473664362036,6.8988,4.1228,4.7033,11.546050000000001,0.4406,66.5836,5.064739157762413,1047527080.458831,20353598.0,0.0023048646775728,91.08296668761785,39.71338780641106,0.024273525404395972,True,4.1228,0.25
sh_main,1,multi_open,midday,very_strong,812,7.26641330049261,5.642799999999999,3.410075,3.70931,9.340825,0.1426,43.1338,5.706896551724138,2485438955.4519706,14536779.5,0.00152564368823005,268.39162561576353,111.24507389162562,0.06735087750493488,True,3.410075,0.25
sh_main,1,multi_open,midday,weak,612,10.071569934640525,7.1021,4.6078,5.02814,12.009675,0.7608,53.7577,4.792483660130719,779160657.006536,20422383.0,0.0030543991913976,34.99183006535948,12.281045751633988,0.007447635740959549,True,4.6078,0.25
sh_main,1,multi_open,open_limit,neutral,256,9.298989453125,6.61415,3.8687500000000004,4.14945,12.139075,0.5864,46.0609,5.18359375,1965528698.5820312,27646851.0,0.00595952945439765,59.34765625,24.44921875,0.014864965464250814,True,3.8687500000000004,0.25
sh_main,1,multi_open,open_limit,strong,124,7.3904000000000005,5.44255,3.60925,3.92583,9.747375,0.5894,31.0344,4.846774193548387,2570733319.459677,35157583.5,0.0059975538608836,91.48387096774194,39.96774193548387,0.024125195615713243,True,3.60925,0.25
sh_main,1,multi_open,open_limit,very_strong,71,7.932730985915493,6.8462,3.8468999999999998,4.2961,10.071549999999998,0.841,31.6911,6.943661971830986,5381068521.239436,41776015.0,0.0037099951454986,388.76056338028167,108.29577464788733,0.06529816296303395,True,3.8468999999999998,0.25
sh_main,1,multi_open,open_limit,weak,88,9.774276136363637,6.99785,3.80115,4.89277,11.496775,0.5879,62.7467,5.75,2951791392.0227275,30748021.0,0.0066985632270349,34.61363636363637,11.795454545454545,0.0072045388633340665,True,3.80115,0.25
sh_main,1,one_word,afternoon,neutral,518,8.607193822393821,5.88195,3.4391249999999998,4.00162,10.794274999999999,0.6539,59.5176,0.0,2671900379.100386,51628187.0,0.0080031376373669,58.94401544401544,24.602316602316602,0.01495538142111195,True,3.4391249999999998,0.25
sh_main,1,one_word,afternoon,strong,308,7.741450974025974,5.54305,3.3352500000000003,3.72884,8.943575,0.3893,40.7821,0.0,2375641930.571429,40903718.0,0.00657884328076635,89.57792207792208,39.33766233766234,0.023992473088434236,True,3.3352500000000003,0.25
sh_main,1,one_word,afternoon,very_strong,103,6.301995145631067,4.0866,2.3458,2.52488,7.48325,0.2335,35.9563,0.0,2365803299.446602,24483753.0,0.0034832846904085,189.58252427184465,77.03883495145631,0.04691380339142525,True,2.3458,0.25
sh_main,1,one_word,afternoon,weak,123,8.84689105691057,6.3231,3.4907500000000002,3.98548,10.7385,1.2622,47.8771,0.0,4214469713.9593496,51160151.0,0.0086520997138408,34.146341463414636,12.05691056910569,0.007322061718191913,True,3.4907500000000002,0.25
sh_main,1,one_word,early_morning,neutral,1915,4.668598590078329,3.6147,2.29735,2.51538,5.7571,0.3085,32.9818,0.0,1346544209.4386423,49570266.0,0.0126222605232714,59.18955613577023,24.801044386422976,0.015007938703517121,True,2.29735,0.25
sh_main,1,one_word,early_morning,strong,1052,4.293738117870723,3.2803,2.1213499999999996,2.3444499999999997,5.16975,0.2738,34.7951,0.0,1208065909.2072244,49133122.0,0.01115581426994535,88.77946768060836,39.64163498098859,0.023947540999272685,True,2.1213499999999996,0.25
sh_main,1,one_word,early_morning,very_strong,308,3.4505844155844154,2.7051,1.6976499999999999,1.86069,4.3195749999999995,0.2794,18.0439,0.0,1810837747.0357144,45036458.0,0.010846889758925799,169.93506493506493,72.28571428571429,0.04354977857732201,True,1.6976499999999999,0.25
sh_main,1,one_word,early_morning,weak,459,5.092539869281045,3.8374,2.26625,2.5842600000000004,6.5470500000000005,0.2042,36.0259,0.0,3079539841.6514163,51621857.0,0.0154293965754169,35.688453159041394,12.623093681917211,0.007664411503947197,True,2.26625,0.25
sh_main,1,one_word,late,neutral,604,9.477751490066225,6.1554,3.484075,3.9687,12.081425,0.2423,64.7279,0.0,2893523731.718543,42361834.5,0.006105492901972849,59.87748344370861,24.31788079470199,0.01495351253006873,True,3.484075,0.25
sh_main,1,one_word,late,strong,399,8.039786215538848,6.177,3.1574999999999998,3.79786,9.976700000000001,0.296,58.4292,0.0,1765636417.2731829,39325602.0,0.0040580459770114,90.08771929824562,39.54385964912281,0.024202883823363323,True,3.1574999999999998,0.25
sh_main,1,one_word,late,very_strong,246,6.581676422764228,5.1782,3.137175,3.3772,8.53265,0.1679,36.3689,0.0,2424432292.3089433,14223403.0,0.00191631383634435,261.4390243902439,104.9308943089431,0.06367454744092751,True,3.137175,0.25
sh_main,1,one_word,late,weak,146,10.551564383561644,6.4362,3.647175,4.1246,15.095875000000001,0.2801,63.4757,0.0,6170861345.863013,42880754.5,0.00627892676204335,35.10958904109589,12.13013698630137,0.007516968522935365,True,3.647175,0.25
sh_main,1,one_word,midday,neutral,3594,6.789709766277128,5.1312999999999995,3.0620000000000003,3.4232999999999993,8.4276,0.3605,52.4069,0.0,1351570372.20729,50552031.5,0.010410293803964351,58.907623817473564,24.885920979410127,0.015061455221314017,True,3.0620000000000003,0.25
sh_main,1,one_word,midday,strong,2114,6.0513003311258275,4.61415,2.7704500000000003,3.11664,7.61855,0.3422,40.8569,0.0,1810360043.8930936,45801086.0,0.00820726204785375,89.68401135288552,39.74503311258278,0.02409732294731897,True,2.7704500000000003,0.25
sh_main,1,one_word,midday,very_strong,705,5.400308085106383,3.9093,2.3431,2.66602,6.5374,0.2377,47.7505,0.0,3257175001.635461,34742364.0,0.0074390762819523,183.72624113475177,77.9063829787234,0.04728793759072191,True,2.3431,0.25
sh_main,1,one_word,midday,weak,796,6.671084798994975,4.9639,2.7651000000000003,3.1464499999999997,8.354625,0.4225,46.2086,0.0,1475477765.477387,49424955.0,0.0106615692538879,35.57788944723618,12.523869346733669,0.007571903457460817,True,2.7651000000000003,0.25
sh_main,1,one_word,open_limit,neutral,668,2.1164073353293413,1.52915,0.818675,0.91527,2.6850500000000004,0.004,26.7043,0.0,9265064697.387724,90207016.0,0.0198068339961939,58.56137724550898,24.781437125748504,0.015078486438219402,True,0.818675,0.25
sh_main,1,one_word,open_limit,strong,327,2.0492709480122326,1.5045,0.7172000000000001,0.84348,2.66135,0.0119,19.372,0.0,8354521081.214067,105524102.0,0.0197464721961488,91.64220183486239,39.74006116207951,0.024296526753994643,True,0.7172000000000001,0.25
sh_main,1,one_word,open_limit,very_strong,132,1.6186666666666667,1.09455,0.5243,0.63242,1.855725,0.0415,7.9269,0.0,44347609959.92424,130777695.0,0.020063320883140702,159.6439393939394,63.75757575757576,0.0392708263942492,True,0.5243,0.25
sh_main,1,one_word,open_limit,weak,195,2.216409230769231,1.6354,0.8803,0.95402,2.7143,0.0342,12.0048,0.0,17140828408.466667,84843704.0,0.0193956782408446,34.15897435897436,11.974358974358974,0.007337546312547571,True,0.8803,0.25
sh_main,1,t_board,afternoon,neutral,143,8.873906993006992,6.2512,3.6670499999999997,4.25076,10.9668,0.2738,41.0791,1.0,1022484882.8601398,27315030.0,0.004011701520471,58.11888111888112,23.762237762237763,0.014586809304293048,True,3.6670499999999997,0.25
sh_main,1,t_board,afternoon,strong,94,7.424906382978723,5.9658999999999995,3.82895,4.30937,9.39255,0.8775,35.3554,1.0,276375856.9255319,27094080.0,0.0026561553383411002,89.29787234042553,39.319148936170215,0.024002000343758552,True,3.82895,0.25
sh_main,1,t_board,afternoon,very_strong,54,6.108733333333333,4.18645,2.8605,2.95641,7.333600000000001,0.642,32.3863,1.0,3017188064.740741,9904460.0,0.0014240938762291998,318.1666666666667,132.72222222222223,0.07990362080739698,True,2.8605,0.25
sh_main,1,t_board,afternoon,weak,41,10.628590243902439,6.334,4.936,5.2608,10.9782,1.7094,63.5706,1.0,2038311908.0731707,30706711.0,0.0044583742990636,36.073170731707314,12.365853658536585,0.007528976624769049,True,4.936,0.25
sh_main,1,t_board,early_morning,neutral,817,7.390651774785802,5.7581,3.6271,4.11756,9.6522,0.4116,39.6557,1.0,1607260036.5899632,42990433.0,0.0086190587029602,58.72827417380661,24.86903304773562,0.01501207125670975,True,3.6271,0.25
sh_main,1,t_board,early_morning,strong,431,6.7431197215777265,5.2737,3.06595,3.4011,7.9916,0.5908,32.681,1.0,1017459170.4524362,42795872.0,0.0076025407413158,90.32482598607889,39.88399071925754,0.024143129812824352,True,3.06595,0.25
sh_main,1,t_board,early_morning,very_strong,117,6.016433333333334,4.6722,3.0875,3.49876,7.561,0.703,28.2988,1.0,1159950740.957265,41990879.0,0.0072887744461268,170.03418803418805,70.83760683760684,0.04289502744222041,True,3.0875,0.25
sh_main,1,t_board,early_morning,weak,234,7.420100854700854,5.28165,3.26315,3.6957499999999994,9.358,0.5606,38.8245,1.0,2054287735.457265,39440313.0,0.00988090905301375,34.82905982905983,12.444444444444445,0.007520177350950232,True,3.26315,0.25
sh_main,1,t_board,late,neutral,130,10.324134615384617,6.63535,4.109875,4.79739,12.29055,0.3343,56.2698,1.0,972635617.0692308,17719140.5,0.00269636533589855,58.76923076923077,23.892307692307693,0.014701957343683104,True,4.109875,0.25
sh_main,1,t_board,late,strong,78,9.04189358974359,6.32605,4.325175,4.473109999999999,11.805075,0.664,40.5571,1.0,5486019490.551282,17714325.5,0.0026624143499275497,95.17948717948718,39.6025641025641,0.024546341216427698,True,4.325175,0.25
sh_main,1,t_board,late,very_strong,68,6.890655882352942,4.672750000000001,2.630175,2.96518,8.5141,0.9904,29.6244,1.0,1986657440.7941177,12173610.0,0.0012489242874626,274.7647058823529,109.77941176470588,0.06724893806845544,True,2.630175,0.25
sh_main,1,t_board,late,weak,42,9.315414285714287,7.79405,3.775375,5.0167399999999995,13.5768,0.9431,32.9528,1.0,2296338160.928571,24006302.5,0.0045140682449279,35.23809523809524,12.69047619047619,0.007911046059778756,True,3.775375,0.25
sh_main,1,t_board,midday,neutral,983,8.53672899287894,6.4823,4.0309,4.43766,10.50585,0.4116,51.6305,1.0,1235534483.9715157,34975122.0,0.0056324851809594,58.90539165818922,24.89827060020346,0.015116600450788362,True,4.0309,0.25
sh_main,1,t_board,midday,strong,587,7.862447700170358,5.9654,3.6648,4.2467999999999995,9.458,0.3259,52.8367,1.0,1359409286.979557,31668310.0,0.0045196875,89.96592844974447,39.55536626916525,0.024056599590951782,True,3.6648,0.25
sh_main,1,t_board,midday,very_strong,260,6.588763076923076,5.08385,2.880075,3.33529,8.096975,0.7051,57.9161,1.0,3251817239.6576924,26611543.5,0.0042431280734178504,189.66153846153847,78.73846153846154,0.04814826118113323,True,2.880075,0.25
sh_main,1,t_board,midday,weak,259,8.932876061776062,6.7954,3.8244499999999997,4.45358,10.89855,0.894,58.215,1.0,3122428421.2741313,33424018.0,0.0063716145358207,34.6988416988417,12.293436293436294,0.007445825917179776,True,3.8244499999999997,0.25
sh_main,1,t_board,open_limit,neutral,146,5.8855808219178085,4.1774000000000004,2.72775,3.0017500000000004,7.379575,0.4861,66.9519,1.0,2521858941.472603,47833332.5,0.010781070731417649,56.38356164383562,24.82191780821918,0.01497844548150545,True,2.72775,0.25
sh_main,1,t_board,open_limit,strong,77,4.963770129870129,3.5156,2.3813,2.62114,6.8213,0.4489,16.8404,1.0,1719769452.025974,47362545.0,0.0107625343660266,87.12987012987013,38.77922077922078,0.023587174866513683,True,2.3813,0.25
sh_main,1,t_board,open_limit,very_strong,44,6.316488636363636,6.39805,2.2676,2.7280200000000003,7.8413,0.4768,21.8676,1.0,4777344805.340909,52587033.5,0.01027754597865445,326.97727272727275,103.22727272727273,0.06263783621488116,True,2.2676,0.25
sh_main,1,t_board,open_limit,weak,53,5.781377358490565,4.5207,3.1616,3.6845,6.8965,0.6527,17.3582,1.0,620002705.490566,47524303.0,0.0113081,35.0188679245283,12.0,0.007215962242631199,True,3.1616,0.25
sh_main,1,unknown,early_morning,neutral,3,18.829233333333335,15.7479,10.29115,11.3825,25.82665,4.8344,35.9054,0.0,29191579.333333332,32978733.0,0.0075652965841939,64.66666666666667,24.666666666666668,0.015903081520230032,False,10.29115,0.25
sh_main,1,unknown,early_morning,strong,4,24.252475,14.0284,13.177975,13.52449,25.102899999999998,11.4454,57.5077,0.0,43729222.25,46232609.5,0.03354366696371945,117.5,40.75,0.024531236515427074,False,13.177975,0.25
sh_main,1,unknown,midday,strong,3,22.052766666666667,20.2222,20.0893,20.11588,23.10095,19.9564,25.9797,0.0,27028881.666666668,30968077.0,0.006517347573062,95.33333333333333,42.0,0.024895803448466935,False,20.0893,0.25
sh_main,1,unknown,midday,weak,1,14.6827,14.6827,14.6827,14.6827,14.6827,14.6827,14.6827,0.0,37252357.0,37252357.0,0.0090190309410974,28.0,15.0,0.0096215522771007,False,14.6827,0.25
sh_main,1,unknown,open_limit,neutral,5,12.12478,14.2725,7.3844,8.76202,15.9114,4.4417,18.6139,0.0,149739164.6,85201797.0,0.0147040953080217,59.8,24.8,0.014771494219393338,False,7.3844,0.25
sh_main,1,unknown,open_limit,strong,3,17.4308,11.7782,8.8161,9.40852,23.2192,5.854,34.6602,0.0,24554503411.333332,23918666690.0,1.9167160492772408,104.0,33.666666666666664,0.021488469083263396,False,8.8161,0.25
sh_main,1,unknown,open_limit,very_strong,2,8.205549999999999,8.205549999999999,6.478175,6.82365,9.932925,4.7508,11.6603,0.0,5654557.5,5654557.5,0.002366359138671,505.0,212.0,0.1250737463126843,False,6.478175,0.25
sh_main,2,multi_open,afternoon,neutral,21,14.440066666666667,13.0912,10.0385,10.0711,18.4878,0.8364,32.5489,3.761904761904762,13817254.095238095,8654602.0,0.0022994217564148,57.23809523809524,24.428571428571427,0.01476114085221924,False,10.0385,0.25
sh_main,2,multi_open,afternoon,strong,24,12.789045833333333,11.30875,3.69085,5.616509999999998,18.403125,1.2514,45.6113,4.416666666666667,16161979.75,6532939.5,0.0011810772099983,95.08333333333333,40.5,0.024611269935919295,False,3.69085,0.25
sh_main,2,multi_open,afternoon,very_strong,13,15.528276923076922,11.6242,9.1622,9.4247,16.9334,1.2546,45.0784,4.615384615384615,3982795972.4615383,13802942.0,0.0029977248827766,213.23076923076923,88.0,0.05492316365675704,False,9.1622,0.25
sh_main,2,multi_open,afternoon,weak,7,15.199685714285712,16.2856,8.5908,10.6116,21.492350000000002,2.9849,26.961,4.571428571428571,2103217599.7142856,5693068.0,0.0012559680648124,35.0,12.285714285714286,0.007576915432389757,False,8.5908,0.25
sh_main,2,multi_open,early_morning,neutral,449,13.614573496659242,10.9191,6.7523,7.5005,17.336,0.6562,71.0543,6.180400890868597,1432466431.0334077,31837575.0,0.0052843738031405,58.09576837416481,24.792873051224944,0.015037348812745856,True,6.7523,0.25
sh_main,2,multi_open,early_morning,strong,299,11.702035785953179,9.0601,5.4902999999999995,6.1996,14.3888,1.4733,53.6811,6.2441471571906355,1627782405.6220737,31945446.0,0.0048942617233438,90.6923076923077,39.48160535117057,0.024022694267958666,True,5.4902999999999995,0.25
sh_main,2,multi_open,early_morning,very_strong,101,9.33149603960396,8.4766,4.376,5.169,12.6744,0.3367,31.4834,6.366336633663367,3951165545.5346537,37572628.0,0.0045941970524323,190.34653465346534,75.75247524752476,0.04637309229482389,True,4.376,0.25
sh_main,2,multi_open,early_morning,weak,111,13.731086486486486,11.7153,7.5832,8.6288,16.0332,1.9993,56.0807,6.801801801801802,2332827457.1621623,31146300.0,0.0059894309274113,33.414414414414416,12.54954954954955,0.007605602628891872,True,7.5832,0.25
sh_main,2,multi_open,late,neutral,17,17.12445882352941,14.7262,8.4367,10.13814,21.0979,4.1428,53.691,3.6470588235294117,612721878.117647,6107500.0,0.0017326294468959,58.35294117647059,24.352941176470587,0.01498253753427444,False,8.4367,0.25
sh_main,2,multi_open,late,strong,14,24.188907142857147,16.914749999999998,7.24465,8.49954,40.721,2.8782,68.2061,2.7142857142857144,1740077944.9285715,5375829.5,0.0019541928687916,93.21428571428571,37.92857142857143,0.02370459834080283,False,7.24465,0.25
sh_main,2,multi_open,late,very_strong,8,15.882337499999998,8.250350000000001,4.416475,5.12967,15.670000000000002,2.055,66.0025,3.5,4492753.5,3424204.0,0.0006248257155348,246.5,84.0,0.0514934985836936,False,4.416475,0.25
sh_main,2,multi_open,late,weak,4,15.967924999999997,14.5684,11.330400000000001,12.11304,19.205925,7.4172,27.3177,4.0,8232196.75,5068368.5,0.0022546866856612,28.0,10.25,0.006315499338782751,False,11.330400000000001,0.25
sh_main,2,multi_open,midday,neutral,251,16.618484860557768,12.7523,8.3932,9.313,21.6107,1.6897,77.0532,5.944223107569721,1163394045.9601593,23363064.0,0.0036109788766038,58.50199203187251,24.649402390438247,0.015034630028106614,True,8.3932,0.25
sh_main,2,multi_open,midday,strong,171,14.179976608187134,10.7757,6.4808,7.5698,19.807000000000002,1.1796,63.0926,6.590643274853801,1887891464.3099415,20433303.0,0.0022678079496261,95.23976608187135,40.54970760233918,0.0247353254226582,True,6.4808,0.25
sh_main,2,multi_open,midday,very_strong,69,10.49241884057971,8.9347,6.2506,6.847799999999999,13.878,0.5311,34.8217,6.840579710144928,4170951407.1594205,23093954.0,0.0023896134489774,212.15942028985506,85.6231884057971,0.05254186079145224,True,6.2506,0.25
sh_main,2,multi_open,midday,weak,67,18.753928358208956,14.4021,8.30995,8.85882,23.02905,2.2132,73.6341,6.313432835820896,6581576280.089552,20610312.0,0.0038493273918821,36.38805970149254,12.671641791044776,0.007775972564730996,True,8.30995,0.25
sh_main,2,multi_open,open_limit,neutral,249,13.66971044176707,10.6971,6.5542,7.347279999999999,17.4144,0.8142,70.9543,5.232931726907631,1418319770.48996,48143403.0,0.0088546124083383,56.907630522088354,24.879518072289155,0.015087980193523257,True,6.5542,0.25
sh_main,2,multi_open,open_limit,strong,130,10.682067692307692,8.12175,5.054925,5.598289999999999,11.478625000000001,1.6205,54.7238,5.392307692307693,5705300883.16923,46704640.5,0.00680737893558415,91.92307692307692,39.9,0.02444820047408692,True,5.054925,0.25
sh_main,2,multi_open,open_limit,very_strong,108,8.650263888888889,6.48745,4.060975,4.36664,10.60285,0.1765,41.6389,9.074074074074074,2207653727.1759257,45670222.0,0.00235307432333575,574.4722222222222,134.75925925925927,0.08042632687912185,True,4.060975,0.25
sh_main,2,multi_open,open_limit,weak,76,15.056214473684213,12.566600000000001,7.701675,8.91615,20.027,2.6623,39.5498,6.171052631578948,5094373387.565789,47992554.5,0.00987312014908635,35.36842105263158,13.342105263157896,0.00812327533940336,True,7.701675,0.25
sh_main,2,one_word,afternoon,neutral,33,12.723542424242424,10.9926,5.9308,6.529459999999999,17.8796,1.3999,34.1785,0.0,64168627.60606061,51227986.0,0.0074598619680147,56.84848484848485,24.21212121212121,0.014611344344848669,True,5.9308,0.25
sh_main,2,one_word,afternoon,strong,11,20.439754545454544,15.6089,11.59405,12.4672,21.772100000000002,5.4986,58.1615,0.0,3369767091.5454545,67324543.0,0.0069661804032605,96.81818181818181,40.45454545454545,0.02476285927447297,False,11.59405,0.25
sh_main,2,one_word,afternoon,very_strong,7,11.934757142857142,14.0113,8.0432,10.037239999999999,15.25665,3.5522,19.3801,0.0,4521331969.857142,38578922.0,0.0115233173172668,125.85714285714286,58.57142857142857,0.036669409422683805,False,8.0432,0.25
sh_main,2,one_word,afternoon,weak,11,14.842290909090908,15.0917,9.45345,10.9644,17.85555,2.6047,31.9697,0.0,31846497.90909091,31977306.0,0.0131322552506775,32.72727272727273,13.636363636363637,0.008158069462635727,False,9.45345,0.25
sh_main,2,one_word,early_morning,neutral,217,7.180611981566821,5.9047,3.4112,4.04662,9.1816,0.7457,31.4501,0.0,2607329899.580645,64538038.0,0.01351095530743,57.55760368663594,24.341013824884794,0.014813512746779589,True,3.4112,0.25
sh_main,2,one_word,early_morning,strong,122,5.905477049180328,4.552,2.772275,3.1434599999999993,6.9191,0.4891,32.8016,0.0,1886667554.6885245,64634035.0,0.012267845362382498,91.29508196721312,40.33606557377049,0.024497531918014147,True,2.772275,0.25
sh_main,2,one_word,early_morning,very_strong,38,4.440942105263159,3.8863000000000003,2.111775,2.26866,5.604825,0.5146,12.6982,0.0,7929786654.842105,65154829.0,0.009873763410579,190.71052631578948,79.84210526315789,0.048474981648020964,True,2.111775,0.25
sh_main,2,one_word,early_morning,weak,48,7.37195625,5.356,2.8162,3.1285,9.977225,1.0768,32.1758,0.0,1522023228.625,69785168.0,0.01619720837140445,34.833333333333336,12.208333333333334,0.007388303944577204,True,2.8162,0.25
sh_main,2,one_word,late,neutral,50,15.125598,13.03145,6.7405,7.00819,23.024525,2.4056,41.7508,0.0,738007195.32,34328002.0,0.0043933045282658,57.42,24.0,0.014608216500218811,True,6.7405,0.25
sh_main,2,one_word,late,strong,18,15.095127777777776,8.316099999999999,6.447625,6.67473,17.92675,3.3976,42.9413,0.0,78695375.55555555,36598801.5,0.003265177403887,87.55555555555556,40.94444444444444,0.024720963643004846,False,6.447625,0.25
sh_main,2,one_word,late,very_strong,14,11.014864285714287,8.06995,3.45585,4.17852,16.07145,1.9176,31.8518,0.0,2723134040.857143,15383861.0,0.00278160477044405,319.2857142857143,110.07142857142857,0.06636615615645135,False,3.45585,0.25
sh_main,2,one_word,late,weak,17,15.224876470588235,9.3585,6.4726,7.900279999999999,20.728,3.7654,61.5157,0.0,42636921.058823526,38175120.0,0.0066040856835662,32.11764705882353,13.352941176470589,0.008058730332572536,False,6.4726,0.25
sh_main,2,one_word,midday,neutral,195,13.7223,10.164,6.8421,7.48926,18.4241,1.0218,58.7638,0.0,1243995593.974359,49099672.0,0.0094318108125772,59.87179487179487,24.71794871794872,0.01498770943678708,True,6.8421,0.25
sh_main,2,one_word,midday,strong,106,11.911403773584908,9.83665,5.61705,5.9959,13.9288,1.3654,53.3162,0.0,1997278305.981132,55000604.5,0.00725735309405135,90.49056603773585,40.056603773584904,0.02436678225795049,True,5.61705,0.25
sh_main,2,one_word,midday,very_strong,39,12.432671794871792,9.4469,5.5096,6.07094,15.7892,0.2897,46.9987,0.0,13271869698.076923,50047921.0,0.0070282307575742,175.87179487179486,68.7948717948718,0.04205823527327787,True,5.5096,0.25
sh_main,2,one_word,midday,weak,53,13.756035849056603,10.9018,5.5554,7.164299999999999,15.9626,1.0509,60.1452,0.0,703968137.3962264,40358143.0,0.0093781096794899,36.698113207547166,13.30188679245283,0.007995598350158546,True,5.5554,0.25
sh_main,2,one_word,open_limit,neutral,693,2.307103896103896,1.4529,0.653,0.81046,2.9952,0.035,21.6198,0.0,5670195316.438672,130037547.0,0.0319691495514626,57.292929292929294,24.406926406926406,0.014823280622994813,True,0.653,0.25
sh_main,2,one_word,open_limit,strong,376,1.975115159574468,1.2159,0.5826749999999999,0.68405,2.645175,0.0281,15.2398,0.0,10019050783.86968,128728227.0,0.0276977317955906,92.20478723404256,39.91755319148936,0.024415450063389212,True,0.5826749999999999,0.25
sh_main,2,one_word,open_limit,very_strong,138,1.9338210144927537,1.0648499999999999,0.511525,0.57482,2.563475,0.0379,12.3783,0.0,40126441705.91304,146588871.5,0.02750251484655935,210.30434782608697,75.02173913043478,0.04562436674800232,True,0.511525,0.25
sh_main,2,one_word,open_limit,weak,202,2.4625366336633663,1.6104,0.839375,0.95213,3.0694749999999997,0.0593,12.4816,0.0,11975040706.920792,125876143.5,0.0396475693078968,34.227722772277225,12.118811881188119,0.007400589036571215,True,0.839375,0.25
sh_main,2,t_board,afternoon,neutral,13,13.405538461538463,10.3854,8.2199,9.365419999999999,18.6719,1.3057,24.5567,1.0,19122236.615384616,12112743.0,0.0029676541748177,61.84615384615385,25.23076923076923,0.015176851727432524,False,8.2199,0.25
sh_main,2,t_board,afternoon,strong,4,17.27645,19.6038,15.27045,17.451060000000002,21.6098,4.3674,25.5308,1.0,92646287.75,23345431.5,0.0044782299223206,96.5,39.75,0.023904327680567772,False,15.27045,0.25
sh_main,2,t_board,afternoon,very_strong,3,11.357966666666668,9.0653,6.1303,6.7173,15.439300000000001,3.1953,21.8133,1.0,104259773.66666667,117910730.0,0.0038739930737762,124.66666666666667,56.666666666666664,0.03425629234133557,False,6.1303,0.25
sh_main,2,t_board,afternoon,weak,2,15.43395,15.43395,11.340525,12.159209999999998,19.527375,7.2471,23.6208,1.0,30096876.5,30096876.5,0.00442203740440665,52.5,14.0,0.00826411721351315,False,11.340525,0.25
sh_main,2,t_board,early_morning,neutral,125,9.4905,7.1212,4.3218,4.608719999999999,12.3552,1.1131,59.956,1.0,1122262167.432,55830619.0,0.0105843117598032,58.848,25.08,0.015206449323094355,True,4.3218,0.25
sh_main,2,t_board,early_morning,strong,86,8.816948837209301,7.479150000000001,4.392125,4.948499999999999,12.25095,0.604,27.644,1.0,701843812.5232558,53698282.5,0.009078418059810349,87.75581395348837,39.74418604651163,0.024062458291023856,True,4.392125,0.25
sh_main,2,t_board,early_morning,very_strong,37,8.089316216216217,5.6133,4.3059,4.44432,8.428,1.8592,60.8648,1.0,2600316586.9459457,46084802.0,0.0078079510550764,170.97297297297297,71.05405405405405,0.043199041255328585,True,4.3059,0.25
sh_main,2,t_board,early_morning,weak,36,15.849780555555558,10.102799999999998,6.398949999999999,7.53805,18.843224999999997,2.1988,70.447,1.0,5959254298.722222,71181876.5,0.016651650972929748,35.77777777777778,11.63888888888889,0.007139903527692163,True,6.398949999999999,0.25
sh_main,2,t_board,late,neutral,17,25.924964705882353,18.068,10.26,10.621599999999999,32.1391,6.8555,65.6432,1.0,1081468551.4705882,28392710.0,0.0040699876805516,51.529411764705884,23.058823529411764,0.014117857252470254,False,10.26,0.25
sh_main,2,t_board,late,strong,11,16.2099,10.7397,7.98475,8.391,17.634149999999998,6.2255,53.4926,1.0,1603217137.0,10740272.0,0.0027709020425172,103.45454545454545,39.18181818181818,0.024148471960139858,False,7.98475,0.25
sh_main,2,t_board,late,very_strong,4,9.1923,9.687149999999999,6.64955,7.2192799999999995,12.2299,3.8009,13.594,1.0,3290675266.75,2235892792.5,0.6794346087846056,187.5,71.75,0.04470632112784865,False,6.64955,0.25
sh_main,2,t_board,late,weak,3,16.205066666666667,17.4579,11.6192,12.786939999999998,21.41735,5.7805,25.3768,1.0,18913521.333333332,14848760.0,0.0015614672161246,33.666666666666664,14.0,0.008338569334052966,False,11.6192,0.25
sh_main,2,t_board,midday,neutral,74,13.665002702702703,10.85675,7.762475,8.12954,17.777725,1.9232,50.2237,1.0,1929243078.108108,34819394.5,0.0063429261541039506,56.86486486486486,24.81081081081081,0.015138965905394713,True,7.762475,0.25
sh_main,2,t_board,midday,strong,44,11.203327272727272,9.0277,5.7041249999999994,6.09169,15.7001,0.48,38.9927,1.0,3819505180.8863635,42041793.5,0.0060397107761099005,87.88636363636364,40.31818181818182,0.024852975534240793,True,5.7041249999999994,0.25
sh_main,2,t_board,midday,very_strong,21,14.030019047619048,12.5072,4.1333,4.1582,14.8453,2.0611,71.4726,1.0,4995262878.571428,29078676.0,0.0091620941808784,159.85714285714286,67.57142857142857,0.041555973049946106,False,4.1333,0.25
sh_main,2,t_board,midday,weak,24,15.113645833333337,13.9348,8.257475,9.45196,20.010975000000002,2.1674,39.1621,1.0,40676826.666666664,23417097.0,0.00760776380751535,34.291666666666664,11.875,0.007124909681182542,False,8.257475,0.25
sh_main,2,t_board,open_limit,neutral,125,8.716206399999999,6.9533,4.0824,4.517399999999999,9.9204,0.7932,41.4065,1.0,2269400112.376,70000990.0,0.0157905036476913,59.296,24.52,0.014913082505653156,True,4.0824,0.25
sh_main,2,t_board,open_limit,strong,48,6.776927083333333,5.32945,3.36905,3.69102,8.127025,1.4066,20.3176,1.0,1308739667.9791667,62940586.0,0.0127934825972951,85.5625,38.333333333333336,0.023411148641300353,True,3.36905,0.25
sh_main,2,t_board,open_limit,very_strong,31,6.962041935483872,5.7974,3.97485,4.4507,9.1355,2.0892,17.8507,1.0,89890294.67741935,66348790.0,0.0115969800358003,311.16129032258067,92.45161290322581,0.05530136749608278,True,3.97485,0.25
sh_main,2,t_board,open_limit,weak,29,9.9209,6.0502,5.1186,5.25906,9.6096,1.654,54.942,1.0,720616913.6206896,63498571.0,0.0145353884674487,35.206896551724135,12.620689655172415,0.007623660349113897,False,5.1186,0.25
sh_main,2,unknown,early_morning,weak,1,18.735,18.735,18.735,18.735,18.735,18.735,18.735,0.0,2249374.0,2249374.0,0.0003853581783311,27.0,12.0,0.0071174377224199,False,18.735,0.25
sh_main,2,unknown,midday,neutral,1,23.3811,23.3811,23.3811,23.3811,23.3811,23.3811,23.3811,0.0,131994459.0,131994459.0,0.0195696222727562,28.0,18.0,0.0106132075471698,False,23.3811,0.25
sh_main,2,unknown,open_limit,very_strong,1,19.4099,19.4099,19.4099,19.4099,19.4099,19.4099,19.4099,0.0,39754128.0,39754128.0,0.0119543397054323,505.0,212.0,0.1250737463126843,False,19.4099,0.25
sh_main,3,multi_open,afternoon,neutral,10,20.722289999999997,13.8278,7.761325,7.81609,24.743025,4.7661,64.6213,3.9,21527964.3,14912162.0,0.00129323064450435,58.2,23.4,0.014476064487137891,False,7.761325,0.25
sh_main,3,multi_open,afternoon,strong,4,27.426250000000003,25.84095,20.59095,21.60972,32.67625,15.4971,42.526,5.0,9122156948.5,35750155.0,0.004796934376411151,92.0,41.5,0.025660872626816822,False,20.59095,0.25
sh_main,3,multi_open,afternoon,very_strong,1,11.6859,11.6859,11.6859,11.6859,11.6859,11.6859,11.6859,4.0,2506620.0,2506620.0,0.0003573978626853,247.0,104.0,0.0617210682492581,False,11.6859,0.25
sh_main,3,multi_open,afternoon,weak,2,45.9534,45.9534,34.77785,37.01296,57.12895,23.6023,68.3045,2.0,37094873.0,37094873.0,0.014972326788590451,30.0,12.0,0.00713702147525675,False,34.77785,0.25
sh_main,3,multi_open,early_morning,neutral,176,16.452469886363637,13.99125,9.305250000000001,11.0498,20.35115,1.6755,67.5776,6.153409090909091,4581582043.840909,40149467.5,0.00669320656826455,57.22159090909091,23.96590909090909,0.014591109633287665,True,9.305250000000001,0.25
sh_main,3,multi_open,early_morning,strong,89,18.75934943820225,13.4416,7.6156,9.076039999999999,23.2384,2.3086,68.9834,6.696629213483146,1780247204.8651686,32583706.0,0.0049097244494184,90.78651685393258,40.20224719101124,0.024504211246643363,True,7.6156,0.25
sh_main,3,multi_open,early_morning,very_strong,33,13.872266666666665,9.6624,6.5851,7.00526,18.5062,1.4727,56.146,7.151515151515151,9195644518.30303,78172238.0,0.0087056701406514,209.5151515151515,84.75757575757575,0.05211413170891271,True,6.5851,0.25
sh_main,3,multi_open,early_morning,weak,47,16.360059574468085,14.6615,9.5808,10.54692,21.469099999999997,2.9137,48.7955,6.0,4447151449.87234,49451754.0,0.0088221132994466,33.340425531914896,11.74468085106383,0.007112087630884782,True,9.5808,0.25
sh_main,3,multi_open,late,neutral,1,26.9353,26.9353,26.9353,26.9353,26.9353,26.9353,26.9353,2.0,9279188.0,9279188.0,0.0038134791718501,48.0,20.0,0.0122249388753056,False,26.9353,0.25
sh_main,3,multi_open,midday,neutral,68,17.343795588235295,14.162700000000001,8.760975,10.31072,20.5133,3.2971,75.6976,7.514705882352941,612673900.9117647,21212359.5,0.0026381534412147504,58.76470588235294,25.191176470588236,0.01531793074835048,True,8.760975,0.25
sh_main,3,multi_open,midday,strong,33,17.586815151515154,14.8407,8.0438,9.890939999999999,21.5846,4.8068,59.8057,8.151515151515152,1111315622.8484848,20382525.0,0.0034145933405716,93.03030303030303,39.333333333333336,0.024198703514768237,True,8.0438,0.25
sh_main,3,multi_open,midday,very_strong,23,16.18730434782609,13.8455,8.60975,9.731499999999999,23.11105,0.8323,35.5054,4.956521739130435,2911153166.652174,34811160.0,0.0037544562484383,231.7391304347826,91.91304347826087,0.05571912372320197,False,8.60975,0.25
sh_main,3,multi_open,midday,weak,16,24.64763125,21.96005,13.749225,14.354,25.15765,5.6373,65.4923,6.9375,8615497748.25,24696145.0,0.00917793028240865,34.125,11.5625,0.007118945336494587,False,13.749225,0.25
sh_main,3,multi_open,open_limit,neutral,134,18.38476940298508,13.843250000000001,8.963,9.61861,22.837725,1.6262,71.3766,5.276119402985074,2053014781.3208954,45416029.5,0.009377414457144101,57.649253731343286,24.30597014925373,0.014692817813481168,True,8.963,0.25
sh_main,3,multi_open,open_limit,strong,58,14.43138275862069,12.1079,8.189924999999999,8.58658,18.46905,1.4551,44.4054,5.0,3412631940.448276,49325900.0,0.00796753024788685,93.5,40.327586206896555,0.024430450585430592,True,8.189924999999999,0.25
sh_main,3,multi_open,open_limit,very_strong,42,10.905688095238096,8.4475,5.911875,6.72812,14.741050000000001,2.3407,29.4459,5.928571428571429,5344241980.476191,55702389.0,0.0048310518894720995,350.5238095238095,124.30952380952381,0.07501333245869114,True,5.911875,0.25
sh_main,3,multi_open,open_limit,weak,35,16.435342857142857,11.7096,9.31965,10.289779999999999,19.43685,3.0067,69.1004,5.771428571428571,766381502.7714286,43962206.0,0.008974440150554,34.31428571428572,13.342857142857143,0.008048669289779292,True,9.31965,0.25
sh_main,3,one_word,afternoon,neutral,7,21.426614285714287,15.2203,14.355049999999999,14.73218,22.4272,13.6094,47.5921,0.0,74526801.71428572,47531097.0,0.0078222049689441,54.57142857142857,23.571428571428573,0.014488461272321984,False,14.355049999999999,0.25
sh_main,3,one_word,afternoon,strong,4,11.086,11.450849999999999,9.31465,9.75724,13.222199999999999,7.1017,14.3406,0.0,22685413.0,20011172.5,0.00204676775000805,90.5,41.0,0.024229500013347748,False,9.31465,0.25
sh_main,3,one_word,afternoon,very_strong,1,4.7863,4.7863,4.7863,4.7863,4.7863,4.7863,4.7863,0.0,68535919800.0,68535919800.0,23.58881601627137,168.0,48.0,0.0321285140562249,False,4.7863,0.25
sh_main,3,one_word,afternoon,weak,2,13.971049999999998,13.971049999999998,10.517225,11.207989999999999,17.424875,7.0634,20.8787,0.0,9475086736.0,9475086736.0,2.3590556244167273,33.5,10.5,0.00675358767447715,False,10.517225,0.25
sh_main,3,one_word,early_morning,neutral,63,9.20264126984127,7.631,5.28705,5.57778,11.373,1.5749,37.0787,0.0,908319877.031746,74573657.0,0.0146295740330085,55.53968253968254,24.238095238095237,0.014715139186709138,True,5.28705,0.25
sh_main,3,one_word,early_morning,strong,22,7.026968181818183,7.33015,4.060925,4.15436,9.06205,1.9429,16.8426,0.0,1542193571.0,85447370.5,0.01450592433930475,93.9090909090909,38.18181818181818,0.023227553965572415,False,4.060925,0.25
sh_main,3,one_word,early_morning,very_strong,17,9.496823529411765,6.4969,4.5514,5.14612,11.3255,2.0023,41.7399,0.0,18850460472.882355,98236448.0,0.0187761848656781,160.23529411764707,66.17647058823529,0.04043241799602635,False,4.5514,0.25
sh_main,3,one_word,early_morning,weak,17,8.635399999999999,5.9656,3.9442,4.46804,7.1734,1.4582,28.5565,0.0,6648957186.3529415,78755682.0,0.0196717382913021,37.23529411764706,12.058823529411764,0.0072671384065951935,False,3.9442,0.25
sh_main,3,one_word,late,neutral,5,25.54204,19.3797,16.2947,16.9117,28.7911,15.1335,48.1112,0.0,54782474.0,35712171.0,0.0037566445948485,57.6,23.2,0.01411206855783748,False,16.2947,0.25
sh_main,3,one_word,late,strong,2,10.6173,10.6173,6.171750000000001,7.06086,15.062850000000001,1.7262,19.5084,0.0,9029649.5,9029649.5,0.0002566441513113,83.0,38.5,0.024212195937010503,False,6.171750000000001,0.25
sh_main,3,one_word,late,very_strong,4,7.498725,6.6879,6.3396,6.34272,7.8470249999999995,6.324,10.2951,0.0,688672163.5,102445640.5,0.0077053551037433495,155.5,62.75,0.03959945506827092,False,6.3396,0.25
sh_main,3,one_word,late,weak,2,14.2578,14.2578,13.896700000000001,13.96892,14.6189,13.5356,14.98,0.0,37499456.5,37499456.5,0.0070676277080298,37.5,11.5,0.00688389391631185,False,13.896700000000001,0.25
sh_main,3,one_word,midday,neutral,33,18.703590909090906,16.7197,11.2769,12.29178,22.279,1.8642,48.1826,0.0,4324566371.393939,70322105.0,0.0110573060061569,57.24242424242424,25.12121212121212,0.015280349310319529,True,11.2769,0.25
sh_main,3,one_word,midday,strong,24,17.435970833333332,12.8772,9.049100000000001,9.263250000000001,20.58045,3.958,56.1746,0.0,2432295968.0,43081621.5,0.00944972281308155,93.41666666666667,42.375,0.025821133629749044,False,9.049100000000001,0.25
sh_main,3,one_word,midday,very_strong,6,9.8887,9.9055,6.1865499999999995,6.7242999999999995,14.26525,1.5864,17.2694,0.0,28353874.333333332,30415029.0,0.0052038029180703,198.83333333333334,87.5,0.0518599374177122,False,6.1865499999999995,0.25
sh_main,3,one_word,midday,weak,8,26.7571625,19.13015,16.79355,17.35535,38.178675,12.3514,50.9133,0.0,66131979.75,66157637.5,0.029518958906265297,35.5,12.625,0.007587897763792362,False,16.79355,0.25
sh_main,3,one_word,open_limit,neutral,378,1.8671629629629627,1.1434,0.49235,0.59911,2.32285,0.0354,16.5802,0.0,9308038527.087301,180527162.0,0.0478413233930713,56.96296296296296,24.174603174603174,0.01478175469663128,True,0.49235,0.25
sh_main,3,one_word,open_limit,strong,193,1.6940564766839379,0.953,0.4536,0.52156,2.1727,0.0625,13.0248,0.0,7074080541.134715,181815095.0,0.0375820033800946,92.37305699481865,39.74611398963731,0.02419213711575823,True,0.4536,0.25
sh_main,3,one_word,open_limit,very_strong,86,1.2348093023255815,0.83045,0.451525,0.48424999999999996,1.4371749999999999,0.0508,7.8862,0.0,51336480470.19768,209528388.5,0.039353704202567494,204.2093023255814,78.97674418604652,0.04824623366492147,True,0.451525,0.25
sh_main,3,one_word,open_limit,weak,89,2.1241393258426964,0.9229,0.5152,0.58876,2.4042,0.0669,19.8459,0.0,6237514900.404494,181746676.0,0.070232311314354,32.49438202247191,11.820224719101123,0.007213946507713909,True,0.5152,0.25
sh_main,3,t_board,afternoon,neutral,2,16.8866,16.8866,15.923649999999999,16.116239999999998,17.84955,14.9607,18.8125,1.0,81168123.0,81168123.0,0.008760070631796799,60.5,27.0,0.0159464159116663,False,15.923649999999999,0.25
sh_main,3,t_board,afternoon,very_strong,1,19.6751,19.6751,19.6751,19.6751,19.6751,19.6751,19.6751,1.0,96528968.0,96528968.0,0.0027171910151714,105.0,51.0,0.030722891566265,False,19.6751,0.25
sh_main,3,t_board,early_morning,neutral,40,14.71775,9.137699999999999,6.117825,6.497999999999999,14.815275,2.2212,66.1664,1.0,1947434712.975,59440653.5,0.01172797739135615,62.0,24.725,0.015039221048262812,True,6.117825,0.25
sh_main,3,t_board,early_morning,strong,20,10.59911,9.1717,4.952025,5.0662199999999995,11.34805,2.5685,29.9099,1.0,1924216310.15,60660101.0,0.011348679538369051,88.05,39.5,0.02398138671257599,False,4.952025,0.25
sh_main,3,t_board,early_morning,very_strong,6,9.950600000000001,9.66255,6.243774999999999,6.80145,14.173325,2.9194,16.678,1.0,95777851.0,63091912.5,0.009061385197635,131.83333333333334,58.166666666666664,0.035342930425953,False,6.243774999999999,0.25
sh_main,3,t_board,early_morning,weak,14,13.32882857142857,10.45075,7.551500000000001,7.779,15.389875,2.9097,41.1758,1.0,6693707955.785714,73100300.5,0.0181463522985217,32.92857142857143,13.142857142857142,0.0080368376570206,False,7.551500000000001,0.25
sh_main,3,t_board,late,neutral,3,27.814333333333334,24.1316,16.2482,17.82488,37.5391,8.3648,50.9466,1.0,80843530.33333333,115388559.0,0.0084189595091255,53.333333333333336,25.666666666666668,0.015631248315308433,False,16.2482,0.25
sh_main,3,t_board,late,strong,3,30.121700000000004,27.3551,22.4491,23.4303,36.411,17.5431,45.4669,1.0,46176577.666666664,37810411.0,0.0359425229391224,75.66666666666667,38.0,0.024016008992806967,False,22.4491,0.25
sh_main,3,t_board,midday,neutral,21,17.287490476190477,14.5802,9.6772,9.8937,20.495,3.6666,57.3844,1.0,6827560943.333333,34675190.0,0.007058667648412,57.095238095238095,25.19047619047619,0.015353501968529928,False,9.6772,0.25
sh_main,3,t_board,midday,strong,10,14.602889999999999,7.450699999999999,6.0691,6.146859999999999,13.661275,5.7796,55.6835,1.0,2006479558.1,112438816.5,0.0027671067259533,94.4,40.9,0.02541559913120034,False,6.0691,0.25
sh_main,3,t_board,midday,very_strong,9,13.17108888888889,6.8554,5.4609,5.52822,15.8759,2.8955,43.4915,1.0,12028104889.88889,32550087.0,0.0044357598970572,223.0,92.77777777777777,0.057003868199791495,False,5.4609,0.25
sh_main,3,t_board,midday,weak,1,8.6084,8.6084,8.6084,8.6084,8.6084,8.6084,8.6084,1.0,8740909.0,8740909.0,0.0036422213814871,26.0,8.0,0.0047253396337861,False,8.6084,0.25
sh_main,3,t_board,open_limit,neutral,63,10.497301587301587,6.7069,4.1318,4.5069,13.1008,1.2074,55.3606,1.0,2971405882.5555553,76704993.0,0.0169323529618146,56.0,24.142857142857142,0.014672850402152604,True,4.1318,0.25
sh_main,3,t_board,open_limit,strong,26,9.82188076923077,7.0083,3.815175,4.7026,12.672274999999999,1.2578,30.5539,1.0,10741319547.73077,99400822.5,0.0229387810038429,96.57692307692308,39.69230769230769,0.024434898816008552,False,3.815175,0.25
sh_main,3,t_board,open_limit,very_strong,4,5.780749999999999,4.3605,3.1483999999999996,3.5547799999999996,6.99285,1.1165,13.2855,1.0,120472613.5,81661853.5,0.0084089125969259,306.25,90.5,0.05494165864378608,False,3.1483999999999996,0.25
sh_main,3,t_board,open_limit,weak,15,13.385026666666667,10.2447,6.35675,6.80436,14.43995,2.4535,52.4546,1.0,2306320815.4,89799718.0,0.02505737309626,32.93333333333333,12.466666666666667,0.007581753179514374,False,6.35675,0.25
sh_main,3,unknown,midday,neutral,1,18.2578,18.2578,18.2578,18.2578,18.2578,18.2578,18.2578,0.0,44374988.0,44374988.0,0.0118242680363822,46.0,18.0,0.010688836104513,False,18.2578,0.25
sh_main,3,unknown,open_limit,neutral,1,15.5365,15.5365,15.5365,15.5365,15.5365,15.5365,15.5365,0.0,41289343.0,41289343.0,0.0141547126011213,52.0,24.0,0.0144665461121157,False,15.5365,0.25
sh_main,4,multi_open,afternoon,neutral,3,23.647733333333335,20.8316,20.792900000000003,20.80064,25.0945,20.7542,29.3574,5.333333333333333,51762400.666666664,55551874.0,0.0137232890316205,56.0,25.333333333333332,0.014932576331868034,False,20.792900000000003,0.25
sh_main,4,multi_open,afternoon,strong,1,43.4948,43.4948,43.4948,43.4948,43.4948,43.4948,43.4948,4.0,144042155.0,144042155.0,0.0107334190552676,64.0,34.0,0.0201660735468564,False,43.4948,0.25
sh_main,4,multi_open,afternoon,very_strong,1,28.0023,28.0023,28.0023,28.0023,28.0023,28.0023,28.0023,2.0,4815054720.0,4815054720.0,3.3804421340596083,168.0,48.0,0.0321285140562249,False,28.0023,0.25
sh_main,4,multi_open,afternoon,weak,1,4.3049,4.3049,4.3049,4.3049,4.3049,4.3049,4.3049,2.0,38742644.0,38742644.0,0.0015346440027576,26.0,14.0,0.0091443500979751,False,4.3049,0.25
sh_main,4,multi_open,early_morning,neutral,72,23.61259722222222,20.786,10.418325,13.13489,29.391175,4.4566,77.6436,8.597222222222221,2137425483.4305556,40219739.5,0.0074415229785231,59.0,24.319444444444443,0.014830960219938813,True,10.418325,0.25
sh_main,4,multi_open,early_morning,strong,33,12.753812121212121,11.7312,6.8642,7.68096,17.5596,3.5955,31.4766,5.484848484848484,6671063256.757576,53842176.0,0.0061707215221767,90.84848484848484,39.333333333333336,0.024078510813824422,True,6.8642,0.25
sh_main,4,multi_open,early_morning,very_strong,10,14.65967,13.3811,8.48855,8.600779999999999,18.465049999999998,4.963,33.7897,8.2,14585863659.9,203921941.5,0.0085889311161758,170.7,62.1,0.03967699786518302,False,8.48855,0.25
sh_main,4,multi_open,early_morning,weak,16,17.18050625,13.20945,10.896775,11.612850000000002,21.883699999999997,4.4447,43.7527,4.4375,915234010.5,33343919.0,0.00967781716424275,32.75,11.4375,0.0069689912815377375,False,10.896775,0.25
sh_main,4,multi_open,late,neutral,2,49.6224,49.6224,40.4518,42.28592,58.793,31.2812,67.9636,9.0,30887248.0,30887248.0,0.011892354288210349,40.5,20.0,0.0120106941081517,False,40.4518,0.25
sh_main,4,multi_open,midday,neutral,18,26.029616666666666,19.913449999999997,14.518849999999999,16.94204,27.93015,5.4767,70.0762,5.222222222222222,33760915.05555555,25714590.5,0.00561630541730535,58.111111111111114,26.27777777777778,0.0157636799867154,False,14.518849999999999,0.25
sh_main,4,multi_open,midday,strong,16,18.76266875,14.2701,8.394275,9.2854,28.7966,4.8368,37.0595,6.75,42632784.75,26684348.0,0.00343098069264775,89.8125,40.1875,0.024412206589507178,False,8.394275,0.25
sh_main,4,multi_open,midday,very_strong,6,16.486666666666668,17.839750000000002,7.176075,9.91925,21.577025,4.1968,32.5994,8.5,1568892379.3333333,16310359.5,0.0015355506509864,188.5,71.5,0.04421790787100225,False,7.176075,0.25
sh_main,4,multi_open,midday,weak,7,17.584585714285716,17.6429,12.838049999999999,14.018819999999998,19.9976,8.1392,31.6387,6.0,6899056128.571428,89763780.0,0.0058554913294797,34.142857142857146,12.428571428571429,0.007523034755357072,False,12.838049999999999,0.25
sh_main,4,multi_open,open_limit,neutral,54,22.80792777777777,20.1527,12.063025,13.24575,29.64115,3.2985,67.7254,6.055555555555555,4109622395.5740743,49799958.0,0.01024776383988435,59.53703703703704,24.90740740740741,0.015123655851809071,True,12.063025,0.25
sh_main,4,multi_open,open_limit,strong,28,17.423153571428575,17.9667,10.4711,11.7974,22.00105,6.0685,35.7688,8.5,72085169.64285715,47967392.0,0.0093572308580545,91.92857142857143,40.142857142857146,0.02444782752230354,False,10.4711,0.25
sh_main,4,multi_open,open_limit,very_strong,19,15.713173684210526,14.6507,9.345949999999998,10.15932,21.15415,2.9068,44.9881,9.210526315789474,5110078820.263158,87795770.0,0.0095456018094831,261.63157894736844,81.36842105263158,0.0495543922543113,False,9.345949999999998,0.25
sh_main,4,multi_open,open_limit,weak,19,18.81476315789474,19.4371,11.59985,14.97486,21.63325,4.2607,55.107,6.368421052631579,7231480087.421053,61140379.0,0.0125575352960265,34.421052631578945,12.263157894736842,0.007420523439250432,False,11.59985,0.25
sh_main,4,one_word,afternoon,neutral,2,22.0393,22.0393,18.524900000000002,19.22778,25.5537,15.0105,29.0681,0.0,50579020.5,50579020.5,0.01317553218282235,54.0,28.0,0.01654296772104705,False,18.524900000000002,0.25
sh_main,4,one_word,afternoon,very_strong,2,14.870249999999999,14.870249999999999,11.616975,12.26763,18.123525,8.3637,21.3768,0.0,9146595513.5,9146595513.5,2.8338973539514356,184.5,66.5,0.0442194638240606,False,11.616975,0.25
sh_main,4,one_word,afternoon,weak,1,6.7927,6.7927,6.7927,6.7927,6.7927,6.7927,6.7927,0.0,46121787.0,46121787.0,0.0021356179207147,32.0,11.0,0.0065359477124183,False,6.7927,0.25
sh_main,4,one_word,early_morning,neutral,27,8.297533333333332,7.3353,5.08585,5.3726199999999995,9.24345,1.2799,25.8573,0.0,107269778.25925925,91158096.0,0.0165079398376371,57.370370370370374,25.40740740740741,0.015442920344582731,False,5.08585,0.25
sh_main,4,one_word,early_morning,strong,10,7.1839499999999985,5.3421,4.174125,4.23465,9.4734,2.2452,18.9974,0.0,131234357.5,79715804.0,0.0128327689367785,85.0,37.9,0.022894881363531128,False,4.174125,0.25
sh_main,4,one_word,early_morning,very_strong,6,5.344266666666666,3.6953000000000005,2.859375,2.93195,6.909775,2.7724,11.3406,0.0,129271829.0,70837878.5,0.0175362931730882,162.0,66.5,0.040382837147217035,False,2.859375,0.25
sh_main,4,one_word,early_morning,weak,6,22.782416666666673,18.10435,9.635075,10.28025,31.099500000000003,8.612,49.6306,0.0,81409014.33333333,80073389.0,0.035598659843751754,33.166666666666664,12.0,0.007179481426327016,False,9.635075,0.25
sh_main,4,one_word,late,neutral,8,22.914625,19.499299999999998,16.567775,17.6798,29.891825,6.2729,40.4809,0.0,10737660148.0,71580560.0,0.00886258274687195,60.5,23.875,0.014378319206126712,False,16.567775,0.25
sh_main,4,one_word,late,strong,2,21.273,21.273,17.29755,18.09264,25.248450000000002,13.3221,29.2239,0.0,25814612.5,25814612.5,0.0106389918519031,75.5,37.0,0.022125146016804598,False,17.29755,0.25
sh_main,4,one_word,late,very_strong,2,15.417750000000002,15.417750000000002,15.081025,15.14837,15.754475000000001,14.7443,16.0912,0.0,105198567.5,105198567.5,0.0047877418612696,116.0,56.0,0.0337349397590361,False,15.081025,0.25
sh_main,4,one_word,late,weak,1,10.3532,10.3532,10.3532,10.3532,10.3532,10.3532,10.3532,0.0,23818374.0,23818374.0,0.0005808117918619,43.0,10.0,0.0066225165562913,False,10.3532,0.25
sh_main,4,one_word,midday,neutral,11,17.873454545454546,14.9321,10.4262,11.7539,17.7414,4.9713,60.1744,0.0,134693671.9090909,62506454.0,0.0114320839388507,55.0,24.363636363636363,0.0145114657884914,False,10.4262,0.25
sh_main,4,one_word,midday,strong,8,25.7345625,16.309549999999998,11.911249999999999,13.4826,31.340049999999998,6.2668,65.7616,0.0,3653476066.75,73104075.5,0.03672693296460735,91.375,37.0,0.023010477144387875,False,11.911249999999999,0.25
sh_main,4,one_word,midday,very_strong,7,21.07882857142857,12.516,10.850449999999999,11.1977,30.03915,7.3437,45.9129,0.0,20196015031.57143,63481408.0,0.0130903606150628,154.71428571428572,61.42857142857143,0.03835031184386337,False,10.850449999999999,0.25
sh_main,4,one_word,midday,weak,6,22.124650000000003,18.9055,16.670925,17.14565,26.594675,12.2821,37.571,0.0,82506698.83333333,84812435.5,0.011968548028581799,32.833333333333336,12.166666666666666,0.007370718675016884,False,16.670925,0.25
sh_main,4,one_word,open_limit,neutral,197,2.381686802030457,1.2379,0.5791,0.6753799999999999,2.7204,0.0539,19.9932,0.0,13372389682.030457,204929381.0,0.0540440406360603,56.786802030456855,24.558375634517766,0.014985623982474999,True,0.5791,0.25
sh_main,4,one_word,open_limit,strong,126,1.6498952380952383,0.8446,0.5272749999999999,0.605,2.0652,0.0441,15.3679,0.0,12172219188.555555,222515812.0,0.0605860189191703,95.71428571428571,40.41269841269841,0.024554235056176484,True,0.5272749999999999,0.25
sh_main,4,one_word,open_limit,very_strong,41,1.2396390243902438,0.853,0.4172,0.5879,1.2716,0.0881,5.5619,0.0,68460828802.31707,258731119.0,0.0532423921064088,180.5609756097561,70.02439024390245,0.04369099094020047,True,0.4172,0.25
sh_main,4,one_word,open_limit,weak,66,2.225043939393939,1.1379000000000001,0.561125,0.7367,2.22025,0.1003,16.9351,0.0,10128538876.863636,230475413.0,0.09424027283017596,32.03030303030303,11.772727272727273,0.007218840318172087,True,0.561125,0.25
sh_main,4,t_board,afternoon,neutral,1,7.541,7.541,7.541,7.541,7.541,7.541,7.541,1.0,104256575.0,104256575.0,0.0019867151853672,60.0,31.0,0.0183106910809214,False,7.541,0.25
sh_main,4,t_board,early_morning,neutral,23,13.121095652173912,12.3869,6.316,6.91122,18.55505,3.3243,35.5164,1.0,2840857901.2608695,69081251.0,0.0119002802177318,57.56521739130435,24.17391304347826,0.014721629306945549,False,6.316,0.25
sh_main,4,t_board,early_morning,strong,10,20.91605,15.64065,12.8891,13.05722,26.005699999999997,4.4639,59.6066,1.0,15777032849.6,75034770.5,0.01504558137853755,86.3,39.3,0.02432157314539564,False,12.8891,0.25
sh_main,4,t_board,early_morning,very_strong,2,8.175149999999999,8.175149999999999,6.805225,7.07921,9.545074999999999,5.4353,10.915,1.0,29633928130.5,29633928130.5,6.417564955088168,188.0,67.0,0.0427707743761255,False,6.805225,0.25
sh_main,4,t_board,early_morning,weak,1,13.2351,13.2351,13.2351,13.2351,13.2351,13.2351,13.2351,1.0,113786536.0,113786536.0,0.0388983450533209,21.0,5.0,0.0029779630732578,False,13.2351,0.25
sh_main,4,t_board,late,neutral,4,25.228,22.00255,19.84025,20.22302,27.3903,17.9264,38.9805,1.0,42575255.5,21704240.0,0.0096410643259022,55.75,25.25,0.01590886231926475,False,19.84025,0.25
sh_main,4,t_board,late,strong,1,37.1674,37.1674,37.1674,37.1674,37.1674,37.1674,37.1674,1.0,44484624.0,44484624.0,0.0126926589867627,83.0,39.0,0.0229411764705882,False,37.1674,0.25
sh_main,4,t_board,late,very_strong,1,23.1986,23.1986,23.1986,23.1986,23.1986,23.1986,23.1986,1.0,40567589.0,40567589.0,0.0028636654591977,158.0,57.0,0.0337677725118483,False,23.1986,0.25
sh_main,4,t_board,midday,neutral,3,36.709399999999995,32.7234,25.80465,27.188399999999998,45.62115,18.8859,58.5189,1.0,39761584.0,31082898.0,0.0180281229174272,55.666666666666664,26.333333333333332,0.015578788339776765,False,25.80465,0.25
sh_main,4,t_board,midday,strong,4,19.716450000000002,20.27215,13.3211,14.848939999999999,26.6675,5.6819,32.6396,1.0,129009690.0,84642864.0,0.005576086355464201,79.75,39.0,0.0230528833298268,False,13.3211,0.25
sh_main,4,t_board,midday,very_strong,1,8.0894,8.0894,8.0894,8.0894,8.0894,8.0894,8.0894,1.0,35308360.0,35308360.0,0.0059493765586034,134.0,56.0,0.0331557134399052,False,8.0894,0.25
sh_main,4,t_board,midday,weak,2,14.9649,14.9649,11.847850000000001,12.471260000000001,18.081950000000003,8.7308,21.199,1.0,31997412.0,31997412.0,0.00440730813774385,27.5,12.5,0.0074495246801575,False,11.847850000000001,0.25
sh_main,4,t_board,open_limit,neutral,40,14.506189999999998,10.42075,6.7453,7.31537,15.7793,1.3794,69.0864,1.0,5566533929.2,77347682.0,0.0214046760768176,58.7,23.775,0.014483283703242273,True,6.7453,0.25
sh_main,4,t_board,open_limit,strong,12,16.179716666666668,9.46045,8.140075,8.7744,24.3141,1.8947,48.599,1.0,111500297.91666667,85632995.5,0.01756108425740275,83.33333333333333,36.166666666666664,0.02182315098936835,False,8.140075,0.25
sh_main,4,t_board,open_limit,very_strong,5,14.750319999999999,4.2848,4.187,4.2065600000000005,18.0052,2.5916,44.683,1.0,88440604.2,91862801.0,0.0189902279205477,273.4,80.6,0.04824635323268666,False,4.187,0.25
sh_main,4,t_board,open_limit,weak,3,13.448833333333333,16.2126,9.850649999999998,11.12304,18.4289,3.4887,20.6452,1.0,110811156.66666667,82294728.0,0.0331634403696772,29.666666666666668,9.333333333333334,0.005543211598760266,False,9.850649999999998,0.25
sh_main,4,unknown,early_morning,neutral,2,15.4995,15.4995,11.5317,12.32526,19.467299999999998,7.5639,23.4351,0.0,47480532.5,47480532.5,0.0059300903499549,56.5,26.5,0.0157273773334305,False,11.5317,0.25
sh_main,4,unknown,early_morning,weak,1,54.6738,54.6738,54.6738,54.6738,54.6738,54.6738,54.6738,0.0,70768933.0,70768933.0,0.0521614749794636,36.0,11.0,0.006723716381418,False,54.6738,0.25
sh_main,4,unknown,midday,weak,1,67.9219,67.9219,67.9219,67.9219,67.9219,67.9219,67.9219,0.0,106644988.0,106644988.0,0.0806084565381708,45.0,15.0,0.009014423076923,False,67.9219,0.25
sh_main,4,unknown,open_limit,strong,1,13.7691,13.7691,13.7691,13.7691,13.7691,13.7691,13.7691,0.0,165428092.0,165428092.0,0.0177661266536472,70.0,37.0,0.0232266164469554,False,13.7691,0.25
sh_main,5_plus,multi_open,afternoon,neutral,3,25.885933333333337,28.0215,21.71455,22.97594,31.125100000000003,15.4076,34.2287,8.0,10391408747.666666,21995201.0,0.0015698837204087,63.666666666666664,26.0,0.015851781899640368,False,21.71455,0.25
sh_main,5_plus,multi_open,early_morning,neutral,80,21.46209,19.2464,11.097575,12.24798,26.370475,2.9062,73.1352,7.2125,209428962.9625,47356555.5,0.0089781091568341,55.0125,24.2375,0.01457944784537873,True,11.097575,0.25
sh_main,5_plus,multi_open,early_morning,strong,44,21.026425,18.768,12.968125,13.50727,24.95215,4.8252,67.8679,7.568181818181818,9769028119.568182,56184423.0,0.00941661425520305,94.77272727272727,39.77272727272727,0.024330583482638776,True,12.968125,0.25
sh_main,5_plus,multi_open,early_morning,very_strong,17,21.330823529411763,13.9513,9.2258,10.75964,27.3622,2.9512,68.4768,8.764705882352942,12718494489.235294,43270917.0,0.0063059811913492,165.94117647058823,65.70588235294117,0.04065653967621309,False,9.2258,0.25
sh_main,5_plus,multi_open,early_morning,weak,20,31.778335000000006,22.665599999999998,16.768325,19.131240000000002,40.506225,13.3199,73.3445,12.5,49592639.05,41458306.0,0.009455474660977299,32.25,13.2,0.007982725918343472,False,16.768325,0.25
sh_main,5_plus,multi_open,late,neutral,3,24.303933333333333,19.9801,19.65595,19.72078,26.79,19.3318,33.5999,5.333333333333333,4236855721.3333335,19036050.0,0.0027661691179047,67.0,22.666666666666668,0.014515127778533,False,19.65595,0.25
sh_main,5_plus,multi_open,late,strong,1,7.3901,7.3901,7.3901,7.3901,7.3901,7.3901,7.3901,6.0,2906305.0,2906305.0,0.0001694711858664,90.0,37.0,0.0224514563106796,False,7.3901,0.25
sh_main,5_plus,multi_open,late,very_strong,1,7.3195,7.3195,7.3195,7.3195,7.3195,7.3195,7.3195,3.0,17296083760.0,17296083760.0,4.9189232280750135,173.0,57.0,0.0381016042780748,False,7.3195,0.25
sh_main,5_plus,multi_open,midday,neutral,30,24.53329,20.35625,16.054000000000002,18.135709999999996,25.25385,4.4217,81.9052,8.933333333333334,2650646556.0666666,27153587.0,0.00317665159782125,58.266666666666666,24.666666666666668,0.015056164891910702,True,16.054000000000002,0.25
sh_main,5_plus,multi_open,midday,strong,14,25.10205714285714,20.4876,12.282824999999999,13.46121,25.9971,5.4229,77.4171,5.285714285714286,11571664812.285715,51947846.5,0.0075833031837442,98.35714285714286,40.214285714285715,0.024775957117690196,False,12.282824999999999,0.25
sh_main,5_plus,multi_open,midday,very_strong,4,23.274000000000004,22.49405,20.924925,21.03639,24.843125,20.3676,27.7403,14.75,12610213.5,10106494.5,0.00212075166282445,152.75,62.75,0.037434347831100195,False,20.924925,0.25
sh_main,5_plus,multi_open,midday,weak,5,38.3703,36.7944,20.9717,24.136239999999997,58.4905,16.8555,58.7394,6.6,28086567.6,26831825.0,0.0066554354585511,32.2,10.6,0.00636316615533318,False,20.9717,0.25
sh_main,5_plus,multi_open,open_limit,neutral,85,24.527825882352943,19.9827,11.4296,13.0247,30.8994,4.2319,76.9222,5.929411764705883,63242688.31764706,50098912.0,0.0102408340853057,57.51764705882353,24.988235294117647,0.01509913928387592,True,11.4296,0.25
sh_main,5_plus,multi_open,open_limit,strong,33,22.02542424242424,18.2512,13.1711,14.64742,26.7366,4.6664,75.831,7.696969696969697,16194715107.575758,69940980.0,0.0125809902526514,99.0909090909091,40.21212121212121,0.024411294167608528,True,13.1711,0.25
sh_main,5_plus,multi_open,open_limit,very_strong,15,19.984560000000002,19.4057,11.46855,12.24826,25.34475,5.8786,39.7729,7.2,4462609100.266666,93144983.0,0.0116618852988728,253.66666666666666,84.06666666666666,0.05049223734821437,False,11.46855,0.25
sh_main,5_plus,multi_open,open_limit,weak,24,31.267033333333334,22.5442,17.1728,17.5096,41.4656,2.5347,81.0436,6.916666666666667,2175590215.3333335,63455551.0,0.01817456587968385,32.125,12.458333333333334,0.007573528404905991,False,17.1728,0.25
sh_main,5_plus,one_word,afternoon,neutral,3,36.88336666666667,27.6027,23.5702,24.3767,45.556200000000004,19.5377,63.5097,0.0,85515986.33333333,87042273.0,0.011942094706405,52.0,23.0,0.014138396897312,False,23.5702,0.25
sh_main,5_plus,one_word,afternoon,strong,2,45.2824,45.2824,32.6703,35.19272,57.89450000000001,20.0582,70.5066,0.0,58342846.0,58342846.0,0.02656898983213445,75.0,36.5,0.022468453924894,False,32.6703,0.25
sh_main,5_plus,one_word,afternoon,weak,1,27.5991,27.5991,27.5991,27.5991,27.5991,27.5991,27.5991,0.0,59634461.0,59634461.0,0.0121235014476772,24.0,11.0,0.0065515187611673,False,27.5991,0.25
sh_main,5_plus,one_word,early_morning,neutral,18,23.604033333333334,18.707749999999997,10.92375,13.13419,39.182,2.9384,51.3143,0.0,90676410.05555555,88454723.0,0.0357520995711157,55.833333333333336,24.666666666666668,0.015022493493965363,False,10.92375,0.25
sh_main,5_plus,one_word,early_morning,strong,16,16.6578875,13.36635,7.1000499999999995,7.6742,20.5552,1.965,48.2927,0.0,3358880006.125,100741456.5,0.01728261651085735,93.1875,39.625,0.0240658235354811,False,7.1000499999999995,0.25
sh_main,5_plus,one_word,early_morning,very_strong,8,12.8963375,6.2344,5.321,5.5115300000000005,8.162275,4.1749,59.1647,0.0,59718630652.5,117267612.0,0.011231704840581,155.0,59.625,0.036670032298940905,False,5.321,0.25
sh_main,5_plus,one_word,early_morning,weak,4,29.156975000000003,26.686,3.5410000000000004,3.86506,52.301975,1.9207,61.3352,0.0,22067535096.75,64525446.0,0.0307869662937892,32.25,8.5,0.005189303793933775,False,3.5410000000000004,0.25
sh_main,5_plus,one_word,late,neutral,3,33.92916666666667,35.9226,30.363750000000003,31.475520000000003,38.4913,24.8049,41.06,0.0,49234988.333333336,43226434.0,0.0049671976220498,62.0,23.333333333333332,0.013790272771736833,False,30.363750000000003,0.25
sh_main,5_plus,one_word,late,strong,4,29.493325,23.66485,21.498475,21.54967,31.6597,21.2425,49.4011,0.0,31277389.25,21458366.5,0.006225414515900101,92.25,36.5,0.022201575255368398,False,21.498475,0.25
sh_main,5_plus,one_word,late,very_strong,1,75.1355,75.1355,75.1355,75.1355,75.1355,75.1355,75.1355,0.0,166303519.0,166303519.0,0.0798335107986404,139.0,57.0,0.0347137637028014,False,75.1355,0.25
sh_main,5_plus,one_word,late,weak,3,58.67876666666666,76.9729,48.99655,54.59182,77.50805,21.0202,78.0432,0.0,56751278.666666664,55533297.0,0.0139175340450141,37.666666666666664,13.0,0.007846602052293266,False,48.99655,0.25
sh_main,5_plus,one_word,midday,neutral,17,23.29175294117647,16.7293,12.063,14.50668,28.8656,3.9745,63.9144,0.0,55736918.76470588,51989032.0,0.0110907937925655,56.411764705882355,23.88235294117647,0.014545172577163501,False,12.063,0.25
sh_main,5_plus,one_word,midday,strong,12,21.1975,17.6186,11.6987,12.63729,28.169424999999997,5.3511,51.0922,0.0,7821606969.833333,62262892.0,0.0083615845600387,93.75,39.166666666666664,0.024282902066173742,False,11.6987,0.25
sh_main,5_plus,one_word,midday,very_strong,4,25.48305,14.081199999999999,10.75305,11.02206,28.8112,9.408,64.3618,0.0,6371992909.25,211889462.5,0.01019887439896815,138.0,56.25,0.0355765120675012,False,10.75305,0.25
sh_main,5_plus,one_word,midday,weak,5,31.424059999999997,21.7729,7.5847,10.422339999999998,60.0245,5.3633,62.3749,0.0,73601371.2,63322327.0,0.0151701384344318,36.6,13.2,0.008074383853412841,False,7.5847,0.25
sh_main,5_plus,one_word,open_limit,neutral,334,2.818191916167665,1.149,0.590925,0.63738,2.656425,0.0483,48.9382,0.0,48903277003.43114,312754096.5,0.1228683803193922,56.85928143712575,24.04191616766467,0.015007401465769352,True,0.590925,0.25
sh_main,5_plus,one_word,open_limit,strong,210,3.007460476190476,1.169,0.568875,0.66152,2.574075,0.0763,46.1777,0.0,116761406426.88571,287963587.0,0.089085144015919,93.24761904761905,39.46666666666667,0.02449854995314256,True,0.568875,0.25
sh_main,5_plus,one_word,open_limit,very_strong,90,1.6359233333333332,0.5831500000000001,0.31955,0.37354,1.87595,0.0998,25.4643,0.0,136533748641.83333,361633084.0,0.0700567357471796,211.9,79.58888888888889,0.04914502623792632,True,0.31955,0.25
sh_main,5_plus,one_word,open_limit,weak,128,3.49202109375,0.88615,0.5358,0.5599000000000001,2.465825,0.1622,45.8636,0.0,40640456450.58594,275454249.5,0.17005146654416925,32.2578125,11.4765625,0.007185846731104948,True,0.5358,0.25
sh_main,5_plus,t_board,afternoon,neutral,2,42.668,42.668,33.2203,35.109840000000005,52.115700000000004,23.7726,61.5634,1.0,64360423.5,64360423.5,0.0276327948410111,64.5,23.5,0.013901005186707449,False,33.2203,0.25
sh_main,5_plus,t_board,afternoon,weak,1,67.7862,67.7862,67.7862,67.7862,67.7862,67.7862,67.7862,1.0,15003705.0,15003705.0,0.019586332953132,46.0,14.0,0.0083482409063804,False,67.7862,0.25
sh_main,5_plus,t_board,early_morning,neutral,14,21.464264285714286,11.5936,9.88405,10.1044,30.619875,7.2673,65.8623,1.0,113256600.64285715,101737930.0,0.0148126425171672,53.714285714285715,24.357142857142858,0.0147396140142979,False,9.88405,0.25
sh_main,5_plus,t_board,early_morning,strong,11,10.708972727272725,9.5215,8.375350000000001,8.4647,12.98875,6.783,16.2599,1.0,9494242944.0,94051425.0,0.0135697267753733,89.63636363636364,40.09090909090909,0.02451443987222849,False,8.375350000000001,0.25
sh_main,5_plus,t_board,early_morning,very_strong,7,24.66062857142857,23.0187,13.814900000000002,15.04208,32.85675,9.4943,46.7681,1.0,10266945019.0,88068343.0,0.0242371745863475,152.42857142857142,59.57142857142857,0.0362622523556771,False,13.814900000000002,0.25
sh_main,5_plus,t_board,early_morning,weak,5,13.631319999999999,11.4409,8.918,9.42258,19.1286,8.6591,20.01,1.0,36419418247.4,142781352.0,0.0199559595531362,36.0,14.4,0.008925690255727158,False,8.918,0.25
sh_main,5_plus,t_board,late,neutral,3,32.535900000000005,31.8477,29.7026,30.13162,35.0251,27.5575,38.2025,1.0,15269070387.666666,81086103.0,0.0082417341828186,61.666666666666664,22.333333333333332,0.0137410953495912,False,29.7026,0.25
sh_main,5_plus,t_board,late,strong,5,44.00154,31.3073,15.9605,19.02986,82.9248,6.484,83.3311,1.0,1625734971.6,59484518.0,0.0357886445648421,93.2,39.0,0.02390275042650258,False,15.9605,0.25
sh_main,5_plus,t_board,late,weak,1,72.5549,72.5549,72.5549,72.5549,72.5549,72.5549,72.5549,1.0,10921657520.0,10921657520.0,5.574732815839802,26.0,8.0,0.0053727333781061,False,72.5549,0.25
sh_main,5_plus,t_board,midday,neutral,6,20.218400000000003,20.88175,16.264525,17.24795,23.73655,10.7699,29.3634,1.0,85489302.5,64889924.0,0.007749731378476499,54.166666666666664,25.166666666666668,0.0150486512526141,False,16.264525,0.25
sh_main,5_plus,t_board,midday,strong,2,45.49025,45.49025,39.082075,40.363710000000005,51.898425,32.6739,58.3066,1.0,68272612.0,68272612.0,0.0250295839488584,80.5,36.0,0.0221924905262001,False,39.082075,0.25
sh_main,5_plus,t_board,midday,very_strong,2,12.2075,12.2075,10.61375,10.9325,13.80125,9.02,15.395,1.0,71231680408.5,71231680408.5,11.093914436495488,150.0,63.5,0.04225769159846235,False,10.61375,0.25
sh_main,5_plus,t_board,midday,weak,1,26.7354,26.7354,26.7354,26.7354,26.7354,26.7354,26.7354,1.0,55138026.0,55138026.0,0.0163202190728469,27.0,12.0,0.0071132187314759,False,26.7354,0.25
sh_main,5_plus,t_board,open_limit,neutral,42,18.19669047619048,11.26915,6.074450000000001,6.6483599999999985,23.0623,2.4863,74.0762,1.0,109482934.04761904,95558819.5,0.021951471186587253,57.54761904761905,24.952380952380953,0.01513731118434595,True,6.074450000000001,0.25
sh_main,5_plus,t_board,open_limit,strong,15,11.405433333333331,7.098,4.4734,4.99306,17.1479,1.9332,31.8468,1.0,150396359.66666666,138338674.0,0.02712187130797,92.0,39.06666666666667,0.023507952880221165,False,4.4734,0.25
sh_main,5_plus,t_board,open_limit,very_strong,6,14.47425,11.505199999999999,5.23245,6.862399999999999,20.36755,3.4646,33.9073,1.0,12384249109.0,289796241.5,0.02311186317413025,160.16666666666666,65.33333333333333,0.04027514057751175,False,5.23245,0.25
sh_main,5_plus,t_board,open_limit,weak,9,21.77061111111111,10.7851,9.7431,10.08582,13.5681,9.1614,74.9654,1.0,94301071.55555555,92848006.0,0.026848282565976,40.0,13.555555555555555,0.008175382431148178,False,9.7431,0.25
sh_main,5_plus,unknown,early_morning,strong,3,41.27213333333333,35.8363,26.416400000000003,28.30038,53.409949999999995,16.9965,70.9836,0.0,51693844.0,55675332.0,0.0120968295670044,93.0,38.666666666666664,0.023312250454884133,False,26.416400000000003,0.25
sh_main,5_plus,unknown,midday,neutral,1,28.7037,28.7037,28.7037,28.7037,28.7037,28.7037,28.7037,0.0,66170236.0,66170236.0,0.0094211067347645,50.0,25.0,0.0148192056905749,False,28.7037,0.25
sh_main,5_plus,unknown,open_limit,strong,1,9.8938,9.8938,9.8938,9.8938,9.8938,9.8938,9.8938,0.0,63206645.0,63206645.0,0.0062131214564479,80.0,33.0,0.0210191082802547,False,9.8938,0.25
sh_main,5_plus,unknown,open_limit,weak,1,13.9062,13.9062,13.9062,13.9062,13.9062,13.9062,13.9062,0.0,124280121.0,124280121.0,0.0362676383148552,51.0,16.0,0.0094395280235988,False,13.9062,0.25
star,1,multi_open,afternoon,neutral,1,8.8385,8.8385,8.8385,8.8385,8.8385,8.8385,8.8385,11.0,971097.0,971097.0,0.0004108679723326,193.0,9.0,0.0156794425087108,False,8.8385,0.25
star,1,multi_open,afternoon,strong,1,13.0361,13.0361,13.0361,13.0361,13.0361,13.0361,13.0361,3.0,45947217.0,45947217.0,0.0025151388570304,183.0,17.0,0.0283333333333333,False,13.0361,0.25
star,1,multi_open,afternoon,very_strong,18,6.999894444444443,4.6748,3.8046,3.8101599999999998,9.109175,2.4554,22.3462,5.222222222222222,6048656.222222222,2940959.0,0.00057210138538645,648.0,71.66666666666667,0.12458496743552959,False,3.8046,0.25
star,1,multi_open,afternoon,weak,21,13.622119047619046,11.5071,6.1379,7.0323,17.8838,2.8731,39.2096,2.9047619047619047,11974968.80952381,7935918.0,0.001540124996776,95.14285714285714,2.4285714285714284,0.004514177879650081,False,6.1379,0.25
star,1,multi_open,early_morning,neutral,15,13.284640000000001,10.5944,8.06925,9.29592,17.47905,6.1232,28.4726,4.533333333333333,39978823.06666667,35869006.0,0.0064799276803414,96.26666666666667,7.333333333333333,0.01299854507233455,False,8.06925,0.25
star,1,multi_open,early_morning,strong,3,10.4739,7.3291,6.95645,7.0309800000000005,12.41895,6.5838,17.5088,3.0,52513328.333333336,36507403.0,0.0064309939931356,158.0,15.333333333333334,0.025555555555555536,False,6.95645,0.25
star,1,multi_open,early_morning,very_strong,9,6.153033333333334,5.3295,3.6208,3.89696,7.7232,2.5756,12.4518,9.555555555555555,51836935.55555555,21981083.0,0.0043816879021732,509.77777777777777,77.88888888888889,0.13549148136901973,False,3.6208,0.25
star,1,multi_open,early_morning,weak,82,17.372030487804878,13.280100000000001,9.499775,10.72162,19.975575,1.6491,62.1611,5.987804878048781,37721483.67073171,23865796.5,0.00488015819378045,67.10975609756098,2.6219512195121952,0.004697991997585393,True,9.499775,0.25
star,1,multi_open,late,neutral,4,16.674174999999998,15.9626,14.4233,14.56172,18.213475,13.7312,21.0403,4.5,4551082.25,5657005.5,0.00086082776321875,108.5,8.75,0.015167023264420026,False,14.4233,0.25
star,1,multi_open,late,strong,3,12.658166666666666,10.0702,9.088799999999999,9.28508,14.93355,8.1074,19.7969,4.333333333333333,12077520.666666666,11285969.0,0.0006363648733279,158.0,15.333333333333334,0.025555555555555536,False,9.088799999999999,0.25
star,1,multi_open,late,very_strong,19,8.112342105263158,5.7789,4.07585,4.45726,9.314,2.4838,31.6993,2.9473684210526314,4260238.842105263,3028865.0,0.0005766491037464,732.1578947368421,114.10526315789474,0.1981960888601116,False,4.07585,0.25
star,1,multi_open,late,weak,19,20.38775789473684,15.0019,8.335749999999999,9.944159999999998,27.71345,4.5086,50.3344,3.473684210526316,20810198.63157895,10341769.0,0.0017576096212143,82.78947368421052,2.6315789473684212,0.004923302831472537,False,8.335749999999999,0.25
star,1,multi_open,midday,neutral,60,14.443016666666665,14.0027,7.6088000000000005,8.59805,18.68375,2.5283,41.7936,5.05,57966227.1,21794739.5,0.00341741001650165,106.5,8.033333333333333,0.01446948400392533,True,7.6088000000000005,0.25
star,1,multi_open,midday,strong,10,10.19115,11.04475,7.477425,8.636849999999999,12.257875,2.5549,16.7623,6.3,26494156.1,32074473.0,0.00290732606515705,153.0,15.0,0.024999999999999977,False,7.477425,0.25
star,1,multi_open,midday,very_strong,59,7.709194915254237,6.2888,4.0251,4.27328,9.998000000000001,1.4888,23.5254,6.677966101694915,9359049.033898305,4253008.0,0.0011582648654721,566.0677966101695,48.91525423728814,0.08528418217983608,True,4.0251,0.25
star,1,multi_open,midday,weak,220,15.58442,12.361550000000001,8.347624999999999,9.15779,19.949275,2.2075,63.4383,6.2727272727272725,26450028.822727274,17643121.5,0.0028334169015432,75.7909090909091,2.418181818181818,0.004370634891616118,True,8.347624999999999,0.25
star,1,multi_open,open_limit,neutral,4,18.327225,17.478299999999997,13.022649999999999,14.183559999999998,22.782874999999997,7.2181,31.1342,3.0,54418936.0,52744435.0,0.0140638367691698,111.5,7.0,0.012719356716227325,False,13.022649999999999,0.25
star,1,multi_open,open_limit,strong,1,3.4121,3.4121,3.4121,3.4121,3.4121,3.4121,3.4121,4.0,71311785.0,71311785.0,0.0061390999483471,108.0,12.0,0.02,False,3.4121,0.25
star,1,multi_open,open_limit,very_strong,32,8.666290625,7.9845500000000005,5.720975,6.00916,11.08585,1.5602,23.2875,12.625,21652944.6875,12631401.5,0.00167981234784455,776.0,138.0,0.2395833333333333,True,5.720975,0.25
star,1,multi_open,open_limit,weak,11,12.890063636363635,8.9297,8.098199999999999,8.6086,17.08675,3.3976,35.5284,3.4545454545454546,48457463.81818182,20739445.0,0.0133165309583667,48.27272727272727,2.4545454545454546,0.004456123117719464,False,8.098199999999999,0.25
star,1,one_word,afternoon,neutral,5,6.823360000000001,7.8673,4.6493,5.2929,8.6645,2.8372,10.0985,0.0,43350948.0,52709018.0,0.0063896628419658,95.8,6.6,0.01124848302065474,False,4.6493,0.25
star,1,one_word,afternoon,strong,1,5.9605,5.9605,5.9605,5.9605,5.9605,5.9605,5.9605,0.0,88066240.0,88066240.0,0.0013779520510309,183.0,17.0,0.0283333333333333,False,5.9605,0.25
star,1,one_word,afternoon,very_strong,5,5.70626,4.1357,4.1055,4.11154,8.9129,1.5589,9.8183,0.0,6789814.8,5532407.0,0.001740224401391,667.6,100.0,0.1739784710017574,False,4.1055,0.25
star,1,one_word,afternoon,weak,41,13.450765853658536,10.9528,5.9289,8.2134,18.5991,1.9698,39.1923,0.0,42026793.19512195,33041896.0,0.0097657604141469,73.7560975609756,2.2439024390243905,0.004071079831280295,True,5.9289,0.25
star,1,one_word,early_morning,neutral,19,11.117773684210526,7.8771,5.2585999999999995,5.37476,10.655750000000001,1.8435,45.2754,0.0,69548457.78947368,59272687.0,0.016188884529059,90.26315789473684,8.210526315789474,0.014909093456957404,False,5.2585999999999995,0.25
star,1,one_word,early_morning,strong,2,11.21975,11.21975,7.298375,8.082650000000001,15.141124999999999,3.377,19.0625,0.0,36051453.0,36051453.0,0.0137646806790057,145.5,14.5,0.02416666666666665,False,7.298375,0.25
star,1,one_word,early_morning,weak,67,8.92568656716418,7.4401,5.30245,5.79184,9.817499999999999,3.0533,29.8967,0.0,59626243.19402985,56772401.0,0.0152182894901266,73.32835820895522,2.6417910447761193,0.00472503717074767,True,5.30245,0.25
star,1,one_word,late,neutral,7,9.257614285714286,7.9461,5.240349999999999,6.360039999999999,10.41965,2.949,22.5882,0.0,79573719.14285715,33773826.0,0.0036854826048185,80.85714285714286,6.714285714285714,0.01184557318125833,False,5.240349999999999,0.25
star,1,one_word,late,very_strong,31,10.377306451612904,7.8299,5.24865,5.6837,14.4747,3.0865,28.4561,0.0,4197201.419354838,3476861.0,0.0010615057159186,711.7096774193549,113.45161290322581,0.19708926638743843,True,5.24865,0.25
star,1,one_word,late,weak,49,15.828497959183673,12.4173,8.3901,9.05492,19.5153,5.7047,51.4528,0.0,44508647.510204084,31298063.0,0.0082855126985668,70.71428571428571,2.2653061224489797,0.0042765437754627945,True,8.3901,0.25
star,1,one_word,midday,neutral,54,12.46345740740741,11.599799999999998,8.04015,8.98985,15.72355,2.1134,28.0813,0.0,50192719.0,38732248.5,0.0114633201069506,90.37037037037037,7.185185185185185,0.01364548654291882,True,8.04015,0.25
star,1,one_word,midday,strong,4,7.953925,8.48545,6.306475,6.66469,10.1329,4.5154,10.3294,0.0,60283185.25,52521045.0,0.00669161571687495,126.75,13.25,0.022083333333333323,False,6.306475,0.25
star,1,one_word,midday,very_strong,10,11.09761,9.7135,6.56105,7.223719999999999,16.049625,1.1784,28.0812,0.0,23712787.3,21846756.5,0.0074641601018215,366.3,33.4,0.05835707169227209,False,6.56105,0.25
star,1,one_word,midday,weak,171,12.291076608187135,10.4987,6.04805,6.6352,15.5225,1.907,42.5233,0.0,62442947.32748538,41238345.0,0.0112814822844927,67.54385964912281,2.4035087719298245,0.004397584469509851,True,6.04805,0.25
star,1,one_word,open_limit,neutral,5,4.08874,2.5837,0.4763,0.8977799999999998,3.2687,0.1841,13.9309,0.0,212297448.4,177793783.0,0.0493270470479817,113.0,7.4,0.01284647501474966,False,0.4763,0.25
star,1,one_word,open_limit,very_strong,1,0.121,0.121,0.121,0.121,0.121,0.121,0.121,0.0,264913820.0,264913820.0,0.0138534004019354,776.0,138.0,0.2395833333333333,False,0.121,0.25
star,1,one_word,open_limit,weak,28,4.433878571428572,2.0733,1.2066999999999999,1.2932199999999998,4.228225,0.2836,24.1496,0.0,233804557.89285713,158693490.0,0.04572873433177565,80.03571428571429,2.5,0.004390006658625735,False,1.2066999999999999,0.25
star,1,t_board,afternoon,neutral,2,15.91545,15.91545,9.852175,11.06483,21.978725,3.7889,28.042,1.0,22578033.5,22578033.5,0.005090726546197849,101.0,9.0,0.01537746806039485,False,9.852175,0.25
star,1,t_board,afternoon,very_strong,2,6.573449999999999,6.573449999999999,5.9632249999999996,6.0852699999999995,7.183675,5.353,7.7939,1.0,3615821.0,3615821.0,0.00035592978152115004,727.5,94.0,0.1631944444444444,False,5.9632249999999996,0.25
star,1,t_board,afternoon,weak,15,16.31365333333333,13.7302,11.52235,11.93628,19.84705,4.8117,30.48,1.0,64338958.733333334,31020188.0,0.0100363998809335,87.4,2.6,0.004621737171602733,False,11.52235,0.25
star,1,t_board,early_morning,neutral,5,14.90494,12.3937,11.8028,11.92098,21.1628,5.8933,23.2721,1.0,51005276.8,39805130.0,0.034004541808064,81.4,5.8,0.012923726250674181,False,11.8028,0.25
star,1,t_board,early_morning,weak,21,14.295580952380952,12.3953,6.3827,6.4988,18.8121,3.2579,33.6932,1.0,92597477.09523809,54809608.0,0.0103515638594791,61.666666666666664,2.7142857142857144,0.004676175060998011,False,6.3827,0.25
star,1,t_board,late,neutral,3,8.850666666666667,10.7683,7.6358,8.2623,11.02435,4.5033,11.2804,1.0,12321081.0,10711049.0,0.000962500291941,139.66666666666666,7.333333333333333,0.014110492328839765,False,7.6358,0.25
star,1,t_board,late,strong,1,5.0992,5.0992,5.0992,5.0992,5.0992,5.0992,5.0992,1.0,2948122.0,2948122.0,0.0001837170031793,108.0,12.0,0.02,False,5.0992,0.25
star,1,t_board,late,very_strong,11,10.379709090909092,8.2501,6.165150000000001,6.42,10.2052,3.0014,37.0407,1.0,2963707.3636363638,1921655.0,0.0008949749932048,724.9090909090909,105.36363636363636,0.18300647068221754,False,6.165150000000001,0.25
star,1,t_board,late,weak,9,19.6605,12.5577,7.2564,9.32664,24.2279,4.5216,47.7743,1.0,25519687.666666668,11398651.0,0.0020831940296445,61.22222222222222,2.4444444444444446,0.0045058843988715555,False,7.2564,0.25
star,1,t_board,midday,neutral,13,14.3196,12.0054,6.0963,6.991619999999999,16.8034,3.2334,57.7432,1.0,92414931.46153846,30650896.0,0.0080057228594909,93.61538461538461,7.923076923076923,0.014865922674465664,False,6.0963,0.25
star,1,t_board,midday,strong,2,9.90385,9.90385,9.494225,9.57615,10.313475,9.0846,10.7231,1.0,45497919.5,45497919.5,0.0081475854191706,183.0,17.0,0.0283333333333333,False,9.494225,0.25
star,1,t_board,midday,very_strong,5,6.00482,4.3079,3.6888,3.81262,4.6182,3.4037,14.0055,1.0,19692772.0,4450069.0,0.0038777895052997,435.6,38.6,0.06778678493545204,False,3.6888,0.25
star,1,t_board,midday,weak,94,13.04277340425532,11.58435,7.50755,8.09062,16.6897,1.868,42.6453,1.0,42123913.372340426,32857195.0,0.00677605628481055,66.34042553191489,2.3297872340425534,0.004164673276530366,True,7.50755,0.25
star,1,t_board,open_limit,neutral,2,6.0992,6.0992,5.95745,5.985799999999999,6.24095,5.8157,6.3827,1.0,46393103.0,46393103.0,0.0086924263691053,111.0,6.0,0.010344858337866601,False,5.95745,0.25
star,1,t_board,open_limit,very_strong,5,6.46196,6.9383,5.3899,5.69958,7.0743,3.6094,9.2979,1.0,10351234.4,11250803.0,0.0018988179706075,776.0,138.0,0.23958333333333331,False,5.3899,0.25
star,1,t_board,open_limit,weak,14,8.193892857142858,7.0191,5.662325,6.51181,8.658125,2.1713,18.2052,1.0,168964855.7142857,82724965.0,0.01227533484230715,65.0,2.2857142857142856,0.00399979748084285,False,5.662325,0.25
star,2,multi_open,afternoon,very_strong,2,8.42605,8.42605,7.1873249999999995,7.43507,9.664774999999999,5.9486,10.9035,4.5,6480870.5,6480870.5,0.00145433180620995,776.0,138.0,0.2395833333333333,False,7.1873249999999995,0.25
star,2,multi_open,afternoon,weak,1,17.9533,17.9533,17.9533,17.9533,17.9533,17.9533,17.9533,4.0,1867352.0,1867352.0,0.0014313171034327,144.0,2.0,0.0034722222222222,False,17.9533,0.25
star,2,multi_open,early_morning,neutral,2,16.85065,16.85065,15.111474999999999,15.459309999999999,18.589825,13.3723,20.329,5.5,14961982.0,14961982.0,0.0072297241947252,139.5,7.0,0.0130918220946915,False,15.111474999999999,0.25
star,2,multi_open,early_morning,strong,1,4.9211,4.9211,4.9211,4.9211,4.9211,4.9211,4.9211,2.0,298517622.0,298517622.0,0.0077862785007597,183.0,17.0,0.0283333333333333,False,4.9211,0.25
star,2,multi_open,early_morning,very_strong,2,21.582,21.582,15.340000000000002,16.5884,27.824,9.098,34.066,6.5,56904030.5,56904030.5,0.02539767358617515,467.0,79.5,0.13811627399650955,False,15.340000000000002,0.25
star,2,multi_open,early_morning,weak,13,27.181861538461533,18.6011,12.411,12.95772,36.524,5.3954,64.9439,9.23076923076923,44606027.692307696,42110384.0,0.0075205334864133,76.15384615384616,2.923076923076923,0.005231741672327884,False,12.411,0.25
star,2,multi_open,late,very_strong,1,6.7074,6.7074,6.7074,6.7074,6.7074,6.7074,6.7074,2.0,1183049.0,1183049.0,0.0002709409285928,776.0,138.0,0.2395833333333333,False,6.7074,0.25
star,2,multi_open,midday,neutral,4,23.674675,16.2238,13.496875,13.751769999999999,26.401600000000002,12.2224,50.0287,7.0,40553215.75,25459511.0,0.0043935274165991505,129.25,6.75,0.012451679355010375,False,13.496875,0.25
star,2,multi_open,midday,very_strong,2,31.941000000000003,31.941000000000003,22.62735,24.49008,41.25465,13.3137,50.5683,5.5,14348777.5,14348777.5,0.00875932628229655,158.0,21.0,0.0366492146596858,False,22.62735,0.25
star,2,multi_open,midday,weak,8,21.28665,20.111150000000002,16.06355,16.35485,27.027775,12.6158,29.8106,6.25,23182715.75,12368799.5,0.004586634952868551,60.25,2.375,0.004366033541460574,False,16.06355,0.25
star,2,multi_open,open_limit,neutral,1,8.9811,8.9811,8.9811,8.9811,8.9811,8.9811,8.9811,4.0,85514345.0,85514345.0,0.0081081865414933,185.0,8.0,0.0139372822299651,False,8.9811,0.25
star,2,multi_open,open_limit,very_strong,32,6.9490375,5.1880500000000005,3.8636,4.076,8.754075,1.2124,27.7506,10.78125,68025483.40625,27560785.5,0.00318408442192935,772.96875,135.25,0.23480902777777773,True,3.8636,0.25
star,2,multi_open,open_limit,weak,2,33.386449999999996,33.386449999999996,21.801975,24.118869999999998,44.970925,10.2175,56.5554,6.5,21761578.0,21761578.0,0.020329571723376,56.0,1.5,0.0028940586473496996,False,21.801975,0.25
star,2,one_word,afternoon,weak,1,19.5361,19.5361,19.5361,19.5361,19.5361,19.5361,19.5361,0.0,57198680.0,57198680.0,0.009663631780825,84.0,3.0,0.0051635111876075,False,19.5361,0.25
star,2,one_word,early_morning,neutral,2,21.8666,21.8666,20.06765,20.42744,23.66555,18.2687,25.4645,0.0,167135579.5,167135579.5,0.0258910207323019,99.0,7.5,0.01282805575557465,False,20.06765,0.25
star,2,one_word,early_morning,very_strong,1,7.113,7.113,7.113,7.113,7.113,7.113,7.113,0.0,167778148.0,167778148.0,0.0189626625935768,158.0,21.0,0.0366492146596858,False,7.113,0.25
star,2,one_word,early_morning,weak,3,9.318766666666667,10.7429,8.4632,8.91914,10.8864,6.1835,11.0299,0.0,39585819.0,51275544.0,0.016852797693485,114.66666666666667,4.333333333333333,0.007412843841743934,False,8.4632,0.25
star,2,one_word,late,very_strong,1,4.0476,4.0476,4.0476,4.0476,4.0476,4.0476,4.0476,0.0,3426606.0,3426606.0,0.0010093575618329,776.0,138.0,0.2395833333333333,False,4.0476,0.25
star,2,one_word,midday,neutral,3,14.5861,17.2904,12.189050000000002,13.209320000000002,18.3353,7.0877,19.3802,0.0,35937843.0,37462583.0,0.0251879212969924,96.66666666666667,6.666666666666667,0.0139768356315558,False,12.189050000000002,0.25
star,2,one_word,midday,weak,5,15.391479999999998,11.3182,10.9609,11.03236,19.3299,7.1583,28.1901,0.0,66157585.2,80469201.0,0.0086176763080914,67.0,3.0,0.00533705667041858,False,10.9609,0.25
star,2,one_word,open_limit,neutral,4,6.453875,5.7919,3.946975,4.24171,8.2988,2.4733,11.7584,0.0,145764211.0,117203795.5,0.056374479162254104,96.5,7.0,0.01210831376729455,False,3.946975,0.25
star,2,one_word,open_limit,very_strong,2,2.4802999999999997,2.4802999999999997,1.7729,1.91438,3.1876999999999995,1.0655,3.8951,0.0,94461556.5,94461556.5,0.05580599757032815,776.0,138.0,0.2395833333333333,False,1.7729,0.25
star,2,one_word,open_limit,weak,11,1.3647727272727275,0.9677,0.64795,0.6698,1.47675,0.1783,4.1797,0.0,386663587.8181818,284626489.0,0.0414968741747559,76.0909090909091,2.5454545454545454,0.004389142309818537,False,0.64795,0.25
star,2,t_board,afternoon,weak,1,25.1893,25.1893,25.1893,25.1893,25.1893,25.1893,25.1893,1.0,9204761.0,9204761.0,0.0071556389829106,47.0,1.0,0.0022573363431151,False,25.1893,0.25
star,2,t_board,early_morning,weak,7,22.87401428571428,29.0235,17.86695,21.897239999999996,30.54755,1.9159,32.3497,1.0,50825619.71428572,40973995.0,0.0162580837906477,65.85714285714286,2.4285714285714284,0.0041535052868811855,False,17.86695,0.25
star,2,t_board,late,very_strong,1,4.6368,4.6368,4.6368,4.6368,4.6368,4.6368,4.6368,1.0,8708016.0,8708016.0,0.001051703326417,776.0,138.0,0.2395833333333333,False,4.6368,0.25
star,2,t_board,midday,neutral,1,19.8932,19.8932,19.8932,19.8932,19.8932,19.8932,19.8932,1.0,14359292.0,14359292.0,0.0089649729913438,87.0,7.0,0.0165094339622641,False,19.8932,0.25
star,2,t_board,midday,weak,2,30.82925,30.82925,20.865275,22.858069999999998,40.793225,10.9013,50.7572,1.0,23597274.5,23597274.5,0.0078794627503215,52.0,4.0,0.0073545215195314,False,20.865275,0.25
star,2,t_board,open_limit,neutral,1,3.2319,3.2319,3.2319,3.2319,3.2319,3.2319,3.2319,1.0,42002674.0,42002674.0,0.007972321452114,108.0,8.0,0.0136286201022146,False,3.2319,0.25
star,2,t_board,open_limit,weak,2,9.8292,9.8292,7.0908999999999995,7.63856,12.567499999999999,4.3526,15.3058,1.0,157941910.5,157941910.5,0.015505547095646551,85.5,3.0,0.004953231581957,False,7.0908999999999995,0.25
star,3,multi_open,early_morning,weak,2,9.6857,9.6857,9.590349999999999,9.60942,9.78105,9.495,9.8764,5.5,89951229.0,89951229.0,0.0105421163588563,98.5,4.0,0.0069595673635307505,False,9.590349999999999,0.25
star,3,multi_open,midday,weak,2,35.0826,35.0826,27.4459,28.97324,42.719300000000004,19.8092,50.356,3.5,22224941.5,22224941.5,0.0104809201067751,52.0,3.0,0.006561950307827601,False,27.4459,0.25
star,3,multi_open,open_limit,neutral,1,53.7854,53.7854,53.7854,53.7854,53.7854,53.7854,53.7854,3.0,45128028.0,45128028.0,0.0523215265957634,81.0,6.0,0.0141509433962264,False,53.7854,0.25
star,3,one_word,midday,weak,3,24.68173333333333,27.0965,19.25325,20.8219,31.3176,11.41,35.5387,0.0,49096724.333333336,49234972.0,0.0219051724211934,66.33333333333333,1.6666666666666667,0.0030338393002996,False,19.25325,0.25
star,3,one_word,open_limit,very_strong,1,2.1375,2.1375,2.1375,2.1375,2.1375,2.1375,2.1375,0.0,37761453.0,37761453.0,0.0220974877052518,776.0,138.0,0.2395833333333333,False,2.1375,0.25
star,3,one_word,open_limit,weak,5,2.7613000000000003,0.925,0.4035,0.5078,5.6964,0.3238,6.4578,0.0,599692601.8,386953185.0,0.0906214403093554,86.2,3.0,0.005154495607734859,False,0.4035,0.25
star,3,t_board,early_morning,weak,1,21.9128,21.9128,21.9128,21.9128,21.9128,21.9128,21.9128,1.0,55050814.0,55050814.0,0.0053941467586629,78.0,2.0,0.0034071550255536,False,21.9128,0.25
star,3,t_board,open_limit,weak,5,5.8827,6.7673,4.7639,5.164579999999999,7.8206,1.3668,8.6949,1.0,158459150.0,174905116.0,0.0240026304548381,62.2,2.8,0.004763099054552361,False,4.7639,0.25
star,4,multi_open,early_morning,neutral,1,35.7957,35.7957,35.7957,35.7957,35.7957,35.7957,35.7957,5.0,133053776.0,133053776.0,0.01153285916663,123.0,10.0,0.0171232876712328,False,35.7957,0.25
star,4,multi_open,early_morning,weak,2,20.751350000000002,20.751350000000002,19.224175,19.529609999999998,22.278525000000002,17.697,23.8057,4.5,22212591.5,22212591.5,0.004640698040411601,55.5,2.5,0.00431356837606835,False,19.224175,0.25
star,4,multi_open,midday,weak,1,3.731,3.731,3.731,3.731,3.731,3.731,3.731,19.0,20268319.0,20268319.0,0.000579664778085,40.0,1.0,0.0017035775127768,False,3.731,0.25
star,4,one_word,midday,neutral,1,59.3159,59.3159,59.3159,59.3159,59.3159,59.3159,59.3159,0.0,47538313.0,47538313.0,0.0459242103250568,87.0,7.0,0.0165094339622641,False,59.3159,0.25
star,4,one_word,open_limit,neutral,2,1.5798999999999999,1.5798999999999999,1.44005,1.46802,1.71975,1.3002,1.8596,0.0,369179492.5,369179492.5,0.11269269261318865,154.0,9.0,0.015530284950598949,False,1.44005,0.25
star,4,one_word,open_limit,weak,1,0.335,0.335,0.335,0.335,0.335,0.335,0.335,0.0,855516565.0,855516565.0,0.1314105411630296,64.0,2.0,0.0033955857385398,False,0.335,0.25
star,5_plus,multi_open,early_morning,neutral,1,8.7423,8.7423,8.7423,8.7423,8.7423,8.7423,8.7423,11.0,54982980.0,54982980.0,0.0075926370396859,122.0,10.0,0.0174216027874564,False,8.7423,0.25
star,5_plus,multi_open,midday,weak,1,51.4539,51.4539,51.4539,51.4539,51.4539,51.4539,51.4539,5.0,36912357.0,36912357.0,0.0100956982693313,83.0,5.0,0.0085763293310463,False,51.4539,0.25
star,5_plus,one_word,open_limit,weak,7,1.089257142857143,0.7299,0.3937,0.39766,1.86575,0.2846,2.0914,0.0,692890360.0,816031418.0,0.0768496588882788,78.28571428571429,3.0,0.005136291642617285,False,0.3937,0.25
star,5_plus,t_board,early_morning,weak,1,7.5646,7.5646,7.5646,7.5646,7.5646,7.5646,7.5646,1.0,124091900.0,124091900.0,0.0063839844287466,105.0,3.0,0.0050933786078098,False,7.5646,0.25
star,5_plus,t_board,open_limit,weak,1,9.0581,9.0581,9.0581,9.0581,9.0581,9.0581,9.0581,1.0,152557284.0,152557284.0,0.0252800867142296,199.0,1.0,0.0017421602787456,False,9.0581,0.25
sz_main,1,multi_open,afternoon,neutral,161,14.402966459627327,9.9281,5.8713,6.6945,18.7584,0.7649,69.9665,3.515527950310559,2153431740.204969,21268554.0,0.003886528367908,54.49689440993789,22.944099378881987,0.015719516308500266,True,5.8713,0.25
sz_main,1,multi_open,afternoon,strong,156,12.126639102564104,8.670000000000002,5.75625,6.1275,13.6556,1.7557,56.6955,3.3141025641025643,1255543902.2948718,23877290.0,0.00316883394047495,77.86538461538461,35.743589743589745,0.024449736111862234,True,5.75625,0.25
sz_main,1,multi_open,afternoon,very_strong,158,10.616423417721519,7.3938500000000005,4.376275,5.00269,13.619024999999999,1.2604,56.1072,4.075949367088608,3190562506.537975,16234452.0,0.0016530460854358,235.1012658227848,92.87974683544304,0.0635578359504814,True,4.376275,0.25
sz_main,1,multi_open,afternoon,weak,29,13.650434482758623,7.5022,4.7034,5.77664,19.9653,1.9551,53.294,3.896551724137931,1054850456.8965517,21824873.0,0.0026857192869277,31.79310344827586,11.89655172413793,0.008112238287741418,False,4.7034,0.25
sz_main,1,multi_open,early_morning,neutral,1174,13.600808177172063,10.0022,6.397825,7.047849999999999,17.55555,1.0949,74.9728,5.268313458262351,2343926254.8134584,33519164.0,0.0060184050487025,50.40971039182283,22.670357751277685,0.015403036029738245,True,6.397825,0.25
sz_main,1,multi_open,early_morning,strong,921,12.280462323561347,9.7836,5.9349,6.6727,15.7308,0.3249,56.824,5.2204125950054285,1876709731.7665582,37600191.0,0.0060452416253135,75.0358306188925,36.14115092290988,0.02458312904923539,True,5.9349,0.25
sz_main,1,multi_open,early_morning,very_strong,510,11.68502274509804,9.49175,5.663625,6.5609,15.123149999999999,0.9165,59.5208,5.605882352941176,4144767095.7294116,35486216.0,0.00656267287443695,132.30392156862746,61.280392156862746,0.041879450732810894,True,5.663625,0.25
sz_main,1,multi_open,early_morning,weak,269,14.222740520446097,12.0122,7.1166,8.09316,18.728,1.0244,58.7945,5.4609665427509295,1506117901.9553905,30851033.0,0.0061540083614514,30.576208178438662,11.605947955390334,0.007866870726848383,True,7.1166,0.25
sz_main,1,multi_open,late,neutral,108,12.717319444444444,8.88305,4.527575000000001,5.14912,15.858025,1.2354,62.7335,2.7962962962962963,2133809835.6574075,14352267.5,0.00325576585780305,53.666666666666664,23.037037037037038,0.015908901528533966,True,4.527575000000001,0.25
sz_main,1,multi_open,late,strong,86,14.124316279069767,11.269,6.2074,7.09215,19.250325,1.2671,43.6363,3.0232558139534884,2016662581.372093,15880339.5,0.00230681048045745,75.5813953488372,35.75581395348837,0.024489104476415176,True,6.2074,0.25
sz_main,1,multi_open,late,very_strong,103,11.032920388349519,9.146,5.29925,5.96048,15.0398,0.7819,42.4781,2.9514563106796117,2184996032.446602,11169873.0,0.0023149355783433,186.55339805825244,76.35922330097087,0.05222699824684245,True,5.29925,0.25
sz_main,1,multi_open,late,weak,18,9.090322222222222,6.1156500000000005,4.0422,4.60299,13.872,1.034,23.433,2.8333333333333335,1397516781.1111112,17675293.5,0.0021904955683596,33.0,12.055555555555555,0.008343016949045,False,4.0422,0.25
sz_main,1,multi_open,midday,neutral,1687,12.531840426793124,9.7802,6.2467500000000005,6.89258,16.0627,0.97,66.9402,5.038529934795495,1838535971.8049793,24998187.0,0.0038030279899595,52.516301126259634,22.74510966212211,0.015528716750179923,True,6.2467500000000005,0.25
sz_main,1,multi_open,midday,strong,1532,11.540849020887727,8.84105,5.674175,6.18908,14.3172,0.6489,78.1789,5.1638381201044385,2109638027.6344647,26138817.0,0.0033130838391716502,77.2467362924282,36.20496083550914,0.02472595420392808,True,5.674175,0.25
sz_main,1,multi_open,midday,very_strong,1336,10.295168113772455,7.843349999999999,4.755575,5.2521,13.331125,0.4213,52.9188,5.138473053892215,2894653476.3330836,23491785.0,0.0031443003556847,185.57260479041915,78.38398203592814,0.05348330387425536,True,4.755575,0.25
sz_main,1,multi_open,midday,weak,301,12.80593488372093,9.6847,6.991,7.3111,16.2252,1.6217,68.6625,4.591362126245847,1914195320.3421926,26404653.0,0.0041563506924082,32.08305647840532,11.787375415282392,0.008044759525405612,True,6.991,0.25
sz_main,1,multi_open,open_limit,neutral,265,10.756991320754718,8.31,4.8947,5.56952,13.8482,1.1964,65.3456,5.271698113207547,2648105631.7773585,37605608.0,0.0066328303260552,51.049056603773586,22.588679245283018,0.015360290990007389,True,4.8947,0.25
sz_main,1,multi_open,open_limit,strong,154,12.878608441558443,9.791599999999999,5.29275,6.270630000000001,15.470600000000001,1.6815,51.3012,4.883116883116883,3859715847.4675326,50714530.0,0.00890530778214175,75.59740259740259,36.02597402597402,0.024513811945910076,True,5.29275,0.25
sz_main,1,multi_open,open_limit,very_strong,127,10.799922047244094,9.0051,4.97935,6.04902,13.82405,1.373,45.5768,5.716535433070866,3982624151.3858266,31154545.0,0.0047637551334053,286.1732283464567,85.7007874015748,0.05821937325375761,True,4.97935,0.25
sz_main,1,multi_open,open_limit,weak,72,12.720801388888889,9.2359,5.8416,6.31784,16.673275,1.4519,39.9244,6.486111111111111,968737159.9861112,21793030.0,0.00597788340916805,31.0,12.055555555555555,0.008162905521750113,True,5.8416,0.25
sz_main,1,one_word,afternoon,neutral,434,10.67599147465438,8.0123,5.088425,5.676400000000001,13.009250000000002,1.0095,56.531,0.0,1148812377.5737326,65374248.0,0.01180019918045985,53.585253456221196,23.089861751152075,0.0156752163560533,True,5.088425,0.25
sz_main,1,one_word,afternoon,strong,377,9.591986472148541,7.3484,4.6444,4.984859999999999,12.708,0.713,43.2116,0.0,2255940978.050398,63497672.0,0.0099705897347362,75.72148541114058,36.315649867374006,0.024663301371441446,True,4.6444,0.25
sz_main,1,one_word,afternoon,very_strong,277,9.52274620938628,7.3177,4.5399,5.09502,12.3257,0.5782,47.7122,0.0,3184703918.270758,48088768.0,0.0096488109076095,139.06498194945848,65.18050541516246,0.04415417161304385,True,4.5399,0.25
sz_main,1,one_word,afternoon,weak,85,13.755669411764709,11.2866,6.1336,7.1299399999999995,19.8433,1.6121,47.6653,0.0,2419222998.4117646,78541298.0,0.0189513792680504,32.917647058823526,11.964705882352941,0.008099284002681402,True,6.1336,0.25
sz_main,1,one_word,early_morning,neutral,2065,6.082903292978208,5.0056,3.1009,3.4462599999999997,7.6284,0.3797,37.0379,0.0,1547546930.177724,66103408.0,0.0168224526097336,50.94237288135593,22.750605326876514,0.015396311862685284,True,3.1009,0.25
sz_main,1,one_word,early_morning,strong,1819,5.431959153380978,4.4782,2.8606,3.14932,6.8258,0.4516,28.2216,0.0,1476036844.8900495,66055552.0,0.0152201918793594,75.07586586036284,36.47663551401869,0.02471490668502564,True,2.8606,0.25
sz_main,1,one_word,early_morning,very_strong,1119,4.961708310991957,4.0957,2.63065,2.90948,6.23235,0.4123,26.5802,0.0,1270336539.1126006,58687605.0,0.0150868568894104,124.28418230563003,60.55764075067024,0.04107874138563798,True,2.63065,0.25
sz_main,1,one_word,early_morning,weak,446,6.9407446188340804,5.6211,3.36815,3.74445,9.268125000000001,0.5802,33.6862,0.0,1094970662.8989687,62710172.5,0.0188538338633066,30.233183856502244,11.542600896860986,0.007780870929064175,True,3.36815,0.25
sz_main,1,one_word,late,neutral,448,11.848825,8.881,4.730925,5.22095,15.267825,0.9087,65.0369,0.0,4735410092.345983,60385013.0,0.009566192287228551,54.77232142857143,23.118303571428573,0.015814660790661385,True,4.730925,0.25
sz_main,1,one_word,late,strong,411,10.7825501216545,7.8154,4.66175,5.4299,13.80245,0.7948,60.9727,0.0,4358264640.515815,61401297.0,0.0082958517647786,77.85158150851582,35.73965936739659,0.02442009062591502,True,4.66175,0.25
sz_main,1,one_word,late,very_strong,429,9.703879720279723,6.977,4.3474,4.89986,12.6537,0.7852,49.984,0.0,2991224985.2843823,23723363.0,0.0035675512939197,249.46620046620046,97.88578088578089,0.06637205324533525,True,4.3474,0.25
sz_main,1,one_word,late,weak,88,12.324863636363636,8.603549999999998,4.658975,4.79378,16.8927,1.3056,49.266,0.0,3557836189.693182,55250215.0,0.01375472500498545,33.64772727272727,11.488636363636363,0.007869638147035722,True,4.658975,0.25
sz_main,1,one_word,midday,neutral,3168,9.13135258838384,7.2989999999999995,4.51355,5.03717,11.575375000000001,0.3688,55.1014,0.0,1665351422.9416034,67099404.5,0.013466632369078,51.95233585858586,22.968434343434343,0.015549273170833919,True,4.51355,0.25
sz_main,1,one_word,midday,strong,2987,8.19249849347171,6.5601,4.0277,4.50928,10.481850000000001,0.2921,48.3627,0.0,1852759459.9323735,62838948.0,0.0122641204741478,75.89186474723803,36.57281553398058,0.024794604695015703,True,4.0277,0.25
sz_main,1,one_word,midday,very_strong,1877,7.279158177943528,5.7902,3.4765,3.8754799999999996,9.3238,0.4671,42.2347,0.0,2747259476.772509,53014201.0,0.0113849465325291,132.87639850825786,63.07032498668087,0.042790605156032425,True,3.4765,0.25
sz_main,1,one_word,midday,weak,593,8.98513507588533,7.3473,4.011,4.53646,11.7617,0.4018,49.1499,0.0,1964467523.015177,71258172.0,0.0164656153448609,31.236087689713322,11.672849915682969,0.007897316949382355,True,4.011,0.25
sz_main,1,one_word,open_limit,neutral,796,2.9955636934673366,2.2592499999999998,1.206525,1.41365,3.8955,0.0312,26.9097,0.0,6027930198.43216,84865387.5,0.0226204636114336,51.05402010050251,22.657035175879397,0.01540983996908489,True,1.206525,0.25
sz_main,1,one_word,open_limit,strong,543,2.7505675874769797,2.1597,1.25145,1.3833,3.5096,0.0733,25.7685,0.0,6638245484.90976,88895061.0,0.0227797077670919,75.15285451197053,35.75690607734806,0.02433649182614486,True,1.25145,0.25
sz_main,1,one_word,open_limit,very_strong,337,2.366608308605341,1.6819,0.8398,1.01912,3.1768,0.0267,13.6657,0.0,7938600761.635015,86149815.0,0.0200650494135951,122.25519287833828,58.275964391691396,0.03970074930941709,True,0.8398,0.25
sz_main,1,one_word,open_limit,weak,191,2.77285445026178,2.1538,1.2067,1.3565,3.6052999999999997,0.0393,12.9413,0.0,4471776717.267015,88943509.0,0.0236670821405938,32.04188481675393,11.607329842931938,0.007918905305911886,True,1.2067,0.25
sz_main,1,t_board,afternoon,neutral,90,10.876385555555556,8.0152,5.635675,6.0656099999999995,12.32725,2.1359,45.7291,1.0,2917201156.088889,26366383.5,0.0069538808511731,54.03333333333333,23.177777777777777,0.015895826327894748,True,5.635675,0.25
sz_main,1,t_board,afternoon,strong,87,10.986932183908046,8.6358,4.3977,5.65106,12.76935,1.0641,62.4705,1.0,3988497883.37931,31512052.0,0.0035547882519344,79.66666666666667,36.95402298850575,0.02531610584757102,True,4.3977,0.25
sz_main,1,t_board,afternoon,very_strong,73,8.990006849315069,7.1038,4.7436,5.53132,11.694,1.3233,49.9072,1.0,3243646971.287671,20162780.0,0.0034553008682411,186.08219178082192,78.3972602739726,0.0534624697299749,True,4.7436,0.25
sz_main,1,t_board,afternoon,weak,12,14.027475000000003,8.7349,5.86515,6.6349,16.770725,3.9336,46.8469,1.0,6728505259.916667,41017797.5,0.008058509550212499,43.25,12.083333333333334,0.008347852740788166,False,5.86515,0.25
sz_main,1,t_board,early_morning,neutral,547,9.395028884826324,8.1481,5.0997,5.63592,11.89945,0.8203,59.383,1.0,1444271562.2577696,49772016.0,0.0105333407657395,51.12797074954296,22.89762340036563,0.015507272895930985,True,5.0997,0.25
sz_main,1,t_board,early_morning,strong,467,8.697269379014989,7.3518,4.5745000000000005,5.1517599999999995,11.21555,0.77,42.199,1.0,1509119116.085653,49770822.0,0.0101726150231042,74.41755888650964,36.059957173447536,0.024445760445420395,True,4.5745000000000005,0.25
sz_main,1,t_board,early_morning,very_strong,272,7.842547426470587,6.1753,3.98625,4.3671,10.41885,0.6449,36.9056,1.0,2015178655.9264705,43080694.0,0.00860885353167215,129.48529411764707,61.3014705882353,0.04160024434001087,True,3.98625,0.25
sz_main,1,t_board,early_morning,weak,118,10.853534745762712,8.486699999999999,5.6852,5.97835,14.051225,1.0384,55.6003,1.0,1052424563.4830508,60476513.5,0.01485366881284385,29.89830508474576,11.559322033898304,0.0077869238350169664,True,5.6852,0.25
sz_main,1,t_board,late,neutral,79,10.55607341772152,8.4921,4.97825,5.699999999999999,13.8997,1.2775,50.0716,1.0,2110858987.9113925,20833114.0,0.0039092436954788,52.379746835443036,22.582278481012658,0.015512364265785101,True,4.97825,0.25
sz_main,1,t_board,late,strong,77,10.158831168831167,6.9279,4.0001,4.26098,11.7084,1.4541,40.9991,1.0,3313037252.428571,31849888.0,0.0044127082989254,78.88311688311688,35.23376623376623,0.024263056463647258,True,4.0001,0.25
sz_main,1,t_board,late,very_strong,75,11.15864,7.6478,4.6145499999999995,5.01366,15.247399999999999,1.3624,46.6975,1.0,5349347059.64,22483242.0,0.0029445680390861,211.92,88.54666666666667,0.060509381561387104,True,4.6145499999999995,0.25
sz_main,1,t_board,late,weak,23,10.881095652173913,7.2971,4.2588,4.28838,13.9788,1.2093,45.6238,1.0,1002841262.0869565,25080810.0,0.0069368018807673,33.69565217391305,12.043478260869565,0.008374211158711512,False,4.2588,0.25
sz_main,1,t_board,midday,neutral,677,10.50163633677991,7.9725,5.3041,5.7418000000000005,13.3658,0.9199,63.4929,1.0,2115242097.5288036,40960946.0,0.0076747300342541,52.48153618906942,22.85672082717873,0.015538184641136932,True,5.3041,0.25
sz_main,1,t_board,midday,strong,633,9.893564612954187,7.8682,4.9885,5.55422,12.8909,0.6009,44.1527,1.0,2602565982.687204,38945172.0,0.0066576365752152,77.25276461295418,36.41232227488152,0.02477856109925993,True,4.9885,0.25
sz_main,1,t_board,midday,very_strong,464,8.240602370689654,7.05805,4.29765,4.8716,10.87965,0.7482,35.7103,1.0,1634353522.7413793,32835667.0,0.005593668524756949,155.17672413793105,70.47629310344827,0.04788709365348651,True,4.29765,0.25
sz_main,1,t_board,midday,weak,122,10.917063114754098,8.18015,5.6052,6.036519999999999,14.414575,1.1174,43.7149,1.0,1158203265.8032787,33766101.0,0.008689049959479,32.66393442622951,11.80327868852459,0.008001081753528616,True,5.6052,0.25
sz_main,1,t_board,open_limit,neutral,158,7.550545569620254,5.81895,4.1526,4.47542,9.746775,0.5724,27.2597,1.0,4973519830.594936,64206660.5,0.01322348822364525,53.0253164556962,22.77848101265823,0.015525901973678879,True,4.1526,0.25
sz_main,1,t_board,open_limit,strong,102,7.973961764705883,6.49755,3.632875,4.277029999999999,9.605699999999999,0.3191,42.0497,1.0,3615809544.0588236,60501932.5,0.0125957297301319,75.53921568627452,35.92156862745098,0.02442875635947046,True,3.632875,0.25
sz_main,1,t_board,open_limit,very_strong,84,8.114309523809522,6.6462,4.4076,4.71975,11.1366,1.4307,24.9897,1.0,3453505894.0833335,48077415.5,0.010770600140168549,269.6666666666667,81.95238095238095,0.055680172643118094,True,4.4076,0.25
sz_main,1,t_board,open_limit,weak,33,6.310684848484848,4.848,2.6805,2.71886,8.3012,1.3104,34.8712,1.0,10245639503.818182,62217336.0,0.0149987688854079,35.03030303030303,11.969696969696969,0.008262288943651571,True,2.6805,0.25
sz_main,1,unknown,early_morning,neutral,4,22.2476,24.8748,15.557625000000002,17.43699,31.564774999999997,6.1608,33.08,0.0,99275502.0,82118535.5,0.0253419639140524,43.25,19.0,0.012931643173131974,False,15.557625000000002,0.25
sz_main,1,unknown,early_morning,strong,1,13.4897,13.4897,13.4897,13.4897,13.4897,13.4897,13.4897,0.0,149587174560.0,149587174560.0,17.663904705496464,79.0,31.0,0.0221586847748391,False,13.4897,0.25
sz_main,1,unknown,early_morning,very_strong,2,33.6466,33.6466,23.5239,25.54844,43.7693,13.4012,53.892,0.0,7633793581.0,7633793581.0,6.426715335635215,137.5,50.5,0.0351457572285762,False,23.5239,0.25
sz_main,1,unknown,midday,neutral,2,21.6027,21.6027,17.73855,18.51138,25.46685,13.8744,29.331,0.0,104494189.5,104494189.5,0.0230382419389699,53.5,24.0,0.016261110488889,False,17.73855,0.25
sz_main,1,unknown,midday,weak,2,21.26585,21.26585,16.289575,17.28483,26.242125,11.3133,31.2184,0.0,68648396.0,68648396.0,0.01304790219437635,33.0,13.0,0.008757380822295699,False,16.289575,0.25
sz_main,1,unknown,open_limit,neutral,5,30.436020000000003,23.4042,21.5237,21.899800000000003,43.5616,19.2456,44.445,0.0,72893929.6,82344152.0,0.0215890603070107,53.0,25.2,0.0170003744755442,False,21.5237,0.25
sz_main,1,unknown,open_limit,strong,5,30.57966,32.0362,24.1081,25.69372,37.7147,10.4122,48.6271,0.0,93059823.0,107729579.0,0.0193061745468262,85.4,40.6,0.02743301174819966,False,24.1081,0.25
sz_main,1,unknown,open_limit,very_strong,8,20.979375,18.99095,8.487475,9.410530000000001,32.900075,6.1518,41.4705,0.0,5208062134.0,74899742.0,0.0104952513656421,211.0,93.25,0.06277915680424537,False,8.487475,0.25
sz_main,1,unknown,open_limit,weak,2,34.1577,34.1577,22.675150000000002,24.97166,45.640249999999995,11.1926,57.1228,0.0,48439427.0,48439427.0,0.035858435521012096,31.0,11.5,0.007657667235443449,False,22.675150000000002,0.25
sz_main,2,multi_open,afternoon,neutral,16,23.20185625,16.884,13.03925,13.2365,31.315925,4.9055,64.4095,4.0625,1298968434.8125,26299032.0,0.0058986546410635995,48.6875,22.125,0.015017270622745963,False,13.03925,0.25
sz_main,2,multi_open,afternoon,strong,14,23.229499999999998,23.689999999999998,11.27845,11.75308,31.252225,2.0532,54.8685,4.571428571428571,23059819.07142857,12460879.0,0.0028041805074274003,71.14285714285714,34.92857142857143,0.023776694860564468,False,11.27845,0.25
sz_main,2,multi_open,afternoon,very_strong,16,16.52070625,16.4932,13.57675,14.66335,19.1924,5.977,32.043,4.0625,7931960726.3125,32357197.5,0.0041558889548368,186.375,75.6875,0.05245332454373936,False,13.57675,0.25
sz_main,2,multi_open,afternoon,weak,3,36.60353333333334,27.2375,16.25195,18.449060000000003,52.2721,5.2664,77.3067,3.0,26760255.666666668,25120539.0,0.0084865247029349,26.333333333333332,12.0,0.008044247155284767,False,16.25195,0.25
sz_main,2,multi_open,early_morning,neutral,388,17.15446907216495,14.92035,9.7011,10.80893,21.645400000000002,0.765,63.0972,5.88659793814433,2628288274.6546392,51333694.0,0.0088057564848453,51.38917525773196,22.835051546391753,0.015529792715643052,True,9.7011,0.25
sz_main,2,multi_open,early_morning,strong,299,15.338347157190638,13.0772,8.64985,9.409939999999999,20.0055,1.3048,63.2215,6.1003344481605355,2723643983.2441473,45407496.0,0.0074422754111835,76.57190635451505,36.05351170568562,0.024586049404200203,True,8.64985,0.25
sz_main,2,multi_open,early_morning,very_strong,211,15.057617535545022,13.7277,8.73615,10.0546,19.54515,1.1226,49.4752,5.843601895734597,2947353699.535545,43456012.0,0.0070408671019027,139.74881516587678,63.58293838862559,0.04342121431978076,True,8.73615,0.25
sz_main,2,multi_open,early_morning,weak,79,15.77133797468355,12.2999,8.327300000000001,8.81216,18.7414,2.5195,67.3356,6.8734177215189876,3711777099.848101,38118696.0,0.0070943395130724,31.367088607594937,11.60759493670886,0.007869994552783028,True,8.327300000000001,0.25
sz_main,2,multi_open,late,neutral,14,22.48383571428571,16.93655,12.94135,14.814259999999999,22.86725,10.2398,62.4505,2.9285714285714284,25217014.92857143,8293734.0,0.00358371998712435,50.92857142857143,23.285714285714285,0.015940079383399742,False,12.94135,0.25
sz_main,2,multi_open,late,strong,12,20.53733333333333,22.97735,10.963049999999999,11.844479999999999,27.2089,1.1335,41.6385,2.8333333333333335,33738778.416666664,13873258.5,0.0029044263750816496,79.83333333333333,36.916666666666664,0.025250439906140884,False,10.963049999999999,0.25
sz_main,2,multi_open,late,very_strong,11,15.54929090909091,11.7402,7.10435,7.2047,22.6383,6.0271,34.8851,3.3636363636363638,2554895173.6363635,11490740.0,0.0019483404855828,184.8181818181818,70.45454545454545,0.047901841703790395,False,7.10435,0.25
sz_main,2,multi_open,late,weak,3,43.41076666666667,40.0526,38.31095,38.659279999999995,46.8315,36.5693,53.6104,3.3333333333333335,7619828.666666667,4719380.0,0.0035412303640367,35.333333333333336,14.0,0.009522096325648833,False,38.31095,0.25
sz_main,2,multi_open,midday,neutral,182,20.587320879120877,17.653550000000003,11.9684,12.79056,25.062175,2.1073,63.8048,5.472527472527473,1554374918.2637362,27304727.5,0.0049503176721034,52.89010989010989,23.302197802197803,0.015852385430945082,True,11.9684,0.25
sz_main,2,multi_open,midday,strong,152,19.38562434210526,16.3494,8.98495,10.149079999999998,27.220200000000002,1.8616,71.528,4.822368421052632,283560817.3947368,26771029.5,0.00424063981621105,74.85526315789474,36.3421052631579,0.024664347898014728,True,8.98495,0.25
sz_main,2,multi_open,midday,very_strong,153,16.127163398692808,14.0008,7.8998,8.74272,21.4409,1.2978,48.2175,5.366013071895424,4213914892.496732,26475161.0,0.0035429877416182,188.13071895424838,76.52287581699346,0.05235351555608524,True,7.8998,0.25
sz_main,2,multi_open,midday,weak,44,18.45833181818182,16.0264,11.286325,12.82793,25.682525,6.0091,39.6615,5.113636363636363,597038355.0,31784147.0,0.0056751479652540505,30.227272727272727,11.454545454545455,0.007744977249282736,True,11.286325,0.25
sz_main,2,multi_open,open_limit,neutral,205,17.13136731707317,15.0476,9.6079,10.712679999999999,22.1101,1.9059,62.4245,5.229268292682927,1667748994.4682927,53063089.0,0.0106437823834196,52.0,22.75609756097561,0.015419257405144432,True,9.6079,0.25
sz_main,2,multi_open,open_limit,strong,141,16.257995035460993,14.9761,9.1379,10.2208,21.376,1.0353,42.7297,4.865248226950355,2478085881.9078016,60313881.0,0.0119771871489276,76.35460992907801,35.91489361702128,0.024408188312521863,True,9.1379,0.25
sz_main,2,multi_open,open_limit,very_strong,164,13.212530487804878,10.8226,6.750125,7.75315,17.414925,0.9773,58.7795,6.097560975609756,4078520040.8170733,46940780.5,0.00697079353193195,349.3658536585366,97.4939024390244,0.06623148395925613,True,6.750125,0.25
sz_main,2,multi_open,open_limit,weak,53,16.019067924528304,16.4752,8.2182,8.837959999999999,23.1393,2.5676,37.8293,4.735849056603773,2915102852.3396225,71346255.0,0.0114101816296583,31.9811320754717,11.528301886792454,0.007825978790274909,True,8.2182,0.25
sz_main,2,one_word,afternoon,neutral,38,20.860318421052636,18.89435,13.5718,13.883629999999998,28.759775,2.0282,50.1038,0.0,2983384687.4736843,54757107.0,0.012374132207855649,47.421052631578945,21.18421052631579,0.01438164065998528,True,13.5718,0.25
sz_main,2,one_word,afternoon,strong,32,17.528540625,15.14855,10.639299999999999,11.24805,23.5488,1.2798,55.4747,0.0,910133481.125,53326364.0,0.011384860270503,72.625,35.59375,0.02411385864603922,True,10.639299999999999,0.25
sz_main,2,one_word,afternoon,very_strong,22,15.398777272727274,14.548649999999999,8.2173,9.414119999999999,20.842325000000002,2.6245,41.5858,0.0,4515673092.681818,49348038.0,0.0115458127551493,147.04545454545453,68.31818181818181,0.04637393215716517,False,8.2173,0.25
sz_main,2,one_word,afternoon,weak,3,14.839666666666668,17.51,13.07225,13.959800000000001,17.94225,8.6345,18.3745,0.0,4393146992.666667,35592501.0,0.0171987092768787,32.666666666666664,12.333333333333334,0.008611779549056202,False,13.07225,0.25
sz_main,2,one_word,early_morning,neutral,251,9.139816334661354,7.3724,4.40335,4.6659,12.22605,1.0322,42.1492,0.0,2355765339.5418324,75519379.0,0.0179344744496738,52.05577689243028,23.171314741035857,0.015735088280117913,True,4.40335,0.25
sz_main,2,one_word,early_morning,strong,237,8.21241139240506,7.4481,4.6547,4.99922,10.5521,0.9147,28.4556,0.0,3430484328.8396626,77621247.0,0.0163899963363146,74.18143459915612,36.358649789029535,0.024670860226167022,True,4.6547,0.25
sz_main,2,one_word,early_morning,very_strong,156,7.015692307692307,6.32405,4.019425,4.4564,8.97045,0.8075,29.1122,0.0,1213997255.25,62432729.5,0.0153886392127415,124.99358974358974,60.955128205128204,0.04139703120815736,True,4.019425,0.25
sz_main,2,one_word,early_morning,weak,41,10.188514634146342,8.2324,5.9848,6.7612,11.7283,2.8605,30.8637,0.0,79307611.68292683,63260920.0,0.0160716633479762,32.02439024390244,11.707317073170731,0.007903447239678308,True,5.9848,0.25
sz_main,2,one_word,late,neutral,45,20.96929111111111,17.6019,10.6934,12.07668,30.2135,3.1566,66.0378,0.0,1085022003.7777777,51215762.0,0.0085080986341022,48.422222222222224,22.0,0.014967214372863675,True,10.6934,0.25
sz_main,2,one_word,late,strong,48,17.130635416666667,14.45165,9.9275,10.54368,22.078,2.167,52.7509,0.0,331286048.3333333,47354000.0,0.010159412789270801,76.29166666666667,36.875,0.024982768366635807,True,9.9275,0.25
sz_main,2,one_word,late,very_strong,32,17.487796875,14.5351,8.8962,9.93464,26.82,2.8616,46.5912,0.0,4608641331.34375,39831886.5,0.00612411498581945,156.53125,66.75,0.045522519384748994,True,8.8962,0.25
sz_main,2,one_word,late,weak,6,16.827266666666667,13.4338,9.4867,10.6329,20.7862,5.3897,37.2983,0.0,17272218266.666668,47776395.0,0.00919267449283485,28.5,10.5,0.007298740949561801,False,9.4867,0.25
sz_main,2,one_word,midday,neutral,187,15.901145989304812,13.3355,9.115950000000002,10.0277,19.088900000000002,1.788,58.8067,0.0,3109643448.1550803,59969887.0,0.011540764461102,52.54545454545455,22.871657754010695,0.015576551353754034,True,9.115950000000002,0.25
sz_main,2,one_word,midday,strong,204,14.301163725490197,12.99125,7.9353,9.09352,17.663600000000002,2.1918,49.848,0.0,4126044502.102941,63375472.0,0.012182641282302651,73.98529411764706,35.98039215686274,0.02446004231140976,True,7.9353,0.25
sz_main,2,one_word,midday,very_strong,144,13.439730555555556,11.7933,5.857749999999999,6.67094,18.01375,1.6834,44.7269,0.0,3194721865.2430553,52749020.5,0.011455834065659299,133.63194444444446,61.52777777777778,0.04185107387835667,True,5.857749999999999,0.25
sz_main,2,one_word,midday,weak,39,16.26539487179487,14.0076,11.12315,11.55904,19.773,4.3607,42.1132,0.0,843906027.5384616,58128418.0,0.0128313094528115,30.58974358974359,12.076923076923077,0.008141957506807993,True,11.12315,0.25
sz_main,2,one_word,open_limit,neutral,574,2.9571733449477353,2.0688,1.028875,1.25769,3.77115,0.0408,28.1412,0.0,7117127337.681185,128105184.0,0.03591981641424545,51.41114982578397,22.820557491289197,0.01550168033600904,True,1.028875,0.25
sz_main,2,one_word,open_limit,strong,486,2.6496670781893004,1.8896,0.891775,1.0728,3.717,0.0557,16.4356,0.0,10020458395.304527,146887207.5,0.03396055440466415,75.41769547325103,36.053497942386834,0.024523142976181772,True,0.891775,0.25
sz_main,2,one_word,open_limit,very_strong,358,2.440009217877095,1.56825,0.83865,0.93602,3.248775,0.0544,13.1021,0.0,11509351208.706703,122961770.5,0.031218874375540398,142.85474860335196,63.13687150837989,0.04308944589841497,True,0.83865,0.25
sz_main,2,one_word,open_limit,weak,147,3.2484380952380953,2.0032,0.67545,0.93512,4.5154,0.032,20.8153,0.0,4043652226.9183674,136438179.0,0.0571369391375779,30.91156462585034,11.421768707482993,0.007775821064927372,True,0.67545,0.25
sz_main,2,t_board,afternoon,neutral,11,19.260572727272727,15.9764,9.9725,10.6667,25.6706,6.8428,39.1068,1.0,41863818.90909091,37639538.0,0.0058811588338644,65.72727272727273,24.181818181818183,0.016446729314076036,False,9.9725,0.25
sz_main,2,t_board,afternoon,strong,3,26.8719,17.7433,17.6541,17.671940000000003,31.525399999999998,17.5649,45.3075,1.0,25212324.0,29617644.0,0.0119857057871692,78.33333333333333,35.0,0.023584479963977795,False,17.6541,0.25
sz_main,2,t_board,afternoon,very_strong,8,14.480749999999999,13.34015,7.787324999999999,8.57346,18.010825,2.9885,31.2446,1.0,4513452234.5,25570090.0,0.0051628201402939,108.0,52.5,0.036161718839199095,False,7.787324999999999,0.25
sz_main,2,t_board,afternoon,weak,1,14.7231,14.7231,14.7231,14.7231,14.7231,14.7231,14.7231,1.0,23237874.0,23237874.0,0.01447734375,30.0,9.0,0.0060483870967741,False,14.7231,0.25
sz_main,2,t_board,early_morning,neutral,132,12.916379545454545,10.42995,6.869125,7.3268,16.26705,1.3799,67.521,1.0,3411567605.8863635,72777309.0,0.0164081180297381,52.31060606060606,23.257575757575758,0.01578783303651305,True,6.869125,0.25
sz_main,2,t_board,early_morning,strong,114,11.415740350877192,10.1108,5.8817,6.2089,14.448125000000001,1.9071,46.3516,1.0,4247787559.4122806,64909344.5,0.014308128832433,73.23684210526316,35.94736842105263,0.02444094052736758,True,5.8817,0.25
sz_main,2,t_board,early_morning,very_strong,66,10.851354545454544,8.2076,6.1461749999999995,6.4352,12.378275,1.7545,41.5486,1.0,2005142901.7878788,62867246.0,0.01284796853771975,124.81818181818181,61.74242424242424,0.04209730182539712,True,6.1461749999999995,0.25
sz_main,2,t_board,early_morning,weak,28,14.413700000000002,10.4191,7.7015,8.441799999999999,17.230400000000003,4.9565,65.4653,1.0,4116716885.821429,41478222.5,0.01871797310887265,32.92857142857143,11.607142857142858,0.007877355645863565,False,7.7015,0.25
sz_main,2,t_board,late,neutral,5,11.72356,9.0839,6.1092,6.704140000000001,20.4211,2.5684,20.4352,1.0,17720861.4,10324524.0,0.0031118843774757,58.6,22.2,0.015337744742600298,False,6.1092,0.25
sz_main,2,t_board,late,strong,10,19.50055,20.387,15.6537,18.064439999999998,25.384974999999997,5.1284,28.5591,1.0,1099723111.2,66284539.0,0.006414433987758299,69.4,33.9,0.0232146142333086,False,15.6537,0.25
sz_main,2,t_board,late,very_strong,12,17.14753333333333,18.6384,9.906675,10.17943,21.840625,7.6818,29.2886,1.0,10299440509.333334,54425605.5,0.003956790468290301,160.75,70.75,0.04874760154972633,False,9.906675,0.25
sz_main,2,t_board,late,weak,2,20.5519,20.5519,17.0568,17.75582,24.047,13.5617,27.5421,1.0,38160216.5,38160216.5,0.00974003161812275,37.0,12.5,0.0086865206072686,False,17.0568,0.25
sz_main,2,t_board,midday,neutral,61,16.824055737704917,13.1499,8.905,9.4718,23.7826,0.9081,49.8774,1.0,3616088313.5409837,47249048.0,0.0094518276844349,51.557377049180324,22.80327868852459,0.015482535061624038,True,8.905,0.25
sz_main,2,t_board,midday,strong,51,16.84093725490196,13.4288,7.4739,8.7239,22.20555,1.1954,60.7917,1.0,1768166275.4313726,36584287.0,0.0081189046649708,74.80392156862744,35.64705882352941,0.02424893074695226,True,7.4739,0.25
sz_main,2,t_board,midday,very_strong,43,10.637611627906978,10.3212,6.3926,7.34592,13.9772,1.8022,25.9245,1.0,6140138558.581395,37978650.0,0.0068535629158511,157.74418604651163,71.4186046511628,0.04854711930055916,True,6.3926,0.25
sz_main,2,t_board,midday,weak,10,21.87386,16.14735,11.187175,13.504089999999998,29.32835,9.2293,49.3402,1.0,881972594.2,53146434.5,0.01414485882126245,26.9,10.8,0.00727901662538743,False,11.187175,0.25
sz_main,2,t_board,open_limit,neutral,105,10.069508571428571,7.5604,4.996,5.33958,12.5842,1.0631,49.8273,1.0,2457648257.0190477,72959354.0,0.0193641994667258,50.94285714285714,23.057142857142857,0.015614474125049814,True,4.996,0.25
sz_main,2,t_board,open_limit,strong,105,8.760559047619049,7.2272,5.0151,5.3819,11.2133,0.9715,38.0161,1.0,3624472814.7904763,90447084.0,0.0185795772357723,73.91428571428571,35.84761904761905,0.02439335475366676,True,5.0151,0.25
sz_main,2,t_board,open_limit,very_strong,67,9.28506119402985,7.7248,4.80025,5.40852,11.79535,0.9495,28.4619,1.0,4809127647.119403,54683090.0,0.0160367452761061,224.2089552238806,77.41791044776119,0.05263475027455937,True,4.80025,0.25
sz_main,2,t_board,open_limit,weak,23,9.531604347826088,6.6151,5.7637,5.82562,10.4031,2.3745,29.9595,1.0,5803371552.913043,77286502.0,0.0284681288806642,30.043478260869566,10.956521739130435,0.007488646344682583,False,5.7637,0.25
sz_main,2,unknown,midday,neutral,1,34.7395,34.7395,34.7395,34.7395,34.7395,34.7395,34.7395,0.0,118605923.0,118605923.0,0.0095366200906038,55.0,26.0,0.0174966352624495,False,34.7395,0.25
sz_main,2,unknown,open_limit,neutral,1,14.4496,14.4496,14.4496,14.4496,14.4496,14.4496,14.4496,0.0,117098056.0,117098056.0,0.0079500160233603,53.0,20.0,0.013550135501355,False,14.4496,0.25
sz_main,3,multi_open,afternoon,neutral,8,33.980225000000004,31.63505,21.230825,22.55983,40.46525,19.0375,62.9747,6.25,20226586.375,9000139.5,0.00250762172563525,46.75,21.75,0.014674985258340451,False,21.230825,0.25
sz_main,3,multi_open,afternoon,strong,3,27.114833333333333,14.9315,14.7898,14.81814,33.3482,14.6481,51.7649,4.0,11760733537.666666,100179440.0,0.0149295546558704,64.66666666666667,40.0,0.02739254335126363,False,14.7898,0.25
sz_main,3,multi_open,afternoon,very_strong,2,22.7984,22.7984,19.0096,19.76736,26.587200000000003,15.2208,30.376,5.5,20402600077.0,20402600077.0,1.7363634140168467,163.5,65.5,0.0461193081883916,False,19.0096,0.25
sz_main,3,multi_open,afternoon,weak,1,73.974,73.974,73.974,73.974,73.974,73.974,73.974,4.0,41914019.0,41914019.0,0.0194545582820733,27.0,13.0,0.0086551264980026,False,73.974,0.25
sz_main,3,multi_open,early_morning,neutral,132,20.571720454545456,18.9318,13.5162,14.92127,24.93165,2.3928,55.0501,5.75,3169016478.5,53824498.5,0.011310481154885199,49.77272727272727,22.348484848484848,0.015171684354078048,True,13.5162,0.25
sz_main,3,multi_open,early_morning,strong,99,18.913951515151513,17.5924,12.12025,12.99148,23.6127,1.587,51.1622,6.171717171717172,3792017081.1616163,44469629.0,0.0085847079603356,75.58585858585859,35.81818181818182,0.024386591137845397,True,12.12025,0.25
sz_main,3,multi_open,early_morning,very_strong,80,20.18391125,19.87765,11.619,13.41337,26.09995,1.7982,55.3769,5.375,6901447288.9375,41971483.0,0.00932619535804605,137.2,61.4375,0.04188140400279836,True,11.619,0.25
sz_main,3,multi_open,early_morning,weak,23,28.04802173913044,25.5975,16.489150000000002,18.49922,34.83645,8.1692,64.5159,5.869565217391305,5458945014.26087,40782774.0,0.0187001896780235,32.73913043478261,11.26086956521739,0.007675793430570108,False,16.489150000000002,0.25
sz_main,3,multi_open,late,neutral,4,53.19082499999999,47.155249999999995,45.30135,45.46614,55.044725,44.4774,73.9754,3.5,20042298.5,7598915.0,0.006489180517224,47.25,22.5,0.015403123512419176,False,45.30135,0.25
sz_main,3,multi_open,late,strong,7,37.4869,39.1461,27.131050000000002,27.492639999999998,47.692949999999996,11.0711,62.5431,4.571428571428571,27376764.14285714,10133407.0,0.00457845381595,72.57142857142857,36.142857142857146,0.02454573316768423,False,27.131050000000002,0.25
sz_main,3,multi_open,late,very_strong,3,10.091733333333332,11.2662,6.903499999999999,7.776039999999999,13.8672,2.5408,16.4682,2.3333333333333335,35303529.0,11281920.0,0.0007361583239727,302.6666666666667,106.0,0.0721380107310972,False,6.903499999999999,0.25
sz_main,3,multi_open,late,weak,2,32.8816,32.8816,29.72805,30.35876,36.03515,26.5745,39.1887,2.0,12899364.0,12899364.0,0.0040561390757073,33.0,10.0,0.00697599975755415,False,29.72805,0.25
sz_main,3,multi_open,midday,neutral,48,22.226922916666666,19.615450000000003,13.276525,14.50572,30.60825,6.3663,54.0025,5.0,789520700.1875,45797790.5,0.0057798315027012,47.416666666666664,21.541666666666668,0.01460665645975616,True,13.276525,0.25
sz_main,3,multi_open,midday,strong,48,23.403339583333334,21.4649,12.233225,14.505119999999998,30.503925,3.8519,67.9978,6.75,2721585631.125,32126409.0,0.00476654658749475,78.22916666666667,36.166666666666664,0.024710993437269707,True,12.233225,0.25
sz_main,3,multi_open,midday,very_strong,44,19.01825,17.369950000000003,8.688875,13.732320000000001,27.467975,2.5,44.7777,6.045454545454546,2431039931.909091,46741787.0,0.0064233982718265,134.72727272727272,62.22727272727273,0.04271323194191558,True,8.688875,0.25
sz_main,3,multi_open,midday,weak,8,27.2515,17.433,15.795375,17.042659999999998,40.841075000000004,9.8171,56.0131,6.125,26401813.375,20593126.5,0.0059555185638555,30.5,12.0,0.008121243106843774,False,15.795375,0.25
sz_main,3,multi_open,open_limit,neutral,113,20.964620353982298,19.3818,12.2238,14.16962,28.0151,2.4556,56.6836,6.20353982300885,2486585798.6106195,57331575.0,0.0110137133690388,49.469026548672566,22.13274336283186,0.015053280659875446,True,12.2238,0.25
sz_main,3,multi_open,open_limit,strong,103,18.30653009708738,17.3473,10.4694,13.108419999999999,25.3552,3.5899,51.5177,5.902912621359223,2615999246.5728154,71061703.0,0.0124204129579064,70.87378640776699,35.10679611650485,0.023861681189748445,True,10.4694,0.25
sz_main,3,multi_open,open_limit,very_strong,87,16.656001149425286,14.1484,8.14675,9.165939999999999,21.1931,0.9692,62.4808,6.448275862068965,971940104.6206896,54770369.0,0.0088066947730278,249.632183908046,89.25287356321839,0.06050409836079561,True,8.14675,0.25
sz_main,3,multi_open,open_limit,weak,16,22.76276875,19.10685,9.235524999999999,11.364799999999999,26.436675,7.5516,79.725,6.5,623514737.3125,63665256.5,0.0128773090943201,35.8125,12.5625,0.008569246300899957,False,9.235524999999999,0.25
sz_main,3,one_word,afternoon,neutral,5,25.684559999999998,32.0131,17.435,20.35062,32.8074,10.3569,35.8104,0.0,74182263.4,62279819.0,0.0128085334847574,49.4,22.0,0.014788122557775918,False,17.435,0.25
sz_main,3,one_word,afternoon,strong,5,18.41314,17.0084,10.5021,11.80336,21.3689,9.5068,33.6795,0.0,6310367269.4,88205761.0,0.0156039220459199,83.6,37.0,0.025158977276515598,False,10.5021,0.25
sz_main,3,one_word,afternoon,very_strong,7,30.0764,26.3979,20.2282,20.456680000000002,36.34595,16.1401,54.8485,0.0,45437146.28571428,42647976.0,0.0163757424905037,105.71428571428571,56.857142857142854,0.038498611886864154,False,20.2282,0.25
sz_main,3,one_word,afternoon,weak,1,27.3068,27.3068,27.3068,27.3068,27.3068,27.3068,27.3068,0.0,44516556.0,44516556.0,0.0077369858370405,46.0,14.0,0.0093023255813953,False,27.3068,0.25
sz_main,3,one_word,early_morning,neutral,52,11.062349999999999,10.38165,6.642399999999999,6.86838,14.430175,1.7083,41.4848,0.0,7997871516.076923,83443258.0,0.0188428332466193,50.92307692307692,23.01923076923077,0.015664516559939917,True,6.642399999999999,0.25
sz_main,3,one_word,early_morning,strong,51,10.135866666666665,9.133,5.816050000000001,6.1222,12.061399999999999,2.1508,30.3545,0.0,5580904640.313725,83757478.0,0.0182522997067711,72.86274509803921,35.92156862745098,0.02445092995311912,True,5.816050000000001,0.25
sz_main,3,one_word,early_morning,very_strong,37,8.837294594594594,7.8171,3.9545,4.640619999999999,12.1806,1.5064,30.2869,0.0,6796942641.0,74108526.0,0.0201096280502018,133.1081081081081,63.78378378378378,0.043512377058379584,True,3.9545,0.25
sz_main,3,one_word,early_morning,weak,6,12.021016666666668,11.043050000000001,8.730025,9.30655,12.78765,6.7536,21.9582,0.0,113405966.33333333,113063671.0,0.02113260933024575,30.166666666666668,10.5,0.007101114670108433,False,8.730025,0.25
sz_main,3,one_word,late,neutral,11,27.404981818181817,25.3375,21.3654,21.9311,33.6952,16.5722,42.5556,0.0,2619614461.909091,75800189.0,0.012129381326539,53.27272727272727,20.727272727272727,0.014279554747842664,False,21.3654,0.25
sz_main,3,one_word,late,strong,12,17.338716666666663,17.21485,10.7602,12.16753,19.294975,5.6289,41.8022,0.0,127967067.33333333,60204518.0,0.0112844150881398,82.08333333333333,35.666666666666664,0.024254567738686113,False,10.7602,0.25
sz_main,3,one_word,late,very_strong,6,27.33628333333333,26.013849999999998,22.41525,22.777900000000002,32.025425,2.108,54.637,0.0,52641031.0,56025290.0,0.01060367956555025,99.5,48.0,0.032807264767961135,False,22.41525,0.25
sz_main,3,one_word,midday,neutral,28,24.882764285714284,20.32265,14.10915,14.64669,28.884700000000002,6.3365,56.9879,0.0,1399763916.0714285,91250860.5,0.014140808611913799,49.607142857142854,23.178571428571427,0.015646854809224807,False,14.10915,0.25
sz_main,3,one_word,midday,strong,37,18.06813243243243,14.859,10.0751,11.034199999999998,20.8584,3.7769,61.1496,0.0,1269712404.0270271,62392123.0,0.0103803598885622,81.0,37.4054054054054,0.025482158814970256,True,10.0751,0.25
sz_main,3,one_word,midday,very_strong,22,14.964350000000001,15.574349999999999,8.3565,8.912609999999999,21.321925,1.0094,28.038,0.0,6910588729.318182,72819420.0,0.0127910961852307,151.45454545454547,74.0909090909091,0.050082251406866576,False,8.3565,0.25
sz_main,3,one_word,midday,weak,6,24.88985,28.871299999999998,14.571825,19.073349999999998,31.708075,2.6632,46.4743,0.0,48924419.833333336,39201214.5,0.01654360749449775,33.0,11.5,0.0078084517331411,False,14.571825,0.25
sz_main,3,one_word,open_limit,neutral,298,2.630944295302014,1.4687999999999999,0.7499750000000001,0.9138,3.04835,0.0649,24.3581,0.0,10384081964.365772,197009837.5,0.0522540799483177,51.20805369127517,22.355704697986578,0.015202350498475584,True,0.7499750000000001,0.25
sz_main,3,one_word,open_limit,strong,259,2.4736220077220077,1.321,0.7714000000000001,0.8233199999999999,2.86775,0.0654,15.5608,0.0,9463428035.513514,206597278.0,0.0499484211760686,74.84169884169884,35.84942084942085,0.02435926574804521,True,0.7714000000000001,0.25
sz_main,3,one_word,open_limit,very_strong,197,2.0200553299492383,1.1471,0.6478,0.79202,2.2411,0.0541,15.7112,0.0,17703351264.07614,199598230.0,0.0438421283747995,139.32994923857868,62.64467005076142,0.04277817899212263,True,0.6478,0.25
sz_main,3,one_word,open_limit,weak,56,3.4739142857142857,1.53165,0.294025,0.3781,3.545525,0.0829,34.1445,0.0,9533125388.25,133641971.5,0.0591288648943786,30.410714285714285,11.214285714285714,0.007667785932277377,True,0.294025,0.25
sz_main,3,t_board,afternoon,neutral,3,29.78873333333333,26.8872,22.8731,23.67592,35.2536,18.859,43.62,1.0,45426300.0,34115985.0,0.0104550733088558,34.0,19.666666666666668,0.013111592001923534,False,22.8731,0.25
sz_main,3,t_board,afternoon,strong,4,24.168475,24.881,20.3397,22.37598,28.709775,10.1583,36.7536,1.0,80372202.5,44179421.5,0.011462728040055499,94.25,41.25,0.02800614569881275,False,20.3397,0.25
sz_main,3,t_board,afternoon,very_strong,1,11.6635,11.6635,11.6635,11.6635,11.6635,11.6635,11.6635,1.0,59129252.0,59129252.0,0.0069683574555627,101.0,51.0,0.0344594594594594,False,11.6635,0.25
sz_main,3,t_board,afternoon,weak,1,73.6902,73.6902,73.6902,73.6902,73.6902,73.6902,73.6902,1.0,16227845.0,16227845.0,0.0174392519086977,18.0,6.0,0.0040026684456304,False,73.6902,0.25
sz_main,3,t_board,early_morning,neutral,40,15.469040000000001,14.610949999999999,9.28785,10.05473,19.394925,1.826,43.615,1.0,113769235.0,86443262.5,0.0165025053617875,49.225,23.1,0.015566437155153665,True,9.28785,0.25
sz_main,3,t_board,early_morning,strong,39,12.79435641025641,11.9729,7.85045,8.60736,15.928049999999999,3.2231,32.5219,1.0,3319627334.717949,65843759.0,0.0125529553453082,71.15384615384616,35.12820512820513,0.023894277687661794,True,7.85045,0.25
sz_main,3,t_board,early_morning,very_strong,28,12.472160714285712,11.730450000000001,6.6346,7.31659,15.98705,1.2841,35.3748,1.0,7771758631.107142,66057928.0,0.0156220732513296,150.82142857142858,70.60714285714286,0.048076530713168183,False,6.6346,0.25
sz_main,3,t_board,early_morning,weak,9,23.339144444444443,23.9375,12.1913,16.75286,25.2649,6.1405,45.5377,1.0,4637118507.777778,80584083.0,0.0257078090306377,26.77777777777778,10.777777777777779,0.007290579401547577,False,12.1913,0.25
sz_main,3,t_board,late,neutral,5,42.94328,41.5266,34.483,35.89172,55.2573,26.6341,56.8154,1.0,27557712.0,11456572.0,0.0080521788311154,41.4,25.2,0.016913625231222962,False,34.483,0.25
sz_main,3,t_board,late,strong,2,14.569400000000002,14.569400000000002,12.2202,12.69004,16.9186,9.871,19.2678,1.0,220835019.0,220835019.0,0.0166739965962139,77.0,35.5,0.0241158934536846,False,12.2202,0.25
sz_main,3,t_board,midday,neutral,9,22.177966666666663,26.8528,14.8448,15.49916,28.9524,8.4641,35.7872,1.0,72935121.8888889,63120099.0,0.0134572958051889,48.44444444444444,21.555555555555557,0.014659730180571876,False,14.8448,0.25
sz_main,3,t_board,midday,strong,15,20.40281333333333,16.6462,11.024149999999999,11.48664,30.9394,6.7414,34.643,1.0,77651029.73333333,46079793.0,0.009738182671119,74.4,37.06666666666667,0.02504949884068052,False,11.024149999999999,0.25
sz_main,3,t_board,midday,very_strong,6,18.492383333333333,15.8045,13.55575,13.9052,20.535825000000003,4.5864,39.8398,1.0,5125501710.0,37711172.5,0.019953375221240098,154.5,66.83333333333333,0.04614744986056443,False,13.55575,0.25
sz_main,3,t_board,midday,weak,4,21.69805,20.18175,13.354675,14.51683,28.525125,7.5439,38.8848,1.0,6544047185.25,112351248.5,0.02506577099806195,30.0,8.75,0.006025296458886475,False,13.354675,0.25
sz_main,3,t_board,open_limit,neutral,55,11.03960909090909,8.9323,6.7154,6.97762,15.144950000000001,2.2309,29.6149,1.0,3064538082.890909,122507825.0,0.0230790965552154,48.45454545454545,22.618181818181817,0.015366623516280991,True,6.7154,0.25
sz_main,3,t_board,open_limit,strong,31,12.205477419354839,10.4546,5.4724,6.1027,16.28295,2.5461,31.5268,1.0,83828347.93548387,72746202.0,0.0199738454114272,72.74193548387096,36.096774193548384,0.02445636359778218,True,5.4724,0.25
sz_main,3,t_board,open_limit,very_strong,32,10.951762500000001,9.5903,6.400775,7.37021,13.145775,2.0669,37.2805,1.0,6367340247.28125,63390687.0,0.0205542376211845,139.625,60.90625,0.04164038601588112,True,6.400775,0.25
sz_main,3,t_board,open_limit,weak,13,11.120907692307693,10.7322,6.221,7.429759999999999,14.2829,3.9866,21.5855,1.0,84427575.53846154,57870625.0,0.0179000369929619,32.38461538461539,11.461538461538462,0.0077451662270076925,False,6.221,0.25
sz_main,3,unknown,early_morning,strong,4,24.644849999999998,23.74475,14.170925,14.80127,34.218675000000005,11.0192,40.0707,0.0,71513917.5,66105398.0,0.02336397313382825,68.25,37.75,0.025539524161925228,False,14.170925,0.25
sz_main,3,unknown,midday,neutral,1,69.9562,69.9562,69.9562,69.9562,69.9562,69.9562,69.9562,0.0,60331947.0,60331947.0,0.0352612197545295,45.0,23.0,0.0155091031692515,False,69.9562,0.25
sz_main,3,unknown,midday,strong,1,34.0439,34.0439,34.0439,34.0439,34.0439,34.0439,34.0439,0.0,66164023.0,66164023.0,0.0169911163338645,75.0,38.0,0.0253671562082777,False,34.0439,0.25
sz_main,3,unknown,midday,weak,1,41.6661,41.6661,41.6661,41.6661,41.6661,41.6661,41.6661,0.0,42759208.0,42759208.0,0.0251598778629823,31.0,13.0,0.008649367930805,False,41.6661,0.25
sz_main,4,multi_open,afternoon,neutral,2,28.9793,28.9793,20.577199999999998,22.25762,37.3814,12.1751,45.7835,5.5,17862743.0,17862743.0,0.0033053091466035,38.5,19.5,0.01314662984693455,False,20.577199999999998,0.25
sz_main,4,multi_open,afternoon,strong,3,41.6785,43.5128,31.587,33.97216,52.68715,19.6612,61.8615,6.333333333333333,6058843.666666667,6527395.0,0.0053930308007316,73.0,34.333333333333336,0.023323612648083566,False,31.587,0.25
sz_main,4,multi_open,afternoon,very_strong,1,47.7428,47.7428,47.7428,47.7428,47.7428,47.7428,47.7428,3.0,73966548.0,73966548.0,0.0097482019348326,131.0,64.0,0.043360433604336,False,47.7428,0.25
sz_main,4,multi_open,early_morning,neutral,68,22.029661764705878,18.0908,13.238475000000001,13.69254,31.265324999999997,5.5511,58.7691,5.147058823529412,1888883351.1617646,62539143.5,0.0159281138408498,53.10294117647059,22.720588235294116,0.015444224103982232,True,13.238475000000001,0.25
sz_main,4,multi_open,early_morning,strong,58,24.29773793103448,22.855600000000003,17.416725,18.41023,29.786350000000002,3.5508,66.0643,6.310344827586207,5241452489.103448,68004558.0,0.00994107311889035,73.39655172413794,35.62068965517241,0.024233723114286208,True,17.416725,0.25
sz_main,4,multi_open,early_morning,very_strong,35,20.325534285714287,21.3529,11.629249999999999,12.614239999999999,26.8054,3.5322,44.8442,5.914285714285715,4879190940.457143,45505450.0,0.0083277720192783,135.4,62.25714285714286,0.042366743562069716,True,11.629249999999999,0.25
sz_main,4,multi_open,early_morning,weak,8,16.893362500000002,14.805700000000002,11.350950000000001,12.066230000000001,22.02565,6.5353,30.6626,9.125,20830964921.375,63858414.5,0.0082718727313116,27.5,10.75,0.007359249348643874,False,11.350950000000001,0.25
sz_main,4,multi_open,late,neutral,3,31.580133333333333,27.1927,25.7346,26.02622,35.23195,24.2765,43.2712,2.3333333333333335,38210134.666666664,11880790.0,0.0031824637020681,56.666666666666664,26.333333333333332,0.017906696526782867,False,25.7346,0.25
sz_main,4,multi_open,late,strong,2,19.875700000000002,19.875700000000002,16.3226,17.03322,23.4288,12.7695,26.9819,6.5,44035766.5,44035766.5,0.005416620379655301,62.5,37.0,0.025482093663911798,False,16.3226,0.25
sz_main,4,multi_open,late,very_strong,1,17.5733,17.5733,17.5733,17.5733,17.5733,17.5733,17.5733,11.0,24465471.0,24465471.0,0.0025869826545376,74.0,45.0,0.0303643724696356,False,17.5733,0.25
sz_main,4,multi_open,late,weak,1,30.4393,30.4393,30.4393,30.4393,30.4393,30.4393,30.4393,2.0,10178839.0,10178839.0,0.00431489776897,27.0,8.0,0.0053691275167785,False,30.4393,0.25
sz_main,4,multi_open,midday,neutral,17,28.283094117647057,31.9321,16.8608,19.24896,39.0286,9.267,48.6246,6.0,3074363563.470588,38814258.0,0.0069299211258417,53.76470588235294,24.470588235294116,0.016681044139628905,False,16.8608,0.25
sz_main,4,multi_open,midday,strong,20,25.161015,20.0497,17.538975,18.09732,32.96985,7.3741,49.5717,5.95,7652612978.45,42605235.0,0.0077548639514374,77.25,37.65,0.025668454021634778,False,17.538975,0.25
sz_main,4,multi_open,midday,very_strong,11,32.990218181818186,33.117,20.4878,23.7316,46.57995,14.0545,57.1665,6.818181818181818,36044491.09090909,35070503.0,0.0028842220725982,126.18181818181819,60.09090909090909,0.040761493991256684,False,20.4878,0.25
sz_main,4,multi_open,midday,weak,10,24.565849999999998,25.28305,19.500075,21.91743,28.204900000000002,10.4638,39.8154,5.8,48945761.2,32097923.5,0.0059007573118207,29.6,12.3,0.008254582758691708,False,19.500075,0.25
sz_main,4,multi_open,open_limit,neutral,50,23.130881999999996,22.951,12.71585,15.36132,30.39665,7.4422,50.3637,6.28,860126975.36,50774290.5,0.0123729343677726,50.54,22.74,0.01541440974415099,True,12.71585,0.25
sz_main,4,multi_open,open_limit,strong,64,22.77428125,21.66545,15.829600000000001,16.70209,28.176625,5.529,66.7541,7.109375,11534187354.0625,65931100.0,0.0131608672171507,71.484375,36.421875,0.02472421179018697,True,15.829600000000001,0.25
sz_main,4,multi_open,open_limit,very_strong,40,19.824450000000002,20.139249999999997,11.02955,12.41148,26.65355,3.7864,42.0709,5.925,3465945058.15,79284316.0,0.01180791861406865,195.95,74.65,0.05062704403988053,True,11.02955,0.25
sz_main,4,multi_open,open_limit,weak,17,23.032958823529412,20.9631,16.3793,17.040979999999998,27.3739,8.7586,49.2415,8.235294117647058,4411180993.176471,52486685.0,0.0129921993374296,27.41176470588235,11.294117647058824,0.007717041601787746,False,16.3793,0.25
sz_main,4,one_word,afternoon,neutral,2,37.98015,37.98015,32.626375,33.69713,43.333925,27.2726,48.6877,0.0,62424238.0,62424238.0,0.0267109686496267,54.5,25.0,0.0173440275946184,False,32.626375,0.25
sz_main,4,one_word,afternoon,strong,4,25.218625,26.469450000000002,23.430025,25.25257,28.258049999999997,14.3173,33.6183,0.0,73465903.75,75959313.5,0.01402084680877355,82.25,39.25,0.026554780465893803,False,23.430025,0.25
sz_main,4,one_word,afternoon,very_strong,5,20.73458,24.1879,17.9061,19.16246,25.2913,10.5734,25.7142,0.0,11066010994.6,35280183.0,0.0106956630789407,126.8,53.2,0.03642006875282834,False,17.9061,0.25
sz_main,4,one_word,afternoon,weak,1,14.7816,14.7816,14.7816,14.7816,14.7816,14.7816,14.7816,0.0,10376583120.0,10376583120.0,1.8358644704668896,26.0,8.0,0.0057183702644746,False,14.7816,0.25
sz_main,4,one_word,early_morning,neutral,24,15.228120833333334,14.4276,5.010575,6.0259,24.319225,2.1564,34.6889,0.0,110172796.66666667,102560500.5,0.027672108065742253,48.0,23.125,0.015619406494972296,False,5.010575,0.25
sz_main,4,one_word,early_morning,strong,31,12.076829032258066,10.2094,7.283,7.6372,15.79015,2.5242,34.1208,0.0,16904543699.483871,132354156.0,0.0237157768493283,73.70967741935483,35.74193548387097,0.02433969987328348,True,7.283,0.25
sz_main,4,one_word,early_morning,very_strong,15,7.522679999999999,5.3067,4.66315,4.894760000000001,11.1344,2.1037,13.8673,0.0,7359522982.333333,91282743.0,0.0184947154163495,115.2,58.4,0.04001007139056907,False,4.66315,0.25
sz_main,4,one_word,early_morning,weak,3,8.632866666666667,8.7029,7.256399999999999,7.5457,10.04435,5.8099,11.3858,0.0,61196728.333333336,52572523.0,0.0121887301842288,36.666666666666664,13.666666666666666,0.009141539194252767,False,7.256399999999999,0.25
sz_main,4,one_word,late,neutral,4,25.247775,26.14105,21.817875,22.53183,29.57095,18.2481,30.4609,0.0,91424331.75,63509165.5,0.0154933264919669,49.0,22.25,0.014865342454728977,False,21.817875,0.25
sz_main,4,one_word,late,strong,1,18.3692,18.3692,18.3692,18.3692,18.3692,18.3692,18.3692,0.0,73652163.0,73652163.0,0.0223707487171476,58.0,36.0,0.0242261103633916,False,18.3692,0.25
sz_main,4,one_word,midday,neutral,11,21.18529090909091,17.0645,13.52445,14.4947,28.72045,4.9252,41.0151,0.0,6947949738.363636,79913192.0,0.0160777530289391,52.72727272727273,23.09090909090909,0.015814461170606718,False,13.52445,0.25
sz_main,4,one_word,midday,strong,15,21.339546666666664,24.4274,13.1877,16.13938,27.40725,5.0634,35.8004,0.0,3603858523.6666665,73290450.0,0.0121050766518688,68.86666666666666,36.333333333333336,0.024605901004263804,False,13.1877,0.25
sz_main,4,one_word,midday,very_strong,8,22.6794125,21.813499999999998,13.446175,14.61452,32.808975,8.537,36.7891,0.0,12131453214.625,63782454.0,0.027543749740077998,127.25,59.375,0.04057655260250752,False,13.446175,0.25
sz_main,4,one_word,midday,weak,3,56.9408,56.0724,54.41275,54.74468,59.03465,52.7531,61.9969,0.0,54367797.333333336,58517244.0,0.0544696188769203,32.666666666666664,12.666666666666666,0.008499107953470534,False,54.41275,0.25
sz_main,4,one_word,open_limit,neutral,150,2.3551333333333333,1.2441,0.5876,0.7092199999999999,2.666375,0.0647,27.3283,0.0,10235304276.566668,236779173.5,0.058146303760359105,50.266666666666666,22.42,0.015267836283323953,True,0.5876,0.25
sz_main,4,one_word,open_limit,strong,142,2.4149267605633797,1.24635,0.584225,0.6524499999999999,2.527125,0.1002,15.0173,0.0,14824792303.84507,218253842.5,0.0562633571853412,77.34507042253522,36.32394366197183,0.02480043408349629,True,0.584225,0.25
sz_main,4,one_word,open_limit,very_strong,117,2.028520512820513,1.0208,0.5978,0.65338,2.1022,0.0397,16.6459,0.0,18345124542.62393,294236300.0,0.055585041582111,138.52991452991452,63.23931623931624,0.04311190633274368,True,0.5978,0.25
sz_main,4,one_word,open_limit,weak,38,1.9142105263157898,0.8047,0.4189,0.6188600000000001,1.844525,0.104,17.3159,0.0,11291338647.973684,198332191.0,0.0919582804567309,32.21052631578947,11.31578947368421,0.007767230500439131,True,0.4189,0.25
sz_main,4,t_board,afternoon,neutral,2,13.7291,13.7291,13.256150000000002,13.35074,14.20205,12.7832,14.675,1.0,46390578.5,46390578.5,0.00453296899891345,43.0,20.5,0.0138330633939366,False,13.256150000000002,0.25
sz_main,4,t_board,afternoon,weak,1,21.2181,21.2181,21.2181,21.2181,21.2181,21.2181,21.2181,1.0,73560210.0,73560210.0,0.021005049161656,32.0,13.0,0.0087897227856659,False,21.2181,0.25
sz_main,4,t_board,early_morning,neutral,19,19.002052631578948,17.1608,13.4329,15.20384,22.8791,6.9606,41.5084,1.0,119620586.31578948,63773342.0,0.0215280895080388,45.8421052631579,22.157894736842106,0.01494762632189944,False,13.4329,0.25
sz_main,4,t_board,early_morning,strong,11,18.335363636363635,13.7368,9.96535,11.7268,22.0308,3.3084,44.4844,1.0,105766730.9090909,75830065.0,0.0194275981459408,74.72727272727273,36.45454545454545,0.024853541062200193,False,9.96535,0.25
sz_main,4,t_board,early_morning,very_strong,14,11.921285714285714,10.80295,7.01485,8.6808,13.421325,1.9336,27.6946,1.0,3995394764.285714,107903436.5,0.0197636808036971,121.07142857142857,61.714285714285715,0.04200541426263491,False,7.01485,0.25
sz_main,4,t_board,early_morning,weak,3,19.379033333333336,13.9784,7.9916,9.18896,28.06615,2.0048,42.1539,1.0,67251241.66666667,77260425.0,0.0213173421409791,26.666666666666668,12.333333333333334,0.008207439136308633,False,7.9916,0.25
sz_main,4,t_board,late,neutral,2,8.9001,8.9001,6.85475,7.26382,10.945450000000001,4.8094,12.9908,1.0,66059897.5,66059897.5,0.0019046810145564,52.5,19.0,0.012916987999126751,False,6.85475,0.25
sz_main,4,t_board,late,weak,1,48.3852,48.3852,48.3852,48.3852,48.3852,48.3852,48.3852,1.0,67549982.0,67549982.0,0.038639701236675,17.0,9.0,0.0059880239520958,False,48.3852,0.25
sz_main,4,t_board,midday,neutral,4,26.14705,27.50125,19.410249999999998,20.31028,34.23805,14.9101,34.6756,1.0,32034307.0,33258352.5,0.0180358322432498,53.75,25.0,0.017281296189536475,False,19.410249999999998,0.25
sz_main,4,t_board,midday,strong,3,10.572033333333332,10.6468,10.01425,10.14076,11.167200000000001,9.3817,11.6876,1.0,55524073.0,38553923.0,0.0041064379431138,88.33333333333333,38.666666666666664,0.026000099971417705,False,10.01425,0.25
sz_main,4,t_board,midday,very_strong,4,21.9007,18.88625,15.017425,15.056949999999999,25.769525,14.8198,35.0105,1.0,82299120.0,71741274.0,0.021437007201047048,130.0,61.5,0.04228573820230088,False,15.017425,0.25
sz_main,4,t_board,midday,weak,1,22.9648,22.9648,22.9648,22.9648,22.9648,22.9648,22.9648,1.0,33523146.0,33523146.0,0.0059548326018928,39.0,14.0,0.0094086021505376,False,22.9648,0.25
sz_main,4,t_board,open_limit,neutral,32,15.396296875,12.08765,6.871925,7.0053,15.584575,2.7926,70.6505,1.0,2110809452.25,99383243.5,0.020112442378932102,52.9375,22.65625,0.015431255121198193,True,6.871925,0.25
sz_main,4,t_board,open_limit,strong,32,12.260325,10.40915,6.3999749999999995,6.791399999999999,15.90325,2.2886,39.5052,1.0,164093028.1875,121506234.0,0.0241754906036526,76.28125,38.125,0.02580531902156813,True,6.3999749999999995,0.25
sz_main,4,t_board,open_limit,very_strong,21,11.949209523809524,10.0074,5.6033,6.6377,15.5106,3.8946,33.4664,1.0,11104201081.380953,198573758.0,0.0287260550177585,121.52380952380952,60.0,0.041048985752049204,False,5.6033,0.25
sz_main,4,t_board,open_limit,weak,5,9.587219999999999,11.2251,5.3893,6.5564599999999995,11.9106,4.6119,14.7992,1.0,88845351.0,127169736.0,0.0152402751060929,30.8,13.2,0.008913624676116741,False,5.3893,0.25
sz_main,4,unknown,afternoon,weak,1,27.9711,27.9711,27.9711,27.9711,27.9711,27.9711,27.9711,0.0,21706794.0,21706794.0,0.0085810868898787,19.0,10.0,0.0066269052352551,False,27.9711,0.25
sz_main,4,unknown,early_morning,neutral,1,54.3258,54.3258,54.3258,54.3258,54.3258,54.3258,54.3258,0.0,175830647.0,175830647.0,0.1758130656934306,43.0,15.0,0.0101557210561949,False,54.3258,0.25
sz_main,4,unknown,early_morning,very_strong,2,15.5806,15.5806,14.58055,14.780560000000001,16.58065,13.5805,17.5807,0.0,69180138.0,69180138.0,0.0142132671609095,110.5,62.0,0.0421334878736244,False,14.58055,0.25
sz_main,4,unknown,midday,neutral,1,16.1016,16.1016,16.1016,16.1016,16.1016,16.1016,16.1016,0.0,45968505.0,45968505.0,0.0066768630459889,34.0,25.0,0.0167897918065816,False,16.1016,0.25
sz_main,4,unknown,midday,strong,1,11.0907,11.0907,11.0907,11.0907,11.0907,11.0907,11.0907,0.0,102758119.0,102758119.0,0.0116300004812153,71.0,31.0,0.0210454854039375,False,11.0907,0.25
sz_main,4,unknown,open_limit,strong,1,49.683,49.683,49.683,49.683,49.683,49.683,49.683,0.0,59134917.0,59134917.0,0.0267988884119992,73.0,35.0,0.0236167341430499,False,49.683,0.25
sz_main,5_plus,multi_open,afternoon,neutral,2,44.930949999999996,44.930949999999996,39.199125,40.34549,50.662774999999996,33.4673,56.3946,2.5,13940203.0,13940203.0,0.00359271508575465,51.5,23.0,0.015931814850502497,False,39.199125,0.25
sz_main,5_plus,multi_open,afternoon,strong,2,36.6437,36.6437,27.2045,29.09234,46.0829,17.7653,55.5221,9.0,16230773.0,16230773.0,0.00321981779796255,64.5,35.5,0.024094262974631,False,27.2045,0.25
sz_main,5_plus,multi_open,afternoon,very_strong,4,32.309799999999996,32.6714,26.154,28.772579999999998,38.8272,13.0611,50.8353,6.0,1653214782.5,24801006.5,0.00387305065871855,122.25,55.25,0.038085096248117754,False,26.154,0.25
sz_main,5_plus,multi_open,afternoon,weak,2,17.7909,17.7909,14.26245,14.96814,21.31935,10.734,24.8478,5.0,15949484139.0,15949484139.0,1.8077791047348735,29.0,10.5,0.0072540465250702495,False,14.26245,0.25
sz_main,5_plus,multi_open,early_morning,neutral,74,26.917172972972974,26.458550000000002,16.641875,17.81628,36.019324999999995,3.2374,69.0149,7.283783783783784,2535532989.4594593,75674248.0,0.01124404755634245,50.83783783783784,22.56756756756757,0.015345576852417858,True,16.641875,0.25
sz_main,5_plus,multi_open,early_morning,strong,65,30.954583076923075,29.1829,19.4954,20.74344,38.7805,6.8954,70.8894,7.630769230769231,783643913.2769231,51030856.0,0.0119434436030905,72.49230769230769,35.84615384615385,0.02439996089654762,True,19.4954,0.25
sz_main,5_plus,multi_open,early_morning,very_strong,60,26.130285,23.376350000000002,13.976225,18.02793,34.152950000000004,1.6532,81.7353,8.066666666666666,8221299572.616667,60119073.5,0.0134770669006436,125.45,60.06666666666667,0.041140202849424906,True,13.976225,0.25
sz_main,5_plus,multi_open,early_morning,weak,10,27.987690000000004,23.5053,14.424525,14.59845,35.58885,11.832,64.5406,8.4,1911169978.5,52152593.0,0.014726533347597201,35.6,11.9,0.00812070242989596,False,14.424525,0.25
sz_main,5_plus,multi_open,late,neutral,4,44.520925,42.41095,27.832349999999998,29.0562,59.099525,21.7131,71.5487,3.5,8790161422.75,34622178.0,0.0203586485767991,52.25,24.0,0.016499636309380103,False,27.832349999999998,0.25
sz_main,5_plus,multi_open,late,strong,1,43.9023,43.9023,43.9023,43.9023,43.9023,43.9023,43.9023,2.0,15705084.0,15705084.0,0.0141301705193405,56.0,30.0,0.0206327372764786,False,43.9023,0.25
sz_main,5_plus,multi_open,late,very_strong,2,39.97465,39.97465,33.298474999999996,34.63371,46.650825,26.6223,53.327,6.5,10029952.5,10029952.5,0.005900709737626,74.0,45.0,0.03056323528190815,False,33.298474999999996,0.25
sz_main,5_plus,multi_open,late,weak,2,35.55675,35.55675,32.400775,33.03197,38.712725,29.2448,41.8687,6.5,13849613.0,13849613.0,0.0033158132623504,29.5,13.0,0.00873627012655415,False,32.400775,0.25
sz_main,5_plus,multi_open,midday,neutral,18,30.075216666666662,25.5628,20.34225,20.898030000000002,37.49145,10.9553,63.7381,6.277777777777778,6484161895.888889,50301076.5,0.0177184990005066,55.888888888888886,24.22222222222222,0.01658678744304039,False,20.34225,0.25
sz_main,5_plus,multi_open,midday,strong,18,32.392111111111106,27.30255,19.6316,21.14812,41.77375,4.4084,68.9433,7.666666666666667,39751444.5,35981114.5,0.00770044321777065,69.55555555555556,35.5,0.024159194654181575,False,19.6316,0.25
sz_main,5_plus,multi_open,midday,very_strong,22,32.77113181818182,27.6143,21.691724999999998,22.37097,48.440174999999996,14.9994,63.7727,6.5,3177036386.7727275,51942428.5,0.00690899217469805,113.0,56.95454545454545,0.0387966022262857,False,21.691724999999998,0.25
sz_main,5_plus,multi_open,open_limit,neutral,70,30.3956,29.86045,18.554625,19.10678,38.152899999999995,10.4841,77.7155,5.3428571428571425,2332678079.1571426,70002499.0,0.0179223013235226,49.857142857142854,22.985714285714284,0.015543132302726146,True,18.554625,0.25
sz_main,5_plus,multi_open,open_limit,strong,71,29.312126760563388,25.1563,18.15615,19.2012,37.57265,3.9558,82.3461,7.380281690140845,2256100174.6056337,71113589.0,0.0142751796075292,75.69014084507042,37.12676056338028,0.02515262301475181,True,18.15615,0.25
sz_main,5_plus,multi_open,open_limit,very_strong,65,22.717356923076924,19.0982,12.5096,13.978819999999999,29.9953,4.1741,75.2089,6.984615384615385,10903498431.03077,87148156.0,0.0180925953263888,171.35384615384615,67.27692307692308,0.04590268314961337,True,12.5096,0.25
sz_main,5_plus,multi_open,open_limit,weak,11,36.387654545454545,29.0202,21.9328,23.3221,51.81115,10.1625,78.6593,6.7272727272727275,59113904.36363637,36311160.0,0.013122328576722,35.36363636363637,12.727272727272727,0.008645935526414319,False,21.9328,0.25
sz_main,5_plus,one_word,afternoon,neutral,2,18.76635,18.76635,14.168375,15.087969999999999,23.364325,9.5704,27.9623,0.0,81761504.5,81761504.5,0.0154205727017955,43.0,22.5,0.01521724759118775,False,14.168375,0.25
sz_main,5_plus,one_word,afternoon,strong,3,27.819466666666667,11.8572,9.8596,10.25912,37.798199999999994,7.862,63.7392,0.0,4153073873.6666665,113294898.0,0.0079264116981573,95.0,34.0,0.023844958933271432,False,9.8596,0.25
sz_main,5_plus,one_word,afternoon,very_strong,1,20.0251,20.0251,20.0251,20.0251,20.0251,20.0251,20.0251,0.0,150836988.0,150836988.0,0.0068016015052349,111.0,56.0,0.0381991814461118,False,20.0251,0.25
sz_main,5_plus,one_word,early_morning,neutral,14,23.09947857142857,16.8093,12.5245,13.251199999999999,30.8865,6.2127,55.9649,0.0,10301253894.214285,117251157.0,0.04822736214817715,51.714285714285715,22.571428571428573,0.015444174046318307,False,12.5245,0.25
sz_main,5_plus,one_word,early_morning,strong,20,19.434045000000005,16.00385,9.173449999999999,10.03298,26.341675,4.1404,51.9223,0.0,2422762858.6,110697948.5,0.03153755167267215,70.7,35.95,0.02445527209565288,False,9.173449999999999,0.25
sz_main,5_plus,one_word,early_morning,very_strong,18,13.258511111111112,11.33525,8.014725,9.05099,11.966574999999999,3.0897,46.2263,0.0,11382205360.444445,140366143.0,0.02912538649406165,116.72222222222223,57.333333333333336,0.03914968752988705,False,8.014725,0.25
sz_main,5_plus,one_word,early_morning,weak,1,18.2882,18.2882,18.2882,18.2882,18.2882,18.2882,18.2882,0.0,158786016.0,158786016.0,0.0222020926028766,30.0,10.0,0.0067476383265856,False,18.2882,0.25
sz_main,5_plus,one_word,late,neutral,9,32.55345555555555,29.089,22.8166,24.49528,33.2988,11.5468,72.0923,0.0,8806947545.88889,59447754.0,0.0211482655438273,43.44444444444444,22.88888888888889,0.015580260487062634,False,22.8166,0.25
sz_main,5_plus,one_word,late,strong,5,37.92384,31.1622,24.0908,25.50508,50.804,15.3462,68.216,0.0,12069867645.8,81608371.0,0.036841435751102,70.6,37.4,0.025755053408114258,False,24.0908,0.25
sz_main,5_plus,one_word,late,very_strong,8,34.0230125,27.9909,26.422375,26.79889,37.72245,24.4437,55.3429,0.0,1675762893.375,76134170.5,0.0104436470536909,104.0,53.625,0.03661562448060174,False,26.422375,0.25
sz_main,5_plus,one_word,late,weak,2,25.316699999999997,25.316699999999997,24.75745,24.8693,25.87595,24.1982,26.4352,0.0,34719904167.5,34719904167.5,4.336433893458612,36.5,10.5,0.0074181240126814,False,24.75745,0.25
sz_main,5_plus,one_word,midday,neutral,15,31.692166666666665,27.0527,18.72015,20.49726,36.7305,14.9297,74.3245,0.0,11798750828.933332,54925458.0,0.0212285533611575,49.666666666666664,21.733333333333334,0.015019376541963855,False,18.72015,0.25
sz_main,5_plus,one_word,midday,strong,10,37.01921,35.255849999999995,20.623025,22.71917,48.9202,9.5247,68.9022,0.0,82563541.2,59895272.0,0.0236914543198136,69.6,37.2,0.02549161021544759,False,20.623025,0.25
sz_main,5_plus,one_word,midday,very_strong,11,17.68301818181818,17.4846,12.32395,13.4643,22.281599999999997,8.2441,30.3191,0.0,9213544485.09091,86414692.0,0.0159420367284435,129.0909090909091,60.36363636363637,0.04153013294502712,False,12.32395,0.25
sz_main,5_plus,one_word,midday,weak,1,23.5937,23.5937,23.5937,23.5937,23.5937,23.5937,23.5937,0.0,45608481.0,45608481.0,0.0203197580403192,33.0,11.0,0.0073726541554959,False,23.5937,0.25
sz_main,5_plus,one_word,open_limit,neutral,236,3.692024152542373,1.11255,0.572325,0.64,3.525575,0.1712,36.7519,0.0,14411168000.86017,330526591.0,0.10298040188410605,51.73728813559322,22.43220338983051,0.015408518220800489,True,0.572325,0.25
sz_main,5_plus,one_word,open_limit,strong,221,2.16449185520362,0.9688,0.5226,0.5846,1.938,0.0824,24.9117,0.0,20230984844.904976,373884050.0,0.1165419287778791,74.51131221719457,35.71493212669683,0.024439106117307343,True,0.5226,0.25
sz_main,5_plus,one_word,open_limit,very_strong,165,2.2324527272727277,0.9963,0.5636,0.62566,2.0563,0.0968,27.8144,0.0,26035685816.21818,407827720.0,0.0649265035447177,140.6,63.448484848484846,0.04326852043132374,True,0.5636,0.25
sz_main,5_plus,one_word,open_limit,weak,64,2.425696875,0.7496,0.384525,0.45928,1.644525,0.1997,35.8454,0.0,22803939069.8125,483745850.5,0.255089727237755,31.0,10.703125,0.007427083904364749,True,0.384525,0.25
sz_main,5_plus,t_board,afternoon,neutral,1,31.6793,31.6793,31.6793,31.6793,31.6793,31.6793,31.6793,1.0,179866170.0,179866170.0,0.0213258886502449,32.0,20.0,0.0133155792276964,False,31.6793,0.25
sz_main,5_plus,t_board,afternoon,strong,2,43.47815,43.47815,32.659324999999995,34.82308999999999,54.296974999999996,21.8405,65.1158,1.0,62798130.5,62798130.5,0.00664096864224115,67.5,32.5,0.02190856794925385,False,32.659324999999995,0.25
sz_main,5_plus,t_board,afternoon,very_strong,2,32.31855,32.31855,28.179675,29.00745,36.457425,24.0408,40.5963,1.0,74308525.5,74308525.5,0.0117417780921606,124.5,62.0,0.042152945420239146,False,28.179675,0.25
sz_main,5_plus,t_board,early_morning,neutral,18,18.61871111111111,15.97065,11.094850000000001,11.37684,24.8528,4.0135,38.7834,1.0,194650988.55555555,115720875.5,0.0208440812557143,54.27777777777778,23.833333333333332,0.01617405122888855,False,11.094850000000001,0.25
sz_main,5_plus,t_board,early_morning,strong,15,11.603693333333334,10.4899,8.8173,9.228520000000001,14.4468,6.7636,18.2278,1.0,4241441075.2,110223984.0,0.012669667591314,67.46666666666667,33.4,0.02271719083624146,False,8.8173,0.25
sz_main,5_plus,t_board,early_morning,very_strong,14,19.56952857142857,15.2015,8.12515,8.513200000000001,24.894125,4.3752,65.6728,1.0,131310283.42857143,125676982.5,0.01612301410462285,125.0,63.42857142857143,0.04303080604968448,False,8.12515,0.25
sz_main,5_plus,t_board,early_morning,weak,3,27.325100000000003,24.6041,21.2182,21.89538,32.0715,17.8323,39.5389,1.0,75431025.33333333,70798683.0,0.0301493968605982,20.0,9.333333333333334,0.0062456354915378,False,21.2182,0.25
sz_main,5_plus,t_board,late,neutral,1,58.6179,58.6179,58.6179,58.6179,58.6179,58.6179,58.6179,1.0,36982584.0,36982584.0,0.0096735213258776,67.0,28.0,0.0199288256227758,False,58.6179,0.25
sz_main,5_plus,t_board,late,strong,3,45.61246666666667,55.6183,40.29605,43.3605,55.931799999999996,24.9738,56.2453,1.0,32738093.666666668,16767902.0,0.0068453964040526,77.66666666666667,39.333333333333336,0.027033172170598235,False,40.29605,0.25
sz_main,5_plus,t_board,midday,neutral,9,32.516933333333334,29.4516,14.8286,16.18296,39.4039,8.6666,71.945,1.0,117918640.55555555,79568957.0,0.0100769482431455,48.77777777777778,23.11111111111111,0.015664609588245865,False,14.8286,0.25
sz_main,5_plus,t_board,midday,strong,5,23.0398,25.3758,14.1806,16.41964,32.5095,9.9096,33.2235,1.0,88058356.0,77760330.0,0.0208497052734288,76.8,36.4,0.02505005802925816,False,14.1806,0.25
sz_main,5_plus,t_board,midday,very_strong,6,17.324083333333338,13.7592,12.315875,12.609950000000001,22.500025,10.6569,28.5208,1.0,15982786171.0,98272327.5,0.007844458519840551,118.16666666666667,53.0,0.0366110139416655,False,12.315875,0.25
sz_main,5_plus,t_board,open_limit,neutral,33,19.197669696969694,14.1541,10.8105,11.51578,24.1017,5.2882,74.6479,1.0,138809184.42424244,95765675.0,0.0272600065850142,48.75757575757576,23.333333333333332,0.015758865838417985,True,10.8105,0.25
sz_main,5_plus,t_board,open_limit,strong,15,19.884999999999998,12.3129,7.50135,8.24698,25.4635,5.0983,67.367,1.0,19124308200.933334,105254585.0,0.0331264693613458,69.73333333333333,35.333333333333336,0.02415819193697981,False,7.50135,0.25
sz_main,5_plus,t_board,open_limit,very_strong,25,11.475104000000002,8.7694,5.995,6.16714,12.2845,3.5686,49.3954,1.0,2658611597.56,128111660.0,0.0244761303999157,136.36,64.8,0.04421409121057615,False,5.995,0.25
sz_main,5_plus,t_board,open_limit,weak,3,27.24703333333333,30.5016,24.803350000000002,25.942999999999998,31.317999999999998,19.1051,32.1344,1.0,32138873592.666668,72381241.0,0.076037704095702,26.666666666666668,11.333333333333334,0.0079016781196447,False,24.803350000000002,0.25
sz_main,5_plus,unknown,afternoon,neutral,1,45.6394,45.6394,45.6394,45.6394,45.6394,45.6394,45.6394,0.0,163992035.0,163992035.0,0.033603008786766,63.0,29.0,0.0195417789757412,False,45.6394,0.25
sz_main,5_plus,unknown,early_morning,neutral,2,65.29990000000001,65.29990000000001,60.8043,61.70342,69.7955,56.3087,74.2911,0.0,81649525.0,81649525.0,0.04680675364017215,54.5,24.5,0.01631158455392805,False,60.8043,0.25
sz_main,5_plus,unknown,early_morning,very_strong,2,30.461350000000003,30.461350000000003,21.622525,23.39029,39.300175,12.7837,48.139,0.0,296068678.5,296068678.5,0.0236482261433382,142.0,66.0,0.04469985119620995,False,21.622525,0.25
sz_main,5_plus,unknown,open_limit,neutral,1,36.8955,36.8955,36.8955,36.8955,36.8955,36.8955,36.8955,0.0,59033165.0,59033165.0,0.013030491561472,87.0,29.0,0.0195681511470985,False,36.8955,0.25
sz_main,5_plus,unknown,open_limit,strong,1,14.1439,14.1439,14.1439,14.1439,14.1439,14.1439,14.1439,0.0,183962913.0,183962913.0,0.0407386059912766,99.0,37.0,0.0250507786052809,False,14.1439,0.25
sz_main,5_plus,unknown,open_limit,very_strong,3,24.236266666666666,26.1586,23.24055,23.82416,26.19315,20.3225,26.2277,0.0,104360345.33333333,97162075.0,0.0238453644724799,144.66666666666666,77.33333333333333,0.05208313876332963,False,23.24055,0.25
