ts_code,name,industry,market,list_date,delist_date,list_status
000001.SZ,平安银行,银行,主板,19910403,,L
000002.SZ,万科A,全国地产,主板,19910129,,L
000003.SZ,PT金田A(退),,主板,19910703,20020614,D
000004.SZ,国华退,,主板,19901201,,L
000005.SZ,ST星源(退),,主板,19901210,20240426,D
000006.SZ,深振业A,区域地产,主板,19920427,,L
000007.SZ,全新好,其他商业,主板,19920413,,L
000008.SZ,神州高铁,运输设备,主板,19920507,,L
000009.SZ,中国宝安,电气设备,主板,19910625,,L
000010.SZ,*ST美丽,建筑工程,主板,19951027,,L
000011.SZ,深物业A,房产服务,主板,19920330,,L
000012.SZ,南玻A,玻璃,主板,19920228,,L
000013.SZ,*ST石化A(退),,主板,19920506,20040920,D
000014.SZ,沙河股份,全国地产,主板,19920602,,L
000015.SZ,PT中浩A(退),,主板,19920625,20011022,D
000016.SZ,*ST康佳A,家用电器,主板,19920327,,L
000017.SZ,深中华A,服饰,主板,19920331,,L
000018.SZ,神城A退(退),,主板,19920616,20200107,D
000019.SZ,深粮控股,农业综合,主板,19921012,,L
000020.SZ,深华发A,元器件,主板,19920428,,L
000021.SZ,深科技,元器件,主板,19940202,,L
000023.SZ,*ST深天(退),,主板,19930429,20240902,D
000024.SZ,招商地产(退),,主板,19930607,20151230,D
000025.SZ,特力A,综合类,主板,19930621,,L
000026.SZ,飞亚达,服饰,主板,19930603,,L
000027.SZ,深圳能源,火力发电,主板,19930903,,L
000028.SZ,国药一致,医药商业,主板,19930809,,L
000029.SZ,深深房A,区域地产,主板,19930915,,L
000030.SZ,富奥股份,汽车配件,主板,19930929,,L
000031.SZ,大悦城,全国地产,主板,19931008,,L
000032.SZ,深桑达A,建筑工程,主板,19931028,,L
000033.SZ,新都退(退),,主板,19940103,20170707,D
000034.SZ,神州数码,软件服务,主板,19940509,,L
000035.SZ,中国天楹,环境保护,主板,19940408,,L
000036.SZ,华联控股,全国地产,主板,19940617,,L
000037.SZ,深南电A,火力发电,主板,19940701,,L
000038.SZ,大通退(退),,主板,19940808,20230712,D
000039.SZ,中集集团,运输设备,主板,19940408,,L
000040.SZ,*ST旭蓝(退),,主板,19940808,20250430,D
000042.SZ,中洲控股,全国地产,主板,19940921,,L
000045.SZ,深纺织A,元器件,主板,19940815,,L
000046.SZ,*ST泛海(退),,主板,19940912,20240207,D
000047.SZ,ST中侨(退),,主板,19941021,20030530,D
000048.SZ,京基智农,农业综合,主板,19941101,,L
000049.SZ,德赛电池,电气设备,主板,19950320,,L
000050.SZ,深天马A,元器件,主板,19950315,,L
000055.SZ,方大集团,其他建材,主板,19960415,,L
000056.SZ,*ST皇庭,其他商业,主板,19960708,,L
000058.SZ,深赛格,商品城,主板,19961226,,L
000059.SZ,华锦股份,石油加工,主板,19970130,,L
000060.SZ,中金岭南,铅锌,主板,19970123,,L
000061.SZ,农产品,农业综合,主板,19970110,,L
000062.SZ,深圳华强,元器件,主板,19970130,,L
000063.SZ,中兴通讯,通信设备,主板,19971118,,L
000065.SZ,北方国际,建筑工程,主板,19980605,,L
000066.SZ,中国长城,IT设备,主板,19970626,,L
000068.SZ,华控赛格,环境保护,主板,19970611,,L
000069.SZ,华侨城A,全国地产,主板,19970910,,L
000070.SZ,特发信息,通信设备,主板,20000511,,L
000078.SZ,ST海王,医药商业,主板,19981218,,L
000088.SZ,盐田港,港口,主板,19970728,,L
000089.SZ,深圳机场,机场,主板,19980420,,L
000090.SZ,天健集团,建筑工程,主板,19990721,,L
000096.SZ,广聚能源,石油贸易,主板,20000724,,L
000099.SZ,中信海直,空运,主板,20000731,,L
000100.SZ,TCL科技,元器件,主板,20040130,,L
000150.SZ,*ST宜康(退),,主板,20000807,20230609,D
000151.SZ,中成股份,商贸代理,主板,20000906,,L
000153.SZ,丰原药业,化学制药,主板,20000920,,L
000155.SZ,川能动力,新型电力,主板,20000926,,L
000156.SZ,华数传媒,影视音像,主板,20000906,,L
000157.SZ,中联重科,工程机械,主板,20001012,,L
000158.SZ,常山北明,软件服务,主板,20000724,,L
000159.SZ,国际实业,石油贸易,主板,20000926,,L
000166.SZ,申万宏源,证券,主板,20150126,,L
000301.SZ,东方盛虹,化纤,主板,20000529,,L
000333.SZ,美的集团,家用电器,主板,20130918,,L
000338.SZ,潍柴动力,汽车配件,主板,20070430,,L
000400.SZ,许继电气,电气设备,主板,19970418,,L
000401.SZ,金隅冀东,水泥,主板,19960614,,L
000402.SZ,金融街,全国地产,主板,19960626,,L
000403.SZ,派林生物,生物制药,主板,19960628,,L
000404.SZ,长虹华意,家用电器,主板,19960619,,L
000405.SZ,ST鑫光(退),,主板,19960620,20040319,D
000406.SZ,石油大明(退),,主板,19960628,20060421,D
000407.SZ,胜利股份,供气供热,主板,19960703,,L
000408.SZ,藏格矿业,农药化肥,主板,19960628,,L
000409.SZ,云鼎科技,软件服务,主板,19960627,,L
000410.SZ,沈阳机床,机床制造,主板,19960718,,L
000411.SZ,英特集团,医药商业,主板,19960716,,L
000412.SZ,ST五环(退),,主板,19960715,20030919,D
000413.SZ,ST旭电(退),,主板,19960925,20241011,D
000415.SZ,渤海租赁,多元金融,主板,19960716,,L
000416.SZ,*ST民控(退),,主板,19960719,20240605,D
000417.SZ,合百集团,百货,主板,19960812,,L
000418.SZ,小天鹅A(退),,主板,19970328,20190621,D
000419.SZ,通程控股,百货,主板,19960816,,L
000420.SZ,吉林化纤,化纤,主板,19960802,,L
000421.SZ,南京公用,供气供热,主板,19960806,,L
000422.SZ,湖北宜化,农药化肥,主板,19960815,,L
000423.SZ,东阿阿胶,中成药,主板,19960729,,L
000425.SZ,徐工机械,工程机械,主板,19960828,,L
000426.SZ,兴业银锡,铅锌,主板,19960828,,L
000428.SZ,华天酒店,酒店餐饮,主板,19960808,,L
000429.SZ,粤高速A,路桥,主板,19980220,,L
000430.SZ,张家界,旅游景点,主板,19960829,,L
000488.SZ,ST晨鸣,造纸,主板,20001120,,L
000498.SZ,山东路桥,建筑工程,主板,19970609,,L
000501.SZ,武商集团,百货,主板,19921120,,L
000502.SZ,绿景退(退),,主板,19921123,20220627,D
000503.SZ,国新健康,软件服务,主板,19921130,,L
000504.SZ,南华生物,医疗保健,主板,19921208,,L
000505.SZ,京粮控股,食品,主板,19921221,,L
000506.SZ,招金黄金,黄金,主板,19930312,,L
000507.SZ,珠海港,新型电力,主板,19930326,,L
000508.SZ,琼民源A(退),,主板,19930430,19990712,D
000509.SZ,华塑控股,元器件,主板,19930507,,L
000510.SZ,新金路,化工原料,主板,19930507,,L
000511.SZ,烯碳退(退),,主板,19930518,20180718,D
000513.SZ,丽珠集团,化学制药,主板,19931028,,L
000514.SZ,渝开发,区域地产,主板,19930712,,L
000515.SZ,攀渝钛业(退),,主板,19930712,20090506,D
000516.SZ,国际医学,医疗保健,主板,19930809,,L
000517.SZ,荣安地产,区域地产,主板,19930806,,L
000518.SZ,四环生物,生物制药,主板,19930908,,L
000519.SZ,中兵红箭,专用机械,主板,19931008,,L
000520.SZ,凤凰航运,水运,主板,19931025,,L
000521.SZ,长虹美菱,家用电器,主板,19931018,,L
000522.SZ,白云山A(退),,主板,19931108,20130426,D
000523.SZ,红棉股份,食品,主板,19931108,,L
000524.SZ,岭南控股,旅游服务,主板,19931118,,L
000525.SZ,红太阳,农药化肥,主板,19931028,,L
000526.SZ,学大教育,文教休闲,主板,19931101,,L
000527.SZ,美的电器(退),,主板,19931112,20130918,D
000528.SZ,柳工,工程机械,主板,19931118,,L
000529.SZ,广弘控股,食品,主板,19931118,,L
000530.SZ,冰山冷热,机械基件,主板,19931208,,L
000531.SZ,穗恒运A,火力发电,主板,19940106,,L
000532.SZ,华金资本,多元金融,主板,19940103,,L
000533.SZ,顺钠股份,电气设备,主板,19940103,,L
000534.SZ,万泽股份,生物制药,主板,19940110,,L
000535.SZ,*ST猴王(退),,主板,19931130,20050921,D
000536.SZ,华映科技,元器件,主板,19931126,,L
000537.SZ,绿发电力,新型电力,主板,19931210,,L
000538.SZ,云南白药,中成药,主板,19931215,,L
000539.SZ,粤电力A,火力发电,主板,19931126,,L
000540.SZ,*ST中天(退),,主板,19940202,20230630,D
000541.SZ,佛山照明,家用电器,主板,19931123,,L
000542.SZ,TCL通讯(退),,主板,19931201,20040113,D
000543.SZ,皖能电力,火力发电,主板,19931220,,L
000544.SZ,中原环保,环境保护,主板,19931208,,L
000545.SZ,金浦钛业,化工原料,主板,19931215,,L
000546.SZ,金圆股份,环境保护,主板,19931215,,L
000547.SZ,航天发展,通信设备,主板,19931130,,L
000548.SZ,湖南投资,路桥,主板,19931220,,L
000549.SZ,S湘火炬(退),,主板,19931220,20070427,D
000550.SZ,江铃汽车,汽车整车,主板,19931201,,L
000551.SZ,创元科技,专用机械,主板,19940106,,L
000552.SZ,甘肃能化,煤炭开采,主板,19940106,,L
000553.SZ,安道麦A,农药化肥,主板,19931203,,L
000554.SZ,泰山石油,石油贸易,主板,19931215,,L
000555.SZ,神州信息,软件服务,主板,19940408,,L
000556.SZ,PT南洋(退),,主板,19940525,20020529,D
000557.SZ,西部创业,铁路,主板,19940617,,L
000558.SZ,天府文旅,旅游景点,主板,19940509,,L
000559.SZ,万向钱潮,汽车配件,主板,19940110,,L
000560.SZ,我爱我家,房产服务,主板,19940202,,L
000561.SZ,烽火电子,通信设备,主板,19940509,,L
000562.SZ,宏源证券(退),,主板,19940202,20150126,D
000563.SZ,陕国投A,多元金融,主板,19940110,,L
000564.SZ,供销大集,百货,主板,19940110,,L
000565.SZ,渝三峡A,染料涂料,主板,19940408,,L
000566.SZ,海南海药,化学制药,主板,19940525,,L
000567.SZ,海德股份,多元金融,主板,19940525,,L
000568.SZ,泸州老窖,白酒,主板,19940509,,L
000569.SZ,长城股份(退),,主板,19940425,20090506,D
000570.SZ,苏常柴A,农用机械,主板,19940701,,L
000571.SZ,新大洲A,煤炭开采,主板,19940525,,L
000572.SZ,海马汽车,汽车整车,主板,19940808,,L
000573.SZ,粤宏远A,区域地产,主板,19940815,,L
000576.SZ,甘化科工,电气设备,主板,19940907,,L
000578.SZ,盐湖集团(退),,主板,19950303,20110322,D
000581.SZ,威孚高科,汽车配件,主板,19980924,,L
000582.SZ,北部湾港,港口,主板,19951102,,L
000583.SZ,S*ST托普(退),,主板,19951101,20070521,D
000584.SZ,工智退(退),,主板,19951128,20250711,D
000585.SZ,东电退(退),,主板,19951213,20220524,D
000586.SZ,汇源通信,通信设备,主板,19951220,,L
000587.SZ,*ST金洲(退),,主板,19960425,20230403,D
000588.SZ,PT粤金曼(退),,主板,19960123,20010615,D
000589.SZ,贵州轮胎,汽车配件,主板,19960308,,L
000590.SZ,古汉医药,中成药,主板,19960119,,L
000591.SZ,太阳能,新型电力,主板,19960208,,L
000592.SZ,平潭发展,林业,主板,19960327,,L
000593.SZ,德龙汇能,供气供热,主板,19960312,,L
000594.SZ,国恒退(退),,主板,19960320,20150713,D
000595.SZ,*ST宝实,新型电力,主板,19960419,,L
000596.SZ,古井贡酒,白酒,主板,19960927,,L
000597.SZ,东北制药,化学制药,主板,19960523,,L
000598.SZ,兴蓉环境,水务,主板,19960529,,L
000599.SZ,青岛双星,汽车配件,主板,19960430,,L
000600.SZ,建投能源,火力发电,主板,19960606,,L
000601.SZ,韶能股份,水力发电,主板,19960830,,L
000602.SZ,金马集团(退),,主板,19960819,20130814,D
000603.SZ,盛达资源,铅锌,主板,19960823,,L
000605.SZ,渤海股份,水务,主板,19960913,,L
000606.SZ,顺利退(退),,主板,19961004,20230706,D
000607.SZ,华媒控股,广告包装,主板,19960830,,L
000608.SZ,阳光股份,区域地产,主板,19960919,,L
000609.SZ,*ST中迪,区域地产,主板,19961010,,L
000610.SZ,*ST西旅,旅游服务,主板,19960926,,L
000611.SZ,天首退(退),,主板,19961008,20220628,D
000612.SZ,焦作万方,铝,主板,19960926,,L
000613.SZ,东海A退(退),,主板,19970128,20220629,D
000615.SZ,*ST美谷,医疗保健,主板,19961016,,L
000616.SZ,*ST海投(退),,主板,19961108,20230823,D
000617.SZ,中油资本,多元金融,主板,19961022,,L
000618.SZ,吉林化工(退),,主板,19961015,20060220,D
000619.SZ,海螺新材,其他建材,主板,19961023,,L
000620.SZ,盈新发展,全国地产,主板,19961029,,L
000621.SZ,*ST比特(退),,主板,19961105,20040927,D
000622.SZ,恒立退(退),,主板,19961107,20250716,D
000623.SZ,吉林敖东,中成药,主板,19961028,,L
000625.SZ,长安汽车,汽车整车,主板,19970610,,L
000626.SZ,远大控股,商贸代理,主板,19961128,,L
000627.SZ,*ST天茂(退),,主板,19961112,20250930,D
000628.SZ,高新发展,建筑工程,主板,19961118,,L
000629.SZ,钒钛股份,小金属,主板,19961115,,L
000630.SZ,铜陵有色,铜,主板,19961120,,L
000631.SZ,顺发恒能,综合类,主板,19961122,,L
000632.SZ,ST三木,综合类,主板,19961121,,L
000633.SZ,合金投资,小金属,主板,19961112,,L
000635.SZ,英力特,化工原料,主板,19961120,,L
000636.SZ,风华高科,元器件,主板,19961129,,L
000637.SZ,茂化实华,石油加工,主板,19961114,,L
000638.SZ,*ST万方,农业综合,主板,19961126,20260603,D
000639.SZ,ST西王,食品,主板,19961126,,L
000650.SZ,仁和药业,中成药,主板,19961210,,L
000651.SZ,格力电器,家用电器,主板,19961118,,L
000652.SZ,泰达股份,批发业,主板,19961128,,L
000653.SZ,ST九州(退),,主板,19961126,20020913,D
000655.SZ,金岭矿业,普钢,主板,19961128,,L
000656.SZ,*ST金科,全国地产,主板,19961128,,L
000657.SZ,中钨高新,小金属,主板,19961205,,L
000658.SZ,ST海洋(退),,主板,19961218,20020920,D
000659.SZ,珠海中富,广告包装,主板,19961203,,L
000660.SZ,*ST南华(退),,主板,19961209,20040913,D
000661.SZ,长春高新,生物制药,主板,19961218,,L
000662.SZ,天夏退(退),,主板,19961216,20210412,D
000663.SZ,永安林业,林业,主板,19961206,,L
000665.SZ,湖北广电,影视音像,主板,19961210,,L
000666.SZ,经纬纺机(退),,主板,19961210,20231026,D
000667.SZ,ST美置(退),,主板,19961205,20230714,D
000668.SZ,荣丰控股,房产服务,主板,19961210,,L
000669.SZ,ST金鸿,供气供热,主板,19961210,,L
000670.SZ,盈方微,元器件,主板,19961217,,L
000671.SZ,ST阳光城(退),,主板,19961218,20230816,D
000672.SZ,上峰材料,水泥,主板,19961218,,L
000673.SZ,当代退(退),,主板,19970124,20220704,D
000675.SZ,ST银山(退),,主板,19961226,20020820,D
000676.SZ,智度股份,互联网,主板,19961224,,L
000677.SZ,ST海龙,化纤,主板,19961226,,L
000678.SZ,襄阳轴承,汽车配件,主板,19970106,,L
000679.SZ,大连友谊,百货,主板,19970124,,L
000680.SZ,山推股份,工程机械,主板,19970122,,L
000681.SZ,视觉中国,互联网,主板,19970121,,L
000682.SZ,东方电子,电气设备,主板,19970121,,L
000683.SZ,博源化工,化工原料,主板,19970131,,L
000685.SZ,中山公用,水务,主板,19970123,,L
000686.SZ,东北证券,证券,主板,19970227,,L
000687.SZ,华讯退(退),,主板,19970221,20220617,D
000688.SZ,国城矿业,铅锌,主板,19970120,,L
000689.SZ,ST宏业(退),,主板,19961231,20020905,D
000690.SZ,宝新能源,火力发电,主板,19970128,,L
000691.SZ,亚太实业,化工原料,主板,19970228,,L
000692.SZ,惠天热电,供气供热,主板,19970227,,L
000693.SZ,华泽退(退),,主板,19970226,20190709,D
000695.SZ,滨海能源,化工原料,主板,19970218,,L
000697.SZ,炼石航空,航空,主板,19970325,,L
000698.SZ,ST沈化,石油加工,主板,19970220,,L
000699.SZ,S*ST佳纸(退),,主板,19970310,20070404,D
000700.SZ,模塑科技,汽车配件,主板,19970228,,L
000701.SZ,厦门信达,商贸代理,主板,19970226,,L
000702.SZ,正虹科技,饲料,主板,19970318,,L
000703.SZ,恒逸石化,化纤,主板,19970328,,L
000705.SZ,浙江震元,医药商业,主板,19970410,,L
000707.SZ,双环科技,化工原料,主板,19970415,,L
000708.SZ,中信特钢,特种钢,主板,19970326,,L
000709.SZ,河钢股份,普钢,主板,19970416,,L
000710.SZ,贝瑞基因,医疗保健,主板,19970422,,L
000711.SZ,ST京蓝,环境保护,主板,19970411,,L
000712.SZ,锦龙股份,证券,主板,19970415,,L
000713.SZ,国投丰乐,种植业,主板,19970422,,L
000715.SZ,中兴商业,百货,主板,19970508,,L
000716.SZ,黑芝麻,食品,主板,19970418,,L
000717.SZ,中南股份,普钢,主板,19970508,,L
000718.SZ,苏宁环球,区域地产,主板,19970408,,L
000719.SZ,中原传媒,出版业,主板,19970331,,L
000720.SZ,新能泰山,电气设备,主板,19970509,,L
000721.SZ,西安饮食,酒店餐饮,主板,19970430,,L
000722.SZ,湖南发展,水力发电,主板,19970522,,L
000723.SZ,美锦能源,焦炭加工,主板,19970515,,L
000725.SZ,京东方A,元器件,主板,20010112,,L
000726.SZ,鲁泰A,纺织,主板,20001225,,L
000727.SZ,冠捷科技,元器件,主板,19970520,,L
000728.SZ,国元证券,证券,主板,19970616,,L
000729.SZ,燕京啤酒,啤酒,主板,19970716,,L
000730.SZ,*ST环保(退),,主板,19970522,20040924,D
000731.SZ,四川美丰,农药化肥,主板,19970617,,L
000732.SZ,ST泰禾(退),,主板,19970704,20230804,D
000733.SZ,振华科技,元器件,主板,19970703,,L
000735.SZ,罗牛山,农业综合,主板,19970611,,L
000736.SZ,中交发展,全国地产,主板,19970425,,L
000737.SZ,北方铜业,铜,主板,19970428,,L
000738.SZ,航发控制,航空,主板,19970626,,L
000739.SZ,普洛药业,化学制药,主板,19970509,,L
000748.SZ,长城信息(退),,主板,19970704,20170118,D
000750.SZ,国海证券,证券,主板,19970709,,L
000751.SZ,锌业股份,铅锌,主板,19970626,,L
000752.SZ,*ST西发,啤酒,主板,19970625,,L
000753.SZ,漳州发展,综合类,主板,19970626,,L
000755.SZ,山西高速,路桥,主板,19970627,,L
000756.SZ,新华制药,化学制药,主板,19970806,,L
000757.SZ,浩物股份,汽车服务,主板,19970627,,L
000758.SZ,中色股份,铅锌,主板,19970416,,L
000759.SZ,中百集团,超市连锁,主板,19970519,,L
000760.SZ,斯太退(退),,主板,19970627,20210723,D
000761.SZ,本钢板材,普钢,主板,19980115,,L
000762.SZ,西藏矿业,小金属,主板,19970708,,L
000763.SZ,锦州石化(退),,主板,19970915,20060104,D
000765.SZ,*ST华信(退),,主板,19971103,20050704,D
000766.SZ,通化金马,化学制药,主板,19970430,,L
000767.SZ,晋控电力,火力发电,主板,19970609,,L
000768.SZ,中航西飞,航空,主板,19970626,,L
000769.SZ,*ST大菲(退),,主板,19970530,20050921,D
000776.SZ,广发证券,证券,主板,19970611,,L
000777.SZ,中核科技,机械基件,主板,19970710,,L
000778.SZ,新兴铸管,钢加工,主板,19970606,,L
000779.SZ,甘咨询,建筑工程,主板,19970528,,L
000780.SZ,ST平能(退),,主板,19970606,20220124,D
000782.SZ,恒申新材,化纤,主板,19970619,,L
000783.SZ,长江证券,证券,主板,19970731,,L
000785.SZ,居然智家,百货,主板,19970711,,L
000786.SZ,北新建材,其他建材,主板,19970606,,L
000787.SZ,*ST创智(退),,主板,19970626,20130208,D
000788.SZ,北大医药,化学制药,主板,19970616,,L
000789.SZ,万年青,水泥,主板,19970923,,L
000790.SZ,华神科技,中成药,主板,19980327,,L
000791.SZ,甘肃能源,水力发电,主板,19971014,,L
000792.SZ,盐湖股份,农药化肥,主板,19970904,,L
000793.SZ,*ST华闻,出版业,主板,19970729,,L
000795.SZ,英洛华,矿物制品,主板,19970808,,L
000796.SZ,凯撒旅业,旅游服务,主板,19970703,,L
000797.SZ,中国武夷,全国地产,主板,19970715,,L
000798.SZ,中水渔业,渔业,主板,19980212,,L
000799.SZ,酒鬼酒,白酒,主板,19970718,,L
000800.SZ,一汽解放,汽车整车,主板,19970618,,L
000801.SZ,四川九洲,家用电器,主板,19980506,,L
000802.SZ,北京文化,影视音像,主板,19980108,,L
000803.SZ,山高环能,环境保护,主板,19980303,,L
000805.SZ,*ST炎黄(退),,主板,19980529,20130327,D
000806.SZ,银河退(退),,主板,19980416,20230706,D
000807.SZ,云铝股份,铝,主板,19980408,,L
000809.SZ,和展能源,电气设备,主板,19980616,,L
000810.SZ,创维数字,家用电器,主板,19980602,,L
000811.SZ,冰轮环境,工程机械,主板,19980528,,L
000812.SZ,陕西金叶,广告包装,主板,19980623,,L
000813.SZ,德展健康,化学制药,主板,19980519,,L
000815.SZ,美利云,通信设备,主板,19980609,,L
000816.SZ,智慧农业,农用机械,主板,19970818,,L
000817.SZ,辽河油田(退),,主板,19980528,20060104,D
000818.SZ,航锦科技,化工原料,主板,19971017,,L
000819.SZ,岳阳兴长,石油加工,主板,19970625,,L
000820.SZ,*ST节能,综合类,主板,19980630,,L
000821.SZ,ST京机,电气设备,主板,19980626,,L
000822.SZ,山东海化,化工原料,主板,19980703,,L
000823.SZ,超声电子,元器件,主板,19971008,,L
000825.SZ,太钢不锈,特种钢,主板,19981021,,L
000826.SZ,*ST启环,环境保护,主板,19980225,,L
000827.SZ,*ST长兴(退),,主板,19981016,20050921,D
000828.SZ,东莞控股,路桥,主板,19970617,,L
000829.SZ,天音控股,其他商业,主板,19971202,,L
000830.SZ,鲁西化工,化工原料,主板,19980807,,L
000831.SZ,中国稀土,小金属,主板,19980911,,L
000832.SZ,*ST龙涤(退),,主板,19980825,20060629,D
000833.SZ,粤桂股份,综合类,主板,19981111,,L
000835.SZ,长动退(退),,主板,19990625,20220523,D
000836.SZ,ST富通(退),,主板,19970929,20240812,D
000837.SZ,秦川机床,机床制造,主板,19980928,,L
000838.SZ,*ST发展,区域地产,主板,19970626,,L
000839.SZ,国安股份,综合类,主板,19971031,,L
000848.SZ,承德露露,软饮料,主板,19971113,,L
000850.SZ,华茂股份,纺织,主板,19981007,,L
000851.SZ,*ST高鸿(退),,主板,19980609,20251111,D
000852.SZ,石化机械,化工机械,主板,19981126,,L
000856.SZ,冀东装备,专用机械,主板,19980813,,L
000858.SZ,五粮液,白酒,主板,19980427,,L
000859.SZ,国风新材,塑料,主板,19981119,,L
000860.SZ,顺鑫农业,白酒,主板,19981104,,L
000861.SZ,海印股份(退),,主板,19981028,20240918,D
000862.SZ,银星能源,新型电力,主板,19980915,,L
000863.SZ,三湘印象,区域地产,主板,19970925,,L
000866.SZ,扬子石化(退),,主板,19980512,20060421,D
000868.SZ,安凯客车,汽车整车,主板,19970725,,L
000869.SZ,张裕A,红黄酒,主板,20001026,,L
000875.SZ,电投绿能,火力发电,主板,20020926,,L
000876.SZ,新希望,饲料,主板,19980311,,L
000877.SZ,天山股份,水泥,主板,19990107,,L
000878.SZ,云南铜业,铜,主板,19980602,,L
000880.SZ,潍柴重机,专用机械,主板,19980402,,L
000881.SZ,中广核技,化工原料,主板,19980902,,L
000882.SZ,华联股份,其他商业,主板,19980616,,L
000883.SZ,湖北能源,水力发电,主板,19980519,,L
000885.SZ,城发环境,环境保护,主板,19990319,,L
000886.SZ,海南高速,区域地产,主板,19980123,,L
000887.SZ,中鼎股份,汽车配件,主板,19981203,,L
000888.SZ,峨眉山A,旅游景点,主板,19971021,,L
000889.SZ,中嘉博创,通信设备,主板,19971218,,L
000890.SZ,法尔胜,环境保护,主板,19990119,,L
000892.SZ,欢瑞世纪,影视音像,主板,19990115,,L
000893.SZ,亚钾国际,农药化肥,主板,19981224,,L
000895.SZ,双汇发展,食品,主板,19981210,,L
000897.SZ,津滨发展,区域地产,主板,19990422,,L
000898.SZ,鞍钢股份,普钢,主板,19971225,,L
000899.SZ,赣能股份,火力发电,主板,19971126,,L
000900.SZ,现代投资,路桥,主板,19990128,,L
000901.SZ,航天科技,汽车配件,主板,19990401,,L
000902.SZ,新洋丰,农药化肥,主板,19990408,,L
000903.SZ,ST云动,汽车配件,主板,19990415,,L
000905.SZ,厦门港务,港口,主板,19990429,,L
000906.SZ,浙商中拓,仓储物流,主板,19990707,,L
000908.SZ,景峰医药,化学制药,主板,19990203,,L
000909.SZ,*ST数源,区域地产,主板,19990507,,L
000910.SZ,大亚圣象,家居用品,主板,19990630,,L
000911.SZ,*ST广糖,食品,主板,19990527,,L
000912.SZ,泸天化,农药化肥,主板,19990603,,L
000913.SZ,钱江摩托,摩托车,主板,19990514,,L
000915.SZ,华特达因,化学制药,主板,19990609,,L
000916.SZ,华北高速(退),,主板,19990927,20171225,D
000917.SZ,电广传媒,广告包装,主板,19990325,,L
000918.SZ,*ST嘉凯(退),,主板,19990720,20230728,D
000919.SZ,金陵药业,化学制药,主板,19991118,,L
000920.SZ,沃顿科技,塑料,主板,19990616,,L
000921.SZ,海信家电,家用电器,主板,19990713,,L
000922.SZ,佳电股份,电气设备,主板,19990618,,L
000923.SZ,河钢资源,普钢,主板,19990714,,L
000925.SZ,众合科技,运输设备,主板,19990611,,L
000926.SZ,福星股份,区域地产,主板,19990618,,L
000927.SZ,中国铁物,仓储物流,主板,19990727,,L
000928.SZ,中钢国际,建筑工程,主板,19990312,,L
000929.SZ,兰州黄河,啤酒,主板,19990623,,L
000930.SZ,中粮科技,农业综合,主板,19990712,,L
000931.SZ,中关村,化学制药,主板,19990712,,L
000932.SZ,华菱钢铁,普钢,主板,19990803,,L
000933.SZ,神火股份,铝,主板,19990831,,L
000935.SZ,四川双马,水泥,主板,19990824,,L
000936.SZ,华西股份,化纤,主板,19990810,,L
000937.SZ,冀中能源,煤炭开采,主板,19990909,,L
000938.SZ,紫光股份,IT设备,主板,19991104,,L
000939.SZ,凯迪退(退),,主板,19990923,20201217,D
000948.SZ,南天信息,软件服务,主板,19991014,,L
000949.SZ,新乡化纤,化纤,主板,19991021,,L
000950.SZ,重药控股,医药商业,主板,19990916,,L
000951.SZ,中国重汽,汽车整车,主板,19991125,,L
000952.SZ,广济药业,化学制药,主板,19991112,,L
000953.SZ,中哲精化,化学制药,主板,19991202,,L
000955.SZ,欣龙控股,纺织,主板,19991209,,L
000956.SZ,中原油气(退),,主板,19991110,20060421,D
000957.SZ,中通客车,汽车整车,主板,20000113,,L
000958.SZ,电投产融,新型电力,主板,19991223,,L
000959.SZ,首钢股份,普钢,主板,19991216,,L
000960.SZ,锡业股份,小金属,主板,20000221,,L
000961.SZ,ST中南(退),,主板,20000301,20240711,D
000962.SZ,东方钽业,小金属,主板,20000120,,L
000963.SZ,华东医药,化学制药,主板,20000127,,L
000965.SZ,天保基建,区域地产,主板,20000406,,L
000966.SZ,长源电力,火力发电,主板,20000316,,L
000967.SZ,盈峰环境,环境保护,主板,20000330,,L
000968.SZ,蓝焰控股,石油开采,主板,20000622,,L
000969.SZ,安泰科技,小金属,主板,20000529,,L
000970.SZ,中科三环,矿物制品,主板,20000420,,L
000971.SZ,*ST高升(退),,主板,20000427,20240724,D
000972.SZ,*ST中基,食品,主板,20000926,,L
000973.SZ,佛塑科技,塑料,主板,20000525,,L
000975.SZ,山金国际,黄金,主板,20000608,,L
000976.SZ,*ST华铁(退),,主板,20000601,20240827,D
000977.SZ,浪潮信息,IT设备,主板,20000608,,L
000978.SZ,桂林旅游,旅游景点,主板,20000518,,L
000979.SZ,中弘退(退),,主板,20000616,20181228,D
000980.SZ,众泰汽车,汽车配件,主板,20000616,,L
000981.SZ,山子高科,汽车配件,主板,20000622,,L
000982.SZ,中银绒业(退),,主板,20000706,20240812,D
000983.SZ,山西焦煤,煤炭开采,主板,20000726,,L
000985.SZ,大庆华科,化工原料,主板,20000726,,L
000987.SZ,越秀资本,多元金融,主板,20000718,,L
000988.SZ,华工科技,专用机械,主板,20000608,,L
000989.SZ,九芝堂,中成药,主板,20000628,,L
000990.SZ,诚志股份,化工原料,主板,20000706,,L
000993.SZ,闽东电力,水力发电,主板,20000731,,L
000995.SZ,皇台酒业,白酒,主板,20000807,,L
000996.SZ,中期退(退),,主板,20000718,20240628,D
000997.SZ,新大陆,IT设备,主板,20000807,,L
000998.SZ,隆平高科,种植业,主板,20001211,,L
000999.SZ,华润三九,中成药,主板,20000309,,L
001201.SZ,东瑞股份,农业综合,主板,20210428,,L
001202.SZ,炬申股份,仓储物流,主板,20210429,,L
001203.SZ,大中矿业,普钢,主板,20210510,,L
001205.SZ,盛航股份,水运,主板,20210513,,L
001206.SZ,依依股份,造纸,主板,20210518,,L
001207.SZ,联科科技,化工原料,主板,20210623,,L
001208.SZ,华菱线缆,电气设备,主板,20210624,,L
001209.SZ,洪兴股份,服饰,主板,20210723,,L
001210.SZ,金房能源,供气供热,主板,20210729,,L
001211.SZ,双枪科技,家居用品,主板,20210805,,L
001212.SZ,中旗新材,其他建材,主板,20210823,,L
001213.SZ,中铁特货,铁路,主板,20210908,,L
001215.SZ,千味央厨,食品,主板,20210906,,L
001216.SZ,华瓷股份,家居用品,主板,20211019,,L
001217.SZ,华尔泰,化工原料,主板,20210929,,L
001218.SZ,丽臣实业,化工原料,主板,20211015,,L
001219.SZ,青岛食品,食品,主板,20211021,,L
001220.SZ,世盟股份,仓储物流,主板,20260203,,L
001221.SZ,悍高集团,家居用品,主板,20250730,,L
001222.SZ,源飞宠物,文教休闲,主板,20220818,,L
001223.SZ,欧克科技,专用机械,主板,20221212,,L
001225.SZ,和泰机电,专用机械,主板,20230222,,L
001226.SZ,拓山重工,工程机械,主板,20220622,,L
001227.SZ,兰州银行,银行,主板,20220117,,L
001228.SZ,永泰运,仓储物流,主板,20220429,,L
001229.SZ,魅视科技,IT设备,主板,20220808,,L
001230.SZ,劲旅环境,环境保护,主板,20220715,,L
001231.SZ,农心科技,农药化肥,主板,20220819,,L
001233.SZ,海安集团,汽车配件,主板,20251125,,L
001234.SZ,泰慕士,服饰,主板,20220111,,L
001236.SZ,弘业期货,多元金融,主板,20220805,,L
001237.SZ,惠康科技,电气设备,主板,20260522,,L
001238.SZ,浙江正特,家居用品,主板,20220919,,L
001239.SZ,永达股份,工程机械,主板,20231212,,L
001255.SZ,博菲电气,电气设备,主板,20220930,,L
001256.SZ,炜冈科技,轻工机械,主板,20221205,,L
001257.SZ,盛龙股份,小金属,主板,20260331,,L
001258.SZ,立新能源,新型电力,主板,20220727,,L
001259.SZ,利仁科技,家用电器,主板,20220831,,L
001260.SZ,坤泰股份,汽车配件,主板,20230216,,L
001266.SZ,宏英智能,电器仪表,主板,20220228,,L
001267.SZ,汇绿生态,通信设备,主板,20211117,,L
001268.SZ,联合精密,机械基件,主板,20220630,,L
001269.SZ,欧晶科技,矿物制品,主板,20220930,,L
001270.SZ,铖昌科技,半导体,主板,20220606,,L
001277.SZ,速达股份,专用机械,主板,20240903,,L
001278.SZ,一彬科技,汽车配件,主板,20230308,,L
001279.SZ,强邦新材,广告包装,主板,20241011,,L
001280.SZ,中国铀业,小金属,主板,20251203,,L
001282.SZ,三联锻造,汽车配件,主板,20230524,,L
001283.SZ,豪鹏科技,电气设备,主板,20220905,,L
001285.SZ,瑞立科密,汽车配件,主板,20250930,,L
001286.SZ,陕西能源,火力发电,主板,20230410,,L
001287.SZ,中电港,元器件,主板,20230410,,L
001288.SZ,运机集团,专用机械,主板,20211101,,L
001289.SZ,龙源电力,新型电力,主板,20220124,,L
001296.SZ,长江材料,其他建材,主板,20211224,,L
001298.SZ,好上好,元器件,主板,20221031,,L
001299.SZ,美能能源,供气供热,主板,20221031,,L
001300.SZ,三柏硕,文教休闲,主板,20221019,,L
001301.SZ,尚太科技,电气设备,主板,20221228,,L
001306.SZ,夏厦精密,机械基件,主板,20231116,,L
001308.SZ,康冠科技,元器件,主板,20220318,,L
001309.SZ,德明利,半导体,主板,20220701,,L
001311.SZ,多利科技,汽车配件,主板,20230227,,L
001312.SZ,福恩股份,纺织,主板,20260421,,L
001313.SZ,粤海饲料,饲料,主板,20220216,,L
001314.SZ,亿道信息,元器件,主板,20230214,,L
001316.SZ,润贝航科,批发业,主板,20220624,,L
001317.SZ,三羊马,铁路,主板,20211130,,L
001318.SZ,阳光乳业,乳制品,主板,20220520,,L
001319.SZ,铭科精技,汽车配件,主板,20220512,,L
001322.SZ,箭牌家居,家居用品,主板,20221026,,L
001323.SZ,慕思股份,家居用品,主板,20220623,,L
001324.SZ,长青科技,运输设备,主板,20230522,,L
001325.SZ,元创股份,橡胶,主板,20251218,,L
001326.SZ,联域股份,电气设备,主板,20231109,,L
001328.SZ,登康口腔,日用化工,主板,20230410,,L
001330.SZ,博纳影业,影视音像,主板,20220818,,L
001331.SZ,胜通能源,供气供热,主板,20220908,,L
001332.SZ,锡装股份,专用机械,主板,20220920,,L
001333.SZ,光华股份,化工原料,主板,20221208,,L
001335.SZ,信凯科技,化工原料,主板,20250415,,L
001336.SZ,楚环科技,专用机械,主板,20220725,,L
001337.SZ,四川黄金,黄金,主板,20230303,,L
001338.SZ,永顺泰,啤酒,主板,20221116,,L
001339.SZ,智微智能,IT设备,主板,20220815,,L
001356.SZ,富岭股份,塑料,主板,20250123,,L
001358.SZ,兴欣新材,化工原料,主板,20231221,,L
001359.SZ,平安电工,矿物制品,主板,20240328,,L
001360.SZ,南矿集团,工程机械,主板,20230410,,L
001365.SZ,天海电子,汽车配件,主板,20260518,,L
001366.SZ,播恩集团,饲料,主板,20230307,,L
001367.SZ,海森药业,化学制药,主板,20230410,,L
001368.SZ,通达创智,文教休闲,主板,20230313,,L
001369.SZ,双欣材料,化纤,主板,20251230,,L
001373.SZ,翔腾新材,元器件,主板,20230601,,L
001376.SZ,百通能源,供气供热,主板,20231103,,L
001378.SZ,德冠新材,塑料,主板,20231030,,L
001379.SZ,腾达科技,机械基件,主板,20240119,,L
001380.SZ,华纬科技,汽车配件,主板,20230516,,L
001382.SZ,新亚电缆,电气设备,主板,20250321,,L
001386.SZ,马可波罗,家居用品,主板,20251022,,L
001387.SZ,雪祺电气,家用电器,主板,20240111,,L
001388.SZ,信通电子,电气设备,主板,20250701,,L
001389.SZ,广合科技,元器件,主板,20240402,,L
001390.SZ,古麒绒材,纺织,主板,20250529,,L
001391.SZ,国货航,仓储物流,主板,20241230,,L
001393.SZ,维通利,电气设备,主板,20260515,,L
001395.SZ,亚联机械,专用机械,主板,20250127,,L
001396.SZ,誉帆科技,建筑工程,主板,20251230,,L
001400.SZ,江顺科技,专用机械,主板,20250424,,L
001696.SZ,宗申动力,摩托车,主板,19970306,,L
001872.SZ,招商港口,港口,主板,19930505,,L
001896.SZ,豫能控股,火力发电,主板,19980122,,L
001914.SZ,招商积余,房产服务,主板,19940928,,L
001965.SZ,招商公路,路桥,主板,20171225,,L
001979.SZ,招商蛇口,全国地产,主板,20151230,,L
002001.SZ,新和成,化学制药,主板,20040625,,L
002002.SZ,ST鸿达(退),,主板,20040625,20240318,D
002003.SZ,伟星股份,服饰,主板,20040625,,L
002004.SZ,华邦健康,农药化肥,主板,20040625,,L
002005.SZ,ST德豪,家用电器,主板,20040625,,L
002006.SZ,精工科技,专用机械,主板,20040625,,L
002007.SZ,华兰生物,生物制药,主板,20040625,,L
002008.SZ,大族激光,专用机械,主板,20040625,,L
002009.SZ,天奇股份,工程机械,主板,20040629,,L
002010.SZ,传化智联,仓储物流,主板,20040629,,L
002011.SZ,盾安环境,家用电器,主板,20040705,,L
002012.SZ,凯恩股份,造纸,主板,20040705,,L
002013.SZ,中航机电(退),,主板,20040705,20230317,D
002014.SZ,永新股份,塑料,主板,20040708,,L
002015.SZ,协鑫能科,新型电力,主板,20040708,,L
002016.SZ,世荣兆业,区域地产,主板,20040708,,L
002017.SZ,东信和平,通信设备,主板,20040713,,L
002018.SZ,华信退(退),,主板,20040713,20191101,D
002019.SZ,亿帆医药,化学制药,主板,20040713,,L
002020.SZ,京新药业,化学制药,主板,20040715,,L
002021.SZ,中捷资源,纺织机械,主板,20040715,,L
002022.SZ,科华生物,医疗保健,主板,20040721,,L
002023.SZ,海特高新,航空,主板,20040721,,L
002024.SZ,ST易购,电器连锁,主板,20040721,,L
002025.SZ,航天电器,元器件,主板,20040726,,L
002026.SZ,山东威达,机械基件,主板,20040727,,L
002027.SZ,分众传媒,广告包装,主板,20040804,,L
002028.SZ,思源电气,电气设备,主板,20040805,,L
002029.SZ,七匹狼,服饰,主板,20040806,,L
002030.SZ,达安基因,医疗保健,主板,20040809,,L
002031.SZ,巨轮智能,汽车配件,主板,20040816,,L
002032.SZ,苏泊尔,家用电器,主板,20040817,,L
002033.SZ,丽江股份,旅游景点,主板,20040825,,L
002034.SZ,旺能环境,环境保护,主板,20040826,,L
002035.SZ,华帝股份,家用电器,主板,20040901,,L
002036.SZ,联创电子,元器件,主板,20040903,,L
002037.SZ,保利联合,化工原料,主板,20040908,,L
002038.SZ,双鹭药业,生物制药,主板,20040909,,L
002039.SZ,黔源电力,水力发电,主板,20050303,,L
002040.SZ,南京港,港口,主板,20050325,,L
002041.SZ,登海种业,种植业,主板,20050418,,L
002042.SZ,华孚时尚,纺织,主板,20050427,,L
002043.SZ,兔宝宝,其他建材,主板,20050510,,L
002044.SZ,美年健康,医疗保健,主板,20050518,,L
002045.SZ,国光电器,元器件,主板,20050523,,L
002046.SZ,国机精工,机械基件,主板,20050526,,L
002047.SZ,宝鹰股份,装修装饰,主板,20050531,,L
002048.SZ,宁波华翔,汽车配件,主板,20050603,,L
002049.SZ,紫光国微,半导体,主板,20050606,,L
002050.SZ,三花智控,家用电器,主板,20050607,,L
002051.SZ,中工国际,建筑工程,主板,20060619,,L
002052.SZ,同洲电子,家用电器,主板,20060627,,L
002053.SZ,云南能投,新型电力,主板,20060627,,L
002054.SZ,德美化工,染料涂料,主板,20060725,,L
002055.SZ,ST得润,元器件,主板,20060725,,L
002056.SZ,横店东磁,电气设备,主板,20060802,,L
002057.SZ,中钢天源,矿物制品,主板,20060802,,L
002058.SZ,威尔泰,电气设备,主板,20060802,,L
002059.SZ,云南旅游,旅游景点,主板,20060810,,L
002060.SZ,广东建工,建筑工程,主板,20060810,,L
002061.SZ,浙江交科,建筑工程,主板,20060816,,L
002062.SZ,宏润建设,建筑工程,主板,20060816,,L
002063.SZ,远光软件,软件服务,主板,20060823,,L
002064.SZ,华峰化学,化纤,主板,20060823,,L
002065.SZ,东华软件,软件服务,主板,20060823,,L
002066.SZ,瑞泰科技,其他建材,主板,20060823,,L
002067.SZ,景兴纸业,造纸,主板,20060915,,L
002068.SZ,黑猫股份,化工原料,主板,20060915,,L
002069.SZ,獐子岛,渔业,主板,20060928,,L
002070.SZ,众和退(退),,主板,20061012,20190709,D
002071.SZ,长城退(退),,主板,20061012,20210507,D
002072.SZ,凯瑞德,商贸代理,主板,20061018,,L
002073.SZ,软控股份,专用机械,主板,20061018,,L
002074.SZ,国轩高科,电气设备,主板,20061018,,L
002075.SZ,沙钢股份,特种钢,主板,20061025,,L
002076.SZ,星光股份,家用电器,主板,20061025,,L
002077.SZ,大港股份,半导体,主板,20061116,,L
002078.SZ,太阳纸业,造纸,主板,20061116,,L
002079.SZ,苏州固锝,电气设备,主板,20061116,,L
002080.SZ,中材科技,玻璃,主板,20061120,,L
002081.SZ,金螳螂,装修装饰,主板,20061120,,L
002082.SZ,ST万邦,中成药,主板,20061120,,L
002083.SZ,孚日股份,纺织,主板,20061124,,L
002084.SZ,海鸥住工,家居用品,主板,20061124,,L
002085.SZ,万丰奥威,汽车配件,主板,20061128,,L
002086.SZ,东方海洋,渔业,主板,20061128,,L
002087.SZ,新纺退(退),,主板,20061130,20240628,D
002088.SZ,鲁阳节能,矿物制品,主板,20061130,,L
002089.SZ,新海退(退),,主板,20061130,20240418,D
002090.SZ,金智科技,电气设备,主板,20061208,,L
002091.SZ,江苏国泰,商贸代理,主板,20061208,,L
002092.SZ,中泰化学,化工原料,主板,20061208,,L
002093.SZ,国脉科技,文教休闲,主板,20061215,,L
002094.SZ,青岛金王,日用化工,主板,20061215,,L
002095.SZ,生意宝,互联网,主板,20061215,,L
002096.SZ,易普力,化工原料,主板,20061222,,L
002097.SZ,山河智能,工程机械,主板,20061222,,L
002098.SZ,浔兴股份,服饰,主板,20061222,,L
002099.SZ,海翔药业,化学制药,主板,20061226,,L
002100.SZ,天康生物,饲料,主板,20061226,,L
002101.SZ,广东鸿图,汽车配件,主板,20061229,,L
002102.SZ,ST能特,化学制药,主板,20061229,,L
002103.SZ,广博股份,文教休闲,主板,20070110,,L
002104.SZ,恒宝股份,通信设备,主板,20070110,,L
002105.SZ,信隆健康,摩托车,主板,20070112,,L
002106.SZ,莱宝高科,元器件,主板,20070112,,L
002107.SZ,沃华医药,中成药,主板,20070124,,L
002108.SZ,沧州明珠,塑料,主板,20070124,,L
002109.SZ,ST兴化,化工原料,主板,20070126,,L
002110.SZ,三钢闽光,普钢,主板,20070126,,L
002111.SZ,威海广泰,航空,主板,20070126,,L
002112.SZ,三变科技,电气设备,主板,20070208,,L
002113.SZ,*ST天润(退),,主板,20070208,20230811,D
002114.SZ,罗平锌电,铅锌,主板,20070215,,L
002115.SZ,三维通信,互联网,主板,20070215,,L
002116.SZ,中国海诚,建筑工程,主板,20070215,,L
002117.SZ,东港股份,广告包装,主板,20070302,,L
002118.SZ,*ST紫鑫(退),,主板,20070302,20230804,D
002119.SZ,康强电子,半导体,主板,20070302,,L
002120.SZ,韵达股份,仓储物流,主板,20070306,,L
002121.SZ,科陆电子,电器仪表,主板,20070306,,L
002122.SZ,ST汇洲,机床制造,主板,20070328,,L
002123.SZ,梦网科技,互联网,主板,20070328,,L
002124.SZ,天邦食品,农业综合,主板,20070403,,L
002125.SZ,湘潭电化,化工原料,主板,20070403,,L
002126.SZ,银轮股份,汽车配件,主板,20070418,,L
002127.SZ,南极电商,互联网,主板,20070418,,L
002128.SZ,电投能源,煤炭开采,主板,20070418,,L
002129.SZ,TCL中环,电气设备,主板,20070420,,L
002130.SZ,沃尔核材,电气设备,主板,20070420,,L
002131.SZ,利欧股份,互联网,主板,20070427,,L
002132.SZ,恒星科技,钢加工,主板,20070427,,L
002133.SZ,广宇集团,全国地产,主板,20070427,,L
002134.SZ,天津普林,元器件,主板,20070516,,L
002135.SZ,东南网架,钢加工,主板,20070530,,L
002136.SZ,安纳达,化工原料,主板,20070530,,L
002137.SZ,实益达,元器件,主板,20070613,,L
002138.SZ,顺络电子,元器件,主板,20070613,,L
002139.SZ,拓邦股份,元器件,主板,20070629,,L
002140.SZ,东华科技,建筑工程,主板,20070712,,L
002141.SZ,贤丰控股,农业综合,主板,20070720,,L
002142.SZ,宁波银行,银行,主板,20070719,,L
002143.SZ,印纪退(退),,主板,20070720,20191129,D
002144.SZ,宏达高科,纺织,主板,20070803,,L
002145.SZ,钛能化学,化工原料,主板,20070803,,L
002146.SZ,荣盛发展,全国地产,主板,20070808,,L
002147.SZ,新光退(退),,主板,20070808,20220623,D
002148.SZ,北纬科技,互联网,主板,20070810,,L
002149.SZ,西部材料,小金属,主板,20070810,,L
002150.SZ,正泰电源,机械基件,主板,20070810,,L
002151.SZ,北斗星通,通信设备,主板,20070813,,L
002152.SZ,广电运通,IT设备,主板,20070813,,L
002153.SZ,石基信息,软件服务,主板,20070813,,L
002154.SZ,报喜鸟,服饰,主板,20070816,,L
002155.SZ,湖南黄金,黄金,主板,20070816,,L
002156.SZ,通富微电,半导体,主板,20070816,,L
002157.SZ,正邦科技,农业综合,主板,20070817,,L
002158.SZ,汉钟精机,工程机械,主板,20070817,,L
002159.SZ,三特索道,旅游服务,主板,20070817,,L
002160.SZ,常铝股份,铝,主板,20070821,,L
002161.SZ,远望谷,通信设备,主板,20070821,,L
002162.SZ,悦心健康,陶瓷,主板,20070823,,L
002163.SZ,海南发展,装修装饰,主板,20070823,,L
002164.SZ,宁波东力,机械基件,主板,20070823,,L
002165.SZ,红宝丽,化工原料,主板,20070913,,L
002166.SZ,莱茵生物,中成药,主板,20070913,,L
002167.SZ,东方锆业,小金属,主板,20070913,,L
002168.SZ,ST惠程,电气设备,主板,20070919,,L
002169.SZ,智光电气,电气设备,主板,20070919,,L
002170.SZ,芭田股份,农药化肥,主板,20070919,,L
002171.SZ,楚江新材,铜,主板,20070921,,L
002172.SZ,澳洋健康,医疗保健,主板,20070921,,L
002173.SZ,创新医疗,医疗保健,主板,20070925,,L
002174.SZ,游族网络,互联网,主板,20070925,,L
002175.SZ,*ST东智,电器仪表,主板,20071012,,L
002176.SZ,江特电机,小金属,主板,20071012,,L
002177.SZ,御银股份,其他商业,主板,20071101,,L
002178.SZ,延华智能,软件服务,主板,20071101,,L
002179.SZ,中航光电,元器件,主板,20071101,,L
002180.SZ,奔图科技,IT设备,主板,20071113,,L
002181.SZ,粤传媒,出版业,主板,20071116,,L
002182.SZ,宝武镁业,小金属,主板,20071113,,L
002183.SZ,怡亚通,仓储物流,主板,20071113,,L
002184.SZ,海得控制,机械基件,主板,20071116,,L
002185.SZ,华天科技,半导体,主板,20071120,,L
002186.SZ,全聚德,酒店餐饮,主板,20071120,,L
002187.SZ,广百股份,百货,主板,20071122,,L
002188.SZ,中天服务,房产服务,主板,20071122,,L
002189.SZ,中光学,元器件,主板,20071203,,L
002190.SZ,成飞集成,汽车配件,主板,20071203,,L
002191.SZ,劲嘉股份,广告包装,主板,20071205,,L
002192.SZ,融捷股份,小金属,主板,20071205,,L
002193.SZ,ST如意,纺织,主板,20071207,,L
002194.SZ,武汉凡谷,通信设备,主板,20071207,,L
002195.SZ,岩山科技,软件服务,主板,20071212,,L
002196.SZ,方正电机,纺织机械,主板,20071212,,L
002197.SZ,证通电子,IT设备,主板,20071218,,L
002198.SZ,ST嘉应,中成药,主板,20071218,,L
002199.SZ,*ST东晶,元器件,主板,20071221,,L
002200.SZ,交投生态,建筑工程,主板,20071221,,L
002201.SZ,九鼎新材,玻璃,主板,20071226,,L
002202.SZ,金风科技,电气设备,主板,20071226,,L
002203.SZ,海亮股份,铜,主板,20080116,,L
002204.SZ,大连重工,专用机械,主板,20080116,,L
002205.SZ,国统股份,水泥,主板,20080123,,L
002206.SZ,海利得,化纤,主板,20080123,,L
002207.SZ,*ST准油,石油开采,主板,20080128,,L
002208.SZ,合肥城建,区域地产,主板,20080128,,L
002209.SZ,达意隆,轻工机械,主板,20080130,,L
002210.SZ,飞马国际,环境保护,主板,20080130,,L
002211.SZ,ST宏达,橡胶,主板,20080201,,L
002212.SZ,天融信,软件服务,主板,20080201,,L
002213.SZ,大为股份,半导体,主板,20080201,,L
002214.SZ,*ST大立,电器仪表,主板,20080218,,L
002215.SZ,诺普信,农药化肥,主板,20080218,,L
002216.SZ,三全食品,食品,主板,20080220,,L
002217.SZ,ST合力泰,元器件,主板,20080220,,L
002218.SZ,拓日新能,新型电力,主板,20080228,,L
002219.SZ,新里程,医疗保健,主板,20080306,,L
002220.SZ,天宝退(退),,主板,20080228,20200811,D
002221.SZ,东华能源,石油加工,主板,20080306,,L
002222.SZ,福晶科技,元器件,主板,20080319,,L
002223.SZ,鱼跃医疗,医疗保健,主板,20080418,,L
002224.SZ,三力士,橡胶,主板,20080425,,L
002225.SZ,濮耐股份,其他建材,主板,20080425,,L
002226.SZ,江南化工,化工原料,主板,20080506,,L
002227.SZ,*ST特迅,电气设备,主板,20080506,,L
002228.SZ,合兴包装,广告包装,主板,20080508,,L
002229.SZ,鸿博股份,广告包装,主板,20080508,,L
002230.SZ,科大讯飞,软件服务,主板,20080512,,L
002231.SZ,*ST奥维,通信设备,主板,20080512,20260327,D
002232.SZ,启明信息,软件服务,主板,20080509,,L
002233.SZ,塔牌集团,水泥,主板,20080516,,L
002234.SZ,民和股份,农业综合,主板,20080516,,L
002235.SZ,安妮股份,造纸,主板,20080516,,L
002236.SZ,大华股份,IT设备,主板,20080520,,L
002237.SZ,恒邦股份,黄金,主板,20080520,,L
002238.SZ,天威视讯,影视音像,主板,20080526,,L
002239.SZ,奥特佳,汽车配件,主板,20080522,,L
002240.SZ,盛新锂能,小金属,主板,20080523,,L
002241.SZ,歌尔股份,元器件,主板,20080522,,L
002242.SZ,九阳股份,家用电器,主板,20080528,,L
002243.SZ,力合科创,广告包装,主板,20080528,,L
002244.SZ,滨江集团,区域地产,主板,20080529,,L
002245.SZ,蔚蓝锂芯,电气设备,主板,20080605,,L
002246.SZ,北化股份,化工原料,主板,20080605,,L
002247.SZ,聚力文化,其他建材,主板,20080612,,L
002248.SZ,华东数控,机床制造,主板,20080612,,L
002249.SZ,大洋电机,电气设备,主板,20080619,,L
002250.SZ,联化科技,化工原料,主板,20080619,,L
002251.SZ,步步高,超市连锁,主板,20080619,,L
002252.SZ,上海莱士,生物制药,主板,20080623,,L
002253.SZ,*ST智胜,软件服务,主板,20080623,,L
002254.SZ,泰和新材,化纤,主板,20080625,,L
002255.SZ,海陆重工,专用机械,主板,20080625,,L
002256.SZ,兆新股份,新型电力,主板,20080625,,L
002258.SZ,利尔化学,农药化肥,主板,20080708,,L
002259.SZ,升达林业,供气供热,主板,20080716,,L
002260.SZ,德奥退(退),,主板,20080716,20220617,D
002261.SZ,拓维信息,软件服务,主板,20080723,,L
002262.SZ,恩华药业,化学制药,主板,20080723,,L
002263.SZ,大东南,塑料,主板,20080728,,L
002264.SZ,新华都,互联网,主板,20080731,,L
002265.SZ,建设工业,专用机械,主板,20080806,,L
002266.SZ,浙富控股,环境保护,主板,20080806,,L
002267.SZ,陕天然气,供气供热,主板,20080813,,L
002268.SZ,电科网安,IT设备,主板,20080811,,L
002269.SZ,美邦服饰,服饰,主板,20080828,,L
002270.SZ,华明装备,电气设备,主板,20080905,,L
002271.SZ,东方雨虹,其他建材,主板,20080910,,L
002272.SZ,川润股份,机械基件,主板,20080919,,L
002273.SZ,水晶光电,元器件,主板,20080919,,L
002274.SZ,华昌化工,农药化肥,主板,20080925,,L
002275.SZ,桂林三金,中成药,主板,20090710,,L
002276.SZ,万马股份,电气设备,主板,20090710,,L
002277.SZ,友阿股份,百货,主板,20090717,,L
002278.SZ,神开股份,化工机械,主板,20090811,,L
002279.SZ,久其软件,软件服务,主板,20090811,,L
002280.SZ,ST联络(退),,主板,20090821,20240816,D
002281.SZ,光迅科技,通信设备,主板,20090821,,L
002282.SZ,博深股份,机械基件,主板,20090821,,L
002283.SZ,天润工业,汽车配件,主板,20090821,,L
002284.SZ,亚太股份,汽车配件,主板,20090828,,L
002285.SZ,世联行,房产服务,主板,20090828,,L
002286.SZ,保龄宝,食品,主板,20090828,,L
002287.SZ,奇正藏药,中成药,主板,20090828,,L
002288.SZ,*ST超华(退),,主板,20090903,20240819,D
002289.SZ,*ST宇顺,元器件,主板,20090903,,L
002290.SZ,禾盛新材,家用电器,主板,20090903,,L
002291.SZ,遥望科技,广告包装,主板,20090903,,L
002292.SZ,奥飞娱乐,影视音像,主板,20090910,,L
002293.SZ,罗莱生活,纺织,主板,20090910,,L
002294.SZ,信立泰,化学制药,主板,20090910,,L
002295.SZ,精艺股份,铜,主板,20090929,,L
002296.SZ,辉煌科技,通信设备,主板,20090929,,L
002297.SZ,博云新材,航空,主板,20090929,,L
002298.SZ,中电鑫龙,电气设备,主板,20090929,,L
002299.SZ,圣农发展,农业综合,主板,20091021,,L
002300.SZ,太阳电缆,电气设备,主板,20091021,,L
002301.SZ,齐心集团,文教休闲,主板,20091021,,L
002302.SZ,西部建设,水泥,主板,20091103,,L
002303.SZ,美盈森,造纸,主板,20091103,,L
002304.SZ,洋河股份,白酒,主板,20091106,,L
002305.SZ,*ST南置,区域地产,主板,20091106,,L
002306.SZ,ST云网,酒店餐饮,主板,20091111,,L
002307.SZ,北新路桥,建筑工程,主板,20091111,,L
002308.SZ,*ST威创(退),,主板,20091127,20240927,D
002309.SZ,中利集团,电气设备,主板,20091127,,L
002310.SZ,东方新能,新型电力,主板,20091127,,L
002311.SZ,海大集团,饲料,主板,20091127,,L
002312.SZ,川发龙蟒,化工原料,主板,20091203,,L
002313.SZ,日海智能,通信设备,主板,20091203,,L
002314.SZ,南山控股,区域地产,主板,20091203,,L
002315.SZ,焦点科技,互联网,主板,20091209,,L
002316.SZ,亚联发展,软件服务,主板,20091209,,L
002317.SZ,众生药业,中成药,主板,20091211,,L
002318.SZ,久立特材,特种钢,主板,20091211,,L
002319.SZ,乐通股份,染料涂料,主板,20091211,,L
002320.SZ,海峡股份,水运,主板,20091216,,L
002321.SZ,华英农业,农业综合,主板,20091216,,L
002322.SZ,理工能科,软件服务,主板,20091218,,L
002323.SZ,*ST雅博,建筑工程,主板,20091218,,L
002324.SZ,普利特,塑料,主板,20091218,,L
002325.SZ,*ST洪涛(退),,主板,20091222,20240815,D
002326.SZ,永太科技,化工原料,主板,20091222,,L
002327.SZ,富安娜,纺织,主板,20091230,,L
002328.SZ,新朋股份,汽车配件,主板,20091230,,L
002329.SZ,皇氏集团,乳制品,主板,20100106,,L
002330.SZ,得利斯,食品,主板,20100106,,L
002331.SZ,皖通科技,软件服务,主板,20100106,,L
002332.SZ,仙琚制药,化学制药,主板,20100112,,L
002333.SZ,罗普斯金,其他建材,主板,20100112,,L
002334.SZ,英威腾,电气设备,主板,20100113,,L
002335.SZ,科华数据,电气设备,主板,20100113,,L
002336.SZ,人乐退(退),,主板,20100113,20250704,D
002337.SZ,赛象科技,化工机械,主板,20100115,,L
002338.SZ,奥普光电,电器仪表,主板,20100115,,L
002339.SZ,积成电子,电气设备,主板,20100122,,L
002340.SZ,格林美,小金属,主板,20100122,,L
002341.SZ,ST新纶(退),,主板,20100122,20240823,D
002342.SZ,巨力索具,机械基件,主板,20100126,,L
002343.SZ,慈文传媒,影视音像,主板,20100126,,L
002344.SZ,海宁皮城,商品城,主板,20100126,,L
002345.SZ,潮宏基,服饰,主板,20100128,,L
002346.SZ,柘中股份,电气设备,主板,20100128,,L
002347.SZ,泰尔股份,机械基件,主板,20100128,,L
002348.SZ,高乐股份,文教休闲,主板,20100203,,L
002349.SZ,精华制药,中成药,主板,20100203,,L
002350.SZ,北京科锐,电气设备,主板,20100203,,L
002351.SZ,漫步者,IT设备,主板,20100205,,L
002352.SZ,顺丰控股,仓储物流,主板,20100205,,L
002353.SZ,杰瑞股份,化工机械,主板,20100205,,L
002354.SZ,天娱数科,互联网,主板,20100209,,L
002355.SZ,兴民智通,汽车配件,主板,20100209,,L
002356.SZ,赫美集团,其他商业,主板,20100209,,L
002357.SZ,富临运业,公共交通,主板,20100210,,L
002358.SZ,森源电气,电气设备,主板,20100210,,L
002359.SZ,北讯退(退),,主板,20100210,20210723,D
002360.SZ,ST同德,化工原料,主板,20100303,,L
002361.SZ,神剑股份,化工原料,主板,20100303,,L
002362.SZ,汉王科技,软件服务,主板,20100303,,L
002363.SZ,隆基机械,汽车配件,主板,20100305,,L
002364.SZ,中恒电气,电气设备,主板,20100305,,L
002365.SZ,永安药业,化学制药,主板,20100305,,L
002366.SZ,融发核电,专用机械,主板,20100312,,L
002367.SZ,康力电梯,运输设备,主板,20100312,,L
002368.SZ,太极股份,软件服务,主板,20100312,,L
002369.SZ,卓翼科技,通信设备,主板,20100316,,L
002370.SZ,亚太药业,化学制药,主板,20100316,,L
002371.SZ,北方华创,半导体,主板,20100316,,L
002372.SZ,伟星新材,其他建材,主板,20100318,,L
002373.SZ,千方科技,软件服务,主板,20100318,,L
002374.SZ,中锐股份,广告包装,主板,20100318,,L
002375.SZ,亚厦股份,装修装饰,主板,20100323,,L
002376.SZ,新北洋,IT设备,主板,20100323,,L
002377.SZ,国创高新,其他建材,主板,20100323,,L
002378.SZ,章源钨业,小金属,主板,20100331,,L
002379.SZ,宏桥控股,铝,主板,20100331,,L
002380.SZ,科远智慧,软件服务,主板,20100331,,L
002381.SZ,双箭股份,橡胶,主板,20100402,,L
002382.SZ,蓝帆医疗,医疗保健,主板,20100402,,L
002383.SZ,合众思壮,通信设备,主板,20100402,,L
002384.SZ,东山精密,元器件,主板,20100409,,L
002385.SZ,大北农,饲料,主板,20100409,,L
002386.SZ,天原股份,化工原料,主板,20100409,,L
002387.SZ,维信诺,元器件,主板,20100413,,L
002388.SZ,新亚制程,元器件,主板,20100413,,L
002389.SZ,航天彩虹,航空,主板,20100413,,L
002390.SZ,信邦制药,医药商业,主板,20100416,,L
002391.SZ,长青股份,农药化肥,主板,20100416,,L
002392.SZ,北京利尔,其他建材,主板,20100423,,L
002393.SZ,力生制药,化学制药,主板,20100423,,L
002394.SZ,联发股份,纺织,主板,20100423,,L
002395.SZ,双象股份,塑料,主板,20100429,,L
002396.SZ,星网锐捷,通信设备,主板,20100623,,L
002397.SZ,梦洁股份,纺织,主板,20100429,,L
002398.SZ,垒知集团,其他建材,主板,20100506,,L
002399.SZ,海普瑞,化学制药,主板,20100506,,L
002400.SZ,省广集团,广告包装,主板,20100506,,L
002401.SZ,中远海科,软件服务,主板,20100506,,L
002402.SZ,和而泰,元器件,主板,20100511,,L
002403.SZ,爱仕达,家用电器,主板,20100511,,L
002404.SZ,嘉欣丝绸,纺织,主板,20100511,,L
002405.SZ,四维图新,软件服务,主板,20100518,,L
002406.SZ,远东传动,汽车配件,主板,20100518,,L
002407.SZ,多氟多,化工原料,主板,20100518,,L
002408.SZ,齐翔腾达,化工原料,主板,20100518,,L
002409.SZ,雅克科技,半导体,主板,20100525,,L
002410.SZ,广联达,软件服务,主板,20100525,,L
002411.SZ,必康退(退),,主板,20100525,20230712,D
002412.SZ,汉森制药,中成药,主板,20100525,,L
002413.SZ,雷科防务,通信设备,主板,20100528,,L
002414.SZ,高德红外,电器仪表,主板,20100716,,L
002415.SZ,海康威视,IT设备,主板,20100528,,L
002416.SZ,爱施德,电器连锁,主板,20100528,,L
002417.SZ,深南退(退),,主板,20100601,20230710,D
002418.SZ,康盛股份,家用电器,主板,20100601,,L
002419.SZ,天虹股份,百货,主板,20100601,,L
002420.SZ,毅昌科技,家用电器,主板,20100601,,L
002421.SZ,达实智能,软件服务,主板,20100603,,L
002422.SZ,科伦药业,化学制药,主板,20100603,,L
002423.SZ,中粮资本,多元金融,主板,20100603,,L
002424.SZ,ST百灵,中成药,主板,20100603,,L
002425.SZ,凯撒文化,互联网,主板,20100608,,L
002426.SZ,胜利精密,元器件,主板,20100608,,L
002427.SZ,尤夫股份,化纤,主板,20100608,,L
002428.SZ,云南锗业,小金属,主板,20100608,,L
002429.SZ,兆驰股份,家用电器,主板,20100610,,L
002430.SZ,杭氧股份,化工机械,主板,20100610,,L
002431.SZ,ST棕榈,建筑工程,主板,20100610,,L
002432.SZ,九安医疗,医疗保健,主板,20100610,,L
002433.SZ,太安退(退),,主板,20100618,20240705,D
002434.SZ,万里扬,汽车配件,主板,20100618,,L
002435.SZ,ST长康(退),,主板,20100618,20240815,D
002436.SZ,兴森科技,元器件,主板,20100618,,L
002437.SZ,誉衡药业,化学制药,主板,20100623,,L
002438.SZ,江苏神通,机械基件,主板,20100623,,L
002439.SZ,启明星辰,软件服务,主板,20100623,,L
002440.SZ,闰土股份,染料涂料,主板,20100706,,L
002441.SZ,众业达,电气设备,主板,20100706,,L
002442.SZ,龙星科技,化工原料,主板,20100706,,L
002443.SZ,金洲管道,钢加工,主板,20100706,,L
002444.SZ,巨星科技,轻工机械,主板,20100713,,L
002445.SZ,中南文化,钢加工,主板,20100713,,L
002446.SZ,盛路通信,通信设备,主板,20100713,,L
002447.SZ,晨鑫退(退),,主板,20100713,20220627,D
002448.SZ,中原内配,汽车配件,主板,20100716,,L
002449.SZ,国星光电,半导体,主板,20100716,,L
002450.SZ,康得退(退),,主板,20100716,20210531,D
002451.SZ,摩恩电气,电气设备,主板,20100720,,L
002452.SZ,长高电气,电气设备,主板,20100720,,L
002453.SZ,华软科技,化工原料,主板,20100720,,L
002454.SZ,松芝股份,汽车配件,主板,20100720,,L
002455.SZ,百川股份,化工原料,主板,20100803,,L
002456.SZ,欧菲光,元器件,主板,20100803,,L
002457.SZ,青龙管业,塑料,主板,20100803,,L
002458.SZ,益生股份,农业综合,主板,20100810,,L
002459.SZ,晶澳科技,电气设备,主板,20100810,,L
002460.SZ,赣锋锂业,小金属,主板,20100810,,L
002461.SZ,珠江啤酒,啤酒,主板,20100818,,L
002462.SZ,嘉事堂,医药商业,主板,20100818,,L
002463.SZ,沪电股份,元器件,主板,20100818,,L
002464.SZ,众应退(退),,主板,20100831,20220628,D
002465.SZ,海格通信,通信设备,主板,20100831,,L
002466.SZ,天齐锂业,小金属,主板,20100831,,L
002467.SZ,二六三,互联网,主板,20100908,,L
002468.SZ,申通快递,仓储物流,主板,20100908,,L
002469.SZ,三维化学,化工原料,主板,20100908,,L
002470.SZ,金正大,农药化肥,主板,20100908,,L
002471.SZ,中超控股,电气设备,主板,20100910,,L
002472.SZ,双环传动,汽车配件,主板,20100910,,L
002473.SZ,圣莱退(退),,主板,20100910,20220622,D
002474.SZ,榕基软件,软件服务,主板,20100915,,L
002475.SZ,立讯精密,元器件,主板,20100915,,L
002476.SZ,新叶股份,化工原料,主板,20100915,,L
002477.SZ,雏鹰退(退),,主板,20100915,20191016,D
002478.SZ,常宝股份,钢加工,主板,20100921,,L
002479.SZ,富春环保,新型电力,主板,20100921,,L
002480.SZ,新筑股份,运输设备,主板,20100921,,L
002481.SZ,双塔食品,食品,主板,20100921,,L
002482.SZ,广田集团,装修装饰,主板,20100929,,L
002483.SZ,润邦股份,专用机械,主板,20100929,,L
002484.SZ,江海股份,元器件,主板,20100929,,L
002485.SZ,ST雪发,商贸代理,主板,20101015,,L
002486.SZ,嘉麟杰,服饰,主板,20101015,,L
002487.SZ,大金重工,电气设备,主板,20101015,,L
002488.SZ,金固股份,汽车配件,主板,20101021,,L
002489.SZ,浙江永强,家居用品,主板,20101021,,L
002490.SZ,山东墨龙,化工机械,主板,20101021,,L
002491.SZ,通鼎互联,通信设备,主板,20101021,,L
002492.SZ,恒基达鑫,仓储物流,主板,20101102,,L
002493.SZ,荣盛石化,化纤,主板,20101102,,L
002494.SZ,华斯股份,服饰,主板,20101102,,L
002495.SZ,佳隆股份,食品,主板,20101102,,L
002496.SZ,辉丰股份,农药化肥,主板,20101109,,L
002497.SZ,雅化集团,小金属,主板,20101109,,L
002498.SZ,汉缆股份,电气设备,主板,20101109,,L
002499.SZ,科林退(退),,主板,20101109,20230418,D
002500.SZ,山西证券,证券,主板,20101115,,L
002501.SZ,*ST利源,铝,主板,20101117,,L
002502.SZ,ST鼎龙(退),,主板,20101117,20240905,D
002503.SZ,*ST搜特(退),,主板,20101117,20230811,D
002504.SZ,*ST弘高(退),,主板,20101118,20230821,D
002505.SZ,鹏都农牧(退),,主板,20101118,20240830,D
002506.SZ,协鑫集成,电气设备,主板,20101118,,L
002507.SZ,涪陵榨菜,食品,主板,20101123,,L
002508.SZ,老板电器,家用电器,主板,20101123,,L
002509.SZ,天茂退(退),,主板,20101123,20200720,D
002510.SZ,天汽模,汽车配件,主板,20101125,,L
002511.SZ,中顺洁柔,造纸,主板,20101125,,L
002512.SZ,ST达华,IT设备,主板,20101203,,L
002513.SZ,蓝丰生化,新型电力,主板,20101203,,L
002514.SZ,*ST宝馨,机械基件,主板,20101203,,L
002515.SZ,金字火腿,食品,主板,20101203,,L
002516.SZ,旷达科技,汽车配件,主板,20101207,,L
002517.SZ,恺英网络,互联网,主板,20101207,,L
002518.SZ,科士达,电气设备,主板,20101207,,L
002519.SZ,银河电子,通信设备,主板,20101207,,L
002520.SZ,日发精机,机床制造,主板,20101210,,L
002521.SZ,齐峰新材,造纸,主板,20101210,,L
002522.SZ,浙江众成,塑料,主板,20101210,,L
002523.SZ,天桥起重,专用机械,主板,20101210,,L
002524.SZ,光正眼科,医疗保健,主板,20101217,,L
002526.SZ,山东矿机,工程机械,主板,20101217,,L
002527.SZ,新时达,电器仪表,主板,20101224,,L
002528.SZ,*ST英飞,IT设备,主板,20101224,,L
002529.SZ,海源复材,专用机械,主板,20101224,,L
002530.SZ,金财互联,专用机械,主板,20101231,,L
002531.SZ,天顺风能,电气设备,主板,20101231,,L
002532.SZ,天山铝业,铝,主板,20101231,,L
002533.SZ,金杯电工,电气设备,主板,20101231,,L
002534.SZ,西子洁能,专用机械,主板,20110110,,L
002535.SZ,林州重机,工程机械,主板,20110111,,L
002536.SZ,飞龙股份,汽车配件,主板,20110111,,L
002537.SZ,海联金汇,汽车配件,主板,20110110,,L
002538.SZ,ST司特,农药化肥,主板,20110118,,L
002539.SZ,云图控股,农药化肥,主板,20110118,,L
002540.SZ,亚太科技,铝,主板,20110118,,L
002541.SZ,鸿路钢构,钢加工,主板,20110118,,L
002542.SZ,*ST中岩,建筑工程,主板,20110128,,L
002543.SZ,万和电气,家用电器,主板,20110128,,L
002544.SZ,普天科技,通信设备,主板,20110128,,L
002545.SZ,东方铁塔,农药化肥,主板,20110211,,L
002546.SZ,新联电子,电气设备,主板,20110211,,L
002547.SZ,*ST春兴,汽车配件,主板,20110218,,L
002548.SZ,金新农,饲料,主板,20110218,,L
002549.SZ,凯美特气,环境保护,主板,20110218,,L
002550.SZ,千红制药,生物制药,主板,20110218,,L
002551.SZ,尚荣医疗,医疗保健,主板,20110225,,L
002552.SZ,宝鼎科技,元器件,主板,20110225,,L
002553.SZ,南方精工,汽车配件,主板,20110225,,L
002554.SZ,惠博普,石油开采,主板,20110225,,L
002555.SZ,三七互娱,互联网,主板,20110302,,L
002556.SZ,辉隆股份,农药化肥,主板,20110302,,L
002557.SZ,洽洽食品,食品,主板,20110302,,L
002558.SZ,巨人网络,互联网,主板,20110302,,L
002559.SZ,亚威股份,机床制造,主板,20110303,,L
002560.SZ,通达股份,电气设备,主板,20110303,,L
002561.SZ,徐家汇,百货,主板,20110303,,L
002562.SZ,兄弟科技,化学制药,主板,20110310,,L
002563.SZ,森马服饰,服饰,主板,20110311,,L
002564.SZ,天沃科技,化工机械,主板,20110310,,L
002565.SZ,顺灏股份,造纸,主板,20110318,,L
002566.SZ,益盛药业,中成药,主板,20110318,,L
002567.SZ,唐人神,饲料,主板,20110325,,L
002568.SZ,百润股份,红黄酒,主板,20110325,,L
002569.SZ,*ST步森,服饰,主板,20110412,,L
002570.SZ,贝因美,乳制品,主板,20110412,,L
002571.SZ,德力股份,家居用品,主板,20110412,,L
002572.SZ,索菲亚,家居用品,主板,20110412,,L
002573.SZ,清新环境,环境保护,主板,20110422,,L
002574.SZ,明牌珠宝,服饰,主板,20110422,,L
002575.SZ,群兴玩具,文教休闲,主板,20110422,,L
002576.SZ,通达动力,电气设备,主板,20110428,,L
002577.SZ,雷柏科技,IT设备,主板,20110428,,L
002578.SZ,闽发铝业,铝,主板,20110428,,L
002579.SZ,中京电子,元器件,主板,20110506,,L
002580.SZ,圣阳股份,电气设备,主板,20110506,,L
002581.SZ,*ST未名,生物制药,主板,20110520,,L
002582.SZ,好想你,食品,主板,20110520,,L
002583.SZ,海能达,通信设备,主板,20110527,,L
002584.SZ,西陇科学,化工原料,主板,20110602,,L
002585.SZ,双星新材,塑料,主板,20110602,,L
002586.SZ,ST围海,建筑工程,主板,20110602,,L
002587.SZ,奥拓电子,元器件,主板,20110610,,L
002588.SZ,史丹利,农药化肥,主板,20110610,,L
002589.SZ,瑞康医药,医药商业,主板,20110610,,L
002590.SZ,万安科技,汽车配件,主板,20110610,,L
002591.SZ,恒大高新,环境保护,主板,20110621,,L
002592.SZ,ST八菱,汽车配件,主板,20111111,,L
002593.SZ,日上集团,钢加工,主板,20110628,,L
002594.SZ,比亚迪,汽车整车,主板,20110630,,L
002595.SZ,豪迈科技,专用机械,主板,20110628,,L
002596.SZ,海南瑞泽,水泥,主板,20110707,,L
002597.SZ,金禾实业,食品,主板,20110707,,L
002598.SZ,ST章鼓,机械基件,主板,20110707,,L
002599.SZ,盛通股份,广告包装,主板,20110715,,L
002600.SZ,领益智造,元器件,主板,20110715,,L
002601.SZ,龙佰集团,化工原料,主板,20110715,,L
002602.SZ,世纪华通,互联网,主板,20110728,,L
002603.SZ,以岭药业,中成药,主板,20110728,,L
002604.SZ,龙力退(退),,主板,20110728,20200715,D
002605.SZ,姚记科技,互联网,主板,20110805,,L
002606.SZ,大连电瓷,电气设备,主板,20110805,,L
002607.SZ,中公教育,文教休闲,主板,20110810,,L
002608.SZ,江苏国信,火力发电,主板,20110810,,L
002609.SZ,捷顺科技,软件服务,主板,20110815,,L
002610.SZ,ST爱康(退),,主板,20110815,20240812,D
002611.SZ,东方精工,轻工机械,主板,20110830,,L
002612.SZ,朗姿股份,服饰,主板,20110830,,L
002613.SZ,北玻股份,专用机械,主板,20110830,,L
002614.SZ,奥佳华,家用电器,主板,20110909,,L
002615.SZ,哈尔斯,家居用品,主板,20110909,,L
002616.SZ,长青集团,环境保护,主板,20110920,,L
002617.SZ,露笑科技,电气设备,主板,20110920,,L
002618.SZ,丹邦退(退),,主板,20110920,20220622,D
002619.SZ,*ST艾格(退),,主板,20110929,20220428,D
002620.SZ,*ST瑞和,装修装饰,主板,20110929,,L
002621.SZ,*ST美吉(退),,主板,20110929,20240805,D
002622.SZ,皓宸医疗,医疗保健,主板,20111018,,L
002623.SZ,亚玛顿,玻璃,主板,20111013,,L
002624.SZ,完美世界,互联网,主板,20111028,,L
002625.SZ,光启技术,航空,主板,20111103,,L
002626.SZ,金达威,医疗保健,主板,20111028,,L
002627.SZ,三峡旅游,旅游景点,主板,20111103,,L
002628.SZ,成都路桥,建筑工程,主板,20111103,,L
002629.SZ,仁智股份,石油开采,主板,20111103,,L
002630.SZ,*ST华西,专用机械,主板,20111111,,L
002631.SZ,德尔未来,家居用品,主板,20111111,,L
002632.SZ,道明光学,塑料,主板,20111122,,L
002633.SZ,申科股份,机械基件,主板,20111122,,L
002634.SZ,*ST棒杰,服饰,主板,20111205,,L
002635.SZ,安洁科技,元器件,主板,20111125,,L
002636.SZ,金安国纪,元器件,主板,20111125,,L
002637.SZ,赞宇科技,日用化工,主板,20111125,,L
002638.SZ,勤上股份,家用电器,主板,20111125,,L
002639.SZ,雪人集团,专用机械,主板,20111205,,L
002640.SZ,跨境通,互联网,主板,20111208,,L
002641.SZ,公元股份,塑料,主板,20111208,,L
002642.SZ,荣联科技,软件服务,主板,20111220,,L
002643.SZ,万润股份,化工原料,主板,20111220,,L
002644.SZ,佛慈制药,中成药,主板,20111222,,L
002645.SZ,华宏科技,专用机械,主板,20111220,,L
002646.SZ,天佑德酒,白酒,主板,20111222,,L
002647.SZ,仁东控股,多元金融,主板,20111228,,L
002648.SZ,卫星化学,化工原料,主板,20111228,,L
002649.SZ,博彦科技,软件服务,主板,20120106,,L
002650.SZ,ST加加,食品,主板,20120106,,L
002651.SZ,利君股份,航空,主板,20120106,,L
002652.SZ,扬子新材,其他建材,主板,20120119,,L
002653.SZ,海思科,化学制药,主板,20120117,,L
002654.SZ,万润科技,互联网,主板,20120217,,L
002655.SZ,共达电声,元器件,主板,20120217,,L
002656.SZ,*ST摩登,服饰,主板,20120228,,L
002657.SZ,中科金财,软件服务,主板,20120228,,L
002658.SZ,雪迪龙,环境保护,主板,20120309,,L
002659.SZ,凯文教育,文教休闲,主板,20120309,,L
002660.SZ,茂硕电源,电气设备,主板,20120316,,L
002661.SZ,克明食品,食品,主板,20120316,,L
002662.SZ,峰璟股份,汽车配件,主板,20120309,,L
002663.SZ,普邦股份,建筑工程,主板,20120316,,L
002664.SZ,信质集团,汽车配件,主板,20120316,,L
002665.SZ,ST航高(退),,主板,20120327,20240826,D
002666.SZ,德联集团,化工原料,主板,20120327,,L
002667.SZ,*ST威领,小金属,主板,20120329,,L
002668.SZ,TCL智家,家用电器,主板,20120416,,L
002669.SZ,康达新材,化工原料,主板,20120416,,L
002670.SZ,国盛证券,证券,主板,20120416,,L
002671.SZ,龙泉股份,水泥,主板,20120426,,L
002672.SZ,东江环保,环境保护,主板,20120426,,L
002673.SZ,西部证券,证券,主板,20120503,,L
002674.SZ,兴业科技,纺织,主板,20120507,,L
002675.SZ,东诚药业,化学制药,主板,20120525,,L
002676.SZ,顺威股份,家用电器,主板,20120525,,L
002677.SZ,浙江美大,家用电器,主板,20120525,,L
002678.SZ,珠江钢琴,文教休闲,主板,20120530,,L
002679.SZ,福建金森,林业,主板,20120605,,L
002680.SZ,长生退(退),,主板,20120605,20191127,D
002681.SZ,奋达科技,元器件,主板,20120605,,L
002682.SZ,龙洲股份,仓储物流,主板,20120612,,L
002683.SZ,广东宏大,化工原料,主板,20120612,,L
002684.SZ,猛狮退(退),,主板,20120612,20220627,D
002685.SZ,华东重机,机床制造,主板,20120612,,L
002686.SZ,亿利达,专用机械,主板,20120703,,L
002687.SZ,乔治白,服饰,主板,20120713,,L
002688.SZ,金河生物,农业综合,主板,20120713,,L
002689.SZ,ST远智,运输设备,主板,20120717,,L
002690.SZ,美亚光电,专用机械,主板,20120731,,L
002691.SZ,*ST冀凯,专用机械,主板,20120731,,L
002692.SZ,远程股份,电气设备,主板,20120808,,L
002693.SZ,双成药业,生物制药,主板,20120808,,L
002694.SZ,*ST顾地,塑料,主板,20120816,,L
002695.SZ,煌上煌,食品,主板,20120905,,L
002696.SZ,百洋股份,饲料,主板,20120905,,L
002697.SZ,红旗连锁,超市连锁,主板,20120905,,L
002698.SZ,博实股份,化工机械,主板,20120911,,L
002699.SZ,*ST美盛(退),,主板,20120911,20240605,D
002700.SZ,万憬能源,供气供热,主板,20120921,,L
002701.SZ,奥瑞金,广告包装,主板,20121011,,L
002702.SZ,海欣食品,食品,主板,20121011,,L
002703.SZ,浙江世宝,汽车配件,主板,20121102,,L
002705.SZ,新宝股份,家用电器,主板,20140121,,L
002706.SZ,良信股份,电气设备,主板,20140121,,L
002707.SZ,众信旅游,旅游服务,主板,20140123,,L
002708.SZ,光洋股份,汽车配件,主板,20140121,,L
002709.SZ,天赐材料,化工原料,主板,20140123,,L
002711.SZ,欧浦退(退),,主板,20140127,20210715,D
002712.SZ,思美传媒,广告包装,主板,20140123,,L
002713.SZ,*ST东易,装修装饰,主板,20140219,,L
002714.SZ,牧原股份,农业综合,主板,20140128,,L
002715.SZ,登云股份,汽车配件,主板,20140219,,L
002716.SZ,湖南白银,小金属,主板,20140128,,L
002717.SZ,*ST岭南,环境保护,主板,20140219,,L
002718.SZ,友邦吊顶,其他建材,主板,20140128,,L
002719.SZ,ST麦趣,乳制品,主板,20140128,,L
002721.SZ,金一文化,服饰,主板,20140127,,L
002722.SZ,物产金轮,钢加工,主板,20140128,,L
002723.SZ,小崧股份,家用电器,主板,20140129,,L
002724.SZ,海洋王,元器件,主板,20141104,,L
002725.SZ,跃岭股份,汽车配件,主板,20140129,,L
002726.SZ,ST龙大,食品,主板,20140626,,L
002727.SZ,一心堂,医药商业,主板,20140702,,L
002728.SZ,特一药业,中成药,主板,20140731,,L
002729.SZ,好利科技,元器件,主板,20140912,,L
002730.SZ,电光科技,专用机械,主板,20141009,,L
002731.SZ,ST萃华,服饰,主板,20141104,,L
002732.SZ,燕塘乳业,乳制品,主板,20141205,,L
002733.SZ,雄韬股份,电气设备,主板,20141203,,L
002734.SZ,利民股份,农药化肥,主板,20150127,,L
002735.SZ,王子新材,塑料,主板,20141203,,L
002736.SZ,国信证券,证券,主板,20141229,,L
002737.SZ,葵花药业,中成药,主板,20141230,,L
002738.SZ,中矿资源,小金属,主板,20141230,,L
002739.SZ,儒意电影,影视音像,主板,20150122,,L
002740.SZ,*ST爱迪(退),,主板,20150122,20240304,D
002741.SZ,光华科技,化工原料,主板,20150216,,L
002742.SZ,冀衡医药,水泥,主板,20150217,,L
002743.SZ,富煌钢构,钢加工,主板,20150217,,L
002745.SZ,木林森,元器件,主板,20150217,,L
002746.SZ,仙坛股份,农业综合,主板,20150216,,L
002747.SZ,埃斯顿,机械基件,主板,20150320,,L
002748.SZ,世龙实业,化工原料,主板,20150319,,L
002749.SZ,国光股份,农药化肥,主板,20150320,,L
002750.SZ,龙津退(退),,主板,20150324,20250627,D
002751.SZ,易尚退(退),,主板,20150424,20230713,D
002752.SZ,昇兴股份,广告包装,主板,20150422,,L
002753.SZ,永东股份,化工原料,主板,20150519,,L
002755.SZ,奥赛康,化学制药,主板,20150515,,L
002756.SZ,永兴材料,小金属,主板,20150515,,L
002757.SZ,南兴股份,专用机械,主板,20150527,,L
002758.SZ,浙农股份,批发业,主板,20150527,,L
002759.SZ,天际股份,电气设备,主板,20150528,,L
002760.SZ,凤形股份,机械基件,主板,20150611,,L
002761.SZ,浙江建投,建筑工程,主板,20150610,,L
002762.SZ,金发拉比,服饰,主板,20150610,,L
002763.SZ,汇洁股份,服饰,主板,20150610,,L
002765.SZ,蓝黛科技,元器件,主板,20150612,,L
002766.SZ,索菱股份,汽车配件,主板,20150611,,L
002767.SZ,先锋电子,电器仪表,主板,20150612,,L
002768.SZ,国恩股份,塑料,主板,20150630,,L
002769.SZ,普路通,仓储物流,主板,20150629,,L
002770.SZ,科迪退(退),,主板,20150630,20220623,D
002771.SZ,真视通,软件服务,主板,20150629,,L
002772.SZ,众兴菌业,种植业,主板,20150626,,L
002773.SZ,康弘药业,化学制药,主板,20150626,,L
002774.SZ,快意电梯,运输设备,主板,20170324,,L
002775.SZ,文科股份,建筑工程,主板,20150629,,L
002776.SZ,*ST柏龙(退),,主板,20150626,20240125,D
002777.SZ,久远银海,软件服务,主板,20151231,,L
002778.SZ,中晟高科,环境保护,主板,20160106,,L
002779.SZ,中坚科技,农用机械,主板,20151209,,L
002780.SZ,三夫户外,服饰,主板,20151209,,L
002781.SZ,奇信退(退),,主板,20151222,20230705,D
002782.SZ,可立克,元器件,主板,20151222,,L
002783.SZ,凯龙股份,化工原料,主板,20151209,,L
002785.SZ,万里石,其他建材,主板,20151223,,L
002786.SZ,银宝山新,专用机械,主板,20151223,,L
002787.SZ,华源控股,广告包装,主板,20151231,,L
002788.SZ,鹭燕医药,医药商业,主板,20160218,,L
002789.SZ,*ST建艺,装修装饰,主板,20160311,,L
002790.SZ,瑞尔特,家居用品,主板,20160308,,L
002791.SZ,坚朗五金,其他建材,主板,20160329,,L
002792.SZ,通宇通讯,通信设备,主板,20160328,,L
002793.SZ,罗欣药业,化学制药,主板,20160415,,L
002795.SZ,永和智控,机械基件,主板,20160428,,L
002796.SZ,世嘉科技,通信设备,主板,20160510,,L
002797.SZ,第一创业,证券,主板,20160511,,L
002798.SZ,帝欧水华,家居用品,主板,20160525,,L
002799.SZ,环球印务,广告包装,主板,20160608,,L
002800.SZ,天顺股份,仓储物流,主板,20160530,,L
002801.SZ,微光股份,电气设备,主板,20160622,,L
002802.SZ,洪汇新材,化工原料,主板,20160629,,L
002803.SZ,吉宏股份,互联网,主板,20160712,,L
002805.SZ,丰元股份,电气设备,主板,20160707,,L
002806.SZ,华锋股份,汽车配件,主板,20160726,,L
002807.SZ,江阴银行,银行,主板,20160902,,L
002808.SZ,恒久退,,主板,20160812,,L
002809.SZ,红墙股份,化工原料,主板,20160823,,L
002810.SZ,山东赫达,化工原料,主板,20160826,,L
002811.SZ,郑中设计,装修装饰,主板,20160908,,L
002812.SZ,恩捷股份,电气设备,主板,20160914,,L
002813.SZ,路畅科技,汽车配件,主板,20161012,,L
002815.SZ,崇达技术,元器件,主板,20161012,,L
002816.SZ,*ST和科,专用机械,主板,20161025,,L
002817.SZ,黄山胶囊,化学制药,主板,20161025,,L
002818.SZ,富森美,其他商业,主板,20161109,,L
002819.SZ,东方中科,电器仪表,主板,20161111,,L
002820.SZ,桂发祥,食品,主板,20161118,,L
002821.SZ,凯莱英,生物制药,主板,20161118,,L
002822.SZ,ST中装,装修装饰,主板,20161129,,L
002823.SZ,凯中精密,机械基件,主板,20161124,,L
002824.SZ,和胜股份,铝,主板,20170112,,L
002825.SZ,纳尔股份,化工原料,主板,20161129,,L
002826.SZ,易明医药,化学制药,主板,20161209,,L
002827.SZ,高争民爆,化工原料,主板,20161209,,L
002828.SZ,贝肯能源,石油开采,主板,20161208,,L
002829.SZ,星网宇达,航空,主板,20161213,,L
002830.SZ,名雕股份,装修装饰,主板,20161213,,L
002831.SZ,裕同科技,广告包装,主板,20161216,,L
002832.SZ,比音勒芬,服饰,主板,20161223,,L
002833.SZ,弘亚数控,专用机械,主板,20161228,,L
002835.SZ,同为股份,IT设备,主板,20161228,,L
002836.SZ,新宏泽,广告包装,主板,20161229,,L
002837.SZ,英维克,专用机械,主板,20161229,,L
002838.SZ,道恩股份,塑料,主板,20170106,,L
002839.SZ,张家港行,银行,主板,20170124,,L
002840.SZ,华统股份,食品,主板,20170110,,L
002841.SZ,视源股份,元器件,主板,20170119,,L
002842.SZ,翔鹭钨业,小金属,主板,20170119,,L
002843.SZ,泰嘉股份,钢加工,主板,20170120,,L
002845.SZ,同兴达,元器件,主板,20170125,,L
002846.SZ,英联股份,广告包装,主板,20170207,,L
002847.SZ,盐津铺子,食品,主板,20170208,,L
002848.SZ,高斯贝尔,家用电器,主板,20170213,,L
002849.SZ,威星智能,电器仪表,主板,20170217,,L
002850.SZ,科达利,电气设备,主板,20170302,,L
002851.SZ,麦格米特,电气设备,主板,20170306,,L
002852.SZ,道道全,食品,主板,20170310,,L
002853.SZ,皮阿诺,家居用品,主板,20170310,,L
002855.SZ,捷荣技术,元器件,主板,20170321,,L
002856.SZ,*ST美芝,装修装饰,主板,20170320,,L
002857.SZ,三晖电气,电器仪表,主板,20170323,,L
002858.SZ,力盛体育,文教休闲,主板,20170324,,L
002859.SZ,洁美科技,元器件,主板,20170407,,L
002860.SZ,星帅尔,家用电器,主板,20170412,,L
002861.SZ,瀛通通讯,元器件,主板,20170413,,L
002862.SZ,实丰文化,文教休闲,主板,20170411,,L
002863.SZ,今飞凯达,汽车配件,主板,20170418,,L
002864.SZ,盘龙药业,中成药,主板,20171116,,L
002865.SZ,钧达股份,电气设备,主板,20170425,,L
002866.SZ,传艺科技,IT设备,主板,20170426,,L
002867.SZ,周大生,服饰,主板,20170427,,L
002868.SZ,绿康生化,农业综合,主板,20170503,,L
002869.SZ,金溢科技,通信设备,主板,20170515,,L
002870.SZ,香山股份,汽车配件,主板,20170515,,L
002871.SZ,伟隆股份,机械基件,主板,20170511,,L
002872.SZ,ST天圣,医药商业,主板,20170519,,L
002873.SZ,新天药业,中成药,主板,20170519,,L
002875.SZ,安奈儿,服饰,主板,20170601,,L
002876.SZ,三利谱,元器件,主板,20170525,,L
002877.SZ,智能自控,机械基件,主板,20170605,,L
002878.SZ,元隆雅图,广告包装,主板,20170606,,L
002879.SZ,长缆科技,电气设备,主板,20170707,,L
002880.SZ,卫光生物,生物制药,主板,20170616,,L
002881.SZ,美格智能,元器件,主板,20170622,,L
002882.SZ,金龙羽,电气设备,主板,20170717,,L
002883.SZ,*ST中设,建筑工程,主板,20170620,,L
002884.SZ,凌霄泵业,机械基件,主板,20170711,,L
002885.SZ,京泉华,元器件,主板,20170627,,L
002886.SZ,沃特股份,塑料,主板,20170627,,L
002887.SZ,绿茵生态,环境保护,主板,20170801,,L
002888.SZ,惠威科技,元器件,主板,20170721,,L
002889.SZ,东方嘉盛,仓储物流,主板,20170731,,L
002890.SZ,弘宇股份,农用机械,主板,20170802,,L
002891.SZ,中宠股份,饲料,主板,20170821,,L
002892.SZ,科力尔,电气设备,主板,20170817,,L
002893.SZ,京能热力,供气供热,主板,20170915,,L
002895.SZ,川恒股份,化工原料,主板,20170825,,L
002896.SZ,中大力德,机械基件,主板,20170829,,L
002897.SZ,意华股份,元器件,主板,20170907,,L
002898.SZ,*ST赛隆,化学制药,主板,20170912,,L
002899.SZ,英派斯,文教休闲,主板,20170915,,L
002900.SZ,哈三联,化学制药,主板,20170922,,L
002901.SZ,大博医疗,医疗保健,主板,20170922,,L
002902.SZ,铭普光磁,通信设备,主板,20170929,,L
002903.SZ,宇环数控,机床制造,主板,20171013,,L
002905.SZ,金逸影视,影视音像,主板,20171016,,L
002906.SZ,华阳集团,汽车配件,主板,20171013,,L
002907.SZ,华森制药,中成药,主板,20171020,,L
002908.SZ,德生科技,软件服务,主板,20171020,,L
002909.SZ,集泰股份,化工原料,主板,20171026,,L
002910.SZ,庄园牧场,乳制品,主板,20171031,,L
002911.SZ,佛燃能源,供气供热,主板,20171122,,L
002912.SZ,中新赛克,IT设备,主板,20171121,,L
002913.SZ,奥士康,元器件,主板,20171201,,L
002915.SZ,中欣氟材,化工原料,主板,20171205,,L
002916.SZ,深南电路,元器件,主板,20171213,,L
002917.SZ,金奥博,化工原料,主板,20171208,,L
002918.SZ,蒙娜丽莎,陶瓷,主板,20171219,,L
002919.SZ,名臣健康,互联网,主板,20171218,,L
002920.SZ,德赛西威,汽车配件,主板,20171226,,L
002921.SZ,联诚精密,汽车配件,主板,20171227,,L
002922.SZ,伊戈尔,电气设备,主板,20171229,,L
002923.SZ,润都股份,化学制药,主板,20180105,,L
002925.SZ,盈趣科技,元器件,主板,20180115,,L
002926.SZ,华西证券,证券,主板,20180205,,L
002927.SZ,泰永长征,电气设备,主板,20180223,,L
002928.SZ,华夏航空,空运,主板,20180302,,L
002929.SZ,润建股份,通信设备,主板,20180301,,L
002930.SZ,宏川智慧,仓储物流,主板,20180328,,L
002931.SZ,锋龙股份,机械基件,主板,20180403,,L
002932.SZ,*ST明德,医疗保健,主板,20180710,,L
002933.SZ,新兴装备,航空,主板,20180828,,L
002935.SZ,天奥电子,航空,主板,20180903,,L
002936.SZ,郑州银行,银行,主板,20180919,,L
002937.SZ,兴瑞科技,元器件,主板,20180926,,L
002938.SZ,鹏鼎控股,元器件,主板,20180918,,L
002939.SZ,长城证券,证券,主板,20181026,,L
002940.SZ,昂利康,化学制药,主板,20181023,,L
002941.SZ,新疆交建,建筑工程,主板,20181128,,L
002942.SZ,新农股份,农药化肥,主板,20181205,,L
002943.SZ,宇晶股份,机床制造,主板,20181129,,L
002945.SZ,华林证券,证券,主板,20190117,,L
002946.SZ,新乳业,乳制品,主板,20190125,,L
002947.SZ,恒铭达,元器件,主板,20190201,,L
002948.SZ,青岛银行,银行,主板,20190116,,L
002949.SZ,华阳国际,建筑工程,主板,20190226,,L
002950.SZ,奥美医疗,医疗保健,主板,20190311,,L
002951.SZ,金时科技,广告包装,主板,20190315,,L
002952.SZ,亚世光电,元器件,主板,20190328,,L
002953.SZ,日丰股份,电气设备,主板,20190509,,L
002955.SZ,鸿合科技,IT设备,主板,20190523,,L
002956.SZ,西麦食品,食品,主板,20190619,,L
002957.SZ,科瑞技术,专用机械,主板,20190726,,L
002958.SZ,青农商行,银行,主板,20190326,,L
002959.SZ,小熊电器,家用电器,主板,20190823,,L
002960.SZ,青鸟智控,专用机械,主板,20190809,,L
002961.SZ,瑞达期货,多元金融,主板,20190905,,L
002962.SZ,五方光电,元器件,主板,20190917,,L
002963.SZ,豪尔赛,装修装饰,主板,20191028,,L
002965.SZ,祥鑫科技,汽车配件,主板,20191025,,L
002966.SZ,苏州银行,银行,主板,20190802,,L
002967.SZ,广电计量,电器仪表,主板,20191108,,L
002968.SZ,新大正,房产服务,主板,20191203,,L
002969.SZ,嘉美包装,广告包装,主板,20191202,,L
002970.SZ,锐明技术,IT设备,主板,20191217,,L
002971.SZ,和远气体,化工原料,主板,20200113,,L
002972.SZ,科安达,运输设备,主板,20191227,,L
002973.SZ,侨银股份,环境保护,主板,20200106,,L
002975.SZ,博杰股份,专用机械,主板,20200205,,L
002976.SZ,瑞玛精密,汽车配件,主板,20200306,,L
002977.SZ,*ST天箭,通信设备,主板,20200317,,L
002978.SZ,安宁股份,小金属,主板,20200417,,L
002979.SZ,雷赛智能,专用机械,主板,20200408,,L
002980.SZ,华盛昌,电器仪表,主板,20200415,,L
002981.SZ,朝阳科技,元器件,主板,20200417,,L
002982.SZ,湘佳股份,农业综合,主板,20200424,,L
002983.SZ,芯瑞达,元器件,主板,20200428,,L
002984.SZ,森麒麟,汽车配件,主板,20200911,,L
002985.SZ,北摩高科,航空,主板,20200429,,L
002986.SZ,宇新股份,化工原料,主板,20200602,,L
002987.SZ,京北方,软件服务,主板,20200507,,L
002988.SZ,豪美新材,铝,主板,20200518,,L
002989.SZ,中天精装,装修装饰,主板,20200610,,L
002990.SZ,盛视科技,软件服务,主板,20200525,,L
002991.SZ,甘源食品,食品,主板,20200731,,L
002992.SZ,宝明科技,元器件,主板,20200803,,L
002993.SZ,奥海科技,元器件,主板,20200817,,L
002995.SZ,天地在线,互联网,主板,20200805,,L
002996.SZ,顺博合金,铝,主板,20200828,,L
002997.SZ,瑞鹄模具,汽车配件,主板,20200903,,L
002998.SZ,优彩资源,化纤,主板,20200925,,L
002999.SZ,天禾股份,批发业,主板,20200903,,L
003000.SZ,劲仔食品,食品,主板,20200914,,L
003001.SZ,中岩大地,建筑工程,主板,20201013,,L
003002.SZ,壶化股份,化工原料,主板,20200922,,L
003003.SZ,天元股份,广告包装,主板,20200921,,L
003004.SZ,声迅股份,IT设备,主板,20201126,,L
003005.SZ,竞业达,软件服务,主板,20200922,,L
003006.SZ,百亚股份,造纸,主板,20200921,,L
003007.SZ,直真科技,软件服务,主板,20200923,,L
003008.SZ,开普检测,电气设备,主板,20200923,,L
003009.SZ,中天火箭,航空,主板,20200925,,L
003010.SZ,若羽臣,互联网,主板,20200925,,L
003011.SZ,海象新材,家居用品,主板,20200930,,L
003012.SZ,东鹏控股,陶瓷,主板,20201019,,L
003013.SZ,地铁设计,建筑工程,主板,20201022,,L
003015.SZ,日久光电,元器件,主板,20201021,,L
003016.SZ,欣贺股份,服饰,主板,20201026,,L
003017.SZ,大洋生物,化工原料,主板,20201026,,L
003018.SZ,金富科技,塑料,主板,20201106,,L
003019.SZ,宸展光电,元器件,主板,20201117,,L
003020.SZ,立方制药,化学制药,主板,20201215,,L
003021.SZ,兆威机电,元器件,主板,20201204,,L
003022.SZ,联泓新科,化工原料,主板,20201208,,L
003023.SZ,彩虹集团,家用电器,主板,20201211,,L
003025.SZ,思进智能,机床制造,主板,20201211,,L
003026.SZ,中晶科技,半导体,主板,20201218,,L
003027.SZ,同兴科技,环境保护,主板,20201218,,L
003028.SZ,振邦智能,元器件,主板,20201228,,L
003029.SZ,吉大正元,软件服务,主板,20201224,,L
003030.SZ,祖名股份,食品,主板,20210106,,L
003031.SZ,中瓷电子,元器件,主板,20210104,,L
003032.SZ,传智教育,文教休闲,主板,20210112,,L
003033.SZ,征和工业,汽车配件,主板,20210111,,L
003035.SZ,南网能源,新型电力,主板,20210119,,L
003036.SZ,泰坦股份,纺织机械,主板,20210128,,L
003037.SZ,三和管桩,水泥,主板,20210204,,L
003038.SZ,鑫铂股份,铝,主板,20210210,,L
003039.SZ,顺控发展,水务,主板,20210308,,L
003040.SZ,楚天龙,通信设备,主板,20210322,,L
003041.SZ,真爱美家,纺织,主板,20210406,,L
003042.SZ,中农联合,农药化肥,主板,20210406,,L
003043.SZ,华亚智能,半导体,主板,20210406,,L
003816.SZ,中国广核,新型电力,主板,20190826,,L
300001.SZ,特锐德,电气设备,创业板,20091030,,L
300002.SZ,神州泰岳,互联网,创业板,20091030,,L
300003.SZ,乐普医疗,医疗保健,创业板,20091030,,L
300004.SZ,南风股份,电气设备,创业板,20091030,,L
300005.SZ,探路者,服饰,创业板,20091030,,L
300006.SZ,莱美药业,化学制药,创业板,20091030,,L
300007.SZ,汉威科技,电器仪表,创业板,20091030,,L
300008.SZ,天海防务,船舶,创业板,20091030,,L
300009.SZ,安科生物,生物制药,创业板,20091030,,L
300010.SZ,ST豆神,软件服务,创业板,20091030,,L
300011.SZ,鼎汉技术,运输设备,创业板,20091030,,L
300012.SZ,华测检测,电器仪表,创业板,20091030,,L
300013.SZ,新宁物流,仓储物流,创业板,20091030,,L
300014.SZ,亿纬锂能,电气设备,创业板,20091030,,L
300015.SZ,爱尔眼科,医疗保健,创业板,20091030,,L
300016.SZ,北陆药业,化学制药,创业板,20091030,,L
300017.SZ,网宿科技,软件服务,创业板,20091030,,L
300018.SZ,中元股份,电气设备,创业板,20091030,,L
300019.SZ,硅宝科技,化工原料,创业板,20091030,,L
300020.SZ,ST银江,软件服务,创业板,20091030,,L
300021.SZ,大禹节水,建筑工程,创业板,20091030,,L
300022.SZ,吉峰科技,农用机械,创业板,20091030,,L
300023.SZ,宝德退(退),,创业板,20091030,20220629,D
300024.SZ,机器人,专用机械,创业板,20091030,,L
300025.SZ,华星创业,通信设备,创业板,20091030,,L
300026.SZ,红日药业,中成药,创业板,20091030,,L
300027.SZ,ST华谊,影视音像,创业板,20091030,,L
300028.SZ,金亚退(退),,创业板,20091030,20200803,D
300029.SZ,天龙退,,创业板,20091225,,L
300030.SZ,阳普医疗,医疗保健,创业板,20091225,,L
300031.SZ,宝通科技,互联网,创业板,20091225,,L
300032.SZ,金龙机电,元器件,创业板,20091225,,L
300033.SZ,同花顺,软件服务,创业板,20091225,,L
300034.SZ,钢研高纳,航空,创业板,20091225,,L
300035.SZ,中科电气,电气设备,创业板,20091225,,L
300036.SZ,超图软件,软件服务,创业板,20091225,,L
300037.SZ,新宙邦,化工原料,创业板,20100108,,L
300038.SZ,数知退(退),,创业板,20100108,20220630,D
300039.SZ,上海凯宝,中成药,创业板,20100108,,L
300040.SZ,九洲集团,新型电力,创业板,20100108,,L
300041.SZ,回天新材,化工原料,创业板,20100108,,L
300042.SZ,朗科科技,IT设备,创业板,20100108,,L
300043.SZ,星辉娱乐,互联网,创业板,20100120,,L
300044.SZ,*ST赛为,软件服务,创业板,20100120,,L
300045.SZ,华力创通,IT设备,创业板,20100120,,L
300046.SZ,台基股份,半导体,创业板,20100120,,L
300047.SZ,天源迪科,软件服务,创业板,20100120,,L
300048.SZ,合康新能,电气设备,创业板,20100120,,L
300049.SZ,福瑞医科,医疗保健,创业板,20100120,,L
300050.SZ,世纪鼎利,通信设备,创业板,20100120,,L
300051.SZ,琏升科技,综合类,创业板,20100211,,L
300052.SZ,中青宝,互联网,创业板,20100211,,L
300053.SZ,航宇微,半导体,创业板,20100211,,L
300054.SZ,鼎龙股份,化工原料,创业板,20100211,,L
300055.SZ,万邦达,石油加工,创业板,20100226,,L
300056.SZ,中创环保,环境保护,创业板,20100226,,L
300057.SZ,万顺新材,铝,创业板,20100226,,L
300058.SZ,蓝色光标,广告包装,创业板,20100226,,L
300059.SZ,东方财富,证券,创业板,20100319,,L
300061.SZ,旗天科技,互联网,创业板,20100319,,L
300062.SZ,中能电气,电气设备,创业板,20100319,,L
300063.SZ,天龙集团,互联网,创业板,20100326,,L
300064.SZ,金刚退(退),,创业板,20100326,20220627,D
300065.SZ,海兰信,船舶,创业板,20100326,,L
300066.SZ,三川智慧,电器仪表,创业板,20100326,,L
300067.SZ,安诺其,染料涂料,创业板,20100421,,L
300068.SZ,ST南都,电气设备,创业板,20100421,,L
300069.SZ,金利华电,电气设备,创业板,20100421,,L
300070.SZ,碧水源,环境保护,创业板,20100421,,L
300071.SZ,福石控股,广告包装,创业板,20100421,,L
300072.SZ,海新能科,化工原料,创业板,20100427,,L
300073.SZ,当升科技,电气设备,创业板,20100427,,L
300074.SZ,华平股份,软件服务,创业板,20100427,,L
300075.SZ,数字政通,软件服务,创业板,20100427,,L
300076.SZ,*ST宁视,IT设备,创业板,20100430,,L
300077.SZ,国民技术,半导体,创业板,20100430,,L
300078.SZ,思创智联,软件服务,创业板,20100430,,L
300079.SZ,数码视讯,IT设备,创业板,20100430,,L
300080.SZ,易成新能,电气设备,创业板,20100625,,L
300081.SZ,ST恒信,文教休闲,创业板,20100520,,L
300082.SZ,奥克股份,化工原料,创业板,20100520,,L
300083.SZ,创世纪,机床制造,创业板,20100520,,L
300084.SZ,海默科技,专用机械,创业板,20100520,,L
300085.SZ,银之杰,软件服务,创业板,20100526,,L
300086.SZ,康芝药业,化学制药,创业板,20100526,,L
300087.SZ,荃银高科,种植业,创业板,20100526,,L
300088.SZ,长信科技,元器件,创业板,20100526,,L
300089.SZ,文化退(退),,创业板,20100625,20230713,D
300090.SZ,盛运退(退),,创业板,20100625,20200825,D
300091.SZ,*ST金灵,机械基件,创业板,20100625,,L
300092.SZ,科新机电,专用机械,创业板,20100708,,L
300093.SZ,金刚光伏,电气设备,创业板,20100708,,L
300094.SZ,国联水产,渔业,创业板,20100708,,L
300095.SZ,华伍股份,专用机械,创业板,20100728,,L
300096.SZ,ST易联众,软件服务,创业板,20100728,,L
300097.SZ,智云股份,专用机械,创业板,20100728,,L
300098.SZ,高新兴,软件服务,创业板,20100728,,L
300099.SZ,尤洛卡,电器仪表,创业板,20100806,,L
300100.SZ,双林股份,汽车配件,创业板,20100806,,L
300101.SZ,振芯科技,通信设备,创业板,20100806,,L
300102.SZ,乾照光电,半导体,创业板,20100812,,L
300103.SZ,达刚控股,专用机械,创业板,20100812,,L
300104.SZ,乐视退(退),,创业板,20100812,20200721,D
300105.SZ,龙源技术,环境保护,创业板,20100820,,L
300106.SZ,西部牧业,乳制品,创业板,20100820,,L
300107.SZ,建新股份,化工原料,创业板,20100820,,L
300108.SZ,*ST吉药(退),,创业板,20100825,20250529,D
300109.SZ,新开源,化工原料,创业板,20100825,,L
300110.SZ,华仁药业,化学制药,创业板,20100825,,L
300111.SZ,向日葵,化学制药,创业板,20100827,,L
300112.SZ,万讯自控,电器仪表,创业板,20100827,,L
300113.SZ,顺网科技,互联网,创业板,20100827,,L
300115.SZ,长盈精密,元器件,创业板,20100902,,L
300116.SZ,*ST保力(退),,创业板,20100902,20240725,D
300117.SZ,*ST嘉寓(退),,创业板,20100902,20250430,D
300118.SZ,东方日升,电气设备,创业板,20100902,,L
300119.SZ,瑞普生物,农业综合,创业板,20100917,,L
300120.SZ,经纬辉开,元器件,创业板,20100917,,L
300121.SZ,阳谷华泰,化工原料,创业板,20100917,,L
300122.SZ,智飞生物,生物制药,创业板,20100928,,L
300123.SZ,ST亚光,半导体,创业板,20100928,,L
300124.SZ,汇川技术,电器仪表,创业板,20100928,,L
300125.SZ,*ST聆达,电气设备,创业板,20101013,,L
300126.SZ,锐奇股份,轻工机械,创业板,20101013,,L
300127.SZ,银河磁体,矿物制品,创业板,20101013,,L
300128.SZ,锦富技术,元器件,创业板,20101013,,L
300129.SZ,泰胜风能,电气设备,创业板,20101019,,L
300130.SZ,新国都,IT设备,创业板,20101019,,L
300131.SZ,英唐智控,元器件,创业板,20101019,,L
300132.SZ,青松股份,化工原料,创业板,20101026,,L
300133.SZ,华策影视,影视音像,创业板,20101026,,L
300134.SZ,大富科技,通信设备,创业板,20101026,,L
300135.SZ,宝利国际,石油加工,创业板,20101026,,L
300136.SZ,信维通信,元器件,创业板,20101105,,L
300137.SZ,先河环保,环境保护,创业板,20101105,,L
300138.SZ,晨光生物,食品,创业板,20101105,,L
300139.SZ,晓程科技,黄金,创业板,20101112,,L
300140.SZ,节能环境,环境保护,创业板,20101112,,L
300141.SZ,和顺电气,电气设备,创业板,20101112,,L
300142.SZ,沃森生物,生物制药,创业板,20101112,,L
300143.SZ,盈康生命,医疗保健,创业板,20101209,,L
300144.SZ,宋城演艺,旅游景点,创业板,20101209,,L
300145.SZ,南方泵业,机械基件,创业板,20101209,,L
300146.SZ,汤臣倍健,食品,创业板,20101215,,L
300147.SZ,*ST香雪,中成药,创业板,20101215,,L
300148.SZ,天舟文化,出版业,创业板,20101215,,L
300149.SZ,睿智医药,生物制药,创业板,20101222,,L
300150.SZ,世纪瑞尔,软件服务,创业板,20101222,,L
300151.SZ,昌红科技,专用机械,创业板,20101222,,L
300152.SZ,*ST动力,环境保护,创业板,20101229,,L
300153.SZ,科泰电源,电气设备,创业板,20101229,,L
300154.SZ,瑞凌股份,机械基件,创业板,20101229,,L
300155.SZ,安居宝,IT设备,创业板,20110107,,L
300156.SZ,神雾退(退),,创业板,20110107,20200825,D
300157.SZ,新锦动力,专用机械,创业板,20110107,,L
300158.SZ,振东制药,化学制药,创业板,20110107,,L
300159.SZ,新研股份,农用机械,创业板,20110107,,L
300160.SZ,秀强股份,家用电器,创业板,20110113,,L
300161.SZ,华中数控,机床制造,创业板,20110113,,L
300162.SZ,雷曼光电,元器件,创业板,20110113,,L
300163.SZ,先锋新材,家居用品,创业板,20110113,,L
300164.SZ,通源石油,石油开采,创业板,20110113,,L
300165.SZ,天瑞仪器,电器仪表,创业板,20110125,,L
300166.SZ,东方国信,软件服务,创业板,20110125,,L
300167.SZ,ST迪威迅,软件服务,创业板,20110125,,L
300168.SZ,万达信息,软件服务,创业板,20110125,,L
300169.SZ,天晟新材,塑料,创业板,20110125,,L
300170.SZ,汉得信息,软件服务,创业板,20110201,,L
300171.SZ,东富龙,医疗保健,创业板,20110201,,L
300172.SZ,中电环保,环境保护,创业板,20110201,,L
300173.SZ,ST福能,轻工机械,创业板,20110201,,L
300174.SZ,元力股份,化工原料,创业板,20110201,,L
300175.SZ,朗源股份,食品,创业板,20110215,,L
300176.SZ,鸿特科技,汽车配件,创业板,20110215,,L
300177.SZ,中海达,通信设备,创业板,20110215,,L
300178.SZ,腾邦退(退),,创业板,20110215,20220622,D
300179.SZ,四方达,矿物制品,创业板,20110215,,L
300180.SZ,华峰超纤,化纤,创业板,20110222,,L
300181.SZ,佐力药业,中成药,创业板,20110222,,L
300182.SZ,捷成股份,影视音像,创业板,20110222,,L
300183.SZ,东软载波,通信设备,创业板,20110222,,L
300184.SZ,力源信息,元器件,创业板,20110222,,L
300185.SZ,通裕重工,工程机械,创业板,20110308,,L
300186.SZ,大华农(退),,创业板,20110308,20151102,D
300187.SZ,永清环保,环境保护,创业板,20110308,,L
300188.SZ,国投智能,软件服务,创业板,20110316,,L
300189.SZ,神农种业,种植业,创业板,20110316,,L
300190.SZ,维尔利,环境保护,创业板,20110316,,L
300191.SZ,潜能恒信,石油开采,创业板,20110316,,L
300192.SZ,科德教育,文教休闲,创业板,20110322,,L
300193.SZ,佳士科技,专用机械,创业板,20110322,,L
300194.SZ,福安药业,化学制药,创业板,20110322,,L
300195.SZ,长荣股份,轻工机械,创业板,20110329,,L
300196.SZ,长海股份,玻璃,创业板,20110329,,L
300197.SZ,节能铁汉,环境保护,创业板,20110329,,L
300198.SZ,*ST纳川,塑料,创业板,20110407,,L
300199.SZ,翰宇药业,化学制药,创业板,20110407,,L
300200.SZ,高盟新材,化工原料,创业板,20110407,,L
300201.SZ,海伦哲,工程机械,创业板,20110407,,L
300202.SZ,聚龙退(退),,创业板,20110415,20220704,D
300203.SZ,聚光科技,电器仪表,创业板,20110415,,L
300204.SZ,舒泰神,生物制药,创业板,20110415,,L
300205.SZ,*ST天喻,通信设备,创业板,20110421,,L
300206.SZ,理邦仪器,医疗保健,创业板,20110421,,L
300207.SZ,欣旺达,电气设备,创业板,20110421,,L
300208.SZ,中程退(退),,创业板,20110426,20250721,D
300209.SZ,行云科技,互联网,创业板,20110426,,L
300210.SZ,森远股份,专用机械,创业板,20110426,,L
300211.SZ,*ST亿通,通信设备,创业板,20110505,,L
300212.SZ,*ST易录,软件服务,创业板,20110505,,L
300213.SZ,佳讯飞鸿,通信设备,创业板,20110505,,L
300214.SZ,日科化学,化工原料,创业板,20110511,,L
300215.SZ,电科院,电气设备,创业板,20110511,,L
300216.SZ,千山退(退),,创业板,20110511,20200916,D
300217.SZ,东方电热,家用电器,创业板,20110518,,L
300218.SZ,安利股份,塑料,创业板,20110518,,L
300219.SZ,鸿利智汇,元器件,创业板,20110518,,L
300220.SZ,金运激光,专用机械,创业板,20110525,,L
300221.SZ,银禧科技,塑料,创业板,20110525,,L
300222.SZ,科大智能,电气设备,创业板,20110525,,L
300223.SZ,北京君正,半导体,创业板,20110531,,L
300224.SZ,正海磁材,矿物制品,创业板,20110531,,L
300225.SZ,金力泰,染料涂料,创业板,20110531,,L
300226.SZ,上海钢联,互联网,创业板,20110608,,L
300227.SZ,光韵达,专用机械,创业板,20110608,,L
300228.SZ,富瑞特装,化工机械,创业板,20110608,,L
300229.SZ,拓尔思,软件服务,创业板,20110615,,L
300230.SZ,永利股份,塑料,创业板,20110615,,L
300231.SZ,银信科技,软件服务,创业板,20110615,,L
300232.SZ,洲明科技,元器件,创业板,20110622,,L
300233.SZ,金城医药,化学制药,创业板,20110622,,L
300234.SZ,开尔新材,陶瓷,创业板,20110622,,L
300235.SZ,方直科技,软件服务,创业板,20110629,,L
300236.SZ,上海新阳,半导体,创业板,20110629,,L
300237.SZ,ST美晨,汽车配件,创业板,20110629,,L
300238.SZ,冠昊生物,医疗保健,创业板,20110706,,L
300239.SZ,东宝生物,生物制药,创业板,20110706,,L
300240.SZ,飞力达,仓储物流,创业板,20110706,,L
300241.SZ,瑞丰光电,半导体,创业板,20110712,,L
300242.SZ,佳云科技,互联网,创业板,20110712,,L
300243.SZ,瑞丰高材,化工原料,创业板,20110712,,L
300244.SZ,迪安诊断,医疗保健,创业板,20110719,,L
300245.SZ,ST天玑,软件服务,创业板,20110719,,L
300246.SZ,宝莱特,医疗保健,创业板,20110719,,L
300247.SZ,融捷健康,医疗保健,创业板,20110729,,L
300248.SZ,新开普,软件服务,创业板,20110729,,L
300249.SZ,依米康,IT设备,创业板,20110803,,L
300250.SZ,初灵信息,软件服务,创业板,20110803,,L
300251.SZ,光线传媒,影视音像,创业板,20110803,,L
300252.SZ,金信诺,通信设备,创业板,20110818,,L
300253.SZ,卫宁健康,软件服务,创业板,20110818,,L
300254.SZ,仟源医药,化学制药,创业板,20110819,,L
300255.SZ,常山药业,生物制药,创业板,20110819,,L
300256.SZ,星星科技,元器件,创业板,20110819,,L
300257.SZ,开山股份,机械基件,创业板,20110819,,L
300258.SZ,精锻科技,汽车配件,创业板,20110826,,L
300259.SZ,新天科技,电器仪表,创业板,20110831,,L
300260.SZ,新莱应材,机械基件,创业板,20110906,,L
300261.SZ,雅本化学,农药化肥,创业板,20110906,,L
300262.SZ,*ST巴安(退),,创业板,20110916,20240819,D
300263.SZ,隆华科技,专用机械,创业板,20110916,,L
300264.SZ,佳创视讯,软件服务,创业板,20110916,,L
300265.SZ,通光线缆,电气设备,创业板,20110916,,L
300266.SZ,兴源环境,环境保护,创业板,20110927,,L
300267.SZ,尔康制药,化学制药,创业板,20110927,,L
300268.SZ,佳沃食品,农业综合,创业板,20110927,,L
300269.SZ,联建光电,元器件,创业板,20111012,,L
300270.SZ,中威电子,IT设备,创业板,20111012,,L
300271.SZ,华宇软件,软件服务,创业板,20111026,,L
300272.SZ,开能健康,家用电器,创业板,20111102,,L
300273.SZ,和佳退(退),,创业板,20111026,20230706,D
300274.SZ,阳光电源,电气设备,创业板,20111102,,L
300275.SZ,梅安森,工程机械,创业板,20111102,,L
300276.SZ,三丰智能,专用机械,创业板,20111115,,L
300277.SZ,汽轮科技,机械基件,创业板,20111123,,L
300278.SZ,华昌达,专用机械,创业板,20111216,,L
300279.SZ,和晶科技,元器件,创业板,20111229,,L
300280.SZ,紫天退(退),,创业板,20111229,20251014,D
300281.SZ,金明精机,专用机械,创业板,20111229,,L
300282.SZ,三盛退(退),,创业板,20111229,20240718,D
300283.SZ,温州宏丰,电气设备,创业板,20120110,,L
300284.SZ,苏交科,建筑工程,创业板,20120110,,L
300285.SZ,国瓷材料,陶瓷,创业板,20120113,,L
300286.SZ,安科瑞,电器仪表,创业板,20120113,,L
300287.SZ,飞利信,软件服务,创业板,20120201,,L
300288.SZ,朗玛信息,软件服务,创业板,20120216,,L
300289.SZ,利德曼,医疗保健,创业板,20120216,,L
300290.SZ,荣科科技,软件服务,创业板,20120216,,L
300291.SZ,百纳千成,影视音像,创业板,20120209,,L
300292.SZ,吴通控股,互联网,创业板,20120229,,L
300293.SZ,蓝英装备,专用机械,创业板,20120308,,L
300294.SZ,博雅生物,生物制药,创业板,20120308,,L
300295.SZ,*ST三六五,互联网,创业板,20120315,,L
300296.SZ,利亚德,元器件,创业板,20120315,,L
300297.SZ,蓝盾退(退),,创业板,20120315,20230731,D
300298.SZ,三诺生物,医疗保健,创业板,20120319,,L
300299.SZ,富春股份,互联网,创业板,20120319,,L
300300.SZ,海峡创新,软件服务,创业板,20120319,,L
300301.SZ,ST长方,半导体,创业板,20120321,,L
300302.SZ,同有科技,IT设备,创业板,20120321,,L
300303.SZ,聚飞光电,半导体,创业板,20120319,,L
300304.SZ,云意电气,汽车配件,创业板,20120321,,L
300305.SZ,裕兴股份,塑料,创业板,20120329,,L
300306.SZ,远方信息,电器仪表,创业板,20120329,,L
300307.SZ,慈星股份,纺织机械,创业板,20120329,,L
300308.SZ,中际旭创,通信设备,创业板,20120410,,L
300309.SZ,吉艾退(退),,创业板,20120410,20230530,D
300310.SZ,宜通世纪,通信设备,创业板,20120425,,L
300311.SZ,ST任子行,软件服务,创业板,20120425,,L
300312.SZ,邦讯退(退),,创业板,20120508,20220704,D
300313.SZ,天山生物,农业综合,创业板,20120425,,L
300314.SZ,戴维医疗,医疗保健,创业板,20120508,,L
300315.SZ,掌趣科技,互联网,创业板,20120511,,L
300316.SZ,晶盛机电,专用机械,创业板,20120511,,L
300317.SZ,珈伟新能,电气设备,创业板,20120511,,L
300318.SZ,博晖创新,医疗保健,创业板,20120523,,L
300319.SZ,麦捷科技,元器件,创业板,20120523,,L
300320.SZ,海达股份,橡胶,创业板,20120601,,L
300321.SZ,同大股份,塑料,创业板,20120523,,L
300322.SZ,硕贝德,元器件,创业板,20120608,,L
300323.SZ,华灿光电,半导体,创业板,20120601,,L
300324.SZ,旋极信息,软件服务,创业板,20120608,,L
300325.SZ,德威退(退),,创业板,20120601,20220628,D
300326.SZ,ST凯利,医疗保健,创业板,20120613,,L
300327.SZ,中颖电子,半导体,创业板,20120613,,L
300328.SZ,宜安科技,小金属,创业板,20120619,,L
300329.SZ,海伦钢琴,文教休闲,创业板,20120619,,L
300330.SZ,计通退(退),,创业板,20120619,20230524,D
300331.SZ,苏大维格,元器件,创业板,20120628,,L
300332.SZ,天壕能源,供气供热,创业板,20120628,,L
300333.SZ,兆日科技,IT设备,创业板,20120628,,L
300334.SZ,津膜科技,专用机械,创业板,20120705,,L
300335.SZ,迪森股份,供气供热,创业板,20120710,,L
300336.SZ,新文退(退),,创业板,20120710,20230705,D
300337.SZ,银邦股份,铝,创业板,20120718,,L
300338.SZ,*ST开元,文教休闲,创业板,20120726,,L
300339.SZ,润和软件,软件服务,创业板,20120718,,L
300340.SZ,科恒股份,电气设备,创业板,20120726,,L
300341.SZ,麦克奥迪,电气设备,创业板,20120726,,L
300342.SZ,天银机电,家用电器,创业板,20120726,,L
300343.SZ,联创股份,化工原料,创业板,20120801,,L
300344.SZ,*ST立方,软件服务,创业板,20120801,20260422,D
300345.SZ,华民股份,电气设备,创业板,20120801,,L
300346.SZ,南大光电,半导体,创业板,20120807,,L
300347.SZ,泰格医药,医疗保健,创业板,20120817,,L
300348.SZ,长亮科技,软件服务,创业板,20120817,,L
300349.SZ,金卡智能,电器仪表,创业板,20120817,,L
300350.SZ,华鹏飞,仓储物流,创业板,20120821,,L
300351.SZ,永贵电器,运输设备,创业板,20120920,,L
300352.SZ,ST信源,软件服务,创业板,20120912,,L
300353.SZ,东土科技,通信设备,创业板,20120927,,L
300354.SZ,东华测试,电器仪表,创业板,20120920,,L
300355.SZ,蒙草生态,环境保护,创业板,20120927,,L
300356.SZ,光一退(退),,创业板,20121009,20230713,D
300357.SZ,我武生物,生物制药,创业板,20140121,,L
300358.SZ,楚天科技,医疗保健,创业板,20140121,,L
300359.SZ,全通教育,文教休闲,创业板,20140121,,L
300360.SZ,炬华科技,电器仪表,创业板,20140121,,L
300362.SZ,天翔退(退),,创业板,20140121,20210830,D
300363.SZ,博腾股份,化学制药,创业板,20140129,,L
300364.SZ,中文在线,出版业,创业板,20150121,,L
300365.SZ,恒华科技,软件服务,创业板,20140123,,L
300366.SZ,ST创意,软件服务,创业板,20140127,,L
300367.SZ,网力退(退),,创业板,20140129,20220630,D
300368.SZ,汇金股份,IT设备,创业板,20140123,,L
300369.SZ,绿盟科技,软件服务,创业板,20140129,,L
300370.SZ,安控科技,电器仪表,创业板,20140123,,L
300371.SZ,汇中股份,电器仪表,创业板,20140123,,L
300372.SZ,欣泰退(退),,创业板,20140127,20170828,D
300373.SZ,扬杰科技,半导体,创业板,20140123,,L
300374.SZ,中铁装配,其他建材,创业板,20150319,,L
300375.SZ,鹏翎股份,汽车配件,创业板,20140127,,L
300376.SZ,易事特,电气设备,创业板,20140127,,L
300377.SZ,赢时胜,软件服务,创业板,20140127,,L
300378.SZ,鼎捷数智,软件服务,创业板,20140127,,L
300379.SZ,东通退,,创业板,20140128,20260122,D
300380.SZ,安硕信息,软件服务,创业板,20140128,,L
300381.SZ,溢多利,化学制药,创业板,20140128,,L
300382.SZ,斯莱克,专用机械,创业板,20140129,,L
300383.SZ,光环新网,软件服务,创业板,20140129,,L
300384.SZ,三联虹普,建筑工程,创业板,20140801,,L
300385.SZ,ST雪浪,环境保护,创业板,20140626,,L
300386.SZ,飞天诚信,IT设备,创业板,20140626,,L
300387.SZ,富邦科技,农药化肥,创业板,20140702,,L
300388.SZ,节能国祯,环境保护,创业板,20140801,,L
300389.SZ,艾比森,元器件,创业板,20140801,,L
300390.SZ,天华新能,电气设备,创业板,20140731,,L
300391.SZ,*ST长药,中成药,创业板,20140801,20260413,D
300392.SZ,腾信退(退),,创业板,20140910,20230710,D
300393.SZ,中来股份,塑料,创业板,20140912,,L
300394.SZ,天孚通信,通信设备,创业板,20150217,,L
300395.SZ,菲利华,玻璃,创业板,20140910,,L
300396.SZ,ST迪瑞,医疗保健,创业板,20140910,,L
300397.SZ,天和防务,通信设备,创业板,20140910,,L
300398.SZ,飞凯材料,化工原料,创业板,20141009,,L
300399.SZ,天利科技,互联网,创业板,20141009,,L
300400.SZ,劲拓股份,专用机械,创业板,20141010,,L
300401.SZ,花园生物,化学制药,创业板,20141009,,L
300402.SZ,宝色股份,专用机械,创业板,20141010,,L
300403.SZ,汉宇集团,家用电器,创业板,20141030,,L
300404.SZ,博济医药,医疗保健,创业板,20150424,,L
300405.SZ,科隆股份,化工原料,创业板,20141030,,L
300406.SZ,九强生物,医疗保健,创业板,20141030,,L
300407.SZ,凯发电气,电气设备,创业板,20141203,,L
300408.SZ,三环集团,元器件,创业板,20141203,,L
300409.SZ,道氏技术,电气设备,创业板,20141203,,L
300410.SZ,正业科技,专用机械,创业板,20141231,,L
300411.SZ,金盾股份,专用机械,创业板,20141231,,L
300412.SZ,迦南科技,医疗保健,创业板,20141231,,L
300413.SZ,芒果超媒,影视音像,创业板,20150121,,L
300414.SZ,中光防雷,通信设备,创业板,20150513,,L
300415.SZ,伊之密,专用机械,创业板,20150123,,L
300416.SZ,苏试试验,电器仪表,创业板,20150122,,L
300417.SZ,南华仪器,电器仪表,创业板,20150123,,L
300418.SZ,昆仑万维,互联网,创业板,20150121,,L
300419.SZ,ST浩丰,软件服务,创业板,20150122,,L
300420.SZ,五洋自控,机械基件,创业板,20150217,,L
300421.SZ,力星股份,机械基件,创业板,20150217,,L
300422.SZ,博世科,环境保护,创业板,20150217,,L
300423.SZ,昇辉科技,电气设备,创业板,20150217,,L
300424.SZ,航新科技,航空,创业板,20150422,,L
300425.SZ,中建环能,环境保护,创业板,20150216,,L
300426.SZ,华智数媒,影视音像,创业板,20150217,,L
300427.SZ,红相股份,电气设备,创业板,20150217,,L
300428.SZ,立中集团,汽车配件,创业板,20150319,,L
300429.SZ,强力新材,化工原料,创业板,20150324,,L
300430.SZ,*ST益通,电器仪表,创业板,20150319,,L
300431.SZ,暴风退(退),,创业板,20150324,20201110,D
300432.SZ,富临精工,汽车配件,创业板,20150319,,L
300433.SZ,蓝思科技,元器件,创业板,20150318,,L
300434.SZ,金石亚药,化学制药,创业板,20150424,,L
300435.SZ,中泰股份,供气供热,创业板,20150326,,L
300436.SZ,广生堂,化学制药,创业板,20150422,,L
300437.SZ,清水源,化工原料,创业板,20150423,,L
300438.SZ,鹏辉能源,电气设备,创业板,20150424,,L
300439.SZ,美康生物,医疗保健,创业板,20150422,,L
300440.SZ,运达科技,软件服务,创业板,20150423,,L
300441.SZ,鲍斯股份,机床制造,创业板,20150423,,L
300442.SZ,润泽科技,软件服务,创业板,20150424,,L
300443.SZ,金雷股份,电气设备,创业板,20150422,,L
300444.SZ,双杰电气,电气设备,创业板,20150423,,L
300445.SZ,康斯特,电器仪表,创业板,20150424,,L
300446.SZ,航天智造,汽车配件,创业板,20150423,,L
300447.SZ,全信股份,电气设备,创业板,20150422,,L
300448.SZ,浩云科技,软件服务,创业板,20150424,,L
300449.SZ,汉邦高科,IT设备,创业板,20150422,,L
300450.SZ,先导智能,专用机械,创业板,20150518,,L
300451.SZ,创业慧康,软件服务,创业板,20150514,,L
300452.SZ,山河药辅,化学制药,创业板,20150515,,L
300453.SZ,三鑫医疗,医疗保健,创业板,20150515,,L
300454.SZ,深信服,软件服务,创业板,20180516,,L
300455.SZ,航天智装,IT设备,创业板,20150515,,L
300456.SZ,赛微电子,半导体,创业板,20150514,,L
300457.SZ,赢合科技,专用机械,创业板,20150514,,L
300458.SZ,全志科技,半导体,创业板,20150515,,L
300459.SZ,汤姆猫,互联网,创业板,20150515,,L
300460.SZ,ST惠伦,元器件,创业板,20150515,,L
300461.SZ,田中精机,专用机械,创业板,20150519,,L
300462.SZ,ST华铭,IT设备,创业板,20150527,,L
300463.SZ,迈克生物,医疗保健,创业板,20150528,,L
300464.SZ,星徽股份,机械基件,创业板,20150610,,L
300465.SZ,高伟达,软件服务,创业板,20150528,,L
300466.SZ,赛摩智能,电器仪表,创业板,20150528,,L
300467.SZ,迅游科技,互联网,创业板,20150527,,L
300468.SZ,四方精创,软件服务,创业板,20150527,,L
300469.SZ,信息发展,软件服务,创业板,20150611,,L
300470.SZ,中密控股,机械基件,创业板,20150612,,L
300471.SZ,厚普股份,专用机械,创业板,20150611,,L
300472.SZ,*ST新元,专用机械,创业板,20150611,,L
300473.SZ,德尔股份,汽车配件,创业板,20150612,,L
300474.SZ,景嘉微,元器件,创业板,20160331,,L
300475.SZ,香农芯创,元器件,创业板,20150610,,L
300476.SZ,胜宏科技,元器件,创业板,20150611,,L
300477.SZ,ST合纵,电气设备,创业板,20150610,,L
300478.SZ,杭州高新,塑料,创业板,20150610,,L
300479.SZ,神思电子,软件服务,创业板,20150612,,L
300480.SZ,光力科技,专用机械,创业板,20150702,,L
300481.SZ,濮阳惠成,化工原料,创业板,20150630,,L
300482.SZ,万孚生物,医疗保健,创业板,20150630,,L
300483.SZ,首华燃气,石油开采,创业板,20150630,,L
300484.SZ,蓝海华腾,电气设备,创业板,20160322,,L
300485.SZ,赛升药业,生物制药,创业板,20150626,,L
300486.SZ,东杰智能,专用机械,创业板,20150630,,L
300487.SZ,蓝晓科技,化工原料,创业板,20150702,,L
300488.SZ,恒锋工具,机械基件,创业板,20150701,,L
300489.SZ,光智科技,专用机械,创业板,20150701,,L
300490.SZ,华自科技,专用机械,创业板,20151231,,L
300491.SZ,通合科技,电气设备,创业板,20151231,,L
300492.SZ,华图山鼎,文教休闲,创业板,20151223,,L
300493.SZ,润欣科技,元器件,创业板,20151210,,L
300494.SZ,盛天网络,互联网,创业板,20151231,,L
300495.SZ,*ST美尚(退),,创业板,20151222,20240920,D
300496.SZ,中科创达,软件服务,创业板,20151210,,L
300497.SZ,富祥股份,化学制药,创业板,20151222,,L
300498.SZ,温氏股份,农业综合,创业板,20151102,,L
300499.SZ,高澜股份,专用机械,创业板,20160202,,L
300500.SZ,启迪设计,建筑工程,创业板,20160204,,L
300501.SZ,海顺新材,广告包装,创业板,20160204,,L
300502.SZ,新易盛,通信设备,创业板,20160303,,L
300503.SZ,昊志机电,机械基件,创业板,20160309,,L
300504.SZ,天邑股份,通信设备,创业板,20180330,,L
300505.SZ,川金诺,农药化肥,创业板,20160315,,L
300506.SZ,名家汇,建筑工程,创业板,20160324,,L
300507.SZ,苏奥传感,汽车配件,创业板,20160429,,L
300508.SZ,维宏股份,软件服务,创业板,20160419,,L
300509.SZ,新美星,专用机械,创业板,20160425,,L
300510.SZ,金冠股份,电气设备,创业板,20160506,,L
300511.SZ,雪榕生物,种植业,创业板,20160504,,L
300512.SZ,中亚股份,专用机械,创业板,20160526,,L
300513.SZ,恒实科技,软件服务,创业板,20160530,,L
300514.SZ,友讯达,电器仪表,创业板,20170426,,L
300515.SZ,三德科技,电器仪表,创业板,20160608,,L
300516.SZ,久之洋,电器仪表,创业板,20160602,,L
300517.SZ,海波重科,建筑工程,创业板,20160719,,L
300518.SZ,新迅达,互联网,创业板,20160624,,L
300519.SZ,新光药业,中成药,创业板,20160624,,L
300520.SZ,科大国创,软件服务,创业板,20160708,,L
300521.SZ,爱司凯,专用机械,创业板,20160705,,L
300522.SZ,世名科技,染料涂料,创业板,20160705,,L
300523.SZ,辰安科技,软件服务,创业板,20160726,,L
300525.SZ,博思软件,软件服务,创业板,20160726,,L
300526.SZ,中潜退(退),,创业板,20160802,20230712,D
300527.SZ,ST应急,专用机械,创业板,20160805,,L
300528.SZ,幸福蓝海,影视音像,创业板,20160808,,L
300529.SZ,健帆生物,医疗保健,创业板,20160802,,L
300530.SZ,领湃科技,电气设备,创业板,20160809,,L
300531.SZ,优博讯,IT设备,创业板,20160809,,L
300532.SZ,今天国际,软件服务,创业板,20160818,,L
300533.SZ,冰川网络,互联网,创业板,20160818,,L
300534.SZ,陇神戎发,中成药,创业板,20160913,,L
300535.SZ,达威股份,化工原料,创业板,20160812,,L
300536.SZ,农尚环境,建筑工程,创业板,20160920,,L
300537.SZ,广信材料,染料涂料,创业板,20160830,,L
300538.SZ,同益股份,塑料,创业板,20160826,,L
300539.SZ,横河精密,塑料,创业板,20160830,,L
300540.SZ,蜀道装备,专用机械,创业板,20160823,,L
300541.SZ,先进数通,软件服务,创业板,20160913,,L
300542.SZ,新晨科技,软件服务,创业板,20160920,,L
300543.SZ,朗科智能,元器件,创业板,20160908,,L
300545.SZ,联得装备,专用机械,创业板,20160928,,L
300546.SZ,雄帝科技,IT设备,创业板,20160928,,L
300547.SZ,川环科技,汽车配件,创业板,20160930,,L
300548.SZ,长芯博创,通信设备,创业板,20161012,,L
300549.SZ,优德精密,专用机械,创业板,20160930,,L
300550.SZ,和仁科技,软件服务,创业板,20161018,,L
300551.SZ,古鳌科技,软件服务,创业板,20161018,,L
300552.SZ,万集科技,IT设备,创业板,20161021,,L
300553.SZ,集智股份,电器仪表,创业板,20161021,,L
300554.SZ,三超新材,矿物制品,创业板,20170421,,L
300555.SZ,ST路通,通信设备,创业板,20161018,,L
300556.SZ,丝路视觉,软件服务,创业板,20161104,,L
300557.SZ,理工光科,电器仪表,创业板,20161101,,L
300558.SZ,贝达药业,化学制药,创业板,20161107,,L
300559.SZ,佳发教育,软件服务,创业板,20161101,,L
300560.SZ,中富通,通信设备,创业板,20161101,,L
300561.SZ,汇金科技,软件服务,创业板,20161117,,L
300562.SZ,乐心医疗,医疗保健,创业板,20161116,,L
300563.SZ,神宇股份,通信设备,创业板,20161114,,L
300564.SZ,筑博设计,建筑工程,创业板,20191108,,L
300565.SZ,科信技术,通信设备,创业板,20161122,,L
300566.SZ,激智科技,元器件,创业板,20161115,,L
300567.SZ,精测电子,电器仪表,创业板,20161122,,L
300568.SZ,星源材质,化工原料,创业板,20161201,,L
300569.SZ,天能重工,电气设备,创业板,20161125,,L
300570.SZ,太辰光,通信设备,创业板,20161206,,L
300571.SZ,平治信息,互联网,创业板,20161213,,L
300572.SZ,安车检测,电器仪表,创业板,20161206,,L
300573.SZ,兴齐眼药,化学制药,创业板,20161208,,L
300575.SZ,中旗股份,农药化肥,创业板,20161220,,L
300576.SZ,容大感光,染料涂料,创业板,20161220,,L
300577.SZ,开润股份,纺织,创业板,20161221,,L
300578.SZ,会畅科技,通信设备,创业板,20170125,,L
300579.SZ,数字认证,软件服务,创业板,20161223,,L
300580.SZ,贝斯特,汽车配件,创业板,20170111,,L
300581.SZ,晨曦航空,航空,创业板,20161220,,L
300582.SZ,英飞特,元器件,创业板,20161228,,L
300583.SZ,赛托生物,化学制药,创业板,20170106,,L
300584.SZ,海辰药业,化学制药,创业板,20170112,,L
300585.SZ,奥联电子,汽车配件,创业板,20161229,,L
300586.SZ,美联新材,化工原料,创业板,20170104,,L
300587.SZ,天铁科技,橡胶,创业板,20170105,,L
300588.SZ,熙菱信息,IT设备,创业板,20170105,,L
300589.SZ,江龙船艇,船舶,创业板,20170113,,L
300590.SZ,移为通信,通信设备,创业板,20170111,,L
300591.SZ,万里马,服饰,创业板,20170110,,L
300592.SZ,华凯易佰,互联网,创业板,20170120,,L
300593.SZ,新雷能,电气设备,创业板,20170113,,L
300594.SZ,ST朗进,运输设备,创业板,20190621,,L
300595.SZ,欧普康视,医疗保健,创业板,20170117,,L
300596.SZ,利安隆,化工原料,创业板,20170119,,L
300597.SZ,吉大通信,通信设备,创业板,20170123,,L
300598.SZ,诚迈科技,软件服务,创业板,20170120,,L
300599.SZ,雄塑科技,塑料,创业板,20170123,,L
300600.SZ,国瑞科技,船舶,创业板,20170125,,L
300601.SZ,康泰生物,生物制药,创业板,20170207,,L
300602.SZ,飞荣达,元器件,创业板,20170126,,L
300603.SZ,立昂技术,通信设备,创业板,20170126,,L
300604.SZ,长川科技,半导体,创业板,20170417,,L
300605.SZ,恒锋信息,软件服务,创业板,20170208,,L
300606.SZ,金太阳,机械基件,创业板,20170208,,L
300607.SZ,拓斯达,专用机械,创业板,20170209,,L
300608.SZ,思特奇,软件服务,创业板,20170213,,L
300609.SZ,汇纳科技,软件服务,创业板,20170215,,L
300610.SZ,晨化股份,化工原料,创业板,20170213,,L
300611.SZ,美力科技,汽车配件,创业板,20170220,,L
300612.SZ,宣亚国际,广告包装,创业板,20170215,,L
300613.SZ,富瀚微,半导体,创业板,20170220,,L
300614.SZ,百川畅银,环境保护,创业板,20210525,,L
300615.SZ,欣天科技,通信设备,创业板,20170215,,L
300616.SZ,尚品宅配,家居用品,创业板,20170307,,L
300617.SZ,安靠智电,电气设备,创业板,20170228,,L
300618.SZ,寒锐钴业,小金属,创业板,20170306,,L
300619.SZ,金银河,专用机械,创业板,20170301,,L
300620.SZ,光库科技,通信设备,创业板,20170310,,L
300621.SZ,维业股份,装修装饰,创业板,20170316,,L
300622.SZ,博士眼镜,其他商业,创业板,20170315,,L
300623.SZ,捷捷微电,半导体,创业板,20170314,,L
300624.SZ,万兴科技,软件服务,创业板,20180118,,L
300625.SZ,三雄极光,家用电器,创业板,20170317,,L
300626.SZ,华瑞股份,电气设备,创业板,20170320,,L
300627.SZ,华测导航,通信设备,创业板,20170321,,L
300628.SZ,亿联网络,通信设备,创业板,20170317,,L
300629.SZ,新劲刚,元器件,创业板,20170324,,L
300630.SZ,普利退(退),,创业板,20170328,20250522,D
300631.SZ,久吾高科,环境保护,创业板,20170323,,L
300632.SZ,光莆股份,半导体,创业板,20170406,,L
300633.SZ,开立医疗,医疗保健,创业板,20170406,,L
300634.SZ,彩讯股份,软件服务,创业板,20180323,,L
300635.SZ,中达安,建筑工程,创业板,20170331,,L
300636.SZ,同和药业,化学制药,创业板,20170331,,L
300637.SZ,扬帆新材,化工原料,创业板,20170412,,L
300638.SZ,广和通,通信设备,创业板,20170413,,L
300639.SZ,凯普生物,医疗保健,创业板,20170412,,L
300640.SZ,德艺文创,家居用品,创业板,20170417,,L
300641.SZ,正丹股份,化工原料,创业板,20170418,,L
300642.SZ,透景生命,医疗保健,创业板,20170421,,L
300643.SZ,万通智控,汽车配件,创业板,20170505,,L
300644.SZ,南京聚隆,塑料,创业板,20180206,,L
300645.SZ,正元智慧,软件服务,创业板,20170421,,L
300647.SZ,超频三,化工原料,创业板,20170503,,L
300648.SZ,星云股份,电气设备,创业板,20170425,,L
300649.SZ,杭州园林,建筑工程,创业板,20170505,,L
300650.SZ,太龙股份,元器件,创业板,20170503,,L
300651.SZ,金陵体育,文教休闲,创业板,20170509,,L
300652.SZ,雷迪克,汽车配件,创业板,20170516,,L
300653.SZ,正海生物,医疗保健,创业板,20170516,,L
300654.SZ,世纪天鸿,出版业,创业板,20170926,,L
300655.SZ,晶瑞电材,半导体,创业板,20170523,,L
300656.SZ,民德电子,IT设备,创业板,20170519,,L
300657.SZ,弘信电子,元器件,创业板,20170523,,L
300658.SZ,延江股份,纺织,创业板,20170602,,L
300659.SZ,中孚信息,IT设备,创业板,20170526,,L
300660.SZ,江苏雷利,电气设备,创业板,20170602,,L
300661.SZ,圣邦股份,半导体,创业板,20170606,,L
300662.SZ,科锐国际,文教休闲,创业板,20170608,,L
300663.SZ,科蓝软件,软件服务,创业板,20170608,,L
300664.SZ,鹏鹞环保,环境保护,创业板,20180105,,L
300665.SZ,飞鹿股份,染料涂料,创业板,20170613,,L
300666.SZ,江丰电子,半导体,创业板,20170615,,L
300667.SZ,必创科技,电器仪表,创业板,20170619,,L
300668.SZ,杰恩股份,装修装饰,创业板,20170619,,L
300669.SZ,沪宁股份,运输设备,创业板,20170629,,L
300670.SZ,大烨智能,电气设备,创业板,20170703,,L
300671.SZ,富满微,半导体,创业板,20170705,,L
300672.SZ,国科微,半导体,创业板,20170712,,L
300673.SZ,佩蒂股份,饲料,创业板,20170711,,L
300674.SZ,宇信科技,软件服务,创业板,20181107,,L
300675.SZ,建科院,建筑工程,创业板,20170719,,L
300676.SZ,华大基因,医疗保健,创业板,20170714,,L
300677.SZ,英科医疗,医疗保健,创业板,20170721,,L
300678.SZ,中科信息,软件服务,创业板,20170728,,L
300679.SZ,电连技术,元器件,创业板,20170731,,L
300680.SZ,隆盛科技,汽车配件,创业板,20170725,,L
300681.SZ,英搏尔,汽车配件,创业板,20170725,,L
300682.SZ,朗新科技,软件服务,创业板,20170801,,L
300683.SZ,海特生物,生物制药,创业板,20170808,,L
300684.SZ,中石科技,元器件,创业板,20171227,,L
300685.SZ,艾德生物,医疗保健,创业板,20170802,,L
300686.SZ,智动力,元器件,创业板,20170804,,L
300687.SZ,赛意信息,软件服务,创业板,20170803,,L
300688.SZ,创业黑马,文教休闲,创业板,20170810,,L
300689.SZ,澄天伟业,通信设备,创业板,20170809,,L
300690.SZ,双一科技,电气设备,创业板,20170808,,L
300691.SZ,联合光电,元器件,创业板,20170811,,L
300692.SZ,中赋科技,环境保护,创业板,20170821,,L
300693.SZ,盛弘股份,电气设备,创业板,20170822,,L
300694.SZ,蠡湖股份,汽车配件,创业板,20181015,,L
300695.SZ,兆丰股份,汽车配件,创业板,20170908,,L
300696.SZ,爱乐达,航空,创业板,20170822,,L
300697.SZ,电工合金,铜,创业板,20170907,,L
300698.SZ,万马科技,通信设备,创业板,20170831,,L
300699.SZ,光威复材,化纤,创业板,20170901,,L
300700.SZ,岱勒新材,矿物制品,创业板,20170912,,L
300701.SZ,森霸传感,元器件,创业板,20170915,,L
300702.SZ,天宇股份,化学制药,创业板,20170919,,L
300703.SZ,创源股份,文教休闲,创业板,20170919,,L
300705.SZ,九典制药,化学制药,创业板,20171010,,L
300706.SZ,阿石创,元器件,创业板,20170926,,L
300707.SZ,威唐工业,汽车配件,创业板,20171010,,L
300708.SZ,聚灿光电,半导体,创业板,20171016,,L
300709.SZ,精研科技,元器件,创业板,20171019,,L
300710.SZ,万隆光电,通信设备,创业板,20171019,,L
300711.SZ,广哈通信,通信设备,创业板,20171101,,L
300712.SZ,永福股份,建筑工程,创业板,20171031,,L
300713.SZ,英可瑞,电气设备,创业板,20171101,,L
300715.SZ,凯伦股份,其他建材,创业板,20171026,,L
300716.SZ,*ST泉为,塑料,创业板,20171109,,L
300717.SZ,华信新材,塑料,创业板,20171106,,L
300718.SZ,长盛轴承,机械基件,创业板,20171106,,L
300719.SZ,安达维尔,航空,创业板,20171109,,L
300720.SZ,海川智能,电器仪表,创业板,20171106,,L
300721.SZ,怡达股份,化工原料,创业板,20171115,,L
300722.SZ,新余国科,航空,创业板,20171110,,L
300723.SZ,一品红,化学制药,创业板,20171116,,L
300724.SZ,捷佳伟创,专用机械,创业板,20180810,,L
300725.SZ,药石科技,化学制药,创业板,20171110,,L
300726.SZ,宏达电子,元器件,创业板,20171121,,L
300727.SZ,润禾材料,化工原料,创业板,20171127,,L
300729.SZ,乐歌股份,家居用品,创业板,20171201,,L
300730.SZ,科创信息,软件服务,创业板,20171205,,L
300731.SZ,科创新源,橡胶,创业板,20171208,,L
300732.SZ,设研院,建筑工程,创业板,20171212,,L
300733.SZ,西菱动力,汽车配件,创业板,20180116,,L
300735.SZ,光弘科技,元器件,创业板,20171229,,L
300736.SZ,百邦科技,通信设备,创业板,20180109,,L
300737.SZ,科顺股份,其他建材,创业板,20180125,,L
300738.SZ,奥飞数据,软件服务,创业板,20180119,,L
300739.SZ,明阳电路,元器件,创业板,20180201,,L
300740.SZ,水羊股份,日用化工,创业板,20180208,,L
300741.SZ,华宝股份,食品,创业板,20180301,,L
300742.SZ,越博退(退),,创业板,20180508,20240722,D
300743.SZ,天地数码,IT设备,创业板,20180427,,L
300745.SZ,欣锐科技,汽车配件,创业板,20180523,,L
300746.SZ,汉嘉数智,建筑工程,创业板,20180525,,L
300747.SZ,锐科激光,专用机械,创业板,20180625,,L
300748.SZ,金力永磁,矿物制品,创业板,20180921,,L
300749.SZ,顶固集创,家居用品,创业板,20180925,,L
300750.SZ,宁德时代,电气设备,创业板,20180611,,L
300751.SZ,迈为股份,专用机械,创业板,20181109,,L
300752.SZ,隆利科技,元器件,创业板,20181130,,L
300753.SZ,爱朋医疗,医疗保健,创业板,20181213,,L
300755.SZ,华致酒行,其他商业,创业板,20190129,,L
300756.SZ,金马游乐,专用机械,创业板,20181228,,L
300757.SZ,罗博特科,专用机械,创业板,20190108,,L
300758.SZ,七彩化学,染料涂料,创业板,20190222,,L
300759.SZ,康龙化成,化学制药,创业板,20190128,,L
300760.SZ,迈瑞医疗,医疗保健,创业板,20181016,,L
300761.SZ,立华股份,农业综合,创业板,20190218,,L
300762.SZ,上海瀚讯,通信设备,创业板,20190314,,L
300763.SZ,锦浪科技,电气设备,创业板,20190319,,L
300765.SZ,石药创新,食品,创业板,20190322,,L
300766.SZ,每日互动,互联网,创业板,20190325,,L
300767.SZ,震安科技,橡胶,创业板,20190329,,L
300768.SZ,迪普科技,软件服务,创业板,20190412,,L
300769.SZ,德方纳米,化工原料,创业板,20190415,,L
300770.SZ,新媒股份,影视音像,创业板,20190419,,L
300771.SZ,智莱科技,IT设备,创业板,20190422,,L
300772.SZ,运达股份,电气设备,创业板,20190426,,L
300773.SZ,拉卡拉,软件服务,创业板,20190425,,L
300774.SZ,倍杰特,环境保护,创业板,20210804,,L
300775.SZ,三角防务,航空,创业板,20190521,,L
300776.SZ,帝尔激光,专用机械,创业板,20190517,,L
300777.SZ,中简科技,化纤,创业板,20190516,,L
300778.SZ,新城市,建筑工程,创业板,20190510,,L
300779.SZ,惠城环保,环境保护,创业板,20190522,,L
300780.SZ,德恩精工,机械基件,创业板,20190531,,L
300781.SZ,因赛集团,广告包装,创业板,20190606,,L
300782.SZ,卓胜微,半导体,创业板,20190618,,L
300783.SZ,三只松鼠,食品,创业板,20190712,,L
300784.SZ,利安科技,塑料,创业板,20240607,,L
300785.SZ,值得买,互联网,创业板,20190715,,L
300786.SZ,国林科技,环境保护,创业板,20190723,,L
300787.SZ,海能实业,元器件,创业板,20190815,,L
300788.SZ,中信出版,出版业,创业板,20190705,,L
300789.SZ,唐源电气,运输设备,创业板,20190828,,L
300790.SZ,宇瞳光学,元器件,创业板,20190920,,L
300791.SZ,仙乐健康,医疗保健,创业板,20190925,,L
300792.SZ,壹网壹创,互联网,创业板,20190927,,L
300793.SZ,佳禾智能,IT设备,创业板,20191018,,L
300795.SZ,米奥会展,文教休闲,创业板,20191022,,L
300796.SZ,贝斯美,农药化肥,创业板,20191115,,L
300797.SZ,钢研纳克,电器仪表,创业板,20191101,,L
300798.SZ,锦鸡股份,染料涂料,创业板,20191122,,L
300799.SZ,左江退(退),,创业板,20191029,20240729,D
300800.SZ,力合科技,环境保护,创业板,20191106,,L
300801.SZ,泰和科技,化工原料,创业板,20191128,,L
300802.SZ,矩子科技,专用机械,创业板,20191114,,L
300803.SZ,指南针,软件服务,创业板,20191118,,L
300804.SZ,广康生化,农药化肥,创业板,20230627,,L
300805.SZ,电声股份,广告包装,创业板,20191121,,L
300806.SZ,斯迪克,塑料,创业板,20191125,,L
300807.SZ,天迈科技,软件服务,创业板,20191219,,L
300808.SZ,久量股份,家用电器,创业板,20191129,,L
300809.SZ,华辰装备,机床制造,创业板,20191204,,L
300810.SZ,中科海讯,船舶,创业板,20191206,,L
300811.SZ,铂科新材,矿物制品,创业板,20191230,,L
300812.SZ,易天股份,专用机械,创业板,20200109,,L
300813.SZ,泰林生物,医疗保健,创业板,20200114,,L
300814.SZ,中富电路,元器件,创业板,20210812,,L
300815.SZ,玉禾田,环境保护,创业板,20200123,,L
300816.SZ,艾可蓝,汽车配件,创业板,20200210,,L
300817.SZ,双飞集团,机械基件,创业板,20200218,,L
300818.SZ,耐普矿机,专用机械,创业板,20200212,,L
300819.SZ,聚杰微纤,纺织,创业板,20200312,,L
300820.SZ,英杰电气,电气设备,创业板,20200213,,L
300821.SZ,东岳硅材,化工原料,创业板,20200312,,L
300822.SZ,贝仕达克,元器件,创业板,20200313,,L
300823.SZ,建科智能,专用机械,创业板,20200319,,L
300824.SZ,北鼎股份,家用电器,创业板,20200619,,L
300825.SZ,阿尔特,汽车服务,创业板,20200327,,L
300826.SZ,测绘股份,建筑工程,创业板,20200403,,L
300827.SZ,上能电气,电气设备,创业板,20200410,,L
300828.SZ,锐新科技,机械基件,创业板,20200421,,L
300829.SZ,金丹科技,食品,创业板,20200422,,L
300830.SZ,金现代,软件服务,创业板,20200506,,L
300831.SZ,ST派瑞,半导体,创业板,20200507,,L
300832.SZ,新产业,医疗保健,创业板,20200512,,L
300833.SZ,浩洋股份,专用机械,创业板,20200520,,L
300834.SZ,星辉环材,化工原料,创业板,20220113,,L
300835.SZ,龙磁科技,矿物制品,创业板,20200525,,L
300836.SZ,佰奥智能,专用机械,创业板,20200528,,L
300837.SZ,浙矿股份,专用机械,创业板,20200605,,L
300838.SZ,浙江力诺,机械基件,创业板,20200608,,L
300839.SZ,博汇股份,石油加工,创业板,20200630,,L
300840.SZ,酷特智能,服饰,创业板,20200708,,L
300841.SZ,康华生物,生物制药,创业板,20200616,,L
300842.SZ,帝科股份,电气设备,创业板,20200618,,L
300843.SZ,胜蓝股份,元器件,创业板,20200702,,L
300844.SZ,山水比德,建筑工程,创业板,20210813,,L
300845.SZ,捷安高科,软件服务,创业板,20200703,,L
300846.SZ,首都在线,软件服务,创业板,20200701,,L
300847.SZ,中船汉光,化工原料,创业板,20200709,,L
300848.SZ,美瑞新材,化工原料,创业板,20200720,,L
300849.SZ,锦盛新材,塑料,创业板,20200710,,L
300850.SZ,新强联,机械基件,创业板,20200713,,L
300851.SZ,交大思诺,运输设备,创业板,20200717,,L
300852.SZ,四会富仕,元器件,创业板,20200713,,L
300853.SZ,申昊科技,专用机械,创业板,20200724,,L
300854.SZ,中兰环保,环境保护,创业板,20210916,,L
300855.SZ,图南股份,小金属,创业板,20200723,,L
300856.SZ,科思股份,日用化工,创业板,20200722,,L
300857.SZ,协创数据,IT设备,创业板,20200727,,L
300858.SZ,科拓生物,食品,创业板,20200727,,L
300859.SZ,西域旅游,旅游服务,创业板,20200806,,L
300860.SZ,锋尚文化,文教休闲,创业板,20200824,,L
300861.SZ,美畅股份,矿物制品,创业板,20200824,,L
300862.SZ,蓝盾光电,电器仪表,创业板,20200824,,L
300863.SZ,卡倍亿,汽车配件,创业板,20200824,,L
300864.SZ,南大环境,环境保护,创业板,20200824,,L
300865.SZ,大宏立,专用机械,创业板,20200824,,L
300866.SZ,安克创新,元器件,创业板,20200824,,L
300867.SZ,圣元环保,环境保护,创业板,20200824,,L
300868.SZ,杰美特,元器件,创业板,20200824,,L
300869.SZ,康泰医学,医疗保健,创业板,20200824,,L
300870.SZ,欧陆通,电气设备,创业板,20200824,,L
300871.SZ,回盛生物,农业综合,创业板,20200824,,L
300872.SZ,天阳科技,软件服务,创业板,20200824,,L
300873.SZ,海晨股份,仓储物流,创业板,20200824,,L
300875.SZ,捷强装备,专用机械,创业板,20200824,,L
300876.SZ,蒙泰高新,化纤,创业板,20200824,,L
300877.SZ,金春股份,纺织,创业板,20200824,,L
300878.SZ,维康药业,中成药,创业板,20200824,,L
300879.SZ,大叶股份,农用机械,创业板,20200901,,L
300880.SZ,迦南智能,电器仪表,创业板,20200901,,L
300881.SZ,盛德鑫泰,钢加工,创业板,20200901,,L
300882.SZ,万胜智能,电器仪表,创业板,20200910,,L
300883.SZ,龙利得,造纸,创业板,20200910,,L
300884.SZ,狄耐克,IT设备,创业板,20201112,,L
300885.SZ,海昌新材,机械基件,创业板,20200910,,L
300886.SZ,华业香料,化工原料,创业板,20200916,,L
300887.SZ,谱尼测试,电器仪表,创业板,20200916,,L
300888.SZ,稳健医疗,医疗保健,创业板,20200917,,L
300889.SZ,爱克股份,电气设备,创业板,20200916,,L
300890.SZ,翔丰华,电气设备,创业板,20200917,,L
300891.SZ,惠云钛业,化工原料,创业板,20200917,,L
300892.SZ,品渥食品,乳制品,创业板,20200924,,L
300893.SZ,松原安全,汽车配件,创业板,20200924,,L
300894.SZ,火星人,家用电器,创业板,20201231,,L
300895.SZ,铜牛信息,软件服务,创业板,20200924,,L
300896.SZ,爱美客,医疗保健,创业板,20200928,,L
300897.SZ,山科智能,电器仪表,创业板,20200928,,L
300898.SZ,熊猫乳品,乳制品,创业板,20201016,,L
300899.SZ,上海凯鑫,环境保护,创业板,20201016,,L
300900.SZ,广联航空,航空,创业板,20201029,,L
300901.SZ,中胤时尚,服饰,创业板,20201029,,L
300902.SZ,国安达,专用机械,创业板,20201029,,L
300903.SZ,科翔股份,元器件,创业板,20201105,,L
300904.SZ,威力传动,电气设备,创业板,20230809,,L
300905.SZ,宝丽迪,染料涂料,创业板,20201105,,L
300906.SZ,日月明,运输设备,创业板,20201105,,L
300907.SZ,康平科技,电气设备,创业板,20201118,,L
300908.SZ,仲景食品,食品,创业板,20201123,,L
300909.SZ,汇创达,元器件,创业板,20201118,,L
300910.SZ,瑞丰新材,化工原料,创业板,20201127,,L
300911.SZ,亿田智能,家用电器,创业板,20201203,,L
300912.SZ,凯龙高科,汽车配件,创业板,20201207,,L
300913.SZ,兆龙互连,通信设备,创业板,20201207,,L
300915.SZ,海融科技,乳制品,创业板,20201202,,L
300916.SZ,朗特智能,元器件,创业板,20201202,,L
300917.SZ,特发服务,房产服务,创业板,20201221,,L
300918.SZ,南山智尚,纺织,创业板,20201222,,L
300919.SZ,中伟新材,电气设备,创业板,20201223,,L
300920.SZ,润阳科技,塑料,创业板,20201225,,L
300921.SZ,南凌科技,互联网,创业板,20201222,,L
300922.SZ,天秦装备,专用机械,创业板,20201225,,L
300923.SZ,研奥股份,运输设备,创业板,20201224,,L
300925.SZ,法本信息,软件服务,创业板,20201230,,L
300926.SZ,博俊科技,汽车配件,创业板,20210107,,L
300927.SZ,江天化学,化工原料,创业板,20210107,,L
300928.SZ,华安鑫创,汽车配件,创业板,20210106,,L
300929.SZ,华骐环保,环境保护,创业板,20210120,,L
300930.SZ,屹通新材,小金属,创业板,20210121,,L
300931.SZ,通用电梯,运输设备,创业板,20210121,,L
300932.SZ,三友联众,电气设备,创业板,20210122,,L
300933.SZ,中辰股份,电气设备,创业板,20210122,,L
300935.SZ,盈建科,软件服务,创业板,20210120,,L
300936.SZ,中英科技,元器件,创业板,20210126,,L
300937.SZ,药易购,医药商业,创业板,20210127,,L
300938.SZ,信测标准,电器仪表,创业板,20210127,,L
300939.SZ,秋田微,元器件,创业板,20210128,,L
300940.SZ,南极光,元器件,创业板,20210203,,L
300941.SZ,创识科技,IT设备,创业板,20210209,,L
300942.SZ,易瑞生物,医疗保健,创业板,20210209,,L
300943.SZ,春晖智控,机械基件,创业板,20210210,,L
300945.SZ,曼卡龙,服饰,创业板,20210210,,L
300946.SZ,恒而达,机械基件,创业板,20210208,,L
300947.SZ,德必集团,房产服务,创业板,20210210,,L
300948.SZ,冠中生态,环境保护,创业板,20210225,,L
300949.SZ,奥雅股份,建筑工程,创业板,20210226,,L
300950.SZ,德固特,专用机械,创业板,20210303,,L
300951.SZ,博硕科技,元器件,创业板,20210226,,L
300952.SZ,恒辉安防,纺织,创业板,20210311,,L
300953.SZ,震裕科技,电气设备,创业板,20210318,,L
300955.SZ,嘉亨家化,日用化工,创业板,20210324,,L
300956.SZ,英力股份,元器件,创业板,20210326,,L
300957.SZ,贝泰妮,日用化工,创业板,20210325,,L
300958.SZ,建工修复,环境保护,创业板,20210329,,L
300959.SZ,线上线下,电信运营,创业板,20210322,,L
300960.SZ,通业科技,运输设备,创业板,20210329,,L
300961.SZ,深水海纳,环境保护,创业板,20210330,,L
300962.SZ,中金辐照,医疗保健,创业板,20210409,,L
300963.SZ,中洲特材,小金属,创业板,20210409,,L
300964.SZ,本川智能,元器件,创业板,20210805,,L
300965.SZ,恒宇信通,航空,创业板,20210402,,L
300966.SZ,共同药业,化学制药,创业板,20210409,,L
300967.SZ,晓鸣股份,农业综合,创业板,20210413,,L
300968.SZ,格林精密,元器件,创业板,20210415,,L
300969.SZ,恒帅股份,汽车配件,创业板,20210412,,L
300970.SZ,华绿生物,种植业,创业板,20210412,,L
300971.SZ,博亚精工,机械基件,创业板,20210415,,L
300972.SZ,万辰集团,食品,创业板,20210419,,L
300973.SZ,立高食品,食品,创业板,20210415,,L
300975.SZ,商络电子,元器件,创业板,20210421,,L
300976.SZ,达瑞电子,元器件,创业板,20210419,,L
300977.SZ,深圳瑞捷,建筑工程,创业板,20210420,,L
300978.SZ,东箭科技,汽车配件,创业板,20210426,,L
300979.SZ,华利集团,服饰,创业板,20210426,,L
300980.SZ,祥源新材,塑料,创业板,20210421,,L
300981.SZ,中红医疗,医疗保健,创业板,20210427,,L
300982.SZ,苏文电能,建筑工程,创业板,20210427,,L
300983.SZ,尤安设计,建筑工程,创业板,20210420,,L
300984.SZ,金沃股份,机械基件,创业板,20210618,,L
300985.SZ,致远新能,汽车配件,创业板,20210429,,L
300986.SZ,志特新材,建筑工程,创业板,20210430,,L
300987.SZ,川网传媒,互联网,创业板,20210511,,L
300988.SZ,津荣天宇,机械基件,创业板,20210512,,L
300989.SZ,蕾奥规划,建筑工程,创业板,20210507,,L
300990.SZ,同飞股份,专用机械,创业板,20210512,,L
300991.SZ,创益通,元器件,创业板,20210520,,L
300992.SZ,泰福泵业,机械基件,创业板,20210525,,L
300993.SZ,玉马科技,家居用品,创业板,20210524,,L
300994.SZ,久祺股份,文教休闲,创业板,20210812,,L
300995.SZ,奇德新材,塑料,创业板,20210526,,L
300996.SZ,普联软件,软件服务,创业板,20210603,,L
300997.SZ,欢乐家,软饮料,创业板,20210602,,L
300998.SZ,宁波方正,专用机械,创业板,20210602,,L
300999.SZ,金龙鱼,食品,创业板,20201015,,L
301000.SZ,肇民科技,汽车配件,创业板,20210528,,L
301001.SZ,凯淳股份,互联网,创业板,20210528,,L
301002.SZ,崧盛股份,电气设备,创业板,20210607,,L
301003.SZ,江苏博云,塑料,创业板,20210601,,L
301004.SZ,嘉益股份,家居用品,创业板,20210625,,L
301005.SZ,超捷股份,汽车配件,创业板,20210601,,L
301006.SZ,迈拓股份,电器仪表,创业板,20210607,,L
301007.SZ,德迈仕,汽车配件,创业板,20210616,,L
301008.SZ,宏昌科技,家用电器,创业板,20210611,,L
301009.SZ,可靠股份,造纸,创业板,20210617,,L
301010.SZ,晶雪节能,其他建材,创业板,20210618,,L
301011.SZ,华立科技,文教休闲,创业板,20210617,,L
301012.SZ,扬电科技,电气设备,创业板,20210622,,L
301013.SZ,利和兴,专用机械,创业板,20210629,,L
301015.SZ,百洋医药,医药商业,创业板,20210630,,L
301016.SZ,雷尔伟,运输设备,创业板,20210630,,L
301017.SZ,漱玉平民,医药商业,创业板,20210705,,L
301018.SZ,申菱环境,专用机械,创业板,20210707,,L
301019.SZ,宁波色母,塑料,创业板,20210628,,L
301020.SZ,密封科技,汽车配件,创业板,20210706,,L
301021.SZ,英诺激光,专用机械,创业板,20210706,,L
301022.SZ,海泰科,专用机械,创业板,20210702,,L
301023.SZ,奕帆传动,电气设备,创业板,20210707,,L
301024.SZ,霍普股份,建筑工程,创业板,20210728,,L
301025.SZ,读客文化,出版业,创业板,20210719,,L
301026.SZ,浩通科技,小金属,创业板,20210716,,L
301027.SZ,华蓝集团,建筑工程,创业板,20210715,,L
301028.SZ,鼎熔岩,专用机械,创业板,20210720,,L
301029.SZ,怡合达,专用机械,创业板,20210723,,L
301030.SZ,*ST仕净,环境保护,创业板,20210722,,L
301031.SZ,中熔电气,电气设备,创业板,20210715,,L
301032.SZ,新柴股份,工程机械,创业板,20210722,,L
301033.SZ,迈普医学,医疗保健,创业板,20210726,,L
301035.SZ,润丰股份,农药化肥,创业板,20210728,,L
301036.SZ,双乐股份,染料涂料,创业板,20210729,,L
301037.SZ,保立佳,染料涂料,创业板,20210730,,L
301038.SZ,深水规院,建筑工程,创业板,20210804,,L
301039.SZ,中集车辆,汽车整车,创业板,20210708,,L
301040.SZ,中环海陆,机械基件,创业板,20210803,,L
301041.SZ,金百泽,元器件,创业板,20210811,,L
301042.SZ,安联锐视,IT设备,创业板,20210805,,L
301043.SZ,绿岛风,机械基件,创业板,20210811,,L
301045.SZ,天禄科技,元器件,创业板,20210813,,L
301046.SZ,能辉科技,建筑工程,创业板,20210817,,L
301047.SZ,义翘神州,生物制药,创业板,20210816,,L
301048.SZ,金鹰重工,运输设备,创业板,20210818,,L
301049.SZ,超越科技,环境保护,创业板,20210824,,L
301050.SZ,雷电微力,航空,创业板,20210824,,L
301051.SZ,信濠光电,元器件,创业板,20210827,,L
301052.SZ,果麦文化,出版业,创业板,20210830,,L
301053.SZ,远信工业,专用机械,创业板,20210901,,L
301055.SZ,张小泉,家居用品,创业板,20210906,,L
301056.SZ,森赫股份,运输设备,创业板,20210907,,L
301057.SZ,汇隆新材,化纤,创业板,20210909,,L
301058.SZ,中粮科工,建筑工程,创业板,20210909,,L
301059.SZ,金三江,化工原料,创业板,20210913,,L
301060.SZ,兰卫医学,医疗保健,创业板,20210913,,L
301061.SZ,匠心家居,家居用品,创业板,20210913,,L
301062.SZ,上海艾录,广告包装,创业板,20210914,,L
301063.SZ,海锅股份,电气设备,创业板,20210924,,L
301065.SZ,本立科技,化学制药,创业板,20210914,,L
301066.SZ,万事利,纺织,创业板,20210922,,L
301067.SZ,显盈科技,元器件,创业板,20210922,,L
301068.SZ,大地海洋,环境保护,创业板,20210928,,L
301069.SZ,凯盛新材,化工原料,创业板,20210927,,L
301070.SZ,开勒股份,机械基件,创业板,20210923,,L
301071.SZ,力量钻石,矿物制品,创业板,20210924,,L
301072.SZ,中捷精工,汽车配件,创业板,20210929,,L
301073.SZ,君亭酒店,酒店餐饮,创业板,20210930,,L
301075.SZ,多瑞医药,化学制药,创业板,20210929,,L
301076.SZ,新瀚新材,化工原料,创业板,20211011,,L
301077.SZ,星华新材,化工原料,创业板,20210930,,L
301078.SZ,孩子王,其他商业,创业板,20211014,,L
301079.SZ,邵阳液压,机械基件,创业板,20211019,,L
301080.SZ,百普赛斯,生物制药,创业板,20211018,,L
301081.SZ,严牌股份,环境保护,创业板,20211020,,L
301082.SZ,久盛电气,电气设备,创业板,20211027,,L
301083.SZ,百胜智能,专用机械,创业板,20211021,,L
301085.SZ,亚康股份,软件服务,创业板,20211018,,L
301086.SZ,鸿富瀚,元器件,创业板,20211020,,L
301087.SZ,可孚医疗,医疗保健,创业板,20211025,,L
301088.SZ,戎美股份,服饰,创业板,20211028,,L
301089.SZ,拓新药业,化学制药,创业板,20211027,,L
301090.SZ,华润材料,化工原料,创业板,20211026,,L
301091.SZ,深城交,建筑工程,创业板,20211029,,L
301092.SZ,争光股份,化工原料,创业板,20211102,,L
301093.SZ,华兰股份,医疗保健,创业板,20211101,,L
301095.SZ,广立微,半导体,创业板,20220805,,L
301096.SZ,百诚医药,医疗保健,创业板,20211220,,L
301097.SZ,天益医疗,医疗保健,创业板,20220407,,L
301098.SZ,金埔园林,建筑工程,创业板,20211112,,L
301099.SZ,雅创电子,元器件,创业板,20211122,,L
301100.SZ,风光股份,化工原料,创业板,20211217,,L
301101.SZ,明月镜片,文教休闲,创业板,20211216,,L
301102.SZ,兆讯传媒,广告包装,创业板,20220328,,L
301103.SZ,何氏眼科,医疗保健,创业板,20220322,,L
301105.SZ,鸿铭股份,专用机械,创业板,20221230,,L
301106.SZ,骏成科技,元器件,创业板,20220128,,L
301107.SZ,瑜欣电子,机械基件,创业板,20220524,,L
301108.SZ,洁雅股份,日用化工,创业板,20211203,,L
301109.SZ,军信股份,环境保护,创业板,20220413,,L
301110.SZ,青木科技,互联网,创业板,20220311,,L
301111.SZ,粤万年青,中成药,创业板,20211207,,L
301112.SZ,信邦智能,专用机械,创业板,20220629,,L
301113.SZ,雅艺科技,家居用品,创业板,20211222,,L
301115.SZ,联检科技,建筑工程,创业板,20220831,,L
301116.SZ,益客食品,食品,创业板,20220118,,L
301117.SZ,佳缘科技,软件服务,创业板,20220117,,L
301118.SZ,恒光股份,化工原料,创业板,20211118,,L
301119.SZ,正强股份,汽车配件,创业板,20211122,,L
301120.SZ,新特电气,电气设备,创业板,20220419,,L
301121.SZ,紫建电子,电气设备,创业板,20220808,,L
301122.SZ,采纳股份,医疗保健,创业板,20220126,,L
301123.SZ,奕东电子,元器件,创业板,20220125,,L
301125.SZ,腾亚精工,机械基件,创业板,20220608,,L
301126.SZ,达嘉维康,医药商业,创业板,20211207,,L
301127.SZ,武汉天源,环境保护,创业板,20211230,,L
301128.SZ,强瑞技术,专用机械,创业板,20211110,,L
301129.SZ,瑞纳智能,电器仪表,创业板,20211102,,L
301130.SZ,西点药业,化学制药,创业板,20220223,,L
301131.SZ,聚赛龙,塑料,创业板,20220314,,L
301132.SZ,满坤科技,元器件,创业板,20220810,,L
301133.SZ,金钟股份,汽车配件,创业板,20211126,,L
301135.SZ,瑞德智能,元器件,创业板,20220412,,L
301136.SZ,招标股份,建筑工程,创业板,20220111,,L
301137.SZ,哈焊华通,机械基件,创业板,20220322,,L
301138.SZ,华研精机,专用机械,创业板,20211215,,L
301139.SZ,*ST元道,通信设备,创业板,20220708,,L
301141.SZ,中科磁业,矿物制品,创业板,20230403,,L
301148.SZ,嘉戎技术,环境保护,创业板,20220421,,L
301149.SZ,隆华新材,化工原料,创业板,20211110,,L
301150.SZ,中一科技,电气设备,创业板,20220421,,L
301151.SZ,冠龙节能,机械基件,创业板,20220411,,L
301152.SZ,天力锂能,小金属,创业板,20220829,,L
301153.SZ,中科江南,软件服务,创业板,20220518,,L
301155.SZ,海力风电,电气设备,创业板,20211124,,L
301156.SZ,美农生物,饲料,创业板,20220617,,L
301157.SZ,华塑科技,电气设备,创业板,20230309,,L
301158.SZ,德石股份,专用机械,创业板,20220117,,L
301159.SZ,三维天地,软件服务,创业板,20220107,,L
301160.SZ,翔楼新材,机械基件,创业板,20220606,,L
301161.SZ,唯万密封,工程机械,创业板,20220914,,L
301162.SZ,国能日新,软件服务,创业板,20220429,,L
301163.SZ,宏德股份,电气设备,创业板,20220419,,L
301165.SZ,锐捷网络,通信设备,创业板,20221121,,L
301166.SZ,优宁维,医药商业,创业板,20211228,,L
301167.SZ,建研设计,建筑工程,创业板,20211206,,L
301168.SZ,通灵股份,电气设备,创业板,20211210,,L
301169.SZ,零点有数,文教休闲,创业板,20211103,,L
301170.SZ,锡南科技,汽车配件,创业板,20230627,,L
301171.SZ,易点天下,互联网,创业板,20220819,,L
301172.SZ,君逸数码,软件服务,创业板,20230726,,L
301173.SZ,毓恬冠佳,汽车配件,创业板,20250303,,L
301175.SZ,中科环保,环境保护,创业板,20220708,,L
301176.SZ,逸豪新材,元器件,创业板,20220928,,L
301177.SZ,迪阿股份,服饰,创业板,20211215,,L
301178.SZ,天亿马,软件服务,创业板,20211112,,L
301179.SZ,泽宇智能,软件服务,创业板,20211208,,L
301180.SZ,万祥科技,元器件,创业板,20211116,,L
301181.SZ,标榜股份,汽车配件,创业板,20220221,,L
301182.SZ,凯旺科技,元器件,创业板,20211223,,L
301183.SZ,东田微,元器件,创业板,20220524,,L
301185.SZ,鸥玛软件,软件服务,创业板,20211119,,L
301186.SZ,超达装备,专用机械,创业板,20211223,,L
301187.SZ,欧圣电气,家用电器,创业板,20220422,,L
301188.SZ,力诺药包,玻璃,创业板,20211111,,L
301189.SZ,奥尼电子,IT设备,创业板,20211228,,L
301190.SZ,善水科技,染料涂料,创业板,20211224,,L
301191.SZ,菲菱科思,通信设备,创业板,20220526,,L
301192.SZ,泰祥股份,汽车配件,创业板,20220811,,L
301193.SZ,家联科技,家居用品,创业板,20211209,,L
301195.SZ,北路智控,软件服务,创业板,20220801,,L
301196.SZ,唯科科技,专用机械,创业板,20220111,,L
301197.SZ,工大科雅,软件服务,创业板,20220808,,L
301198.SZ,喜悦智行,塑料,创业板,20211202,,L
301199.SZ,迈赫股份,专用机械,创业板,20211207,,L
301200.SZ,大族数控,专用机械,创业板,20220228,,L
301201.SZ,诚达药业,生物制药,创业板,20220120,,L
301202.SZ,朗威股份,机械基件,创业板,20230705,,L
301203.SZ,国泰环保,环境保护,创业板,20230404,,L
301205.SZ,联特科技,通信设备,创业板,20220913,,L
301206.SZ,三元生物,食品,创业板,20220210,,L
301207.SZ,华兰疫苗,生物制药,创业板,20220218,,L
301208.SZ,中亦科技,软件服务,创业板,20220707,,L
301209.SZ,联合化学,染料涂料,创业板,20220825,,L
301210.SZ,金杨精密,电气设备,创业板,20230630,,L
301211.SZ,亨迪药业,化学制药,创业板,20211222,,L
301212.SZ,联盛化学,化工原料,创业板,20220419,,L
301213.SZ,观想科技,软件服务,创业板,20211206,,L
301215.SZ,中汽股份,汽车服务,创业板,20220308,,L
301216.SZ,万凯新材,化工原料,创业板,20220329,,L
301217.SZ,铜冠铜箔,元器件,创业板,20220127,,L
301218.SZ,华是科技,软件服务,创业板,20220307,,L
301219.SZ,腾远钴业,小金属,创业板,20220317,,L
301220.SZ,亚香股份,化工原料,创业板,20220622,,L
301221.SZ,光庭信息,软件服务,创业板,20211222,,L
301222.SZ,浙江恒威,电气设备,创业板,20220309,,L
301223.SZ,中荣股份,广告包装,创业板,20221026,,L
301225.SZ,恒勃股份,汽车配件,创业板,20230616,,L
301226.SZ,祥明智能,电气设备,创业板,20220325,,L
301227.SZ,森鹰窗业,家居用品,创业板,20220926,,L
301228.SZ,实朴检测,电器仪表,创业板,20220128,,L
301229.SZ,纽泰格,汽车配件,创业板,20220222,,L
301230.SZ,泓博医药,生物制药,创业板,20221101,,L
301231.SZ,荣信文化,出版业,创业板,20220908,,L
301232.SZ,飞沃科技,机械基件,创业板,20230615,,L
301233.SZ,盛帮股份,汽车配件,创业板,20220706,,L
301234.SZ,五洲医疗,医疗保健,创业板,20220705,,L
301235.SZ,华康洁净,医疗保健,创业板,20220128,,L
301236.SZ,软通动力,软件服务,创业板,20220315,,L
301237.SZ,和顺科技,塑料,创业板,20220323,,L
301238.SZ,瑞泰新材,化工原料,创业板,20220617,,L
301239.SZ,普瑞眼科,医疗保健,创业板,20220705,,L
301246.SZ,宏源药业,化学制药,创业板,20230320,,L
301248.SZ,杰创智能,软件服务,创业板,20220420,,L
301251.SZ,威尔高,元器件,创业板,20230906,,L
301252.SZ,同星科技,机械基件,创业板,20230525,,L
301255.SZ,通力科技,机械基件,创业板,20221227,,L
301256.SZ,华融化学,化工原料,创业板,20220322,,L
301257.SZ,普蕊斯,医疗保健,创业板,20220517,,L
301258.SZ,富士莱,化学制药,创业板,20220329,,L
301259.SZ,艾布鲁,环境保护,创业板,20220426,,L
301260.SZ,格力博,专用机械,创业板,20230208,,L
301261.SZ,恒工精密,机械基件,创业板,20230710,,L
301262.SZ,海看股份,影视音像,创业板,20230620,,L
301263.SZ,泰恩康,医药商业,创业板,20220329,,L
301265.SZ,华新科技,环境保护,创业板,20221216,,L
301266.SZ,宇邦新材,电气设备,创业板,20220608,,L
301267.SZ,华厦眼科,医疗保健,创业板,20221107,,L
301268.SZ,铭利达,机械基件,创业板,20220407,,L
301269.SZ,华大九天,半导体,创业板,20220729,,L
301270.SZ,汉仪股份,软件服务,创业板,20220831,,L
301272.SZ,英华特,专用机械,创业板,20230713,,L
301273.SZ,瑞晨环保,机械基件,创业板,20221025,,L
301275.SZ,汉朔科技,元器件,创业板,20250311,,L
301276.SZ,嘉曼服饰,服饰,创业板,20220909,,L
301277.SZ,新天地,化学制药,创业板,20221116,,L
301278.SZ,快可电子,电气设备,创业板,20220804,,L
301279.SZ,金道科技,工程机械,创业板,20220413,,L
301280.SZ,珠城科技,元器件,创业板,20221226,,L
301281.SZ,科源制药,化学制药,创业板,20230404,,L
301282.SZ,金禄电子,元器件,创业板,20220826,,L
301283.SZ,聚胶股份,日用化工,创业板,20220902,,L
301285.SZ,鸿日达,元器件,创业板,20220928,,L
301286.SZ,侨源股份,化工原料,创业板,20220614,,L
301287.SZ,康力源,文教休闲,创业板,20230614,,L
301288.SZ,清研环境,环境保护,创业板,20220422,,L
301289.SZ,国缆检测,电器仪表,创业板,20220622,,L
301290.SZ,东星医疗,医疗保健,创业板,20221130,,L
301291.SZ,明阳电气,电气设备,创业板,20230630,,L
301292.SZ,海科新源,化工原料,创业板,20230707,,L
301293.SZ,三博脑科,医疗保健,创业板,20230505,,L
301295.SZ,美硕科技,电气设备,创业板,20230628,,L
301296.SZ,新巨丰,广告包装,创业板,20220902,,L
301297.SZ,富乐德,半导体,创业板,20221230,,L
301298.SZ,东利机械,汽车配件,创业板,20220606,,L
301299.SZ,卓创资讯,互联网,创业板,20221019,,L
301300.SZ,远翔新材,化工原料,创业板,20220819,,L
301301.SZ,川宁生物,化学制药,创业板,20221227,,L
301302.SZ,华如科技,软件服务,创业板,20220623,,L
301303.SZ,真兰仪表,电器仪表,创业板,20230220,,L
301305.SZ,朗坤科技,环境保护,创业板,20230523,,L
301306.SZ,西测测试,航空,创业板,20220726,,L
301307.SZ,美利信,通信设备,创业板,20230424,,L
301308.SZ,江波龙,半导体,创业板,20220805,,L
301309.SZ,万得凯,机械基件,创业板,20220919,,L
301310.SZ,鑫宏业,汽车配件,创业板,20230602,,L
301311.SZ,昆船智能,机械基件,创业板,20221130,,L
301312.SZ,智立方,专用机械,创业板,20220711,,L
301313.SZ,凡拓数创,文教休闲,创业板,20220930,,L
301314.SZ,科瑞思,元器件,创业板,20230328,,L
301315.SZ,威士顿,软件服务,创业板,20230621,,L
301316.SZ,慧博云通,软件服务,创业板,20221013,,L
301317.SZ,鑫磊股份,机械基件,创业板,20230119,,L
301318.SZ,维海德,IT设备,创业板,20220810,,L
301319.SZ,唯特偶,元器件,创业板,20220929,,L
301320.SZ,豪江智能,电气设备,创业板,20230609,,L
301321.SZ,翰博高新,元器件,创业板,20220818,,L
301322.SZ,绿通科技,摩托车,创业板,20230306,,L
301323.SZ,新莱福,橡胶,创业板,20230606,,L
301325.SZ,曼恩斯特,专用机械,创业板,20230512,,L
301326.SZ,捷邦科技,元器件,创业板,20220921,,L
301327.SZ,华宝新能,电气设备,创业板,20220919,,L
301328.SZ,维峰电子,元器件,创业板,20220908,,L
301329.SZ,信音电子,元器件,创业板,20230717,,L
301330.SZ,熵基科技,IT设备,创业板,20220817,,L
301331.SZ,恩威医药,中成药,创业板,20220921,,L
301332.SZ,德尔玛,家用电器,创业板,20230518,,L
301333.SZ,诺思格,医疗保健,创业板,20220802,,L
301335.SZ,天元宠物,文教休闲,创业板,20221118,,L
301336.SZ,趣睡科技,家居用品,创业板,20220812,,L
301337.SZ,亚华电子,软件服务,创业板,20230526,,L
301338.SZ,凯格精机,专用机械,创业板,20220816,,L
301339.SZ,通行宝,IT设备,创业板,20220909,,L
301345.SZ,涛涛车业,摩托车,创业板,20230321,,L
301348.SZ,蓝箭电子,半导体,创业板,20230810,,L
301349.SZ,信德新材,化工原料,创业板,20220909,,L
301353.SZ,普莱得,专用机械,创业板,20230530,,L
301355.SZ,南王科技,广告包装,创业板,20230612,,L
301356.SZ,天振股份,家居用品,创业板,20221114,,L
301357.SZ,北方长龙,专用机械,创业板,20230418,,L
301358.SZ,湖南裕能,电气设备,创业板,20230209,,L
301359.SZ,东南电子,元器件,创业板,20221109,,L
301360.SZ,荣旗科技,专用机械,创业板,20230425,,L
301361.SZ,众智科技,电气设备,创业板,20221116,,L
301362.SZ,民爆光电,电气设备,创业板,20230804,,L
301363.SZ,美好医疗,医疗保健,创业板,20221012,,L
301365.SZ,矩阵股份,建筑工程,创业板,20221122,,L
301366.SZ,一博科技,元器件,创业板,20220926,,L
301367.SZ,瑞迈特,医疗保健,创业板,20221101,,L
301368.SZ,丰立智能,机械基件,创业板,20221215,,L
301369.SZ,联动科技,半导体,创业板,20220922,,L
301370.SZ,国科恒泰,医药商业,创业板,20230712,,L
301371.SZ,敷尔佳,日用化工,创业板,20230801,,L
301372.SZ,科净源,环境保护,创业板,20230811,,L
301373.SZ,凌玮科技,化工原料,创业板,20230208,,L
301376.SZ,致欧科技,家居用品,创业板,20230621,,L
301377.SZ,鼎泰高科,机械基件,创业板,20221122,,L
301378.SZ,通达海,软件服务,创业板,20230320,,L
301379.SZ,天山电子,元器件,创业板,20221101,,L
301380.SZ,挖金客,软件服务,创业板,20221025,,L
301381.SZ,赛维时代,互联网,创业板,20230712,,L
301382.SZ,蜂助手,互联网,创业板,20230517,,L
301383.SZ,天键股份,元器件,创业板,20230609,,L
301386.SZ,未来电器,电气设备,创业板,20230329,,L
301387.SZ,光大同创,元器件,创业板,20230418,,L
301388.SZ,欣灵电气,电气设备,创业板,20221109,,L
301389.SZ,隆扬电子,元器件,创业板,20221031,,L
301390.SZ,经纬股份,建筑工程,创业板,20230508,,L
301391.SZ,卡莱特,IT设备,创业板,20221201,,L
301392.SZ,汇成真空,专用机械,创业板,20240605,,L
301393.SZ,昊帆生物,化工原料,创业板,20230712,,L
301395.SZ,仁信新材,化工原料,创业板,20230703,,L
301396.SZ,宏景科技,软件服务,创业板,20221111,,L
301397.SZ,溯联股份,汽车配件,创业板,20230628,,L
301398.SZ,星源卓镁,汽车配件,创业板,20221215,,L
301399.SZ,英特科技,机械基件,创业板,20230523,,L
301408.SZ,华人健康,医药商业,创业板,20230301,,L
301413.SZ,安培龙,电器仪表,创业板,20231218,,L
301418.SZ,协昌科技,电气设备,创业板,20230821,,L
301419.SZ,阿莱德,通信设备,创业板,20230209,,L
301421.SZ,波长光电,元器件,创业板,20230823,,L
301428.SZ,世纪恒通,互联网,创业板,20230519,,L
301429.SZ,森泰股份,其他建材,创业板,20230417,,L
301439.SZ,泓淋电力,电气设备,创业板,20230317,,L
301446.SZ,福事特,机械基件,创业板,20230725,,L
301448.SZ,开创电气,机械基件,创业板,20230619,,L
301449.SZ,天溯计量,电器仪表,创业板,20251223,,L
301456.SZ,盘古智能,电气设备,创业板,20230714,,L
301458.SZ,钧崴电子,元器件,创业板,20250110,,L
301459.SZ,丰茂股份,汽车配件,创业板,20231213,,L
301468.SZ,博盈特焊,专用机械,创业板,20230724,,L
301469.SZ,恒达新材,造纸,创业板,20230822,,L
301479.SZ,弘景光电,元器件,创业板,20250318,,L
301486.SZ,致尚科技,元器件,创业板,20230707,,L
301487.SZ,盟固利,化工原料,创业板,20230809,,L
301488.SZ,豪恩汽电,汽车配件,创业板,20230704,,L
301489.SZ,思泉新材,元器件,创业板,20231024,,L
301491.SZ,汉桑科技,IT设备,创业板,20250806,,L
301498.SZ,乖宝宠物,饲料,创业板,20230816,,L
301499.SZ,维科精密,汽车配件,创业板,20230721,,L
301500.SZ,飞南资源,环境保护,创业板,20230921,,L
301501.SZ,恒鑫生活,造纸,创业板,20250319,,L
301502.SZ,华阳智能,电气设备,创业板,20240202,,L
301503.SZ,智迪科技,IT设备,创业板,20230717,,L
301505.SZ,苏州规划,建筑工程,创业板,20230719,,L
301507.SZ,民生健康,化学制药,创业板,20230905,,L
301508.SZ,中机认检,电器仪表,创业板,20231201,,L
301509.SZ,金凯生科,化学制药,创业板,20230803,,L
301510.SZ,固高科技,电器仪表,创业板,20230815,,L
301511.SZ,德福科技,电气设备,创业板,20230817,,L
301512.SZ,智信精密,专用机械,创业板,20230720,,L
301513.SZ,尚水智能,专用机械,创业板,20260417,,L
301515.SZ,港通医疗,医疗保健,创业板,20230725,,L
301516.SZ,中远通,电气设备,创业板,20231208,,L
301517.SZ,陕西华达,元器件,创业板,20231017,,L
301518.SZ,长华化学,化工原料,创业板,20230803,,L
301519.SZ,舜禹股份,专用机械,创业板,20230727,,L
301520.SZ,万邦医药,生物制药,创业板,20230925,,L
301522.SZ,上大股份,小金属,创业板,20241016,,L
301525.SZ,儒竞科技,家用电器,创业板,20230830,,L
301526.SZ,国际复材,玻璃,创业板,20231226,,L
301528.SZ,多浦乐,电器仪表,创业板,20230828,,L
301529.SZ,福赛科技,汽车配件,创业板,20230911,,L
301531.SZ,春光集团,矿物制品,创业板,20260511,,L
301533.SZ,威马农机,农用机械,创业板,20230818,,L
301535.SZ,浙江华远,汽车配件,创业板,20250327,,L
301536.SZ,星宸科技,半导体,创业板,20240328,,L
301538.SZ,骏鼎达,塑料,创业板,20240320,,L
301539.SZ,宏鑫科技,汽车配件,创业板,20240415,,L
301548.SZ,崇德科技,机械基件,创业板,20230920,,L
301550.SZ,斯菱智驱,汽车配件,创业板,20230915,,L
301551.SZ,无线传媒,影视音像,创业板,20240926,,L
301552.SZ,科力装备,汽车配件,创业板,20240722,,L
301555.SZ,惠柏新材,化工原料,创业板,20231031,,L
301556.SZ,托普云农,软件服务,创业板,20241017,,L
301557.SZ,常友科技,电气设备,创业板,20250304,,L
301558.SZ,三态股份,互联网,创业板,20230928,,L
301559.SZ,中集环科,专用机械,创业板,20231011,,L
301560.SZ,众捷汽车,汽车配件,创业板,20250425,,L
301563.SZ,云汉芯城,元器件,创业板,20250930,,L
301565.SZ,中仑新材,塑料,创业板,20240620,,L
301566.SZ,达利凯普,元器件,创业板,20231229,,L
301567.SZ,贝隆精密,元器件,创业板,20240116,,L
301568.SZ,思泰克,专用机械,创业板,20231128,,L
301571.SZ,国科天成,元器件,创业板,20240821,,L
301575.SZ,艾芬达,家居用品,创业板,20250910,,L
301577.SZ,美信科技,元器件,创业板,20240124,,L
301578.SZ,辰奕智能,IT设备,创业板,20231228,,L
301580.SZ,爱迪特,医疗保健,创业板,20240626,,L
301581.SZ,黄山谷捷,半导体,创业板,20250103,,L
301584.SZ,建发致新,医药商业,创业板,20250925,,L
301585.SZ,蓝宇股份,染料涂料,创业板,20241220,,L
301586.SZ,佳力奇,航空,创业板,20240828,,L
301587.SZ,中瑞股份,电气设备,创业板,20240408,,L
301588.SZ,美新科技,家居用品,创业板,20240313,,L
301589.SZ,诺瓦星云,IT设备,创业板,20240208,,L
301590.SZ,优优绿能,电气设备,创业板,20250605,,L
301591.SZ,肯特股份,塑料,创业板,20240228,,L
301592.SZ,六九一二,软件服务,创业板,20241024,,L
301595.SZ,太力科技,橡胶,创业板,20250519,,L
301596.SZ,瑞迪智驱,机械基件,创业板,20240513,,L
301598.SZ,博科测试,专用机械,创业板,20241220,,L
301599.SZ,理奇智能,专用机械,创业板,20260430,,L
301600.SZ,慧翰股份,通信设备,创业板,20240911,,L
301601.SZ,惠通科技,专用机械,创业板,20250115,,L
301602.SZ,超研股份,医疗保健,创业板,20250122,,L
301603.SZ,乔锋智能,机床制造,创业板,20240710,,L
301606.SZ,绿联科技,元器件,创业板,20240726,,L
301607.SZ,富特科技,汽车配件,创业板,20240904,,L
301608.SZ,博实结,通信设备,创业板,20240801,,L
301609.SZ,山大电力,电气设备,创业板,20250723,,L
301611.SZ,珂玛科技,半导体,创业板,20240816,,L
301613.SZ,新铝时代,汽车配件,创业板,20241025,,L
301616.SZ,浙江华业,机械基件,创业板,20250327,,L
301617.SZ,博苑新材,化工原料,创业板,20241211,,L
301618.SZ,长联科技,染料涂料,创业板,20240930,,L
301622.SZ,英思特,矿物制品,创业板,20241204,,L
301626.SZ,苏州天脉,元器件,创业板,20241024,,L
301628.SZ,强达电路,元器件,创业板,20241031,,L
301629.SZ,矽电股份,半导体,创业板,20250324,,L
301630.SZ,同宇新材,化工原料,创业板,20250710,,L
301631.SZ,壹连科技,元器件,创业板,20241122,,L
301632.SZ,广东建科,建筑工程,创业板,20250812,,L
301633.SZ,港迪技术,专用机械,创业板,20241107,,L
301636.SZ,泽润新能,电气设备,创业板,20250516,,L
301638.SZ,南网数字,软件服务,创业板,20251118,,L
301656.SZ,联合动力,汽车配件,创业板,20250925,,L
301658.SZ,首航新能,电气设备,创业板,20250402,,L
301662.SZ,宏工科技,专用机械,创业板,20250417,,L
301665.SZ,泰禾股份,农药化肥,创业板,20250411,,L
301666.SZ,大普微,IT设备,创业板,20260416,,L
301667.SZ,纳百川,汽车配件,创业板,20251223,,L
301668.SZ,昊创瑞通,电气设备,创业板,20250926,,L
301669.SZ,高特电子,电气设备,创业板,20260609,,L
301678.SZ,新恒汇,半导体,创业板,20250620,,L
301680.SZ,固德电材,汽车配件,创业板,20260306,,L
301682.SZ,宏明电子,元器件,创业板,20260325,,L
301683.SZ,慧谷新材,染料涂料,创业板,20260401,,L
301687.SZ,新广益,化工原料,创业板,20251231,,L
301696.SZ,三瑞智能,电气设备,创业板,20260410,,L
302132.SZ,中航成飞,航空,创业板,20100827,,L
600000.SH,浦发银行,银行,主板,19991110,,L
600001.SH,邯郸钢铁(退),,主板,19980122,20091229,D
600002.SH,齐鲁石化(退),,主板,19980408,20060424,D
600003.SH,ST东北高(退),,主板,19990810,20100226,D
600004.SH,白云机场,机场,主板,20030428,,L
600005.SH,武钢股份(退),,主板,19990803,20170214,D
600006.SH,东风股份,汽车整车,主板,19990727,,L
600007.SH,中国国贸,园区开发,主板,19990312,,L
600008.SH,首创环保,水务,主板,20000427,,L
600009.SH,上海机场,机场,主板,19980218,,L
600010.SH,包钢股份,普钢,主板,20010309,,L
600011.SH,华能国际,火力发电,主板,20011206,,L
600012.SH,皖通高速,路桥,主板,20030107,,L
600015.SH,华夏银行,银行,主板,20030912,,L
600016.SH,民生银行,银行,主板,20001219,,L
600017.SH,日照港,港口,主板,20061017,,L
600018.SH,上港集团,港口,主板,20061026,,L
600019.SH,宝钢股份,普钢,主板,20001212,,L
600020.SH,中原高速,路桥,主板,20030808,,L
600021.SH,上海电力,火力发电,主板,20031029,,L
600022.SH,山东钢铁,普钢,主板,20040629,,L
600023.SH,浙能电力,火力发电,主板,20131219,,L
600025.SH,华能水电,水力发电,主板,20171215,,L
600026.SH,中远海能,水运,主板,20020523,,L
600027.SH,华电国际,火力发电,主板,20050203,,L
600028.SH,中国石化,石油加工,主板,20010808,,L
600029.SH,南方航空,空运,主板,20030725,,L
600030.SH,中信证券,证券,主板,20030106,,L
600031.SH,三一重工,工程机械,主板,20030703,,L
600032.SH,浙江新能,新型电力,主板,20210525,,L
600033.SH,福建高速,路桥,主板,20010209,,L
600035.SH,楚天高速,路桥,主板,20040310,,L
600036.SH,招商银行,银行,主板,20020409,,L
600037.SH,歌华有线,影视音像,主板,20010208,,L
600038.SH,中直股份,航空,主板,20001218,,L
600039.SH,四川路桥,建筑工程,主板,20030325,,L
600048.SH,保利发展,全国地产,主板,20060731,,L
600050.SH,中国联通,电信运营,主板,20021009,,L
600051.SH,宁波联合,综合类,主板,19970410,,L
600052.SH,东望时代,供气供热,主板,19970415,,L
600053.SH,*ST九鼎,多元金融,主板,19970418,,L
600054.SH,黄山旅游,旅游景点,主板,19970506,,L
600055.SH,万东医疗,医疗保健,主板,19970519,,L
600056.SH,中国医药,医药商业,主板,19970515,,L
600057.SH,厦门象屿,仓储物流,主板,19970604,,L
600058.SH,五矿发展,商贸代理,主板,19970528,,L
600059.SH,古越龙山,红黄酒,主板,19970516,,L
600060.SH,海信视像,家用电器,主板,19970422,,L
600061.SH,国投资本,证券,主板,19970519,,L
600062.SH,华润双鹤,化学制药,主板,19970522,,L
600063.SH,皖维高新,化纤,主板,19970528,,L
600064.SH,南京高科,园区开发,主板,19970506,,L
600065.SH,*ST联谊(退),,主板,19970523,20071213,D
600066.SH,宇通客车,汽车整车,主板,19970508,,L
600067.SH,冠城新材,电气设备,主板,19970508,,L
600068.SH,葛洲坝(退),,主板,19970526,20210913,D
600069.SH,退银鸽(退),,主板,19970430,20200827,D
600070.SH,*ST富润(退),,主板,19970604,20250430,D
600071.SH,凤凰光学,元器件,主板,19970528,,L
600072.SH,中船科技,电气设备,主板,19970603,,L
600073.SH,光明肉业,食品,主板,19970704,,L
600074.SH,退保千(退),,主板,19970623,20200602,D
600075.SH,新疆天业,化工原料,主板,19970617,,L
600076.SH,康欣新材,广告包装,主板,19970526,,L
600077.SH,*ST宋都(退),,主板,19970520,20230725,D
600078.SH,澄星股份,化工原料,主板,19970627,,L
600079.SH,ST人福,化学制药,主板,19970606,,L
600080.SH,ST金花,中成药,主板,19970612,,L
600081.SH,东风科技,汽车配件,主板,19970703,,L
600082.SH,ST海泰,园区开发,主板,19970620,,L
600083.SH,*ST博信(退),,主板,19970606,20250305,D
600084.SH,*ST尼雅,红黄酒,主板,19970711,,L
600085.SH,同仁堂,中成药,主板,19970625,,L
600086.SH,退金钰(退),,主板,19970606,20210317,D
600087.SH,退长油(退),,主板,19970612,20140605,D
600088.SH,中视传媒,影视音像,主板,19970616,,L
600089.SH,特变电工,电气设备,主板,19970618,,L
600090.SH,退济堂(退),,主板,19970616,20220707,D
600091.SH,退明科(退),,主板,19970704,20220621,D
600092.SH,S*ST精密(退),,主板,19970626,20061130,D
600093.SH,退易见(退),,主板,19970626,20220623,D
600094.SH,大名城,区域地产,主板,19970703,,L
600095.SH,湘财股份,证券,主板,19970708,,L
600096.SH,云天化,农药化肥,主板,19970709,,L
600097.SH,开创国际,渔业,主板,19970619,,L
600098.SH,广州发展,火力发电,主板,19970718,,L
600099.SH,林海股份,汽车整车,主板,19970704,,L
600100.SH,同方股份,IT设备,主板,19970627,,L
600101.SH,明星电力,水力发电,主板,19970627,,L
600102.SH,莱钢股份(退),,主板,19970828,20120228,D
600103.SH,青山纸业,造纸,主板,19970703,,L
600104.SH,上汽集团,汽车整车,主板,19971125,,L
600105.SH,永鼎股份,通信设备,主板,19970929,,L
600106.SH,重庆路桥,路桥,主板,19970618,,L
600107.SH,*ST尔雅,服饰,主板,19971106,,L
600108.SH,亚盛集团,种植业,主板,19970818,,L
600109.SH,国金证券,证券,主板,19970807,,L
600110.SH,诺德股份,电气设备,主板,19971007,,L
600111.SH,北方稀土,小金属,主板,19970924,,L
600112.SH,*ST天成(退),,主板,19971127,20240815,D
600113.SH,浙江东日,区域地产,主板,19971021,,L
600114.SH,东睦股份,机械基件,主板,20040511,,L
600115.SH,中国东航,空运,主板,19971105,,L
600116.SH,三峡水利,水力发电,主板,19970804,,L
600117.SH,西宁特钢,特种钢,主板,19971015,,L
600118.SH,中国卫星,航空,主板,19970908,,L
600119.SH,*ST长投,仓储物流,主板,19980115,,L
600120.SH,浙江东方,多元金融,主板,19971201,,L
600121.SH,郑州煤电,煤炭开采,主板,19980107,,L
600122.SH,*ST宏图(退),,主板,19980420,20230626,D
600123.SH,兰花科创,煤炭开采,主板,19981217,,L
600125.SH,铁龙物流,铁路,主板,19980511,,L
600126.SH,杭钢股份,普钢,主板,19980311,,L
600127.SH,金健米业,农业综合,主板,19980506,,L
600128.SH,苏豪弘业,商贸代理,主板,19970901,,L
600129.SH,太极集团,中成药,主板,19971118,,L
600130.SH,波导股份,元器件,主板,20000706,,L
600131.SH,国网信通,通信设备,主板,19980402,,L
600132.SH,重庆啤酒,啤酒,主板,19971030,,L
600133.SH,东湖高新,环境保护,主板,19980212,,L
600135.SH,乐凯胶片,塑料,主板,19980122,,L
600136.SH,ST明诚,房产服务,主板,19980303,,L
600137.SH,浪莎股份,服饰,主板,19980416,,L
600138.SH,中青旅,旅游景点,主板,19971203,,L
600139.SH,*ST西源(退),,主板,19980225,20230327,D
600141.SH,兴发集团,农药化肥,主板,19990616,,L
600143.SH,金发科技,塑料,主板,20040623,,L
600145.SH,退新亿(退),,主板,19990923,20220428,D
600146.SH,退环球(退),,主板,19990707,20220630,D
600148.SH,长春一东,汽车配件,主板,19980520,,L
600149.SH,廊坊发展,综合类,主板,19991014,,L
600150.SH,中国船舶,船舶,主板,19980520,,L
600151.SH,航天机电,汽车配件,主板,19980605,,L
600152.SH,维科技术,电气设备,主板,19980609,,L
600153.SH,建发股份,仓储物流,主板,19980616,,L
600155.SH,华创云信,证券,主板,19980918,,L
600156.SH,华升股份,纺织,主板,19980527,,L
600157.SH,永泰能源,火力发电,主板,19980513,,L
600158.SH,中体产业,文教休闲,主板,19980327,,L
600159.SH,大龙地产,区域地产,主板,19980526,,L
600160.SH,巨化股份,化工原料,主板,19980626,,L
600161.SH,天坛生物,生物制药,主板,19980616,,L
600162.SH,香江控股,全国地产,主板,19980609,,L
600163.SH,中闽能源,新型电力,主板,19980602,,L
600165.SH,ST宁科,化工原料,主板,19980529,,L
600166.SH,福田汽车,汽车整车,主板,19980602,,L
600167.SH,联美控股,供气供热,主板,19990128,,L
600168.SH,武汉控股,水务,主板,19980427,,L
600169.SH,ST太重,工程机械,主板,19980904,,L
600170.SH,上海建工,建筑工程,主板,19980623,,L
600171.SH,上海贝岭,半导体,主板,19980924,,L
600172.SH,黄河旋风,矿物制品,主板,19981126,,L
600173.SH,卧龙新能,全国地产,主板,19990415,,L
600175.SH,退美都(退),,主板,19990408,20200814,D
600176.SH,中国巨石,玻璃,主板,19990422,,L
600177.SH,雅戈尔,服饰,主板,19981119,,L
600178.SH,东安动力,汽车配件,主板,19981014,,L
600179.SH,安通控股,水运,主板,19981104,,L
600180.SH,*ST瑞茂,仓储物流,主板,19980703,,L
600181.SH,*ST云大(退),,主板,19980928,20070601,D
600182.SH,S佳通,汽车配件,主板,19990507,,L
600183.SH,生益科技,元器件,主板,19981028,,L
600184.SH,光电股份,专用机械,主板,20031106,,L
600185.SH,珠免集团,旅游服务,主板,19990611,,L
600186.SH,莲花控股,食品,主板,19980825,,L
600187.SH,*ST国中,水务,主板,19981111,,L
600188.SH,兖矿能源,煤炭开采,主板,19980701,,L
600189.SH,泉阳泉,软饮料,主板,19981007,,L
600190.SH,退锦港(退),,主板,19990609,20250725,D
600191.SH,华资实业,食品,主板,19981210,,L
600192.SH,长城电工,电气设备,主板,19981224,,L
600193.SH,退市创兴,,主板,19990527,,L
600195.SH,中牧股份,农业综合,主板,19990107,,L
600196.SH,复星医药,化学制药,主板,19980807,,L
600197.SH,伊力特,白酒,主板,19990916,,L
600198.SH,大唐电信,通信设备,主板,19981021,,L
600199.SH,金种子酒,白酒,主板,19980812,,L
600200.SH,退苏吴(退),,主板,19990401,20251231,D
600201.SH,生物股份,农业综合,主板,19990115,,L
600202.SH,哈空调,专用机械,主板,19990603,,L
600203.SH,福日电子,元器件,主板,19990514,,L
600205.SH,S山东铝(退),,主板,19990630,20070430,D
600206.SH,有研新材,半导体,主板,19990319,,L
600207.SH,安彩高科,电气设备,主板,19990714,,L
600208.SH,衢州发展,全国地产,主板,19990623,,L
600209.SH,退罗顿(退),,主板,19990325,20220622,D
600210.SH,紫江企业,广告包装,主板,19990824,,L
600211.SH,西藏药业,生物制药,主板,19990721,,L
600212.SH,绿能慧充,电气设备,主板,19990817,,L
600213.SH,*ST亚星(退),,主板,19990831,20241017,D
600215.SH,派斯林,专用机械,主板,19990909,,L
600216.SH,浙江医药,化学制药,主板,19991021,,L
600217.SH,中再资环,环境保护,主板,19991216,,L
600218.SH,全柴动力,汽车配件,主板,19981203,,L
600219.SH,南山铝业,铝,主板,19991223,,L
600220.SH,ST阳光(退),,主板,19990927,20240710,D
600221.SH,海航控股,空运,主板,19991125,,L
600222.SH,太龙药业,中成药,主板,19991105,,L
600223.SH,福瑞达,日用化工,主板,20000113,,L
600225.SH,退卓朗(退),,主板,20000127,20250306,D
600226.SH,亨通股份,供气供热,主板,19991116,,L
600227.SH,赤天化,农药化肥,主板,20000221,,L
600228.SH,返利科技,互联网,主板,19990119,,L
600229.SH,城市传媒,出版业,主板,20000309,,L
600230.SH,沧州大化,化工原料,主板,20000406,,L
600231.SH,凌钢股份,普钢,主板,20000511,,L
600232.SH,金鹰股份,纺织机械,主板,20000602,,L
600233.SH,圆通速递,仓储物流,主板,20000608,,L
600234.SH,科新发展,装修装饰,主板,20000615,,L
600235.SH,民丰特纸,造纸,主板,20000615,,L
600236.SH,桂冠电力,水力发电,主板,20000323,,L
600237.SH,铜峰电子,元器件,主板,20000609,,L
600238.SH,*ST椰岛,红黄酒,主板,20000120,,L
600239.SH,ST云城,区域地产,主板,19991202,,L
600240.SH,退华业(退),,主板,20000628,20200205,D
600241.SH,时代万恒,电气设备,主板,20001128,,L
600242.SH,退中昌(退),,主板,20001207,20230629,D
600243.SH,*ST海华,运输设备,主板,20001120,,L
600246.SH,万通发展,区域地产,主板,20000922,,L
600247.SH,*ST成城(退),,主板,20001123,20210322,D
600248.SH,陕建股份,建筑工程,主板,20000622,,L
600249.SH,两面针,日用化工,主板,20040130,,L
600250.SH,南京商旅,商贸代理,主板,20010306,,L
600251.SH,冠农股份,农业综合,主板,20030609,,L
600252.SH,中恒集团,中成药,主板,20001130,,L
600253.SH,天方药业(退),,主板,20001227,20130715,D
600255.SH,鑫科材料,小金属,主板,20001122,,L
600256.SH,广汇能源,石油开采,主板,20000526,,L
600257.SH,大湖股份,渔业,主板,20000612,,L
600258.SH,首旅酒店,酒店餐饮,主板,20000601,,L
600259.SH,中稀有色,小金属,主板,20000525,,L
600260.SH,*ST凯乐(退),,主板,20000706,20230215,D
600261.SH,阳光照明,家用电器,主板,20000720,,L
600262.SH,北方股份,专用机械,主板,20000630,,L
600263.SH,路桥建设(退),,主板,20000725,20120301,D
600265.SH,*ST景谷,林业,主板,20000825,,L
600266.SH,城建发展,区域地产,主板,19990203,,L
600267.SH,海正药业,化学制药,主板,20000725,,L
600268.SH,国电南自,电气设备,主板,19991118,,L
600269.SH,赣粤高速,路桥,主板,20000518,,L
600270.SH,外运发展(退),,主板,20001228,20181228,D
600271.SH,航天信息,软件服务,主板,20030711,,L
600272.SH,开开实业,医药商业,主板,20010228,,L
600273.SH,嘉化能源,化工原料,主板,20030627,,L
600275.SH,退昌鱼(退),,主板,20000810,20220622,D
600276.SH,恒瑞医药,化学制药,主板,20001018,,L
600277.SH,ST亿利(退),,主板,20000725,20240718,D
600278.SH,东方创业,商贸代理,主板,20000712,,L
600279.SH,重庆港,港口,主板,20000731,,L
600280.SH,中央商场,百货,主板,20000926,,L
600281.SH,华阳新材,小金属,主板,20001109,,L
600282.SH,南钢股份,普钢,主板,20000919,,L
600283.SH,钱江水利,水务,主板,20001018,,L
600284.SH,浦东建设,建筑工程,主板,20040316,,L
600285.SH,羚锐制药,中成药,主板,20001018,,L
600286.SH,S*ST国瓷(退),,主板,19991209,20070531,D
600287.SH,苏豪时尚,商贸代理,主板,20000901,,L
600288.SH,大恒科技,元器件,主板,20001129,,L
600289.SH,ST信通,软件服务,主板,20000720,,L
600290.SH,*ST华仪(退),,主板,20001106,20240116,D
600291.SH,退西水(退),,主板,20000731,20220614,D
600292.SH,电投水电,水力发电,主板,20001101,,L
600293.SH,三峡新材,玻璃,主板,20000919,,L
600295.SH,鄂尔多斯,特种钢,主板,20010426,,L
600296.SH,S兰铝(退),,主板,20000719,20070430,D
600297.SH,广汇汽车(退),,主板,20001116,20240828,D
600298.SH,安琪酵母,食品,主板,20000818,,L
600299.SH,安迪苏,饲料,主板,20000420,,L
600300.SH,维维股份,软饮料,主板,20000630,,L
600301.SH,华锡有色,小金属,主板,20000712,,L
600302.SH,ST标准,纺织机械,主板,20001213,,L
600303.SH,曙光股份,汽车整车,主板,20001226,,L
600305.SH,恒顺醋业,食品,主板,20010206,,L
600306.SH,退商城(退),,主板,20001226,20240626,D
600307.SH,酒钢宏兴,普钢,主板,20001220,,L
600308.SH,华泰股份,造纸,主板,20000928,,L
600309.SH,万华化学,化工原料,主板,20010105,,L
600310.SH,广西能源,水力发电,主板,20010228,,L
600311.SH,*ST荣华(退),,主板,20010626,20230327,D
600312.SH,平高电气,电气设备,主板,20010221,,L
600313.SH,农发种业,种植业,主板,20010119,,L
600315.SH,上海家化,日用化工,主板,20010315,,L
600316.SH,洪都航空,航空,主板,20001215,,L
600317.SH,营口港(退),,主板,20020131,20210129,D
600318.SH,新力金融,多元金融,主板,20001208,,L
600319.SH,亚星化学,化工原料,主板,20010326,,L
600320.SH,振华重工,专用机械,主板,20001221,,L
600321.SH,正源股份(退),,主板,20010524,20240627,D
600322.SH,津投城开,区域地产,主板,20010910,,L
600323.SH,瀚蓝环境,环境保护,主板,20001225,,L
600325.SH,华发股份,区域地产,主板,20040225,,L
600326.SH,西藏天路,水泥,主板,20010116,,L
600327.SH,大东方,医疗保健,主板,20020625,,L
600328.SH,中盐化工,化工原料,主板,20001222,,L
600329.SH,达仁堂,中成药,主板,20010606,,L
600330.SH,天通股份,专用机械,主板,20010118,,L
600331.SH,宏达股份,农药化肥,主板,20011220,,L
600332.SH,白云山,中成药,主板,20010206,,L
600333.SH,长春燃气,供气供热,主板,20001211,,L
600335.SH,国机汽车,汽车服务,主板,20010305,,L
600336.SH,澳柯玛,家用电器,主板,20001229,,L
600337.SH,ST美克,家居用品,主板,20001127,,L
600338.SH,西藏珠峰,铅锌,主板,20001227,,L
600339.SH,中油工程,石油开采,主板,20001225,,L
600340.SH,*ST华幸,园区开发,主板,20031230,,L
600343.SH,航天动力,机械基件,主板,20030408,,L
600345.SH,长江通信,通信设备,主板,20001222,,L
600346.SH,恒力石化,石油加工,主板,20010820,,L
600348.SH,华阳股份,煤炭开采,主板,20030821,,L
600350.SH,山东高速,路桥,主板,20020318,,L
600351.SH,亚宝药业,中成药,主板,20020926,,L
600352.SH,浙江龙盛,染料涂料,主板,20030801,,L
600353.SH,旭光电子,元器件,主板,20021120,,L
600354.SH,敦煌种业,种植业,主板,20040115,,L
600355.SH,*ST精伦,专用机械,主板,20020613,20260427,D
600356.SH,恒丰纸业,造纸,主板,20010419,,L
600357.SH,承德钒钛(退),,主板,20020906,20091229,D
600358.SH,国旅联合,广告包装,主板,20000922,,L
600359.SH,新农开发,种植业,主板,19990429,,L
600360.SH,华微电子,半导体,主板,20010316,,L
600361.SH,创新新材,铝,主板,20011129,,L
600362.SH,江西铜业,铜,主板,20020111,,L
600363.SH,联创光电,元器件,主板,20010329,,L
600365.SH,ST通葡,互联网,主板,20010115,,L
600366.SH,宁波韵升,矿物制品,主板,20001030,,L
600367.SH,红星发展,化工原料,主板,20010320,,L
600368.SH,五洲交通,路桥,主板,20001221,,L
600369.SH,西南证券,证券,主板,20010109,,L
600370.SH,*ST三房,化工原料,主板,20030306,,L
600371.SH,万向德农,种植业,主板,20020916,,L
600372.SH,中航机载,航空,主板,20010706,,L
600373.SH,中文传媒,出版业,主板,20020304,,L
600375.SH,汉马科技,汽车整车,主板,20030401,,L
600376.SH,首开股份,区域地产,主板,20010312,,L
600377.SH,宁沪高速,路桥,主板,20010116,,L
600378.SH,昊华科技,化工原料,主板,20010111,,L
600379.SH,宝光股份,电气设备,主板,20020116,,L
600380.SH,健康元,化学制药,主板,20010608,,L
600381.SH,*ST春天,医疗保健,主板,20010508,,L
600382.SH,广东明珠,普钢,主板,20010118,,L
600383.SH,金地集团,全国地产,主板,20010412,,L
600385.SH,退金泰(退),,主板,20010723,20220707,D
600386.SH,北巴传媒,汽车服务,主板,20010216,,L
600387.SH,退海越(退),,主板,20040218,20250711,D
600388.SH,龙净环保,环境保护,主板,20001229,,L
600389.SH,江山股份,农药化肥,主板,20010110,,L
600390.SH,五矿资本,多元金融,主板,20010115,,L
600391.SH,航发科技,航空,主板,20011212,,L
600392.SH,盛和资源,小金属,主板,20030529,,L
600393.SH,ST粤泰(退),,主板,20010319,20230718,D
600395.SH,盘江股份,煤炭开采,主板,20010531,,L
600396.SH,华电辽能,火力发电,主板,20010328,,L
600397.SH,江钨装备,专用机械,主板,20020702,,L
600398.SH,海澜之家,服饰,主板,20001228,,L
600399.SH,抚顺特钢,特种钢,主板,20001229,,L
600400.SH,红豆股份,服饰,主板,20010108,,L
600401.SH,退海润(退),,主板,20030924,20190712,D
600403.SH,大有能源,煤炭开采,主板,20031009,,L
600405.SH,动力源,电气设备,主板,20040401,,L
600406.SH,国电南瑞,电气设备,主板,20031016,,L
600408.SH,安泰集团,焦炭加工,主板,20030212,,L
600409.SH,三友化工,化纤,主板,20030618,,L
600410.SH,华胜天成,软件服务,主板,20040427,,L
600415.SH,小商品城,商品城,主板,20020509,,L
600416.SH,湘电股份,电气设备,主板,20020718,,L
600418.SH,江淮汽车,汽车整车,主板,20010824,,L
600419.SH,天润乳业,乳制品,主板,20010628,,L
600420.SH,国药现代,化学制药,主板,20040616,,L
600421.SH,退市华嵘,,主板,20040607,20260626,L
600422.SH,昆药集团,中成药,主板,20001206,,L
600423.SH,*ST柳化,农药化肥,主板,20030717,,L
600425.SH,青松建化,水泥,主板,20030724,,L
600426.SH,华鲁恒升,农药化肥,主板,20020620,,L
600428.SH,中远海特,水运,主板,20020418,,L
600429.SH,三元股份,乳制品,主板,20030915,,L
600432.SH,退吉恩(退),,主板,20030905,20180713,D
600433.SH,冠豪高新,造纸,主板,20030619,,L
600435.SH,北方导航,专用机械,主板,20030704,,L
600436.SH,片仔癀,中成药,主板,20030616,,L
600438.SH,通威股份,电气设备,主板,20040302,,L
600439.SH,瑞贝卡,服饰,主板,20030710,,L
600444.SH,国机通用,专用机械,主板,20040219,,L
600446.SH,金证股份,软件服务,主板,20031224,,L
600448.SH,华纺股份,纺织,主板,20010903,,L
600449.SH,宁夏建材,水泥,主板,20030829,,L
600452.SH,涪陵电力,水力发电,主板,20040303,,L
600455.SH,博通股份,文教休闲,主板,20040329,,L
600456.SH,宝钛股份,小金属,主板,20020412,,L
600458.SH,时代新材,塑料,主板,20021219,,L
600459.SH,贵研铂业,小金属,主板,20030516,,L
600460.SH,士兰微,半导体,主板,20030311,,L
600461.SH,洪城环境,水务,主板,20040601,,L
600462.SH,退九有(退),,主板,20030903,20250721,D
600463.SH,空港股份,园区开发,主板,20040318,,L
600466.SH,*ST蓝光(退),,主板,20010212,20230606,D
600467.SH,好当家,渔业,主板,20040405,,L
600468.SH,百利电气,电气设备,主板,20010615,,L
600469.SH,风神股份,汽车配件,主板,20031021,,L
600470.SH,六国化工,农药化肥,主板,20040305,,L
600472.SH,包头铝业(退),,主板,20050509,20071226,D
600475.SH,华光环能,电气设备,主板,20030721,,L
600476.SH,*ST湘邮,软件服务,主板,20031210,,L
600477.SH,杭萧钢构,钢加工,主板,20031110,,L
600478.SH,科力远,电气设备,主板,20030918,,L
600479.SH,千金药业,中成药,主板,20040312,,L
600480.SH,凌云股份,汽车配件,主板,20030815,,L
600481.SH,双良节能,电气设备,主板,20030422,,L
600482.SH,中国动力,船舶,主板,20040714,,L
600483.SH,福能股份,新型电力,主板,20040531,,L
600485.SH,*ST信威(退),,主板,20030807,20210601,D
600486.SH,扬农化工,农药化肥,主板,20020425,,L
600487.SH,亨通光电,通信设备,主板,20030822,,L
600488.SH,津药药业,化学制药,主板,20010618,,L
600489.SH,中金黄金,黄金,主板,20030814,,L
600490.SH,鹏欣资源,铜,主板,20030626,,L
600491.SH,ST龙元,建筑工程,主板,20040524,,L
600493.SH,凤竹纺织,纺织,主板,20040421,,L
600495.SH,晋西车轴,运输设备,主板,20040526,,L
600496.SH,精工钢构,钢加工,主板,20020605,,L
600497.SH,驰宏锌锗,铅锌,主板,20040420,,L
600498.SH,烽火通信,通信设备,主板,20010823,,L
600499.SH,科达制造,专用机械,主板,20021010,,L
600500.SH,中化国际,塑料,主板,20000301,,L
600501.SH,航天晨光,专用机械,主板,20010615,,L
600502.SH,安徽建工,建筑工程,主板,20030415,,L
600503.SH,华丽家族,区域地产,主板,20020709,,L
600505.SH,西昌电力,水力发电,主板,20020530,,L
600506.SH,统一股份,石油加工,主板,20011226,,L
600507.SH,方大特钢,特种钢,主板,20030930,,L
600508.SH,上海能源,煤炭开采,主板,20010829,,L
600509.SH,天富能源,火力发电,主板,20020228,,L
600510.SH,黑牡丹,全国地产,主板,20020618,,L
600511.SH,国药股份,医药商业,主板,20021127,,L
600512.SH,腾达建设,建筑工程,主板,20021226,,L
600513.SH,联环药业,化学制药,主板,20030319,,L
600515.SH,海南机场,机场,主板,20020806,,L
600516.SH,方大炭素,矿物制品,主板,20020830,,L
600517.SH,国网英大,多元金融,主板,20031010,,L
600518.SH,康美药业,中成药,主板,20010319,,L
600519.SH,贵州茅台,白酒,主板,20010827,,L
600520.SH,三佳科技,半导体,主板,20020108,,L
600521.SH,华海药业,化学制药,主板,20030304,,L
600522.SH,中天科技,通信设备,主板,20021024,,L
600523.SH,贵航股份,汽车配件,主板,20011227,,L
600525.SH,ST长园,电气设备,主板,20021202,,L
600526.SH,菲达环保,环境保护,主板,20020722,,L
600527.SH,江南高纤,化纤,主板,20031127,,L
600528.SH,中铁工业,运输设备,主板,20010528,,L
600529.SH,山东药玻,医疗保健,主板,20020603,,L
600530.SH,交大昂立,医疗保健,主板,20010702,,L
600531.SH,豫光金铅,铅锌,主板,20020730,,L
600532.SH,退未来(退),,主板,20021031,20230628,D
600533.SH,栖霞建设,区域地产,主板,20020328,,L
600535.SH,天士力,中成药,主板,20020823,,L
600536.SH,中国软件,软件服务,主板,20020517,,L
600537.SH,*ST亿晶,电气设备,主板,20030123,,L
600538.SH,国发股份,医药商业,主板,20030114,,L
600539.SH,狮头股份,互联网,主板,20010824,,L
600540.SH,新赛股份,种植业,主板,20040107,,L
600543.SH,*ST莫高,红黄酒,主板,20040324,,L
600545.SH,卓郎智能,纺织机械,主板,20031203,,L
600546.SH,山煤国际,煤炭开采,主板,20030731,,L
600547.SH,山东黄金,黄金,主板,20030828,,L
600548.SH,深高速,路桥,主板,20011225,,L
600549.SH,厦门钨业,小金属,主板,20021107,,L
600550.SH,保变电气,电气设备,主板,20010228,,L
600551.SH,时代出版,出版业,主板,20020905,,L
600552.SH,凯盛科技,元器件,主板,20021108,,L
600553.SH,太行水泥(退),,主板,20020822,20110218,D
600555.SH,退海创(退),,主板,20010328,20220713,D
600556.SH,天下秀,互联网,主板,20010807,,L
600557.SH,康缘药业,中成药,主板,20020918,,L
600558.SH,大西洋,钢加工,主板,20010227,,L
600559.SH,老白干酒,白酒,主板,20021029,,L
600560.SH,金自天正,电气设备,主板,20020919,,L
600561.SH,江西长运,公共交通,主板,20020716,,L
600562.SH,国睿科技,通信设备,主板,20030128,,L
600563.SH,法拉电子,元器件,主板,20021210,,L
600565.SH,ST迪马(退),,主板,20020723,20240807,D
600566.SH,济川药业,中成药,主板,20010822,,L
600567.SH,山鹰国际,造纸,主板,20011218,,L
600568.SH,ST中珠,医疗保健,主板,20010518,,L
600569.SH,安阳钢铁,普钢,主板,20010820,,L
600570.SH,恒生电子,软件服务,主板,20031216,,L
600571.SH,信雅达,软件服务,主板,20021101,,L
600572.SH,康恩贝,中成药,主板,20040412,,L
600573.SH,惠泉啤酒,啤酒,主板,20030226,,L
600575.SH,淮河能源,火力发电,主板,20030328,,L
600576.SH,祥源文旅,旅游景点,主板,20030220,,L
600577.SH,精达股份,电气设备,主板,20020911,,L
600578.SH,京能电力,火力发电,主板,20020510,,L
600579.SH,中化装备,化工机械,主板,20020809,,L
600580.SH,卧龙电驱,电气设备,主板,20020606,,L
600581.SH,*ST八钢,普钢,主板,20020816,,L
600582.SH,天地科技,专用机械,主板,20020515,,L
600583.SH,海油工程,石油开采,主板,20020205,,L
600584.SH,长电科技,半导体,主板,20030603,,L
600585.SH,海螺水泥,水泥,主板,20020207,,L
600586.SH,金晶科技,玻璃,主板,20020815,,L
600587.SH,新华医疗,医疗保健,主板,20020927,,L
600588.SH,用友网络,软件服务,主板,20010518,,L
600589.SH,大位科技,软件服务,主板,20010612,,L
600590.SH,泰豪科技,通信设备,主板,20020703,,L
600591.SH,*ST上航(退),,主板,20021011,20100125,D
600592.SH,龙溪股份,机械基件,主板,20020805,,L
600593.SH,大连圣亚,旅游景点,主板,20020711,,L
600594.SH,益佰制药,中成药,主板,20040323,,L
600595.SH,中孚实业,铝,主板,20020626,,L
600596.SH,新安股份,化工原料,主板,20010906,,L
600597.SH,光明乳业,乳制品,主板,20020828,,L
600598.SH,北大荒,种植业,主板,20020329,,L
600599.SH,退市熊猫,,主板,20010828,20260626,L
600600.SH,青岛啤酒,啤酒,主板,19930827,,L
600601.SH,方正科技,元器件,主板,19901219,,L
600602.SH,云赛智联,软件服务,主板,19901219,,L
600603.SH,广汇物流,区域地产,主板,19920113,,L
600604.SH,市北高新,园区开发,主板,19920327,,L
600605.SH,汇通能源,房产服务,主板,19920327,,L
600606.SH,绿地控股,全国地产,主板,19920327,,L
600607.SH,上实医药(退),,主板,19920327,20100212,D
600608.SH,退市沪科,,主板,19920327,,L
600609.SH,金杯汽车,汽车配件,主板,19920724,,L
600610.SH,中毅达,化工原料,主板,19920805,,L
600611.SH,大众交通,公共交通,主板,19920807,,L
600612.SH,老凤祥,服饰,主板,19920814,,L
600613.SH,神奇制药,中成药,主板,19920820,,L
600614.SH,退鹏起(退),,主板,19920828,20210721,D
600615.SH,鑫源智造,铝,主板,19920910,,L
600616.SH,金枫酒业,红黄酒,主板,19920929,,L
600617.SH,国新能源,供气供热,主板,19921013,,L
600618.SH,氯碱化工,化工原料,主板,19921113,,L
600619.SH,海立股份,家用电器,主板,19921116,,L
600620.SH,天宸股份,综合类,主板,19921117,,L
600621.SH,华鑫股份,证券,主板,19921202,,L
600622.SH,光大嘉宝,区域地产,主板,19921203,,L
600623.SH,华谊集团,化工原料,主板,19921204,,L
600624.SH,ST复华,化学制药,主板,19930105,,L
600625.SH,PT水仙(退),,主板,19930106,20010423,D
600626.SH,申达股份,汽车配件,主板,19930107,,L
600627.SH,上电股份(退),,主板,19930118,20081126,D
600628.SH,新世界,百货,主板,19930119,,L
600629.SH,华建集团,建筑工程,主板,19930209,,L
600630.SH,龙头股份,服饰,主板,19930209,,L
600631.SH,百联股份(退),,主板,19930219,20110823,D
600632.SH,华联商厦(退),,主板,19930219,20041118,D
600633.SH,浙数文化,互联网,主板,19930304,,L
600634.SH,退富控(退),,主板,19930304,20210721,D
600635.SH,大众公用,供气供热,主板,19930304,,L
600636.SH,退市国化,,主板,19930316,20260629,L
600637.SH,东方明珠,影视音像,主板,19930316,,L
600638.SH,新黄浦,区域地产,主板,19930326,,L
600639.SH,浦东金桥,园区开发,主板,19930326,,L
600640.SH,国脉文化,影视音像,主板,19930407,,L
600641.SH,先导基电,半导体,主板,19930407,,L
600642.SH,申能股份,火力发电,主板,19930416,,L
600643.SH,爱建集团,多元金融,主板,19930426,,L
600644.SH,乐山电力,水力发电,主板,19930426,,L
600645.SH,中源协和,医疗保健,主板,19930504,,L
600646.SH,ST国嘉(退),,主板,19930504,20030922,D
600647.SH,退同达(退),,主板,19930504,20240703,D
600648.SH,外高桥,园区开发,主板,19930504,,L
600649.SH,城投控股,区域地产,主板,19930518,,L
600650.SH,锦江在线,公共交通,主板,19930607,,L
600651.SH,飞乐音响,电器仪表,主板,19901219,,L
600652.SH,退游久(退),,主板,19901219,20220621,D
600653.SH,申华控股,汽车服务,主板,19901219,,L
600654.SH,中安科,仓储物流,主板,19901219,,L
600655.SH,豫园股份,百货,主板,19920902,,L
600656.SH,退博元(退),,主板,19901219,20160513,D
600657.SH,信达地产,全国地产,主板,19930524,,L
600658.SH,电子城,园区开发,主板,19930524,,L
600659.SH,*ST花雕(退),,主板,19930528,20060323,D
600660.SH,福耀玻璃,汽车配件,主板,19930610,,L
600661.SH,昂立教育,文教休闲,主板,19930614,,L
600662.SH,外服控股,文教休闲,主板,19930614,,L
600663.SH,陆家嘴,园区开发,主板,19930628,,L
600664.SH,哈药股份,化学制药,主板,19930629,,L
600665.SH,天地源,全国地产,主板,19930709,,L
600666.SH,奥瑞德,元器件,主板,19930712,,L
600667.SH,太极实业,半导体,主板,19930728,,L
600668.SH,尖峰集团,水泥,主板,19930728,,L
600669.SH,*ST鞍成(退),,主板,19930806,20040915,D
600670.SH,*ST斯达(退),,主板,19930809,20040924,D
600671.SH,天目药业,中成药,主板,19930823,,L
600672.SH,*ST华圣(退),,主板,19930917,20050805,D
600673.SH,东阳光,综合类,主板,19930917,,L
600674.SH,川投能源,水力发电,主板,19930924,,L
600675.SH,中华企业,区域地产,主板,19930924,,L
600676.SH,交运股份,汽车配件,主板,19930928,,L
600677.SH,*ST航通(退),,主板,19930928,20210318,D
600678.SH,ST金顶,水泥,主板,19931008,,L
600679.SH,上海凤凰,文教休闲,主板,19931008,,L
600680.SH,*ST上普(退),,主板,19931018,20190523,D
600681.SH,百川能源,供气供热,主板,19931018,,L
600682.SH,南京新百,生物制药,主板,19931018,,L
600683.SH,京投发展,区域地产,主板,19931025,,L
600684.SH,珠江股份,区域地产,主板,19931028,,L
600685.SH,中船防务,船舶,主板,19931028,,L
600686.SH,金龙汽车,汽车整车,主板,19931108,,L
600687.SH,退刚泰(退),,主板,19931108,20210303,D
600688.SH,上海石化,石油加工,主板,19931108,,L
600689.SH,上海三毛,综合类,主板,19931108,,L
600690.SH,海尔智家,家用电器,主板,19931119,,L
600691.SH,潞化科技,农药化肥,主板,19931119,,L
600692.SH,亚通股份,区域地产,主板,19931119,,L
600693.SH,东百集团,百货,主板,19931122,,L
600694.SH,大商股份,百货,主板,19931122,,L
600695.SH,退绿庭(退),,主板,19931122,20220614,D
600696.SH,退市岩石,,主板,19931206,20260629,L
600697.SH,欧亚集团,百货,主板,19931206,,L
600698.SH,湖南天雁,汽车配件,主板,19931206,,L
600699.SH,均胜电子,汽车配件,主板,19931206,,L
600700.SH,*ST数码(退),,主板,19960430,20050920,D
600701.SH,退工新(退),,主板,19960528,20210430,D
600702.SH,舍得酒业,白酒,主板,19960524,,L
600703.SH,三安光电,半导体,主板,19960528,,L
600704.SH,物产中大,仓储物流,主板,19960606,,L
600705.SH,中航产融(退),,主板,19960516,20250527,D
600706.SH,曲江文旅,旅游景点,主板,19960516,,L
600707.SH,彩虹股份,元器件,主板,19960520,,L
600708.SH,光明地产,全国地产,主板,19960606,,L
600709.SH,ST生态(退),,主板,19960618,20030523,D
600710.SH,苏美达,商贸代理,主板,19960701,,L
600711.SH,盛屯矿业,小金属,主板,19960531,,L
600712.SH,南宁百货,百货,主板,19960626,,L
600713.SH,南京医药,医药商业,主板,19960701,,L
600714.SH,金瑞矿业,化工原料,主板,19960606,,L
600715.SH,文投控股,影视音像,主板,19960701,,L
600716.SH,凤凰股份,区域地产,主板,19960702,,L
600717.SH,天津港,港口,主板,19960614,,L
600718.SH,东软集团,软件服务,主板,19960618,,L
600719.SH,大连热电,供气供热,主板,19960716,,L
600720.SH,中交设计,建筑工程,主板,19960716,,L
600721.SH,百花医药,生物制药,主板,19960626,,L
600722.SH,金牛化工,化工原料,主板,19960626,,L
600723.SH,首商股份(退),,主板,19960716,20211022,D
600724.SH,宁波富达,综合类,主板,19960716,,L
600725.SH,云维股份,商贸代理,主板,19960702,,L
600726.SH,华电能源,火力发电,主板,19960701,,L
600727.SH,鲁北化工,化工原料,主板,19960702,,L
600728.SH,佳都科技,软件服务,主板,19960716,,L
600729.SH,重百集团,百货,主板,19960702,,L
600730.SH,*ST高科,文教休闲,主板,19960726,,L
600731.SH,湖南海利,农药化肥,主板,19960802,,L
600732.SH,爱旭股份,电气设备,主板,19960816,,L
600733.SH,北汽蓝谷,汽车整车,主板,19960816,,L
600734.SH,*ST实达,软件服务,主板,19960808,,L
600735.SH,ST新华锦,服饰,主板,19960726,,L
600736.SH,苏州高新,园区开发,主板,19960815,,L
600737.SH,中粮糖业,食品,主板,19960731,,L
600738.SH,丽尚国潮,百货,主板,19960802,,L
600739.SH,辽宁成大,生物制药,主板,19960819,,L
600740.SH,山西焦化,焦炭加工,主板,19960808,,L
600741.SH,华域汽车,汽车配件,主板,19960826,,L
600742.SH,富维股份,汽车配件,主板,19960826,,L
600743.SH,华远控股,区域地产,主板,19960909,,L
600744.SH,华银电力,火力发电,主板,19960905,,L
600745.SH,*ST闻泰,半导体,主板,19960828,,L
600746.SH,江苏索普,化工原料,主板,19960918,,L
600747.SH,退大控(退),,主板,19960916,20191212,D
600748.SH,上实发展,全国地产,主板,19960925,,L
600749.SH,西藏旅游,旅游景点,主板,19961015,,L
600750.SH,华润江中,中成药,主板,19960923,,L
600751.SH,海航科技,水运,主板,19960909,,L
600752.SH,*ST哈慈(退),,主板,19960925,20050922,D
600753.SH,ST海钦,商贸代理,主板,19960927,,L
600754.SH,锦江酒店,酒店餐饮,主板,19961011,,L
600755.SH,厦门国贸,仓储物流,主板,19961003,,L
600756.SH,浪潮软件,软件服务,主板,19960923,,L
600757.SH,长江传媒,出版业,主板,19961003,,L
600758.SH,辽宁能源,煤炭开采,主板,19961029,,L
600759.SH,ST洲际,石油开采,主板,19961008,,L
600760.SH,中航沈飞,航空,主板,19961011,,L
600761.SH,安徽合力,工程机械,主板,19961009,,L
600762.SH,S*ST金荔(退),,主板,19961025,20071120,D
600763.SH,通策医疗,医疗保健,主板,19961030,,L
600764.SH,中国海防,船舶,主板,19961104,,L
600765.SH,中航重机,航空,主板,19961106,,L
600766.SH,退园城(退),,主板,19961028,20240703,D
600767.SH,退运盛(退),,主板,19961115,20230629,D
600768.SH,宁波富邦,铝,主板,19961111,,L
600769.SH,祥龙电业,水务,主板,19961101,,L
600770.SH,综艺股份,综合类,主板,19961120,,L
600771.SH,广誉远,中成药,主板,19961105,,L
600772.SH,S*ST龙昌(退),,主板,19961104,20061130,D
600773.SH,西藏城投,区域地产,主板,19961108,,L
600774.SH,汉商集团,化学制药,主板,19961108,,L
600775.SH,南京熊猫,通信设备,主板,19961118,,L
600776.SH,东方通信,通信设备,主板,19961126,,L
600777.SH,新潮能源,石油开采,主板,19961121,,L
600778.SH,友好集团,百货,主板,19961203,,L
600779.SH,水井坊,白酒,主板,19961206,,L
600780.SH,通宝能源,火力发电,主板,19961205,,L
600781.SH,退辅仁(退),,主板,19961218,20230628,D
600782.SH,新钢股份,普钢,主板,19961225,,L
600783.SH,鲁信创投,专用机械,主板,19961225,,L
600784.SH,鲁银投资,综合类,主板,19961225,,L
600785.SH,新华百货,百货,主板,19970108,,L
600786.SH,东方锅炉(退),,主板,19961227,20080318,D
600787.SH,中储股份,仓储物流,主板,19970121,,L
600788.SH,*ST达曼(退),,主板,19961230,20050325,D
600789.SH,鲁抗医药,化学制药,主板,19970226,,L
600790.SH,轻纺城,商品城,主板,19970228,,L
600791.SH,京能置业,全国地产,主板,19970130,,L
600792.SH,云煤能源,焦炭加工,主板,19970123,,L
600793.SH,宜宾纸业,造纸,主板,19970220,,L
600794.SH,保税科技,仓储物流,主板,19970306,,L
600795.SH,国电电力,火力发电,主板,19970318,,L
600796.SH,钱江生化,环境保护,主板,19970408,,L
600797.SH,浙大网新,软件服务,主板,19970418,,L
600798.SH,宁波海运,水运,主板,19970423,,L
600799.SH,*ST龙科(退),,主板,19970416,20060104,D
600800.SH,渤海化学,化工原料,主板,19931206,,L
600801.SH,华新建材,水泥,主板,19940103,,L
600802.SH,福建水泥,水泥,主板,19940103,,L
600803.SH,新奥股份,供气供热,主板,19940103,,L
600804.SH,退鹏博(退),,主板,19940103,20250703,D
600805.SH,悦达投资,综合类,主板,19940103,,L
600806.SH,退昆机(退),,主板,19940103,20180713,D
600807.SH,济高发展,医疗保健,主板,19940103,,L
600808.SH,马钢股份,普钢,主板,19940106,,L
600809.SH,山西汾酒,白酒,主板,19940106,,L
600810.SH,神马股份,化纤,主板,19940106,,L
600811.SH,*ST东方(退),,主板,19940106,20250430,D
600812.SH,华北制药,化学制药,主板,19940114,,L
600813.SH,ST鞍一工(退),,主板,19940114,20020916,D
600814.SH,杭州解百,百货,主板,19940114,,L
600815.SH,厦工股份,工程机械,主板,19940128,,L
600816.SH,建元信托,多元金融,主板,19940128,,L
600817.SH,宇通重工,专用机械,主板,19940128,,L
600818.SH,ST中路,文教休闲,主板,19940128,,L
600819.SH,耀皮玻璃,玻璃,主板,19940128,,L
600820.SH,隧道股份,建筑工程,主板,19940128,,L
600821.SH,金开新能,新型电力,主板,19940128,,L
600822.SH,上海物贸,汽车服务,主板,19940204,,L
600823.SH,*ST世茂(退),,主板,19940204,20240614,D
600824.SH,益民集团,百货,主板,19940204,,L
600825.SH,新华传媒,出版业,主板,19940204,,L
600826.SH,兰生股份,文教休闲,主板,19940204,,L
600827.SH,百联股份,超市连锁,主板,19940204,,L
600828.SH,茂业商业,百货,主板,19940224,,L
600829.SH,人民同泰,医药商业,主板,19940224,,L
600830.SH,香溢融通,多元金融,主板,19940224,,L
600831.SH,广电网络,影视音像,主板,19940224,,L
600832.SH,东方明珠(退),,主板,19940224,20150520,D
600833.SH,第一医药,医药商业,主板,19940224,,L
600834.SH,申通地铁,公共交通,主板,19940224,,L
600835.SH,上海机电,运输设备,主板,19940224,,L
600836.SH,*ST易连(退),,主板,19940224,20240711,D
600837.SH,海通证券(退),,主板,19940224,20250304,D
600838.SH,上海九百,百货,主板,19940224,,L
600839.SH,四川长虹,家用电器,主板,19940311,,L
600840.SH,新湖创业(退),,主板,19940311,20090827,D
600841.SH,动力新科,汽车配件,主板,19940311,,L
600842.SH,中西药业(退),,主板,19940311,20100212,D
600843.SH,上工申贝,纺织机械,主板,19940311,,L
600844.SH,金煤科技,化工原料,主板,19940311,,L
600845.SH,宝信软件,软件服务,主板,19940311,,L
600846.SH,同济科技,建筑工程,主板,19940311,,L
600847.SH,万里股份,电气设备,主板,19940324,,L
600848.SH,上海临港,园区开发,主板,19940324,,L
600850.SH,电科数字,软件服务,主板,19940324,,L
600851.SH,海欣股份,化学制药,主板,19940404,,L
600852.SH,*ST中川(退),,主板,19940404,20050916,D
600853.SH,龙建股份,建筑工程,主板,19940404,,L
600854.SH,春兰股份,家用电器,主板,19940425,,L
600855.SH,航天长峰,专用机械,主板,19940425,,L
600856.SH,退中天(退),,主板,19940425,20220622,D
600857.SH,宁波中百,百货,主板,19940425,,L
600858.SH,银座股份,百货,主板,19940506,,L
600859.SH,王府井,百货,主板,19940506,,L
600860.SH,京城股份,专用机械,主板,19940506,,L
600861.SH,北京人力,文教休闲,主板,19940520,,L
600862.SH,中航高科,航空,主板,19940520,,L
600863.SH,华能蒙电,火力发电,主板,19940520,,L
600864.SH,哈投股份,证券,主板,19940809,,L
600865.SH,百大集团,百货,主板,19940809,,L
600866.SH,星湖科技,饲料,主板,19940818,,L
600867.SH,通化东宝,生物制药,主板,19940824,,L
600868.SH,梅雁吉祥,水力发电,主板,19940912,,L
600869.SH,远东股份,电气设备,主板,19950206,,L
600870.SH,退厦华(退),,主板,19950228,20220630,D
600871.SH,石化油服,石油开采,主板,19950411,,L
600872.SH,中炬高新,食品,主板,19950124,,L
600873.SH,梅花生物,食品,主板,19950217,,L
600874.SH,创业环保,环境保护,主板,19950630,,L
600875.SH,东方电气,电气设备,主板,19951010,,L
600876.SH,凯盛新能,玻璃,主板,19951031,,L
600877.SH,电科芯片,半导体,主板,19951013,,L
600878.SH,*ST北科(退),,主板,19951013,20040915,D
600879.SH,航天电子,航空,主板,19951115,,L
600880.SH,博瑞传播,广告包装,主板,19951115,,L
600881.SH,亚泰集团,综合类,主板,19951115,,L
600882.SH,妙可蓝多,乳制品,主板,19951206,,L
600883.SH,博闻科技,种植业,主板,19951208,,L
600884.SH,杉杉股份,电气设备,主板,19960130,,L
600885.SH,宏发股份,电气设备,主板,19960205,,L
600886.SH,国投电力,水力发电,主板,19960118,,L
600887.SH,伊利股份,乳制品,主板,19960312,,L
600888.SH,新疆众和,铝,主板,19960215,,L
600889.SH,*ST京化,机械基件,主板,19960308,,L
600890.SH,退中房(退),,主板,19960318,20220621,D
600891.SH,退秋林(退),,主板,19960325,20210512,D
600892.SH,*ST大晟,互联网,主板,19960315,,L
600893.SH,航发动力,航空,主板,19960408,,L
600894.SH,广日股份,运输设备,主板,19960328,,L
600895.SH,张江高科,园区开发,主板,19960422,,L
600896.SH,退海医(退),,主板,19960503,20220725,D
600897.SH,厦门空港,机场,主板,19960531,,L
600898.SH,*ST美讯(退),,主板,19960418,20250210,D
600899.SH,*ST信联(退),,主板,19960426,20050921,D
600900.SH,长江电力,水力发电,主板,20031118,,L
600901.SH,江苏金租,多元金融,主板,20180301,,L
600903.SH,贵州燃气,供气供热,主板,20171107,,L
600905.SH,三峡能源,新型电力,主板,20210610,,L
600906.SH,财达证券,证券,主板,20210507,,L
600908.SH,无锡银行,银行,主板,20160923,,L
600909.SH,华安证券,证券,主板,20161206,,L
600916.SH,中国黄金,服饰,主板,20210205,,L
600917.SH,重庆燃气,供气供热,主板,20140930,,L
600918.SH,中泰证券,证券,主板,20200603,,L
600919.SH,江苏银行,银行,主板,20160802,,L
600925.SH,苏能股份,煤炭开采,主板,20230329,,L
600926.SH,杭州银行,银行,主板,20161027,,L
600927.SH,永安期货,多元金融,主板,20211223,,L
600928.SH,西安银行,银行,主板,20190301,,L
600929.SH,雪天盐业,食品,主板,20180326,,L
600930.SH,华电新能,新型电力,主板,20250716,,L
600933.SH,爱柯迪,汽车配件,主板,20171117,,L
600935.SH,华塑股份,化工原料,主板,20211126,,L
600936.SH,北投科技,软件服务,主板,20160815,,L
600938.SH,中国海油,石油开采,主板,20220421,,L
600939.SH,重庆建工,建筑工程,主板,20170221,,L
600941.SH,中国移动,电信运营,主板,20220105,,L
600955.SH,维远股份,化工原料,主板,20210915,,L
600956.SH,新天绿能,供气供热,主板,20200629,,L
600958.SH,东方证券,证券,主板,20150323,,L
600959.SH,江苏有线,影视音像,主板,20150428,,L
600960.SH,渤海汽车,汽车配件,主板,20040407,,L
600961.SH,株冶集团,铅锌,主板,20040830,,L
600962.SH,国投中鲁,软饮料,主板,20040622,,L
600963.SH,岳阳林纸,造纸,主板,20040525,,L
600965.SH,*ST福成,农业综合,主板,20040713,,L
600966.SH,博汇纸业,造纸,主板,20040608,,L
600967.SH,内蒙一机,运输设备,主板,20040518,,L
600968.SH,海油发展,石油开采,主板,20190626,,L
600969.SH,郴电国际,水力发电,主板,20040408,,L
600970.SH,中材国际,建筑工程,主板,20050412,,L
600971.SH,恒源煤电,煤炭开采,主板,20040817,,L
600973.SH,宝胜股份,电气设备,主板,20040802,,L
600975.SH,新五丰,农业综合,主板,20040609,,L
600976.SH,健民集团,中成药,主板,20040419,,L
600977.SH,中国电影,影视音像,主板,20160809,,L
600978.SH,*ST宜生(退),,主板,20040824,20210322,D
600979.SH,广安爱众,水力发电,主板,20040906,,L
600980.SH,北矿科技,专用机械,主板,20040512,,L
600981.SH,苏豪汇鸿,商贸代理,主板,20040630,,L
600982.SH,宁波能源,供气供热,主板,20040706,,L
600983.SH,惠而浦,家用电器,主板,20040727,,L
600984.SH,建设机械,工程机械,主板,20040707,,L
600985.SH,淮北矿业,煤炭开采,主板,20040428,,L
600986.SH,浙文互联,互联网,主板,20040426,,L
600987.SH,航民股份,纺织,主板,20040809,,L
600988.SH,赤峰黄金,黄金,主板,20040414,,L
600989.SH,宝丰能源,化工原料,主板,20190516,,L
600990.SH,四创电子,通信设备,主板,20040510,,L
600991.SH,广汽长丰(退),,主板,20040614,20120320,D
600992.SH,贵绳股份,钢加工,主板,20040514,,L
600993.SH,马应龙,中成药,主板,20040517,,L
600995.SH,南网储能,水力发电,主板,20040615,,L
600996.SH,贵广网络,影视音像,主板,20161226,,L
600997.SH,开滦股份,焦炭加工,主板,20040602,,L
600998.SH,九州通,医药商业,主板,20101102,,L
600999.SH,招商证券,证券,主板,20091117,,L
601000.SH,唐山港,港口,主板,20100705,,L
601001.SH,晋控煤业,煤炭开采,主板,20060623,,L
601002.SH,晋亿实业,机械基件,主板,20070126,,L
601003.SH,柳钢股份,普钢,主板,20070227,,L
601005.SH,重庆钢铁,普钢,主板,20070228,,L
601006.SH,大秦铁路,铁路,主板,20060801,,L
601007.SH,金陵饭店,酒店餐饮,主板,20070406,,L
601008.SH,连云港,港口,主板,20070426,,L
601009.SH,南京银行,银行,主板,20070719,,L
601010.SH,ST文峰,百货,主板,20110603,,L
601011.SH,宝泰隆,焦炭加工,主板,20110309,,L
601012.SH,隆基绿能,电气设备,主板,20120411,,L
601015.SH,陕西黑猫,焦炭加工,主板,20141105,,L
601016.SH,节能风电,新型电力,主板,20140929,,L
601018.SH,宁波港,港口,主板,20100928,,L
601019.SH,山东出版,出版业,主板,20171122,,L
601020.SH,华钰矿业,铅锌,主板,20160316,,L
601021.SH,春秋航空,空运,主板,20150121,,L
601022.SH,宁波远洋,水运,主板,20221208,,L
601026.SH,道生天合,电气设备,主板,20251017,,L
601028.SH,玉龙股份(退),,主板,20111107,20250527,D
601033.SH,永兴股份,环境保护,主板,20240118,,L
601038.SH,一拖股份,农用机械,主板,20120808,,L
601058.SH,赛轮轮胎,汽车配件,主板,20110630,,L
601059.SH,信达证券,证券,主板,20230201,,L
601061.SH,中信金属,商贸代理,主板,20230410,,L
601065.SH,江盐集团,化工原料,主板,20230410,,L
601066.SH,中信建投,证券,主板,20180620,,L
601068.SH,中铝国际,建筑工程,主板,20180831,,L
601069.SH,西部黄金,黄金,主板,20150122,,L
601077.SH,渝农商行,银行,主板,20191029,,L
601083.SH,锦江航运,水运,主板,20231205,,L
601086.SH,国芳集团,百货,主板,20170929,,L
601088.SH,中国神华,煤炭开采,主板,20071009,,L
601089.SH,福元医药,化学制药,主板,20220630,,L
601096.SH,宏盛华源,钢加工,主板,20231222,,L
601098.SH,中南传媒,出版业,主板,20101028,,L
601099.SH,太平洋,证券,主板,20071228,,L
601100.SH,恒立液压,工程机械,主板,20111028,,L
601101.SH,昊华能源,煤炭开采,主板,20100331,,L
601106.SH,中国一重,工程机械,主板,20100209,,L
601107.SH,四川成渝,路桥,主板,20090727,,L
601108.SH,财通证券,证券,主板,20171024,,L
601111.SH,中国国航,空运,主板,20060818,,L
601112.SH,振石股份,玻璃,主板,20260129,,L
601113.SH,华鼎股份,化纤,主板,20110509,,L
601116.SH,三江购物,超市连锁,主板,20110302,,L
601117.SH,中国化学,建筑工程,主板,20100107,,L
601118.SH,海南橡胶,橡胶,主板,20110107,,L
601121.SH,宝地矿业,普钢,主板,20230310,,L
601126.SH,四方股份,电气设备,主板,20101231,,L
601127.SH,赛力斯,汽车整车,主板,20160615,,L
601128.SH,常熟银行,银行,主板,20160930,,L
601133.SH,柏诚股份,建筑工程,主板,20230410,,L
601136.SH,首创证券,证券,主板,20221222,,L
601137.SH,博威合金,小金属,主板,20110127,,L
601138.SH,工业富联,通信设备,主板,20180608,,L
601139.SH,深圳燃气,供气供热,主板,20091225,,L
601155.SH,新城控股,区域地产,主板,20151204,,L
601156.SH,东航物流,仓储物流,主板,20210609,,L
601158.SH,重庆水务,水务,主板,20100329,,L
601162.SH,天风证券,证券,主板,20181019,,L
601163.SH,三角轮胎,汽车配件,主板,20160909,,L
601166.SH,兴业银行,银行,主板,20070205,,L
601168.SH,西部矿业,铜,主板,20070712,,L
601169.SH,北京银行,银行,主板,20070919,,L
601177.SH,杭齿前进,机械基件,主板,20101011,,L
601179.SH,中国西电,电气设备,主板,20100128,,L
601186.SH,中国铁建,建筑工程,主板,20080310,,L
601187.SH,厦门银行,银行,主板,20201027,,L
601188.SH,龙江交通,路桥,主板,20100319,,L
601198.SH,东兴证券,证券,主板,20150226,,L
601199.SH,江南水务,水务,主板,20110317,,L
601200.SH,上海环境,环境保护,主板,20170331,,L
601208.SH,东材科技,化工原料,主板,20110520,,L
601211.SH,国泰海通,证券,主板,20150626,,L
601212.SH,白银有色,铜,主板,20170215,,L
601216.SH,君正集团,化工原料,主板,20110222,,L
601218.SH,吉鑫科技,电气设备,主板,20110506,,L
601222.SH,林洋能源,新型电力,主板,20110808,,L
601225.SH,陕西煤业,煤炭开采,主板,20140128,,L
601226.SH,华电科工,建筑工程,主板,20141211,,L
601228.SH,广州港,港口,主板,20170329,,L
601229.SH,上海银行,银行,主板,20161116,,L
601231.SH,环旭电子,元器件,主板,20120220,,L
601233.SH,桐昆股份,化纤,主板,20110518,,L
601236.SH,红塔证券,证券,主板,20190705,,L
601238.SH,广汽集团,汽车整车,主板,20120329,,L
601258.SH,*ST庞大(退),,主板,20110428,20230630,D
601268.SH,*ST二重(退),,主板,20100202,20150521,D
601279.SH,英利汽车,汽车配件,主板,20210415,,L
601288.SH,农业银行,银行,主板,20100715,,L
601298.SH,青岛港,港口,主板,20190121,,L
601299.SH,中国北车(退),,主板,20091229,20150520,D
601311.SH,骆驼股份,电气设备,主板,20110602,,L
601318.SH,中国平安,保险,主板,20070301,,L
601319.SH,中国人保,保险,主板,20181116,,L
601326.SH,秦港股份,港口,主板,20170816,,L
601328.SH,交通银行,银行,主板,20070515,,L
601330.SH,绿色动力,环境保护,主板,20180611,,L
601333.SH,广深铁路,铁路,主板,20061222,,L
601336.SH,新华保险,保险,主板,20111216,,L
601339.SH,百隆东方,纺织,主板,20120612,,L
601360.SH,三六零,互联网,主板,20120116,,L
601366.SH,利群股份,百货,主板,20170412,,L
601368.SH,绿城水务,水务,主板,20150612,,L
601369.SH,陕鼓动力,机械基件,主板,20100428,,L
601375.SH,中原证券,证券,主板,20170103,,L
601377.SH,兴业证券,证券,主板,20101013,,L
601388.SH,怡球资源,铝,主板,20120423,,L
601390.SH,中国中铁,建筑工程,主板,20071203,,L
601398.SH,工商银行,银行,主板,20061027,,L
601399.SH,国机重装,工程机械,主板,20200608,,L
601456.SH,国联民生,证券,主板,20200731,,L
601500.SH,通用股份,汽车配件,主板,20160919,,L
601512.SH,中新集团,园区开发,主板,20191220,,L
601515.SH,衢州东峰,广告包装,主板,20120216,,L
601518.SH,吉林高速,路桥,主板,20100319,,L
601519.SH,大智慧,软件服务,主板,20110128,,L
601528.SH,瑞丰银行,银行,主板,20210625,,L
601555.SH,东吴证券,证券,主板,20111212,,L
601558.SH,退锐电(退),,主板,20110113,20200702,D
601566.SH,九牧王,服饰,主板,20110530,,L
601567.SH,三星电气,电气设备,主板,20110615,,L
601568.SH,北元化工,化工原料,主板,20201020,,L
601577.SH,长沙银行,银行,主板,20180926,,L
601579.SH,会稽山,红黄酒,主板,20140825,,L
601588.SH,北辰实业,区域地产,主板,20061016,,L
601595.SH,上海电影,影视音像,主板,20160817,,L
601598.SH,中国外运,仓储物流,主板,20190118,,L
601599.SH,浙文影业,纺织,主板,20110527,,L
601600.SH,中国铝业,铝,主板,20070430,,L
601601.SH,中国太保,保险,主板,20071225,,L
601606.SH,长城军工,专用机械,主板,20180806,,L
601607.SH,上海医药,医药商业,主板,19940324,,L
601608.SH,中信重工,专用机械,主板,20120706,,L
601609.SH,金田股份,铜,主板,20200422,,L
601611.SH,中国核建,建筑工程,主板,20160606,,L
601615.SH,明阳智能,电气设备,主板,20190123,,L
601616.SH,广电电气,电气设备,主板,20110201,,L
601618.SH,中国中冶,建筑工程,主板,20090921,,L
601619.SH,嘉泽新能,新型电力,主板,20170720,,L
601628.SH,中国人寿,保险,主板,20070109,,L
601633.SH,长城汽车,汽车整车,主板,20110928,,L
601636.SH,旗滨集团,玻璃,主板,20110812,,L
601658.SH,邮储银行,银行,主板,20191210,,L
601665.SH,齐鲁银行,银行,主板,20210618,,L
601666.SH,平煤股份,煤炭开采,主板,20061123,,L
601668.SH,中国建筑,建筑工程,主板,20090729,,L
601669.SH,中国电建,建筑工程,主板,20111018,,L
601677.SH,明泰铝业,铝,主板,20110919,,L
601678.SH,滨化股份,化工原料,主板,20100223,,L
601686.SH,友发集团,钢加工,主板,20201204,,L
601688.SH,华泰证券,证券,主板,20100226,,L
601689.SH,拓普集团,汽车配件,主板,20150319,,L
601696.SH,中银证券,证券,主板,20200226,,L
601698.SH,中国卫通,电信运营,主板,20190628,,L
601699.SH,潞安环能,煤炭开采,主板,20060922,,L
601700.SH,风范股份,电气设备,主板,20110118,,L
601702.SH,华峰铝业,铝,主板,20200907,,L
601717.SH,中创智领,专用机械,主板,20100803,,L
601718.SH,ST际华,服饰,主板,20100816,,L
601727.SH,上海电气,电气设备,主板,20081205,,L
601728.SH,中国电信,电信运营,主板,20210820,,L
601766.SH,中国中车,运输设备,主板,20080818,,L
601777.SH,千里科技,摩托车,主板,20101125,,L
601778.SH,晶科科技,新型电力,主板,20200519,,L
601788.SH,光大证券,证券,主板,20090818,,L
601789.SH,宁波建工,建筑工程,主板,20110816,,L
601798.SH,蓝科高新,化工机械,主板,20110622,,L
601799.SH,星宇股份,汽车配件,主板,20110201,,L
601800.SH,中国交建,建筑工程,主板,20120309,,L
601801.SH,皖新传媒,出版业,主板,20100118,,L
601808.SH,中海油服,石油开采,主板,20070928,,L
601811.SH,新华文轩,出版业,主板,20160808,,L
601816.SH,京沪高铁,铁路,主板,20200116,,L
601818.SH,光大银行,银行,主板,20100818,,L
601825.SH,沪农商行,银行,主板,20210819,,L
601827.SH,三峰环境,环境保护,主板,20200605,,L
601828.SH,美凯龙,其他商业,主板,20180117,,L
601838.SH,成都银行,银行,主板,20180131,,L
601857.SH,中国石油,石油开采,主板,20071105,,L
601858.SH,中国科传,出版业,主板,20170118,,L
601860.SH,紫金银行,银行,主板,20190103,,L
601865.SH,福莱特,玻璃,主板,20190215,,L
601866.SH,中远海发,水运,主板,20071212,,L
601868.SH,中国能建,建筑工程,主板,20210928,,L
601869.SH,长飞光纤,通信设备,主板,20180720,,L
601872.SH,招商轮船,水运,主板,20061201,,L
601877.SH,正泰电器,电气设备,主板,20100121,,L
601878.SH,浙商证券,证券,主板,20170626,,L
601880.SH,辽港股份,港口,主板,20101206,,L
601881.SH,中国银河,证券,主板,20170123,,L
601882.SH,海天精工,机床制造,主板,20161107,,L
601886.SH,江河集团,装修装饰,主板,20110818,,L
601888.SH,中国中免,旅游服务,主板,20091015,,L
601890.SH,亚星锚链,船舶,主板,20101228,,L
601898.SH,中煤能源,煤炭开采,主板,20080201,,L
601899.SH,紫金矿业,铜,主板,20080425,,L
601900.SH,南方传媒,出版业,主板,20160215,,L
601901.SH,方正证券,证券,主板,20110810,,L
601908.SH,京运通,电气设备,主板,20110908,,L
601916.SH,浙商银行,银行,主板,20191126,,L
601918.SH,新集能源,煤炭开采,主板,20071219,,L
601919.SH,中远海控,水运,主板,20070626,,L
601921.SH,浙版传媒,出版业,主板,20210723,,L
601928.SH,凤凰传媒,出版业,主板,20111130,,L
601929.SH,吉视传媒,影视音像,主板,20120223,,L
601933.SH,永辉超市,超市连锁,主板,20101215,,L
601939.SH,建设银行,银行,主板,20070925,,L
601949.SH,中国出版,出版业,主板,20170821,,L
601952.SH,苏垦农发,种植业,主板,20170515,,L
601956.SH,东贝集团,家用电器,主板,20201225,,L
601958.SH,金钼股份,小金属,主板,20080417,,L
601963.SH,重庆银行,银行,主板,20210205,,L
601965.SH,中国汽研,汽车服务,主板,20120611,,L
601966.SH,玲珑轮胎,汽车配件,主板,20160706,,L
601968.SH,宝钢包装,广告包装,主板,20150611,,L
601969.SH,海南矿业,普钢,主板,20141209,,L
601975.SH,招商南油,水运,主板,20190108,,L
601985.SH,中国核电,新型电力,主板,20150610,,L
601988.SH,中国银行,银行,主板,20060705,,L
601989.SH,中国重工(退),,主板,20091216,20250905,D
601990.SH,南京证券,证券,主板,20180613,,L
601991.SH,大唐发电,火力发电,主板,20061220,,L
601992.SH,金隅集团,水泥,主板,20110301,,L
601995.SH,中金公司,证券,主板,20201102,,L
601996.SH,丰林集团,家居用品,主板,20110929,,L
601997.SH,贵阳银行,银行,主板,20160816,,L
601998.SH,中信银行,银行,主板,20070427,,L
601999.SH,出版传媒,出版业,主板,20071221,,L
603000.SH,人民网,互联网,主板,20120427,,L
603001.SH,奥康国际,服饰,主板,20120426,,L
603002.SH,宏昌电子,化工原料,主板,20120518,,L
603003.SH,退龙宇(退),,主板,20120817,20250703,D
603004.SH,鼎龙科技,化工原料,主板,20231227,,L
603005.SH,晶方科技,半导体,主板,20140210,,L
603006.SH,联明股份,汽车配件,主板,20140630,,L
603007.SH,顺景科技,建筑工程,主板,20160826,,L
603008.SH,ST喜临门,家居用品,主板,20120717,,L
603009.SH,北特科技,汽车配件,主板,20140718,,L
603010.SH,万盛股份,化工原料,主板,20141010,,L
603011.SH,合锻智能,专用机械,主板,20141107,,L
603012.SH,创力集团,专用机械,主板,20150320,,L
603013.SH,亚普股份,汽车配件,主板,20180509,,L
603014.SH,威高血净,医疗保健,主板,20250519,,L
603015.SH,弘讯科技,电气设备,主板,20150303,,L
603016.SH,新宏泰,电气设备,主板,20160701,,L
603017.SH,中衡设计,建筑工程,主板,20141231,,L
603018.SH,华设集团,建筑工程,主板,20141013,,L
603019.SH,中科曙光,IT设备,主板,20141106,,L
603020.SH,爱普股份,食品,主板,20150325,,L
603021.SH,*ST华鹏,家居用品,主板,20150423,,L
603022.SH,新通联,广告包装,主板,20150518,,L
603023.SH,威帝股份,汽车配件,主板,20150527,,L
603025.SH,大豪科技,纺织机械,主板,20150422,,L
603026.SH,石大胜华,化工原料,主板,20150529,,L
603027.SH,千禾味业,食品,主板,20160307,,L
603028.SH,赛福天,钢加工,主板,20160331,,L
603029.SH,天鹅股份,农用机械,主板,20160427,,L
603030.SH,全筑股份,装修装饰,主板,20150320,,L
603031.SH,安孚科技,电气设备,主板,20160822,,L
603032.SH,德新科技,专用机械,主板,20170105,,L
603033.SH,三维股份,橡胶,主板,20161207,,L
603035.SH,常熟汽饰,汽车配件,主板,20170105,,L
603036.SH,如通股份,专用机械,主板,20161209,,L
603037.SH,凯众股份,汽车配件,主板,20170120,,L
603038.SH,华立股份,家居用品,主板,20170116,,L
603039.SH,泛微网络,软件服务,主板,20170113,,L
603040.SH,新坐标,汽车配件,主板,20170209,,L
603041.SH,美思德,化工原料,主板,20170330,,L
603042.SH,华脉科技,通信设备,主板,20170602,,L
603043.SH,广州酒家,食品,主板,20170627,,L
603045.SH,福达合金,小金属,主板,20180517,,L
603048.SH,浙江黎明,汽车配件,主板,20211116,,L
603049.SH,中策橡胶,汽车配件,主板,20250605,,L
603050.SH,科林电气,电气设备,主板,20170414,,L
603051.SH,鹿山新材,塑料,主板,20220325,,L
603052.SH,可川科技,元器件,主板,20221011,,L
603053.SH,成都燃气,供气供热,主板,20191217,,L
603055.SH,台华新材,纺织,主板,20170921,,L
603056.SH,德邦股份,仓储物流,主板,20180116,20260331,D
603057.SH,紫燕食品,食品,主板,20220926,,L
603058.SH,永吉股份,广告包装,主板,20161223,,L
603059.SH,倍加洁,日用化工,主板,20180302,,L
603060.SH,国检集团,建筑工程,主板,20161109,,L
603061.SH,金海通,半导体,主板,20230303,,L
603062.SH,麦加芯彩,染料涂料,主板,20231107,,L
603063.SH,禾望电气,电气设备,主板,20170728,,L
603065.SH,宿迁联盛,化工原料,主板,20230321,,L
603066.SH,音飞储存,仓储物流,主板,20150611,,L
603067.SH,振华股份,化工原料,主板,20160913,,L
603068.SH,博通集成,半导体,主板,20190415,,L
603069.SH,海汽集团,公共交通,主板,20160712,,L
603070.SH,万控智造,电气设备,主板,20220310,,L
603071.SH,物产环能,批发业,主板,20211216,,L
603072.SH,天和磁材,矿物制品,主板,20250103,,L
603073.SH,彩蝶实业,纺织,主板,20230316,,L
603075.SH,热威股份,家用电器,主板,20230911,,L
603076.SH,乐惠国际,专用机械,主板,20171113,,L
603077.SH,和邦生物,化工原料,主板,20120731,,L
603078.SH,江化微,半导体,主板,20170410,,L
603079.SH,圣达生物,食品,主板,20170823,,L
603080.SH,新疆火炬,供气供热,主板,20180103,,L
603081.SH,大丰实业,专用机械,主板,20170420,,L
603082.SH,北自科技,运输设备,主板,20240130,,L
603083.SH,剑桥科技,通信设备,主板,20171110,,L
603085.SH,天成自控,汽车配件,主板,20150630,,L
603086.SH,先达股份,农药化肥,主板,20170511,,L
603087.SH,甘李药业,生物制药,主板,20200629,,L
603088.SH,宁波精达,机床制造,主板,20141111,,L
603089.SH,正裕工业,汽车配件,主板,20170126,,L
603090.SH,宏盛股份,专用机械,主板,20160831,,L
603091.SH,众鑫股份,家居用品,主板,20240920,,L
603092.SH,德力佳,机械基件,主板,20251107,,L
603093.SH,南华期货,多元金融,主板,20190830,,L
603095.SH,越剑智能,纺织机械,主板,20200415,,L
603096.SH,新经典,出版业,主板,20170425,,L
603097.SH,江苏华辰,电气设备,主板,20220512,,L
603098.SH,森特股份,装修装饰,主板,20161216,,L
603099.SH,长白山,旅游景点,主板,20140822,,L
603100.SH,川仪股份,电器仪表,主板,20140805,,L
603101.SH,汇嘉时代,百货,主板,20160506,,L
603102.SH,百合股份,医疗保健,主板,20220125,,L
603103.SH,横店影视,影视音像,主板,20171012,,L
603105.SH,芯能科技,电气设备,主板,20180709,,L
603106.SH,恒银科技,IT设备,主板,20170920,,L
603107.SH,上海汽配,汽车配件,主板,20231101,,L
603108.SH,润达医疗,医药商业,主板,20150527,,L
603109.SH,神驰机电,电气设备,主板,20191231,,L
603110.SH,东方材料,染料涂料,主板,20171013,,L
603111.SH,康尼机电,运输设备,主板,20140801,,L
603112.SH,华翔股份,机械基件,主板,20200917,,L
603113.SH,金能科技,化工原料,主板,20170511,,L
603115.SH,海星股份,铝,主板,20190809,,L
603116.SH,红蜻蜓,服饰,主板,20150629,,L
603117.SH,万林物流,仓储物流,主板,20150629,,L
603118.SH,共进股份,通信设备,主板,20150225,,L
603119.SH,浙江荣泰,汽车配件,主板,20230801,,L
603120.SH,肯特催化,化工原料,主板,20250416,,L
603121.SH,华培动力,汽车配件,主板,20190111,,L
603122.SH,合富中国,医药商业,主板,20220216,,L
603123.SH,翠微股份,多元金融,主板,20120503,,L
603124.SH,江南新材,铜,主板,20250320,,L
603125.SH,常青科技,化工原料,主板,20230410,,L
603126.SH,中材节能,环境保护,主板,20140731,,L
603127.SH,昭衍新药,医疗保健,主板,20170825,,L
603128.SH,华贸物流,仓储物流,主板,20120529,,L
603129.SH,春风动力,摩托车,主板,20170818,,L
603130.SH,云中马,纺织,主板,20221118,,L
603131.SH,上海沪工,专用机械,主板,20160607,,L
603132.SH,金徽股份,铅锌,主板,20220222,,L
603133.SH,退碳元(退),,主板,20170320,20240703,D
603135.SH,中重科技,专用机械,主板,20230410,,L
603136.SH,天目湖,旅游景点,主板,20170927,,L
603137.SH,恒尚节能,装修装饰,主板,20230419,,L
603138.SH,海量数据,软件服务,主板,20170306,,L
603139.SH,康惠股份,中成药,主板,20170421,,L
603150.SH,万朗磁塑,塑料,主板,20220124,,L
603151.SH,邦基科技,饲料,主板,20221019,,L
603153.SH,上海建科,建筑工程,主板,20230313,,L
603155.SH,新亚强,化工原料,主板,20200901,,L
603156.SH,养元饮品,软饮料,主板,20180212,,L
603157.SH,退拉夏(退),,主板,20170925,20220524,D
603158.SH,腾龙股份,汽车配件,主板,20150320,,L
603159.SH,上海亚虹,专用机械,主板,20160812,,L
603160.SH,汇顶科技,半导体,主板,20161017,,L
603161.SH,科华控股,汽车配件,主板,20180105,,L
603162.SH,海通发展,水运,主板,20230329,,L
603163.SH,圣晖集成,建筑工程,主板,20221013,,L
603165.SH,荣晟环保,造纸,主板,20170117,,L
603166.SH,福达股份,汽车配件,主板,20141127,,L
603167.SH,渤海轮渡,水运,主板,20120906,,L
603168.SH,莎普爱思,化学制药,主板,20140702,,L
603169.SH,兰石重装,专用机械,主板,20141009,,L
603170.SH,宝立食品,食品,主板,20220715,,L
603171.SH,税友股份,软件服务,主板,20210630,,L
603172.SH,万丰股份,染料涂料,主板,20230510,,L
603173.SH,福斯达,机械基件,主板,20230130,,L
603175.SH,超颖电子,元器件,主板,20251024,,L
603176.SH,汇通集团,建筑工程,主板,20211231,,L
603177.SH,德创环保,环境保护,主板,20170207,,L
603178.SH,圣龙股份,汽车配件,主板,20170328,,L
603179.SH,新泉股份,汽车配件,主板,20170317,,L
603180.SH,金牌家居,家居用品,主板,20170512,,L
603181.SH,皇马科技,化工原料,主板,20170824,,L
603182.SH,嘉华股份,食品,主板,20220909,,L
603183.SH,建研院,建筑工程,主板,20170905,,L
603185.SH,弘元绿能,电气设备,主板,20181228,,L
603186.SH,华正新材,元器件,主板,20170103,,L
603187.SH,海容冷链,机械基件,主板,20181129,,L
603188.SH,亚邦股份,染料涂料,主板,20140909,,L
603189.SH,*ST网达,软件服务,主板,20160914,,L
603190.SH,亚通精工,汽车配件,主板,20230217,,L
603191.SH,望变电气,电气设备,主板,20220428,,L
603192.SH,汇得科技,化工原料,主板,20180828,,L
603193.SH,润本股份,日用化工,主板,20231017,,L
603194.SH,中力股份,工程机械,主板,20241224,,L
603195.SH,公牛集团,家用电器,主板,20200206,,L
603196.SH,璞源材料,服饰,主板,20170531,,L
603197.SH,保隆科技,汽车配件,主板,20170519,,L
603198.SH,迎驾贡酒,白酒,主板,20150528,,L
603199.SH,九华旅游,旅游景点,主板,20150326,,L
603200.SH,上海洗霸,环境保护,主板,20170601,,L
603201.SH,常润股份,汽车配件,主板,20220729,,L
603202.SH,天有为,汽车配件,主板,20250424,,L
603203.SH,快克智能,专用机械,主板,20161108,,L
603205.SH,健尔康,医疗保健,主板,20241107,,L
603206.SH,嘉环科技,通信设备,主板,20220506,,L
603207.SH,小方制药,化学制药,主板,20240826,,L
603208.SH,江山欧派,家居用品,主板,20170210,,L
603209.SH,兴通股份,水运,主板,20220324,,L
603210.SH,泰鸿万立,汽车配件,主板,20250409,,L
603211.SH,晋拓股份,汽车配件,主板,20220725,,L
603212.SH,赛伍技术,塑料,主板,20200430,,L
603213.SH,镇洋发展,化工原料,主板,20211111,,L
603214.SH,爱婴室,百货,主板,20180330,,L
603215.SH,比依股份,家用电器,主板,20220218,,L
603216.SH,梦天家居,家居用品,主板,20211215,,L
603217.SH,元利科技,化工原料,主板,20190620,,L
603218.SH,日月股份,电气设备,主板,20161228,,L
603219.SH,富佳股份,家用电器,主板,20211122,,L
603220.SH,中贝通信,通信设备,主板,20181115,,L
603221.SH,爱丽家居,家居用品,主板,20200323,,L
603222.SH,济民健康,医疗保健,主板,20150217,,L
603223.SH,恒通股份,公路,主板,20150630,,L
603225.SH,新凤鸣,化纤,主板,20170418,,L
603226.SH,菲林格尔,家居用品,主板,20170615,,L
603227.SH,雪峰科技,化工原料,主板,20150515,,L
603228.SH,景旺电子,元器件,主板,20170106,,L
603229.SH,奥翔药业,化学制药,主板,20170509,,L
603230.SH,内蒙新华,出版业,主板,20211224,,L
603231.SH,索宝蛋白,食品,主板,20231215,,L
603232.SH,格尔软件,软件服务,主板,20170421,,L
603233.SH,大参林,医药商业,主板,20170731,,L
603235.SH,天新药业,化学制药,主板,20220712,,L
603236.SH,移远通信,通信设备,主板,20190716,,L
603237.SH,五芳斋,食品,主板,20220831,,L
603238.SH,诺邦股份,纺织,主板,20170222,,L
603239.SH,浙江仙通,汽车配件,主板,20161230,,L
603248.SH,锡华科技,机械基件,主板,20251223,,L
603255.SH,鼎际得,化工原料,主板,20220818,,L
603256.SH,宏和科技,玻璃,主板,20190719,,L
603257.SH,中国瑞林,建筑工程,主板,20250408,,L
603258.SH,电魂网络,互联网,主板,20161026,,L
603259.SH,药明康德,化学制药,主板,20180508,,L
603260.SH,合盛硅业,化工原料,主板,20171030,,L
603261.SH,立航科技,航空,主板,20220315,,L
603262.SH,技源集团,食品,主板,20250723,,L
603266.SH,天龙股份,汽车配件,主板,20170110,,L
603267.SH,鸿远电子,元器件,主板,20190515,,L
603268.SH,松发股份,船舶,主板,20150319,,L
603269.SH,海鸥股份,机械基件,主板,20170517,,L
603270.SH,金帝股份,机械基件,主板,20230901,,L
603271.SH,永杰新材,铝,主板,20250311,,L
603272.SH,*ST联翔,家居用品,主板,20220520,,L
603273.SH,天元智能,专用机械,主板,20231023,,L
603275.SH,众辰科技,电器仪表,主板,20230823,,L
603276.SH,恒兴新材,化工原料,主板,20230925,,L
603277.SH,银都股份,专用机械,主板,20170911,,L
603278.SH,大业股份,钢加工,主板,20171113,,L
603279.SH,景津装备,环境保护,主板,20190729,,L
603280.SH,南方路机,工程机械,主板,20221108,,L
603281.SH,江瀚新材,化工原料,主板,20230131,,L
603282.SH,亚光股份,专用机械,主板,20230315,,L
603283.SH,赛腾股份,专用机械,主板,20171225,,L
603284.SH,林平发展,造纸,主板,20260210,,L
603285.SH,键邦股份,化工原料,主板,20240705,,L
603286.SH,日盈电子,汽车配件,主板,20170627,,L
603288.SH,海天味业,食品,主板,20140211,,L
603289.SH,泰瑞机器,专用机械,主板,20171031,,L
603290.SH,斯达半导,半导体,主板,20200204,,L
603291.SH,联合水务,水务,主板,20230327,,L
603293.SH,埃泰克,汽车配件,主板,20260416,,L
603296.SH,华勤技术,元器件,主板,20230808,,L
603297.SH,永新光学,元器件,主板,20180910,,L
603298.SH,杭叉集团,工程机械,主板,20161227,,L
603299.SH,苏盐井神,食品,主板,20151231,,L
603300.SH,海南华铁,多元金融,主板,20150529,,L
603301.SH,振德医疗,医疗保健,主板,20180412,,L
603303.SH,得邦照明,家用电器,主板,20170330,,L
603305.SH,旭升集团,汽车配件,主板,20170710,,L
603306.SH,华懋科技,汽车配件,主板,20140926,,L
603307.SH,扬州金泉,文教休闲,主板,20230216,,L
603308.SH,应流股份,机械基件,主板,20140122,,L
603309.SH,维力医疗,医疗保健,主板,20150302,,L
603310.SH,巍华新材,化工原料,主板,20240814,,L
603311.SH,金海高科,家用电器,主板,20150518,,L
603312.SH,西典新能,电气设备,主板,20240111,,L
603313.SH,梦百合,家居用品,主板,20161013,,L
603315.SH,福鞍股份,环境保护,主板,20150424,,L
603316.SH,诚邦股份,建筑工程,主板,20170619,,L
603317.SH,天味食品,食品,主板,20190416,,L
603318.SH,水发燃气,供气供热,主板,20150424,,L
603319.SH,美湖股份,汽车配件,主板,20161130,,L
603320.SH,迪贝电气,电气设备,主板,20170502,,L
603321.SH,梅轮电梯,运输设备,主板,20170915,,L
603322.SH,超讯科技,通信设备,主板,20160728,,L
603323.SH,苏农银行,银行,主板,20161129,,L
603324.SH,盛剑科技,环境保护,主板,20210407,,L
603325.SH,博隆技术,化工机械,主板,20240110,,L
603326.SH,我乐家居,家居用品,主板,20170616,,L
603327.SH,福蓉科技,元器件,主板,20190523,,L
603328.SH,依顿电子,元器件,主板,20140701,,L
603329.SH,上海雅仕,仓储物流,主板,20171229,,L
603330.SH,天洋新材,塑料,主板,20170213,,L
603331.SH,百达精工,专用机械,主板,20170705,,L
603332.SH,苏州龙杰,化纤,主板,20190117,,L
603333.SH,福华尚纬,电气设备,主板,20120507,,L
603334.SH,丰倍生物,化工原料,主板,20251105,,L
603335.SH,迪生力,汽车配件,主板,20170620,,L
603336.SH,宏辉果蔬,农业综合,主板,20161124,,L
603337.SH,杰克科技,纺织机械,主板,20170119,,L
603338.SH,浙江鼎力,工程机械,主板,20150325,,L
603339.SH,四方科技,专用机械,主板,20160519,,L
603341.SH,龙旗科技,通信设备,主板,20240301,,L
603344.SH,星德胜,电气设备,主板,20240320,,L
603345.SH,安井食品,食品,主板,20170222,,L
603348.SH,文灿股份,汽车配件,主板,20180426,,L
603350.SH,安乃达,电气设备,主板,20240703,,L
603351.SH,威尔药业,化学制药,主板,20190130,,L
603352.SH,至信股份,汽车配件,主板,20260115,,L
603353.SH,和顺石油,石油贸易,主板,20200407,,L
603355.SH,莱克电气,家用电器,主板,20150513,,L
603356.SH,华菱精工,运输设备,主板,20180124,,L
603357.SH,设计总院,建筑工程,主板,20170801,,L
603358.SH,华达科技,汽车配件,主板,20170125,,L
603359.SH,*ST东珠,建筑工程,主板,20170901,,L
603360.SH,百傲化学,农药化肥,主板,20170206,,L
603363.SH,傲农生物,饲料,主板,20170926,,L
603365.SH,水星家纺,纺织,主板,20171120,,L
603366.SH,日出东方,家用电器,主板,20120521,,L
603367.SH,辰欣药业,化学制药,主板,20170929,,L
603368.SH,柳药集团,医药商业,主板,20141204,,L
603369.SH,今世缘,白酒,主板,20140703,,L
603370.SH,华新精科,电气设备,主板,20250905,,L
603373.SH,安邦护卫,仓储物流,主板,20231220,,L
603375.SH,盛景微,半导体,主板,20240124,,L
603376.SH,大明电子,汽车配件,主板,20251106,,L
603377.SH,ST东时,汽车服务,主板,20160205,,L
603378.SH,*ST亚士,染料涂料,主板,20170928,,L
603379.SH,三美股份,化工原料,主板,20190402,,L
603380.SH,易德龙,元器件,主板,20170622,,L
603381.SH,永臻股份,电气设备,主板,20240626,,L
603382.SH,海阳科技,化纤,主板,20250612,,L
603383.SH,顶点软件,软件服务,主板,20170522,,L
603385.SH,惠达卫浴,家居用品,主板,20170405,,L
603386.SH,骏亚科技,元器件,主板,20170912,,L
603387.SH,基蛋生物,医疗保健,主板,20170717,,L
603388.SH,*ST元成(退),,主板,20170324,20251205,D
603389.SH,*ST亚振,家居用品,主板,20161215,,L
603390.SH,通达电气,汽车配件,主板,20191125,,L
603391.SH,力聚热能,专用机械,主板,20240731,,L
603392.SH,万泰生物,生物制药,主板,20200429,,L
603393.SH,新天然气,供气供热,主板,20160912,,L
603395.SH,红四方,农药化肥,主板,20241126,,L
603396.SH,金辰股份,专用机械,主板,20171018,,L
603398.SH,*ST沐邦,电气设备,主板,20151209,,L
603399.SH,永杉锂业,小金属,主板,20120824,,L
603400.SH,华之杰,机械基件,主板,20250620,,L
603402.SH,陕西旅游,旅游景点,主板,20260106,,L
603406.SH,天富龙,化纤,主板,20250808,,L
603407.SH,长裕集团,化工原料,主板,20260511,,L
603408.SH,建霖家居,家居用品,主板,20200730,,L
603409.SH,汇通控股,汽车配件,主板,20250304,,L
603416.SH,信捷电气,电器仪表,主板,20161221,,L
603418.SH,友升股份,汽车配件,主板,20250923,,L
603421.SH,鼎信通讯,通信设备,主板,20161011,,L
603429.SH,*ST集友,广告包装,主板,20170124,,L
603435.SH,嘉德利,元器件,主板,20260522,,L
603439.SH,三力制药,中成药,主板,20200428,,L
603444.SH,吉比特,互联网,主板,20170104,,L
603456.SH,九洲药业,医疗保健,主板,20141010,,L
603458.SH,勘设股份,建筑工程,主板,20170809,,L
603459.SH,红板科技,元器件,主板,20260408,,L
603466.SH,风语筑,文教休闲,主板,20171020,,L
603477.SH,巨星农牧,农业综合,主板,20171218,,L
603486.SH,科沃斯,家用电器,主板,20180528,,L
603488.SH,展鹏科技,运输设备,主板,20170516,,L
603489.SH,八方股份,电气设备,主板,20191111,,L
603496.SH,恒为科技,IT设备,主板,20170607,,L
603499.SH,翔港科技,广告包装,主板,20171016,,L
603500.SH,祥和实业,运输设备,主板,20170904,,L
603501.SH,豪威集团,半导体,主板,20170504,,L
603505.SH,金石资源,化工原料,主板,20170503,,L
603506.SH,南都物业,房产服务,主板,20180201,,L
603507.SH,振江股份,电气设备,主板,20171106,,L
603508.SH,思维列控,IT设备,主板,20151224,,L
603511.SH,爱慕股份,服饰,主板,20210531,,L
603515.SH,欧普照明,家用电器,主板,20160819,,L
603516.SH,淳中科技,IT设备,主板,20180202,,L
603517.SH,ST绝味,食品,主板,20170317,,L
603518.SH,锦泓集团,服饰,主板,20141203,,L
603519.SH,立霸股份,家用电器,主板,20150319,,L
603520.SH,司太立,化学制药,主板,20160309,,L
603527.SH,众源新材,铜,主板,20170907,,L
603528.SH,多伦科技,软件服务,主板,20160503,,L
603529.SH,爱玛科技,摩托车,主板,20210615,,L
603530.SH,神马电力,电气设备,主板,20190805,,L
603533.SH,掌阅科技,互联网,主板,20170921,,L
603535.SH,嘉诚国际,仓储物流,主板,20170808,,L
603536.SH,惠发食品,食品,主板,20170613,,L
603538.SH,美诺华,化学制药,主板,20170407,,L
603551.SH,奥普科技,家居用品,主板,20200115,,L
603555.SH,ST贵人(退),,主板,20140124,20240329,D
603556.SH,海兴电力,电器仪表,主板,20161110,,L
603557.SH,*ST起步,服饰,主板,20170818,,L
603558.SH,健盛集团,纺织,主板,20150127,,L
603559.SH,ST通脉,通信设备,主板,20161202,,L
603565.SH,中谷物流,水运,主板,20200925,,L
603566.SH,普莱柯,农业综合,主板,20150518,,L
603567.SH,珍宝岛,中成药,主板,20150424,,L
603568.SH,伟明环保,环境保护,主板,20150528,,L
603569.SH,长久物流,公路,主板,20160810,,L
603577.SH,汇金通,电气设备,主板,20161222,,L
603578.SH,三星新材,家用电器,主板,20170306,,L
603579.SH,荣泰健康,家用电器,主板,20170111,,L
603580.SH,*ST艾艾,塑料,主板,20170525,,L
603583.SH,捷昌驱动,电气设备,主板,20180921,,L
603585.SH,苏利股份,农药化肥,主板,20161214,,L
603586.SH,金麒麟,汽车配件,主板,20170406,,L
603587.SH,地素时尚,服饰,主板,20180622,,L
603588.SH,高能环境,环境保护,主板,20141229,,L
603589.SH,口子窖,白酒,主板,20150629,,L
603590.SH,康辰药业,生物制药,主板,20180827,,L
603595.SH,ST东尼,元器件,主板,20170712,,L
603596.SH,伯特利,汽车配件,主板,20180427,,L
603598.SH,引力传媒,互联网,主板,20150527,,L
603599.SH,广信股份,农药化肥,主板,20150513,,L
603600.SH,永艺股份,家居用品,主板,20150123,,L
603601.SH,再升科技,玻璃,主板,20150122,,L
603602.SH,纵横通信,通信设备,主板,20170810,,L
603603.SH,退博天(退),,主板,20170217,20240425,D
603605.SH,珀莱雅,日用化工,主板,20171115,,L
603606.SH,东方电缆,电气设备,主板,20141015,,L
603607.SH,京华激光,造纸,主板,20171025,,L
603608.SH,天创时尚,服饰,主板,20160218,,L
603609.SH,禾丰股份,饲料,主板,20140808,,L
603610.SH,麒盛科技,家居用品,主板,20191029,,L
603611.SH,诺力股份,专用机械,主板,20150128,,L
603612.SH,索通发展,矿物制品,主板,20170718,,L
603613.SH,国联股份,互联网,主板,20190730,,L
603615.SH,茶花股份,家居用品,主板,20170213,,L
603616.SH,韩建河山,水泥,主板,20150611,,L
603617.SH,君禾股份,机械基件,主板,20170703,,L
603618.SH,杭电股份,电气设备,主板,20150217,,L
603619.SH,中曼石油,石油开采,主板,20171117,,L
603626.SH,科森科技,元器件,主板,20170209,,L
603628.SH,清源股份,电气设备,主板,20170112,,L
603629.SH,利通电子,元器件,主板,20181224,,L
603630.SH,拉芳家化,日用化工,主板,20170313,,L
603633.SH,徕木股份,汽车配件,主板,20161117,,L
603636.SH,南威软件,软件服务,主板,20141230,,L
603637.SH,镇海股份,建筑工程,主板,20170208,,L
603638.SH,艾迪精密,专用机械,主板,20170120,,L
603639.SH,海利尔,农药化肥,主板,20170112,,L
603648.SH,畅联股份,仓储物流,主板,20170913,,L
603650.SH,彤程新材,化工原料,主板,20180627,,L
603655.SH,朗博科技,汽车配件,主板,20171229,,L
603656.SH,泰禾智能,专用机械,主板,20170321,,L
603657.SH,春光科技,家用电器,主板,20180730,,L
603658.SH,安图生物,医疗保健,主板,20160901,,L
603659.SH,璞泰来,化工原料,主板,20171103,,L
603660.SH,苏州科达,IT设备,主板,20161201,,L
603661.SH,恒林股份,家居用品,主板,20171121,,L
603662.SH,柯力传感,电器仪表,主板,20190806,,L
603663.SH,三祥新材,小金属,主板,20160801,,L
603665.SH,康隆达,服饰,主板,20170313,,L
603666.SH,亿嘉和,专用机械,主板,20180612,,L
603667.SH,五洲新春,机械基件,主板,20161025,,L
603668.SH,天马科技,饲料,主板,20170117,,L
603669.SH,灵康药业,化学制药,主板,20150528,,L
603676.SH,卫信康,化学制药,主板,20170721,,L
603677.SH,奇精机械,家用电器,主板,20170206,,L
603678.SH,火炬电子,元器件,主板,20150126,,L
603679.SH,华体科技,电气设备,主板,20170621,,L
603680.SH,今创集团,运输设备,主板,20180227,,L
603681.SH,永冠新材,化工原料,主板,20190326,,L
603682.SH,锦和商管,房产服务,主板,20200421,,L
603683.SH,晶华新材,化工原料,主板,20171020,,L
603685.SH,晨丰科技,电气设备,主板,20171127,,L
603686.SH,福龙马,环境保护,主板,20150126,,L
603687.SH,大胜达,广告包装,主板,20190726,,L
603688.SH,石英股份,矿物制品,主板,20141031,,L
603689.SH,皖天然气,供气供热,主板,20170110,,L
603690.SH,至纯科技,半导体,主板,20170113,,L
603693.SH,江苏新能,新型电力,主板,20180703,,L
603696.SH,安记食品,食品,主板,20151209,,L
603697.SH,有友食品,食品,主板,20190508,,L
603698.SH,航天工程,专用机械,主板,20150128,,L
603699.SH,纽威股份,机械基件,主板,20140117,,L
603700.SH,宁水集团,电器仪表,主板,20190122,,L
603701.SH,德宏股份,汽车配件,主板,20160412,,L
603703.SH,盛洋科技,元器件,主板,20150423,,L
603706.SH,东方环宇,供气供热,主板,20180709,,L
603707.SH,健友股份,生物制药,主板,20170719,,L
603708.SH,家家悦,超市连锁,主板,20161213,,L
603709.SH,中源家居,家居用品,主板,20180208,,L
603711.SH,香飘飘,软饮料,主板,20171130,,L
603712.SH,七一二,通信设备,主板,20180226,,L
603713.SH,密尔克卫,仓储物流,主板,20180713,,L
603716.SH,塞力医疗,医药商业,主板,20161031,,L
603717.SH,天域生物,农业综合,主板,20170327,,L
603718.SH,*ST海利,农业综合,主板,20150515,,L
603719.SH,良品铺子,食品,主板,20200224,,L
603721.SH,中广天择,影视音像,主板,20170811,,L
603722.SH,阿科力,化工原料,主板,20171025,,L
603725.SH,天安新材,塑料,主板,20170906,,L
603726.SH,朗迪集团,家用电器,主板,20160421,,L
603727.SH,博迈科,石油开采,主板,20161122,,L
603728.SH,鸣志电器,电气设备,主板,20170509,,L
603729.SH,ST龙韵,广告包装,主板,20150324,,L
603730.SH,岱美股份,汽车配件,主板,20170728,,L
603733.SH,仙鹤股份,造纸,主板,20180420,,L
603737.SH,三棵树,染料涂料,主板,20160603,,L
603738.SH,泰晶科技,元器件,主板,20160928,,L
603739.SH,蔚蓝生物,农业综合,主板,20190116,,L
603755.SH,日辰股份,食品,主板,20190828,,L
603757.SH,大元泵业,机械基件,主板,20170711,,L
603758.SH,秦安股份,汽车配件,主板,20170517,,L
603759.SH,海天股份,水务,主板,20210326,,L
603766.SH,隆鑫通用,摩托车,主板,20120810,,L
603767.SH,中马传动,汽车配件,主板,20170613,,L
603768.SH,常青股份,汽车配件,主板,20170324,,L
603773.SH,沃格光电,元器件,主板,20180417,,L
603776.SH,永安行,公共交通,主板,20170817,,L
603777.SH,来伊份,食品,主板,20161012,,L
603778.SH,国晟科技,电气设备,主板,20151231,,L
603779.SH,威龙股份,红黄酒,主板,20160516,,L
603786.SH,科博达,汽车配件,主板,20191015,,L
603787.SH,新日股份,摩托车,主板,20170427,,L
603788.SH,宁波高发,汽车配件,主板,20150120,,L
603789.SH,ST星农,农用机械,主板,20150427,,L
603790.SH,雅运股份,染料涂料,主板,20180912,,L
603797.SH,联泰环保,环境保护,主板,20170413,,L
603798.SH,康普顿,石油加工,主板,20160406,,L
603799.SH,华友钴业,小金属,主板,20150129,,L
603800.SH,洪田股份,专用机械,主板,20151210,,L
603801.SH,志邦家居,家居用品,主板,20170630,,L
603803.SH,瑞斯康达,通信设备,主板,20170420,,L
603806.SH,福斯特,塑料,主板,20140905,,L
603808.SH,歌力思,服饰,主板,20150422,,L
603809.SH,豪能股份,汽车配件,主板,20171128,,L
603810.SH,丰山集团,农药化肥,主板,20180917,,L
603811.SH,诚意药业,化学制药,主板,20170315,,L
603813.SH,原尚股份,公路,主板,20170918,,L
603815.SH,交建股份,建筑工程,主板,20191021,,L
603816.SH,顾家家居,家居用品,主板,20161014,,L
603817.SH,海峡环保,环境保护,主板,20170220,,L
603818.SH,曲美家居,家居用品,主板,20150422,,L
603819.SH,神力股份,电气设备,主板,20161125,,L
603822.SH,ST嘉澳,化工原料,主板,20160428,,L
603823.SH,百合花,染料涂料,主板,20161220,,L
603825.SH,ST华扬,互联网,主板,20170802,,L
603826.SH,坤彩科技,染料涂料,主板,20170414,,L
603828.SH,*ST利达,装修装饰,主板,20150226,,L
603829.SH,洛凯股份,电气设备,主板,20171017,,L
603833.SH,欧派家居,家居用品,主板,20170328,,L
603836.SH,海程邦达,仓储物流,主板,20210526,,L
603838.SH,*ST四通,家居用品,主板,20150701,,L
603839.SH,安正时尚,服饰,主板,20170214,,L
603843.SH,*ST正平,建筑工程,主板,20160905,,L
603848.SH,好太太,家居用品,主板,20171201,,L
603855.SH,华荣股份,专用机械,主板,20170524,,L
603856.SH,东宏股份,塑料,主板,20171106,,L
603858.SH,步长制药,中成药,主板,20161118,,L
603859.SH,能科科技,软件服务,主板,20161021,,L
603860.SH,中公高科,建筑工程,主板,20170802,,L
603861.SH,白云电器,电气设备,主板,20160322,,L
603863.SH,松炀资源,造纸,主板,20190621,,L
603866.SH,桃李面包,食品,主板,20151222,,L
603867.SH,新化股份,化工原料,主板,20190627,,L
603868.SH,飞科电器,家用电器,主板,20160418,,L
603869.SH,ST智知,软件服务,主板,20150326,,L
603871.SH,嘉友国际,仓储物流,主板,20180206,,L
603876.SH,鼎胜新材,铝,主板,20180418,,L
603877.SH,太平鸟,服饰,主板,20170109,,L
603878.SH,武进不锈,钢加工,主板,20161219,,L
603879.SH,永悦科技,化工原料,主板,20170614,,L
603880.SH,南卫股份,医疗保健,主板,20170807,,L
603881.SH,数据港,软件服务,主板,20170208,,L
603882.SH,金域医学,医疗保健,主板,20170908,,L
603883.SH,老百姓,医药商业,主板,20150423,,L
603885.SH,吉祥航空,空运,主板,20150527,,L
603886.SH,元祖股份,食品,主板,20161228,,L
603887.SH,城地香江,软件服务,主板,20161010,,L
603888.SH,新华网,互联网,主板,20161028,,L
603889.SH,新澳股份,纺织,主板,20141231,,L
603890.SH,春秋电子,元器件,主板,20171212,,L
603893.SH,瑞芯微,半导体,主板,20200207,,L
603895.SH,天永智能,专用机械,主板,20180122,,L
603896.SH,寿仙谷,中成药,主板,20170510,,L
603897.SH,长城科技,电气设备,主板,20180410,,L
603898.SH,好莱客,家居用品,主板,20150217,,L
603899.SH,晨光股份,文教休闲,主板,20150127,,L
603900.SH,莱绅通灵,服饰,主板,20161123,,L
603901.SH,永创智能,专用机械,主板,20150529,,L
603903.SH,中持股份,环境保护,主板,20170314,,L
603906.SH,龙蟠科技,电气设备,主板,20170410,,L
603908.SH,牧高笛,纺织,主板,20170307,,L
603909.SH,建发合诚,建筑工程,主板,20160628,,L
603912.SH,佳力图,专用机械,主板,20171101,,L
603915.SH,国茂股份,机械基件,主板,20190614,,L
603916.SH,苏博特,化工原料,主板,20171110,,L
603917.SH,合力科技,汽车配件,主板,20171204,,L
603918.SH,金桥信息,软件服务,主板,20150528,,L
603919.SH,金徽酒,白酒,主板,20160310,,L
603920.SH,世运电路,元器件,主板,20170426,,L
603922.SH,ST金鸿顺,汽车配件,主板,20171023,,L
603926.SH,铁流股份,汽车配件,主板,20170510,,L
603927.SH,中科软,软件服务,主板,20190909,,L
603928.SH,兴业股份,化工原料,主板,20161212,,L
603929.SH,亚翔集成,装修装饰,主板,20161230,,L
603931.SH,格林达,化工原料,主板,20200819,,L
603933.SH,睿能科技,元器件,主板,20170706,,L
603936.SH,博敏电子,元器件,主板,20151209,,L
603937.SH,丽岛新材,铝,主板,20171102,,L
603938.SH,三孚股份,化工原料,主板,20170628,,L
603939.SH,益丰药房,医药商业,主板,20150217,,L
603948.SH,建业股份,化工原料,主板,20200302,,L
603949.SH,雪龙集团,汽车配件,主板,20200310,,L
603950.SH,长源东谷,汽车配件,主板,20200526,,L
603955.SH,大千生态,建筑工程,主板,20170310,,L
603956.SH,威派格,专用机械,主板,20190222,,L
603958.SH,哈森股份,服饰,主板,20160629,,L
603959.SH,ST百利,建筑工程,主板,20160517,,L
603960.SH,克来机电,汽车配件,主板,20170314,,L
603963.SH,*ST大药(退),,主板,20170922,20250321,D
603966.SH,法兰泰克,专用机械,主板,20170125,,L
603967.SH,中创物流,仓储物流,主板,20190429,,L
603968.SH,醋化股份,化工原料,主板,20150518,,L
603969.SH,银龙股份,其他建材,主板,20150227,,L
603970.SH,中农立华,农药化肥,主板,20171116,,L
603976.SH,正川股份,医疗保健,主板,20170822,,L
603977.SH,国泰集团,化工原料,主板,20161111,,L
603978.SH,深圳新星,小金属,主板,20170807,,L
603979.SH,金诚信,铜,主板,20150630,,L
603980.SH,吉华集团,染料涂料,主板,20170615,,L
603982.SH,泉峰汽车,汽车配件,主板,20190522,,L
603983.SH,丸美生物,日用化工,主板,20190725,,L
603985.SH,恒润股份,电气设备,主板,20170505,,L
603986.SH,兆易创新,半导体,主板,20160818,,L
603987.SH,康德莱,医疗保健,主板,20161121,,L
603988.SH,中电电机,电气设备,主板,20141104,,L
603989.SH,艾华集团,元器件,主板,20150515,,L
603990.SH,麦迪科技,软件服务,主板,20161208,,L
603991.SH,领先股份,半导体,主板,20170308,,L
603992.SH,松霖科技,家居用品,主板,20190826,,L
603993.SH,洛阳钼业,小金属,主板,20121009,,L
603995.SH,甬金股份,特种钢,主板,20191224,,L
603996.SH,退中新(退),,主板,20151222,20220524,D
603997.SH,继峰股份,汽车配件,主板,20150302,,L
603998.SH,方盛制药,中成药,主板,20141205,,L
603999.SH,读者传媒,出版业,主板,20151210,,L
605001.SH,威奥股份,运输设备,主板,20200522,,L
605003.SH,众望布艺,纺织,主板,20200908,,L
605005.SH,合兴股份,汽车配件,主板,20210119,,L
605006.SH,山东玻纤,玻璃,主板,20200903,,L
605007.SH,五洲特纸,造纸,主板,20201110,,L
605008.SH,长鸿高科,橡胶,主板,20200821,,L
605009.SH,豪悦护理,造纸,主板,20200911,,L
605011.SH,杭州热电,供气供热,主板,20210630,,L
605016.SH,百龙创园,食品,主板,20210421,,L
605018.SH,长华集团,汽车配件,主板,20200929,,L
605020.SH,永和股份,化工原料,主板,20210709,,L
605028.SH,世茂能源,供气供热,主板,20210712,,L
605033.SH,美邦股份,农药化肥,主板,20210916,,L
605050.SH,福然德,仓储物流,主板,20200924,,L
605055.SH,迎丰股份,纺织,主板,20210129,,L
605056.SH,咸亨国际,电器仪表,主板,20210720,,L
605058.SH,澳弘电子,元器件,主板,20201021,,L
605060.SH,联德股份,机械基件,主板,20210301,,L
605066.SH,天正电气,电气设备,主板,20200807,,L
605068.SH,明新旭腾,汽车配件,主板,20201123,,L
605069.SH,正和生态,环境保护,主板,20210816,,L
605077.SH,华康股份,食品,主板,20210209,,L
605080.SH,浙江自然,文教休闲,主板,20210506,,L
605081.SH,退市太和,,主板,20210209,,L
605086.SH,龙高股份,矿物制品,主板,20210416,,L
605088.SH,冠盛股份,汽车配件,主板,20200817,,L
605089.SH,味知香,食品,主板,20210427,,L
605090.SH,九丰能源,供气供热,主板,20210525,,L
605098.SH,行动教育,文教休闲,主板,20210421,,L
605099.SH,共创草坪,文教休闲,主板,20200930,,L
605100.SH,华丰股份,机械基件,主板,20200811,,L
605108.SH,同庆楼,酒店餐饮,主板,20200716,,L
605111.SH,新洁能,半导体,主板,20200928,,L
605116.SH,奥锐特,化学制药,主板,20200921,,L
605117.SH,德业股份,电气设备,主板,20210420,,L
605118.SH,力鼎光电,元器件,主板,20200730,,L
605122.SH,四方新材,水泥,主板,20210310,,L
605123.SH,派克新材,航空,主板,20200825,,L
605128.SH,上海沿浦,汽车配件,主板,20200915,,L
605133.SH,嵘泰股份,汽车配件,主板,20210224,,L
605136.SH,丽人丽妆,其他商业,主板,20200929,,L
605138.SH,盛泰集团,服饰,主板,20211027,,L
605151.SH,西上海,汽车配件,主板,20201215,,L
605155.SH,西大门,家居用品,主板,20201231,,L
605158.SH,华达新材,钢加工,主板,20200805,,L
605162.SH,新中港,供气供热,主板,20210707,,L
605166.SH,聚合顺,化纤,主板,20200618,,L
605167.SH,利柏特,建筑工程,主板,20210726,,L
605168.SH,三人行,互联网,主板,20200528,,L
605169.SH,洪通燃气,供气供热,主板,20201030,,L
605177.SH,东亚药业,化学制药,主板,20201125,,L
605178.SH,时空科技,装修装饰,主板,20200821,,L
605179.SH,一鸣食品,乳制品,主板,20201228,,L
605180.SH,华生科技,纺织,主板,20210430,,L
605183.SH,确成股份,化工原料,主板,20201207,,L
605186.SH,健麾信息,专用机械,主板,20201222,,L
605188.SH,国光连锁,超市连锁,主板,20200728,,L
605189.SH,富春染织,纺织,主板,20210528,,L
605196.SH,华通线缆,电气设备,主板,20210511,,L
605198.SH,安德利,软饮料,主板,20200918,,L
605199.SH,ST葫芦娃,中成药,主板,20200710,,L
605208.SH,永茂泰,铝,主板,20210308,,L
605218.SH,伟时电子,元器件,主板,20200928,,L
605222.SH,起帆电缆,电气设备,主板,20200731,,L
605228.SH,神通科技,汽车配件,主板,20210120,,L
605255.SH,天普股份,汽车配件,主板,20200825,,L
605258.SH,协和电子,元器件,主板,20201203,,L
605259.SH,绿田机械,农用机械,主板,20210615,,L
605266.SH,健之佳,医药商业,主板,20201201,,L
605268.SH,王力安防,家居用品,主板,20210224,,L
605277.SH,新亚电子,元器件,主板,20210106,,L
605286.SH,同力天启,运输设备,主板,20210322,,L
605287.SH,德才股份,装修装饰,主板,20210706,,L
605288.SH,凯迪股份,电气设备,主板,20200601,,L
605289.SH,罗曼股份,建筑工程,主板,20210426,,L
605296.SH,神农集团,农业综合,主板,20210528,,L
605298.SH,必得科技,运输设备,主板,20210301,,L
605299.SH,舒华体育,文教休闲,主板,20201215,,L
605300.SH,佳禾食品,乳制品,主板,20210430,,L
605303.SH,园林股份,建筑工程,主板,20210301,,L
605305.SH,中际联合,工程机械,主板,20210506,,L
605318.SH,法狮龙,其他建材,主板,20200803,,L
605319.SH,无锡振华,汽车配件,主板,20210607,,L
605333.SH,沪光股份,汽车配件,主板,20200818,,L
605336.SH,*ST帅电,家用电器,主板,20201019,,L
605337.SH,李子园,乳制品,主板,20210208,,L
605338.SH,巴比食品,食品,主板,20201012,,L
605339.SH,南侨食品,食品,主板,20210518,,L
605358.SH,立昂微,半导体,主板,20200911,,L
605365.SH,立达信,家用电器,主板,20210720,,L
605366.SH,宏柏新材,化工原料,主板,20200812,,L
605368.SH,蓝天燃气,供气供热,主板,20210129,,L
605369.SH,拱东医疗,医疗保健,主板,20200916,,L
605376.SH,博迁新材,小金属,主板,20201208,,L
605377.SH,华旺科技,造纸,主板,20201228,,L
605378.SH,野马电池,电气设备,主板,20210412,,L
605388.SH,均瑶健康,乳制品,主板,20200818,,L
605389.SH,长龄液压,机械基件,主板,20210322,,L
605398.SH,新炬网络,软件服务,主板,20210121,,L
605399.SH,晨光新材,化工原料,主板,20200804,,L
605488.SH,福莱新材,塑料,主板,20210513,,L
605499.SH,东鹏饮料,软饮料,主板,20210527,,L
605500.SH,森林包装,造纸,主板,20201222,,L
605507.SH,国邦医药,化学制药,主板,20210802,,L
605555.SH,德昌股份,家用电器,主板,20211021,,L
605566.SH,福莱蒽特,染料涂料,主板,20211025,,L
605567.SH,春雪食品,食品,主板,20211013,,L
605577.SH,龙版传媒,出版业,主板,20210824,,L
605580.SH,恒盛能源,供气供热,主板,20210819,,L
605588.SH,冠石科技,元器件,主板,20210812,,L
605589.SH,圣泉集团,化工原料,主板,20210810,,L
605598.SH,上海港湾,建筑工程,主板,20210917,,L
605599.SH,菜百股份,服饰,主板,20210909,,L
688001.SH,华兴源创,专用机械,科创板,20190722,,L
688002.SH,睿创微纳,通信设备,科创板,20190722,,L
688003.SH,天准科技,专用机械,科创板,20190722,,L
688004.SH,博汇科技,软件服务,科创板,20200612,,L
688005.SH,容百科技,电气设备,科创板,20190722,,L
688006.SH,杭可科技,电气设备,科创板,20190722,,L
688007.SH,光峰科技,元器件,科创板,20190722,,L
688008.SH,澜起科技,半导体,科创板,20190722,,L
688009.SH,中国通号,运输设备,科创板,20190722,,L
688010.SH,福光股份,元器件,科创板,20190722,,L
688011.SH,新光光电,元器件,科创板,20190722,,L
688012.SH,中微公司,半导体,科创板,20190722,,L
688013.SH,天臣医疗,医疗保健,科创板,20200928,,L
688015.SH,交控科技,运输设备,科创板,20190722,,L
688016.SH,心脉医疗,医疗保健,科创板,20190722,,L
688017.SH,绿的谐波,机械基件,科创板,20200828,,L
688018.SH,乐鑫科技,半导体,科创板,20190722,,L
688019.SH,安集科技,半导体,科创板,20190722,,L
688020.SH,方邦股份,元器件,科创板,20190722,,L
688021.SH,奥福科技,汽车配件,科创板,20191106,,L
688022.SH,ST瀚川,专用机械,科创板,20190722,,L
688023.SH,安恒信息,软件服务,科创板,20191105,,L
688025.SH,杰普特,专用机械,科创板,20191031,,L
688026.SH,洁特生物,医疗保健,科创板,20200122,,L
688027.SH,国盾量子,通信设备,科创板,20200709,,L
688028.SH,沃尔德,机械基件,科创板,20190722,,L
688029.SH,南微医学,医疗保健,科创板,20190722,,L
688030.SH,山石网科,软件服务,科创板,20190930,,L
688031.SH,星环科技,软件服务,科创板,20221018,,L
688032.SH,禾迈股份,电气设备,科创板,20211220,,L
688033.SH,*ST天宜,电气设备,科创板,20190722,,L
688035.SH,德邦科技,半导体,科创板,20220919,,L
688036.SH,传音控股,通信设备,科创板,20190930,,L
688037.SH,芯源微,半导体,科创板,20191216,,L
688038.SH,中科通达,软件服务,科创板,20210713,,L
688039.SH,当虹科技,软件服务,科创板,20191211,,L
688041.SH,海光信息,半导体,科创板,20220812,,L
688045.SH,必易微,半导体,科创板,20220526,,L
688046.SH,药康生物,生物制药,科创板,20220425,,L
688047.SH,龙芯中科,半导体,科创板,20220624,,L
688048.SH,长光华芯,半导体,科创板,20220401,,L
688049.SH,炬芯科技,半导体,科创板,20211129,,L
688050.SH,爱博医疗,医疗保健,科创板,20200729,,L
688051.SH,佳华科技,软件服务,科创板,20200320,,L
688052.SH,纳芯微,半导体,科创板,20220422,,L
688053.SH,ST思科瑞,元器件,科创板,20220708,,L
688055.SH,龙腾光电,元器件,科创板,20200817,,L
688056.SH,莱伯泰科,电器仪表,科创板,20200902,,L
688057.SH,金达莱,环境保护,科创板,20201111,,L
688058.SH,宝兰德,软件服务,科创板,20191101,,L
688059.SH,华锐精密,机械基件,科创板,20210208,,L
688060.SH,云涌科技,IT设备,科创板,20200710,,L
688061.SH,灿瑞科技,半导体,科创板,20221018,,L
688062.SH,迈威生物,生物制药,科创板,20220118,,L
688063.SH,派能科技,电气设备,科创板,20201230,,L
688065.SH,凯赛生物,化工原料,科创板,20200812,,L
688066.SH,*ST航图,软件服务,科创板,20190722,,L
688067.SH,爱威科技,医疗保健,科创板,20210616,,L
688068.SH,热景生物,医疗保健,科创板,20190930,,L
688069.SH,德林海,环境保护,科创板,20200722,,L
688070.SH,纵横股份,航空,科创板,20210210,,L
688071.SH,华依科技,专用机械,科创板,20210729,,L
688072.SH,拓荆科技,半导体,科创板,20220420,,L
688073.SH,毕得医药,化学制药,科创板,20221011,,L
688075.SH,安旭生物,医疗保健,科创板,20211118,,L
688076.SH,ST诺泰,生物制药,科创板,20210520,,L
688077.SH,大地熊,矿物制品,科创板,20200722,,L
688078.SH,龙软科技,软件服务,科创板,20191230,,L
688079.SH,美迪凯,元器件,科创板,20210302,,L
688080.SH,映翰通,通信设备,科创板,20200212,,L
688081.SH,兴图新科,软件服务,科创板,20200106,,L
688082.SH,盛美上海,半导体,科创板,20211118,,L
688083.SH,中望软件,软件服务,科创板,20210311,,L
688084.SH,晶品特装,专用机械,科创板,20221208,,L
688085.SH,三友医疗,医疗保健,科创板,20200409,,L
688086.SH,退紫晶(退),,科创板,20200226,20230707,D
688087.SH,英科再生,环境保护,科创板,20210709,,L
688088.SH,虹软科技,软件服务,科创板,20190722,,L
688089.SH,嘉必优,食品,科创板,20191219,,L
688090.SH,瑞松科技,专用机械,科创板,20200217,,L
688091.SH,上海谊众,化学制药,科创板,20210909,,L
688092.SH,爱科科技,专用机械,科创板,20210319,,L
688093.SH,世华科技,化工原料,科创板,20200930,,L
688095.SH,福昕软件,软件服务,科创板,20200908,,L
688096.SH,京源环保,环境保护,科创板,20200409,,L
688097.SH,博众精工,专用机械,科创板,20210512,,L
688098.SH,申联生物,农业综合,科创板,20191028,,L
688099.SH,晶晨股份,半导体,科创板,20190808,,L
688100.SH,威胜信息,通信设备,科创板,20200121,,L
688101.SH,三达膜,环境保护,科创板,20191115,,L
688102.SH,斯瑞新材,铜,科创板,20220316,,L
688103.SH,国力电子,元器件,科创板,20210910,,L
688105.SH,诺唯赞,生物制药,科创板,20211115,,L
688106.SH,金宏气体,化工原料,科创板,20200616,,L
688107.SH,安路科技,半导体,科创板,20211112,,L
688108.SH,赛诺医疗,医疗保健,科创板,20191030,,L
688109.SH,品茗科技,软件服务,科创板,20210330,,L
688110.SH,东芯股份,半导体,科创板,20211210,,L
688111.SH,金山办公,软件服务,科创板,20191118,,L
688112.SH,鼎阳科技,电器仪表,科创板,20211201,,L
688113.SH,联测科技,专用机械,科创板,20210506,,L
688114.SH,华大智造,医疗保健,科创板,20220909,,L
688115.SH,思林杰,电器仪表,科创板,20220314,,L
688116.SH,天奈科技,化工原料,科创板,20190925,,L
688117.SH,圣诺生物,生物制药,科创板,20210603,,L
688118.SH,普元信息,软件服务,科创板,20191204,,L
688119.SH,中钢洛耐,其他建材,科创板,20220606,,L
688120.SH,华海清科,半导体,科创板,20220608,,L
688121.SH,卓然股份,专用机械,科创板,20210906,,L
688122.SH,西部超导,小金属,科创板,20190722,,L
688123.SH,聚辰股份,半导体,科创板,20191223,,L
688125.SH,安达智能,专用机械,科创板,20220415,,L
688126.SH,沪硅产业,半导体,科创板,20200420,,L
688127.SH,蓝特光学,元器件,科创板,20200921,,L
688128.SH,中国电研,专用机械,科创板,20191105,,L
688129.SH,东来技术,染料涂料,科创板,20201023,,L
688130.SH,晶华微,半导体,科创板,20220729,,L
688131.SH,皓元医药,化学制药,科创板,20210608,,L
688132.SH,邦彦技术,通信设备,科创板,20220923,,L
688133.SH,泰坦科技,化工原料,科创板,20201030,,L
688135.SH,利扬芯片,半导体,科创板,20201111,,L
688136.SH,科兴制药,生物制药,科创板,20201214,,L
688137.SH,近岸蛋白,生物制药,科创板,20220929,,L
688138.SH,清溢光电,半导体,科创板,20191120,,L
688139.SH,海尔生物,医疗保健,科创板,20191025,,L
688141.SH,杰华特,半导体,科创板,20221223,,L
688143.SH,长盈通,通信设备,科创板,20221212,,L
688146.SH,中船特气,半导体,科创板,20230421,,L
688147.SH,微导纳米,专用机械,科创板,20221223,,L
688148.SH,芳源股份,电气设备,科创板,20210806,,L
688150.SH,莱特光电,元器件,科创板,20220318,,L
688151.SH,华强科技,医疗保健,科创板,20211206,,L
688152.SH,麒麟信安,软件服务,科创板,20221028,,L
688153.SH,唯捷创芯,半导体,科创板,20220412,,L
688155.SH,先惠技术,电气设备,科创板,20200811,,L
688156.SH,路德科技,饲料,科创板,20200922,,L
688157.SH,松井股份,染料涂料,科创板,20200609,,L
688158.SH,优刻得,软件服务,科创板,20200120,,L
688159.SH,有方科技,通信设备,科创板,20200123,,L
688160.SH,步科股份,电器仪表,科创板,20201112,,L
688161.SH,威高骨科,医疗保健,科创板,20210630,,L
688162.SH,巨一科技,专用机械,科创板,20211110,,L
688163.SH,赛伦生物,生物制药,科创板,20220311,,L
688165.SH,埃夫特,专用机械,科创板,20200715,,L
688166.SH,博瑞医药,化学制药,科创板,20191108,,L
688167.SH,炬光科技,元器件,科创板,20211224,,L
688168.SH,安博通,软件服务,科创板,20190906,,L
688169.SH,石头科技,家用电器,科创板,20200221,,L
688170.SH,德龙激光,专用机械,科创板,20220429,,L
688171.SH,纬德信息,软件服务,科创板,20220127,,L
688172.SH,燕东微,半导体,科创板,20221216,,L
688173.SH,希荻微,半导体,科创板,20220121,,L
688175.SH,高凌信息,通信设备,科创板,20220315,,L
688176.SH,亚虹医药,化学制药,科创板,20220107,,L
688177.SH,百奥泰,生物制药,科创板,20200221,,L
688178.SH,万德斯,环境保护,科创板,20200114,,L
688179.SH,阿拉丁,化学制药,科创板,20201026,,L
688180.SH,君实生物,生物制药,科创板,20200715,,L
688181.SH,八亿时空,元器件,科创板,20200106,,L
688182.SH,灿勤科技,通信设备,科创板,20211116,,L
688183.SH,生益电子,元器件,科创板,20210225,,L
688184.SH,ST帕瓦,电气设备,科创板,20220919,,L
688185.SH,康希诺,生物制药,科创板,20200813,,L
688186.SH,广大特材,特种钢,科创板,20200211,,L
688187.SH,时代电气,运输设备,科创板,20210907,,L
688188.SH,柏楚电子,专用机械,科创板,20190808,,L
688189.SH,ST南新,化学制药,科创板,20200326,,L
688190.SH,云路股份,矿物制品,科创板,20211126,,L
688191.SH,智洋创新,软件服务,科创板,20210408,,L
688192.SH,迪哲医药,生物制药,科创板,20211210,,L
688193.SH,仁度生物,医疗保健,科创板,20220330,,L
688195.SH,腾景科技,元器件,科创板,20210326,,L
688196.SH,卓越新能,环境保护,科创板,20191121,,L
688197.SH,首药控股,化学制药,科创板,20220323,,L
688198.SH,佰仁医疗,医疗保健,科创板,20191209,,L
688199.SH,久日新材,化工原料,科创板,20191105,,L
688200.SH,华峰测控,半导体,科创板,20200218,,L
688201.SH,ST信安,软件服务,科创板,20210421,,L
688202.SH,美迪西,医疗保健,科创板,20191105,,L
688203.SH,海正生材,塑料,科创板,20220816,,L
688205.SH,德科立,通信设备,科创板,20220809,,L
688206.SH,概伦电子,半导体,科创板,20211228,,L
688207.SH,格灵深瞳,软件服务,科创板,20220317,,L
688208.SH,道通科技,IT设备,科创板,20200213,,L
688209.SH,英集芯,半导体,科创板,20220419,,L
688210.SH,统联精密,元器件,科创板,20211227,,L
688211.SH,中科微至,专用机械,科创板,20211026,,L
688212.SH,澳华内镜,医疗保健,科创板,20211115,,L
688213.SH,思特威,半导体,科创板,20220520,,L
688215.SH,瑞晟智能,专用机械,科创板,20200828,,L
688216.SH,气派科技,半导体,科创板,20210623,,L
688217.SH,睿昂基因,医疗保健,科创板,20210517,,L
688218.SH,江苏北人,专用机械,科创板,20191211,,L
688219.SH,会通股份,塑料,科创板,20201118,,L
688220.SH,翱捷科技,半导体,科创板,20220114,,L
688221.SH,前沿生物,生物制药,科创板,20201028,,L
688222.SH,成都先导,化学制药,科创板,20200416,,L
688223.SH,晶科能源,电气设备,科创板,20220126,,L
688225.SH,亚信安全,软件服务,科创板,20220209,,L
688226.SH,威腾电气,电气设备,科创板,20210707,,L
688227.SH,品高股份,软件服务,科创板,20211230,,L
688228.SH,开普云,软件服务,科创板,20200327,,L
688229.SH,博睿数据,软件服务,科创板,20200817,,L
688230.SH,芯导科技,半导体,科创板,20211201,,L
688231.SH,隆达股份,航空,科创板,20220722,,L
688232.SH,新点软件,软件服务,科创板,20211117,,L
688233.SH,神工股份,半导体,科创板,20200221,,L
688234.SH,天岳先进,半导体,科创板,20220112,,L
688235.SH,百济神州,生物制药,科创板,20211215,,L
688236.SH,春立医疗,医疗保健,科创板,20211230,,L
688237.SH,超卓航科,航空,科创板,20220701,,L
688238.SH,和元生物,医疗保健,科创板,20220322,,L
688239.SH,航宇科技,航空,科创板,20210705,,L
688244.SH,永信至诚,软件服务,科创板,20221019,,L
688246.SH,嘉和美康,软件服务,科创板,20211214,,L
688247.SH,宣泰医药,化学制药,科创板,20220825,,L
688248.SH,南网科技,电气设备,科创板,20211222,,L
688249.SH,晶合集成,半导体,科创板,20230505,,L
688251.SH,井松智能,专用机械,科创板,20220606,,L
688252.SH,天德钰,半导体,科创板,20220927,,L
688253.SH,英诺特,医疗保健,科创板,20220728,,L
688255.SH,凯尔达,机械基件,科创板,20211025,,L
688256.SH,寒武纪,半导体,科创板,20200720,,L
688257.SH,新锐股份,机械基件,科创板,20211027,,L
688258.SH,卓易信息,软件服务,科创板,20191209,,L
688259.SH,创耀科技,半导体,科创板,20220112,,L
688260.SH,昀冢科技,元器件,科创板,20210406,,L
688261.SH,东微半导,半导体,科创板,20220210,,L
688262.SH,国芯科技,半导体,科创板,20220106,,L
688265.SH,南模生物,医疗保健,科创板,20211228,,L
688266.SH,泽璟制药,生物制药,科创板,20200123,,L
688267.SH,中触媒,化工原料,科创板,20220216,,L
688268.SH,华特气体,化工原料,科创板,20191226,,L
688269.SH,凯立新材,化工原料,科创板,20210609,,L
688270.SH,ST臻镭,半导体,科创板,20220127,,L
688271.SH,联影医疗,医疗保健,科创板,20220822,,L
688272.SH,富吉瑞,元器件,科创板,20211018,,L
688273.SH,麦澜德,医疗保健,科创板,20220811,,L
688275.SH,万润新能,电气设备,科创板,20220929,,L
688276.SH,百克生物,生物制药,科创板,20210625,,L
688277.SH,天智航,医疗保健,科创板,20200707,,L
688278.SH,特宝生物,生物制药,科创板,20200117,,L
688279.SH,峰岹科技,半导体,科创板,20220420,,L
688280.SH,精进电动,汽车配件,科创板,20211027,,L
688281.SH,华秦科技,航空,科创板,20220307,,L
688282.SH,理工导航,通信设备,科创板,20220318,,L
688283.SH,坤恒顺维,电器仪表,科创板,20220215,,L
688285.SH,高铁电气,运输设备,科创板,20211020,,L
688286.SH,敏芯股份,半导体,科创板,20200810,,L
688287.SH,退市观典,,科创板,20220525,20260610,D
688288.SH,鸿泉技术,IT设备,科创板,20191106,,L
688289.SH,圣湘生物,医疗保健,科创板,20200828,,L
688290.SH,景业智能,专用机械,科创板,20220429,,L
688291.SH,金橙子,软件服务,科创板,20221026,,L
688292.SH,浩瀚深度,通信设备,科创板,20220818,,L
688293.SH,奥浦迈,生物制药,科创板,20220902,,L
688295.SH,中复神鹰,化纤,科创板,20220406,,L
688296.SH,和达科技,软件服务,科创板,20210727,,L
688297.SH,中无人机,航空,科创板,20220629,,L
688298.SH,东方生物,医疗保健,科创板,20200205,,L
688299.SH,长阳科技,元器件,科创板,20191106,,L
688300.SH,联瑞新材,矿物制品,科创板,20191115,,L
688301.SH,奕瑞科技,医疗保健,科创板,20200918,,L
688302.SH,海创药业,生物制药,科创板,20220412,,L
688303.SH,大全能源,电气设备,科创板,20210722,,L
688305.SH,科德数控,机床制造,科创板,20210709,,L
688306.SH,均普智能,专用机械,科创板,20220322,,L
688307.SH,中润光学,元器件,科创板,20230216,,L
688308.SH,欧科亿,机械基件,科创板,20201210,,L
688309.SH,恒誉环保,环境保护,科创板,20200714,,L
688310.SH,迈得医疗,医疗保健,科创板,20191203,,L
688311.SH,盟升电子,元器件,科创板,20200731,,L
688312.SH,燕麦科技,专用机械,科创板,20200608,,L
688313.SH,仕佳光子,通信设备,科创板,20200812,,L
688314.SH,康拓医疗,医疗保健,科创板,20210518,,L
688315.SH,诺禾致源,医疗保健,科创板,20210413,,L
688316.SH,青云科技,软件服务,科创板,20210316,,L
688317.SH,之江生物,医疗保健,科创板,20210118,,L
688318.SH,财富趋势,软件服务,科创板,20200427,,L
688319.SH,欧林生物,生物制药,科创板,20210608,,L
688320.SH,禾川科技,电器仪表,科创板,20220428,,L
688321.SH,微芯生物,化学制药,科创板,20190812,,L
688322.SH,奥比中光,元器件,科创板,20220707,,L
688323.SH,瑞华泰,塑料,科创板,20210428,,L
688325.SH,赛微微电,半导体,科创板,20220422,,L
688326.SH,经纬恒润,汽车配件,科创板,20220419,,L
688327.SH,云从科技,软件服务,科创板,20220527,,L
688328.SH,深科达,专用机械,科创板,20210309,,L
688329.SH,艾隆科技,专用机械,科创板,20210329,,L
688330.SH,宏力达,电气设备,科创板,20201015,,L
688331.SH,荣昌生物,生物制药,科创板,20220331,,L
688332.SH,中科蓝讯,半导体,科创板,20220715,,L
688333.SH,铂力特,机械基件,科创板,20190722,,L
688334.SH,西高院,电气设备,科创板,20230619,,L
688335.SH,复洁科技,环境保护,科创板,20200817,,L
688336.SH,三生国健,生物制药,科创板,20200722,,L
688337.SH,普源精电,电器仪表,科创板,20220408,,L
688338.SH,赛科希德,医疗保健,科创板,20200806,,L
688339.SH,亿华通,汽车配件,科创板,20200810,,L
688343.SH,云天励飞,软件服务,科创板,20230404,,L
688345.SH,博力威,电气设备,科创板,20210611,,L
688347.SH,华虹宏力,半导体,科创板,20230807,,L
688348.SH,昱能科技,电气设备,科创板,20220608,,L
688349.SH,三一重能,电气设备,科创板,20220622,,L
688350.SH,富淼科技,化工原料,科创板,20210128,,L
688351.SH,微电生理,医疗保健,科创板,20220831,,L
688352.SH,颀中科技,半导体,科创板,20230420,,L
688353.SH,华盛锂电,化工原料,科创板,20220713,,L
688355.SH,明志科技,机械基件,科创板,20210512,,L
688356.SH,键凯科技,化学制药,科创板,20200826,,L
688357.SH,建龙微纳,化工原料,科创板,20191204,,L
688358.SH,祥生医疗,医疗保健,科创板,20191203,,L
688359.SH,三孚新科,化工原料,科创板,20210521,,L
688360.SH,德马科技,机械基件,科创板,20200602,,L
688361.SH,中科飞测,半导体,科创板,20230519,,L
688362.SH,甬矽电子,半导体,科创板,20221116,,L
688363.SH,华熙生物,医疗保健,科创板,20191106,,L
688365.SH,光云科技,软件服务,科创板,20200429,,L
688366.SH,昊海生科,医疗保健,科创板,20191030,,L
688367.SH,工大高科,运输设备,科创板,20210628,,L
688368.SH,晶丰明源,半导体,科创板,20191014,,L
688369.SH,致远互联,软件服务,科创板,20191031,,L
688370.SH,丛麟科技,环境保护,科创板,20220825,,L
688371.SH,菲沃泰,元器件,科创板,20220802,,L
688372.SH,伟测科技,半导体,科创板,20221026,,L
688373.SH,盟科药业,化学制药,科创板,20220805,,L
688375.SH,国博电子,元器件,科创板,20220722,,L
688376.SH,美埃科技,专用机械,科创板,20221118,,L
688377.SH,迪威尔,专用机械,科创板,20200708,,L
688378.SH,奥来德,专用机械,科创板,20200903,,L
688379.SH,华光新材,机械基件,科创板,20200819,,L
688380.SH,中微半导,半导体,科创板,20220805,,L
688381.SH,帝奥微,半导体,科创板,20220823,,L
688382.SH,益方生物,生物制药,科创板,20220725,,L
688383.SH,新益昌,专用机械,科创板,20210428,,L
688385.SH,复旦微电,半导体,科创板,20210804,,L
688386.SH,泛亚微透,化工原料,科创板,20201016,,L
688387.SH,信科移动,通信设备,科创板,20220926,,L
688388.SH,嘉元科技,电气设备,科创板,20190722,,L
688389.SH,普门科技,医疗保健,科创板,20191105,,L
688390.SH,固德威,电气设备,科创板,20200904,,L
688391.SH,钜泉科技,半导体,科创板,20220913,,L
688392.SH,骄成超声,专用机械,科创板,20220927,,L
688393.SH,安必平,医疗保健,科创板,20200820,,L
688395.SH,正弦电气,机械基件,科创板,20210429,,L
688396.SH,华润微,半导体,科创板,20200227,,L
688398.SH,赛特新材,矿物制品,科创板,20200211,,L
688399.SH,硕世生物,医疗保健,科创板,20191205,,L
688400.SH,凌云光,专用机械,科创板,20220706,,L
688401.SH,路维光电,半导体,科创板,20220817,,L
688403.SH,汇成股份,半导体,科创板,20220818,,L
688408.SH,中信博,电气设备,科创板,20200828,,L
688409.SH,富创精密,半导体,科创板,20221010,,L
688410.SH,山外山,医疗保健,科创板,20221226,,L
688411.SH,海博思创,电气设备,科创板,20250127,,L
688416.SH,恒烁股份,半导体,科创板,20220829,,L
688418.SH,震有科技,通信设备,科创板,20200722,,L
688419.SH,耐科装备,半导体,科创板,20221107,,L
688420.SH,美腾科技,专用机械,科创板,20221209,,L
688425.SH,铁建重工,工程机械,科创板,20210622,,L
688426.SH,康为世纪,生物制药,科创板,20221025,,L
688428.SH,诺诚健华,生物制药,科创板,20220921,,L
688429.SH,时创能源,电气设备,科创板,20230629,,L
688432.SH,有研硅,半导体,科创板,20221110,,L
688433.SH,华曙高科,专用机械,科创板,20230417,,L
688435.SH,英方软件,软件服务,科创板,20230119,,L
688439.SH,振华风光,元器件,科创板,20220826,,L
688443.SH,智翔金泰,生物制药,科创板,20230620,,L
688448.SH,磁谷科技,专用机械,科创板,20220921,,L
688449.SH,联芸科技,半导体,科创板,20241129,,L
688450.SH,光格科技,电器仪表,科创板,20230724,,L
688455.SH,科捷智能,机械基件,科创板,20220915,,L
688456.SH,有研粉材,铜,科创板,20210317,,L
688458.SH,美芯晟,半导体,科创板,20230522,,L
688459.SH,哈铁科技,运输设备,科创板,20221012,,L
688466.SH,金科环境,环境保护,科创板,20200508,,L
688468.SH,科美诊断,医疗保健,科创板,20210409,,L
688469.SH,芯联集成,半导体,科创板,20230510,,L
688472.SH,阿特斯,电气设备,科创板,20230609,,L
688475.SH,萤石网络,IT设备,科创板,20221228,,L
688478.SH,晶升股份,半导体,科创板,20230424,,L
688479.SH,友车科技,软件服务,科创板,20230511,,L
688480.SH,赛恩斯,环境保护,科创板,20221125,,L
688484.SH,南芯科技,半导体,科创板,20230407,,L
688485.SH,九州一轨,运输设备,科创板,20230118,,L
688486.SH,龙迅股份,半导体,科创板,20230221,,L
688488.SH,艾迪药业,生物制药,科创板,20200720,,L
688489.SH,三未信安,IT设备,科创板,20221202,,L
688496.SH,*ST清越,元器件,科创板,20221228,,L
688498.SH,源杰科技,半导体,科创板,20221221,,L
688499.SH,利元亨,专用机械,科创板,20210701,,L
688500.SH,慧辰股份,互联网,科创板,20200716,,L
688501.SH,青达环保,环境保护,科创板,20210716,,L
688502.SH,茂莱光学,元器件,科创板,20230309,,L
688503.SH,聚和材料,电气设备,科创板,20221209,,L
688505.SH,复旦张江,化学制药,科创板,20200619,,L
688506.SH,百利天恒,化学制药,科创板,20230106,,L
688507.SH,索辰科技,软件服务,科创板,20230418,,L
688508.SH,芯朋微,半导体,科创板,20200722,,L
688509.SH,正元地信,软件服务,科创板,20210730,,L
688510.SH,航亚科技,航空,科创板,20201216,,L
688511.SH,天微电子,元器件,科创板,20210730,,L
688512.SH,慧智微,半导体,科创板,20230516,,L
688513.SH,苑东生物,化学制药,科创板,20200902,,L
688515.SH,裕太微,半导体,科创板,20230210,,L
688516.SH,奥特维,专用机械,科创板,20200521,,L
688517.SH,金冠电气,电气设备,科创板,20210618,,L
688518.SH,联赢激光,专用机械,科创板,20200622,,L
688519.SH,南亚新材,元器件,科创板,20200818,,L
688520.SH,神州细胞,生物制药,科创板,20200622,,L
688521.SH,芯原股份,半导体,科创板,20200818,,L
688522.SH,纳睿雷达,通信设备,科创板,20230301,,L
688523.SH,航天环宇,航空,科创板,20230602,,L
688525.SH,佰维存储,半导体,科创板,20221230,,L
688526.SH,科前生物,农业综合,科创板,20200922,,L
688528.SH,秦川物联,电器仪表,科创板,20200701,,L
688529.SH,豪森智能,专用机械,科创板,20201109,,L
688530.SH,欧莱新材,半导体,科创板,20240509,,L
688531.SH,日联科技,专用机械,科创板,20230331,,L
688533.SH,上声电子,汽车配件,科创板,20210419,,L
688535.SH,华海诚科,半导体,科创板,20230404,,L
688536.SH,思瑞浦,半导体,科创板,20200921,,L
688538.SH,和辉光电,半导体,科创板,20210528,,L
688539.SH,高华科技,电器仪表,科创板,20230418,,L
688543.SH,国科军工,专用机械,科创板,20230621,,L
688545.SH,兴福电子,元器件,科创板,20250122,,L
688548.SH,广钢气体,化工原料,科创板,20230815,,L
688549.SH,中巨芯,元器件,科创板,20230908,,L
688550.SH,瑞联新材,化工原料,科创板,20200902,,L
688551.SH,科威尔,专用机械,科创板,20200910,,L
688552.SH,航天南湖,通信设备,科创板,20230518,,L
688553.SH,汇宇制药,化学制药,科创板,20211026,,L
688555.SH,退泽达(退),,科创板,20200623,20230707,D
688556.SH,高测股份,专用机械,科创板,20200807,,L
688557.SH,兰剑智能,专用机械,科创板,20201202,,L
688558.SH,国盛智科,机床制造,科创板,20200630,,L
688559.SH,海目星,专用机械,科创板,20200909,,L
688560.SH,明冠新材,电气设备,科创板,20201224,,L
688561.SH,奇安信,软件服务,科创板,20200722,,L
688562.SH,航天软件,软件服务,科创板,20230524,,L
688563.SH,航材股份,航空,科创板,20230719,,L
688565.SH,力源科技,环境保护,科创板,20210513,,L
688566.SH,吉贝尔,化学制药,科创板,20200518,,L
688567.SH,孚能科技,电气设备,科创板,20200717,,L
688568.SH,中科星图,软件服务,科创板,20200708,,L
688569.SH,铁科轨道,运输设备,科创板,20200831,,L
688570.SH,天玛智控,专用机械,科创板,20230605,,L
688571.SH,杭华股份,染料涂料,科创板,20201211,,L
688573.SH,信宇人,专用机械,科创板,20230817,,L
688575.SH,亚辉龙,医疗保健,科创板,20210517,,L
688576.SH,西山科技,医疗保健,科创板,20230606,,L
688577.SH,浙海德曼,机床制造,科创板,20200916,,L
688578.SH,艾力斯,化学制药,科创板,20201202,,L
688579.SH,地纬智能,软件服务,科创板,20200717,,L
688580.SH,伟思医疗,医疗保健,科创板,20200721,,L
688581.SH,安杰思,医疗保健,科创板,20230519,,L
688582.SH,芯动联科,元器件,科创板,20230630,,L
688583.SH,思看科技,电器仪表,科创板,20250115,,L
688584.SH,上海合晶,半导体,科创板,20240208,,L
688585.SH,上纬新材,化工原料,科创板,20200928,,L
688586.SH,江航装备,航空,科创板,20200731,,L
688588.SH,凌志软件,软件服务,科创板,20200511,,L
688589.SH,力合微,半导体,科创板,20200722,,L
688590.SH,新致软件,软件服务,科创板,20201207,,L
688591.SH,泰凌微,半导体,科创板,20230825,,L
688592.SH,司南导航,通信设备,科创板,20230816,,L
688593.SH,新相微,半导体,科创板,20230601,,L
688595.SH,芯海科技,半导体,科创板,20200928,,L
688596.SH,正帆科技,专用机械,科创板,20200820,,L
688597.SH,煜邦电力,电器仪表,科创板,20210617,,L
688598.SH,金博股份,矿物制品,科创板,20200518,,L
688599.SH,天合光能,电气设备,科创板,20200610,,L
688600.SH,皖仪科技,电器仪表,科创板,20200703,,L
688601.SH,力芯微,半导体,科创板,20210628,,L
688602.SH,康鹏科技,化工原料,科创板,20230720,,L
688603.SH,天承科技,化工原料,科创板,20230710,,L
688605.SH,先锋精科,半导体,科创板,20241212,,L
688606.SH,奥泰生物,医疗保健,科创板,20210325,,L
688607.SH,康众医疗,医疗保健,科创板,20210201,,L
688608.SH,恒玄科技,半导体,科创板,20201216,,L
688609.SH,九联科技,家用电器,科创板,20210323,,L
688610.SH,埃科光电,电器仪表,科创板,20230719,,L
688611.SH,杭州柯林,电气设备,科创板,20210412,,L
688612.SH,威迈斯,汽车配件,科创板,20230726,,L
688613.SH,奥精医疗,医疗保健,科创板,20210521,,L
688615.SH,合合信息,软件服务,科创板,20240926,,L
688616.SH,西力科技,电器仪表,科创板,20210318,,L
688617.SH,惠泰医疗,医疗保健,科创板,20210107,,L
688618.SH,三旺通信,通信设备,科创板,20201230,,L
688619.SH,罗普特,软件服务,科创板,20210223,,L
688620.SH,安凯微,半导体,科创板,20230627,,L
688621.SH,阳光诺和,医疗保健,科创板,20210621,,L
688622.SH,*ST禾信,电器仪表,科创板,20210913,,L
688623.SH,双元科技,专用机械,科创板,20230608,,L
688625.SH,呈和科技,化工原料,科创板,20210607,,L
688626.SH,翔宇医疗,医疗保健,科创板,20210331,,L
688627.SH,精智达,专用机械,科创板,20230718,,L
688628.SH,优利德,电器仪表,科创板,20210201,,L
688629.SH,华丰科技,元器件,科创板,20230627,,L
688630.SH,芯碁微装,专用机械,科创板,20210401,,L
688631.SH,莱斯信息,软件服务,科创板,20230628,,L
688633.SH,星球石墨,专用机械,科创板,20210324,,L
688635.SH,长进光子,通信设备,科创板,20260527,,L
688636.SH,智明达,元器件,科创板,20210408,,L
688638.SH,誉辰智能,专用机械,科创板,20230712,,L
688639.SH,华恒生物,化学制药,科创板,20210422,,L
688646.SH,ST逸飞,专用机械,科创板,20230728,,L
688648.SH,中邮科技,机床制造,科创板,20231113,,L
688651.SH,盛邦安全,软件服务,科创板,20230726,,L
688652.SH,京仪装备,半导体,科创板,20231129,,L
688653.SH,康希通信,半导体,科创板,20231117,,L
688655.SH,迅捷兴,元器件,科创板,20210511,,L
688656.SH,浩欧博,医疗保健,科创板,20210113,,L
688657.SH,浩辰软件,软件服务,科创板,20231010,,L
688658.SH,悦康药业,化学制药,科创板,20201224,,L
688659.SH,元琛科技,环境保护,科创板,20210331,,L
688660.SH,电气风电,电气设备,科创板,20210519,,L
688661.SH,和林微纳,元器件,科创板,20210329,,L
688662.SH,富信科技,元器件,科创板,20210401,,L
688663.SH,新风光,电气设备,科创板,20210413,,L
688665.SH,四方光电,电器仪表,科创板,20210209,,L
688667.SH,菱电电控,汽车配件,科创板,20210312,,L
688668.SH,鼎通科技,通信设备,科创板,20201221,,L
688669.SH,聚石化学,化工原料,科创板,20210125,,L
688670.SH,金迪克,生物制药,科创板,20210802,,L
688671.SH,碧兴物联,环境保护,科创板,20230809,,L
688676.SH,金盘科技,电气设备,科创板,20210309,,L
688677.SH,海泰新光,医疗保健,科创板,20210226,,L
688678.SH,福立旺,元器件,科创板,20201223,,L
688679.SH,通源环境,环境保护,科创板,20201225,,L
688680.SH,海优新材,塑料,科创板,20210122,,L
688681.SH,科汇股份,电气设备,科创板,20210616,,L
688682.SH,霍莱沃,软件服务,科创板,20210420,,L
688683.SH,莱尔科技,元器件,科创板,20210412,,L
688685.SH,迈信林,航空,科创板,20210513,,L
688686.SH,奥普特,电器仪表,科创板,20201231,,L
688687.SH,凯因科技,生物制药,科创板,20210208,,L
688689.SH,银河微电,半导体,科创板,20210127,,L
688690.SH,纳微科技,化工原料,科创板,20210623,,L
688691.SH,灿芯股份,半导体,科创板,20240411,,L
688692.SH,达梦数据,软件服务,科创板,20240612,,L
688693.SH,锴威特,半导体,科创板,20230818,,L
688695.SH,中创股份,软件服务,科创板,20240313,,L
688696.SH,极米科技,家用电器,科创板,20210303,,L
688697.SH,纽威数控,机床制造,科创板,20210917,,L
688698.SH,伟创电气,电气设备,科创板,20201229,,L
688699.SH,明微电子,半导体,科创板,20201218,,L
688700.SH,东威科技,专用机械,科创板,20210615,,L
688701.SH,卓锦股份,环境保护,科创板,20210916,,L
688702.SH,盛科通信,半导体,科创板,20230914,,L
688707.SH,振华新材,电气设备,科创板,20210914,,L
688708.SH,佳驰科技,化工原料,科创板,20241205,,L
688709.SH,成都华微,半导体,科创板,20240207,,L
688710.SH,益诺思,生物制药,科创板,20240903,,L
688711.SH,宏微科技,半导体,科创板,20210901,,L
688712.SH,北芯生命,医疗保健,科创板,20260205,,L
688716.SH,中研股份,化工原料,科创板,20230920,,L
688717.SH,艾罗能源,电气设备,科创板,20240103,,L
688718.SH,唯赛勃,塑料,科创板,20210728,,L
688719.SH,爱科赛博,电气设备,科创板,20230928,,L
688720.SH,艾森股份,半导体,科创板,20231206,,L
688721.SH,龙图光罩,半导体,科创板,20240806,,L
688722.SH,同益中,化纤,科创板,20211019,,L
688726.SH,拉普拉斯,专用机械,科创板,20241029,,L
688727.SH,恒坤新材,半导体,科创板,20251118,,L
688728.SH,格科微,半导体,科创板,20210818,,L
688729.SH,屹唐股份,半导体,科创板,20250708,,L
688733.SH,壹石通,矿物制品,科创板,20210817,,L
688737.SH,中自科技,汽车配件,科创板,20211022,,L
688739.SH,成大生物,生物制药,科创板,20211028,,L
688750.SH,金天钛业,小金属,科创板,20241120,,L
688755.SH,汉邦科技,专用机械,科创板,20250516,,L
688757.SH,胜科纳米,电器仪表,科创板,20250325,,L
688758.SH,赛分科技,化工原料,科创板,20250110,,L
688759.SH,必贝特,生物制药,科创板,20251028,,L
688765.SH,禾元生物,生物制药,科创板,20251028,,L
688766.SH,普冉股份,半导体,科创板,20210823,,L
688767.SH,博拓生物,医疗保健,科创板,20210908,,L
688768.SH,容知日新,电器仪表,科创板,20210726,,L
688772.SH,珠海冠宇,电气设备,科创板,20211015,,L
688775.SH,影石创新,IT设备,科创板,20250611,,L
688776.SH,国光电气,元器件,科创板,20210831,,L
688777.SH,中控技术,专用机械,科创板,20201124,,L
688778.SH,厦钨新能,电气设备,科创板,20210805,,L
688779.SH,五矿新能,电气设备,科创板,20210811,,L
688781.SH,视涯科技,元器件,科创板,20260325,,L
688783.SH,西安奕材,半导体,科创板,20251028,,L
688785.SH,恒运昌,半导体,科创板,20260128,,L
688786.SH,悦安新材,小金属,科创板,20210826,,L
688787.SH,海天瑞声,软件服务,科创板,20210813,,L
688788.SH,科思科技,通信设备,科创板,20201022,,L
688789.SH,宏华数科,专用机械,科创板,20210708,,L
688790.SH,昂瑞微,半导体,科创板,20251216,,L
688793.SH,倍轻松,家用电器,科创板,20210715,,L
688795.SH,摩尔线程,半导体,科创板,20251205,,L
688796.SH,百奥赛图,生物制药,科创板,20251210,,L
688797.SH,C臻宝,半导体,科创板,20260624,,L
688798.SH,艾为电子,半导体,科创板,20210816,,L
688799.SH,华纳药厂,化学制药,科创板,20210713,,L
688800.SH,瑞可达,元器件,科创板,20210722,,L
688802.SH,沐曦股份,半导体,科创板,20251217,,L
688805.SH,健信超导,医疗保健,科创板,20251224,,L
688807.SH,优迅股份,半导体,科创板,20251219,,L
688808.SH,联讯仪器,电器仪表,科创板,20260424,,L
688809.SH,强一股份,半导体,科创板,20251230,,L
688811.SH,有研复材,小金属,科创板,20260410,,L
688813.SH,泰金新能,专用机械,科创板,20260331,,L
688816.SH,易思维,专用机械,科创板,20260211,,L
688818.SH,电科蓝天,航空,科创板,20260210,,L
688819.SH,天能股份,电气设备,科创板,20210118,,L
688820.SH,盛合晶微,半导体,科创板,20260421,,L
688981.SH,中芯国际,半导体,科创板,20200716,,L
689009.SH,九号公司,摩托车,科创板,20201029,,L
832317.BJ,观典防务(退),,北交所,20200727,20220426,D
833874.BJ,泰祥股份(退),,北交所,20200727,20220718,D
833994.BJ,翰博高新(退),,北交所,20200727,20220725,D
920000.BJ,安徽凤凰,汽车配件,北交所,20201223,,L
920001.BJ,纬达光电,元器件,北交所,20221227,,L
920002.BJ,万达轴承,工程机械,北交所,20240530,,L
920003.BJ,中诚咨询,建筑工程,北交所,20251107,,L
920005.BJ,鼎佳精密,元器件,北交所,20250731,,L
920006.BJ,晟楠科技,航空,北交所,20230518,,L
920007.BJ,酉立智能,电气设备,北交所,20250808,,L
920008.BJ,成电光信,通信设备,北交所,20240829,,L
920009.BJ,丹娜生物,医疗保健,北交所,20251103,,L
920010.BJ,凯添燃气,供气供热,北交所,20200727,,L
920011.BJ,晨光电机,电气设备,北交所,20260408,,L
920012.BJ,创达新材,元器件,北交所,20260413,,L
920014.BJ,特瑞斯,专用机械,北交所,20221213,,L
920015.BJ,锦华新材,化工原料,北交所,20250925,,L
920016.BJ,中草香料,日用化工,北交所,20240913,,L
920017.BJ,星昊医药,化学制药,北交所,20230531,,L
920018.BJ,宏远股份,电气设备,北交所,20250820,,L
920019.BJ,铜冠矿建,建筑工程,北交所,20241011,,L
920020.BJ,泰凯英,汽车配件,北交所,20251028,,L
920021.BJ,流金科技,影视音像,北交所,20200727,,L
920022.BJ,世昌股份,汽车配件,北交所,20250919,,L
920023.BJ,*ST田野,食品,北交所,20230202,,L
920026.BJ,卓兆点胶,机械基件,北交所,20231019,,L
920027.BJ,交大铁发,运输设备,北交所,20250610,,L
920028.BJ,新恒泰,塑料,北交所,20260320,,L
920029.BJ,开发科技,电器仪表,北交所,20250328,,L
920030.BJ,德众汽车,汽车服务,北交所,20201127,,L
920033.BJ,康普化学,化工原料,北交所,20221221,,L
920035.BJ,精创电气,专用机械,北交所,20251202,,L
920036.BJ,觅睿科技,IT设备,北交所,20260309,,L
920037.BJ,广信科技,电气设备,北交所,20250626,,L
920039.BJ,国义招标,建筑工程,北交所,20210818,,L
920045.BJ,蘅东光,通信设备,北交所,20251231,,L
920046.BJ,亿能电力,电气设备,北交所,20221013,,L
920047.BJ,诺思兰德,生物制药,北交所,20201124,,L
920050.BJ,爱舍伦,医疗保健,北交所,20260121,,L
920055.BJ,隆源股份,汽车配件,北交所,20260331,,L
920056.BJ,能之光,塑料,北交所,20250822,,L
920057.BJ,百甲科技,钢加工,北交所,20230314,,L
920058.BJ,华洋赛车,摩托车,北交所,20230810,,L
920060.BJ,万源通,元器件,北交所,20241119,,L
920061.BJ,西磁科技,专用机械,北交所,20231221,,L
920062.BJ,科润智控,电气设备,北交所,20220713,,L
920066.BJ,科拜尔,塑料,北交所,20241031,,L
920068.BJ,天工股份,小金属,北交所,20250513,,L
920069.BJ,普昂医疗,医疗保健,北交所,20260327,,L
920075.BJ,柏星龙,广告包装,北交所,20221214,,L
920076.BJ,国亮新材,其他建材,北交所,20260122,,L
920077.BJ,吉林碳谷,化纤,北交所,20210831,,L
920078.BJ,族兴新材,小金属,北交所,20260318,,L
920080.BJ,奥美森,专用机械,北交所,20251010,,L
920082.BJ,方正阀门,机械基件,北交所,20241226,,L
920083.BJ,金戈新材,矿物制品,北交所,20260611,,L
920086.BJ,科马材料,汽车配件,北交所,20260116,,L
920087.BJ,秋乐种业,种植业,北交所,20221207,,L
920088.BJ,科力股份,石油开采,北交所,20241029,,L
920089.BJ,禾昌聚合,塑料,北交所,20211109,,L
920090.BJ,*ST同辉,IT设备,北交所,20210809,,L
920091.BJ,大鹏工业,专用机械,北交所,20251121,,L
920092.BJ,汉鑫科技,软件服务,北交所,20211115,,L
920096.BJ,嘉晨智能,电器仪表,北交所,20260518,,L
920098.BJ,科隆新材,橡胶,北交所,20241205,,L
920099.BJ,瑞华技术,石油加工,北交所,20240925,,L
920100.BJ,三协电机,电气设备,北交所,20250908,,L
920101.BJ,志高机械,专用机械,北交所,20250814,,L
920106.BJ,林泰新材,汽车配件,北交所,20241218,,L
920108.BJ,宏海科技,家用电器,北交所,20250206,,L
920110.BJ,雷特科技,电气设备,北交所,20221206,,L
920111.BJ,聚星科技,电气设备,北交所,20241111,,L
920112.BJ,巴兰仕,专用机械,北交所,20250828,,L
920116.BJ,星图测控,软件服务,北交所,20250102,,L
920118.BJ,太湖远大,塑料,北交所,20240822,,L
920119.BJ,美德乐,专用机械,北交所,20260130,,L
920121.BJ,江天科技,广告包装,北交所,20251225,,L
920122.BJ,中纺标,综合类,北交所,20220927,,L
920123.BJ,芭薇股份,日用化工,北交所,20240329,,L
920124.BJ,南特科技,机械基件,北交所,20251127,,L
920125.BJ,鸿仕达,专用机械,北交所,20260424,,L
920126.BJ,永大股份,专用机械,北交所,20260615,,L
920128.BJ,胜业电气,元器件,北交所,20241129,,L
920130.BJ,立方控股,软件服务,北交所,20231102,,L
920132.BJ,泰鹏智能,家居用品,北交所,20231116,,L
920139.BJ,华岭股份,半导体,北交所,20221028,,L
920145.BJ,恒合股份,环境保护,北交所,20211115,,L
920146.BJ,华阳变速,汽车配件,北交所,20210720,,L
920149.BJ,旭杰科技,建筑工程,北交所,20200727,,L
920152.BJ,昆工科技,小金属,北交所,20220901,,L
920156.BJ,海昌智能,专用机械,北交所,20260427,,L
920158.BJ,长江能科,专用机械,北交所,20251016,,L
920159.BJ,农大科技,农药化肥,北交所,20260128,,L
920160.BJ,北矿检测,电器仪表,北交所,20251118,,L
920161.BJ,龙辰科技,元器件,北交所,20260527,,L
920163.BJ,方大新材,塑料,北交所,20200727,,L
920166.BJ,海圣医疗,医疗保健,北交所,20260212,,L
920167.BJ,同享科技,小金属,北交所,20200727,,L
920168.BJ,通宝光电,汽车配件,北交所,20260226,,L
920169.BJ,七丰精工,机械基件,北交所,20220415,,L
920171.BJ,志晟信息,软件服务,北交所,20211115,,L
920174.BJ,五新智能,工程机械,北交所,20210820,,L
920175.BJ,东方碳素,化工原料,北交所,20230630,,L
920177.BJ,恒道科技,专用机械,北交所,20260416,,L
920178.BJ,锐翔智能,专用机械,北交所,20260515,,L
920179.BJ,凯德石英,矿物制品,北交所,20220304,,L
920180.BJ,爱得科技,医疗保健,北交所,20260210,,L
920181.BJ,赛英电子,元器件,北交所,20260410,,L
920183.BJ,海菲曼,IT设备,北交所,20260304,,L
920184.BJ,国源科技,软件服务,北交所,20200727,,L
920185.BJ,贝特瑞,化工原料,北交所,20200727,,L
920186.BJ,中科仪,机械基件,北交所,20260429,,L
920187.BJ,通领科技,汽车配件,北交所,20260305,,L
920188.BJ,悦龙科技,橡胶,北交所,20260330,,L
920190.BJ,雷神科技,IT设备,北交所,20221223,,L
920191.BJ,瑞尔竞达,其他建材,北交所,20260420,,L
920195.BJ,三祥科技,汽车配件,北交所,20221230,,L
920198.BJ,微创光电,IT设备,北交所,20200727,,L
920199.BJ,倍益康,家用电器,北交所,20221201,,L
920200.BJ,振宏股份,电气设备,北交所,20260507,,L
920204.BJ,沪江材料,塑料,北交所,20220118,,L
920206.BJ,彩客科技,染料涂料,北交所,20260608,,L
920207.BJ,众诚科技,软件服务,北交所,20220923,,L
920208.BJ,青矩技术,建筑工程,北交所,20230629,,L
920211.BJ,新睿电子,专用机械,北交所,20260605,,L
920212.BJ,智新电子,元器件,北交所,20210608,,L
920218.BJ,新天力,塑料,北交所,20260529,,L
920220.BJ,朗信电气,汽车配件,北交所,20260522,,L
920221.BJ,易实精密,汽车配件,北交所,20230608,,L
920223.BJ,荣亿精密,机械基件,北交所,20220609,,L
920225.BJ,利通科技,橡胶,北交所,20210225,,L
920227.BJ,美登科技,软件服务,北交所,20221228,,L
920230.BJ,欧康医药,生物制药,北交所,20221209,,L
920237.BJ,力佳科技,电气设备,北交所,20221125,,L
920239.BJ,长虹能源,电气设备,北交所,20210209,,L
920242.BJ,建邦科技,汽车配件,北交所,20200727,,L
920245.BJ,威博液压,机械基件,北交所,20220106,,L
920247.BJ,华密新材,橡胶,北交所,20221223,,L
920249.BJ,利尔达,元器件,北交所,20230217,,L
920252.BJ,天宏锂电,电气设备,北交所,20230119,,L
920260.BJ,中寰股份,专用机械,北交所,20211115,,L
920261.BJ,一诺威,化工原料,北交所,20230403,,L
920262.BJ,太湖雪,纺织,北交所,20221230,,L
920263.BJ,中航泰达,环境保护,北交所,20200727,,L
920266.BJ,生物谷,中成药,北交所,20200727,,L
920267.BJ,鑫汇科,元器件,北交所,20220527,,L
920270.BJ,天铭科技,汽车配件,北交所,20220902,,L
920271.BJ,邦德股份,汽车配件,北交所,20220602,,L
920273.BJ,一致魔芋,食品,北交所,20230221,,L
920274.BJ,宏裕包材,广告包装,北交所,20230818,,L
920275.BJ,驱动力,农业综合,北交所,20210125,,L
920278.BJ,鹿得医疗,医疗保健,北交所,20200727,,L
920284.BJ,灵鸽科技,专用机械,北交所,20231219,,L
920299.BJ,灿能电力,电气设备,北交所,20220610,,L
920300.BJ,辰光医疗,医疗保健,北交所,20221207,,L
920304.BJ,迪尔化工,化工原料,北交所,20230418,,L
920305.BJ,*ST云创,软件服务,北交所,20210826,,L
920339.BJ,恒太照明,家用电器,北交所,20221117,,L
920344.BJ,三元基因,生物制药,北交所,20210108,,L
920346.BJ,威贸电子,元器件,北交所,20220223,,L
920351.BJ,华光源海,仓储物流,北交所,20221229,,L
920357.BJ,雅葆轩,元器件,北交所,20221118,,L
920363.BJ,莱赛激光,电器仪表,北交所,20231228,,L
920367.BJ,新赣江,化学制药,北交所,20230209,,L
920368.BJ,连城数控,专用机械,北交所,20200727,,L
920370.BJ,新安洁,环境保护,北交所,20200727,,L
920371.BJ,欧福蛋业,食品,北交所,20230118,,L
920374.BJ,云里物里,通信设备,北交所,20221129,,L
920375.BJ,派诺科技,电气设备,北交所,20231214,,L
920378.BJ,泰德股份,汽车配件,北交所,20220620,,L
920392.BJ,佳合科技,广告包装,北交所,20221230,,L
920394.BJ,民士达,造纸,北交所,20230425,,L
920395.BJ,朗鸿科技,IT设备,北交所,20220901,,L
920396.BJ,常辅股份,电器仪表,北交所,20201118,,L
920402.BJ,硅烷科技,化工原料,北交所,20220928,,L
920403.BJ,康农种业,种植业,北交所,20240118,,L
920405.BJ,海希通讯,电器仪表,北交所,20211105,,L
920407.BJ,驰诚股份,电器仪表,北交所,20230216,,L
920414.BJ,欧普泰,电器仪表,北交所,20221212,,L
920415.BJ,恒拓开源,软件服务,北交所,20200727,,L
920418.BJ,苏轴股份,汽车配件,北交所,20200727,,L
920419.BJ,路斯股份,饲料,北交所,20220311,,L
920422.BJ,润普食品,食品,北交所,20230301,,L
920425.BJ,乐创技术,专用机械,北交所,20230130,,L
920427.BJ,华维设计,建筑工程,北交所,20210205,,L
920429.BJ,康比特,食品,北交所,20221215,,L
920433.BJ,大唐药业,中成药,北交所,20200727,,L
920436.BJ,大地电气,汽车配件,北交所,20211115,,L
920438.BJ,戈碧迦,元器件,北交所,20240325,,L
920445.BJ,龙竹科技,家居用品,北交所,20200727,,L
920454.BJ,同心传动,汽车配件,北交所,20211115,,L
920455.BJ,汇隆活塞,专用机械,北交所,20230621,,L
920469.BJ,富恒新材,塑料,北交所,20230918,,L
920471.BJ,美邦科技,化工原料,北交所,20230525,,L
920475.BJ,三友科技,专用机械,北交所,20200727,,L
920476.BJ,海能技术,电器仪表,北交所,20221014,,L
920478.BJ,峆一药业,化学制药,北交所,20230223,,L
920489.BJ,佳先股份,化工原料,北交所,20200727,,L
920491.BJ,奥迪威,元器件,北交所,20220614,,L
920493.BJ,并行科技,软件服务,北交所,20231101,,L
920496.BJ,许昌智能,电气设备,北交所,20240126,,L
920504.BJ,博迅生物,医疗保健,北交所,20230817,,L
920505.BJ,九菱科技,机械基件,北交所,20221221,,L
920508.BJ,殷图网联,电气设备,北交所,20200727,,L
920509.BJ,同惠电子,电器仪表,北交所,20210111,,L
920510.BJ,丰光精密,机械基件,北交所,20201228,,L
920519.BJ,万德股份,化工原料,北交所,20230915,,L
920522.BJ,纳科诺尔,专用机械,北交所,20231116,,L
920523.BJ,德瑞锂电,电气设备,北交所,20210603,,L
920526.BJ,凯华材料,化工原料,北交所,20221222,,L
920527.BJ,夜光明,化工原料,北交所,20221027,,L
920533.BJ,骏创科技,汽车配件,北交所,20220524,,L
920541.BJ,铁大科技,运输设备,北交所,20230310,,L
920547.BJ,无锡晶海,化学制药,北交所,20231212,,L
920553.BJ,凯腾精工,专用机械,北交所,20210806,,L
920556.BJ,雅达股份,电器仪表,北交所,20230317,,L
920564.BJ,天润科技,软件服务,北交所,20220617,,L
920566.BJ,梓橦宫,化学制药,北交所,20210813,,L
920570.BJ,坤博精工,机械基件,北交所,20231123,,L
920571.BJ,国航远洋,水运,北交所,20221215,,L
920575.BJ,*ST康乐,生物制药,北交所,20230315,,L
920576.BJ,天力复合,小金属,北交所,20230712,,L
920578.BJ,巨能股份,专用机械,北交所,20230512,,L
920579.BJ,机科股份,机械基件,北交所,20231130,,L
920580.BJ,科创新材,其他建材,北交所,20220513,,L
920592.BJ,华信永道,软件服务,北交所,20230710,,L
920593.BJ,鼎智科技,机械基件,北交所,20230413,,L
920599.BJ,同力股份,工程机械,北交所,20210222,,L
920608.BJ,丰安股份,机械基件,北交所,20221216,,L
920627.BJ,力王股份,电气设备,北交所,20230907,,L
920634.BJ,新威凌,铅锌,北交所,20221124,,L
920639.BJ,晨光电缆,电气设备,北交所,20220712,,L
920640.BJ,富士达,通信设备,北交所,20200727,,L
920641.BJ,格利尔,矿物制品,北交所,20221202,,L
920642.BJ,通易航天,航空,北交所,20210816,,L
920651.BJ,天罡股份,电器仪表,北交所,20230627,,L
920656.BJ,海昇药业,化学制药,北交所,20240202,,L
920662.BJ,方盛股份,机械基件,北交所,20221128,,L
920663.BJ,明阳科技,汽车配件,北交所,20230315,,L
920665.BJ,科强股份,橡胶,北交所,20230926,,L
920670.BJ,数字人,软件服务,北交所,20201208,,L
920675.BJ,秉扬科技,矿物制品,北交所,20201228,,L
920679.BJ,前进科技,机械基件,北交所,20231110,,L
920680.BJ,广道退(退),,北交所,20211115,20260105,D
920682.BJ,球冠电缆,电气设备,北交所,20200727,,L
920685.BJ,新芝生物,电器仪表,北交所,20221010,,L
920689.BJ,克莱特,专用机械,北交所,20220321,,L
920690.BJ,捷众科技,汽车配件,北交所,20240105,,L
920693.BJ,阿为特,机械基件,北交所,20231027,,L
920694.BJ,中裕科技,塑料,北交所,20230424,,L
920699.BJ,海达尔,家用电器,北交所,20230509,,L
920701.BJ,豪声电子,元器件,北交所,20230719,,L
920703.BJ,广厦环能,专用机械,北交所,20231205,,L
920706.BJ,铁拓机械,工程机械,北交所,20240308,,L
920717.BJ,瑞星股份,专用机械,北交所,20230703,,L
920718.BJ,合肥高科,家用电器,北交所,20221222,,L
920719.BJ,宁新新材,化工原料,北交所,20230526,,L
920720.BJ,吉冈精密,机械基件,北交所,20211124,,L
920725.BJ,惠丰钻石,矿物制品,北交所,20220718,,L
920726.BJ,朱老六,食品,北交所,20210527,,L
920729.BJ,永顺生物,农业综合,北交所,20200727,,L
920735.BJ,德源药业,化学制药,北交所,20210219,,L
920748.BJ,路桥信息,软件服务,北交所,20230816,,L
920751.BJ,惠同新材,小金属,北交所,20230717,,L
920753.BJ,天纺标,纺织,北交所,20221031,,L
920765.BJ,美之高,家居用品,北交所,20210705,,L
920768.BJ,拾比佰,家用电器,北交所,20210628,,L
920770.BJ,艾能聚,电气设备,北交所,20230228,,L
920779.BJ,武汉蓝电,电器仪表,北交所,20230601,,L
920781.BJ,瑞奇智造,专用机械,北交所,20221226,,L
920786.BJ,骑士乳业,乳制品,北交所,20231013,,L
920790.BJ,联迪信息,软件服务,北交所,20220902,,L
920792.BJ,东和新材,其他建材,北交所,20230330,,L
920799.BJ,艾融软件,软件服务,北交所,20200727,,L
920802.BJ,保丽洁,环境保护,北交所,20230206,,L
920806.BJ,云星宇,软件服务,北交所,20240111,,L
920807.BJ,奔朗新材,机械基件,北交所,20221220,,L
920808.BJ,曙光数创,IT设备,北交所,20221118,,L
920809.BJ,安达科技,电气设备,北交所,20230323,,L
920810.BJ,春光智能,专用机械,北交所,20221216,,L
920819.BJ,颖泰生物,农药化肥,北交所,20200727,,L
920821.BJ,则成电子,元器件,北交所,20220706,,L
920826.BJ,盖世食品,食品,北交所,20210112,,L
920832.BJ,齐鲁华信,化工原料,北交所,20210223,,L
920833.BJ,美心翼申,汽车配件,北交所,20231108,,L
920834.BJ,三维装备,塑料,北交所,20220822,,L
920837.BJ,华原股份,汽车配件,北交所,20230515,,L
920839.BJ,万通液压,工程机械,北交所,20201109,,L
920855.BJ,浙江大农,机床制造,北交所,20221229,,L
920856.BJ,浩淼科技,专用机械,北交所,20201225,,L
920857.BJ,泓禧科技,元器件,北交所,20220228,,L
920866.BJ,绿亨科技,农药化肥,北交所,20221209,,L
920870.BJ,恒进感应,机床制造,北交所,20220705,,L
920871.BJ,派特尔,塑料,北交所,20220722,,L
920873.BJ,中设咨询,建筑工程,北交所,20211115,,L
920876.BJ,慧为智能,元器件,北交所,20221109,,L
920879.BJ,基康技术,电器仪表,北交所,20221220,,L
920885.BJ,星辰科技,电器仪表,北交所,20210708,,L
920892.BJ,广咨国际,建筑工程,北交所,20211028,,L
920895.BJ,花溪科技,农用机械,北交所,20230406,,L
920896.BJ,旺成科技,汽车配件,北交所,20230419,,L
920906.BJ,舜宇精工,汽车配件,北交所,20230222,,L
920914.BJ,远航精密,小金属,北交所,20221111,,L
920924.BJ,广脉科技,通信设备,北交所,20211103,,L
920925.BJ,锦好医疗,医疗保健,北交所,20211025,,L
920926.BJ,鸿智科技,家用电器,北交所,20230808,,L
920931.BJ,无锡鼎邦,化工机械,北交所,20240408,,L
920932.BJ,科达自控,软件服务,北交所,20211115,,L
920942.BJ,恒立钻具,机械基件,北交所,20221208,,L
920943.BJ,优机股份,机械基件,北交所,20220624,,L
920946.BJ,森萱医药,化学制药,北交所,20200727,,L
920950.BJ,迅安科技,元器件,北交所,20230111,,L
920953.BJ,国子软件,软件服务,北交所,20230823,,L
920957.BJ,汉维科技,化工原料,北交所,20221214,,L
920961.BJ,创远信科,电器仪表,北交所,20200727,,L
920964.BJ,润农节水,建筑工程,北交所,20200727,,L
920970.BJ,大禹生物,饲料,北交所,20220518,,L
920971.BJ,天马新材,化工原料,北交所,20220927,,L
920974.BJ,凯大催化,化工原料,北交所,20230308,,L
920976.BJ,视声智能,通信设备,北交所,20230901,,L
920978.BJ,开特股份,汽车配件,北交所,20230928,,L
920981.BJ,晶赛科技,元器件,北交所,20211115,,L
920982.BJ,锦波生物,医疗保健,北交所,20230720,,L
920985.BJ,海泰新能,电气设备,北交所,20220808,,L
920992.BJ,中科美菱,医疗保健,北交所,20221018,,L
T600018.SH,上港集箱(退),,,20000719,20061020,D
