scenario,signal_date,strategy_leg,operation_status,ts_code,name,market_segment,risk_flags,account_return,equity_before,equity_after,return_source,active_position,buy_executed,sell_executed,buy_reject_reason,sell_reject_reason,buy_trade_date,exit_trade_date,buy_price,exit_price,path_conflict,limit_down_blocked_days,live_order_enabled,initial_equity,peak_equity,drawdown,original_operation_status,original_account_return,risk_filter_rejected
baseline_no_extra_filter,20251112,NONE,NO_CANDIDATE,,,,,0.0,500000.0,500000.0,,,False,False,,,,,,,False,0,False,500000.0,500000.0,0.0,NO_CANDIDATE,0.0,False
baseline_no_extra_filter,20251113,B,HISTORICAL_SIM_FILLED,002780.SZ,三夫户外,sz_main,封单/流通市值偏高,-0.1203192402916928,500000.0,439840.3798541536,b_conservative_daily_replay,,True,True,,,20251114.0,20251118.0,18.308289999999996,15.5844,False,1,False,500000.0,500000.0,-0.12031924029169283,HISTORICAL_SIM_FILLED,-0.1203192402916928,False
baseline_no_extra_filter,20251114,A_OR_B,POSITION_OCCUPIED_SKIP,,,,,0.0,439840.3798541536,439840.3798541536,,002780.SZ 三夫户外,False,False,,,,,,,False,0,False,500000.0,500000.0,-0.12031924029169283,POSITION_OCCUPIED_SKIP,0.0,False
baseline_no_extra_filter,20251117,A_OR_B,POSITION_OCCUPIED_SKIP,,,,,0.0,439840.3798541536,439840.3798541536,,002780.SZ 三夫户外,False,False,,,,,,,False,0,False,500000.0,500000.0,-0.12031924029169283,POSITION_OCCUPIED_SKIP,0.0,False
baseline_no_extra_filter,20251118,NONE,NO_CANDIDATE,,,,,0.0,439840.3798541536,439840.3798541536,,,False,False,,,,,,,False,0,False,500000.0,500000.0,-0.12031924029169283,NO_CANDIDATE,0.0,False
baseline_no_extra_filter,20251119,NONE,NO_CANDIDATE,,,,,0.0,439840.3798541536,439840.3798541536,,,False,False,,,,,,,False,0,False,500000.0,500000.0,-0.12031924029169283,NO_CANDIDATE,0.0,False
baseline_no_extra_filter,20251120,A,HISTORICAL_SIM_FILLED,301092.SZ,争光股份,chi_next,无,-0.0505145833968012,439840.3798541536,417622.0263047303,a_audit_dynamic_account_return,,False,False,,,,,,,False,0,False,500000.0,500000.0,-0.16475594739053945,HISTORICAL_SIM_FILLED,-0.0505145833968012,False
baseline_no_extra_filter,20251121,A_OR_B,POSITION_OCCUPIED_SKIP,,,,,0.0,417622.0263047303,417622.0263047303,,301092.SZ 争光股份,False,False,,,,,,,False,0,False,500000.0,500000.0,-0.16475594739053945,POSITION_OCCUPIED_SKIP,0.0,False
baseline_no_extra_filter,20251124,NONE,NO_CANDIDATE,,,,,0.0,417622.0263047303,417622.0263047303,,,False,False,,,,,,,False,0,False,500000.0,500000.0,-0.16475594739053945,NO_CANDIDATE,0.0,False
baseline_no_extra_filter,20251125,A,REVIEW_REQUIRED_PLAN_ONLY,301117.SZ,佳缘科技,chi_next,LOSS_OVERLAY_WATCH,0.0,417622.0263047303,417622.0263047303,manual_review_skip,,False,False,,,,,,,False,0,False,500000.0,500000.0,-0.16475594739053945,REVIEW_REQUIRED_PLAN_ONLY,0.0,False
baseline_no_extra_filter,20251126,NONE,NO_CANDIDATE,,,,,0.0,417622.0263047303,417622.0263047303,,,False,False,,,,,,,False,0,False,500000.0,500000.0,-0.16475594739053945,NO_CANDIDATE,0.0,False
baseline_no_extra_filter,20251127,NONE,NO_CANDIDATE,,,,,0.0,417622.0263047303,417622.0263047303,,,False,False,,,,,,,False,0,False,500000.0,500000.0,-0.16475594739053945,NO_CANDIDATE,0.0,False
baseline_no_extra_filter,20251128,NONE,NO_CANDIDATE,,,,,0.0,417622.0263047303,417622.0263047303,,,False,False,,,,,,,False,0,False,500000.0,500000.0,-0.16475594739053945,NO_CANDIDATE,0.0,False
baseline_no_extra_filter,20251201,B,HISTORICAL_SIM_FILLED,000078.SZ,海王生物,sz_main,无,0.1483816907303223,417622.0263047303,479589.4886540493,b_conservative_daily_replay,,True,True,,,20251202.0,20251203.0,3.8037999999999994,4.515479999999999,False,0,False,500000.0,500000.0,-0.040821022691901465,HISTORICAL_SIM_FILLED,0.1483816907303223,False
baseline_no_extra_filter,20251202,A_OR_B,POSITION_OCCUPIED_SKIP,,,,,0.0,479589.4886540493,479589.4886540493,,000078.SZ 海王生物,False,False,,,,,,,False,0,False,500000.0,500000.0,-0.040821022691901465,POSITION_OCCUPIED_SKIP,0.0,False
baseline_no_extra_filter,20251203,NONE,NO_CANDIDATE,,,,,0.0,479589.4886540493,479589.4886540493,,,False,False,,,,,,,False,0,False,500000.0,500000.0,-0.040821022691901465,NO_CANDIDATE,0.0,False
baseline_no_extra_filter,20251204,A,HISTORICAL_SIM_FILLED,300946.SZ,恒而达,chi_next,无,0.0291749495998269,479589.4886540493,493581.4878141379,a_audit_dynamic_account_return,,False,False,,,,,,,False,0,False,500000.0,500000.0,-0.012837024371724182,HISTORICAL_SIM_FILLED,0.0291749495998269,False
baseline_no_extra_filter,20251205,A_OR_B,POSITION_OCCUPIED_SKIP,,,,,0.0,493581.4878141379,493581.4878141379,,300946.SZ 恒而达,False,False,,,,,,,False,0,False,500000.0,500000.0,-0.012837024371724182,POSITION_OCCUPIED_SKIP,0.0,False
baseline_no_extra_filter,20251208,B,HISTORICAL_SIM_FILLED,000571.SZ,新大洲A,sz_main,无,0.0312685828023009,493581.4878141379,509015.08143553714,b_conservative_daily_replay,,True,True,,,20251209.0,20251210.0,6.316309999999999,6.5734200000000005,False,0,False,500000.0,509015.08143553714,0.0,HISTORICAL_SIM_FILLED,0.0312685828023009,False
baseline_no_extra_filter,20251209,A_OR_B,POSITION_OCCUPIED_SKIP,,,,,0.0,509015.08143553714,509015.08143553714,,000571.SZ 新大洲A,False,False,,,,,,,False,0,False,500000.0,509015.08143553714,0.0,POSITION_OCCUPIED_SKIP,0.0,False
baseline_no_extra_filter,20251210,NONE,NO_CANDIDATE,,,,,0.0,509015.08143553714,509015.08143553714,,,False,False,,,,,,,False,0,False,500000.0,509015.08143553714,0.0,NO_CANDIDATE,0.0,False
baseline_no_extra_filter,20251211,NONE,NO_CANDIDATE,,,,,0.0,509015.08143553714,509015.08143553714,,,False,False,,,,,,,False,0,False,500000.0,509015.08143553714,0.0,NO_CANDIDATE,0.0,False
baseline_no_extra_filter,20251212,A,HISTORICAL_SIM_FILLED,920576.BJ,天力复合,bj,无,0.181313377355646,509015.08143553714,601306.3249755736,a_audit_dynamic_account_return,,False,False,,,,,,,False,0,False,500000.0,601306.3249755736,0.0,HISTORICAL_SIM_FILLED,0.181313377355646,False
baseline_no_extra_filter,20251215,A_OR_B,POSITION_OCCUPIED_SKIP,,,,,0.0,601306.3249755736,601306.3249755736,,920576.BJ 天力复合,False,False,,,,,,,False,0,False,500000.0,601306.3249755736,0.0,POSITION_OCCUPIED_SKIP,0.0,False
baseline_no_extra_filter,20251216,NONE,NO_CANDIDATE,,,,,0.0,601306.3249755736,601306.3249755736,,,False,False,,,,,,,False,0,False,500000.0,601306.3249755736,0.0,NO_CANDIDATE,0.0,False
baseline_no_extra_filter,20251217,NONE,NO_CANDIDATE,,,,,0.0,601306.3249755736,601306.3249755736,,,False,False,,,,,,,False,0,False,500000.0,601306.3249755736,0.0,NO_CANDIDATE,0.0,False
baseline_no_extra_filter,20251218,B,HISTORICAL_SIM_FILLED,002865.SZ,钧达股份,sz_main,封单/流通市值偏高,0.0504470845017052,601306.3249755736,631640.475963026,b_conservative_daily_replay,,True,True,,,20251219.0,20251222.0,46.44639999999999,49.4505,False,0,False,500000.0,631640.475963026,0.0,HISTORICAL_SIM_FILLED,0.0504470845017052,False
baseline_no_extra_filter,20251219,A_OR_B,POSITION_OCCUPIED_SKIP,,,,,0.0,631640.475963026,631640.475963026,,002865.SZ 钧达股份,False,False,,,,,,,False,0,False,500000.0,631640.475963026,0.0,POSITION_OCCUPIED_SKIP,0.0,False
baseline_no_extra_filter,20251222,B,HISTORICAL_SIM_FILLED,000407.SZ,胜利股份,sz_main,封单/流通市值偏高,-0.0044660582881684,631640.475963026,628819.5327802087,b_conservative_daily_replay,,True,True,,,20251223.0,20251224.0,5.08508,5.06493,False,0,False,500000.0,631640.475963026,-0.004466058288168373,HISTORICAL_SIM_FILLED,-0.0044660582881684,False
baseline_no_extra_filter,20251223,A_OR_B,POSITION_OCCUPIED_SKIP,,,,,0.0,628819.5327802087,628819.5327802087,,000407.SZ 胜利股份,False,False,,,,,,,False,0,False,500000.0,631640.475963026,-0.004466058288168373,POSITION_OCCUPIED_SKIP,0.0,False
baseline_no_extra_filter,20251224,NONE,NO_CANDIDATE,,,,,0.0,628819.5327802087,628819.5327802087,,,False,False,,,,,,,False,0,False,500000.0,631640.475963026,-0.004466058288168373,NO_CANDIDATE,0.0,False
baseline_no_extra_filter,20251225,B,HISTORICAL_SIM_FILLED,001400.SZ,江顺科技,sz_main,封单/流通市值偏高,0.0241443954214303,628819.5327802087,644002.0002283731,b_conservative_daily_replay,,True,True,,,20251226.0,20251229.0,73.89381999999999,76.24368,False,0,False,500000.0,644002.0002283731,0.0,HISTORICAL_SIM_FILLED,0.0241443954214303,False
baseline_no_extra_filter,20251226,A_OR_B,POSITION_OCCUPIED_SKIP,,,,,0.0,644002.0002283731,644002.0002283731,,001400.SZ 江顺科技,False,False,,,,,,,False,0,False,500000.0,644002.0002283731,0.0,POSITION_OCCUPIED_SKIP,0.0,False
baseline_no_extra_filter,20251229,NONE,NO_CANDIDATE,,,,,0.0,644002.0002283731,644002.0002283731,,,False,False,,,,,,,False,0,False,500000.0,644002.0002283731,0.0,NO_CANDIDATE,0.0,False
baseline_no_extra_filter,20251230,NONE,NO_CANDIDATE,,,,,0.0,644002.0002283731,644002.0002283731,,,False,False,,,,,,,False,0,False,500000.0,644002.0002283731,0.0,NO_CANDIDATE,0.0,False
baseline_no_extra_filter,20251231,A,HISTORICAL_SIM_FILLED,300058.SZ,蓝色光标,chi_next,无,0.1308549259970799,644002.0002283731,728272.8343102284,a_audit_dynamic_account_return,,False,False,,,,,,,False,0,False,500000.0,728272.8343102284,0.0,HISTORICAL_SIM_FILLED,0.1308549259970799,False
baseline_no_extra_filter,20260105,A_OR_B,POSITION_OCCUPIED_SKIP,,,,,0.0,728272.8343102284,728272.8343102284,,300058.SZ 蓝色光标,False,False,,,,,,,False,0,False,500000.0,728272.8343102284,0.0,POSITION_OCCUPIED_SKIP,0.0,False
baseline_no_extra_filter,20260106,B,HISTORICAL_SIM_FILLED,002865.SZ,钧达股份,sz_main,无,0.1586068340080973,728272.8343102284,843781.8828542773,b_conservative_daily_replay,,True,True,,,20260107.0,20260108.0,57.056999999999995,68.46147,False,0,False,500000.0,843781.8828542773,0.0,HISTORICAL_SIM_FILLED,0.1586068340080973,False
baseline_no_extra_filter,20260107,A_OR_B,POSITION_OCCUPIED_SKIP,,,,,0.0,843781.8828542773,843781.8828542773,,002865.SZ 钧达股份,False,False,,,,,,,False,0,False,500000.0,843781.8828542773,0.0,POSITION_OCCUPIED_SKIP,0.0,False
baseline_no_extra_filter,20260108,NONE,NO_CANDIDATE,,,,,0.0,843781.8828542773,843781.8828542773,,,False,False,,,,,,,False,0,False,500000.0,843781.8828542773,0.0,NO_CANDIDATE,0.0,False
baseline_no_extra_filter,20260109,B,HISTORICAL_SIM_FILLED,600410.SH,华胜天成,sh_main,封单/流通市值偏高,-0.0639164001947708,843781.8828542773,789850.3823526661,b_conservative_daily_replay,,True,True,,,20260112.0,20260113.0,21.87185,20.15982,False,0,False,500000.0,843781.8828542773,-0.06391640019477074,HISTORICAL_SIM_FILLED,-0.0639164001947708,False
baseline_no_extra_filter,20260112,A_OR_B,POSITION_OCCUPIED_SKIP,,,,,0.0,789850.3823526661,789850.3823526661,,600410.SH 华胜天成,False,False,,,,,,,False,0,False,500000.0,843781.8828542773,-0.06391640019477074,POSITION_OCCUPIED_SKIP,0.0,False
baseline_no_extra_filter,20260113,NONE,NO_CANDIDATE,,,,,0.0,789850.3823526661,789850.3823526661,,,False,False,,,,,,,False,0,False,500000.0,843781.8828542773,-0.06391640019477074,NO_CANDIDATE,0.0,False
baseline_no_extra_filter,20260114,NONE,NO_CANDIDATE,,,,,0.0,789850.3823526661,789850.3823526661,,,False,False,,,,,,,False,0,False,500000.0,843781.8828542773,-0.06391640019477074,NO_CANDIDATE,0.0,False
baseline_no_extra_filter,20260115,A,HISTORICAL_SIM_FILLED,301629.SZ,矽电股份,chi_next,无,-0.0338313603969523,789850.3823526661,763128.6694076224,a_audit_dynamic_account_return,,False,False,,,,,,,False,0,False,500000.0,843781.8828542773,-0.09558538182145804,HISTORICAL_SIM_FILLED,-0.0338313603969523,False
baseline_no_extra_filter,20260116,A_OR_B,POSITION_OCCUPIED_SKIP,,,,,0.0,763128.6694076224,763128.6694076224,,301629.SZ 矽电股份,False,False,,,,,,,False,0,False,500000.0,843781.8828542773,-0.09558538182145804,POSITION_OCCUPIED_SKIP,0.0,False
baseline_no_extra_filter,20260119,A,HISTORICAL_SIM_FILLED,300658.SZ,延江股份,chi_next,无,0.0681174370165976,763128.6694076224,815111.038481556,a_audit_dynamic_account_return,,False,False,,,,,,,False,0,False,500000.0,843781.8828542773,-0.03397897603079114,HISTORICAL_SIM_FILLED,0.0681174370165976,False
baseline_no_extra_filter,20260120,A_OR_B,POSITION_OCCUPIED_SKIP,,,,,0.0,815111.038481556,815111.038481556,,300658.SZ 延江股份,False,False,,,,,,,False,0,False,500000.0,843781.8828542773,-0.03397897603079114,POSITION_OCCUPIED_SKIP,0.0,False
baseline_no_extra_filter,20260121,NONE,NO_CANDIDATE,,,,,0.0,815111.038481556,815111.038481556,,,False,False,,,,,,,False,0,False,500000.0,843781.8828542773,-0.03397897603079114,NO_CANDIDATE,0.0,False
baseline_no_extra_filter,20260122,NONE,NO_CANDIDATE,,,,,0.0,815111.038481556,815111.038481556,,,False,False,,,,,,,False,0,False,500000.0,843781.8828542773,-0.03397897603079114,NO_CANDIDATE,0.0,False
baseline_no_extra_filter,20260123,A,HISTORICAL_SIM_FILLED,920368.BJ,连城数控,bj,无,0.1027727855059111,815111.038481556,898882.2704029214,a_audit_dynamic_account_return,,False,False,,,,,,,False,0,False,500000.0,898882.2704029214,0.0,HISTORICAL_SIM_FILLED,0.1027727855059111,False
baseline_no_extra_filter,20260126,A_OR_B,POSITION_OCCUPIED_SKIP,,,,,0.0,898882.2704029214,898882.2704029214,,920368.BJ 连城数控,False,False,,,,,,,False,0,False,500000.0,898882.2704029214,0.0,POSITION_OCCUPIED_SKIP,0.0,False
baseline_no_extra_filter,20260127,NONE,NO_CANDIDATE,,,,,0.0,898882.2704029214,898882.2704029214,,,False,False,,,,,,,False,0,False,500000.0,898882.2704029214,0.0,NO_CANDIDATE,0.0,False
baseline_no_extra_filter,20260128,A,HISTORICAL_SIM_FILLED,300164.SZ,通源石油,chi_next,无,0.0457725821591917,898882.2704029214,940026.4329763799,a_audit_dynamic_account_return,,False,False,,,,,,,False,0,False,500000.0,940026.4329763799,0.0,HISTORICAL_SIM_FILLED,0.0457725821591917,False
baseline_no_extra_filter,20260129,A_OR_B,POSITION_OCCUPIED_SKIP,,,,,0.0,940026.4329763799,940026.4329763799,,300164.SZ 通源石油,False,False,,,,,,,False,0,False,500000.0,940026.4329763799,0.0,POSITION_OCCUPIED_SKIP,0.0,False
baseline_no_extra_filter,20260130,NONE,NO_CANDIDATE,,,,,0.0,940026.4329763799,940026.4329763799,,,False,False,,,,,,,False,0,False,500000.0,940026.4329763799,0.0,NO_CANDIDATE,0.0,False
baseline_no_extra_filter,20260202,NONE,NO_CANDIDATE,,,,,0.0,940026.4329763799,940026.4329763799,,,False,False,,,,,,,False,0,False,500000.0,940026.4329763799,0.0,NO_CANDIDATE,0.0,False
baseline_no_extra_filter,20260203,B,HISTORICAL_SIM_FILLED,002471.SZ,中超控股,sz_main,封单/流通市值偏高,0.0081473226348119,940026.4329763799,947685.1316110898,b_conservative_daily_replay,,True,True,,,20260204.0,20260205.0,9.4094,9.52047,False,0,False,500000.0,947685.1316110898,0.0,HISTORICAL_SIM_FILLED,0.0081473226348119,False
baseline_no_extra_filter,20260204,A_OR_B,POSITION_OCCUPIED_SKIP,,,,,0.0,947685.1316110898,947685.1316110898,,002471.SZ 中超控股,False,False,,,,,,,False,0,False,500000.0,947685.1316110898,0.0,POSITION_OCCUPIED_SKIP,0.0,False
baseline_no_extra_filter,20260205,NONE,NO_CANDIDATE,,,,,0.0,947685.1316110898,947685.1316110898,,,False,False,,,,,,,False,0,False,500000.0,947685.1316110898,0.0,NO_CANDIDATE,0.0,False
baseline_no_extra_filter,20260206,NONE,NO_CANDIDATE,,,,,0.0,947685.1316110898,947685.1316110898,,,False,False,,,,,,,False,0,False,500000.0,947685.1316110898,0.0,NO_CANDIDATE,0.0,False
baseline_no_extra_filter,20260209,B,HISTORICAL_SIM_FILLED,601360.SH,三六零,sh_main,LOSS_OVERLAY_WATCH,-0.018776912354669,947685.1316110898,929890.5309550053,b_conservative_daily_replay,,True,True,,,20260210.0,20260211.0,13.08307,12.79719,False,0,False,500000.0,947685.1316110898,-0.01877691235466905,HISTORICAL_SIM_FILLED,-0.018776912354669,False
baseline_no_extra_filter,20260210,A_OR_B,POSITION_OCCUPIED_SKIP,,,,,0.0,929890.5309550053,929890.5309550053,,601360.SH 三六零,False,False,,,,,,,False,0,False,500000.0,947685.1316110898,-0.01877691235466905,POSITION_OCCUPIED_SKIP,0.0,False
baseline_no_extra_filter,20260211,NONE,NO_CANDIDATE,,,,,0.0,929890.5309550053,929890.5309550053,,,False,False,,,,,,,False,0,False,500000.0,947685.1316110898,-0.01877691235466905,NO_CANDIDATE,0.0,False
baseline_no_extra_filter,20260212,NONE,NO_CANDIDATE,,,,,0.0,929890.5309550053,929890.5309550053,,,False,False,,,,,,,False,0,False,500000.0,947685.1316110898,-0.01877691235466905,NO_CANDIDATE,0.0,False
baseline_no_extra_filter,20260213,NONE,NO_CANDIDATE,,,,,0.0,929890.5309550053,929890.5309550053,,,False,False,,,,,,,False,0,False,500000.0,947685.1316110898,-0.01877691235466905,NO_CANDIDATE,0.0,False
baseline_no_extra_filter,20260224,NONE,NO_CANDIDATE,,,,,0.0,929890.5309550053,929890.5309550053,,,False,False,,,,,,,False,0,False,500000.0,947685.1316110898,-0.01877691235466905,NO_CANDIDATE,0.0,False
baseline_no_extra_filter,20260225,NONE,NO_CANDIDATE,,,,,0.0,929890.5309550053,929890.5309550053,,,False,False,,,,,,,False,0,False,500000.0,947685.1316110898,-0.01877691235466905,NO_CANDIDATE,0.0,False
baseline_no_extra_filter,20260226,A,HISTORICAL_SIM_FILLED,300499.SZ,高澜股份,chi_next,无,0.0193948880593092,929890.5309550053,947925.6537102892,a_audit_dynamic_account_return,,False,False,,,,,,,False,0,False,500000.0,947925.6537102892,0.0,HISTORICAL_SIM_FILLED,0.0193948880593092,False
baseline_no_extra_filter,20260227,A_OR_B,POSITION_OCCUPIED_SKIP,,,,,0.0,947925.6537102892,947925.6537102892,,300499.SZ 高澜股份,False,False,,,,,,,False,0,False,500000.0,947925.6537102892,0.0,POSITION_OCCUPIED_SKIP,0.0,False
baseline_no_extra_filter,20260302,B,HISTORICAL_SIM_FILLED,603257.SH,中国瑞林,sh_main,无,-0.0276280322799875,947925.6537102892,921736.333150553,b_conservative_daily_replay,,True,True,,,20260303.0,20260304.0,72.70262999999998,70.30962,False,0,False,500000.0,947925.6537102892,-0.027628032279987447,HISTORICAL_SIM_FILLED,-0.0276280322799875,False
baseline_no_extra_filter,20260303,A_OR_B,POSITION_OCCUPIED_SKIP,,,,,0.0,921736.333150553,921736.333150553,,603257.SH 中国瑞林,False,False,,,,,,,False,0,False,500000.0,947925.6537102892,-0.027628032279987447,POSITION_OCCUPIED_SKIP,0.0,False
baseline_no_extra_filter,20260304,NONE,NO_CANDIDATE,,,,,0.0,921736.333150553,921736.333150553,,,False,False,,,,,,,False,0,False,500000.0,947925.6537102892,-0.027628032279987447,NO_CANDIDATE,0.0,False
baseline_no_extra_filter,20260305,NONE,NO_CANDIDATE,,,,,0.0,921736.333150553,921736.333150553,,,False,False,,,,,,,False,0,False,500000.0,947925.6537102892,-0.027628032279987447,NO_CANDIDATE,0.0,False
baseline_no_extra_filter,20260306,B,HISTORICAL_SIM_FILLED,000509.SZ,华塑控股,sz_main,无,0.0220556483516485,921736.333150553,942065.8255874596,b_conservative_daily_replay,,True,True,,,20260309.0,20260310.0,3.8438399999999993,3.95604,False,0,False,500000.0,947925.6537102892,-0.006181738092954303,HISTORICAL_SIM_FILLED,0.0220556483516485,False
baseline_no_extra_filter,20260309,A_OR_B,POSITION_OCCUPIED_SKIP,,,,,0.0,942065.8255874596,942065.8255874596,,000509.SZ 华塑控股,False,False,,,,,,,False,0,False,500000.0,947925.6537102892,-0.006181738092954303,POSITION_OCCUPIED_SKIP,0.0,False
baseline_no_extra_filter,20260310,NONE,NO_CANDIDATE,,,,,0.0,942065.8255874596,942065.8255874596,,,False,False,,,,,,,False,0,False,500000.0,947925.6537102892,-0.006181738092954303,NO_CANDIDATE,0.0,False
baseline_no_extra_filter,20260311,B,HISTORICAL_SIM_FILLED,603778.SH,国晟科技,sh_main,无,-0.0155491819765248,942065.8255874596,927417.4726315351,b_conservative_daily_replay,,True,True,,,20260312.0,20260313.0,20.840819999999997,20.46951,False,0,False,500000.0,947925.6537102892,-0.021634799098940616,HISTORICAL_SIM_FILLED,-0.0155491819765248,False
baseline_no_extra_filter,20260312,A_OR_B,POSITION_OCCUPIED_SKIP,,,,,0.0,927417.4726315351,927417.4726315351,,603778.SH 国晟科技,False,False,,,,,,,False,0,False,500000.0,947925.6537102892,-0.021634799098940616,POSITION_OCCUPIED_SKIP,0.0,False
baseline_no_extra_filter,20260313,B,HISTORICAL_SIM_FILLED,603248.SH,锡华科技,sh_main,无,0.1419679382777887,927417.4726315351,1059081.0191438317,b_conservative_daily_replay,,True,True,,,20260316.0,20260317.0,28.908879999999996,34.085879999999996,False,0,False,500000.0,1059081.0191438317,0.0,HISTORICAL_SIM_FILLED,0.1419679382777887,False
baseline_no_extra_filter,20260316,A_OR_B,POSITION_OCCUPIED_SKIP,,,,,0.0,1059081.0191438317,1059081.0191438317,,603248.SH 锡华科技,False,False,,,,,,,False,0,False,500000.0,1059081.0191438317,0.0,POSITION_OCCUPIED_SKIP,0.0,False
baseline_no_extra_filter,20260317,NONE,NO_CANDIDATE,,,,,0.0,1059081.0191438317,1059081.0191438317,,,False,False,,,,,,,False,0,False,500000.0,1059081.0191438317,0.0,NO_CANDIDATE,0.0,False
baseline_no_extra_filter,20260318,NONE,NO_CANDIDATE,,,,,0.0,1059081.0191438317,1059081.0191438317,,,False,False,,,,,,,False,0,False,500000.0,1059081.0191438317,0.0,NO_CANDIDATE,0.0,False
baseline_no_extra_filter,20260319,NONE,NO_CANDIDATE,,,,,0.0,1059081.0191438317,1059081.0191438317,,,False,False,,,,,,,False,0,False,500000.0,1059081.0191438317,0.0,NO_CANDIDATE,0.0,False
baseline_no_extra_filter,20260320,NONE,NO_CANDIDATE,,,,,0.0,1059081.0191438317,1059081.0191438317,,,False,False,,,,,,,False,0,False,500000.0,1059081.0191438317,0.0,NO_CANDIDATE,0.0,False
baseline_no_extra_filter,20260323,NONE,NO_CANDIDATE,,,,,0.0,1059081.0191438317,1059081.0191438317,,,False,False,,,,,,,False,0,False,500000.0,1059081.0191438317,0.0,NO_CANDIDATE,0.0,False
baseline_no_extra_filter,20260324,B,HISTORICAL_SIM_FILLED,601016.SH,节能风电,sh_main,无,0.0500117284161621,1059081.0191438317,1112047.4914439651,b_conservative_daily_replay,,True,True,,,20260325.0,20260326.0,4.98498,5.30469,False,0,False,500000.0,1112047.4914439651,0.0,HISTORICAL_SIM_FILLED,0.0500117284161621,False
baseline_no_extra_filter,20260325,A_OR_B,POSITION_OCCUPIED_SKIP,,,,,0.0,1112047.4914439651,1112047.4914439651,,601016.SH 节能风电,False,False,,,,,,,False,0,False,500000.0,1112047.4914439651,0.0,POSITION_OCCUPIED_SKIP,0.0,False
baseline_no_extra_filter,20260326,NONE,NO_CANDIDATE,,,,,0.0,1112047.4914439651,1112047.4914439651,,,False,False,,,,,,,False,0,False,500000.0,1112047.4914439651,0.0,NO_CANDIDATE,0.0,False
baseline_no_extra_filter,20260327,A,HISTORICAL_SIM_FILLED,300204.SZ,舒泰神,chi_next,无,0.0397618491523106,1112047.4914439651,1156264.5560489655,a_audit_dynamic_account_return,,False,False,,,,,,,False,0,False,500000.0,1156264.5560489655,0.0,HISTORICAL_SIM_FILLED,0.0397618491523106,False
baseline_no_extra_filter,20260330,A_OR_B,POSITION_OCCUPIED_SKIP,,,,,0.0,1156264.5560489655,1156264.5560489655,,300204.SZ 舒泰神,False,False,,,,,,,False,0,False,500000.0,1156264.5560489655,0.0,POSITION_OCCUPIED_SKIP,0.0,False
baseline_no_extra_filter,20260331,NONE,NO_CANDIDATE,,,,,0.0,1156264.5560489655,1156264.5560489655,,,False,False,,,,,,,False,0,False,500000.0,1156264.5560489655,0.0,NO_CANDIDATE,0.0,False
baseline_no_extra_filter,20260401,NONE,NO_CANDIDATE,,,,,0.0,1156264.5560489655,1156264.5560489655,,,False,False,,,,,,,False,0,False,500000.0,1156264.5560489655,0.0,NO_CANDIDATE,0.0,False
baseline_no_extra_filter,20260402,NONE,NO_CANDIDATE,,,,,0.0,1156264.5560489655,1156264.5560489655,,,False,False,,,,,,,False,0,False,500000.0,1156264.5560489655,0.0,NO_CANDIDATE,0.0,False
baseline_no_extra_filter,20260403,NONE,NO_CANDIDATE,,,,,0.0,1156264.5560489655,1156264.5560489655,,,False,False,,,,,,,False,0,False,500000.0,1156264.5560489655,0.0,NO_CANDIDATE,0.0,False
baseline_no_extra_filter,20260407,B,HISTORICAL_SIM_FILLED,603090.SH,宏盛股份,sh_main,封单/流通市值偏高,0.0251451337980819,1156264.5560489655,1185338.9830167966,b_conservative_daily_replay,,True,True,,,20260408.0,20260409.0,66.12606,68.31161999999999,False,0,False,500000.0,1185338.9830167966,0.0,HISTORICAL_SIM_FILLED,0.0251451337980819,False
baseline_no_extra_filter,20260408,A_OR_B,POSITION_OCCUPIED_SKIP,,,,,0.0,1185338.9830167966,1185338.9830167966,,603090.SH 宏盛股份,False,False,,,,,,,False,0,False,500000.0,1185338.9830167966,0.0,POSITION_OCCUPIED_SKIP,0.0,False
baseline_no_extra_filter,20260409,A,HISTORICAL_SIM_FILLED,300489.SZ,光智科技,chi_next,无,0.0826627480845445,1185338.9830167966,1283322.3607647044,a_audit_dynamic_account_return,,False,False,,,,,,,False,0,False,500000.0,1283322.3607647044,0.0,HISTORICAL_SIM_FILLED,0.0826627480845445,False
baseline_no_extra_filter,20260410,A_OR_B,POSITION_OCCUPIED_SKIP,,,,,0.0,1283322.3607647044,1283322.3607647044,,300489.SZ 光智科技,False,False,,,,,,,False,0,False,500000.0,1283322.3607647044,0.0,POSITION_OCCUPIED_SKIP,0.0,False
baseline_no_extra_filter,20260413,B,HISTORICAL_SIM_FILLED,000968.SZ,蓝焰控股,sz_main,无,-0.0496262411873839,1283322.3607647044,1219635.8957682324,b_conservative_daily_replay,,True,True,,,20260414.0,20260415.0,10.09008,9.48051,False,0,False,500000.0,1283322.3607647044,-0.04962624118738379,HISTORICAL_SIM_FILLED,-0.0496262411873839,False
baseline_no_extra_filter,20260414,A_OR_B,POSITION_OCCUPIED_SKIP,,,,,0.0,1219635.8957682324,1219635.8957682324,,000968.SZ 蓝焰控股,False,False,,,,,,,False,0,False,500000.0,1283322.3607647044,-0.04962624118738379,POSITION_OCCUPIED_SKIP,0.0,False
baseline_no_extra_filter,20260415,NONE,NO_CANDIDATE,,,,,0.0,1219635.8957682324,1219635.8957682324,,,False,False,,,,,,,False,0,False,500000.0,1283322.3607647044,-0.04962624118738379,NO_CANDIDATE,0.0,False
baseline_no_extra_filter,20260416,B,HISTORICAL_SIM_FILLED,603220.SH,中贝通信,sh_main,无,-0.0440895700662973,1219635.8957682324,1165862.6734863876,b_conservative_daily_replay,,True,True,,,20260417.0,20260420.0,32.59256,30.84912,False,0,False,500000.0,1283322.3607647044,-0.09152781161572299,HISTORICAL_SIM_FILLED,-0.0440895700662973,False
baseline_no_extra_filter,20260417,A_OR_B,POSITION_OCCUPIED_SKIP,,,,,0.0,1165862.6734863876,1165862.6734863876,,603220.SH 中贝通信,False,False,,,,,,,False,0,False,500000.0,1283322.3607647044,-0.09152781161572299,POSITION_OCCUPIED_SKIP,0.0,False
baseline_no_extra_filter,20260420,NONE,NO_CANDIDATE,,,,,0.0,1165862.6734863876,1165862.6734863876,,,False,False,,,,,,,False,0,False,500000.0,1283322.3607647044,-0.09152781161572299,NO_CANDIDATE,0.0,False
baseline_no_extra_filter,20260421,NONE,NO_CANDIDATE,,,,,0.0,1165862.6734863876,1165862.6734863876,,,False,False,,,,,,,False,0,False,500000.0,1283322.3607647044,-0.09152781161572299,NO_CANDIDATE,0.0,False
baseline_no_extra_filter,20260422,NONE,NO_CANDIDATE,,,,,0.0,1165862.6734863876,1165862.6734863876,,,False,False,,,,,,,False,0,False,500000.0,1283322.3607647044,-0.09152781161572299,NO_CANDIDATE,0.0,False
baseline_no_extra_filter,20260423,NONE,NO_CANDIDATE,,,,,0.0,1165862.6734863876,1165862.6734863876,,,False,False,,,,,,,False,0,False,500000.0,1283322.3607647044,-0.09152781161572299,NO_CANDIDATE,0.0,False
baseline_no_extra_filter,20260424,NONE,NO_CANDIDATE,,,,,0.0,1165862.6734863876,1165862.6734863876,,,False,False,,,,,,,False,0,False,500000.0,1283322.3607647044,-0.09152781161572299,NO_CANDIDATE,0.0,False
baseline_no_extra_filter,20260427,B,HISTORICAL_SIM_FILLED,600152.SH,维科技术,sh_main,LOSS_OVERLAY_WATCH,-0.0056380497028743,1165862.6734863876,1159289.4817865454,b_conservative_daily_replay,,True,True,,,20260428.0,20260429.0,14.56455,14.4855,False,0,False,500000.0,1283322.3607647044,-0.09664982296751257,HISTORICAL_SIM_FILLED,-0.0056380497028743,False
baseline_no_extra_filter,20260428,A_OR_B,POSITION_OCCUPIED_SKIP,,,,,0.0,1159289.4817865454,1159289.4817865454,,600152.SH 维科技术,False,False,,,,,,,False,0,False,500000.0,1283322.3607647044,-0.09664982296751257,POSITION_OCCUPIED_SKIP,0.0,False
baseline_no_extra_filter,20260429,NONE,NO_CANDIDATE,,,,,0.0,1159289.4817865454,1159289.4817865454,,,False,False,,,,,,,False,0,False,500000.0,1283322.3607647044,-0.09664982296751257,NO_CANDIDATE,0.0,False
baseline_no_extra_filter,20260430,NONE,NO_CANDIDATE,,,,,0.0,1159289.4817865454,1159289.4817865454,,,False,False,,,,,,,False,0,False,500000.0,1283322.3607647044,-0.09664982296751257,NO_CANDIDATE,0.0,False
baseline_no_extra_filter,20260506,NONE,NO_CANDIDATE,,,,,0.0,1159289.4817865454,1159289.4817865454,,,False,False,,,,,,,False,0,False,500000.0,1283322.3607647044,-0.09664982296751257,NO_CANDIDATE,0.0,False
baseline_no_extra_filter,20260507,B,HISTORICAL_SIM_FILLED,603256.SH,宏和科技,sh_main,无,0.024640485917173,1159289.4817865454,1187854.9379364334,b_conservative_daily_replay,,True,True,,,20260508.0,20260511.0,145.12497999999997,149.83002,False,0,False,500000.0,1283322.3607647044,-0.07439083565206805,HISTORICAL_SIM_FILLED,0.024640485917173,False
baseline_no_extra_filter,20260508,A_OR_B,POSITION_OCCUPIED_SKIP,,,,,0.0,1187854.9379364334,1187854.9379364334,,603256.SH 宏和科技,False,False,,,,,,,False,0,False,500000.0,1283322.3607647044,-0.07439083565206805,POSITION_OCCUPIED_SKIP,0.0,False
baseline_no_extra_filter,20260511,NONE,NO_CANDIDATE,,,,,0.0,1187854.9379364334,1187854.9379364334,,,False,False,,,,,,,False,0,False,500000.0,1283322.3607647044,-0.07439083565206805,NO_CANDIDATE,0.0,False
baseline_no_extra_filter,20260512,NONE,NO_CANDIDATE,,,,,0.0,1187854.9379364334,1187854.9379364334,,,False,False,,,,,,,False,0,False,500000.0,1283322.3607647044,-0.07439083565206805,NO_CANDIDATE,0.0,False
baseline_no_extra_filter,20260513,NONE,NO_CANDIDATE,,,,,0.0,1187854.9379364334,1187854.9379364334,,,False,False,,,,,,,False,0,False,500000.0,1283322.3607647044,-0.07439083565206805,NO_CANDIDATE,0.0,False
baseline_no_extra_filter,20260514,NONE,NO_CANDIDATE,,,,,0.0,1187854.9379364334,1187854.9379364334,,,False,False,,,,,,,False,0,False,500000.0,1283322.3607647044,-0.07439083565206805,NO_CANDIDATE,0.0,False
reject_loss_overlay_watch,20251112,NONE,NO_CANDIDATE,,,,,0.0,500000.0,500000.0,,,False,False,,,,,,,False,0,False,500000.0,500000.0,0.0,NO_CANDIDATE,0.0,False
reject_loss_overlay_watch,20251113,B,HISTORICAL_SIM_FILLED,002780.SZ,三夫户外,sz_main,封单/流通市值偏高,-0.1203192402916928,500000.0,439840.3798541536,b_conservative_daily_replay,,True,True,,,20251114.0,20251118.0,18.308289999999996,15.5844,False,1,False,500000.0,500000.0,-0.12031924029169283,HISTORICAL_SIM_FILLED,-0.1203192402916928,False
reject_loss_overlay_watch,20251114,A_OR_B,POSITION_OCCUPIED_SKIP,,,,,0.0,439840.3798541536,439840.3798541536,,002780.SZ 三夫户外,False,False,,,,,,,False,0,False,500000.0,500000.0,-0.12031924029169283,POSITION_OCCUPIED_SKIP,0.0,False
reject_loss_overlay_watch,20251117,A_OR_B,POSITION_OCCUPIED_SKIP,,,,,0.0,439840.3798541536,439840.3798541536,,002780.SZ 三夫户外,False,False,,,,,,,False,0,False,500000.0,500000.0,-0.12031924029169283,POSITION_OCCUPIED_SKIP,0.0,False
reject_loss_overlay_watch,20251118,NONE,NO_CANDIDATE,,,,,0.0,439840.3798541536,439840.3798541536,,,False,False,,,,,,,False,0,False,500000.0,500000.0,-0.12031924029169283,NO_CANDIDATE,0.0,False
reject_loss_overlay_watch,20251119,NONE,NO_CANDIDATE,,,,,0.0,439840.3798541536,439840.3798541536,,,False,False,,,,,,,False,0,False,500000.0,500000.0,-0.12031924029169283,NO_CANDIDATE,0.0,False
reject_loss_overlay_watch,20251120,A,HISTORICAL_SIM_FILLED,301092.SZ,争光股份,chi_next,无,-0.0505145833968012,439840.3798541536,417622.0263047303,a_audit_dynamic_account_return,,False,False,,,,,,,False,0,False,500000.0,500000.0,-0.16475594739053945,HISTORICAL_SIM_FILLED,-0.0505145833968012,False
reject_loss_overlay_watch,20251121,A_OR_B,POSITION_OCCUPIED_SKIP,,,,,0.0,417622.0263047303,417622.0263047303,,301092.SZ 争光股份,False,False,,,,,,,False,0,False,500000.0,500000.0,-0.16475594739053945,POSITION_OCCUPIED_SKIP,0.0,False
reject_loss_overlay_watch,20251124,NONE,NO_CANDIDATE,,,,,0.0,417622.0263047303,417622.0263047303,,,False,False,,,,,,,False,0,False,500000.0,500000.0,-0.16475594739053945,NO_CANDIDATE,0.0,False
reject_loss_overlay_watch,20251125,A,REVIEW_REQUIRED_PLAN_ONLY,301117.SZ,佳缘科技,chi_next,LOSS_OVERLAY_WATCH,0.0,417622.0263047303,417622.0263047303,manual_review_skip,,False,False,,,,,,,False,0,False,500000.0,500000.0,-0.16475594739053945,REVIEW_REQUIRED_PLAN_ONLY,0.0,False
reject_loss_overlay_watch,20251126,NONE,NO_CANDIDATE,,,,,0.0,417622.0263047303,417622.0263047303,,,False,False,,,,,,,False,0,False,500000.0,500000.0,-0.16475594739053945,NO_CANDIDATE,0.0,False
reject_loss_overlay_watch,20251127,NONE,NO_CANDIDATE,,,,,0.0,417622.0263047303,417622.0263047303,,,False,False,,,,,,,False,0,False,500000.0,500000.0,-0.16475594739053945,NO_CANDIDATE,0.0,False
reject_loss_overlay_watch,20251128,NONE,NO_CANDIDATE,,,,,0.0,417622.0263047303,417622.0263047303,,,False,False,,,,,,,False,0,False,500000.0,500000.0,-0.16475594739053945,NO_CANDIDATE,0.0,False
reject_loss_overlay_watch,20251201,B,HISTORICAL_SIM_FILLED,000078.SZ,海王生物,sz_main,无,0.1483816907303223,417622.0263047303,479589.4886540493,b_conservative_daily_replay,,True,True,,,20251202.0,20251203.0,3.8037999999999994,4.515479999999999,False,0,False,500000.0,500000.0,-0.040821022691901465,HISTORICAL_SIM_FILLED,0.1483816907303223,False
reject_loss_overlay_watch,20251202,A_OR_B,POSITION_OCCUPIED_SKIP,,,,,0.0,479589.4886540493,479589.4886540493,,000078.SZ 海王生物,False,False,,,,,,,False,0,False,500000.0,500000.0,-0.040821022691901465,POSITION_OCCUPIED_SKIP,0.0,False
reject_loss_overlay_watch,20251203,NONE,NO_CANDIDATE,,,,,0.0,479589.4886540493,479589.4886540493,,,False,False,,,,,,,False,0,False,500000.0,500000.0,-0.040821022691901465,NO_CANDIDATE,0.0,False
reject_loss_overlay_watch,20251204,A,HISTORICAL_SIM_FILLED,300946.SZ,恒而达,chi_next,无,0.0291749495998269,479589.4886540493,493581.4878141379,a_audit_dynamic_account_return,,False,False,,,,,,,False,0,False,500000.0,500000.0,-0.012837024371724182,HISTORICAL_SIM_FILLED,0.0291749495998269,False
reject_loss_overlay_watch,20251205,A_OR_B,POSITION_OCCUPIED_SKIP,,,,,0.0,493581.4878141379,493581.4878141379,,300946.SZ 恒而达,False,False,,,,,,,False,0,False,500000.0,500000.0,-0.012837024371724182,POSITION_OCCUPIED_SKIP,0.0,False
reject_loss_overlay_watch,20251208,B,HISTORICAL_SIM_FILLED,000571.SZ,新大洲A,sz_main,无,0.0312685828023009,493581.4878141379,509015.08143553714,b_conservative_daily_replay,,True,True,,,20251209.0,20251210.0,6.316309999999999,6.5734200000000005,False,0,False,500000.0,509015.08143553714,0.0,HISTORICAL_SIM_FILLED,0.0312685828023009,False
reject_loss_overlay_watch,20251209,A_OR_B,POSITION_OCCUPIED_SKIP,,,,,0.0,509015.08143553714,509015.08143553714,,000571.SZ 新大洲A,False,False,,,,,,,False,0,False,500000.0,509015.08143553714,0.0,POSITION_OCCUPIED_SKIP,0.0,False
reject_loss_overlay_watch,20251210,NONE,NO_CANDIDATE,,,,,0.0,509015.08143553714,509015.08143553714,,,False,False,,,,,,,False,0,False,500000.0,509015.08143553714,0.0,NO_CANDIDATE,0.0,False
reject_loss_overlay_watch,20251211,NONE,NO_CANDIDATE,,,,,0.0,509015.08143553714,509015.08143553714,,,False,False,,,,,,,False,0,False,500000.0,509015.08143553714,0.0,NO_CANDIDATE,0.0,False
reject_loss_overlay_watch,20251212,A,HISTORICAL_SIM_FILLED,920576.BJ,天力复合,bj,无,0.181313377355646,509015.08143553714,601306.3249755736,a_audit_dynamic_account_return,,False,False,,,,,,,False,0,False,500000.0,601306.3249755736,0.0,HISTORICAL_SIM_FILLED,0.181313377355646,False
reject_loss_overlay_watch,20251215,A_OR_B,POSITION_OCCUPIED_SKIP,,,,,0.0,601306.3249755736,601306.3249755736,,920576.BJ 天力复合,False,False,,,,,,,False,0,False,500000.0,601306.3249755736,0.0,POSITION_OCCUPIED_SKIP,0.0,False
reject_loss_overlay_watch,20251216,NONE,NO_CANDIDATE,,,,,0.0,601306.3249755736,601306.3249755736,,,False,False,,,,,,,False,0,False,500000.0,601306.3249755736,0.0,NO_CANDIDATE,0.0,False
reject_loss_overlay_watch,20251217,NONE,NO_CANDIDATE,,,,,0.0,601306.3249755736,601306.3249755736,,,False,False,,,,,,,False,0,False,500000.0,601306.3249755736,0.0,NO_CANDIDATE,0.0,False
reject_loss_overlay_watch,20251218,B,HISTORICAL_SIM_FILLED,002865.SZ,钧达股份,sz_main,封单/流通市值偏高,0.0504470845017052,601306.3249755736,631640.475963026,b_conservative_daily_replay,,True,True,,,20251219.0,20251222.0,46.44639999999999,49.4505,False,0,False,500000.0,631640.475963026,0.0,HISTORICAL_SIM_FILLED,0.0504470845017052,False
reject_loss_overlay_watch,20251219,A_OR_B,POSITION_OCCUPIED_SKIP,,,,,0.0,631640.475963026,631640.475963026,,002865.SZ 钧达股份,False,False,,,,,,,False,0,False,500000.0,631640.475963026,0.0,POSITION_OCCUPIED_SKIP,0.0,False
reject_loss_overlay_watch,20251222,B,HISTORICAL_SIM_FILLED,000407.SZ,胜利股份,sz_main,封单/流通市值偏高,-0.0044660582881684,631640.475963026,628819.5327802087,b_conservative_daily_replay,,True,True,,,20251223.0,20251224.0,5.08508,5.06493,False,0,False,500000.0,631640.475963026,-0.004466058288168373,HISTORICAL_SIM_FILLED,-0.0044660582881684,False
reject_loss_overlay_watch,20251223,A_OR_B,POSITION_OCCUPIED_SKIP,,,,,0.0,628819.5327802087,628819.5327802087,,000407.SZ 胜利股份,False,False,,,,,,,False,0,False,500000.0,631640.475963026,-0.004466058288168373,POSITION_OCCUPIED_SKIP,0.0,False
reject_loss_overlay_watch,20251224,NONE,NO_CANDIDATE,,,,,0.0,628819.5327802087,628819.5327802087,,,False,False,,,,,,,False,0,False,500000.0,631640.475963026,-0.004466058288168373,NO_CANDIDATE,0.0,False
reject_loss_overlay_watch,20251225,B,HISTORICAL_SIM_FILLED,001400.SZ,江顺科技,sz_main,封单/流通市值偏高,0.0241443954214303,628819.5327802087,644002.0002283731,b_conservative_daily_replay,,True,True,,,20251226.0,20251229.0,73.89381999999999,76.24368,False,0,False,500000.0,644002.0002283731,0.0,HISTORICAL_SIM_FILLED,0.0241443954214303,False
reject_loss_overlay_watch,20251226,A_OR_B,POSITION_OCCUPIED_SKIP,,,,,0.0,644002.0002283731,644002.0002283731,,001400.SZ 江顺科技,False,False,,,,,,,False,0,False,500000.0,644002.0002283731,0.0,POSITION_OCCUPIED_SKIP,0.0,False
reject_loss_overlay_watch,20251229,NONE,NO_CANDIDATE,,,,,0.0,644002.0002283731,644002.0002283731,,,False,False,,,,,,,False,0,False,500000.0,644002.0002283731,0.0,NO_CANDIDATE,0.0,False
reject_loss_overlay_watch,20251230,NONE,NO_CANDIDATE,,,,,0.0,644002.0002283731,644002.0002283731,,,False,False,,,,,,,False,0,False,500000.0,644002.0002283731,0.0,NO_CANDIDATE,0.0,False
reject_loss_overlay_watch,20251231,A,HISTORICAL_SIM_FILLED,300058.SZ,蓝色光标,chi_next,无,0.1308549259970799,644002.0002283731,728272.8343102284,a_audit_dynamic_account_return,,False,False,,,,,,,False,0,False,500000.0,728272.8343102284,0.0,HISTORICAL_SIM_FILLED,0.1308549259970799,False
reject_loss_overlay_watch,20260105,A_OR_B,POSITION_OCCUPIED_SKIP,,,,,0.0,728272.8343102284,728272.8343102284,,300058.SZ 蓝色光标,False,False,,,,,,,False,0,False,500000.0,728272.8343102284,0.0,POSITION_OCCUPIED_SKIP,0.0,False
reject_loss_overlay_watch,20260106,B,HISTORICAL_SIM_FILLED,002865.SZ,钧达股份,sz_main,无,0.1586068340080973,728272.8343102284,843781.8828542773,b_conservative_daily_replay,,True,True,,,20260107.0,20260108.0,57.056999999999995,68.46147,False,0,False,500000.0,843781.8828542773,0.0,HISTORICAL_SIM_FILLED,0.1586068340080973,False
reject_loss_overlay_watch,20260107,A_OR_B,POSITION_OCCUPIED_SKIP,,,,,0.0,843781.8828542773,843781.8828542773,,002865.SZ 钧达股份,False,False,,,,,,,False,0,False,500000.0,843781.8828542773,0.0,POSITION_OCCUPIED_SKIP,0.0,False
reject_loss_overlay_watch,20260108,NONE,NO_CANDIDATE,,,,,0.0,843781.8828542773,843781.8828542773,,,False,False,,,,,,,False,0,False,500000.0,843781.8828542773,0.0,NO_CANDIDATE,0.0,False
reject_loss_overlay_watch,20260109,B,HISTORICAL_SIM_FILLED,600410.SH,华胜天成,sh_main,封单/流通市值偏高,-0.0639164001947708,843781.8828542773,789850.3823526661,b_conservative_daily_replay,,True,True,,,20260112.0,20260113.0,21.87185,20.15982,False,0,False,500000.0,843781.8828542773,-0.06391640019477074,HISTORICAL_SIM_FILLED,-0.0639164001947708,False
reject_loss_overlay_watch,20260112,A_OR_B,POSITION_OCCUPIED_SKIP,,,,,0.0,789850.3823526661,789850.3823526661,,600410.SH 华胜天成,False,False,,,,,,,False,0,False,500000.0,843781.8828542773,-0.06391640019477074,POSITION_OCCUPIED_SKIP,0.0,False
reject_loss_overlay_watch,20260113,NONE,NO_CANDIDATE,,,,,0.0,789850.3823526661,789850.3823526661,,,False,False,,,,,,,False,0,False,500000.0,843781.8828542773,-0.06391640019477074,NO_CANDIDATE,0.0,False
reject_loss_overlay_watch,20260114,NONE,NO_CANDIDATE,,,,,0.0,789850.3823526661,789850.3823526661,,,False,False,,,,,,,False,0,False,500000.0,843781.8828542773,-0.06391640019477074,NO_CANDIDATE,0.0,False
reject_loss_overlay_watch,20260115,A,HISTORICAL_SIM_FILLED,301629.SZ,矽电股份,chi_next,无,-0.0338313603969523,789850.3823526661,763128.6694076224,a_audit_dynamic_account_return,,False,False,,,,,,,False,0,False,500000.0,843781.8828542773,-0.09558538182145804,HISTORICAL_SIM_FILLED,-0.0338313603969523,False
reject_loss_overlay_watch,20260116,A_OR_B,POSITION_OCCUPIED_SKIP,,,,,0.0,763128.6694076224,763128.6694076224,,301629.SZ 矽电股份,False,False,,,,,,,False,0,False,500000.0,843781.8828542773,-0.09558538182145804,POSITION_OCCUPIED_SKIP,0.0,False
reject_loss_overlay_watch,20260119,A,HISTORICAL_SIM_FILLED,300658.SZ,延江股份,chi_next,无,0.0681174370165976,763128.6694076224,815111.038481556,a_audit_dynamic_account_return,,False,False,,,,,,,False,0,False,500000.0,843781.8828542773,-0.03397897603079114,HISTORICAL_SIM_FILLED,0.0681174370165976,False
reject_loss_overlay_watch,20260120,A_OR_B,POSITION_OCCUPIED_SKIP,,,,,0.0,815111.038481556,815111.038481556,,300658.SZ 延江股份,False,False,,,,,,,False,0,False,500000.0,843781.8828542773,-0.03397897603079114,POSITION_OCCUPIED_SKIP,0.0,False
reject_loss_overlay_watch,20260121,NONE,NO_CANDIDATE,,,,,0.0,815111.038481556,815111.038481556,,,False,False,,,,,,,False,0,False,500000.0,843781.8828542773,-0.03397897603079114,NO_CANDIDATE,0.0,False
reject_loss_overlay_watch,20260122,NONE,NO_CANDIDATE,,,,,0.0,815111.038481556,815111.038481556,,,False,False,,,,,,,False,0,False,500000.0,843781.8828542773,-0.03397897603079114,NO_CANDIDATE,0.0,False
reject_loss_overlay_watch,20260123,A,HISTORICAL_SIM_FILLED,920368.BJ,连城数控,bj,无,0.1027727855059111,815111.038481556,898882.2704029214,a_audit_dynamic_account_return,,False,False,,,,,,,False,0,False,500000.0,898882.2704029214,0.0,HISTORICAL_SIM_FILLED,0.1027727855059111,False
reject_loss_overlay_watch,20260126,A_OR_B,POSITION_OCCUPIED_SKIP,,,,,0.0,898882.2704029214,898882.2704029214,,920368.BJ 连城数控,False,False,,,,,,,False,0,False,500000.0,898882.2704029214,0.0,POSITION_OCCUPIED_SKIP,0.0,False
reject_loss_overlay_watch,20260127,NONE,NO_CANDIDATE,,,,,0.0,898882.2704029214,898882.2704029214,,,False,False,,,,,,,False,0,False,500000.0,898882.2704029214,0.0,NO_CANDIDATE,0.0,False
reject_loss_overlay_watch,20260128,A,HISTORICAL_SIM_FILLED,300164.SZ,通源石油,chi_next,无,0.0457725821591917,898882.2704029214,940026.4329763799,a_audit_dynamic_account_return,,False,False,,,,,,,False,0,False,500000.0,940026.4329763799,0.0,HISTORICAL_SIM_FILLED,0.0457725821591917,False
reject_loss_overlay_watch,20260129,A_OR_B,POSITION_OCCUPIED_SKIP,,,,,0.0,940026.4329763799,940026.4329763799,,300164.SZ 通源石油,False,False,,,,,,,False,0,False,500000.0,940026.4329763799,0.0,POSITION_OCCUPIED_SKIP,0.0,False
reject_loss_overlay_watch,20260130,NONE,NO_CANDIDATE,,,,,0.0,940026.4329763799,940026.4329763799,,,False,False,,,,,,,False,0,False,500000.0,940026.4329763799,0.0,NO_CANDIDATE,0.0,False
reject_loss_overlay_watch,20260202,NONE,NO_CANDIDATE,,,,,0.0,940026.4329763799,940026.4329763799,,,False,False,,,,,,,False,0,False,500000.0,940026.4329763799,0.0,NO_CANDIDATE,0.0,False
reject_loss_overlay_watch,20260203,B,HISTORICAL_SIM_FILLED,002471.SZ,中超控股,sz_main,封单/流通市值偏高,0.0081473226348119,940026.4329763799,947685.1316110898,b_conservative_daily_replay,,True,True,,,20260204.0,20260205.0,9.4094,9.52047,False,0,False,500000.0,947685.1316110898,0.0,HISTORICAL_SIM_FILLED,0.0081473226348119,False
reject_loss_overlay_watch,20260204,A_OR_B,POSITION_OCCUPIED_SKIP,,,,,0.0,947685.1316110898,947685.1316110898,,002471.SZ 中超控股,False,False,,,,,,,False,0,False,500000.0,947685.1316110898,0.0,POSITION_OCCUPIED_SKIP,0.0,False
reject_loss_overlay_watch,20260205,NONE,NO_CANDIDATE,,,,,0.0,947685.1316110898,947685.1316110898,,,False,False,,,,,,,False,0,False,500000.0,947685.1316110898,0.0,NO_CANDIDATE,0.0,False
reject_loss_overlay_watch,20260206,NONE,NO_CANDIDATE,,,,,0.0,947685.1316110898,947685.1316110898,,,False,False,,,,,,,False,0,False,500000.0,947685.1316110898,0.0,NO_CANDIDATE,0.0,False
reject_loss_overlay_watch,20260209,B,B_RISK_FILTERED_SKIP,601360.SH,三六零,sh_main,LOSS_OVERLAY_WATCH,0.0,947685.1316110898,947685.1316110898,b_conservative_daily_replay,,True,True,,,20260210.0,20260211.0,13.08307,12.79719,False,0,False,500000.0,947685.1316110898,0.0,HISTORICAL_SIM_FILLED,-0.018776912354669,True
reject_loss_overlay_watch,20260210,A_OR_B,POSITION_OCCUPIED_SKIP,,,,,0.0,947685.1316110898,947685.1316110898,,601360.SH 三六零,False,False,,,,,,,False,0,False,500000.0,947685.1316110898,0.0,POSITION_OCCUPIED_SKIP,0.0,False
reject_loss_overlay_watch,20260211,NONE,NO_CANDIDATE,,,,,0.0,947685.1316110898,947685.1316110898,,,False,False,,,,,,,False,0,False,500000.0,947685.1316110898,0.0,NO_CANDIDATE,0.0,False
reject_loss_overlay_watch,20260212,NONE,NO_CANDIDATE,,,,,0.0,947685.1316110898,947685.1316110898,,,False,False,,,,,,,False,0,False,500000.0,947685.1316110898,0.0,NO_CANDIDATE,0.0,False
reject_loss_overlay_watch,20260213,NONE,NO_CANDIDATE,,,,,0.0,947685.1316110898,947685.1316110898,,,False,False,,,,,,,False,0,False,500000.0,947685.1316110898,0.0,NO_CANDIDATE,0.0,False
reject_loss_overlay_watch,20260224,NONE,NO_CANDIDATE,,,,,0.0,947685.1316110898,947685.1316110898,,,False,False,,,,,,,False,0,False,500000.0,947685.1316110898,0.0,NO_CANDIDATE,0.0,False
reject_loss_overlay_watch,20260225,NONE,NO_CANDIDATE,,,,,0.0,947685.1316110898,947685.1316110898,,,False,False,,,,,,,False,0,False,500000.0,947685.1316110898,0.0,NO_CANDIDATE,0.0,False
reject_loss_overlay_watch,20260226,A,HISTORICAL_SIM_FILLED,300499.SZ,高澜股份,chi_next,无,0.0193948880593092,947685.1316110898,966065.3786541586,a_audit_dynamic_account_return,,False,False,,,,,,,False,0,False,500000.0,966065.3786541586,0.0,HISTORICAL_SIM_FILLED,0.0193948880593092,False
reject_loss_overlay_watch,20260227,A_OR_B,POSITION_OCCUPIED_SKIP,,,,,0.0,966065.3786541586,966065.3786541586,,300499.SZ 高澜股份,False,False,,,,,,,False,0,False,500000.0,966065.3786541586,0.0,POSITION_OCCUPIED_SKIP,0.0,False
reject_loss_overlay_watch,20260302,B,HISTORICAL_SIM_FILLED,603257.SH,中国瑞林,sh_main,无,-0.0276280322799875,966065.3786541586,939374.8931881231,b_conservative_daily_replay,,True,True,,,20260303.0,20260304.0,72.70262999999998,70.30962,False,0,False,500000.0,966065.3786541586,-0.027628032279987447,HISTORICAL_SIM_FILLED,-0.0276280322799875,False
reject_loss_overlay_watch,20260303,A_OR_B,POSITION_OCCUPIED_SKIP,,,,,0.0,939374.8931881231,939374.8931881231,,603257.SH 中国瑞林,False,False,,,,,,,False,0,False,500000.0,966065.3786541586,-0.027628032279987447,POSITION_OCCUPIED_SKIP,0.0,False
reject_loss_overlay_watch,20260304,NONE,NO_CANDIDATE,,,,,0.0,939374.8931881231,939374.8931881231,,,False,False,,,,,,,False,0,False,500000.0,966065.3786541586,-0.027628032279987447,NO_CANDIDATE,0.0,False
reject_loss_overlay_watch,20260305,NONE,NO_CANDIDATE,,,,,0.0,939374.8931881231,939374.8931881231,,,False,False,,,,,,,False,0,False,500000.0,966065.3786541586,-0.027628032279987447,NO_CANDIDATE,0.0,False
reject_loss_overlay_watch,20260306,B,HISTORICAL_SIM_FILLED,000509.SZ,华塑控股,sz_main,无,0.0220556483516485,939374.8931881231,960093.4155026478,b_conservative_daily_replay,,True,True,,,20260309.0,20260310.0,3.8438399999999993,3.95604,False,0,False,500000.0,966065.3786541586,-0.006181738092954414,HISTORICAL_SIM_FILLED,0.0220556483516485,False
reject_loss_overlay_watch,20260309,A_OR_B,POSITION_OCCUPIED_SKIP,,,,,0.0,960093.4155026478,960093.4155026478,,000509.SZ 华塑控股,False,False,,,,,,,False,0,False,500000.0,966065.3786541586,-0.006181738092954414,POSITION_OCCUPIED_SKIP,0.0,False
reject_loss_overlay_watch,20260310,NONE,NO_CANDIDATE,,,,,0.0,960093.4155026478,960093.4155026478,,,False,False,,,,,,,False,0,False,500000.0,966065.3786541586,-0.006181738092954414,NO_CANDIDATE,0.0,False
reject_loss_overlay_watch,20260311,B,HISTORICAL_SIM_FILLED,603778.SH,国晟科技,sh_main,无,-0.0155491819765248,960093.4155026478,945164.7482705339,b_conservative_daily_replay,,True,True,,,20260312.0,20260313.0,20.840819999999997,20.46951,False,0,False,500000.0,966065.3786541586,-0.021634799098940616,HISTORICAL_SIM_FILLED,-0.0155491819765248,False
reject_loss_overlay_watch,20260312,A_OR_B,POSITION_OCCUPIED_SKIP,,,,,0.0,945164.7482705339,945164.7482705339,,603778.SH 国晟科技,False,False,,,,,,,False,0,False,500000.0,966065.3786541586,-0.021634799098940616,POSITION_OCCUPIED_SKIP,0.0,False
reject_loss_overlay_watch,20260313,B,HISTORICAL_SIM_FILLED,603248.SH,锡华科技,sh_main,无,0.1419679382777887,945164.7482705339,1079347.8389153467,b_conservative_daily_replay,,True,True,,,20260316.0,20260317.0,28.908879999999996,34.085879999999996,False,0,False,500000.0,1079347.8389153467,0.0,HISTORICAL_SIM_FILLED,0.1419679382777887,False
reject_loss_overlay_watch,20260316,A_OR_B,POSITION_OCCUPIED_SKIP,,,,,0.0,1079347.8389153467,1079347.8389153467,,603248.SH 锡华科技,False,False,,,,,,,False,0,False,500000.0,1079347.8389153467,0.0,POSITION_OCCUPIED_SKIP,0.0,False
reject_loss_overlay_watch,20260317,NONE,NO_CANDIDATE,,,,,0.0,1079347.8389153467,1079347.8389153467,,,False,False,,,,,,,False,0,False,500000.0,1079347.8389153467,0.0,NO_CANDIDATE,0.0,False
reject_loss_overlay_watch,20260318,NONE,NO_CANDIDATE,,,,,0.0,1079347.8389153467,1079347.8389153467,,,False,False,,,,,,,False,0,False,500000.0,1079347.8389153467,0.0,NO_CANDIDATE,0.0,False
reject_loss_overlay_watch,20260319,NONE,NO_CANDIDATE,,,,,0.0,1079347.8389153467,1079347.8389153467,,,False,False,,,,,,,False,0,False,500000.0,1079347.8389153467,0.0,NO_CANDIDATE,0.0,False
reject_loss_overlay_watch,20260320,NONE,NO_CANDIDATE,,,,,0.0,1079347.8389153467,1079347.8389153467,,,False,False,,,,,,,False,0,False,500000.0,1079347.8389153467,0.0,NO_CANDIDATE,0.0,False
reject_loss_overlay_watch,20260323,NONE,NO_CANDIDATE,,,,,0.0,1079347.8389153467,1079347.8389153467,,,False,False,,,,,,,False,0,False,500000.0,1079347.8389153467,0.0,NO_CANDIDATE,0.0,False
reject_loss_overlay_watch,20260324,B,HISTORICAL_SIM_FILLED,601016.SH,节能风电,sh_main,无,0.0500117284161621,1079347.8389153467,1133327.8899017524,b_conservative_daily_replay,,True,True,,,20260325.0,20260326.0,4.98498,5.30469,False,0,False,500000.0,1133327.8899017524,0.0,HISTORICAL_SIM_FILLED,0.0500117284161621,False
reject_loss_overlay_watch,20260325,A_OR_B,POSITION_OCCUPIED_SKIP,,,,,0.0,1133327.8899017524,1133327.8899017524,,601016.SH 节能风电,False,False,,,,,,,False,0,False,500000.0,1133327.8899017524,0.0,POSITION_OCCUPIED_SKIP,0.0,False
reject_loss_overlay_watch,20260326,NONE,NO_CANDIDATE,,,,,0.0,1133327.8899017524,1133327.8899017524,,,False,False,,,,,,,False,0,False,500000.0,1133327.8899017524,0.0,NO_CANDIDATE,0.0,False
reject_loss_overlay_watch,20260327,A,HISTORICAL_SIM_FILLED,300204.SZ,舒泰神,chi_next,无,0.0397618491523106,1133327.8899017524,1178391.1025001323,a_audit_dynamic_account_return,,False,False,,,,,,,False,0,False,500000.0,1178391.1025001323,0.0,HISTORICAL_SIM_FILLED,0.0397618491523106,False
reject_loss_overlay_watch,20260330,A_OR_B,POSITION_OCCUPIED_SKIP,,,,,0.0,1178391.1025001323,1178391.1025001323,,300204.SZ 舒泰神,False,False,,,,,,,False,0,False,500000.0,1178391.1025001323,0.0,POSITION_OCCUPIED_SKIP,0.0,False
reject_loss_overlay_watch,20260331,NONE,NO_CANDIDATE,,,,,0.0,1178391.1025001323,1178391.1025001323,,,False,False,,,,,,,False,0,False,500000.0,1178391.1025001323,0.0,NO_CANDIDATE,0.0,False
reject_loss_overlay_watch,20260401,NONE,NO_CANDIDATE,,,,,0.0,1178391.1025001323,1178391.1025001323,,,False,False,,,,,,,False,0,False,500000.0,1178391.1025001323,0.0,NO_CANDIDATE,0.0,False
reject_loss_overlay_watch,20260402,NONE,NO_CANDIDATE,,,,,0.0,1178391.1025001323,1178391.1025001323,,,False,False,,,,,,,False,0,False,500000.0,1178391.1025001323,0.0,NO_CANDIDATE,0.0,False
reject_loss_overlay_watch,20260403,NONE,NO_CANDIDATE,,,,,0.0,1178391.1025001323,1178391.1025001323,,,False,False,,,,,,,False,0,False,500000.0,1178391.1025001323,0.0,NO_CANDIDATE,0.0,False
reject_loss_overlay_watch,20260407,B,HISTORICAL_SIM_FILLED,603090.SH,宏盛股份,sh_main,封单/流通市值偏高,0.0251451337980819,1178391.1025001323,1208021.9044389674,b_conservative_daily_replay,,True,True,,,20260408.0,20260409.0,66.12606,68.31161999999999,False,0,False,500000.0,1208021.9044389674,0.0,HISTORICAL_SIM_FILLED,0.0251451337980819,False
reject_loss_overlay_watch,20260408,A_OR_B,POSITION_OCCUPIED_SKIP,,,,,0.0,1208021.9044389674,1208021.9044389674,,603090.SH 宏盛股份,False,False,,,,,,,False,0,False,500000.0,1208021.9044389674,0.0,POSITION_OCCUPIED_SKIP,0.0,False
reject_loss_overlay_watch,20260409,A,HISTORICAL_SIM_FILLED,300489.SZ,光智科技,chi_next,无,0.0826627480845445,1208021.9044389674,1307880.3148062176,a_audit_dynamic_account_return,,False,False,,,,,,,False,0,False,500000.0,1307880.3148062176,0.0,HISTORICAL_SIM_FILLED,0.0826627480845445,False
reject_loss_overlay_watch,20260410,A_OR_B,POSITION_OCCUPIED_SKIP,,,,,0.0,1307880.3148062176,1307880.3148062176,,300489.SZ 光智科技,False,False,,,,,,,False,0,False,500000.0,1307880.3148062176,0.0,POSITION_OCCUPIED_SKIP,0.0,False
reject_loss_overlay_watch,20260413,B,HISTORICAL_SIM_FILLED,000968.SZ,蓝焰控股,sz_main,无,-0.0496262411873839,1307880.3148062176,1242975.1308594127,b_conservative_daily_replay,,True,True,,,20260414.0,20260415.0,10.09008,9.48051,False,0,False,500000.0,1307880.3148062176,-0.04962624118738379,HISTORICAL_SIM_FILLED,-0.0496262411873839,False
reject_loss_overlay_watch,20260414,A_OR_B,POSITION_OCCUPIED_SKIP,,,,,0.0,1242975.1308594127,1242975.1308594127,,000968.SZ 蓝焰控股,False,False,,,,,,,False,0,False,500000.0,1307880.3148062176,-0.04962624118738379,POSITION_OCCUPIED_SKIP,0.0,False
reject_loss_overlay_watch,20260415,NONE,NO_CANDIDATE,,,,,0.0,1242975.1308594127,1242975.1308594127,,,False,False,,,,,,,False,0,False,500000.0,1307880.3148062176,-0.04962624118738379,NO_CANDIDATE,0.0,False
reject_loss_overlay_watch,20260416,B,HISTORICAL_SIM_FILLED,603220.SH,中贝通信,sh_main,无,-0.0440895700662973,1242975.1308594127,1188172.8917367216,b_conservative_daily_replay,,True,True,,,20260417.0,20260420.0,32.59256,30.84912,False,0,False,500000.0,1307880.3148062176,-0.09152781161572299,HISTORICAL_SIM_FILLED,-0.0440895700662973,False
reject_loss_overlay_watch,20260417,A_OR_B,POSITION_OCCUPIED_SKIP,,,,,0.0,1188172.8917367216,1188172.8917367216,,603220.SH 中贝通信,False,False,,,,,,,False,0,False,500000.0,1307880.3148062176,-0.09152781161572299,POSITION_OCCUPIED_SKIP,0.0,False
reject_loss_overlay_watch,20260420,NONE,NO_CANDIDATE,,,,,0.0,1188172.8917367216,1188172.8917367216,,,False,False,,,,,,,False,0,False,500000.0,1307880.3148062176,-0.09152781161572299,NO_CANDIDATE,0.0,False
reject_loss_overlay_watch,20260421,NONE,NO_CANDIDATE,,,,,0.0,1188172.8917367216,1188172.8917367216,,,False,False,,,,,,,False,0,False,500000.0,1307880.3148062176,-0.09152781161572299,NO_CANDIDATE,0.0,False
reject_loss_overlay_watch,20260422,NONE,NO_CANDIDATE,,,,,0.0,1188172.8917367216,1188172.8917367216,,,False,False,,,,,,,False,0,False,500000.0,1307880.3148062176,-0.09152781161572299,NO_CANDIDATE,0.0,False
reject_loss_overlay_watch,20260423,NONE,NO_CANDIDATE,,,,,0.0,1188172.8917367216,1188172.8917367216,,,False,False,,,,,,,False,0,False,500000.0,1307880.3148062176,-0.09152781161572299,NO_CANDIDATE,0.0,False
reject_loss_overlay_watch,20260424,NONE,NO_CANDIDATE,,,,,0.0,1188172.8917367216,1188172.8917367216,,,False,False,,,,,,,False,0,False,500000.0,1307880.3148062176,-0.09152781161572299,NO_CANDIDATE,0.0,False
reject_loss_overlay_watch,20260427,B,B_RISK_FILTERED_SKIP,600152.SH,维科技术,sh_main,LOSS_OVERLAY_WATCH,0.0,1188172.8917367216,1188172.8917367216,b_conservative_daily_replay,,True,True,,,20260428.0,20260429.0,14.56455,14.4855,False,0,False,500000.0,1307880.3148062176,-0.09152781161572299,HISTORICAL_SIM_FILLED,-0.0056380497028743,True
reject_loss_overlay_watch,20260428,A_OR_B,POSITION_OCCUPIED_SKIP,,,,,0.0,1188172.8917367216,1188172.8917367216,,600152.SH 维科技术,False,False,,,,,,,False,0,False,500000.0,1307880.3148062176,-0.09152781161572299,POSITION_OCCUPIED_SKIP,0.0,False
reject_loss_overlay_watch,20260429,NONE,NO_CANDIDATE,,,,,0.0,1188172.8917367216,1188172.8917367216,,,False,False,,,,,,,False,0,False,500000.0,1307880.3148062176,-0.09152781161572299,NO_CANDIDATE,0.0,False
reject_loss_overlay_watch,20260430,NONE,NO_CANDIDATE,,,,,0.0,1188172.8917367216,1188172.8917367216,,,False,False,,,,,,,False,0,False,500000.0,1307880.3148062176,-0.09152781161572299,NO_CANDIDATE,0.0,False
reject_loss_overlay_watch,20260506,NONE,NO_CANDIDATE,,,,,0.0,1188172.8917367216,1188172.8917367216,,,False,False,,,,,,,False,0,False,500000.0,1307880.3148062176,-0.09152781161572299,NO_CANDIDATE,0.0,False
reject_loss_overlay_watch,20260507,B,HISTORICAL_SIM_FILLED,603256.SH,宏和科技,sh_main,无,0.024640485917173,1188172.8917367216,1217450.049142727,b_conservative_daily_replay,,True,True,,,20260508.0,20260511.0,145.12497999999997,149.83002,False,0,False,500000.0,1307880.3148062176,-0.06914261545169698,HISTORICAL_SIM_FILLED,0.024640485917173,False
reject_loss_overlay_watch,20260508,A_OR_B,POSITION_OCCUPIED_SKIP,,,,,0.0,1217450.049142727,1217450.049142727,,603256.SH 宏和科技,False,False,,,,,,,False,0,False,500000.0,1307880.3148062176,-0.06914261545169698,POSITION_OCCUPIED_SKIP,0.0,False
reject_loss_overlay_watch,20260511,NONE,NO_CANDIDATE,,,,,0.0,1217450.049142727,1217450.049142727,,,False,False,,,,,,,False,0,False,500000.0,1307880.3148062176,-0.06914261545169698,NO_CANDIDATE,0.0,False
reject_loss_overlay_watch,20260512,NONE,NO_CANDIDATE,,,,,0.0,1217450.049142727,1217450.049142727,,,False,False,,,,,,,False,0,False,500000.0,1307880.3148062176,-0.06914261545169698,NO_CANDIDATE,0.0,False
reject_loss_overlay_watch,20260513,NONE,NO_CANDIDATE,,,,,0.0,1217450.049142727,1217450.049142727,,,False,False,,,,,,,False,0,False,500000.0,1307880.3148062176,-0.06914261545169698,NO_CANDIDATE,0.0,False
reject_loss_overlay_watch,20260514,NONE,NO_CANDIDATE,,,,,0.0,1217450.049142727,1217450.049142727,,,False,False,,,,,,,False,0,False,500000.0,1307880.3148062176,-0.06914261545169698,NO_CANDIDATE,0.0,False
reject_fd_amount_warn,20251112,NONE,NO_CANDIDATE,,,,,0.0,500000.0,500000.0,,,False,False,,,,,,,False,0,False,500000.0,500000.0,0.0,NO_CANDIDATE,0.0,False
reject_fd_amount_warn,20251113,B,B_RISK_FILTERED_SKIP,002780.SZ,三夫户外,sz_main,封单/流通市值偏高,0.0,500000.0,500000.0,b_conservative_daily_replay,,True,True,,,20251114.0,20251118.0,18.308289999999996,15.5844,False,1,False,500000.0,500000.0,0.0,HISTORICAL_SIM_FILLED,-0.1203192402916928,True
reject_fd_amount_warn,20251114,A_OR_B,POSITION_OCCUPIED_SKIP,,,,,0.0,500000.0,500000.0,,002780.SZ 三夫户外,False,False,,,,,,,False,0,False,500000.0,500000.0,0.0,POSITION_OCCUPIED_SKIP,0.0,False
reject_fd_amount_warn,20251117,A_OR_B,POSITION_OCCUPIED_SKIP,,,,,0.0,500000.0,500000.0,,002780.SZ 三夫户外,False,False,,,,,,,False,0,False,500000.0,500000.0,0.0,POSITION_OCCUPIED_SKIP,0.0,False
reject_fd_amount_warn,20251118,NONE,NO_CANDIDATE,,,,,0.0,500000.0,500000.0,,,False,False,,,,,,,False,0,False,500000.0,500000.0,0.0,NO_CANDIDATE,0.0,False
reject_fd_amount_warn,20251119,NONE,NO_CANDIDATE,,,,,0.0,500000.0,500000.0,,,False,False,,,,,,,False,0,False,500000.0,500000.0,0.0,NO_CANDIDATE,0.0,False
reject_fd_amount_warn,20251120,A,HISTORICAL_SIM_FILLED,301092.SZ,争光股份,chi_next,无,-0.0505145833968012,500000.0,474742.7083015994,a_audit_dynamic_account_return,,False,False,,,,,,,False,0,False,500000.0,500000.0,-0.05051458339680115,HISTORICAL_SIM_FILLED,-0.0505145833968012,False
reject_fd_amount_warn,20251121,A_OR_B,POSITION_OCCUPIED_SKIP,,,,,0.0,474742.7083015994,474742.7083015994,,301092.SZ 争光股份,False,False,,,,,,,False,0,False,500000.0,500000.0,-0.05051458339680115,POSITION_OCCUPIED_SKIP,0.0,False
reject_fd_amount_warn,20251124,NONE,NO_CANDIDATE,,,,,0.0,474742.7083015994,474742.7083015994,,,False,False,,,,,,,False,0,False,500000.0,500000.0,-0.05051458339680115,NO_CANDIDATE,0.0,False
reject_fd_amount_warn,20251125,A,REVIEW_REQUIRED_PLAN_ONLY,301117.SZ,佳缘科技,chi_next,LOSS_OVERLAY_WATCH,0.0,474742.7083015994,474742.7083015994,manual_review_skip,,False,False,,,,,,,False,0,False,500000.0,500000.0,-0.05051458339680115,REVIEW_REQUIRED_PLAN_ONLY,0.0,False
reject_fd_amount_warn,20251126,NONE,NO_CANDIDATE,,,,,0.0,474742.7083015994,474742.7083015994,,,False,False,,,,,,,False,0,False,500000.0,500000.0,-0.05051458339680115,NO_CANDIDATE,0.0,False
reject_fd_amount_warn,20251127,NONE,NO_CANDIDATE,,,,,0.0,474742.7083015994,474742.7083015994,,,False,False,,,,,,,False,0,False,500000.0,500000.0,-0.05051458339680115,NO_CANDIDATE,0.0,False
reject_fd_amount_warn,20251128,NONE,NO_CANDIDATE,,,,,0.0,474742.7083015994,474742.7083015994,,,False,False,,,,,,,False,0,False,500000.0,500000.0,-0.05051458339680115,NO_CANDIDATE,0.0,False
reject_fd_amount_warn,20251201,B,HISTORICAL_SIM_FILLED,000078.SZ,海王生物,sz_main,无,0.1483816907303223,474742.7083015994,545185.834021283,b_conservative_daily_replay,,True,True,,,20251202.0,20251203.0,3.8037999999999994,4.515479999999999,False,0,False,500000.0,545185.834021283,0.0,HISTORICAL_SIM_FILLED,0.1483816907303223,False
reject_fd_amount_warn,20251202,A_OR_B,POSITION_OCCUPIED_SKIP,,,,,0.0,545185.834021283,545185.834021283,,000078.SZ 海王生物,False,False,,,,,,,False,0,False,500000.0,545185.834021283,0.0,POSITION_OCCUPIED_SKIP,0.0,False
reject_fd_amount_warn,20251203,NONE,NO_CANDIDATE,,,,,0.0,545185.834021283,545185.834021283,,,False,False,,,,,,,False,0,False,500000.0,545185.834021283,0.0,NO_CANDIDATE,0.0,False
reject_fd_amount_warn,20251204,A,HISTORICAL_SIM_FILLED,300946.SZ,恒而达,chi_next,无,0.0291749495998269,545185.834021283,561091.6032513934,a_audit_dynamic_account_return,,False,False,,,,,,,False,0,False,500000.0,561091.6032513934,0.0,HISTORICAL_SIM_FILLED,0.0291749495998269,False
reject_fd_amount_warn,20251205,A_OR_B,POSITION_OCCUPIED_SKIP,,,,,0.0,561091.6032513934,561091.6032513934,,300946.SZ 恒而达,False,False,,,,,,,False,0,False,500000.0,561091.6032513934,0.0,POSITION_OCCUPIED_SKIP,0.0,False
reject_fd_amount_warn,20251208,B,HISTORICAL_SIM_FILLED,000571.SZ,新大洲A,sz_main,无,0.0312685828023009,561091.6032513934,578636.1425073354,b_conservative_daily_replay,,True,True,,,20251209.0,20251210.0,6.316309999999999,6.5734200000000005,False,0,False,500000.0,578636.1425073354,0.0,HISTORICAL_SIM_FILLED,0.0312685828023009,False
reject_fd_amount_warn,20251209,A_OR_B,POSITION_OCCUPIED_SKIP,,,,,0.0,578636.1425073354,578636.1425073354,,000571.SZ 新大洲A,False,False,,,,,,,False,0,False,500000.0,578636.1425073354,0.0,POSITION_OCCUPIED_SKIP,0.0,False
reject_fd_amount_warn,20251210,NONE,NO_CANDIDATE,,,,,0.0,578636.1425073354,578636.1425073354,,,False,False,,,,,,,False,0,False,500000.0,578636.1425073354,0.0,NO_CANDIDATE,0.0,False
reject_fd_amount_warn,20251211,NONE,NO_CANDIDATE,,,,,0.0,578636.1425073354,578636.1425073354,,,False,False,,,,,,,False,0,False,500000.0,578636.1425073354,0.0,NO_CANDIDATE,0.0,False
reject_fd_amount_warn,20251212,A,HISTORICAL_SIM_FILLED,920576.BJ,天力复合,bj,无,0.181313377355646,578636.1425073354,683550.6157653834,a_audit_dynamic_account_return,,False,False,,,,,,,False,0,False,500000.0,683550.6157653834,0.0,HISTORICAL_SIM_FILLED,0.181313377355646,False
reject_fd_amount_warn,20251215,A_OR_B,POSITION_OCCUPIED_SKIP,,,,,0.0,683550.6157653834,683550.6157653834,,920576.BJ 天力复合,False,False,,,,,,,False,0,False,500000.0,683550.6157653834,0.0,POSITION_OCCUPIED_SKIP,0.0,False
reject_fd_amount_warn,20251216,NONE,NO_CANDIDATE,,,,,0.0,683550.6157653834,683550.6157653834,,,False,False,,,,,,,False,0,False,500000.0,683550.6157653834,0.0,NO_CANDIDATE,0.0,False
reject_fd_amount_warn,20251217,NONE,NO_CANDIDATE,,,,,0.0,683550.6157653834,683550.6157653834,,,False,False,,,,,,,False,0,False,500000.0,683550.6157653834,0.0,NO_CANDIDATE,0.0,False
reject_fd_amount_warn,20251218,B,B_RISK_FILTERED_SKIP,002865.SZ,钧达股份,sz_main,封单/流通市值偏高,0.0,683550.6157653834,683550.6157653834,b_conservative_daily_replay,,True,True,,,20251219.0,20251222.0,46.44639999999999,49.4505,False,0,False,500000.0,683550.6157653834,0.0,HISTORICAL_SIM_FILLED,0.0504470845017052,True
reject_fd_amount_warn,20251219,A_OR_B,POSITION_OCCUPIED_SKIP,,,,,0.0,683550.6157653834,683550.6157653834,,002865.SZ 钧达股份,False,False,,,,,,,False,0,False,500000.0,683550.6157653834,0.0,POSITION_OCCUPIED_SKIP,0.0,False
reject_fd_amount_warn,20251222,B,B_RISK_FILTERED_SKIP,000407.SZ,胜利股份,sz_main,封单/流通市值偏高,0.0,683550.6157653834,683550.6157653834,b_conservative_daily_replay,,True,True,,,20251223.0,20251224.0,5.08508,5.06493,False,0,False,500000.0,683550.6157653834,0.0,HISTORICAL_SIM_FILLED,-0.0044660582881684,True
reject_fd_amount_warn,20251223,A_OR_B,POSITION_OCCUPIED_SKIP,,,,,0.0,683550.6157653834,683550.6157653834,,000407.SZ 胜利股份,False,False,,,,,,,False,0,False,500000.0,683550.6157653834,0.0,POSITION_OCCUPIED_SKIP,0.0,False
reject_fd_amount_warn,20251224,NONE,NO_CANDIDATE,,,,,0.0,683550.6157653834,683550.6157653834,,,False,False,,,,,,,False,0,False,500000.0,683550.6157653834,0.0,NO_CANDIDATE,0.0,False
reject_fd_amount_warn,20251225,B,B_RISK_FILTERED_SKIP,001400.SZ,江顺科技,sz_main,封单/流通市值偏高,0.0,683550.6157653834,683550.6157653834,b_conservative_daily_replay,,True,True,,,20251226.0,20251229.0,73.89381999999999,76.24368,False,0,False,500000.0,683550.6157653834,0.0,HISTORICAL_SIM_FILLED,0.0241443954214303,True
reject_fd_amount_warn,20251226,A_OR_B,POSITION_OCCUPIED_SKIP,,,,,0.0,683550.6157653834,683550.6157653834,,001400.SZ 江顺科技,False,False,,,,,,,False,0,False,500000.0,683550.6157653834,0.0,POSITION_OCCUPIED_SKIP,0.0,False
reject_fd_amount_warn,20251229,NONE,NO_CANDIDATE,,,,,0.0,683550.6157653834,683550.6157653834,,,False,False,,,,,,,False,0,False,500000.0,683550.6157653834,0.0,NO_CANDIDATE,0.0,False
reject_fd_amount_warn,20251230,NONE,NO_CANDIDATE,,,,,0.0,683550.6157653834,683550.6157653834,,,False,False,,,,,,,False,0,False,500000.0,683550.6157653834,0.0,NO_CANDIDATE,0.0,False
reject_fd_amount_warn,20251231,A,HISTORICAL_SIM_FILLED,300058.SZ,蓝色光标,chi_next,无,0.1308549259970799,683550.6157653834,772996.581006621,a_audit_dynamic_account_return,,False,False,,,,,,,False,0,False,500000.0,772996.581006621,0.0,HISTORICAL_SIM_FILLED,0.1308549259970799,False
reject_fd_amount_warn,20260105,A_OR_B,POSITION_OCCUPIED_SKIP,,,,,0.0,772996.581006621,772996.581006621,,300058.SZ 蓝色光标,False,False,,,,,,,False,0,False,500000.0,772996.581006621,0.0,POSITION_OCCUPIED_SKIP,0.0,False
reject_fd_amount_warn,20260106,B,HISTORICAL_SIM_FILLED,002865.SZ,钧达股份,sz_main,无,0.1586068340080973,772996.581006621,895599.1214191648,b_conservative_daily_replay,,True,True,,,20260107.0,20260108.0,57.056999999999995,68.46147,False,0,False,500000.0,895599.1214191648,0.0,HISTORICAL_SIM_FILLED,0.1586068340080973,False
reject_fd_amount_warn,20260107,A_OR_B,POSITION_OCCUPIED_SKIP,,,,,0.0,895599.1214191648,895599.1214191648,,002865.SZ 钧达股份,False,False,,,,,,,False,0,False,500000.0,895599.1214191648,0.0,POSITION_OCCUPIED_SKIP,0.0,False
reject_fd_amount_warn,20260108,NONE,NO_CANDIDATE,,,,,0.0,895599.1214191648,895599.1214191648,,,False,False,,,,,,,False,0,False,500000.0,895599.1214191648,0.0,NO_CANDIDATE,0.0,False
reject_fd_amount_warn,20260109,B,B_RISK_FILTERED_SKIP,600410.SH,华胜天成,sh_main,封单/流通市值偏高,0.0,895599.1214191648,895599.1214191648,b_conservative_daily_replay,,True,True,,,20260112.0,20260113.0,21.87185,20.15982,False,0,False,500000.0,895599.1214191648,0.0,HISTORICAL_SIM_FILLED,-0.0639164001947708,True
reject_fd_amount_warn,20260112,A_OR_B,POSITION_OCCUPIED_SKIP,,,,,0.0,895599.1214191648,895599.1214191648,,600410.SH 华胜天成,False,False,,,,,,,False,0,False,500000.0,895599.1214191648,0.0,POSITION_OCCUPIED_SKIP,0.0,False
reject_fd_amount_warn,20260113,NONE,NO_CANDIDATE,,,,,0.0,895599.1214191648,895599.1214191648,,,False,False,,,,,,,False,0,False,500000.0,895599.1214191648,0.0,NO_CANDIDATE,0.0,False
reject_fd_amount_warn,20260114,NONE,NO_CANDIDATE,,,,,0.0,895599.1214191648,895599.1214191648,,,False,False,,,,,,,False,0,False,500000.0,895599.1214191648,0.0,NO_CANDIDATE,0.0,False
reject_fd_amount_warn,20260115,A,HISTORICAL_SIM_FILLED,301629.SZ,矽电股份,chi_next,无,-0.0338313603969523,895599.1214191648,865299.7847712392,a_audit_dynamic_account_return,,False,False,,,,,,,False,0,False,500000.0,895599.1214191648,-0.03383136039695234,HISTORICAL_SIM_FILLED,-0.0338313603969523,False
reject_fd_amount_warn,20260116,A_OR_B,POSITION_OCCUPIED_SKIP,,,,,0.0,865299.7847712392,865299.7847712392,,301629.SZ 矽电股份,False,False,,,,,,,False,0,False,500000.0,895599.1214191648,-0.03383136039695234,POSITION_OCCUPIED_SKIP,0.0,False
reject_fd_amount_warn,20260119,A,HISTORICAL_SIM_FILLED,300658.SZ,延江股份,chi_next,无,0.0681174370165976,865299.7847712392,924241.7883608695,a_audit_dynamic_account_return,,False,False,,,,,,,False,0,False,500000.0,924241.7883608695,0.0,HISTORICAL_SIM_FILLED,0.0681174370165976,False
reject_fd_amount_warn,20260120,A_OR_B,POSITION_OCCUPIED_SKIP,,,,,0.0,924241.7883608695,924241.7883608695,,300658.SZ 延江股份,False,False,,,,,,,False,0,False,500000.0,924241.7883608695,0.0,POSITION_OCCUPIED_SKIP,0.0,False
reject_fd_amount_warn,20260121,NONE,NO_CANDIDATE,,,,,0.0,924241.7883608695,924241.7883608695,,,False,False,,,,,,,False,0,False,500000.0,924241.7883608695,0.0,NO_CANDIDATE,0.0,False
reject_fd_amount_warn,20260122,NONE,NO_CANDIDATE,,,,,0.0,924241.7883608695,924241.7883608695,,,False,False,,,,,,,False,0,False,500000.0,924241.7883608695,0.0,NO_CANDIDATE,0.0,False
reject_fd_amount_warn,20260123,A,HISTORICAL_SIM_FILLED,920368.BJ,连城数控,bj,无,0.1027727855059111,924241.7883608695,1019228.6914316808,a_audit_dynamic_account_return,,False,False,,,,,,,False,0,False,500000.0,1019228.6914316808,0.0,HISTORICAL_SIM_FILLED,0.1027727855059111,False
reject_fd_amount_warn,20260126,A_OR_B,POSITION_OCCUPIED_SKIP,,,,,0.0,1019228.6914316808,1019228.6914316808,,920368.BJ 连城数控,False,False,,,,,,,False,0,False,500000.0,1019228.6914316808,0.0,POSITION_OCCUPIED_SKIP,0.0,False
reject_fd_amount_warn,20260127,NONE,NO_CANDIDATE,,,,,0.0,1019228.6914316808,1019228.6914316808,,,False,False,,,,,,,False,0,False,500000.0,1019228.6914316808,0.0,NO_CANDIDATE,0.0,False
reject_fd_amount_warn,20260128,A,HISTORICAL_SIM_FILLED,300164.SZ,通源石油,chi_next,无,0.0457725821591917,1019228.6914316808,1065881.420449243,a_audit_dynamic_account_return,,False,False,,,,,,,False,0,False,500000.0,1065881.420449243,0.0,HISTORICAL_SIM_FILLED,0.0457725821591917,False
reject_fd_amount_warn,20260129,A_OR_B,POSITION_OCCUPIED_SKIP,,,,,0.0,1065881.420449243,1065881.420449243,,300164.SZ 通源石油,False,False,,,,,,,False,0,False,500000.0,1065881.420449243,0.0,POSITION_OCCUPIED_SKIP,0.0,False
reject_fd_amount_warn,20260130,NONE,NO_CANDIDATE,,,,,0.0,1065881.420449243,1065881.420449243,,,False,False,,,,,,,False,0,False,500000.0,1065881.420449243,0.0,NO_CANDIDATE,0.0,False
reject_fd_amount_warn,20260202,NONE,NO_CANDIDATE,,,,,0.0,1065881.420449243,1065881.420449243,,,False,False,,,,,,,False,0,False,500000.0,1065881.420449243,0.0,NO_CANDIDATE,0.0,False
reject_fd_amount_warn,20260203,B,B_RISK_FILTERED_SKIP,002471.SZ,中超控股,sz_main,封单/流通市值偏高,0.0,1065881.420449243,1065881.420449243,b_conservative_daily_replay,,True,True,,,20260204.0,20260205.0,9.4094,9.52047,False,0,False,500000.0,1065881.420449243,0.0,HISTORICAL_SIM_FILLED,0.0081473226348119,True
reject_fd_amount_warn,20260204,A_OR_B,POSITION_OCCUPIED_SKIP,,,,,0.0,1065881.420449243,1065881.420449243,,002471.SZ 中超控股,False,False,,,,,,,False,0,False,500000.0,1065881.420449243,0.0,POSITION_OCCUPIED_SKIP,0.0,False
reject_fd_amount_warn,20260205,NONE,NO_CANDIDATE,,,,,0.0,1065881.420449243,1065881.420449243,,,False,False,,,,,,,False,0,False,500000.0,1065881.420449243,0.0,NO_CANDIDATE,0.0,False
reject_fd_amount_warn,20260206,NONE,NO_CANDIDATE,,,,,0.0,1065881.420449243,1065881.420449243,,,False,False,,,,,,,False,0,False,500000.0,1065881.420449243,0.0,NO_CANDIDATE,0.0,False
reject_fd_amount_warn,20260209,B,HISTORICAL_SIM_FILLED,601360.SH,三六零,sh_main,LOSS_OVERLAY_WATCH,-0.018776912354669,1065881.420449243,1045867.4584369974,b_conservative_daily_replay,,True,True,,,20260210.0,20260211.0,13.08307,12.79719,False,0,False,500000.0,1065881.420449243,-0.01877691235466905,HISTORICAL_SIM_FILLED,-0.018776912354669,False
reject_fd_amount_warn,20260210,A_OR_B,POSITION_OCCUPIED_SKIP,,,,,0.0,1045867.4584369974,1045867.4584369974,,601360.SH 三六零,False,False,,,,,,,False,0,False,500000.0,1065881.420449243,-0.01877691235466905,POSITION_OCCUPIED_SKIP,0.0,False
reject_fd_amount_warn,20260211,NONE,NO_CANDIDATE,,,,,0.0,1045867.4584369974,1045867.4584369974,,,False,False,,,,,,,False,0,False,500000.0,1065881.420449243,-0.01877691235466905,NO_CANDIDATE,0.0,False
reject_fd_amount_warn,20260212,NONE,NO_CANDIDATE,,,,,0.0,1045867.4584369974,1045867.4584369974,,,False,False,,,,,,,False,0,False,500000.0,1065881.420449243,-0.01877691235466905,NO_CANDIDATE,0.0,False
reject_fd_amount_warn,20260213,NONE,NO_CANDIDATE,,,,,0.0,1045867.4584369974,1045867.4584369974,,,False,False,,,,,,,False,0,False,500000.0,1065881.420449243,-0.01877691235466905,NO_CANDIDATE,0.0,False
reject_fd_amount_warn,20260224,NONE,NO_CANDIDATE,,,,,0.0,1045867.4584369974,1045867.4584369974,,,False,False,,,,,,,False,0,False,500000.0,1065881.420449243,-0.01877691235466905,NO_CANDIDATE,0.0,False
reject_fd_amount_warn,20260225,NONE,NO_CANDIDATE,,,,,0.0,1045867.4584369974,1045867.4584369974,,,False,False,,,,,,,False,0,False,500000.0,1065881.420449243,-0.01877691235466905,NO_CANDIDATE,0.0,False
reject_fd_amount_warn,20260226,A,HISTORICAL_SIM_FILLED,300499.SZ,高澜股份,chi_next,无,0.0193948880593092,1045867.4584369974,1066151.940718257,a_audit_dynamic_account_return,,False,False,,,,,,,False,0,False,500000.0,1066151.940718257,0.0,HISTORICAL_SIM_FILLED,0.0193948880593092,False
reject_fd_amount_warn,20260227,A_OR_B,POSITION_OCCUPIED_SKIP,,,,,0.0,1066151.940718257,1066151.940718257,,300499.SZ 高澜股份,False,False,,,,,,,False,0,False,500000.0,1066151.940718257,0.0,POSITION_OCCUPIED_SKIP,0.0,False
reject_fd_amount_warn,20260302,B,HISTORICAL_SIM_FILLED,603257.SH,中国瑞林,sh_main,无,-0.0276280322799875,1066151.940718257,1036696.2604847219,b_conservative_daily_replay,,True,True,,,20260303.0,20260304.0,72.70262999999998,70.30962,False,0,False,500000.0,1066151.940718257,-0.027628032279987447,HISTORICAL_SIM_FILLED,-0.0276280322799875,False
reject_fd_amount_warn,20260303,A_OR_B,POSITION_OCCUPIED_SKIP,,,,,0.0,1036696.2604847219,1036696.2604847219,,603257.SH 中国瑞林,False,False,,,,,,,False,0,False,500000.0,1066151.940718257,-0.027628032279987447,POSITION_OCCUPIED_SKIP,0.0,False
reject_fd_amount_warn,20260304,NONE,NO_CANDIDATE,,,,,0.0,1036696.2604847219,1036696.2604847219,,,False,False,,,,,,,False,0,False,500000.0,1066151.940718257,-0.027628032279987447,NO_CANDIDATE,0.0,False
reject_fd_amount_warn,20260305,NONE,NO_CANDIDATE,,,,,0.0,1036696.2604847219,1036696.2604847219,,,False,False,,,,,,,False,0,False,500000.0,1066151.940718257,-0.027628032279987447,NO_CANDIDATE,0.0,False
reject_fd_amount_warn,20260306,B,HISTORICAL_SIM_FILLED,000509.SZ,华塑控股,sz_main,无,0.0220556483516485,1036696.2604847219,1059561.268653442,b_conservative_daily_replay,,True,True,,,20260309.0,20260310.0,3.8438399999999993,3.95604,False,0,False,500000.0,1066151.940718257,-0.006181738092954303,HISTORICAL_SIM_FILLED,0.0220556483516485,False
reject_fd_amount_warn,20260309,A_OR_B,POSITION_OCCUPIED_SKIP,,,,,0.0,1059561.268653442,1059561.268653442,,000509.SZ 华塑控股,False,False,,,,,,,False,0,False,500000.0,1066151.940718257,-0.006181738092954303,POSITION_OCCUPIED_SKIP,0.0,False
reject_fd_amount_warn,20260310,NONE,NO_CANDIDATE,,,,,0.0,1059561.268653442,1059561.268653442,,,False,False,,,,,,,False,0,False,500000.0,1066151.940718257,-0.006181738092954303,NO_CANDIDATE,0.0,False
reject_fd_amount_warn,20260311,B,HISTORICAL_SIM_FILLED,603778.SH,国晟科技,sh_main,无,-0.0155491819765248,1059561.268653442,1043085.9576718721,b_conservative_daily_replay,,True,True,,,20260312.0,20260313.0,20.840819999999997,20.46951,False,0,False,500000.0,1066151.940718257,-0.021634799098940505,HISTORICAL_SIM_FILLED,-0.0155491819765248,False
reject_fd_amount_warn,20260312,A_OR_B,POSITION_OCCUPIED_SKIP,,,,,0.0,1043085.9576718721,1043085.9576718721,,603778.SH 国晟科技,False,False,,,,,,,False,0,False,500000.0,1066151.940718257,-0.021634799098940505,POSITION_OCCUPIED_SKIP,0.0,False
reject_fd_amount_warn,20260313,B,HISTORICAL_SIM_FILLED,603248.SH,锡华科技,sh_main,无,0.1419679382777887,1043085.9576718721,1191170.7205290606,b_conservative_daily_replay,,True,True,,,20260316.0,20260317.0,28.908879999999996,34.085879999999996,False,0,False,500000.0,1191170.7205290606,0.0,HISTORICAL_SIM_FILLED,0.1419679382777887,False
reject_fd_amount_warn,20260316,A_OR_B,POSITION_OCCUPIED_SKIP,,,,,0.0,1191170.7205290606,1191170.7205290606,,603248.SH 锡华科技,False,False,,,,,,,False,0,False,500000.0,1191170.7205290606,0.0,POSITION_OCCUPIED_SKIP,0.0,False
reject_fd_amount_warn,20260317,NONE,NO_CANDIDATE,,,,,0.0,1191170.7205290606,1191170.7205290606,,,False,False,,,,,,,False,0,False,500000.0,1191170.7205290606,0.0,NO_CANDIDATE,0.0,False
reject_fd_amount_warn,20260318,NONE,NO_CANDIDATE,,,,,0.0,1191170.7205290606,1191170.7205290606,,,False,False,,,,,,,False,0,False,500000.0,1191170.7205290606,0.0,NO_CANDIDATE,0.0,False
reject_fd_amount_warn,20260319,NONE,NO_CANDIDATE,,,,,0.0,1191170.7205290606,1191170.7205290606,,,False,False,,,,,,,False,0,False,500000.0,1191170.7205290606,0.0,NO_CANDIDATE,0.0,False
reject_fd_amount_warn,20260320,NONE,NO_CANDIDATE,,,,,0.0,1191170.7205290606,1191170.7205290606,,,False,False,,,,,,,False,0,False,500000.0,1191170.7205290606,0.0,NO_CANDIDATE,0.0,False
reject_fd_amount_warn,20260323,NONE,NO_CANDIDATE,,,,,0.0,1191170.7205290606,1191170.7205290606,,,False,False,,,,,,,False,0,False,500000.0,1191170.7205290606,0.0,NO_CANDIDATE,0.0,False
reject_fd_amount_warn,20260324,B,HISTORICAL_SIM_FILLED,601016.SH,节能风电,sh_main,无,0.0500117284161621,1191170.7205290606,1250743.227101444,b_conservative_daily_replay,,True,True,,,20260325.0,20260326.0,4.98498,5.30469,False,0,False,500000.0,1250743.227101444,0.0,HISTORICAL_SIM_FILLED,0.0500117284161621,False
reject_fd_amount_warn,20260325,A_OR_B,POSITION_OCCUPIED_SKIP,,,,,0.0,1250743.227101444,1250743.227101444,,601016.SH 节能风电,False,False,,,,,,,False,0,False,500000.0,1250743.227101444,0.0,POSITION_OCCUPIED_SKIP,0.0,False
reject_fd_amount_warn,20260326,NONE,NO_CANDIDATE,,,,,0.0,1250743.227101444,1250743.227101444,,,False,False,,,,,,,False,0,False,500000.0,1250743.227101444,0.0,NO_CANDIDATE,0.0,False
reject_fd_amount_warn,20260327,A,HISTORICAL_SIM_FILLED,300204.SZ,舒泰神,chi_next,无,0.0397618491523106,1250743.227101444,1300475.090625726,a_audit_dynamic_account_return,,False,False,,,,,,,False,0,False,500000.0,1300475.090625726,0.0,HISTORICAL_SIM_FILLED,0.0397618491523106,False
reject_fd_amount_warn,20260330,A_OR_B,POSITION_OCCUPIED_SKIP,,,,,0.0,1300475.090625726,1300475.090625726,,300204.SZ 舒泰神,False,False,,,,,,,False,0,False,500000.0,1300475.090625726,0.0,POSITION_OCCUPIED_SKIP,0.0,False
reject_fd_amount_warn,20260331,NONE,NO_CANDIDATE,,,,,0.0,1300475.090625726,1300475.090625726,,,False,False,,,,,,,False,0,False,500000.0,1300475.090625726,0.0,NO_CANDIDATE,0.0,False
reject_fd_amount_warn,20260401,NONE,NO_CANDIDATE,,,,,0.0,1300475.090625726,1300475.090625726,,,False,False,,,,,,,False,0,False,500000.0,1300475.090625726,0.0,NO_CANDIDATE,0.0,False
reject_fd_amount_warn,20260402,NONE,NO_CANDIDATE,,,,,0.0,1300475.090625726,1300475.090625726,,,False,False,,,,,,,False,0,False,500000.0,1300475.090625726,0.0,NO_CANDIDATE,0.0,False
reject_fd_amount_warn,20260403,NONE,NO_CANDIDATE,,,,,0.0,1300475.090625726,1300475.090625726,,,False,False,,,,,,,False,0,False,500000.0,1300475.090625726,0.0,NO_CANDIDATE,0.0,False
reject_fd_amount_warn,20260407,B,B_RISK_FILTERED_SKIP,603090.SH,宏盛股份,sh_main,封单/流通市值偏高,0.0,1300475.090625726,1300475.090625726,b_conservative_daily_replay,,True,True,,,20260408.0,20260409.0,66.12606,68.31161999999999,False,0,False,500000.0,1300475.090625726,0.0,HISTORICAL_SIM_FILLED,0.0251451337980819,True
reject_fd_amount_warn,20260408,A_OR_B,POSITION_OCCUPIED_SKIP,,,,,0.0,1300475.090625726,1300475.090625726,,603090.SH 宏盛股份,False,False,,,,,,,False,0,False,500000.0,1300475.090625726,0.0,POSITION_OCCUPIED_SKIP,0.0,False
reject_fd_amount_warn,20260409,A,HISTORICAL_SIM_FILLED,300489.SZ,光智科技,chi_next,无,0.0826627480845445,1300475.090625726,1407975.9354323456,a_audit_dynamic_account_return,,False,False,,,,,,,False,0,False,500000.0,1407975.9354323456,0.0,HISTORICAL_SIM_FILLED,0.0826627480845445,False
reject_fd_amount_warn,20260410,A_OR_B,POSITION_OCCUPIED_SKIP,,,,,0.0,1407975.9354323456,1407975.9354323456,,300489.SZ 光智科技,False,False,,,,,,,False,0,False,500000.0,1407975.9354323456,0.0,POSITION_OCCUPIED_SKIP,0.0,False
reject_fd_amount_warn,20260413,B,HISTORICAL_SIM_FILLED,000968.SZ,蓝焰控股,sz_main,无,-0.0496262411873839,1407975.9354323456,1338103.3820745475,b_conservative_daily_replay,,True,True,,,20260414.0,20260415.0,10.09008,9.48051,False,0,False,500000.0,1407975.9354323456,-0.04962624118738401,HISTORICAL_SIM_FILLED,-0.0496262411873839,False
reject_fd_amount_warn,20260414,A_OR_B,POSITION_OCCUPIED_SKIP,,,,,0.0,1338103.3820745475,1338103.3820745475,,000968.SZ 蓝焰控股,False,False,,,,,,,False,0,False,500000.0,1407975.9354323456,-0.04962624118738401,POSITION_OCCUPIED_SKIP,0.0,False
reject_fd_amount_warn,20260415,NONE,NO_CANDIDATE,,,,,0.0,1338103.3820745475,1338103.3820745475,,,False,False,,,,,,,False,0,False,500000.0,1407975.9354323456,-0.04962624118738401,NO_CANDIDATE,0.0,False
reject_fd_amount_warn,20260416,B,HISTORICAL_SIM_FILLED,603220.SH,中贝通信,sh_main,无,-0.0440895700662973,1338103.3820745475,1279106.9792546222,b_conservative_daily_replay,,True,True,,,20260417.0,20260420.0,32.59256,30.84912,False,0,False,500000.0,1407975.9354323456,-0.09152781161572321,HISTORICAL_SIM_FILLED,-0.0440895700662973,False
reject_fd_amount_warn,20260417,A_OR_B,POSITION_OCCUPIED_SKIP,,,,,0.0,1279106.9792546222,1279106.9792546222,,603220.SH 中贝通信,False,False,,,,,,,False,0,False,500000.0,1407975.9354323456,-0.09152781161572321,POSITION_OCCUPIED_SKIP,0.0,False
reject_fd_amount_warn,20260420,NONE,NO_CANDIDATE,,,,,0.0,1279106.9792546222,1279106.9792546222,,,False,False,,,,,,,False,0,False,500000.0,1407975.9354323456,-0.09152781161572321,NO_CANDIDATE,0.0,False
reject_fd_amount_warn,20260421,NONE,NO_CANDIDATE,,,,,0.0,1279106.9792546222,1279106.9792546222,,,False,False,,,,,,,False,0,False,500000.0,1407975.9354323456,-0.09152781161572321,NO_CANDIDATE,0.0,False
reject_fd_amount_warn,20260422,NONE,NO_CANDIDATE,,,,,0.0,1279106.9792546222,1279106.9792546222,,,False,False,,,,,,,False,0,False,500000.0,1407975.9354323456,-0.09152781161572321,NO_CANDIDATE,0.0,False
reject_fd_amount_warn,20260423,NONE,NO_CANDIDATE,,,,,0.0,1279106.9792546222,1279106.9792546222,,,False,False,,,,,,,False,0,False,500000.0,1407975.9354323456,-0.09152781161572321,NO_CANDIDATE,0.0,False
reject_fd_amount_warn,20260424,NONE,NO_CANDIDATE,,,,,0.0,1279106.9792546222,1279106.9792546222,,,False,False,,,,,,,False,0,False,500000.0,1407975.9354323456,-0.09152781161572321,NO_CANDIDATE,0.0,False
reject_fd_amount_warn,20260427,B,HISTORICAL_SIM_FILLED,600152.SH,维科技术,sh_main,LOSS_OVERLAY_WATCH,-0.0056380497028743,1279106.9792546222,1271895.3105302914,b_conservative_daily_replay,,True,True,,,20260428.0,20260429.0,14.56455,14.4855,False,0,False,500000.0,1407975.9354323456,-0.09664982296751268,HISTORICAL_SIM_FILLED,-0.0056380497028743,False
reject_fd_amount_warn,20260428,A_OR_B,POSITION_OCCUPIED_SKIP,,,,,0.0,1271895.3105302914,1271895.3105302914,,600152.SH 维科技术,False,False,,,,,,,False,0,False,500000.0,1407975.9354323456,-0.09664982296751268,POSITION_OCCUPIED_SKIP,0.0,False
reject_fd_amount_warn,20260429,NONE,NO_CANDIDATE,,,,,0.0,1271895.3105302914,1271895.3105302914,,,False,False,,,,,,,False,0,False,500000.0,1407975.9354323456,-0.09664982296751268,NO_CANDIDATE,0.0,False
reject_fd_amount_warn,20260430,NONE,NO_CANDIDATE,,,,,0.0,1271895.3105302914,1271895.3105302914,,,False,False,,,,,,,False,0,False,500000.0,1407975.9354323456,-0.09664982296751268,NO_CANDIDATE,0.0,False
reject_fd_amount_warn,20260506,NONE,NO_CANDIDATE,,,,,0.0,1271895.3105302914,1271895.3105302914,,,False,False,,,,,,,False,0,False,500000.0,1407975.9354323456,-0.09664982296751268,NO_CANDIDATE,0.0,False
reject_fd_amount_warn,20260507,B,HISTORICAL_SIM_FILLED,603256.SH,宏和科技,sh_main,无,0.024640485917173,1271895.3105302914,1303235.4290175315,b_conservative_daily_replay,,True,True,,,20260508.0,20260511.0,145.12497999999997,149.83002,False,0,False,500000.0,1407975.9354323456,-0.07439083565206783,HISTORICAL_SIM_FILLED,0.024640485917173,False
reject_fd_amount_warn,20260508,A_OR_B,POSITION_OCCUPIED_SKIP,,,,,0.0,1303235.4290175315,1303235.4290175315,,603256.SH 宏和科技,False,False,,,,,,,False,0,False,500000.0,1407975.9354323456,-0.07439083565206783,POSITION_OCCUPIED_SKIP,0.0,False
reject_fd_amount_warn,20260511,NONE,NO_CANDIDATE,,,,,0.0,1303235.4290175315,1303235.4290175315,,,False,False,,,,,,,False,0,False,500000.0,1407975.9354323456,-0.07439083565206783,NO_CANDIDATE,0.0,False
reject_fd_amount_warn,20260512,NONE,NO_CANDIDATE,,,,,0.0,1303235.4290175315,1303235.4290175315,,,False,False,,,,,,,False,0,False,500000.0,1407975.9354323456,-0.07439083565206783,NO_CANDIDATE,0.0,False
reject_fd_amount_warn,20260513,NONE,NO_CANDIDATE,,,,,0.0,1303235.4290175315,1303235.4290175315,,,False,False,,,,,,,False,0,False,500000.0,1407975.9354323456,-0.07439083565206783,NO_CANDIDATE,0.0,False
reject_fd_amount_warn,20260514,NONE,NO_CANDIDATE,,,,,0.0,1303235.4290175315,1303235.4290175315,,,False,False,,,,,,,False,0,False,500000.0,1407975.9354323456,-0.07439083565206783,NO_CANDIDATE,0.0,False
reject_fd_1pct_2pct,20251112,NONE,NO_CANDIDATE,,,,,0.0,500000.0,500000.0,,,False,False,,,,,,,False,0,False,500000.0,500000.0,0.0,NO_CANDIDATE,0.0,False
reject_fd_1pct_2pct,20251113,B,B_RISK_FILTERED_SKIP,002780.SZ,三夫户外,sz_main,封单/流通市值偏高,0.0,500000.0,500000.0,b_conservative_daily_replay,,True,True,,,20251114.0,20251118.0,18.308289999999996,15.5844,False,1,False,500000.0,500000.0,0.0,HISTORICAL_SIM_FILLED,-0.1203192402916928,True
reject_fd_1pct_2pct,20251114,A_OR_B,POSITION_OCCUPIED_SKIP,,,,,0.0,500000.0,500000.0,,002780.SZ 三夫户外,False,False,,,,,,,False,0,False,500000.0,500000.0,0.0,POSITION_OCCUPIED_SKIP,0.0,False
reject_fd_1pct_2pct,20251117,A_OR_B,POSITION_OCCUPIED_SKIP,,,,,0.0,500000.0,500000.0,,002780.SZ 三夫户外,False,False,,,,,,,False,0,False,500000.0,500000.0,0.0,POSITION_OCCUPIED_SKIP,0.0,False
reject_fd_1pct_2pct,20251118,NONE,NO_CANDIDATE,,,,,0.0,500000.0,500000.0,,,False,False,,,,,,,False,0,False,500000.0,500000.0,0.0,NO_CANDIDATE,0.0,False
reject_fd_1pct_2pct,20251119,NONE,NO_CANDIDATE,,,,,0.0,500000.0,500000.0,,,False,False,,,,,,,False,0,False,500000.0,500000.0,0.0,NO_CANDIDATE,0.0,False
reject_fd_1pct_2pct,20251120,A,HISTORICAL_SIM_FILLED,301092.SZ,争光股份,chi_next,无,-0.0505145833968012,500000.0,474742.7083015994,a_audit_dynamic_account_return,,False,False,,,,,,,False,0,False,500000.0,500000.0,-0.05051458339680115,HISTORICAL_SIM_FILLED,-0.0505145833968012,False
reject_fd_1pct_2pct,20251121,A_OR_B,POSITION_OCCUPIED_SKIP,,,,,0.0,474742.7083015994,474742.7083015994,,301092.SZ 争光股份,False,False,,,,,,,False,0,False,500000.0,500000.0,-0.05051458339680115,POSITION_OCCUPIED_SKIP,0.0,False
reject_fd_1pct_2pct,20251124,NONE,NO_CANDIDATE,,,,,0.0,474742.7083015994,474742.7083015994,,,False,False,,,,,,,False,0,False,500000.0,500000.0,-0.05051458339680115,NO_CANDIDATE,0.0,False
reject_fd_1pct_2pct,20251125,A,REVIEW_REQUIRED_PLAN_ONLY,301117.SZ,佳缘科技,chi_next,LOSS_OVERLAY_WATCH,0.0,474742.7083015994,474742.7083015994,manual_review_skip,,False,False,,,,,,,False,0,False,500000.0,500000.0,-0.05051458339680115,REVIEW_REQUIRED_PLAN_ONLY,0.0,False
reject_fd_1pct_2pct,20251126,NONE,NO_CANDIDATE,,,,,0.0,474742.7083015994,474742.7083015994,,,False,False,,,,,,,False,0,False,500000.0,500000.0,-0.05051458339680115,NO_CANDIDATE,0.0,False
reject_fd_1pct_2pct,20251127,NONE,NO_CANDIDATE,,,,,0.0,474742.7083015994,474742.7083015994,,,False,False,,,,,,,False,0,False,500000.0,500000.0,-0.05051458339680115,NO_CANDIDATE,0.0,False
reject_fd_1pct_2pct,20251128,NONE,NO_CANDIDATE,,,,,0.0,474742.7083015994,474742.7083015994,,,False,False,,,,,,,False,0,False,500000.0,500000.0,-0.05051458339680115,NO_CANDIDATE,0.0,False
reject_fd_1pct_2pct,20251201,B,HISTORICAL_SIM_FILLED,000078.SZ,海王生物,sz_main,无,0.1483816907303223,474742.7083015994,545185.834021283,b_conservative_daily_replay,,True,True,,,20251202.0,20251203.0,3.8037999999999994,4.515479999999999,False,0,False,500000.0,545185.834021283,0.0,HISTORICAL_SIM_FILLED,0.1483816907303223,False
reject_fd_1pct_2pct,20251202,A_OR_B,POSITION_OCCUPIED_SKIP,,,,,0.0,545185.834021283,545185.834021283,,000078.SZ 海王生物,False,False,,,,,,,False,0,False,500000.0,545185.834021283,0.0,POSITION_OCCUPIED_SKIP,0.0,False
reject_fd_1pct_2pct,20251203,NONE,NO_CANDIDATE,,,,,0.0,545185.834021283,545185.834021283,,,False,False,,,,,,,False,0,False,500000.0,545185.834021283,0.0,NO_CANDIDATE,0.0,False
reject_fd_1pct_2pct,20251204,A,HISTORICAL_SIM_FILLED,300946.SZ,恒而达,chi_next,无,0.0291749495998269,545185.834021283,561091.6032513934,a_audit_dynamic_account_return,,False,False,,,,,,,False,0,False,500000.0,561091.6032513934,0.0,HISTORICAL_SIM_FILLED,0.0291749495998269,False
reject_fd_1pct_2pct,20251205,A_OR_B,POSITION_OCCUPIED_SKIP,,,,,0.0,561091.6032513934,561091.6032513934,,300946.SZ 恒而达,False,False,,,,,,,False,0,False,500000.0,561091.6032513934,0.0,POSITION_OCCUPIED_SKIP,0.0,False
reject_fd_1pct_2pct,20251208,B,HISTORICAL_SIM_FILLED,000571.SZ,新大洲A,sz_main,无,0.0312685828023009,561091.6032513934,578636.1425073354,b_conservative_daily_replay,,True,True,,,20251209.0,20251210.0,6.316309999999999,6.5734200000000005,False,0,False,500000.0,578636.1425073354,0.0,HISTORICAL_SIM_FILLED,0.0312685828023009,False
reject_fd_1pct_2pct,20251209,A_OR_B,POSITION_OCCUPIED_SKIP,,,,,0.0,578636.1425073354,578636.1425073354,,000571.SZ 新大洲A,False,False,,,,,,,False,0,False,500000.0,578636.1425073354,0.0,POSITION_OCCUPIED_SKIP,0.0,False
reject_fd_1pct_2pct,20251210,NONE,NO_CANDIDATE,,,,,0.0,578636.1425073354,578636.1425073354,,,False,False,,,,,,,False,0,False,500000.0,578636.1425073354,0.0,NO_CANDIDATE,0.0,False
reject_fd_1pct_2pct,20251211,NONE,NO_CANDIDATE,,,,,0.0,578636.1425073354,578636.1425073354,,,False,False,,,,,,,False,0,False,500000.0,578636.1425073354,0.0,NO_CANDIDATE,0.0,False
reject_fd_1pct_2pct,20251212,A,HISTORICAL_SIM_FILLED,920576.BJ,天力复合,bj,无,0.181313377355646,578636.1425073354,683550.6157653834,a_audit_dynamic_account_return,,False,False,,,,,,,False,0,False,500000.0,683550.6157653834,0.0,HISTORICAL_SIM_FILLED,0.181313377355646,False
reject_fd_1pct_2pct,20251215,A_OR_B,POSITION_OCCUPIED_SKIP,,,,,0.0,683550.6157653834,683550.6157653834,,920576.BJ 天力复合,False,False,,,,,,,False,0,False,500000.0,683550.6157653834,0.0,POSITION_OCCUPIED_SKIP,0.0,False
reject_fd_1pct_2pct,20251216,NONE,NO_CANDIDATE,,,,,0.0,683550.6157653834,683550.6157653834,,,False,False,,,,,,,False,0,False,500000.0,683550.6157653834,0.0,NO_CANDIDATE,0.0,False
reject_fd_1pct_2pct,20251217,NONE,NO_CANDIDATE,,,,,0.0,683550.6157653834,683550.6157653834,,,False,False,,,,,,,False,0,False,500000.0,683550.6157653834,0.0,NO_CANDIDATE,0.0,False
reject_fd_1pct_2pct,20251218,B,B_RISK_FILTERED_SKIP,002865.SZ,钧达股份,sz_main,封单/流通市值偏高,0.0,683550.6157653834,683550.6157653834,b_conservative_daily_replay,,True,True,,,20251219.0,20251222.0,46.44639999999999,49.4505,False,0,False,500000.0,683550.6157653834,0.0,HISTORICAL_SIM_FILLED,0.0504470845017052,True
reject_fd_1pct_2pct,20251219,A_OR_B,POSITION_OCCUPIED_SKIP,,,,,0.0,683550.6157653834,683550.6157653834,,002865.SZ 钧达股份,False,False,,,,,,,False,0,False,500000.0,683550.6157653834,0.0,POSITION_OCCUPIED_SKIP,0.0,False
reject_fd_1pct_2pct,20251222,B,B_RISK_FILTERED_SKIP,000407.SZ,胜利股份,sz_main,封单/流通市值偏高,0.0,683550.6157653834,683550.6157653834,b_conservative_daily_replay,,True,True,,,20251223.0,20251224.0,5.08508,5.06493,False,0,False,500000.0,683550.6157653834,0.0,HISTORICAL_SIM_FILLED,-0.0044660582881684,True
reject_fd_1pct_2pct,20251223,A_OR_B,POSITION_OCCUPIED_SKIP,,,,,0.0,683550.6157653834,683550.6157653834,,000407.SZ 胜利股份,False,False,,,,,,,False,0,False,500000.0,683550.6157653834,0.0,POSITION_OCCUPIED_SKIP,0.0,False
reject_fd_1pct_2pct,20251224,NONE,NO_CANDIDATE,,,,,0.0,683550.6157653834,683550.6157653834,,,False,False,,,,,,,False,0,False,500000.0,683550.6157653834,0.0,NO_CANDIDATE,0.0,False
reject_fd_1pct_2pct,20251225,B,B_RISK_FILTERED_SKIP,001400.SZ,江顺科技,sz_main,封单/流通市值偏高,0.0,683550.6157653834,683550.6157653834,b_conservative_daily_replay,,True,True,,,20251226.0,20251229.0,73.89381999999999,76.24368,False,0,False,500000.0,683550.6157653834,0.0,HISTORICAL_SIM_FILLED,0.0241443954214303,True
reject_fd_1pct_2pct,20251226,A_OR_B,POSITION_OCCUPIED_SKIP,,,,,0.0,683550.6157653834,683550.6157653834,,001400.SZ 江顺科技,False,False,,,,,,,False,0,False,500000.0,683550.6157653834,0.0,POSITION_OCCUPIED_SKIP,0.0,False
reject_fd_1pct_2pct,20251229,NONE,NO_CANDIDATE,,,,,0.0,683550.6157653834,683550.6157653834,,,False,False,,,,,,,False,0,False,500000.0,683550.6157653834,0.0,NO_CANDIDATE,0.0,False
reject_fd_1pct_2pct,20251230,NONE,NO_CANDIDATE,,,,,0.0,683550.6157653834,683550.6157653834,,,False,False,,,,,,,False,0,False,500000.0,683550.6157653834,0.0,NO_CANDIDATE,0.0,False
reject_fd_1pct_2pct,20251231,A,HISTORICAL_SIM_FILLED,300058.SZ,蓝色光标,chi_next,无,0.1308549259970799,683550.6157653834,772996.581006621,a_audit_dynamic_account_return,,False,False,,,,,,,False,0,False,500000.0,772996.581006621,0.0,HISTORICAL_SIM_FILLED,0.1308549259970799,False
reject_fd_1pct_2pct,20260105,A_OR_B,POSITION_OCCUPIED_SKIP,,,,,0.0,772996.581006621,772996.581006621,,300058.SZ 蓝色光标,False,False,,,,,,,False,0,False,500000.0,772996.581006621,0.0,POSITION_OCCUPIED_SKIP,0.0,False
reject_fd_1pct_2pct,20260106,B,HISTORICAL_SIM_FILLED,002865.SZ,钧达股份,sz_main,无,0.1586068340080973,772996.581006621,895599.1214191648,b_conservative_daily_replay,,True,True,,,20260107.0,20260108.0,57.056999999999995,68.46147,False,0,False,500000.0,895599.1214191648,0.0,HISTORICAL_SIM_FILLED,0.1586068340080973,False
reject_fd_1pct_2pct,20260107,A_OR_B,POSITION_OCCUPIED_SKIP,,,,,0.0,895599.1214191648,895599.1214191648,,002865.SZ 钧达股份,False,False,,,,,,,False,0,False,500000.0,895599.1214191648,0.0,POSITION_OCCUPIED_SKIP,0.0,False
reject_fd_1pct_2pct,20260108,NONE,NO_CANDIDATE,,,,,0.0,895599.1214191648,895599.1214191648,,,False,False,,,,,,,False,0,False,500000.0,895599.1214191648,0.0,NO_CANDIDATE,0.0,False
reject_fd_1pct_2pct,20260109,B,B_RISK_FILTERED_SKIP,600410.SH,华胜天成,sh_main,封单/流通市值偏高,0.0,895599.1214191648,895599.1214191648,b_conservative_daily_replay,,True,True,,,20260112.0,20260113.0,21.87185,20.15982,False,0,False,500000.0,895599.1214191648,0.0,HISTORICAL_SIM_FILLED,-0.0639164001947708,True
reject_fd_1pct_2pct,20260112,A_OR_B,POSITION_OCCUPIED_SKIP,,,,,0.0,895599.1214191648,895599.1214191648,,600410.SH 华胜天成,False,False,,,,,,,False,0,False,500000.0,895599.1214191648,0.0,POSITION_OCCUPIED_SKIP,0.0,False
reject_fd_1pct_2pct,20260113,NONE,NO_CANDIDATE,,,,,0.0,895599.1214191648,895599.1214191648,,,False,False,,,,,,,False,0,False,500000.0,895599.1214191648,0.0,NO_CANDIDATE,0.0,False
reject_fd_1pct_2pct,20260114,NONE,NO_CANDIDATE,,,,,0.0,895599.1214191648,895599.1214191648,,,False,False,,,,,,,False,0,False,500000.0,895599.1214191648,0.0,NO_CANDIDATE,0.0,False
reject_fd_1pct_2pct,20260115,A,HISTORICAL_SIM_FILLED,301629.SZ,矽电股份,chi_next,无,-0.0338313603969523,895599.1214191648,865299.7847712392,a_audit_dynamic_account_return,,False,False,,,,,,,False,0,False,500000.0,895599.1214191648,-0.03383136039695234,HISTORICAL_SIM_FILLED,-0.0338313603969523,False
reject_fd_1pct_2pct,20260116,A_OR_B,POSITION_OCCUPIED_SKIP,,,,,0.0,865299.7847712392,865299.7847712392,,301629.SZ 矽电股份,False,False,,,,,,,False,0,False,500000.0,895599.1214191648,-0.03383136039695234,POSITION_OCCUPIED_SKIP,0.0,False
reject_fd_1pct_2pct,20260119,A,HISTORICAL_SIM_FILLED,300658.SZ,延江股份,chi_next,无,0.0681174370165976,865299.7847712392,924241.7883608695,a_audit_dynamic_account_return,,False,False,,,,,,,False,0,False,500000.0,924241.7883608695,0.0,HISTORICAL_SIM_FILLED,0.0681174370165976,False
reject_fd_1pct_2pct,20260120,A_OR_B,POSITION_OCCUPIED_SKIP,,,,,0.0,924241.7883608695,924241.7883608695,,300658.SZ 延江股份,False,False,,,,,,,False,0,False,500000.0,924241.7883608695,0.0,POSITION_OCCUPIED_SKIP,0.0,False
reject_fd_1pct_2pct,20260121,NONE,NO_CANDIDATE,,,,,0.0,924241.7883608695,924241.7883608695,,,False,False,,,,,,,False,0,False,500000.0,924241.7883608695,0.0,NO_CANDIDATE,0.0,False
reject_fd_1pct_2pct,20260122,NONE,NO_CANDIDATE,,,,,0.0,924241.7883608695,924241.7883608695,,,False,False,,,,,,,False,0,False,500000.0,924241.7883608695,0.0,NO_CANDIDATE,0.0,False
reject_fd_1pct_2pct,20260123,A,HISTORICAL_SIM_FILLED,920368.BJ,连城数控,bj,无,0.1027727855059111,924241.7883608695,1019228.6914316808,a_audit_dynamic_account_return,,False,False,,,,,,,False,0,False,500000.0,1019228.6914316808,0.0,HISTORICAL_SIM_FILLED,0.1027727855059111,False
reject_fd_1pct_2pct,20260126,A_OR_B,POSITION_OCCUPIED_SKIP,,,,,0.0,1019228.6914316808,1019228.6914316808,,920368.BJ 连城数控,False,False,,,,,,,False,0,False,500000.0,1019228.6914316808,0.0,POSITION_OCCUPIED_SKIP,0.0,False
reject_fd_1pct_2pct,20260127,NONE,NO_CANDIDATE,,,,,0.0,1019228.6914316808,1019228.6914316808,,,False,False,,,,,,,False,0,False,500000.0,1019228.6914316808,0.0,NO_CANDIDATE,0.0,False
reject_fd_1pct_2pct,20260128,A,HISTORICAL_SIM_FILLED,300164.SZ,通源石油,chi_next,无,0.0457725821591917,1019228.6914316808,1065881.420449243,a_audit_dynamic_account_return,,False,False,,,,,,,False,0,False,500000.0,1065881.420449243,0.0,HISTORICAL_SIM_FILLED,0.0457725821591917,False
reject_fd_1pct_2pct,20260129,A_OR_B,POSITION_OCCUPIED_SKIP,,,,,0.0,1065881.420449243,1065881.420449243,,300164.SZ 通源石油,False,False,,,,,,,False,0,False,500000.0,1065881.420449243,0.0,POSITION_OCCUPIED_SKIP,0.0,False
reject_fd_1pct_2pct,20260130,NONE,NO_CANDIDATE,,,,,0.0,1065881.420449243,1065881.420449243,,,False,False,,,,,,,False,0,False,500000.0,1065881.420449243,0.0,NO_CANDIDATE,0.0,False
reject_fd_1pct_2pct,20260202,NONE,NO_CANDIDATE,,,,,0.0,1065881.420449243,1065881.420449243,,,False,False,,,,,,,False,0,False,500000.0,1065881.420449243,0.0,NO_CANDIDATE,0.0,False
reject_fd_1pct_2pct,20260203,B,B_RISK_FILTERED_SKIP,002471.SZ,中超控股,sz_main,封单/流通市值偏高,0.0,1065881.420449243,1065881.420449243,b_conservative_daily_replay,,True,True,,,20260204.0,20260205.0,9.4094,9.52047,False,0,False,500000.0,1065881.420449243,0.0,HISTORICAL_SIM_FILLED,0.0081473226348119,True
reject_fd_1pct_2pct,20260204,A_OR_B,POSITION_OCCUPIED_SKIP,,,,,0.0,1065881.420449243,1065881.420449243,,002471.SZ 中超控股,False,False,,,,,,,False,0,False,500000.0,1065881.420449243,0.0,POSITION_OCCUPIED_SKIP,0.0,False
reject_fd_1pct_2pct,20260205,NONE,NO_CANDIDATE,,,,,0.0,1065881.420449243,1065881.420449243,,,False,False,,,,,,,False,0,False,500000.0,1065881.420449243,0.0,NO_CANDIDATE,0.0,False
reject_fd_1pct_2pct,20260206,NONE,NO_CANDIDATE,,,,,0.0,1065881.420449243,1065881.420449243,,,False,False,,,,,,,False,0,False,500000.0,1065881.420449243,0.0,NO_CANDIDATE,0.0,False
reject_fd_1pct_2pct,20260209,B,HISTORICAL_SIM_FILLED,601360.SH,三六零,sh_main,LOSS_OVERLAY_WATCH,-0.018776912354669,1065881.420449243,1045867.4584369974,b_conservative_daily_replay,,True,True,,,20260210.0,20260211.0,13.08307,12.79719,False,0,False,500000.0,1065881.420449243,-0.01877691235466905,HISTORICAL_SIM_FILLED,-0.018776912354669,False
reject_fd_1pct_2pct,20260210,A_OR_B,POSITION_OCCUPIED_SKIP,,,,,0.0,1045867.4584369974,1045867.4584369974,,601360.SH 三六零,False,False,,,,,,,False,0,False,500000.0,1065881.420449243,-0.01877691235466905,POSITION_OCCUPIED_SKIP,0.0,False
reject_fd_1pct_2pct,20260211,NONE,NO_CANDIDATE,,,,,0.0,1045867.4584369974,1045867.4584369974,,,False,False,,,,,,,False,0,False,500000.0,1065881.420449243,-0.01877691235466905,NO_CANDIDATE,0.0,False
reject_fd_1pct_2pct,20260212,NONE,NO_CANDIDATE,,,,,0.0,1045867.4584369974,1045867.4584369974,,,False,False,,,,,,,False,0,False,500000.0,1065881.420449243,-0.01877691235466905,NO_CANDIDATE,0.0,False
reject_fd_1pct_2pct,20260213,NONE,NO_CANDIDATE,,,,,0.0,1045867.4584369974,1045867.4584369974,,,False,False,,,,,,,False,0,False,500000.0,1065881.420449243,-0.01877691235466905,NO_CANDIDATE,0.0,False
reject_fd_1pct_2pct,20260224,NONE,NO_CANDIDATE,,,,,0.0,1045867.4584369974,1045867.4584369974,,,False,False,,,,,,,False,0,False,500000.0,1065881.420449243,-0.01877691235466905,NO_CANDIDATE,0.0,False
reject_fd_1pct_2pct,20260225,NONE,NO_CANDIDATE,,,,,0.0,1045867.4584369974,1045867.4584369974,,,False,False,,,,,,,False,0,False,500000.0,1065881.420449243,-0.01877691235466905,NO_CANDIDATE,0.0,False
reject_fd_1pct_2pct,20260226,A,HISTORICAL_SIM_FILLED,300499.SZ,高澜股份,chi_next,无,0.0193948880593092,1045867.4584369974,1066151.940718257,a_audit_dynamic_account_return,,False,False,,,,,,,False,0,False,500000.0,1066151.940718257,0.0,HISTORICAL_SIM_FILLED,0.0193948880593092,False
reject_fd_1pct_2pct,20260227,A_OR_B,POSITION_OCCUPIED_SKIP,,,,,0.0,1066151.940718257,1066151.940718257,,300499.SZ 高澜股份,False,False,,,,,,,False,0,False,500000.0,1066151.940718257,0.0,POSITION_OCCUPIED_SKIP,0.0,False
reject_fd_1pct_2pct,20260302,B,HISTORICAL_SIM_FILLED,603257.SH,中国瑞林,sh_main,无,-0.0276280322799875,1066151.940718257,1036696.2604847219,b_conservative_daily_replay,,True,True,,,20260303.0,20260304.0,72.70262999999998,70.30962,False,0,False,500000.0,1066151.940718257,-0.027628032279987447,HISTORICAL_SIM_FILLED,-0.0276280322799875,False
reject_fd_1pct_2pct,20260303,A_OR_B,POSITION_OCCUPIED_SKIP,,,,,0.0,1036696.2604847219,1036696.2604847219,,603257.SH 中国瑞林,False,False,,,,,,,False,0,False,500000.0,1066151.940718257,-0.027628032279987447,POSITION_OCCUPIED_SKIP,0.0,False
reject_fd_1pct_2pct,20260304,NONE,NO_CANDIDATE,,,,,0.0,1036696.2604847219,1036696.2604847219,,,False,False,,,,,,,False,0,False,500000.0,1066151.940718257,-0.027628032279987447,NO_CANDIDATE,0.0,False
reject_fd_1pct_2pct,20260305,NONE,NO_CANDIDATE,,,,,0.0,1036696.2604847219,1036696.2604847219,,,False,False,,,,,,,False,0,False,500000.0,1066151.940718257,-0.027628032279987447,NO_CANDIDATE,0.0,False
reject_fd_1pct_2pct,20260306,B,HISTORICAL_SIM_FILLED,000509.SZ,华塑控股,sz_main,无,0.0220556483516485,1036696.2604847219,1059561.268653442,b_conservative_daily_replay,,True,True,,,20260309.0,20260310.0,3.8438399999999993,3.95604,False,0,False,500000.0,1066151.940718257,-0.006181738092954303,HISTORICAL_SIM_FILLED,0.0220556483516485,False
reject_fd_1pct_2pct,20260309,A_OR_B,POSITION_OCCUPIED_SKIP,,,,,0.0,1059561.268653442,1059561.268653442,,000509.SZ 华塑控股,False,False,,,,,,,False,0,False,500000.0,1066151.940718257,-0.006181738092954303,POSITION_OCCUPIED_SKIP,0.0,False
reject_fd_1pct_2pct,20260310,NONE,NO_CANDIDATE,,,,,0.0,1059561.268653442,1059561.268653442,,,False,False,,,,,,,False,0,False,500000.0,1066151.940718257,-0.006181738092954303,NO_CANDIDATE,0.0,False
reject_fd_1pct_2pct,20260311,B,HISTORICAL_SIM_FILLED,603778.SH,国晟科技,sh_main,无,-0.0155491819765248,1059561.268653442,1043085.9576718721,b_conservative_daily_replay,,True,True,,,20260312.0,20260313.0,20.840819999999997,20.46951,False,0,False,500000.0,1066151.940718257,-0.021634799098940505,HISTORICAL_SIM_FILLED,-0.0155491819765248,False
reject_fd_1pct_2pct,20260312,A_OR_B,POSITION_OCCUPIED_SKIP,,,,,0.0,1043085.9576718721,1043085.9576718721,,603778.SH 国晟科技,False,False,,,,,,,False,0,False,500000.0,1066151.940718257,-0.021634799098940505,POSITION_OCCUPIED_SKIP,0.0,False
reject_fd_1pct_2pct,20260313,B,HISTORICAL_SIM_FILLED,603248.SH,锡华科技,sh_main,无,0.1419679382777887,1043085.9576718721,1191170.7205290606,b_conservative_daily_replay,,True,True,,,20260316.0,20260317.0,28.908879999999996,34.085879999999996,False,0,False,500000.0,1191170.7205290606,0.0,HISTORICAL_SIM_FILLED,0.1419679382777887,False
reject_fd_1pct_2pct,20260316,A_OR_B,POSITION_OCCUPIED_SKIP,,,,,0.0,1191170.7205290606,1191170.7205290606,,603248.SH 锡华科技,False,False,,,,,,,False,0,False,500000.0,1191170.7205290606,0.0,POSITION_OCCUPIED_SKIP,0.0,False
reject_fd_1pct_2pct,20260317,NONE,NO_CANDIDATE,,,,,0.0,1191170.7205290606,1191170.7205290606,,,False,False,,,,,,,False,0,False,500000.0,1191170.7205290606,0.0,NO_CANDIDATE,0.0,False
reject_fd_1pct_2pct,20260318,NONE,NO_CANDIDATE,,,,,0.0,1191170.7205290606,1191170.7205290606,,,False,False,,,,,,,False,0,False,500000.0,1191170.7205290606,0.0,NO_CANDIDATE,0.0,False
reject_fd_1pct_2pct,20260319,NONE,NO_CANDIDATE,,,,,0.0,1191170.7205290606,1191170.7205290606,,,False,False,,,,,,,False,0,False,500000.0,1191170.7205290606,0.0,NO_CANDIDATE,0.0,False
reject_fd_1pct_2pct,20260320,NONE,NO_CANDIDATE,,,,,0.0,1191170.7205290606,1191170.7205290606,,,False,False,,,,,,,False,0,False,500000.0,1191170.7205290606,0.0,NO_CANDIDATE,0.0,False
reject_fd_1pct_2pct,20260323,NONE,NO_CANDIDATE,,,,,0.0,1191170.7205290606,1191170.7205290606,,,False,False,,,,,,,False,0,False,500000.0,1191170.7205290606,0.0,NO_CANDIDATE,0.0,False
reject_fd_1pct_2pct,20260324,B,HISTORICAL_SIM_FILLED,601016.SH,节能风电,sh_main,无,0.0500117284161621,1191170.7205290606,1250743.227101444,b_conservative_daily_replay,,True,True,,,20260325.0,20260326.0,4.98498,5.30469,False,0,False,500000.0,1250743.227101444,0.0,HISTORICAL_SIM_FILLED,0.0500117284161621,False
reject_fd_1pct_2pct,20260325,A_OR_B,POSITION_OCCUPIED_SKIP,,,,,0.0,1250743.227101444,1250743.227101444,,601016.SH 节能风电,False,False,,,,,,,False,0,False,500000.0,1250743.227101444,0.0,POSITION_OCCUPIED_SKIP,0.0,False
reject_fd_1pct_2pct,20260326,NONE,NO_CANDIDATE,,,,,0.0,1250743.227101444,1250743.227101444,,,False,False,,,,,,,False,0,False,500000.0,1250743.227101444,0.0,NO_CANDIDATE,0.0,False
reject_fd_1pct_2pct,20260327,A,HISTORICAL_SIM_FILLED,300204.SZ,舒泰神,chi_next,无,0.0397618491523106,1250743.227101444,1300475.090625726,a_audit_dynamic_account_return,,False,False,,,,,,,False,0,False,500000.0,1300475.090625726,0.0,HISTORICAL_SIM_FILLED,0.0397618491523106,False
reject_fd_1pct_2pct,20260330,A_OR_B,POSITION_OCCUPIED_SKIP,,,,,0.0,1300475.090625726,1300475.090625726,,300204.SZ 舒泰神,False,False,,,,,,,False,0,False,500000.0,1300475.090625726,0.0,POSITION_OCCUPIED_SKIP,0.0,False
reject_fd_1pct_2pct,20260331,NONE,NO_CANDIDATE,,,,,0.0,1300475.090625726,1300475.090625726,,,False,False,,,,,,,False,0,False,500000.0,1300475.090625726,0.0,NO_CANDIDATE,0.0,False
reject_fd_1pct_2pct,20260401,NONE,NO_CANDIDATE,,,,,0.0,1300475.090625726,1300475.090625726,,,False,False,,,,,,,False,0,False,500000.0,1300475.090625726,0.0,NO_CANDIDATE,0.0,False
reject_fd_1pct_2pct,20260402,NONE,NO_CANDIDATE,,,,,0.0,1300475.090625726,1300475.090625726,,,False,False,,,,,,,False,0,False,500000.0,1300475.090625726,0.0,NO_CANDIDATE,0.0,False
reject_fd_1pct_2pct,20260403,NONE,NO_CANDIDATE,,,,,0.0,1300475.090625726,1300475.090625726,,,False,False,,,,,,,False,0,False,500000.0,1300475.090625726,0.0,NO_CANDIDATE,0.0,False
reject_fd_1pct_2pct,20260407,B,B_RISK_FILTERED_SKIP,603090.SH,宏盛股份,sh_main,封单/流通市值偏高,0.0,1300475.090625726,1300475.090625726,b_conservative_daily_replay,,True,True,,,20260408.0,20260409.0,66.12606,68.31161999999999,False,0,False,500000.0,1300475.090625726,0.0,HISTORICAL_SIM_FILLED,0.0251451337980819,True
reject_fd_1pct_2pct,20260408,A_OR_B,POSITION_OCCUPIED_SKIP,,,,,0.0,1300475.090625726,1300475.090625726,,603090.SH 宏盛股份,False,False,,,,,,,False,0,False,500000.0,1300475.090625726,0.0,POSITION_OCCUPIED_SKIP,0.0,False
reject_fd_1pct_2pct,20260409,A,HISTORICAL_SIM_FILLED,300489.SZ,光智科技,chi_next,无,0.0826627480845445,1300475.090625726,1407975.9354323456,a_audit_dynamic_account_return,,False,False,,,,,,,False,0,False,500000.0,1407975.9354323456,0.0,HISTORICAL_SIM_FILLED,0.0826627480845445,False
reject_fd_1pct_2pct,20260410,A_OR_B,POSITION_OCCUPIED_SKIP,,,,,0.0,1407975.9354323456,1407975.9354323456,,300489.SZ 光智科技,False,False,,,,,,,False,0,False,500000.0,1407975.9354323456,0.0,POSITION_OCCUPIED_SKIP,0.0,False
reject_fd_1pct_2pct,20260413,B,HISTORICAL_SIM_FILLED,000968.SZ,蓝焰控股,sz_main,无,-0.0496262411873839,1407975.9354323456,1338103.3820745475,b_conservative_daily_replay,,True,True,,,20260414.0,20260415.0,10.09008,9.48051,False,0,False,500000.0,1407975.9354323456,-0.04962624118738401,HISTORICAL_SIM_FILLED,-0.0496262411873839,False
reject_fd_1pct_2pct,20260414,A_OR_B,POSITION_OCCUPIED_SKIP,,,,,0.0,1338103.3820745475,1338103.3820745475,,000968.SZ 蓝焰控股,False,False,,,,,,,False,0,False,500000.0,1407975.9354323456,-0.04962624118738401,POSITION_OCCUPIED_SKIP,0.0,False
reject_fd_1pct_2pct,20260415,NONE,NO_CANDIDATE,,,,,0.0,1338103.3820745475,1338103.3820745475,,,False,False,,,,,,,False,0,False,500000.0,1407975.9354323456,-0.04962624118738401,NO_CANDIDATE,0.0,False
reject_fd_1pct_2pct,20260416,B,HISTORICAL_SIM_FILLED,603220.SH,中贝通信,sh_main,无,-0.0440895700662973,1338103.3820745475,1279106.9792546222,b_conservative_daily_replay,,True,True,,,20260417.0,20260420.0,32.59256,30.84912,False,0,False,500000.0,1407975.9354323456,-0.09152781161572321,HISTORICAL_SIM_FILLED,-0.0440895700662973,False
reject_fd_1pct_2pct,20260417,A_OR_B,POSITION_OCCUPIED_SKIP,,,,,0.0,1279106.9792546222,1279106.9792546222,,603220.SH 中贝通信,False,False,,,,,,,False,0,False,500000.0,1407975.9354323456,-0.09152781161572321,POSITION_OCCUPIED_SKIP,0.0,False
reject_fd_1pct_2pct,20260420,NONE,NO_CANDIDATE,,,,,0.0,1279106.9792546222,1279106.9792546222,,,False,False,,,,,,,False,0,False,500000.0,1407975.9354323456,-0.09152781161572321,NO_CANDIDATE,0.0,False
reject_fd_1pct_2pct,20260421,NONE,NO_CANDIDATE,,,,,0.0,1279106.9792546222,1279106.9792546222,,,False,False,,,,,,,False,0,False,500000.0,1407975.9354323456,-0.09152781161572321,NO_CANDIDATE,0.0,False
reject_fd_1pct_2pct,20260422,NONE,NO_CANDIDATE,,,,,0.0,1279106.9792546222,1279106.9792546222,,,False,False,,,,,,,False,0,False,500000.0,1407975.9354323456,-0.09152781161572321,NO_CANDIDATE,0.0,False
reject_fd_1pct_2pct,20260423,NONE,NO_CANDIDATE,,,,,0.0,1279106.9792546222,1279106.9792546222,,,False,False,,,,,,,False,0,False,500000.0,1407975.9354323456,-0.09152781161572321,NO_CANDIDATE,0.0,False
reject_fd_1pct_2pct,20260424,NONE,NO_CANDIDATE,,,,,0.0,1279106.9792546222,1279106.9792546222,,,False,False,,,,,,,False,0,False,500000.0,1407975.9354323456,-0.09152781161572321,NO_CANDIDATE,0.0,False
reject_fd_1pct_2pct,20260427,B,HISTORICAL_SIM_FILLED,600152.SH,维科技术,sh_main,LOSS_OVERLAY_WATCH,-0.0056380497028743,1279106.9792546222,1271895.3105302914,b_conservative_daily_replay,,True,True,,,20260428.0,20260429.0,14.56455,14.4855,False,0,False,500000.0,1407975.9354323456,-0.09664982296751268,HISTORICAL_SIM_FILLED,-0.0056380497028743,False
reject_fd_1pct_2pct,20260428,A_OR_B,POSITION_OCCUPIED_SKIP,,,,,0.0,1271895.3105302914,1271895.3105302914,,600152.SH 维科技术,False,False,,,,,,,False,0,False,500000.0,1407975.9354323456,-0.09664982296751268,POSITION_OCCUPIED_SKIP,0.0,False
reject_fd_1pct_2pct,20260429,NONE,NO_CANDIDATE,,,,,0.0,1271895.3105302914,1271895.3105302914,,,False,False,,,,,,,False,0,False,500000.0,1407975.9354323456,-0.09664982296751268,NO_CANDIDATE,0.0,False
reject_fd_1pct_2pct,20260430,NONE,NO_CANDIDATE,,,,,0.0,1271895.3105302914,1271895.3105302914,,,False,False,,,,,,,False,0,False,500000.0,1407975.9354323456,-0.09664982296751268,NO_CANDIDATE,0.0,False
reject_fd_1pct_2pct,20260506,NONE,NO_CANDIDATE,,,,,0.0,1271895.3105302914,1271895.3105302914,,,False,False,,,,,,,False,0,False,500000.0,1407975.9354323456,-0.09664982296751268,NO_CANDIDATE,0.0,False
reject_fd_1pct_2pct,20260507,B,HISTORICAL_SIM_FILLED,603256.SH,宏和科技,sh_main,无,0.024640485917173,1271895.3105302914,1303235.4290175315,b_conservative_daily_replay,,True,True,,,20260508.0,20260511.0,145.12497999999997,149.83002,False,0,False,500000.0,1407975.9354323456,-0.07439083565206783,HISTORICAL_SIM_FILLED,0.024640485917173,False
reject_fd_1pct_2pct,20260508,A_OR_B,POSITION_OCCUPIED_SKIP,,,,,0.0,1303235.4290175315,1303235.4290175315,,603256.SH 宏和科技,False,False,,,,,,,False,0,False,500000.0,1407975.9354323456,-0.07439083565206783,POSITION_OCCUPIED_SKIP,0.0,False
reject_fd_1pct_2pct,20260511,NONE,NO_CANDIDATE,,,,,0.0,1303235.4290175315,1303235.4290175315,,,False,False,,,,,,,False,0,False,500000.0,1407975.9354323456,-0.07439083565206783,NO_CANDIDATE,0.0,False
reject_fd_1pct_2pct,20260512,NONE,NO_CANDIDATE,,,,,0.0,1303235.4290175315,1303235.4290175315,,,False,False,,,,,,,False,0,False,500000.0,1407975.9354323456,-0.07439083565206783,NO_CANDIDATE,0.0,False
reject_fd_1pct_2pct,20260513,NONE,NO_CANDIDATE,,,,,0.0,1303235.4290175315,1303235.4290175315,,,False,False,,,,,,,False,0,False,500000.0,1407975.9354323456,-0.07439083565206783,NO_CANDIDATE,0.0,False
reject_fd_1pct_2pct,20260514,NONE,NO_CANDIDATE,,,,,0.0,1303235.4290175315,1303235.4290175315,,,False,False,,,,,,,False,0,False,500000.0,1407975.9354323456,-0.07439083565206783,NO_CANDIDATE,0.0,False
reject_market_chain_15_30,20251112,NONE,NO_CANDIDATE,,,,,0.0,500000.0,500000.0,,,False,False,,,,,,,False,0,False,500000.0,500000.0,0.0,NO_CANDIDATE,0.0,False
reject_market_chain_15_30,20251113,B,B_RISK_FILTERED_SKIP,002780.SZ,三夫户外,sz_main,封单/流通市值偏高,0.0,500000.0,500000.0,b_conservative_daily_replay,,True,True,,,20251114.0,20251118.0,18.308289999999996,15.5844,False,1,False,500000.0,500000.0,0.0,HISTORICAL_SIM_FILLED,-0.1203192402916928,True
reject_market_chain_15_30,20251114,A_OR_B,POSITION_OCCUPIED_SKIP,,,,,0.0,500000.0,500000.0,,002780.SZ 三夫户外,False,False,,,,,,,False,0,False,500000.0,500000.0,0.0,POSITION_OCCUPIED_SKIP,0.0,False
reject_market_chain_15_30,20251117,A_OR_B,POSITION_OCCUPIED_SKIP,,,,,0.0,500000.0,500000.0,,002780.SZ 三夫户外,False,False,,,,,,,False,0,False,500000.0,500000.0,0.0,POSITION_OCCUPIED_SKIP,0.0,False
reject_market_chain_15_30,20251118,NONE,NO_CANDIDATE,,,,,0.0,500000.0,500000.0,,,False,False,,,,,,,False,0,False,500000.0,500000.0,0.0,NO_CANDIDATE,0.0,False
reject_market_chain_15_30,20251119,NONE,NO_CANDIDATE,,,,,0.0,500000.0,500000.0,,,False,False,,,,,,,False,0,False,500000.0,500000.0,0.0,NO_CANDIDATE,0.0,False
reject_market_chain_15_30,20251120,A,HISTORICAL_SIM_FILLED,301092.SZ,争光股份,chi_next,无,-0.0505145833968012,500000.0,474742.7083015994,a_audit_dynamic_account_return,,False,False,,,,,,,False,0,False,500000.0,500000.0,-0.05051458339680115,HISTORICAL_SIM_FILLED,-0.0505145833968012,False
reject_market_chain_15_30,20251121,A_OR_B,POSITION_OCCUPIED_SKIP,,,,,0.0,474742.7083015994,474742.7083015994,,301092.SZ 争光股份,False,False,,,,,,,False,0,False,500000.0,500000.0,-0.05051458339680115,POSITION_OCCUPIED_SKIP,0.0,False
reject_market_chain_15_30,20251124,NONE,NO_CANDIDATE,,,,,0.0,474742.7083015994,474742.7083015994,,,False,False,,,,,,,False,0,False,500000.0,500000.0,-0.05051458339680115,NO_CANDIDATE,0.0,False
reject_market_chain_15_30,20251125,A,REVIEW_REQUIRED_PLAN_ONLY,301117.SZ,佳缘科技,chi_next,LOSS_OVERLAY_WATCH,0.0,474742.7083015994,474742.7083015994,manual_review_skip,,False,False,,,,,,,False,0,False,500000.0,500000.0,-0.05051458339680115,REVIEW_REQUIRED_PLAN_ONLY,0.0,False
reject_market_chain_15_30,20251126,NONE,NO_CANDIDATE,,,,,0.0,474742.7083015994,474742.7083015994,,,False,False,,,,,,,False,0,False,500000.0,500000.0,-0.05051458339680115,NO_CANDIDATE,0.0,False
reject_market_chain_15_30,20251127,NONE,NO_CANDIDATE,,,,,0.0,474742.7083015994,474742.7083015994,,,False,False,,,,,,,False,0,False,500000.0,500000.0,-0.05051458339680115,NO_CANDIDATE,0.0,False
reject_market_chain_15_30,20251128,NONE,NO_CANDIDATE,,,,,0.0,474742.7083015994,474742.7083015994,,,False,False,,,,,,,False,0,False,500000.0,500000.0,-0.05051458339680115,NO_CANDIDATE,0.0,False
reject_market_chain_15_30,20251201,B,B_RISK_FILTERED_SKIP,000078.SZ,海王生物,sz_main,无,0.0,474742.7083015994,474742.7083015994,b_conservative_daily_replay,,True,True,,,20251202.0,20251203.0,3.8037999999999994,4.515479999999999,False,0,False,500000.0,500000.0,-0.05051458339680115,HISTORICAL_SIM_FILLED,0.1483816907303223,True
reject_market_chain_15_30,20251202,A_OR_B,POSITION_OCCUPIED_SKIP,,,,,0.0,474742.7083015994,474742.7083015994,,000078.SZ 海王生物,False,False,,,,,,,False,0,False,500000.0,500000.0,-0.05051458339680115,POSITION_OCCUPIED_SKIP,0.0,False
reject_market_chain_15_30,20251203,NONE,NO_CANDIDATE,,,,,0.0,474742.7083015994,474742.7083015994,,,False,False,,,,,,,False,0,False,500000.0,500000.0,-0.05051458339680115,NO_CANDIDATE,0.0,False
reject_market_chain_15_30,20251204,A,HISTORICAL_SIM_FILLED,300946.SZ,恒而达,chi_next,无,0.0291749495998269,474742.7083015994,488593.30288918386,a_audit_dynamic_account_return,,False,False,,,,,,,False,0,False,500000.0,500000.0,-0.02281339422163231,HISTORICAL_SIM_FILLED,0.0291749495998269,False
reject_market_chain_15_30,20251205,A_OR_B,POSITION_OCCUPIED_SKIP,,,,,0.0,488593.30288918386,488593.30288918386,,300946.SZ 恒而达,False,False,,,,,,,False,0,False,500000.0,500000.0,-0.02281339422163231,POSITION_OCCUPIED_SKIP,0.0,False
reject_market_chain_15_30,20251208,B,B_RISK_FILTERED_SKIP,000571.SZ,新大洲A,sz_main,无,0.0,488593.30288918386,488593.30288918386,b_conservative_daily_replay,,True,True,,,20251209.0,20251210.0,6.316309999999999,6.5734200000000005,False,0,False,500000.0,500000.0,-0.02281339422163231,HISTORICAL_SIM_FILLED,0.0312685828023009,True
reject_market_chain_15_30,20251209,A_OR_B,POSITION_OCCUPIED_SKIP,,,,,0.0,488593.30288918386,488593.30288918386,,000571.SZ 新大洲A,False,False,,,,,,,False,0,False,500000.0,500000.0,-0.02281339422163231,POSITION_OCCUPIED_SKIP,0.0,False
reject_market_chain_15_30,20251210,NONE,NO_CANDIDATE,,,,,0.0,488593.30288918386,488593.30288918386,,,False,False,,,,,,,False,0,False,500000.0,500000.0,-0.02281339422163231,NO_CANDIDATE,0.0,False
reject_market_chain_15_30,20251211,NONE,NO_CANDIDATE,,,,,0.0,488593.30288918386,488593.30288918386,,,False,False,,,,,,,False,0,False,500000.0,500000.0,-0.02281339422163231,NO_CANDIDATE,0.0,False
reject_market_chain_15_30,20251212,A,HISTORICAL_SIM_FILLED,920576.BJ,天力复合,bj,无,0.181313377355646,488593.30288918386,577181.8047893719,a_audit_dynamic_account_return,,False,False,,,,,,,False,0,False,500000.0,577181.8047893719,0.0,HISTORICAL_SIM_FILLED,0.181313377355646,False
reject_market_chain_15_30,20251215,A_OR_B,POSITION_OCCUPIED_SKIP,,,,,0.0,577181.8047893719,577181.8047893719,,920576.BJ 天力复合,False,False,,,,,,,False,0,False,500000.0,577181.8047893719,0.0,POSITION_OCCUPIED_SKIP,0.0,False
reject_market_chain_15_30,20251216,NONE,NO_CANDIDATE,,,,,0.0,577181.8047893719,577181.8047893719,,,False,False,,,,,,,False,0,False,500000.0,577181.8047893719,0.0,NO_CANDIDATE,0.0,False
reject_market_chain_15_30,20251217,NONE,NO_CANDIDATE,,,,,0.0,577181.8047893719,577181.8047893719,,,False,False,,,,,,,False,0,False,500000.0,577181.8047893719,0.0,NO_CANDIDATE,0.0,False
reject_market_chain_15_30,20251218,B,B_RISK_FILTERED_SKIP,002865.SZ,钧达股份,sz_main,封单/流通市值偏高,0.0,577181.8047893719,577181.8047893719,b_conservative_daily_replay,,True,True,,,20251219.0,20251222.0,46.44639999999999,49.4505,False,0,False,500000.0,577181.8047893719,0.0,HISTORICAL_SIM_FILLED,0.0504470845017052,True
reject_market_chain_15_30,20251219,A_OR_B,POSITION_OCCUPIED_SKIP,,,,,0.0,577181.8047893719,577181.8047893719,,002865.SZ 钧达股份,False,False,,,,,,,False,0,False,500000.0,577181.8047893719,0.0,POSITION_OCCUPIED_SKIP,0.0,False
reject_market_chain_15_30,20251222,B,B_RISK_FILTERED_SKIP,000407.SZ,胜利股份,sz_main,封单/流通市值偏高,0.0,577181.8047893719,577181.8047893719,b_conservative_daily_replay,,True,True,,,20251223.0,20251224.0,5.08508,5.06493,False,0,False,500000.0,577181.8047893719,0.0,HISTORICAL_SIM_FILLED,-0.0044660582881684,True
reject_market_chain_15_30,20251223,A_OR_B,POSITION_OCCUPIED_SKIP,,,,,0.0,577181.8047893719,577181.8047893719,,000407.SZ 胜利股份,False,False,,,,,,,False,0,False,500000.0,577181.8047893719,0.0,POSITION_OCCUPIED_SKIP,0.0,False
reject_market_chain_15_30,20251224,NONE,NO_CANDIDATE,,,,,0.0,577181.8047893719,577181.8047893719,,,False,False,,,,,,,False,0,False,500000.0,577181.8047893719,0.0,NO_CANDIDATE,0.0,False
reject_market_chain_15_30,20251225,B,B_RISK_FILTERED_SKIP,001400.SZ,江顺科技,sz_main,封单/流通市值偏高,0.0,577181.8047893719,577181.8047893719,b_conservative_daily_replay,,True,True,,,20251226.0,20251229.0,73.89381999999999,76.24368,False,0,False,500000.0,577181.8047893719,0.0,HISTORICAL_SIM_FILLED,0.0241443954214303,True
reject_market_chain_15_30,20251226,A_OR_B,POSITION_OCCUPIED_SKIP,,,,,0.0,577181.8047893719,577181.8047893719,,001400.SZ 江顺科技,False,False,,,,,,,False,0,False,500000.0,577181.8047893719,0.0,POSITION_OCCUPIED_SKIP,0.0,False
reject_market_chain_15_30,20251229,NONE,NO_CANDIDATE,,,,,0.0,577181.8047893719,577181.8047893719,,,False,False,,,,,,,False,0,False,500000.0,577181.8047893719,0.0,NO_CANDIDATE,0.0,False
reject_market_chain_15_30,20251230,NONE,NO_CANDIDATE,,,,,0.0,577181.8047893719,577181.8047893719,,,False,False,,,,,,,False,0,False,500000.0,577181.8047893719,0.0,NO_CANDIDATE,0.0,False
reject_market_chain_15_30,20251231,A,HISTORICAL_SIM_FILLED,300058.SZ,蓝色光标,chi_next,无,0.1308549259970799,577181.8047893719,652708.8871419462,a_audit_dynamic_account_return,,False,False,,,,,,,False,0,False,500000.0,652708.8871419462,0.0,HISTORICAL_SIM_FILLED,0.1308549259970799,False
reject_market_chain_15_30,20260105,A_OR_B,POSITION_OCCUPIED_SKIP,,,,,0.0,652708.8871419462,652708.8871419462,,300058.SZ 蓝色光标,False,False,,,,,,,False,0,False,500000.0,652708.8871419462,0.0,POSITION_OCCUPIED_SKIP,0.0,False
reject_market_chain_15_30,20260106,B,HISTORICAL_SIM_FILLED,002865.SZ,钧达股份,sz_main,无,0.1586068340080973,652708.8871419462,756232.9772604788,b_conservative_daily_replay,,True,True,,,20260107.0,20260108.0,57.056999999999995,68.46147,False,0,False,500000.0,756232.9772604788,0.0,HISTORICAL_SIM_FILLED,0.1586068340080973,False
reject_market_chain_15_30,20260107,A_OR_B,POSITION_OCCUPIED_SKIP,,,,,0.0,756232.9772604788,756232.9772604788,,002865.SZ 钧达股份,False,False,,,,,,,False,0,False,500000.0,756232.9772604788,0.0,POSITION_OCCUPIED_SKIP,0.0,False
reject_market_chain_15_30,20260108,NONE,NO_CANDIDATE,,,,,0.0,756232.9772604788,756232.9772604788,,,False,False,,,,,,,False,0,False,500000.0,756232.9772604788,0.0,NO_CANDIDATE,0.0,False
reject_market_chain_15_30,20260109,B,B_RISK_FILTERED_SKIP,600410.SH,华胜天成,sh_main,封单/流通市值偏高,0.0,756232.9772604788,756232.9772604788,b_conservative_daily_replay,,True,True,,,20260112.0,20260113.0,21.87185,20.15982,False,0,False,500000.0,756232.9772604788,0.0,HISTORICAL_SIM_FILLED,-0.0639164001947708,True
reject_market_chain_15_30,20260112,A_OR_B,POSITION_OCCUPIED_SKIP,,,,,0.0,756232.9772604788,756232.9772604788,,600410.SH 华胜天成,False,False,,,,,,,False,0,False,500000.0,756232.9772604788,0.0,POSITION_OCCUPIED_SKIP,0.0,False
reject_market_chain_15_30,20260113,NONE,NO_CANDIDATE,,,,,0.0,756232.9772604788,756232.9772604788,,,False,False,,,,,,,False,0,False,500000.0,756232.9772604788,0.0,NO_CANDIDATE,0.0,False
reject_market_chain_15_30,20260114,NONE,NO_CANDIDATE,,,,,0.0,756232.9772604788,756232.9772604788,,,False,False,,,,,,,False,0,False,500000.0,756232.9772604788,0.0,NO_CANDIDATE,0.0,False
reject_market_chain_15_30,20260115,A,HISTORICAL_SIM_FILLED,301629.SZ,矽电股份,chi_next,无,-0.0338313603969523,756232.9772604788,730648.5868627193,a_audit_dynamic_account_return,,False,False,,,,,,,False,0,False,500000.0,756232.9772604788,-0.03383136039695234,HISTORICAL_SIM_FILLED,-0.0338313603969523,False
reject_market_chain_15_30,20260116,A_OR_B,POSITION_OCCUPIED_SKIP,,,,,0.0,730648.5868627193,730648.5868627193,,301629.SZ 矽电股份,False,False,,,,,,,False,0,False,500000.0,756232.9772604788,-0.03383136039695234,POSITION_OCCUPIED_SKIP,0.0,False
reject_market_chain_15_30,20260119,A,HISTORICAL_SIM_FILLED,300658.SZ,延江股份,chi_next,无,0.0681174370165976,730648.5868627193,780418.4959596066,a_audit_dynamic_account_return,,False,False,,,,,,,False,0,False,500000.0,780418.4959596066,0.0,HISTORICAL_SIM_FILLED,0.0681174370165976,False
reject_market_chain_15_30,20260120,A_OR_B,POSITION_OCCUPIED_SKIP,,,,,0.0,780418.4959596066,780418.4959596066,,300658.SZ 延江股份,False,False,,,,,,,False,0,False,500000.0,780418.4959596066,0.0,POSITION_OCCUPIED_SKIP,0.0,False
reject_market_chain_15_30,20260121,NONE,NO_CANDIDATE,,,,,0.0,780418.4959596066,780418.4959596066,,,False,False,,,,,,,False,0,False,500000.0,780418.4959596066,0.0,NO_CANDIDATE,0.0,False
reject_market_chain_15_30,20260122,NONE,NO_CANDIDATE,,,,,0.0,780418.4959596066,780418.4959596066,,,False,False,,,,,,,False,0,False,500000.0,780418.4959596066,0.0,NO_CANDIDATE,0.0,False
reject_market_chain_15_30,20260123,A,HISTORICAL_SIM_FILLED,920368.BJ,连城数控,bj,无,0.1027727855059111,780418.4959596066,860624.278649709,a_audit_dynamic_account_return,,False,False,,,,,,,False,0,False,500000.0,860624.278649709,0.0,HISTORICAL_SIM_FILLED,0.1027727855059111,False
reject_market_chain_15_30,20260126,A_OR_B,POSITION_OCCUPIED_SKIP,,,,,0.0,860624.278649709,860624.278649709,,920368.BJ 连城数控,False,False,,,,,,,False,0,False,500000.0,860624.278649709,0.0,POSITION_OCCUPIED_SKIP,0.0,False
reject_market_chain_15_30,20260127,NONE,NO_CANDIDATE,,,,,0.0,860624.278649709,860624.278649709,,,False,False,,,,,,,False,0,False,500000.0,860624.278649709,0.0,NO_CANDIDATE,0.0,False
reject_market_chain_15_30,20260128,A,HISTORICAL_SIM_FILLED,300164.SZ,通源石油,chi_next,无,0.0457725821591917,860624.278649709,900017.2741523979,a_audit_dynamic_account_return,,False,False,,,,,,,False,0,False,500000.0,900017.2741523979,0.0,HISTORICAL_SIM_FILLED,0.0457725821591917,False
reject_market_chain_15_30,20260129,A_OR_B,POSITION_OCCUPIED_SKIP,,,,,0.0,900017.2741523979,900017.2741523979,,300164.SZ 通源石油,False,False,,,,,,,False,0,False,500000.0,900017.2741523979,0.0,POSITION_OCCUPIED_SKIP,0.0,False
reject_market_chain_15_30,20260130,NONE,NO_CANDIDATE,,,,,0.0,900017.2741523979,900017.2741523979,,,False,False,,,,,,,False,0,False,500000.0,900017.2741523979,0.0,NO_CANDIDATE,0.0,False
reject_market_chain_15_30,20260202,NONE,NO_CANDIDATE,,,,,0.0,900017.2741523979,900017.2741523979,,,False,False,,,,,,,False,0,False,500000.0,900017.2741523979,0.0,NO_CANDIDATE,0.0,False
reject_market_chain_15_30,20260203,B,HISTORICAL_SIM_FILLED,002471.SZ,中超控股,sz_main,封单/流通市值偏高,0.0081473226348119,900017.2741523979,907350.0052618214,b_conservative_daily_replay,,True,True,,,20260204.0,20260205.0,9.4094,9.52047,False,0,False,500000.0,907350.0052618214,0.0,HISTORICAL_SIM_FILLED,0.0081473226348119,False
reject_market_chain_15_30,20260204,A_OR_B,POSITION_OCCUPIED_SKIP,,,,,0.0,907350.0052618214,907350.0052618214,,002471.SZ 中超控股,False,False,,,,,,,False,0,False,500000.0,907350.0052618214,0.0,POSITION_OCCUPIED_SKIP,0.0,False
reject_market_chain_15_30,20260205,NONE,NO_CANDIDATE,,,,,0.0,907350.0052618214,907350.0052618214,,,False,False,,,,,,,False,0,False,500000.0,907350.0052618214,0.0,NO_CANDIDATE,0.0,False
reject_market_chain_15_30,20260206,NONE,NO_CANDIDATE,,,,,0.0,907350.0052618214,907350.0052618214,,,False,False,,,,,,,False,0,False,500000.0,907350.0052618214,0.0,NO_CANDIDATE,0.0,False
reject_market_chain_15_30,20260209,B,HISTORICAL_SIM_FILLED,601360.SH,三六零,sh_main,LOSS_OVERLAY_WATCH,-0.018776912354669,907350.0052618214,890312.7737380117,b_conservative_daily_replay,,True,True,,,20260210.0,20260211.0,13.08307,12.79719,False,0,False,500000.0,907350.0052618214,-0.01877691235466905,HISTORICAL_SIM_FILLED,-0.018776912354669,False
reject_market_chain_15_30,20260210,A_OR_B,POSITION_OCCUPIED_SKIP,,,,,0.0,890312.7737380117,890312.7737380117,,601360.SH 三六零,False,False,,,,,,,False,0,False,500000.0,907350.0052618214,-0.01877691235466905,POSITION_OCCUPIED_SKIP,0.0,False
reject_market_chain_15_30,20260211,NONE,NO_CANDIDATE,,,,,0.0,890312.7737380117,890312.7737380117,,,False,False,,,,,,,False,0,False,500000.0,907350.0052618214,-0.01877691235466905,NO_CANDIDATE,0.0,False
reject_market_chain_15_30,20260212,NONE,NO_CANDIDATE,,,,,0.0,890312.7737380117,890312.7737380117,,,False,False,,,,,,,False,0,False,500000.0,907350.0052618214,-0.01877691235466905,NO_CANDIDATE,0.0,False
reject_market_chain_15_30,20260213,NONE,NO_CANDIDATE,,,,,0.0,890312.7737380117,890312.7737380117,,,False,False,,,,,,,False,0,False,500000.0,907350.0052618214,-0.01877691235466905,NO_CANDIDATE,0.0,False
reject_market_chain_15_30,20260224,NONE,NO_CANDIDATE,,,,,0.0,890312.7737380117,890312.7737380117,,,False,False,,,,,,,False,0,False,500000.0,907350.0052618214,-0.01877691235466905,NO_CANDIDATE,0.0,False
reject_market_chain_15_30,20260225,NONE,NO_CANDIDATE,,,,,0.0,890312.7737380117,890312.7737380117,,,False,False,,,,,,,False,0,False,500000.0,907350.0052618214,-0.01877691235466905,NO_CANDIDATE,0.0,False
reject_market_chain_15_30,20260226,A,HISTORICAL_SIM_FILLED,300499.SZ,高澜股份,chi_next,无,0.0193948880593092,890312.7737380117,907580.2903224335,a_audit_dynamic_account_return,,False,False,,,,,,,False,0,False,500000.0,907580.2903224335,0.0,HISTORICAL_SIM_FILLED,0.0193948880593092,False
reject_market_chain_15_30,20260227,A_OR_B,POSITION_OCCUPIED_SKIP,,,,,0.0,907580.2903224335,907580.2903224335,,300499.SZ 高澜股份,False,False,,,,,,,False,0,False,500000.0,907580.2903224335,0.0,POSITION_OCCUPIED_SKIP,0.0,False
reject_market_chain_15_30,20260302,B,B_RISK_FILTERED_SKIP,603257.SH,中国瑞林,sh_main,无,0.0,907580.2903224335,907580.2903224335,b_conservative_daily_replay,,True,True,,,20260303.0,20260304.0,72.70262999999998,70.30962,False,0,False,500000.0,907580.2903224335,0.0,HISTORICAL_SIM_FILLED,-0.0276280322799875,True
reject_market_chain_15_30,20260303,A_OR_B,POSITION_OCCUPIED_SKIP,,,,,0.0,907580.2903224335,907580.2903224335,,603257.SH 中国瑞林,False,False,,,,,,,False,0,False,500000.0,907580.2903224335,0.0,POSITION_OCCUPIED_SKIP,0.0,False
reject_market_chain_15_30,20260304,NONE,NO_CANDIDATE,,,,,0.0,907580.2903224335,907580.2903224335,,,False,False,,,,,,,False,0,False,500000.0,907580.2903224335,0.0,NO_CANDIDATE,0.0,False
reject_market_chain_15_30,20260305,NONE,NO_CANDIDATE,,,,,0.0,907580.2903224335,907580.2903224335,,,False,False,,,,,,,False,0,False,500000.0,907580.2903224335,0.0,NO_CANDIDATE,0.0,False
reject_market_chain_15_30,20260306,B,HISTORICAL_SIM_FILLED,000509.SZ,华塑控股,sz_main,无,0.0220556483516485,907580.2903224335,927597.5620566722,b_conservative_daily_replay,,True,True,,,20260309.0,20260310.0,3.8438399999999993,3.95604,False,0,False,500000.0,927597.5620566722,0.0,HISTORICAL_SIM_FILLED,0.0220556483516485,False
reject_market_chain_15_30,20260309,A_OR_B,POSITION_OCCUPIED_SKIP,,,,,0.0,927597.5620566722,927597.5620566722,,000509.SZ 华塑控股,False,False,,,,,,,False,0,False,500000.0,927597.5620566722,0.0,POSITION_OCCUPIED_SKIP,0.0,False
reject_market_chain_15_30,20260310,NONE,NO_CANDIDATE,,,,,0.0,927597.5620566722,927597.5620566722,,,False,False,,,,,,,False,0,False,500000.0,927597.5620566722,0.0,NO_CANDIDATE,0.0,False
reject_market_chain_15_30,20260311,B,HISTORICAL_SIM_FILLED,603778.SH,国晟科技,sh_main,无,-0.0155491819765248,927597.5620566722,913174.1787632722,b_conservative_daily_replay,,True,True,,,20260312.0,20260313.0,20.840819999999997,20.46951,False,0,False,500000.0,927597.5620566722,-0.015549181976524773,HISTORICAL_SIM_FILLED,-0.0155491819765248,False
reject_market_chain_15_30,20260312,A_OR_B,POSITION_OCCUPIED_SKIP,,,,,0.0,913174.1787632722,913174.1787632722,,603778.SH 国晟科技,False,False,,,,,,,False,0,False,500000.0,927597.5620566722,-0.015549181976524773,POSITION_OCCUPIED_SKIP,0.0,False
reject_market_chain_15_30,20260313,B,HISTORICAL_SIM_FILLED,603248.SH,锡华科技,sh_main,无,0.1419679382777887,913174.1787632722,1042815.6342108069,b_conservative_daily_replay,,True,True,,,20260316.0,20260317.0,28.908879999999996,34.085879999999996,False,0,False,500000.0,1042815.6342108069,0.0,HISTORICAL_SIM_FILLED,0.1419679382777887,False
reject_market_chain_15_30,20260316,A_OR_B,POSITION_OCCUPIED_SKIP,,,,,0.0,1042815.6342108069,1042815.6342108069,,603248.SH 锡华科技,False,False,,,,,,,False,0,False,500000.0,1042815.6342108069,0.0,POSITION_OCCUPIED_SKIP,0.0,False
reject_market_chain_15_30,20260317,NONE,NO_CANDIDATE,,,,,0.0,1042815.6342108069,1042815.6342108069,,,False,False,,,,,,,False,0,False,500000.0,1042815.6342108069,0.0,NO_CANDIDATE,0.0,False
reject_market_chain_15_30,20260318,NONE,NO_CANDIDATE,,,,,0.0,1042815.6342108069,1042815.6342108069,,,False,False,,,,,,,False,0,False,500000.0,1042815.6342108069,0.0,NO_CANDIDATE,0.0,False
reject_market_chain_15_30,20260319,NONE,NO_CANDIDATE,,,,,0.0,1042815.6342108069,1042815.6342108069,,,False,False,,,,,,,False,0,False,500000.0,1042815.6342108069,0.0,NO_CANDIDATE,0.0,False
reject_market_chain_15_30,20260320,NONE,NO_CANDIDATE,,,,,0.0,1042815.6342108069,1042815.6342108069,,,False,False,,,,,,,False,0,False,500000.0,1042815.6342108069,0.0,NO_CANDIDATE,0.0,False
reject_market_chain_15_30,20260323,NONE,NO_CANDIDATE,,,,,0.0,1042815.6342108069,1042815.6342108069,,,False,False,,,,,,,False,0,False,500000.0,1042815.6342108069,0.0,NO_CANDIDATE,0.0,False
reject_market_chain_15_30,20260324,B,HISTORICAL_SIM_FILLED,601016.SH,节能风电,sh_main,无,0.0500117284161621,1042815.6342108069,1094968.6464970857,b_conservative_daily_replay,,True,True,,,20260325.0,20260326.0,4.98498,5.30469,False,0,False,500000.0,1094968.6464970857,0.0,HISTORICAL_SIM_FILLED,0.0500117284161621,False
reject_market_chain_15_30,20260325,A_OR_B,POSITION_OCCUPIED_SKIP,,,,,0.0,1094968.6464970857,1094968.6464970857,,601016.SH 节能风电,False,False,,,,,,,False,0,False,500000.0,1094968.6464970857,0.0,POSITION_OCCUPIED_SKIP,0.0,False
reject_market_chain_15_30,20260326,NONE,NO_CANDIDATE,,,,,0.0,1094968.6464970857,1094968.6464970857,,,False,False,,,,,,,False,0,False,500000.0,1094968.6464970857,0.0,NO_CANDIDATE,0.0,False
reject_market_chain_15_30,20260327,A,HISTORICAL_SIM_FILLED,300204.SZ,舒泰神,chi_next,无,0.0397618491523106,1094968.6464970857,1138506.6246456124,a_audit_dynamic_account_return,,False,False,,,,,,,False,0,False,500000.0,1138506.6246456124,0.0,HISTORICAL_SIM_FILLED,0.0397618491523106,False
reject_market_chain_15_30,20260330,A_OR_B,POSITION_OCCUPIED_SKIP,,,,,0.0,1138506.6246456124,1138506.6246456124,,300204.SZ 舒泰神,False,False,,,,,,,False,0,False,500000.0,1138506.6246456124,0.0,POSITION_OCCUPIED_SKIP,0.0,False
reject_market_chain_15_30,20260331,NONE,NO_CANDIDATE,,,,,0.0,1138506.6246456124,1138506.6246456124,,,False,False,,,,,,,False,0,False,500000.0,1138506.6246456124,0.0,NO_CANDIDATE,0.0,False
reject_market_chain_15_30,20260401,NONE,NO_CANDIDATE,,,,,0.0,1138506.6246456124,1138506.6246456124,,,False,False,,,,,,,False,0,False,500000.0,1138506.6246456124,0.0,NO_CANDIDATE,0.0,False
reject_market_chain_15_30,20260402,NONE,NO_CANDIDATE,,,,,0.0,1138506.6246456124,1138506.6246456124,,,False,False,,,,,,,False,0,False,500000.0,1138506.6246456124,0.0,NO_CANDIDATE,0.0,False
reject_market_chain_15_30,20260403,NONE,NO_CANDIDATE,,,,,0.0,1138506.6246456124,1138506.6246456124,,,False,False,,,,,,,False,0,False,500000.0,1138506.6246456124,0.0,NO_CANDIDATE,0.0,False
reject_market_chain_15_30,20260407,B,HISTORICAL_SIM_FILLED,603090.SH,宏盛股份,sh_main,封单/流通市值偏高,0.0251451337980819,1138506.6246456124,1167134.526052329,b_conservative_daily_replay,,True,True,,,20260408.0,20260409.0,66.12606,68.31161999999999,False,0,False,500000.0,1167134.526052329,0.0,HISTORICAL_SIM_FILLED,0.0251451337980819,False
reject_market_chain_15_30,20260408,A_OR_B,POSITION_OCCUPIED_SKIP,,,,,0.0,1167134.526052329,1167134.526052329,,603090.SH 宏盛股份,False,False,,,,,,,False,0,False,500000.0,1167134.526052329,0.0,POSITION_OCCUPIED_SKIP,0.0,False
reject_market_chain_15_30,20260409,A,HISTORICAL_SIM_FILLED,300489.SZ,光智科技,chi_next,无,0.0826627480845445,1167134.526052329,1263613.073360167,a_audit_dynamic_account_return,,False,False,,,,,,,False,0,False,500000.0,1263613.073360167,0.0,HISTORICAL_SIM_FILLED,0.0826627480845445,False
reject_market_chain_15_30,20260410,A_OR_B,POSITION_OCCUPIED_SKIP,,,,,0.0,1263613.073360167,1263613.073360167,,300489.SZ 光智科技,False,False,,,,,,,False,0,False,500000.0,1263613.073360167,0.0,POSITION_OCCUPIED_SKIP,0.0,False
reject_market_chain_15_30,20260413,B,HISTORICAL_SIM_FILLED,000968.SZ,蓝焰控股,sz_main,无,-0.0496262411873839,1263613.073360167,1200904.7062140638,b_conservative_daily_replay,,True,True,,,20260414.0,20260415.0,10.09008,9.48051,False,0,False,500000.0,1263613.073360167,-0.04962624118738401,HISTORICAL_SIM_FILLED,-0.0496262411873839,False
reject_market_chain_15_30,20260414,A_OR_B,POSITION_OCCUPIED_SKIP,,,,,0.0,1200904.7062140638,1200904.7062140638,,000968.SZ 蓝焰控股,False,False,,,,,,,False,0,False,500000.0,1263613.073360167,-0.04962624118738401,POSITION_OCCUPIED_SKIP,0.0,False
reject_market_chain_15_30,20260415,NONE,NO_CANDIDATE,,,,,0.0,1200904.7062140638,1200904.7062140638,,,False,False,,,,,,,False,0,False,500000.0,1263613.073360167,-0.04962624118738401,NO_CANDIDATE,0.0,False
reject_market_chain_15_30,20260416,B,HISTORICAL_SIM_FILLED,603220.SH,中贝通信,sh_main,无,-0.0440895700662973,1200904.7062140638,1147957.3340264927,b_conservative_daily_replay,,True,True,,,20260417.0,20260420.0,32.59256,30.84912,False,0,False,500000.0,1263613.073360167,-0.0915278116157231,HISTORICAL_SIM_FILLED,-0.0440895700662973,False
reject_market_chain_15_30,20260417,A_OR_B,POSITION_OCCUPIED_SKIP,,,,,0.0,1147957.3340264927,1147957.3340264927,,603220.SH 中贝通信,False,False,,,,,,,False,0,False,500000.0,1263613.073360167,-0.0915278116157231,POSITION_OCCUPIED_SKIP,0.0,False
reject_market_chain_15_30,20260420,NONE,NO_CANDIDATE,,,,,0.0,1147957.3340264927,1147957.3340264927,,,False,False,,,,,,,False,0,False,500000.0,1263613.073360167,-0.0915278116157231,NO_CANDIDATE,0.0,False
reject_market_chain_15_30,20260421,NONE,NO_CANDIDATE,,,,,0.0,1147957.3340264927,1147957.3340264927,,,False,False,,,,,,,False,0,False,500000.0,1263613.073360167,-0.0915278116157231,NO_CANDIDATE,0.0,False
reject_market_chain_15_30,20260422,NONE,NO_CANDIDATE,,,,,0.0,1147957.3340264927,1147957.3340264927,,,False,False,,,,,,,False,0,False,500000.0,1263613.073360167,-0.0915278116157231,NO_CANDIDATE,0.0,False
reject_market_chain_15_30,20260423,NONE,NO_CANDIDATE,,,,,0.0,1147957.3340264927,1147957.3340264927,,,False,False,,,,,,,False,0,False,500000.0,1263613.073360167,-0.0915278116157231,NO_CANDIDATE,0.0,False
reject_market_chain_15_30,20260424,NONE,NO_CANDIDATE,,,,,0.0,1147957.3340264927,1147957.3340264927,,,False,False,,,,,,,False,0,False,500000.0,1263613.073360167,-0.0915278116157231,NO_CANDIDATE,0.0,False
reject_market_chain_15_30,20260427,B,HISTORICAL_SIM_FILLED,600152.SH,维科技术,sh_main,LOSS_OVERLAY_WATCH,-0.0056380497028743,1147957.3340264927,1141485.0935204723,b_conservative_daily_replay,,True,True,,,20260428.0,20260429.0,14.56455,14.4855,False,0,False,500000.0,1263613.073360167,-0.09664982296751268,HISTORICAL_SIM_FILLED,-0.0056380497028743,False
reject_market_chain_15_30,20260428,A_OR_B,POSITION_OCCUPIED_SKIP,,,,,0.0,1141485.0935204723,1141485.0935204723,,600152.SH 维科技术,False,False,,,,,,,False,0,False,500000.0,1263613.073360167,-0.09664982296751268,POSITION_OCCUPIED_SKIP,0.0,False
reject_market_chain_15_30,20260429,NONE,NO_CANDIDATE,,,,,0.0,1141485.0935204723,1141485.0935204723,,,False,False,,,,,,,False,0,False,500000.0,1263613.073360167,-0.09664982296751268,NO_CANDIDATE,0.0,False
reject_market_chain_15_30,20260430,NONE,NO_CANDIDATE,,,,,0.0,1141485.0935204723,1141485.0935204723,,,False,False,,,,,,,False,0,False,500000.0,1263613.073360167,-0.09664982296751268,NO_CANDIDATE,0.0,False
reject_market_chain_15_30,20260506,NONE,NO_CANDIDATE,,,,,0.0,1141485.0935204723,1141485.0935204723,,,False,False,,,,,,,False,0,False,500000.0,1263613.073360167,-0.09664982296751268,NO_CANDIDATE,0.0,False
reject_market_chain_15_30,20260507,B,B_RISK_FILTERED_SKIP,603256.SH,宏和科技,sh_main,无,0.0,1141485.0935204723,1141485.0935204723,b_conservative_daily_replay,,True,True,,,20260508.0,20260511.0,145.12497999999997,149.83002,False,0,False,500000.0,1263613.073360167,-0.09664982296751268,HISTORICAL_SIM_FILLED,0.024640485917173,True
reject_market_chain_15_30,20260508,A_OR_B,POSITION_OCCUPIED_SKIP,,,,,0.0,1141485.0935204723,1141485.0935204723,,603256.SH 宏和科技,False,False,,,,,,,False,0,False,500000.0,1263613.073360167,-0.09664982296751268,POSITION_OCCUPIED_SKIP,0.0,False
reject_market_chain_15_30,20260511,NONE,NO_CANDIDATE,,,,,0.0,1141485.0935204723,1141485.0935204723,,,False,False,,,,,,,False,0,False,500000.0,1263613.073360167,-0.09664982296751268,NO_CANDIDATE,0.0,False
reject_market_chain_15_30,20260512,NONE,NO_CANDIDATE,,,,,0.0,1141485.0935204723,1141485.0935204723,,,False,False,,,,,,,False,0,False,500000.0,1263613.073360167,-0.09664982296751268,NO_CANDIDATE,0.0,False
reject_market_chain_15_30,20260513,NONE,NO_CANDIDATE,,,,,0.0,1141485.0935204723,1141485.0935204723,,,False,False,,,,,,,False,0,False,500000.0,1263613.073360167,-0.09664982296751268,NO_CANDIDATE,0.0,False
reject_market_chain_15_30,20260514,NONE,NO_CANDIDATE,,,,,0.0,1141485.0935204723,1141485.0935204723,,,False,False,,,,,,,False,0,False,500000.0,1263613.073360167,-0.09664982296751268,NO_CANDIDATE,0.0,False
reject_market_chain_gte_30,20251112,NONE,NO_CANDIDATE,,,,,0.0,500000.0,500000.0,,,False,False,,,,,,,False,0,False,500000.0,500000.0,0.0,NO_CANDIDATE,0.0,False
reject_market_chain_gte_30,20251113,B,HISTORICAL_SIM_FILLED,002780.SZ,三夫户外,sz_main,封单/流通市值偏高,-0.1203192402916928,500000.0,439840.3798541536,b_conservative_daily_replay,,True,True,,,20251114.0,20251118.0,18.308289999999996,15.5844,False,1,False,500000.0,500000.0,-0.12031924029169283,HISTORICAL_SIM_FILLED,-0.1203192402916928,False
reject_market_chain_gte_30,20251114,A_OR_B,POSITION_OCCUPIED_SKIP,,,,,0.0,439840.3798541536,439840.3798541536,,002780.SZ 三夫户外,False,False,,,,,,,False,0,False,500000.0,500000.0,-0.12031924029169283,POSITION_OCCUPIED_SKIP,0.0,False
reject_market_chain_gte_30,20251117,A_OR_B,POSITION_OCCUPIED_SKIP,,,,,0.0,439840.3798541536,439840.3798541536,,002780.SZ 三夫户外,False,False,,,,,,,False,0,False,500000.0,500000.0,-0.12031924029169283,POSITION_OCCUPIED_SKIP,0.0,False
reject_market_chain_gte_30,20251118,NONE,NO_CANDIDATE,,,,,0.0,439840.3798541536,439840.3798541536,,,False,False,,,,,,,False,0,False,500000.0,500000.0,-0.12031924029169283,NO_CANDIDATE,0.0,False
reject_market_chain_gte_30,20251119,NONE,NO_CANDIDATE,,,,,0.0,439840.3798541536,439840.3798541536,,,False,False,,,,,,,False,0,False,500000.0,500000.0,-0.12031924029169283,NO_CANDIDATE,0.0,False
reject_market_chain_gte_30,20251120,A,HISTORICAL_SIM_FILLED,301092.SZ,争光股份,chi_next,无,-0.0505145833968012,439840.3798541536,417622.0263047303,a_audit_dynamic_account_return,,False,False,,,,,,,False,0,False,500000.0,500000.0,-0.16475594739053945,HISTORICAL_SIM_FILLED,-0.0505145833968012,False
reject_market_chain_gte_30,20251121,A_OR_B,POSITION_OCCUPIED_SKIP,,,,,0.0,417622.0263047303,417622.0263047303,,301092.SZ 争光股份,False,False,,,,,,,False,0,False,500000.0,500000.0,-0.16475594739053945,POSITION_OCCUPIED_SKIP,0.0,False
reject_market_chain_gte_30,20251124,NONE,NO_CANDIDATE,,,,,0.0,417622.0263047303,417622.0263047303,,,False,False,,,,,,,False,0,False,500000.0,500000.0,-0.16475594739053945,NO_CANDIDATE,0.0,False
reject_market_chain_gte_30,20251125,A,REVIEW_REQUIRED_PLAN_ONLY,301117.SZ,佳缘科技,chi_next,LOSS_OVERLAY_WATCH,0.0,417622.0263047303,417622.0263047303,manual_review_skip,,False,False,,,,,,,False,0,False,500000.0,500000.0,-0.16475594739053945,REVIEW_REQUIRED_PLAN_ONLY,0.0,False
reject_market_chain_gte_30,20251126,NONE,NO_CANDIDATE,,,,,0.0,417622.0263047303,417622.0263047303,,,False,False,,,,,,,False,0,False,500000.0,500000.0,-0.16475594739053945,NO_CANDIDATE,0.0,False
reject_market_chain_gte_30,20251127,NONE,NO_CANDIDATE,,,,,0.0,417622.0263047303,417622.0263047303,,,False,False,,,,,,,False,0,False,500000.0,500000.0,-0.16475594739053945,NO_CANDIDATE,0.0,False
reject_market_chain_gte_30,20251128,NONE,NO_CANDIDATE,,,,,0.0,417622.0263047303,417622.0263047303,,,False,False,,,,,,,False,0,False,500000.0,500000.0,-0.16475594739053945,NO_CANDIDATE,0.0,False
reject_market_chain_gte_30,20251201,B,HISTORICAL_SIM_FILLED,000078.SZ,海王生物,sz_main,无,0.1483816907303223,417622.0263047303,479589.4886540493,b_conservative_daily_replay,,True,True,,,20251202.0,20251203.0,3.8037999999999994,4.515479999999999,False,0,False,500000.0,500000.0,-0.040821022691901465,HISTORICAL_SIM_FILLED,0.1483816907303223,False
reject_market_chain_gte_30,20251202,A_OR_B,POSITION_OCCUPIED_SKIP,,,,,0.0,479589.4886540493,479589.4886540493,,000078.SZ 海王生物,False,False,,,,,,,False,0,False,500000.0,500000.0,-0.040821022691901465,POSITION_OCCUPIED_SKIP,0.0,False
reject_market_chain_gte_30,20251203,NONE,NO_CANDIDATE,,,,,0.0,479589.4886540493,479589.4886540493,,,False,False,,,,,,,False,0,False,500000.0,500000.0,-0.040821022691901465,NO_CANDIDATE,0.0,False
reject_market_chain_gte_30,20251204,A,HISTORICAL_SIM_FILLED,300946.SZ,恒而达,chi_next,无,0.0291749495998269,479589.4886540493,493581.4878141379,a_audit_dynamic_account_return,,False,False,,,,,,,False,0,False,500000.0,500000.0,-0.012837024371724182,HISTORICAL_SIM_FILLED,0.0291749495998269,False
reject_market_chain_gte_30,20251205,A_OR_B,POSITION_OCCUPIED_SKIP,,,,,0.0,493581.4878141379,493581.4878141379,,300946.SZ 恒而达,False,False,,,,,,,False,0,False,500000.0,500000.0,-0.012837024371724182,POSITION_OCCUPIED_SKIP,0.0,False
reject_market_chain_gte_30,20251208,B,HISTORICAL_SIM_FILLED,000571.SZ,新大洲A,sz_main,无,0.0312685828023009,493581.4878141379,509015.08143553714,b_conservative_daily_replay,,True,True,,,20251209.0,20251210.0,6.316309999999999,6.5734200000000005,False,0,False,500000.0,509015.08143553714,0.0,HISTORICAL_SIM_FILLED,0.0312685828023009,False
reject_market_chain_gte_30,20251209,A_OR_B,POSITION_OCCUPIED_SKIP,,,,,0.0,509015.08143553714,509015.08143553714,,000571.SZ 新大洲A,False,False,,,,,,,False,0,False,500000.0,509015.08143553714,0.0,POSITION_OCCUPIED_SKIP,0.0,False
reject_market_chain_gte_30,20251210,NONE,NO_CANDIDATE,,,,,0.0,509015.08143553714,509015.08143553714,,,False,False,,,,,,,False,0,False,500000.0,509015.08143553714,0.0,NO_CANDIDATE,0.0,False
reject_market_chain_gte_30,20251211,NONE,NO_CANDIDATE,,,,,0.0,509015.08143553714,509015.08143553714,,,False,False,,,,,,,False,0,False,500000.0,509015.08143553714,0.0,NO_CANDIDATE,0.0,False
reject_market_chain_gte_30,20251212,A,HISTORICAL_SIM_FILLED,920576.BJ,天力复合,bj,无,0.181313377355646,509015.08143553714,601306.3249755736,a_audit_dynamic_account_return,,False,False,,,,,,,False,0,False,500000.0,601306.3249755736,0.0,HISTORICAL_SIM_FILLED,0.181313377355646,False
reject_market_chain_gte_30,20251215,A_OR_B,POSITION_OCCUPIED_SKIP,,,,,0.0,601306.3249755736,601306.3249755736,,920576.BJ 天力复合,False,False,,,,,,,False,0,False,500000.0,601306.3249755736,0.0,POSITION_OCCUPIED_SKIP,0.0,False
reject_market_chain_gte_30,20251216,NONE,NO_CANDIDATE,,,,,0.0,601306.3249755736,601306.3249755736,,,False,False,,,,,,,False,0,False,500000.0,601306.3249755736,0.0,NO_CANDIDATE,0.0,False
reject_market_chain_gte_30,20251217,NONE,NO_CANDIDATE,,,,,0.0,601306.3249755736,601306.3249755736,,,False,False,,,,,,,False,0,False,500000.0,601306.3249755736,0.0,NO_CANDIDATE,0.0,False
reject_market_chain_gte_30,20251218,B,HISTORICAL_SIM_FILLED,002865.SZ,钧达股份,sz_main,封单/流通市值偏高,0.0504470845017052,601306.3249755736,631640.475963026,b_conservative_daily_replay,,True,True,,,20251219.0,20251222.0,46.44639999999999,49.4505,False,0,False,500000.0,631640.475963026,0.0,HISTORICAL_SIM_FILLED,0.0504470845017052,False
reject_market_chain_gte_30,20251219,A_OR_B,POSITION_OCCUPIED_SKIP,,,,,0.0,631640.475963026,631640.475963026,,002865.SZ 钧达股份,False,False,,,,,,,False,0,False,500000.0,631640.475963026,0.0,POSITION_OCCUPIED_SKIP,0.0,False
reject_market_chain_gte_30,20251222,B,HISTORICAL_SIM_FILLED,000407.SZ,胜利股份,sz_main,封单/流通市值偏高,-0.0044660582881684,631640.475963026,628819.5327802087,b_conservative_daily_replay,,True,True,,,20251223.0,20251224.0,5.08508,5.06493,False,0,False,500000.0,631640.475963026,-0.004466058288168373,HISTORICAL_SIM_FILLED,-0.0044660582881684,False
reject_market_chain_gte_30,20251223,A_OR_B,POSITION_OCCUPIED_SKIP,,,,,0.0,628819.5327802087,628819.5327802087,,000407.SZ 胜利股份,False,False,,,,,,,False,0,False,500000.0,631640.475963026,-0.004466058288168373,POSITION_OCCUPIED_SKIP,0.0,False
reject_market_chain_gte_30,20251224,NONE,NO_CANDIDATE,,,,,0.0,628819.5327802087,628819.5327802087,,,False,False,,,,,,,False,0,False,500000.0,631640.475963026,-0.004466058288168373,NO_CANDIDATE,0.0,False
reject_market_chain_gte_30,20251225,B,HISTORICAL_SIM_FILLED,001400.SZ,江顺科技,sz_main,封单/流通市值偏高,0.0241443954214303,628819.5327802087,644002.0002283731,b_conservative_daily_replay,,True,True,,,20251226.0,20251229.0,73.89381999999999,76.24368,False,0,False,500000.0,644002.0002283731,0.0,HISTORICAL_SIM_FILLED,0.0241443954214303,False
reject_market_chain_gte_30,20251226,A_OR_B,POSITION_OCCUPIED_SKIP,,,,,0.0,644002.0002283731,644002.0002283731,,001400.SZ 江顺科技,False,False,,,,,,,False,0,False,500000.0,644002.0002283731,0.0,POSITION_OCCUPIED_SKIP,0.0,False
reject_market_chain_gte_30,20251229,NONE,NO_CANDIDATE,,,,,0.0,644002.0002283731,644002.0002283731,,,False,False,,,,,,,False,0,False,500000.0,644002.0002283731,0.0,NO_CANDIDATE,0.0,False
reject_market_chain_gte_30,20251230,NONE,NO_CANDIDATE,,,,,0.0,644002.0002283731,644002.0002283731,,,False,False,,,,,,,False,0,False,500000.0,644002.0002283731,0.0,NO_CANDIDATE,0.0,False
reject_market_chain_gte_30,20251231,A,HISTORICAL_SIM_FILLED,300058.SZ,蓝色光标,chi_next,无,0.1308549259970799,644002.0002283731,728272.8343102284,a_audit_dynamic_account_return,,False,False,,,,,,,False,0,False,500000.0,728272.8343102284,0.0,HISTORICAL_SIM_FILLED,0.1308549259970799,False
reject_market_chain_gte_30,20260105,A_OR_B,POSITION_OCCUPIED_SKIP,,,,,0.0,728272.8343102284,728272.8343102284,,300058.SZ 蓝色光标,False,False,,,,,,,False,0,False,500000.0,728272.8343102284,0.0,POSITION_OCCUPIED_SKIP,0.0,False
reject_market_chain_gte_30,20260106,B,B_RISK_FILTERED_SKIP,002865.SZ,钧达股份,sz_main,无,0.0,728272.8343102284,728272.8343102284,b_conservative_daily_replay,,True,True,,,20260107.0,20260108.0,57.056999999999995,68.46147,False,0,False,500000.0,728272.8343102284,0.0,HISTORICAL_SIM_FILLED,0.1586068340080973,True
reject_market_chain_gte_30,20260107,A_OR_B,POSITION_OCCUPIED_SKIP,,,,,0.0,728272.8343102284,728272.8343102284,,002865.SZ 钧达股份,False,False,,,,,,,False,0,False,500000.0,728272.8343102284,0.0,POSITION_OCCUPIED_SKIP,0.0,False
reject_market_chain_gte_30,20260108,NONE,NO_CANDIDATE,,,,,0.0,728272.8343102284,728272.8343102284,,,False,False,,,,,,,False,0,False,500000.0,728272.8343102284,0.0,NO_CANDIDATE,0.0,False
reject_market_chain_gte_30,20260109,B,HISTORICAL_SIM_FILLED,600410.SH,华胜天成,sh_main,封单/流通市值偏高,-0.0639164001947708,728272.8343102284,681724.2563814758,b_conservative_daily_replay,,True,True,,,20260112.0,20260113.0,21.87185,20.15982,False,0,False,500000.0,728272.8343102284,-0.06391640019477074,HISTORICAL_SIM_FILLED,-0.0639164001947708,False
reject_market_chain_gte_30,20260112,A_OR_B,POSITION_OCCUPIED_SKIP,,,,,0.0,681724.2563814758,681724.2563814758,,600410.SH 华胜天成,False,False,,,,,,,False,0,False,500000.0,728272.8343102284,-0.06391640019477074,POSITION_OCCUPIED_SKIP,0.0,False
reject_market_chain_gte_30,20260113,NONE,NO_CANDIDATE,,,,,0.0,681724.2563814758,681724.2563814758,,,False,False,,,,,,,False,0,False,500000.0,728272.8343102284,-0.06391640019477074,NO_CANDIDATE,0.0,False
reject_market_chain_gte_30,20260114,NONE,NO_CANDIDATE,,,,,0.0,681724.2563814758,681724.2563814758,,,False,False,,,,,,,False,0,False,500000.0,728272.8343102284,-0.06391640019477074,NO_CANDIDATE,0.0,False
reject_market_chain_gte_30,20260115,A,HISTORICAL_SIM_FILLED,301629.SZ,矽电股份,chi_next,无,-0.0338313603969523,681724.2563814758,658660.5973724897,a_audit_dynamic_account_return,,False,False,,,,,,,False,0,False,500000.0,728272.8343102284,-0.09558538182145804,HISTORICAL_SIM_FILLED,-0.0338313603969523,False
reject_market_chain_gte_30,20260116,A_OR_B,POSITION_OCCUPIED_SKIP,,,,,0.0,658660.5973724897,658660.5973724897,,301629.SZ 矽电股份,False,False,,,,,,,False,0,False,500000.0,728272.8343102284,-0.09558538182145804,POSITION_OCCUPIED_SKIP,0.0,False
reject_market_chain_gte_30,20260119,A,HISTORICAL_SIM_FILLED,300658.SZ,延江股份,chi_next,无,0.0681174370165976,658660.5973724897,703526.8691293248,a_audit_dynamic_account_return,,False,False,,,,,,,False,0,False,500000.0,728272.8343102284,-0.03397897603079114,HISTORICAL_SIM_FILLED,0.0681174370165976,False
reject_market_chain_gte_30,20260120,A_OR_B,POSITION_OCCUPIED_SKIP,,,,,0.0,703526.8691293248,703526.8691293248,,300658.SZ 延江股份,False,False,,,,,,,False,0,False,500000.0,728272.8343102284,-0.03397897603079114,POSITION_OCCUPIED_SKIP,0.0,False
reject_market_chain_gte_30,20260121,NONE,NO_CANDIDATE,,,,,0.0,703526.8691293248,703526.8691293248,,,False,False,,,,,,,False,0,False,500000.0,728272.8343102284,-0.03397897603079114,NO_CANDIDATE,0.0,False
reject_market_chain_gte_30,20260122,NONE,NO_CANDIDATE,,,,,0.0,703526.8691293248,703526.8691293248,,,False,False,,,,,,,False,0,False,500000.0,728272.8343102284,-0.03397897603079114,NO_CANDIDATE,0.0,False
reject_market_chain_gte_30,20260123,A,HISTORICAL_SIM_FILLED,920368.BJ,连城数控,bj,无,0.1027727855059111,703526.8691293248,775830.285147998,a_audit_dynamic_account_return,,False,False,,,,,,,False,0,False,500000.0,775830.285147998,0.0,HISTORICAL_SIM_FILLED,0.1027727855059111,False
reject_market_chain_gte_30,20260126,A_OR_B,POSITION_OCCUPIED_SKIP,,,,,0.0,775830.285147998,775830.285147998,,920368.BJ 连城数控,False,False,,,,,,,False,0,False,500000.0,775830.285147998,0.0,POSITION_OCCUPIED_SKIP,0.0,False
reject_market_chain_gte_30,20260127,NONE,NO_CANDIDATE,,,,,0.0,775830.285147998,775830.285147998,,,False,False,,,,,,,False,0,False,500000.0,775830.285147998,0.0,NO_CANDIDATE,0.0,False
reject_market_chain_gte_30,20260128,A,HISTORICAL_SIM_FILLED,300164.SZ,通源石油,chi_next,无,0.0457725821591917,775830.285147998,811342.0406165238,a_audit_dynamic_account_return,,False,False,,,,,,,False,0,False,500000.0,811342.0406165238,0.0,HISTORICAL_SIM_FILLED,0.0457725821591917,False
reject_market_chain_gte_30,20260129,A_OR_B,POSITION_OCCUPIED_SKIP,,,,,0.0,811342.0406165238,811342.0406165238,,300164.SZ 通源石油,False,False,,,,,,,False,0,False,500000.0,811342.0406165238,0.0,POSITION_OCCUPIED_SKIP,0.0,False
reject_market_chain_gte_30,20260130,NONE,NO_CANDIDATE,,,,,0.0,811342.0406165238,811342.0406165238,,,False,False,,,,,,,False,0,False,500000.0,811342.0406165238,0.0,NO_CANDIDATE,0.0,False
reject_market_chain_gte_30,20260202,NONE,NO_CANDIDATE,,,,,0.0,811342.0406165238,811342.0406165238,,,False,False,,,,,,,False,0,False,500000.0,811342.0406165238,0.0,NO_CANDIDATE,0.0,False
reject_market_chain_gte_30,20260203,B,HISTORICAL_SIM_FILLED,002471.SZ,中超控股,sz_main,封单/流通市值偏高,0.0081473226348119,811342.0406165238,817952.3059886133,b_conservative_daily_replay,,True,True,,,20260204.0,20260205.0,9.4094,9.52047,False,0,False,500000.0,817952.3059886133,0.0,HISTORICAL_SIM_FILLED,0.0081473226348119,False
reject_market_chain_gte_30,20260204,A_OR_B,POSITION_OCCUPIED_SKIP,,,,,0.0,817952.3059886133,817952.3059886133,,002471.SZ 中超控股,False,False,,,,,,,False,0,False,500000.0,817952.3059886133,0.0,POSITION_OCCUPIED_SKIP,0.0,False
reject_market_chain_gte_30,20260205,NONE,NO_CANDIDATE,,,,,0.0,817952.3059886133,817952.3059886133,,,False,False,,,,,,,False,0,False,500000.0,817952.3059886133,0.0,NO_CANDIDATE,0.0,False
reject_market_chain_gte_30,20260206,NONE,NO_CANDIDATE,,,,,0.0,817952.3059886133,817952.3059886133,,,False,False,,,,,,,False,0,False,500000.0,817952.3059886133,0.0,NO_CANDIDATE,0.0,False
reject_market_chain_gte_30,20260209,B,HISTORICAL_SIM_FILLED,601360.SH,三六零,sh_main,LOSS_OVERLAY_WATCH,-0.018776912354669,817952.3059886133,802593.6872287657,b_conservative_daily_replay,,True,True,,,20260210.0,20260211.0,13.08307,12.79719,False,0,False,500000.0,817952.3059886133,-0.01877691235466905,HISTORICAL_SIM_FILLED,-0.018776912354669,False
reject_market_chain_gte_30,20260210,A_OR_B,POSITION_OCCUPIED_SKIP,,,,,0.0,802593.6872287657,802593.6872287657,,601360.SH 三六零,False,False,,,,,,,False,0,False,500000.0,817952.3059886133,-0.01877691235466905,POSITION_OCCUPIED_SKIP,0.0,False
reject_market_chain_gte_30,20260211,NONE,NO_CANDIDATE,,,,,0.0,802593.6872287657,802593.6872287657,,,False,False,,,,,,,False,0,False,500000.0,817952.3059886133,-0.01877691235466905,NO_CANDIDATE,0.0,False
reject_market_chain_gte_30,20260212,NONE,NO_CANDIDATE,,,,,0.0,802593.6872287657,802593.6872287657,,,False,False,,,,,,,False,0,False,500000.0,817952.3059886133,-0.01877691235466905,NO_CANDIDATE,0.0,False
reject_market_chain_gte_30,20260213,NONE,NO_CANDIDATE,,,,,0.0,802593.6872287657,802593.6872287657,,,False,False,,,,,,,False,0,False,500000.0,817952.3059886133,-0.01877691235466905,NO_CANDIDATE,0.0,False
reject_market_chain_gte_30,20260224,NONE,NO_CANDIDATE,,,,,0.0,802593.6872287657,802593.6872287657,,,False,False,,,,,,,False,0,False,500000.0,817952.3059886133,-0.01877691235466905,NO_CANDIDATE,0.0,False
reject_market_chain_gte_30,20260225,NONE,NO_CANDIDATE,,,,,0.0,802593.6872287657,802593.6872287657,,,False,False,,,,,,,False,0,False,500000.0,817952.3059886133,-0.01877691235466905,NO_CANDIDATE,0.0,False
reject_market_chain_gte_30,20260226,A,HISTORICAL_SIM_FILLED,300499.SZ,高澜股份,chi_next,无,0.0193948880593092,802593.6872287657,818159.9019496758,a_audit_dynamic_account_return,,False,False,,,,,,,False,0,False,500000.0,818159.9019496758,0.0,HISTORICAL_SIM_FILLED,0.0193948880593092,False
reject_market_chain_gte_30,20260227,A_OR_B,POSITION_OCCUPIED_SKIP,,,,,0.0,818159.9019496758,818159.9019496758,,300499.SZ 高澜股份,False,False,,,,,,,False,0,False,500000.0,818159.9019496758,0.0,POSITION_OCCUPIED_SKIP,0.0,False
reject_market_chain_gte_30,20260302,B,HISTORICAL_SIM_FILLED,603257.SH,中国瑞林,sh_main,无,-0.0276280322799875,818159.9019496758,795555.7537684188,b_conservative_daily_replay,,True,True,,,20260303.0,20260304.0,72.70262999999998,70.30962,False,0,False,500000.0,818159.9019496758,-0.027628032279987336,HISTORICAL_SIM_FILLED,-0.0276280322799875,False
reject_market_chain_gte_30,20260303,A_OR_B,POSITION_OCCUPIED_SKIP,,,,,0.0,795555.7537684188,795555.7537684188,,603257.SH 中国瑞林,False,False,,,,,,,False,0,False,500000.0,818159.9019496758,-0.027628032279987336,POSITION_OCCUPIED_SKIP,0.0,False
reject_market_chain_gte_30,20260304,NONE,NO_CANDIDATE,,,,,0.0,795555.7537684188,795555.7537684188,,,False,False,,,,,,,False,0,False,500000.0,818159.9019496758,-0.027628032279987336,NO_CANDIDATE,0.0,False
reject_market_chain_gte_30,20260305,NONE,NO_CANDIDATE,,,,,0.0,795555.7537684188,795555.7537684188,,,False,False,,,,,,,False,0,False,500000.0,818159.9019496758,-0.027628032279987336,NO_CANDIDATE,0.0,False
reject_market_chain_gte_30,20260306,B,HISTORICAL_SIM_FILLED,000509.SZ,华塑控股,sz_main,无,0.0220556483516485,795555.7537684188,813102.2517176657,b_conservative_daily_replay,,True,True,,,20260309.0,20260310.0,3.8438399999999993,3.95604,False,0,False,500000.0,818159.9019496758,-0.006181738092954303,HISTORICAL_SIM_FILLED,0.0220556483516485,False
reject_market_chain_gte_30,20260309,A_OR_B,POSITION_OCCUPIED_SKIP,,,,,0.0,813102.2517176657,813102.2517176657,,000509.SZ 华塑控股,False,False,,,,,,,False,0,False,500000.0,818159.9019496758,-0.006181738092954303,POSITION_OCCUPIED_SKIP,0.0,False
reject_market_chain_gte_30,20260310,NONE,NO_CANDIDATE,,,,,0.0,813102.2517176657,813102.2517176657,,,False,False,,,,,,,False,0,False,500000.0,818159.9019496758,-0.006181738092954303,NO_CANDIDATE,0.0,False
reject_market_chain_gte_30,20260311,B,HISTORICAL_SIM_FILLED,603778.SH,国晟科技,sh_main,无,-0.0155491819765248,813102.2517176657,800459.1768401857,b_conservative_daily_replay,,True,True,,,20260312.0,20260313.0,20.840819999999997,20.46951,False,0,False,500000.0,818159.9019496758,-0.021634799098940505,HISTORICAL_SIM_FILLED,-0.0155491819765248,False
reject_market_chain_gte_30,20260312,A_OR_B,POSITION_OCCUPIED_SKIP,,,,,0.0,800459.1768401857,800459.1768401857,,603778.SH 国晟科技,False,False,,,,,,,False,0,False,500000.0,818159.9019496758,-0.021634799098940505,POSITION_OCCUPIED_SKIP,0.0,False
reject_market_chain_gte_30,20260313,B,HISTORICAL_SIM_FILLED,603248.SH,锡华科技,sh_main,无,0.1419679382777887,800459.1768401857,914098.7158517228,b_conservative_daily_replay,,True,True,,,20260316.0,20260317.0,28.908879999999996,34.085879999999996,False,0,False,500000.0,914098.7158517228,0.0,HISTORICAL_SIM_FILLED,0.1419679382777887,False
reject_market_chain_gte_30,20260316,A_OR_B,POSITION_OCCUPIED_SKIP,,,,,0.0,914098.7158517228,914098.7158517228,,603248.SH 锡华科技,False,False,,,,,,,False,0,False,500000.0,914098.7158517228,0.0,POSITION_OCCUPIED_SKIP,0.0,False
reject_market_chain_gte_30,20260317,NONE,NO_CANDIDATE,,,,,0.0,914098.7158517228,914098.7158517228,,,False,False,,,,,,,False,0,False,500000.0,914098.7158517228,0.0,NO_CANDIDATE,0.0,False
reject_market_chain_gte_30,20260318,NONE,NO_CANDIDATE,,,,,0.0,914098.7158517228,914098.7158517228,,,False,False,,,,,,,False,0,False,500000.0,914098.7158517228,0.0,NO_CANDIDATE,0.0,False
reject_market_chain_gte_30,20260319,NONE,NO_CANDIDATE,,,,,0.0,914098.7158517228,914098.7158517228,,,False,False,,,,,,,False,0,False,500000.0,914098.7158517228,0.0,NO_CANDIDATE,0.0,False
reject_market_chain_gte_30,20260320,NONE,NO_CANDIDATE,,,,,0.0,914098.7158517228,914098.7158517228,,,False,False,,,,,,,False,0,False,500000.0,914098.7158517228,0.0,NO_CANDIDATE,0.0,False
reject_market_chain_gte_30,20260323,NONE,NO_CANDIDATE,,,,,0.0,914098.7158517228,914098.7158517228,,,False,False,,,,,,,False,0,False,500000.0,914098.7158517228,0.0,NO_CANDIDATE,0.0,False
reject_market_chain_gte_30,20260324,B,HISTORICAL_SIM_FILLED,601016.SH,节能风电,sh_main,无,0.0500117284161621,914098.7158517228,959814.3725744616,b_conservative_daily_replay,,True,True,,,20260325.0,20260326.0,4.98498,5.30469,False,0,False,500000.0,959814.3725744616,0.0,HISTORICAL_SIM_FILLED,0.0500117284161621,False
reject_market_chain_gte_30,20260325,A_OR_B,POSITION_OCCUPIED_SKIP,,,,,0.0,959814.3725744616,959814.3725744616,,601016.SH 节能风电,False,False,,,,,,,False,0,False,500000.0,959814.3725744616,0.0,POSITION_OCCUPIED_SKIP,0.0,False
reject_market_chain_gte_30,20260326,NONE,NO_CANDIDATE,,,,,0.0,959814.3725744616,959814.3725744616,,,False,False,,,,,,,False,0,False,500000.0,959814.3725744616,0.0,NO_CANDIDATE,0.0,False
reject_market_chain_gte_30,20260327,A,HISTORICAL_SIM_FILLED,300204.SZ,舒泰神,chi_next,无,0.0397618491523106,959814.3725744616,997978.366870987,a_audit_dynamic_account_return,,False,False,,,,,,,False,0,False,500000.0,997978.366870987,0.0,HISTORICAL_SIM_FILLED,0.0397618491523106,False
reject_market_chain_gte_30,20260330,A_OR_B,POSITION_OCCUPIED_SKIP,,,,,0.0,997978.366870987,997978.366870987,,300204.SZ 舒泰神,False,False,,,,,,,False,0,False,500000.0,997978.366870987,0.0,POSITION_OCCUPIED_SKIP,0.0,False
reject_market_chain_gte_30,20260331,NONE,NO_CANDIDATE,,,,,0.0,997978.366870987,997978.366870987,,,False,False,,,,,,,False,0,False,500000.0,997978.366870987,0.0,NO_CANDIDATE,0.0,False
reject_market_chain_gte_30,20260401,NONE,NO_CANDIDATE,,,,,0.0,997978.366870987,997978.366870987,,,False,False,,,,,,,False,0,False,500000.0,997978.366870987,0.0,NO_CANDIDATE,0.0,False
reject_market_chain_gte_30,20260402,NONE,NO_CANDIDATE,,,,,0.0,997978.366870987,997978.366870987,,,False,False,,,,,,,False,0,False,500000.0,997978.366870987,0.0,NO_CANDIDATE,0.0,False
reject_market_chain_gte_30,20260403,NONE,NO_CANDIDATE,,,,,0.0,997978.366870987,997978.366870987,,,False,False,,,,,,,False,0,False,500000.0,997978.366870987,0.0,NO_CANDIDATE,0.0,False
reject_market_chain_gte_30,20260407,B,HISTORICAL_SIM_FILLED,603090.SH,宏盛股份,sh_main,封单/流通市值偏高,0.0251451337980819,997978.366870987,1023072.6664335493,b_conservative_daily_replay,,True,True,,,20260408.0,20260409.0,66.12606,68.31161999999999,False,0,False,500000.0,1023072.6664335493,0.0,HISTORICAL_SIM_FILLED,0.0251451337980819,False
reject_market_chain_gte_30,20260408,A_OR_B,POSITION_OCCUPIED_SKIP,,,,,0.0,1023072.6664335493,1023072.6664335493,,603090.SH 宏盛股份,False,False,,,,,,,False,0,False,500000.0,1023072.6664335493,0.0,POSITION_OCCUPIED_SKIP,0.0,False
reject_market_chain_gte_30,20260409,A,HISTORICAL_SIM_FILLED,300489.SZ,光智科技,chi_next,无,0.0826627480845445,1023072.6664335493,1107642.664531129,a_audit_dynamic_account_return,,False,False,,,,,,,False,0,False,500000.0,1107642.664531129,0.0,HISTORICAL_SIM_FILLED,0.0826627480845445,False
reject_market_chain_gte_30,20260410,A_OR_B,POSITION_OCCUPIED_SKIP,,,,,0.0,1107642.664531129,1107642.664531129,,300489.SZ 光智科技,False,False,,,,,,,False,0,False,500000.0,1107642.664531129,0.0,POSITION_OCCUPIED_SKIP,0.0,False
reject_market_chain_gte_30,20260413,B,HISTORICAL_SIM_FILLED,000968.SZ,蓝焰控股,sz_main,无,-0.0496262411873839,1107642.664531129,1052674.5225116706,b_conservative_daily_replay,,True,True,,,20260414.0,20260415.0,10.09008,9.48051,False,0,False,500000.0,1107642.664531129,-0.0496262411873839,HISTORICAL_SIM_FILLED,-0.0496262411873839,False
reject_market_chain_gte_30,20260414,A_OR_B,POSITION_OCCUPIED_SKIP,,,,,0.0,1052674.5225116706,1052674.5225116706,,000968.SZ 蓝焰控股,False,False,,,,,,,False,0,False,500000.0,1107642.664531129,-0.0496262411873839,POSITION_OCCUPIED_SKIP,0.0,False
reject_market_chain_gte_30,20260415,NONE,NO_CANDIDATE,,,,,0.0,1052674.5225116706,1052674.5225116706,,,False,False,,,,,,,False,0,False,500000.0,1107642.664531129,-0.0496262411873839,NO_CANDIDATE,0.0,False
reject_market_chain_gte_30,20260416,B,HISTORICAL_SIM_FILLED,603220.SH,中贝通信,sh_main,无,-0.0440895700662973,1052674.5225116706,1006262.5553943862,b_conservative_daily_replay,,True,True,,,20260417.0,20260420.0,32.59256,30.84912,False,0,False,500000.0,1107642.664531129,-0.0915278116157231,HISTORICAL_SIM_FILLED,-0.0440895700662973,False
reject_market_chain_gte_30,20260417,A_OR_B,POSITION_OCCUPIED_SKIP,,,,,0.0,1006262.5553943862,1006262.5553943862,,603220.SH 中贝通信,False,False,,,,,,,False,0,False,500000.0,1107642.664531129,-0.0915278116157231,POSITION_OCCUPIED_SKIP,0.0,False
reject_market_chain_gte_30,20260420,NONE,NO_CANDIDATE,,,,,0.0,1006262.5553943862,1006262.5553943862,,,False,False,,,,,,,False,0,False,500000.0,1107642.664531129,-0.0915278116157231,NO_CANDIDATE,0.0,False
reject_market_chain_gte_30,20260421,NONE,NO_CANDIDATE,,,,,0.0,1006262.5553943862,1006262.5553943862,,,False,False,,,,,,,False,0,False,500000.0,1107642.664531129,-0.0915278116157231,NO_CANDIDATE,0.0,False
reject_market_chain_gte_30,20260422,NONE,NO_CANDIDATE,,,,,0.0,1006262.5553943862,1006262.5553943862,,,False,False,,,,,,,False,0,False,500000.0,1107642.664531129,-0.0915278116157231,NO_CANDIDATE,0.0,False
reject_market_chain_gte_30,20260423,NONE,NO_CANDIDATE,,,,,0.0,1006262.5553943862,1006262.5553943862,,,False,False,,,,,,,False,0,False,500000.0,1107642.664531129,-0.0915278116157231,NO_CANDIDATE,0.0,False
reject_market_chain_gte_30,20260424,NONE,NO_CANDIDATE,,,,,0.0,1006262.5553943862,1006262.5553943862,,,False,False,,,,,,,False,0,False,500000.0,1107642.664531129,-0.0915278116157231,NO_CANDIDATE,0.0,False
reject_market_chain_gte_30,20260427,B,HISTORICAL_SIM_FILLED,600152.SH,维科技术,sh_main,LOSS_OVERLAY_WATCH,-0.0056380497028743,1006262.5553943862,1000589.1970929314,b_conservative_daily_replay,,True,True,,,20260428.0,20260429.0,14.56455,14.4855,False,0,False,500000.0,1107642.664531129,-0.09664982296751257,HISTORICAL_SIM_FILLED,-0.0056380497028743,False
reject_market_chain_gte_30,20260428,A_OR_B,POSITION_OCCUPIED_SKIP,,,,,0.0,1000589.1970929314,1000589.1970929314,,600152.SH 维科技术,False,False,,,,,,,False,0,False,500000.0,1107642.664531129,-0.09664982296751257,POSITION_OCCUPIED_SKIP,0.0,False
reject_market_chain_gte_30,20260429,NONE,NO_CANDIDATE,,,,,0.0,1000589.1970929314,1000589.1970929314,,,False,False,,,,,,,False,0,False,500000.0,1107642.664531129,-0.09664982296751257,NO_CANDIDATE,0.0,False
reject_market_chain_gte_30,20260430,NONE,NO_CANDIDATE,,,,,0.0,1000589.1970929314,1000589.1970929314,,,False,False,,,,,,,False,0,False,500000.0,1107642.664531129,-0.09664982296751257,NO_CANDIDATE,0.0,False
reject_market_chain_gte_30,20260506,NONE,NO_CANDIDATE,,,,,0.0,1000589.1970929314,1000589.1970929314,,,False,False,,,,,,,False,0,False,500000.0,1107642.664531129,-0.09664982296751257,NO_CANDIDATE,0.0,False
reject_market_chain_gte_30,20260507,B,HISTORICAL_SIM_FILLED,603256.SH,宏和科技,sh_main,无,0.024640485917173,1000589.1970929314,1025244.2011127751,b_conservative_daily_replay,,True,True,,,20260508.0,20260511.0,145.12497999999997,149.83002,False,0,False,500000.0,1107642.664531129,-0.07439083565206794,HISTORICAL_SIM_FILLED,0.024640485917173,False
reject_market_chain_gte_30,20260508,A_OR_B,POSITION_OCCUPIED_SKIP,,,,,0.0,1025244.2011127751,1025244.2011127751,,603256.SH 宏和科技,False,False,,,,,,,False,0,False,500000.0,1107642.664531129,-0.07439083565206794,POSITION_OCCUPIED_SKIP,0.0,False
reject_market_chain_gte_30,20260511,NONE,NO_CANDIDATE,,,,,0.0,1025244.2011127751,1025244.2011127751,,,False,False,,,,,,,False,0,False,500000.0,1107642.664531129,-0.07439083565206794,NO_CANDIDATE,0.0,False
reject_market_chain_gte_30,20260512,NONE,NO_CANDIDATE,,,,,0.0,1025244.2011127751,1025244.2011127751,,,False,False,,,,,,,False,0,False,500000.0,1107642.664531129,-0.07439083565206794,NO_CANDIDATE,0.0,False
reject_market_chain_gte_30,20260513,NONE,NO_CANDIDATE,,,,,0.0,1025244.2011127751,1025244.2011127751,,,False,False,,,,,,,False,0,False,500000.0,1107642.664531129,-0.07439083565206794,NO_CANDIDATE,0.0,False
reject_market_chain_gte_30,20260514,NONE,NO_CANDIDATE,,,,,0.0,1025244.2011127751,1025244.2011127751,,,False,False,,,,,,,False,0,False,500000.0,1107642.664531129,-0.07439083565206794,NO_CANDIDATE,0.0,False
reject_fd_warn_or_loss_overlay,20251112,NONE,NO_CANDIDATE,,,,,0.0,500000.0,500000.0,,,False,False,,,,,,,False,0,False,500000.0,500000.0,0.0,NO_CANDIDATE,0.0,False
reject_fd_warn_or_loss_overlay,20251113,B,B_RISK_FILTERED_SKIP,002780.SZ,三夫户外,sz_main,封单/流通市值偏高,0.0,500000.0,500000.0,b_conservative_daily_replay,,True,True,,,20251114.0,20251118.0,18.308289999999996,15.5844,False,1,False,500000.0,500000.0,0.0,HISTORICAL_SIM_FILLED,-0.1203192402916928,True
reject_fd_warn_or_loss_overlay,20251114,A_OR_B,POSITION_OCCUPIED_SKIP,,,,,0.0,500000.0,500000.0,,002780.SZ 三夫户外,False,False,,,,,,,False,0,False,500000.0,500000.0,0.0,POSITION_OCCUPIED_SKIP,0.0,False
reject_fd_warn_or_loss_overlay,20251117,A_OR_B,POSITION_OCCUPIED_SKIP,,,,,0.0,500000.0,500000.0,,002780.SZ 三夫户外,False,False,,,,,,,False,0,False,500000.0,500000.0,0.0,POSITION_OCCUPIED_SKIP,0.0,False
reject_fd_warn_or_loss_overlay,20251118,NONE,NO_CANDIDATE,,,,,0.0,500000.0,500000.0,,,False,False,,,,,,,False,0,False,500000.0,500000.0,0.0,NO_CANDIDATE,0.0,False
reject_fd_warn_or_loss_overlay,20251119,NONE,NO_CANDIDATE,,,,,0.0,500000.0,500000.0,,,False,False,,,,,,,False,0,False,500000.0,500000.0,0.0,NO_CANDIDATE,0.0,False
reject_fd_warn_or_loss_overlay,20251120,A,HISTORICAL_SIM_FILLED,301092.SZ,争光股份,chi_next,无,-0.0505145833968012,500000.0,474742.7083015994,a_audit_dynamic_account_return,,False,False,,,,,,,False,0,False,500000.0,500000.0,-0.05051458339680115,HISTORICAL_SIM_FILLED,-0.0505145833968012,False
reject_fd_warn_or_loss_overlay,20251121,A_OR_B,POSITION_OCCUPIED_SKIP,,,,,0.0,474742.7083015994,474742.7083015994,,301092.SZ 争光股份,False,False,,,,,,,False,0,False,500000.0,500000.0,-0.05051458339680115,POSITION_OCCUPIED_SKIP,0.0,False
reject_fd_warn_or_loss_overlay,20251124,NONE,NO_CANDIDATE,,,,,0.0,474742.7083015994,474742.7083015994,,,False,False,,,,,,,False,0,False,500000.0,500000.0,-0.05051458339680115,NO_CANDIDATE,0.0,False
reject_fd_warn_or_loss_overlay,20251125,A,REVIEW_REQUIRED_PLAN_ONLY,301117.SZ,佳缘科技,chi_next,LOSS_OVERLAY_WATCH,0.0,474742.7083015994,474742.7083015994,manual_review_skip,,False,False,,,,,,,False,0,False,500000.0,500000.0,-0.05051458339680115,REVIEW_REQUIRED_PLAN_ONLY,0.0,False
reject_fd_warn_or_loss_overlay,20251126,NONE,NO_CANDIDATE,,,,,0.0,474742.7083015994,474742.7083015994,,,False,False,,,,,,,False,0,False,500000.0,500000.0,-0.05051458339680115,NO_CANDIDATE,0.0,False
reject_fd_warn_or_loss_overlay,20251127,NONE,NO_CANDIDATE,,,,,0.0,474742.7083015994,474742.7083015994,,,False,False,,,,,,,False,0,False,500000.0,500000.0,-0.05051458339680115,NO_CANDIDATE,0.0,False
reject_fd_warn_or_loss_overlay,20251128,NONE,NO_CANDIDATE,,,,,0.0,474742.7083015994,474742.7083015994,,,False,False,,,,,,,False,0,False,500000.0,500000.0,-0.05051458339680115,NO_CANDIDATE,0.0,False
reject_fd_warn_or_loss_overlay,20251201,B,HISTORICAL_SIM_FILLED,000078.SZ,海王生物,sz_main,无,0.1483816907303223,474742.7083015994,545185.834021283,b_conservative_daily_replay,,True,True,,,20251202.0,20251203.0,3.8037999999999994,4.515479999999999,False,0,False,500000.0,545185.834021283,0.0,HISTORICAL_SIM_FILLED,0.1483816907303223,False
reject_fd_warn_or_loss_overlay,20251202,A_OR_B,POSITION_OCCUPIED_SKIP,,,,,0.0,545185.834021283,545185.834021283,,000078.SZ 海王生物,False,False,,,,,,,False,0,False,500000.0,545185.834021283,0.0,POSITION_OCCUPIED_SKIP,0.0,False
reject_fd_warn_or_loss_overlay,20251203,NONE,NO_CANDIDATE,,,,,0.0,545185.834021283,545185.834021283,,,False,False,,,,,,,False,0,False,500000.0,545185.834021283,0.0,NO_CANDIDATE,0.0,False
reject_fd_warn_or_loss_overlay,20251204,A,HISTORICAL_SIM_FILLED,300946.SZ,恒而达,chi_next,无,0.0291749495998269,545185.834021283,561091.6032513934,a_audit_dynamic_account_return,,False,False,,,,,,,False,0,False,500000.0,561091.6032513934,0.0,HISTORICAL_SIM_FILLED,0.0291749495998269,False
reject_fd_warn_or_loss_overlay,20251205,A_OR_B,POSITION_OCCUPIED_SKIP,,,,,0.0,561091.6032513934,561091.6032513934,,300946.SZ 恒而达,False,False,,,,,,,False,0,False,500000.0,561091.6032513934,0.0,POSITION_OCCUPIED_SKIP,0.0,False
reject_fd_warn_or_loss_overlay,20251208,B,HISTORICAL_SIM_FILLED,000571.SZ,新大洲A,sz_main,无,0.0312685828023009,561091.6032513934,578636.1425073354,b_conservative_daily_replay,,True,True,,,20251209.0,20251210.0,6.316309999999999,6.5734200000000005,False,0,False,500000.0,578636.1425073354,0.0,HISTORICAL_SIM_FILLED,0.0312685828023009,False
reject_fd_warn_or_loss_overlay,20251209,A_OR_B,POSITION_OCCUPIED_SKIP,,,,,0.0,578636.1425073354,578636.1425073354,,000571.SZ 新大洲A,False,False,,,,,,,False,0,False,500000.0,578636.1425073354,0.0,POSITION_OCCUPIED_SKIP,0.0,False
reject_fd_warn_or_loss_overlay,20251210,NONE,NO_CANDIDATE,,,,,0.0,578636.1425073354,578636.1425073354,,,False,False,,,,,,,False,0,False,500000.0,578636.1425073354,0.0,NO_CANDIDATE,0.0,False
reject_fd_warn_or_loss_overlay,20251211,NONE,NO_CANDIDATE,,,,,0.0,578636.1425073354,578636.1425073354,,,False,False,,,,,,,False,0,False,500000.0,578636.1425073354,0.0,NO_CANDIDATE,0.0,False
reject_fd_warn_or_loss_overlay,20251212,A,HISTORICAL_SIM_FILLED,920576.BJ,天力复合,bj,无,0.181313377355646,578636.1425073354,683550.6157653834,a_audit_dynamic_account_return,,False,False,,,,,,,False,0,False,500000.0,683550.6157653834,0.0,HISTORICAL_SIM_FILLED,0.181313377355646,False
reject_fd_warn_or_loss_overlay,20251215,A_OR_B,POSITION_OCCUPIED_SKIP,,,,,0.0,683550.6157653834,683550.6157653834,,920576.BJ 天力复合,False,False,,,,,,,False,0,False,500000.0,683550.6157653834,0.0,POSITION_OCCUPIED_SKIP,0.0,False
reject_fd_warn_or_loss_overlay,20251216,NONE,NO_CANDIDATE,,,,,0.0,683550.6157653834,683550.6157653834,,,False,False,,,,,,,False,0,False,500000.0,683550.6157653834,0.0,NO_CANDIDATE,0.0,False
reject_fd_warn_or_loss_overlay,20251217,NONE,NO_CANDIDATE,,,,,0.0,683550.6157653834,683550.6157653834,,,False,False,,,,,,,False,0,False,500000.0,683550.6157653834,0.0,NO_CANDIDATE,0.0,False
reject_fd_warn_or_loss_overlay,20251218,B,B_RISK_FILTERED_SKIP,002865.SZ,钧达股份,sz_main,封单/流通市值偏高,0.0,683550.6157653834,683550.6157653834,b_conservative_daily_replay,,True,True,,,20251219.0,20251222.0,46.44639999999999,49.4505,False,0,False,500000.0,683550.6157653834,0.0,HISTORICAL_SIM_FILLED,0.0504470845017052,True
reject_fd_warn_or_loss_overlay,20251219,A_OR_B,POSITION_OCCUPIED_SKIP,,,,,0.0,683550.6157653834,683550.6157653834,,002865.SZ 钧达股份,False,False,,,,,,,False,0,False,500000.0,683550.6157653834,0.0,POSITION_OCCUPIED_SKIP,0.0,False
reject_fd_warn_or_loss_overlay,20251222,B,B_RISK_FILTERED_SKIP,000407.SZ,胜利股份,sz_main,封单/流通市值偏高,0.0,683550.6157653834,683550.6157653834,b_conservative_daily_replay,,True,True,,,20251223.0,20251224.0,5.08508,5.06493,False,0,False,500000.0,683550.6157653834,0.0,HISTORICAL_SIM_FILLED,-0.0044660582881684,True
reject_fd_warn_or_loss_overlay,20251223,A_OR_B,POSITION_OCCUPIED_SKIP,,,,,0.0,683550.6157653834,683550.6157653834,,000407.SZ 胜利股份,False,False,,,,,,,False,0,False,500000.0,683550.6157653834,0.0,POSITION_OCCUPIED_SKIP,0.0,False
reject_fd_warn_or_loss_overlay,20251224,NONE,NO_CANDIDATE,,,,,0.0,683550.6157653834,683550.6157653834,,,False,False,,,,,,,False,0,False,500000.0,683550.6157653834,0.0,NO_CANDIDATE,0.0,False
reject_fd_warn_or_loss_overlay,20251225,B,B_RISK_FILTERED_SKIP,001400.SZ,江顺科技,sz_main,封单/流通市值偏高,0.0,683550.6157653834,683550.6157653834,b_conservative_daily_replay,,True,True,,,20251226.0,20251229.0,73.89381999999999,76.24368,False,0,False,500000.0,683550.6157653834,0.0,HISTORICAL_SIM_FILLED,0.0241443954214303,True
reject_fd_warn_or_loss_overlay,20251226,A_OR_B,POSITION_OCCUPIED_SKIP,,,,,0.0,683550.6157653834,683550.6157653834,,001400.SZ 江顺科技,False,False,,,,,,,False,0,False,500000.0,683550.6157653834,0.0,POSITION_OCCUPIED_SKIP,0.0,False
reject_fd_warn_or_loss_overlay,20251229,NONE,NO_CANDIDATE,,,,,0.0,683550.6157653834,683550.6157653834,,,False,False,,,,,,,False,0,False,500000.0,683550.6157653834,0.0,NO_CANDIDATE,0.0,False
reject_fd_warn_or_loss_overlay,20251230,NONE,NO_CANDIDATE,,,,,0.0,683550.6157653834,683550.6157653834,,,False,False,,,,,,,False,0,False,500000.0,683550.6157653834,0.0,NO_CANDIDATE,0.0,False
reject_fd_warn_or_loss_overlay,20251231,A,HISTORICAL_SIM_FILLED,300058.SZ,蓝色光标,chi_next,无,0.1308549259970799,683550.6157653834,772996.581006621,a_audit_dynamic_account_return,,False,False,,,,,,,False,0,False,500000.0,772996.581006621,0.0,HISTORICAL_SIM_FILLED,0.1308549259970799,False
reject_fd_warn_or_loss_overlay,20260105,A_OR_B,POSITION_OCCUPIED_SKIP,,,,,0.0,772996.581006621,772996.581006621,,300058.SZ 蓝色光标,False,False,,,,,,,False,0,False,500000.0,772996.581006621,0.0,POSITION_OCCUPIED_SKIP,0.0,False
reject_fd_warn_or_loss_overlay,20260106,B,HISTORICAL_SIM_FILLED,002865.SZ,钧达股份,sz_main,无,0.1586068340080973,772996.581006621,895599.1214191648,b_conservative_daily_replay,,True,True,,,20260107.0,20260108.0,57.056999999999995,68.46147,False,0,False,500000.0,895599.1214191648,0.0,HISTORICAL_SIM_FILLED,0.1586068340080973,False
reject_fd_warn_or_loss_overlay,20260107,A_OR_B,POSITION_OCCUPIED_SKIP,,,,,0.0,895599.1214191648,895599.1214191648,,002865.SZ 钧达股份,False,False,,,,,,,False,0,False,500000.0,895599.1214191648,0.0,POSITION_OCCUPIED_SKIP,0.0,False
reject_fd_warn_or_loss_overlay,20260108,NONE,NO_CANDIDATE,,,,,0.0,895599.1214191648,895599.1214191648,,,False,False,,,,,,,False,0,False,500000.0,895599.1214191648,0.0,NO_CANDIDATE,0.0,False
reject_fd_warn_or_loss_overlay,20260109,B,B_RISK_FILTERED_SKIP,600410.SH,华胜天成,sh_main,封单/流通市值偏高,0.0,895599.1214191648,895599.1214191648,b_conservative_daily_replay,,True,True,,,20260112.0,20260113.0,21.87185,20.15982,False,0,False,500000.0,895599.1214191648,0.0,HISTORICAL_SIM_FILLED,-0.0639164001947708,True
reject_fd_warn_or_loss_overlay,20260112,A_OR_B,POSITION_OCCUPIED_SKIP,,,,,0.0,895599.1214191648,895599.1214191648,,600410.SH 华胜天成,False,False,,,,,,,False,0,False,500000.0,895599.1214191648,0.0,POSITION_OCCUPIED_SKIP,0.0,False
reject_fd_warn_or_loss_overlay,20260113,NONE,NO_CANDIDATE,,,,,0.0,895599.1214191648,895599.1214191648,,,False,False,,,,,,,False,0,False,500000.0,895599.1214191648,0.0,NO_CANDIDATE,0.0,False
reject_fd_warn_or_loss_overlay,20260114,NONE,NO_CANDIDATE,,,,,0.0,895599.1214191648,895599.1214191648,,,False,False,,,,,,,False,0,False,500000.0,895599.1214191648,0.0,NO_CANDIDATE,0.0,False
reject_fd_warn_or_loss_overlay,20260115,A,HISTORICAL_SIM_FILLED,301629.SZ,矽电股份,chi_next,无,-0.0338313603969523,895599.1214191648,865299.7847712392,a_audit_dynamic_account_return,,False,False,,,,,,,False,0,False,500000.0,895599.1214191648,-0.03383136039695234,HISTORICAL_SIM_FILLED,-0.0338313603969523,False
reject_fd_warn_or_loss_overlay,20260116,A_OR_B,POSITION_OCCUPIED_SKIP,,,,,0.0,865299.7847712392,865299.7847712392,,301629.SZ 矽电股份,False,False,,,,,,,False,0,False,500000.0,895599.1214191648,-0.03383136039695234,POSITION_OCCUPIED_SKIP,0.0,False
reject_fd_warn_or_loss_overlay,20260119,A,HISTORICAL_SIM_FILLED,300658.SZ,延江股份,chi_next,无,0.0681174370165976,865299.7847712392,924241.7883608695,a_audit_dynamic_account_return,,False,False,,,,,,,False,0,False,500000.0,924241.7883608695,0.0,HISTORICAL_SIM_FILLED,0.0681174370165976,False
reject_fd_warn_or_loss_overlay,20260120,A_OR_B,POSITION_OCCUPIED_SKIP,,,,,0.0,924241.7883608695,924241.7883608695,,300658.SZ 延江股份,False,False,,,,,,,False,0,False,500000.0,924241.7883608695,0.0,POSITION_OCCUPIED_SKIP,0.0,False
reject_fd_warn_or_loss_overlay,20260121,NONE,NO_CANDIDATE,,,,,0.0,924241.7883608695,924241.7883608695,,,False,False,,,,,,,False,0,False,500000.0,924241.7883608695,0.0,NO_CANDIDATE,0.0,False
reject_fd_warn_or_loss_overlay,20260122,NONE,NO_CANDIDATE,,,,,0.0,924241.7883608695,924241.7883608695,,,False,False,,,,,,,False,0,False,500000.0,924241.7883608695,0.0,NO_CANDIDATE,0.0,False
reject_fd_warn_or_loss_overlay,20260123,A,HISTORICAL_SIM_FILLED,920368.BJ,连城数控,bj,无,0.1027727855059111,924241.7883608695,1019228.6914316808,a_audit_dynamic_account_return,,False,False,,,,,,,False,0,False,500000.0,1019228.6914316808,0.0,HISTORICAL_SIM_FILLED,0.1027727855059111,False
reject_fd_warn_or_loss_overlay,20260126,A_OR_B,POSITION_OCCUPIED_SKIP,,,,,0.0,1019228.6914316808,1019228.6914316808,,920368.BJ 连城数控,False,False,,,,,,,False,0,False,500000.0,1019228.6914316808,0.0,POSITION_OCCUPIED_SKIP,0.0,False
reject_fd_warn_or_loss_overlay,20260127,NONE,NO_CANDIDATE,,,,,0.0,1019228.6914316808,1019228.6914316808,,,False,False,,,,,,,False,0,False,500000.0,1019228.6914316808,0.0,NO_CANDIDATE,0.0,False
reject_fd_warn_or_loss_overlay,20260128,A,HISTORICAL_SIM_FILLED,300164.SZ,通源石油,chi_next,无,0.0457725821591917,1019228.6914316808,1065881.420449243,a_audit_dynamic_account_return,,False,False,,,,,,,False,0,False,500000.0,1065881.420449243,0.0,HISTORICAL_SIM_FILLED,0.0457725821591917,False
reject_fd_warn_or_loss_overlay,20260129,A_OR_B,POSITION_OCCUPIED_SKIP,,,,,0.0,1065881.420449243,1065881.420449243,,300164.SZ 通源石油,False,False,,,,,,,False,0,False,500000.0,1065881.420449243,0.0,POSITION_OCCUPIED_SKIP,0.0,False
reject_fd_warn_or_loss_overlay,20260130,NONE,NO_CANDIDATE,,,,,0.0,1065881.420449243,1065881.420449243,,,False,False,,,,,,,False,0,False,500000.0,1065881.420449243,0.0,NO_CANDIDATE,0.0,False
reject_fd_warn_or_loss_overlay,20260202,NONE,NO_CANDIDATE,,,,,0.0,1065881.420449243,1065881.420449243,,,False,False,,,,,,,False,0,False,500000.0,1065881.420449243,0.0,NO_CANDIDATE,0.0,False
reject_fd_warn_or_loss_overlay,20260203,B,B_RISK_FILTERED_SKIP,002471.SZ,中超控股,sz_main,封单/流通市值偏高,0.0,1065881.420449243,1065881.420449243,b_conservative_daily_replay,,True,True,,,20260204.0,20260205.0,9.4094,9.52047,False,0,False,500000.0,1065881.420449243,0.0,HISTORICAL_SIM_FILLED,0.0081473226348119,True
reject_fd_warn_or_loss_overlay,20260204,A_OR_B,POSITION_OCCUPIED_SKIP,,,,,0.0,1065881.420449243,1065881.420449243,,002471.SZ 中超控股,False,False,,,,,,,False,0,False,500000.0,1065881.420449243,0.0,POSITION_OCCUPIED_SKIP,0.0,False
reject_fd_warn_or_loss_overlay,20260205,NONE,NO_CANDIDATE,,,,,0.0,1065881.420449243,1065881.420449243,,,False,False,,,,,,,False,0,False,500000.0,1065881.420449243,0.0,NO_CANDIDATE,0.0,False
reject_fd_warn_or_loss_overlay,20260206,NONE,NO_CANDIDATE,,,,,0.0,1065881.420449243,1065881.420449243,,,False,False,,,,,,,False,0,False,500000.0,1065881.420449243,0.0,NO_CANDIDATE,0.0,False
reject_fd_warn_or_loss_overlay,20260209,B,B_RISK_FILTERED_SKIP,601360.SH,三六零,sh_main,LOSS_OVERLAY_WATCH,0.0,1065881.420449243,1065881.420449243,b_conservative_daily_replay,,True,True,,,20260210.0,20260211.0,13.08307,12.79719,False,0,False,500000.0,1065881.420449243,0.0,HISTORICAL_SIM_FILLED,-0.018776912354669,True
reject_fd_warn_or_loss_overlay,20260210,A_OR_B,POSITION_OCCUPIED_SKIP,,,,,0.0,1065881.420449243,1065881.420449243,,601360.SH 三六零,False,False,,,,,,,False,0,False,500000.0,1065881.420449243,0.0,POSITION_OCCUPIED_SKIP,0.0,False
reject_fd_warn_or_loss_overlay,20260211,NONE,NO_CANDIDATE,,,,,0.0,1065881.420449243,1065881.420449243,,,False,False,,,,,,,False,0,False,500000.0,1065881.420449243,0.0,NO_CANDIDATE,0.0,False
reject_fd_warn_or_loss_overlay,20260212,NONE,NO_CANDIDATE,,,,,0.0,1065881.420449243,1065881.420449243,,,False,False,,,,,,,False,0,False,500000.0,1065881.420449243,0.0,NO_CANDIDATE,0.0,False
reject_fd_warn_or_loss_overlay,20260213,NONE,NO_CANDIDATE,,,,,0.0,1065881.420449243,1065881.420449243,,,False,False,,,,,,,False,0,False,500000.0,1065881.420449243,0.0,NO_CANDIDATE,0.0,False
reject_fd_warn_or_loss_overlay,20260224,NONE,NO_CANDIDATE,,,,,0.0,1065881.420449243,1065881.420449243,,,False,False,,,,,,,False,0,False,500000.0,1065881.420449243,0.0,NO_CANDIDATE,0.0,False
reject_fd_warn_or_loss_overlay,20260225,NONE,NO_CANDIDATE,,,,,0.0,1065881.420449243,1065881.420449243,,,False,False,,,,,,,False,0,False,500000.0,1065881.420449243,0.0,NO_CANDIDATE,0.0,False
reject_fd_warn_or_loss_overlay,20260226,A,HISTORICAL_SIM_FILLED,300499.SZ,高澜股份,chi_next,无,0.0193948880593092,1065881.420449243,1086554.0712833535,a_audit_dynamic_account_return,,False,False,,,,,,,False,0,False,500000.0,1086554.0712833535,0.0,HISTORICAL_SIM_FILLED,0.0193948880593092,False
reject_fd_warn_or_loss_overlay,20260227,A_OR_B,POSITION_OCCUPIED_SKIP,,,,,0.0,1086554.0712833535,1086554.0712833535,,300499.SZ 高澜股份,False,False,,,,,,,False,0,False,500000.0,1086554.0712833535,0.0,POSITION_OCCUPIED_SKIP,0.0,False
reject_fd_warn_or_loss_overlay,20260302,B,HISTORICAL_SIM_FILLED,603257.SH,中国瑞林,sh_main,无,-0.0276280322799875,1086554.0712833535,1056534.7203279852,b_conservative_daily_replay,,True,True,,,20260303.0,20260304.0,72.70262999999998,70.30962,False,0,False,500000.0,1086554.0712833535,-0.027628032279987447,HISTORICAL_SIM_FILLED,-0.0276280322799875,False
reject_fd_warn_or_loss_overlay,20260303,A_OR_B,POSITION_OCCUPIED_SKIP,,,,,0.0,1056534.7203279852,1056534.7203279852,,603257.SH 中国瑞林,False,False,,,,,,,False,0,False,500000.0,1086554.0712833535,-0.027628032279987447,POSITION_OCCUPIED_SKIP,0.0,False
reject_fd_warn_or_loss_overlay,20260304,NONE,NO_CANDIDATE,,,,,0.0,1056534.7203279852,1056534.7203279852,,,False,False,,,,,,,False,0,False,500000.0,1086554.0712833535,-0.027628032279987447,NO_CANDIDATE,0.0,False
reject_fd_warn_or_loss_overlay,20260305,NONE,NO_CANDIDATE,,,,,0.0,1056534.7203279852,1056534.7203279852,,,False,False,,,,,,,False,0,False,500000.0,1086554.0712833535,-0.027628032279987447,NO_CANDIDATE,0.0,False
reject_fd_warn_or_loss_overlay,20260306,B,HISTORICAL_SIM_FILLED,000509.SZ,华塑控股,sz_main,无,0.0220556483516485,1056534.7203279852,1079837.2785908466,b_conservative_daily_replay,,True,True,,,20260309.0,20260310.0,3.8438399999999993,3.95604,False,0,False,500000.0,1086554.0712833535,-0.006181738092954303,HISTORICAL_SIM_FILLED,0.0220556483516485,False
reject_fd_warn_or_loss_overlay,20260309,A_OR_B,POSITION_OCCUPIED_SKIP,,,,,0.0,1079837.2785908466,1079837.2785908466,,000509.SZ 华塑控股,False,False,,,,,,,False,0,False,500000.0,1086554.0712833535,-0.006181738092954303,POSITION_OCCUPIED_SKIP,0.0,False
reject_fd_warn_or_loss_overlay,20260310,NONE,NO_CANDIDATE,,,,,0.0,1079837.2785908466,1079837.2785908466,,,False,False,,,,,,,False,0,False,500000.0,1086554.0712833535,-0.006181738092954303,NO_CANDIDATE,0.0,False
reject_fd_warn_or_loss_overlay,20260311,B,HISTORICAL_SIM_FILLED,603778.SH,国晟科技,sh_main,无,-0.0155491819765248,1079837.2785908466,1063046.692241002,b_conservative_daily_replay,,True,True,,,20260312.0,20260313.0,20.840819999999997,20.46951,False,0,False,500000.0,1086554.0712833535,-0.021634799098940616,HISTORICAL_SIM_FILLED,-0.0155491819765248,False
reject_fd_warn_or_loss_overlay,20260312,A_OR_B,POSITION_OCCUPIED_SKIP,,,,,0.0,1063046.692241002,1063046.692241002,,603778.SH 国晟科技,False,False,,,,,,,False,0,False,500000.0,1086554.0712833535,-0.021634799098940616,POSITION_OCCUPIED_SKIP,0.0,False
reject_fd_warn_or_loss_overlay,20260313,B,HISTORICAL_SIM_FILLED,603248.SH,锡华科技,sh_main,无,0.1419679382777887,1063046.692241002,1213965.2394314802,b_conservative_daily_replay,,True,True,,,20260316.0,20260317.0,28.908879999999996,34.085879999999996,False,0,False,500000.0,1213965.2394314802,0.0,HISTORICAL_SIM_FILLED,0.1419679382777887,False
reject_fd_warn_or_loss_overlay,20260316,A_OR_B,POSITION_OCCUPIED_SKIP,,,,,0.0,1213965.2394314802,1213965.2394314802,,603248.SH 锡华科技,False,False,,,,,,,False,0,False,500000.0,1213965.2394314802,0.0,POSITION_OCCUPIED_SKIP,0.0,False
reject_fd_warn_or_loss_overlay,20260317,NONE,NO_CANDIDATE,,,,,0.0,1213965.2394314802,1213965.2394314802,,,False,False,,,,,,,False,0,False,500000.0,1213965.2394314802,0.0,NO_CANDIDATE,0.0,False
reject_fd_warn_or_loss_overlay,20260318,NONE,NO_CANDIDATE,,,,,0.0,1213965.2394314802,1213965.2394314802,,,False,False,,,,,,,False,0,False,500000.0,1213965.2394314802,0.0,NO_CANDIDATE,0.0,False
reject_fd_warn_or_loss_overlay,20260319,NONE,NO_CANDIDATE,,,,,0.0,1213965.2394314802,1213965.2394314802,,,False,False,,,,,,,False,0,False,500000.0,1213965.2394314802,0.0,NO_CANDIDATE,0.0,False
reject_fd_warn_or_loss_overlay,20260320,NONE,NO_CANDIDATE,,,,,0.0,1213965.2394314802,1213965.2394314802,,,False,False,,,,,,,False,0,False,500000.0,1213965.2394314802,0.0,NO_CANDIDATE,0.0,False
reject_fd_warn_or_loss_overlay,20260323,NONE,NO_CANDIDATE,,,,,0.0,1213965.2394314802,1213965.2394314802,,,False,False,,,,,,,False,0,False,500000.0,1213965.2394314802,0.0,NO_CANDIDATE,0.0,False
reject_fd_warn_or_loss_overlay,20260324,B,HISTORICAL_SIM_FILLED,601016.SH,节能风电,sh_main,无,0.0500117284161621,1213965.2394314802,1274677.7392925886,b_conservative_daily_replay,,True,True,,,20260325.0,20260326.0,4.98498,5.30469,False,0,False,500000.0,1274677.7392925886,0.0,HISTORICAL_SIM_FILLED,0.0500117284161621,False
reject_fd_warn_or_loss_overlay,20260325,A_OR_B,POSITION_OCCUPIED_SKIP,,,,,0.0,1274677.7392925886,1274677.7392925886,,601016.SH 节能风电,False,False,,,,,,,False,0,False,500000.0,1274677.7392925886,0.0,POSITION_OCCUPIED_SKIP,0.0,False
reject_fd_warn_or_loss_overlay,20260326,NONE,NO_CANDIDATE,,,,,0.0,1274677.7392925886,1274677.7392925886,,,False,False,,,,,,,False,0,False,500000.0,1274677.7392925886,0.0,NO_CANDIDATE,0.0,False
reject_fd_warn_or_loss_overlay,20260327,A,HISTORICAL_SIM_FILLED,300204.SZ,舒泰神,chi_next,无,0.0397618491523106,1274677.7392925886,1325361.2832801489,a_audit_dynamic_account_return,,False,False,,,,,,,False,0,False,500000.0,1325361.2832801489,0.0,HISTORICAL_SIM_FILLED,0.0397618491523106,False
reject_fd_warn_or_loss_overlay,20260330,A_OR_B,POSITION_OCCUPIED_SKIP,,,,,0.0,1325361.2832801489,1325361.2832801489,,300204.SZ 舒泰神,False,False,,,,,,,False,0,False,500000.0,1325361.2832801489,0.0,POSITION_OCCUPIED_SKIP,0.0,False
reject_fd_warn_or_loss_overlay,20260331,NONE,NO_CANDIDATE,,,,,0.0,1325361.2832801489,1325361.2832801489,,,False,False,,,,,,,False,0,False,500000.0,1325361.2832801489,0.0,NO_CANDIDATE,0.0,False
reject_fd_warn_or_loss_overlay,20260401,NONE,NO_CANDIDATE,,,,,0.0,1325361.2832801489,1325361.2832801489,,,False,False,,,,,,,False,0,False,500000.0,1325361.2832801489,0.0,NO_CANDIDATE,0.0,False
reject_fd_warn_or_loss_overlay,20260402,NONE,NO_CANDIDATE,,,,,0.0,1325361.2832801489,1325361.2832801489,,,False,False,,,,,,,False,0,False,500000.0,1325361.2832801489,0.0,NO_CANDIDATE,0.0,False
reject_fd_warn_or_loss_overlay,20260403,NONE,NO_CANDIDATE,,,,,0.0,1325361.2832801489,1325361.2832801489,,,False,False,,,,,,,False,0,False,500000.0,1325361.2832801489,0.0,NO_CANDIDATE,0.0,False
reject_fd_warn_or_loss_overlay,20260407,B,B_RISK_FILTERED_SKIP,603090.SH,宏盛股份,sh_main,封单/流通市值偏高,0.0,1325361.2832801489,1325361.2832801489,b_conservative_daily_replay,,True,True,,,20260408.0,20260409.0,66.12606,68.31161999999999,False,0,False,500000.0,1325361.2832801489,0.0,HISTORICAL_SIM_FILLED,0.0251451337980819,True
reject_fd_warn_or_loss_overlay,20260408,A_OR_B,POSITION_OCCUPIED_SKIP,,,,,0.0,1325361.2832801489,1325361.2832801489,,603090.SH 宏盛股份,False,False,,,,,,,False,0,False,500000.0,1325361.2832801489,0.0,POSITION_OCCUPIED_SKIP,0.0,False
reject_fd_warn_or_loss_overlay,20260409,A,HISTORICAL_SIM_FILLED,300489.SZ,光智科技,chi_next,无,0.0826627480845445,1325361.2832801489,1434919.2891609445,a_audit_dynamic_account_return,,False,False,,,,,,,False,0,False,500000.0,1434919.2891609445,0.0,HISTORICAL_SIM_FILLED,0.0826627480845445,False
reject_fd_warn_or_loss_overlay,20260410,A_OR_B,POSITION_OCCUPIED_SKIP,,,,,0.0,1434919.2891609445,1434919.2891609445,,300489.SZ 光智科技,False,False,,,,,,,False,0,False,500000.0,1434919.2891609445,0.0,POSITION_OCCUPIED_SKIP,0.0,False
reject_fd_warn_or_loss_overlay,20260413,B,HISTORICAL_SIM_FILLED,000968.SZ,蓝焰控股,sz_main,无,-0.0496262411873839,1434919.2891609445,1363709.638432614,b_conservative_daily_replay,,True,True,,,20260414.0,20260415.0,10.09008,9.48051,False,0,False,500000.0,1434919.2891609445,-0.0496262411873839,HISTORICAL_SIM_FILLED,-0.0496262411873839,False
reject_fd_warn_or_loss_overlay,20260414,A_OR_B,POSITION_OCCUPIED_SKIP,,,,,0.0,1363709.638432614,1363709.638432614,,000968.SZ 蓝焰控股,False,False,,,,,,,False,0,False,500000.0,1434919.2891609445,-0.0496262411873839,POSITION_OCCUPIED_SKIP,0.0,False
reject_fd_warn_or_loss_overlay,20260415,NONE,NO_CANDIDATE,,,,,0.0,1363709.638432614,1363709.638432614,,,False,False,,,,,,,False,0,False,500000.0,1434919.2891609445,-0.0496262411873839,NO_CANDIDATE,0.0,False
reject_fd_warn_or_loss_overlay,20260416,B,HISTORICAL_SIM_FILLED,603220.SH,中贝通信,sh_main,无,-0.0440895700662973,1363709.638432614,1303584.2667788544,b_conservative_daily_replay,,True,True,,,20260417.0,20260420.0,32.59256,30.84912,False,0,False,500000.0,1434919.2891609445,-0.09152781161572299,HISTORICAL_SIM_FILLED,-0.0440895700662973,False
reject_fd_warn_or_loss_overlay,20260417,A_OR_B,POSITION_OCCUPIED_SKIP,,,,,0.0,1303584.2667788544,1303584.2667788544,,603220.SH 中贝通信,False,False,,,,,,,False,0,False,500000.0,1434919.2891609445,-0.09152781161572299,POSITION_OCCUPIED_SKIP,0.0,False
reject_fd_warn_or_loss_overlay,20260420,NONE,NO_CANDIDATE,,,,,0.0,1303584.2667788544,1303584.2667788544,,,False,False,,,,,,,False,0,False,500000.0,1434919.2891609445,-0.09152781161572299,NO_CANDIDATE,0.0,False
reject_fd_warn_or_loss_overlay,20260421,NONE,NO_CANDIDATE,,,,,0.0,1303584.2667788544,1303584.2667788544,,,False,False,,,,,,,False,0,False,500000.0,1434919.2891609445,-0.09152781161572299,NO_CANDIDATE,0.0,False
reject_fd_warn_or_loss_overlay,20260422,NONE,NO_CANDIDATE,,,,,0.0,1303584.2667788544,1303584.2667788544,,,False,False,,,,,,,False,0,False,500000.0,1434919.2891609445,-0.09152781161572299,NO_CANDIDATE,0.0,False
reject_fd_warn_or_loss_overlay,20260423,NONE,NO_CANDIDATE,,,,,0.0,1303584.2667788544,1303584.2667788544,,,False,False,,,,,,,False,0,False,500000.0,1434919.2891609445,-0.09152781161572299,NO_CANDIDATE,0.0,False
reject_fd_warn_or_loss_overlay,20260424,NONE,NO_CANDIDATE,,,,,0.0,1303584.2667788544,1303584.2667788544,,,False,False,,,,,,,False,0,False,500000.0,1434919.2891609445,-0.09152781161572299,NO_CANDIDATE,0.0,False
reject_fd_warn_or_loss_overlay,20260427,B,B_RISK_FILTERED_SKIP,600152.SH,维科技术,sh_main,LOSS_OVERLAY_WATCH,0.0,1303584.2667788544,1303584.2667788544,b_conservative_daily_replay,,True,True,,,20260428.0,20260429.0,14.56455,14.4855,False,0,False,500000.0,1434919.2891609445,-0.09152781161572299,HISTORICAL_SIM_FILLED,-0.0056380497028743,True
reject_fd_warn_or_loss_overlay,20260428,A_OR_B,POSITION_OCCUPIED_SKIP,,,,,0.0,1303584.2667788544,1303584.2667788544,,600152.SH 维科技术,False,False,,,,,,,False,0,False,500000.0,1434919.2891609445,-0.09152781161572299,POSITION_OCCUPIED_SKIP,0.0,False
reject_fd_warn_or_loss_overlay,20260429,NONE,NO_CANDIDATE,,,,,0.0,1303584.2667788544,1303584.2667788544,,,False,False,,,,,,,False,0,False,500000.0,1434919.2891609445,-0.09152781161572299,NO_CANDIDATE,0.0,False
reject_fd_warn_or_loss_overlay,20260430,NONE,NO_CANDIDATE,,,,,0.0,1303584.2667788544,1303584.2667788544,,,False,False,,,,,,,False,0,False,500000.0,1434919.2891609445,-0.09152781161572299,NO_CANDIDATE,0.0,False
reject_fd_warn_or_loss_overlay,20260506,NONE,NO_CANDIDATE,,,,,0.0,1303584.2667788544,1303584.2667788544,,,False,False,,,,,,,False,0,False,500000.0,1434919.2891609445,-0.09152781161572299,NO_CANDIDATE,0.0,False
reject_fd_warn_or_loss_overlay,20260507,B,HISTORICAL_SIM_FILLED,603256.SH,宏和科技,sh_main,无,0.024640485917173,1303584.2667788544,1335705.216546267,b_conservative_daily_replay,,True,True,,,20260508.0,20260511.0,145.12497999999997,149.83002,False,0,False,500000.0,1434919.2891609445,-0.06914261545169686,HISTORICAL_SIM_FILLED,0.024640485917173,False
reject_fd_warn_or_loss_overlay,20260508,A_OR_B,POSITION_OCCUPIED_SKIP,,,,,0.0,1335705.216546267,1335705.216546267,,603256.SH 宏和科技,False,False,,,,,,,False,0,False,500000.0,1434919.2891609445,-0.06914261545169686,POSITION_OCCUPIED_SKIP,0.0,False
reject_fd_warn_or_loss_overlay,20260511,NONE,NO_CANDIDATE,,,,,0.0,1335705.216546267,1335705.216546267,,,False,False,,,,,,,False,0,False,500000.0,1434919.2891609445,-0.06914261545169686,NO_CANDIDATE,0.0,False
reject_fd_warn_or_loss_overlay,20260512,NONE,NO_CANDIDATE,,,,,0.0,1335705.216546267,1335705.216546267,,,False,False,,,,,,,False,0,False,500000.0,1434919.2891609445,-0.06914261545169686,NO_CANDIDATE,0.0,False
reject_fd_warn_or_loss_overlay,20260513,NONE,NO_CANDIDATE,,,,,0.0,1335705.216546267,1335705.216546267,,,False,False,,,,,,,False,0,False,500000.0,1434919.2891609445,-0.06914261545169686,NO_CANDIDATE,0.0,False
reject_fd_warn_or_loss_overlay,20260514,NONE,NO_CANDIDATE,,,,,0.0,1335705.216546267,1335705.216546267,,,False,False,,,,,,,False,0,False,500000.0,1434919.2891609445,-0.06914261545169686,NO_CANDIDATE,0.0,False
reject_fd_warn_or_chain_15_30,20251112,NONE,NO_CANDIDATE,,,,,0.0,500000.0,500000.0,,,False,False,,,,,,,False,0,False,500000.0,500000.0,0.0,NO_CANDIDATE,0.0,False
reject_fd_warn_or_chain_15_30,20251113,B,B_RISK_FILTERED_SKIP,002780.SZ,三夫户外,sz_main,封单/流通市值偏高,0.0,500000.0,500000.0,b_conservative_daily_replay,,True,True,,,20251114.0,20251118.0,18.308289999999996,15.5844,False,1,False,500000.0,500000.0,0.0,HISTORICAL_SIM_FILLED,-0.1203192402916928,True
reject_fd_warn_or_chain_15_30,20251114,A_OR_B,POSITION_OCCUPIED_SKIP,,,,,0.0,500000.0,500000.0,,002780.SZ 三夫户外,False,False,,,,,,,False,0,False,500000.0,500000.0,0.0,POSITION_OCCUPIED_SKIP,0.0,False
reject_fd_warn_or_chain_15_30,20251117,A_OR_B,POSITION_OCCUPIED_SKIP,,,,,0.0,500000.0,500000.0,,002780.SZ 三夫户外,False,False,,,,,,,False,0,False,500000.0,500000.0,0.0,POSITION_OCCUPIED_SKIP,0.0,False
reject_fd_warn_or_chain_15_30,20251118,NONE,NO_CANDIDATE,,,,,0.0,500000.0,500000.0,,,False,False,,,,,,,False,0,False,500000.0,500000.0,0.0,NO_CANDIDATE,0.0,False
reject_fd_warn_or_chain_15_30,20251119,NONE,NO_CANDIDATE,,,,,0.0,500000.0,500000.0,,,False,False,,,,,,,False,0,False,500000.0,500000.0,0.0,NO_CANDIDATE,0.0,False
reject_fd_warn_or_chain_15_30,20251120,A,HISTORICAL_SIM_FILLED,301092.SZ,争光股份,chi_next,无,-0.0505145833968012,500000.0,474742.7083015994,a_audit_dynamic_account_return,,False,False,,,,,,,False,0,False,500000.0,500000.0,-0.05051458339680115,HISTORICAL_SIM_FILLED,-0.0505145833968012,False
reject_fd_warn_or_chain_15_30,20251121,A_OR_B,POSITION_OCCUPIED_SKIP,,,,,0.0,474742.7083015994,474742.7083015994,,301092.SZ 争光股份,False,False,,,,,,,False,0,False,500000.0,500000.0,-0.05051458339680115,POSITION_OCCUPIED_SKIP,0.0,False
reject_fd_warn_or_chain_15_30,20251124,NONE,NO_CANDIDATE,,,,,0.0,474742.7083015994,474742.7083015994,,,False,False,,,,,,,False,0,False,500000.0,500000.0,-0.05051458339680115,NO_CANDIDATE,0.0,False
reject_fd_warn_or_chain_15_30,20251125,A,REVIEW_REQUIRED_PLAN_ONLY,301117.SZ,佳缘科技,chi_next,LOSS_OVERLAY_WATCH,0.0,474742.7083015994,474742.7083015994,manual_review_skip,,False,False,,,,,,,False,0,False,500000.0,500000.0,-0.05051458339680115,REVIEW_REQUIRED_PLAN_ONLY,0.0,False
reject_fd_warn_or_chain_15_30,20251126,NONE,NO_CANDIDATE,,,,,0.0,474742.7083015994,474742.7083015994,,,False,False,,,,,,,False,0,False,500000.0,500000.0,-0.05051458339680115,NO_CANDIDATE,0.0,False
reject_fd_warn_or_chain_15_30,20251127,NONE,NO_CANDIDATE,,,,,0.0,474742.7083015994,474742.7083015994,,,False,False,,,,,,,False,0,False,500000.0,500000.0,-0.05051458339680115,NO_CANDIDATE,0.0,False
reject_fd_warn_or_chain_15_30,20251128,NONE,NO_CANDIDATE,,,,,0.0,474742.7083015994,474742.7083015994,,,False,False,,,,,,,False,0,False,500000.0,500000.0,-0.05051458339680115,NO_CANDIDATE,0.0,False
reject_fd_warn_or_chain_15_30,20251201,B,B_RISK_FILTERED_SKIP,000078.SZ,海王生物,sz_main,无,0.0,474742.7083015994,474742.7083015994,b_conservative_daily_replay,,True,True,,,20251202.0,20251203.0,3.8037999999999994,4.515479999999999,False,0,False,500000.0,500000.0,-0.05051458339680115,HISTORICAL_SIM_FILLED,0.1483816907303223,True
reject_fd_warn_or_chain_15_30,20251202,A_OR_B,POSITION_OCCUPIED_SKIP,,,,,0.0,474742.7083015994,474742.7083015994,,000078.SZ 海王生物,False,False,,,,,,,False,0,False,500000.0,500000.0,-0.05051458339680115,POSITION_OCCUPIED_SKIP,0.0,False
reject_fd_warn_or_chain_15_30,20251203,NONE,NO_CANDIDATE,,,,,0.0,474742.7083015994,474742.7083015994,,,False,False,,,,,,,False,0,False,500000.0,500000.0,-0.05051458339680115,NO_CANDIDATE,0.0,False
reject_fd_warn_or_chain_15_30,20251204,A,HISTORICAL_SIM_FILLED,300946.SZ,恒而达,chi_next,无,0.0291749495998269,474742.7083015994,488593.30288918386,a_audit_dynamic_account_return,,False,False,,,,,,,False,0,False,500000.0,500000.0,-0.02281339422163231,HISTORICAL_SIM_FILLED,0.0291749495998269,False
reject_fd_warn_or_chain_15_30,20251205,A_OR_B,POSITION_OCCUPIED_SKIP,,,,,0.0,488593.30288918386,488593.30288918386,,300946.SZ 恒而达,False,False,,,,,,,False,0,False,500000.0,500000.0,-0.02281339422163231,POSITION_OCCUPIED_SKIP,0.0,False
reject_fd_warn_or_chain_15_30,20251208,B,B_RISK_FILTERED_SKIP,000571.SZ,新大洲A,sz_main,无,0.0,488593.30288918386,488593.30288918386,b_conservative_daily_replay,,True,True,,,20251209.0,20251210.0,6.316309999999999,6.5734200000000005,False,0,False,500000.0,500000.0,-0.02281339422163231,HISTORICAL_SIM_FILLED,0.0312685828023009,True
reject_fd_warn_or_chain_15_30,20251209,A_OR_B,POSITION_OCCUPIED_SKIP,,,,,0.0,488593.30288918386,488593.30288918386,,000571.SZ 新大洲A,False,False,,,,,,,False,0,False,500000.0,500000.0,-0.02281339422163231,POSITION_OCCUPIED_SKIP,0.0,False
reject_fd_warn_or_chain_15_30,20251210,NONE,NO_CANDIDATE,,,,,0.0,488593.30288918386,488593.30288918386,,,False,False,,,,,,,False,0,False,500000.0,500000.0,-0.02281339422163231,NO_CANDIDATE,0.0,False
reject_fd_warn_or_chain_15_30,20251211,NONE,NO_CANDIDATE,,,,,0.0,488593.30288918386,488593.30288918386,,,False,False,,,,,,,False,0,False,500000.0,500000.0,-0.02281339422163231,NO_CANDIDATE,0.0,False
reject_fd_warn_or_chain_15_30,20251212,A,HISTORICAL_SIM_FILLED,920576.BJ,天力复合,bj,无,0.181313377355646,488593.30288918386,577181.8047893719,a_audit_dynamic_account_return,,False,False,,,,,,,False,0,False,500000.0,577181.8047893719,0.0,HISTORICAL_SIM_FILLED,0.181313377355646,False
reject_fd_warn_or_chain_15_30,20251215,A_OR_B,POSITION_OCCUPIED_SKIP,,,,,0.0,577181.8047893719,577181.8047893719,,920576.BJ 天力复合,False,False,,,,,,,False,0,False,500000.0,577181.8047893719,0.0,POSITION_OCCUPIED_SKIP,0.0,False
reject_fd_warn_or_chain_15_30,20251216,NONE,NO_CANDIDATE,,,,,0.0,577181.8047893719,577181.8047893719,,,False,False,,,,,,,False,0,False,500000.0,577181.8047893719,0.0,NO_CANDIDATE,0.0,False
reject_fd_warn_or_chain_15_30,20251217,NONE,NO_CANDIDATE,,,,,0.0,577181.8047893719,577181.8047893719,,,False,False,,,,,,,False,0,False,500000.0,577181.8047893719,0.0,NO_CANDIDATE,0.0,False
reject_fd_warn_or_chain_15_30,20251218,B,B_RISK_FILTERED_SKIP,002865.SZ,钧达股份,sz_main,封单/流通市值偏高,0.0,577181.8047893719,577181.8047893719,b_conservative_daily_replay,,True,True,,,20251219.0,20251222.0,46.44639999999999,49.4505,False,0,False,500000.0,577181.8047893719,0.0,HISTORICAL_SIM_FILLED,0.0504470845017052,True
reject_fd_warn_or_chain_15_30,20251219,A_OR_B,POSITION_OCCUPIED_SKIP,,,,,0.0,577181.8047893719,577181.8047893719,,002865.SZ 钧达股份,False,False,,,,,,,False,0,False,500000.0,577181.8047893719,0.0,POSITION_OCCUPIED_SKIP,0.0,False
reject_fd_warn_or_chain_15_30,20251222,B,B_RISK_FILTERED_SKIP,000407.SZ,胜利股份,sz_main,封单/流通市值偏高,0.0,577181.8047893719,577181.8047893719,b_conservative_daily_replay,,True,True,,,20251223.0,20251224.0,5.08508,5.06493,False,0,False,500000.0,577181.8047893719,0.0,HISTORICAL_SIM_FILLED,-0.0044660582881684,True
reject_fd_warn_or_chain_15_30,20251223,A_OR_B,POSITION_OCCUPIED_SKIP,,,,,0.0,577181.8047893719,577181.8047893719,,000407.SZ 胜利股份,False,False,,,,,,,False,0,False,500000.0,577181.8047893719,0.0,POSITION_OCCUPIED_SKIP,0.0,False
reject_fd_warn_or_chain_15_30,20251224,NONE,NO_CANDIDATE,,,,,0.0,577181.8047893719,577181.8047893719,,,False,False,,,,,,,False,0,False,500000.0,577181.8047893719,0.0,NO_CANDIDATE,0.0,False
reject_fd_warn_or_chain_15_30,20251225,B,B_RISK_FILTERED_SKIP,001400.SZ,江顺科技,sz_main,封单/流通市值偏高,0.0,577181.8047893719,577181.8047893719,b_conservative_daily_replay,,True,True,,,20251226.0,20251229.0,73.89381999999999,76.24368,False,0,False,500000.0,577181.8047893719,0.0,HISTORICAL_SIM_FILLED,0.0241443954214303,True
reject_fd_warn_or_chain_15_30,20251226,A_OR_B,POSITION_OCCUPIED_SKIP,,,,,0.0,577181.8047893719,577181.8047893719,,001400.SZ 江顺科技,False,False,,,,,,,False,0,False,500000.0,577181.8047893719,0.0,POSITION_OCCUPIED_SKIP,0.0,False
reject_fd_warn_or_chain_15_30,20251229,NONE,NO_CANDIDATE,,,,,0.0,577181.8047893719,577181.8047893719,,,False,False,,,,,,,False,0,False,500000.0,577181.8047893719,0.0,NO_CANDIDATE,0.0,False
reject_fd_warn_or_chain_15_30,20251230,NONE,NO_CANDIDATE,,,,,0.0,577181.8047893719,577181.8047893719,,,False,False,,,,,,,False,0,False,500000.0,577181.8047893719,0.0,NO_CANDIDATE,0.0,False
reject_fd_warn_or_chain_15_30,20251231,A,HISTORICAL_SIM_FILLED,300058.SZ,蓝色光标,chi_next,无,0.1308549259970799,577181.8047893719,652708.8871419462,a_audit_dynamic_account_return,,False,False,,,,,,,False,0,False,500000.0,652708.8871419462,0.0,HISTORICAL_SIM_FILLED,0.1308549259970799,False
reject_fd_warn_or_chain_15_30,20260105,A_OR_B,POSITION_OCCUPIED_SKIP,,,,,0.0,652708.8871419462,652708.8871419462,,300058.SZ 蓝色光标,False,False,,,,,,,False,0,False,500000.0,652708.8871419462,0.0,POSITION_OCCUPIED_SKIP,0.0,False
reject_fd_warn_or_chain_15_30,20260106,B,HISTORICAL_SIM_FILLED,002865.SZ,钧达股份,sz_main,无,0.1586068340080973,652708.8871419462,756232.9772604788,b_conservative_daily_replay,,True,True,,,20260107.0,20260108.0,57.056999999999995,68.46147,False,0,False,500000.0,756232.9772604788,0.0,HISTORICAL_SIM_FILLED,0.1586068340080973,False
reject_fd_warn_or_chain_15_30,20260107,A_OR_B,POSITION_OCCUPIED_SKIP,,,,,0.0,756232.9772604788,756232.9772604788,,002865.SZ 钧达股份,False,False,,,,,,,False,0,False,500000.0,756232.9772604788,0.0,POSITION_OCCUPIED_SKIP,0.0,False
reject_fd_warn_or_chain_15_30,20260108,NONE,NO_CANDIDATE,,,,,0.0,756232.9772604788,756232.9772604788,,,False,False,,,,,,,False,0,False,500000.0,756232.9772604788,0.0,NO_CANDIDATE,0.0,False
reject_fd_warn_or_chain_15_30,20260109,B,B_RISK_FILTERED_SKIP,600410.SH,华胜天成,sh_main,封单/流通市值偏高,0.0,756232.9772604788,756232.9772604788,b_conservative_daily_replay,,True,True,,,20260112.0,20260113.0,21.87185,20.15982,False,0,False,500000.0,756232.9772604788,0.0,HISTORICAL_SIM_FILLED,-0.0639164001947708,True
reject_fd_warn_or_chain_15_30,20260112,A_OR_B,POSITION_OCCUPIED_SKIP,,,,,0.0,756232.9772604788,756232.9772604788,,600410.SH 华胜天成,False,False,,,,,,,False,0,False,500000.0,756232.9772604788,0.0,POSITION_OCCUPIED_SKIP,0.0,False
reject_fd_warn_or_chain_15_30,20260113,NONE,NO_CANDIDATE,,,,,0.0,756232.9772604788,756232.9772604788,,,False,False,,,,,,,False,0,False,500000.0,756232.9772604788,0.0,NO_CANDIDATE,0.0,False
reject_fd_warn_or_chain_15_30,20260114,NONE,NO_CANDIDATE,,,,,0.0,756232.9772604788,756232.9772604788,,,False,False,,,,,,,False,0,False,500000.0,756232.9772604788,0.0,NO_CANDIDATE,0.0,False
reject_fd_warn_or_chain_15_30,20260115,A,HISTORICAL_SIM_FILLED,301629.SZ,矽电股份,chi_next,无,-0.0338313603969523,756232.9772604788,730648.5868627193,a_audit_dynamic_account_return,,False,False,,,,,,,False,0,False,500000.0,756232.9772604788,-0.03383136039695234,HISTORICAL_SIM_FILLED,-0.0338313603969523,False
reject_fd_warn_or_chain_15_30,20260116,A_OR_B,POSITION_OCCUPIED_SKIP,,,,,0.0,730648.5868627193,730648.5868627193,,301629.SZ 矽电股份,False,False,,,,,,,False,0,False,500000.0,756232.9772604788,-0.03383136039695234,POSITION_OCCUPIED_SKIP,0.0,False
reject_fd_warn_or_chain_15_30,20260119,A,HISTORICAL_SIM_FILLED,300658.SZ,延江股份,chi_next,无,0.0681174370165976,730648.5868627193,780418.4959596066,a_audit_dynamic_account_return,,False,False,,,,,,,False,0,False,500000.0,780418.4959596066,0.0,HISTORICAL_SIM_FILLED,0.0681174370165976,False
reject_fd_warn_or_chain_15_30,20260120,A_OR_B,POSITION_OCCUPIED_SKIP,,,,,0.0,780418.4959596066,780418.4959596066,,300658.SZ 延江股份,False,False,,,,,,,False,0,False,500000.0,780418.4959596066,0.0,POSITION_OCCUPIED_SKIP,0.0,False
reject_fd_warn_or_chain_15_30,20260121,NONE,NO_CANDIDATE,,,,,0.0,780418.4959596066,780418.4959596066,,,False,False,,,,,,,False,0,False,500000.0,780418.4959596066,0.0,NO_CANDIDATE,0.0,False
reject_fd_warn_or_chain_15_30,20260122,NONE,NO_CANDIDATE,,,,,0.0,780418.4959596066,780418.4959596066,,,False,False,,,,,,,False,0,False,500000.0,780418.4959596066,0.0,NO_CANDIDATE,0.0,False
reject_fd_warn_or_chain_15_30,20260123,A,HISTORICAL_SIM_FILLED,920368.BJ,连城数控,bj,无,0.1027727855059111,780418.4959596066,860624.278649709,a_audit_dynamic_account_return,,False,False,,,,,,,False,0,False,500000.0,860624.278649709,0.0,HISTORICAL_SIM_FILLED,0.1027727855059111,False
reject_fd_warn_or_chain_15_30,20260126,A_OR_B,POSITION_OCCUPIED_SKIP,,,,,0.0,860624.278649709,860624.278649709,,920368.BJ 连城数控,False,False,,,,,,,False,0,False,500000.0,860624.278649709,0.0,POSITION_OCCUPIED_SKIP,0.0,False
reject_fd_warn_or_chain_15_30,20260127,NONE,NO_CANDIDATE,,,,,0.0,860624.278649709,860624.278649709,,,False,False,,,,,,,False,0,False,500000.0,860624.278649709,0.0,NO_CANDIDATE,0.0,False
reject_fd_warn_or_chain_15_30,20260128,A,HISTORICAL_SIM_FILLED,300164.SZ,通源石油,chi_next,无,0.0457725821591917,860624.278649709,900017.2741523979,a_audit_dynamic_account_return,,False,False,,,,,,,False,0,False,500000.0,900017.2741523979,0.0,HISTORICAL_SIM_FILLED,0.0457725821591917,False
reject_fd_warn_or_chain_15_30,20260129,A_OR_B,POSITION_OCCUPIED_SKIP,,,,,0.0,900017.2741523979,900017.2741523979,,300164.SZ 通源石油,False,False,,,,,,,False,0,False,500000.0,900017.2741523979,0.0,POSITION_OCCUPIED_SKIP,0.0,False
reject_fd_warn_or_chain_15_30,20260130,NONE,NO_CANDIDATE,,,,,0.0,900017.2741523979,900017.2741523979,,,False,False,,,,,,,False,0,False,500000.0,900017.2741523979,0.0,NO_CANDIDATE,0.0,False
reject_fd_warn_or_chain_15_30,20260202,NONE,NO_CANDIDATE,,,,,0.0,900017.2741523979,900017.2741523979,,,False,False,,,,,,,False,0,False,500000.0,900017.2741523979,0.0,NO_CANDIDATE,0.0,False
reject_fd_warn_or_chain_15_30,20260203,B,B_RISK_FILTERED_SKIP,002471.SZ,中超控股,sz_main,封单/流通市值偏高,0.0,900017.2741523979,900017.2741523979,b_conservative_daily_replay,,True,True,,,20260204.0,20260205.0,9.4094,9.52047,False,0,False,500000.0,900017.2741523979,0.0,HISTORICAL_SIM_FILLED,0.0081473226348119,True
reject_fd_warn_or_chain_15_30,20260204,A_OR_B,POSITION_OCCUPIED_SKIP,,,,,0.0,900017.2741523979,900017.2741523979,,002471.SZ 中超控股,False,False,,,,,,,False,0,False,500000.0,900017.2741523979,0.0,POSITION_OCCUPIED_SKIP,0.0,False
reject_fd_warn_or_chain_15_30,20260205,NONE,NO_CANDIDATE,,,,,0.0,900017.2741523979,900017.2741523979,,,False,False,,,,,,,False,0,False,500000.0,900017.2741523979,0.0,NO_CANDIDATE,0.0,False
reject_fd_warn_or_chain_15_30,20260206,NONE,NO_CANDIDATE,,,,,0.0,900017.2741523979,900017.2741523979,,,False,False,,,,,,,False,0,False,500000.0,900017.2741523979,0.0,NO_CANDIDATE,0.0,False
reject_fd_warn_or_chain_15_30,20260209,B,HISTORICAL_SIM_FILLED,601360.SH,三六零,sh_main,LOSS_OVERLAY_WATCH,-0.018776912354669,900017.2741523979,883117.7286779501,b_conservative_daily_replay,,True,True,,,20260210.0,20260211.0,13.08307,12.79719,False,0,False,500000.0,900017.2741523979,-0.018776912354669162,HISTORICAL_SIM_FILLED,-0.018776912354669,False
reject_fd_warn_or_chain_15_30,20260210,A_OR_B,POSITION_OCCUPIED_SKIP,,,,,0.0,883117.7286779501,883117.7286779501,,601360.SH 三六零,False,False,,,,,,,False,0,False,500000.0,900017.2741523979,-0.018776912354669162,POSITION_OCCUPIED_SKIP,0.0,False
reject_fd_warn_or_chain_15_30,20260211,NONE,NO_CANDIDATE,,,,,0.0,883117.7286779501,883117.7286779501,,,False,False,,,,,,,False,0,False,500000.0,900017.2741523979,-0.018776912354669162,NO_CANDIDATE,0.0,False
reject_fd_warn_or_chain_15_30,20260212,NONE,NO_CANDIDATE,,,,,0.0,883117.7286779501,883117.7286779501,,,False,False,,,,,,,False,0,False,500000.0,900017.2741523979,-0.018776912354669162,NO_CANDIDATE,0.0,False
reject_fd_warn_or_chain_15_30,20260213,NONE,NO_CANDIDATE,,,,,0.0,883117.7286779501,883117.7286779501,,,False,False,,,,,,,False,0,False,500000.0,900017.2741523979,-0.018776912354669162,NO_CANDIDATE,0.0,False
reject_fd_warn_or_chain_15_30,20260224,NONE,NO_CANDIDATE,,,,,0.0,883117.7286779501,883117.7286779501,,,False,False,,,,,,,False,0,False,500000.0,900017.2741523979,-0.018776912354669162,NO_CANDIDATE,0.0,False
reject_fd_warn_or_chain_15_30,20260225,NONE,NO_CANDIDATE,,,,,0.0,883117.7286779501,883117.7286779501,,,False,False,,,,,,,False,0,False,500000.0,900017.2741523979,-0.018776912354669162,NO_CANDIDATE,0.0,False
reject_fd_warn_or_chain_15_30,20260226,A,HISTORICAL_SIM_FILLED,300499.SZ,高澜股份,chi_next,无,0.0193948880593092,883117.7286779501,900245.6981688503,a_audit_dynamic_account_return,,False,False,,,,,,,False,0,False,500000.0,900245.6981688503,0.0,HISTORICAL_SIM_FILLED,0.0193948880593092,False
reject_fd_warn_or_chain_15_30,20260227,A_OR_B,POSITION_OCCUPIED_SKIP,,,,,0.0,900245.6981688503,900245.6981688503,,300499.SZ 高澜股份,False,False,,,,,,,False,0,False,500000.0,900245.6981688503,0.0,POSITION_OCCUPIED_SKIP,0.0,False
reject_fd_warn_or_chain_15_30,20260302,B,B_RISK_FILTERED_SKIP,603257.SH,中国瑞林,sh_main,无,0.0,900245.6981688503,900245.6981688503,b_conservative_daily_replay,,True,True,,,20260303.0,20260304.0,72.70262999999998,70.30962,False,0,False,500000.0,900245.6981688503,0.0,HISTORICAL_SIM_FILLED,-0.0276280322799875,True
reject_fd_warn_or_chain_15_30,20260303,A_OR_B,POSITION_OCCUPIED_SKIP,,,,,0.0,900245.6981688503,900245.6981688503,,603257.SH 中国瑞林,False,False,,,,,,,False,0,False,500000.0,900245.6981688503,0.0,POSITION_OCCUPIED_SKIP,0.0,False
reject_fd_warn_or_chain_15_30,20260304,NONE,NO_CANDIDATE,,,,,0.0,900245.6981688503,900245.6981688503,,,False,False,,,,,,,False,0,False,500000.0,900245.6981688503,0.0,NO_CANDIDATE,0.0,False
reject_fd_warn_or_chain_15_30,20260305,NONE,NO_CANDIDATE,,,,,0.0,900245.6981688503,900245.6981688503,,,False,False,,,,,,,False,0,False,500000.0,900245.6981688503,0.0,NO_CANDIDATE,0.0,False
reject_fd_warn_or_chain_15_30,20260306,B,HISTORICAL_SIM_FILLED,000509.SZ,华塑控股,sz_main,无,0.0220556483516485,900245.6981688503,920101.2007177467,b_conservative_daily_replay,,True,True,,,20260309.0,20260310.0,3.8438399999999993,3.95604,False,0,False,500000.0,920101.2007177467,0.0,HISTORICAL_SIM_FILLED,0.0220556483516485,False
reject_fd_warn_or_chain_15_30,20260309,A_OR_B,POSITION_OCCUPIED_SKIP,,,,,0.0,920101.2007177467,920101.2007177467,,000509.SZ 华塑控股,False,False,,,,,,,False,0,False,500000.0,920101.2007177467,0.0,POSITION_OCCUPIED_SKIP,0.0,False
reject_fd_warn_or_chain_15_30,20260310,NONE,NO_CANDIDATE,,,,,0.0,920101.2007177467,920101.2007177467,,,False,False,,,,,,,False,0,False,500000.0,920101.2007177467,0.0,NO_CANDIDATE,0.0,False
reject_fd_warn_or_chain_15_30,20260311,B,HISTORICAL_SIM_FILLED,603778.SH,国晟科技,sh_main,无,-0.0155491819765248,920101.2007177467,905794.3797109675,b_conservative_daily_replay,,True,True,,,20260312.0,20260313.0,20.840819999999997,20.46951,False,0,False,500000.0,920101.2007177467,-0.015549181976524773,HISTORICAL_SIM_FILLED,-0.0155491819765248,False
reject_fd_warn_or_chain_15_30,20260312,A_OR_B,POSITION_OCCUPIED_SKIP,,,,,0.0,905794.3797109675,905794.3797109675,,603778.SH 国晟科技,False,False,,,,,,,False,0,False,500000.0,920101.2007177467,-0.015549181976524773,POSITION_OCCUPIED_SKIP,0.0,False
reject_fd_warn_or_chain_15_30,20260313,B,HISTORICAL_SIM_FILLED,603248.SH,锡华科技,sh_main,无,0.1419679382777887,905794.3797109675,1034388.1403021421,b_conservative_daily_replay,,True,True,,,20260316.0,20260317.0,28.908879999999996,34.085879999999996,False,0,False,500000.0,1034388.1403021421,0.0,HISTORICAL_SIM_FILLED,0.1419679382777887,False
reject_fd_warn_or_chain_15_30,20260316,A_OR_B,POSITION_OCCUPIED_SKIP,,,,,0.0,1034388.1403021421,1034388.1403021421,,603248.SH 锡华科技,False,False,,,,,,,False,0,False,500000.0,1034388.1403021421,0.0,POSITION_OCCUPIED_SKIP,0.0,False
reject_fd_warn_or_chain_15_30,20260317,NONE,NO_CANDIDATE,,,,,0.0,1034388.1403021421,1034388.1403021421,,,False,False,,,,,,,False,0,False,500000.0,1034388.1403021421,0.0,NO_CANDIDATE,0.0,False
reject_fd_warn_or_chain_15_30,20260318,NONE,NO_CANDIDATE,,,,,0.0,1034388.1403021421,1034388.1403021421,,,False,False,,,,,,,False,0,False,500000.0,1034388.1403021421,0.0,NO_CANDIDATE,0.0,False
reject_fd_warn_or_chain_15_30,20260319,NONE,NO_CANDIDATE,,,,,0.0,1034388.1403021421,1034388.1403021421,,,False,False,,,,,,,False,0,False,500000.0,1034388.1403021421,0.0,NO_CANDIDATE,0.0,False
reject_fd_warn_or_chain_15_30,20260320,NONE,NO_CANDIDATE,,,,,0.0,1034388.1403021421,1034388.1403021421,,,False,False,,,,,,,False,0,False,500000.0,1034388.1403021421,0.0,NO_CANDIDATE,0.0,False
reject_fd_warn_or_chain_15_30,20260323,NONE,NO_CANDIDATE,,,,,0.0,1034388.1403021421,1034388.1403021421,,,False,False,,,,,,,False,0,False,500000.0,1034388.1403021421,0.0,NO_CANDIDATE,0.0,False
reject_fd_warn_or_chain_15_30,20260324,B,HISTORICAL_SIM_FILLED,601016.SH,节能风电,sh_main,无,0.0500117284161621,1034388.1403021421,1086119.6790518318,b_conservative_daily_replay,,True,True,,,20260325.0,20260326.0,4.98498,5.30469,False,0,False,500000.0,1086119.6790518318,0.0,HISTORICAL_SIM_FILLED,0.0500117284161621,False
reject_fd_warn_or_chain_15_30,20260325,A_OR_B,POSITION_OCCUPIED_SKIP,,,,,0.0,1086119.6790518318,1086119.6790518318,,601016.SH 节能风电,False,False,,,,,,,False,0,False,500000.0,1086119.6790518318,0.0,POSITION_OCCUPIED_SKIP,0.0,False
reject_fd_warn_or_chain_15_30,20260326,NONE,NO_CANDIDATE,,,,,0.0,1086119.6790518318,1086119.6790518318,,,False,False,,,,,,,False,0,False,500000.0,1086119.6790518318,0.0,NO_CANDIDATE,0.0,False
reject_fd_warn_or_chain_15_30,20260327,A,HISTORICAL_SIM_FILLED,300204.SZ,舒泰神,chi_next,无,0.0397618491523106,1086119.6790518318,1129305.8058916468,a_audit_dynamic_account_return,,False,False,,,,,,,False,0,False,500000.0,1129305.8058916468,0.0,HISTORICAL_SIM_FILLED,0.0397618491523106,False
reject_fd_warn_or_chain_15_30,20260330,A_OR_B,POSITION_OCCUPIED_SKIP,,,,,0.0,1129305.8058916468,1129305.8058916468,,300204.SZ 舒泰神,False,False,,,,,,,False,0,False,500000.0,1129305.8058916468,0.0,POSITION_OCCUPIED_SKIP,0.0,False
reject_fd_warn_or_chain_15_30,20260331,NONE,NO_CANDIDATE,,,,,0.0,1129305.8058916468,1129305.8058916468,,,False,False,,,,,,,False,0,False,500000.0,1129305.8058916468,0.0,NO_CANDIDATE,0.0,False
reject_fd_warn_or_chain_15_30,20260401,NONE,NO_CANDIDATE,,,,,0.0,1129305.8058916468,1129305.8058916468,,,False,False,,,,,,,False,0,False,500000.0,1129305.8058916468,0.0,NO_CANDIDATE,0.0,False
reject_fd_warn_or_chain_15_30,20260402,NONE,NO_CANDIDATE,,,,,0.0,1129305.8058916468,1129305.8058916468,,,False,False,,,,,,,False,0,False,500000.0,1129305.8058916468,0.0,NO_CANDIDATE,0.0,False
reject_fd_warn_or_chain_15_30,20260403,NONE,NO_CANDIDATE,,,,,0.0,1129305.8058916468,1129305.8058916468,,,False,False,,,,,,,False,0,False,500000.0,1129305.8058916468,0.0,NO_CANDIDATE,0.0,False
reject_fd_warn_or_chain_15_30,20260407,B,B_RISK_FILTERED_SKIP,603090.SH,宏盛股份,sh_main,封单/流通市值偏高,0.0,1129305.8058916468,1129305.8058916468,b_conservative_daily_replay,,True,True,,,20260408.0,20260409.0,66.12606,68.31161999999999,False,0,False,500000.0,1129305.8058916468,0.0,HISTORICAL_SIM_FILLED,0.0251451337980819,True
reject_fd_warn_or_chain_15_30,20260408,A_OR_B,POSITION_OCCUPIED_SKIP,,,,,0.0,1129305.8058916468,1129305.8058916468,,603090.SH 宏盛股份,False,False,,,,,,,False,0,False,500000.0,1129305.8058916468,0.0,POSITION_OCCUPIED_SKIP,0.0,False
reject_fd_warn_or_chain_15_30,20260409,A,HISTORICAL_SIM_FILLED,300489.SZ,光智科技,chi_next,无,0.0826627480845445,1129305.8058916468,1222657.3272344815,a_audit_dynamic_account_return,,False,False,,,,,,,False,0,False,500000.0,1222657.3272344815,0.0,HISTORICAL_SIM_FILLED,0.0826627480845445,False
reject_fd_warn_or_chain_15_30,20260410,A_OR_B,POSITION_OCCUPIED_SKIP,,,,,0.0,1222657.3272344815,1222657.3272344815,,300489.SZ 光智科技,False,False,,,,,,,False,0,False,500000.0,1222657.3272344815,0.0,POSITION_OCCUPIED_SKIP,0.0,False
reject_fd_warn_or_chain_15_30,20260413,B,HISTORICAL_SIM_FILLED,000968.SZ,蓝焰控股,sz_main,无,-0.0496262411873839,1222657.3272344815,1161981.439823621,b_conservative_daily_replay,,True,True,,,20260414.0,20260415.0,10.09008,9.48051,False,0,False,500000.0,1222657.3272344815,-0.0496262411873839,HISTORICAL_SIM_FILLED,-0.0496262411873839,False
reject_fd_warn_or_chain_15_30,20260414,A_OR_B,POSITION_OCCUPIED_SKIP,,,,,0.0,1161981.439823621,1161981.439823621,,000968.SZ 蓝焰控股,False,False,,,,,,,False,0,False,500000.0,1222657.3272344815,-0.0496262411873839,POSITION_OCCUPIED_SKIP,0.0,False
reject_fd_warn_or_chain_15_30,20260415,NONE,NO_CANDIDATE,,,,,0.0,1161981.439823621,1161981.439823621,,,False,False,,,,,,,False,0,False,500000.0,1222657.3272344815,-0.0496262411873839,NO_CANDIDATE,0.0,False
reject_fd_warn_or_chain_15_30,20260416,B,HISTORICAL_SIM_FILLED,603220.SH,中贝通信,sh_main,无,-0.0440895700662973,1161981.439823621,1110750.1777167805,b_conservative_daily_replay,,True,True,,,20260417.0,20260420.0,32.59256,30.84912,False,0,False,500000.0,1222657.3272344815,-0.09152781161572299,HISTORICAL_SIM_FILLED,-0.0440895700662973,False
reject_fd_warn_or_chain_15_30,20260417,A_OR_B,POSITION_OCCUPIED_SKIP,,,,,0.0,1110750.1777167805,1110750.1777167805,,603220.SH 中贝通信,False,False,,,,,,,False,0,False,500000.0,1222657.3272344815,-0.09152781161572299,POSITION_OCCUPIED_SKIP,0.0,False
reject_fd_warn_or_chain_15_30,20260420,NONE,NO_CANDIDATE,,,,,0.0,1110750.1777167805,1110750.1777167805,,,False,False,,,,,,,False,0,False,500000.0,1222657.3272344815,-0.09152781161572299,NO_CANDIDATE,0.0,False
reject_fd_warn_or_chain_15_30,20260421,NONE,NO_CANDIDATE,,,,,0.0,1110750.1777167805,1110750.1777167805,,,False,False,,,,,,,False,0,False,500000.0,1222657.3272344815,-0.09152781161572299,NO_CANDIDATE,0.0,False
reject_fd_warn_or_chain_15_30,20260422,NONE,NO_CANDIDATE,,,,,0.0,1110750.1777167805,1110750.1777167805,,,False,False,,,,,,,False,0,False,500000.0,1222657.3272344815,-0.09152781161572299,NO_CANDIDATE,0.0,False
reject_fd_warn_or_chain_15_30,20260423,NONE,NO_CANDIDATE,,,,,0.0,1110750.1777167805,1110750.1777167805,,,False,False,,,,,,,False,0,False,500000.0,1222657.3272344815,-0.09152781161572299,NO_CANDIDATE,0.0,False
reject_fd_warn_or_chain_15_30,20260424,NONE,NO_CANDIDATE,,,,,0.0,1110750.1777167805,1110750.1777167805,,,False,False,,,,,,,False,0,False,500000.0,1222657.3272344815,-0.09152781161572299,NO_CANDIDATE,0.0,False
reject_fd_warn_or_chain_15_30,20260427,B,HISTORICAL_SIM_FILLED,600152.SH,维科技术,sh_main,LOSS_OVERLAY_WATCH,-0.0056380497028743,1110750.1777167805,1104487.7130073367,b_conservative_daily_replay,,True,True,,,20260428.0,20260429.0,14.56455,14.4855,False,0,False,500000.0,1222657.3272344815,-0.09664982296751257,HISTORICAL_SIM_FILLED,-0.0056380497028743,False
reject_fd_warn_or_chain_15_30,20260428,A_OR_B,POSITION_OCCUPIED_SKIP,,,,,0.0,1104487.7130073367,1104487.7130073367,,600152.SH 维科技术,False,False,,,,,,,False,0,False,500000.0,1222657.3272344815,-0.09664982296751257,POSITION_OCCUPIED_SKIP,0.0,False
reject_fd_warn_or_chain_15_30,20260429,NONE,NO_CANDIDATE,,,,,0.0,1104487.7130073367,1104487.7130073367,,,False,False,,,,,,,False,0,False,500000.0,1222657.3272344815,-0.09664982296751257,NO_CANDIDATE,0.0,False
reject_fd_warn_or_chain_15_30,20260430,NONE,NO_CANDIDATE,,,,,0.0,1104487.7130073367,1104487.7130073367,,,False,False,,,,,,,False,0,False,500000.0,1222657.3272344815,-0.09664982296751257,NO_CANDIDATE,0.0,False
reject_fd_warn_or_chain_15_30,20260506,NONE,NO_CANDIDATE,,,,,0.0,1104487.7130073367,1104487.7130073367,,,False,False,,,,,,,False,0,False,500000.0,1222657.3272344815,-0.09664982296751257,NO_CANDIDATE,0.0,False
reject_fd_warn_or_chain_15_30,20260507,B,B_RISK_FILTERED_SKIP,603256.SH,宏和科技,sh_main,无,0.0,1104487.7130073367,1104487.7130073367,b_conservative_daily_replay,,True,True,,,20260508.0,20260511.0,145.12497999999997,149.83002,False,0,False,500000.0,1222657.3272344815,-0.09664982296751257,HISTORICAL_SIM_FILLED,0.024640485917173,True
reject_fd_warn_or_chain_15_30,20260508,A_OR_B,POSITION_OCCUPIED_SKIP,,,,,0.0,1104487.7130073367,1104487.7130073367,,603256.SH 宏和科技,False,False,,,,,,,False,0,False,500000.0,1222657.3272344815,-0.09664982296751257,POSITION_OCCUPIED_SKIP,0.0,False
reject_fd_warn_or_chain_15_30,20260511,NONE,NO_CANDIDATE,,,,,0.0,1104487.7130073367,1104487.7130073367,,,False,False,,,,,,,False,0,False,500000.0,1222657.3272344815,-0.09664982296751257,NO_CANDIDATE,0.0,False
reject_fd_warn_or_chain_15_30,20260512,NONE,NO_CANDIDATE,,,,,0.0,1104487.7130073367,1104487.7130073367,,,False,False,,,,,,,False,0,False,500000.0,1222657.3272344815,-0.09664982296751257,NO_CANDIDATE,0.0,False
reject_fd_warn_or_chain_15_30,20260513,NONE,NO_CANDIDATE,,,,,0.0,1104487.7130073367,1104487.7130073367,,,False,False,,,,,,,False,0,False,500000.0,1222657.3272344815,-0.09664982296751257,NO_CANDIDATE,0.0,False
reject_fd_warn_or_chain_15_30,20260514,NONE,NO_CANDIDATE,,,,,0.0,1104487.7130073367,1104487.7130073367,,,False,False,,,,,,,False,0,False,500000.0,1222657.3272344815,-0.09664982296751257,NO_CANDIDATE,0.0,False
reject_chain_15_30_or_gte_30,20251112,NONE,NO_CANDIDATE,,,,,0.0,500000.0,500000.0,,,False,False,,,,,,,False,0,False,500000.0,500000.0,0.0,NO_CANDIDATE,0.0,False
reject_chain_15_30_or_gte_30,20251113,B,B_RISK_FILTERED_SKIP,002780.SZ,三夫户外,sz_main,封单/流通市值偏高,0.0,500000.0,500000.0,b_conservative_daily_replay,,True,True,,,20251114.0,20251118.0,18.308289999999996,15.5844,False,1,False,500000.0,500000.0,0.0,HISTORICAL_SIM_FILLED,-0.1203192402916928,True
reject_chain_15_30_or_gte_30,20251114,A_OR_B,POSITION_OCCUPIED_SKIP,,,,,0.0,500000.0,500000.0,,002780.SZ 三夫户外,False,False,,,,,,,False,0,False,500000.0,500000.0,0.0,POSITION_OCCUPIED_SKIP,0.0,False
reject_chain_15_30_or_gte_30,20251117,A_OR_B,POSITION_OCCUPIED_SKIP,,,,,0.0,500000.0,500000.0,,002780.SZ 三夫户外,False,False,,,,,,,False,0,False,500000.0,500000.0,0.0,POSITION_OCCUPIED_SKIP,0.0,False
reject_chain_15_30_or_gte_30,20251118,NONE,NO_CANDIDATE,,,,,0.0,500000.0,500000.0,,,False,False,,,,,,,False,0,False,500000.0,500000.0,0.0,NO_CANDIDATE,0.0,False
reject_chain_15_30_or_gte_30,20251119,NONE,NO_CANDIDATE,,,,,0.0,500000.0,500000.0,,,False,False,,,,,,,False,0,False,500000.0,500000.0,0.0,NO_CANDIDATE,0.0,False
reject_chain_15_30_or_gte_30,20251120,A,HISTORICAL_SIM_FILLED,301092.SZ,争光股份,chi_next,无,-0.0505145833968012,500000.0,474742.7083015994,a_audit_dynamic_account_return,,False,False,,,,,,,False,0,False,500000.0,500000.0,-0.05051458339680115,HISTORICAL_SIM_FILLED,-0.0505145833968012,False
reject_chain_15_30_or_gte_30,20251121,A_OR_B,POSITION_OCCUPIED_SKIP,,,,,0.0,474742.7083015994,474742.7083015994,,301092.SZ 争光股份,False,False,,,,,,,False,0,False,500000.0,500000.0,-0.05051458339680115,POSITION_OCCUPIED_SKIP,0.0,False
reject_chain_15_30_or_gte_30,20251124,NONE,NO_CANDIDATE,,,,,0.0,474742.7083015994,474742.7083015994,,,False,False,,,,,,,False,0,False,500000.0,500000.0,-0.05051458339680115,NO_CANDIDATE,0.0,False
reject_chain_15_30_or_gte_30,20251125,A,REVIEW_REQUIRED_PLAN_ONLY,301117.SZ,佳缘科技,chi_next,LOSS_OVERLAY_WATCH,0.0,474742.7083015994,474742.7083015994,manual_review_skip,,False,False,,,,,,,False,0,False,500000.0,500000.0,-0.05051458339680115,REVIEW_REQUIRED_PLAN_ONLY,0.0,False
reject_chain_15_30_or_gte_30,20251126,NONE,NO_CANDIDATE,,,,,0.0,474742.7083015994,474742.7083015994,,,False,False,,,,,,,False,0,False,500000.0,500000.0,-0.05051458339680115,NO_CANDIDATE,0.0,False
reject_chain_15_30_or_gte_30,20251127,NONE,NO_CANDIDATE,,,,,0.0,474742.7083015994,474742.7083015994,,,False,False,,,,,,,False,0,False,500000.0,500000.0,-0.05051458339680115,NO_CANDIDATE,0.0,False
reject_chain_15_30_or_gte_30,20251128,NONE,NO_CANDIDATE,,,,,0.0,474742.7083015994,474742.7083015994,,,False,False,,,,,,,False,0,False,500000.0,500000.0,-0.05051458339680115,NO_CANDIDATE,0.0,False
reject_chain_15_30_or_gte_30,20251201,B,B_RISK_FILTERED_SKIP,000078.SZ,海王生物,sz_main,无,0.0,474742.7083015994,474742.7083015994,b_conservative_daily_replay,,True,True,,,20251202.0,20251203.0,3.8037999999999994,4.515479999999999,False,0,False,500000.0,500000.0,-0.05051458339680115,HISTORICAL_SIM_FILLED,0.1483816907303223,True
reject_chain_15_30_or_gte_30,20251202,A_OR_B,POSITION_OCCUPIED_SKIP,,,,,0.0,474742.7083015994,474742.7083015994,,000078.SZ 海王生物,False,False,,,,,,,False,0,False,500000.0,500000.0,-0.05051458339680115,POSITION_OCCUPIED_SKIP,0.0,False
reject_chain_15_30_or_gte_30,20251203,NONE,NO_CANDIDATE,,,,,0.0,474742.7083015994,474742.7083015994,,,False,False,,,,,,,False,0,False,500000.0,500000.0,-0.05051458339680115,NO_CANDIDATE,0.0,False
reject_chain_15_30_or_gte_30,20251204,A,HISTORICAL_SIM_FILLED,300946.SZ,恒而达,chi_next,无,0.0291749495998269,474742.7083015994,488593.30288918386,a_audit_dynamic_account_return,,False,False,,,,,,,False,0,False,500000.0,500000.0,-0.02281339422163231,HISTORICAL_SIM_FILLED,0.0291749495998269,False
reject_chain_15_30_or_gte_30,20251205,A_OR_B,POSITION_OCCUPIED_SKIP,,,,,0.0,488593.30288918386,488593.30288918386,,300946.SZ 恒而达,False,False,,,,,,,False,0,False,500000.0,500000.0,-0.02281339422163231,POSITION_OCCUPIED_SKIP,0.0,False
reject_chain_15_30_or_gte_30,20251208,B,B_RISK_FILTERED_SKIP,000571.SZ,新大洲A,sz_main,无,0.0,488593.30288918386,488593.30288918386,b_conservative_daily_replay,,True,True,,,20251209.0,20251210.0,6.316309999999999,6.5734200000000005,False,0,False,500000.0,500000.0,-0.02281339422163231,HISTORICAL_SIM_FILLED,0.0312685828023009,True
reject_chain_15_30_or_gte_30,20251209,A_OR_B,POSITION_OCCUPIED_SKIP,,,,,0.0,488593.30288918386,488593.30288918386,,000571.SZ 新大洲A,False,False,,,,,,,False,0,False,500000.0,500000.0,-0.02281339422163231,POSITION_OCCUPIED_SKIP,0.0,False
reject_chain_15_30_or_gte_30,20251210,NONE,NO_CANDIDATE,,,,,0.0,488593.30288918386,488593.30288918386,,,False,False,,,,,,,False,0,False,500000.0,500000.0,-0.02281339422163231,NO_CANDIDATE,0.0,False
reject_chain_15_30_or_gte_30,20251211,NONE,NO_CANDIDATE,,,,,0.0,488593.30288918386,488593.30288918386,,,False,False,,,,,,,False,0,False,500000.0,500000.0,-0.02281339422163231,NO_CANDIDATE,0.0,False
reject_chain_15_30_or_gte_30,20251212,A,HISTORICAL_SIM_FILLED,920576.BJ,天力复合,bj,无,0.181313377355646,488593.30288918386,577181.8047893719,a_audit_dynamic_account_return,,False,False,,,,,,,False,0,False,500000.0,577181.8047893719,0.0,HISTORICAL_SIM_FILLED,0.181313377355646,False
reject_chain_15_30_or_gte_30,20251215,A_OR_B,POSITION_OCCUPIED_SKIP,,,,,0.0,577181.8047893719,577181.8047893719,,920576.BJ 天力复合,False,False,,,,,,,False,0,False,500000.0,577181.8047893719,0.0,POSITION_OCCUPIED_SKIP,0.0,False
reject_chain_15_30_or_gte_30,20251216,NONE,NO_CANDIDATE,,,,,0.0,577181.8047893719,577181.8047893719,,,False,False,,,,,,,False,0,False,500000.0,577181.8047893719,0.0,NO_CANDIDATE,0.0,False
reject_chain_15_30_or_gte_30,20251217,NONE,NO_CANDIDATE,,,,,0.0,577181.8047893719,577181.8047893719,,,False,False,,,,,,,False,0,False,500000.0,577181.8047893719,0.0,NO_CANDIDATE,0.0,False
reject_chain_15_30_or_gte_30,20251218,B,B_RISK_FILTERED_SKIP,002865.SZ,钧达股份,sz_main,封单/流通市值偏高,0.0,577181.8047893719,577181.8047893719,b_conservative_daily_replay,,True,True,,,20251219.0,20251222.0,46.44639999999999,49.4505,False,0,False,500000.0,577181.8047893719,0.0,HISTORICAL_SIM_FILLED,0.0504470845017052,True
reject_chain_15_30_or_gte_30,20251219,A_OR_B,POSITION_OCCUPIED_SKIP,,,,,0.0,577181.8047893719,577181.8047893719,,002865.SZ 钧达股份,False,False,,,,,,,False,0,False,500000.0,577181.8047893719,0.0,POSITION_OCCUPIED_SKIP,0.0,False
reject_chain_15_30_or_gte_30,20251222,B,B_RISK_FILTERED_SKIP,000407.SZ,胜利股份,sz_main,封单/流通市值偏高,0.0,577181.8047893719,577181.8047893719,b_conservative_daily_replay,,True,True,,,20251223.0,20251224.0,5.08508,5.06493,False,0,False,500000.0,577181.8047893719,0.0,HISTORICAL_SIM_FILLED,-0.0044660582881684,True
reject_chain_15_30_or_gte_30,20251223,A_OR_B,POSITION_OCCUPIED_SKIP,,,,,0.0,577181.8047893719,577181.8047893719,,000407.SZ 胜利股份,False,False,,,,,,,False,0,False,500000.0,577181.8047893719,0.0,POSITION_OCCUPIED_SKIP,0.0,False
reject_chain_15_30_or_gte_30,20251224,NONE,NO_CANDIDATE,,,,,0.0,577181.8047893719,577181.8047893719,,,False,False,,,,,,,False,0,False,500000.0,577181.8047893719,0.0,NO_CANDIDATE,0.0,False
reject_chain_15_30_or_gte_30,20251225,B,B_RISK_FILTERED_SKIP,001400.SZ,江顺科技,sz_main,封单/流通市值偏高,0.0,577181.8047893719,577181.8047893719,b_conservative_daily_replay,,True,True,,,20251226.0,20251229.0,73.89381999999999,76.24368,False,0,False,500000.0,577181.8047893719,0.0,HISTORICAL_SIM_FILLED,0.0241443954214303,True
reject_chain_15_30_or_gte_30,20251226,A_OR_B,POSITION_OCCUPIED_SKIP,,,,,0.0,577181.8047893719,577181.8047893719,,001400.SZ 江顺科技,False,False,,,,,,,False,0,False,500000.0,577181.8047893719,0.0,POSITION_OCCUPIED_SKIP,0.0,False
reject_chain_15_30_or_gte_30,20251229,NONE,NO_CANDIDATE,,,,,0.0,577181.8047893719,577181.8047893719,,,False,False,,,,,,,False,0,False,500000.0,577181.8047893719,0.0,NO_CANDIDATE,0.0,False
reject_chain_15_30_or_gte_30,20251230,NONE,NO_CANDIDATE,,,,,0.0,577181.8047893719,577181.8047893719,,,False,False,,,,,,,False,0,False,500000.0,577181.8047893719,0.0,NO_CANDIDATE,0.0,False
reject_chain_15_30_or_gte_30,20251231,A,HISTORICAL_SIM_FILLED,300058.SZ,蓝色光标,chi_next,无,0.1308549259970799,577181.8047893719,652708.8871419462,a_audit_dynamic_account_return,,False,False,,,,,,,False,0,False,500000.0,652708.8871419462,0.0,HISTORICAL_SIM_FILLED,0.1308549259970799,False
reject_chain_15_30_or_gte_30,20260105,A_OR_B,POSITION_OCCUPIED_SKIP,,,,,0.0,652708.8871419462,652708.8871419462,,300058.SZ 蓝色光标,False,False,,,,,,,False,0,False,500000.0,652708.8871419462,0.0,POSITION_OCCUPIED_SKIP,0.0,False
reject_chain_15_30_or_gte_30,20260106,B,B_RISK_FILTERED_SKIP,002865.SZ,钧达股份,sz_main,无,0.0,652708.8871419462,652708.8871419462,b_conservative_daily_replay,,True,True,,,20260107.0,20260108.0,57.056999999999995,68.46147,False,0,False,500000.0,652708.8871419462,0.0,HISTORICAL_SIM_FILLED,0.1586068340080973,True
reject_chain_15_30_or_gte_30,20260107,A_OR_B,POSITION_OCCUPIED_SKIP,,,,,0.0,652708.8871419462,652708.8871419462,,002865.SZ 钧达股份,False,False,,,,,,,False,0,False,500000.0,652708.8871419462,0.0,POSITION_OCCUPIED_SKIP,0.0,False
reject_chain_15_30_or_gte_30,20260108,NONE,NO_CANDIDATE,,,,,0.0,652708.8871419462,652708.8871419462,,,False,False,,,,,,,False,0,False,500000.0,652708.8871419462,0.0,NO_CANDIDATE,0.0,False
reject_chain_15_30_or_gte_30,20260109,B,B_RISK_FILTERED_SKIP,600410.SH,华胜天成,sh_main,封单/流通市值偏高,0.0,652708.8871419462,652708.8871419462,b_conservative_daily_replay,,True,True,,,20260112.0,20260113.0,21.87185,20.15982,False,0,False,500000.0,652708.8871419462,0.0,HISTORICAL_SIM_FILLED,-0.0639164001947708,True
reject_chain_15_30_or_gte_30,20260112,A_OR_B,POSITION_OCCUPIED_SKIP,,,,,0.0,652708.8871419462,652708.8871419462,,600410.SH 华胜天成,False,False,,,,,,,False,0,False,500000.0,652708.8871419462,0.0,POSITION_OCCUPIED_SKIP,0.0,False
reject_chain_15_30_or_gte_30,20260113,NONE,NO_CANDIDATE,,,,,0.0,652708.8871419462,652708.8871419462,,,False,False,,,,,,,False,0,False,500000.0,652708.8871419462,0.0,NO_CANDIDATE,0.0,False
reject_chain_15_30_or_gte_30,20260114,NONE,NO_CANDIDATE,,,,,0.0,652708.8871419462,652708.8871419462,,,False,False,,,,,,,False,0,False,500000.0,652708.8871419462,0.0,NO_CANDIDATE,0.0,False
reject_chain_15_30_or_gte_30,20260115,A,HISTORICAL_SIM_FILLED,301629.SZ,矽电股份,chi_next,无,-0.0338313603969523,652708.8871419462,630626.8575467534,a_audit_dynamic_account_return,,False,False,,,,,,,False,0,False,500000.0,652708.8871419462,-0.03383136039695234,HISTORICAL_SIM_FILLED,-0.0338313603969523,False
reject_chain_15_30_or_gte_30,20260116,A_OR_B,POSITION_OCCUPIED_SKIP,,,,,0.0,630626.8575467534,630626.8575467534,,301629.SZ 矽电股份,False,False,,,,,,,False,0,False,500000.0,652708.8871419462,-0.03383136039695234,POSITION_OCCUPIED_SKIP,0.0,False
reject_chain_15_30_or_gte_30,20260119,A,HISTORICAL_SIM_FILLED,300658.SZ,延江股份,chi_next,无,0.0681174370165976,630626.8575467534,673583.5427966692,a_audit_dynamic_account_return,,False,False,,,,,,,False,0,False,500000.0,673583.5427966692,0.0,HISTORICAL_SIM_FILLED,0.0681174370165976,False
reject_chain_15_30_or_gte_30,20260120,A_OR_B,POSITION_OCCUPIED_SKIP,,,,,0.0,673583.5427966692,673583.5427966692,,300658.SZ 延江股份,False,False,,,,,,,False,0,False,500000.0,673583.5427966692,0.0,POSITION_OCCUPIED_SKIP,0.0,False
reject_chain_15_30_or_gte_30,20260121,NONE,NO_CANDIDATE,,,,,0.0,673583.5427966692,673583.5427966692,,,False,False,,,,,,,False,0,False,500000.0,673583.5427966692,0.0,NO_CANDIDATE,0.0,False
reject_chain_15_30_or_gte_30,20260122,NONE,NO_CANDIDATE,,,,,0.0,673583.5427966692,673583.5427966692,,,False,False,,,,,,,False,0,False,500000.0,673583.5427966692,0.0,NO_CANDIDATE,0.0,False
reject_chain_15_30_or_gte_30,20260123,A,HISTORICAL_SIM_FILLED,920368.BJ,连城数控,bj,无,0.1027727855059111,673583.5427966692,742809.599760823,a_audit_dynamic_account_return,,False,False,,,,,,,False,0,False,500000.0,742809.599760823,0.0,HISTORICAL_SIM_FILLED,0.1027727855059111,False
reject_chain_15_30_or_gte_30,20260126,A_OR_B,POSITION_OCCUPIED_SKIP,,,,,0.0,742809.599760823,742809.599760823,,920368.BJ 连城数控,False,False,,,,,,,False,0,False,500000.0,742809.599760823,0.0,POSITION_OCCUPIED_SKIP,0.0,False
reject_chain_15_30_or_gte_30,20260127,NONE,NO_CANDIDATE,,,,,0.0,742809.599760823,742809.599760823,,,False,False,,,,,,,False,0,False,500000.0,742809.599760823,0.0,NO_CANDIDATE,0.0,False
reject_chain_15_30_or_gte_30,20260128,A,HISTORICAL_SIM_FILLED,300164.SZ,通源石油,chi_next,无,0.0457725821591917,742809.599760823,776809.9131945116,a_audit_dynamic_account_return,,False,False,,,,,,,False,0,False,500000.0,776809.9131945116,0.0,HISTORICAL_SIM_FILLED,0.0457725821591917,False
reject_chain_15_30_or_gte_30,20260129,A_OR_B,POSITION_OCCUPIED_SKIP,,,,,0.0,776809.9131945116,776809.9131945116,,300164.SZ 通源石油,False,False,,,,,,,False,0,False,500000.0,776809.9131945116,0.0,POSITION_OCCUPIED_SKIP,0.0,False
reject_chain_15_30_or_gte_30,20260130,NONE,NO_CANDIDATE,,,,,0.0,776809.9131945116,776809.9131945116,,,False,False,,,,,,,False,0,False,500000.0,776809.9131945116,0.0,NO_CANDIDATE,0.0,False
reject_chain_15_30_or_gte_30,20260202,NONE,NO_CANDIDATE,,,,,0.0,776809.9131945116,776809.9131945116,,,False,False,,,,,,,False,0,False,500000.0,776809.9131945116,0.0,NO_CANDIDATE,0.0,False
reject_chain_15_30_or_gte_30,20260203,B,HISTORICAL_SIM_FILLED,002471.SZ,中超控股,sz_main,封单/流通市值偏高,0.0081473226348119,776809.9131945116,783138.8341832275,b_conservative_daily_replay,,True,True,,,20260204.0,20260205.0,9.4094,9.52047,False,0,False,500000.0,783138.8341832275,0.0,HISTORICAL_SIM_FILLED,0.0081473226348119,False
reject_chain_15_30_or_gte_30,20260204,A_OR_B,POSITION_OCCUPIED_SKIP,,,,,0.0,783138.8341832275,783138.8341832275,,002471.SZ 中超控股,False,False,,,,,,,False,0,False,500000.0,783138.8341832275,0.0,POSITION_OCCUPIED_SKIP,0.0,False
reject_chain_15_30_or_gte_30,20260205,NONE,NO_CANDIDATE,,,,,0.0,783138.8341832275,783138.8341832275,,,False,False,,,,,,,False,0,False,500000.0,783138.8341832275,0.0,NO_CANDIDATE,0.0,False
reject_chain_15_30_or_gte_30,20260206,NONE,NO_CANDIDATE,,,,,0.0,783138.8341832275,783138.8341832275,,,False,False,,,,,,,False,0,False,500000.0,783138.8341832275,0.0,NO_CANDIDATE,0.0,False
reject_chain_15_30_or_gte_30,20260209,B,HISTORICAL_SIM_FILLED,601360.SH,三六零,sh_main,LOSS_OVERLAY_WATCH,-0.018776912354669,783138.8341832275,768433.9049322313,b_conservative_daily_replay,,True,True,,,20260210.0,20260211.0,13.08307,12.79719,False,0,False,500000.0,783138.8341832275,-0.018776912354669162,HISTORICAL_SIM_FILLED,-0.018776912354669,False
reject_chain_15_30_or_gte_30,20260210,A_OR_B,POSITION_OCCUPIED_SKIP,,,,,0.0,768433.9049322313,768433.9049322313,,601360.SH 三六零,False,False,,,,,,,False,0,False,500000.0,783138.8341832275,-0.018776912354669162,POSITION_OCCUPIED_SKIP,0.0,False
reject_chain_15_30_or_gte_30,20260211,NONE,NO_CANDIDATE,,,,,0.0,768433.9049322313,768433.9049322313,,,False,False,,,,,,,False,0,False,500000.0,783138.8341832275,-0.018776912354669162,NO_CANDIDATE,0.0,False
reject_chain_15_30_or_gte_30,20260212,NONE,NO_CANDIDATE,,,,,0.0,768433.9049322313,768433.9049322313,,,False,False,,,,,,,False,0,False,500000.0,783138.8341832275,-0.018776912354669162,NO_CANDIDATE,0.0,False
reject_chain_15_30_or_gte_30,20260213,NONE,NO_CANDIDATE,,,,,0.0,768433.9049322313,768433.9049322313,,,False,False,,,,,,,False,0,False,500000.0,783138.8341832275,-0.018776912354669162,NO_CANDIDATE,0.0,False
reject_chain_15_30_or_gte_30,20260224,NONE,NO_CANDIDATE,,,,,0.0,768433.9049322313,768433.9049322313,,,False,False,,,,,,,False,0,False,500000.0,783138.8341832275,-0.018776912354669162,NO_CANDIDATE,0.0,False
reject_chain_15_30_or_gte_30,20260225,NONE,NO_CANDIDATE,,,,,0.0,768433.9049322313,768433.9049322313,,,False,False,,,,,,,False,0,False,500000.0,783138.8341832275,-0.018776912354669162,NO_CANDIDATE,0.0,False
reject_chain_15_30_or_gte_30,20260226,A,HISTORICAL_SIM_FILLED,300499.SZ,高澜股份,chi_next,无,0.0193948880593092,768433.9049322313,783337.5944993697,a_audit_dynamic_account_return,,False,False,,,,,,,False,0,False,500000.0,783337.5944993697,0.0,HISTORICAL_SIM_FILLED,0.0193948880593092,False
reject_chain_15_30_or_gte_30,20260227,A_OR_B,POSITION_OCCUPIED_SKIP,,,,,0.0,783337.5944993697,783337.5944993697,,300499.SZ 高澜股份,False,False,,,,,,,False,0,False,500000.0,783337.5944993697,0.0,POSITION_OCCUPIED_SKIP,0.0,False
reject_chain_15_30_or_gte_30,20260302,B,B_RISK_FILTERED_SKIP,603257.SH,中国瑞林,sh_main,无,0.0,783337.5944993697,783337.5944993697,b_conservative_daily_replay,,True,True,,,20260303.0,20260304.0,72.70262999999998,70.30962,False,0,False,500000.0,783337.5944993697,0.0,HISTORICAL_SIM_FILLED,-0.0276280322799875,True
reject_chain_15_30_or_gte_30,20260303,A_OR_B,POSITION_OCCUPIED_SKIP,,,,,0.0,783337.5944993697,783337.5944993697,,603257.SH 中国瑞林,False,False,,,,,,,False,0,False,500000.0,783337.5944993697,0.0,POSITION_OCCUPIED_SKIP,0.0,False
reject_chain_15_30_or_gte_30,20260304,NONE,NO_CANDIDATE,,,,,0.0,783337.5944993697,783337.5944993697,,,False,False,,,,,,,False,0,False,500000.0,783337.5944993697,0.0,NO_CANDIDATE,0.0,False
reject_chain_15_30_or_gte_30,20260305,NONE,NO_CANDIDATE,,,,,0.0,783337.5944993697,783337.5944993697,,,False,False,,,,,,,False,0,False,500000.0,783337.5944993697,0.0,NO_CANDIDATE,0.0,False
reject_chain_15_30_or_gte_30,20260306,B,HISTORICAL_SIM_FILLED,000509.SZ,华塑控股,sz_main,无,0.0220556483516485,783337.5944993697,800614.6130242741,b_conservative_daily_replay,,True,True,,,20260309.0,20260310.0,3.8438399999999993,3.95604,False,0,False,500000.0,800614.6130242741,0.0,HISTORICAL_SIM_FILLED,0.0220556483516485,False
reject_chain_15_30_or_gte_30,20260309,A_OR_B,POSITION_OCCUPIED_SKIP,,,,,0.0,800614.6130242741,800614.6130242741,,000509.SZ 华塑控股,False,False,,,,,,,False,0,False,500000.0,800614.6130242741,0.0,POSITION_OCCUPIED_SKIP,0.0,False
reject_chain_15_30_or_gte_30,20260310,NONE,NO_CANDIDATE,,,,,0.0,800614.6130242741,800614.6130242741,,,False,False,,,,,,,False,0,False,500000.0,800614.6130242741,0.0,NO_CANDIDATE,0.0,False
reject_chain_15_30_or_gte_30,20260311,B,HISTORICAL_SIM_FILLED,603778.SH,国晟科技,sh_main,无,-0.0155491819765248,800614.6130242741,788165.7107132947,b_conservative_daily_replay,,True,True,,,20260312.0,20260313.0,20.840819999999997,20.46951,False,0,False,500000.0,800614.6130242741,-0.015549181976524773,HISTORICAL_SIM_FILLED,-0.0155491819765248,False
reject_chain_15_30_or_gte_30,20260312,A_OR_B,POSITION_OCCUPIED_SKIP,,,,,0.0,788165.7107132947,788165.7107132947,,603778.SH 国晟科技,False,False,,,,,,,False,0,False,500000.0,800614.6130242741,-0.015549181976524773,POSITION_OCCUPIED_SKIP,0.0,False
reject_chain_15_30_or_gte_30,20260313,B,HISTORICAL_SIM_FILLED,603248.SH,锡华科技,sh_main,无,0.1419679382777887,788165.7107132947,900059.9716845092,b_conservative_daily_replay,,True,True,,,20260316.0,20260317.0,28.908879999999996,34.085879999999996,False,0,False,500000.0,900059.9716845092,0.0,HISTORICAL_SIM_FILLED,0.1419679382777887,False
reject_chain_15_30_or_gte_30,20260316,A_OR_B,POSITION_OCCUPIED_SKIP,,,,,0.0,900059.9716845092,900059.9716845092,,603248.SH 锡华科技,False,False,,,,,,,False,0,False,500000.0,900059.9716845092,0.0,POSITION_OCCUPIED_SKIP,0.0,False
reject_chain_15_30_or_gte_30,20260317,NONE,NO_CANDIDATE,,,,,0.0,900059.9716845092,900059.9716845092,,,False,False,,,,,,,False,0,False,500000.0,900059.9716845092,0.0,NO_CANDIDATE,0.0,False
reject_chain_15_30_or_gte_30,20260318,NONE,NO_CANDIDATE,,,,,0.0,900059.9716845092,900059.9716845092,,,False,False,,,,,,,False,0,False,500000.0,900059.9716845092,0.0,NO_CANDIDATE,0.0,False
reject_chain_15_30_or_gte_30,20260319,NONE,NO_CANDIDATE,,,,,0.0,900059.9716845092,900059.9716845092,,,False,False,,,,,,,False,0,False,500000.0,900059.9716845092,0.0,NO_CANDIDATE,0.0,False
reject_chain_15_30_or_gte_30,20260320,NONE,NO_CANDIDATE,,,,,0.0,900059.9716845092,900059.9716845092,,,False,False,,,,,,,False,0,False,500000.0,900059.9716845092,0.0,NO_CANDIDATE,0.0,False
reject_chain_15_30_or_gte_30,20260323,NONE,NO_CANDIDATE,,,,,0.0,900059.9716845092,900059.9716845092,,,False,False,,,,,,,False,0,False,500000.0,900059.9716845092,0.0,NO_CANDIDATE,0.0,False
reject_chain_15_30_or_gte_30,20260324,B,HISTORICAL_SIM_FILLED,601016.SH,节能风电,sh_main,无,0.0500117284161621,900059.9716845092,945073.5265466534,b_conservative_daily_replay,,True,True,,,20260325.0,20260326.0,4.98498,5.30469,False,0,False,500000.0,945073.5265466534,0.0,HISTORICAL_SIM_FILLED,0.0500117284161621,False
reject_chain_15_30_or_gte_30,20260325,A_OR_B,POSITION_OCCUPIED_SKIP,,,,,0.0,945073.5265466534,945073.5265466534,,601016.SH 节能风电,False,False,,,,,,,False,0,False,500000.0,945073.5265466534,0.0,POSITION_OCCUPIED_SKIP,0.0,False
reject_chain_15_30_or_gte_30,20260326,NONE,NO_CANDIDATE,,,,,0.0,945073.5265466534,945073.5265466534,,,False,False,,,,,,,False,0,False,500000.0,945073.5265466534,0.0,NO_CANDIDATE,0.0,False
reject_chain_15_30_or_gte_30,20260327,A,HISTORICAL_SIM_FILLED,300204.SZ,舒泰神,chi_next,无,0.0397618491523106,945073.5265466534,982651.3975470436,a_audit_dynamic_account_return,,False,False,,,,,,,False,0,False,500000.0,982651.3975470436,0.0,HISTORICAL_SIM_FILLED,0.0397618491523106,False
reject_chain_15_30_or_gte_30,20260330,A_OR_B,POSITION_OCCUPIED_SKIP,,,,,0.0,982651.3975470436,982651.3975470436,,300204.SZ 舒泰神,False,False,,,,,,,False,0,False,500000.0,982651.3975470436,0.0,POSITION_OCCUPIED_SKIP,0.0,False
reject_chain_15_30_or_gte_30,20260331,NONE,NO_CANDIDATE,,,,,0.0,982651.3975470436,982651.3975470436,,,False,False,,,,,,,False,0,False,500000.0,982651.3975470436,0.0,NO_CANDIDATE,0.0,False
reject_chain_15_30_or_gte_30,20260401,NONE,NO_CANDIDATE,,,,,0.0,982651.3975470436,982651.3975470436,,,False,False,,,,,,,False,0,False,500000.0,982651.3975470436,0.0,NO_CANDIDATE,0.0,False
reject_chain_15_30_or_gte_30,20260402,NONE,NO_CANDIDATE,,,,,0.0,982651.3975470436,982651.3975470436,,,False,False,,,,,,,False,0,False,500000.0,982651.3975470436,0.0,NO_CANDIDATE,0.0,False
reject_chain_15_30_or_gte_30,20260403,NONE,NO_CANDIDATE,,,,,0.0,982651.3975470436,982651.3975470436,,,False,False,,,,,,,False,0,False,500000.0,982651.3975470436,0.0,NO_CANDIDATE,0.0,False
reject_chain_15_30_or_gte_30,20260407,B,HISTORICAL_SIM_FILLED,603090.SH,宏盛股份,sh_main,封单/流通市值偏高,0.0251451337980819,982651.3975470436,1007360.2984152362,b_conservative_daily_replay,,True,True,,,20260408.0,20260409.0,66.12606,68.31161999999999,False,0,False,500000.0,1007360.2984152362,0.0,HISTORICAL_SIM_FILLED,0.0251451337980819,False
reject_chain_15_30_or_gte_30,20260408,A_OR_B,POSITION_OCCUPIED_SKIP,,,,,0.0,1007360.2984152362,1007360.2984152362,,603090.SH 宏盛股份,False,False,,,,,,,False,0,False,500000.0,1007360.2984152362,0.0,POSITION_OCCUPIED_SKIP,0.0,False
reject_chain_15_30_or_gte_30,20260409,A,HISTORICAL_SIM_FILLED,300489.SZ,光智科技,chi_next,无,0.0826627480845445,1007360.2984152362,1090631.4689935064,a_audit_dynamic_account_return,,False,False,,,,,,,False,0,False,500000.0,1090631.4689935064,0.0,HISTORICAL_SIM_FILLED,0.0826627480845445,False
reject_chain_15_30_or_gte_30,20260410,A_OR_B,POSITION_OCCUPIED_SKIP,,,,,0.0,1090631.4689935064,1090631.4689935064,,300489.SZ 光智科技,False,False,,,,,,,False,0,False,500000.0,1090631.4689935064,0.0,POSITION_OCCUPIED_SKIP,0.0,False
reject_chain_15_30_or_gte_30,20260413,B,HISTORICAL_SIM_FILLED,000968.SZ,蓝焰控股,sz_main,无,-0.0496262411873839,1090631.4689935064,1036507.5286666838,b_conservative_daily_replay,,True,True,,,20260414.0,20260415.0,10.09008,9.48051,False,0,False,500000.0,1090631.4689935064,-0.0496262411873839,HISTORICAL_SIM_FILLED,-0.0496262411873839,False
reject_chain_15_30_or_gte_30,20260414,A_OR_B,POSITION_OCCUPIED_SKIP,,,,,0.0,1036507.5286666838,1036507.5286666838,,000968.SZ 蓝焰控股,False,False,,,,,,,False,0,False,500000.0,1090631.4689935064,-0.0496262411873839,POSITION_OCCUPIED_SKIP,0.0,False
reject_chain_15_30_or_gte_30,20260415,NONE,NO_CANDIDATE,,,,,0.0,1036507.5286666838,1036507.5286666838,,,False,False,,,,,,,False,0,False,500000.0,1090631.4689935064,-0.0496262411873839,NO_CANDIDATE,0.0,False
reject_chain_15_30_or_gte_30,20260416,B,HISTORICAL_SIM_FILLED,603220.SH,中贝通信,sh_main,无,-0.0440895700662973,1036507.5286666838,990808.3573572894,b_conservative_daily_replay,,True,True,,,20260417.0,20260420.0,32.59256,30.84912,False,0,False,500000.0,1090631.4689935064,-0.0915278116157231,HISTORICAL_SIM_FILLED,-0.0440895700662973,False
reject_chain_15_30_or_gte_30,20260417,A_OR_B,POSITION_OCCUPIED_SKIP,,,,,0.0,990808.3573572894,990808.3573572894,,603220.SH 中贝通信,False,False,,,,,,,False,0,False,500000.0,1090631.4689935064,-0.0915278116157231,POSITION_OCCUPIED_SKIP,0.0,False
reject_chain_15_30_or_gte_30,20260420,NONE,NO_CANDIDATE,,,,,0.0,990808.3573572894,990808.3573572894,,,False,False,,,,,,,False,0,False,500000.0,1090631.4689935064,-0.0915278116157231,NO_CANDIDATE,0.0,False
reject_chain_15_30_or_gte_30,20260421,NONE,NO_CANDIDATE,,,,,0.0,990808.3573572894,990808.3573572894,,,False,False,,,,,,,False,0,False,500000.0,1090631.4689935064,-0.0915278116157231,NO_CANDIDATE,0.0,False
reject_chain_15_30_or_gte_30,20260422,NONE,NO_CANDIDATE,,,,,0.0,990808.3573572894,990808.3573572894,,,False,False,,,,,,,False,0,False,500000.0,1090631.4689935064,-0.0915278116157231,NO_CANDIDATE,0.0,False
reject_chain_15_30_or_gte_30,20260423,NONE,NO_CANDIDATE,,,,,0.0,990808.3573572894,990808.3573572894,,,False,False,,,,,,,False,0,False,500000.0,1090631.4689935064,-0.0915278116157231,NO_CANDIDATE,0.0,False
reject_chain_15_30_or_gte_30,20260424,NONE,NO_CANDIDATE,,,,,0.0,990808.3573572894,990808.3573572894,,,False,False,,,,,,,False,0,False,500000.0,1090631.4689935064,-0.0915278116157231,NO_CANDIDATE,0.0,False
reject_chain_15_30_or_gte_30,20260427,B,HISTORICAL_SIM_FILLED,600152.SH,维科技术,sh_main,LOSS_OVERLAY_WATCH,-0.0056380497028743,990808.3573572894,985222.1305924858,b_conservative_daily_replay,,True,True,,,20260428.0,20260429.0,14.56455,14.4855,False,0,False,500000.0,1090631.4689935064,-0.09664982296751257,HISTORICAL_SIM_FILLED,-0.0056380497028743,False
reject_chain_15_30_or_gte_30,20260428,A_OR_B,POSITION_OCCUPIED_SKIP,,,,,0.0,985222.1305924858,985222.1305924858,,600152.SH 维科技术,False,False,,,,,,,False,0,False,500000.0,1090631.4689935064,-0.09664982296751257,POSITION_OCCUPIED_SKIP,0.0,False
reject_chain_15_30_or_gte_30,20260429,NONE,NO_CANDIDATE,,,,,0.0,985222.1305924858,985222.1305924858,,,False,False,,,,,,,False,0,False,500000.0,1090631.4689935064,-0.09664982296751257,NO_CANDIDATE,0.0,False
reject_chain_15_30_or_gte_30,20260430,NONE,NO_CANDIDATE,,,,,0.0,985222.1305924858,985222.1305924858,,,False,False,,,,,,,False,0,False,500000.0,1090631.4689935064,-0.09664982296751257,NO_CANDIDATE,0.0,False
reject_chain_15_30_or_gte_30,20260506,NONE,NO_CANDIDATE,,,,,0.0,985222.1305924858,985222.1305924858,,,False,False,,,,,,,False,0,False,500000.0,1090631.4689935064,-0.09664982296751257,NO_CANDIDATE,0.0,False
reject_chain_15_30_or_gte_30,20260507,B,B_RISK_FILTERED_SKIP,603256.SH,宏和科技,sh_main,无,0.0,985222.1305924858,985222.1305924858,b_conservative_daily_replay,,True,True,,,20260508.0,20260511.0,145.12497999999997,149.83002,False,0,False,500000.0,1090631.4689935064,-0.09664982296751257,HISTORICAL_SIM_FILLED,0.024640485917173,True
reject_chain_15_30_or_gte_30,20260508,A_OR_B,POSITION_OCCUPIED_SKIP,,,,,0.0,985222.1305924858,985222.1305924858,,603256.SH 宏和科技,False,False,,,,,,,False,0,False,500000.0,1090631.4689935064,-0.09664982296751257,POSITION_OCCUPIED_SKIP,0.0,False
reject_chain_15_30_or_gte_30,20260511,NONE,NO_CANDIDATE,,,,,0.0,985222.1305924858,985222.1305924858,,,False,False,,,,,,,False,0,False,500000.0,1090631.4689935064,-0.09664982296751257,NO_CANDIDATE,0.0,False
reject_chain_15_30_or_gte_30,20260512,NONE,NO_CANDIDATE,,,,,0.0,985222.1305924858,985222.1305924858,,,False,False,,,,,,,False,0,False,500000.0,1090631.4689935064,-0.09664982296751257,NO_CANDIDATE,0.0,False
reject_chain_15_30_or_gte_30,20260513,NONE,NO_CANDIDATE,,,,,0.0,985222.1305924858,985222.1305924858,,,False,False,,,,,,,False,0,False,500000.0,1090631.4689935064,-0.09664982296751257,NO_CANDIDATE,0.0,False
reject_chain_15_30_or_gte_30,20260514,NONE,NO_CANDIDATE,,,,,0.0,985222.1305924858,985222.1305924858,,,False,False,,,,,,,False,0,False,500000.0,1090631.4689935064,-0.09664982296751257,NO_CANDIDATE,0.0,False
diagnostic_reject_limit_down_blocked,20251112,NONE,NO_CANDIDATE,,,,,0.0,500000.0,500000.0,,,False,False,,,,,,,False,0,False,500000.0,500000.0,0.0,NO_CANDIDATE,0.0,False
diagnostic_reject_limit_down_blocked,20251113,B,B_RISK_FILTERED_SKIP,002780.SZ,三夫户外,sz_main,封单/流通市值偏高,0.0,500000.0,500000.0,b_conservative_daily_replay,,True,True,,,20251114.0,20251118.0,18.308289999999996,15.5844,False,1,False,500000.0,500000.0,0.0,HISTORICAL_SIM_FILLED,-0.1203192402916928,True
diagnostic_reject_limit_down_blocked,20251114,A_OR_B,POSITION_OCCUPIED_SKIP,,,,,0.0,500000.0,500000.0,,002780.SZ 三夫户外,False,False,,,,,,,False,0,False,500000.0,500000.0,0.0,POSITION_OCCUPIED_SKIP,0.0,False
diagnostic_reject_limit_down_blocked,20251117,A_OR_B,POSITION_OCCUPIED_SKIP,,,,,0.0,500000.0,500000.0,,002780.SZ 三夫户外,False,False,,,,,,,False,0,False,500000.0,500000.0,0.0,POSITION_OCCUPIED_SKIP,0.0,False
diagnostic_reject_limit_down_blocked,20251118,NONE,NO_CANDIDATE,,,,,0.0,500000.0,500000.0,,,False,False,,,,,,,False,0,False,500000.0,500000.0,0.0,NO_CANDIDATE,0.0,False
diagnostic_reject_limit_down_blocked,20251119,NONE,NO_CANDIDATE,,,,,0.0,500000.0,500000.0,,,False,False,,,,,,,False,0,False,500000.0,500000.0,0.0,NO_CANDIDATE,0.0,False
diagnostic_reject_limit_down_blocked,20251120,A,HISTORICAL_SIM_FILLED,301092.SZ,争光股份,chi_next,无,-0.0505145833968012,500000.0,474742.7083015994,a_audit_dynamic_account_return,,False,False,,,,,,,False,0,False,500000.0,500000.0,-0.05051458339680115,HISTORICAL_SIM_FILLED,-0.0505145833968012,False
diagnostic_reject_limit_down_blocked,20251121,A_OR_B,POSITION_OCCUPIED_SKIP,,,,,0.0,474742.7083015994,474742.7083015994,,301092.SZ 争光股份,False,False,,,,,,,False,0,False,500000.0,500000.0,-0.05051458339680115,POSITION_OCCUPIED_SKIP,0.0,False
diagnostic_reject_limit_down_blocked,20251124,NONE,NO_CANDIDATE,,,,,0.0,474742.7083015994,474742.7083015994,,,False,False,,,,,,,False,0,False,500000.0,500000.0,-0.05051458339680115,NO_CANDIDATE,0.0,False
diagnostic_reject_limit_down_blocked,20251125,A,REVIEW_REQUIRED_PLAN_ONLY,301117.SZ,佳缘科技,chi_next,LOSS_OVERLAY_WATCH,0.0,474742.7083015994,474742.7083015994,manual_review_skip,,False,False,,,,,,,False,0,False,500000.0,500000.0,-0.05051458339680115,REVIEW_REQUIRED_PLAN_ONLY,0.0,False
diagnostic_reject_limit_down_blocked,20251126,NONE,NO_CANDIDATE,,,,,0.0,474742.7083015994,474742.7083015994,,,False,False,,,,,,,False,0,False,500000.0,500000.0,-0.05051458339680115,NO_CANDIDATE,0.0,False
diagnostic_reject_limit_down_blocked,20251127,NONE,NO_CANDIDATE,,,,,0.0,474742.7083015994,474742.7083015994,,,False,False,,,,,,,False,0,False,500000.0,500000.0,-0.05051458339680115,NO_CANDIDATE,0.0,False
diagnostic_reject_limit_down_blocked,20251128,NONE,NO_CANDIDATE,,,,,0.0,474742.7083015994,474742.7083015994,,,False,False,,,,,,,False,0,False,500000.0,500000.0,-0.05051458339680115,NO_CANDIDATE,0.0,False
diagnostic_reject_limit_down_blocked,20251201,B,HISTORICAL_SIM_FILLED,000078.SZ,海王生物,sz_main,无,0.1483816907303223,474742.7083015994,545185.834021283,b_conservative_daily_replay,,True,True,,,20251202.0,20251203.0,3.8037999999999994,4.515479999999999,False,0,False,500000.0,545185.834021283,0.0,HISTORICAL_SIM_FILLED,0.1483816907303223,False
diagnostic_reject_limit_down_blocked,20251202,A_OR_B,POSITION_OCCUPIED_SKIP,,,,,0.0,545185.834021283,545185.834021283,,000078.SZ 海王生物,False,False,,,,,,,False,0,False,500000.0,545185.834021283,0.0,POSITION_OCCUPIED_SKIP,0.0,False
diagnostic_reject_limit_down_blocked,20251203,NONE,NO_CANDIDATE,,,,,0.0,545185.834021283,545185.834021283,,,False,False,,,,,,,False,0,False,500000.0,545185.834021283,0.0,NO_CANDIDATE,0.0,False
diagnostic_reject_limit_down_blocked,20251204,A,HISTORICAL_SIM_FILLED,300946.SZ,恒而达,chi_next,无,0.0291749495998269,545185.834021283,561091.6032513934,a_audit_dynamic_account_return,,False,False,,,,,,,False,0,False,500000.0,561091.6032513934,0.0,HISTORICAL_SIM_FILLED,0.0291749495998269,False
diagnostic_reject_limit_down_blocked,20251205,A_OR_B,POSITION_OCCUPIED_SKIP,,,,,0.0,561091.6032513934,561091.6032513934,,300946.SZ 恒而达,False,False,,,,,,,False,0,False,500000.0,561091.6032513934,0.0,POSITION_OCCUPIED_SKIP,0.0,False
diagnostic_reject_limit_down_blocked,20251208,B,HISTORICAL_SIM_FILLED,000571.SZ,新大洲A,sz_main,无,0.0312685828023009,561091.6032513934,578636.1425073354,b_conservative_daily_replay,,True,True,,,20251209.0,20251210.0,6.316309999999999,6.5734200000000005,False,0,False,500000.0,578636.1425073354,0.0,HISTORICAL_SIM_FILLED,0.0312685828023009,False
diagnostic_reject_limit_down_blocked,20251209,A_OR_B,POSITION_OCCUPIED_SKIP,,,,,0.0,578636.1425073354,578636.1425073354,,000571.SZ 新大洲A,False,False,,,,,,,False,0,False,500000.0,578636.1425073354,0.0,POSITION_OCCUPIED_SKIP,0.0,False
diagnostic_reject_limit_down_blocked,20251210,NONE,NO_CANDIDATE,,,,,0.0,578636.1425073354,578636.1425073354,,,False,False,,,,,,,False,0,False,500000.0,578636.1425073354,0.0,NO_CANDIDATE,0.0,False
diagnostic_reject_limit_down_blocked,20251211,NONE,NO_CANDIDATE,,,,,0.0,578636.1425073354,578636.1425073354,,,False,False,,,,,,,False,0,False,500000.0,578636.1425073354,0.0,NO_CANDIDATE,0.0,False
diagnostic_reject_limit_down_blocked,20251212,A,HISTORICAL_SIM_FILLED,920576.BJ,天力复合,bj,无,0.181313377355646,578636.1425073354,683550.6157653834,a_audit_dynamic_account_return,,False,False,,,,,,,False,0,False,500000.0,683550.6157653834,0.0,HISTORICAL_SIM_FILLED,0.181313377355646,False
diagnostic_reject_limit_down_blocked,20251215,A_OR_B,POSITION_OCCUPIED_SKIP,,,,,0.0,683550.6157653834,683550.6157653834,,920576.BJ 天力复合,False,False,,,,,,,False,0,False,500000.0,683550.6157653834,0.0,POSITION_OCCUPIED_SKIP,0.0,False
diagnostic_reject_limit_down_blocked,20251216,NONE,NO_CANDIDATE,,,,,0.0,683550.6157653834,683550.6157653834,,,False,False,,,,,,,False,0,False,500000.0,683550.6157653834,0.0,NO_CANDIDATE,0.0,False
diagnostic_reject_limit_down_blocked,20251217,NONE,NO_CANDIDATE,,,,,0.0,683550.6157653834,683550.6157653834,,,False,False,,,,,,,False,0,False,500000.0,683550.6157653834,0.0,NO_CANDIDATE,0.0,False
diagnostic_reject_limit_down_blocked,20251218,B,HISTORICAL_SIM_FILLED,002865.SZ,钧达股份,sz_main,封单/流通市值偏高,0.0504470845017052,683550.6157653834,718033.7514400922,b_conservative_daily_replay,,True,True,,,20251219.0,20251222.0,46.44639999999999,49.4505,False,0,False,500000.0,718033.7514400922,0.0,HISTORICAL_SIM_FILLED,0.0504470845017052,False
diagnostic_reject_limit_down_blocked,20251219,A_OR_B,POSITION_OCCUPIED_SKIP,,,,,0.0,718033.7514400922,718033.7514400922,,002865.SZ 钧达股份,False,False,,,,,,,False,0,False,500000.0,718033.7514400922,0.0,POSITION_OCCUPIED_SKIP,0.0,False
diagnostic_reject_limit_down_blocked,20251222,B,HISTORICAL_SIM_FILLED,000407.SZ,胜利股份,sz_main,封单/流通市值偏高,-0.0044660582881684,718033.7514400922,714826.9708532885,b_conservative_daily_replay,,True,True,,,20251223.0,20251224.0,5.08508,5.06493,False,0,False,500000.0,718033.7514400922,-0.004466058288168373,HISTORICAL_SIM_FILLED,-0.0044660582881684,False
diagnostic_reject_limit_down_blocked,20251223,A_OR_B,POSITION_OCCUPIED_SKIP,,,,,0.0,714826.9708532885,714826.9708532885,,000407.SZ 胜利股份,False,False,,,,,,,False,0,False,500000.0,718033.7514400922,-0.004466058288168373,POSITION_OCCUPIED_SKIP,0.0,False
diagnostic_reject_limit_down_blocked,20251224,NONE,NO_CANDIDATE,,,,,0.0,714826.9708532885,714826.9708532885,,,False,False,,,,,,,False,0,False,500000.0,718033.7514400922,-0.004466058288168373,NO_CANDIDATE,0.0,False
diagnostic_reject_limit_down_blocked,20251225,B,HISTORICAL_SIM_FILLED,001400.SZ,江顺科技,sz_main,封单/流通市值偏高,0.0241443954214303,714826.9708532885,732086.0358954736,b_conservative_daily_replay,,True,True,,,20251226.0,20251229.0,73.89381999999999,76.24368,False,0,False,500000.0,732086.0358954736,0.0,HISTORICAL_SIM_FILLED,0.0241443954214303,False
diagnostic_reject_limit_down_blocked,20251226,A_OR_B,POSITION_OCCUPIED_SKIP,,,,,0.0,732086.0358954736,732086.0358954736,,001400.SZ 江顺科技,False,False,,,,,,,False,0,False,500000.0,732086.0358954736,0.0,POSITION_OCCUPIED_SKIP,0.0,False
diagnostic_reject_limit_down_blocked,20251229,NONE,NO_CANDIDATE,,,,,0.0,732086.0358954736,732086.0358954736,,,False,False,,,,,,,False,0,False,500000.0,732086.0358954736,0.0,NO_CANDIDATE,0.0,False
diagnostic_reject_limit_down_blocked,20251230,NONE,NO_CANDIDATE,,,,,0.0,732086.0358954736,732086.0358954736,,,False,False,,,,,,,False,0,False,500000.0,732086.0358954736,0.0,NO_CANDIDATE,0.0,False
diagnostic_reject_limit_down_blocked,20251231,A,HISTORICAL_SIM_FILLED,300058.SZ,蓝色光标,chi_next,无,0.1308549259970799,732086.0358954736,827883.0999460714,a_audit_dynamic_account_return,,False,False,,,,,,,False,0,False,500000.0,827883.0999460714,0.0,HISTORICAL_SIM_FILLED,0.1308549259970799,False
diagnostic_reject_limit_down_blocked,20260105,A_OR_B,POSITION_OCCUPIED_SKIP,,,,,0.0,827883.0999460714,827883.0999460714,,300058.SZ 蓝色光标,False,False,,,,,,,False,0,False,500000.0,827883.0999460714,0.0,POSITION_OCCUPIED_SKIP,0.0,False
diagnostic_reject_limit_down_blocked,20260106,B,HISTORICAL_SIM_FILLED,002865.SZ,钧达股份,sz_main,无,0.1586068340080973,827883.0999460714,959191.0173573269,b_conservative_daily_replay,,True,True,,,20260107.0,20260108.0,57.056999999999995,68.46147,False,0,False,500000.0,959191.0173573269,0.0,HISTORICAL_SIM_FILLED,0.1586068340080973,False
diagnostic_reject_limit_down_blocked,20260107,A_OR_B,POSITION_OCCUPIED_SKIP,,,,,0.0,959191.0173573269,959191.0173573269,,002865.SZ 钧达股份,False,False,,,,,,,False,0,False,500000.0,959191.0173573269,0.0,POSITION_OCCUPIED_SKIP,0.0,False
diagnostic_reject_limit_down_blocked,20260108,NONE,NO_CANDIDATE,,,,,0.0,959191.0173573269,959191.0173573269,,,False,False,,,,,,,False,0,False,500000.0,959191.0173573269,0.0,NO_CANDIDATE,0.0,False
diagnostic_reject_limit_down_blocked,20260109,B,HISTORICAL_SIM_FILLED,600410.SH,华胜天成,sh_main,封单/流通市值偏高,-0.0639164001947708,959191.0173573269,897882.9804286867,b_conservative_daily_replay,,True,True,,,20260112.0,20260113.0,21.87185,20.15982,False,0,False,500000.0,959191.0173573269,-0.06391640019477074,HISTORICAL_SIM_FILLED,-0.0639164001947708,False
diagnostic_reject_limit_down_blocked,20260112,A_OR_B,POSITION_OCCUPIED_SKIP,,,,,0.0,897882.9804286867,897882.9804286867,,600410.SH 华胜天成,False,False,,,,,,,False,0,False,500000.0,959191.0173573269,-0.06391640019477074,POSITION_OCCUPIED_SKIP,0.0,False
diagnostic_reject_limit_down_blocked,20260113,NONE,NO_CANDIDATE,,,,,0.0,897882.9804286867,897882.9804286867,,,False,False,,,,,,,False,0,False,500000.0,959191.0173573269,-0.06391640019477074,NO_CANDIDATE,0.0,False
diagnostic_reject_limit_down_blocked,20260114,NONE,NO_CANDIDATE,,,,,0.0,897882.9804286867,897882.9804286867,,,False,False,,,,,,,False,0,False,500000.0,959191.0173573269,-0.06391640019477074,NO_CANDIDATE,0.0,False
diagnostic_reject_limit_down_blocked,20260115,A,HISTORICAL_SIM_FILLED,301629.SZ,矽电股份,chi_next,无,-0.0338313603969523,897882.9804286867,867506.3777235141,a_audit_dynamic_account_return,,False,False,,,,,,,False,0,False,500000.0,959191.0173573269,-0.09558538182145804,HISTORICAL_SIM_FILLED,-0.0338313603969523,False
diagnostic_reject_limit_down_blocked,20260116,A_OR_B,POSITION_OCCUPIED_SKIP,,,,,0.0,867506.3777235141,867506.3777235141,,301629.SZ 矽电股份,False,False,,,,,,,False,0,False,500000.0,959191.0173573269,-0.09558538182145804,POSITION_OCCUPIED_SKIP,0.0,False
diagnostic_reject_limit_down_blocked,20260119,A,HISTORICAL_SIM_FILLED,300658.SZ,延江股份,chi_next,无,0.0681174370165976,867506.3777235141,926598.6887695923,a_audit_dynamic_account_return,,False,False,,,,,,,False,0,False,500000.0,959191.0173573269,-0.03397897603079092,HISTORICAL_SIM_FILLED,0.0681174370165976,False
diagnostic_reject_limit_down_blocked,20260120,A_OR_B,POSITION_OCCUPIED_SKIP,,,,,0.0,926598.6887695923,926598.6887695923,,300658.SZ 延江股份,False,False,,,,,,,False,0,False,500000.0,959191.0173573269,-0.03397897603079092,POSITION_OCCUPIED_SKIP,0.0,False
diagnostic_reject_limit_down_blocked,20260121,NONE,NO_CANDIDATE,,,,,0.0,926598.6887695923,926598.6887695923,,,False,False,,,,,,,False,0,False,500000.0,959191.0173573269,-0.03397897603079092,NO_CANDIDATE,0.0,False
diagnostic_reject_limit_down_blocked,20260122,NONE,NO_CANDIDATE,,,,,0.0,926598.6887695923,926598.6887695923,,,False,False,,,,,,,False,0,False,500000.0,959191.0173573269,-0.03397897603079092,NO_CANDIDATE,0.0,False
diagnostic_reject_limit_down_blocked,20260123,A,HISTORICAL_SIM_FILLED,920368.BJ,连城数控,bj,无,0.1027727855059111,926598.6887695923,1021827.8170605681,a_audit_dynamic_account_return,,False,False,,,,,,,False,0,False,500000.0,1021827.8170605681,0.0,HISTORICAL_SIM_FILLED,0.1027727855059111,False
diagnostic_reject_limit_down_blocked,20260126,A_OR_B,POSITION_OCCUPIED_SKIP,,,,,0.0,1021827.8170605681,1021827.8170605681,,920368.BJ 连城数控,False,False,,,,,,,False,0,False,500000.0,1021827.8170605681,0.0,POSITION_OCCUPIED_SKIP,0.0,False
diagnostic_reject_limit_down_blocked,20260127,NONE,NO_CANDIDATE,,,,,0.0,1021827.8170605681,1021827.8170605681,,,False,False,,,,,,,False,0,False,500000.0,1021827.8170605681,0.0,NO_CANDIDATE,0.0,False
diagnostic_reject_limit_down_blocked,20260128,A,HISTORICAL_SIM_FILLED,300164.SZ,通源石油,chi_next,无,0.0457725821591917,1021827.8170605681,1068599.5147695204,a_audit_dynamic_account_return,,False,False,,,,,,,False,0,False,500000.0,1068599.5147695204,0.0,HISTORICAL_SIM_FILLED,0.0457725821591917,False
diagnostic_reject_limit_down_blocked,20260129,A_OR_B,POSITION_OCCUPIED_SKIP,,,,,0.0,1068599.5147695204,1068599.5147695204,,300164.SZ 通源石油,False,False,,,,,,,False,0,False,500000.0,1068599.5147695204,0.0,POSITION_OCCUPIED_SKIP,0.0,False
diagnostic_reject_limit_down_blocked,20260130,NONE,NO_CANDIDATE,,,,,0.0,1068599.5147695204,1068599.5147695204,,,False,False,,,,,,,False,0,False,500000.0,1068599.5147695204,0.0,NO_CANDIDATE,0.0,False
diagnostic_reject_limit_down_blocked,20260202,NONE,NO_CANDIDATE,,,,,0.0,1068599.5147695204,1068599.5147695204,,,False,False,,,,,,,False,0,False,500000.0,1068599.5147695204,0.0,NO_CANDIDATE,0.0,False
diagnostic_reject_limit_down_blocked,20260203,B,HISTORICAL_SIM_FILLED,002471.SZ,中超控股,sz_main,封单/流通市值偏高,0.0081473226348119,1068599.5147695204,1077305.739783751,b_conservative_daily_replay,,True,True,,,20260204.0,20260205.0,9.4094,9.52047,False,0,False,500000.0,1077305.739783751,0.0,HISTORICAL_SIM_FILLED,0.0081473226348119,False
diagnostic_reject_limit_down_blocked,20260204,A_OR_B,POSITION_OCCUPIED_SKIP,,,,,0.0,1077305.739783751,1077305.739783751,,002471.SZ 中超控股,False,False,,,,,,,False,0,False,500000.0,1077305.739783751,0.0,POSITION_OCCUPIED_SKIP,0.0,False
diagnostic_reject_limit_down_blocked,20260205,NONE,NO_CANDIDATE,,,,,0.0,1077305.739783751,1077305.739783751,,,False,False,,,,,,,False,0,False,500000.0,1077305.739783751,0.0,NO_CANDIDATE,0.0,False
diagnostic_reject_limit_down_blocked,20260206,NONE,NO_CANDIDATE,,,,,0.0,1077305.739783751,1077305.739783751,,,False,False,,,,,,,False,0,False,500000.0,1077305.739783751,0.0,NO_CANDIDATE,0.0,False
diagnostic_reject_limit_down_blocked,20260209,B,HISTORICAL_SIM_FILLED,601360.SH,三六零,sh_main,LOSS_OVERLAY_WATCH,-0.018776912354669,1077305.739783751,1057077.2643286497,b_conservative_daily_replay,,True,True,,,20260210.0,20260211.0,13.08307,12.79719,False,0,False,500000.0,1077305.739783751,-0.01877691235466905,HISTORICAL_SIM_FILLED,-0.018776912354669,False
diagnostic_reject_limit_down_blocked,20260210,A_OR_B,POSITION_OCCUPIED_SKIP,,,,,0.0,1057077.2643286497,1057077.2643286497,,601360.SH 三六零,False,False,,,,,,,False,0,False,500000.0,1077305.739783751,-0.01877691235466905,POSITION_OCCUPIED_SKIP,0.0,False
diagnostic_reject_limit_down_blocked,20260211,NONE,NO_CANDIDATE,,,,,0.0,1057077.2643286497,1057077.2643286497,,,False,False,,,,,,,False,0,False,500000.0,1077305.739783751,-0.01877691235466905,NO_CANDIDATE,0.0,False
diagnostic_reject_limit_down_blocked,20260212,NONE,NO_CANDIDATE,,,,,0.0,1057077.2643286497,1057077.2643286497,,,False,False,,,,,,,False,0,False,500000.0,1077305.739783751,-0.01877691235466905,NO_CANDIDATE,0.0,False
diagnostic_reject_limit_down_blocked,20260213,NONE,NO_CANDIDATE,,,,,0.0,1057077.2643286497,1057077.2643286497,,,False,False,,,,,,,False,0,False,500000.0,1077305.739783751,-0.01877691235466905,NO_CANDIDATE,0.0,False
diagnostic_reject_limit_down_blocked,20260224,NONE,NO_CANDIDATE,,,,,0.0,1057077.2643286497,1057077.2643286497,,,False,False,,,,,,,False,0,False,500000.0,1077305.739783751,-0.01877691235466905,NO_CANDIDATE,0.0,False
diagnostic_reject_limit_down_blocked,20260225,NONE,NO_CANDIDATE,,,,,0.0,1057077.2643286497,1057077.2643286497,,,False,False,,,,,,,False,0,False,500000.0,1077305.739783751,-0.01877691235466905,NO_CANDIDATE,0.0,False
diagnostic_reject_limit_down_blocked,20260226,A,HISTORICAL_SIM_FILLED,300499.SZ,高澜股份,chi_next,无,0.0193948880593092,1057077.2643286497,1077579.1595403445,a_audit_dynamic_account_return,,False,False,,,,,,,False,0,False,500000.0,1077579.1595403445,0.0,HISTORICAL_SIM_FILLED,0.0193948880593092,False
diagnostic_reject_limit_down_blocked,20260227,A_OR_B,POSITION_OCCUPIED_SKIP,,,,,0.0,1077579.1595403445,1077579.1595403445,,300499.SZ 高澜股份,False,False,,,,,,,False,0,False,500000.0,1077579.1595403445,0.0,POSITION_OCCUPIED_SKIP,0.0,False
diagnostic_reject_limit_down_blocked,20260302,B,HISTORICAL_SIM_FILLED,603257.SH,中国瑞林,sh_main,无,-0.0276280322799875,1077579.1595403445,1047807.7677363221,b_conservative_daily_replay,,True,True,,,20260303.0,20260304.0,72.70262999999998,70.30962,False,0,False,500000.0,1077579.1595403445,-0.027628032279987447,HISTORICAL_SIM_FILLED,-0.0276280322799875,False
diagnostic_reject_limit_down_blocked,20260303,A_OR_B,POSITION_OCCUPIED_SKIP,,,,,0.0,1047807.7677363221,1047807.7677363221,,603257.SH 中国瑞林,False,False,,,,,,,False,0,False,500000.0,1077579.1595403445,-0.027628032279987447,POSITION_OCCUPIED_SKIP,0.0,False
diagnostic_reject_limit_down_blocked,20260304,NONE,NO_CANDIDATE,,,,,0.0,1047807.7677363221,1047807.7677363221,,,False,False,,,,,,,False,0,False,500000.0,1077579.1595403445,-0.027628032279987447,NO_CANDIDATE,0.0,False
diagnostic_reject_limit_down_blocked,20260305,NONE,NO_CANDIDATE,,,,,0.0,1047807.7677363221,1047807.7677363221,,,False,False,,,,,,,False,0,False,500000.0,1077579.1595403445,-0.027628032279987447,NO_CANDIDATE,0.0,False
diagnostic_reject_limit_down_blocked,20260306,B,HISTORICAL_SIM_FILLED,000509.SZ,华塑控股,sz_main,无,0.0220556483516485,1047807.7677363221,1070917.8474016404,b_conservative_daily_replay,,True,True,,,20260309.0,20260310.0,3.8438399999999993,3.95604,False,0,False,500000.0,1077579.1595403445,-0.006181738092954192,HISTORICAL_SIM_FILLED,0.0220556483516485,False
diagnostic_reject_limit_down_blocked,20260309,A_OR_B,POSITION_OCCUPIED_SKIP,,,,,0.0,1070917.8474016404,1070917.8474016404,,000509.SZ 华塑控股,False,False,,,,,,,False,0,False,500000.0,1077579.1595403445,-0.006181738092954192,POSITION_OCCUPIED_SKIP,0.0,False
diagnostic_reject_limit_down_blocked,20260310,NONE,NO_CANDIDATE,,,,,0.0,1070917.8474016404,1070917.8474016404,,,False,False,,,,,,,False,0,False,500000.0,1077579.1595403445,-0.006181738092954192,NO_CANDIDATE,0.0,False
diagnostic_reject_limit_down_blocked,20260311,B,HISTORICAL_SIM_FILLED,603778.SH,国晟科技,sh_main,无,-0.0155491819765248,1070917.8474016404,1054265.9509104842,b_conservative_daily_replay,,True,True,,,20260312.0,20260313.0,20.840819999999997,20.46951,False,0,False,500000.0,1077579.1595403445,-0.021634799098940283,HISTORICAL_SIM_FILLED,-0.0155491819765248,False
diagnostic_reject_limit_down_blocked,20260312,A_OR_B,POSITION_OCCUPIED_SKIP,,,,,0.0,1054265.9509104842,1054265.9509104842,,603778.SH 国晟科技,False,False,,,,,,,False,0,False,500000.0,1077579.1595403445,-0.021634799098940283,POSITION_OCCUPIED_SKIP,0.0,False
diagnostic_reject_limit_down_blocked,20260313,B,HISTORICAL_SIM_FILLED,603248.SH,锡华科技,sh_main,无,0.1419679382777887,1054265.9509104842,1203937.914357718,b_conservative_daily_replay,,True,True,,,20260316.0,20260317.0,28.908879999999996,34.085879999999996,False,0,False,500000.0,1203937.914357718,0.0,HISTORICAL_SIM_FILLED,0.1419679382777887,False
diagnostic_reject_limit_down_blocked,20260316,A_OR_B,POSITION_OCCUPIED_SKIP,,,,,0.0,1203937.914357718,1203937.914357718,,603248.SH 锡华科技,False,False,,,,,,,False,0,False,500000.0,1203937.914357718,0.0,POSITION_OCCUPIED_SKIP,0.0,False
diagnostic_reject_limit_down_blocked,20260317,NONE,NO_CANDIDATE,,,,,0.0,1203937.914357718,1203937.914357718,,,False,False,,,,,,,False,0,False,500000.0,1203937.914357718,0.0,NO_CANDIDATE,0.0,False
diagnostic_reject_limit_down_blocked,20260318,NONE,NO_CANDIDATE,,,,,0.0,1203937.914357718,1203937.914357718,,,False,False,,,,,,,False,0,False,500000.0,1203937.914357718,0.0,NO_CANDIDATE,0.0,False
diagnostic_reject_limit_down_blocked,20260319,NONE,NO_CANDIDATE,,,,,0.0,1203937.914357718,1203937.914357718,,,False,False,,,,,,,False,0,False,500000.0,1203937.914357718,0.0,NO_CANDIDATE,0.0,False
diagnostic_reject_limit_down_blocked,20260320,NONE,NO_CANDIDATE,,,,,0.0,1203937.914357718,1203937.914357718,,,False,False,,,,,,,False,0,False,500000.0,1203937.914357718,0.0,NO_CANDIDATE,0.0,False
diagnostic_reject_limit_down_blocked,20260323,NONE,NO_CANDIDATE,,,,,0.0,1203937.914357718,1203937.914357718,,,False,False,,,,,,,False,0,False,500000.0,1203937.914357718,0.0,NO_CANDIDATE,0.0,False
diagnostic_reject_limit_down_blocked,20260324,B,HISTORICAL_SIM_FILLED,601016.SH,节能风电,sh_main,无,0.0500117284161621,1203937.914357718,1264148.930360497,b_conservative_daily_replay,,True,True,,,20260325.0,20260326.0,4.98498,5.30469,False,0,False,500000.0,1264148.930360497,0.0,HISTORICAL_SIM_FILLED,0.0500117284161621,False
diagnostic_reject_limit_down_blocked,20260325,A_OR_B,POSITION_OCCUPIED_SKIP,,,,,0.0,1264148.930360497,1264148.930360497,,601016.SH 节能风电,False,False,,,,,,,False,0,False,500000.0,1264148.930360497,0.0,POSITION_OCCUPIED_SKIP,0.0,False
diagnostic_reject_limit_down_blocked,20260326,NONE,NO_CANDIDATE,,,,,0.0,1264148.930360497,1264148.930360497,,,False,False,,,,,,,False,0,False,500000.0,1264148.930360497,0.0,NO_CANDIDATE,0.0,False
diagnostic_reject_limit_down_blocked,20260327,A,HISTORICAL_SIM_FILLED,300204.SZ,舒泰神,chi_next,无,0.0397618491523106,1264148.930360497,1314413.829435546,a_audit_dynamic_account_return,,False,False,,,,,,,False,0,False,500000.0,1314413.829435546,0.0,HISTORICAL_SIM_FILLED,0.0397618491523106,False
diagnostic_reject_limit_down_blocked,20260330,A_OR_B,POSITION_OCCUPIED_SKIP,,,,,0.0,1314413.829435546,1314413.829435546,,300204.SZ 舒泰神,False,False,,,,,,,False,0,False,500000.0,1314413.829435546,0.0,POSITION_OCCUPIED_SKIP,0.0,False
diagnostic_reject_limit_down_blocked,20260331,NONE,NO_CANDIDATE,,,,,0.0,1314413.829435546,1314413.829435546,,,False,False,,,,,,,False,0,False,500000.0,1314413.829435546,0.0,NO_CANDIDATE,0.0,False
diagnostic_reject_limit_down_blocked,20260401,NONE,NO_CANDIDATE,,,,,0.0,1314413.829435546,1314413.829435546,,,False,False,,,,,,,False,0,False,500000.0,1314413.829435546,0.0,NO_CANDIDATE,0.0,False
diagnostic_reject_limit_down_blocked,20260402,NONE,NO_CANDIDATE,,,,,0.0,1314413.829435546,1314413.829435546,,,False,False,,,,,,,False,0,False,500000.0,1314413.829435546,0.0,NO_CANDIDATE,0.0,False
diagnostic_reject_limit_down_blocked,20260403,NONE,NO_CANDIDATE,,,,,0.0,1314413.829435546,1314413.829435546,,,False,False,,,,,,,False,0,False,500000.0,1314413.829435546,0.0,NO_CANDIDATE,0.0,False
diagnostic_reject_limit_down_blocked,20260407,B,HISTORICAL_SIM_FILLED,603090.SH,宏盛股份,sh_main,封单/流通市值偏高,0.0251451337980819,1314413.829435546,1347464.941042752,b_conservative_daily_replay,,True,True,,,20260408.0,20260409.0,66.12606,68.31161999999999,False,0,False,500000.0,1347464.941042752,0.0,HISTORICAL_SIM_FILLED,0.0251451337980819,False
diagnostic_reject_limit_down_blocked,20260408,A_OR_B,POSITION_OCCUPIED_SKIP,,,,,0.0,1347464.941042752,1347464.941042752,,603090.SH 宏盛股份,False,False,,,,,,,False,0,False,500000.0,1347464.941042752,0.0,POSITION_OCCUPIED_SKIP,0.0,False
diagnostic_reject_limit_down_blocked,20260409,A,HISTORICAL_SIM_FILLED,300489.SZ,光智科技,chi_next,无,0.0826627480845445,1347464.941042752,1458850.0960169246,a_audit_dynamic_account_return,,False,False,,,,,,,False,0,False,500000.0,1458850.0960169246,0.0,HISTORICAL_SIM_FILLED,0.0826627480845445,False
diagnostic_reject_limit_down_blocked,20260410,A_OR_B,POSITION_OCCUPIED_SKIP,,,,,0.0,1458850.0960169246,1458850.0960169246,,300489.SZ 光智科技,False,False,,,,,,,False,0,False,500000.0,1458850.0960169246,0.0,POSITION_OCCUPIED_SKIP,0.0,False
diagnostic_reject_limit_down_blocked,20260413,B,HISTORICAL_SIM_FILLED,000968.SZ,蓝焰控股,sz_main,无,-0.0496262411873839,1458850.0960169246,1386452.8492957505,b_conservative_daily_replay,,True,True,,,20260414.0,20260415.0,10.09008,9.48051,False,0,False,500000.0,1458850.0960169246,-0.0496262411873839,HISTORICAL_SIM_FILLED,-0.0496262411873839,False
diagnostic_reject_limit_down_blocked,20260414,A_OR_B,POSITION_OCCUPIED_SKIP,,,,,0.0,1386452.8492957505,1386452.8492957505,,000968.SZ 蓝焰控股,False,False,,,,,,,False,0,False,500000.0,1458850.0960169246,-0.0496262411873839,POSITION_OCCUPIED_SKIP,0.0,False
diagnostic_reject_limit_down_blocked,20260415,NONE,NO_CANDIDATE,,,,,0.0,1386452.8492957505,1386452.8492957505,,,False,False,,,,,,,False,0,False,500000.0,1458850.0960169246,-0.0496262411873839,NO_CANDIDATE,0.0,False
diagnostic_reject_limit_down_blocked,20260416,B,HISTORICAL_SIM_FILLED,603220.SH,中贝通信,sh_main,无,-0.0440895700662973,1386452.8492957505,1325324.739253108,b_conservative_daily_replay,,True,True,,,20260417.0,20260420.0,32.59256,30.84912,False,0,False,500000.0,1458850.0960169246,-0.0915278116157231,HISTORICAL_SIM_FILLED,-0.0440895700662973,False
diagnostic_reject_limit_down_blocked,20260417,A_OR_B,POSITION_OCCUPIED_SKIP,,,,,0.0,1325324.739253108,1325324.739253108,,603220.SH 中贝通信,False,False,,,,,,,False,0,False,500000.0,1458850.0960169246,-0.0915278116157231,POSITION_OCCUPIED_SKIP,0.0,False
diagnostic_reject_limit_down_blocked,20260420,NONE,NO_CANDIDATE,,,,,0.0,1325324.739253108,1325324.739253108,,,False,False,,,,,,,False,0,False,500000.0,1458850.0960169246,-0.0915278116157231,NO_CANDIDATE,0.0,False
diagnostic_reject_limit_down_blocked,20260421,NONE,NO_CANDIDATE,,,,,0.0,1325324.739253108,1325324.739253108,,,False,False,,,,,,,False,0,False,500000.0,1458850.0960169246,-0.0915278116157231,NO_CANDIDATE,0.0,False
diagnostic_reject_limit_down_blocked,20260422,NONE,NO_CANDIDATE,,,,,0.0,1325324.739253108,1325324.739253108,,,False,False,,,,,,,False,0,False,500000.0,1458850.0960169246,-0.0915278116157231,NO_CANDIDATE,0.0,False
diagnostic_reject_limit_down_blocked,20260423,NONE,NO_CANDIDATE,,,,,0.0,1325324.739253108,1325324.739253108,,,False,False,,,,,,,False,0,False,500000.0,1458850.0960169246,-0.0915278116157231,NO_CANDIDATE,0.0,False
diagnostic_reject_limit_down_blocked,20260424,NONE,NO_CANDIDATE,,,,,0.0,1325324.739253108,1325324.739253108,,,False,False,,,,,,,False,0,False,500000.0,1458850.0960169246,-0.0915278116157231,NO_CANDIDATE,0.0,False
diagnostic_reject_limit_down_blocked,20260427,B,HISTORICAL_SIM_FILLED,600152.SH,维科技术,sh_main,LOSS_OVERLAY_WATCH,-0.0056380497028743,1325324.739253108,1317852.4925007499,b_conservative_daily_replay,,True,True,,,20260428.0,20260429.0,14.56455,14.4855,False,0,False,500000.0,1458850.0960169246,-0.09664982296751268,HISTORICAL_SIM_FILLED,-0.0056380497028743,False
diagnostic_reject_limit_down_blocked,20260428,A_OR_B,POSITION_OCCUPIED_SKIP,,,,,0.0,1317852.4925007499,1317852.4925007499,,600152.SH 维科技术,False,False,,,,,,,False,0,False,500000.0,1458850.0960169246,-0.09664982296751268,POSITION_OCCUPIED_SKIP,0.0,False
diagnostic_reject_limit_down_blocked,20260429,NONE,NO_CANDIDATE,,,,,0.0,1317852.4925007499,1317852.4925007499,,,False,False,,,,,,,False,0,False,500000.0,1458850.0960169246,-0.09664982296751268,NO_CANDIDATE,0.0,False
diagnostic_reject_limit_down_blocked,20260430,NONE,NO_CANDIDATE,,,,,0.0,1317852.4925007499,1317852.4925007499,,,False,False,,,,,,,False,0,False,500000.0,1458850.0960169246,-0.09664982296751268,NO_CANDIDATE,0.0,False
diagnostic_reject_limit_down_blocked,20260506,NONE,NO_CANDIDATE,,,,,0.0,1317852.4925007499,1317852.4925007499,,,False,False,,,,,,,False,0,False,500000.0,1458850.0960169246,-0.09664982296751268,NO_CANDIDATE,0.0,False
diagnostic_reject_limit_down_blocked,20260507,B,HISTORICAL_SIM_FILLED,603256.SH,宏和科技,sh_main,无,0.024640485917173,1317852.4925007499,1350325.018283126,b_conservative_daily_replay,,True,True,,,20260508.0,20260511.0,145.12497999999997,149.83002,False,0,False,500000.0,1458850.0960169246,-0.07439083565206794,HISTORICAL_SIM_FILLED,0.024640485917173,False
diagnostic_reject_limit_down_blocked,20260508,A_OR_B,POSITION_OCCUPIED_SKIP,,,,,0.0,1350325.018283126,1350325.018283126,,603256.SH 宏和科技,False,False,,,,,,,False,0,False,500000.0,1458850.0960169246,-0.07439083565206794,POSITION_OCCUPIED_SKIP,0.0,False
diagnostic_reject_limit_down_blocked,20260511,NONE,NO_CANDIDATE,,,,,0.0,1350325.018283126,1350325.018283126,,,False,False,,,,,,,False,0,False,500000.0,1458850.0960169246,-0.07439083565206794,NO_CANDIDATE,0.0,False
diagnostic_reject_limit_down_blocked,20260512,NONE,NO_CANDIDATE,,,,,0.0,1350325.018283126,1350325.018283126,,,False,False,,,,,,,False,0,False,500000.0,1458850.0960169246,-0.07439083565206794,NO_CANDIDATE,0.0,False
diagnostic_reject_limit_down_blocked,20260513,NONE,NO_CANDIDATE,,,,,0.0,1350325.018283126,1350325.018283126,,,False,False,,,,,,,False,0,False,500000.0,1458850.0960169246,-0.07439083565206794,NO_CANDIDATE,0.0,False
diagnostic_reject_limit_down_blocked,20260514,NONE,NO_CANDIDATE,,,,,0.0,1350325.018283126,1350325.018283126,,,False,False,,,,,,,False,0,False,500000.0,1458850.0960169246,-0.07439083565206794,NO_CANDIDATE,0.0,False
diagnostic_reject_negative_b,20251112,NONE,NO_CANDIDATE,,,,,0.0,500000.0,500000.0,,,False,False,,,,,,,False,0,False,500000.0,500000.0,0.0,NO_CANDIDATE,0.0,False
diagnostic_reject_negative_b,20251113,B,B_RISK_FILTERED_SKIP,002780.SZ,三夫户外,sz_main,封单/流通市值偏高,0.0,500000.0,500000.0,b_conservative_daily_replay,,True,True,,,20251114.0,20251118.0,18.308289999999996,15.5844,False,1,False,500000.0,500000.0,0.0,HISTORICAL_SIM_FILLED,-0.1203192402916928,True
diagnostic_reject_negative_b,20251114,A_OR_B,POSITION_OCCUPIED_SKIP,,,,,0.0,500000.0,500000.0,,002780.SZ 三夫户外,False,False,,,,,,,False,0,False,500000.0,500000.0,0.0,POSITION_OCCUPIED_SKIP,0.0,False
diagnostic_reject_negative_b,20251117,A_OR_B,POSITION_OCCUPIED_SKIP,,,,,0.0,500000.0,500000.0,,002780.SZ 三夫户外,False,False,,,,,,,False,0,False,500000.0,500000.0,0.0,POSITION_OCCUPIED_SKIP,0.0,False
diagnostic_reject_negative_b,20251118,NONE,NO_CANDIDATE,,,,,0.0,500000.0,500000.0,,,False,False,,,,,,,False,0,False,500000.0,500000.0,0.0,NO_CANDIDATE,0.0,False
diagnostic_reject_negative_b,20251119,NONE,NO_CANDIDATE,,,,,0.0,500000.0,500000.0,,,False,False,,,,,,,False,0,False,500000.0,500000.0,0.0,NO_CANDIDATE,0.0,False
diagnostic_reject_negative_b,20251120,A,HISTORICAL_SIM_FILLED,301092.SZ,争光股份,chi_next,无,-0.0505145833968012,500000.0,474742.7083015994,a_audit_dynamic_account_return,,False,False,,,,,,,False,0,False,500000.0,500000.0,-0.05051458339680115,HISTORICAL_SIM_FILLED,-0.0505145833968012,False
diagnostic_reject_negative_b,20251121,A_OR_B,POSITION_OCCUPIED_SKIP,,,,,0.0,474742.7083015994,474742.7083015994,,301092.SZ 争光股份,False,False,,,,,,,False,0,False,500000.0,500000.0,-0.05051458339680115,POSITION_OCCUPIED_SKIP,0.0,False
diagnostic_reject_negative_b,20251124,NONE,NO_CANDIDATE,,,,,0.0,474742.7083015994,474742.7083015994,,,False,False,,,,,,,False,0,False,500000.0,500000.0,-0.05051458339680115,NO_CANDIDATE,0.0,False
diagnostic_reject_negative_b,20251125,A,REVIEW_REQUIRED_PLAN_ONLY,301117.SZ,佳缘科技,chi_next,LOSS_OVERLAY_WATCH,0.0,474742.7083015994,474742.7083015994,manual_review_skip,,False,False,,,,,,,False,0,False,500000.0,500000.0,-0.05051458339680115,REVIEW_REQUIRED_PLAN_ONLY,0.0,False
diagnostic_reject_negative_b,20251126,NONE,NO_CANDIDATE,,,,,0.0,474742.7083015994,474742.7083015994,,,False,False,,,,,,,False,0,False,500000.0,500000.0,-0.05051458339680115,NO_CANDIDATE,0.0,False
diagnostic_reject_negative_b,20251127,NONE,NO_CANDIDATE,,,,,0.0,474742.7083015994,474742.7083015994,,,False,False,,,,,,,False,0,False,500000.0,500000.0,-0.05051458339680115,NO_CANDIDATE,0.0,False
diagnostic_reject_negative_b,20251128,NONE,NO_CANDIDATE,,,,,0.0,474742.7083015994,474742.7083015994,,,False,False,,,,,,,False,0,False,500000.0,500000.0,-0.05051458339680115,NO_CANDIDATE,0.0,False
diagnostic_reject_negative_b,20251201,B,HISTORICAL_SIM_FILLED,000078.SZ,海王生物,sz_main,无,0.1483816907303223,474742.7083015994,545185.834021283,b_conservative_daily_replay,,True,True,,,20251202.0,20251203.0,3.8037999999999994,4.515479999999999,False,0,False,500000.0,545185.834021283,0.0,HISTORICAL_SIM_FILLED,0.1483816907303223,False
diagnostic_reject_negative_b,20251202,A_OR_B,POSITION_OCCUPIED_SKIP,,,,,0.0,545185.834021283,545185.834021283,,000078.SZ 海王生物,False,False,,,,,,,False,0,False,500000.0,545185.834021283,0.0,POSITION_OCCUPIED_SKIP,0.0,False
diagnostic_reject_negative_b,20251203,NONE,NO_CANDIDATE,,,,,0.0,545185.834021283,545185.834021283,,,False,False,,,,,,,False,0,False,500000.0,545185.834021283,0.0,NO_CANDIDATE,0.0,False
diagnostic_reject_negative_b,20251204,A,HISTORICAL_SIM_FILLED,300946.SZ,恒而达,chi_next,无,0.0291749495998269,545185.834021283,561091.6032513934,a_audit_dynamic_account_return,,False,False,,,,,,,False,0,False,500000.0,561091.6032513934,0.0,HISTORICAL_SIM_FILLED,0.0291749495998269,False
diagnostic_reject_negative_b,20251205,A_OR_B,POSITION_OCCUPIED_SKIP,,,,,0.0,561091.6032513934,561091.6032513934,,300946.SZ 恒而达,False,False,,,,,,,False,0,False,500000.0,561091.6032513934,0.0,POSITION_OCCUPIED_SKIP,0.0,False
diagnostic_reject_negative_b,20251208,B,HISTORICAL_SIM_FILLED,000571.SZ,新大洲A,sz_main,无,0.0312685828023009,561091.6032513934,578636.1425073354,b_conservative_daily_replay,,True,True,,,20251209.0,20251210.0,6.316309999999999,6.5734200000000005,False,0,False,500000.0,578636.1425073354,0.0,HISTORICAL_SIM_FILLED,0.0312685828023009,False
diagnostic_reject_negative_b,20251209,A_OR_B,POSITION_OCCUPIED_SKIP,,,,,0.0,578636.1425073354,578636.1425073354,,000571.SZ 新大洲A,False,False,,,,,,,False,0,False,500000.0,578636.1425073354,0.0,POSITION_OCCUPIED_SKIP,0.0,False
diagnostic_reject_negative_b,20251210,NONE,NO_CANDIDATE,,,,,0.0,578636.1425073354,578636.1425073354,,,False,False,,,,,,,False,0,False,500000.0,578636.1425073354,0.0,NO_CANDIDATE,0.0,False
diagnostic_reject_negative_b,20251211,NONE,NO_CANDIDATE,,,,,0.0,578636.1425073354,578636.1425073354,,,False,False,,,,,,,False,0,False,500000.0,578636.1425073354,0.0,NO_CANDIDATE,0.0,False
diagnostic_reject_negative_b,20251212,A,HISTORICAL_SIM_FILLED,920576.BJ,天力复合,bj,无,0.181313377355646,578636.1425073354,683550.6157653834,a_audit_dynamic_account_return,,False,False,,,,,,,False,0,False,500000.0,683550.6157653834,0.0,HISTORICAL_SIM_FILLED,0.181313377355646,False
diagnostic_reject_negative_b,20251215,A_OR_B,POSITION_OCCUPIED_SKIP,,,,,0.0,683550.6157653834,683550.6157653834,,920576.BJ 天力复合,False,False,,,,,,,False,0,False,500000.0,683550.6157653834,0.0,POSITION_OCCUPIED_SKIP,0.0,False
diagnostic_reject_negative_b,20251216,NONE,NO_CANDIDATE,,,,,0.0,683550.6157653834,683550.6157653834,,,False,False,,,,,,,False,0,False,500000.0,683550.6157653834,0.0,NO_CANDIDATE,0.0,False
diagnostic_reject_negative_b,20251217,NONE,NO_CANDIDATE,,,,,0.0,683550.6157653834,683550.6157653834,,,False,False,,,,,,,False,0,False,500000.0,683550.6157653834,0.0,NO_CANDIDATE,0.0,False
diagnostic_reject_negative_b,20251218,B,HISTORICAL_SIM_FILLED,002865.SZ,钧达股份,sz_main,封单/流通市值偏高,0.0504470845017052,683550.6157653834,718033.7514400922,b_conservative_daily_replay,,True,True,,,20251219.0,20251222.0,46.44639999999999,49.4505,False,0,False,500000.0,718033.7514400922,0.0,HISTORICAL_SIM_FILLED,0.0504470845017052,False
diagnostic_reject_negative_b,20251219,A_OR_B,POSITION_OCCUPIED_SKIP,,,,,0.0,718033.7514400922,718033.7514400922,,002865.SZ 钧达股份,False,False,,,,,,,False,0,False,500000.0,718033.7514400922,0.0,POSITION_OCCUPIED_SKIP,0.0,False
diagnostic_reject_negative_b,20251222,B,B_RISK_FILTERED_SKIP,000407.SZ,胜利股份,sz_main,封单/流通市值偏高,0.0,718033.7514400922,718033.7514400922,b_conservative_daily_replay,,True,True,,,20251223.0,20251224.0,5.08508,5.06493,False,0,False,500000.0,718033.7514400922,0.0,HISTORICAL_SIM_FILLED,-0.0044660582881684,True
diagnostic_reject_negative_b,20251223,A_OR_B,POSITION_OCCUPIED_SKIP,,,,,0.0,718033.7514400922,718033.7514400922,,000407.SZ 胜利股份,False,False,,,,,,,False,0,False,500000.0,718033.7514400922,0.0,POSITION_OCCUPIED_SKIP,0.0,False
diagnostic_reject_negative_b,20251224,NONE,NO_CANDIDATE,,,,,0.0,718033.7514400922,718033.7514400922,,,False,False,,,,,,,False,0,False,500000.0,718033.7514400922,0.0,NO_CANDIDATE,0.0,False
diagnostic_reject_negative_b,20251225,B,HISTORICAL_SIM_FILLED,001400.SZ,江顺科技,sz_main,封单/流通市值偏高,0.0241443954214303,718033.7514400922,735370.2422607947,b_conservative_daily_replay,,True,True,,,20251226.0,20251229.0,73.89381999999999,76.24368,False,0,False,500000.0,735370.2422607947,0.0,HISTORICAL_SIM_FILLED,0.0241443954214303,False
diagnostic_reject_negative_b,20251226,A_OR_B,POSITION_OCCUPIED_SKIP,,,,,0.0,735370.2422607947,735370.2422607947,,001400.SZ 江顺科技,False,False,,,,,,,False,0,False,500000.0,735370.2422607947,0.0,POSITION_OCCUPIED_SKIP,0.0,False
diagnostic_reject_negative_b,20251229,NONE,NO_CANDIDATE,,,,,0.0,735370.2422607947,735370.2422607947,,,False,False,,,,,,,False,0,False,500000.0,735370.2422607947,0.0,NO_CANDIDATE,0.0,False
diagnostic_reject_negative_b,20251230,NONE,NO_CANDIDATE,,,,,0.0,735370.2422607947,735370.2422607947,,,False,False,,,,,,,False,0,False,500000.0,735370.2422607947,0.0,NO_CANDIDATE,0.0,False
diagnostic_reject_negative_b,20251231,A,HISTORICAL_SIM_FILLED,300058.SZ,蓝色光标,chi_next,无,0.1308549259970799,735370.2422607947,831597.0608922858,a_audit_dynamic_account_return,,False,False,,,,,,,False,0,False,500000.0,831597.0608922858,0.0,HISTORICAL_SIM_FILLED,0.1308549259970799,False
diagnostic_reject_negative_b,20260105,A_OR_B,POSITION_OCCUPIED_SKIP,,,,,0.0,831597.0608922858,831597.0608922858,,300058.SZ 蓝色光标,False,False,,,,,,,False,0,False,500000.0,831597.0608922858,0.0,POSITION_OCCUPIED_SKIP,0.0,False
diagnostic_reject_negative_b,20260106,B,HISTORICAL_SIM_FILLED,002865.SZ,钧达股份,sz_main,无,0.1586068340080973,831597.0608922858,963494.0378908501,b_conservative_daily_replay,,True,True,,,20260107.0,20260108.0,57.056999999999995,68.46147,False,0,False,500000.0,963494.0378908501,0.0,HISTORICAL_SIM_FILLED,0.1586068340080973,False
diagnostic_reject_negative_b,20260107,A_OR_B,POSITION_OCCUPIED_SKIP,,,,,0.0,963494.0378908501,963494.0378908501,,002865.SZ 钧达股份,False,False,,,,,,,False,0,False,500000.0,963494.0378908501,0.0,POSITION_OCCUPIED_SKIP,0.0,False
diagnostic_reject_negative_b,20260108,NONE,NO_CANDIDATE,,,,,0.0,963494.0378908501,963494.0378908501,,,False,False,,,,,,,False,0,False,500000.0,963494.0378908501,0.0,NO_CANDIDATE,0.0,False
diagnostic_reject_negative_b,20260109,B,B_RISK_FILTERED_SKIP,600410.SH,华胜天成,sh_main,封单/流通市值偏高,0.0,963494.0378908501,963494.0378908501,b_conservative_daily_replay,,True,True,,,20260112.0,20260113.0,21.87185,20.15982,False,0,False,500000.0,963494.0378908501,0.0,HISTORICAL_SIM_FILLED,-0.0639164001947708,True
diagnostic_reject_negative_b,20260112,A_OR_B,POSITION_OCCUPIED_SKIP,,,,,0.0,963494.0378908501,963494.0378908501,,600410.SH 华胜天成,False,False,,,,,,,False,0,False,500000.0,963494.0378908501,0.0,POSITION_OCCUPIED_SKIP,0.0,False
diagnostic_reject_negative_b,20260113,NONE,NO_CANDIDATE,,,,,0.0,963494.0378908501,963494.0378908501,,,False,False,,,,,,,False,0,False,500000.0,963494.0378908501,0.0,NO_CANDIDATE,0.0,False
diagnostic_reject_negative_b,20260114,NONE,NO_CANDIDATE,,,,,0.0,963494.0378908501,963494.0378908501,,,False,False,,,,,,,False,0,False,500000.0,963494.0378908501,0.0,NO_CANDIDATE,0.0,False
diagnostic_reject_negative_b,20260115,A,HISTORICAL_SIM_FILLED,301629.SZ,矽电股份,chi_next,无,-0.0338313603969523,963494.0378908501,930897.7238546499,a_audit_dynamic_account_return,,False,False,,,,,,,False,0,False,500000.0,963494.0378908501,-0.03383136039695234,HISTORICAL_SIM_FILLED,-0.0338313603969523,False
diagnostic_reject_negative_b,20260116,A_OR_B,POSITION_OCCUPIED_SKIP,,,,,0.0,930897.7238546499,930897.7238546499,,301629.SZ 矽电股份,False,False,,,,,,,False,0,False,500000.0,963494.0378908501,-0.03383136039695234,POSITION_OCCUPIED_SKIP,0.0,False
diagnostic_reject_negative_b,20260119,A,HISTORICAL_SIM_FILLED,300658.SZ,延江股份,chi_next,无,0.0681174370165976,930897.7238546499,994308.0909282131,a_audit_dynamic_account_return,,False,False,,,,,,,False,0,False,500000.0,994308.0909282131,0.0,HISTORICAL_SIM_FILLED,0.0681174370165976,False
diagnostic_reject_negative_b,20260120,A_OR_B,POSITION_OCCUPIED_SKIP,,,,,0.0,994308.0909282131,994308.0909282131,,300658.SZ 延江股份,False,False,,,,,,,False,0,False,500000.0,994308.0909282131,0.0,POSITION_OCCUPIED_SKIP,0.0,False
diagnostic_reject_negative_b,20260121,NONE,NO_CANDIDATE,,,,,0.0,994308.0909282131,994308.0909282131,,,False,False,,,,,,,False,0,False,500000.0,994308.0909282131,0.0,NO_CANDIDATE,0.0,False
diagnostic_reject_negative_b,20260122,NONE,NO_CANDIDATE,,,,,0.0,994308.0909282131,994308.0909282131,,,False,False,,,,,,,False,0,False,500000.0,994308.0909282131,0.0,NO_CANDIDATE,0.0,False
diagnostic_reject_negative_b,20260123,A,HISTORICAL_SIM_FILLED,920368.BJ,连城数控,bj,无,0.1027727855059111,994308.0909282131,1096495.9030839703,a_audit_dynamic_account_return,,False,False,,,,,,,False,0,False,500000.0,1096495.9030839703,0.0,HISTORICAL_SIM_FILLED,0.1027727855059111,False
diagnostic_reject_negative_b,20260126,A_OR_B,POSITION_OCCUPIED_SKIP,,,,,0.0,1096495.9030839703,1096495.9030839703,,920368.BJ 连城数控,False,False,,,,,,,False,0,False,500000.0,1096495.9030839703,0.0,POSITION_OCCUPIED_SKIP,0.0,False
diagnostic_reject_negative_b,20260127,NONE,NO_CANDIDATE,,,,,0.0,1096495.9030839703,1096495.9030839703,,,False,False,,,,,,,False,0,False,500000.0,1096495.9030839703,0.0,NO_CANDIDATE,0.0,False
diagnostic_reject_negative_b,20260128,A,HISTORICAL_SIM_FILLED,300164.SZ,通源石油,chi_next,无,0.0457725821591917,1096495.9030839703,1146685.3518950983,a_audit_dynamic_account_return,,False,False,,,,,,,False,0,False,500000.0,1146685.3518950983,0.0,HISTORICAL_SIM_FILLED,0.0457725821591917,False
diagnostic_reject_negative_b,20260129,A_OR_B,POSITION_OCCUPIED_SKIP,,,,,0.0,1146685.3518950983,1146685.3518950983,,300164.SZ 通源石油,False,False,,,,,,,False,0,False,500000.0,1146685.3518950983,0.0,POSITION_OCCUPIED_SKIP,0.0,False
diagnostic_reject_negative_b,20260130,NONE,NO_CANDIDATE,,,,,0.0,1146685.3518950983,1146685.3518950983,,,False,False,,,,,,,False,0,False,500000.0,1146685.3518950983,0.0,NO_CANDIDATE,0.0,False
diagnostic_reject_negative_b,20260202,NONE,NO_CANDIDATE,,,,,0.0,1146685.3518950983,1146685.3518950983,,,False,False,,,,,,,False,0,False,500000.0,1146685.3518950983,0.0,NO_CANDIDATE,0.0,False
diagnostic_reject_negative_b,20260203,B,HISTORICAL_SIM_FILLED,002471.SZ,中超控股,sz_main,封单/流通市值偏高,0.0081473226348119,1146685.3518950983,1156027.7674176006,b_conservative_daily_replay,,True,True,,,20260204.0,20260205.0,9.4094,9.52047,False,0,False,500000.0,1156027.7674176006,0.0,HISTORICAL_SIM_FILLED,0.0081473226348119,False
diagnostic_reject_negative_b,20260204,A_OR_B,POSITION_OCCUPIED_SKIP,,,,,0.0,1156027.7674176006,1156027.7674176006,,002471.SZ 中超控股,False,False,,,,,,,False,0,False,500000.0,1156027.7674176006,0.0,POSITION_OCCUPIED_SKIP,0.0,False
diagnostic_reject_negative_b,20260205,NONE,NO_CANDIDATE,,,,,0.0,1156027.7674176006,1156027.7674176006,,,False,False,,,,,,,False,0,False,500000.0,1156027.7674176006,0.0,NO_CANDIDATE,0.0,False
diagnostic_reject_negative_b,20260206,NONE,NO_CANDIDATE,,,,,0.0,1156027.7674176006,1156027.7674176006,,,False,False,,,,,,,False,0,False,500000.0,1156027.7674176006,0.0,NO_CANDIDATE,0.0,False
diagnostic_reject_negative_b,20260209,B,B_RISK_FILTERED_SKIP,601360.SH,三六零,sh_main,LOSS_OVERLAY_WATCH,0.0,1156027.7674176006,1156027.7674176006,b_conservative_daily_replay,,True,True,,,20260210.0,20260211.0,13.08307,12.79719,False,0,False,500000.0,1156027.7674176006,0.0,HISTORICAL_SIM_FILLED,-0.018776912354669,True
diagnostic_reject_negative_b,20260210,A_OR_B,POSITION_OCCUPIED_SKIP,,,,,0.0,1156027.7674176006,1156027.7674176006,,601360.SH 三六零,False,False,,,,,,,False,0,False,500000.0,1156027.7674176006,0.0,POSITION_OCCUPIED_SKIP,0.0,False
diagnostic_reject_negative_b,20260211,NONE,NO_CANDIDATE,,,,,0.0,1156027.7674176006,1156027.7674176006,,,False,False,,,,,,,False,0,False,500000.0,1156027.7674176006,0.0,NO_CANDIDATE,0.0,False
diagnostic_reject_negative_b,20260212,NONE,NO_CANDIDATE,,,,,0.0,1156027.7674176006,1156027.7674176006,,,False,False,,,,,,,False,0,False,500000.0,1156027.7674176006,0.0,NO_CANDIDATE,0.0,False
diagnostic_reject_negative_b,20260213,NONE,NO_CANDIDATE,,,,,0.0,1156027.7674176006,1156027.7674176006,,,False,False,,,,,,,False,0,False,500000.0,1156027.7674176006,0.0,NO_CANDIDATE,0.0,False
diagnostic_reject_negative_b,20260224,NONE,NO_CANDIDATE,,,,,0.0,1156027.7674176006,1156027.7674176006,,,False,False,,,,,,,False,0,False,500000.0,1156027.7674176006,0.0,NO_CANDIDATE,0.0,False
diagnostic_reject_negative_b,20260225,NONE,NO_CANDIDATE,,,,,0.0,1156027.7674176006,1156027.7674176006,,,False,False,,,,,,,False,0,False,500000.0,1156027.7674176006,0.0,NO_CANDIDATE,0.0,False
diagnostic_reject_negative_b,20260226,A,HISTORICAL_SIM_FILLED,300499.SZ,高澜股份,chi_next,无,0.0193948880593092,1156027.7674176006,1178448.796560118,a_audit_dynamic_account_return,,False,False,,,,,,,False,0,False,500000.0,1178448.796560118,0.0,HISTORICAL_SIM_FILLED,0.0193948880593092,False
diagnostic_reject_negative_b,20260227,A_OR_B,POSITION_OCCUPIED_SKIP,,,,,0.0,1178448.796560118,1178448.796560118,,300499.SZ 高澜股份,False,False,,,,,,,False,0,False,500000.0,1178448.796560118,0.0,POSITION_OCCUPIED_SKIP,0.0,False
diagnostic_reject_negative_b,20260302,B,B_RISK_FILTERED_SKIP,603257.SH,中国瑞林,sh_main,无,0.0,1178448.796560118,1178448.796560118,b_conservative_daily_replay,,True,True,,,20260303.0,20260304.0,72.70262999999998,70.30962,False,0,False,500000.0,1178448.796560118,0.0,HISTORICAL_SIM_FILLED,-0.0276280322799875,True
diagnostic_reject_negative_b,20260303,A_OR_B,POSITION_OCCUPIED_SKIP,,,,,0.0,1178448.796560118,1178448.796560118,,603257.SH 中国瑞林,False,False,,,,,,,False,0,False,500000.0,1178448.796560118,0.0,POSITION_OCCUPIED_SKIP,0.0,False
diagnostic_reject_negative_b,20260304,NONE,NO_CANDIDATE,,,,,0.0,1178448.796560118,1178448.796560118,,,False,False,,,,,,,False,0,False,500000.0,1178448.796560118,0.0,NO_CANDIDATE,0.0,False
diagnostic_reject_negative_b,20260305,NONE,NO_CANDIDATE,,,,,0.0,1178448.796560118,1178448.796560118,,,False,False,,,,,,,False,0,False,500000.0,1178448.796560118,0.0,NO_CANDIDATE,0.0,False
diagnostic_reject_negative_b,20260306,B,HISTORICAL_SIM_FILLED,000509.SZ,华塑控股,sz_main,无,0.0220556483516485,1178448.796560118,1204440.2488174713,b_conservative_daily_replay,,True,True,,,20260309.0,20260310.0,3.8438399999999993,3.95604,False,0,False,500000.0,1204440.2488174713,0.0,HISTORICAL_SIM_FILLED,0.0220556483516485,False
diagnostic_reject_negative_b,20260309,A_OR_B,POSITION_OCCUPIED_SKIP,,,,,0.0,1204440.2488174713,1204440.2488174713,,000509.SZ 华塑控股,False,False,,,,,,,False,0,False,500000.0,1204440.2488174713,0.0,POSITION_OCCUPIED_SKIP,0.0,False
diagnostic_reject_negative_b,20260310,NONE,NO_CANDIDATE,,,,,0.0,1204440.2488174713,1204440.2488174713,,,False,False,,,,,,,False,0,False,500000.0,1204440.2488174713,0.0,NO_CANDIDATE,0.0,False
diagnostic_reject_negative_b,20260311,B,B_RISK_FILTERED_SKIP,603778.SH,国晟科技,sh_main,无,0.0,1204440.2488174713,1204440.2488174713,b_conservative_daily_replay,,True,True,,,20260312.0,20260313.0,20.840819999999997,20.46951,False,0,False,500000.0,1204440.2488174713,0.0,HISTORICAL_SIM_FILLED,-0.0155491819765248,True
diagnostic_reject_negative_b,20260312,A_OR_B,POSITION_OCCUPIED_SKIP,,,,,0.0,1204440.2488174713,1204440.2488174713,,603778.SH 国晟科技,False,False,,,,,,,False,0,False,500000.0,1204440.2488174713,0.0,POSITION_OCCUPIED_SKIP,0.0,False
diagnostic_reject_negative_b,20260313,B,HISTORICAL_SIM_FILLED,603248.SH,锡华科技,sh_main,无,0.1419679382777887,1204440.2488174713,1375432.1477208745,b_conservative_daily_replay,,True,True,,,20260316.0,20260317.0,28.908879999999996,34.085879999999996,False,0,False,500000.0,1375432.1477208745,0.0,HISTORICAL_SIM_FILLED,0.1419679382777887,False
diagnostic_reject_negative_b,20260316,A_OR_B,POSITION_OCCUPIED_SKIP,,,,,0.0,1375432.1477208745,1375432.1477208745,,603248.SH 锡华科技,False,False,,,,,,,False,0,False,500000.0,1375432.1477208745,0.0,POSITION_OCCUPIED_SKIP,0.0,False
diagnostic_reject_negative_b,20260317,NONE,NO_CANDIDATE,,,,,0.0,1375432.1477208745,1375432.1477208745,,,False,False,,,,,,,False,0,False,500000.0,1375432.1477208745,0.0,NO_CANDIDATE,0.0,False
diagnostic_reject_negative_b,20260318,NONE,NO_CANDIDATE,,,,,0.0,1375432.1477208745,1375432.1477208745,,,False,False,,,,,,,False,0,False,500000.0,1375432.1477208745,0.0,NO_CANDIDATE,0.0,False
diagnostic_reject_negative_b,20260319,NONE,NO_CANDIDATE,,,,,0.0,1375432.1477208745,1375432.1477208745,,,False,False,,,,,,,False,0,False,500000.0,1375432.1477208745,0.0,NO_CANDIDATE,0.0,False
diagnostic_reject_negative_b,20260320,NONE,NO_CANDIDATE,,,,,0.0,1375432.1477208745,1375432.1477208745,,,False,False,,,,,,,False,0,False,500000.0,1375432.1477208745,0.0,NO_CANDIDATE,0.0,False
diagnostic_reject_negative_b,20260323,NONE,NO_CANDIDATE,,,,,0.0,1375432.1477208745,1375432.1477208745,,,False,False,,,,,,,False,0,False,500000.0,1375432.1477208745,0.0,NO_CANDIDATE,0.0,False
diagnostic_reject_negative_b,20260324,B,HISTORICAL_SIM_FILLED,601016.SH,节能风电,sh_main,无,0.0500117284161621,1375432.1477208745,1444219.8867475495,b_conservative_daily_replay,,True,True,,,20260325.0,20260326.0,4.98498,5.30469,False,0,False,500000.0,1444219.8867475495,0.0,HISTORICAL_SIM_FILLED,0.0500117284161621,False
diagnostic_reject_negative_b,20260325,A_OR_B,POSITION_OCCUPIED_SKIP,,,,,0.0,1444219.8867475495,1444219.8867475495,,601016.SH 节能风电,False,False,,,,,,,False,0,False,500000.0,1444219.8867475495,0.0,POSITION_OCCUPIED_SKIP,0.0,False
diagnostic_reject_negative_b,20260326,NONE,NO_CANDIDATE,,,,,0.0,1444219.8867475495,1444219.8867475495,,,False,False,,,,,,,False,0,False,500000.0,1444219.8867475495,0.0,NO_CANDIDATE,0.0,False
diagnostic_reject_negative_b,20260327,A,HISTORICAL_SIM_FILLED,300204.SZ,舒泰神,chi_next,无,0.0397618491523106,1444219.8867475495,1501644.7400271727,a_audit_dynamic_account_return,,False,False,,,,,,,False,0,False,500000.0,1501644.7400271727,0.0,HISTORICAL_SIM_FILLED,0.0397618491523106,False
diagnostic_reject_negative_b,20260330,A_OR_B,POSITION_OCCUPIED_SKIP,,,,,0.0,1501644.7400271727,1501644.7400271727,,300204.SZ 舒泰神,False,False,,,,,,,False,0,False,500000.0,1501644.7400271727,0.0,POSITION_OCCUPIED_SKIP,0.0,False
diagnostic_reject_negative_b,20260331,NONE,NO_CANDIDATE,,,,,0.0,1501644.7400271727,1501644.7400271727,,,False,False,,,,,,,False,0,False,500000.0,1501644.7400271727,0.0,NO_CANDIDATE,0.0,False
diagnostic_reject_negative_b,20260401,NONE,NO_CANDIDATE,,,,,0.0,1501644.7400271727,1501644.7400271727,,,False,False,,,,,,,False,0,False,500000.0,1501644.7400271727,0.0,NO_CANDIDATE,0.0,False
diagnostic_reject_negative_b,20260402,NONE,NO_CANDIDATE,,,,,0.0,1501644.7400271727,1501644.7400271727,,,False,False,,,,,,,False,0,False,500000.0,1501644.7400271727,0.0,NO_CANDIDATE,0.0,False
diagnostic_reject_negative_b,20260403,NONE,NO_CANDIDATE,,,,,0.0,1501644.7400271727,1501644.7400271727,,,False,False,,,,,,,False,0,False,500000.0,1501644.7400271727,0.0,NO_CANDIDATE,0.0,False
diagnostic_reject_negative_b,20260407,B,HISTORICAL_SIM_FILLED,603090.SH,宏盛股份,sh_main,封单/流通市值偏高,0.0251451337980819,1501644.7400271727,1539403.797932342,b_conservative_daily_replay,,True,True,,,20260408.0,20260409.0,66.12606,68.31161999999999,False,0,False,500000.0,1539403.797932342,0.0,HISTORICAL_SIM_FILLED,0.0251451337980819,False
diagnostic_reject_negative_b,20260408,A_OR_B,POSITION_OCCUPIED_SKIP,,,,,0.0,1539403.797932342,1539403.797932342,,603090.SH 宏盛股份,False,False,,,,,,,False,0,False,500000.0,1539403.797932342,0.0,POSITION_OCCUPIED_SKIP,0.0,False
diagnostic_reject_negative_b,20260409,A,HISTORICAL_SIM_FILLED,300489.SZ,光智科技,chi_next,无,0.0826627480845445,1539403.797932342,1666655.1462812142,a_audit_dynamic_account_return,,False,False,,,,,,,False,0,False,500000.0,1666655.1462812142,0.0,HISTORICAL_SIM_FILLED,0.0826627480845445,False
diagnostic_reject_negative_b,20260410,A_OR_B,POSITION_OCCUPIED_SKIP,,,,,0.0,1666655.1462812142,1666655.1462812142,,300489.SZ 光智科技,False,False,,,,,,,False,0,False,500000.0,1666655.1462812142,0.0,POSITION_OCCUPIED_SKIP,0.0,False
diagnostic_reject_negative_b,20260413,B,B_RISK_FILTERED_SKIP,000968.SZ,蓝焰控股,sz_main,无,0.0,1666655.1462812142,1666655.1462812142,b_conservative_daily_replay,,True,True,,,20260414.0,20260415.0,10.09008,9.48051,False,0,False,500000.0,1666655.1462812142,0.0,HISTORICAL_SIM_FILLED,-0.0496262411873839,True
diagnostic_reject_negative_b,20260414,A_OR_B,POSITION_OCCUPIED_SKIP,,,,,0.0,1666655.1462812142,1666655.1462812142,,000968.SZ 蓝焰控股,False,False,,,,,,,False,0,False,500000.0,1666655.1462812142,0.0,POSITION_OCCUPIED_SKIP,0.0,False
diagnostic_reject_negative_b,20260415,NONE,NO_CANDIDATE,,,,,0.0,1666655.1462812142,1666655.1462812142,,,False,False,,,,,,,False,0,False,500000.0,1666655.1462812142,0.0,NO_CANDIDATE,0.0,False
diagnostic_reject_negative_b,20260416,B,B_RISK_FILTERED_SKIP,603220.SH,中贝通信,sh_main,无,0.0,1666655.1462812142,1666655.1462812142,b_conservative_daily_replay,,True,True,,,20260417.0,20260420.0,32.59256,30.84912,False,0,False,500000.0,1666655.1462812142,0.0,HISTORICAL_SIM_FILLED,-0.0440895700662973,True
diagnostic_reject_negative_b,20260417,A_OR_B,POSITION_OCCUPIED_SKIP,,,,,0.0,1666655.1462812142,1666655.1462812142,,603220.SH 中贝通信,False,False,,,,,,,False,0,False,500000.0,1666655.1462812142,0.0,POSITION_OCCUPIED_SKIP,0.0,False
diagnostic_reject_negative_b,20260420,NONE,NO_CANDIDATE,,,,,0.0,1666655.1462812142,1666655.1462812142,,,False,False,,,,,,,False,0,False,500000.0,1666655.1462812142,0.0,NO_CANDIDATE,0.0,False
diagnostic_reject_negative_b,20260421,NONE,NO_CANDIDATE,,,,,0.0,1666655.1462812142,1666655.1462812142,,,False,False,,,,,,,False,0,False,500000.0,1666655.1462812142,0.0,NO_CANDIDATE,0.0,False
diagnostic_reject_negative_b,20260422,NONE,NO_CANDIDATE,,,,,0.0,1666655.1462812142,1666655.1462812142,,,False,False,,,,,,,False,0,False,500000.0,1666655.1462812142,0.0,NO_CANDIDATE,0.0,False
diagnostic_reject_negative_b,20260423,NONE,NO_CANDIDATE,,,,,0.0,1666655.1462812142,1666655.1462812142,,,False,False,,,,,,,False,0,False,500000.0,1666655.1462812142,0.0,NO_CANDIDATE,0.0,False
diagnostic_reject_negative_b,20260424,NONE,NO_CANDIDATE,,,,,0.0,1666655.1462812142,1666655.1462812142,,,False,False,,,,,,,False,0,False,500000.0,1666655.1462812142,0.0,NO_CANDIDATE,0.0,False
diagnostic_reject_negative_b,20260427,B,B_RISK_FILTERED_SKIP,600152.SH,维科技术,sh_main,LOSS_OVERLAY_WATCH,0.0,1666655.1462812142,1666655.1462812142,b_conservative_daily_replay,,True,True,,,20260428.0,20260429.0,14.56455,14.4855,False,0,False,500000.0,1666655.1462812142,0.0,HISTORICAL_SIM_FILLED,-0.0056380497028743,True
diagnostic_reject_negative_b,20260428,A_OR_B,POSITION_OCCUPIED_SKIP,,,,,0.0,1666655.1462812142,1666655.1462812142,,600152.SH 维科技术,False,False,,,,,,,False,0,False,500000.0,1666655.1462812142,0.0,POSITION_OCCUPIED_SKIP,0.0,False
diagnostic_reject_negative_b,20260429,NONE,NO_CANDIDATE,,,,,0.0,1666655.1462812142,1666655.1462812142,,,False,False,,,,,,,False,0,False,500000.0,1666655.1462812142,0.0,NO_CANDIDATE,0.0,False
diagnostic_reject_negative_b,20260430,NONE,NO_CANDIDATE,,,,,0.0,1666655.1462812142,1666655.1462812142,,,False,False,,,,,,,False,0,False,500000.0,1666655.1462812142,0.0,NO_CANDIDATE,0.0,False
diagnostic_reject_negative_b,20260506,NONE,NO_CANDIDATE,,,,,0.0,1666655.1462812142,1666655.1462812142,,,False,False,,,,,,,False,0,False,500000.0,1666655.1462812142,0.0,NO_CANDIDATE,0.0,False
diagnostic_reject_negative_b,20260507,B,HISTORICAL_SIM_FILLED,603256.SH,宏和科技,sh_main,无,0.024640485917173,1666655.1462812142,1707722.3389419403,b_conservative_daily_replay,,True,True,,,20260508.0,20260511.0,145.12497999999997,149.83002,False,0,False,500000.0,1707722.3389419403,0.0,HISTORICAL_SIM_FILLED,0.024640485917173,False
diagnostic_reject_negative_b,20260508,A_OR_B,POSITION_OCCUPIED_SKIP,,,,,0.0,1707722.3389419403,1707722.3389419403,,603256.SH 宏和科技,False,False,,,,,,,False,0,False,500000.0,1707722.3389419403,0.0,POSITION_OCCUPIED_SKIP,0.0,False
diagnostic_reject_negative_b,20260511,NONE,NO_CANDIDATE,,,,,0.0,1707722.3389419403,1707722.3389419403,,,False,False,,,,,,,False,0,False,500000.0,1707722.3389419403,0.0,NO_CANDIDATE,0.0,False
diagnostic_reject_negative_b,20260512,NONE,NO_CANDIDATE,,,,,0.0,1707722.3389419403,1707722.3389419403,,,False,False,,,,,,,False,0,False,500000.0,1707722.3389419403,0.0,NO_CANDIDATE,0.0,False
diagnostic_reject_negative_b,20260513,NONE,NO_CANDIDATE,,,,,0.0,1707722.3389419403,1707722.3389419403,,,False,False,,,,,,,False,0,False,500000.0,1707722.3389419403,0.0,NO_CANDIDATE,0.0,False
diagnostic_reject_negative_b,20260514,NONE,NO_CANDIDATE,,,,,0.0,1707722.3389419403,1707722.3389419403,,,False,False,,,,,,,False,0,False,500000.0,1707722.3389419403,0.0,NO_CANDIDATE,0.0,False
