scenario,signal_date,strategy_leg,operation_status,candidate_count,ts_code,name,market_segment,risk_flags,account_return,equity_before,equity_after,return_source,active_position,historical_reference_exit_trade_date,live_order_enabled,initial_equity,peak_equity,drawdown
A_plus_B_0001,20251112,B,HISTORICAL_SIM_FILLED,10,002453.SZ,华软科技,sz_main,封单/流通市值偏高,-0.02815915789473672,500000.0,485920.4210526317,candidate_net_return_x_position,,20251114,False,500000.0,500000.0,-0.028159157894736664
A_plus_B_0001,20251113,A_OR_B,POSITION_OCCUPIED_SKIP,0,,,,,0.0,485920.4210526317,485920.4210526317,,002453.SZ 华软科技,,False,500000.0,500000.0,-0.028159157894736664
A_plus_B_0001,20251114,B,HISTORICAL_SIM_FILLED,10,002728.SZ,特一药业,sz_main,无,-0.10426586301369856,485920.4210526317,435255.5089955993,candidate_net_return_x_position,,20251118,False,500000.0,500000.0,-0.12948898200880143
A_plus_B_0001,20251117,A_OR_B,POSITION_OCCUPIED_SKIP,0,,,,,0.0,435255.5089955993,435255.5089955993,,002728.SZ 特一药业,,False,500000.0,500000.0,-0.12948898200880143
A_plus_B_0001,20251118,B,HISTORICAL_SIM_FILLED,10,000955.SZ,欣龙控股,sz_main,封单/流通市值偏高,-0.04434178313253009,435255.5089955993,415955.5036084774,candidate_net_return_x_position,,20251120,False,500000.0,500000.0,-0.16808899278304512
A_plus_B_0001,20251119,A_OR_B,POSITION_OCCUPIED_SKIP,0,,,,,0.0,415955.5036084774,415955.5036084774,,000955.SZ 欣龙控股,,False,500000.0,500000.0,-0.16808899278304512
A_plus_B_0001,20251120,A,HISTORICAL_SIM_FILLED,1,301092.SZ,争光股份,chi_next,无,-0.0505145833968012,415955.5036084774,394943.6846320886,audit_dynamic_account_return,,20251124,False,500000.0,500000.0,-0.21011263073582287
A_plus_B_0001,20251121,A_OR_B,POSITION_OCCUPIED_SKIP,0,,,,,0.0,394943.6846320886,394943.6846320886,,301092.SZ 争光股份,,False,500000.0,500000.0,-0.21011263073582287
A_plus_B_0001,20251124,B,HISTORICAL_SIM_FILLED,10,002400.SZ,省广集团,sz_main,封单/流通市值偏高,-0.027385795918367362,394943.6846320886,384127.8374855062,candidate_net_return_x_position,,20251126,False,500000.0,500000.0,-0.23174432502898756
A_plus_B_0001,20251125,A_OR_B,POSITION_OCCUPIED_SKIP,0,,,,,0.0,384127.8374855062,384127.8374855062,,002400.SZ 省广集团,,False,500000.0,500000.0,-0.23174432502898756
A_plus_B_0001,20251126,B,HISTORICAL_SIM_FILLED,10,000411.SZ,英特集团,sz_main,封单/流通市值偏高,-0.032336,384127.8374855062,371706.67973257485,candidate_net_return_x_position,,20251128,False,500000.0,500000.0,-0.25658664053485025
A_plus_B_0001,20251127,A_OR_B,POSITION_OCCUPIED_SKIP,0,,,,,0.0,371706.67973257485,371706.67973257485,,000411.SZ 英特集团,,False,500000.0,500000.0,-0.25658664053485025
A_plus_B_0001,20251128,B,HISTORICAL_SIM_FILLED,10,002136.SZ,安 纳 达,sz_main,封单/流通市值偏高,-0.05063981368267824,371706.67973257485,352883.5227263103,candidate_net_return_x_position,,20251202,False,500000.0,500000.0,-0.2942329545473794
A_plus_B_0001,20251201,A_OR_B,POSITION_OCCUPIED_SKIP,0,,,,,0.0,352883.5227263103,352883.5227263103,,002136.SZ 安 纳 达,,False,500000.0,500000.0,-0.2942329545473794
A_plus_B_0001,20251202,B,HISTORICAL_SIM_FILLED,10,000572.SZ,海马汽车,sz_main,封单/流通市值偏高,-0.094075385530228,352883.5227263103,319685.86927856767,candidate_net_return_x_position,,20251204,False,500000.0,500000.0,-0.36062826144286464
A_plus_B_0001,20251203,A_OR_B,POSITION_OCCUPIED_SKIP,0,,,,,0.0,319685.86927856767,319685.86927856767,,000572.SZ 海马汽车,,False,500000.0,500000.0,-0.36062826144286464
A_plus_B_0001,20251204,A,HISTORICAL_SIM_FILLED,1,300946.SZ,恒而达,chi_next,无,0.0291749495998269,319685.86927856767,329012.6884025467,audit_dynamic_account_return,,20251208,False,500000.0,500000.0,-0.3419746231949067
A_plus_B_0001,20251205,A_OR_B,POSITION_OCCUPIED_SKIP,0,,,,,0.0,329012.6884025467,329012.6884025467,,300946.SZ 恒而达,,False,500000.0,500000.0,-0.3419746231949067
A_plus_B_0001,20251208,B,HISTORICAL_SIM_FILLED,10,000571.SZ,新大洲A,sz_main,无,0.03133537876386696,329012.6884025467,339322.42561175866,candidate_net_return_x_position,,20251210,False,500000.0,500000.0,-0.32135514877648264
A_plus_B_0001,20251209,A_OR_B,POSITION_OCCUPIED_SKIP,0,,,,,0.0,339322.42561175866,339322.42561175866,,000571.SZ 新大洲A,,False,500000.0,500000.0,-0.32135514877648264
A_plus_B_0001,20251210,B,HISTORICAL_SIM_FILLED,10,001360.SZ,南矿集团,sz_main,封单/流通市值偏高,-0.011613518860016641,339322.42561175866,335381.6982222899,candidate_net_return_x_position,,20251212,False,500000.0,500000.0,-0.32923660355542017
A_plus_B_0001,20251211,A_OR_B,POSITION_OCCUPIED_SKIP,0,,,,,0.0,335381.6982222899,335381.6982222899,,001360.SZ 南矿集团,,False,500000.0,500000.0,-0.32923660355542017
A_plus_B_0001,20251212,A,HISTORICAL_SIM_FILLED,1,920576.BJ,天力复合,bj,无,0.181313377355646,335381.6982222899,396190.88663024537,audit_dynamic_account_return,,20251216,False,500000.0,500000.0,-0.20761822673950925
A_plus_B_0001,20251215,A_OR_B,POSITION_OCCUPIED_SKIP,0,,,,,0.0,396190.88663024537,396190.88663024537,,920576.BJ 天力复合,,False,500000.0,500000.0,-0.20761822673950925
A_plus_B_0001,20251216,B,HISTORICAL_SIM_FILLED,8,002104.SZ,恒宝股份,sz_main,封单/流通市值偏高,-0.035295999999999925,396190.88663024537,382206.9330957443,candidate_net_return_x_position,,20251218,False,500000.0,500000.0,-0.23558613380851146
A_plus_B_0001,20251217,A_OR_B,POSITION_OCCUPIED_SKIP,0,,,,,0.0,382206.9330957443,382206.9330957443,,002104.SZ 恒宝股份,,False,500000.0,500000.0,-0.23558613380851146
A_plus_B_0001,20251218,B,HISTORICAL_SIM_FILLED,10,002865.SZ,钧达股份,sz_main,封单/流通市值偏高,0.05055227586206904,382206.9330957443,401528.3634139958,candidate_net_return_x_position,,20251222,False,500000.0,500000.0,-0.19694327317200844
A_plus_B_0001,20251219,A_OR_B,POSITION_OCCUPIED_SKIP,0,,,,,0.0,401528.3634139958,401528.3634139958,,002865.SZ 钧达股份,,False,500000.0,500000.0,-0.19694327317200844
A_plus_B_0001,20251222,B,HISTORICAL_SIM_FILLED,10,000407.SZ,胜利股份,sz_main,封单/流通市值偏高,-0.00447080314960624,401528.3634139958,399733.20914218825,candidate_net_return_x_position,,20251224,False,500000.0,500000.0,-0.20053358171562352
A_plus_B_0001,20251223,A_OR_B,POSITION_OCCUPIED_SKIP,0,,,,,0.0,399733.20914218825,399733.20914218825,,000407.SZ 胜利股份,,False,500000.0,500000.0,-0.20053358171562352
A_plus_B_0001,20251224,B,HISTORICAL_SIM_FILLED,10,001316.SZ,润贝航科,sz_main,无,0.00678821052631584,399733.20914218825,402446.6823202052,candidate_net_return_x_position,,20251226,False,500000.0,500000.0,-0.1951066353595896
A_plus_B_0001,20251225,A_OR_B,POSITION_OCCUPIED_SKIP,0,,,,,0.0,402446.6823202052,402446.6823202052,,001316.SZ 润贝航科,,False,500000.0,500000.0,-0.1951066353595896
A_plus_B_0001,20251226,B,REVIEW_REQUIRED_PLAN_ONLY,10,002326.SZ,永太科技,sz_main,LOSS_OVERLAY_WATCH,0.0,402446.6823202052,402446.6823202052,manual_review_skip,,20251230,False,500000.0,500000.0,-0.1951066353595896
A_plus_B_0001,20251229,B,HISTORICAL_SIM_FILLED,10,003033.SZ,征和工业,sz_main,封单/流通市值偏高,0.058583452054794566,402446.6823202052,426023.39823852206,candidate_net_return_x_position,,20251231,False,500000.0,500000.0,-0.14795320352295593
A_plus_B_0001,20251230,A_OR_B,POSITION_OCCUPIED_SKIP,0,,,,,0.0,426023.39823852206,426023.39823852206,,003033.SZ 征和工业,,False,500000.0,500000.0,-0.14795320352295593
A_plus_B_0001,20251231,A,HISTORICAL_SIM_FILLED,2,300058.SZ,蓝色光标,chi_next,无,0.1308549259970799,426023.39823852206,481770.65848804836,audit_dynamic_account_return,,20260106,False,500000.0,500000.0,-0.036458683023903316
A_plus_B_0001,20260105,A_OR_B,POSITION_OCCUPIED_SKIP,0,,,,,0.0,481770.65848804836,481770.65848804836,,300058.SZ 蓝色光标,,False,500000.0,500000.0,-0.036458683023903316
A_plus_B_0001,20260106,B,HISTORICAL_SIM_FILLED,10,002865.SZ,钧达股份,sz_main,无,0.15892856140350875,481770.65848804836,558337.776167975,candidate_net_return_x_position,,20260108,False,500000.0,558337.776167975,0.0
A_plus_B_0001,20260107,A_OR_B,POSITION_OCCUPIED_SKIP,0,,,,,0.0,558337.776167975,558337.776167975,,002865.SZ 钧达股份,,False,500000.0,558337.776167975,0.0
A_plus_B_0001,20260108,B,HISTORICAL_SIM_FILLED,10,002788.SZ,鹭燕医药,sz_main,无,-0.0011325907421011999,558337.776167975,557705.4079717218,candidate_net_return_x_position,,20260112,False,500000.0,558337.776167975,-0.0011325907421011472
A_plus_B_0001,20260109,A_OR_B,POSITION_OCCUPIED_SKIP,0,,,,,0.0,557705.4079717218,557705.4079717218,,002788.SZ 鹭燕医药,,False,500000.0,558337.776167975,-0.0011325907421011472
A_plus_B_0001,20260112,B,HISTORICAL_SIM_FILLED,10,002639.SZ,雪人集团,sz_main,无,-0.033203362401715446,557705.4079717218,539187.7131974403,candidate_net_return_x_position,,20260114,False,500000.0,558337.776167975,-0.03429834732295367
A_plus_B_0001,20260113,A_OR_B,POSITION_OCCUPIED_SKIP,0,,,,,0.0,539187.7131974403,539187.7131974403,,002639.SZ 雪人集团,,False,500000.0,558337.776167975,-0.03429834732295367
A_plus_B_0001,20260114,B,HISTORICAL_SIM_FILLED,10,002194.SZ,武汉凡谷,sz_main,无,-0.026620137931034484,539187.7131974403,524834.4619014054,candidate_net_return_x_position,,20260116,False,500000.0,558337.776167975,-0.06000545851744454
A_plus_B_0001,20260115,A_OR_B,POSITION_OCCUPIED_SKIP,0,,,,,0.0,524834.4619014054,524834.4619014054,,002194.SZ 武汉凡谷,,False,500000.0,558337.776167975,-0.06000545851744454
A_plus_B_0001,20260116,B,HISTORICAL_SIM_FILLED,10,001233.SZ,海安集团,sz_main,封单/流通市值偏高,0.038989907788486565,524834.4619014054,545297.7091751611,candidate_net_return_x_position,,20260120,False,500000.0,558337.776167975,-0.02335515802335908
A_plus_B_0001,20260119,A_OR_B,POSITION_OCCUPIED_SKIP,0,,,,,0.0,545297.7091751611,545297.7091751611,,001233.SZ 海安集团,,False,500000.0,558337.776167975,-0.02335515802335908
A_plus_B_0001,20260120,B,HISTORICAL_SIM_FILLED,10,000417.SZ,合百集团,sz_main,封单/流通市值偏高,-0.05246121739130416,545297.7091751611,516690.7275111428,candidate_net_return_x_position,,20260122,False,500000.0,558337.776167975,-0.0745911353923916
A_plus_B_0001,20260121,A_OR_B,POSITION_OCCUPIED_SKIP,0,,,,,0.0,516690.7275111428,516690.7275111428,,000417.SZ 合百集团,,False,500000.0,558337.776167975,-0.0745911353923916
A_plus_B_0001,20260122,B,HISTORICAL_SIM_FILLED,10,002639.SZ,雪人集团,sz_main,无,-0.04393048275862056,516690.7275111428,493992.2544146754,candidate_net_return_x_position,,20260126,False,500000.0,558337.776167975,-0.11524479356371076
A_plus_B_0001,20260123,A_OR_B,POSITION_OCCUPIED_SKIP,0,,,,,0.0,493992.2544146754,493992.2544146754,,002639.SZ 雪人集团,,False,500000.0,558337.776167975,-0.11524479356371076
A_plus_B_0001,20260126,B,HISTORICAL_SIM_FILLED,10,000078.SZ,海王生物,sz_main,封单/流通市值偏高,-0.06956266666666665,493992.2544146754,459628.8358849122,candidate_net_return_x_position,,20260128,False,500000.0,558337.776167975,-0.1767907250706362
A_plus_B_0001,20260127,A_OR_B,POSITION_OCCUPIED_SKIP,0,,,,,0.0,459628.8358849122,459628.8358849122,,000078.SZ 海王生物,,False,500000.0,558337.776167975,-0.1767907250706362
A_plus_B_0001,20260128,A,HISTORICAL_SIM_FILLED,3,300164.SZ,通源石油,chi_next,无,0.0457725821591917,459628.8358849122,480667.2345381879,audit_dynamic_account_return,,20260130,False,500000.0,558337.776167975,-0.13911031089972326
A_plus_B_0001,20260129,A_OR_B,POSITION_OCCUPIED_SKIP,0,,,,,0.0,480667.2345381879,480667.2345381879,,300164.SZ 通源石油,,False,500000.0,558337.776167975,-0.13911031089972326
A_plus_B_0001,20260130,B,HISTORICAL_SIM_FILLED,9,002995.SZ,天地在线,sz_main,无,0.04234821593830336,480667.2345381879,501022.6343808782,candidate_net_return_x_position,,20260203,False,500000.0,558337.776167975,-0.10265316844664596
A_plus_B_0001,20260202,A_OR_B,POSITION_OCCUPIED_SKIP,0,,,,,0.0,501022.6343808782,501022.6343808782,,002995.SZ 天地在线,,False,500000.0,558337.776167975,-0.10265316844664596
A_plus_B_0001,20260203,B,HISTORICAL_SIM_FILLED,10,002471.SZ,中超控股,sz_main,封单/流通市值偏高,0.00816782978723392,501022.6343808782,505114.9019780527,candidate_net_return_x_position,,20260205,False,500000.0,558337.776167975,-0.09532379226640464
A_plus_B_0001,20260204,A_OR_B,POSITION_OCCUPIED_SKIP,0,,,,,0.0,505114.9019780527,505114.9019780527,,002471.SZ 中超控股,,False,500000.0,558337.776167975,-0.09532379226640464
A_plus_B_0001,20260205,B,HISTORICAL_SIM_FILLED,10,002995.SZ,天地在线,sz_main,封单/流通市值偏高,-0.05789463051218832,505114.9019780527,475871.4613618331,candidate_net_return_x_position,,20260209,False,500000.0,558337.776167975,-0.14769968704630887
A_plus_B_0001,20260206,A_OR_B,POSITION_OCCUPIED_SKIP,0,,,,,0.0,475871.4613618331,475871.4613618331,,002995.SZ 天地在线,,False,500000.0,558337.776167975,-0.14769968704630887
A_plus_B_0001,20260209,B,HISTORICAL_SIM_FILLED,10,002218.SZ,拓日新能,sz_main,无,-0.066080713375796,475871.4613618331,444425.53571986064,candidate_net_return_x_position,,20260211,False,500000.0,558337.776167975,-0.20402029973670288
A_plus_B_0001,20260210,A_OR_B,POSITION_OCCUPIED_SKIP,0,,,,,0.0,444425.53571986064,444425.53571986064,,002218.SZ 拓日新能,,False,500000.0,558337.776167975,-0.20402029973670288
A_plus_B_0001,20260211,B,HISTORICAL_SIM_FILLED,10,002270.SZ,华明装备,sz_main,无,-0.01660895758280072,444425.53571986064,437044.090848376,candidate_net_return_x_position,,20260213,False,500000.0,558337.776167975,-0.21724069281514646
A_plus_B_0001,20260212,A_OR_B,POSITION_OCCUPIED_SKIP,0,,,,,0.0,437044.090848376,437044.090848376,,002270.SZ 华明装备,,False,500000.0,558337.776167975,-0.21724069281514646
A_plus_B_0001,20260213,B,HISTORICAL_SIM_FILLED,10,002009.SZ,天奇股份,sz_main,无,-0.10221070743278865,437044.090848376,392373.5051434435,candidate_net_return_x_position,,20260225,False,500000.0,558337.776167975,-0.2972470753521099
A_plus_B_0001,20260224,A_OR_B,POSITION_OCCUPIED_SKIP,0,,,,,0.0,392373.5051434435,392373.5051434435,,002009.SZ 天奇股份,,False,500000.0,558337.776167975,-0.2972470753521099
A_plus_B_0001,20260225,B,HISTORICAL_SIM_FILLED,10,000547.SZ,航天发展,sz_main,封单/流通市值偏高,0.016012122503328962,392373.5051434435,398656.23777486087,candidate_net_return_x_position,,20260227,False,500000.0,558337.776167975,-0.28599450943307525
A_plus_B_0001,20260226,A_OR_B,POSITION_OCCUPIED_SKIP,0,,,,,0.0,398656.23777486087,398656.23777486087,,000547.SZ 航天发展,,False,500000.0,558337.776167975,-0.28599450943307525
A_plus_B_0001,20260227,A,HISTORICAL_SIM_FILLED,1,301226.SZ,祥明智能,chi_next,无,-0.008639399722093521,398656.23777486087,395212.0871850179,candidate_net_return_x_position,,20260303,False,500000.0,558337.776167975,-0.2921630882698524
A_plus_B_0001,20260302,A_OR_B,POSITION_OCCUPIED_SKIP,0,,,,,0.0,395212.0871850179,395212.0871850179,,301226.SZ 祥明智能,,False,500000.0,558337.776167975,-0.2921630882698524
A_plus_B_0001,20260303,B,REVIEW_REQUIRED_PLAN_ONLY,10,000096.SZ,广聚能源,sz_main,LOSS_OVERLAY_WATCH,0.0,395212.0871850179,395212.0871850179,manual_review_skip,,20260305,False,500000.0,558337.776167975,-0.2921630882698524
A_plus_B_0001,20260304,B,REVIEW_REQUIRED_PLAN_ONLY,10,002877.SZ,智能自控,sz_main,封单/流通市值偏高;LOSS_OVERLAY_WATCH,0.0,395212.0871850179,395212.0871850179,manual_review_skip,,20260306,False,500000.0,558337.776167975,-0.2921630882698524
A_plus_B_0001,20260305,B,HISTORICAL_SIM_FILLED,10,000815.SZ,美利云,sz_main,无,0.14318178510217544,395212.0871850179,451799.25932212535,candidate_net_return_x_position,,20260309,False,500000.0,558337.776167975,-0.1908137356871188
A_plus_B_0001,20260306,A_OR_B,POSITION_OCCUPIED_SKIP,0,,,,,0.0,451799.25932212535,451799.25932212535,,000815.SZ 美利云,,False,500000.0,558337.776167975,-0.1908137356871188
A_plus_B_0001,20260309,A,REVIEW_REQUIRED_PLAN_ONLY,1,301606.SZ,绿联科技,chi_next,LOSS_OVERLAY_WATCH,0.0,451799.25932212535,451799.25932212535,manual_review_skip,,20260311,False,500000.0,558337.776167975,-0.1908137356871188
A_plus_B_0001,20260310,B,HISTORICAL_SIM_FILLED,10,002575.SZ,群兴玩具,sz_main,封单/流通市值偏高,-0.07601427956989257,451799.25932212535,417456.0641145429,candidate_net_return_x_position,,20260312,False,500000.0,558337.776167975,-0.25232344660671513
A_plus_B_0001,20260311,A_OR_B,POSITION_OCCUPIED_SKIP,0,,,,,0.0,417456.0641145429,417456.0641145429,,002575.SZ 群兴玩具,,False,500000.0,558337.776167975,-0.25232344660671513
A_plus_B_0001,20260312,B,HISTORICAL_SIM_FILLED,10,002487.SZ,大金重工,sz_main,无,0.0148673360411588,417456.0641145429,423662.52370215335,candidate_net_return_x_position,,20260316,False,500000.0,558337.776167975,-0.24120748803732173
A_plus_B_0001,20260313,A_OR_B,POSITION_OCCUPIED_SKIP,0,,,,,0.0,423662.52370215335,423662.52370215335,,002487.SZ 大金重工,,False,500000.0,558337.776167975,-0.24120748803732173
A_plus_B_0001,20260316,B,HISTORICAL_SIM_FILLED,10,000890.SZ,法尔胜,sz_main,无,0.06403627091633456,423662.52370215335,450792.2918470424,candidate_net_return_x_position,,20260318,False,500000.0,558337.776167975,-0.19261724517199386
A_plus_B_0001,20260317,A_OR_B,POSITION_OCCUPIED_SKIP,0,,,,,0.0,450792.2918470424,450792.2918470424,,000890.SZ 法尔胜,,False,500000.0,558337.776167975,-0.19261724517199386
A_plus_B_0001,20260318,B,HISTORICAL_SIM_FILLED,6,002565.SZ,顺灏股份,sz_main,封单/流通市值偏高,-0.05474336523319208,450792.2918470424,426114.404770152,candidate_net_return_x_position,,20260320,False,500000.0,558337.776167975,-0.23681609420252414
A_plus_B_0001,20260319,A_OR_B,POSITION_OCCUPIED_SKIP,0,,,,,0.0,426114.404770152,426114.404770152,,002565.SZ 顺灏股份,,False,500000.0,558337.776167975,-0.23681609420252414
A_plus_B_0001,20260320,B,HISTORICAL_SIM_FILLED,6,000862.SZ,银星能源,sz_main,封单/流通市值偏高,0.06868803869407496,426114.404770152,455383.3674931069,candidate_net_return_x_position,,20260324,False,500000.0,558337.776167975,-0.18439448855041185
A_plus_B_0001,20260323,A_OR_B,POSITION_OCCUPIED_SKIP,0,,,,,0.0,455383.3674931069,455383.3674931069,,000862.SZ 银星能源,,False,500000.0,558337.776167975,-0.18439448855041185
A_plus_B_0001,20260324,B,HISTORICAL_SIM_FILLED,10,002685.SZ,华东重机,sz_main,无,-0.012171362318840561,455383.3674931069,449840.73153337464,candidate_net_return_x_position,,20260326,False,500000.0,558337.776167975,-0.19432151873950798
A_plus_B_0001,20260325,A_OR_B,POSITION_OCCUPIED_SKIP,0,,,,,0.0,449840.73153337464,449840.73153337464,,002685.SZ 华东重机,,False,500000.0,558337.776167975,-0.19432151873950798
A_plus_B_0001,20260326,B,HISTORICAL_SIM_FILLED,10,002361.SZ,神剑股份,sz_main,封单/流通市值偏高,0.19544010648918464,449840.73153337464,537757.6520074301,candidate_net_return_x_position,,20260330,False,500000.0,558337.776167975,-0.036859630565912904
A_plus_B_0001,20260327,A_OR_B,POSITION_OCCUPIED_SKIP,0,,,,,0.0,537757.6520074301,537757.6520074301,,002361.SZ 神剑股份,,False,500000.0,558337.776167975,-0.036859630565912904
A_plus_B_0001,20260330,B,HISTORICAL_SIM_FILLED,10,002432.SZ,九安医疗,sz_main,无,0.05474638410596025,537757.6520074301,567197.9389801482,candidate_net_return_x_position,,20260401,False,500000.0,567197.9389801482,0.0
A_plus_B_0001,20260331,A_OR_B,POSITION_OCCUPIED_SKIP,0,,,,,0.0,567197.9389801482,567197.9389801482,,002432.SZ 九安医疗,,False,500000.0,567197.9389801482,0.0
A_plus_B_0001,20260401,B,HISTORICAL_SIM_FILLED,10,002408.SZ,齐翔腾达,sz_main,无,-0.06197292307692304,567197.9389801482,532047.0247383422,candidate_net_return_x_position,,20260403,False,500000.0,567197.9389801482,-0.06197292307692304
A_plus_B_0001,20260402,A_OR_B,POSITION_OCCUPIED_SKIP,0,,,,,0.0,532047.0247383422,532047.0247383422,,002408.SZ 齐翔腾达,,False,500000.0,567197.9389801482,-0.06197292307692304
A_plus_B_0001,20260403,B,HISTORICAL_SIM_FILLED,9,002796.SZ,世嘉科技,sz_main,无,0.0137107864271456,532047.0247383422,539341.8078637278,candidate_net_return_x_position,,20260408,False,500000.0,567197.9389801482,-0.0491118341623511
A_plus_B_0001,20260407,A_OR_B,POSITION_OCCUPIED_SKIP,0,,,,,0.0,539341.8078637278,539341.8078637278,,002796.SZ 世嘉科技,,False,500000.0,567197.9389801482,-0.0491118341623511
A_plus_B_0001,20260408,B,HISTORICAL_SIM_FILLED,10,002929.SZ,润建股份,sz_main,无,-0.0344925139996292,539341.8078637278,520738.55300540285,candidate_net_return_x_position,,20260410,False,500000.0,567197.9389801482,-0.08191035753458797
A_plus_B_0001,20260409,A_OR_B,POSITION_OCCUPIED_SKIP,0,,,,,0.0,520738.55300540285,520738.55300540285,,002929.SZ 润建股份,,False,500000.0,567197.9389801482,-0.08191035753458797
A_plus_B_0001,20260410,B,REVIEW_REQUIRED_PLAN_ONLY,10,002177.SZ,御银股份,sz_main,封单/流通市值偏高;LOSS_OVERLAY_WATCH,0.0,520738.55300540285,520738.55300540285,manual_review_skip,,20260414,False,500000.0,567197.9389801482,-0.08191035753458797
A_plus_B_0001,20260413,B,HISTORICAL_SIM_FILLED,10,000968.SZ,蓝焰控股,sz_main,无,-0.04972139682539681,520738.55300540285,494846.7047691383,candidate_net_return_x_position,,20260415,False,500000.0,567197.9389801482,-0.12755905696889736
A_plus_B_0001,20260414,A_OR_B,POSITION_OCCUPIED_SKIP,0,,,,,0.0,494846.7047691383,494846.7047691383,,000968.SZ 蓝焰控股,,False,500000.0,567197.9389801482,-0.12755905696889736
A_plus_B_0001,20260415,A,HISTORICAL_SIM_FILLED,1,301189.SZ,奥尼电子,chi_next,无,-0.042756950173812244,494846.7047691383,473688.5688696491,candidate_net_return_x_position,,20260417,False,500000.0,567197.9389801482,-0.16486197089967192
A_plus_B_0001,20260416,A_OR_B,POSITION_OCCUPIED_SKIP,0,,,,,0.0,473688.5688696491,473688.5688696491,,301189.SZ 奥尼电子,,False,500000.0,567197.9389801482,-0.16486197089967192
A_plus_B_0001,20260417,A,HISTORICAL_SIM_FILLED,4,301319.SZ,唯特偶,chi_next,无,0.0352808081329955,473688.5688696491,490400.6843827323,audit_dynamic_account_return,,20260421,False,500000.0,567197.9389801482,-0.1353976263304154
A_plus_B_0001,20260420,A_OR_B,POSITION_OCCUPIED_SKIP,0,,,,,0.0,490400.6843827323,490400.6843827323,,301319.SZ 唯特偶,,False,500000.0,567197.9389801482,-0.1353976263304154
A_plus_B_0001,20260421,B,HISTORICAL_SIM_FILLED,10,000690.SZ,宝新能源,sz_main,封单/流通市值偏高,0.032151619047619116,490400.6843827323,506167.86036769766,candidate_net_return_x_position,,20260423,False,500000.0,567197.9389801482,-0.10759926018452359
A_plus_B_0001,20260422,A_OR_B,POSITION_OCCUPIED_SKIP,0,,,,,0.0,506167.86036769766,506167.86036769766,,000690.SZ 宝新能源,,False,500000.0,567197.9389801482,-0.10759926018452359
A_plus_B_0001,20260423,B,HISTORICAL_SIM_FILLED,10,002490.SZ,山东墨龙,sz_main,封单/流通市值偏高,0.0455888484848484,506167.86036769766,529243.4702619005,candidate_net_return_x_position,,20260427,False,500000.0,567197.9389801482,-0.0669157380693094
A_plus_B_0001,20260424,A_OR_B,POSITION_OCCUPIED_SKIP,0,,,,,0.0,529243.4702619005,529243.4702619005,,002490.SZ 山东墨龙,,False,500000.0,567197.9389801482,-0.0669157380693094
A_plus_B_0001,20260427,B,HISTORICAL_SIM_FILLED,10,002706.SZ,良信股份,sz_main,封单/流通市值偏高,-0.02153275582398616,529243.4702619005,517847.3998453119,candidate_net_return_x_position,,20260429,False,500000.0,567197.9389801482,-0.08700761364466725
A_plus_B_0001,20260428,A_OR_B,POSITION_OCCUPIED_SKIP,0,,,,,0.0,517847.3998453119,517847.3998453119,,002706.SZ 良信股份,,False,500000.0,567197.9389801482,-0.08700761364466725
A_plus_B_0001,20260429,B,HISTORICAL_SIM_FILLED,10,002655.SZ,共达电声,sz_main,无,0.04503626961901648,517847.3998453119,541169.314966252,candidate_net_return_x_position,,20260506,False,500000.0,567197.9389801482,-0.04588984237265925
A_plus_B_0001,20260430,A_OR_B,POSITION_OCCUPIED_SKIP,0,,,,,0.0,541169.314966252,541169.314966252,,002655.SZ 共达电声,,False,500000.0,567197.9389801482,-0.04588984237265925
A_plus_B_0001,20260506,B,HISTORICAL_SIM_FILLED,10,002229.SZ,鸿博股份,sz_main,无,0.01932622222222208,541169.314966252,551628.0734071374,candidate_net_return_x_position,,20260508,False,500000.0,567197.9389801482,-0.027450497441874
A_plus_B_0001,20260507,A_OR_B,POSITION_OCCUPIED_SKIP,0,,,,,0.0,551628.0734071374,551628.0734071374,,002229.SZ 鸿博股份,,False,500000.0,567197.9389801482,-0.027450497441874
A_plus_B_0001,20260508,B,HISTORICAL_SIM_FILLED,10,002132.SZ,恒星科技,sz_main,无,-0.011258369337979201,551628.0734071374,545417.640819522,candidate_net_return_x_position,,20260512,False,500000.0,567197.9389801482,-0.038399818941141306
A_plus_B_0001,20260511,A_OR_B,POSITION_OCCUPIED_SKIP,0,,,,,0.0,545417.640819522,545417.640819522,,002132.SZ 恒星科技,,False,500000.0,567197.9389801482,-0.038399818941141306
A_plus_B_0001,20260512,B,HISTORICAL_SIM_FILLED,10,002560.SZ,通达股份,sz_main,封单/流通市值偏高,-0.03655936633663368,545417.640819522,525477.5174823386,candidate_net_return_x_position,,20260514,False,500000.0,567197.9389801482,-0.07355531222984535
A_plus_B_0001,20260513,A_OR_B,POSITION_OCCUPIED_SKIP,0,,,,,0.0,525477.5174823386,525477.5174823386,,002560.SZ 通达股份,,False,500000.0,567197.9389801482,-0.07355531222984535
A_plus_B_0001,20260514,B,HISTORICAL_SIM_FILLED,10,002617.SZ,露笑科技,sz_main,封单/流通市值偏高,-0.08619658939096272,525477.5174823386,480183.147673731,candidate_net_return_x_position,,20260518,False,500000.0,567197.9389801482,-0.1534116845750081
A_plus_B_0002,20251112,B,HISTORICAL_SIM_FILLED,10,600370.SH,三房巷,sh_main,无,0.03043733333333336,500000.0,515218.6666666667,candidate_net_return_x_position,,20251114,False,500000.0,515218.6666666667,0.0
A_plus_B_0002,20251113,A_OR_B,POSITION_OCCUPIED_SKIP,0,,,,,0.0,515218.6666666667,515218.6666666667,,600370.SH 三房巷,,False,500000.0,515218.6666666667,0.0
A_plus_B_0002,20251114,B,HISTORICAL_SIM_FILLED,10,601279.SH,英利汽车,sh_main,无,-0.01283388819875784,515218.6666666667,508606.4079007536,candidate_net_return_x_position,,20251118,False,500000.0,515218.6666666667,-0.012833888198757859
A_plus_B_0002,20251117,A_OR_B,POSITION_OCCUPIED_SKIP,0,,,,,0.0,508606.4079007536,508606.4079007536,,601279.SH 英利汽车,,False,500000.0,515218.6666666667,-0.012833888198757859
A_plus_B_0002,20251118,B,HISTORICAL_SIM_FILLED,9,600410.SH,华胜天成,sh_main,封单/流通市值偏高,-0.00217851121076224,508606.4079007536,507498.40313927626,candidate_net_return_x_position,,20251120,False,500000.0,515218.6666666667,-0.014984440640201546
A_plus_B_0002,20251119,A_OR_B,POSITION_OCCUPIED_SKIP,0,,,,,0.0,507498.40313927626,507498.40313927626,,600410.SH 华胜天成,,False,500000.0,515218.6666666667,-0.014984440640201546
A_plus_B_0002,20251120,A,HISTORICAL_SIM_FILLED,1,301092.SZ,争光股份,chi_next,无,-0.0505145833968012,507498.40313927626,481862.33273015387,audit_dynamic_account_return,,20251124,False,500000.0,515218.6666666667,-0.0647420912606288
A_plus_B_0002,20251121,A_OR_B,POSITION_OCCUPIED_SKIP,0,,,,,0.0,481862.33273015387,481862.33273015387,,301092.SZ 争光股份,,False,500000.0,515218.6666666667,-0.0647420912606288
A_plus_B_0002,20251124,B,HISTORICAL_SIM_FILLED,10,603730.SH,岱美股份,sh_main,无,0.01466497560975624,481862.33273015387,488928.8320869019,candidate_net_return_x_position,,20251126,False,500000.0,515218.6666666667,-0.05102655684013413
A_plus_B_0002,20251125,A_OR_B,POSITION_OCCUPIED_SKIP,0,,,,,0.0,488928.8320869019,488928.8320869019,,603730.SH 岱美股份,,False,500000.0,515218.6666666667,-0.05102655684013413
A_plus_B_0002,20251126,B,HISTORICAL_SIM_FILLED,10,600105.SH,永鼎股份,sh_main,无,-0.03380934894613568,488928.8320869019,472398.46659304923,candidate_net_return_x_position,,20251128,False,500000.0,515218.6666666667,-0.0831107311205419
A_plus_B_0002,20251127,A_OR_B,POSITION_OCCUPIED_SKIP,0,,,,,0.0,472398.46659304923,472398.46659304923,,600105.SH 永鼎股份,,False,500000.0,515218.6666666667,-0.0831107311205419
A_plus_B_0002,20251128,B,HISTORICAL_SIM_FILLED,10,603933.SH,睿能科技,sh_main,封单/流通市值偏高,0.09404441867954913,472398.46659304923,516824.9057689029,candidate_net_return_x_position,,20251202,False,500000.0,516824.9057689029,0.0
A_plus_B_0002,20251201,A_OR_B,POSITION_OCCUPIED_SKIP,0,,,,,0.0,516824.9057689029,516824.9057689029,,603933.SH 睿能科技,,False,500000.0,516824.9057689029,0.0
A_plus_B_0002,20251202,B,HISTORICAL_SIM_FILLED,10,603122.SH,合富中国,sh_main,无,0.00110400000000008,516824.9057689029,517395.4804648718,candidate_net_return_x_position,,20251204,False,500000.0,517395.4804648718,0.0
A_plus_B_0002,20251203,A_OR_B,POSITION_OCCUPIED_SKIP,0,,,,,0.0,517395.4804648718,517395.4804648718,,603122.SH 合富中国,,False,500000.0,517395.4804648718,0.0
A_plus_B_0002,20251204,A,HISTORICAL_SIM_FILLED,1,300946.SZ,恒而达,chi_next,无,0.0291749495998269,517395.4804648718,532490.4675306126,audit_dynamic_account_return,,20251208,False,500000.0,532490.4675306126,0.0
A_plus_B_0002,20251205,A_OR_B,POSITION_OCCUPIED_SKIP,0,,,,,0.0,532490.4675306126,532490.4675306126,,300946.SZ 恒而达,,False,500000.0,532490.4675306126,0.0
A_plus_B_0002,20251208,B,HISTORICAL_SIM_FILLED,10,603667.SH,五洲新春,sh_main,无,-0.00942661224489792,532490.4675306126,527470.886369097,candidate_net_return_x_position,,20251210,False,500000.0,532490.4675306126,-0.009426612244898047
A_plus_B_0002,20251209,A_OR_B,POSITION_OCCUPIED_SKIP,0,,,,,0.0,527470.886369097,527470.886369097,,603667.SH 五洲新春,,False,500000.0,532490.4675306126,-0.009426612244898047
A_plus_B_0002,20251210,B,HISTORICAL_SIM_FILLED,10,600330.SH,天通股份,sh_main,封单/流通市值偏高,-0.059511384615384647,527470.886369097,496080.36357696785,candidate_net_return_x_position,,20251212,False,500000.0,532490.4675306126,-0.06837700611335651
A_plus_B_0002,20251211,A_OR_B,POSITION_OCCUPIED_SKIP,0,,,,,0.0,496080.36357696785,496080.36357696785,,600330.SH 天通股份,,False,500000.0,532490.4675306126,-0.06837700611335651
A_plus_B_0002,20251212,A,HISTORICAL_SIM_FILLED,1,920576.BJ,天力复合,bj,无,0.181313377355646,496080.36357696785,586026.3697369248,audit_dynamic_account_return,,20251216,False,500000.0,586026.3697369248,0.0
A_plus_B_0002,20251215,A_OR_B,POSITION_OCCUPIED_SKIP,0,,,,,0.0,586026.3697369248,586026.3697369248,,920576.BJ 天力复合,,False,500000.0,586026.3697369248,0.0
A_plus_B_0002,20251216,B,HISTORICAL_SIM_FILLED,10,603212.SH,赛伍技术,sh_main,无,0.017016152269399603,586026.3697369248,595998.2836782518,candidate_net_return_x_position,,20251218,False,500000.0,595998.2836782518,0.0
A_plus_B_0002,20251217,A_OR_B,POSITION_OCCUPIED_SKIP,0,,,,,0.0,595998.2836782518,595998.2836782518,,603212.SH 赛伍技术,,False,500000.0,595998.2836782518,0.0
A_plus_B_0002,20251218,B,HISTORICAL_SIM_FILLED,10,603679.SH,华体科技,sh_main,封单/流通市值偏高,-0.08244027757638513,595998.2836782518,546864.0197367675,candidate_net_return_x_position,,20251222,False,500000.0,595998.2836782518,-0.08244027757638528
A_plus_B_0002,20251219,A_OR_B,POSITION_OCCUPIED_SKIP,0,,,,,0.0,546864.0197367675,546864.0197367675,,603679.SH 华体科技,,False,500000.0,595998.2836782518,-0.08244027757638528
A_plus_B_0002,20251222,B,HISTORICAL_SIM_FILLED,10,600376.SH,首开股份,sh_main,无,-0.03841997868561273,546864.0197367675,525853.5157545524,candidate_net_return_x_position,,20251224,False,500000.0,595998.2836782518,-0.11769290255467724
A_plus_B_0002,20251223,A_OR_B,POSITION_OCCUPIED_SKIP,0,,,,,0.0,525853.5157545524,525853.5157545524,,600376.SH 首开股份,,False,500000.0,595998.2836782518,-0.11769290255467724
A_plus_B_0002,20251224,B,HISTORICAL_SIM_FILLED,10,600118.SH,中国卫星,sh_main,无,0.14455033604737233,525853.5157545524,601865.8181685652,candidate_net_return_x_position,,20251226,False,500000.0,601865.8181685652,0.0
A_plus_B_0002,20251225,A_OR_B,POSITION_OCCUPIED_SKIP,0,,,,,0.0,601865.8181685652,601865.8181685652,,600118.SH 中国卫星,,False,500000.0,601865.8181685652,0.0
A_plus_B_0002,20251226,B,HISTORICAL_SIM_FILLED,10,603686.SH,福龙马,sh_main,无,0.039237333333333284,601865.8181685652,625481.4278979845,candidate_net_return_x_position,,20251230,False,500000.0,625481.4278979845,0.0
A_plus_B_0002,20251229,A_OR_B,POSITION_OCCUPIED_SKIP,0,,,,,0.0,625481.4278979845,625481.4278979845,,603686.SH 福龙马,,False,500000.0,625481.4278979845,0.0
A_plus_B_0002,20251230,B,HISTORICAL_SIM_FILLED,10,600506.SH,统一股份,sh_main,无,-0.039298417348026964,625481.4278979845,600900.9977010096,candidate_net_return_x_position,,20260105,False,500000.0,625481.4278979845,-0.03929841734802708
A_plus_B_0002,20251231,A_OR_B,POSITION_OCCUPIED_SKIP,0,,,,,0.0,600900.9977010096,600900.9977010096,,600506.SH 统一股份,,False,500000.0,625481.4278979845,-0.03929841734802708
A_plus_B_0002,20260105,B,HISTORICAL_SIM_FILLED,10,603507.SH,振江股份,sh_main,无,-0.04722032432432424,600900.9977010096,572526.257702758,candidate_net_return_x_position,,20260107,False,500000.0,625481.4278979845,-0.0846630576597448
A_plus_B_0002,20260106,A_OR_B,POSITION_OCCUPIED_SKIP,0,,,,,0.0,572526.257702758,572526.257702758,,603507.SH 振江股份,,False,500000.0,625481.4278979845,-0.0846630576597448
A_plus_B_0002,20260107,B,REVIEW_REQUIRED_PLAN_ONLY,10,600408.SH,安泰集团,sh_main,封单/流通市值偏高;LOSS_OVERLAY_WATCH,0.0,572526.257702758,572526.257702758,manual_review_skip,,20260109,False,500000.0,625481.4278979845,-0.0846630576597448
A_plus_B_0002,20260108,B,HISTORICAL_SIM_FILLED,10,605123.SH,派克新材,sh_main,无,0.0540531525423728,572526.257702758,603473.106844879,candidate_net_return_x_position,,20260112,False,500000.0,625481.4278979845,-0.03518621028775781
A_plus_B_0002,20260109,A_OR_B,POSITION_OCCUPIED_SKIP,0,,,,,0.0,603473.106844879,603473.106844879,,605123.SH 派克新材,,False,500000.0,625481.4278979845,-0.03518621028775781
A_plus_B_0002,20260112,B,HISTORICAL_SIM_FILLED,10,603015.SH,弘讯科技,sh_main,无,-0.1141282791712104,603473.106844879,534599.7596345689,candidate_net_return_x_position,,20260114,False,500000.0,625481.4278979845,-0.14529874782827013
A_plus_B_0002,20260113,A_OR_B,POSITION_OCCUPIED_SKIP,0,,,,,0.0,534599.7596345689,534599.7596345689,,603015.SH 弘讯科技,,False,500000.0,625481.4278979845,-0.14529874782827013
A_plus_B_0002,20260114,B,HISTORICAL_SIM_FILLED,10,600410.SH,华胜天成,sh_main,无,-0.0825028796068796,534599.7596345689,490493.74002757133,candidate_net_return_x_position,,20260116,False,500000.0,625481.4278979845,-0.2158140623360436
A_plus_B_0002,20260115,A_OR_B,POSITION_OCCUPIED_SKIP,0,,,,,0.0,490493.74002757133,490493.74002757133,,600410.SH 华胜天成,,False,500000.0,625481.4278979845,-0.2158140623360436
A_plus_B_0002,20260116,B,HISTORICAL_SIM_FILLED,10,601133.SH,柏诚股份,sh_main,封单/流通市值偏高,-0.06279747783251224,490493.74002757133,459691.9702612039,candidate_net_return_x_position,,20260120,False,500000.0,625481.4278979845,-0.26505896137306373
A_plus_B_0002,20260119,A_OR_B,POSITION_OCCUPIED_SKIP,0,,,,,0.0,459691.9702612039,459691.9702612039,,601133.SH 柏诚股份,,False,500000.0,625481.4278979845,-0.26505896137306373
A_plus_B_0002,20260120,B,HISTORICAL_SIM_FILLED,10,600838.SH,上海九百,sh_main,封单/流通市值偏高,-0.04345938028169008,459691.9702612039,439714.0421131829,candidate_net_return_x_position,,20260122,False,500000.0,625481.4278979845,-0.296999043455372
A_plus_B_0002,20260121,A_OR_B,POSITION_OCCUPIED_SKIP,0,,,,,0.0,439714.0421131829,439714.0421131829,,600838.SH 上海九百,,False,500000.0,625481.4278979845,-0.296999043455372
A_plus_B_0002,20260122,B,HISTORICAL_SIM_FILLED,10,603256.SH,宏和科技,sh_main,无,-7.325197177244919e-05,439714.0421131829,439681.8321925821,candidate_net_return_x_position,,20260126,False,500000.0,625481.4278979845,-0.2970505396615968
A_plus_B_0002,20260123,A_OR_B,POSITION_OCCUPIED_SKIP,0,,,,,0.0,439681.8321925821,439681.8321925821,,603256.SH 宏和科技,,False,500000.0,625481.4278979845,-0.2970505396615968
A_plus_B_0002,20260126,B,HISTORICAL_SIM_FILLED,10,600986.SH,浙文互联,sh_main,封单/流通市值偏高,-0.0959848575458392,439681.8321925821,397479.03416408354,candidate_net_return_x_position,,20260128,False,500000.0,625481.4278979845,-0.3645230434741029
A_plus_B_0002,20260127,A_OR_B,POSITION_OCCUPIED_SKIP,0,,,,,0.0,397479.03416408354,397479.03416408354,,600986.SH 浙文互联,,False,500000.0,625481.4278979845,-0.3645230434741029
A_plus_B_0002,20260128,A,HISTORICAL_SIM_FILLED,3,300164.SZ,通源石油,chi_next,无,0.0457725821591917,397479.03416408354,415672.6759119152,audit_dynamic_account_return,,20260130,False,500000.0,625481.4278979845,-0.33543562227124823
A_plus_B_0002,20260129,A_OR_B,POSITION_OCCUPIED_SKIP,0,,,,,0.0,415672.6759119152,415672.6759119152,,300164.SZ 通源石油,,False,500000.0,625481.4278979845,-0.33543562227124823
A_plus_B_0002,20260130,B,REVIEW_REQUIRED_PLAN_ONLY,10,600330.SH,天通股份,sh_main,LOSS_OVERLAY_WATCH,0.0,415672.6759119152,415672.6759119152,manual_review_skip,,20260203,False,500000.0,625481.4278979845,-0.33543562227124823
A_plus_B_0002,20260202,B,HISTORICAL_SIM_FILLED,9,603629.SH,利通电子,sh_main,无,-0.002896,415672.6759119152,414468.8878424743,candidate_net_return_x_position,,20260204,False,500000.0,625481.4278979845,-0.33736020070915074
A_plus_B_0002,20260203,A_OR_B,POSITION_OCCUPIED_SKIP,0,,,,,0.0,414468.8878424743,414468.8878424743,,603629.SH 利通电子,,False,500000.0,625481.4278979845,-0.33736020070915074
A_plus_B_0002,20260204,B,HISTORICAL_SIM_FILLED,10,600325.SH,华发股份,sh_main,封单/流通市值偏高,-0.01003885714285704,414468.8878424743,410308.09388726484,candidate_net_return_x_position,,20260206,False,500000.0,625481.4278979845,-0.34401234699140304
A_plus_B_0002,20260205,A_OR_B,POSITION_OCCUPIED_SKIP,0,,,,,0.0,410308.09388726484,410308.09388726484,,600325.SH 华发股份,,False,500000.0,625481.4278979845,-0.34401234699140304
A_plus_B_0002,20260206,B,REVIEW_REQUIRED_PLAN_ONLY,10,603881.SH,数据港,sh_main,LOSS_OVERLAY_WATCH,0.0,410308.09388726484,410308.09388726484,manual_review_skip,,20260210,False,500000.0,625481.4278979845,-0.34401234699140304
A_plus_B_0002,20260209,B,REVIEW_REQUIRED_PLAN_ONLY,10,601360.SH,三六零,sh_main,LOSS_OVERLAY_WATCH,0.0,410308.09388726484,410308.09388726484,manual_review_skip,,20260211,False,500000.0,625481.4278979845,-0.34401234699140304
A_plus_B_0002,20260210,B,HISTORICAL_SIM_FILLED,10,603598.SH,引力传媒,sh_main,无,-0.05520859968102065,410308.09388726484,387655.5585859602,candidate_net_return_x_position,,20260212,False,500000.0,625481.4278979845,-0.380228506722047
A_plus_B_0002,20260211,A_OR_B,POSITION_OCCUPIED_SKIP,0,,,,,0.0,387655.5585859602,387655.5585859602,,603598.SH 引力传媒,,False,500000.0,625481.4278979845,-0.380228506722047
A_plus_B_0002,20260212,B,HISTORICAL_SIM_FILLED,10,603090.SH,宏盛股份,sh_main,无,0.04077119660837288,387655.5585859602,403460.739581397,candidate_net_return_x_position,,20260224,False,500000.0,625481.4278979845,-0.3549596813173467
A_plus_B_0002,20260213,A_OR_B,POSITION_OCCUPIED_SKIP,0,,,,,0.0,403460.739581397,403460.739581397,,603090.SH 宏盛股份,,False,500000.0,625481.4278979845,-0.3549596813173467
A_plus_B_0002,20260224,B,HISTORICAL_SIM_FILLED,10,603139.SH,康惠股份,sh_main,封单/流通市值偏高,0.008649765286745121,403460.739581397,406950.58028119267,candidate_net_return_x_position,,20260226,False,500000.0,625481.4278979845,-0.3493802339602544
A_plus_B_0002,20260225,A_OR_B,POSITION_OCCUPIED_SKIP,0,,,,,0.0,406950.58028119267,406950.58028119267,,603139.SH 康惠股份,,False,500000.0,625481.4278979845,-0.3493802339602544
A_plus_B_0002,20260226,A,HISTORICAL_SIM_FILLED,3,300499.SZ,高澜股份,chi_next,无,0.0193948880593092,406950.58028119267,414843.34123141726,audit_dynamic_account_return,,20260302,False,500000.0,625481.4278979845,-0.33676153642873974
A_plus_B_0002,20260227,A_OR_B,POSITION_OCCUPIED_SKIP,0,,,,,0.0,414843.34123141726,414843.34123141726,,300499.SZ 高澜股份,,False,500000.0,625481.4278979845,-0.33676153642873974
A_plus_B_0002,20260302,B,HISTORICAL_SIM_FILLED,10,603257.SH,中国瑞林,sh_main,无,-0.02767914745972736,414843.34123141726,403360.8312167869,candidate_net_return_x_position,,20260304,False,500000.0,625481.4278979845,-0.3551194116628916
A_plus_B_0002,20260303,A_OR_B,POSITION_OCCUPIED_SKIP,0,,,,,0.0,403360.8312167869,403360.8312167869,,603257.SH 中国瑞林,,False,500000.0,625481.4278979845,-0.3551194116628916
A_plus_B_0002,20260304,B,HISTORICAL_SIM_FILLED,10,600108.SH,亚盛集团,sh_main,无,-0.0226839858657244,403360.8312167869,394210.99982267845,candidate_net_return_x_position,,20260306,False,500000.0,625481.4278979845,-0.3697478738138106
A_plus_B_0002,20260305,A_OR_B,POSITION_OCCUPIED_SKIP,0,,,,,0.0,394210.99982267845,394210.99982267845,,600108.SH 亚盛集团,,False,500000.0,625481.4278979845,-0.3697478738138106
A_plus_B_0002,20260306,B,HISTORICAL_SIM_FILLED,10,600319.SH,亚星化学,sh_main,封单/流通市值偏高,-0.052140060475162,394210.99982267845,373656.81445194996,candidate_net_return_x_position,,20260310,False,500000.0,625481.4278979845,-0.4026092577877579
A_plus_B_0002,20260309,A_OR_B,POSITION_OCCUPIED_SKIP,0,,,,,0.0,373656.81445194996,373656.81445194996,,600319.SH 亚星化学,,False,500000.0,625481.4278979845,-0.4026092577877579
A_plus_B_0002,20260310,B,HISTORICAL_SIM_FILLED,10,601778.SH,晶科科技,sh_main,无,0.04693098961937704,373656.81445194996,391192.8985322039,candidate_net_return_x_position,,20260312,False,500000.0,625481.4278979845,-0.3745731190662832
A_plus_B_0002,20260311,A_OR_B,POSITION_OCCUPIED_SKIP,0,,,,,0.0,391192.8985322039,391192.8985322039,,601778.SH 晶科科技,,False,500000.0,625481.4278979845,-0.3745731190662832
A_plus_B_0002,20260312,B,HISTORICAL_SIM_FILLED,10,603092.SH,德力佳,sh_main,无,0.0065336165831188,391192.8985322039,393748.8029412523,candidate_net_return_x_position,,20260316,False,500000.0,625481.4278979845,-0.37048681962548635
A_plus_B_0002,20260313,A_OR_B,POSITION_OCCUPIED_SKIP,0,,,,,0.0,393748.8029412523,393748.8029412523,,603092.SH 德力佳,,False,500000.0,625481.4278979845,-0.37048681962548635
A_plus_B_0002,20260316,B,HISTORICAL_SIM_FILLED,10,601975.SH,招商南油,sh_main,无,0.03043733333333336,393748.8029412523,405733.4665059762,candidate_net_return_x_position,,20260318,False,500000.0,625481.4278979845,-0.35132611711670036
A_plus_B_0002,20260317,A_OR_B,POSITION_OCCUPIED_SKIP,0,,,,,0.0,405733.4665059762,405733.4665059762,,601975.SH 招商南油,,False,500000.0,625481.4278979845,-0.35132611711670036
A_plus_B_0002,20260318,B,REVIEW_REQUIRED_PLAN_ONLY,10,603220.SH,中贝通信,sh_main,LOSS_OVERLAY_WATCH,0.0,405733.4665059762,405733.4665059762,manual_review_skip,,20260320,False,500000.0,625481.4278979845,-0.35132611711670036
A_plus_B_0002,20260319,B,HISTORICAL_SIM_FILLED,10,600186.SH,莲花控股,sh_main,无,-0.0898525217391304,405733.4665059762,369277.29138645524,candidate_net_return_x_position,,20260323,False,500000.0,625481.4278979845,-0.40961110128007816
A_plus_B_0002,20260320,A_OR_B,POSITION_OCCUPIED_SKIP,0,,,,,0.0,369277.29138645524,369277.29138645524,,600186.SH 莲花控股,,False,500000.0,625481.4278979845,-0.40961110128007816
A_plus_B_0002,20260323,B,HISTORICAL_SIM_FILLED,10,600149.SH,廊坊发展,sh_main,封单/流通市值偏高,0.022950153846153842,369277.29138645524,377752.2620356654,candidate_net_return_x_position,,20260325,False,500000.0,625481.4278979845,-0.3960615852253946
A_plus_B_0002,20260324,A_OR_B,POSITION_OCCUPIED_SKIP,0,,,,,0.0,377752.2620356654,377752.2620356654,,600149.SH 廊坊发展,,False,500000.0,625481.4278979845,-0.3960615852253946
A_plus_B_0002,20260325,B,HISTORICAL_SIM_FILLED,10,603829.SH,洛凯股份,sh_main,无,0.00178880881846352,377752.2620356654,378427.9886131893,candidate_net_return_x_position,,20260327,False,500000.0,625481.4278979845,-0.394981254863237
A_plus_B_0002,20260326,A_OR_B,POSITION_OCCUPIED_SKIP,0,,,,,0.0,378427.9886131893,378427.9886131893,,603829.SH 洛凯股份,,False,500000.0,625481.4278979845,-0.394981254863237
A_plus_B_0002,20260327,A,HISTORICAL_SIM_FILLED,1,300204.SZ,舒泰神,chi_next,无,0.0397618491523106,378427.9886131893,393474.98521143926,audit_dynamic_account_return,,20260331,False,500000.0,625481.4278979845,-0.3709245907847888
A_plus_B_0002,20260330,A_OR_B,POSITION_OCCUPIED_SKIP,0,,,,,0.0,393474.98521143926,393474.98521143926,,300204.SZ 舒泰神,,False,500000.0,625481.4278979845,-0.3709245907847888
A_plus_B_0002,20260331,B,HISTORICAL_SIM_FILLED,10,600250.SH,南京商旅,sh_main,无,-0.00463891938997808,393474.98521143926,391649.6864730706,candidate_net_return_x_position,,20260402,False,500000.0,625481.4278979845,-0.3738428208983555
A_plus_B_0002,20260401,A_OR_B,POSITION_OCCUPIED_SKIP,0,,,,,0.0,391649.6864730706,391649.6864730706,,600250.SH 南京商旅,,False,500000.0,625481.4278979845,-0.3738428208983555
A_plus_B_0002,20260402,B,HISTORICAL_SIM_FILLED,8,603122.SH,合富中国,sh_main,封单/流通市值偏高,0.09212807704654896,391649.6864730706,427731.61896371836,candidate_net_return_x_position,,20260407,False,500000.0,625481.4278979845,-0.3161561640588295
A_plus_B_0002,20260403,A_OR_B,POSITION_OCCUPIED_SKIP,0,,,,,0.0,427731.61896371836,427731.61896371836,,603122.SH 合富中国,,False,500000.0,625481.4278979845,-0.3161561640588295
A_plus_B_0002,20260407,B,HISTORICAL_SIM_FILLED,10,603090.SH,宏盛股份,sh_main,封单/流通市值偏高,0.02519967060248256,427731.61896371836,438510.31486787065,candidate_net_return_x_position,,20260409,False,500000.0,625481.4278979845,-0.29892352464957395
A_plus_B_0002,20260408,A_OR_B,POSITION_OCCUPIED_SKIP,0,,,,,0.0,438510.31486787065,438510.31486787065,,603090.SH 宏盛股份,,False,500000.0,625481.4278979845,-0.29892352464957395
A_plus_B_0002,20260409,A,HISTORICAL_SIM_FILLED,1,300489.SZ,光智科技,chi_next,无,0.0826627480845445,438510.31486787065,474758.78255826776,audit_dynamic_account_return,,20260413,False,500000.0,625481.4278979845,-0.24097061657968122
A_plus_B_0002,20260410,A_OR_B,POSITION_OCCUPIED_SKIP,0,,,,,0.0,474758.78255826776,474758.78255826776,,300489.SZ 光智科技,,False,500000.0,625481.4278979845,-0.24097061657968122
A_plus_B_0002,20260413,B,HISTORICAL_SIM_FILLED,10,600527.SH,江南高纤,sh_main,无,-0.0479664225352112,474758.78255826776,451986.3021917754,candidate_net_return_x_position,,20260415,False,500000.0,625481.4278979845,-0.27737854070146106
A_plus_B_0002,20260414,A_OR_B,POSITION_OCCUPIED_SKIP,0,,,,,0.0,451986.3021917754,451986.3021917754,,600527.SH 江南高纤,,False,500000.0,625481.4278979845,-0.27737854070146106
A_plus_B_0002,20260415,A,HISTORICAL_SIM_FILLED,1,301189.SZ,奥尼电子,chi_next,无,-0.042756950173812244,451986.3021917754,432660.74638971605,candidate_net_return_x_position,,20260417,False,500000.0,625481.4278979845,-0.3082756304312162
A_plus_B_0002,20260416,A_OR_B,POSITION_OCCUPIED_SKIP,0,,,,,0.0,432660.74638971605,432660.74638971605,,301189.SZ 奥尼电子,,False,500000.0,625481.4278979845,-0.3082756304312162
A_plus_B_0002,20260417,A,HISTORICAL_SIM_FILLED,4,301319.SZ,唯特偶,chi_next,无,0.0352808081329955,432660.74638971605,447925.3671697702,audit_dynamic_account_return,,20260421,False,500000.0,625481.4278979845,-0.2838710356675428
A_plus_B_0002,20260420,A_OR_B,POSITION_OCCUPIED_SKIP,0,,,,,0.0,447925.3671697702,447925.3671697702,,301319.SZ 唯特偶,,False,500000.0,625481.4278979845,-0.2838710356675428
A_plus_B_0002,20260421,B,HISTORICAL_SIM_FILLED,10,600396.SH,华电辽能,sh_main,无,0.164385672816728,447925.3671697702,521557.88002365275,candidate_net_return_x_position,,20260423,False,500000.0,625481.4278979845,-0.16614969404220525
A_plus_B_0002,20260422,A_OR_B,POSITION_OCCUPIED_SKIP,0,,,,,0.0,521557.88002365275,521557.88002365275,,600396.SH 华电辽能,,False,500000.0,625481.4278979845,-0.16614969404220525
A_plus_B_0002,20260423,B,HISTORICAL_SIM_FILLED,10,600052.SH,东望时代,sh_main,封单/流通市值偏高,-0.09269191836734704,521557.88002365275,473213.67958465376,candidate_net_return_x_position,,20260427,False,500000.0,625481.4278979845,-0.2434408785326324
A_plus_B_0002,20260424,A_OR_B,POSITION_OCCUPIED_SKIP,0,,,,,0.0,473213.67958465376,473213.67958465376,,600052.SH 东望时代,,False,500000.0,625481.4278979845,-0.2434408785326324
A_plus_B_0002,20260427,B,REVIEW_REQUIRED_PLAN_ONLY,10,600152.SH,维科技术,sh_main,LOSS_OVERLAY_WATCH,0.0,473213.67958465376,473213.67958465376,manual_review_skip,,20260429,False,500000.0,625481.4278979845,-0.2434408785326324
A_plus_B_0002,20260428,B,HISTORICAL_SIM_FILLED,10,600623.SH,华谊集团,sh_main,无,0.0030299259259258405,473213.67958465376,474647.4819809301,candidate_net_return_x_position,,20260430,False,500000.0,625481.4278979845,-0.24114856043600275
A_plus_B_0002,20260429,A_OR_B,POSITION_OCCUPIED_SKIP,0,,,,,0.0,474647.4819809301,474647.4819809301,,600623.SH 华谊集团,,False,500000.0,625481.4278979845,-0.24114856043600275
A_plus_B_0002,20260430,B,HISTORICAL_SIM_FILLED,10,600714.SH,金瑞矿业,sh_main,封单/流通市值偏高,0.009049701357466,474647.4819809301,478942.89994293073,candidate_net_return_x_position,,20260507,False,500000.0,625481.4278979845,-0.23428118153326538
A_plus_B_0002,20260506,A_OR_B,POSITION_OCCUPIED_SKIP,0,,,,,0.0,478942.89994293073,478942.89994293073,,600714.SH 金瑞矿业,,False,500000.0,625481.4278979845,-0.23428118153326538
A_plus_B_0002,20260507,B,HISTORICAL_SIM_FILLED,10,603256.SH,宏和科技,sh_main,无,0.024694012415505603,478942.89994293073,490769.92186043964,candidate_net_return_x_position,,20260511,False,500000.0,625481.4278979845,-0.21537251152326176
A_plus_B_0002,20260508,A_OR_B,POSITION_OCCUPIED_SKIP,0,,,,,0.0,490769.92186043964,490769.92186043964,,603256.SH 宏和科技,,False,500000.0,625481.4278979845,-0.21537251152326176
A_plus_B_0002,20260511,B,HISTORICAL_SIM_FILLED,10,603275.SH,众辰科技,sh_main,无,-0.01920437657524088,490769.92186043964,481344.9914692302,candidate_net_return_x_position,,20260513,False,500000.0,625481.4278979845,-0.2304407932832545
A_plus_B_0002,20260512,A_OR_B,POSITION_OCCUPIED_SKIP,0,,,,,0.0,481344.9914692302,481344.9914692302,,603275.SH 众辰科技,,False,500000.0,625481.4278979845,-0.2304407932832545
A_plus_B_0002,20260513,B,HISTORICAL_SIM_FILLED,10,603120.SH,肯特催化,sh_main,封单/流通市值偏高,0.0393007601738444,481344.9914692302,500262.2155398436,candidate_net_return_x_position,,20260515,False,500000.0,625481.4278979845,-0.20019653146050576
A_plus_B_0002,20260514,A_OR_B,POSITION_OCCUPIED_SKIP,0,,,,,0.0,500262.2155398436,500262.2155398436,,603120.SH 肯特催化,,False,500000.0,625481.4278979845,-0.20019653146050576
A_plus_B_0003,20251112,B,HISTORICAL_SIM_FILLED,4,300272.SZ,开能健康,chi_next,无,-0.04090295249130936,500000.0,479548.5237543453,candidate_net_return_x_position,,20251114,False,500000.0,500000.0,-0.040902952491309374
A_plus_B_0003,20251113,A_OR_B,POSITION_OCCUPIED_SKIP,0,,,,,0.0,479548.5237543453,479548.5237543453,,300272.SZ 开能健康,,False,500000.0,500000.0,-0.040902952491309374
A_plus_B_0003,20251114,B,HISTORICAL_SIM_FILLED,6,300560.SZ,中富通,chi_next,封单/流通市值偏高,-0.028450569653948484,479548.5237543453,465905.0950768242,candidate_net_return_x_position,,20251118,False,500000.0,500000.0,-0.06818980984635159
A_plus_B_0003,20251117,A_OR_B,POSITION_OCCUPIED_SKIP,0,,,,,0.0,465905.0950768242,465905.0950768242,,300560.SZ 中富通,,False,500000.0,500000.0,-0.06818980984635159
A_plus_B_0003,20251118,B,HISTORICAL_SIM_FILLED,4,300071.SZ,福石控股,chi_next,封单/流通市值偏高,-0.06663226373626377,465905.0950768242,434860.7839055962,candidate_net_return_x_position,,20251120,False,500000.0,500000.0,-0.13027843218880764
A_plus_B_0003,20251119,A_OR_B,POSITION_OCCUPIED_SKIP,0,,,,,0.0,434860.7839055962,434860.7839055962,,300071.SZ 福石控股,,False,500000.0,500000.0,-0.13027843218880764
A_plus_B_0003,20251120,A,HISTORICAL_SIM_FILLED,1,301092.SZ,争光股份,chi_next,无,-0.0505145833968012,434860.7839055962,412893.9725709986,audit_dynamic_account_return,,20251124,False,500000.0,500000.0,-0.17421205485800284
A_plus_B_0003,20251121,A_OR_B,POSITION_OCCUPIED_SKIP,0,,,,,0.0,412893.9725709986,412893.9725709986,,301092.SZ 争光股份,,False,500000.0,500000.0,-0.17421205485800284
A_plus_B_0003,20251124,NONE,NO_CANDIDATE,0,,,,,0.0,412893.9725709986,412893.9725709986,,,,False,500000.0,500000.0,-0.17421205485800284
A_plus_B_0003,20251125,A,REVIEW_REQUIRED_PLAN_ONLY,1,301117.SZ,佳缘科技,chi_next,LOSS_OVERLAY_WATCH,0.0,412893.9725709986,412893.9725709986,manual_review_skip,,20251127,False,500000.0,500000.0,-0.17421205485800284
A_plus_B_0003,20251126,B,HISTORICAL_SIM_FILLED,5,301001.SZ,凯淳股份,chi_next,封单/流通市值偏高,-0.09609599999999992,412893.9725709986,373216.51338281593,candidate_net_return_x_position,,20251128,False,500000.0,500000.0,-0.25356697323436816
A_plus_B_0003,20251127,A_OR_B,POSITION_OCCUPIED_SKIP,0,,,,,0.0,373216.51338281593,373216.51338281593,,301001.SZ 凯淳股份,,False,500000.0,500000.0,-0.25356697323436816
A_plus_B_0003,20251128,B,HISTORICAL_SIM_FILLED,2,301183.SZ,东田微,chi_next,封单/流通市值偏高,-0.0874231317829457,373216.51338281593,340588.7569497785,candidate_net_return_x_position,,20251202,False,500000.0,500000.0,-0.31882248610044306
A_plus_B_0003,20251201,A_OR_B,POSITION_OCCUPIED_SKIP,0,,,,,0.0,340588.7569497785,340588.7569497785,,301183.SZ 东田微,,False,500000.0,500000.0,-0.31882248610044306
A_plus_B_0003,20251202,B,HISTORICAL_SIM_FILLED,3,300269.SZ,联建光电,chi_next,封单/流通市值偏高,0.08254089320388361,340588.7569497785,368701.2571636136,candidate_net_return_x_position,,20251204,False,500000.0,500000.0,-0.26259748567277275
A_plus_B_0003,20251203,A_OR_B,POSITION_OCCUPIED_SKIP,0,,,,,0.0,368701.2571636136,368701.2571636136,,300269.SZ 联建光电,,False,500000.0,500000.0,-0.26259748567277275
A_plus_B_0003,20251204,A,HISTORICAL_SIM_FILLED,1,300946.SZ,恒而达,chi_next,无,0.0291749495998269,368701.2571636136,379458.09775875486,audit_dynamic_account_return,,20251208,False,500000.0,500000.0,-0.24108380448249034
A_plus_B_0003,20251205,A_OR_B,POSITION_OCCUPIED_SKIP,0,,,,,0.0,379458.09775875486,379458.09775875486,,300946.SZ 恒而达,,False,500000.0,500000.0,-0.24108380448249034
A_plus_B_0003,20251208,B,HISTORICAL_SIM_FILLED,4,301486.SZ,致尚科技,chi_next,封单/流通市值偏高,0.06503127272727281,379458.09775875486,404134.7408026766,candidate_net_return_x_position,,20251210,False,500000.0,500000.0,-0.19173051839464683
A_plus_B_0003,20251209,A_OR_B,POSITION_OCCUPIED_SKIP,0,,,,,0.0,404134.7408026766,404134.7408026766,,301486.SZ 致尚科技,,False,500000.0,500000.0,-0.19173051839464683
A_plus_B_0003,20251210,B,HISTORICAL_SIM_FILLED,2,300189.SZ,神农种业,chi_next,无,-0.03256789728958624,404134.7408026766,390972.92207306146,candidate_net_return_x_position,,20251212,False,500000.0,500000.0,-0.2180541558538771
A_plus_B_0003,20251211,A_OR_B,POSITION_OCCUPIED_SKIP,0,,,,,0.0,390972.92207306146,390972.92207306146,,300189.SZ 神农种业,,False,500000.0,500000.0,-0.2180541558538771
A_plus_B_0003,20251212,A,HISTORICAL_SIM_FILLED,1,920576.BJ,天力复合,bj,无,0.181313377355646,390972.92207306146,461861.5430287341,audit_dynamic_account_return,,20251216,False,500000.0,500000.0,-0.07627691394253178
A_plus_B_0003,20251215,A_OR_B,POSITION_OCCUPIED_SKIP,0,,,,,0.0,461861.5430287341,461861.5430287341,,920576.BJ 天力复合,,False,500000.0,500000.0,-0.07627691394253178
A_plus_B_0003,20251216,B,HISTORICAL_SIM_FILLED,2,300516.SZ,久之洋,chi_next,封单/流通市值偏高,-0.013385098408956962,461861.5430287341,455679.4808239818,candidate_net_return_x_position,,20251218,False,500000.0,500000.0,-0.0886410383520364
A_plus_B_0003,20251217,A_OR_B,POSITION_OCCUPIED_SKIP,0,,,,,0.0,455679.4808239818,455679.4808239818,,300516.SZ 久之洋,,False,500000.0,500000.0,-0.0886410383520364
A_plus_B_0003,20251218,B,HISTORICAL_SIM_FILLED,2,300640.SZ,德艺文创,chi_next,封单/流通市值偏高,0.00246114285714264,455679.4808239818,456800.9731233582,candidate_net_return_x_position,,20251222,False,500000.0,500000.0,-0.08639805375328358
A_plus_B_0003,20251219,A_OR_B,POSITION_OCCUPIED_SKIP,0,,,,,0.0,456800.9731233582,456800.9731233582,,300640.SZ 德艺文创,,False,500000.0,500000.0,-0.08639805375328358
A_plus_B_0003,20251222,B,HISTORICAL_SIM_FILLED,3,300189.SZ,神农种业,chi_next,无,0.027590202365308805,456800.9731233582,469404.2044125016,candidate_net_return_x_position,,20251224,False,500000.0,500000.0,-0.06119159117499684
A_plus_B_0003,20251223,A_OR_B,POSITION_OCCUPIED_SKIP,0,,,,,0.0,469404.2044125016,469404.2044125016,,300189.SZ 神农种业,,False,500000.0,500000.0,-0.06119159117499684
A_plus_B_0003,20251224,B,HISTORICAL_SIM_FILLED,4,300131.SZ,英唐智控,chi_next,封单/流通市值偏高,0.0062684204851752,469404.2044125016,472346.6273432683,candidate_net_return_x_position,,20251226,False,500000.0,500000.0,-0.05530674531346336
A_plus_B_0003,20251225,A_OR_B,POSITION_OCCUPIED_SKIP,0,,,,,0.0,472346.6273432683,472346.6273432683,,300131.SZ 英唐智控,,False,500000.0,500000.0,-0.05530674531346336
A_plus_B_0003,20251226,B,REVIEW_REQUIRED_PLAN_ONLY,6,301292.SZ,海科新源,chi_next,LOSS_OVERLAY_WATCH,0.0,472346.6273432683,472346.6273432683,manual_review_skip,,20251230,False,500000.0,500000.0,-0.05530674531346336
A_plus_B_0003,20251229,B,REVIEW_REQUIRED_PLAN_ONLY,4,300751.SZ,迈为股份,chi_next,LOSS_OVERLAY_WATCH,0.0,472346.6273432683,472346.6273432683,manual_review_skip,,20251231,False,500000.0,500000.0,-0.05530674531346336
A_plus_B_0003,20251230,B,HISTORICAL_SIM_FILLED,3,300885.SZ,海昌新材,chi_next,封单/流通市值偏高,0.07969106467661696,472346.6273432683,509988.43297266256,candidate_net_return_x_position,,20260105,False,500000.0,509988.43297266256,0.0
A_plus_B_0003,20251231,A_OR_B,POSITION_OCCUPIED_SKIP,0,,,,,0.0,509988.43297266256,509988.43297266256,,300885.SZ 海昌新材,,False,500000.0,509988.43297266256,0.0
A_plus_B_0003,20260105,B,HISTORICAL_SIM_FILLED,10,300652.SZ,雷迪克,chi_next,封单/流通市值偏高,-0.08569060791419032,509988.43297266256,466287.2141220298,candidate_net_return_x_position,,20260107,False,500000.0,509988.43297266256,-0.08569060791419036
A_plus_B_0003,20260106,A_OR_B,POSITION_OCCUPIED_SKIP,0,,,,,0.0,466287.2141220298,466287.2141220298,,300652.SZ 雷迪克,,False,500000.0,509988.43297266256,-0.08569060791419036
A_plus_B_0003,20260107,B,HISTORICAL_SIM_FILLED,6,301079.SZ,邵阳液压,chi_next,封单/流通市值偏高,0.18069676398822057,466287.2141220298,550543.804802963,candidate_net_return_x_position,,20260109,False,500000.0,550543.804802963,0.0
A_plus_B_0003,20260108,A_OR_B,POSITION_OCCUPIED_SKIP,0,,,,,0.0,550543.804802963,550543.804802963,,301079.SZ 邵阳液压,,False,500000.0,550543.804802963,0.0
A_plus_B_0003,20260109,B,HISTORICAL_SIM_FILLED,9,300878.SZ,维康药业,chi_next,封单/流通市值偏高,-0.051579838097933685,550543.804802963,522146.84448540583,candidate_net_return_x_position,,20260113,False,500000.0,550543.804802963,-0.05157983809793365
A_plus_B_0003,20260112,A_OR_B,POSITION_OCCUPIED_SKIP,0,,,,,0.0,522146.84448540583,522146.84448540583,,300878.SZ 维康药业,,False,500000.0,550543.804802963,-0.05157983809793365
A_plus_B_0003,20260113,B,HISTORICAL_SIM_FILLED,8,300842.SZ,帝科股份,chi_next,无,0.07825272875773945,522146.84448540583,563006.2598786319,candidate_net_return_x_position,,20260115,False,500000.0,563006.2598786319,0.0
A_plus_B_0003,20260114,A_OR_B,POSITION_OCCUPIED_SKIP,0,,,,,0.0,563006.2598786319,563006.2598786319,,300842.SZ 帝科股份,,False,500000.0,563006.2598786319,0.0
A_plus_B_0003,20260115,A,HISTORICAL_SIM_FILLED,1,301629.SZ,矽电股份,chi_next,无,-0.0338313603969523,563006.2598786319,543958.9921949377,audit_dynamic_account_return,,20260119,False,500000.0,563006.2598786319,-0.03383136039695245
A_plus_B_0003,20260116,A_OR_B,POSITION_OCCUPIED_SKIP,0,,,,,0.0,543958.9921949377,543958.9921949377,,301629.SZ 矽电股份,,False,500000.0,563006.2598786319,-0.03383136039695245
A_plus_B_0003,20260119,A,HISTORICAL_SIM_FILLED,2,300658.SZ,延江股份,chi_next,无,0.0681174370165976,543958.9921949377,581012.0845853882,audit_dynamic_account_return,,20260121,False,500000.0,581012.0845853882,0.0
A_plus_B_0003,20260120,A_OR_B,POSITION_OCCUPIED_SKIP,0,,,,,0.0,581012.0845853882,581012.0845853882,,300658.SZ 延江股份,,False,500000.0,581012.0845853882,0.0
A_plus_B_0003,20260121,B,HISTORICAL_SIM_FILLED,4,300837.SZ,浙矿股份,chi_next,无,0.0767503578704593,581012.0845853882,625604.9700043784,candidate_net_return_x_position,,20260123,False,500000.0,625604.9700043784,0.0
A_plus_B_0003,20260122,A_OR_B,POSITION_OCCUPIED_SKIP,0,,,,,0.0,625604.9700043784,625604.9700043784,,300837.SZ 浙矿股份,,False,500000.0,625604.9700043784,0.0
A_plus_B_0003,20260123,A,HISTORICAL_SIM_FILLED,1,920368.BJ,连城数控,bj,无,0.1027727855059111,625604.9700043784,689900.1353980702,audit_dynamic_account_return,,20260127,False,500000.0,689900.1353980702,0.0
A_plus_B_0003,20260126,A_OR_B,POSITION_OCCUPIED_SKIP,0,,,,,0.0,689900.1353980702,689900.1353980702,,920368.BJ 连城数控,,False,500000.0,689900.1353980702,0.0
A_plus_B_0003,20260127,B,HISTORICAL_SIM_FILLED,3,300639.SZ,凯普生物,chi_next,无,-0.06940870207852184,689900.1353980702,642015.0624362936,candidate_net_return_x_position,,20260129,False,500000.0,689900.1353980702,-0.06940870207852201
A_plus_B_0003,20260128,A_OR_B,POSITION_OCCUPIED_SKIP,0,,,,,0.0,642015.0624362936,642015.0624362936,,300639.SZ 凯普生物,,False,500000.0,689900.1353980702,-0.06940870207852201
A_plus_B_0003,20260129,B,HISTORICAL_SIM_FILLED,4,300164.SZ,通源石油,chi_next,无,-0.13923233633633633,642015.0624362936,552625.8053301696,candidate_net_return_x_position,,20260202,False,500000.0,689900.1353980702,-0.19897710266239288
A_plus_B_0003,20260130,A_OR_B,POSITION_OCCUPIED_SKIP,0,,,,,0.0,552625.8053301696,552625.8053301696,,300164.SZ 通源石油,,False,500000.0,689900.1353980702,-0.19897710266239288
A_plus_B_0003,20260202,B,HISTORICAL_SIM_FILLED,2,300265.SZ,通光线缆,chi_next,封单/流通市值偏高,0.014604,552625.8053301696,560696.3525912114,candidate_net_return_x_position,,20260204,False,500000.0,689900.1353980702,-0.1872789642696745
A_plus_B_0003,20260203,A_OR_B,POSITION_OCCUPIED_SKIP,0,,,,,0.0,560696.3525912114,560696.3525912114,,300265.SZ 通光线缆,,False,500000.0,689900.1353980702,-0.1872789642696745
A_plus_B_0003,20260204,B,HISTORICAL_SIM_FILLED,5,301636.SZ,泽润新能,chi_next,封单/流通市值偏高,0.16352260465116275,560696.3525912114,652382.8805853331,candidate_net_return_x_position,,20260206,False,500000.0,689900.1353980702,-0.05438070365226089
A_plus_B_0003,20260205,A_OR_B,POSITION_OCCUPIED_SKIP,0,,,,,0.0,652382.8805853331,652382.8805853331,,301636.SZ 泽润新能,,False,500000.0,689900.1353980702,-0.05438070365226089
A_plus_B_0003,20260206,B,HISTORICAL_SIM_FILLED,2,301312.SZ,智立方,chi_next,封单/流通市值偏高,-0.04063273685448776,652382.8805853331,625874.7786701366,candidate_net_return_x_position,,20260210,False,500000.0,689900.1353980702,-0.0928038036852844
A_plus_B_0003,20260209,A_OR_B,POSITION_OCCUPIED_SKIP,0,,,,,0.0,625874.7786701366,625874.7786701366,,301312.SZ 智立方,,False,500000.0,689900.1353980702,-0.0928038036852844
A_plus_B_0003,20260210,B,HISTORICAL_SIM_FILLED,5,300528.SZ,幸福蓝海,chi_next,无,-0.11498311433756801,625874.7786701366,553909.7474333082,candidate_net_return_x_position,,20260212,False,500000.0,689900.1353980702,-0.19711604765274615
A_plus_B_0003,20260211,A_OR_B,POSITION_OCCUPIED_SKIP,0,,,,,0.0,553909.7474333082,553909.7474333082,,300528.SZ 幸福蓝海,,False,500000.0,689900.1353980702,-0.19711604765274615
A_plus_B_0003,20260212,B,HISTORICAL_SIM_FILLED,2,300846.SZ,首都在线,chi_next,封单/流通市值偏高,0.013601240778390962,553909.7474333082,561443.6072776463,candidate_net_return_x_position,,20260224,False,500000.0,689900.1353980702,-0.186195829699765
A_plus_B_0003,20260213,A_OR_B,POSITION_OCCUPIED_SKIP,0,,,,,0.0,561443.6072776463,561443.6072776463,,300846.SZ 首都在线,,False,500000.0,689900.1353980702,-0.186195829699765
A_plus_B_0003,20260224,B,HISTORICAL_SIM_FILLED,4,300179.SZ,四方达,chi_next,无,0.06234287973640856,561443.6072776463,596445.618564932,candidate_net_return_x_position,,20260226,False,500000.0,689900.1353980702,-0.13546093418174965
A_plus_B_0003,20260225,A_OR_B,POSITION_OCCUPIED_SKIP,0,,,,,0.0,596445.618564932,596445.618564932,,300179.SZ 四方达,,False,500000.0,689900.1353980702,-0.13546093418174965
A_plus_B_0003,20260226,A,HISTORICAL_SIM_FILLED,3,300499.SZ,高澜股份,chi_next,无,0.0193948880593092,596445.618564932,608013.6145704642,audit_dynamic_account_return,,20260302,False,500000.0,689900.1353980702,-0.11869329577730503
A_plus_B_0003,20260227,A_OR_B,POSITION_OCCUPIED_SKIP,0,,,,,0.0,608013.6145704642,608013.6145704642,,300499.SZ 高澜股份,,False,500000.0,689900.1353980702,-0.11869329577730503
A_plus_B_0003,20260302,B,HISTORICAL_SIM_FILLED,8,300157.SZ,新锦动力,chi_next,封单/流通市值偏高,-0.0063629555796316795,608013.6145704642,604144.8509491411,candidate_net_return_x_position,,20260304,False,500000.0,689900.1353980702,-0.12430101118830572
A_plus_B_0003,20260303,A_OR_B,POSITION_OCCUPIED_SKIP,0,,,,,0.0,604144.8509491411,604144.8509491411,,300157.SZ 新锦动力,,False,500000.0,689900.1353980702,-0.12430101118830572
A_plus_B_0003,20260304,B,HISTORICAL_SIM_FILLED,4,301129.SZ,瑞纳智能,chi_next,封单/流通市值偏高,-0.05552418445662688,604144.8509491411,570600.2008065196,candidate_net_return_x_position,,20260306,False,500000.0,689900.1353980702,-0.17292348337156782
A_plus_B_0003,20260305,A_OR_B,POSITION_OCCUPIED_SKIP,0,,,,,0.0,570600.2008065196,570600.2008065196,,301129.SZ 瑞纳智能,,False,500000.0,689900.1353980702,-0.17292348337156782
A_plus_B_0003,20260306,B,HISTORICAL_SIM_FILLED,5,301265.SZ,华新环保,chi_next,封单/流通市值偏高,0.04188463540090776,570600.2008065196,594499.5821769853,candidate_net_return_x_position,,20260310,False,500000.0,689900.1353980702,-0.13828168502393334
A_plus_B_0003,20260309,A_OR_B,POSITION_OCCUPIED_SKIP,0,,,,,0.0,594499.5821769853,594499.5821769853,,301265.SZ 华新环保,,False,500000.0,689900.1353980702,-0.13828168502393334
A_plus_B_0003,20260310,B,HISTORICAL_SIM_FILLED,3,300936.SZ,中英科技,chi_next,封单/流通市值偏高,-0.07526664592492394,594499.5821769853,549753.592622755,candidate_net_return_x_position,,20260312,False,500000.0,689900.1353980702,-0.203140332324259
A_plus_B_0003,20260311,A_OR_B,POSITION_OCCUPIED_SKIP,0,,,,,0.0,549753.592622755,549753.592622755,,300936.SZ 中英科技,,False,500000.0,689900.1353980702,-0.203140332324259
A_plus_B_0003,20260312,B,HISTORICAL_SIM_FILLED,4,301396.SZ,宏景科技,chi_next,无,0.08604844444444432,549753.592622755,597059.0340956878,candidate_net_return_x_position,,20260316,False,500000.0,689900.1353980702,-0.13457179748024461
A_plus_B_0003,20260313,A_OR_B,POSITION_OCCUPIED_SKIP,0,,,,,0.0,597059.0340956878,597059.0340956878,,301396.SZ 宏景科技,,False,500000.0,689900.1353980702,-0.13457179748024461
A_plus_B_0003,20260316,B,HISTORICAL_SIM_FILLED,3,300606.SZ,金太阳,chi_next,封单/流通市值偏高,-0.00099123809523808,597059.0340956878,596467.2064359861,candidate_net_return_x_position,,20260318,False,500000.0,689900.1353980702,-0.13542964288327553
A_plus_B_0003,20260317,A_OR_B,POSITION_OCCUPIED_SKIP,0,,,,,0.0,596467.2064359861,596467.2064359861,,300606.SZ 金太阳,,False,500000.0,689900.1353980702,-0.13542964288327553
A_plus_B_0003,20260318,B,HISTORICAL_SIM_FILLED,6,301306.SZ,西测测试,chi_next,封单/流通市值偏高,-0.0028352835458408,596467.2064359861,594776.0527799445,candidate_net_return_x_position,,20260320,False,500000.0,689900.1353980702,-0.13788094499103032
A_plus_B_0003,20260319,A_OR_B,POSITION_OCCUPIED_SKIP,0,,,,,0.0,594776.0527799445,594776.0527799445,,301306.SZ 西测测试,,False,500000.0,689900.1353980702,-0.13788094499103032
A_plus_B_0003,20260320,B,HISTORICAL_SIM_FILLED,2,301658.SZ,首航新能,chi_next,封单/流通市值偏高,-0.01758452459016384,594776.0527799445,584317.1986541951,candidate_net_return_x_position,,20260324,False,500000.0,689900.1353980702,-0.15304089871348425
A_plus_B_0003,20260323,A_OR_B,POSITION_OCCUPIED_SKIP,0,,,,,0.0,584317.1986541951,584317.1986541951,,301658.SZ 首航新能,,False,500000.0,689900.1353980702,-0.15304089871348425
A_plus_B_0003,20260324,B,HISTORICAL_SIM_FILLED,4,300335.SZ,迪森股份,chi_next,封单/流通市值偏高,0.05769571597633129,584317.1986541951,618029.7977878331,candidate_net_return_x_position,,20260326,False,500000.0,689900.1353980702,-0.10417498696208849
A_plus_B_0003,20260325,A_OR_B,POSITION_OCCUPIED_SKIP,0,,,,,0.0,618029.7977878331,618029.7977878331,,300335.SZ 迪森股份,,False,500000.0,689900.1353980702,-0.10417498696208849
A_plus_B_0003,20260326,NONE,NO_CANDIDATE,0,,,,,0.0,618029.7977878331,618029.7977878331,,,,False,500000.0,689900.1353980702,-0.10417498696208849
A_plus_B_0003,20260327,A,HISTORICAL_SIM_FILLED,1,300204.SZ,舒泰神,chi_next,无,0.0397618491523106,618029.7977878331,642603.805379106,audit_dynamic_account_return,,20260331,False,500000.0,689900.1353980702,-0.06855532792680841
A_plus_B_0003,20260330,A_OR_B,POSITION_OCCUPIED_SKIP,0,,,,,0.0,642603.805379106,642603.805379106,,300204.SZ 舒泰神,,False,500000.0,689900.1353980702,-0.06855532792680841
A_plus_B_0003,20260331,B,HISTORICAL_SIM_FILLED,6,301008.SZ,宏昌科技,chi_next,封单/流通市值偏高,-0.1387695306039724,642603.805379106,553429.9769423209,candidate_net_return_x_position,,20260402,False,500000.0,689900.1353980702,-0.1978114678539763
A_plus_B_0003,20260401,A_OR_B,POSITION_OCCUPIED_SKIP,0,,,,,0.0,553429.9769423209,553429.9769423209,,301008.SZ 宏昌科技,,False,500000.0,689900.1353980702,-0.1978114678539763
A_plus_B_0003,20260402,B,HISTORICAL_SIM_FILLED,2,300834.SZ,星辉环材,chi_next,无,-0.019917276595744642,553429.9769423209,542407.1590151842,candidate_net_return_x_position,,20260407,False,500000.0,689900.1353980702,-0.2137888787306631
A_plus_B_0003,20260403,A_OR_B,POSITION_OCCUPIED_SKIP,0,,,,,0.0,542407.1590151842,542407.1590151842,,300834.SZ 星辉环材,,False,500000.0,689900.1353980702,-0.2137888787306631
A_plus_B_0003,20260407,B,HISTORICAL_SIM_FILLED,6,300651.SZ,金陵体育,chi_next,封单/流通市值偏高,0.026860097560975682,542407.1590151842,556976.2682241036,candidate_net_return_x_position,,20260409,False,500000.0,689900.1353980702,-0.19267117130984468
A_plus_B_0003,20260408,A_OR_B,POSITION_OCCUPIED_SKIP,0,,,,,0.0,556976.2682241036,556976.2682241036,,300651.SZ 金陵体育,,False,500000.0,689900.1353980702,-0.19267117130984468
A_plus_B_0003,20260409,A,HISTORICAL_SIM_FILLED,1,300489.SZ,光智科技,chi_next,无,0.0826627480845445,556976.2682241036,603017.4571733824,audit_dynamic_account_return,,20260413,False,500000.0,689900.1353980702,-0.12593515172243996
A_plus_B_0003,20260410,A_OR_B,POSITION_OCCUPIED_SKIP,0,,,,,0.0,603017.4571733824,603017.4571733824,,300489.SZ 光智科技,,False,500000.0,689900.1353980702,-0.12593515172243996
A_plus_B_0003,20260413,B,HISTORICAL_SIM_FILLED,1,301667.SZ,纳百川,chi_next,封单/流通市值偏高,-0.037555724804760084,603017.4571733824,580370.6994993127,candidate_net_return_x_position,,20260415,False,500000.0,689900.1353980702,-0.1587612906258663
A_plus_B_0003,20260414,A_OR_B,POSITION_OCCUPIED_SKIP,0,,,,,0.0,580370.6994993127,580370.6994993127,,301667.SZ 纳百川,,False,500000.0,689900.1353980702,-0.1587612906258663
A_plus_B_0003,20260415,A,HISTORICAL_SIM_FILLED,1,301189.SZ,奥尼电子,chi_next,无,-0.042756950173812244,580370.6994993127,555555.81841848,candidate_net_return_x_position,,20260417,False,500000.0,689900.1353980702,-0.19473009220685833
A_plus_B_0003,20260416,A_OR_B,POSITION_OCCUPIED_SKIP,0,,,,,0.0,555555.81841848,555555.81841848,,301189.SZ 奥尼电子,,False,500000.0,689900.1353980702,-0.19473009220685833
A_plus_B_0003,20260417,A,HISTORICAL_SIM_FILLED,4,301319.SZ,唯特偶,chi_next,无,0.0352808081329955,555555.81841848,575156.2766552716,audit_dynamic_account_return,,20260421,False,500000.0,689900.1353980702,-0.16631951909473353
A_plus_B_0003,20260420,A_OR_B,POSITION_OCCUPIED_SKIP,0,,,,,0.0,575156.2766552716,575156.2766552716,,301319.SZ 唯特偶,,False,500000.0,689900.1353980702,-0.16631951909473353
A_plus_B_0003,20260421,B,HISTORICAL_SIM_FILLED,3,301486.SZ,致尚科技,chi_next,无,-0.00012174973136664001,575156.2766552716,575086.251533095,candidate_net_return_x_position,,20260423,False,500000.0,689900.1353980702,-0.1664210194693293
A_plus_B_0003,20260422,A_OR_B,POSITION_OCCUPIED_SKIP,0,,,,,0.0,575086.251533095,575086.251533095,,301486.SZ 致尚科技,,False,500000.0,689900.1353980702,-0.1664210194693293
A_plus_B_0003,20260423,B,HISTORICAL_SIM_FILLED,3,300721.SZ,怡达股份,chi_next,封单/流通市值偏高,0.19178249223946786,575086.251533095,685377.7261047654,candidate_net_return_x_position,,20260427,False,500000.0,689900.1353980702,-0.006555165104722538
A_plus_B_0003,20260424,A_OR_B,POSITION_OCCUPIED_SKIP,0,,,,,0.0,685377.7261047654,685377.7261047654,,300721.SZ 怡达股份,,False,500000.0,689900.1353980702,-0.006555165104722538
A_plus_B_0003,20260427,B,HISTORICAL_SIM_FILLED,2,301500.SZ,飞南资源,chi_next,封单/流通市值偏高,-0.052657980323706804,685377.7261047654,649287.1192892338,candidate_net_return_x_position,,20260429,False,500000.0,689900.1353980702,-0.05886796367332614
A_plus_B_0003,20260428,A_OR_B,POSITION_OCCUPIED_SKIP,0,,,,,0.0,649287.1192892338,649287.1192892338,,301500.SZ 飞南资源,,False,500000.0,689900.1353980702,-0.05886796367332614
A_plus_B_0003,20260429,B,HISTORICAL_SIM_FILLED,4,300438.SZ,鹏辉能源,chi_next,无,0.04336906024096385,649287.1192892338,677446.0914793704,candidate_net_return_x_position,,20260506,False,500000.0,689900.1353980702,-0.018051951695173818
A_plus_B_0003,20260430,A_OR_B,POSITION_OCCUPIED_SKIP,0,,,,,0.0,677446.0914793704,677446.0914793704,,300438.SZ 鹏辉能源,,False,500000.0,689900.1353980702,-0.018051951695173818
A_plus_B_0003,20260506,B,HISTORICAL_SIM_FILLED,5,300166.SZ,东方国信,chi_next,无,8.564315352686814e-06,677446.0914793704,677451.8933413322,candidate_net_return_x_position,,20260508,False,500000.0,689900.1353980702,-0.01804354198242819
A_plus_B_0003,20260507,A_OR_B,POSITION_OCCUPIED_SKIP,0,,,,,0.0,677451.8933413322,677451.8933413322,,300166.SZ 东方国信,,False,500000.0,689900.1353980702,-0.01804354198242819
A_plus_B_0003,20260508,B,HISTORICAL_SIM_FILLED,4,301183.SZ,东田微,chi_next,无,0.02982531147540976,677451.8933413322,697657.1070698434,candidate_net_return_x_position,,20260512,False,500000.0,697657.1070698434,0.0
A_plus_B_0003,20260511,A_OR_B,POSITION_OCCUPIED_SKIP,0,,,,,0.0,697657.1070698434,697657.1070698434,,301183.SZ 东田微,,False,500000.0,697657.1070698434,0.0
A_plus_B_0003,20260512,B,HISTORICAL_SIM_FILLED,3,300265.SZ,通光线缆,chi_next,封单/流通市值偏高,0.01714646284501056,697657.1070698434,709619.4587347741,candidate_net_return_x_position,,20260514,False,500000.0,709619.4587347741,0.0
A_plus_B_0003,20260513,A_OR_B,POSITION_OCCUPIED_SKIP,0,,,,,0.0,709619.4587347741,709619.4587347741,,300265.SZ 通光线缆,,False,500000.0,709619.4587347741,0.0
A_plus_B_0003,20260514,B,HISTORICAL_SIM_FILLED,1,300715.SZ,凯伦股份,chi_next,无,-0.08329357040309217,709619.4587347741,650512.7203892451,candidate_net_return_x_position,,20260518,False,500000.0,709619.4587347741,-0.08329357040309215
A_plus_B_0004,20251112,NONE,NO_CANDIDATE,0,,,,,0.0,500000.0,500000.0,,,,False,500000.0,500000.0,0.0
A_plus_B_0004,20251113,NONE,NO_CANDIDATE,0,,,,,0.0,500000.0,500000.0,,,,False,500000.0,500000.0,0.0
A_plus_B_0004,20251114,NONE,NO_CANDIDATE,0,,,,,0.0,500000.0,500000.0,,,,False,500000.0,500000.0,0.0
A_plus_B_0004,20251117,NONE,NO_CANDIDATE,0,,,,,0.0,500000.0,500000.0,,,,False,500000.0,500000.0,0.0
A_plus_B_0004,20251118,NONE,NO_CANDIDATE,0,,,,,0.0,500000.0,500000.0,,,,False,500000.0,500000.0,0.0
A_plus_B_0004,20251119,NONE,NO_CANDIDATE,0,,,,,0.0,500000.0,500000.0,,,,False,500000.0,500000.0,0.0
A_plus_B_0004,20251120,A,HISTORICAL_SIM_FILLED,1,301092.SZ,争光股份,chi_next,无,-0.0505145833968012,500000.0,474742.7083015994,audit_dynamic_account_return,,20251124,False,500000.0,500000.0,-0.05051458339680115
A_plus_B_0004,20251121,A_OR_B,POSITION_OCCUPIED_SKIP,0,,,,,0.0,474742.7083015994,474742.7083015994,,301092.SZ 争光股份,,False,500000.0,500000.0,-0.05051458339680115
A_plus_B_0004,20251124,NONE,NO_CANDIDATE,0,,,,,0.0,474742.7083015994,474742.7083015994,,,,False,500000.0,500000.0,-0.05051458339680115
A_plus_B_0004,20251125,A,REVIEW_REQUIRED_PLAN_ONLY,1,301117.SZ,佳缘科技,chi_next,LOSS_OVERLAY_WATCH,0.0,474742.7083015994,474742.7083015994,manual_review_skip,,20251127,False,500000.0,500000.0,-0.05051458339680115
A_plus_B_0004,20251126,NONE,NO_CANDIDATE,0,,,,,0.0,474742.7083015994,474742.7083015994,,,,False,500000.0,500000.0,-0.05051458339680115
A_plus_B_0004,20251127,NONE,NO_CANDIDATE,0,,,,,0.0,474742.7083015994,474742.7083015994,,,,False,500000.0,500000.0,-0.05051458339680115
A_plus_B_0004,20251128,NONE,NO_CANDIDATE,0,,,,,0.0,474742.7083015994,474742.7083015994,,,,False,500000.0,500000.0,-0.05051458339680115
A_plus_B_0004,20251201,B,HISTORICAL_SIM_FILLED,1,920701.BJ,豪声电子,bj,无,-0.05344836411842681,474742.7083015994,449368.4871657275,candidate_net_return_x_position,,20251203,False,500000.0,500000.0,-0.10126302566854506
A_plus_B_0004,20251202,A_OR_B,POSITION_OCCUPIED_SKIP,0,,,,,0.0,449368.4871657275,449368.4871657275,,920701.BJ 豪声电子,,False,500000.0,500000.0,-0.10126302566854506
A_plus_B_0004,20251203,NONE,NO_CANDIDATE,0,,,,,0.0,449368.4871657275,449368.4871657275,,,,False,500000.0,500000.0,-0.10126302566854506
A_plus_B_0004,20251204,A,HISTORICAL_SIM_FILLED,1,300946.SZ,恒而达,chi_next,无,0.0291749495998269,449368.4871657275,462478.790130538,audit_dynamic_account_return,,20251208,False,500000.0,500000.0,-0.075042419738924
A_plus_B_0004,20251205,A_OR_B,POSITION_OCCUPIED_SKIP,0,,,,,0.0,462478.790130538,462478.790130538,,300946.SZ 恒而达,,False,500000.0,500000.0,-0.075042419738924
A_plus_B_0004,20251208,NONE,NO_CANDIDATE,0,,,,,0.0,462478.790130538,462478.790130538,,,,False,500000.0,500000.0,-0.075042419738924
A_plus_B_0004,20251209,NONE,NO_CANDIDATE,0,,,,,0.0,462478.790130538,462478.790130538,,,,False,500000.0,500000.0,-0.075042419738924
A_plus_B_0004,20251210,NONE,NO_CANDIDATE,0,,,,,0.0,462478.790130538,462478.790130538,,,,False,500000.0,500000.0,-0.075042419738924
A_plus_B_0004,20251211,B,HISTORICAL_SIM_FILLED,2,920576.BJ,天力复合,bj,封单/流通市值偏高,0.31206971198063727,462478.790130538,606804.4129637285,candidate_net_return_x_position,,20251215,False,500000.0,606804.4129637285,0.0
A_plus_B_0004,20251212,A_OR_B,POSITION_OCCUPIED_SKIP,0,,,,,0.0,606804.4129637285,606804.4129637285,,920576.BJ 天力复合,,False,500000.0,606804.4129637285,0.0
A_plus_B_0004,20251215,A,HISTORICAL_SIM_FILLED,2,920665.BJ,科强股份,bj,无,-0.14184336842105263,606804.4129637285,520733.2310561938,candidate_net_return_x_position,,20251217,False,500000.0,606804.4129637285,-0.1418433684210526
A_plus_B_0004,20251216,A_OR_B,POSITION_OCCUPIED_SKIP,0,,,,,0.0,520733.2310561938,520733.2310561938,,920665.BJ 科强股份,,False,500000.0,606804.4129637285,-0.1418433684210526
A_plus_B_0004,20251217,NONE,NO_CANDIDATE,0,,,,,0.0,520733.2310561938,520733.2310561938,,,,False,500000.0,606804.4129637285,-0.1418433684210526
A_plus_B_0004,20251218,B,HISTORICAL_SIM_FILLED,2,920885.BJ,星辰科技,bj,无,0.059613391435011126,520733.2310561938,551775.9049923648,candidate_net_return_x_position,,20251222,False,500000.0,606804.4129637285,-0.09068574123018613
A_plus_B_0004,20251219,A_OR_B,POSITION_OCCUPIED_SKIP,0,,,,,0.0,551775.9049923648,551775.9049923648,,920885.BJ 星辰科技,,False,500000.0,606804.4129637285,-0.09068574123018613
A_plus_B_0004,20251222,B,HISTORICAL_SIM_FILLED,1,920023.BJ,田野股份,bj,封单/流通市值偏高,-0.12822933333333336,551775.9049923648,481022.04854579724,candidate_net_return_x_position,,20251224,False,500000.0,606804.4129637285,-0.2072865024227335
A_plus_B_0004,20251223,A_OR_B,POSITION_OCCUPIED_SKIP,0,,,,,0.0,481022.04854579724,481022.04854579724,,920023.BJ 田野股份,,False,500000.0,606804.4129637285,-0.2072865024227335
A_plus_B_0004,20251224,NONE,NO_CANDIDATE,0,,,,,0.0,481022.04854579724,481022.04854579724,,,,False,500000.0,606804.4129637285,-0.2072865024227335
A_plus_B_0004,20251225,NONE,NO_CANDIDATE,0,,,,,0.0,481022.04854579724,481022.04854579724,,,,False,500000.0,606804.4129637285,-0.2072865024227335
A_plus_B_0004,20251226,NONE,NO_CANDIDATE,0,,,,,0.0,481022.04854579724,481022.04854579724,,,,False,500000.0,606804.4129637285,-0.2072865024227335
A_plus_B_0004,20251229,NONE,NO_CANDIDATE,0,,,,,0.0,481022.04854579724,481022.04854579724,,,,False,500000.0,606804.4129637285,-0.2072865024227335
A_plus_B_0004,20251230,B,HISTORICAL_SIM_FILLED,1,920270.BJ,天铭科技,bj,封单/流通市值偏高,0.008633521152952002,481022.04854579724,485174.9625769537,candidate_net_return_x_position,,20260105,False,500000.0,606804.4129637285,-0.20044259367316963
A_plus_B_0004,20251231,A_OR_B,POSITION_OCCUPIED_SKIP,0,,,,,0.0,485174.9625769537,485174.9625769537,,920270.BJ 天铭科技,,False,500000.0,606804.4129637285,-0.20044259367316963
A_plus_B_0004,20260105,B,HISTORICAL_SIM_FILLED,1,920199.BJ,倍益康,bj,封单/流通市值偏高,-0.0405414483230664,485174.9625769537,465505.26690399443,candidate_net_return_x_position,,20260107,False,500000.0,606804.4129637285,-0.23285780894309382
A_plus_B_0004,20260106,A_OR_B,POSITION_OCCUPIED_SKIP,0,,,,,0.0,465505.26690399443,465505.26690399443,,920199.BJ 倍益康,,False,500000.0,606804.4129637285,-0.23285780894309382
A_plus_B_0004,20260107,NONE,NO_CANDIDATE,0,,,,,0.0,465505.26690399443,465505.26690399443,,,,False,500000.0,606804.4129637285,-0.23285780894309382
A_plus_B_0004,20260108,NONE,NO_CANDIDATE,0,,,,,0.0,465505.26690399443,465505.26690399443,,,,False,500000.0,606804.4129637285,-0.23285780894309382
A_plus_B_0004,20260109,B,HISTORICAL_SIM_FILLED,1,920207.BJ,众诚科技,bj,封单/流通市值偏高,0.113212108108108,465505.26690399443,518206.09950562316,candidate_net_return_x_position,,20260113,False,500000.0,606804.4129637285,-0.14600802427486848
A_plus_B_0004,20260112,A_OR_B,POSITION_OCCUPIED_SKIP,0,,,,,0.0,518206.09950562316,518206.09950562316,,920207.BJ 众诚科技,,False,500000.0,606804.4129637285,-0.14600802427486848
A_plus_B_0004,20260113,B,REVIEW_REQUIRED_PLAN_ONLY,1,920367.BJ,新赣江,bj,封单/流通市值偏高;LOSS_OVERLAY_WATCH,0.0,518206.09950562316,518206.09950562316,manual_review_skip,,20260115,False,500000.0,606804.4129637285,-0.14600802427486848
A_plus_B_0004,20260114,B,HISTORICAL_SIM_FILLED,1,920169.BJ,七丰精工,bj,无,0.01520785898046696,518206.09950562316,526086.9047897225,candidate_net_return_x_position,,20260116,False,500000.0,606804.4129637285,-0.1330206347375903
A_plus_B_0004,20260115,A_OR_B,POSITION_OCCUPIED_SKIP,0,,,,,0.0,526086.9047897225,526086.9047897225,,920169.BJ 七丰精工,,False,500000.0,606804.4129637285,-0.1330206347375903
A_plus_B_0004,20260116,NONE,NO_CANDIDATE,0,,,,,0.0,526086.9047897225,526086.9047897225,,,,False,500000.0,606804.4129637285,-0.1330206347375903
A_plus_B_0004,20260119,A,HISTORICAL_SIM_FILLED,2,300658.SZ,延江股份,chi_next,无,0.0681174370165976,526086.9047897225,561922.5963919932,audit_dynamic_account_return,,20260121,False,500000.0,606804.4129637285,-0.0739642224296383
A_plus_B_0004,20260120,A_OR_B,POSITION_OCCUPIED_SKIP,0,,,,,0.0,561922.5963919932,561922.5963919932,,300658.SZ 延江股份,,False,500000.0,606804.4129637285,-0.0739642224296383
A_plus_B_0004,20260121,B,HISTORICAL_SIM_FILLED,1,920427.BJ,华维设计,bj,封单/流通市值偏高,0.14497129857819904,561922.5963919932,643385.2448913737,candidate_net_return_x_position,,20260123,False,500000.0,643385.2448913737,0.0
A_plus_B_0004,20260122,A_OR_B,POSITION_OCCUPIED_SKIP,0,,,,,0.0,643385.2448913737,643385.2448913737,,920427.BJ 华维设计,,False,500000.0,643385.2448913737,0.0
A_plus_B_0004,20260123,A,HISTORICAL_SIM_FILLED,1,920368.BJ,连城数控,bj,无,0.1027727855059111,643385.2448913737,709507.7386622629,audit_dynamic_account_return,,20260127,False,500000.0,709507.7386622629,0.0
A_plus_B_0004,20260126,A_OR_B,POSITION_OCCUPIED_SKIP,0,,,,,0.0,709507.7386622629,709507.7386622629,,920368.BJ 连城数控,,False,500000.0,709507.7386622629,0.0
A_plus_B_0004,20260127,NONE,NO_CANDIDATE,0,,,,,0.0,709507.7386622629,709507.7386622629,,,,False,500000.0,709507.7386622629,0.0
A_plus_B_0004,20260128,A,HISTORICAL_SIM_FILLED,3,300164.SZ,通源石油,chi_next,无,0.0457725821591917,709507.7386622629,741983.7399227637,audit_dynamic_account_return,,20260130,False,500000.0,741983.7399227637,0.0
A_plus_B_0004,20260129,A_OR_B,POSITION_OCCUPIED_SKIP,0,,,,,0.0,741983.7399227637,741983.7399227637,,300164.SZ 通源石油,,False,500000.0,741983.7399227637,0.0
A_plus_B_0004,20260130,NONE,NO_CANDIDATE,0,,,,,0.0,741983.7399227637,741983.7399227637,,,,False,500000.0,741983.7399227637,0.0
A_plus_B_0004,20260202,NONE,NO_CANDIDATE,0,,,,,0.0,741983.7399227637,741983.7399227637,,,,False,500000.0,741983.7399227637,0.0
A_plus_B_0004,20260203,NONE,NO_CANDIDATE,0,,,,,0.0,741983.7399227637,741983.7399227637,,,,False,500000.0,741983.7399227637,0.0
A_plus_B_0004,20260204,NONE,NO_CANDIDATE,0,,,,,0.0,741983.7399227637,741983.7399227637,,,,False,500000.0,741983.7399227637,0.0
A_plus_B_0004,20260205,NONE,NO_CANDIDATE,0,,,,,0.0,741983.7399227637,741983.7399227637,,,,False,500000.0,741983.7399227637,0.0
A_plus_B_0004,20260206,NONE,NO_CANDIDATE,0,,,,,0.0,741983.7399227637,741983.7399227637,,,,False,500000.0,741983.7399227637,0.0
A_plus_B_0004,20260209,NONE,NO_CANDIDATE,0,,,,,0.0,741983.7399227637,741983.7399227637,,,,False,500000.0,741983.7399227637,0.0
A_plus_B_0004,20260210,NONE,NO_CANDIDATE,0,,,,,0.0,741983.7399227637,741983.7399227637,,,,False,500000.0,741983.7399227637,0.0
A_plus_B_0004,20260211,NONE,NO_CANDIDATE,0,,,,,0.0,741983.7399227637,741983.7399227637,,,,False,500000.0,741983.7399227637,0.0
A_plus_B_0004,20260212,NONE,NO_CANDIDATE,0,,,,,0.0,741983.7399227637,741983.7399227637,,,,False,500000.0,741983.7399227637,0.0
A_plus_B_0004,20260213,NONE,NO_CANDIDATE,0,,,,,0.0,741983.7399227637,741983.7399227637,,,,False,500000.0,741983.7399227637,0.0
A_plus_B_0004,20260224,NONE,NO_CANDIDATE,0,,,,,0.0,741983.7399227637,741983.7399227637,,,,False,500000.0,741983.7399227637,0.0
A_plus_B_0004,20260225,NONE,NO_CANDIDATE,0,,,,,0.0,741983.7399227637,741983.7399227637,,,,False,500000.0,741983.7399227637,0.0
A_plus_B_0004,20260226,A,HISTORICAL_SIM_FILLED,3,300499.SZ,高澜股份,chi_next,无,0.0193948880593092,741983.7399227637,756374.4315003932,audit_dynamic_account_return,,20260302,False,500000.0,756374.4315003932,0.0
A_plus_B_0004,20260227,A_OR_B,POSITION_OCCUPIED_SKIP,0,,,,,0.0,756374.4315003932,756374.4315003932,,300499.SZ 高澜股份,,False,500000.0,756374.4315003932,0.0
A_plus_B_0004,20260302,B,HISTORICAL_SIM_FILLED,1,920088.BJ,科力股份,bj,封单/流通市值偏高,0.10407835897435896,756374.4315003932,835096.6411011178,candidate_net_return_x_position,,20260304,False,500000.0,835096.6411011178,0.0
A_plus_B_0004,20260303,A_OR_B,POSITION_OCCUPIED_SKIP,0,,,,,0.0,835096.6411011178,835096.6411011178,,920088.BJ 科力股份,,False,500000.0,835096.6411011178,0.0
A_plus_B_0004,20260304,NONE,NO_CANDIDATE,0,,,,,0.0,835096.6411011178,835096.6411011178,,,,False,500000.0,835096.6411011178,0.0
A_plus_B_0004,20260305,B,HISTORICAL_SIM_FILLED,1,920001.BJ,纬达光电,bj,封单/流通市值偏高,0.021974466321243363,835096.6411011178,853447.4441159777,candidate_net_return_x_position,,20260309,False,500000.0,853447.4441159777,0.0
A_plus_B_0004,20260306,A_OR_B,POSITION_OCCUPIED_SKIP,0,,,,,0.0,853447.4441159777,853447.4441159777,,920001.BJ 纬达光电,,False,500000.0,853447.4441159777,0.0
A_plus_B_0004,20260309,A,REVIEW_REQUIRED_PLAN_ONLY,1,301606.SZ,绿联科技,chi_next,LOSS_OVERLAY_WATCH,0.0,853447.4441159777,853447.4441159777,manual_review_skip,,20260311,False,500000.0,853447.4441159777,0.0
A_plus_B_0004,20260310,NONE,NO_CANDIDATE,0,,,,,0.0,853447.4441159777,853447.4441159777,,,,False,500000.0,853447.4441159777,0.0
A_plus_B_0004,20260311,NONE,NO_CANDIDATE,0,,,,,0.0,853447.4441159777,853447.4441159777,,,,False,500000.0,853447.4441159777,0.0
A_plus_B_0004,20260312,NONE,NO_CANDIDATE,0,,,,,0.0,853447.4441159777,853447.4441159777,,,,False,500000.0,853447.4441159777,0.0
A_plus_B_0004,20260313,NONE,NO_CANDIDATE,0,,,,,0.0,853447.4441159777,853447.4441159777,,,,False,500000.0,853447.4441159777,0.0
A_plus_B_0004,20260316,NONE,NO_CANDIDATE,0,,,,,0.0,853447.4441159777,853447.4441159777,,,,False,500000.0,853447.4441159777,0.0
A_plus_B_0004,20260317,NONE,NO_CANDIDATE,0,,,,,0.0,853447.4441159777,853447.4441159777,,,,False,500000.0,853447.4441159777,0.0
A_plus_B_0004,20260318,NONE,NO_CANDIDATE,0,,,,,0.0,853447.4441159777,853447.4441159777,,,,False,500000.0,853447.4441159777,0.0
A_plus_B_0004,20260319,NONE,NO_CANDIDATE,0,,,,,0.0,853447.4441159777,853447.4441159777,,,,False,500000.0,853447.4441159777,0.0
A_plus_B_0004,20260320,NONE,NO_CANDIDATE,0,,,,,0.0,853447.4441159777,853447.4441159777,,,,False,500000.0,853447.4441159777,0.0
A_plus_B_0004,20260323,NONE,NO_CANDIDATE,0,,,,,0.0,853447.4441159777,853447.4441159777,,,,False,500000.0,853447.4441159777,0.0
A_plus_B_0004,20260324,NONE,NO_CANDIDATE,0,,,,,0.0,853447.4441159777,853447.4441159777,,,,False,500000.0,853447.4441159777,0.0
A_plus_B_0004,20260325,NONE,NO_CANDIDATE,0,,,,,0.0,853447.4441159777,853447.4441159777,,,,False,500000.0,853447.4441159777,0.0
A_plus_B_0004,20260326,NONE,NO_CANDIDATE,0,,,,,0.0,853447.4441159777,853447.4441159777,,,,False,500000.0,853447.4441159777,0.0
A_plus_B_0004,20260327,A,HISTORICAL_SIM_FILLED,1,300204.SZ,舒泰神,chi_next,无,0.0397618491523106,853447.4441159777,887382.0926483423,audit_dynamic_account_return,,20260331,False,500000.0,887382.0926483423,0.0
A_plus_B_0004,20260330,A_OR_B,POSITION_OCCUPIED_SKIP,0,,,,,0.0,887382.0926483423,887382.0926483423,,300204.SZ 舒泰神,,False,500000.0,887382.0926483423,0.0
A_plus_B_0004,20260331,NONE,NO_CANDIDATE,0,,,,,0.0,887382.0926483423,887382.0926483423,,,,False,500000.0,887382.0926483423,0.0
A_plus_B_0004,20260401,NONE,NO_CANDIDATE,0,,,,,0.0,887382.0926483423,887382.0926483423,,,,False,500000.0,887382.0926483423,0.0
A_plus_B_0004,20260402,B,HISTORICAL_SIM_FILLED,1,920230.BJ,欧康医药,bj,封单/流通市值偏高,-0.01546742857142856,887382.0926483423,873656.5735147392,candidate_net_return_x_position,,20260407,False,500000.0,887382.0926483423,-0.015467428571428576
A_plus_B_0004,20260403,A_OR_B,POSITION_OCCUPIED_SKIP,0,,,,,0.0,873656.5735147392,873656.5735147392,,920230.BJ 欧康医药,,False,500000.0,887382.0926483423,-0.015467428571428576
A_plus_B_0004,20260407,NONE,NO_CANDIDATE,0,,,,,0.0,873656.5735147392,873656.5735147392,,,,False,500000.0,887382.0926483423,-0.015467428571428576
A_plus_B_0004,20260408,B,HISTORICAL_SIM_FILLED,1,920171.BJ,志晟信息,bj,封单/流通市值偏高,0.0213809084874348,873656.5735147392,892336.1447625037,candidate_net_return_x_position,,20260410,False,500000.0,892336.1447625037,0.0
A_plus_B_0004,20260409,A_OR_B,POSITION_OCCUPIED_SKIP,0,,,,,0.0,892336.1447625037,892336.1447625037,,920171.BJ 志晟信息,,False,500000.0,892336.1447625037,0.0
A_plus_B_0004,20260410,NONE,NO_CANDIDATE,0,,,,,0.0,892336.1447625037,892336.1447625037,,,,False,500000.0,892336.1447625037,0.0
A_plus_B_0004,20260413,NONE,NO_CANDIDATE,0,,,,,0.0,892336.1447625037,892336.1447625037,,,,False,500000.0,892336.1447625037,0.0
A_plus_B_0004,20260414,A,HISTORICAL_SIM_FILLED,1,301189.SZ,奥尼电子,chi_next,无,-0.0350052172427846,892336.1447625037,861099.7241615034,audit_dynamic_account_return,,20260416,False,500000.0,892336.1447625037,-0.0350052172427846
A_plus_B_0004,20260415,A_OR_B,POSITION_OCCUPIED_SKIP,0,,,,,0.0,861099.7241615034,861099.7241615034,,301189.SZ 奥尼电子,,False,500000.0,892336.1447625037,-0.0350052172427846
A_plus_B_0004,20260416,NONE,NO_CANDIDATE,0,,,,,0.0,861099.7241615034,861099.7241615034,,,,False,500000.0,892336.1447625037,-0.0350052172427846
A_plus_B_0004,20260417,A,HISTORICAL_SIM_FILLED,4,301319.SZ,唯特偶,chi_next,无,0.0352808081329955,861099.7241615034,891480.0183130206,audit_dynamic_account_return,,20260421,False,500000.0,892336.1447625037,-0.0009594214629857767
A_plus_B_0004,20260420,A_OR_B,POSITION_OCCUPIED_SKIP,0,,,,,0.0,891480.0183130206,891480.0183130206,,301319.SZ 唯特偶,,False,500000.0,892336.1447625037,-0.0009594214629857767
A_plus_B_0004,20260421,NONE,NO_CANDIDATE,0,,,,,0.0,891480.0183130206,891480.0183130206,,,,False,500000.0,892336.1447625037,-0.0009594214629857767
A_plus_B_0004,20260422,B,HISTORICAL_SIM_FILLED,1,920981.BJ,晶赛科技,bj,封单/流通市值偏高,-0.10689599999999999,891480.0183130206,796184.3702754319,candidate_net_return_x_position,,20260424,False,500000.0,892336.1447625037,-0.10775286314627841
A_plus_B_0004,20260423,A_OR_B,POSITION_OCCUPIED_SKIP,0,,,,,0.0,796184.3702754319,796184.3702754319,,920981.BJ 晶赛科技,,False,500000.0,892336.1447625037,-0.10775286314627841
A_plus_B_0004,20260424,NONE,NO_CANDIDATE,0,,,,,0.0,796184.3702754319,796184.3702754319,,,,False,500000.0,892336.1447625037,-0.10775286314627841
A_plus_B_0004,20260427,NONE,NO_CANDIDATE,0,,,,,0.0,796184.3702754319,796184.3702754319,,,,False,500000.0,892336.1447625037,-0.10775286314627841
A_plus_B_0004,20260428,B,HISTORICAL_SIM_FILLED,1,920471.BJ,美邦科技,bj,封单/流通市值偏高,-0.0683177643271088,796184.3702754319,741790.8341060274,candidate_net_return_x_position,,20260430,False,500000.0,892336.1447625037,-0.16870919276338858
A_plus_B_0004,20260429,A_OR_B,POSITION_OCCUPIED_SKIP,0,,,,,0.0,741790.8341060274,741790.8341060274,,920471.BJ 美邦科技,,False,500000.0,892336.1447625037,-0.16870919276338858
A_plus_B_0004,20260430,NONE,NO_CANDIDATE,0,,,,,0.0,741790.8341060274,741790.8341060274,,,,False,500000.0,892336.1447625037,-0.16870919276338858
A_plus_B_0004,20260506,B,HISTORICAL_SIM_FILLED,1,920181.BJ,赛英电子,bj,无,-0.0032001246911232805,741790.8341060274,739417.0109421557,candidate_net_return_x_position,,20260508,False,500000.0,892336.1447625037,-0.17136942700113034
A_plus_B_0004,20260507,A_OR_B,POSITION_OCCUPIED_SKIP,0,,,,,0.0,739417.0109421557,739417.0109421557,,920181.BJ 赛英电子,,False,500000.0,892336.1447625037,-0.17136942700113034
A_plus_B_0004,20260508,NONE,NO_CANDIDATE,0,,,,,0.0,739417.0109421557,739417.0109421557,,,,False,500000.0,892336.1447625037,-0.17136942700113034
A_plus_B_0004,20260511,B,HISTORICAL_SIM_FILLED,2,920125.BJ,鸿仕达,bj,无,0.03585026865671648,739417.0109421557,765925.3094337782,candidate_net_return_x_position,,20260513,False,500000.0,892336.1447625037,-0.14166279834195206
A_plus_B_0004,20260512,A_OR_B,POSITION_OCCUPIED_SKIP,0,,,,,0.0,765925.3094337782,765925.3094337782,,920125.BJ 鸿仕达,,False,500000.0,892336.1447625037,-0.14166279834195206
A_plus_B_0004,20260513,B,HISTORICAL_SIM_FILLED,1,920469.BJ,富恒新材,bj,封单/流通市值偏高,-0.04729208269858536,765925.3094337782,729703.1063590964,candidate_net_return_x_position,,20260515,False,500000.0,892336.1447625037,-0.18225535226603684
A_plus_B_0004,20260514,A_OR_B,POSITION_OCCUPIED_SKIP,0,,,,,0.0,729703.1063590964,729703.1063590964,,920469.BJ 富恒新材,,False,500000.0,892336.1447625037,-0.18225535226603684
A_plus_B_0005,20251112,B,HISTORICAL_SIM_FILLED,10,300272.SZ,开能健康,chi_next,无,-0.04090295249130936,500000.0,479548.5237543453,candidate_net_return_x_position,,20251114,False,500000.0,500000.0,-0.040902952491309374
A_plus_B_0005,20251113,A_OR_B,POSITION_OCCUPIED_SKIP,0,,,,,0.0,479548.5237543453,479548.5237543453,,300272.SZ 开能健康,,False,500000.0,500000.0,-0.040902952491309374
A_plus_B_0005,20251114,B,HISTORICAL_SIM_FILLED,10,002728.SZ,特一药业,sz_main,无,-0.10426586301369856,479548.5237543453,429547.9830681534,candidate_net_return_x_position,,20251118,False,500000.0,500000.0,-0.1409040338636932
A_plus_B_0005,20251117,A_OR_B,POSITION_OCCUPIED_SKIP,0,,,,,0.0,429547.9830681534,429547.9830681534,,002728.SZ 特一药业,,False,500000.0,500000.0,-0.1409040338636932
A_plus_B_0005,20251118,B,HISTORICAL_SIM_FILLED,10,300071.SZ,福石控股,chi_next,封单/流通市值偏高,-0.06663226373626377,429547.9830681534,400926.228572976,candidate_net_return_x_position,,20251120,False,500000.0,500000.0,-0.198147542854048
A_plus_B_0005,20251119,A_OR_B,POSITION_OCCUPIED_SKIP,0,,,,,0.0,400926.228572976,400926.228572976,,300071.SZ 福石控股,,False,500000.0,500000.0,-0.198147542854048
A_plus_B_0005,20251120,A,HISTORICAL_SIM_FILLED,1,301092.SZ,争光股份,chi_next,无,-0.0505145833968012,400926.228572976,380673.60716376145,audit_dynamic_account_return,,20251124,False,500000.0,500000.0,-0.23865278567247705
A_plus_B_0005,20251121,A_OR_B,POSITION_OCCUPIED_SKIP,0,,,,,0.0,380673.60716376145,380673.60716376145,,301092.SZ 争光股份,,False,500000.0,500000.0,-0.23865278567247705
A_plus_B_0005,20251124,NONE,NO_CANDIDATE,0,,,,,0.0,380673.60716376145,380673.60716376145,,,,False,500000.0,500000.0,-0.23865278567247705
A_plus_B_0005,20251125,A,REVIEW_REQUIRED_PLAN_ONLY,1,301117.SZ,佳缘科技,chi_next,LOSS_OVERLAY_WATCH,0.0,380673.60716376145,380673.60716376145,manual_review_skip,,20251127,False,500000.0,500000.0,-0.23865278567247705
A_plus_B_0005,20251126,B,HISTORICAL_SIM_FILLED,10,600105.SH,永鼎股份,sh_main,无,-0.03380934894613568,380673.60716376145,367803.2803445777,candidate_net_return_x_position,,20251128,False,500000.0,500000.0,-0.2643934393108447
A_plus_B_0005,20251127,A_OR_B,POSITION_OCCUPIED_SKIP,0,,,,,0.0,367803.2803445777,367803.2803445777,,600105.SH 永鼎股份,,False,500000.0,500000.0,-0.2643934393108447
A_plus_B_0005,20251128,NONE,NO_CANDIDATE,0,,,,,0.0,367803.2803445777,367803.2803445777,,,,False,500000.0,500000.0,-0.2643934393108447
A_plus_B_0005,20251201,B,HISTORICAL_SIM_FILLED,10,600734.SH,实达集团,sh_main,封单/流通市值偏高,0.0741093475935828,367803.2803445777,395060.941493694,candidate_net_return_x_position,,20251203,False,500000.0,500000.0,-0.20987811701261205
A_plus_B_0005,20251202,A_OR_B,POSITION_OCCUPIED_SKIP,0,,,,,0.0,395060.941493694,395060.941493694,,600734.SH 实达集团,,False,500000.0,500000.0,-0.20987811701261205
A_plus_B_0005,20251203,NONE,NO_CANDIDATE,0,,,,,0.0,395060.941493694,395060.941493694,,,,False,500000.0,500000.0,-0.20987811701261205
A_plus_B_0005,20251204,A,HISTORICAL_SIM_FILLED,1,300946.SZ,恒而达,chi_next,无,0.0291749495998269,395060.941493694,406586.8245506326,audit_dynamic_account_return,,20251208,False,500000.0,500000.0,-0.18682635089873478
A_plus_B_0005,20251205,A_OR_B,POSITION_OCCUPIED_SKIP,0,,,,,0.0,406586.8245506326,406586.8245506326,,300946.SZ 恒而达,,False,500000.0,500000.0,-0.18682635089873478
A_plus_B_0005,20251208,B,HISTORICAL_SIM_FILLED,10,603667.SH,五洲新春,sh_main,无,-0.00942661224489792,406586.8245506326,402754.08821170946,candidate_net_return_x_position,,20251210,False,500000.0,500000.0,-0.19449182357658112
A_plus_B_0005,20251209,A_OR_B,POSITION_OCCUPIED_SKIP,0,,,,,0.0,402754.08821170946,402754.08821170946,,603667.SH 五洲新春,,False,500000.0,500000.0,-0.19449182357658112
A_plus_B_0005,20251210,B,HISTORICAL_SIM_FILLED,10,300189.SZ,神农种业,chi_next,无,-0.03256789728958624,402754.08821170946,389637.23443386954,candidate_net_return_x_position,,20251212,False,500000.0,500000.0,-0.2207255311322609
A_plus_B_0005,20251211,A_OR_B,POSITION_OCCUPIED_SKIP,0,,,,,0.0,389637.23443386954,389637.23443386954,,300189.SZ 神农种业,,False,500000.0,500000.0,-0.2207255311322609
A_plus_B_0005,20251212,A,HISTORICAL_SIM_FILLED,1,920576.BJ,天力复合,bj,无,0.181313377355646,389637.23443386954,460283.6773525881,audit_dynamic_account_return,,20251216,False,500000.0,500000.0,-0.07943264529482374
A_plus_B_0005,20251215,A_OR_B,POSITION_OCCUPIED_SKIP,0,,,,,0.0,460283.6773525881,460283.6773525881,,920576.BJ 天力复合,,False,500000.0,500000.0,-0.07943264529482374
A_plus_B_0005,20251216,NONE,NO_CANDIDATE,0,,,,,0.0,460283.6773525881,460283.6773525881,,,,False,500000.0,500000.0,-0.07943264529482374
A_plus_B_0005,20251217,NONE,NO_CANDIDATE,0,,,,,0.0,460283.6773525881,460283.6773525881,,,,False,500000.0,500000.0,-0.07943264529482374
A_plus_B_0005,20251218,B,HISTORICAL_SIM_FILLED,10,920885.BJ,星辰科技,bj,无,0.059613391435011126,460283.6773525881,487722.7483817543,candidate_net_return_x_position,,20251222,False,500000.0,500000.0,-0.024554503236491332
A_plus_B_0005,20251219,A_OR_B,POSITION_OCCUPIED_SKIP,0,,,,,0.0,487722.7483817543,487722.7483817543,,920885.BJ 星辰科技,,False,500000.0,500000.0,-0.024554503236491332
A_plus_B_0005,20251222,B,HISTORICAL_SIM_FILLED,10,000407.SZ,胜利股份,sz_main,封单/流通市值偏高,-0.00447080314960624,487722.7483817543,485542.23598215455,candidate_net_return_x_position,,20251224,False,500000.0,500000.0,-0.028915528035690863
A_plus_B_0005,20251223,A_OR_B,POSITION_OCCUPIED_SKIP,0,,,,,0.0,485542.23598215455,485542.23598215455,,000407.SZ 胜利股份,,False,500000.0,500000.0,-0.028915528035690863
A_plus_B_0005,20251224,NONE,NO_CANDIDATE,0,,,,,0.0,485542.23598215455,485542.23598215455,,,,False,500000.0,500000.0,-0.028915528035690863
A_plus_B_0005,20251225,B,HISTORICAL_SIM_FILLED,10,300503.SZ,昊志机电,chi_next,封单/流通市值偏高,0.13275617391304337,485542.23598215455,550000.9655043294,candidate_net_return_x_position,,20251229,False,500000.0,550000.9655043294,0.0
A_plus_B_0005,20251226,A_OR_B,POSITION_OCCUPIED_SKIP,0,,,,,0.0,550000.9655043294,550000.9655043294,,300503.SZ 昊志机电,,False,500000.0,550000.9655043294,0.0
A_plus_B_0005,20251229,B,HISTORICAL_SIM_FILLED,10,603123.SH,翠微股份,sh_main,无,-0.01137157386698056,550000.9655043294,543746.5888981863,candidate_net_return_x_position,,20251231,False,500000.0,550000.9655043294,-0.011371573866980511
A_plus_B_0005,20251230,A_OR_B,POSITION_OCCUPIED_SKIP,0,,,,,0.0,543746.5888981863,543746.5888981863,,603123.SH 翠微股份,,False,500000.0,550000.9655043294,-0.011371573866980511
A_plus_B_0005,20251231,A,HISTORICAL_SIM_FILLED,2,300058.SZ,蓝色光标,chi_next,无,0.1308549259970799,543746.5888981863,614898.5085496232,audit_dynamic_account_return,,20260106,False,500000.0,614898.5085496232,0.0
A_plus_B_0005,20260105,A_OR_B,POSITION_OCCUPIED_SKIP,0,,,,,0.0,614898.5085496232,614898.5085496232,,300058.SZ 蓝色光标,,False,500000.0,614898.5085496232,0.0
A_plus_B_0005,20260106,NONE,NO_CANDIDATE,0,,,,,0.0,614898.5085496232,614898.5085496232,,,,False,500000.0,614898.5085496232,0.0
A_plus_B_0005,20260107,B,HISTORICAL_SIM_FILLED,10,301079.SZ,邵阳液压,chi_next,封单/流通市值偏高,0.18069676398822057,614898.5085496232,726008.6792257234,candidate_net_return_x_position,,20260109,False,500000.0,726008.6792257234,0.0
A_plus_B_0005,20260108,A_OR_B,POSITION_OCCUPIED_SKIP,0,,,,,0.0,726008.6792257234,726008.6792257234,,301079.SZ 邵阳液压,,False,500000.0,726008.6792257234,0.0
A_plus_B_0005,20260109,B,HISTORICAL_SIM_FILLED,10,600410.SH,华胜天成,sh_main,封单/流通市值偏高,-0.06404016475972536,726008.6792257234,679514.9637911174,candidate_net_return_x_position,,20260113,False,500000.0,726008.6792257234,-0.0640401647597254
A_plus_B_0005,20260112,A_OR_B,POSITION_OCCUPIED_SKIP,0,,,,,0.0,679514.9637911174,679514.9637911174,,600410.SH 华胜天成,,False,500000.0,726008.6792257234,-0.0640401647597254
A_plus_B_0005,20260113,B,HISTORICAL_SIM_FILLED,10,002865.SZ,钧达股份,sz_main,无,0.0031527804878048802,679514.9637911174,681657.3253101294,candidate_net_return_x_position,,20260115,False,500000.0,726008.6792257234,-0.06108928885381082
A_plus_B_0005,20260114,A_OR_B,POSITION_OCCUPIED_SKIP,0,,,,,0.0,681657.3253101294,681657.3253101294,,002865.SZ 钧达股份,,False,500000.0,726008.6792257234,-0.06108928885381082
A_plus_B_0005,20260115,A,HISTORICAL_SIM_FILLED,1,301629.SZ,矽电股份,chi_next,无,-0.0338313603969523,681657.3253101294,658595.9306703398,audit_dynamic_account_return,,20260119,False,500000.0,726008.6792257234,-0.09285391550315647
A_plus_B_0005,20260116,A_OR_B,POSITION_OCCUPIED_SKIP,0,,,,,0.0,658595.9306703398,658595.9306703398,,301629.SZ 矽电股份,,False,500000.0,726008.6792257234,-0.09285391550315647
A_plus_B_0005,20260119,A,HISTORICAL_SIM_FILLED,2,300658.SZ,延江股份,chi_next,无,0.0681174370165976,658595.9306703398,703457.7974971642,audit_dynamic_account_return,,20260121,False,500000.0,726008.6792257234,-0.031061449227589577
A_plus_B_0005,20260120,A_OR_B,POSITION_OCCUPIED_SKIP,0,,,,,0.0,703457.7974971642,703457.7974971642,,300658.SZ 延江股份,,False,500000.0,726008.6792257234,-0.031061449227589577
A_plus_B_0005,20260121,NONE,NO_CANDIDATE,0,,,,,0.0,703457.7974971642,703457.7974971642,,,,False,500000.0,726008.6792257234,-0.031061449227589577
A_plus_B_0005,20260122,B,HISTORICAL_SIM_FILLED,10,002639.SZ,雪人集团,sz_main,无,-0.04393048275862056,703457.7974971642,672554.5568527979,candidate_net_return_x_position,,20260126,False,500000.0,726008.6792257234,-0.0736273875264597
A_plus_B_0005,20260123,A_OR_B,POSITION_OCCUPIED_SKIP,0,,,,,0.0,672554.5568527979,672554.5568527979,,002639.SZ 雪人集团,,False,500000.0,726008.6792257234,-0.0736273875264597
A_plus_B_0005,20260126,NONE,NO_CANDIDATE,0,,,,,0.0,672554.5568527979,672554.5568527979,,,,False,500000.0,726008.6792257234,-0.0736273875264597
A_plus_B_0005,20260127,NONE,NO_CANDIDATE,0,,,,,0.0,672554.5568527979,672554.5568527979,,,,False,500000.0,726008.6792257234,-0.0736273875264597
A_plus_B_0005,20260128,A,HISTORICAL_SIM_FILLED,3,300164.SZ,通源石油,chi_next,无,0.0457725821591917,672554.5568527979,703339.1155628813,audit_dynamic_account_return,,20260130,False,500000.0,726008.6792257234,-0.03122492101198948
A_plus_B_0005,20260129,A_OR_B,POSITION_OCCUPIED_SKIP,0,,,,,0.0,703339.1155628813,703339.1155628813,,300164.SZ 通源石油,,False,500000.0,726008.6792257234,-0.03122492101198948
A_plus_B_0005,20260130,NONE,NO_CANDIDATE,0,,,,,0.0,703339.1155628813,703339.1155628813,,,,False,500000.0,726008.6792257234,-0.03122492101198948
A_plus_B_0005,20260202,NONE,NO_CANDIDATE,0,,,,,0.0,703339.1155628813,703339.1155628813,,,,False,500000.0,726008.6792257234,-0.03122492101198948
A_plus_B_0005,20260203,NONE,NO_CANDIDATE,0,,,,,0.0,703339.1155628813,703339.1155628813,,,,False,500000.0,726008.6792257234,-0.03122492101198948
A_plus_B_0005,20260204,NONE,NO_CANDIDATE,0,,,,,0.0,703339.1155628813,703339.1155628813,,,,False,500000.0,726008.6792257234,-0.03122492101198948
A_plus_B_0005,20260205,NONE,NO_CANDIDATE,0,,,,,0.0,703339.1155628813,703339.1155628813,,,,False,500000.0,726008.6792257234,-0.03122492101198948
A_plus_B_0005,20260206,NONE,NO_CANDIDATE,0,,,,,0.0,703339.1155628813,703339.1155628813,,,,False,500000.0,726008.6792257234,-0.03122492101198948
A_plus_B_0005,20260209,NONE,NO_CANDIDATE,0,,,,,0.0,703339.1155628813,703339.1155628813,,,,False,500000.0,726008.6792257234,-0.03122492101198948
A_plus_B_0005,20260210,B,HISTORICAL_SIM_FILLED,10,603598.SH,引力传媒,sh_main,无,-0.05520859968102065,703339.1155628813,664508.7478917671,candidate_net_return_x_position,,20260212,False,500000.0,726008.6792257234,-0.08470963652878782
A_plus_B_0005,20260211,A_OR_B,POSITION_OCCUPIED_SKIP,0,,,,,0.0,664508.7478917671,664508.7478917671,,603598.SH 引力传媒,,False,500000.0,726008.6792257234,-0.08470963652878782
A_plus_B_0005,20260212,B,HISTORICAL_SIM_FILLED,10,300846.SZ,首都在线,chi_next,封单/流通市值偏高,0.013601240778390962,664508.7478917671,673546.8913711901,candidate_net_return_x_position,,20260224,False,500000.0,726008.6792257234,-0.0722605519130749
A_plus_B_0005,20260213,A_OR_B,POSITION_OCCUPIED_SKIP,0,,,,,0.0,673546.8913711901,673546.8913711901,,300846.SZ 首都在线,,False,500000.0,726008.6792257234,-0.0722605519130749
A_plus_B_0005,20260224,NONE,NO_CANDIDATE,0,,,,,0.0,673546.8913711901,673546.8913711901,,,,False,500000.0,726008.6792257234,-0.0722605519130749
A_plus_B_0005,20260225,B,HISTORICAL_SIM_FILLED,10,601208.SH,东材科技,sh_main,无,0.04437672727272721,673546.8913711901,703436.6980749626,candidate_net_return_x_position,,20260227,False,500000.0,726008.6792257234,-0.031090511445170943
A_plus_B_0005,20260226,A_OR_B,POSITION_OCCUPIED_SKIP,0,,,,,0.0,703436.6980749626,703436.6980749626,,601208.SH 东材科技,,False,500000.0,726008.6792257234,-0.031090511445170943
A_plus_B_0005,20260227,A,HISTORICAL_SIM_FILLED,1,301226.SZ,祥明智能,chi_next,无,-0.008639399722093521,703436.6980749626,697359.4272611034,candidate_net_return_x_position,,20260303,False,500000.0,726008.6792257234,-0.039461307811325286
A_plus_B_0005,20260302,A_OR_B,POSITION_OCCUPIED_SKIP,0,,,,,0.0,697359.4272611034,697359.4272611034,,301226.SZ 祥明智能,,False,500000.0,726008.6792257234,-0.039461307811325286
A_plus_B_0005,20260303,NONE,NO_CANDIDATE,0,,,,,0.0,697359.4272611034,697359.4272611034,,,,False,500000.0,726008.6792257234,-0.039461307811325286
A_plus_B_0005,20260304,NONE,NO_CANDIDATE,0,,,,,0.0,697359.4272611034,697359.4272611034,,,,False,500000.0,726008.6792257234,-0.039461307811325286
A_plus_B_0005,20260305,NONE,NO_CANDIDATE,0,,,,,0.0,697359.4272611034,697359.4272611034,,,,False,500000.0,726008.6792257234,-0.039461307811325286
A_plus_B_0005,20260306,NONE,NO_CANDIDATE,0,,,,,0.0,697359.4272611034,697359.4272611034,,,,False,500000.0,726008.6792257234,-0.039461307811325286
A_plus_B_0005,20260309,A,REVIEW_REQUIRED_PLAN_ONLY,1,301606.SZ,绿联科技,chi_next,LOSS_OVERLAY_WATCH,0.0,697359.4272611034,697359.4272611034,manual_review_skip,,20260311,False,500000.0,726008.6792257234,-0.039461307811325286
A_plus_B_0005,20260310,NONE,NO_CANDIDATE,0,,,,,0.0,697359.4272611034,697359.4272611034,,,,False,500000.0,726008.6792257234,-0.039461307811325286
A_plus_B_0005,20260311,NONE,NO_CANDIDATE,0,,,,,0.0,697359.4272611034,697359.4272611034,,,,False,500000.0,726008.6792257234,-0.039461307811325286
A_plus_B_0005,20260312,NONE,NO_CANDIDATE,0,,,,,0.0,697359.4272611034,697359.4272611034,,,,False,500000.0,726008.6792257234,-0.039461307811325286
A_plus_B_0005,20260313,NONE,NO_CANDIDATE,0,,,,,0.0,697359.4272611034,697359.4272611034,,,,False,500000.0,726008.6792257234,-0.039461307811325286
A_plus_B_0005,20260316,NONE,NO_CANDIDATE,0,,,,,0.0,697359.4272611034,697359.4272611034,,,,False,500000.0,726008.6792257234,-0.039461307811325286
A_plus_B_0005,20260317,NONE,NO_CANDIDATE,0,,,,,0.0,697359.4272611034,697359.4272611034,,,,False,500000.0,726008.6792257234,-0.039461307811325286
A_plus_B_0005,20260318,NONE,NO_CANDIDATE,0,,,,,0.0,697359.4272611034,697359.4272611034,,,,False,500000.0,726008.6792257234,-0.039461307811325286
A_plus_B_0005,20260319,NONE,NO_CANDIDATE,0,,,,,0.0,697359.4272611034,697359.4272611034,,,,False,500000.0,726008.6792257234,-0.039461307811325286
A_plus_B_0005,20260320,NONE,NO_CANDIDATE,0,,,,,0.0,697359.4272611034,697359.4272611034,,,,False,500000.0,726008.6792257234,-0.039461307811325286
A_plus_B_0005,20260323,NONE,NO_CANDIDATE,0,,,,,0.0,697359.4272611034,697359.4272611034,,,,False,500000.0,726008.6792257234,-0.039461307811325286
A_plus_B_0005,20260324,NONE,NO_CANDIDATE,0,,,,,0.0,697359.4272611034,697359.4272611034,,,,False,500000.0,726008.6792257234,-0.039461307811325286
A_plus_B_0005,20260325,B,HISTORICAL_SIM_FILLED,10,300069.SZ,金利华电,chi_next,封单/流通市值偏高,-0.05600334463276832,697359.4272611034,658304.9669232899,candidate_net_return_x_position,,20260327,False,500000.0,726008.6792257234,-0.09325468722307617
A_plus_B_0005,20260326,A_OR_B,POSITION_OCCUPIED_SKIP,0,,,,,0.0,658304.9669232899,658304.9669232899,,300069.SZ 金利华电,,False,500000.0,726008.6792257234,-0.09325468722307617
A_plus_B_0005,20260327,A,HISTORICAL_SIM_FILLED,1,300204.SZ,舒泰神,chi_next,无,0.0397618491523106,658304.9669232899,684480.3897143106,audit_dynamic_account_return,,20260331,False,500000.0,726008.6792257234,-0.05720081687687539
A_plus_B_0005,20260330,A_OR_B,POSITION_OCCUPIED_SKIP,0,,,,,0.0,684480.3897143106,684480.3897143106,,300204.SZ 舒泰神,,False,500000.0,726008.6792257234,-0.05720081687687539
A_plus_B_0005,20260331,NONE,NO_CANDIDATE,0,,,,,0.0,684480.3897143106,684480.3897143106,,,,False,500000.0,726008.6792257234,-0.05720081687687539
A_plus_B_0005,20260401,NONE,NO_CANDIDATE,0,,,,,0.0,684480.3897143106,684480.3897143106,,,,False,500000.0,726008.6792257234,-0.05720081687687539
A_plus_B_0005,20260402,NONE,NO_CANDIDATE,0,,,,,0.0,684480.3897143106,684480.3897143106,,,,False,500000.0,726008.6792257234,-0.05720081687687539
A_plus_B_0005,20260403,NONE,NO_CANDIDATE,0,,,,,0.0,684480.3897143106,684480.3897143106,,,,False,500000.0,726008.6792257234,-0.05720081687687539
A_plus_B_0005,20260407,NONE,NO_CANDIDATE,0,,,,,0.0,684480.3897143106,684480.3897143106,,,,False,500000.0,726008.6792257234,-0.05720081687687539
A_plus_B_0005,20260408,NONE,NO_CANDIDATE,0,,,,,0.0,684480.3897143106,684480.3897143106,,,,False,500000.0,726008.6792257234,-0.05720081687687539
A_plus_B_0005,20260409,A,HISTORICAL_SIM_FILLED,1,300489.SZ,光智科技,chi_next,无,0.0826627480845445,684480.3897143106,741061.4197380756,audit_dynamic_account_return,,20260413,False,500000.0,741061.4197380756,0.0
A_plus_B_0005,20260410,A_OR_B,POSITION_OCCUPIED_SKIP,0,,,,,0.0,741061.4197380756,741061.4197380756,,300489.SZ 光智科技,,False,500000.0,741061.4197380756,0.0
A_plus_B_0005,20260413,NONE,NO_CANDIDATE,0,,,,,0.0,741061.4197380756,741061.4197380756,,,,False,500000.0,741061.4197380756,0.0
A_plus_B_0005,20260414,A,HISTORICAL_SIM_FILLED,1,301189.SZ,奥尼电子,chi_next,无,-0.0350052172427846,741061.4197380756,715120.4037498978,audit_dynamic_account_return,,20260416,False,500000.0,741061.4197380756,-0.0350052172427846
A_plus_B_0005,20260415,A_OR_B,POSITION_OCCUPIED_SKIP,0,,,,,0.0,715120.4037498978,715120.4037498978,,301189.SZ 奥尼电子,,False,500000.0,741061.4197380756,-0.0350052172427846
A_plus_B_0005,20260416,NONE,NO_CANDIDATE,0,,,,,0.0,715120.4037498978,715120.4037498978,,,,False,500000.0,741061.4197380756,-0.0350052172427846
A_plus_B_0005,20260417,A,HISTORICAL_SIM_FILLED,4,301319.SZ,唯特偶,chi_next,无,0.0352808081329955,715120.4037498978,740350.4295065881,audit_dynamic_account_return,,20260421,False,500000.0,741061.4197380756,-0.0009594214629857767
A_plus_B_0005,20260420,A_OR_B,POSITION_OCCUPIED_SKIP,0,,,,,0.0,740350.4295065881,740350.4295065881,,301319.SZ 唯特偶,,False,500000.0,741061.4197380756,-0.0009594214629857767
A_plus_B_0005,20260421,NONE,NO_CANDIDATE,0,,,,,0.0,740350.4295065881,740350.4295065881,,,,False,500000.0,741061.4197380756,-0.0009594214629857767
A_plus_B_0005,20260422,NONE,NO_CANDIDATE,0,,,,,0.0,740350.4295065881,740350.4295065881,,,,False,500000.0,741061.4197380756,-0.0009594214629857767
A_plus_B_0005,20260423,NONE,NO_CANDIDATE,0,,,,,0.0,740350.4295065881,740350.4295065881,,,,False,500000.0,741061.4197380756,-0.0009594214629857767
A_plus_B_0005,20260424,NONE,NO_CANDIDATE,0,,,,,0.0,740350.4295065881,740350.4295065881,,,,False,500000.0,741061.4197380756,-0.0009594214629857767
A_plus_B_0005,20260427,NONE,NO_CANDIDATE,0,,,,,0.0,740350.4295065881,740350.4295065881,,,,False,500000.0,741061.4197380756,-0.0009594214629857767
A_plus_B_0005,20260428,NONE,NO_CANDIDATE,0,,,,,0.0,740350.4295065881,740350.4295065881,,,,False,500000.0,741061.4197380756,-0.0009594214629857767
A_plus_B_0005,20260429,NONE,NO_CANDIDATE,0,,,,,0.0,740350.4295065881,740350.4295065881,,,,False,500000.0,741061.4197380756,-0.0009594214629857767
A_plus_B_0005,20260430,B,HISTORICAL_SIM_FILLED,10,600714.SH,金瑞矿业,sh_main,封单/流通市值偏高,0.009049701357466,740350.4295065881,747050.3797934945,candidate_net_return_x_position,,20260507,False,500000.0,747050.3797934945,0.0
A_plus_B_0005,20260506,A_OR_B,POSITION_OCCUPIED_SKIP,0,,,,,0.0,747050.3797934945,747050.3797934945,,600714.SH 金瑞矿业,,False,500000.0,747050.3797934945,0.0
A_plus_B_0005,20260507,B,HISTORICAL_SIM_FILLED,10,002317.SZ,众生药业,sz_main,无,-0.01354373735581192,747050.3797934945,736932.5256580118,candidate_net_return_x_position,,20260511,False,500000.0,747050.3797934945,-0.013543737355812047
A_plus_B_0005,20260508,A_OR_B,POSITION_OCCUPIED_SKIP,0,,,,,0.0,736932.5256580118,736932.5256580118,,002317.SZ 众生药业,,False,500000.0,747050.3797934945,-0.013543737355812047
A_plus_B_0005,20260511,B,HISTORICAL_SIM_FILLED,10,603275.SH,众辰科技,sh_main,无,-0.01920437657524088,736932.5256580118,722780.195924732,candidate_net_return_x_position,,20260513,False,500000.0,747050.3797934945,-0.03248801489863562
A_plus_B_0005,20260512,A_OR_B,POSITION_OCCUPIED_SKIP,0,,,,,0.0,722780.195924732,722780.195924732,,603275.SH 众辰科技,,False,500000.0,747050.3797934945,-0.03248801489863562
A_plus_B_0005,20260513,B,HISTORICAL_SIM_FILLED,10,002654.SZ,万润科技,sz_main,无,-0.02769132163742688,722780.195924732,702765.4570462179,candidate_net_return_x_position,,20260515,False,500000.0,747050.3797934945,-0.05927970046614284
A_plus_B_0005,20260514,A_OR_B,POSITION_OCCUPIED_SKIP,0,,,,,0.0,702765.4570462179,702765.4570462179,,002654.SZ 万润科技,,False,500000.0,747050.3797934945,-0.05927970046614284
A_plus_B_0006,20251112,NONE,NO_CANDIDATE,0,,,,,0.0,500000.0,500000.0,,,,False,500000.0,500000.0,0.0
A_plus_B_0006,20251113,NONE,NO_CANDIDATE,0,,,,,0.0,500000.0,500000.0,,,,False,500000.0,500000.0,0.0
A_plus_B_0006,20251114,NONE,NO_CANDIDATE,0,,,,,0.0,500000.0,500000.0,,,,False,500000.0,500000.0,0.0
A_plus_B_0006,20251117,NONE,NO_CANDIDATE,0,,,,,0.0,500000.0,500000.0,,,,False,500000.0,500000.0,0.0
A_plus_B_0006,20251118,NONE,NO_CANDIDATE,0,,,,,0.0,500000.0,500000.0,,,,False,500000.0,500000.0,0.0
A_plus_B_0006,20251119,NONE,NO_CANDIDATE,0,,,,,0.0,500000.0,500000.0,,,,False,500000.0,500000.0,0.0
A_plus_B_0006,20251120,A,HISTORICAL_SIM_FILLED,1,301092.SZ,争光股份,chi_next,无,-0.0505145833968012,500000.0,474742.7083015994,audit_dynamic_account_return,,20251124,False,500000.0,500000.0,-0.05051458339680115
A_plus_B_0006,20251121,A_OR_B,POSITION_OCCUPIED_SKIP,0,,,,,0.0,474742.7083015994,474742.7083015994,,301092.SZ 争光股份,,False,500000.0,500000.0,-0.05051458339680115
A_plus_B_0006,20251124,NONE,NO_CANDIDATE,0,,,,,0.0,474742.7083015994,474742.7083015994,,,,False,500000.0,500000.0,-0.05051458339680115
A_plus_B_0006,20251125,A,REVIEW_REQUIRED_PLAN_ONLY,1,301117.SZ,佳缘科技,chi_next,LOSS_OVERLAY_WATCH,0.0,474742.7083015994,474742.7083015994,manual_review_skip,,20251127,False,500000.0,500000.0,-0.05051458339680115
A_plus_B_0006,20251126,NONE,NO_CANDIDATE,0,,,,,0.0,474742.7083015994,474742.7083015994,,,,False,500000.0,500000.0,-0.05051458339680115
A_plus_B_0006,20251127,NONE,NO_CANDIDATE,0,,,,,0.0,474742.7083015994,474742.7083015994,,,,False,500000.0,500000.0,-0.05051458339680115
A_plus_B_0006,20251128,NONE,NO_CANDIDATE,0,,,,,0.0,474742.7083015994,474742.7083015994,,,,False,500000.0,500000.0,-0.05051458339680115
A_plus_B_0006,20251201,NONE,NO_CANDIDATE,0,,,,,0.0,474742.7083015994,474742.7083015994,,,,False,500000.0,500000.0,-0.05051458339680115
A_plus_B_0006,20251202,NONE,NO_CANDIDATE,0,,,,,0.0,474742.7083015994,474742.7083015994,,,,False,500000.0,500000.0,-0.05051458339680115
A_plus_B_0006,20251203,NONE,NO_CANDIDATE,0,,,,,0.0,474742.7083015994,474742.7083015994,,,,False,500000.0,500000.0,-0.05051458339680115
A_plus_B_0006,20251204,A,HISTORICAL_SIM_FILLED,1,300946.SZ,恒而达,chi_next,无,0.0291749495998269,474742.7083015994,488593.30288918386,audit_dynamic_account_return,,20251208,False,500000.0,500000.0,-0.02281339422163231
A_plus_B_0006,20251205,A_OR_B,POSITION_OCCUPIED_SKIP,0,,,,,0.0,488593.30288918386,488593.30288918386,,300946.SZ 恒而达,,False,500000.0,500000.0,-0.02281339422163231
A_plus_B_0006,20251208,NONE,NO_CANDIDATE,0,,,,,0.0,488593.30288918386,488593.30288918386,,,,False,500000.0,500000.0,-0.02281339422163231
A_plus_B_0006,20251209,NONE,NO_CANDIDATE,0,,,,,0.0,488593.30288918386,488593.30288918386,,,,False,500000.0,500000.0,-0.02281339422163231
A_plus_B_0006,20251210,NONE,NO_CANDIDATE,0,,,,,0.0,488593.30288918386,488593.30288918386,,,,False,500000.0,500000.0,-0.02281339422163231
A_plus_B_0006,20251211,NONE,NO_CANDIDATE,0,,,,,0.0,488593.30288918386,488593.30288918386,,,,False,500000.0,500000.0,-0.02281339422163231
A_plus_B_0006,20251212,A,HISTORICAL_SIM_FILLED,1,920576.BJ,天力复合,bj,无,0.181313377355646,488593.30288918386,577181.8047893719,audit_dynamic_account_return,,20251216,False,500000.0,577181.8047893719,0.0
A_plus_B_0006,20251215,A_OR_B,POSITION_OCCUPIED_SKIP,0,,,,,0.0,577181.8047893719,577181.8047893719,,920576.BJ 天力复合,,False,500000.0,577181.8047893719,0.0
A_plus_B_0006,20251216,NONE,NO_CANDIDATE,0,,,,,0.0,577181.8047893719,577181.8047893719,,,,False,500000.0,577181.8047893719,0.0
A_plus_B_0006,20251217,B,HISTORICAL_SIM_FILLED,10,301205.SZ,联特科技,chi_next,无,-0.0276341099098088,577181.8047893719,561231.8993578806,candidate_net_return_x_position,,20251219,False,500000.0,577181.8047893719,-0.027634109909808857
A_plus_B_0006,20251218,A_OR_B,POSITION_OCCUPIED_SKIP,0,,,,,0.0,561231.8993578806,561231.8993578806,,301205.SZ 联特科技,,False,500000.0,577181.8047893719,-0.027634109909808857
A_plus_B_0006,20251219,A,REVIEW_REQUIRED_PLAN_ONLY,2,300557.SZ,理工光科,chi_next,LOSS_OVERLAY_WATCH,0.0,561231.8993578806,561231.8993578806,manual_review_skip,,20251223,False,500000.0,577181.8047893719,-0.027634109909808857
A_plus_B_0006,20251222,NONE,NO_CANDIDATE,0,,,,,0.0,561231.8993578806,561231.8993578806,,,,False,500000.0,577181.8047893719,-0.027634109909808857
A_plus_B_0006,20251223,NONE,NO_CANDIDATE,0,,,,,0.0,561231.8993578806,561231.8993578806,,,,False,500000.0,577181.8047893719,-0.027634109909808857
A_plus_B_0006,20251224,NONE,NO_CANDIDATE,0,,,,,0.0,561231.8993578806,561231.8993578806,,,,False,500000.0,577181.8047893719,-0.027634109909808857
A_plus_B_0006,20251225,NONE,NO_CANDIDATE,0,,,,,0.0,561231.8993578806,561231.8993578806,,,,False,500000.0,577181.8047893719,-0.027634109909808857
A_plus_B_0006,20251226,NONE,NO_CANDIDATE,0,,,,,0.0,561231.8993578806,561231.8993578806,,,,False,500000.0,577181.8047893719,-0.027634109909808857
A_plus_B_0006,20251229,NONE,NO_CANDIDATE,0,,,,,0.0,561231.8993578806,561231.8993578806,,,,False,500000.0,577181.8047893719,-0.027634109909808857
A_plus_B_0006,20251230,NONE,NO_CANDIDATE,0,,,,,0.0,561231.8993578806,561231.8993578806,,,,False,500000.0,577181.8047893719,-0.027634109909808857
A_plus_B_0006,20251231,A,HISTORICAL_SIM_FILLED,2,300058.SZ,蓝色光标,chi_next,无,0.1308549259970799,561231.8993578806,634671.8580155567,audit_dynamic_account_return,,20260106,False,500000.0,634671.8580155567,0.0
A_plus_B_0006,20260105,A_OR_B,POSITION_OCCUPIED_SKIP,0,,,,,0.0,634671.8580155567,634671.8580155567,,300058.SZ 蓝色光标,,False,500000.0,634671.8580155567,0.0
A_plus_B_0006,20260106,NONE,NO_CANDIDATE,0,,,,,0.0,634671.8580155567,634671.8580155567,,,,False,500000.0,634671.8580155567,0.0
A_plus_B_0006,20260107,NONE,NO_CANDIDATE,0,,,,,0.0,634671.8580155567,634671.8580155567,,,,False,500000.0,634671.8580155567,0.0
A_plus_B_0006,20260108,NONE,NO_CANDIDATE,0,,,,,0.0,634671.8580155567,634671.8580155567,,,,False,500000.0,634671.8580155567,0.0
A_plus_B_0006,20260109,NONE,NO_CANDIDATE,0,,,,,0.0,634671.8580155567,634671.8580155567,,,,False,500000.0,634671.8580155567,0.0
A_plus_B_0006,20260112,NONE,NO_CANDIDATE,0,,,,,0.0,634671.8580155567,634671.8580155567,,,,False,500000.0,634671.8580155567,0.0
A_plus_B_0006,20260113,NONE,NO_CANDIDATE,0,,,,,0.0,634671.8580155567,634671.8580155567,,,,False,500000.0,634671.8580155567,0.0
A_plus_B_0006,20260114,NONE,NO_CANDIDATE,0,,,,,0.0,634671.8580155567,634671.8580155567,,,,False,500000.0,634671.8580155567,0.0
A_plus_B_0006,20260115,A,HISTORICAL_SIM_FILLED,1,301629.SZ,矽电股份,chi_next,无,-0.0338313603969523,634671.8580155567,613200.045653229,audit_dynamic_account_return,,20260119,False,500000.0,634671.8580155567,-0.03383136039695245
A_plus_B_0006,20260116,A_OR_B,POSITION_OCCUPIED_SKIP,0,,,,,0.0,613200.045653229,613200.045653229,,301629.SZ 矽电股份,,False,500000.0,634671.8580155567,-0.03383136039695245
A_plus_B_0006,20260119,A,HISTORICAL_SIM_FILLED,2,300658.SZ,延江股份,chi_next,无,0.0681174370165976,613200.045653229,654969.6611415875,audit_dynamic_account_return,,20260121,False,500000.0,654969.6611415875,0.0
A_plus_B_0006,20260120,A_OR_B,POSITION_OCCUPIED_SKIP,0,,,,,0.0,654969.6611415875,654969.6611415875,,300658.SZ 延江股份,,False,500000.0,654969.6611415875,0.0
A_plus_B_0006,20260121,B,HISTORICAL_SIM_FILLED,10,603257.SH,中国瑞林,sh_main,封单/流通市值偏高,-0.007788966360856241,654969.6611415875,649868.1244835743,candidate_net_return_x_position,,20260123,False,500000.0,654969.6611415875,-0.007788966360856242
A_plus_B_0006,20260122,A_OR_B,POSITION_OCCUPIED_SKIP,0,,,,,0.0,649868.1244835743,649868.1244835743,,603257.SH 中国瑞林,,False,500000.0,654969.6611415875,-0.007788966360856242
A_plus_B_0006,20260123,A,HISTORICAL_SIM_FILLED,1,920368.BJ,连城数控,bj,无,0.1027727855059111,649868.1244835743,716656.8818482534,audit_dynamic_account_return,,20260127,False,500000.0,716656.8818482534,0.0
A_plus_B_0006,20260126,A_OR_B,POSITION_OCCUPIED_SKIP,0,,,,,0.0,716656.8818482534,716656.8818482534,,920368.BJ 连城数控,,False,500000.0,716656.8818482534,0.0
A_plus_B_0006,20260127,NONE,NO_CANDIDATE,0,,,,,0.0,716656.8818482534,716656.8818482534,,,,False,500000.0,716656.8818482534,0.0
A_plus_B_0006,20260128,A,HISTORICAL_SIM_FILLED,3,300164.SZ,通源石油,chi_next,无,0.0457725821591917,716656.8818482534,749460.1178526027,audit_dynamic_account_return,,20260130,False,500000.0,749460.1178526027,0.0
A_plus_B_0006,20260129,A_OR_B,POSITION_OCCUPIED_SKIP,0,,,,,0.0,749460.1178526027,749460.1178526027,,300164.SZ 通源石油,,False,500000.0,749460.1178526027,0.0
A_plus_B_0006,20260130,B,HISTORICAL_SIM_FILLED,10,300731.SZ,科创新源,chi_next,封单/流通市值偏高,-0.03635959820523952,749460.1178526027,722210.0490966307,candidate_net_return_x_position,,20260203,False,500000.0,749460.1178526027,-0.036359598205239485
A_plus_B_0006,20260202,A_OR_B,POSITION_OCCUPIED_SKIP,0,,,,,0.0,722210.0490966307,722210.0490966307,,300731.SZ 科创新源,,False,500000.0,749460.1178526027,-0.036359598205239485
A_plus_B_0006,20260203,NONE,NO_CANDIDATE,0,,,,,0.0,722210.0490966307,722210.0490966307,,,,False,500000.0,749460.1178526027,-0.036359598205239485
A_plus_B_0006,20260204,NONE,NO_CANDIDATE,0,,,,,0.0,722210.0490966307,722210.0490966307,,,,False,500000.0,749460.1178526027,-0.036359598205239485
A_plus_B_0006,20260205,NONE,NO_CANDIDATE,0,,,,,0.0,722210.0490966307,722210.0490966307,,,,False,500000.0,749460.1178526027,-0.036359598205239485
A_plus_B_0006,20260206,B,REVIEW_REQUIRED_PLAN_ONLY,10,603881.SH,数据港,sh_main,LOSS_OVERLAY_WATCH,0.0,722210.0490966307,722210.0490966307,manual_review_skip,,20260210,False,500000.0,749460.1178526027,-0.036359598205239485
A_plus_B_0006,20260209,NONE,NO_CANDIDATE,0,,,,,0.0,722210.0490966307,722210.0490966307,,,,False,500000.0,749460.1178526027,-0.036359598205239485
A_plus_B_0006,20260210,NONE,NO_CANDIDATE,0,,,,,0.0,722210.0490966307,722210.0490966307,,,,False,500000.0,749460.1178526027,-0.036359598205239485
A_plus_B_0006,20260211,NONE,NO_CANDIDATE,0,,,,,0.0,722210.0490966307,722210.0490966307,,,,False,500000.0,749460.1178526027,-0.036359598205239485
A_plus_B_0006,20260212,NONE,NO_CANDIDATE,0,,,,,0.0,722210.0490966307,722210.0490966307,,,,False,500000.0,749460.1178526027,-0.036359598205239485
A_plus_B_0006,20260213,B,HISTORICAL_SIM_FILLED,10,002009.SZ,天奇股份,sz_main,无,-0.10221070743278865,722210.0490966307,648392.4490633949,candidate_net_return_x_position,,20260225,False,500000.0,749460.1178526027,-0.1348539653834988
A_plus_B_0006,20260224,A_OR_B,POSITION_OCCUPIED_SKIP,0,,,,,0.0,648392.4490633949,648392.4490633949,,002009.SZ 天奇股份,,False,500000.0,749460.1178526027,-0.1348539653834988
A_plus_B_0006,20260225,NONE,NO_CANDIDATE,0,,,,,0.0,648392.4490633949,648392.4490633949,,,,False,500000.0,749460.1178526027,-0.1348539653834988
A_plus_B_0006,20260226,A,HISTORICAL_SIM_FILLED,3,300499.SZ,高澜股份,chi_next,无,0.0193948880593092,648392.4490633949,660967.9480314808,audit_dynamic_account_return,,20260302,False,500000.0,749460.1178526027,-0.11807455488715657
A_plus_B_0006,20260227,A_OR_B,POSITION_OCCUPIED_SKIP,0,,,,,0.0,660967.9480314808,660967.9480314808,,300499.SZ 高澜股份,,False,500000.0,749460.1178526027,-0.11807455488715657
A_plus_B_0006,20260302,NONE,NO_CANDIDATE,0,,,,,0.0,660967.9480314808,660967.9480314808,,,,False,500000.0,749460.1178526027,-0.11807455488715657
A_plus_B_0006,20260303,NONE,NO_CANDIDATE,0,,,,,0.0,660967.9480314808,660967.9480314808,,,,False,500000.0,749460.1178526027,-0.11807455488715657
A_plus_B_0006,20260304,B,REVIEW_REQUIRED_PLAN_ONLY,10,002877.SZ,智能自控,sz_main,封单/流通市值偏高;LOSS_OVERLAY_WATCH,0.0,660967.9480314808,660967.9480314808,manual_review_skip,,20260306,False,500000.0,749460.1178526027,-0.11807455488715657
A_plus_B_0006,20260305,B,HISTORICAL_SIM_FILLED,10,000815.SZ,美利云,sz_main,无,0.14318178510217544,660967.9480314808,755606.5187259502,candidate_net_return_x_position,,20260309,False,500000.0,755606.5187259502,0.0
A_plus_B_0006,20260306,A_OR_B,POSITION_OCCUPIED_SKIP,0,,,,,0.0,755606.5187259502,755606.5187259502,,000815.SZ 美利云,,False,500000.0,755606.5187259502,0.0
A_plus_B_0006,20260309,A,REVIEW_REQUIRED_PLAN_ONLY,1,301606.SZ,绿联科技,chi_next,LOSS_OVERLAY_WATCH,0.0,755606.5187259502,755606.5187259502,manual_review_skip,,20260311,False,500000.0,755606.5187259502,0.0
A_plus_B_0006,20260310,B,HISTORICAL_SIM_FILLED,10,002575.SZ,群兴玩具,sz_main,封单/流通市值偏高,-0.07601427956989257,755606.5187259502,698169.6335666825,candidate_net_return_x_position,,20260312,False,500000.0,755606.5187259502,-0.0760142795698926
A_plus_B_0006,20260311,A_OR_B,POSITION_OCCUPIED_SKIP,0,,,,,0.0,698169.6335666825,698169.6335666825,,002575.SZ 群兴玩具,,False,500000.0,755606.5187259502,-0.0760142795698926
A_plus_B_0006,20260312,B,HISTORICAL_SIM_FILLED,10,603092.SH,德力佳,sh_main,无,0.0065336165831188,698169.6335666825,702731.2062623838,candidate_net_return_x_position,,20260316,False,500000.0,755606.5187259502,-0.06997731114432537
A_plus_B_0006,20260313,A_OR_B,POSITION_OCCUPIED_SKIP,0,,,,,0.0,702731.2062623838,702731.2062623838,,603092.SH 德力佳,,False,500000.0,755606.5187259502,-0.06997731114432537
A_plus_B_0006,20260316,B,HISTORICAL_SIM_FILLED,10,300606.SZ,金太阳,chi_next,封单/流通市值偏高,-0.00099123809523808,702731.2062623838,702034.632320024,candidate_net_return_x_position,,20260318,False,500000.0,755606.5187259502,-0.0708991850629549
A_plus_B_0006,20260317,A_OR_B,POSITION_OCCUPIED_SKIP,0,,,,,0.0,702034.632320024,702034.632320024,,300606.SZ 金太阳,,False,500000.0,755606.5187259502,-0.0708991850629549
A_plus_B_0006,20260318,B,HISTORICAL_SIM_FILLED,10,301306.SZ,西测测试,chi_next,封单/流通市值偏高,-0.0028352835458408,702034.632320024,700044.1650783966,candidate_net_return_x_position,,20260320,False,500000.0,755606.5187259502,-0.07353344931597317
A_plus_B_0006,20260319,A_OR_B,POSITION_OCCUPIED_SKIP,0,,,,,0.0,700044.1650783966,700044.1650783966,,301306.SZ 西测测试,,False,500000.0,755606.5187259502,-0.07353344931597317
A_plus_B_0006,20260320,B,HISTORICAL_SIM_FILLED,10,301658.SZ,首航新能,chi_next,封单/流通市值偏高,-0.01758452459016384,700044.1650783966,687734.2212433749,candidate_net_return_x_position,,20260324,False,500000.0,755606.5187259502,-0.0898249231584406
A_plus_B_0006,20260323,A_OR_B,POSITION_OCCUPIED_SKIP,0,,,,,0.0,687734.2212433749,687734.2212433749,,301658.SZ 首航新能,,False,500000.0,755606.5187259502,-0.0898249231584406
A_plus_B_0006,20260324,B,HISTORICAL_SIM_FILLED,10,601016.SH,节能风电,sh_main,无,0.05011604819277096,687734.2212433749,722200.7426190256,candidate_net_return_x_position,,20260326,False,500000.0,755606.5187259502,-0.04421054514359002
A_plus_B_0006,20260325,A_OR_B,POSITION_OCCUPIED_SKIP,0,,,,,0.0,722200.7426190256,722200.7426190256,,601016.SH 节能风电,,False,500000.0,755606.5187259502,-0.04421054514359002
A_plus_B_0006,20260326,NONE,NO_CANDIDATE,0,,,,,0.0,722200.7426190256,722200.7426190256,,,,False,500000.0,755606.5187259502,-0.04421054514359002
A_plus_B_0006,20260327,A,HISTORICAL_SIM_FILLED,1,300204.SZ,舒泰神,chi_next,无,0.0397618491523106,722200.7426190256,750916.7796047301,audit_dynamic_account_return,,20260331,False,500000.0,755606.5187259502,-0.006206589018220243
A_plus_B_0006,20260330,A_OR_B,POSITION_OCCUPIED_SKIP,0,,,,,0.0,750916.7796047301,750916.7796047301,,300204.SZ 舒泰神,,False,500000.0,755606.5187259502,-0.006206589018220243
A_plus_B_0006,20260331,B,HISTORICAL_SIM_FILLED,10,301008.SZ,宏昌科技,chi_next,封单/流通市值偏高,-0.1387695306039724,750916.7796047301,646712.410576335,candidate_net_return_x_position,,20260402,False,500000.0,755606.5187259502,-0.1441148341774825
A_plus_B_0006,20260401,A_OR_B,POSITION_OCCUPIED_SKIP,0,,,,,0.0,646712.410576335,646712.410576335,,301008.SZ 宏昌科技,,False,500000.0,755606.5187259502,-0.1441148341774825
A_plus_B_0006,20260402,B,HISTORICAL_SIM_FILLED,10,603122.SH,合富中国,sh_main,封单/流通市值偏高,0.09212807704654896,646712.410576335,706292.781364871,candidate_net_return_x_position,,20260407,False,500000.0,755606.5187259502,-0.06526377967758734
A_plus_B_0006,20260403,A_OR_B,POSITION_OCCUPIED_SKIP,0,,,,,0.0,706292.781364871,706292.781364871,,603122.SH 合富中国,,False,500000.0,755606.5187259502,-0.06526377967758734
A_plus_B_0006,20260407,B,HISTORICAL_SIM_FILLED,10,603090.SH,宏盛股份,sh_main,封单/流通市值偏高,0.02519967060248256,706292.781364871,724091.126804177,candidate_net_return_x_position,,20260409,False,500000.0,755606.5187259502,-0.04170873482525295
A_plus_B_0006,20260408,A_OR_B,POSITION_OCCUPIED_SKIP,0,,,,,0.0,724091.126804177,724091.126804177,,603090.SH 宏盛股份,,False,500000.0,755606.5187259502,-0.04170873482525295
A_plus_B_0006,20260409,A,HISTORICAL_SIM_FILLED,1,300489.SZ,光智科技,chi_next,无,0.0826627480845445,724091.126804177,783946.4892094446,audit_dynamic_account_return,,20260413,False,500000.0,783946.4892094446,0.0
A_plus_B_0006,20260410,A_OR_B,POSITION_OCCUPIED_SKIP,0,,,,,0.0,783946.4892094446,783946.4892094446,,300489.SZ 光智科技,,False,500000.0,783946.4892094446,0.0
A_plus_B_0006,20260413,B,HISTORICAL_SIM_FILLED,10,301667.SZ,纳百川,chi_next,封单/流通市值偏高,-0.037555724804760084,783946.4892094446,754504.8105990369,candidate_net_return_x_position,,20260415,False,500000.0,783946.4892094446,-0.037555724804760104
A_plus_B_0006,20260414,A_OR_B,POSITION_OCCUPIED_SKIP,0,,,,,0.0,754504.8105990369,754504.8105990369,,301667.SZ 纳百川,,False,500000.0,783946.4892094446,-0.037555724804760104
A_plus_B_0006,20260415,A,HISTORICAL_SIM_FILLED,1,301189.SZ,奥尼电子,chi_next,无,-0.042756950173812244,754504.8105990369,722244.4860063522,candidate_net_return_x_position,,20260417,False,500000.0,783946.4892094446,-0.07870690672435376
A_plus_B_0006,20260416,A_OR_B,POSITION_OCCUPIED_SKIP,0,,,,,0.0,722244.4860063522,722244.4860063522,,301189.SZ 奥尼电子,,False,500000.0,783946.4892094446,-0.07870690672435376
A_plus_B_0006,20260417,A,HISTORICAL_SIM_FILLED,4,301319.SZ,唯特偶,chi_next,无,0.0352808081329955,722244.4860063522,747725.8551422562,audit_dynamic_account_return,,20260421,False,500000.0,783946.4892094446,-0.04620294186624185
A_plus_B_0006,20260420,A_OR_B,POSITION_OCCUPIED_SKIP,0,,,,,0.0,747725.8551422562,747725.8551422562,,301319.SZ 唯特偶,,False,500000.0,783946.4892094446,-0.04620294186624185
A_plus_B_0006,20260421,B,HISTORICAL_SIM_FILLED,10,301486.SZ,致尚科技,chi_next,无,-0.00012174973136664001,747725.8551422562,747634.8197202567,candidate_net_return_x_position,,20260423,False,500000.0,783946.4892094446,-0.04631906640184802
A_plus_B_0006,20260422,A_OR_B,POSITION_OCCUPIED_SKIP,0,,,,,0.0,747634.8197202567,747634.8197202567,,301486.SZ 致尚科技,,False,500000.0,783946.4892094446,-0.04631906640184802
A_plus_B_0006,20260423,NONE,NO_CANDIDATE,0,,,,,0.0,747634.8197202567,747634.8197202567,,,,False,500000.0,783946.4892094446,-0.04631906640184802
A_plus_B_0006,20260424,B,HISTORICAL_SIM_FILLED,10,301077.SZ,星华新材,chi_next,无,-0.031991141111434404,747634.8197202567,723717.1287027642,candidate_net_return_x_position,,20260428,False,500000.0,783946.4892094446,-0.076828407723871
A_plus_B_0006,20260427,A_OR_B,POSITION_OCCUPIED_SKIP,0,,,,,0.0,723717.1287027642,723717.1287027642,,301077.SZ 星华新材,,False,500000.0,783946.4892094446,-0.076828407723871
A_plus_B_0006,20260428,NONE,NO_CANDIDATE,0,,,,,0.0,723717.1287027642,723717.1287027642,,,,False,500000.0,783946.4892094446,-0.076828407723871
A_plus_B_0006,20260429,NONE,NO_CANDIDATE,0,,,,,0.0,723717.1287027642,723717.1287027642,,,,False,500000.0,783946.4892094446,-0.076828407723871
A_plus_B_0006,20260430,NONE,NO_CANDIDATE,0,,,,,0.0,723717.1287027642,723717.1287027642,,,,False,500000.0,783946.4892094446,-0.076828407723871
A_plus_B_0006,20260506,NONE,NO_CANDIDATE,0,,,,,0.0,723717.1287027642,723717.1287027642,,,,False,500000.0,783946.4892094446,-0.076828407723871
A_plus_B_0006,20260507,NONE,NO_CANDIDATE,0,,,,,0.0,723717.1287027642,723717.1287027642,,,,False,500000.0,783946.4892094446,-0.076828407723871
A_plus_B_0006,20260508,NONE,NO_CANDIDATE,0,,,,,0.0,723717.1287027642,723717.1287027642,,,,False,500000.0,783946.4892094446,-0.076828407723871
A_plus_B_0006,20260511,NONE,NO_CANDIDATE,0,,,,,0.0,723717.1287027642,723717.1287027642,,,,False,500000.0,783946.4892094446,-0.076828407723871
A_plus_B_0006,20260512,NONE,NO_CANDIDATE,0,,,,,0.0,723717.1287027642,723717.1287027642,,,,False,500000.0,783946.4892094446,-0.076828407723871
A_plus_B_0006,20260513,NONE,NO_CANDIDATE,0,,,,,0.0,723717.1287027642,723717.1287027642,,,,False,500000.0,783946.4892094446,-0.076828407723871
A_plus_B_0006,20260514,NONE,NO_CANDIDATE,0,,,,,0.0,723717.1287027642,723717.1287027642,,,,False,500000.0,783946.4892094446,-0.076828407723871
A_plus_B_0007,20251112,NONE,NO_CANDIDATE,0,,,,,0.0,500000.0,500000.0,,,,False,500000.0,500000.0,0.0
A_plus_B_0007,20251113,NONE,NO_CANDIDATE,0,,,,,0.0,500000.0,500000.0,,,,False,500000.0,500000.0,0.0
A_plus_B_0007,20251114,NONE,NO_CANDIDATE,0,,,,,0.0,500000.0,500000.0,,,,False,500000.0,500000.0,0.0
A_plus_B_0007,20251117,NONE,NO_CANDIDATE,0,,,,,0.0,500000.0,500000.0,,,,False,500000.0,500000.0,0.0
A_plus_B_0007,20251118,NONE,NO_CANDIDATE,0,,,,,0.0,500000.0,500000.0,,,,False,500000.0,500000.0,0.0
A_plus_B_0007,20251119,B,HISTORICAL_SIM_FILLED,10,001390.SZ,古麒绒材,sz_main,封单/流通市值偏高,-0.0026293333333333602,500000.0,498685.3333333333,candidate_net_return_x_position,,20251121,False,500000.0,500000.0,-0.0026293333333333724
A_plus_B_0007,20251120,A_OR_B,POSITION_OCCUPIED_SKIP,0,,,,,0.0,498685.3333333333,498685.3333333333,,001390.SZ 古麒绒材,,False,500000.0,500000.0,-0.0026293333333333724
A_plus_B_0007,20251121,A,HISTORICAL_SIM_FILLED,1,301171.SZ,易点天下,chi_next,无,0.07138971428571415,498685.3333333333,534286.336798476,candidate_net_return_x_position,,20251125,False,500000.0,534286.336798476,0.0
A_plus_B_0007,20251124,A_OR_B,POSITION_OCCUPIED_SKIP,0,,,,,0.0,534286.336798476,534286.336798476,,301171.SZ 易点天下,,False,500000.0,534286.336798476,0.0
A_plus_B_0007,20251125,A,REVIEW_REQUIRED_PLAN_ONLY,1,301117.SZ,佳缘科技,chi_next,LOSS_OVERLAY_WATCH,0.0,534286.336798476,534286.336798476,manual_review_skip,,20251127,False,500000.0,534286.336798476,0.0
A_plus_B_0007,20251126,NONE,NO_CANDIDATE,0,,,,,0.0,534286.336798476,534286.336798476,,,,False,500000.0,534286.336798476,0.0
A_plus_B_0007,20251127,B,HISTORICAL_SIM_FILLED,10,300490.SZ,华自科技,chi_next,封单/流通市值偏高,0.01192979688658256,534286.336798476,540660.2642757582,candidate_net_return_x_position,,20251201,False,500000.0,540660.2642757582,0.0
A_plus_B_0007,20251128,A_OR_B,POSITION_OCCUPIED_SKIP,0,,,,,0.0,540660.2642757582,540660.2642757582,,300490.SZ 华自科技,,False,500000.0,540660.2642757582,0.0
A_plus_B_0007,20251201,NONE,NO_CANDIDATE,0,,,,,0.0,540660.2642757582,540660.2642757582,,,,False,500000.0,540660.2642757582,0.0
A_plus_B_0007,20251202,B,HISTORICAL_SIM_FILLED,10,603122.SH,合富中国,sh_main,无,0.00110400000000008,540660.2642757582,541257.1532075186,candidate_net_return_x_position,,20251204,False,500000.0,541257.1532075186,0.0
A_plus_B_0007,20251203,A_OR_B,POSITION_OCCUPIED_SKIP,0,,,,,0.0,541257.1532075186,541257.1532075186,,603122.SH 合富中国,,False,500000.0,541257.1532075186,0.0
A_plus_B_0007,20251204,A,HISTORICAL_SIM_FILLED,1,300946.SZ,恒而达,chi_next,无,0.0291749495998269,541257.1532075186,557048.3033728937,audit_dynamic_account_return,,20251208,False,500000.0,557048.3033728937,0.0
A_plus_B_0007,20251205,A_OR_B,POSITION_OCCUPIED_SKIP,0,,,,,0.0,557048.3033728937,557048.3033728937,,300946.SZ 恒而达,,False,500000.0,557048.3033728937,0.0
A_plus_B_0007,20251208,NONE,NO_CANDIDATE,0,,,,,0.0,557048.3033728937,557048.3033728937,,,,False,500000.0,557048.3033728937,0.0
A_plus_B_0007,20251209,NONE,NO_CANDIDATE,0,,,,,0.0,557048.3033728937,557048.3033728937,,,,False,500000.0,557048.3033728937,0.0
A_plus_B_0007,20251210,NONE,NO_CANDIDATE,0,,,,,0.0,557048.3033728937,557048.3033728937,,,,False,500000.0,557048.3033728937,0.0
A_plus_B_0007,20251211,B,HISTORICAL_SIM_FILLED,10,920576.BJ,天力复合,bj,封单/流通市值偏高,0.31206971198063727,557048.3033728937,730886.2069657753,candidate_net_return_x_position,,20251215,False,500000.0,730886.2069657753,0.0
A_plus_B_0007,20251212,A_OR_B,POSITION_OCCUPIED_SKIP,0,,,,,0.0,730886.2069657753,730886.2069657753,,920576.BJ 天力复合,,False,500000.0,730886.2069657753,0.0
A_plus_B_0007,20251215,A,HISTORICAL_SIM_FILLED,2,920665.BJ,科强股份,bj,无,-0.14184336842105263,730886.2069657753,627214.8454372631,candidate_net_return_x_position,,20251217,False,500000.0,730886.2069657753,-0.1418433684210526
A_plus_B_0007,20251216,A_OR_B,POSITION_OCCUPIED_SKIP,0,,,,,0.0,627214.8454372631,627214.8454372631,,920665.BJ 科强股份,,False,500000.0,730886.2069657753,-0.1418433684210526
A_plus_B_0007,20251217,NONE,NO_CANDIDATE,0,,,,,0.0,627214.8454372631,627214.8454372631,,,,False,500000.0,730886.2069657753,-0.1418433684210526
A_plus_B_0007,20251218,NONE,NO_CANDIDATE,0,,,,,0.0,627214.8454372631,627214.8454372631,,,,False,500000.0,730886.2069657753,-0.1418433684210526
A_plus_B_0007,20251219,A,REVIEW_REQUIRED_PLAN_ONLY,2,300557.SZ,理工光科,chi_next,LOSS_OVERLAY_WATCH,0.0,627214.8454372631,627214.8454372631,manual_review_skip,,20251223,False,500000.0,730886.2069657753,-0.1418433684210526
A_plus_B_0007,20251222,NONE,NO_CANDIDATE,0,,,,,0.0,627214.8454372631,627214.8454372631,,,,False,500000.0,730886.2069657753,-0.1418433684210526
A_plus_B_0007,20251223,NONE,NO_CANDIDATE,0,,,,,0.0,627214.8454372631,627214.8454372631,,,,False,500000.0,730886.2069657753,-0.1418433684210526
A_plus_B_0007,20251224,B,HISTORICAL_SIM_FILLED,10,300131.SZ,英唐智控,chi_next,封单/流通市值偏高,0.0062684204851752,627214.8454372631,631146.4918230082,candidate_net_return_x_position,,20251226,False,500000.0,730886.2069657753,-0.13646408181217407
A_plus_B_0007,20251225,A_OR_B,POSITION_OCCUPIED_SKIP,0,,,,,0.0,631146.4918230082,631146.4918230082,,300131.SZ 英唐智控,,False,500000.0,730886.2069657753,-0.13646408181217407
A_plus_B_0007,20251226,NONE,NO_CANDIDATE,0,,,,,0.0,631146.4918230082,631146.4918230082,,,,False,500000.0,730886.2069657753,-0.13646408181217407
A_plus_B_0007,20251229,NONE,NO_CANDIDATE,0,,,,,0.0,631146.4918230082,631146.4918230082,,,,False,500000.0,730886.2069657753,-0.13646408181217407
A_plus_B_0007,20251230,NONE,NO_CANDIDATE,0,,,,,0.0,631146.4918230082,631146.4918230082,,,,False,500000.0,730886.2069657753,-0.13646408181217407
A_plus_B_0007,20251231,A,HISTORICAL_SIM_FILLED,2,300058.SZ,蓝色光标,chi_next,无,0.1308549259970799,631146.4918230082,713735.1193038245,audit_dynamic_account_return,,20260106,False,500000.0,730886.2069657753,-0.023466153141885715
A_plus_B_0007,20260105,A_OR_B,POSITION_OCCUPIED_SKIP,0,,,,,0.0,713735.1193038245,713735.1193038245,,300058.SZ 蓝色光标,,False,500000.0,730886.2069657753,-0.023466153141885715
A_plus_B_0007,20260106,NONE,NO_CANDIDATE,0,,,,,0.0,713735.1193038245,713735.1193038245,,,,False,500000.0,730886.2069657753,-0.023466153141885715
A_plus_B_0007,20260107,NONE,NO_CANDIDATE,0,,,,,0.0,713735.1193038245,713735.1193038245,,,,False,500000.0,730886.2069657753,-0.023466153141885715
A_plus_B_0007,20260108,NONE,NO_CANDIDATE,0,,,,,0.0,713735.1193038245,713735.1193038245,,,,False,500000.0,730886.2069657753,-0.023466153141885715
A_plus_B_0007,20260109,NONE,NO_CANDIDATE,0,,,,,0.0,713735.1193038245,713735.1193038245,,,,False,500000.0,730886.2069657753,-0.023466153141885715
A_plus_B_0007,20260112,NONE,NO_CANDIDATE,0,,,,,0.0,713735.1193038245,713735.1193038245,,,,False,500000.0,730886.2069657753,-0.023466153141885715
A_plus_B_0007,20260113,NONE,NO_CANDIDATE,0,,,,,0.0,713735.1193038245,713735.1193038245,,,,False,500000.0,730886.2069657753,-0.023466153141885715
A_plus_B_0007,20260114,NONE,NO_CANDIDATE,0,,,,,0.0,713735.1193038245,713735.1193038245,,,,False,500000.0,730886.2069657753,-0.023466153141885715
A_plus_B_0007,20260115,A,HISTORICAL_SIM_FILLED,1,301629.SZ,矽电股份,chi_next,无,-0.0338313603969523,713735.1193038245,689588.489254695,audit_dynamic_account_return,,20260119,False,500000.0,730886.2069657753,-0.05650362165476486
A_plus_B_0007,20260116,A_OR_B,POSITION_OCCUPIED_SKIP,0,,,,,0.0,689588.489254695,689588.489254695,,301629.SZ 矽电股份,,False,500000.0,730886.2069657753,-0.05650362165476486
A_plus_B_0007,20260119,A,HISTORICAL_SIM_FILLED,2,300658.SZ,延江股份,chi_next,无,0.0681174370165976,689588.489254695,736561.4897388724,audit_dynamic_account_return,,20260121,False,500000.0,736561.4897388724,0.0
A_plus_B_0007,20260120,A_OR_B,POSITION_OCCUPIED_SKIP,0,,,,,0.0,736561.4897388724,736561.4897388724,,300658.SZ 延江股份,,False,500000.0,736561.4897388724,0.0
A_plus_B_0007,20260121,NONE,NO_CANDIDATE,0,,,,,0.0,736561.4897388724,736561.4897388724,,,,False,500000.0,736561.4897388724,0.0
A_plus_B_0007,20260122,NONE,NO_CANDIDATE,0,,,,,0.0,736561.4897388724,736561.4897388724,,,,False,500000.0,736561.4897388724,0.0
A_plus_B_0007,20260123,A,HISTORICAL_SIM_FILLED,1,920368.BJ,连城数控,bj,无,0.1027727855059111,736561.4897388724,812259.9657357199,audit_dynamic_account_return,,20260127,False,500000.0,812259.9657357199,0.0
A_plus_B_0007,20260126,A_OR_B,POSITION_OCCUPIED_SKIP,0,,,,,0.0,812259.9657357199,812259.9657357199,,920368.BJ 连城数控,,False,500000.0,812259.9657357199,0.0
A_plus_B_0007,20260127,B,HISTORICAL_SIM_FILLED,10,300639.SZ,凯普生物,chi_next,无,-0.06940870207852184,812259.9657357199,755882.055763659,candidate_net_return_x_position,,20260129,False,500000.0,812259.9657357199,-0.06940870207852179
A_plus_B_0007,20260128,A_OR_B,POSITION_OCCUPIED_SKIP,0,,,,,0.0,755882.055763659,755882.055763659,,300639.SZ 凯普生物,,False,500000.0,812259.9657357199,-0.06940870207852179
A_plus_B_0007,20260129,NONE,NO_CANDIDATE,0,,,,,0.0,755882.055763659,755882.055763659,,,,False,500000.0,812259.9657357199,-0.06940870207852179
A_plus_B_0007,20260130,NONE,NO_CANDIDATE,0,,,,,0.0,755882.055763659,755882.055763659,,,,False,500000.0,812259.9657357199,-0.06940870207852179
A_plus_B_0007,20260202,B,HISTORICAL_SIM_FILLED,10,603629.SH,利通电子,sh_main,无,-0.002896,755882.055763659,753693.0213301674,candidate_net_return_x_position,,20260204,False,500000.0,812259.9657357199,-0.07210369447730236
A_plus_B_0007,20260203,A_OR_B,POSITION_OCCUPIED_SKIP,0,,,,,0.0,753693.0213301674,753693.0213301674,,603629.SH 利通电子,,False,500000.0,812259.9657357199,-0.07210369447730236
A_plus_B_0007,20260204,B,HISTORICAL_SIM_FILLED,10,002506.SZ,协鑫集成,sz_main,无,0.11081971072319208,753693.0213301674,837217.0639280652,candidate_net_return_x_position,,20260206,False,500000.0,837217.0639280652,0.0
A_plus_B_0007,20260205,A_OR_B,POSITION_OCCUPIED_SKIP,0,,,,,0.0,837217.0639280652,837217.0639280652,,002506.SZ 协鑫集成,,False,500000.0,837217.0639280652,0.0
A_plus_B_0007,20260206,NONE,NO_CANDIDATE,0,,,,,0.0,837217.0639280652,837217.0639280652,,,,False,500000.0,837217.0639280652,0.0
A_plus_B_0007,20260209,B,HISTORICAL_SIM_FILLED,10,300480.SZ,光力科技,chi_next,无,0.010334429988974561,837217.0639280652,845869.2250608046,candidate_net_return_x_position,,20260211,False,500000.0,845869.2250608046,0.0
A_plus_B_0007,20260210,A_OR_B,POSITION_OCCUPIED_SKIP,0,,,,,0.0,845869.2250608046,845869.2250608046,,300480.SZ 光力科技,,False,500000.0,845869.2250608046,0.0
A_plus_B_0007,20260211,B,HISTORICAL_SIM_FILLED,10,603125.SH,常青科技,sh_main,封单/流通市值偏高,-0.009299201600800321,845869.2250608046,838003.3166090514,candidate_net_return_x_position,,20260213,False,500000.0,845869.2250608046,-0.009299201600800333
A_plus_B_0007,20260212,A_OR_B,POSITION_OCCUPIED_SKIP,0,,,,,0.0,838003.3166090514,838003.3166090514,,603125.SH 常青科技,,False,500000.0,845869.2250608046,-0.009299201600800333
A_plus_B_0007,20260213,NONE,NO_CANDIDATE,0,,,,,0.0,838003.3166090514,838003.3166090514,,,,False,500000.0,845869.2250608046,-0.009299201600800333
A_plus_B_0007,20260224,NONE,NO_CANDIDATE,0,,,,,0.0,838003.3166090514,838003.3166090514,,,,False,500000.0,845869.2250608046,-0.009299201600800333
A_plus_B_0007,20260225,NONE,NO_CANDIDATE,0,,,,,0.0,838003.3166090514,838003.3166090514,,,,False,500000.0,845869.2250608046,-0.009299201600800333
A_plus_B_0007,20260226,A,HISTORICAL_SIM_FILLED,3,300499.SZ,高澜股份,chi_next,无,0.0193948880593092,838003.3166090514,854256.2971280138,audit_dynamic_account_return,,20260302,False,500000.0,854256.2971280138,0.0
A_plus_B_0007,20260227,A_OR_B,POSITION_OCCUPIED_SKIP,0,,,,,0.0,854256.2971280138,854256.2971280138,,300499.SZ 高澜股份,,False,500000.0,854256.2971280138,0.0
A_plus_B_0007,20260302,NONE,NO_CANDIDATE,0,,,,,0.0,854256.2971280138,854256.2971280138,,,,False,500000.0,854256.2971280138,0.0
A_plus_B_0007,20260303,NONE,NO_CANDIDATE,0,,,,,0.0,854256.2971280138,854256.2971280138,,,,False,500000.0,854256.2971280138,0.0
A_plus_B_0007,20260304,NONE,NO_CANDIDATE,0,,,,,0.0,854256.2971280138,854256.2971280138,,,,False,500000.0,854256.2971280138,0.0
A_plus_B_0007,20260305,NONE,NO_CANDIDATE,0,,,,,0.0,854256.2971280138,854256.2971280138,,,,False,500000.0,854256.2971280138,0.0
A_plus_B_0007,20260306,NONE,NO_CANDIDATE,0,,,,,0.0,854256.2971280138,854256.2971280138,,,,False,500000.0,854256.2971280138,0.0
A_plus_B_0007,20260309,A,REVIEW_REQUIRED_PLAN_ONLY,1,301606.SZ,绿联科技,chi_next,LOSS_OVERLAY_WATCH,0.0,854256.2971280138,854256.2971280138,manual_review_skip,,20260311,False,500000.0,854256.2971280138,0.0
A_plus_B_0007,20260310,NONE,NO_CANDIDATE,0,,,,,0.0,854256.2971280138,854256.2971280138,,,,False,500000.0,854256.2971280138,0.0
A_plus_B_0007,20260311,B,HISTORICAL_SIM_FILLED,10,001369.SZ,双欣材料,sz_main,封单/流通市值偏高,0.015458784555120321,854256.2971280138,867462.0611801706,candidate_net_return_x_position,,20260313,False,500000.0,867462.0611801706,0.0
A_plus_B_0007,20260312,A_OR_B,POSITION_OCCUPIED_SKIP,0,,,,,0.0,867462.0611801706,867462.0611801706,,001369.SZ 双欣材料,,False,500000.0,867462.0611801706,0.0
A_plus_B_0007,20260313,NONE,NO_CANDIDATE,0,,,,,0.0,867462.0611801706,867462.0611801706,,,,False,500000.0,867462.0611801706,0.0
A_plus_B_0007,20260316,NONE,NO_CANDIDATE,0,,,,,0.0,867462.0611801706,867462.0611801706,,,,False,500000.0,867462.0611801706,0.0
A_plus_B_0007,20260317,B,HISTORICAL_SIM_FILLED,10,000533.SZ,顺钠股份,sz_main,无,-0.09339719331742248,867462.0611801706,786443.5393565964,candidate_net_return_x_position,,20260319,False,500000.0,867462.0611801706,-0.09339719331742258
A_plus_B_0007,20260318,A_OR_B,POSITION_OCCUPIED_SKIP,0,,,,,0.0,786443.5393565964,786443.5393565964,,000533.SZ 顺钠股份,,False,500000.0,867462.0611801706,-0.09339719331742258
A_plus_B_0007,20260319,NONE,NO_CANDIDATE,0,,,,,0.0,786443.5393565964,786443.5393565964,,,,False,500000.0,867462.0611801706,-0.09339719331742258
A_plus_B_0007,20260320,NONE,NO_CANDIDATE,0,,,,,0.0,786443.5393565964,786443.5393565964,,,,False,500000.0,867462.0611801706,-0.09339719331742258
A_plus_B_0007,20260323,NONE,NO_CANDIDATE,0,,,,,0.0,786443.5393565964,786443.5393565964,,,,False,500000.0,867462.0611801706,-0.09339719331742258
A_plus_B_0007,20260324,NONE,NO_CANDIDATE,0,,,,,0.0,786443.5393565964,786443.5393565964,,,,False,500000.0,867462.0611801706,-0.09339719331742258
A_plus_B_0007,20260325,NONE,NO_CANDIDATE,0,,,,,0.0,786443.5393565964,786443.5393565964,,,,False,500000.0,867462.0611801706,-0.09339719331742258
A_plus_B_0007,20260326,B,HISTORICAL_SIM_FILLED,10,603601.SH,再升科技,sh_main,封单/流通市值偏高,0.09632880620155032,786443.5393565964,862200.7066477394,candidate_net_return_x_position,,20260330,False,500000.0,867462.0611801706,-0.006065227250714789
A_plus_B_0007,20260327,A_OR_B,POSITION_OCCUPIED_SKIP,0,,,,,0.0,862200.7066477394,862200.7066477394,,603601.SH 再升科技,,False,500000.0,867462.0611801706,-0.006065227250714789
A_plus_B_0007,20260330,B,HISTORICAL_SIM_FILLED,10,603778.SH,国晟科技,sh_main,无,0.04325784615384616,862200.7066477394,899497.6521696448,candidate_net_return_x_position,,20260401,False,500000.0,899497.6521696448,0.0
A_plus_B_0007,20260331,A_OR_B,POSITION_OCCUPIED_SKIP,0,,,,,0.0,899497.6521696448,899497.6521696448,,603778.SH 国晟科技,,False,500000.0,899497.6521696448,0.0
A_plus_B_0007,20260401,NONE,NO_CANDIDATE,0,,,,,0.0,899497.6521696448,899497.6521696448,,,,False,500000.0,899497.6521696448,0.0
A_plus_B_0007,20260402,NONE,NO_CANDIDATE,0,,,,,0.0,899497.6521696448,899497.6521696448,,,,False,500000.0,899497.6521696448,0.0
A_plus_B_0007,20260403,NONE,NO_CANDIDATE,0,,,,,0.0,899497.6521696448,899497.6521696448,,,,False,500000.0,899497.6521696448,0.0
A_plus_B_0007,20260407,NONE,NO_CANDIDATE,0,,,,,0.0,899497.6521696448,899497.6521696448,,,,False,500000.0,899497.6521696448,0.0
A_plus_B_0007,20260408,B,HISTORICAL_SIM_FILLED,10,301070.SZ,开勒股份,chi_next,封单/流通市值偏高,-0.05704280648236424,899497.6521696448,848187.7816655908,candidate_net_return_x_position,,20260410,False,500000.0,899497.6521696448,-0.05704280648236426
A_plus_B_0007,20260409,A_OR_B,POSITION_OCCUPIED_SKIP,0,,,,,0.0,848187.7816655908,848187.7816655908,,301070.SZ 开勒股份,,False,500000.0,899497.6521696448,-0.05704280648236426
A_plus_B_0007,20260410,B,REVIEW_REQUIRED_PLAN_ONLY,10,002177.SZ,御银股份,sz_main,封单/流通市值偏高;LOSS_OVERLAY_WATCH,0.0,848187.7816655908,848187.7816655908,manual_review_skip,,20260414,False,500000.0,899497.6521696448,-0.05704280648236426
A_plus_B_0007,20260413,NONE,NO_CANDIDATE,0,,,,,0.0,848187.7816655908,848187.7816655908,,,,False,500000.0,899497.6521696448,-0.05704280648236426
A_plus_B_0007,20260414,A,HISTORICAL_SIM_FILLED,1,301189.SZ,奥尼电子,chi_next,无,-0.0350052172427846,848187.7816655908,818496.7841057113,audit_dynamic_account_return,,20260416,False,500000.0,899497.6521696448,-0.09005122789209552
A_plus_B_0007,20260415,A_OR_B,POSITION_OCCUPIED_SKIP,0,,,,,0.0,818496.7841057113,818496.7841057113,,301189.SZ 奥尼电子,,False,500000.0,899497.6521696448,-0.09005122789209552
A_plus_B_0007,20260416,NONE,NO_CANDIDATE,0,,,,,0.0,818496.7841057113,818496.7841057113,,,,False,500000.0,899497.6521696448,-0.09005122789209552
A_plus_B_0007,20260417,A,HISTORICAL_SIM_FILLED,4,301319.SZ,唯特偶,chi_next,无,0.0352808081329955,818496.7841057113,847374.0121032186,audit_dynamic_account_return,,20260421,False,500000.0,899497.6521696448,-0.057947499852501805
A_plus_B_0007,20260420,A_OR_B,POSITION_OCCUPIED_SKIP,0,,,,,0.0,847374.0121032186,847374.0121032186,,301319.SZ 唯特偶,,False,500000.0,899497.6521696448,-0.057947499852501805
A_plus_B_0007,20260421,NONE,NO_CANDIDATE,0,,,,,0.0,847374.0121032186,847374.0121032186,,,,False,500000.0,899497.6521696448,-0.057947499852501805
A_plus_B_0007,20260422,NONE,NO_CANDIDATE,0,,,,,0.0,847374.0121032186,847374.0121032186,,,,False,500000.0,899497.6521696448,-0.057947499852501805
A_plus_B_0007,20260423,B,HISTORICAL_SIM_FILLED,10,002490.SZ,山东墨龙,sz_main,封单/流通市值偏高,0.0455888484848484,847374.0121032186,886004.8175509903,candidate_net_return_x_position,,20260427,False,500000.0,899497.6521696448,-0.015000411158504923
A_plus_B_0007,20260424,A_OR_B,POSITION_OCCUPIED_SKIP,0,,,,,0.0,886004.8175509903,886004.8175509903,,002490.SZ 山东墨龙,,False,500000.0,899497.6521696448,-0.015000411158504923
A_plus_B_0007,20260427,B,REVIEW_REQUIRED_PLAN_ONLY,10,600152.SH,维科技术,sh_main,LOSS_OVERLAY_WATCH,0.0,886004.8175509903,886004.8175509903,manual_review_skip,,20260429,False,500000.0,899497.6521696448,-0.015000411158504923
A_plus_B_0007,20260428,B,HISTORICAL_SIM_FILLED,10,300540.SZ,蜀道装备,chi_next,无,-0.05136724824684416,886004.8175509903,840493.1881399488,candidate_net_return_x_position,,20260430,False,500000.0,899497.6521696448,-0.06559712956156538
A_plus_B_0007,20260429,A_OR_B,POSITION_OCCUPIED_SKIP,0,,,,,0.0,840493.1881399488,840493.1881399488,,300540.SZ 蜀道装备,,False,500000.0,899497.6521696448,-0.06559712956156538
A_plus_B_0007,20260430,NONE,NO_CANDIDATE,0,,,,,0.0,840493.1881399488,840493.1881399488,,,,False,500000.0,899497.6521696448,-0.06559712956156538
A_plus_B_0007,20260506,NONE,NO_CANDIDATE,0,,,,,0.0,840493.1881399488,840493.1881399488,,,,False,500000.0,899497.6521696448,-0.06559712956156538
A_plus_B_0007,20260507,NONE,NO_CANDIDATE,0,,,,,0.0,840493.1881399488,840493.1881399488,,,,False,500000.0,899497.6521696448,-0.06559712956156538
A_plus_B_0007,20260508,NONE,NO_CANDIDATE,0,,,,,0.0,840493.1881399488,840493.1881399488,,,,False,500000.0,899497.6521696448,-0.06559712956156538
A_plus_B_0007,20260511,NONE,NO_CANDIDATE,0,,,,,0.0,840493.1881399488,840493.1881399488,,,,False,500000.0,899497.6521696448,-0.06559712956156538
A_plus_B_0007,20260512,NONE,NO_CANDIDATE,0,,,,,0.0,840493.1881399488,840493.1881399488,,,,False,500000.0,899497.6521696448,-0.06559712956156538
A_plus_B_0007,20260513,NONE,NO_CANDIDATE,0,,,,,0.0,840493.1881399488,840493.1881399488,,,,False,500000.0,899497.6521696448,-0.06559712956156538
A_plus_B_0007,20260514,NONE,NO_CANDIDATE,0,,,,,0.0,840493.1881399488,840493.1881399488,,,,False,500000.0,899497.6521696448,-0.06559712956156538
A_plus_B_0009,20251112,B,HISTORICAL_SIM_FILLED,10,002453.SZ,华软科技,sz_main,封单/流通市值偏高,-0.02815915789473672,500000.0,485920.4210526317,candidate_net_return_x_position,,20251114,False,500000.0,500000.0,-0.028159157894736664
A_plus_B_0009,20251113,A_OR_B,POSITION_OCCUPIED_SKIP,0,,,,,0.0,485920.4210526317,485920.4210526317,,002453.SZ 华软科技,,False,500000.0,500000.0,-0.028159157894736664
A_plus_B_0009,20251114,B,HISTORICAL_SIM_FILLED,10,002728.SZ,特一药业,sz_main,无,-0.10426586301369856,485920.4210526317,435255.5089955993,candidate_net_return_x_position,,20251118,False,500000.0,500000.0,-0.12948898200880143
A_plus_B_0009,20251117,A_OR_B,POSITION_OCCUPIED_SKIP,0,,,,,0.0,435255.5089955993,435255.5089955993,,002728.SZ 特一药业,,False,500000.0,500000.0,-0.12948898200880143
A_plus_B_0009,20251118,B,HISTORICAL_SIM_FILLED,10,000955.SZ,欣龙控股,sz_main,封单/流通市值偏高,-0.04434178313253009,435255.5089955993,415955.5036084774,candidate_net_return_x_position,,20251120,False,500000.0,500000.0,-0.16808899278304512
A_plus_B_0009,20251119,A_OR_B,POSITION_OCCUPIED_SKIP,0,,,,,0.0,415955.5036084774,415955.5036084774,,000955.SZ 欣龙控股,,False,500000.0,500000.0,-0.16808899278304512
A_plus_B_0009,20251120,A,HISTORICAL_SIM_FILLED,1,301092.SZ,争光股份,chi_next,无,-0.0505145833968012,415955.5036084774,394943.6846320886,audit_dynamic_account_return,,20251124,False,500000.0,500000.0,-0.21011263073582287
A_plus_B_0009,20251121,A_OR_B,POSITION_OCCUPIED_SKIP,0,,,,,0.0,394943.6846320886,394943.6846320886,,301092.SZ 争光股份,,False,500000.0,500000.0,-0.21011263073582287
A_plus_B_0009,20251124,B,HISTORICAL_SIM_FILLED,10,002400.SZ,省广集团,sz_main,封单/流通市值偏高,-0.027385795918367362,394943.6846320886,384127.8374855062,candidate_net_return_x_position,,20251126,False,500000.0,500000.0,-0.23174432502898756
A_plus_B_0009,20251125,A_OR_B,POSITION_OCCUPIED_SKIP,0,,,,,0.0,384127.8374855062,384127.8374855062,,002400.SZ 省广集团,,False,500000.0,500000.0,-0.23174432502898756
A_plus_B_0009,20251126,B,HISTORICAL_SIM_FILLED,10,600105.SH,永鼎股份,sh_main,无,-0.03380934894613568,384127.8374855062,371140.72538803425,candidate_net_return_x_position,,20251128,False,500000.0,500000.0,-0.25771854922393156
A_plus_B_0009,20251127,A_OR_B,POSITION_OCCUPIED_SKIP,0,,,,,0.0,371140.72538803425,371140.72538803425,,600105.SH 永鼎股份,,False,500000.0,500000.0,-0.25771854922393156
A_plus_B_0009,20251128,B,HISTORICAL_SIM_FILLED,10,603933.SH,睿能科技,sh_main,封单/流通市值偏高,0.09404441867954913,371140.72538803425,406044.43915545807,candidate_net_return_x_position,,20251202,False,500000.0,500000.0,-0.18791112168908386
A_plus_B_0009,20251201,A_OR_B,POSITION_OCCUPIED_SKIP,0,,,,,0.0,406044.43915545807,406044.43915545807,,603933.SH 睿能科技,,False,500000.0,500000.0,-0.18791112168908386
A_plus_B_0009,20251202,B,HISTORICAL_SIM_FILLED,10,000572.SZ,海马汽车,sz_main,封单/流通市值偏高,-0.094075385530228,406044.43915545807,367845.65199950314,candidate_net_return_x_position,,20251204,False,500000.0,500000.0,-0.2643086960009937
A_plus_B_0009,20251203,A_OR_B,POSITION_OCCUPIED_SKIP,0,,,,,0.0,367845.65199950314,367845.65199950314,,000572.SZ 海马汽车,,False,500000.0,500000.0,-0.2643086960009937
A_plus_B_0009,20251204,A,HISTORICAL_SIM_FILLED,1,300946.SZ,恒而达,chi_next,无,0.0291749495998269,367845.65199950314,378577.5303571041,audit_dynamic_account_return,,20251208,False,500000.0,500000.0,-0.24284493928579187
A_plus_B_0009,20251205,A_OR_B,POSITION_OCCUPIED_SKIP,0,,,,,0.0,378577.5303571041,378577.5303571041,,300946.SZ 恒而达,,False,500000.0,500000.0,-0.24284493928579187
A_plus_B_0009,20251208,B,HISTORICAL_SIM_FILLED,10,603667.SH,五洲新春,sh_main,无,-0.00942661224489792,378577.5303571041,375008.8267737966,candidate_net_return_x_position,,20251210,False,500000.0,500000.0,-0.2499823464524068
A_plus_B_0009,20251209,A_OR_B,POSITION_OCCUPIED_SKIP,0,,,,,0.0,375008.8267737966,375008.8267737966,,603667.SH 五洲新春,,False,500000.0,500000.0,-0.2499823464524068
A_plus_B_0009,20251210,B,HISTORICAL_SIM_FILLED,10,001360.SZ,南矿集团,sz_main,封单/流通市值偏高,-0.011613518860016641,375008.8267737966,370653.6546913864,candidate_net_return_x_position,,20251212,False,500000.0,500000.0,-0.2586926906172272
A_plus_B_0009,20251211,A_OR_B,POSITION_OCCUPIED_SKIP,0,,,,,0.0,370653.6546913864,370653.6546913864,,001360.SZ 南矿集团,,False,500000.0,500000.0,-0.2586926906172272
A_plus_B_0009,20251212,A,HISTORICAL_SIM_FILLED,1,920576.BJ,天力复合,bj,无,0.181313377355646,370653.6546913864,437858.12065269507,audit_dynamic_account_return,,20251216,False,500000.0,500000.0,-0.12428375869460984
A_plus_B_0009,20251215,A_OR_B,POSITION_OCCUPIED_SKIP,0,,,,,0.0,437858.12065269507,437858.12065269507,,920576.BJ 天力复合,,False,500000.0,500000.0,-0.12428375869460984
A_plus_B_0009,20251216,NONE,NO_CANDIDATE,0,,,,,0.0,437858.12065269507,437858.12065269507,,,,False,500000.0,500000.0,-0.12428375869460984
A_plus_B_0009,20251217,B,HISTORICAL_SIM_FILLED,10,002865.SZ,钧达股份,sz_main,封单/流通市值偏高,0.04962118784652896,437858.12065269507,459585.16070773057,candidate_net_return_x_position,,20251219,False,500000.0,500000.0,-0.08082967858453882
A_plus_B_0009,20251218,A_OR_B,POSITION_OCCUPIED_SKIP,0,,,,,0.0,459585.16070773057,459585.16070773057,,002865.SZ 钧达股份,,False,500000.0,500000.0,-0.08082967858453882
A_plus_B_0009,20251219,A,REVIEW_REQUIRED_PLAN_ONLY,2,300557.SZ,理工光科,chi_next,LOSS_OVERLAY_WATCH,0.0,459585.16070773057,459585.16070773057,manual_review_skip,,20251223,False,500000.0,500000.0,-0.08082967858453882
A_plus_B_0009,20251222,B,HISTORICAL_SIM_FILLED,10,600376.SH,首开股份,sh_main,无,-0.03841997868561273,459585.16070773057,441927.9086291157,candidate_net_return_x_position,,20251224,False,500000.0,500000.0,-0.11614418274176863
A_plus_B_0009,20251223,A_OR_B,POSITION_OCCUPIED_SKIP,0,,,,,0.0,441927.9086291157,441927.9086291157,,600376.SH 首开股份,,False,500000.0,500000.0,-0.11614418274176863
A_plus_B_0009,20251224,B,HISTORICAL_SIM_FILLED,10,600118.SH,中国卫星,sh_main,无,0.14455033604737233,441927.9086291157,505808.7363301668,candidate_net_return_x_position,,20251226,False,500000.0,505808.7363301668,0.0
A_plus_B_0009,20251225,A_OR_B,POSITION_OCCUPIED_SKIP,0,,,,,0.0,505808.7363301668,505808.7363301668,,600118.SH 中国卫星,,False,500000.0,505808.7363301668,0.0
A_plus_B_0009,20251226,B,HISTORICAL_SIM_FILLED,10,603686.SH,福龙马,sh_main,无,0.039237333333333284,505808.7363301668,525655.3223204657,candidate_net_return_x_position,,20251230,False,500000.0,525655.3223204657,0.0
A_plus_B_0009,20251229,A_OR_B,POSITION_OCCUPIED_SKIP,0,,,,,0.0,525655.3223204657,525655.3223204657,,603686.SH 福龙马,,False,500000.0,525655.3223204657,0.0
A_plus_B_0009,20251230,B,HISTORICAL_SIM_FILLED,10,600506.SH,统一股份,sh_main,无,-0.039298417348026964,525655.3223204657,504997.9000827044,candidate_net_return_x_position,,20260105,False,500000.0,525655.3223204657,-0.03929841734802697
A_plus_B_0009,20251231,A_OR_B,POSITION_OCCUPIED_SKIP,0,,,,,0.0,504997.9000827044,504997.9000827044,,600506.SH 统一股份,,False,500000.0,525655.3223204657,-0.03929841734802697
A_plus_B_0009,20260105,B,HISTORICAL_SIM_FILLED,10,603507.SH,振江股份,sh_main,无,-0.04722032432432424,504997.9000827044,481151.7354576964,candidate_net_return_x_position,,20260107,False,500000.0,525655.3223204657,-0.08466305765974469
A_plus_B_0009,20260106,A_OR_B,POSITION_OCCUPIED_SKIP,0,,,,,0.0,481151.7354576964,481151.7354576964,,603507.SH 振江股份,,False,500000.0,525655.3223204657,-0.08466305765974469
A_plus_B_0009,20260107,B,HISTORICAL_SIM_FILLED,10,002639.SZ,雪人集团,sz_main,封单/流通市值偏高,0.04070915021459216,481151.7354576964,500739.0137324555,candidate_net_return_x_position,,20260109,False,500000.0,525655.3223204657,-0.047400468577049715
A_plus_B_0009,20260108,A_OR_B,POSITION_OCCUPIED_SKIP,0,,,,,0.0,500739.0137324555,500739.0137324555,,002639.SZ 雪人集团,,False,500000.0,525655.3223204657,-0.047400468577049715
A_plus_B_0009,20260109,B,HISTORICAL_SIM_FILLED,10,000532.SZ,华金资本,sz_main,封单/流通市值偏高,-0.06687905084745753,500739.0137324555,467250.06377173687,candidate_net_return_x_position,,20260113,False,500000.0,525655.3223204657,-0.11110942107634947
A_plus_B_0009,20260112,A_OR_B,POSITION_OCCUPIED_SKIP,0,,,,,0.0,467250.06377173687,467250.06377173687,,000532.SZ 华金资本,,False,500000.0,525655.3223204657,-0.11110942107634947
A_plus_B_0009,20260113,B,HISTORICAL_SIM_FILLED,10,002865.SZ,钧达股份,sz_main,无,0.0031527804878048802,467250.06377173687,468723.200655722,candidate_net_return_x_position,,20260115,False,500000.0,525655.3223204657,-0.10830694420332543
A_plus_B_0009,20260114,A_OR_B,POSITION_OCCUPIED_SKIP,0,,,,,0.0,468723.200655722,468723.200655722,,002865.SZ 钧达股份,,False,500000.0,525655.3223204657,-0.10830694420332543
A_plus_B_0009,20260115,A,HISTORICAL_SIM_FILLED,1,301629.SZ,矽电股份,chi_next,无,-0.0338313603969523,468723.200655722,452865.65712792525,audit_dynamic_account_return,,20260119,False,500000.0,525655.3223204657,-0.1384741333374424
A_plus_B_0009,20260116,A_OR_B,POSITION_OCCUPIED_SKIP,0,,,,,0.0,452865.65712792525,452865.65712792525,,301629.SZ 矽电股份,,False,500000.0,525655.3223204657,-0.1384741333374424
A_plus_B_0009,20260119,A,HISTORICAL_SIM_FILLED,2,300658.SZ,延江股份,chi_next,无,0.0681174370165976,452865.65712792525,483713.70500431675,audit_dynamic_account_return,,20260121,False,500000.0,525655.3223204657,-0.07978919937688611
A_plus_B_0009,20260120,A_OR_B,POSITION_OCCUPIED_SKIP,0,,,,,0.0,483713.70500431675,483713.70500431675,,300658.SZ 延江股份,,False,500000.0,525655.3223204657,-0.07978919937688611
A_plus_B_0009,20260121,B,HISTORICAL_SIM_FILLED,10,603257.SH,中国瑞林,sh_main,封单/流通市值偏高,-0.007788966360856241,483713.70500431675,479946.07522775297,candidate_net_return_x_position,,20260123,False,500000.0,525655.3223204657,-0.08695669034783615
A_plus_B_0009,20260122,A_OR_B,POSITION_OCCUPIED_SKIP,0,,,,,0.0,479946.07522775297,479946.07522775297,,603257.SH 中国瑞林,,False,500000.0,525655.3223204657,-0.08695669034783615
A_plus_B_0009,20260123,A,HISTORICAL_SIM_FILLED,1,920368.BJ,连城数控,bj,无,0.1027727855059111,479946.07522775297,529271.4702715387,audit_dynamic_account_return,,20260127,False,500000.0,529271.4702715387,0.0
A_plus_B_0009,20260126,A_OR_B,POSITION_OCCUPIED_SKIP,0,,,,,0.0,529271.4702715387,529271.4702715387,,920368.BJ 连城数控,,False,500000.0,529271.4702715387,0.0
A_plus_B_0009,20260127,B,HISTORICAL_SIM_FILLED,10,002446.SZ,盛路通信,sz_main,封单/流通市值偏高,-0.027451735056542883,529271.4702715387,514742.05009665753,candidate_net_return_x_position,,20260129,False,500000.0,529271.4702715387,-0.02745173505654286
A_plus_B_0009,20260128,A_OR_B,POSITION_OCCUPIED_SKIP,0,,,,,0.0,514742.05009665753,514742.05009665753,,002446.SZ 盛路通信,,False,500000.0,529271.4702715387,-0.02745173505654286
A_plus_B_0009,20260129,B,HISTORICAL_SIM_FILLED,10,000554.SZ,泰山石油,sz_main,无,-0.10860708622620377,514742.05009665753,458837.41587755695,candidate_net_return_x_position,,20260202,False,500000.0,529271.4702715387,-0.1330773683264017
A_plus_B_0009,20260130,A_OR_B,POSITION_OCCUPIED_SKIP,0,,,,,0.0,458837.41587755695,458837.41587755695,,000554.SZ 泰山石油,,False,500000.0,529271.4702715387,-0.1330773683264017
A_plus_B_0009,20260202,NONE,NO_CANDIDATE,0,,,,,0.0,458837.41587755695,458837.41587755695,,,,False,500000.0,529271.4702715387,-0.1330773683264017
A_plus_B_0009,20260203,B,HISTORICAL_SIM_FILLED,10,002471.SZ,中超控股,sz_main,封单/流通市值偏高,0.00816782978723392,458837.41587755695,462585.1217904591,candidate_net_return_x_position,,20260205,False,500000.0,529271.4702715387,-0.12599649183219097
A_plus_B_0009,20260204,A_OR_B,POSITION_OCCUPIED_SKIP,0,,,,,0.0,462585.1217904591,462585.1217904591,,002471.SZ 中超控股,,False,500000.0,529271.4702715387,-0.12599649183219097
A_plus_B_0009,20260205,B,HISTORICAL_SIM_FILLED,10,002995.SZ,天地在线,sz_main,封单/流通市值偏高,-0.05789463051218832,462585.1217904591,435803.9270839648,candidate_net_return_x_position,,20260209,False,500000.0,529271.4702715387,-0.1765966020039227
A_plus_B_0009,20260206,A_OR_B,POSITION_OCCUPIED_SKIP,0,,,,,0.0,435803.9270839648,435803.9270839648,,002995.SZ 天地在线,,False,500000.0,529271.4702715387,-0.1765966020039227
A_plus_B_0009,20260209,B,REVIEW_REQUIRED_PLAN_ONLY,10,601360.SH,三六零,sh_main,LOSS_OVERLAY_WATCH,0.0,435803.9270839648,435803.9270839648,manual_review_skip,,20260211,False,500000.0,529271.4702715387,-0.1765966020039227
A_plus_B_0009,20260210,B,HISTORICAL_SIM_FILLED,10,603598.SH,引力传媒,sh_main,无,-0.05520859968102065,435803.9270839648,411743.80253416946,candidate_net_return_x_position,,20260212,False,500000.0,529271.4702715387,-0.22205555057988025
A_plus_B_0009,20260211,A_OR_B,POSITION_OCCUPIED_SKIP,0,,,,,0.0,411743.80253416946,411743.80253416946,,603598.SH 引力传媒,,False,500000.0,529271.4702715387,-0.22205555057988025
A_plus_B_0009,20260212,B,HISTORICAL_SIM_FILLED,10,002885.SZ,京泉华,sz_main,无,0.018770095303393842,411743.80253416946,419472.2729483176,candidate_net_return_x_position,,20260224,False,500000.0,529271.4702715387,-0.20745345912351842
A_plus_B_0009,20260213,A_OR_B,POSITION_OCCUPIED_SKIP,0,,,,,0.0,419472.2729483176,419472.2729483176,,002885.SZ 京泉华,,False,500000.0,529271.4702715387,-0.20745345912351842
A_plus_B_0009,20260224,B,HISTORICAL_SIM_FILLED,10,001396.SZ,誉帆科技,sz_main,封单/流通市值偏高,0.09362298734177209,419472.2729483176,458744.52024878224,candidate_net_return_x_position,,20260226,False,500000.0,529271.4702715387,-0.1332528843592744
A_plus_B_0009,20260225,A_OR_B,POSITION_OCCUPIED_SKIP,0,,,,,0.0,458744.52024878224,458744.52024878224,,001396.SZ 誉帆科技,,False,500000.0,529271.4702715387,-0.1332528843592744
A_plus_B_0009,20260226,A,HISTORICAL_SIM_FILLED,3,300499.SZ,高澜股份,chi_next,无,0.0193948880593092,458744.52024878224,467641.8188668288,audit_dynamic_account_return,,20260302,False,500000.0,529271.4702715387,-0.11644242107569347
A_plus_B_0009,20260227,A_OR_B,POSITION_OCCUPIED_SKIP,0,,,,,0.0,467641.8188668288,467641.8188668288,,300499.SZ 高澜股份,,False,500000.0,529271.4702715387,-0.11644242107569347
A_plus_B_0009,20260302,B,HISTORICAL_SIM_FILLED,10,002432.SZ,九安医疗,sz_main,无,0.025704446881982562,467641.8188668288,479662.29315968486,candidate_net_return_x_position,,20260304,False,500000.0,529271.4702715387,-0.09373106222106065
A_plus_B_0009,20260303,A_OR_B,POSITION_OCCUPIED_SKIP,0,,,,,0.0,479662.29315968486,479662.29315968486,,002432.SZ 九安医疗,,False,500000.0,529271.4702715387,-0.09373106222106065
A_plus_B_0009,20260304,NONE,NO_CANDIDATE,0,,,,,0.0,479662.29315968486,479662.29315968486,,,,False,500000.0,529271.4702715387,-0.09373106222106065
A_plus_B_0009,20260305,B,HISTORICAL_SIM_FILLED,10,000815.SZ,美利云,sz_main,无,0.14318178510217544,479662.29315968486,548341.1965404915,candidate_net_return_x_position,,20260309,False,500000.0,548341.1965404915,0.0
A_plus_B_0009,20260306,A_OR_B,POSITION_OCCUPIED_SKIP,0,,,,,0.0,548341.1965404915,548341.1965404915,,000815.SZ 美利云,,False,500000.0,548341.1965404915,0.0
A_plus_B_0009,20260309,A,REVIEW_REQUIRED_PLAN_ONLY,1,301606.SZ,绿联科技,chi_next,LOSS_OVERLAY_WATCH,0.0,548341.1965404915,548341.1965404915,manual_review_skip,,20260311,False,500000.0,548341.1965404915,0.0
A_plus_B_0009,20260310,B,HISTORICAL_SIM_FILLED,10,002575.SZ,群兴玩具,sz_main,封单/流通市值偏高,-0.07601427956989257,548341.1965404915,506659.4355269732,candidate_net_return_x_position,,20260312,False,500000.0,548341.1965404915,-0.0760142795698926
A_plus_B_0009,20260311,A_OR_B,POSITION_OCCUPIED_SKIP,0,,,,,0.0,506659.4355269732,506659.4355269732,,002575.SZ 群兴玩具,,False,500000.0,548341.1965404915,-0.0760142795698926
A_plus_B_0009,20260312,B,HISTORICAL_SIM_FILLED,10,603092.SH,德力佳,sh_main,无,0.0065336165831188,506659.4355269732,509969.75401692593,candidate_net_return_x_position,,20260316,False,500000.0,548341.1965404915,-0.06997731114432526
A_plus_B_0009,20260313,A_OR_B,POSITION_OCCUPIED_SKIP,0,,,,,0.0,509969.75401692593,509969.75401692593,,603092.SH 德力佳,,False,500000.0,548341.1965404915,-0.06997731114432526
A_plus_B_0009,20260316,B,HISTORICAL_SIM_FILLED,10,601975.SH,招商南油,sh_main,无,0.03043733333333336,509969.75401692593,525491.8734098572,candidate_net_return_x_position,,20260318,False,500000.0,548341.1965404915,-0.04166990055606212
A_plus_B_0009,20260317,A_OR_B,POSITION_OCCUPIED_SKIP,0,,,,,0.0,525491.8734098572,525491.8734098572,,601975.SH 招商南油,,False,500000.0,548341.1965404915,-0.04166990055606212
A_plus_B_0009,20260318,B,REVIEW_REQUIRED_PLAN_ONLY,10,603220.SH,中贝通信,sh_main,LOSS_OVERLAY_WATCH,0.0,525491.8734098572,525491.8734098572,manual_review_skip,,20260320,False,500000.0,548341.1965404915,-0.04166990055606212
A_plus_B_0009,20260319,NONE,NO_CANDIDATE,0,,,,,0.0,525491.8734098572,525491.8734098572,,,,False,500000.0,548341.1965404915,-0.04166990055606212
A_plus_B_0009,20260320,NONE,NO_CANDIDATE,0,,,,,0.0,525491.8734098572,525491.8734098572,,,,False,500000.0,548341.1965404915,-0.04166990055606212
A_plus_B_0009,20260323,NONE,NO_CANDIDATE,0,,,,,0.0,525491.8734098572,525491.8734098572,,,,False,500000.0,548341.1965404915,-0.04166990055606212
A_plus_B_0009,20260324,B,HISTORICAL_SIM_FILLED,10,002685.SZ,华东重机,sz_main,无,-0.012171362318840561,525491.8734098572,519095.9214229795,candidate_net_return_x_position,,20260326,False,500000.0,548341.1965404915,-0.05333408341744472
A_plus_B_0009,20260325,A_OR_B,POSITION_OCCUPIED_SKIP,0,,,,,0.0,519095.9214229795,519095.9214229795,,002685.SZ 华东重机,,False,500000.0,548341.1965404915,-0.05333408341744472
A_plus_B_0009,20260326,B,HISTORICAL_SIM_FILLED,10,002361.SZ,神剑股份,sz_main,封单/流通市值偏高,0.19544010648918464,519095.9214229795,620548.083583988,candidate_net_return_x_position,,20260330,False,500000.0,620548.083583988,0.0
A_plus_B_0009,20260327,A_OR_B,POSITION_OCCUPIED_SKIP,0,,,,,0.0,620548.083583988,620548.083583988,,002361.SZ 神剑股份,,False,500000.0,620548.083583988,0.0
A_plus_B_0009,20260330,B,HISTORICAL_SIM_FILLED,10,603778.SH,国晟科技,sh_main,无,0.04325784615384616,620548.083583988,647391.6571147282,candidate_net_return_x_position,,20260401,False,500000.0,647391.6571147282,0.0
A_plus_B_0009,20260331,A_OR_B,POSITION_OCCUPIED_SKIP,0,,,,,0.0,647391.6571147282,647391.6571147282,,603778.SH 国晟科技,,False,500000.0,647391.6571147282,0.0
A_plus_B_0009,20260401,B,HISTORICAL_SIM_FILLED,10,603985.SH,恒润股份,sh_main,封单/流通市值偏高,-0.0009108883374688,647391.6571147282,646801.9556044878,candidate_net_return_x_position,,20260403,False,500000.0,647391.6571147282,-0.0009108883374688848
A_plus_B_0009,20260402,A_OR_B,POSITION_OCCUPIED_SKIP,0,,,,,0.0,646801.9556044878,646801.9556044878,,603985.SH 恒润股份,,False,500000.0,647391.6571147282,-0.0009108883374688848
A_plus_B_0009,20260403,NONE,NO_CANDIDATE,0,,,,,0.0,646801.9556044878,646801.9556044878,,,,False,500000.0,647391.6571147282,-0.0009108883374688848
A_plus_B_0009,20260407,B,HISTORICAL_SIM_FILLED,10,002980.SZ,华盛昌,sz_main,无,0.006994909090909041,646801.9556044878,651326.2764837634,candidate_net_return_x_position,,20260409,False,500000.0,651326.2764837634,0.0
A_plus_B_0009,20260408,A_OR_B,POSITION_OCCUPIED_SKIP,0,,,,,0.0,651326.2764837634,651326.2764837634,,002980.SZ 华盛昌,,False,500000.0,651326.2764837634,0.0
A_plus_B_0009,20260409,A,HISTORICAL_SIM_FILLED,1,300489.SZ,光智科技,chi_next,无,0.0826627480845445,651326.2764837634,705166.6963975851,audit_dynamic_account_return,,20260413,False,500000.0,705166.6963975851,0.0
A_plus_B_0009,20260410,A_OR_B,POSITION_OCCUPIED_SKIP,0,,,,,0.0,705166.6963975851,705166.6963975851,,300489.SZ 光智科技,,False,500000.0,705166.6963975851,0.0
A_plus_B_0009,20260413,B,HISTORICAL_SIM_FILLED,10,000968.SZ,蓝焰控股,sz_main,无,-0.04972139682539681,705166.6963975851,670104.8232579466,candidate_net_return_x_position,,20260415,False,500000.0,705166.6963975851,-0.04972139682539678
A_plus_B_0009,20260414,A_OR_B,POSITION_OCCUPIED_SKIP,0,,,,,0.0,670104.8232579466,670104.8232579466,,000968.SZ 蓝焰控股,,False,500000.0,705166.6963975851,-0.04972139682539678
A_plus_B_0009,20260415,A,HISTORICAL_SIM_FILLED,1,301189.SZ,奥尼电子,chi_next,无,-0.042756950173812244,670104.8232579466,641453.1847186753,candidate_net_return_x_position,,20260417,False,500000.0,705166.6963975851,-0.09035241171257324
A_plus_B_0009,20260416,A_OR_B,POSITION_OCCUPIED_SKIP,0,,,,,0.0,641453.1847186753,641453.1847186753,,301189.SZ 奥尼电子,,False,500000.0,705166.6963975851,-0.09035241171257324
A_plus_B_0009,20260417,A,HISTORICAL_SIM_FILLED,4,301319.SZ,唯特偶,chi_next,无,0.0352808081329955,641453.1847186753,664084.1714550337,audit_dynamic_account_return,,20260421,False,500000.0,705166.6963975851,-0.05825930968156268
A_plus_B_0009,20260420,A_OR_B,POSITION_OCCUPIED_SKIP,0,,,,,0.0,664084.1714550337,664084.1714550337,,301319.SZ 唯特偶,,False,500000.0,705166.6963975851,-0.05825930968156268
A_plus_B_0009,20260421,B,HISTORICAL_SIM_FILLED,10,600396.SH,华电辽能,sh_main,无,0.164385672816728,664084.1714550337,773250.0947866087,candidate_net_return_x_position,,20260423,False,500000.0,773250.0947866087,0.0
A_plus_B_0009,20260422,A_OR_B,POSITION_OCCUPIED_SKIP,0,,,,,0.0,773250.0947866087,773250.0947866087,,600396.SH 华电辽能,,False,500000.0,773250.0947866087,0.0
A_plus_B_0009,20260423,B,HISTORICAL_SIM_FILLED,10,002490.SZ,山东墨龙,sz_main,封单/流通市值偏高,0.0455888484848484,773250.0947866087,808501.67619873,candidate_net_return_x_position,,20260427,False,500000.0,808501.67619873,0.0
A_plus_B_0009,20260424,A_OR_B,POSITION_OCCUPIED_SKIP,0,,,,,0.0,808501.67619873,808501.67619873,,002490.SZ 山东墨龙,,False,500000.0,808501.67619873,0.0
A_plus_B_0009,20260427,B,REVIEW_REQUIRED_PLAN_ONLY,10,600152.SH,维科技术,sh_main,LOSS_OVERLAY_WATCH,0.0,808501.67619873,808501.67619873,manual_review_skip,,20260429,False,500000.0,808501.67619873,0.0
A_plus_B_0009,20260428,B,HISTORICAL_SIM_FILLED,10,000593.SZ,德龙汇能,sz_main,无,-0.021126977211278403,808501.67619873,791420.479710399,candidate_net_return_x_position,,20260430,False,500000.0,808501.67619873,-0.02112697721127843
A_plus_B_0009,20260429,A_OR_B,POSITION_OCCUPIED_SKIP,0,,,,,0.0,791420.479710399,791420.479710399,,000593.SZ 德龙汇能,,False,500000.0,808501.67619873,-0.02112697721127843
A_plus_B_0009,20260430,B,HISTORICAL_SIM_FILLED,10,600714.SH,金瑞矿业,sh_main,封单/流通市值偏高,0.009049701357466,791420.479710399,798582.5986999606,candidate_net_return_x_position,,20260507,False,500000.0,808501.67619873,-0.01226846868816045
A_plus_B_0009,20260506,A_OR_B,POSITION_OCCUPIED_SKIP,0,,,,,0.0,798582.5986999606,798582.5986999606,,600714.SH 金瑞矿业,,False,500000.0,808501.67619873,-0.01226846868816045
A_plus_B_0009,20260507,NONE,NO_CANDIDATE,0,,,,,0.0,798582.5986999606,798582.5986999606,,,,False,500000.0,808501.67619873,-0.01226846868816045
A_plus_B_0009,20260508,NONE,NO_CANDIDATE,0,,,,,0.0,798582.5986999606,798582.5986999606,,,,False,500000.0,808501.67619873,-0.01226846868816045
A_plus_B_0009,20260511,B,HISTORICAL_SIM_FILLED,10,603275.SH,众辰科技,sh_main,无,-0.01920437657524088,798582.5986999606,783246.3177480921,candidate_net_return_x_position,,20260513,False,500000.0,808501.67619873,-0.031237236970712345
A_plus_B_0009,20260512,A_OR_B,POSITION_OCCUPIED_SKIP,0,,,,,0.0,783246.3177480921,783246.3177480921,,603275.SH 众辰科技,,False,500000.0,808501.67619873,-0.031237236970712345
A_plus_B_0009,20260513,NONE,NO_CANDIDATE,0,,,,,0.0,783246.3177480921,783246.3177480921,,,,False,500000.0,808501.67619873,-0.031237236970712345
A_plus_B_0009,20260514,B,HISTORICAL_SIM_FILLED,10,002617.SZ,露笑科技,sz_main,封单/流通市值偏高,-0.08619658939096272,783246.3177480921,715733.1565051763,candidate_net_return_x_position,,20260518,False,500000.0,808501.67619873,-0.1147412830728024
A_plus_B_0010,20251112,NONE,NO_CANDIDATE,0,,,,,0.0,500000.0,500000.0,,,,False,500000.0,500000.0,0.0
A_plus_B_0010,20251113,B,HISTORICAL_SIM_FILLED,10,002780.SZ,三夫户外,sz_main,封单/流通市值偏高,-0.047073145981410484,500000.0,476463.4270092948,candidate_net_return_x_position,,20251117,False,500000.0,500000.0,-0.047073145981410436
A_plus_B_0010,20251114,A_OR_B,POSITION_OCCUPIED_SKIP,0,,,,,0.0,476463.4270092948,476463.4270092948,,002780.SZ 三夫户外,,False,500000.0,500000.0,-0.047073145981410436
A_plus_B_0010,20251117,B,HISTORICAL_SIM_FILLED,10,000632.SZ,三木集团,sz_main,无,-0.09829972670807464,476463.4270092948,429627.20234788844,candidate_net_return_x_position,,20251119,False,500000.0,500000.0,-0.14074559530422315
A_plus_B_0010,20251118,A_OR_B,POSITION_OCCUPIED_SKIP,0,,,,,0.0,429627.20234788844,429627.20234788844,,000632.SZ 三木集团,,False,500000.0,500000.0,-0.14074559530422315
A_plus_B_0010,20251119,NONE,NO_CANDIDATE,0,,,,,0.0,429627.20234788844,429627.20234788844,,,,False,500000.0,500000.0,-0.14074559530422315
A_plus_B_0010,20251120,A,HISTORICAL_SIM_FILLED,1,301092.SZ,争光股份,chi_next,无,-0.0505145833968012,429627.20234788844,407924.76320535166,audit_dynamic_account_return,,20251124,False,500000.0,500000.0,-0.1841504735892967
A_plus_B_0010,20251121,A_OR_B,POSITION_OCCUPIED_SKIP,0,,,,,0.0,407924.76320535166,407924.76320535166,,301092.SZ 争光股份,,False,500000.0,500000.0,-0.1841504735892967
A_plus_B_0010,20251124,NONE,NO_CANDIDATE,0,,,,,0.0,407924.76320535166,407924.76320535166,,,,False,500000.0,500000.0,-0.1841504735892967
A_plus_B_0010,20251125,A,REVIEW_REQUIRED_PLAN_ONLY,1,301117.SZ,佳缘科技,chi_next,LOSS_OVERLAY_WATCH,0.0,407924.76320535166,407924.76320535166,manual_review_skip,,20251127,False,500000.0,500000.0,-0.1841504735892967
A_plus_B_0010,20251126,NONE,NO_CANDIDATE,0,,,,,0.0,407924.76320535166,407924.76320535166,,,,False,500000.0,500000.0,-0.1841504735892967
A_plus_B_0010,20251127,NONE,NO_CANDIDATE,0,,,,,0.0,407924.76320535166,407924.76320535166,,,,False,500000.0,500000.0,-0.1841504735892967
A_plus_B_0010,20251128,NONE,NO_CANDIDATE,0,,,,,0.0,407924.76320535166,407924.76320535166,,,,False,500000.0,500000.0,-0.1841504735892967
A_plus_B_0010,20251201,B,HISTORICAL_SIM_FILLED,10,000078.SZ,海王生物,sz_main,无,0.14868294736842097,407924.76320535166,468576.21930328856,candidate_net_return_x_position,,20251203,False,500000.0,500000.0,-0.06284756139342285
A_plus_B_0010,20251202,A_OR_B,POSITION_OCCUPIED_SKIP,0,,,,,0.0,468576.21930328856,468576.21930328856,,000078.SZ 海王生物,,False,500000.0,500000.0,-0.06284756139342285
A_plus_B_0010,20251203,NONE,NO_CANDIDATE,0,,,,,0.0,468576.21930328856,468576.21930328856,,,,False,500000.0,500000.0,-0.06284756139342285
A_plus_B_0010,20251204,A,HISTORICAL_SIM_FILLED,1,300946.SZ,恒而达,chi_next,无,0.0291749495998269,468576.21930328856,482246.9068851394,audit_dynamic_account_return,,20251208,False,500000.0,500000.0,-0.035506186229721126
A_plus_B_0010,20251205,A_OR_B,POSITION_OCCUPIED_SKIP,0,,,,,0.0,482246.9068851394,482246.9068851394,,300946.SZ 恒而达,,False,500000.0,500000.0,-0.035506186229721126
A_plus_B_0010,20251208,NONE,NO_CANDIDATE,0,,,,,0.0,482246.9068851394,482246.9068851394,,,,False,500000.0,500000.0,-0.035506186229721126
A_plus_B_0010,20251209,NONE,NO_CANDIDATE,0,,,,,0.0,482246.9068851394,482246.9068851394,,,,False,500000.0,500000.0,-0.035506186229721126
A_plus_B_0010,20251210,NONE,NO_CANDIDATE,0,,,,,0.0,482246.9068851394,482246.9068851394,,,,False,500000.0,500000.0,-0.035506186229721126
A_plus_B_0010,20251211,NONE,NO_CANDIDATE,0,,,,,0.0,482246.9068851394,482246.9068851394,,,,False,500000.0,500000.0,-0.035506186229721126
A_plus_B_0010,20251212,A,HISTORICAL_SIM_FILLED,1,920576.BJ,天力复合,bj,无,0.181313377355646,482246.9068851394,569684.7222917979,audit_dynamic_account_return,,20251216,False,500000.0,569684.7222917979,0.0
A_plus_B_0010,20251215,A_OR_B,POSITION_OCCUPIED_SKIP,0,,,,,0.0,569684.7222917979,569684.7222917979,,920576.BJ 天力复合,,False,500000.0,569684.7222917979,0.0
A_plus_B_0010,20251216,NONE,NO_CANDIDATE,0,,,,,0.0,569684.7222917979,569684.7222917979,,,,False,500000.0,569684.7222917979,0.0
A_plus_B_0010,20251217,NONE,NO_CANDIDATE,0,,,,,0.0,569684.7222917979,569684.7222917979,,,,False,500000.0,569684.7222917979,0.0
A_plus_B_0010,20251218,NONE,NO_CANDIDATE,0,,,,,0.0,569684.7222917979,569684.7222917979,,,,False,500000.0,569684.7222917979,0.0
A_plus_B_0010,20251219,A,REVIEW_REQUIRED_PLAN_ONLY,2,300557.SZ,理工光科,chi_next,LOSS_OVERLAY_WATCH,0.0,569684.7222917979,569684.7222917979,manual_review_skip,,20251223,False,500000.0,569684.7222917979,0.0
A_plus_B_0010,20251222,B,HISTORICAL_SIM_FILLED,10,000407.SZ,胜利股份,sz_main,封单/流通市值偏高,-0.00447080314960624,569684.7222917979,567137.7740410932,candidate_net_return_x_position,,20251224,False,500000.0,569684.7222917979,-0.0044708031496061285
A_plus_B_0010,20251223,A_OR_B,POSITION_OCCUPIED_SKIP,0,,,,,0.0,567137.7740410932,567137.7740410932,,000407.SZ 胜利股份,,False,500000.0,569684.7222917979,-0.0044708031496061285
A_plus_B_0010,20251224,NONE,NO_CANDIDATE,0,,,,,0.0,567137.7740410932,567137.7740410932,,,,False,500000.0,569684.7222917979,-0.0044708031496061285
A_plus_B_0010,20251225,B,HISTORICAL_SIM_FILLED,10,001400.SZ,江顺科技,sz_main,封单/流通市值偏高,0.02419692874559736,567137.7740410932,580860.7663485022,candidate_net_return_x_position,,20251229,False,500000.0,580860.7663485022,0.0
A_plus_B_0010,20251226,A_OR_B,POSITION_OCCUPIED_SKIP,0,,,,,0.0,580860.7663485022,580860.7663485022,,001400.SZ 江顺科技,,False,500000.0,580860.7663485022,0.0
A_plus_B_0010,20251229,NONE,NO_CANDIDATE,0,,,,,0.0,580860.7663485022,580860.7663485022,,,,False,500000.0,580860.7663485022,0.0
A_plus_B_0010,20251230,NONE,NO_CANDIDATE,0,,,,,0.0,580860.7663485022,580860.7663485022,,,,False,500000.0,580860.7663485022,0.0
A_plus_B_0010,20251231,A,HISTORICAL_SIM_FILLED,2,300058.SZ,蓝色光标,chi_next,无,0.1308549259970799,580860.7663485022,656869.2589436426,audit_dynamic_account_return,,20260106,False,500000.0,656869.2589436426,0.0
A_plus_B_0010,20260105,A_OR_B,POSITION_OCCUPIED_SKIP,0,,,,,0.0,656869.2589436426,656869.2589436426,,300058.SZ 蓝色光标,,False,500000.0,656869.2589436426,0.0
A_plus_B_0010,20260106,B,HISTORICAL_SIM_FILLED,10,002865.SZ,钧达股份,sz_main,无,0.15892856140350875,656869.2589436426,761264.5452977446,candidate_net_return_x_position,,20260108,False,500000.0,761264.5452977446,0.0
A_plus_B_0010,20260107,A_OR_B,POSITION_OCCUPIED_SKIP,0,,,,,0.0,761264.5452977446,761264.5452977446,,002865.SZ 钧达股份,,False,500000.0,761264.5452977446,0.0
A_plus_B_0010,20260108,NONE,NO_CANDIDATE,0,,,,,0.0,761264.5452977446,761264.5452977446,,,,False,500000.0,761264.5452977446,0.0
A_plus_B_0010,20260109,B,HISTORICAL_SIM_FILLED,10,600410.SH,华胜天成,sh_main,封单/流通市值偏高,-0.06404016475972536,761264.5452977446,712513.0383911396,candidate_net_return_x_position,,20260113,False,500000.0,761264.5452977446,-0.0640401647597254
A_plus_B_0010,20260112,A_OR_B,POSITION_OCCUPIED_SKIP,0,,,,,0.0,712513.0383911396,712513.0383911396,,600410.SH 华胜天成,,False,500000.0,761264.5452977446,-0.0640401647597254
A_plus_B_0010,20260113,NONE,NO_CANDIDATE,0,,,,,0.0,712513.0383911396,712513.0383911396,,,,False,500000.0,761264.5452977446,-0.0640401647597254
A_plus_B_0010,20260114,B,HISTORICAL_SIM_FILLED,10,002194.SZ,武汉凡谷,sz_main,无,-0.026620137931034484,712513.0383911396,693545.843031507,candidate_net_return_x_position,,20260116,False,500000.0,761264.5452977446,-0.08895554467172984
A_plus_B_0010,20260115,A_OR_B,POSITION_OCCUPIED_SKIP,0,,,,,0.0,693545.843031507,693545.843031507,,002194.SZ 武汉凡谷,,False,500000.0,761264.5452977446,-0.08895554467172984
A_plus_B_0010,20260116,NONE,NO_CANDIDATE,0,,,,,0.0,693545.843031507,693545.843031507,,,,False,500000.0,761264.5452977446,-0.08895554467172984
A_plus_B_0010,20260119,A,HISTORICAL_SIM_FILLED,2,300658.SZ,延江股份,chi_next,无,0.0681174370165976,693545.843031507,740788.4083123287,audit_dynamic_account_return,,20260121,False,500000.0,761264.5452977446,-0.026897531366585903
A_plus_B_0010,20260120,A_OR_B,POSITION_OCCUPIED_SKIP,0,,,,,0.0,740788.4083123287,740788.4083123287,,300658.SZ 延江股份,,False,500000.0,761264.5452977446,-0.026897531366585903
A_plus_B_0010,20260121,B,HISTORICAL_SIM_FILLED,10,002185.SZ,华天科技,sz_main,无,-0.03874884280936456,740788.4083123287,712083.714723635,candidate_net_return_x_position,,20260123,False,500000.0,761264.5452977446,-0.06460412596106657
A_plus_B_0010,20260122,A_OR_B,POSITION_OCCUPIED_SKIP,0,,,,,0.0,712083.714723635,712083.714723635,,002185.SZ 华天科技,,False,500000.0,761264.5452977446,-0.06460412596106657
A_plus_B_0010,20260123,A,HISTORICAL_SIM_FILLED,1,920368.BJ,连城数控,bj,无,0.1027727855059111,712083.714723635,785266.5415991795,audit_dynamic_account_return,,20260127,False,500000.0,785266.5415991795,0.0
A_plus_B_0010,20260126,A_OR_B,POSITION_OCCUPIED_SKIP,0,,,,,0.0,785266.5415991795,785266.5415991795,,920368.BJ 连城数控,,False,500000.0,785266.5415991795,0.0
A_plus_B_0010,20260127,NONE,NO_CANDIDATE,0,,,,,0.0,785266.5415991795,785266.5415991795,,,,False,500000.0,785266.5415991795,0.0
A_plus_B_0010,20260128,A,HISTORICAL_SIM_FILLED,3,300164.SZ,通源石油,chi_next,无,0.0457725821591917,785266.5415991795,821210.2188913922,audit_dynamic_account_return,,20260130,False,500000.0,821210.2188913922,0.0
A_plus_B_0010,20260129,A_OR_B,POSITION_OCCUPIED_SKIP,0,,,,,0.0,821210.2188913922,821210.2188913922,,300164.SZ 通源石油,,False,500000.0,821210.2188913922,0.0
A_plus_B_0010,20260130,NONE,NO_CANDIDATE,0,,,,,0.0,821210.2188913922,821210.2188913922,,,,False,500000.0,821210.2188913922,0.0
A_plus_B_0010,20260202,NONE,NO_CANDIDATE,0,,,,,0.0,821210.2188913922,821210.2188913922,,,,False,500000.0,821210.2188913922,0.0
A_plus_B_0010,20260203,NONE,NO_CANDIDATE,0,,,,,0.0,821210.2188913922,821210.2188913922,,,,False,500000.0,821210.2188913922,0.0
A_plus_B_0010,20260204,NONE,NO_CANDIDATE,0,,,,,0.0,821210.2188913922,821210.2188913922,,,,False,500000.0,821210.2188913922,0.0
A_plus_B_0010,20260205,NONE,NO_CANDIDATE,0,,,,,0.0,821210.2188913922,821210.2188913922,,,,False,500000.0,821210.2188913922,0.0
A_plus_B_0010,20260206,NONE,NO_CANDIDATE,0,,,,,0.0,821210.2188913922,821210.2188913922,,,,False,500000.0,821210.2188913922,0.0
A_plus_B_0010,20260209,NONE,NO_CANDIDATE,0,,,,,0.0,821210.2188913922,821210.2188913922,,,,False,500000.0,821210.2188913922,0.0
A_plus_B_0010,20260210,NONE,NO_CANDIDATE,0,,,,,0.0,821210.2188913922,821210.2188913922,,,,False,500000.0,821210.2188913922,0.0
A_plus_B_0010,20260211,NONE,NO_CANDIDATE,0,,,,,0.0,821210.2188913922,821210.2188913922,,,,False,500000.0,821210.2188913922,0.0
A_plus_B_0010,20260212,NONE,NO_CANDIDATE,0,,,,,0.0,821210.2188913922,821210.2188913922,,,,False,500000.0,821210.2188913922,0.0
A_plus_B_0010,20260213,NONE,NO_CANDIDATE,0,,,,,0.0,821210.2188913922,821210.2188913922,,,,False,500000.0,821210.2188913922,0.0
A_plus_B_0010,20260224,B,HISTORICAL_SIM_FILLED,10,603139.SH,康惠股份,sh_main,封单/流通市值偏高,0.008649765286745121,821210.2188913922,828313.4945358795,candidate_net_return_x_position,,20260226,False,500000.0,828313.4945358795,0.0
A_plus_B_0010,20260225,A_OR_B,POSITION_OCCUPIED_SKIP,0,,,,,0.0,828313.4945358795,828313.4945358795,,603139.SH 康惠股份,,False,500000.0,828313.4945358795,0.0
A_plus_B_0010,20260226,A,HISTORICAL_SIM_FILLED,3,300499.SZ,高澜股份,chi_next,无,0.0193948880593092,828313.4945358795,844378.542040418,audit_dynamic_account_return,,20260302,False,500000.0,844378.542040418,0.0
A_plus_B_0010,20260227,A_OR_B,POSITION_OCCUPIED_SKIP,0,,,,,0.0,844378.542040418,844378.542040418,,300499.SZ 高澜股份,,False,500000.0,844378.542040418,0.0
A_plus_B_0010,20260302,B,HISTORICAL_SIM_FILLED,10,603257.SH,中国瑞林,sh_main,无,-0.02767914745972736,844378.542040418,821006.8638634518,candidate_net_return_x_position,,20260304,False,500000.0,844378.542040418,-0.027679147459727327
A_plus_B_0010,20260303,A_OR_B,POSITION_OCCUPIED_SKIP,0,,,,,0.0,821006.8638634518,821006.8638634518,,603257.SH 中国瑞林,,False,500000.0,844378.542040418,-0.027679147459727327
A_plus_B_0010,20260304,NONE,NO_CANDIDATE,0,,,,,0.0,821006.8638634518,821006.8638634518,,,,False,500000.0,844378.542040418,-0.027679147459727327
A_plus_B_0010,20260305,NONE,NO_CANDIDATE,0,,,,,0.0,821006.8638634518,821006.8638634518,,,,False,500000.0,844378.542040418,-0.027679147459727327
A_plus_B_0010,20260306,NONE,NO_CANDIDATE,0,,,,,0.0,821006.8638634518,821006.8638634518,,,,False,500000.0,844378.542040418,-0.027679147459727327
A_plus_B_0010,20260309,A,REVIEW_REQUIRED_PLAN_ONLY,1,301606.SZ,绿联科技,chi_next,LOSS_OVERLAY_WATCH,0.0,821006.8638634518,821006.8638634518,manual_review_skip,,20260311,False,500000.0,844378.542040418,-0.027679147459727327
A_plus_B_0010,20260310,NONE,NO_CANDIDATE,0,,,,,0.0,821006.8638634518,821006.8638634518,,,,False,500000.0,844378.542040418,-0.027679147459727327
A_plus_B_0010,20260311,NONE,NO_CANDIDATE,0,,,,,0.0,821006.8638634518,821006.8638634518,,,,False,500000.0,844378.542040418,-0.027679147459727327
A_plus_B_0010,20260312,NONE,NO_CANDIDATE,0,,,,,0.0,821006.8638634518,821006.8638634518,,,,False,500000.0,844378.542040418,-0.027679147459727327
A_plus_B_0010,20260313,NONE,NO_CANDIDATE,0,,,,,0.0,821006.8638634518,821006.8638634518,,,,False,500000.0,844378.542040418,-0.027679147459727327
A_plus_B_0010,20260316,NONE,NO_CANDIDATE,0,,,,,0.0,821006.8638634518,821006.8638634518,,,,False,500000.0,844378.542040418,-0.027679147459727327
A_plus_B_0010,20260317,NONE,NO_CANDIDATE,0,,,,,0.0,821006.8638634518,821006.8638634518,,,,False,500000.0,844378.542040418,-0.027679147459727327
A_plus_B_0010,20260318,NONE,NO_CANDIDATE,0,,,,,0.0,821006.8638634518,821006.8638634518,,,,False,500000.0,844378.542040418,-0.027679147459727327
A_plus_B_0010,20260319,NONE,NO_CANDIDATE,0,,,,,0.0,821006.8638634518,821006.8638634518,,,,False,500000.0,844378.542040418,-0.027679147459727327
A_plus_B_0010,20260320,NONE,NO_CANDIDATE,0,,,,,0.0,821006.8638634518,821006.8638634518,,,,False,500000.0,844378.542040418,-0.027679147459727327
A_plus_B_0010,20260323,NONE,NO_CANDIDATE,0,,,,,0.0,821006.8638634518,821006.8638634518,,,,False,500000.0,844378.542040418,-0.027679147459727327
A_plus_B_0010,20260324,B,HISTORICAL_SIM_FILLED,10,601016.SH,节能风电,sh_main,无,0.05011604819277096,821006.8638634518,862152.4834194282,candidate_net_return_x_position,,20260326,False,500000.0,862152.4834194282,0.0
A_plus_B_0010,20260325,A_OR_B,POSITION_OCCUPIED_SKIP,0,,,,,0.0,862152.4834194282,862152.4834194282,,601016.SH 节能风电,,False,500000.0,862152.4834194282,0.0
A_plus_B_0010,20260326,NONE,NO_CANDIDATE,0,,,,,0.0,862152.4834194282,862152.4834194282,,,,False,500000.0,862152.4834194282,0.0
A_plus_B_0010,20260327,A,HISTORICAL_SIM_FILLED,1,300204.SZ,舒泰神,chi_next,无,0.0397618491523106,862152.4834194282,896433.2604114416,audit_dynamic_account_return,,20260331,False,500000.0,896433.2604114416,0.0
A_plus_B_0010,20260330,A_OR_B,POSITION_OCCUPIED_SKIP,0,,,,,0.0,896433.2604114416,896433.2604114416,,300204.SZ 舒泰神,,False,500000.0,896433.2604114416,0.0
A_plus_B_0010,20260331,NONE,NO_CANDIDATE,0,,,,,0.0,896433.2604114416,896433.2604114416,,,,False,500000.0,896433.2604114416,0.0
A_plus_B_0010,20260401,NONE,NO_CANDIDATE,0,,,,,0.0,896433.2604114416,896433.2604114416,,,,False,500000.0,896433.2604114416,0.0
A_plus_B_0010,20260402,NONE,NO_CANDIDATE,0,,,,,0.0,896433.2604114416,896433.2604114416,,,,False,500000.0,896433.2604114416,0.0
A_plus_B_0010,20260403,NONE,NO_CANDIDATE,0,,,,,0.0,896433.2604114416,896433.2604114416,,,,False,500000.0,896433.2604114416,0.0
A_plus_B_0010,20260407,B,HISTORICAL_SIM_FILLED,10,603090.SH,宏盛股份,sh_main,封单/流通市值偏高,0.02519967060248256,896433.2604114416,919023.0832909194,candidate_net_return_x_position,,20260409,False,500000.0,919023.0832909194,0.0
A_plus_B_0010,20260408,A_OR_B,POSITION_OCCUPIED_SKIP,0,,,,,0.0,919023.0832909194,919023.0832909194,,603090.SH 宏盛股份,,False,500000.0,919023.0832909194,0.0
A_plus_B_0010,20260409,A,HISTORICAL_SIM_FILLED,1,300489.SZ,光智科技,chi_next,无,0.0826627480845445,919023.0832909194,994992.0569088781,audit_dynamic_account_return,,20260413,False,500000.0,994992.0569088781,0.0
A_plus_B_0010,20260410,A_OR_B,POSITION_OCCUPIED_SKIP,0,,,,,0.0,994992.0569088781,994992.0569088781,,300489.SZ 光智科技,,False,500000.0,994992.0569088781,0.0
A_plus_B_0010,20260413,NONE,NO_CANDIDATE,0,,,,,0.0,994992.0569088781,994992.0569088781,,,,False,500000.0,994992.0569088781,0.0
A_plus_B_0010,20260414,A,HISTORICAL_SIM_FILLED,1,301189.SZ,奥尼电子,chi_next,无,-0.0350052172427846,994992.0569088781,960162.1438019378,audit_dynamic_account_return,,20260416,False,500000.0,994992.0569088781,-0.0350052172427846
A_plus_B_0010,20260415,A_OR_B,POSITION_OCCUPIED_SKIP,0,,,,,0.0,960162.1438019378,960162.1438019378,,301189.SZ 奥尼电子,,False,500000.0,994992.0569088781,-0.0350052172427846
A_plus_B_0010,20260416,NONE,NO_CANDIDATE,0,,,,,0.0,960162.1438019378,960162.1438019378,,,,False,500000.0,994992.0569088781,-0.0350052172427846
A_plus_B_0010,20260417,A,HISTORICAL_SIM_FILLED,4,301319.SZ,唯特偶,chi_next,无,0.0352808081329955,960162.1438019378,994037.4401739795,audit_dynamic_account_return,,20260421,False,500000.0,994992.0569088781,-0.0009594214629856657
A_plus_B_0010,20260420,A_OR_B,POSITION_OCCUPIED_SKIP,0,,,,,0.0,994037.4401739795,994037.4401739795,,301319.SZ 唯特偶,,False,500000.0,994992.0569088781,-0.0009594214629856657
A_plus_B_0010,20260421,NONE,NO_CANDIDATE,0,,,,,0.0,994037.4401739795,994037.4401739795,,,,False,500000.0,994992.0569088781,-0.0009594214629856657
A_plus_B_0010,20260422,NONE,NO_CANDIDATE,0,,,,,0.0,994037.4401739795,994037.4401739795,,,,False,500000.0,994992.0569088781,-0.0009594214629856657
A_plus_B_0010,20260423,NONE,NO_CANDIDATE,0,,,,,0.0,994037.4401739795,994037.4401739795,,,,False,500000.0,994992.0569088781,-0.0009594214629856657
A_plus_B_0010,20260424,NONE,NO_CANDIDATE,0,,,,,0.0,994037.4401739795,994037.4401739795,,,,False,500000.0,994992.0569088781,-0.0009594214629856657
A_plus_B_0010,20260427,NONE,NO_CANDIDATE,0,,,,,0.0,994037.4401739795,994037.4401739795,,,,False,500000.0,994992.0569088781,-0.0009594214629856657
A_plus_B_0010,20260428,NONE,NO_CANDIDATE,0,,,,,0.0,994037.4401739795,994037.4401739795,,,,False,500000.0,994992.0569088781,-0.0009594214629856657
A_plus_B_0010,20260429,B,HISTORICAL_SIM_FILLED,10,002655.SZ,共达电声,sz_main,无,0.04503626961901648,994037.4401739795,1038805.1783410518,candidate_net_return_x_position,,20260506,False,500000.0,1038805.1783410518,0.0
A_plus_B_0010,20260430,A_OR_B,POSITION_OCCUPIED_SKIP,0,,,,,0.0,1038805.1783410518,1038805.1783410518,,002655.SZ 共达电声,,False,500000.0,1038805.1783410518,0.0
A_plus_B_0010,20260506,B,HISTORICAL_SIM_FILLED,10,600589.SH,大位科技,sh_main,无,0.10035309747292416,1038805.1783410518,1143052.4956584896,candidate_net_return_x_position,,20260508,False,500000.0,1143052.4956584896,0.0
A_plus_B_0010,20260507,A_OR_B,POSITION_OCCUPIED_SKIP,0,,,,,0.0,1143052.4956584896,1143052.4956584896,,600589.SH 大位科技,,False,500000.0,1143052.4956584896,0.0
A_plus_B_0010,20260508,B,HISTORICAL_SIM_FILLED,10,603400.SH,华之杰,sh_main,封单/流通市值偏高,-0.056186307710038,1143052.4956584896,1078828.596408695,candidate_net_return_x_position,,20260512,False,500000.0,1143052.4956584896,-0.05618630771003785
A_plus_B_0010,20260511,A_OR_B,POSITION_OCCUPIED_SKIP,0,,,,,0.0,1078828.596408695,1078828.596408695,,603400.SH 华之杰,,False,500000.0,1143052.4956584896,-0.05618630771003785
A_plus_B_0010,20260512,NONE,NO_CANDIDATE,0,,,,,0.0,1078828.596408695,1078828.596408695,,,,False,500000.0,1143052.4956584896,-0.05618630771003785
A_plus_B_0010,20260513,B,HISTORICAL_SIM_FILLED,10,002654.SZ,万润科技,sz_main,无,-0.02769132163742688,1078828.596408695,1048954.4067538881,candidate_net_return_x_position,,20260515,False,500000.0,1143052.4956584896,-0.08232175622904658
A_plus_B_0010,20260514,A_OR_B,POSITION_OCCUPIED_SKIP,0,,,,,0.0,1048954.4067538881,1048954.4067538881,,002654.SZ 万润科技,,False,500000.0,1143052.4956584896,-0.08232175622904658
A_plus_B_0011,20251112,NONE,NO_CANDIDATE,0,,,,,0.0,500000.0,500000.0,,,,False,500000.0,500000.0,0.0
A_plus_B_0011,20251113,NONE,NO_CANDIDATE,0,,,,,0.0,500000.0,500000.0,,,,False,500000.0,500000.0,0.0
A_plus_B_0011,20251114,NONE,NO_CANDIDATE,0,,,,,0.0,500000.0,500000.0,,,,False,500000.0,500000.0,0.0
A_plus_B_0011,20251117,NONE,NO_CANDIDATE,0,,,,,0.0,500000.0,500000.0,,,,False,500000.0,500000.0,0.0
A_plus_B_0011,20251118,B,HISTORICAL_SIM_FILLED,9,600410.SH,华胜天成,sh_main,封单/流通市值偏高,-0.00217851121076224,500000.0,498910.74439461884,candidate_net_return_x_position,,20251120,False,500000.0,500000.0,-0.0021785112107622906
A_plus_B_0011,20251119,A_OR_B,POSITION_OCCUPIED_SKIP,0,,,,,0.0,498910.74439461884,498910.74439461884,,600410.SH 华胜天成,,False,500000.0,500000.0,-0.0021785112107622906
A_plus_B_0011,20251120,A,HISTORICAL_SIM_FILLED,1,301092.SZ,争光股份,chi_next,无,-0.0505145833968012,498910.74439461884,473708.47598933673,audit_dynamic_account_return,,20251124,False,500000.0,500000.0,-0.05258304802132652
A_plus_B_0011,20251121,A_OR_B,POSITION_OCCUPIED_SKIP,0,,,,,0.0,473708.47598933673,473708.47598933673,,301092.SZ 争光股份,,False,500000.0,500000.0,-0.05258304802132652
A_plus_B_0011,20251124,NONE,NO_CANDIDATE,0,,,,,0.0,473708.47598933673,473708.47598933673,,,,False,500000.0,500000.0,-0.05258304802132652
A_plus_B_0011,20251125,A,REVIEW_REQUIRED_PLAN_ONLY,1,301117.SZ,佳缘科技,chi_next,LOSS_OVERLAY_WATCH,0.0,473708.47598933673,473708.47598933673,manual_review_skip,,20251127,False,500000.0,500000.0,-0.05258304802132652
A_plus_B_0011,20251126,NONE,NO_CANDIDATE,0,,,,,0.0,473708.47598933673,473708.47598933673,,,,False,500000.0,500000.0,-0.05258304802132652
A_plus_B_0011,20251127,NONE,NO_CANDIDATE,0,,,,,0.0,473708.47598933673,473708.47598933673,,,,False,500000.0,500000.0,-0.05258304802132652
A_plus_B_0011,20251128,NONE,NO_CANDIDATE,0,,,,,0.0,473708.47598933673,473708.47598933673,,,,False,500000.0,500000.0,-0.05258304802132652
A_plus_B_0011,20251201,B,HISTORICAL_SIM_FILLED,10,600734.SH,实达集团,sh_main,封单/流通市值偏高,0.0741093475935828,473708.47598933673,508814.7020944569,candidate_net_return_x_position,,20251203,False,500000.0,508814.7020944569,0.0
A_plus_B_0011,20251202,A_OR_B,POSITION_OCCUPIED_SKIP,0,,,,,0.0,508814.7020944569,508814.7020944569,,600734.SH 实达集团,,False,500000.0,508814.7020944569,0.0
A_plus_B_0011,20251203,B,REVIEW_REQUIRED_PLAN_ONLY,10,603092.SH,德力佳,sh_main,封单/流通市值偏高;LOSS_OVERLAY_WATCH,0.0,508814.7020944569,508814.7020944569,manual_review_skip,,20251205,False,500000.0,508814.7020944569,0.0
A_plus_B_0011,20251204,A,HISTORICAL_SIM_FILLED,1,300946.SZ,恒而达,chi_next,无,0.0291749495998269,508814.7020944569,523659.34538371355,audit_dynamic_account_return,,20251208,False,500000.0,523659.34538371355,0.0
A_plus_B_0011,20251205,A_OR_B,POSITION_OCCUPIED_SKIP,0,,,,,0.0,523659.34538371355,523659.34538371355,,300946.SZ 恒而达,,False,500000.0,523659.34538371355,0.0
A_plus_B_0011,20251208,NONE,NO_CANDIDATE,0,,,,,0.0,523659.34538371355,523659.34538371355,,,,False,500000.0,523659.34538371355,0.0
A_plus_B_0011,20251209,NONE,NO_CANDIDATE,0,,,,,0.0,523659.34538371355,523659.34538371355,,,,False,500000.0,523659.34538371355,0.0
A_plus_B_0011,20251210,B,HISTORICAL_SIM_FILLED,10,600330.SH,天通股份,sh_main,封单/流通市值偏高,-0.059511384615384647,523659.34538371355,492495.65267314285,candidate_net_return_x_position,,20251212,False,500000.0,523659.34538371355,-0.05951138461538463
A_plus_B_0011,20251211,A_OR_B,POSITION_OCCUPIED_SKIP,0,,,,,0.0,492495.65267314285,492495.65267314285,,600330.SH 天通股份,,False,500000.0,523659.34538371355,-0.05951138461538463
A_plus_B_0011,20251212,A,HISTORICAL_SIM_FILLED,1,920576.BJ,天力复合,bj,无,0.181313377355646,492495.65267314285,581791.7027922836,audit_dynamic_account_return,,20251216,False,500000.0,581791.7027922836,0.0
A_plus_B_0011,20251215,A_OR_B,POSITION_OCCUPIED_SKIP,0,,,,,0.0,581791.7027922836,581791.7027922836,,920576.BJ 天力复合,,False,500000.0,581791.7027922836,0.0
A_plus_B_0011,20251216,B,HISTORICAL_SIM_FILLED,10,002104.SZ,恒宝股份,sz_main,封单/流通市值偏高,-0.035295999999999925,581791.7027922836,561256.7828505272,candidate_net_return_x_position,,20251218,False,500000.0,581791.7027922836,-0.035295999999999994
A_plus_B_0011,20251217,A_OR_B,POSITION_OCCUPIED_SKIP,0,,,,,0.0,561256.7828505272,561256.7828505272,,002104.SZ 恒宝股份,,False,500000.0,581791.7027922836,-0.035295999999999994
A_plus_B_0011,20251218,NONE,NO_CANDIDATE,0,,,,,0.0,561256.7828505272,561256.7828505272,,,,False,500000.0,581791.7027922836,-0.035295999999999994
A_plus_B_0011,20251219,A,REVIEW_REQUIRED_PLAN_ONLY,2,300557.SZ,理工光科,chi_next,LOSS_OVERLAY_WATCH,0.0,561256.7828505272,561256.7828505272,manual_review_skip,,20251223,False,500000.0,581791.7027922836,-0.035295999999999994
A_plus_B_0011,20251222,NONE,NO_CANDIDATE,0,,,,,0.0,561256.7828505272,561256.7828505272,,,,False,500000.0,581791.7027922836,-0.035295999999999994
A_plus_B_0011,20251223,B,HISTORICAL_SIM_FILLED,10,603698.SH,航天工程,sh_main,无,0.20811379398851737,561256.7828505272,678062.0613313399,candidate_net_return_x_position,,20251225,False,500000.0,678062.0613313399,0.0
A_plus_B_0011,20251224,A_OR_B,POSITION_OCCUPIED_SKIP,0,,,,,0.0,678062.0613313399,678062.0613313399,,603698.SH 航天工程,,False,500000.0,678062.0613313399,0.0
A_plus_B_0011,20251225,NONE,NO_CANDIDATE,0,,,,,0.0,678062.0613313399,678062.0613313399,,,,False,500000.0,678062.0613313399,0.0
A_plus_B_0011,20251226,NONE,NO_CANDIDATE,0,,,,,0.0,678062.0613313399,678062.0613313399,,,,False,500000.0,678062.0613313399,0.0
A_plus_B_0011,20251229,NONE,NO_CANDIDATE,0,,,,,0.0,678062.0613313399,678062.0613313399,,,,False,500000.0,678062.0613313399,0.0
A_plus_B_0011,20251230,NONE,NO_CANDIDATE,0,,,,,0.0,678062.0613313399,678062.0613313399,,,,False,500000.0,678062.0613313399,0.0
A_plus_B_0011,20251231,A,HISTORICAL_SIM_FILLED,2,300058.SZ,蓝色光标,chi_next,无,0.1308549259970799,678062.0613313399,766789.8221882798,audit_dynamic_account_return,,20260106,False,500000.0,766789.8221882798,0.0
A_plus_B_0011,20260105,A_OR_B,POSITION_OCCUPIED_SKIP,0,,,,,0.0,766789.8221882798,766789.8221882798,,300058.SZ 蓝色光标,,False,500000.0,766789.8221882798,0.0
A_plus_B_0011,20260106,B,REVIEW_REQUIRED_PLAN_ONLY,9,300430.SZ,诚益通,chi_next,LOSS_OVERLAY_WATCH,0.0,766789.8221882798,766789.8221882798,manual_review_skip,,20260108,False,500000.0,766789.8221882798,0.0
A_plus_B_0011,20260107,NONE,NO_CANDIDATE,0,,,,,0.0,766789.8221882798,766789.8221882798,,,,False,500000.0,766789.8221882798,0.0
A_plus_B_0011,20260108,NONE,NO_CANDIDATE,0,,,,,0.0,766789.8221882798,766789.8221882798,,,,False,500000.0,766789.8221882798,0.0
A_plus_B_0011,20260109,NONE,NO_CANDIDATE,0,,,,,0.0,766789.8221882798,766789.8221882798,,,,False,500000.0,766789.8221882798,0.0
A_plus_B_0011,20260112,NONE,NO_CANDIDATE,0,,,,,0.0,766789.8221882798,766789.8221882798,,,,False,500000.0,766789.8221882798,0.0
A_plus_B_0011,20260113,NONE,NO_CANDIDATE,0,,,,,0.0,766789.8221882798,766789.8221882798,,,,False,500000.0,766789.8221882798,0.0
A_plus_B_0011,20260114,B,HISTORICAL_SIM_FILLED,10,301408.SZ,华人健康,chi_next,无,-0.1568344846211552,766789.8221882798,646530.7356126336,candidate_net_return_x_position,,20260116,False,500000.0,766789.8221882798,-0.15683448462115535
A_plus_B_0011,20260115,A_OR_B,POSITION_OCCUPIED_SKIP,0,,,,,0.0,646530.7356126336,646530.7356126336,,301408.SZ 华人健康,,False,500000.0,766789.8221882798,-0.15683448462115535
A_plus_B_0011,20260116,B,HISTORICAL_SIM_FILLED,10,001233.SZ,海安集团,sz_main,封单/流通市值偏高,0.038989907788486565,646530.7356126336,671738.9093765926,candidate_net_return_x_position,,20260120,False,500000.0,766789.8221882798,-0.12395953892610245
A_plus_B_0011,20260119,A_OR_B,POSITION_OCCUPIED_SKIP,0,,,,,0.0,671738.9093765926,671738.9093765926,,001233.SZ 海安集团,,False,500000.0,766789.8221882798,-0.12395953892610245
A_plus_B_0011,20260120,NONE,NO_CANDIDATE,0,,,,,0.0,671738.9093765926,671738.9093765926,,,,False,500000.0,766789.8221882798,-0.12395953892610245
A_plus_B_0011,20260121,NONE,NO_CANDIDATE,0,,,,,0.0,671738.9093765926,671738.9093765926,,,,False,500000.0,766789.8221882798,-0.12395953892610245
A_plus_B_0011,20260122,NONE,NO_CANDIDATE,0,,,,,0.0,671738.9093765926,671738.9093765926,,,,False,500000.0,766789.8221882798,-0.12395953892610245
A_plus_B_0011,20260123,A,HISTORICAL_SIM_FILLED,1,920368.BJ,连城数控,bj,无,0.1027727855059111,671738.9093765926,740775.3882259278,audit_dynamic_account_return,,20260127,False,500000.0,766789.8221882798,-0.0339264205256552
A_plus_B_0011,20260126,A_OR_B,POSITION_OCCUPIED_SKIP,0,,,,,0.0,740775.3882259278,740775.3882259278,,920368.BJ 连城数控,,False,500000.0,766789.8221882798,-0.0339264205256552
A_plus_B_0011,20260127,NONE,NO_CANDIDATE,0,,,,,0.0,740775.3882259278,740775.3882259278,,,,False,500000.0,766789.8221882798,-0.0339264205256552
A_plus_B_0011,20260128,A,HISTORICAL_SIM_FILLED,3,300164.SZ,通源石油,chi_next,无,0.0457725821591917,740775.3882259278,774682.5905450062,audit_dynamic_account_return,,20260130,False,500000.0,774682.5905450062,0.0
A_plus_B_0011,20260129,A_OR_B,POSITION_OCCUPIED_SKIP,0,,,,,0.0,774682.5905450062,774682.5905450062,,300164.SZ 通源石油,,False,500000.0,774682.5905450062,0.0
A_plus_B_0011,20260130,B,HISTORICAL_SIM_FILLED,9,002995.SZ,天地在线,sz_main,无,0.04234821593830336,774682.5905450062,807489.0161730503,candidate_net_return_x_position,,20260203,False,500000.0,807489.0161730503,0.0
A_plus_B_0011,20260202,A_OR_B,POSITION_OCCUPIED_SKIP,0,,,,,0.0,807489.0161730503,807489.0161730503,,002995.SZ 天地在线,,False,500000.0,807489.0161730503,0.0
A_plus_B_0011,20260203,NONE,NO_CANDIDATE,0,,,,,0.0,807489.0161730503,807489.0161730503,,,,False,500000.0,807489.0161730503,0.0
A_plus_B_0011,20260204,NONE,NO_CANDIDATE,0,,,,,0.0,807489.0161730503,807489.0161730503,,,,False,500000.0,807489.0161730503,0.0
A_plus_B_0011,20260205,B,HISTORICAL_SIM_FILLED,10,603655.SH,朗博科技,sh_main,封单/流通市值偏高,-0.02558976814831368,807489.0161730503,786825.559466872,candidate_net_return_x_position,,20260209,False,500000.0,807489.0161730503,-0.025589768148313707
A_plus_B_0011,20260206,A_OR_B,POSITION_OCCUPIED_SKIP,0,,,,,0.0,786825.559466872,786825.559466872,,603655.SH 朗博科技,,False,500000.0,807489.0161730503,-0.025589768148313707
A_plus_B_0011,20260209,NONE,NO_CANDIDATE,0,,,,,0.0,786825.559466872,786825.559466872,,,,False,500000.0,807489.0161730503,-0.025589768148313707
A_plus_B_0011,20260210,NONE,NO_CANDIDATE,0,,,,,0.0,786825.559466872,786825.559466872,,,,False,500000.0,807489.0161730503,-0.025589768148313707
A_plus_B_0011,20260211,NONE,NO_CANDIDATE,0,,,,,0.0,786825.559466872,786825.559466872,,,,False,500000.0,807489.0161730503,-0.025589768148313707
A_plus_B_0011,20260212,NONE,NO_CANDIDATE,0,,,,,0.0,786825.559466872,786825.559466872,,,,False,500000.0,807489.0161730503,-0.025589768148313707
A_plus_B_0011,20260213,B,HISTORICAL_SIM_FILLED,10,002009.SZ,天奇股份,sz_main,无,-0.10221070743278865,786825.559466872,706403.5624075633,candidate_net_return_x_position,,20260225,False,500000.0,807489.0161730503,-0.12518492727562214
A_plus_B_0011,20260224,A_OR_B,POSITION_OCCUPIED_SKIP,0,,,,,0.0,706403.5624075633,706403.5624075633,,002009.SZ 天奇股份,,False,500000.0,807489.0161730503,-0.12518492727562214
A_plus_B_0011,20260225,NONE,NO_CANDIDATE,0,,,,,0.0,706403.5624075633,706403.5624075633,,,,False,500000.0,807489.0161730503,-0.12518492727562214
A_plus_B_0011,20260226,A,HISTORICAL_SIM_FILLED,3,300499.SZ,高澜股份,chi_next,无,0.0193948880593092,706403.5624075633,720104.1804251552,audit_dynamic_account_return,,20260302,False,500000.0,807489.0161730503,-0.10821798686753648
A_plus_B_0011,20260227,A_OR_B,POSITION_OCCUPIED_SKIP,0,,,,,0.0,720104.1804251552,720104.1804251552,,300499.SZ 高澜股份,,False,500000.0,807489.0161730503,-0.10821798686753648
A_plus_B_0011,20260302,NONE,NO_CANDIDATE,0,,,,,0.0,720104.1804251552,720104.1804251552,,,,False,500000.0,807489.0161730503,-0.10821798686753648
A_plus_B_0011,20260303,NONE,NO_CANDIDATE,0,,,,,0.0,720104.1804251552,720104.1804251552,,,,False,500000.0,807489.0161730503,-0.10821798686753648
A_plus_B_0011,20260304,B,REVIEW_REQUIRED_PLAN_ONLY,10,002877.SZ,智能自控,sz_main,封单/流通市值偏高;LOSS_OVERLAY_WATCH,0.0,720104.1804251552,720104.1804251552,manual_review_skip,,20260306,False,500000.0,807489.0161730503,-0.10821798686753648
A_plus_B_0011,20260305,NONE,NO_CANDIDATE,0,,,,,0.0,720104.1804251552,720104.1804251552,,,,False,500000.0,807489.0161730503,-0.10821798686753648
A_plus_B_0011,20260306,NONE,NO_CANDIDATE,0,,,,,0.0,720104.1804251552,720104.1804251552,,,,False,500000.0,807489.0161730503,-0.10821798686753648
A_plus_B_0011,20260309,A,REVIEW_REQUIRED_PLAN_ONLY,1,301606.SZ,绿联科技,chi_next,LOSS_OVERLAY_WATCH,0.0,720104.1804251552,720104.1804251552,manual_review_skip,,20260311,False,500000.0,807489.0161730503,-0.10821798686753648
A_plus_B_0011,20260310,NONE,NO_CANDIDATE,0,,,,,0.0,720104.1804251552,720104.1804251552,,,,False,500000.0,807489.0161730503,-0.10821798686753648
A_plus_B_0011,20260311,NONE,NO_CANDIDATE,0,,,,,0.0,720104.1804251552,720104.1804251552,,,,False,500000.0,807489.0161730503,-0.10821798686753648
A_plus_B_0011,20260312,B,HISTORICAL_SIM_FILLED,10,002487.SZ,大金重工,sz_main,无,0.0148673360411588,720104.1804251552,730810.2112601793,candidate_net_return_x_position,,20260316,False,500000.0,807489.0161730503,-0.0949595640028349
A_plus_B_0011,20260313,A_OR_B,POSITION_OCCUPIED_SKIP,0,,,,,0.0,730810.2112601793,730810.2112601793,,002487.SZ 大金重工,,False,500000.0,807489.0161730503,-0.0949595640028349
A_plus_B_0011,20260316,B,HISTORICAL_SIM_FILLED,10,000890.SZ,法尔胜,sz_main,无,0.06403627091633456,730810.2112601793,777608.5719368597,candidate_net_return_x_position,,20260318,False,500000.0,807489.0161730503,-0.03700414945308306
A_plus_B_0011,20260317,A_OR_B,POSITION_OCCUPIED_SKIP,0,,,,,0.0,777608.5719368597,777608.5719368597,,000890.SZ 法尔胜,,False,500000.0,807489.0161730503,-0.03700414945308306
A_plus_B_0011,20260318,B,HISTORICAL_SIM_FILLED,6,002565.SZ,顺灏股份,sz_main,封单/流通市值偏高,-0.05474336523319208,777608.5719368597,735039.6618748592,candidate_net_return_x_position,,20260320,False,500000.0,807489.0161730503,-0.08972178301762146
A_plus_B_0011,20260319,A_OR_B,POSITION_OCCUPIED_SKIP,0,,,,,0.0,735039.6618748592,735039.6618748592,,002565.SZ 顺灏股份,,False,500000.0,807489.0161730503,-0.08972178301762146
A_plus_B_0011,20260320,B,HISTORICAL_SIM_FILLED,10,000862.SZ,银星能源,sz_main,封单/流通市值偏高,0.06868803869407496,735039.6618748592,785528.0946113993,candidate_net_return_x_position,,20260324,False,500000.0,807489.0161730503,-0.02719655762716222
A_plus_B_0011,20260323,A_OR_B,POSITION_OCCUPIED_SKIP,0,,,,,0.0,785528.0946113993,785528.0946113993,,000862.SZ 银星能源,,False,500000.0,807489.0161730503,-0.02719655762716222
A_plus_B_0011,20260324,NONE,NO_CANDIDATE,0,,,,,0.0,785528.0946113993,785528.0946113993,,,,False,500000.0,807489.0161730503,-0.02719655762716222
A_plus_B_0011,20260325,NONE,NO_CANDIDATE,0,,,,,0.0,785528.0946113993,785528.0946113993,,,,False,500000.0,807489.0161730503,-0.02719655762716222
A_plus_B_0011,20260326,B,HISTORICAL_SIM_FILLED,10,603601.SH,再升科技,sh_main,封单/流通市值偏高,0.09632880620155032,785528.0946113993,861197.078203094,candidate_net_return_x_position,,20260330,False,500000.0,861197.078203094,0.0
A_plus_B_0011,20260327,A_OR_B,POSITION_OCCUPIED_SKIP,0,,,,,0.0,861197.078203094,861197.078203094,,603601.SH 再升科技,,False,500000.0,861197.078203094,0.0
A_plus_B_0011,20260330,NONE,NO_CANDIDATE,0,,,,,0.0,861197.078203094,861197.078203094,,,,False,500000.0,861197.078203094,0.0
A_plus_B_0011,20260331,B,HISTORICAL_SIM_FILLED,10,600250.SH,南京商旅,sh_main,无,-0.00463891938997808,861197.078203094,857202.0543784251,candidate_net_return_x_position,,20260402,False,500000.0,861197.078203094,-0.004638919389978069
A_plus_B_0011,20260401,A_OR_B,POSITION_OCCUPIED_SKIP,0,,,,,0.0,857202.0543784251,857202.0543784251,,600250.SH 南京商旅,,False,500000.0,861197.078203094,-0.004638919389978069
A_plus_B_0011,20260402,B,HISTORICAL_SIM_FILLED,10,603122.SH,合富中国,sh_main,封单/流通市值偏高,0.09212807704654896,857202.0543784251,936174.4312886606,candidate_net_return_x_position,,20260407,False,500000.0,936174.4312886606,0.0
A_plus_B_0011,20260403,A_OR_B,POSITION_OCCUPIED_SKIP,0,,,,,0.0,936174.4312886606,936174.4312886606,,603122.SH 合富中国,,False,500000.0,936174.4312886606,0.0
A_plus_B_0011,20260407,NONE,NO_CANDIDATE,0,,,,,0.0,936174.4312886606,936174.4312886606,,,,False,500000.0,936174.4312886606,0.0
A_plus_B_0011,20260408,NONE,NO_CANDIDATE,0,,,,,0.0,936174.4312886606,936174.4312886606,,,,False,500000.0,936174.4312886606,0.0
A_plus_B_0011,20260409,A,HISTORICAL_SIM_FILLED,1,300489.SZ,光智科技,chi_next,无,0.0826627480845445,936174.4312886606,1013561.1824654669,audit_dynamic_account_return,,20260413,False,500000.0,1013561.1824654669,0.0
A_plus_B_0011,20260410,A_OR_B,POSITION_OCCUPIED_SKIP,0,,,,,0.0,1013561.1824654669,1013561.1824654669,,300489.SZ 光智科技,,False,500000.0,1013561.1824654669,0.0
A_plus_B_0011,20260413,NONE,NO_CANDIDATE,0,,,,,0.0,1013561.1824654669,1013561.1824654669,,,,False,500000.0,1013561.1824654669,0.0
A_plus_B_0011,20260414,A,HISTORICAL_SIM_FILLED,1,301189.SZ,奥尼电子,chi_next,无,-0.0350052172427846,1013561.1824654669,978081.2530844096,audit_dynamic_account_return,,20260416,False,500000.0,1013561.1824654669,-0.0350052172427846
A_plus_B_0011,20260415,A_OR_B,POSITION_OCCUPIED_SKIP,0,,,,,0.0,978081.2530844096,978081.2530844096,,301189.SZ 奥尼电子,,False,500000.0,1013561.1824654669,-0.0350052172427846
A_plus_B_0011,20260416,NONE,NO_CANDIDATE,0,,,,,0.0,978081.2530844096,978081.2530844096,,,,False,500000.0,1013561.1824654669,-0.0350052172427846
A_plus_B_0011,20260417,A,HISTORICAL_SIM_FILLED,4,301319.SZ,唯特偶,chi_next,无,0.0352808081329955,978081.2530844096,1012588.7501129603,audit_dynamic_account_return,,20260421,False,500000.0,1013561.1824654669,-0.0009594214629856657
A_plus_B_0011,20260420,A_OR_B,POSITION_OCCUPIED_SKIP,0,,,,,0.0,1012588.7501129603,1012588.7501129603,,301319.SZ 唯特偶,,False,500000.0,1013561.1824654669,-0.0009594214629856657
A_plus_B_0011,20260421,NONE,NO_CANDIDATE,0,,,,,0.0,1012588.7501129603,1012588.7501129603,,,,False,500000.0,1013561.1824654669,-0.0009594214629856657
A_plus_B_0011,20260422,NONE,NO_CANDIDATE,0,,,,,0.0,1012588.7501129603,1012588.7501129603,,,,False,500000.0,1013561.1824654669,-0.0009594214629856657
A_plus_B_0011,20260423,NONE,NO_CANDIDATE,0,,,,,0.0,1012588.7501129603,1012588.7501129603,,,,False,500000.0,1013561.1824654669,-0.0009594214629856657
A_plus_B_0011,20260424,NONE,NO_CANDIDATE,0,,,,,0.0,1012588.7501129603,1012588.7501129603,,,,False,500000.0,1013561.1824654669,-0.0009594214629856657
A_plus_B_0011,20260427,NONE,NO_CANDIDATE,0,,,,,0.0,1012588.7501129603,1012588.7501129603,,,,False,500000.0,1013561.1824654669,-0.0009594214629856657
A_plus_B_0011,20260428,NONE,NO_CANDIDATE,0,,,,,0.0,1012588.7501129603,1012588.7501129603,,,,False,500000.0,1013561.1824654669,-0.0009594214629856657
A_plus_B_0011,20260429,NONE,NO_CANDIDATE,0,,,,,0.0,1012588.7501129603,1012588.7501129603,,,,False,500000.0,1013561.1824654669,-0.0009594214629856657
A_plus_B_0011,20260430,NONE,NO_CANDIDATE,0,,,,,0.0,1012588.7501129603,1012588.7501129603,,,,False,500000.0,1013561.1824654669,-0.0009594214629856657
A_plus_B_0011,20260506,NONE,NO_CANDIDATE,0,,,,,0.0,1012588.7501129603,1012588.7501129603,,,,False,500000.0,1013561.1824654669,-0.0009594214629856657
A_plus_B_0011,20260507,NONE,NO_CANDIDATE,0,,,,,0.0,1012588.7501129603,1012588.7501129603,,,,False,500000.0,1013561.1824654669,-0.0009594214629856657
A_plus_B_0011,20260508,NONE,NO_CANDIDATE,0,,,,,0.0,1012588.7501129603,1012588.7501129603,,,,False,500000.0,1013561.1824654669,-0.0009594214629856657
A_plus_B_0011,20260511,NONE,NO_CANDIDATE,0,,,,,0.0,1012588.7501129603,1012588.7501129603,,,,False,500000.0,1013561.1824654669,-0.0009594214629856657
A_plus_B_0011,20260512,NONE,NO_CANDIDATE,0,,,,,0.0,1012588.7501129603,1012588.7501129603,,,,False,500000.0,1013561.1824654669,-0.0009594214629856657
A_plus_B_0011,20260513,NONE,NO_CANDIDATE,0,,,,,0.0,1012588.7501129603,1012588.7501129603,,,,False,500000.0,1013561.1824654669,-0.0009594214629856657
A_plus_B_0011,20260514,NONE,NO_CANDIDATE,0,,,,,0.0,1012588.7501129603,1012588.7501129603,,,,False,500000.0,1013561.1824654669,-0.0009594214629856657
