signal_date,candidate_rank,planned_action,ts_code,name,market_segment,profit_source_score,planned_position_pct,selection_reason,sort_rule,exit_rule,risk_flags,fill_probability,allow_buy_reliable,is_fill_score_reliable,fd_ratio_bucket,fd_amount_to_circ_mv,segment_limit_up_count_bucket,market_chain_count_bucket,market_limit_down_count_bucket,retreat_state_bucket,market_emotion_state_bucket,segment_emotion_state_bucket,first_time_detail_bucket,turnover_rate_bucket,amount_ratio_bucket,prev_pct_chg_bucket,amount,turnover_rate,volume_ratio,open_times,limit_times,first_time,last_time,paper_note,historical_reference_next_trade_date,historical_reference_next_open,historical_reference_exit_trade_date,historical_reference_exit_close,historical_reference_net_return,historical_reference_is_win,trade_date,d1_trade_date,d1_open,d1_high,d1_low,d1_close,d1_pre_close,d1_pct_chg,d2_trade_date,d2_open,d2_high,d2_low,d2_close,d2_pre_close,d2_pct_chg,d3_trade_date,d3_open,d3_high,d3_low,d3_close,d3_pre_close,d3_pct_chg,d4_trade_date,d4_open,d4_high,d4_low,d4_close,d4_pre_close,d4_pct_chg,d5_trade_date,d5_open,d5_high,d5_low,d5_close,d5_pre_close,d5_pct_chg,replay_rule,buy_executed,buy_reject_reason,buy_trade_date,buy_price_before_slippage,buy_price,buy_price_model,sell_executed,sell_reject_reason,exit_trade_date,exit_price_before_slippage,exit_price,exit_reason,sell_price_model,path_conflict,limit_down_blocked_days,net_return,daily_return,is_win,strict_account_return,strict_return_source
20240523,1,PLAN_BUY_T1_OPEN,002886.SZ,沃特股份,sz_main,0.5,0.8,segment_limit_up_ratio_bucket=0_5pct_1pct;turnover_rate_bucket=6_10;exclude:amount_ratio_bucket=0_8_1_2;exclude:market_segment=star;exclude:amount_ratio_bucket=0_8_1_2;exclude:market_segment=star;exclude:prev_pct_chg_bucket=0_3&&market_segment=bj,profit_source_oos_resilient,fixed_t2_close,封单/流通市值偏高,1.0,True,True,2pct_5pct,0.0225774177048951,10_20,8_15,5_15,weak_below_30,mixed,mixed,open_auction,6_10,3_5,neg3_0,318123.437,9.3405,2.39,3.0,1.0,93045,93351,该候选只用于模拟盘计划，不代表实盘可买入。,20240524,18.05,20240527,16.35,-0.0978028254847645,False,20240523,20240524,18.05,18.05,17.5,18.05,16.41,9.9939,20240527,17.6,17.6,16.25,16.35,18.05,-9.4183,20240528,15.63,17.1,15.56,17.05,16.35,4.2813,20240529,16.54,17.99,16.42,17.0,17.05,-0.2933,20240530,16.64,17.06,16.24,16.25,16.99,-4.3555,fixed_t2_close,False,open_limit_up_unbuyable,20240524,18.05,,daily_open_limit_up_queue_rejected,False,,,,,no_buy,,False,0,0.0,0.0,False,0.0,conservative_daily_replay
20240524,1,PLAN_BUY_T1_OPEN,600149.SH,廊坊发展,sh_main,2.5,0.8,segment_limit_up_ratio_bucket=0_5pct_1pct;turnover_rate_bucket=6_10;exclude:amount_ratio_bucket=0_8_1_2;exclude:market_segment=star;exclude:amount_ratio_bucket=0_8_1_2;exclude:market_segment=star;exclude:prev_pct_chg_bucket=0_3&&market_segment=bj,profit_source_oos_resilient,fixed_t2_close,封单/流通市值偏高;LOSS_OVERLAY_WATCH,1.0,True,True,1pct_2pct,0.0101853164050046,10_20,3_8,5_15,neutral,mixed,mixed,before_1000,6_10,3_5,lt_neg3,138312.501,8.4568,3.7,3.0,1.0,93106,102459,该候选只用于模拟盘计划，不代表实盘可买入。,20240527,4.3,20240528,4.43,0.0266125581395348,True,20240524,20240527,4.3,4.7,4.19,4.4,4.33,1.6166,20240528,4.35,4.49,4.2,4.43,4.4,0.6818,20240529,4.35,4.35,4.11,4.25,4.43,-4.0632,20240530,4.26,4.28,3.96,3.99,4.25,-6.1176,20240531,3.96,3.97,3.76,3.85,3.99,-3.5088,fixed_t2_close,True,,20240527,4.3,4.3043,daily_open_plus_slippage_no_l2,True,,20240528,4.43,4.42557,fixed_close,daily_price_minus_slippage_no_l2,False,0,0.026554151429965377,0.021243321143972302,True,0.021243321143972302,conservative_daily_replay
20240529,1,PLAN_BUY_T1_OPEN,002378.SZ,章源钨业,sz_main,3.3,0.8,segment_limit_up_ratio_bucket=0_5pct_1pct;turnover_rate_bucket=6_10;exclude:amount_ratio_bucket=0_8_1_2;exclude:market_segment=star;exclude:amount_ratio_bucket=0_8_1_2;exclude:market_segment=star;exclude:prev_pct_chg_bucket=0_3&&market_segment=bj,profit_source_oos_resilient,fixed_t2_close,LOSS_OVERLAY_WATCH,1.0,True,True,lt_0_1pct,0.0003605805635995,10_20,3_8,5_15,neutral,mixed,mixed,1100_1330,6_10,2_3,0_3,620068.932,7.3384,2.98,2.0,1.0,110112,145403,该候选只用于模拟盘计划，不代表实盘可买入。,20240530,7.27,20240531,6.76,-0.0737713067400274,False,20240529,20240530,7.27,7.35,6.73,6.8,7.23,-5.9474,20240531,6.77,6.9,6.61,6.76,6.8,-0.5882,20240603,6.63,6.67,6.31,6.38,6.76,-5.6213,20240604,6.49,6.54,6.34,6.47,6.38,1.4107,20240605,6.35,6.4,6.2,6.21,6.47,-4.0185,fixed_t2_close,True,,20240530,7.27,7.277269999999999,daily_open_plus_slippage_no_l2,True,,20240531,6.76,6.75324,fixed_close,daily_price_minus_slippage_no_l2,False,0,-0.07362914628700039,-0.05890331702960031,False,-0.05890331702960031,conservative_daily_replay
20240531,1,PLAN_BUY_T1_OPEN,002055.SZ,得润电子,sz_main,0.5,0.8,segment_limit_up_ratio_bucket=0_5pct_1pct;turnover_rate_bucket=6_10;exclude:amount_ratio_bucket=0_8_1_2;exclude:market_segment=star;exclude:amount_ratio_bucket=0_8_1_2;exclude:market_segment=star;exclude:prev_pct_chg_bucket=0_3&&market_segment=bj,profit_source_oos_resilient,fixed_t2_close,封单/流通市值偏高;LOSS_OVERLAY_WATCH,1.0,True,True,1pct_2pct,0.0152043780878882,5_10,3_8,5_15,weak_below_30,mixed,mixed,before_1000,6_10,1_2_2,lt_neg3,318595.942,8.093,1.24,0.0,1.0,94333,94333,该候选只用于模拟盘计划，不代表实盘可买入。,20240603,7.07,20240604,7.17,0.0105242715700141,True,20240531,20240603,7.07,7.48,6.96,7.48,6.8,10.0,20240604,7.61,8.14,7.15,7.17,7.48,-4.1444,20240605,7.17,7.46,6.98,7.01,7.17,-2.2315,20240606,6.67,7.07,6.31,6.31,7.01,-9.9857,20240607,6.3,6.46,5.91,6.0,6.31,-4.9128,fixed_t2_close,True,,20240603,7.07,7.077069999999999,daily_open_plus_slippage_no_l2,True,,20240604,7.17,7.16283,fixed_close,daily_price_minus_slippage_no_l2,False,0,0.010498009289155074,0.00839840743132406,True,0.00839840743132406,conservative_daily_replay
20240604,1,PLAN_BUY_T1_OPEN,300270.SZ,中威电子,chi_next,1.0,0.8,segment_limit_up_ratio_bucket=0_5pct_1pct;turnover_rate_bucket=6_10;exclude:amount_ratio_bucket=0_8_1_2;exclude:market_segment=star;exclude:amount_ratio_bucket=0_8_1_2;exclude:market_segment=star;exclude:prev_pct_chg_bucket=0_3&&market_segment=bj,profit_source_oos_resilient,fixed_t2_close,封单/流通市值偏高,1.0,True,True,2pct_5pct,0.0282953599490472,5_10,3_8,15_30,neutral,mixed,mixed,open_auction,6_10,2_3,neg3_0,139516.889,8.5269,2.94,0.0,1.0,93030,93030,该候选只用于模拟盘计划，不代表实盘可买入。,20240605,7.88,20240606,5.96,-0.2472748223350253,False,20240604,20240605,7.88,8.2,7.12,7.3,6.83,6.8814,20240606,6.57,6.89,5.96,5.96,7.3,-18.3562,20240607,5.93,6.22,5.63,5.71,5.96,-4.1946,20240611,5.87,6.2,5.87,5.94,5.71,4.028,20240612,5.84,6.18,5.7,6.12,5.94,3.0303,fixed_t2_close,True,,20240605,7.88,7.887879999999999,daily_open_plus_slippage_no_l2,True,,20240606,5.96,5.95404,fixed_close,daily_price_minus_slippage_no_l2,False,0,-0.24678600151117908,-0.19742880120894327,False,-0.19742880120894327,conservative_daily_replay
20240605,1,PLAN_BUY_T1_OPEN,000793.SZ,华闻集团,sz_main,0.5,0.8,segment_limit_up_ratio_bucket=0_5pct_1pct;turnover_rate_bucket=6_10;exclude:amount_ratio_bucket=0_8_1_2;exclude:market_segment=star;exclude:amount_ratio_bucket=0_8_1_2;exclude:market_segment=star;exclude:prev_pct_chg_bucket=0_3&&market_segment=bj,profit_source_oos_resilient,fixed_t2_close,封单/流通市值偏高;LOSS_OVERLAY_WATCH,1.0,True,True,1pct_2pct,0.0111189210675273,5_10,3_8,5_15,weak_below_30,ice_point,warming,before_1000,6_10,lt_0_8,gte_10,166583.009,9.3486,0.87,0.0,2.0,94427,94427,该候选只用于模拟盘计划，不代表实盘可买入。,20240606,0.98,20240607,1.01,0.0269922448979591,True,20240605,20240606,0.98,1.03,0.9,0.92,0.95,-3.1579,20240607,1.01,1.01,1.01,1.01,0.92,9.7826,20240611,1.11,1.11,1.11,1.11,1.01,9.901,20240612,1.22,1.22,1.22,1.22,1.11,9.9099,20240613,1.34,1.34,1.34,1.34,1.22,9.8361,fixed_t2_close,True,,20240606,0.98,0.9809799999999999,daily_open_plus_slippage_no_l2,True,,20240607,1.01,1.00899,fixed_close,daily_price_minus_slippage_no_l2,False,0,0.02693307957348785,0.02154646365879028,True,0.02154646365879028,conservative_daily_replay
20240606,1,PLAN_BUY_T1_OPEN,601028.SH,玉龙股份,sh_main,-1.0,0.8,segment_limit_up_ratio_bucket=0_5pct_1pct;turnover_rate_bucket=6_10;exclude:amount_ratio_bucket=0_8_1_2;exclude:market_segment=star;exclude:amount_ratio_bucket=0_8_1_2;exclude:market_segment=star;exclude:prev_pct_chg_bucket=0_3&&market_segment=bj,profit_source_oos_resilient,fixed_t2_close,LOSS_OVERLAY_WATCH,1.0,True,True,0_1pct_0_3pct,0.0014988012654364,10_20,3_8,gte_60,weak_below_30,ice_point,ice_point,before_1000,6_10,1_2_2,0_3,1016774.091,9.3784,2.25,10.0,1.0,94402,143535,该候选只用于模拟盘计划，不代表实盘可买入。,20240607,14.59,20240611,13.24,-0.0961491295407813,False,20240606,20240607,14.59,14.96,13.93,14.09,14.06,0.2134,20240611,12.69,13.77,12.69,13.24,14.09,-6.0326,20240612,13.35,13.59,12.93,13.17,13.24,-0.5287,20240613,13.16,13.24,12.5,12.72,13.17,-3.4169,20240614,12.89,13.31,12.73,13.22,12.72,3.9308,fixed_t2_close,True,,20240607,14.59,14.604589999999998,daily_open_plus_slippage_no_l2,True,,20240612,13.17,13.15683,fixed_close,daily_price_minus_slippage_no_l2,False,1,-0.10075047884261039,-0.08060038307408832,False,-0.08060038307408832,conservative_daily_replay
20240607,1,PLAN_BUY_T1_OPEN,300198.SZ,纳川股份,chi_next,1.5,0.8,segment_limit_up_ratio_bucket=0_5pct_1pct;turnover_rate_bucket=6_10;exclude:amount_ratio_bucket=0_8_1_2;exclude:market_segment=star;exclude:amount_ratio_bucket=0_8_1_2;exclude:market_segment=star;exclude:prev_pct_chg_bucket=0_3&&market_segment=bj,profit_source_oos_resilient,fixed_t2_close,LOSS_OVERLAY_WATCH,1.0,True,True,0_5pct_1pct,0.0063928526067673,5_10,3_8,5_15,warming_2day,warming,mixed,before_1000,6_10,1_2_2,lt_neg3,93511.794,8.4635,1.89,10.0,1.0,94827,101609,该候选只用于模拟盘计划，不代表实盘可买入。,20240611,1.29,20240612,1.25,-0.0346277519379845,False,20240607,20240611,1.29,1.34,1.18,1.22,1.25,-2.4,20240612,1.22,1.31,1.21,1.25,1.22,2.459,20240613,1.24,1.26,1.17,1.18,1.25,-5.6,20240614,1.16,1.25,1.16,1.19,1.18,0.8475,20240617,1.17,1.2,1.15,1.16,1.19,-2.521,fixed_t2_close,True,,20240611,1.29,1.2912899999999998,daily_open_plus_slippage_no_l2,True,,20240612,1.25,1.24875,fixed_close,daily_price_minus_slippage_no_l2,False,0,-0.03456380038566069,-0.02765104030852855,False,-0.02765104030852855,conservative_daily_replay
20240611,1,PLAN_BUY_T1_OPEN,605258.SH,协和电子,sh_main,0.5,0.8,segment_limit_up_ratio_bucket=0_5pct_1pct;turnover_rate_bucket=6_10;exclude:amount_ratio_bucket=0_8_1_2;exclude:market_segment=star;exclude:amount_ratio_bucket=0_8_1_2;exclude:market_segment=star;exclude:prev_pct_chg_bucket=0_3&&market_segment=bj,profit_source_oos_resilient,fixed_t2_close,封单/流通市值偏高,1.0,True,True,2pct_5pct,0.022042692969665,10_20,3_8,5_15,weak_below_30,mixed,mixed,open_auction,6_10,lt_0_8,7_10,258043.287,7.7894,0.97,2.0,6.0,93029,93738,该候选只用于模拟盘计划，不代表实盘可买入。,20240612,41.83,20240613,37.65,-0.1035482811379392,False,20240611,20240612,41.83,41.83,40.02,41.83,38.03,9.9921,20240613,45.66,46.01,37.65,37.65,41.83,-9.9928,20240614,36.0,37.0,34.5,35.12,37.65,-6.7198,20240617,34.21,37.47,34.21,36.56,35.12,4.1002,20240618,36.51,38.13,34.81,37.65,36.56,2.9814,fixed_t2_close,False,open_limit_up_unbuyable,20240612,41.83,,daily_open_limit_up_queue_rejected,False,,,,,no_buy,,False,0,0.0,0.0,False,0.0,conservative_daily_replay
20240614,1,PLAN_BUY_T1_OPEN,600992.SH,贵绳股份,sh_main,0.5,0.8,segment_limit_up_ratio_bucket=0_5pct_1pct;turnover_rate_bucket=6_10;exclude:amount_ratio_bucket=0_8_1_2;exclude:market_segment=star;exclude:amount_ratio_bucket=0_8_1_2;exclude:market_segment=star;exclude:prev_pct_chg_bucket=0_3&&market_segment=bj,profit_source_oos_resilient,fixed_t2_close,封单/流通市值偏高;LOSS_OVERLAY_WATCH,1.0,True,True,1pct_2pct,0.0157472765106695,10_20,8_15,5_15,weak_below_30,ice_point,mixed,before_1000,6_10,1_2_2,neg3_0,350241.47,8.7674,1.04,0.0,1.0,95957,95957,该候选只用于模拟盘计划，不代表实盘可买入。,20240617,17.26,20240618,16.76,-0.0325887137891078,False,20240614,20240617,17.26,18.16,16.95,17.11,16.93,1.0632,20240618,17.12,17.28,16.65,16.76,17.11,-2.0456,20240619,17.09,18.12,16.81,17.57,16.76,4.8329,20240620,17.09,17.18,16.39,16.69,17.57,-5.0085,20240621,16.52,17.22,16.34,16.63,16.69,-0.3595,fixed_t2_close,True,,20240617,17.26,17.27726,daily_open_plus_slippage_no_l2,True,,20240618,16.76,16.74324,fixed_close,daily_price_minus_slippage_no_l2,False,0,-0.03252883623907947,-0.026023068991263578,False,-0.026023068991263578,conservative_daily_replay
20240617,1,PLAN_BUY_T1_OPEN,002198.SZ,嘉应制药,sz_main,-1.0,0.8,segment_limit_up_ratio_bucket=0_5pct_1pct;turnover_rate_bucket=6_10;exclude:amount_ratio_bucket=0_8_1_2;exclude:market_segment=star;exclude:amount_ratio_bucket=0_8_1_2;exclude:market_segment=star;exclude:prev_pct_chg_bucket=0_3&&market_segment=bj,profit_source_oos_resilient,fixed_t2_close,封单/流通市值偏高,1.0,True,True,2pct_5pct,0.0289576646777837,10_20,3_8,lt_5,weak_below_30,ice_point,mixed,1330_1430,6_10,3_5,neg3_0,228282.246,6.2651,3.51,0.0,1.0,142918,142918,该候选只用于模拟盘计划，不代表实盘可买入。,20240618,7.42,20240619,7.22,-0.0305741778975741,False,20240617,20240618,7.42,7.6,7.3,7.49,7.37,1.6282,20240619,7.45,7.47,7.04,7.22,7.49,-3.6048,20240620,7.12,7.29,7.09,7.09,7.22,-1.8006,20240621,7.1,7.35,7.03,7.29,7.04,3.5511,20240624,7.23,7.55,7.18,7.31,7.29,0.2743,fixed_t2_close,True,,20240618,7.42,7.427419999999999,daily_open_plus_slippage_no_l2,True,,20240619,7.22,7.2127799999999995,fixed_close,daily_price_minus_slippage_no_l2,False,0,-0.030518325394282165,-0.024414660315425732,False,-0.024414660315425732,conservative_daily_replay
20240618,1,PLAN_BUY_T1_OPEN,300557.SZ,理工光科,chi_next,1.7999999999999998,0.8,segment_limit_up_ratio_bucket=0_5pct_1pct;turnover_rate_bucket=6_10;exclude:amount_ratio_bucket=0_8_1_2;exclude:market_segment=star;exclude:amount_ratio_bucket=0_8_1_2;exclude:market_segment=star;exclude:prev_pct_chg_bucket=0_3&&market_segment=bj,profit_source_oos_resilient,fixed_t2_close,封单/流通市值偏高,1.0,True,True,1pct_2pct,0.0196146130015385,10_20,3_8,lt_5,neutral,mixed,mixed,1100_1330,6_10,1_2_2,3_7,239635.166,9.8677,3.59,0.0,1.0,111851,111851,该候选只用于模拟盘计划，不代表实盘可买入。,20240619,32.0,20240620,30.93,-0.0370575,False,20240618,20240619,32.0,33.88,30.57,32.99,28.98,13.8371,20240620,32.0,33.64,30.46,30.93,32.99,-6.2443,20240621,28.9,30.61,27.23,27.29,30.93,-11.7685,20240624,26.73,27.81,26.3,27.1,27.29,-0.6962,20240625,26.8,29.35,26.47,27.8,27.1,2.583,fixed_t2_close,True,,20240619,32.0,32.032,daily_open_plus_slippage_no_l2,True,,20240620,30.93,30.89907,fixed_close,daily_price_minus_slippage_no_l2,False,0,-0.03698869380619378,-0.029590955044955028,False,-0.029590955044955028,conservative_daily_replay
20240624,1,PLAN_BUY_T1_OPEN,603390.SH,通达电气,sh_main,-1.0,0.8,segment_limit_up_ratio_bucket=0_5pct_1pct;turnover_rate_bucket=6_10;exclude:amount_ratio_bucket=0_8_1_2;exclude:market_segment=star;exclude:amount_ratio_bucket=0_8_1_2;exclude:market_segment=star;exclude:prev_pct_chg_bucket=0_3&&market_segment=bj,profit_source_oos_resilient,fixed_t2_close,封单/流通市值偏高,1.0,True,True,1pct_2pct,0.0108864694280781,5_10,3_8,15_30,weak_below_30,ice_point,mixed,1000_1100,6_10,1_2_2,0_3,203558.394,7.4713,1.35,0.0,1.0,103938,103938,该候选只用于模拟盘计划，不代表实盘可买入。,20240625,8.12,20240626,8.31,0.0197790147783251,True,20240624,20240625,8.12,8.93,7.86,8.28,8.12,1.9704,20240626,8.03,8.42,7.67,8.31,8.28,0.3623,20240627,8.28,8.28,7.95,8.06,8.31,-3.0084,20240628,7.93,8.67,7.9,8.44,8.06,4.7146,20240701,8.25,8.26,8.01,8.23,8.44,-2.4882,fixed_t2_close,True,,20240625,8.12,8.12812,daily_open_plus_slippage_no_l2,True,,20240626,8.31,8.30169,fixed_close,daily_price_minus_slippage_no_l2,False,0,0.019734261502045002,0.015787409201636002,True,0.015787409201636002,conservative_daily_replay
20240627,1,PLAN_BUY_T1_OPEN,002188.SZ,中天服务,sz_main,1.2999999999999998,0.8,segment_limit_up_ratio_bucket=0_5pct_1pct;turnover_rate_bucket=6_10;exclude:amount_ratio_bucket=0_8_1_2;exclude:market_segment=star;exclude:amount_ratio_bucket=0_8_1_2;exclude:market_segment=star;exclude:prev_pct_chg_bucket=0_3&&market_segment=bj,profit_source_oos_resilient,fixed_t2_close,封单/流通市值偏高,1.0,True,True,1pct_2pct,0.0149695918827053,5_10,8_15,5_15,retreat_2day,retreat,retreat,1100_1330,6_10,2_3,0_3,103098.683,9.8515,2.67,0.0,1.0,111942,111942,该候选只用于模拟盘计划，不代表实盘可买入。,20240628,4.29,20240701,4.5,0.0453310489510489,True,20240627,20240628,4.29,4.57,4.26,4.37,4.43,-1.3544,20240701,4.28,4.71,4.24,4.5,4.37,2.9748,20240702,4.46,4.53,4.34,4.43,4.5,-1.5556,20240703,4.37,4.53,4.31,4.41,4.43,-0.4515,20240704,4.43,4.45,4.19,4.2,4.41,-4.7619,fixed_t2_close,True,,20240628,4.29,4.294289999999999,daily_open_plus_slippage_no_l2,True,,20240701,4.5,4.4955,fixed_close,daily_price_minus_slippage_no_l2,False,0,0.04523524265943864,0.036188194127550914,True,0.036188194127550914,conservative_daily_replay
20240628,1,PLAN_BUY_T1_OPEN,600601.SH,方正科技,sh_main,3.3,0.8,segment_limit_up_ratio_bucket=0_5pct_1pct;turnover_rate_bucket=6_10;exclude:amount_ratio_bucket=0_8_1_2;exclude:market_segment=star;exclude:amount_ratio_bucket=0_8_1_2;exclude:market_segment=star;exclude:prev_pct_chg_bucket=0_3&&market_segment=bj,profit_source_oos_resilient,fixed_t2_close,无,1.0,True,True,lt_0_1pct,0.0005897570819939,5_10,3_8,5_15,neutral,mixed,retreat,1100_1330,6_10,3_5,neg3_0,819340.751,6.6835,2.5,4.0,1.0,112246,145340,该候选只用于模拟盘计划，不代表实盘可买入。,20240701,2.97,20240702,2.89,-0.0305560269360269,False,20240628,20240701,2.97,3.0,2.87,2.91,3.0,-3.0,20240702,2.92,2.93,2.87,2.89,2.91,-0.6873,20240703,2.88,2.91,2.85,2.86,2.89,-1.0381,20240704,2.86,2.95,2.85,2.9,2.86,1.3986,20240705,2.89,2.92,2.81,2.88,2.9,-0.6897,fixed_t2_close,True,,20240701,2.97,2.9729699999999997,daily_open_plus_slippage_no_l2,True,,20240702,2.89,2.8871100000000003,fixed_close,daily_price_minus_slippage_no_l2,False,0,-0.030500210698392306,-0.024400168558713846,False,-0.024400168558713846,conservative_daily_replay
20240705,1,PLAN_BUY_T1_OPEN,300242.SZ,佳云科技,chi_next,1.0,0.8,segment_limit_up_ratio_bucket=0_5pct_1pct;turnover_rate_bucket=6_10;exclude:amount_ratio_bucket=0_8_1_2;exclude:market_segment=star;exclude:amount_ratio_bucket=0_8_1_2;exclude:market_segment=star;exclude:prev_pct_chg_bucket=0_3&&market_segment=bj,profit_source_oos_resilient,fixed_t2_close,封单/流通市值偏高,1.0,True,True,1pct_2pct,0.0149781609913886,5_10,3_8,lt_5,neutral,mixed,mixed,1000_1100,6_10,2_3,lt_neg3,115718.243,9.4719,2.15,0.0,1.0,101318,101318,该候选只用于模拟盘计划，不代表实盘可买入。,20240708,1.99,20240709,1.92,-0.0387958793969849,False,20240705,20240708,1.99,2.05,1.89,1.97,2.05,-3.9024,20240709,1.86,1.92,1.83,1.92,1.97,-2.5381,20240710,1.89,2.03,1.82,1.96,1.92,2.0833,20240711,1.99,1.99,1.9,1.94,1.96,-1.0204,20240712,1.91,2.08,1.91,1.91,1.94,-1.5464,fixed_t2_close,True,,20240708,1.99,1.9919899999999997,daily_open_plus_slippage_no_l2,True,,20240709,1.92,1.91808,fixed_close,daily_price_minus_slippage_no_l2,False,0,-0.03872359991767009,-0.030978879934136075,False,-0.030978879934136075,conservative_daily_replay
20240708,1,PLAN_BUY_T1_OPEN,002846.SZ,英联股份,sz_main,0.5,0.8,segment_limit_up_ratio_bucket=0_5pct_1pct;turnover_rate_bucket=6_10;exclude:amount_ratio_bucket=0_8_1_2;exclude:market_segment=star;exclude:amount_ratio_bucket=0_8_1_2;exclude:market_segment=star;exclude:prev_pct_chg_bucket=0_3&&market_segment=bj,profit_source_oos_resilient,fixed_t2_close,封单/流通市值偏高;LOSS_OVERLAY_WATCH,1.0,True,True,1pct_2pct,0.0102891119134576,5_10,3_8,5_15,weak_below_30,ice_point,mixed,before_1000,6_10,3_5,neg3_0,151865.911,7.7198,2.09,2.0,1.0,94257,94945,该候选只用于模拟盘计划，不代表实盘可买入。,20240709,7.74,20240710,7.59,-0.0229998449612403,False,20240708,20240709,7.74,8.48,7.68,7.95,7.72,2.9793,20240710,7.77,7.79,7.53,7.59,7.95,-4.5283,20240711,7.69,8.2,7.6,7.85,7.59,3.4256,20240712,7.81,7.83,7.55,7.58,7.85,-3.4395,20240715,7.61,7.65,7.35,7.39,7.58,-2.5066,fixed_t2_close,True,,20240709,7.74,7.747739999999999,daily_open_plus_slippage_no_l2,True,,20240710,7.59,7.582409999999999,fixed_close,daily_price_minus_slippage_no_l2,False,0,-0.022959125990288754,-0.018367300792231003,False,-0.018367300792231003,conservative_daily_replay
20240709,1,PLAN_BUY_T1_OPEN,300912.SZ,凯龙高科,chi_next,2.5,0.8,segment_limit_up_ratio_bucket=0_5pct_1pct;turnover_rate_bucket=6_10;exclude:amount_ratio_bucket=0_8_1_2;exclude:market_segment=star;exclude:amount_ratio_bucket=0_8_1_2;exclude:market_segment=star;exclude:prev_pct_chg_bucket=0_3&&market_segment=bj,profit_source_oos_resilient,fixed_t2_close,封单/流通市值偏高;LOSS_OVERLAY_WATCH,1.0,True,True,gte_5pct,0.0790034113428503,10_20,3_8,5_15,neutral,mixed,mixed,before_1000,6_10,3_5,lt_neg3,65164.443,7.4396,3.01,0.0,1.0,95824,95824,该候选只用于模拟盘计划，不代表实盘可买入。,20240710,11.93,20240711,11.71,-0.0220609052808045,False,20240709,20240710,11.93,12.86,11.3,11.71,10.72,9.2351,20240711,11.07,12.48,10.89,11.71,11.71,0.0,20240712,11.15,12.65,11.05,12.38,11.71,5.7216,20240715,12.05,12.77,11.17,11.55,12.38,-6.7044,20240716,11.61,11.66,11.0,11.21,11.55,-2.9437,fixed_t2_close,True,,20240710,11.93,11.94193,daily_open_plus_slippage_no_l2,True,,20240711,11.71,11.69829,fixed_close,daily_price_minus_slippage_no_l2,False,0,-0.022022062313210623,-0.0176176498505685,False,-0.0176176498505685,conservative_daily_replay
20240716,1,PLAN_BUY_T1_OPEN,600561.SH,江西长运,sh_main,1.7999999999999998,0.8,segment_limit_up_ratio_bucket=0_5pct_1pct;turnover_rate_bucket=6_10;exclude:amount_ratio_bucket=0_8_1_2;exclude:market_segment=star;exclude:amount_ratio_bucket=0_8_1_2;exclude:market_segment=star;exclude:prev_pct_chg_bucket=0_3&&market_segment=bj,profit_source_oos_resilient,fixed_t2_close,封单/流通市值偏高,1.0,True,True,1pct_2pct,0.019644132667409,10_20,3_8,lt_5,neutral,mixed,mixed,1100_1330,6_10,1_2_2,0_3,84796.966,7.1518,1.76,0.0,1.0,130024,130024,该候选只用于模拟盘计划，不代表实盘可买入。,20240717,4.39,20240718,4.71,0.0692729384965833,True,20240716,20240717,4.39,4.77,4.15,4.28,4.38,-2.2831,20240718,4.08,4.71,3.98,4.71,4.28,10.0467,20240719,4.49,4.93,4.41,4.57,4.71,-2.9724,20240722,4.42,4.57,4.32,4.33,4.57,-5.2516,20240723,4.36,4.76,4.28,4.76,4.33,9.9307,fixed_t2_close,True,,20240717,4.39,4.39439,daily_open_plus_slippage_no_l2,True,,20240718,4.71,4.70529,fixed_close,daily_price_minus_slippage_no_l2,False,0,0.0691292962618248,0.055303437009459847,True,0.055303437009459847,conservative_daily_replay
20240717,1,PLAN_BUY_T1_OPEN,603628.SH,清源股份,sh_main,-1.0,0.8,segment_limit_up_ratio_bucket=0_5pct_1pct;turnover_rate_bucket=6_10;exclude:amount_ratio_bucket=0_8_1_2;exclude:market_segment=star;exclude:amount_ratio_bucket=0_8_1_2;exclude:market_segment=star;exclude:prev_pct_chg_bucket=0_3&&market_segment=bj,profit_source_oos_resilient,fixed_t2_close,封单/流通市值偏高;LOSS_OVERLAY_WATCH,1.0,True,True,1pct_2pct,0.0183553688823959,10_20,8_15,lt_5,warming_2day,warming,warming,before_1000,6_10,3_5,0_3,241647.283,6.7069,1.64,0.0,1.0,93708,93708,该候选只用于模拟盘计划，不代表实盘可买入。,20240718,13.1,20240719,13.37,0.0169906870229008,True,20240717,20240718,13.1,14.43,12.7,13.63,13.41,1.6406,20240719,13.09,13.56,13.09,13.37,13.63,-1.9076,20240722,13.2,13.48,13.11,13.2,13.37,-1.2715,20240723,13.15,13.31,12.86,12.97,13.2,-1.7424,20240724,12.8,12.9,12.4,12.5,12.97,-3.6237,fixed_t2_close,True,,20240718,13.1,13.113099999999998,daily_open_plus_slippage_no_l2,True,,20240719,13.37,13.35663,fixed_close,daily_price_minus_slippage_no_l2,False,0,0.01695150483104686,0.013561203864837487,True,0.013561203864837487,conservative_daily_replay
20240718,1,PLAN_BUY_T1_OPEN,002279.SZ,久其软件,sz_main,-0.19999999999999996,0.8,segment_limit_up_ratio_bucket=0_5pct_1pct;turnover_rate_bucket=6_10;exclude:amount_ratio_bucket=0_8_1_2;exclude:market_segment=star;exclude:amount_ratio_bucket=0_8_1_2;exclude:market_segment=star;exclude:prev_pct_chg_bucket=0_3&&market_segment=bj,profit_source_oos_resilient,fixed_t2_close,封单/流通市值偏高,1.0,True,True,2pct_5pct,0.0219120023009368,10_20,3_8,lt_5,warming_2day,warming,mixed,1100_1330,6_10,2_3,neg3_0,261211.807,6.9754,1.35,0.0,1.0,132803,132803,该候选只用于模拟盘计划，不代表实盘可买入。,20240719,4.99,20240722,5.15,0.028444128256513,True,20240718,20240719,4.99,5.2,4.92,4.94,4.85,1.8557,20240722,4.98,5.43,4.98,5.15,4.94,4.251,20240723,4.96,5.13,4.92,4.93,5.15,-4.2718,20240724,4.84,4.95,4.76,4.77,4.93,-3.2454,20240725,4.72,4.79,4.65,4.74,4.77,-0.6289,fixed_t2_close,True,,20240719,4.99,4.99499,daily_open_plus_slippage_no_l2,True,,20240722,5.15,5.14485,fixed_close,daily_price_minus_slippage_no_l2,False,0,0.028382062066190494,0.022705649652952395,True,0.022705649652952395,conservative_daily_replay
20240719,1,PLAN_BUY_T1_OPEN,002562.SZ,兄弟科技,sz_main,-0.19999999999999996,0.8,segment_limit_up_ratio_bucket=0_5pct_1pct;turnover_rate_bucket=6_10;exclude:amount_ratio_bucket=0_8_1_2;exclude:market_segment=star;exclude:amount_ratio_bucket=0_8_1_2;exclude:market_segment=star;exclude:prev_pct_chg_bucket=0_3&&market_segment=bj,profit_source_oos_resilient,fixed_t2_close,封单/流通市值偏高,1.0,True,True,1pct_2pct,0.0170307746919512,10_20,8_15,lt_5,warming_2day,warming,mixed,1100_1330,6_10,2_3,0_3,192179.328,8.0806,2.24,0.0,1.0,110109,110109,该候选只用于模拟盘计划，不代表实盘可买入。,20240722,3.46,20240723,3.4,-0.0209610404624277,False,20240719,20240722,3.46,3.58,3.37,3.45,3.5,-1.4286,20240723,3.45,3.58,3.4,3.4,3.45,-1.4493,20240724,3.38,3.44,3.3,3.36,3.4,-1.1765,20240725,3.35,3.4,3.32,3.38,3.36,0.5952,20240726,3.34,3.41,3.27,3.37,3.38,-0.2959,fixed_t2_close,True,,20240722,3.46,3.4634599999999995,daily_open_plus_slippage_no_l2,True,,20240723,3.4,3.3966,fixed_close,daily_price_minus_slippage_no_l2,False,0,-0.02092439502693826,-0.016739516021550608,False,-0.016739516021550608,conservative_daily_replay
20240724,1,PLAN_BUY_T1_OPEN,600689.SH,上海三毛,sh_main,-1.0,0.8,segment_limit_up_ratio_bucket=0_5pct_1pct;turnover_rate_bucket=6_10;exclude:amount_ratio_bucket=0_8_1_2;exclude:market_segment=star;exclude:amount_ratio_bucket=0_8_1_2;exclude:market_segment=star;exclude:prev_pct_chg_bucket=0_3&&market_segment=bj,profit_source_oos_resilient,fixed_t2_close,封单/流通市值偏高,1.0,True,True,2pct_5pct,0.0215631377813206,10_20,8_15,15_30,retreat_2day,retreat,mixed,1000_1100,6_10,2_3,0_3,105115.35,9.7051,1.94,0.0,1.0,100134,100134,该候选只用于模拟盘计划，不代表实盘可买入。,20240725,7.24,20240726,7.32,0.007429723756906,True,20240724,20240725,7.24,7.88,7.18,7.44,7.32,1.6393,20240726,7.31,7.43,7.21,7.32,7.44,-1.6129,20240729,7.29,7.8,7.23,7.62,7.32,4.0984,20240730,7.49,7.68,7.35,7.63,7.62,0.1312,20240731,7.53,7.74,7.44,7.63,7.63,0.0,fixed_t2_close,True,,20240725,7.24,7.24724,daily_open_plus_slippage_no_l2,True,,20240726,7.32,7.31268,fixed_close,daily_price_minus_slippage_no_l2,False,0,0.007409644388760527,0.005927715511008422,True,0.005927715511008422,conservative_daily_replay
20240725,1,PLAN_BUY_T1_OPEN,301100.SZ,风光股份,chi_next,1.0,0.8,segment_limit_up_ratio_bucket=0_5pct_1pct;turnover_rate_bucket=6_10;exclude:amount_ratio_bucket=0_8_1_2;exclude:market_segment=star;exclude:amount_ratio_bucket=0_8_1_2;exclude:market_segment=star;exclude:prev_pct_chg_bucket=0_3&&market_segment=bj,profit_source_oos_resilient,fixed_t2_close,封单/流通市值偏高,1.0,True,True,gte_5pct,0.0558923989033584,5_10,3_8,lt_5,neutral,mixed,mixed,1000_1100,6_10,3_5,0_3,64531.141,9.1779,5.71,0.0,1.0,101706,101706,该候选只用于模拟盘计划，不代表实盘可买入。,20240726,15.6,20240729,13.8,-0.1190046153846153,False,20240725,20240726,15.6,16.9,15.0,15.2,14.59,4.1809,20240729,14.09,14.49,13.72,13.8,15.2,-9.2105,20240730,13.71,13.73,13.22,13.33,13.8,-3.4058,20240731,13.26,13.53,13.14,13.49,13.33,1.2003,20240801,13.36,13.59,13.36,13.52,13.49,0.2224,fixed_t2_close,True,,20240726,15.6,15.615599999999997,daily_open_plus_slippage_no_l2,True,,20240729,13.8,13.786200000000001,fixed_close,daily_price_minus_slippage_no_l2,False,0,-0.11877207869054,-0.09501766295243201,False,-0.09501766295243201,conservative_daily_replay
20240808,1,PLAN_BUY_T1_OPEN,300267.SZ,尔康制药,chi_next,-2.5,0.8,segment_limit_up_ratio_bucket=0_5pct_1pct;turnover_rate_bucket=6_10;exclude:amount_ratio_bucket=0_8_1_2;exclude:market_segment=star;exclude:amount_ratio_bucket=0_8_1_2;exclude:market_segment=star;exclude:prev_pct_chg_bucket=0_3&&market_segment=bj,profit_source_oos_resilient,fixed_t2_close,LOSS_OVERLAY_WATCH,1.0,True,True,0_5pct_1pct,0.0096823190294499,5_10,3_8,15_30,retreat_2day,retreat,mixed,before_1000,6_10,gte_5,neg3_0,291026.74,7.9808,5.41,0.0,1.0,95839,95839,该候选只用于模拟盘计划，不代表实盘可买入。,20240809,2.96,20240812,2.59,-0.12862,False,20240808,20240809,2.96,2.96,2.49,2.5,2.69,-7.0632,20240812,2.47,2.75,2.4,2.59,2.5,3.6,20240813,2.5,2.55,2.37,2.41,2.59,-6.9498,20240814,2.38,2.4,2.32,2.34,2.41,-2.9046,20240815,2.34,2.41,2.32,2.38,2.34,1.7094,fixed_t2_close,True,,20240809,2.96,2.96296,daily_open_plus_slippage_no_l2,True,,20240812,2.59,2.5874099999999998,fixed_close,daily_price_minus_slippage_no_l2,False,0,-0.12836825174825178,-0.10269460139860143,False,-0.10269460139860143,conservative_daily_replay
20240809,1,PLAN_BUY_T1_OPEN,000011.SZ,深物业A,sz_main,0.5,0.8,segment_limit_up_ratio_bucket=0_5pct_1pct;turnover_rate_bucket=6_10;exclude:amount_ratio_bucket=0_8_1_2;exclude:market_segment=star;exclude:amount_ratio_bucket=0_8_1_2;exclude:market_segment=star;exclude:prev_pct_chg_bucket=0_3&&market_segment=bj,profit_source_oos_resilient,fixed_t2_close,无,1.0,True,True,0_5pct_1pct,0.0091728153440024,10_20,3_8,5_15,retreat_2day,retreat,mixed,1000_1100,6_10,1_2_2,gte_10,472579.74,9.9906,2.89,7.0,2.0,102206,143027,该候选只用于模拟盘计划，不代表实盘可买入。,20240812,9.35,20240813,8.0,-0.1480050267379679,False,20240809,20240812,9.35,9.35,8.45,8.47,9.39,-9.7977,20240813,8.3,8.32,7.83,8.0,8.47,-5.549,20240814,7.89,8.06,7.83,7.92,8.0,-1.0,20240815,7.92,8.05,7.71,7.93,7.92,0.1263,20240816,7.96,8.01,7.62,7.64,7.93,-3.657,fixed_t2_close,True,,20240812,9.35,9.35935,daily_open_plus_slippage_no_l2,True,,20240813,8.0,7.992,fixed_close,daily_price_minus_slippage_no_l2,False,0,-0.1477145471640658,-0.11817163773125264,False,-0.11817163773125264,conservative_daily_replay
20240812,1,PLAN_BUY_T1_OPEN,300436.SZ,广生堂,chi_next,1.0,0.8,segment_limit_up_ratio_bucket=0_5pct_1pct;turnover_rate_bucket=6_10;exclude:amount_ratio_bucket=0_8_1_2;exclude:market_segment=star;exclude:amount_ratio_bucket=0_8_1_2;exclude:market_segment=star;exclude:prev_pct_chg_bucket=0_3&&market_segment=bj,profit_source_oos_resilient,fixed_t2_close,封单/流通市值偏高;LOSS_OVERLAY_WATCH,1.0,True,True,2pct_5pct,0.0259903905381314,5_10,3_8,15_30,neutral,mixed,mixed,before_1000,6_10,1_2_2,lt_neg3,171664.891,6.0334,1.19,0.0,1.0,93518,93518,该候选只用于模拟盘计划，不代表实盘可买入。,20240813,24.87,20240814,24.48,-0.0193015440289506,False,20240812,20240813,24.87,24.87,20.2,20.4,21.56,-5.3803,20240814,19.37,24.48,19.37,24.48,20.4,20.0,20240815,26.0,29.0,23.8,27.6,24.48,12.7451,20240816,26.72,30.0,25.7,26.8,27.6,-2.8986,20240819,25.64,25.64,22.28,23.0,26.8,-14.1791,fixed_t2_close,True,,20240813,24.87,24.894869999999997,daily_open_plus_slippage_no_l2,True,,20240814,24.48,24.45552,fixed_close,daily_price_minus_slippage_no_l2,False,0,-0.019268214270650886,-0.015414571416520709,False,-0.015414571416520709,conservative_daily_replay
20240813,1,PLAN_BUY_T1_OPEN,603843.SH,正平股份,sh_main,3.3,0.8,segment_limit_up_ratio_bucket=0_5pct_1pct;turnover_rate_bucket=6_10;exclude:amount_ratio_bucket=0_8_1_2;exclude:market_segment=star;exclude:amount_ratio_bucket=0_8_1_2;exclude:market_segment=star;exclude:prev_pct_chg_bucket=0_3&&market_segment=bj,profit_source_oos_resilient,fixed_t2_close,无,1.0,True,True,0_1pct_0_3pct,0.0025047477582954,10_20,3_8,5_15,neutral,mixed,mixed,1100_1330,6_10,3_5,neg3_0,139516.738,6.7983,4.3,9.0,1.0,110819,141437,该候选只用于模拟盘计划，不代表实盘可买入。,20240814,3.03,20240815,2.99,-0.016821320132013,False,20240813,20240814,3.03,3.19,2.95,3.04,3.01,0.9967,20240815,3.0,3.05,2.91,2.99,3.04,-1.6447,20240816,2.95,3.03,2.9,2.91,2.99,-2.6756,20240819,2.9,2.98,2.85,2.94,2.91,1.0309,20240820,2.94,2.99,2.85,2.89,2.94,-1.7007,fixed_t2_close,True,,20240814,3.03,3.0330299999999997,daily_open_plus_slippage_no_l2,True,,20240815,2.99,2.98701,fixed_close,daily_price_minus_slippage_no_l2,False,0,-0.01679294586601503,-0.013434356692812024,False,-0.013434356692812024,conservative_daily_replay
20240814,1,PLAN_BUY_T1_OPEN,300211.SZ,亿通科技,chi_next,-2.5,0.8,segment_limit_up_ratio_bucket=0_5pct_1pct;turnover_rate_bucket=6_10;exclude:amount_ratio_bucket=0_8_1_2;exclude:market_segment=star;exclude:amount_ratio_bucket=0_8_1_2;exclude:market_segment=star;exclude:prev_pct_chg_bucket=0_3&&market_segment=bj,profit_source_oos_resilient,fixed_t2_close,封单/流通市值偏高,1.0,True,True,2pct_5pct,0.0260933338304232,5_10,8_15,lt_5,retreat_weak,mixed,mixed,after_1430,6_10,gte_5,0_3,102060.096,6.0262,5.39,1.0,1.0,143239,143451,该候选只用于模拟盘计划，不代表实盘可买入。,20240815,6.3,20240816,7.0,0.1074911111111111,True,20240814,20240815,6.3,7.39,6.21,7.39,6.16,19.9675,20240816,7.95,8.46,6.93,7.0,7.39,-5.2774,20240819,6.35,6.5,5.6,5.6,7.0,-20.0,20240820,5.6,5.83,5.37,5.39,5.6,-3.75,20240821,5.28,5.55,5.27,5.29,5.39,-1.8553,fixed_t2_close,True,,20240815,6.3,6.306299999999999,daily_open_plus_slippage_no_l2,True,,20240816,7.0,6.993,fixed_close,daily_price_minus_slippage_no_l2,False,0,0.1072711088911091,0.08581688711288728,True,0.08581688711288728,conservative_daily_replay
20240816,1,PLAN_BUY_T1_OPEN,601020.SH,华钰矿业,sh_main,0.5,0.8,segment_limit_up_ratio_bucket=0_5pct_1pct;turnover_rate_bucket=6_10;exclude:amount_ratio_bucket=0_8_1_2;exclude:market_segment=star;exclude:amount_ratio_bucket=0_8_1_2;exclude:market_segment=star;exclude:prev_pct_chg_bucket=0_3&&market_segment=bj,profit_source_oos_resilient,fixed_t2_close,无,1.0,True,True,0_3pct_0_5pct,0.0039745844560965,10_20,8_15,5_15,retreat_weak,mixed,mixed,open_auction,6_10,2_3,neg3_0,960438.28,9.5322,2.21,12.0,1.0,92501,103425,该候选只用于模拟盘计划，不代表实盘可买入。,20240819,12.38,20240820,11.53,-0.0722791276252021,False,20240816,20240819,12.38,12.77,11.91,12.16,12.3,-1.1382,20240820,12.03,12.26,11.51,11.53,12.16,-5.1809,20240821,11.54,11.86,11.33,11.58,11.5,0.6957,20240822,11.66,12.19,11.42,11.43,11.58,-1.2953,20240823,11.36,11.64,11.2,11.58,11.43,1.3123,fixed_t2_close,True,,20240819,12.38,12.39238,daily_open_plus_slippage_no_l2,True,,20240820,11.53,11.518469999999999,fixed_close,daily_price_minus_slippage_no_l2,False,0,-0.07213994854902776,-0.05771195883922221,False,-0.05771195883922221,conservative_daily_replay
20240820,1,PLAN_BUY_T1_OPEN,002021.SZ,中捷资源,sz_main,0.5,0.8,segment_limit_up_ratio_bucket=0_5pct_1pct;turnover_rate_bucket=6_10;exclude:amount_ratio_bucket=0_8_1_2;exclude:market_segment=star;exclude:amount_ratio_bucket=0_8_1_2;exclude:market_segment=star;exclude:prev_pct_chg_bucket=0_3&&market_segment=bj,profit_source_oos_resilient,fixed_t2_close,封单/流通市值偏高,1.0,True,True,1pct_2pct,0.0115922879211655,10_20,3_8,5_15,weak_below_30,mixed,mixed,1330_1430,6_10,2_3,neg3_0,138458.455,7.1922,3.65,0.0,1.0,142857,142857,该候选只用于模拟盘计划，不代表实盘可买入。,20240821,1.69,20240822,1.6,-0.0568744378698224,False,20240820,20240821,1.69,1.73,1.61,1.63,1.68,-2.9762,20240822,1.62,1.67,1.59,1.6,1.63,-1.8405,20240823,1.58,1.59,1.54,1.58,1.6,-1.25,20240826,1.58,1.61,1.56,1.6,1.58,1.2658,20240827,1.59,1.61,1.54,1.55,1.6,-3.125,fixed_t2_close,True,,20240821,1.69,1.6916899999999997,daily_open_plus_slippage_no_l2,True,,20240822,1.6,1.5984,fixed_close,daily_price_minus_slippage_no_l2,False,0,-0.05676603739455792,-0.04541282991564634,False,-0.04541282991564634,conservative_daily_replay
20240821,1,PLAN_BUY_T1_OPEN,603389.SH,亚振家居,sh_main,1.7999999999999998,0.8,segment_limit_up_ratio_bucket=0_5pct_1pct;turnover_rate_bucket=6_10;exclude:amount_ratio_bucket=0_8_1_2;exclude:market_segment=star;exclude:amount_ratio_bucket=0_8_1_2;exclude:market_segment=star;exclude:prev_pct_chg_bucket=0_3&&market_segment=bj,profit_source_oos_resilient,fixed_t2_close,封单/流通市值偏高,1.0,True,True,2pct_5pct,0.0241242692729265,10_20,3_8,lt_5,neutral,mixed,mixed,1100_1330,6_10,1_2_2,0_3,139877.672,9.6503,1.15,0.0,1.0,131736,131736,该候选只用于模拟盘计划，不代表实盘可买入。,20240822,5.86,20240823,5.56,-0.0548145392491468,False,20240821,20240822,5.86,6.05,5.59,5.67,5.76,-1.5625,20240823,5.67,5.75,5.5,5.56,5.67,-1.94,20240826,5.5,5.71,5.4,5.63,5.56,1.259,20240827,5.52,5.82,5.47,5.74,5.63,1.9538,20240828,5.65,6.0,5.57,5.64,5.74,-1.7422,fixed_t2_close,True,,20240822,5.86,5.86586,daily_open_plus_slippage_no_l2,True,,20240823,5.56,5.55444,fixed_close,daily_price_minus_slippage_no_l2,False,0,-0.05471025445544213,-0.04376820356435371,False,-0.04376820356435371,conservative_daily_replay
20240827,1,PLAN_BUY_T1_OPEN,300767.SZ,震安科技,chi_next,0.5,0.8,segment_limit_up_ratio_bucket=0_5pct_1pct;turnover_rate_bucket=6_10;exclude:amount_ratio_bucket=0_8_1_2;exclude:market_segment=star;exclude:amount_ratio_bucket=0_8_1_2;exclude:market_segment=star;exclude:prev_pct_chg_bucket=0_3&&market_segment=bj,profit_source_oos_resilient,fixed_t2_close,封单/流通市值偏高,1.0,True,True,2pct_5pct,0.0267127863012506,5_10,3_8,5_15,retreat_weak,mixed,mixed,1330_1430,6_10,3_5,3_7,172044.958,9.4452,4.7,1.0,1.0,140530,144051,该候选只用于模拟盘计划，不代表实盘可买入。,20240828,9.25,20240829,8.88,-0.0436199999999999,False,20240827,20240828,9.25,9.57,8.5,8.94,9.28,-3.6638,20240829,8.82,9.05,8.56,8.88,8.94,-0.6711,20240830,8.8,9.28,8.66,9.08,8.88,2.2523,20240902,8.98,9.04,8.64,8.66,9.08,-4.6256,20240903,8.6,8.94,8.6,8.75,8.66,1.0393,fixed_t2_close,True,,20240828,9.25,9.25925,daily_open_plus_slippage_no_l2,True,,20240829,8.88,8.871120000000001,fixed_close,daily_price_minus_slippage_no_l2,False,0,-0.04353808191808177,-0.034830465534465414,False,-0.034830465534465414,conservative_daily_replay
20240828,1,PLAN_BUY_T1_OPEN,603138.SH,海量数据,sh_main,2.5,0.8,segment_limit_up_ratio_bucket=0_5pct_1pct;turnover_rate_bucket=6_10;exclude:amount_ratio_bucket=0_8_1_2;exclude:market_segment=star;exclude:amount_ratio_bucket=0_8_1_2;exclude:market_segment=star;exclude:prev_pct_chg_bucket=0_3&&market_segment=bj,profit_source_oos_resilient,fixed_t2_close,LOSS_OVERLAY_WATCH,1.0,True,True,0_5pct_1pct,0.0068286258615457,10_20,3_8,5_15,neutral,mixed,mixed,before_1000,6_10,2_3,neg3_0,205399.173,6.6248,2.07,2.0,1.0,93938,103426,该候选只用于模拟盘计划，不代表实盘可买入。,20240829,11.0,20240830,11.8,0.0691072727272727,True,20240828,20240829,11.0,11.76,10.82,11.64,11.24,3.5587,20240830,11.29,12.6,11.29,11.8,11.64,1.3746,20240902,11.61,12.11,11.48,11.77,11.8,-0.2542,20240903,11.7,11.93,11.39,11.91,11.77,1.1895,20240904,11.71,12.12,11.6,11.87,11.91,-0.3359,fixed_t2_close,True,,20240829,11.0,11.011,daily_open_plus_slippage_no_l2,True,,20240830,11.8,11.788200000000002,fixed_close,daily_price_minus_slippage_no_l2,False,0,0.06896396149305258,0.055171169194442066,True,0.055171169194442066,conservative_daily_replay
20240912,1,PLAN_BUY_T1_OPEN,600133.SH,东湖高新,sh_main,0.2999999999999998,0.8,segment_limit_up_ratio_bucket=0_5pct_1pct;turnover_rate_bucket=6_10;exclude:amount_ratio_bucket=0_8_1_2;exclude:market_segment=star;exclude:amount_ratio_bucket=0_8_1_2;exclude:market_segment=star;exclude:prev_pct_chg_bucket=0_3&&market_segment=bj,profit_source_oos_resilient,fixed_t2_close,无,1.0,True,True,0_3pct_0_5pct,0.0034600094093376,10_20,3_8,lt_5,neutral,mixed,retreat,1100_1330,6_10,gte_5,neg3_0,484867.139,6.0016,4.7,7.0,1.0,130756,134420,该候选只用于模拟盘计划，不代表实盘可买入。,20240913,7.79,20240918,8.05,0.0297561232349165,True,20240912,20240913,7.79,8.39,7.71,8.0,7.79,2.6958,20240918,7.98,8.16,7.85,8.05,8.0,0.625,20240919,8.05,8.24,7.93,8.12,8.05,0.8696,20240920,8.14,8.9,8.1,8.57,8.12,5.5419,20240923,8.46,8.49,8.21,8.24,8.57,-3.8506,fixed_t2_close,True,,20240913,7.79,7.797789999999999,daily_open_plus_slippage_no_l2,True,,20240918,8.05,8.04195,fixed_close,daily_price_minus_slippage_no_l2,False,0,0.029691435676005806,0.023753148540804646,True,0.023753148540804646,conservative_daily_replay
20241011,1,PLAN_BUY_T1_OPEN,002374.SZ,中锐股份,sz_main,-1.0,0.8,segment_limit_up_ratio_bucket=0_5pct_1pct;turnover_rate_bucket=6_10;exclude:amount_ratio_bucket=0_8_1_2;exclude:market_segment=star;exclude:amount_ratio_bucket=0_8_1_2;exclude:market_segment=star;exclude:prev_pct_chg_bucket=0_3&&market_segment=bj,profit_source_oos_resilient,fixed_t2_close,LOSS_OVERLAY_WATCH,1.0,True,True,0_1pct_0_3pct,0.0019511858254951,10_20,3_8,30_60,retreat_weak,mixed,mixed,before_1000,6_10,3_5,neg3_0,219499.7,8.7305,1.52,5.0,1.0,94336,145033,该候选只用于模拟盘计划，不代表实盘可买入。,20241014,2.3,20241015,2.34,0.0137713043478262,True,20241011,20241014,2.3,2.41,2.22,2.28,2.34,-2.5641,20241015,2.3,2.49,2.29,2.34,2.28,2.6316,20241016,2.26,2.48,2.25,2.41,2.34,2.9915,20241017,2.37,2.43,2.34,2.36,2.41,-2.0747,20241018,2.36,2.38,2.3,2.37,2.36,0.4237,fixed_t2_close,True,,20241014,2.3,2.3022999999999993,daily_open_plus_slippage_no_l2,True,,20241015,2.34,2.33766,fixed_close,daily_price_minus_slippage_no_l2,False,0,0.013738554488989595,0.010990843591191677,True,0.010990843591191677,conservative_daily_replay
20241017,1,PLAN_BUY_T1_OPEN,300826.SZ,测绘股份,chi_next,3.5,0.8,segment_limit_up_ratio_bucket=0_5pct_1pct;turnover_rate_bucket=6_10;exclude:amount_ratio_bucket=0_8_1_2;exclude:market_segment=star;exclude:amount_ratio_bucket=0_8_1_2;exclude:market_segment=star;exclude:prev_pct_chg_bucket=0_3&&market_segment=bj,profit_source_oos_resilient,fixed_t2_close,封单/流通市值偏高,1.0,True,True,2pct_5pct,0.0306320536916358,5_10,15_30,5_15,neutral,mixed,mixed,open_auction,6_10,1_2_2,0_3,201312.985,7.5331,1.31,0.0,1.0,92500,92500,该候选只用于模拟盘计划，不代表实盘可买入。,20241018,17.3,20241021,18.59,0.0709464739884393,True,20241017,20241018,17.3,19.18,16.17,18.27,17.56,4.0433,20241021,17.18,19.17,17.18,18.59,18.27,1.7515,20241022,18.24,18.4,16.8,17.03,18.59,-8.3916,20241023,16.62,17.16,16.32,16.55,17.03,-2.8186,20241024,16.55,16.99,16.39,16.8,16.55,1.5106,fixed_t2_close,True,,20241018,17.3,17.3173,daily_open_plus_slippage_no_l2,True,,20241021,18.59,18.57141,fixed_close,daily_price_minus_slippage_no_l2,False,0,0.0707994880264244,0.05663959042113952,True,0.05663959042113952,conservative_daily_replay
20241023,1,PLAN_BUY_T1_OPEN,300795.SZ,米奥会展,chi_next,-1.0,0.8,segment_limit_up_ratio_bucket=0_5pct_1pct;turnover_rate_bucket=6_10;exclude:amount_ratio_bucket=0_8_1_2;exclude:market_segment=star;exclude:amount_ratio_bucket=0_8_1_2;exclude:market_segment=star;exclude:prev_pct_chg_bucket=0_3&&market_segment=bj,profit_source_oos_resilient,fixed_t2_close,封单/流通市值偏高;LOSS_OVERLAY_WATCH,1.0,True,True,2pct_5pct,0.0215784768186,10_20,gte_30,lt_5,retreat_2day,retreat,mixed,before_1000,6_10,2_3,3_7,164074.044,6.4754,3.24,0.0,1.0,94130,94130,该候选只用于模拟盘计划，不代表实盘可买入。,20241024,20.28,20241025,20.39,0.0018040631163706,True,20241023,20241024,20.28,21.28,19.0,19.92,19.61,1.5808,20241025,20.0,20.73,18.73,20.39,19.92,2.3594,20241028,20.1,21.8,19.81,21.45,20.39,5.1986,20241029,21.2,21.61,19.82,19.85,21.45,-7.4592,20241030,19.85,20.02,18.8,19.25,19.85,-3.0227,fixed_t2_close,True,,20241024,20.28,20.300279999999997,daily_open_plus_slippage_no_l2,True,,20241025,20.39,20.36961,fixed_close,daily_price_minus_slippage_no_l2,False,0,0.0017952238294251625,0.00143617906354013,True,0.00143617906354013,conservative_daily_replay
20241030,1,PLAN_BUY_T1_OPEN,300175.SZ,朗源股份,chi_next,2.5,0.8,segment_limit_up_ratio_bucket=0_5pct_1pct;turnover_rate_bucket=6_10;exclude:amount_ratio_bucket=0_8_1_2;exclude:market_segment=star;exclude:amount_ratio_bucket=0_8_1_2;exclude:market_segment=star;exclude:prev_pct_chg_bucket=0_3&&market_segment=bj,profit_source_oos_resilient,fixed_t2_close,封单/流通市值偏高;LOSS_OVERLAY_WATCH,1.0,True,True,2pct_5pct,0.0209908666100254,5_10,gte_30,5_15,neutral,main_rise,mixed,before_1000,6_10,lt_0_8,lt_neg3,252647.905,7.6418,0.86,0.0,1.0,93406,93406,该候选只用于模拟盘计划，不代表实盘可买入。,20241031,8.03,20241101,8.1,0.0050973100871731,True,20241030,20241031,8.03,8.21,7.38,7.48,7.3,2.4658,20241101,7.67,8.68,7.67,8.1,7.48,8.2888,20241104,7.65,8.1,7.03,7.6,8.1,-6.1728,20241105,7.54,7.71,7.33,7.68,7.6,1.0526,20241106,7.51,8.66,7.23,8.2,7.68,6.7708,fixed_t2_close,True,,20241031,8.03,8.03803,daily_open_plus_slippage_no_l2,True,,20241101,8.1,8.091899999999999,fixed_close,daily_price_minus_slippage_no_l2,False,0,0.0050818908861997684,0.004065512708959815,True,0.004065512708959815,conservative_daily_replay
20241101,1,PLAN_BUY_T1_OPEN,300748.SZ,金力永磁,chi_next,1.0,0.8,segment_limit_up_ratio_bucket=0_5pct_1pct;turnover_rate_bucket=6_10;exclude:amount_ratio_bucket=0_8_1_2;exclude:market_segment=star;exclude:amount_ratio_bucket=0_8_1_2;exclude:market_segment=star;exclude:prev_pct_chg_bucket=0_3&&market_segment=bj,profit_source_oos_resilient,fixed_t2_close,LOSS_OVERLAY_WATCH,1.0,True,True,0_5pct_1pct,0.0097981068832943,10_20,gte_30,gte_60,neutral,ice_point,mixed,before_1000,6_10,1_2_2,neg3_0,1492839.654,6.6481,1.04,0.0,1.0,94142,94142,该候选只用于模拟盘计划，不代表实盘可买入。,20241104,22.43,20241105,23.26,0.0333840124832813,True,20241101,20241104,22.43,23.49,19.18,20.95,20.66,1.4037,20241105,19.78,24.99,19.78,23.26,20.95,11.0263,20241106,22.27,26.5,22.03,24.59,23.26,5.718,20241107,24.0,25.35,23.0,23.55,24.59,-4.2294,20241108,23.5,24.08,22.0,22.02,23.55,-6.4968,fixed_t2_close,True,,20241104,22.43,22.452429999999996,daily_open_plus_slippage_no_l2,True,,20241105,23.26,23.23674,fixed_close,daily_price_minus_slippage_no_l2,False,0,0.03331207639440388,0.026649661115523107,True,0.026649661115523107,conservative_daily_replay
20241104,1,PLAN_BUY_T1_OPEN,300024.SZ,机器人,chi_next,1.0,0.8,segment_limit_up_ratio_bucket=0_5pct_1pct;turnover_rate_bucket=6_10;exclude:amount_ratio_bucket=0_8_1_2;exclude:market_segment=star;exclude:amount_ratio_bucket=0_8_1_2;exclude:market_segment=star;exclude:prev_pct_chg_bucket=0_3&&market_segment=bj,profit_source_oos_resilient,fixed_t2_close,封单/流通市值偏高;LOSS_OVERLAY_WATCH,1.0,True,True,1pct_2pct,0.0133709106946362,10_20,15_30,30_60,neutral,main_rise,mixed,before_1000,6_10,2_3,lt_neg3,1844051.35,8.1765,1.68,0.0,1.0,94515,94515,该候选只用于模拟盘计划，不代表实盘可买入。,20241105,16.15,20241106,21.11,0.3035007430340559,True,20241104,20241105,16.15,18.45,15.55,18.05,15.46,16.7529,20241106,18.8,21.66,18.37,21.11,18.05,16.9529,20241107,21.33,21.66,18.78,20.3,21.11,-3.837,20241108,19.75,22.32,19.75,20.1,20.3,-0.9852,20241111,19.5,21.75,19.41,20.73,20.1,3.1343,fixed_t2_close,True,,20241105,16.15,16.16615,daily_open_plus_slippage_no_l2,True,,20241106,21.11,21.08889,fixed_close,daily_price_minus_slippage_no_l2,False,0,0.3028891131778439,0.24231129054227513,True,0.24231129054227513,conservative_daily_replay
20241113,1,PLAN_BUY_T1_OPEN,300712.SZ,永福股份,chi_next,1.5,0.8,segment_limit_up_ratio_bucket=0_5pct_1pct;turnover_rate_bucket=6_10;exclude:amount_ratio_bucket=0_8_1_2;exclude:market_segment=star;exclude:amount_ratio_bucket=0_8_1_2;exclude:market_segment=star;exclude:prev_pct_chg_bucket=0_3&&market_segment=bj,profit_source_oos_resilient,fixed_t2_close,封单/流通市值偏高,1.0,True,True,1pct_2pct,0.013520084148716,5_10,8_15,5_15,retreat_2day,retreat,mixed,1330_1430,6_10,2_3,neg3_0,421773.871,7.8079,3.51,0.0,1.0,140733,140733,该候选只用于模拟盘计划，不代表实盘可买入。,20241114,34.76,20241115,28.39,-0.1868766168009205,False,20241113,20241114,34.76,37.0,31.51,31.72,31.51,0.6665,20241115,30.6,31.14,28.39,28.39,31.72,-10.4981,20241118,27.83,28.48,26.5,26.67,28.39,-6.0585,20241119,26.9,27.72,26.53,27.66,26.67,3.712,20241120,27.48,29.5,27.17,28.4,27.66,2.6753,fixed_t2_close,True,,20241114,34.76,34.79476,daily_open_plus_slippage_no_l2,True,,20241115,28.39,28.36161,fixed_close,daily_price_minus_slippage_no_l2,False,0,-0.1865084717124072,-0.14920677736992577,False,-0.14920677736992577,conservative_daily_replay
20241127,1,PLAN_BUY_T1_OPEN,301066.SZ,万事利,chi_next,1.0,0.8,segment_limit_up_ratio_bucket=0_5pct_1pct;turnover_rate_bucket=6_10;exclude:amount_ratio_bucket=0_8_1_2;exclude:market_segment=star;exclude:amount_ratio_bucket=0_8_1_2;exclude:market_segment=star;exclude:prev_pct_chg_bucket=0_3&&market_segment=bj,profit_source_oos_resilient,fixed_t2_close,封单/流通市值偏高,1.0,True,True,2pct_5pct,0.0286553859647874,10_20,15_30,15_30,neutral,main_rise,mixed,1000_1100,6_10,1_2_2,3_7,221505.702,9.2218,1.92,0.0,1.0,101045,101045,该候选只用于模拟盘计划，不代表实盘可买入。,20241128,15.5,20241129,19.9,0.2802509677419353,True,20241127,20241128,15.5,16.58,15.2,16.58,13.82,19.9711,20241129,17.5,19.9,17.32,19.9,16.58,20.0241,20241202,20.9,23.88,19.06,23.88,19.9,20.0,20241203,23.8,23.82,20.41,20.47,23.88,-14.2797,20241204,19.4,20.33,17.72,18.15,20.47,-11.3337,fixed_t2_close,True,,20241128,15.5,15.515499999999998,daily_open_plus_slippage_no_l2,True,,20241129,19.9,19.8801,fixed_close,daily_price_minus_slippage_no_l2,False,0,0.2796857909832104,0.2237486327865683,True,0.2237486327865683,conservative_daily_replay
20241206,1,PLAN_BUY_T1_OPEN,300436.SZ,广生堂,chi_next,2.5,0.8,segment_limit_up_ratio_bucket=0_5pct_1pct;turnover_rate_bucket=6_10;exclude:amount_ratio_bucket=0_8_1_2;exclude:market_segment=star;exclude:amount_ratio_bucket=0_8_1_2;exclude:market_segment=star;exclude:prev_pct_chg_bucket=0_3&&market_segment=bj,profit_source_oos_resilient,fixed_t2_close,封单/流通市值偏高,1.0,True,True,1pct_2pct,0.0109566548642549,5_10,gte_30,5_15,neutral,main_rise,mixed,after_1430,6_10,3_5,neg3_0,384327.409,9.655,4.34,0.0,1.0,144115,144115,该候选只用于模拟盘计划，不代表实盘可买入。,20241209,33.0,20241210,34.5,0.0418345454545454,True,20241206,20241209,33.0,33.43,31.0,32.87,31.63,3.9203,20241210,32.8,37.96,32.08,34.5,32.87,4.9589,20241211,33.5,35.99,33.49,34.02,34.5,-1.3913,20241212,33.69,34.99,33.52,34.62,34.02,1.7637,20241213,34.04,34.88,33.15,33.27,34.62,-3.8995,fixed_t2_close,True,,20241209,33.0,33.032999999999994,daily_open_plus_slippage_no_l2,True,,20241210,34.5,34.4655,fixed_close,daily_price_minus_slippage_no_l2,False,0,0.04174572518390725,0.0333965801471258,True,0.0333965801471258,conservative_daily_replay
20241209,1,PLAN_BUY_T1_OPEN,300149.SZ,睿智医药,chi_next,-1.0,0.8,segment_limit_up_ratio_bucket=0_5pct_1pct;turnover_rate_bucket=6_10;exclude:amount_ratio_bucket=0_8_1_2;exclude:market_segment=star;exclude:amount_ratio_bucket=0_8_1_2;exclude:market_segment=star;exclude:prev_pct_chg_bucket=0_3&&market_segment=bj,profit_source_oos_resilient,fixed_t2_close,封单/流通市值偏高,1.0,True,True,1pct_2pct,0.0196716799754895,5_10,gte_30,15_30,retreat_2day,retreat,mixed,open_auction,6_10,2_3,3_7,282642.837,6.7203,2.97,0.0,1.0,93015,93015,该候选只用于模拟盘计划，不代表实盘可买入。,20241210,8.72,20241211,8.0,-0.0861888073394496,False,20241209,20241210,8.72,9.86,8.26,8.37,8.5,-1.5294,20241211,8.26,8.48,7.89,8.0,8.37,-4.4205,20241212,8.01,8.19,7.82,7.89,8.0,-1.375,20241213,7.75,7.84,7.65,7.67,7.89,-2.7883,20241216,8.2,8.48,7.92,8.01,7.67,4.4329,fixed_t2_close,True,,20241210,8.72,8.72872,daily_open_plus_slippage_no_l2,True,,20241211,8.0,7.992,fixed_close,daily_price_minus_slippage_no_l2,False,0,-0.08602183669541456,-0.06881746935633165,False,-0.06881746935633165,conservative_daily_replay
20241210,1,PLAN_BUY_T1_OPEN,300955.SZ,嘉亨家化,chi_next,2.5,0.8,segment_limit_up_ratio_bucket=0_5pct_1pct;turnover_rate_bucket=6_10;exclude:amount_ratio_bucket=0_8_1_2;exclude:market_segment=star;exclude:amount_ratio_bucket=0_8_1_2;exclude:market_segment=star;exclude:prev_pct_chg_bucket=0_3&&market_segment=bj,profit_source_oos_resilient,fixed_t2_close,封单/流通市值偏高;LOSS_OVERLAY_WATCH,1.0,True,True,gte_5pct,0.0667747549526893,10_20,gte_30,5_15,neutral,main_rise,mixed,before_1000,6_10,1_2_2,lt_neg3,83609.74,7.5577,2.14,0.0,1.0,93403,93403,该候选只用于模拟盘计划，不代表实盘可买入。,20241211,19.0,20241212,19.49,0.0221694736842103,True,20241210,20241211,19.0,21.58,17.83,20.17,19.44,3.7551,20241212,18.79,19.85,18.5,19.49,20.17,-3.3713,20241213,19.22,19.22,18.19,18.29,19.49,-6.157,20241216,18.39,18.71,17.7,18.06,18.29,-1.2575,20241217,17.9,17.9,16.38,16.59,18.06,-8.1395,fixed_t2_close,True,,20241211,19.0,19.019,daily_open_plus_slippage_no_l2,True,,20241212,19.49,19.470509999999997,fixed_close,daily_price_minus_slippage_no_l2,False,0,0.022119944266260027,0.017695955413008023,True,0.017695955413008023,conservative_daily_replay
20241216,1,PLAN_BUY_T1_OPEN,300805.SZ,电声股份,chi_next,1.0,0.8,segment_limit_up_ratio_bucket=0_5pct_1pct;turnover_rate_bucket=6_10;exclude:amount_ratio_bucket=0_8_1_2;exclude:market_segment=star;exclude:amount_ratio_bucket=0_8_1_2;exclude:market_segment=star;exclude:prev_pct_chg_bucket=0_3&&market_segment=bj,profit_source_oos_resilient,fixed_t2_close,封单/流通市值偏高,1.0,True,True,1pct_2pct,0.0161670575670441,5_10,15_30,15_30,neutral,main_rise,mixed,open_auction,6_10,lt_0_8,7_10,291149.173,7.6178,1.08,0.0,1.0,93012,93012,该候选只用于模拟盘计划，不代表实盘可买入。,20241217,13.72,20241218,15.66,0.1377794169096208,True,20241216,20241217,13.72,16.05,11.8,15.38,13.42,14.6051,20241218,15.21,17.29,14.01,15.66,15.38,1.8205,20241219,14.99,15.16,13.42,13.5,15.66,-13.7931,20241220,14.05,16.2,14.05,16.2,13.5,20.0,20241223,16.2,16.35,13.87,14.09,16.2,-13.0247,fixed_t2_close,True,,20241217,13.72,13.73372,daily_open_plus_slippage_no_l2,True,,20241218,15.66,15.64434,fixed_close,daily_price_minus_slippage_no_l2,False,0,0.13749889859411718,0.10999911887529375,True,0.10999911887529375,conservative_daily_replay
20241225,1,PLAN_BUY_T1_OPEN,002843.SZ,泰嘉股份,sz_main,-0.19999999999999996,0.8,segment_limit_up_ratio_bucket=0_5pct_1pct;turnover_rate_bucket=6_10;exclude:amount_ratio_bucket=0_8_1_2;exclude:market_segment=star;exclude:amount_ratio_bucket=0_8_1_2;exclude:market_segment=star;exclude:prev_pct_chg_bucket=0_3&&market_segment=bj,profit_source_oos_resilient,fixed_t2_close,封单/流通市值偏高,1.0,True,True,2pct_5pct,0.0218363028918129,10_20,8_15,30_60,retreat_weak,mixed,ice_point,1100_1330,6_10,1_2_2,neg3_0,536404.578,9.639,1.61,0.0,1.0,112621,112621,该候选只用于模拟盘计划，不代表实盘可买入。,20241226,22.01,20241227,23.17,0.049083316674239,True,20241225,20241226,22.01,25.29,22.01,23.93,23.08,3.6828,20241227,23.72,23.93,22.92,23.17,23.93,-3.1759,20241230,23.36,24.48,23.0,23.69,23.17,2.2443,20241231,23.51,23.58,21.32,21.32,23.69,-10.0042,20250102,20.81,21.55,20.26,20.6,21.32,-3.3771,fixed_t2_close,True,,20241226,22.01,22.03201,daily_open_plus_slippage_no_l2,True,,20241227,23.17,23.14683,fixed_close,daily_price_minus_slippage_no_l2,False,0,0.0489800133442206,0.03918401067537648,True,0.03918401067537648,conservative_daily_replay
20250109,1,PLAN_BUY_T1_OPEN,300822.SZ,贝仕达克,chi_next,2.5,0.8,segment_limit_up_ratio_bucket=0_5pct_1pct;turnover_rate_bucket=6_10;exclude:amount_ratio_bucket=0_8_1_2;exclude:market_segment=star;exclude:amount_ratio_bucket=0_8_1_2;exclude:market_segment=star;exclude:prev_pct_chg_bucket=0_3&&market_segment=bj,profit_source_oos_resilient,fixed_t2_close,封单/流通市值偏高,1.0,True,True,1pct_2pct,0.0102709116988891,5_10,15_30,5_15,neutral,main_rise,mixed,1000_1100,6_10,2_3,0_3,539938.759,8.4848,2.31,0.0,1.0,100315,100315,该候选只用于模拟盘计划，不代表实盘可买入。,20250110,24.47,20250113,23.09,-0.060015586432366,False,20250109,20250110,24.47,26.95,24.01,25.56,23.68,7.9392,20250113,23.4,24.34,22.83,23.09,25.56,-9.6635,20250114,23.23,24.99,22.74,24.78,23.09,7.3192,20250115,24.75,27.88,23.38,25.97,24.78,4.8023,20250116,25.18,25.97,24.33,24.79,25.97,-4.5437,fixed_t2_close,True,,20250110,24.47,24.494469999999996,daily_open_plus_slippage_no_l2,True,,20250113,23.09,23.06691,fixed_close,daily_price_minus_slippage_no_l2,False,0,-0.05990090993599766,-0.04792072794879813,False,-0.04792072794879813,conservative_daily_replay
20250110,1,PLAN_BUY_T1_OPEN,002811.SZ,郑中设计,sz_main,-1.0,0.8,segment_limit_up_ratio_bucket=0_5pct_1pct;turnover_rate_bucket=6_10;exclude:amount_ratio_bucket=0_8_1_2;exclude:market_segment=star;exclude:amount_ratio_bucket=0_8_1_2;exclude:market_segment=star;exclude:prev_pct_chg_bucket=0_3&&market_segment=bj,profit_source_oos_resilient,fixed_t2_close,封单/流通市值偏高;LOSS_OVERLAY_WATCH,1.0,True,True,2pct_5pct,0.0484658694811,10_20,8_15,30_60,retreat_weak,mixed,ice_point,open_auction,6_10,2_3,7_10,213974.628,8.2182,3.57,3.0,2.0,93015,93500,该候选只用于模拟盘计划，不代表实盘可买入。,20250113,10.35,20250114,9.74,-0.0625571980676327,False,20250110,20250113,10.35,10.49,9.6,9.6,10.57,-9.1769,20250114,9.78,9.95,9.08,9.74,9.6,1.4583,20250115,9.5,10.71,9.33,10.71,9.74,9.9589,20250116,10.5,10.76,10.02,10.02,10.71,-6.4426,20250117,10.2,10.56,9.91,10.28,10.02,2.5948,fixed_t2_close,True,,20250113,10.35,10.360349999999999,daily_open_plus_slippage_no_l2,True,,20250114,9.74,9.73026,fixed_close,daily_price_minus_slippage_no_l2,False,0,-0.062437443426139036,-0.04994995474091123,False,-0.04994995474091123,conservative_daily_replay
20250205,1,PLAN_BUY_T1_OPEN,300229.SZ,拓尔思,chi_next,2.0,0.8,segment_limit_up_ratio_bucket=0_5pct_1pct;turnover_rate_bucket=6_10;exclude:amount_ratio_bucket=0_8_1_2;exclude:market_segment=star;exclude:amount_ratio_bucket=0_8_1_2;exclude:market_segment=star;exclude:prev_pct_chg_bucket=0_3&&market_segment=bj,profit_source_oos_resilient,fixed_t2_close,封单/流通市值偏高;LOSS_OVERLAY_WATCH,1.0,True,True,1pct_2pct,0.0180584212554555,5_10,8_15,30_60,neutral,mixed,mixed,before_1000,6_10,lt_0_8,gte_10,2001690.125,9.7278,0.92,0.0,1.0,93215,93215,该候选只用于模拟盘计划，不代表实盘可买入。,20250206,26.66,20250207,27.41,0.0245120330082519,True,20250205,20250206,26.66,29.96,25.86,27.75,26.53,4.5986,20250207,27.51,28.97,26.6,27.41,27.75,-1.2252,20250210,27.3,29.29,27.01,29.15,27.41,6.348,20250211,27.98,29.49,27.44,27.68,29.15,-5.0429,20250212,27.19,30.43,27.18,29.16,27.68,5.3468,fixed_t2_close,True,,20250206,26.66,26.686659999999996,daily_open_plus_slippage_no_l2,True,,20250207,27.41,27.38259,fixed_close,daily_price_minus_slippage_no_l2,False,0,0.02445782315209195,0.01956625852167356,True,0.01956625852167356,conservative_daily_replay
20250206,1,PLAN_BUY_T1_OPEN,300382.SZ,斯莱克,chi_next,-1.0,0.8,segment_limit_up_ratio_bucket=0_5pct_1pct;turnover_rate_bucket=6_10;exclude:amount_ratio_bucket=0_8_1_2;exclude:market_segment=star;exclude:amount_ratio_bucket=0_8_1_2;exclude:market_segment=star;exclude:prev_pct_chg_bucket=0_3&&market_segment=bj,profit_source_oos_resilient,fixed_t2_close,封单/流通市值偏高;LOSS_OVERLAY_WATCH,1.0,True,True,1pct_2pct,0.0119445472334035,5_10,15_30,lt_5,warming_2day,warming,mixed,before_1000,6_10,3_5,0_3,582852.452,7.8004,2.45,0.0,1.0,94315,94315,该候选只用于模拟盘计划，不代表实盘可买入。,20250207,12.29,20250210,13.32,0.0801879739625712,True,20250206,20250207,12.29,13.12,12.02,12.9,12.31,4.7929,20250210,12.84,13.58,12.45,13.32,12.9,3.2558,20250211,13.24,13.5,12.95,13.03,13.32,-2.1772,20250212,13.08,13.48,12.99,13.19,13.03,1.2279,20250213,13.12,13.75,12.86,13.39,13.19,1.5163,fixed_t2_close,True,,20250207,12.29,12.302289999999998,daily_open_plus_slippage_no_l2,True,,20250210,13.32,13.30668,fixed_close,daily_price_minus_slippage_no_l2,False,0,0.08002252346514367,0.06401801877211494,True,0.06401801877211494,conservative_daily_replay
20250224,1,PLAN_BUY_T1_OPEN,300103.SZ,达刚控股,chi_next,1.7999999999999998,0.8,segment_limit_up_ratio_bucket=0_5pct_1pct;turnover_rate_bucket=6_10;exclude:amount_ratio_bucket=0_8_1_2;exclude:market_segment=star;exclude:amount_ratio_bucket=0_8_1_2;exclude:market_segment=star;exclude:prev_pct_chg_bucket=0_3&&market_segment=bj,profit_source_oos_resilient,fixed_t2_close,封单/流通市值偏高,1.0,True,True,2pct_5pct,0.0236328049977819,5_10,15_30,5_15,neutral,main_rise,mixed,1100_1330,6_10,gte_5,neg3_0,229436.403,9.9845,6.96,0.0,1.0,131542,131542,该候选只用于模拟盘计划，不代表实盘可买入。,20250225,7.55,20250226,7.18,-0.0526266225165562,False,20250224,20250225,7.55,7.55,7.01,7.07,7.55,-6.3576,20250226,7.03,7.35,6.96,7.18,7.07,1.5559,20250227,7.2,7.6,7.03,7.53,7.18,4.8747,20250228,7.49,7.86,6.95,7.18,7.53,-4.6481,20250303,7.12,7.29,6.77,6.86,7.18,-4.4568,fixed_t2_close,True,,20250225,7.55,7.557549999999999,daily_open_plus_slippage_no_l2,True,,20250226,7.18,7.17282,fixed_close,daily_price_minus_slippage_no_l2,False,0,-0.052526709184854845,-0.04202136734788388,False,-0.04202136734788388,conservative_daily_replay
20250226,1,PLAN_BUY_T1_OPEN,301003.SZ,江苏博云,chi_next,1.0,0.8,segment_limit_up_ratio_bucket=0_5pct_1pct;turnover_rate_bucket=6_10;exclude:amount_ratio_bucket=0_8_1_2;exclude:market_segment=star;exclude:amount_ratio_bucket=0_8_1_2;exclude:market_segment=star;exclude:prev_pct_chg_bucket=0_3&&market_segment=bj,profit_source_oos_resilient,fixed_t2_close,封单/流通市值偏高;LOSS_OVERLAY_WATCH,1.0,True,True,2pct_5pct,0.0224544597981236,5_10,8_15,lt_5,neutral,main_rise,mixed,before_1000,6_10,3_5,0_3,127503.084,6.0196,3.5,0.0,1.0,93157,93157,该候选只用于模拟盘计划，不代表实盘可买入。,20250227,30.39,20250228,31.38,0.0289565054294175,True,20250226,20250227,30.39,33.77,30.18,33.77,28.14,20.0071,20250228,33.13,33.68,30.01,31.38,33.77,-7.0773,20250303,30.99,31.0,28.18,28.62,31.38,-8.7954,20250304,28.54,29.39,27.81,28.38,28.62,-0.8386,20250305,28.1,28.63,27.69,28.52,28.38,0.4933,fixed_t2_close,True,,20250227,30.39,30.420389999999998,daily_open_plus_slippage_no_l2,True,,20250228,31.38,31.34862,fixed_close,daily_price_minus_slippage_no_l2,False,0,0.028893415508479858,0.023114732406783887,True,0.023114732406783887,conservative_daily_replay
20250304,1,PLAN_BUY_T1_OPEN,300211.SZ,亿通科技,chi_next,1.2999999999999998,0.8,segment_limit_up_ratio_bucket=0_5pct_1pct;turnover_rate_bucket=6_10;exclude:amount_ratio_bucket=0_8_1_2;exclude:market_segment=star;exclude:amount_ratio_bucket=0_8_1_2;exclude:market_segment=star;exclude:prev_pct_chg_bucket=0_3&&market_segment=bj,profit_source_oos_resilient,fixed_t2_close,封单/流通市值偏高,1.0,True,True,2pct_5pct,0.0374125091898754,5_10,8_15,5_15,warming_2day,warming,mixed,1100_1330,6_10,2_3,neg3_0,283919.552,9.3895,0.97,0.0,1.0,130248,130248,该候选只用于模拟盘计划，不代表实盘可买入。,20250305,12.8,20250306,14.5,0.1291925,True,20250304,20250305,12.8,12.8,12.23,12.8,10.67,19.9625,20250306,13.22,15.36,13.21,14.5,12.8,13.2813,20250307,14.57,15.19,12.88,13.02,14.5,-10.2069,20250310,12.89,13.4,12.27,12.46,13.02,-4.3011,20250311,12.27,12.92,12.08,12.37,12.46,-0.7223,fixed_t2_close,False,open_limit_up_unbuyable,20250305,12.8,,daily_open_limit_up_queue_rejected,False,,,,,no_buy,,False,0,0.0,0.0,False,0.0,conservative_daily_replay
20250313,1,PLAN_BUY_T1_OPEN,300695.SZ,兆丰股份,chi_next,-1.0,0.8,segment_limit_up_ratio_bucket=0_5pct_1pct;turnover_rate_bucket=6_10;exclude:amount_ratio_bucket=0_8_1_2;exclude:market_segment=star;exclude:amount_ratio_bucket=0_8_1_2;exclude:market_segment=star;exclude:prev_pct_chg_bucket=0_3&&market_segment=bj,profit_source_oos_resilient,fixed_t2_close,封单/流通市值偏高,1.0,True,True,1pct_2pct,0.0157160721887886,5_10,8_15,15_30,retreat_weak,mixed,mixed,1330_1430,6_10,3_5,3_7,379943.271,8.1339,6.96,0.0,1.0,135312,135312,该候选只用于模拟盘计划，不代表实盘可买入。,20250314,73.01,20250317,87.18,0.1904630023284481,True,20250313,20250314,73.01,81.5,73.01,81.0,70.2,15.3846,20250317,76.0,87.78,74.11,87.18,81.0,7.6296,20250318,85.0,94.99,83.17,91.77,87.18,5.265,20250319,88.84,92.65,87.02,90.23,91.77,-1.6781,20250320,88.0,88.63,80.3,83.83,90.23,-7.093,fixed_t2_close,True,,20250314,73.01,73.08301,daily_open_plus_slippage_no_l2,True,,20250317,87.18,87.09282,fixed_close,daily_price_minus_slippage_no_l2,False,0,0.19007722210401562,0.1520617776832125,True,0.1520617776832125,conservative_daily_replay
20250331,1,PLAN_BUY_T1_OPEN,000601.SZ,韶能股份,sz_main,1.0,0.8,segment_limit_up_ratio_bucket=0_5pct_1pct;turnover_rate_bucket=6_10;exclude:amount_ratio_bucket=0_8_1_2;exclude:market_segment=star;exclude:amount_ratio_bucket=0_8_1_2;exclude:market_segment=star;exclude:prev_pct_chg_bucket=0_3&&market_segment=bj,profit_source_oos_resilient,fixed_t2_close,封单/流通市值偏高;LOSS_OVERLAY_WATCH,1.0,True,True,1pct_2pct,0.0171748329713256,10_20,3_8,30_60,neutral,mixed,retreat,before_1000,6_10,lt_0_8,lt_neg3,469354.587,8.2742,0.48,0.0,1.0,94151,94151,该候选只用于模拟盘计划，不代表实盘可买入。,20250401,5.42,20250402,5.93,0.0904759409594095,True,20250331,20250401,5.42,5.87,5.42,5.72,5.4,5.9259,20250402,5.63,6.1,5.4,5.93,5.72,3.6713,20250403,5.93,6.13,5.77,5.96,5.93,0.5059,20250407,5.41,5.9,5.36,5.36,5.96,-10.0671,20250408,5.32,5.65,5.22,5.45,5.36,1.6791,fixed_t2_close,True,,20250401,5.42,5.425419999999999,daily_open_plus_slippage_no_l2,True,,20250402,5.93,5.9240699999999995,fixed_close,daily_price_minus_slippage_no_l2,False,0,0.09028993508336698,0.07223194806669359,True,0.07223194806669359,conservative_daily_replay
20250421,1,PLAN_BUY_T1_OPEN,301259.SZ,艾布鲁,chi_next,3.3,0.8,segment_limit_up_ratio_bucket=0_5pct_1pct;turnover_rate_bucket=6_10;exclude:amount_ratio_bucket=0_8_1_2;exclude:market_segment=star;exclude:amount_ratio_bucket=0_8_1_2;exclude:market_segment=star;exclude:prev_pct_chg_bucket=0_3&&market_segment=bj,profit_source_oos_resilient,fixed_t2_close,封单/流通市值偏高,1.0,True,True,2pct_5pct,0.0309310133675854,5_10,15_30,5_15,neutral,main_rise,mixed,1100_1330,6_10,2_3,lt_neg3,287247.836,9.4999,2.32,0.0,1.0,112012,112012,该候选只用于模拟盘计划，不代表实盘可买入。,20250422,38.98,20250423,40.11,0.0253692252437147,True,20250421,20250422,38.98,41.5,38.55,40.02,39.38,1.6252,20250423,39.98,40.66,39.22,40.11,40.02,0.2249,20250424,40.09,40.24,38.21,39.86,40.11,-0.6233,20250425,39.87,41.41,38.89,38.94,39.86,-2.3081,20250428,37.37,38.21,31.15,31.36,38.94,-19.4658,fixed_t2_close,True,,20250422,38.98,39.01897999999999,daily_open_plus_slippage_no_l2,True,,20250423,40.11,40.06989,fixed_close,daily_price_minus_slippage_no_l2,False,0,0.025313302715755447,0.02025064217260436,True,0.02025064217260436,conservative_daily_replay
20250422,1,PLAN_BUY_T1_OPEN,300531.SZ,优博讯,chi_next,2.5,0.8,segment_limit_up_ratio_bucket=0_5pct_1pct;turnover_rate_bucket=6_10;exclude:amount_ratio_bucket=0_8_1_2;exclude:market_segment=star;exclude:amount_ratio_bucket=0_8_1_2;exclude:market_segment=star;exclude:prev_pct_chg_bucket=0_3&&market_segment=bj,profit_source_oos_resilient,fixed_t2_close,LOSS_OVERLAY_WATCH,1.0,True,True,0_5pct_1pct,0.0091644651878293,5_10,15_30,5_15,neutral,main_rise,mixed,before_1000,6_10,2_3,3_7,304321.183,6.5689,2.71,0.0,1.0,93706,93706,该候选只用于模拟盘计划，不代表实盘可买入。,20250423,15.64,20250424,14.03,-0.1065611764705883,False,20250422,20250423,15.64,16.19,14.52,14.61,15.18,-3.7549,20250424,14.54,14.68,13.92,14.03,14.61,-3.9699,20250425,14.3,15.43,14.3,14.41,14.03,2.7085,20250428,15.39,16.66,15.23,15.62,14.41,8.3969,20250429,15.17,15.35,14.81,14.9,15.62,-4.6095,fixed_t2_close,True,,20250423,15.64,15.655639999999998,daily_open_plus_slippage_no_l2,True,,20250424,14.03,14.01597,fixed_close,daily_price_minus_slippage_no_l2,False,0,-0.10635350179232521,-0.08508280143386017,False,-0.08508280143386017,conservative_daily_replay
20250507,1,PLAN_BUY_T1_OPEN,300507.SZ,苏奥传感,chi_next,2.0,0.8,segment_limit_up_ratio_bucket=0_5pct_1pct;turnover_rate_bucket=6_10;exclude:amount_ratio_bucket=0_8_1_2;exclude:market_segment=star;exclude:amount_ratio_bucket=0_8_1_2;exclude:market_segment=star;exclude:prev_pct_chg_bucket=0_3&&market_segment=bj,profit_source_oos_resilient,fixed_t2_close,封单/流通市值偏高,1.0,True,True,1pct_2pct,0.0152633087077918,5_10,15_30,lt_5,neutral,mixed,mixed,open_auction,6_10,3_5,neg3_0,606437.419,9.1149,2.49,1.0,1.0,92500,94333,该候选只用于模拟盘计划，不代表实盘可买入。,20250508,8.9,20250509,8.99,0.0064923595505618,True,20250507,20250508,8.9,9.39,8.5,8.61,8.74,-1.4874,20250509,8.5,9.21,8.33,8.99,8.61,4.4135,20250512,8.9,9.3,8.6,9.02,8.99,0.3337,20250513,9.0,9.04,8.54,8.61,9.02,-4.5455,20250514,8.58,8.62,8.37,8.4,8.61,-2.439,fixed_t2_close,True,,20250508,8.9,8.9089,daily_open_plus_slippage_no_l2,True,,20250509,8.99,8.98101,fixed_close,daily_price_minus_slippage_no_l2,False,0,0.006474153037973229,0.0051793224303785836,True,0.0051793224303785836,conservative_daily_replay
20250526,1,PLAN_BUY_T1_OPEN,301003.SZ,江苏博云,chi_next,0.0,0.8,segment_limit_up_ratio_bucket=0_5pct_1pct;turnover_rate_bucket=6_10;exclude:amount_ratio_bucket=0_8_1_2;exclude:market_segment=star;exclude:amount_ratio_bucket=0_8_1_2;exclude:market_segment=star;exclude:prev_pct_chg_bucket=0_3&&market_segment=bj,profit_source_oos_resilient,fixed_t2_close,封单/流通市值偏高,1.0,True,True,2pct_5pct,0.0379868771437025,5_10,8_15,lt_5,warming_2day,warming,mixed,1000_1100,6_10,1_2_2,neg3_0,247702.48,9.9333,1.1,0.0,1.0,101724,101724,该候选只用于模拟盘计划，不代表实盘可买入。,20250527,35.18,20250528,33.52,-0.050805901080159,False,20250526,20250527,35.18,35.79,32.32,34.1,35.1,-2.849,20250528,32.95,34.44,32.53,33.52,34.1,-1.7009,20250529,33.0,33.2,31.51,32.5,33.52,-3.043,20250530,31.89,31.96,29.37,29.62,32.5,-8.8615,20250603,29.25,30.23,28.91,29.82,29.62,0.6752,fixed_t2_close,True,,20250527,35.18,35.21518,daily_open_plus_slippage_no_l2,True,,20250528,33.52,33.48648,fixed_close,daily_price_minus_slippage_no_l2,False,0,-0.05070962555352536,-0.04056770044282029,False,-0.04056770044282029,conservative_daily_replay
20250530,1,PLAN_BUY_T1_OPEN,600543.SH,莫高股份,sh_main,-0.19999999999999996,0.8,segment_limit_up_ratio_bucket=0_5pct_1pct;turnover_rate_bucket=6_10;exclude:amount_ratio_bucket=0_8_1_2;exclude:market_segment=star;exclude:amount_ratio_bucket=0_8_1_2;exclude:market_segment=star;exclude:prev_pct_chg_bucket=0_3&&market_segment=bj,profit_source_oos_resilient,fixed_t2_close,封单/流通市值偏高,1.0,True,True,2pct_5pct,0.0250920185600398,10_20,15_30,15_30,retreat_weak,mixed,mixed,1100_1330,6_10,3_5,0_3,116275.93,6.1915,2.41,0.0,1.0,111509,111509,该候选只用于模拟盘计划，不代表实盘可买入。,20250603,6.6,20250604,5.89,-0.1111957575757575,False,20250530,20250603,6.6,6.6,6.01,6.04,6.0,0.6667,20250604,5.73,5.95,5.65,5.89,6.04,-2.4834,20250605,5.82,5.92,5.61,5.73,5.89,-2.7165,20250606,5.75,5.75,5.5,5.65,5.73,-1.3962,20250609,5.65,5.81,5.61,5.79,5.65,2.4779,fixed_t2_close,False,open_limit_up_unbuyable,20250603,6.6,,daily_open_limit_up_queue_rejected,False,,,,,no_buy,,False,0,0.0,0.0,False,0.0,conservative_daily_replay
20250609,1,PLAN_BUY_T1_OPEN,300255.SZ,常山药业,chi_next,2.0,0.8,segment_limit_up_ratio_bucket=0_5pct_1pct;turnover_rate_bucket=6_10;exclude:amount_ratio_bucket=0_8_1_2;exclude:market_segment=star;exclude:amount_ratio_bucket=0_8_1_2;exclude:market_segment=star;exclude:prev_pct_chg_bucket=0_3&&market_segment=bj,profit_source_oos_resilient,fixed_t2_close,无,1.0,True,True,0_1pct_0_3pct,0.0012438421098156,5_10,8_15,lt_5,neutral,mixed,mixed,1000_1100,6_10,1_2_2,gte_10,3531963.41,7.7461,1.24,35.0,1.0,101218,135009,该候选只用于模拟盘计划，不代表实盘可买入。,20250610,50.99,20250611,50.55,-0.0122491429692096,False,20250609,20250610,50.99,53.57,50.2,50.45,52.09,-3.1484,20250611,51.6,52.0,46.73,50.55,50.45,0.1982,20250612,51.84,54.0,50.7,52.42,50.55,3.6993,20250613,51.06,53.5,50.38,50.75,52.42,-3.1858,20250616,51.79,53.25,50.45,52.13,50.75,2.7192,fixed_t2_close,True,,20250610,50.99,51.040989999999994,daily_open_plus_slippage_no_l2,True,,20250611,50.55,50.499449999999996,fixed_close,daily_price_minus_slippage_no_l2,False,0,-0.012229903922318087,-0.00978392313785447,False,-0.00978392313785447,conservative_daily_replay
20250619,1,PLAN_BUY_T1_OPEN,002240.SZ,盛新锂能,sz_main,-1.0,0.8,segment_limit_up_ratio_bucket=0_5pct_1pct;turnover_rate_bucket=6_10;exclude:amount_ratio_bucket=0_8_1_2;exclude:market_segment=star;exclude:amount_ratio_bucket=0_8_1_2;exclude:market_segment=star;exclude:prev_pct_chg_bucket=0_3&&market_segment=bj,profit_source_oos_resilient,fixed_t2_close,LOSS_OVERLAY_WATCH,1.0,True,True,0_5pct_1pct,0.0071478677744112,10_20,3_8,15_30,retreat_2day,retreat,retreat,before_1000,6_10,3_5,neg3_0,897537.426,8.5145,3.86,1.0,1.0,94248,144645,该候选只用于模拟盘计划，不代表实盘可买入。,20250620,12.36,20250623,12.41,0.0004253074433657,True,20250619,20250620,12.36,12.81,12.22,12.26,12.34,-0.6483,20250623,12.22,12.48,12.17,12.41,12.26,1.2235,20250624,12.3,13.08,12.26,12.93,12.41,4.1902,20250625,13.1,13.23,12.8,12.88,12.93,-0.3867,20250626,13.01,13.38,12.74,12.77,12.88,-0.854,fixed_t2_close,True,,20250620,12.36,12.372359999999999,daily_open_plus_slippage_no_l2,True,,20250623,12.41,12.397590000000001,fixed_close,daily_price_minus_slippage_no_l2,False,0,0.0004192229130095086,0.00033537833040760693,True,0.00033537833040760693,conservative_daily_replay
20250620,1,PLAN_BUY_T1_OPEN,300410.SZ,正业科技,chi_next,1.0,0.8,segment_limit_up_ratio_bucket=0_5pct_1pct;turnover_rate_bucket=6_10;exclude:amount_ratio_bucket=0_8_1_2;exclude:market_segment=star;exclude:amount_ratio_bucket=0_8_1_2;exclude:market_segment=star;exclude:prev_pct_chg_bucket=0_3&&market_segment=bj,profit_source_oos_resilient,fixed_t2_close,封单/流通市值偏高;LOSS_OVERLAY_WATCH,1.0,True,True,2pct_5pct,0.027353845764764,5_10,3_8,15_30,neutral,mixed,mixed,before_1000,6_10,2_3,neg3_0,242657.763,9.1579,2.94,0.0,1.0,93551,93551,该候选只用于模拟盘计划，不代表实盘可买入。,20250623,7.51,20250624,8.12,0.0776050332889479,True,20250620,20250623,7.51,7.92,7.14,7.36,7.45,-1.2081,20250624,7.13,8.8,6.98,8.12,7.36,10.3261,20250625,7.76,8.0,7.5,7.99,8.12,-1.601,20250626,7.78,8.6,7.65,7.72,7.99,-3.3792,20250627,7.39,7.58,7.21,7.22,7.72,-6.4767,fixed_t2_close,True,,20250623,7.51,7.517509999999999,daily_open_plus_slippage_no_l2,True,,20250624,8.12,8.11188,fixed_close,daily_price_minus_slippage_no_l2,False,0,0.07744474351214699,0.06195579480971759,True,0.06195579480971759,conservative_daily_replay
20250626,1,PLAN_BUY_T1_OPEN,300600.SZ,国瑞科技,chi_next,0.0,0.8,segment_limit_up_ratio_bucket=0_5pct_1pct;turnover_rate_bucket=6_10;exclude:amount_ratio_bucket=0_8_1_2;exclude:market_segment=star;exclude:amount_ratio_bucket=0_8_1_2;exclude:market_segment=star;exclude:prev_pct_chg_bucket=0_3&&market_segment=bj,profit_source_oos_resilient,fixed_t2_close,封单/流通市值偏高;LOSS_OVERLAY_WATCH,1.0,True,True,2pct_5pct,0.0435646330307121,5_10,15_30,lt_5,retreat_2day,retreat,mixed,before_1000,6_10,lt_0_8,gte_10,318613.265,9.9387,1.06,0.0,2.0,93139,93139,该候选只用于模拟盘计划，不代表实盘可买入。,20250627,14.5,20250630,15.55,0.0687937931034483,True,20250626,20250627,14.5,14.75,12.89,12.96,13.52,-4.142,20250630,12.84,15.55,12.84,15.55,12.96,19.9846,20250701,15.56,17.0,15.15,15.72,15.55,1.0932,20250702,15.16,16.1,14.68,14.71,15.72,-6.4249,20250703,14.26,15.09,13.66,14.16,14.71,-3.739,fixed_t2_close,True,,20250627,14.5,14.514499999999998,daily_open_plus_slippage_no_l2,True,,20250630,15.55,15.534450000000001,fixed_close,daily_price_minus_slippage_no_l2,False,0,0.068651108202143,0.0549208865617144,True,0.0549208865617144,conservative_daily_replay
20250627,1,PLAN_BUY_T1_OPEN,300536.SZ,农尚环境,chi_next,0.0,0.8,segment_limit_up_ratio_bucket=0_5pct_1pct;turnover_rate_bucket=6_10;exclude:amount_ratio_bucket=0_8_1_2;exclude:market_segment=star;exclude:amount_ratio_bucket=0_8_1_2;exclude:market_segment=star;exclude:prev_pct_chg_bucket=0_3&&market_segment=bj,profit_source_oos_resilient,fixed_t2_close,LOSS_OVERLAY_WATCH,1.0,True,True,0_5pct_1pct,0.0052766680436741,5_10,8_15,lt_5,retreat_2day,retreat,mixed,before_1000,6_10,3_5,neg3_0,237168.565,8.4767,3.93,0.0,1.0,94242,94242,该候选只用于模拟盘计划，不代表实盘可买入。,20250630,10.34,20250701,9.7,-0.0655155512572534,False,20250627,20250630,10.34,10.75,9.81,9.9,9.96,-0.6024,20250701,9.86,10.22,9.54,9.7,9.9,-2.0202,20250702,9.54,9.67,9.37,9.51,9.7,-1.9588,20250703,9.5,9.87,9.35,9.63,9.51,1.2618,20250704,9.58,9.65,9.26,9.34,9.63,-3.0114,fixed_t2_close,True,,20250630,10.34,10.35034,daily_open_plus_slippage_no_l2,True,,20250701,9.7,9.690299999999999,fixed_close,daily_price_minus_slippage_no_l2,False,0,-0.06538988582017595,-0.052311908656140764,False,-0.052311908656140764,conservative_daily_replay
20250701,1,PLAN_BUY_T1_OPEN,300030.SZ,阳普医疗,chi_next,3.5,0.8,segment_limit_up_ratio_bucket=0_5pct_1pct;turnover_rate_bucket=6_10;exclude:amount_ratio_bucket=0_8_1_2;exclude:market_segment=star;exclude:amount_ratio_bucket=0_8_1_2;exclude:market_segment=star;exclude:prev_pct_chg_bucket=0_3&&market_segment=bj,profit_source_oos_resilient,fixed_t2_close,封单/流通市值偏高;LOSS_OVERLAY_WATCH,1.0,True,True,1pct_2pct,0.0167529305029042,5_10,8_15,5_15,neutral,mixed,mixed,before_1000,6_10,3_5,0_3,209390.543,9.9921,4.29,0.0,1.0,93857,93857,该候选只用于模拟盘计划，不代表实盘可买入。,20250702,8.5,20250703,7.8,-0.0859729411764706,False,20250701,20250702,8.5,8.65,7.65,7.87,8.24,-4.4903,20250703,7.72,8.06,7.51,7.8,7.87,-0.8895,20250704,7.8,8.56,7.78,7.99,7.8,2.4359,20250707,7.78,9.36,7.68,8.78,7.99,9.8874,20250708,8.38,8.55,8.17,8.52,8.78,-2.9613,fixed_t2_close,True,,20250702,8.5,8.5085,daily_open_plus_slippage_no_l2,True,,20250703,7.8,7.7922,fixed_close,daily_price_minus_slippage_no_l2,False,0,-0.0858064018334606,-0.06864512146676847,False,-0.06864512146676847,conservative_daily_replay
20250721,1,PLAN_BUY_T1_OPEN,301038.SZ,深水规院,chi_next,1.0,0.8,segment_limit_up_ratio_bucket=0_5pct_1pct;turnover_rate_bucket=6_10;exclude:amount_ratio_bucket=0_8_1_2;exclude:market_segment=star;exclude:amount_ratio_bucket=0_8_1_2;exclude:market_segment=star;exclude:prev_pct_chg_bucket=0_3&&market_segment=bj,profit_source_oos_resilient,fixed_t2_close,封单/流通市值偏高;LOSS_OVERLAY_WATCH,1.0,True,True,2pct_5pct,0.0253938093214849,10_20,8_15,lt_5,neutral,main_rise,mixed,before_1000,6_10,2_3,0_3,388819.857,9.2204,2.75,0.0,1.0,93212,93212,该候选只用于模拟盘计划，不代表实盘可买入。,20250722,22.0,20250723,27.82,0.2609254545454546,True,20250721,20250722,22.0,23.18,21.24,23.18,19.32,19.9793,20250723,25.5,27.82,25.01,27.82,23.18,20.0173,20250724,27.0,33.38,26.75,33.38,27.82,19.9856,20250725,30.64,31.8,26.7,26.7,33.38,-20.012,20250728,26.0,26.36,24.8,25.56,26.7,-4.2697,fixed_t2_close,True,,20250722,22.0,22.022,daily_open_plus_slippage_no_l2,True,,20250723,27.82,27.792180000000002,fixed_close,daily_price_minus_slippage_no_l2,False,0,0.26039889020070855,0.20831911216056687,True,0.20831911216056687,conservative_daily_replay
20250801,1,PLAN_BUY_T1_OPEN,600671.SH,天目药业,sh_main,0.5,0.8,segment_limit_up_ratio_bucket=0_5pct_1pct;turnover_rate_bucket=6_10;exclude:amount_ratio_bucket=0_8_1_2;exclude:market_segment=star;exclude:amount_ratio_bucket=0_8_1_2;exclude:market_segment=star;exclude:prev_pct_chg_bucket=0_3&&market_segment=bj,profit_source_oos_resilient,fixed_t2_close,封单/流通市值偏高,1.0,True,True,2pct_5pct,0.0240908981721072,10_20,8_15,5_15,retreat_2day,retreat,mixed,1330_1430,6_10,2_3,neg3_0,178238.588,9.8996,1.41,0.0,1.0,133633,133633,该候选只用于模拟盘计划，不代表实盘可买入。,20250804,15.44,20250805,15.04,-0.0295267357512953,False,20250801,20250804,15.44,16.11,15.12,15.56,15.36,1.3021,20250805,15.49,15.56,15.0,15.04,15.56,-3.3419,20250806,15.1,15.1,14.67,14.71,15.04,-2.1941,20250807,14.82,15.06,14.6,14.6,14.71,-0.7478,20250808,14.59,15.0,14.37,14.91,14.6,2.1233,fixed_t2_close,True,,20250804,15.44,15.455439999999998,daily_open_plus_slippage_no_l2,True,,20250805,15.04,15.024959999999998,fixed_close,daily_price_minus_slippage_no_l2,False,0,-0.02947297603950454,-0.023578380831603633,False,-0.023578380831603633,conservative_daily_replay
20250807,1,PLAN_BUY_T1_OPEN,300981.SZ,中红医疗,chi_next,3.5,0.8,segment_limit_up_ratio_bucket=0_5pct_1pct;turnover_rate_bucket=6_10;exclude:amount_ratio_bucket=0_8_1_2;exclude:market_segment=star;exclude:amount_ratio_bucket=0_8_1_2;exclude:market_segment=star;exclude:prev_pct_chg_bucket=0_3&&market_segment=bj,profit_source_oos_resilient,fixed_t2_close,LOSS_OVERLAY_WATCH,1.0,True,True,0_5pct_1pct,0.0094384879409941,5_10,8_15,5_15,neutral,mixed,mixed,before_1000,6_10,3_5,neg3_0,490900.665,8.0646,2.07,0.0,1.0,95621,95621,该候选只用于模拟盘计划，不代表实盘可买入。,20250808,16.99,20250811,16.68,-0.0218660270747497,False,20250807,20250808,16.99,17.88,15.7,16.5,16.21,1.789,20250811,16.23,16.97,15.8,16.68,16.5,1.0909,20250812,16.42,18.87,16.36,17.47,16.68,4.7362,20250813,17.13,17.8,16.8,17.76,17.47,1.66,20250814,17.25,17.38,16.0,16.0,17.76,-9.9099,fixed_t2_close,True,,20250808,16.99,17.00699,daily_open_plus_slippage_no_l2,True,,20250811,16.68,16.66332,fixed_close,daily_price_minus_slippage_no_l2,False,0,-0.02182757347420088,-0.017462058779360703,False,-0.017462058779360703,conservative_daily_replay
20250811,1,PLAN_BUY_T1_OPEN,300993.SZ,玉马科技,chi_next,0.0,0.8,segment_limit_up_ratio_bucket=0_5pct_1pct;turnover_rate_bucket=6_10;exclude:amount_ratio_bucket=0_8_1_2;exclude:market_segment=star;exclude:amount_ratio_bucket=0_8_1_2;exclude:market_segment=star;exclude:prev_pct_chg_bucket=0_3&&market_segment=bj,profit_source_oos_resilient,fixed_t2_close,封单/流通市值偏高;LOSS_OVERLAY_WATCH,1.0,True,True,1pct_2pct,0.0187587376430629,5_10,15_30,lt_5,warming_2day,warming,mixed,before_1000,6_10,1_2_2,neg3_0,422948.582,9.6258,1.06,0.0,1.0,94521,94521,该候选只用于模拟盘计划，不代表实盘可买入。,20250812,19.1,20250813,18.93,-0.0125205235602095,False,20250811,20250812,19.1,19.53,18.02,18.39,19.09,-3.6668,20250813,18.4,19.06,17.94,18.93,18.39,2.9364,20250814,18.68,19.57,18.26,18.3,18.93,-3.3281,20250815,18.7,19.98,18.22,18.39,18.3,0.4918,20250818,18.5,18.75,17.92,18.02,18.39,-2.012,fixed_t2_close,True,,20250812,19.1,19.1191,daily_open_plus_slippage_no_l2,True,,20250813,18.93,18.91107,fixed_close,daily_price_minus_slippage_no_l2,False,0,-0.012500742294354873,-0.0100005938354839,False,-0.0100005938354839,conservative_daily_replay
20250819,1,PLAN_BUY_T1_OPEN,301321.SZ,翰博高新,chi_next,2.5,0.8,segment_limit_up_ratio_bucket=0_5pct_1pct;turnover_rate_bucket=6_10;exclude:amount_ratio_bucket=0_8_1_2;exclude:market_segment=star;exclude:amount_ratio_bucket=0_8_1_2;exclude:market_segment=star;exclude:prev_pct_chg_bucket=0_3&&market_segment=bj,profit_source_oos_resilient,fixed_t2_close,封单/流通市值偏高;LOSS_OVERLAY_WATCH,1.0,True,True,2pct_5pct,0.0207705290240126,5_10,15_30,5_15,neutral,main_rise,mixed,before_1000,6_10,2_3,0_3,167048.639,6.0412,2.91,0.0,1.0,93327,93327,该候选只用于模拟盘计划，不代表实盘可买入。,20250820,19.99,20250821,18.18,-0.094165272636318,False,20250819,20250820,19.99,20.5,17.86,18.19,19.32,-5.8489,20250821,18.1,18.85,17.85,18.18,18.19,-0.055,20250822,18.82,19.59,18.05,18.19,18.18,0.055,20250825,18.13,18.24,17.64,17.8,18.19,-2.144,20250826,17.81,18.13,17.64,17.93,17.8,0.7303,fixed_t2_close,True,,20250820,19.99,20.009989999999995,daily_open_plus_slippage_no_l2,True,,20250821,18.18,18.16182,fixed_close,daily_price_minus_slippage_no_l2,False,0,-0.093982364998683,-0.0751858919989464,False,-0.0751858919989464,conservative_daily_replay
20250827,1,PLAN_BUY_T1_OPEN,002053.SZ,云南能投,sz_main,1.2999999999999998,0.8,segment_limit_up_ratio_bucket=0_5pct_1pct;turnover_rate_bucket=6_10;exclude:amount_ratio_bucket=0_8_1_2;exclude:market_segment=star;exclude:amount_ratio_bucket=0_8_1_2;exclude:market_segment=star;exclude:prev_pct_chg_bucket=0_3&&market_segment=bj,profit_source_oos_resilient,fixed_t2_close,无,1.0,True,True,lt_0_1pct,0.0003610206566235,10_20,8_15,5_15,retreat_2day,retreat,mixed,1100_1330,6_10,3_5,0_3,683656.895,6.1647,2.54,8.0,1.0,130330,145524,该候选只用于模拟盘计划，不代表实盘可买入。,20250828,12.61,20250829,14.99,0.1851190959555907,True,20250827,20250828,12.61,13.63,12.6,13.63,12.39,10.0081,20250829,13.49,14.99,13.49,14.99,13.63,9.978,20250901,15.14,15.2,14.02,14.47,14.99,-3.469,20250902,14.26,14.37,13.71,13.91,14.47,-3.8701,20250903,14.05,14.66,13.6,13.74,13.91,-1.2221,fixed_t2_close,True,,20250828,12.61,12.622609999999998,daily_open_plus_slippage_no_l2,True,,20250829,14.99,14.975010000000001,fixed_close,daily_price_minus_slippage_no_l2,False,0,0.18474399286676862,0.1477951942934149,True,0.1477951942934149,conservative_daily_replay
20250901,1,PLAN_BUY_T1_OPEN,920274.BJ,宏裕包材,bj,-1.0,0.8,segment_limit_up_ratio_bucket=0_5pct_1pct;turnover_rate_bucket=6_10;exclude:amount_ratio_bucket=0_8_1_2;exclude:market_segment=star;exclude:amount_ratio_bucket=0_8_1_2;exclude:market_segment=star;exclude:prev_pct_chg_bucket=0_3&&market_segment=bj,profit_source_oos_resilient,fixed_t2_close,封单/流通市值偏高,1.0,True,True,1pct_2pct,0.0104582700202956,lt_5,8_15,lt_5,warming_2day,warming,ice_point,1000_1100,6_10,2_3,7_10,213161.47,9.8729,1.89,1.0,1.0,100950,101105,该候选只用于模拟盘计划，不代表实盘可买入。,20250902,30.6,20250903,48.41,0.5784061437908494,True,20250901,20250902,30.6,37.24,29.32,37.24,28.65,29.9825,20250903,38.36,48.41,35.3,48.41,37.24,29.9946,20250904,48.0,62.93,45.6,62.93,48.41,29.9938,20250905,62.0,65.75,52.33,60.3,62.93,-4.1792,20250908,57.99,58.0,45.62,48.05,60.3,-20.3151,fixed_t2_close,True,,20250902,30.6,30.630599999999998,daily_open_plus_slippage_no_l2,True,,20250903,48.41,48.36159,fixed_close,daily_price_minus_slippage_no_l2,False,0,0.5772452523946643,0.46179620191573145,True,0.46179620191573145,conservative_daily_replay
20250904,1,PLAN_BUY_T1_OPEN,003040.SZ,楚天龙,sz_main,1.7999999999999998,0.8,segment_limit_up_ratio_bucket=0_5pct_1pct;turnover_rate_bucket=6_10;exclude:amount_ratio_bucket=0_8_1_2;exclude:market_segment=star;exclude:amount_ratio_bucket=0_8_1_2;exclude:market_segment=star;exclude:prev_pct_chg_bucket=0_3&&market_segment=bj,profit_source_oos_resilient,fixed_t2_close,封单/流通市值偏高,1.0,True,True,1pct_2pct,0.0163680480296677,10_20,3_8,30_60,neutral,mixed,mixed,1100_1330,6_10,2_3,lt_neg3,1043087.352,9.62,1.63,0.0,1.0,131003,131003,该候选只用于模拟盘计划，不代表实盘可买入。,20250905,24.97,20250908,23.99,-0.042867096515819,False,20250904,20250905,24.97,25.01,23.05,23.95,24.55,-2.444,20250908,23.8,24.36,23.61,23.99,23.95,0.167,20250909,23.93,24.01,23.0,23.07,23.99,-3.8349,20250910,23.45,23.52,23.03,23.18,23.07,0.4768,20250911,22.45,23.06,22.12,23.04,23.18,-0.604,fixed_t2_close,True,,20250905,24.97,24.994969999999995,daily_open_plus_slippage_no_l2,True,,20250908,23.99,23.966009999999997,fixed_close,daily_price_minus_slippage_no_l2,False,0,-0.042786682736566536,-0.03422934618925323,False,-0.03422934618925323,conservative_daily_replay
20250911,1,PLAN_BUY_T1_OPEN,301123.SZ,奕东电子,chi_next,1.0,0.8,segment_limit_up_ratio_bucket=0_5pct_1pct;turnover_rate_bucket=6_10;exclude:amount_ratio_bucket=0_8_1_2;exclude:market_segment=star;exclude:amount_ratio_bucket=0_8_1_2;exclude:market_segment=star;exclude:prev_pct_chg_bucket=0_3&&market_segment=bj,profit_source_oos_resilient,fixed_t2_close,封单/流通市值偏高,1.0,True,True,1pct_2pct,0.0132734375,5_10,8_15,lt_5,neutral,main_rise,mixed,1000_1100,6_10,1_2_2,3_7,866415.603,8.1233,1.28,0.0,1.0,105151,105151,该候选只用于模拟盘计划，不代表实盘可买入。,20250912,49.0,20250915,46.67,-0.0511710204081632,False,20250911,20250912,49.0,50.55,47.75,47.84,49.16,-2.6851,20250915,47.45,48.01,46.12,46.67,47.84,-2.4457,20250916,46.67,49.77,45.74,47.62,46.67,2.0356,20250917,45.73,54.9,45.3,51.53,47.62,8.2108,20250918,50.11,51.27,48.96,50.09,51.53,-2.7945,fixed_t2_close,True,,20250912,49.0,49.04899999999999,daily_open_plus_slippage_no_l2,True,,20250915,46.67,46.62333,fixed_close,daily_price_minus_slippage_no_l2,False,0,-0.05107401537238247,-0.040859212297905984,False,-0.040859212297905984,conservative_daily_replay
20250924,1,PLAN_BUY_T1_OPEN,301209.SZ,联合化学,chi_next,3.5,0.8,segment_limit_up_ratio_bucket=0_5pct_1pct;turnover_rate_bucket=6_10;exclude:amount_ratio_bucket=0_8_1_2;exclude:market_segment=star;exclude:amount_ratio_bucket=0_8_1_2;exclude:market_segment=star;exclude:prev_pct_chg_bucket=0_3&&market_segment=bj,profit_source_oos_resilient,fixed_t2_close,封单/流通市值偏高,1.0,True,True,1pct_2pct,0.0137594883503273,5_10,8_15,5_15,neutral,mixed,mixed,1000_1100,6_10,3_5,0_3,365235.132,6.8735,4.26,0.0,1.0,104815,104815,该候选只用于模拟盘计划，不代表实盘可买入。,20250925,109.0,20250926,109.64,0.0022515596330274,True,20250924,20250925,109.0,120.0,106.76,113.99,104.4,9.1858,20250926,115.0,115.0,108.01,109.64,113.99,-3.8161,20250929,110.0,110.86,107.01,109.88,109.64,0.2189,20250930,112.92,117.99,111.23,116.95,109.88,6.4343,20251009,122.01,129.77,120.0,124.46,116.95,6.4215,fixed_t2_close,True,,20250925,109.0,109.109,daily_open_plus_slippage_no_l2,True,,20250926,109.64,109.53036,fixed_close,daily_price_minus_slippage_no_l2,False,0,0.002241826247147482,0.0017934609977179857,True,0.0017934609977179857,conservative_daily_replay
20251009,1,PLAN_BUY_T1_OPEN,301137.SZ,哈焊华通,chi_next,1.0,0.8,segment_limit_up_ratio_bucket=0_5pct_1pct;turnover_rate_bucket=6_10;exclude:amount_ratio_bucket=0_8_1_2;exclude:market_segment=star;exclude:amount_ratio_bucket=0_8_1_2;exclude:market_segment=star;exclude:prev_pct_chg_bucket=0_3&&market_segment=bj,profit_source_oos_resilient,fixed_t2_close,封单/流通市值偏高;LOSS_OVERLAY_WATCH,1.0,True,True,1pct_2pct,0.0156510428954235,5_10,8_15,15_30,neutral,main_rise,mixed,before_1000,6_10,lt_0_8,3_7,608215.378,7.5985,0.71,1.0,1.0,93427,93554,该候选只用于模拟盘计划，不代表实盘可买入。,20251010,52.99,20251013,56.0,0.0531831704095111,True,20251009,20251010,52.99,55.31,48.6,49.8,46.1,8.026,20251013,45.76,59.0,45.76,56.0,49.8,12.4498,20251014,53.8,56.28,49.61,50.0,56.0,-10.7143,20251015,49.0,49.75,46.21,48.01,50.0,-3.98,20251016,45.86,46.77,44.45,46.18,48.01,-3.8117,fixed_t2_close,True,,20251010,52.99,53.042989999999996,daily_open_plus_slippage_no_l2,True,,20251013,56.0,55.944,fixed_close,daily_price_minus_slippage_no_l2,False,0,0.05307167556353827,0.04245734045083062,True,0.04245734045083062,conservative_daily_replay
20251016,1,PLAN_BUY_T1_OPEN,601212.SH,白银有色,sh_main,0.5,0.8,segment_limit_up_ratio_bucket=0_5pct_1pct;turnover_rate_bucket=6_10;exclude:amount_ratio_bucket=0_8_1_2;exclude:market_segment=star;exclude:amount_ratio_bucket=0_8_1_2;exclude:market_segment=star;exclude:prev_pct_chg_bucket=0_3&&market_segment=bj,profit_source_oos_resilient,fixed_t2_close,LOSS_OVERLAY_WATCH,1.0,True,True,0_1pct_0_3pct,0.0017196585553774,10_20,8_15,5_15,retreat_weak,mixed,mixed,before_1000,6_10,1_2_2,neg3_0,4090037.14,9.4474,1.52,4.0,1.0,94032,144441,该候选只用于模拟盘计划，不代表实盘可买入。,20251017,6.03,20251020,5.88,-0.0284956218905473,False,20251016,20251017,6.03,6.53,6.03,6.53,5.94,9.9327,20251020,6.0,6.1,5.88,5.88,6.53,-9.9541,20251021,5.88,5.88,5.58,5.64,5.88,-4.0816,20251022,5.15,5.43,5.1,5.38,5.64,-4.6099,20251023,5.2,5.38,5.11,5.27,5.38,-2.0446,fixed_t2_close,True,,20251017,6.03,6.036029999999999,daily_open_plus_slippage_no_l2,True,,20251021,5.64,5.63436,fixed_close,daily_price_minus_slippage_no_l2,False,1,-0.06816539490360378,-0.054532315922883025,False,-0.054532315922883025,conservative_daily_replay
20251023,1,PLAN_BUY_T1_OPEN,301289.SZ,国缆检测,chi_next,3.5,0.8,segment_limit_up_ratio_bucket=0_5pct_1pct;turnover_rate_bucket=6_10;exclude:amount_ratio_bucket=0_8_1_2;exclude:market_segment=star;exclude:amount_ratio_bucket=0_8_1_2;exclude:market_segment=star;exclude:prev_pct_chg_bucket=0_3&&market_segment=bj,profit_source_oos_resilient,fixed_t2_close,封单/流通市值偏高,1.0,True,True,1pct_2pct,0.011782969091643,5_10,8_15,5_15,neutral,mixed,mixed,1000_1100,6_10,3_5,0_3,464863.931,9.7046,4.39,0.0,1.0,100706,100706,该候选只用于模拟盘计划，不代表实盘可买入。,20251024,65.08,20251027,66.08,0.0117457037492316,True,20251023,20251024,65.08,66.0,61.53,62.71,66.47,-5.6567,20251027,63.01,68.0,62.61,66.08,62.71,5.3739,20251028,64.0,71.63,63.95,67.13,66.08,1.589,20251029,65.15,70.99,63.8,70.01,67.13,4.2902,20251030,67.23,67.8,64.68,65.17,70.01,-6.9133,fixed_t2_close,True,,20251024,65.08,65.14508,daily_open_plus_slippage_no_l2,True,,20251027,66.08,66.01392,fixed_close,daily_price_minus_slippage_no_l2,False,0,0.011717001044438246,0.009373600835550597,True,0.009373600835550597,conservative_daily_replay
20251118,1,PLAN_BUY_T1_OPEN,600280.SH,中央商场,sh_main,-1.0,0.8,segment_limit_up_ratio_bucket=0_5pct_1pct;turnover_rate_bucket=6_10;exclude:amount_ratio_bucket=0_8_1_2;exclude:market_segment=star;exclude:amount_ratio_bucket=0_8_1_2;exclude:market_segment=star;exclude:prev_pct_chg_bucket=0_3&&market_segment=bj,profit_source_oos_resilient,fixed_t2_close,封单/流通市值偏高,1.0,True,True,1pct_2pct,0.0194631063699875,10_20,15_30,30_60,retreat_weak,mixed,mixed,after_1430,6_10,3_5,0_3,403054.997,9.4768,3.66,2.0,1.0,143501,143855,该候选只用于模拟盘计划，不代表实盘可买入。,20251119,4.31,20251120,3.9,-0.0987476102088166,False,20251118,20251119,4.31,4.31,4.25,4.31,3.92,9.949,20251120,4.74,4.74,3.88,3.9,4.31,-9.5128,20251121,3.57,3.75,3.51,3.51,3.9,-10.0,20251124,3.34,3.5,3.31,3.43,3.51,-2.2792,20251125,3.41,3.49,3.41,3.46,3.43,0.8746,fixed_t2_close,False,open_limit_up_unbuyable,20251119,4.31,,daily_open_limit_up_queue_rejected,False,,,,,no_buy,,False,0,0.0,0.0,False,0.0,conservative_daily_replay
20251223,1,PLAN_BUY_T1_OPEN,603978.SH,深圳新星,sh_main,4.3,0.8,segment_limit_up_ratio_bucket=0_5pct_1pct;turnover_rate_bucket=6_10;exclude:amount_ratio_bucket=0_8_1_2;exclude:market_segment=star;exclude:amount_ratio_bucket=0_8_1_2;exclude:market_segment=star;exclude:prev_pct_chg_bucket=0_3&&market_segment=bj,profit_source_oos_resilient,fixed_t2_close,封单/流通市值偏高,1.0,True,True,2pct_5pct,0.022897349775331,10_20,15_30,5_15,neutral,mixed,mixed,1100_1330,6_10,2_3,0_3,422561.224,7.393,1.54,0.0,1.0,112157,112157,该候选只用于模拟盘计划，不代表实盘可买入。,20251224,28.87,20251225,28.83,-0.0050055213023901,False,20251223,20251224,28.87,29.64,27.99,29.11,28.27,2.9713,20251225,28.09,28.98,27.62,28.83,29.11,-0.9619,20251226,30.08,31.71,29.0,31.71,28.83,9.9896,20251229,31.0,31.01,28.66,29.28,31.71,-7.6632,20251230,28.59,29.38,27.51,28.88,29.28,-1.3661,fixed_t2_close,True,,20251224,28.87,28.89887,daily_open_plus_slippage_no_l2,True,,20251225,28.83,28.80117,fixed_close,daily_price_minus_slippage_no_l2,False,0,-0.00500075502606161,-0.004000604020849288,False,-0.004000604020849288,conservative_daily_replay
20260108,1,PLAN_BUY_T1_OPEN,300986.SZ,志特新材,chi_next,1.0,0.8,segment_limit_up_ratio_bucket=0_5pct_1pct;turnover_rate_bucket=6_10;exclude:amount_ratio_bucket=0_8_1_2;exclude:market_segment=star;exclude:amount_ratio_bucket=0_8_1_2;exclude:market_segment=star;exclude:prev_pct_chg_bucket=0_3&&market_segment=bj,profit_source_oos_resilient,fixed_t2_close,封单/流通市值偏高,1.0,True,True,1pct_2pct,0.0172412603859118,5_10,15_30,lt_5,neutral,main_rise,mixed,open_auction,6_10,lt_0_8,gte_10,699671.408,7.4066,0.58,3.0,4.0,93036,93345,该候选只用于模拟盘计划，不代表实盘可买入。,20260109,27.82,20260112,33.38,0.1962362185478074,True,20260108,20260109,27.82,27.82,27.1,27.82,23.18,20.0173,20260112,33.38,33.38,33.38,33.38,27.82,19.9856,20260116,26.79,30.0,26.7,26.7,33.38,-20.012,20260119,26.0,30.32,23.9,28.4,26.7,6.367,20260120,30.0,34.08,30.0,33.8,28.4,19.0141,fixed_t2_close,False,open_limit_up_unbuyable,20260109,27.82,,daily_open_limit_up_queue_rejected,False,,,,,no_buy,,False,0,0.0,0.0,False,0.0,conservative_daily_replay
20260113,1,PLAN_BUY_T1_OPEN,301060.SZ,兰卫医学,chi_next,2.0,0.8,segment_limit_up_ratio_bucket=0_5pct_1pct;turnover_rate_bucket=6_10;exclude:amount_ratio_bucket=0_8_1_2;exclude:market_segment=star;exclude:amount_ratio_bucket=0_8_1_2;exclude:market_segment=star;exclude:prev_pct_chg_bucket=0_3&&market_segment=bj,profit_source_oos_resilient,fixed_t2_close,封单/流通市值偏高;LOSS_OVERLAY_WATCH,1.0,True,True,2pct_5pct,0.0205028278260402,5_10,15_30,30_60,neutral,mixed,mixed,before_1000,6_10,2_3,3_7,441128.806,9.7759,2.38,0.0,1.0,95554,95554,该候选只用于模拟盘计划，不代表实盘可买入。,20260114,13.8,20260115,12.41,-0.1043446376811594,False,20260113,20260114,13.8,14.55,13.1,13.68,13.28,3.012,20260115,12.91,13.28,12.31,12.41,13.68,-9.2836,20260116,12.46,12.5,11.75,11.92,12.41,-3.9484,20260119,11.85,11.99,11.7,11.77,11.92,-1.2584,20260120,11.8,11.85,11.45,11.58,11.77,-1.6143,fixed_t2_close,True,,20260114,13.8,13.813799999999999,daily_open_plus_slippage_no_l2,True,,20260115,12.41,12.397590000000001,fixed_close,daily_price_minus_slippage_no_l2,False,0,-0.10414139165182627,-0.08331311332146102,False,-0.08331311332146102,conservative_daily_replay
20260130,1,PLAN_BUY_T1_OPEN,002830.SZ,名雕股份,sz_main,-0.19999999999999996,0.8,segment_limit_up_ratio_bucket=0_5pct_1pct;turnover_rate_bucket=6_10;exclude:amount_ratio_bucket=0_8_1_2;exclude:market_segment=star;exclude:amount_ratio_bucket=0_8_1_2;exclude:market_segment=star;exclude:prev_pct_chg_bucket=0_3&&market_segment=bj,profit_source_oos_resilient,fixed_t2_close,封单/流通市值偏高,1.0,True,True,2pct_5pct,0.0347181927152256,10_20,3_8,30_60,retreat_weak,mixed,ice_point,1100_1330,6_10,1_2_2,0_3,137401.026,9.167,1.23,0.0,1.0,111942,111942,该候选只用于模拟盘计划，不代表实盘可买入。,20260202,24.42,20260203,28.14,0.1487141523341523,True,20260130,20260202,24.42,25.58,22.59,25.58,23.25,10.0215,20260203,24.88,28.14,24.7,28.14,25.58,10.0078,20260204,28.19,30.95,28.19,30.95,28.14,9.9858,20260205,31.01,34.05,27.86,27.86,30.95,-9.9838,20260206,25.07,30.65,25.07,30.65,27.86,10.0144,fixed_t2_close,True,,20260202,24.42,24.444419999999997,daily_open_plus_slippage_no_l2,True,,20260203,28.14,28.11186,fixed_close,daily_price_minus_slippage_no_l2,False,0,0.1484117863954228,0.11872942911633824,True,0.11872942911633824,conservative_daily_replay
20260204,1,PLAN_BUY_T1_OPEN,301119.SZ,正强股份,chi_next,4.3,0.8,segment_limit_up_ratio_bucket=0_5pct_1pct;turnover_rate_bucket=6_10;exclude:amount_ratio_bucket=0_8_1_2;exclude:market_segment=star;exclude:amount_ratio_bucket=0_8_1_2;exclude:market_segment=star;exclude:prev_pct_chg_bucket=0_3&&market_segment=bj,profit_source_oos_resilient,fixed_t2_close,封单/流通市值偏高,1.0,True,True,2pct_5pct,0.0308827606087349,5_10,8_15,5_15,neutral,mixed,mixed,1100_1330,6_10,3_5,0_3,414992.945,9.032,3.26,0.0,1.0,132048,132048,该候选只用于模拟盘计划，不代表实盘可买入。,20260205,58.0,20260206,54.9,-0.057068275862069,False,20260204,20260205,58.0,59.59,56.0,57.19,57.7,-0.8839,20260206,56.39,56.5,54.5,54.9,57.19,-4.0042,20260209,55.2,58.3,53.82,55.23,54.9,0.6011,20260210,55.51,55.51,52.36,52.36,55.23,-5.1965,20260211,52.38,52.48,49.36,49.88,52.36,-4.7364,fixed_t2_close,True,,20260205,58.0,58.05799999999999,daily_open_plus_slippage_no_l2,True,,20260206,54.9,54.845099999999995,fixed_close,daily_price_minus_slippage_no_l2,False,0,-0.05695948809810873,-0.04556759047848699,False,-0.04556759047848699,conservative_daily_replay
20260209,1,PLAN_BUY_T1_OPEN,300982.SZ,苏文电能,chi_next,-1.0,0.8,segment_limit_up_ratio_bucket=0_5pct_1pct;turnover_rate_bucket=6_10;exclude:amount_ratio_bucket=0_8_1_2;exclude:market_segment=star;exclude:amount_ratio_bucket=0_8_1_2;exclude:market_segment=star;exclude:prev_pct_chg_bucket=0_3&&market_segment=bj,profit_source_oos_resilient,fixed_t2_close,封单/流通市值偏高;LOSS_OVERLAY_WATCH,1.0,True,True,1pct_2pct,0.0132598134522926,5_10,8_15,lt_5,warming_2day,warming,mixed,before_1000,6_10,3_5,0_3,431154.772,8.9057,3.63,0.0,1.0,94836,94836,该候选只用于模拟盘计划，不代表实盘可买入。,20260210,24.96,20260211,23.83,-0.048892435897436,False,20260209,20260210,24.96,25.39,24.16,24.41,26.16,-6.6896,20260211,24.0,24.43,23.82,23.83,24.41,-2.3761,20260212,24.05,24.16,23.48,23.56,23.83,-1.133,20260213,23.6,23.79,23.23,23.33,23.56,-0.9762,20260224,23.51,24.17,23.28,23.85,23.33,2.2289,fixed_t2_close,True,,20260210,24.96,24.984959999999997,daily_open_plus_slippage_no_l2,True,,20260211,23.83,23.806169999999998,fixed_close,daily_price_minus_slippage_no_l2,False,0,-0.0487999834780604,-0.03903998678244833,False,-0.03903998678244833,conservative_daily_replay
20260305,1,PLAN_BUY_T1_OPEN,300389.SZ,艾比森,chi_next,2.0,0.8,segment_limit_up_ratio_bucket=0_5pct_1pct;turnover_rate_bucket=6_10;exclude:amount_ratio_bucket=0_8_1_2;exclude:market_segment=star;exclude:amount_ratio_bucket=0_8_1_2;exclude:market_segment=star;exclude:prev_pct_chg_bucket=0_3&&market_segment=bj,profit_source_oos_resilient,fixed_t2_close,封单/流通市值偏高;LOSS_OVERLAY_WATCH,1.0,True,True,2pct_5pct,0.0254441349385204,5_10,3_8,lt_5,neutral,mixed,mixed,before_1000,6_10,3_5,neg3_0,388553.032,8.4292,2.85,0.0,1.0,94730,94730,该候选只用于模拟盘计划，不代表实盘可买入。,20260306,19.81,20260309,18.85,-0.0520803735487126,False,20260305,20260306,19.81,19.81,18.54,19.2,20.64,-6.9767,20260309,18.6,18.96,18.42,18.85,19.2,-1.8229,20260310,18.98,19.2,18.71,18.83,18.85,-0.1061,20260311,18.87,19.36,18.81,18.96,18.83,0.6904,20260312,18.92,19.56,18.8,19.38,18.96,2.2152,fixed_t2_close,True,,20260306,19.81,19.829809999999995,daily_open_plus_slippage_no_l2,True,,20260309,18.85,18.83115,fixed_close,daily_price_minus_slippage_no_l2,False,0,-0.051981551623540165,-0.041585241298832135,False,-0.041585241298832135,conservative_daily_replay
20260317,1,PLAN_BUY_T1_OPEN,002323.SZ,雅博股份,sz_main,0.5,0.8,segment_limit_up_ratio_bucket=0_5pct_1pct;turnover_rate_bucket=6_10;exclude:amount_ratio_bucket=0_8_1_2;exclude:market_segment=star;exclude:amount_ratio_bucket=0_8_1_2;exclude:market_segment=star;exclude:prev_pct_chg_bucket=0_3&&market_segment=bj,profit_source_oos_resilient,fixed_t2_close,封单/流通市值偏高;LOSS_OVERLAY_WATCH,1.0,True,True,1pct_2pct,0.0142169137398715,10_20,8_15,5_15,retreat_2day,retreat,retreat,before_1000,6_10,lt_0_8,neg3_0,518767.896,9.1857,0.73,0.0,1.0,93642,93642,该候选只用于模拟盘计划，不代表实盘可买入。,20260318,2.93,20260319,2.73,-0.071879385665529,False,20260317,20260318,2.93,3.03,2.88,3.03,2.75,10.1818,20260319,3.03,3.05,2.73,2.73,3.03,-9.901,20260320,2.69,2.84,2.52,2.55,2.73,-6.5934,20260323,2.42,2.63,2.32,2.38,2.55,-6.6667,20260324,2.46,2.62,2.4,2.62,2.38,10.084,fixed_t2_close,True,,20260318,2.93,2.93293,daily_open_plus_slippage_no_l2,True,,20260320,2.55,2.54745,fixed_close,daily_price_minus_slippage_no_l2,False,1,-0.13305170822351703,-0.10644136657881363,False,-0.10644136657881363,conservative_daily_replay
20260319,1,PLAN_BUY_T1_OPEN,601015.SH,陕西黑猫,sh_main,0.5,0.8,segment_limit_up_ratio_bucket=0_5pct_1pct;turnover_rate_bucket=6_10;exclude:amount_ratio_bucket=0_8_1_2;exclude:market_segment=star;exclude:amount_ratio_bucket=0_8_1_2;exclude:market_segment=star;exclude:prev_pct_chg_bucket=0_3&&market_segment=bj,profit_source_oos_resilient,fixed_t2_close,LOSS_OVERLAY_WATCH,1.0,True,True,0_5pct_1pct,0.0075010553970165,10_20,3_8,5_15,weak_below_30,mixed,mixed,before_1000,6_10,1_2_2,lt_neg3,996962.38,9.5909,1.03,2.0,1.0,93436,95556,该候选只用于模拟盘计划，不代表实盘可买入。,20260320,5.1,20260323,5.5,0.0748113725490197,True,20260319,20260320,5.1,5.55,4.94,5.4,5.14,5.0584,20260323,5.65,5.88,5.39,5.5,5.4,1.8519,20260324,5.23,5.61,4.97,5.5,5.5,0.0,20260325,5.15,5.5,5.0,5.37,5.5,-2.3636,20260326,5.32,5.41,5.05,5.14,5.37,-4.2831,fixed_t2_close,True,,20260320,5.1,5.105099999999999,daily_open_plus_slippage_no_l2,True,,20260323,5.5,5.4945,fixed_close,daily_price_minus_slippage_no_l2,False,0,0.0746566645119588,0.05972533160956705,True,0.05972533160956705,conservative_daily_replay
20260320,1,PLAN_BUY_T1_OPEN,600617.SH,国新能源,sh_main,-1.0,0.8,segment_limit_up_ratio_bucket=0_5pct_1pct;turnover_rate_bucket=6_10;exclude:amount_ratio_bucket=0_8_1_2;exclude:market_segment=star;exclude:amount_ratio_bucket=0_8_1_2;exclude:market_segment=star;exclude:prev_pct_chg_bucket=0_3&&market_segment=bj,profit_source_oos_resilient,fixed_t2_close,LOSS_OVERLAY_WATCH,1.0,True,True,0_5pct_1pct,0.0082765658529334,10_20,3_8,15_30,weak_below_30,mixed,mixed,before_1000,6_10,1_2_2,7_10,691878.165,9.982,2.56,1.0,2.0,93658,94040,该候选只用于模拟盘计划，不代表实盘可买入。,20260323,4.07,20260324,4.24,0.0381490417690417,True,20260320,20260323,4.07,4.39,4.04,4.11,3.99,3.0075,20260324,4.05,4.25,3.83,4.24,4.11,3.163,20260325,4.01,4.35,3.88,4.33,4.24,2.1226,20260326,4.18,4.36,4.03,4.23,4.33,-2.3095,20260327,4.26,4.62,4.24,4.34,4.23,2.6005,fixed_t2_close,True,,20260323,4.07,4.07407,daily_open_plus_slippage_no_l2,True,,20260324,4.24,4.23576,fixed_close,daily_price_minus_slippage_no_l2,False,0,0.03806758514213056,0.03045406811370445,True,0.03045406811370445,conservative_daily_replay
20260323,1,PLAN_BUY_T1_OPEN,002896.SZ,中大力德,sz_main,-1.0,0.8,segment_limit_up_ratio_bucket=0_5pct_1pct;turnover_rate_bucket=6_10;exclude:amount_ratio_bucket=0_8_1_2;exclude:market_segment=star;exclude:amount_ratio_bucket=0_8_1_2;exclude:market_segment=star;exclude:prev_pct_chg_bucket=0_3&&market_segment=bj,profit_source_oos_resilient,fixed_t2_close,LOSS_OVERLAY_WATCH,1.0,True,True,lt_0_1pct,0.000976111305632,5_10,3_8,gte_60,weak_below_30,ice_point,ice_point,before_1000,6_10,3_5,lt_neg3,967470.984,6.4229,4.51,6.0,1.0,93145,145142,该候选只用于模拟盘计划，不代表实盘可买入。,20260324,79.96,20260325,74.44,-0.0726545172586293,False,20260323,20260324,79.96,79.96,72.38,74.44,77.0,-3.3247,20260325,73.01,75.4,72.68,74.44,74.44,0.0,20260326,73.93,81.5,73.93,78.29,74.44,5.172,20260327,75.0,77.8,74.95,77.1,78.29,-1.52,20260330,75.5,76.86,74.8,75.52,77.1,-2.0493,fixed_t2_close,True,,20260324,79.96,80.03995999999998,daily_open_plus_slippage_no_l2,True,,20260325,74.44,74.36556,fixed_close,daily_price_minus_slippage_no_l2,False,0,-0.07251458815321725,-0.058011670522573805,False,-0.058011670522573805,conservative_daily_replay
20260402,1,PLAN_BUY_T1_OPEN,603222.SH,济民健康,sh_main,0.5,0.8,segment_limit_up_ratio_bucket=0_5pct_1pct;turnover_rate_bucket=6_10;exclude:amount_ratio_bucket=0_8_1_2;exclude:market_segment=star;exclude:amount_ratio_bucket=0_8_1_2;exclude:market_segment=star;exclude:prev_pct_chg_bucket=0_3&&market_segment=bj,profit_source_oos_resilient,fixed_t2_close,封单/流通市值偏高,1.0,True,True,1pct_2pct,0.0121405712046463,10_20,3_8,5_15,weak_below_30,mixed,mixed,1330_1430,6_10,3_5,3_7,465726.549,9.1635,3.92,0.0,1.0,133547,133547,该候选只用于模拟盘计划，不代表实盘可买入。,20260403,10.24,20260407,11.27,0.0969659375,True,20260402,20260403,10.24,11.0,9.85,10.47,10.15,3.1527,20260407,10.3,11.52,10.1,11.27,10.47,7.6409,20260408,11.0,11.26,10.51,10.64,11.27,-5.5901,20260409,10.5,11.11,10.27,10.48,10.64,-1.5038,20260410,10.3,10.58,9.88,10.21,10.48,-2.5763,fixed_t2_close,True,,20260403,10.24,10.25024,daily_open_plus_slippage_no_l2,True,,20260407,11.27,11.25873,fixed_close,daily_price_minus_slippage_no_l2,False,0,0.09676696459790209,0.07741357167832168,True,0.07741357167832168,conservative_daily_replay
20260403,1,PLAN_BUY_T1_OPEN,000950.SZ,重药控股,sz_main,1.0,0.8,segment_limit_up_ratio_bucket=0_5pct_1pct;turnover_rate_bucket=6_10;exclude:amount_ratio_bucket=0_8_1_2;exclude:market_segment=star;exclude:amount_ratio_bucket=0_8_1_2;exclude:market_segment=star;exclude:prev_pct_chg_bucket=0_3&&market_segment=bj,profit_source_oos_resilient,fixed_t2_close,LOSS_OVERLAY_WATCH,1.0,True,True,0_5pct_1pct,0.0083264502986341,10_20,3_8,30_60,neutral,mixed,retreat,before_1000,6_10,2_3,7_10,1088612.705,8.9742,3.89,2.0,2.0,93127,94354,该候选只用于模拟盘计划，不代表实盘可买入。,20260407,7.27,20260408,6.6,-0.095779559834938,False,20260403,20260407,7.27,7.41,6.73,7.14,7.14,0.0,20260408,6.92,7.06,6.5,6.6,7.14,-7.563,20260409,6.43,6.75,6.17,6.2,6.6,-6.0606,20260410,6.03,6.15,5.89,6.08,6.2,-1.9355,20260413,6.0,6.05,5.81,5.88,6.08,-3.2895,fixed_t2_close,True,,20260407,7.27,7.277269999999999,daily_open_plus_slippage_no_l2,True,,20260408,6.6,6.5934,fixed_close,daily_price_minus_slippage_no_l2,False,0,-0.09559342684825471,-0.07647474147860378,False,-0.07647474147860378,conservative_daily_replay
