scenario,condition,day_count,executed_trade_count,b_trade_count,a_trade_count,buy_rejected_count,sell_unresolved_count,review_required_count,no_candidate_count,position_occupied_skip_count,win_rate,avg_account_return,median_account_return,max_profit,max_loss,profit_loss_ratio,initial_equity,final_equity,equity_multiple,max_drawdown,path_conflict_count,limit_down_blocked_trade_count,live_order_enabled,c_trade_count,candidate_return_source_count,audit_or_replay_return_source_count,strict_rank,approx_equity_multiple,approx_executed_trade_count,approx_win_rate,approx_max_drawdown
A_plus_B_plus_C_0993,segment_limit_up_ratio_bucket=0_5pct_1pct;turnover_rate_bucket=6_10,481,95,23,50,1,0,0,277,108,0.7263157894736842,0.05654266195058423,0.0366735032523264,0.4980539655009626,-0.14148486773603755,2.1624686753841584,500000.0,58800051.748583846,117.6001034971677,-0.2030955287091747,0,1,False,22,0,95,7,2.9935933819711047,86,0.5581395348837209,-0.5568801966874039
A_plus_B_plus_C_0164,market_segment=bj;fd_ratio_bucket=0_1pct_0_3pct,481,83,24,52,1,0,0,314,83,0.7228915662650602,0.06300971797139675,0.0352808081329955,0.5188303352032584,-0.11800704531551723,2.6514481234623197,500000.0,49653624.34831061,99.30724869662123,-0.13636773737941088,0,0,False,7,0,83,142,1.5442187290903726,17,0.5294117647058824,-0.2598760685366368
A_plus_B_plus_C_0243,market_segment=bj;amount_ratio_bucket=3_5,481,80,25,52,1,0,0,321,79,0.7375,0.06499961302850113,0.033956075351714646,0.4980539655009626,-0.11800704531551723,2.638487242034658,500000.0,48811832.91746114,97.62366583492228,-0.136367737379411,0,0,False,3,0,80,49,1.984926768420822,44,0.4090909090909091,-0.5501221955684443
A_plus_B_plus_C_1273,segment_emotion_state_bucket=mixed;turnover_rate_bucket=6_10,481,107,22,47,2,0,0,257,115,0.7383177570093458,0.047314053036852155,0.0326313425704338,0.4980539655009626,-0.17114192653629492,1.7631384949303295,500000.0,46424110.81241496,92.84822162482992,-0.171141926536295,0,2,False,38,0,107,14,2.668927198932571,129,0.5116279069767442,-0.32170656990453894
A_plus_B_plus_C_0476,market_chain_count_bucket=3_8;prev_pct_chg_bucket=3_7,481,88,24,51,0,0,0,304,89,0.7272727272727273,0.05673240792195678,0.033956075351714646,0.4980539655009626,-0.11800704531551723,2.4315947845767063,500000.0,42611487.8524637,85.22297570492739,-0.13636773737941088,0,0,False,13,0,88,41,2.030473649437999,50,0.48,-0.26771250176078243
A_plus_B_plus_C_0317,market_chain_count_bucket=15_30;segment_chain_count_bucket=gte_10,481,89,24,51,0,0,0,302,90,0.7303370786516854,0.05591323524494505,0.0291749495998269,0.4980539655009626,-0.11800704531551723,2.2365136222186615,500000.0,41328049.712724365,82.65609942544873,-0.14026582438977253,0,0,False,14,0,89,139,1.5580036985941303,45,0.5111111111111111,-0.3134415257414026
A_plus_B_plus_C_0258,market_segment=bj;prev_pct_chg_bucket=neg3_0,481,83,25,51,0,0,0,315,83,0.7108433734939759,0.060437484902374355,0.0317362084332781,0.5188303352032584,-0.11800704531551723,2.5706040986156693,500000.0,40167302.930977754,80.33460586195551,-0.13636773737941088,0,0,False,7,0,83,13,2.685585751849269,42,0.4523809523809524,-0.41108118850572495
A_plus_B_plus_C_0334,market_chain_count_bucket=15_30;segment_limit_up_count_bucket=40_80,481,84,24,52,0,0,0,313,84,0.7142857142857143,0.05830954641246191,0.033956075351714646,0.4980539655009626,-0.11800704531551723,2.7279574079393614,500000.0,39023020.29115833,78.04604058231666,-0.136367737379411,0,0,False,8,0,84,30,2.213113564809166,29,0.5172413793103449,-0.19269646964989406
A_plus_B_plus_C_0786,segment_limit_up_count_bucket=40_80;market_emotion_state_bucket=main_rise,481,86,24,52,0,0,0,309,86,0.7093023255813954,0.05667868642162158,0.03218377550185595,0.4980539655009626,-0.11800704531551723,2.6695312978282777,500000.0,38069531.93062622,76.13906386125244,-0.13636773737941088,0,0,False,10,0,86,67,1.8820865115254757,39,0.5384615384615384,-0.21976438112727992
A_plus_B_plus_C_0600,segment_chain_count_bucket=gte_10;market_emotion_state_bucket=retreat,481,79,25,52,0,0,0,324,78,0.7468354430379747,0.06145723134045329,0.0352808081329955,0.4980539655009626,-0.11800704531551723,2.4660762090956156,500000.0,37559097.69577273,75.11819539154546,-0.13636773737941077,0,0,False,2,0,79,133,1.5760560299050226,11,0.45454545454545453,-0.1721422662899157
A_plus_B_plus_C_2496,market_segment=chi_next;segment_emotion_state_bucket=mixed;turnover_rate_bucket=6_10;first_time_detail_bucket=1000_1100,481,83,25,50,0,0,0,314,84,0.7228915662650602,0.05849330960891431,0.0326313425704338,0.4980539655009626,-0.11800704531551723,2.5423863987493984,500000.0,37356666.75991627,74.71333351983253,-0.1454537476219916,0,0,False,8,0,83,118,1.6165472214999932,25,0.48,-0.13350401109930676
A_plus_B_plus_C_2033,market_segment=sh_main;segment_emotion_state_bucket=main_rise;first_time_detail_bucket=1330_1430,481,113,21,46,0,0,0,246,122,0.7079646017699115,0.04219416480539821,0.021434748175136208,0.4980539655009626,-0.07146877201326282,2.2664759378602315,500000.0,37238038.269214384,74.47607653842877,-0.15424935501243864,0,1,False,46,0,113,148,1.5332455007979788,77,0.5974025974025974,-0.43675814698091886
A_plus_B_plus_C_2565,segment_chain_count_bucket=5_10;segment_limit_up_count_bucket=10_20;open_times_bucket=2_3;turnover_rate_bucket=3_6,481,81,24,52,0,0,0,319,81,0.7530864197530864,0.05950517521338132,0.0352808081329955,0.4980539655009626,-0.11800704531551723,2.3703044064947685,500000.0,36569705.61178851,73.13941122357703,-0.13636773737941088,0,0,False,5,0,81,165,1.466325578621289,10,0.8,-0.14169726182965292
A_plus_B_plus_C_0509,market_chain_count_bucket=15_30;limit_height_rank_bucket=rank_4_10,481,88,23,50,0,0,0,302,91,0.7159090909090909,0.05488709188945983,0.0304555790165525,0.4980539655009626,-0.11800704531551723,2.3427642859511497,500000.0,36058986.39400087,72.11797278800175,-0.13636773737941088,0,0,False,15,0,88,92,1.7301606509789722,59,0.5084745762711864,-0.4062956638687777
A_plus_B_plus_C_2097,segment_limit_up_count_bucket=40_80;open_times_bucket=0;turnover_rate_bucket=15_25,481,88,24,52,0,0,0,305,88,0.7159090909090909,0.05470115933511934,0.033956075351714646,0.4980539655009626,-0.11800704531551723,2.4184806000370944,500000.0,35999320.33386418,71.99864066772837,-0.13636773737941088,0,0,False,12,0,88,156,1.4964536797968548,38,0.5789473684210527,-0.2996264144263091
A_plus_B_plus_C_1314,segment_emotion_state_bucket=climax;prev_pct_chg_bucket=neg3_0,481,85,25,52,0,0,0,312,84,0.7411764705882353,0.05654472661622203,0.0326313425704338,0.4980539655009626,-0.11800704531551723,2.3237316600562834,500000.0,35993795.45405142,71.98759090810285,-0.13636773737941077,0,0,False,8,0,85,180,1.4314205421741195,20,0.7,-0.09288636175648513
A_plus_B_plus_C_0673,segment_chain_count_bucket=1_3;prev_pct_chg_bucket=0_3,481,106,22,50,1,0,0,264,110,0.6981132075471698,0.04547829592282233,0.020490176364643904,0.4980539655009626,-0.11800704531551723,2.2887555902697954,500000.0,35578401.40084398,71.15680280168796,-0.13636773737941088,0,0,False,34,0,106,109,1.6500409523761659,95,0.4842105263157895,-0.40841324324242667
A_plus_B_plus_C_0254,market_segment=chi_next;prev_pct_chg_bucket=neg3_0,481,99,22,50,0,0,0,280,102,0.7171717171717171,0.04877878562907629,0.0291377588189142,0.4980539655009626,-0.11800704531551723,1.9914190200956285,500000.0,35538596.43623228,71.07719287246456,-0.1454537476219917,0,0,False,27,0,99,131,1.579440835802795,143,0.5034965034965035,-0.5930415891405656
A_plus_B_plus_C_0495,market_chain_count_bucket=15_30;limit_times_detail_bucket=3,481,90,25,49,1,0,0,298,92,0.7,0.05330138221440021,0.028249287843128683,0.4980539655009626,-0.11800704531551723,2.424418554967521,500000.0,34995344.442815036,69.99068888563008,-0.15644207027967216,0,1,False,16,0,90,5,3.3484716761288698,63,0.5238095238095238,-0.4197546375634309
A_plus_B_plus_C_0380,market_chain_count_bucket=3_8;fd_ratio_bucket=0_1pct_0_3pct,481,98,22,50,0,0,0,281,102,0.7040816326530612,0.04870483323722147,0.02915635420937055,0.4980539655009626,-0.11800704531551723,2.3755214152465696,500000.0,34843001.74025363,69.68600348050725,-0.13636773737941088,0,0,False,26,0,98,72,1.8243439235554602,53,0.5849056603773585,-0.20657631043159352
A_plus_B_plus_C_0972,segment_limit_up_ratio_bucket=2pct_3pct;first_time_detail_bucket=1330_1430,481,111,21,46,0,0,0,249,121,0.6666666666666666,0.043152801605495006,0.02228841203399,0.4980539655009626,-0.11800704531551723,2.299627854059211,500000.0,34625261.51971561,69.25052303943122,-0.15214740524768777,0,2,False,44,0,111,129,1.5800627649885,86,0.5,-0.5994879986667211
A_plus_B_plus_C_2331,market_chain_count_bucket=gte_30;segment_limit_up_count_bucket=20_40;segment_emotion_state_bucket=warming;turnover_rate_bucket=3_6,481,78,25,52,0,0,0,326,77,0.7435897435897436,0.061119236002676144,0.033956075351714646,0.4980539655009626,-0.11800704531551723,2.469455904597123,500000.0,34512524.196928196,69.0250483938564,-0.13636773737941088,0,0,False,1,0,78,158,1.49119753808943,2,1.0,0.0
A_plus_B_plus_C_1299,segment_emotion_state_bucket=climax;amount_ratio_bucket=3_5,481,80,25,52,0,0,0,322,79,0.7375,0.05954040689643075,0.03218377550185595,0.4980539655009626,-0.11800704531551723,2.4168488500756027,500000.0,34187181.1125392,68.3743622250784,-0.136367737379411,0,0,False,3,0,80,178,1.4328524279027466,17,0.5882352941176471,-0.17361986754631054
A_plus_B_plus_C_2599,market_chain_count_bucket=15_30;segment_limit_up_count_bucket=20_40;fd_ratio_bucket=0_5pct_1pct;prev_pct_chg_bucket=0_3;first_time_detail_bucket=1000_1100,481,102,25,47,2,0,0,271,106,0.6764705882352942,0.046882056584226325,0.020490176364643904,0.4980539655009626,-0.11800704531551723,2.4766471427113457,500000.0,34085383.15540482,68.17076631080964,-0.16128784658846407,0,0,False,30,0,102,101,1.6833593243605387,32,0.59375,-0.14052337613931232
A_plus_B_plus_C_0444,market_chain_count_bucket=3_8;turnover_rate_bucket=15_25,481,80,23,51,0,0,0,319,82,0.7375,0.05933575330162233,0.033956075351714646,0.4980539655009626,-0.11800704531551723,2.4292347527698004,500000.0,34035823.62372188,68.07164724744376,-0.13636773737941088,0,0,False,6,0,80,12,2.809664773807569,55,0.6181818181818182,-0.33104497771958563
A_plus_B_plus_C_1051,segment_limit_up_ratio_bucket=2pct_3pct;limit_times_detail_bucket=3,481,88,25,51,2,0,0,303,88,0.7045454545454546,0.05415678294608559,0.02915635420937055,0.4980539655009626,-0.11800704531551723,2.42571352079592,500000.0,33985577.285374865,67.97115457074973,-0.13636773737941088,0,1,False,12,0,88,177,1.4349371717726815,63,0.49206349206349204,-0.4491920511389914
A_plus_B_plus_C_2409,market_chain_count_bucket=gte_30;segment_limit_up_count_bucket=20_40;fd_ratio_bucket=0_5pct_1pct;first_time_detail_bucket=1000_1100,481,81,25,52,1,0,0,319,80,0.7407407407407407,0.05850884888490334,0.0326313425704338,0.4980539655009626,-0.11800704531551723,2.442510282569605,500000.0,33822755.91611862,67.64551183223725,-0.13636773737941088,0,0,False,4,0,81,159,1.4901766142747495,9,0.5555555555555556,-0.05170254872397617
A_plus_B_plus_C_0824,segment_limit_up_count_bucket=10_20;turnover_rate_bucket=15_25,481,90,21,50,1,0,0,294,96,0.6888888888888889,0.053060551624512856,0.027378850010284818,0.4980539655009626,-0.11800704531551723,2.4236795972267933,500000.0,33676811.83566794,67.35362367133588,-0.16437916634117078,0,1,False,19,0,90,69,1.848315678594061,88,0.4772727272727273,-0.5626627474965167
A_plus_B_plus_C_0016,segment_limit_up_count_bucket=40_80,481,90,24,52,0,0,0,301,90,0.6777777777777778,0.05271396338088049,0.02915635420937055,0.4980539655009626,-0.11800704531551723,2.6993763304402285,500000.0,33333705.303421307,66.66741060684261,-0.13636773737941088,0,0,False,14,0,90,136,1.5670192644274454,53,0.49056603773584906,-0.27326719936114774
A_plus_B_plus_C_0803,segment_limit_up_count_bucket=40_80;first_time_detail_bucket=1100_1330,481,90,24,52,0,0,0,301,90,0.6777777777777778,0.05271396338088049,0.02915635420937055,0.4980539655009626,-0.11800704531551723,2.6993763304402285,500000.0,33333705.303421307,66.66741060684261,-0.13636773737941088,0,0,False,14,0,90,105,1.6629967433625648,52,0.4807692307692308,-0.22418904736848067
A_plus_B_plus_C_1459,market_emotion_state_bucket=main_rise;limit_times_detail_bucket=3,481,85,24,52,2,0,0,309,85,0.7176470588235294,0.05591552113626674,0.0326313425704338,0.4980539655009626,-0.1377967406386715,2.2316694845203844,500000.0,33311603.40684825,66.6232068136965,-0.13779674063867153,0,0,False,9,0,85,10,2.8767337931695804,42,0.5952380952380952,-0.36604296473568976
A_plus_B_plus_C_2051,market_segment=chi_next;segment_emotion_state_bucket=mixed;first_time_detail_bucket=1000_1100,481,92,25,50,0,0,0,296,93,0.717391304347826,0.05082498175555607,0.02915635420937055,0.4744497307792882,-0.11800704531551723,2.2172626913649136,500000.0,33102223.625398476,66.20444725079695,-0.13636773737941077,0,0,False,17,0,92,143,1.543498437784304,82,0.4878048780487805,-0.4153278226038175
A_plus_B_plus_C_2243,market_emotion_state_bucket=warming;segment_emotion_state_bucket=mixed;amount_ratio_bucket=2_3,481,80,25,52,0,0,0,322,79,0.725,0.05909200753426876,0.03218377550185595,0.4980539655009626,-0.11800704531551723,2.4558038274621006,500000.0,32810760.349043325,65.62152069808666,-0.13636773737941088,0,0,False,3,0,80,107,1.6569194578610438,26,0.5769230769230769,-0.15858842425208008
A_plus_B_plus_C_0769,segment_limit_up_count_bucket=40_80;segment_emotion_state_bucket=main_rise,481,87,24,51,1,0,0,305,88,0.7011494252873564,0.054162396011485064,0.0291749495998269,0.4980539655009626,-0.11800704531551723,2.47474940645404,500000.0,32367706.616511855,64.7354132330237,-0.1436342572080227,0,0,False,12,0,87,28,2.2210373241628876,34,0.6176470588235294,-0.14980916964566626
A_plus_B_plus_C_0351,market_chain_count_bucket=15_30;segment_limit_up_ratio_bucket=3pct_5pct,481,81,24,52,0,0,0,319,81,0.7283950617283951,0.05781051025817694,0.0326313425704338,0.4980539655009626,-0.11800704531551723,2.485751288691575,500000.0,31931388.194995612,63.862776389991225,-0.13636773737941088,0,0,False,5,0,81,152,1.5113454391575507,15,0.5333333333333333,-0.17696429503409616
A_plus_B_plus_C_1107,fd_ratio_bucket=0_5pct_1pct;market_emotion_state_bucket=warming,481,99,23,51,1,0,0,280,101,0.6767676767676768,0.04779551686989174,0.02464048591717308,0.4980539655009626,-0.11800704531551723,2.2343139394694163,500000.0,31926642.34801503,63.85328469603006,-0.2554884696218862,0,0,False,25,0,99,171,1.4534386939511708,38,0.5,-0.300812194047416
A_plus_B_plus_C_1381,market_emotion_state_bucket=warming;first_time_detail_bucket=before_1000,481,80,25,52,2,0,0,320,79,0.7375,0.05854334557873575,0.033956075351714646,0.4980539655009626,-0.11800704531551723,2.3103314290377246,500000.0,31861085.177597426,63.722170355194855,-0.13636773737941088,0,0,False,3,0,80,48,1.9972373848556415,38,0.5,-0.2675938741453766
A_plus_B_plus_C_2567,segment_chain_count_bucket=3_5;segment_limit_up_count_bucket=20_40;open_times_bucket=0;turnover_rate_bucket=6_10,481,91,24,48,0,0,0,295,95,0.7032967032967034,0.05149957261807008,0.026949625580932914,0.4980539655009626,-0.11800704531551723,2.3908705658225338,500000.0,31774850.469515316,63.54970093903063,-0.14037095247971132,0,0,False,19,0,91,47,2.0080069293013763,51,0.5490196078431373,-0.10689721667218377
A_plus_B_plus_C_0625,segment_chain_count_bucket=1_3;first_time_detail_bucket=before_1000,481,96,25,50,0,0,0,288,97,0.6875,0.04891057151964046,0.02804369219992356,0.4980539655009626,-0.14349097575595127,2.4849871314526277,500000.0,31758123.107047457,63.51624621409491,-0.14349097575595116,0,0,False,21,0,96,126,1.5941478573161618,102,0.49019607843137253,-0.31887662855003174
A_plus_B_plus_C_2502,market_segment=chi_next;segment_emotion_state_bucket=mixed;turnover_rate_bucket=10_15;first_time_detail_bucket=1000_1100,481,84,25,52,0,0,0,314,83,0.7142857142857143,0.05595651265182089,0.0304555790165525,0.4980539655009626,-0.11800704531551723,2.3386969083489646,500000.0,31616394.901836324,63.23278980367265,-0.13636773737941088,0,0,False,7,0,84,81,1.774785612336939,37,0.4864864864864865,-0.4263697837717991
A_plus_B_plus_C_0584,segment_chain_count_bucket=gte_10;segment_emotion_state_bucket=climax,481,79,25,52,0,0,0,324,78,0.7341772151898734,0.05912546717140074,0.0326313425704338,0.4980539655009626,-0.11800704531551723,2.4580469926442547,500000.0,31580364.548891913,63.16072909778383,-0.13636773737941077,0,0,False,2,0,79,161,1.4831440350617042,18,0.6666666666666666,-0.12823920765991226
A_plus_B_plus_C_1011,segment_limit_up_ratio_bucket=0_5pct_1pct;amount_ratio_bucket=3_5,481,95,24,49,1,0,0,286,99,0.6842105263157895,0.04932508802527119,0.02464048591717308,0.4980539655009626,-0.11800704531551723,2.4711731375391754,500000.0,31531433.74157383,63.062867483147656,-0.13636773737941088,0,1,False,22,0,95,70,1.8473374056290444,99,0.45454545454545453,-0.4982542597587586
A_plus_B_plus_C_0221,market_segment=chi_next;turnover_rate_bucket=6_10,481,91,20,50,1,0,0,292,97,0.6813186813186813,0.05182208901489551,0.0317362084332781,0.4980539655009626,-0.14148486773603755,2.2476592533226003,500000.0,31368596.426392958,62.73719285278592,-0.2030955287091748,0,0,False,21,0,91,43,2.0265408932162474,115,0.4956521739130435,-0.5576804719591044
A_plus_B_plus_C_2462,market_segment=sh_main;segment_emotion_state_bucket=main_rise;turnover_rate_bucket=3_6;first_time_detail_bucket=before_1000,481,110,23,50,3,0,0,254,114,0.6727272727272727,0.04294285694995648,0.021397657350572405,0.4980539655009626,-0.15047872341080068,2.028113107204589,500000.0,31313872.216681898,62.627744433363794,-0.15192826494761125,0,2,False,37,0,110,150,1.518536806016879,73,0.5342465753424658,-0.32733189013511443
A_plus_B_plus_C_0426,market_chain_count_bucket=3_8;first_time_detail_bucket=1000_1100,481,92,24,51,0,0,0,295,94,0.7282608695652174,0.050871351742684354,0.03218377550185595,0.4980539655009626,-0.15893009201354988,1.9807529000146256,500000.0,31204366.796738263,62.408733593476526,-0.1589300920135499,0,1,False,17,0,92,102,1.6661054777180482,55,0.509090909090909,-0.4693021274110426
A_plus_B_plus_C_1578,first_time_detail_bucket=1000_1100;limit_height_rank_bucket=rank_1,481,83,24,51,1,0,0,312,85,0.7228915662650602,0.05635155887427599,0.03356569003410389,0.4980539655009626,-0.16429423524493125,2.185764113585875,500000.0,31039995.234691076,62.07999046938215,-0.16429423524493125,0,1,False,8,0,83,45,2.0242058288703597,33,0.6060606060606061,-0.26893469913662194
A_plus_B_plus_C_1963,segment_chain_count_bucket=gte_10;segment_emotion_state_bucket=climax;fd_ratio_bucket=0_5pct_1pct,481,85,24,52,2,0,0,309,85,0.7058823529411765,0.05490855263582108,0.0317362084332781,0.4980539655009626,-0.11800704531551723,2.428046688295765,500000.0,31038034.955861248,62.0760699117225,-0.13636773737941077,0,0,False,9,0,85,103,1.6641860037270586,18,0.5555555555555556,-0.2016028730850542
A_plus_B_plus_C_0954,segment_limit_up_ratio_bucket=2pct_3pct;market_emotion_state_bucket=main_rise,481,85,23,50,1,0,0,307,88,0.7411764705882353,0.05464341447152192,0.0326313425704338,0.4980539655009626,-0.11800704531551723,2.1447354844387063,500000.0,31010431.284743674,62.02086256948735,-0.14026582438977242,0,0,False,12,0,85,23,2.362468385626031,41,0.6829268292682927,-0.2817203928067944
A_plus_B_plus_C_1806,prev_pct_chg_bucket=neg3_0;segment_limit_height_rank_bucket=rank_1,481,99,23,51,0,0,0,281,101,0.6868686868686869,0.04797599857791669,0.02464048591717308,0.5188303352032584,-0.11800704531551723,2.10916497081183,500000.0,30828409.580828324,61.65681916165665,-0.1454537476219917,0,1,False,25,0,99,31,2.1844375039182964,101,0.45544554455445546,-0.44018979788364687
A_plus_B_plus_C_2053,market_segment=chi_next;segment_emotion_state_bucket=mixed;first_time_detail_bucket=1330_1430,481,93,25,52,0,0,0,296,92,0.7096774193548387,0.05032605976197329,0.025152492959031714,0.4980539655009626,-0.11800704531551723,2.095222739474498,500000.0,30694784.373717677,61.389568747435355,-0.13636773737941077,0,0,False,16,0,93,130,1.579700379303861,61,0.5245901639344263,-0.41073386336335715
A_plus_B_plus_C_0958,segment_limit_up_ratio_bucket=3pct_5pct;market_emotion_state_bucket=main_rise,481,82,24,52,0,0,0,317,82,0.7195121951219512,0.056587735885937386,0.03218377550185595,0.4980539655009626,-0.11800704531551723,2.4717515208500327,500000.0,30575677.621100668,61.15135524220133,-0.13636773737941077,0,0,False,6,0,82,122,1.5984449769612945,25,0.6,-0.14074559530422304
A_plus_B_plus_C_1723,amount_ratio_bucket=2_3;limit_times_detail_bucket=3,481,80,25,51,1,0,0,320,80,0.725,0.05795086191809125,0.03218377550185595,0.4980539655009626,-0.11800704531551723,2.492376874202949,500000.0,30488930.109624606,60.97786021924921,-0.13636773737941088,0,0,False,4,0,80,16,2.639288470773242,50,0.52,-0.4524571124955239
A_plus_B_plus_C_2291,market_chain_count_bucket=15_30;segment_limit_up_count_bucket=10_20;segment_emotion_state_bucket=mixed;turnover_rate_bucket=6_10,481,81,25,52,0,0,0,319,81,0.7407407407407407,0.05719533683865256,0.0326313425704338,0.4980539655009626,-0.11800704531551723,2.2604142009518458,500000.0,30427426.1006052,60.8548522012104,-0.13636773737941088,0,1,False,4,0,81,56,1.9228999291382542,18,0.7777777777777778,-0.08790760092807415
A_plus_B_plus_C_1432,market_emotion_state_bucket=warming;prev_pct_chg_bucket=3_7,481,86,25,51,0,0,0,309,86,0.7093023255813954,0.05387715399398615,0.0304555790165525,0.4980539655009626,-0.11800704531551723,2.449164218387692,500000.0,30320606.7623648,60.6412135247296,-0.13636773737941077,0,0,False,10,0,86,140,1.5556992211619471,35,0.5142857142857142,-0.2970179231970669
A_plus_B_plus_C_1397,market_emotion_state_bucket=warming;turnover_rate_bucket=6_10,481,92,24,52,1,0,0,295,93,0.6847826086956522,0.05036661734225338,0.02804369219992356,0.4980539655009626,-0.11800704531551723,2.5918390048580804,500000.0,30281907.344588276,60.56381468917655,-0.13636773737941077,0,1,False,16,0,92,169,1.4586463727236942,38,0.5,-0.2714079590749079
A_plus_B_plus_C_1738,amount_ratio_bucket=2_3;limit_height_rank_bucket=rank_1,481,78,25,52,1,0,0,325,77,0.7435897435897436,0.059240422669774466,0.03309851630226884,0.4980539655009626,-0.11800704531551723,2.404144551361666,500000.0,30226729.946139716,60.45345989227943,-0.13636773737941088,0,0,False,1,0,78,4,3.4456744631856964,42,0.5952380952380952,-0.2835410728834503
A_plus_B_plus_C_1500,first_time_detail_bucket=1000_1100;turnover_rate_bucket=15_25,481,104,22,50,0,0,0,268,109,0.6634615384615384,0.044898842176648336,0.025795055749052997,0.4980539655009626,-0.15893009201354988,2.2065534343582254,500000.0,30067178.299490396,60.134356598980794,-0.1589300920135498,0,1,False,32,0,104,83,1.758786054393046,148,0.4527027027027027,-0.4976040290561847
A_plus_B_plus_C_2231,market_emotion_state_bucket=main_rise;segment_emotion_state_bucket=warming;amount_ratio_bucket=2_3,481,78,25,52,0,0,0,326,77,0.7435897435897436,0.059041727844327097,0.03218377550185595,0.4980539655009626,-0.11800704531551723,2.3972375171696054,500000.0,29773483.67326565,59.546967346531304,-0.13636773737941088,0,0,False,1,0,78,121,1.6039473914854583,10,0.8,-0.03573732841328414
A_plus_B_plus_C_1092,fd_ratio_bucket=0_5pct_1pct;segment_emotion_state_bucket=climax,481,89,25,52,1,0,0,303,88,0.6966292134831461,0.05186430873018971,0.0291749495998269,0.4980539655009626,-0.11800704531551723,2.3088592248145674,500000.0,29382220.12891354,58.76444025782708,-0.18639313382602873,0,0,False,12,0,89,99,1.7008904756237604,20,0.6,-0.17883287995010422
A_plus_B_plus_C_0345,market_chain_count_bucket=3_8;segment_limit_up_count_bucket=20_40,481,81,23,51,0,0,0,317,83,0.7160493827160493,0.05668120764927687,0.0317362084332781,0.4980539655009626,-0.11800704531551723,2.592588869546268,500000.0,29369249.678352255,58.73849935670451,-0.13636773737941088,0,0,False,7,0,81,113,1.6324646613052578,30,0.6,-0.15473042711419815
A_plus_B_plus_C_0182,market_segment=sz_main;market_emotion_state_bucket=main_rise,481,88,23,52,0,0,0,304,89,0.6818181818181818,0.05237360871077382,0.02915635420937055,0.4980539655009626,-0.11800704531551723,2.4976817775416995,500000.0,29143151.87423225,58.286303748464505,-0.14437026501923067,0,0,False,13,0,88,153,1.501905369667317,47,0.5319148936170213,-0.24490452764724002
A_plus_B_plus_C_0352,market_chain_count_bucket=15_30;segment_limit_up_ratio_bucket=0_5pct_1pct,481,79,24,52,0,0,0,323,79,0.7468354430379747,0.05808453000813515,0.0352808081329955,0.4980539655009626,-0.11800704531551723,2.134165916764077,500000.0,29021657.717738047,58.043315435476096,-0.13636773737941088,0,0,False,3,0,79,60,1.9068617305584379,40,0.6,-0.4560104988514255
A_plus_B_plus_C_2318,market_chain_count_bucket=8_15;segment_limit_up_count_bucket=10_20;segment_emotion_state_bucket=mixed;turnover_rate_bucket=6_10,481,84,25,51,2,0,0,311,84,0.7261904761904762,0.054730609384843545,0.0304555790165525,0.4980539655009626,-0.11800704531551723,2.16843673801322,500000.0,29001754.95169148,58.003509903382955,-0.136367737379411,0,0,False,8,0,84,97,1.7105702230311217,27,0.5185185185185185,-0.2093078685807166
A_plus_B_plus_C_0978,segment_limit_up_ratio_bucket=0_5pct_1pct;first_time_detail_bucket=1000_1100,481,104,25,51,1,0,0,271,105,0.6826923076923077,0.0436733873939775,0.023174561533517546,0.4744497307792882,-0.11800704531551723,2.226781124645895,500000.0,28829376.872145277,57.65875374429055,-0.13636773737941088,0,1,False,28,0,104,65,1.889101532207865,102,0.49019607843137253,-0.4482294809863204
A_plus_B_plus_C_2105,segment_limit_up_count_bucket=40_80;open_times_bucket=2_3;turnover_rate_bucket=15_25,481,97,23,52,0,0,0,284,100,0.711340206185567,0.04778428498300926,0.0291749495998269,0.4980539655009626,-0.1377967406386715,1.779658948596505,500000.0,28806555.780511335,57.61311156102267,-0.20289506556127734,0,1,False,22,0,97,91,1.7345232482023718,43,0.6744186046511628,-0.1514035534481778
A_plus_B_plus_C_2244,market_emotion_state_bucket=warming;segment_emotion_state_bucket=mixed;amount_ratio_bucket=3_5,481,80,25,52,1,0,0,321,79,0.725,0.057013986381663974,0.0304555790165525,0.4980539655009626,-0.11800704531551723,2.514916465887707,500000.0,28477248.255227067,56.954496510454135,-0.13636773737941088,0,0,False,3,0,80,114,1.629653175035244,22,0.45454545454545453,-0.14621471622822313
A_plus_B_plus_C_0989,segment_limit_up_ratio_bucket=3pct_5pct;turnover_rate_bucket=6_10,481,84,23,51,0,0,0,311,86,0.7142857142857143,0.05413065814282102,0.0304555790165525,0.4980539655009626,-0.11800704531551723,2.534419982864302,500000.0,28413466.897404086,56.82693379480817,-0.13636773737941088,0,0,False,10,0,84,176,1.440873420831003,31,0.5483870967741935,-0.21099551986681275
A_plus_B_plus_C_2347,market_chain_count_bucket=gte_30;segment_limit_up_count_bucket=10_20;segment_emotion_state_bucket=mixed;turnover_rate_bucket=10_15,481,78,25,52,0,0,0,326,77,0.7307692307692307,0.058349474493282524,0.03218377550185595,0.4980539655009626,-0.11800704531551723,2.439383434214636,500000.0,28194372.33738121,56.38874467476242,-0.13636773737941088,0,0,False,1,0,78,78,1.7982150514247996,8,0.75,-0.046616930232557974
A_plus_B_plus_C_2189,market_chain_count_bucket=gte_30;fd_ratio_bucket=0_1pct_0_3pct;prev_pct_chg_bucket=3_7,481,84,25,52,1,0,0,313,83,0.7142857142857143,0.054125278605023884,0.02915635420937055,0.4980539655009626,-0.11800704531551723,2.441528929454605,500000.0,27983329.53092275,55.9666590618455,-0.13636773737941088,0,0,False,7,0,84,145,1.5399539103813733,17,0.5882352941176471,-0.1744518408769029
A_plus_B_plus_C_1436,market_emotion_state_bucket=retreat;prev_pct_chg_bucket=3_7,481,83,24,50,0,0,0,313,85,0.7108433734939759,0.055042107043229274,0.0317362084332781,0.4980539655009626,-0.11800704531551723,2.1615561703059254,500000.0,27978072.776006483,55.95614555201296,-0.19081108086625576,0,0,False,9,0,83,116,1.6225501339155592,33,0.5151515151515151,-0.21379891796361306
A_plus_B_plus_C_0145,market_segment=bj;segment_limit_up_ratio_bucket=1pct_2pct,481,79,25,51,1,0,0,322,79,0.7215189873417721,0.057476961456824974,0.0317362084332781,0.4980539655009626,-0.11800704531551723,2.4727550581439637,500000.0,27855934.06300781,55.71186812601562,-0.136367737379411,0,0,False,3,0,79,6,3.2809200340894664,25,0.56,-0.23473858258931468
A_plus_B_plus_C_1347,segment_emotion_state_bucket=climax;limit_times_detail_bucket=3,481,82,25,52,0,0,0,318,81,0.7195121951219512,0.055639107575783726,0.0304555790165525,0.4980539655009626,-0.12340785041373709,2.186308949870504,500000.0,27820301.123983998,55.640602247968,-0.13636773737941077,0,0,False,5,0,82,62,1.8967630859546538,17,0.6470588235294118,-0.21608932979395734
A_plus_B_plus_C_0562,segment_chain_count_bucket=1_3;segment_limit_up_ratio_bucket=2pct_3pct,481,78,25,52,0,0,0,326,77,0.7307692307692307,0.05806659179229713,0.03218377550185595,0.4980539655009626,-0.11800704531551723,2.3746691252896466,500000.0,27549083.615878284,55.09816723175657,-0.13636773737941088,0,0,False,1,0,78,76,1.8104055669707593,11,0.7272727272727273,-0.20071660214614317
A_plus_B_plus_C_0138,market_segment=sh_main;segment_limit_up_ratio_bucket=2pct_3pct,481,92,23,49,1,0,0,292,96,0.7282608695652174,0.049107752700037276,0.024619018807461458,0.4980539655009626,-0.11800704531551723,2.1246536580013897,500000.0,27530651.820265386,55.061303640530774,-0.1436342572080227,0,0,False,20,0,92,61,1.904607584226896,58,0.5862068965517241,-0.2302726818122638
A_plus_B_plus_C_0178,market_segment=bj;segment_emotion_state_bucket=mixed,481,79,25,52,0,0,0,324,78,0.7215189873417721,0.05722903604253005,0.0317362084332781,0.4980539655009626,-0.11800704531551723,2.4637537418191893,500000.0,27343661.57746471,54.68732315492942,-0.13636773737941088,0,0,False,2,0,79,179,1.4317533152737467,22,0.5454545454545454,-0.24597172125484168
A_plus_B_plus_C_1238,segment_emotion_state_bucket=main_rise;market_emotion_state_bucket=main_rise,481,86,22,51,1,0,0,304,90,0.7093023255813954,0.05305841642219366,0.033956075351714646,0.4980539655009626,-0.17854275324675314,1.9690553348603068,500000.0,27195181.631244633,54.39036326248927,-0.22003832384477684,0,1,False,13,0,86,73,1.8206437532980286,43,0.5581395348837209,-0.2795727086030555
A_plus_B_plus_C_0122,market_segment=sh_main;segment_limit_up_count_bucket=40_80,481,86,24,50,1,0,0,306,88,0.7093023255813954,0.05237064302099957,0.02915635420937055,0.4980539655009626,-0.11800704531551723,2.4177548398714115,500000.0,27126413.250649177,54.25282650129835,-0.1436342572080227,0,0,False,12,0,86,39,2.053029438284017,37,0.5945945945945946,-0.19538492451085887
A_plus_B_plus_C_1484,market_emotion_state_bucket=main_rise;segment_limit_height_rank_bucket=rank_2_3,481,86,23,51,0,0,0,305,90,0.686046511627907,0.05257534188060024,0.0304555790165525,0.4980539655009626,-0.11800704531551723,2.4785575093619645,500000.0,26986301.916022398,53.9726038320448,-0.13636773737941088,0,1,False,12,0,86,27,2.2798289487005468,47,0.6382978723404256,-0.2516743168000539
A_plus_B_plus_C_1799,prev_pct_chg_bucket=3_7;limit_height_rank_bucket=rank_2_3,481,96,25,48,0,0,0,286,99,0.65625,0.047058082658562116,0.023464448975581538,0.4980539655009626,-0.11800704531551723,2.4043617751346367,500000.0,26391041.083313845,52.78208216662769,-0.18277010874284982,0,0,False,23,0,96,3,4.512857748929219,69,0.4782608695652174,-0.3509526650484278
A_plus_B_plus_C_0672,segment_chain_count_bucket=3_5;prev_pct_chg_bucket=3_7,481,95,23,47,1,0,0,283,102,0.6736842105263158,0.047644139098413286,0.0317362084332781,0.4980539655009626,-0.1233429185986426,2.0430460834017827,500000.0,26352422.54386561,52.70484508773122,-0.24289066124698366,0,1,False,25,0,95,58,1.9208720392458134,75,0.48,-0.41088880647606707
A_plus_B_plus_C_0225,market_segment=bj;turnover_rate_bucket=6_10,481,78,25,52,0,0,0,326,77,0.7307692307692307,0.057527615582962086,0.03218377550185595,0.4980539655009626,-0.11800704531551723,2.260415064111285,500000.0,26319615.47296682,52.63923094593364,-0.13636773737941088,0,0,False,1,0,78,86,1.7496223808685347,9,0.5555555555555556,-0.24138040076410439
A_plus_B_plus_C_0626,segment_chain_count_bucket=1_3;first_time_detail_bucket=1000_1100,481,106,23,50,0,0,0,265,110,0.6509433962264151,0.04274036099947374,0.020490176364643904,0.4980539655009626,-0.15893009201354988,2.2777319065025825,500000.0,26288779.788699627,52.577559577399256,-0.25765162104065864,0,2,False,33,0,106,79,1.7811984121824436,97,0.5154639175257731,-0.31491721318886556
A_plus_B_plus_C_1343,segment_emotion_state_bucket=warming;limit_times_detail_bucket=3,481,78,24,52,0,0,0,325,78,0.7307692307692307,0.05732163967618983,0.03218377550185595,0.4980539655009626,-0.11800704531551723,2.472206575736513,500000.0,26263537.96053176,52.52707592106352,-0.13636773737941088,0,0,False,2,0,78,88,1.7405343445539587,25,0.52,-0.2612140317527908
A_plus_B_plus_C_0195,market_segment=bj;market_emotion_state_bucket=warming,481,80,25,52,0,0,0,322,79,0.7125,0.0560100079255859,0.0304555790165525,0.4980539655009626,-0.11800704531551723,2.457821248522822,500000.0,26241897.58876536,52.48379517753072,-0.13636773737941088,0,0,False,3,0,80,90,1.7370956508171003,22,0.45454545454545453,-0.27478615316743193
A_plus_B_plus_C_0738,segment_limit_up_count_bucket=40_80;segment_limit_up_ratio_bucket=2pct_3pct,481,88,24,50,1,0,0,302,90,0.7045454545454546,0.05072749505703296,0.02804369219992356,0.4980539655009626,-0.11800704531551723,2.285691651449181,500000.0,25914812.70212282,51.82962540424564,-0.1436342572080228,0,0,False,14,0,88,20,2.4890930863069785,44,0.6363636363636364,-0.20178973047699433
A_plus_B_plus_C_2119,segment_limit_up_count_bucket=10_20;open_times_bucket=2_3;turnover_rate_bucket=3_6,481,98,22,49,1,0,0,278,104,0.7040816326530612,0.04497612907116236,0.023464448975581538,0.4980539655009626,-0.11800704531551723,2.195667178548625,500000.0,25687144.435594194,51.37428887118839,-0.13636773737941088,0,1,False,27,0,98,123,1.5951399051748192,37,0.5945945945945946,-0.20017324985617968
A_plus_B_plus_C_0227,market_segment=bj;turnover_rate_bucket=10_15,481,82,24,52,0,0,0,317,82,0.7073170731707317,0.05479053324657839,0.0304555790165525,0.4980539655009626,-0.18253476123876122,2.099775881835436,500000.0,25503736.278222848,51.0074725564457,-0.20541159919616514,0,0,False,6,0,82,137,1.5657752137482865,28,0.6071428571428571,-0.3859502835765294
A_plus_B_plus_C_1905,market_chain_count_bucket=8_15;segment_limit_up_count_bucket=20_40;fd_ratio_bucket=0_1pct_0_3pct,481,103,22,47,0,0,0,267,111,0.6699029126213593,0.04265345949565417,0.024438265734265805,0.4744497307792882,-0.09607655101397267,2.320422084698715,500000.0,25494574.40823835,50.9891488164767,-0.22417474617828848,0,1,False,34,0,103,108,1.6559411532716577,63,0.5079365079365079,-0.22294044438149585
A_plus_B_plus_C_0867,segment_limit_up_count_bucket=40_80;open_times_bucket=2_3,481,103,22,50,0,0,0,269,109,0.6504854368932039,0.04253623546053397,0.027280122549564967,0.4744497307792882,-0.12773537880301525,2.524625752521177,500000.0,25142298.497775644,50.28459699555129,-0.15462137282104593,0,1,False,31,0,103,151,1.5139096420708096,53,0.5094339622641509,-0.2626394934603543
A_plus_B_plus_C_2575,segment_chain_count_bucket=3_5;segment_limit_up_count_bucket=20_40;open_times_bucket=2_3;turnover_rate_bucket=10_15,481,91,24,48,1,0,0,294,95,0.6923076923076923,0.04885957573957631,0.02464048591717308,0.4980539655009626,-0.13215942229199365,2.2406239391710083,500000.0,24933772.832945522,49.86754566589104,-0.23293098850510363,0,0,False,19,0,91,138,1.5594030404190835,33,0.5151515151515151,-0.1654655075779624
A_plus_B_plus_C_0366,market_chain_count_bucket=15_30;fd_ratio_bucket=0_5pct_1pct,481,114,22,44,3,0,0,241,123,0.6140350877192983,0.03944264226206374,0.017984822344750524,0.4980539655009626,-0.11800704531551723,2.262222386394474,500000.0,24747124.40990912,49.494248819818246,-0.17913358539898883,0,0,False,48,0,114,175,1.4422193378746768,68,0.4117647058823529,-0.34793266395355305
A_plus_B_plus_C_0414,market_chain_count_bucket=15_30;first_time_detail_bucket=1000_1100,481,89,25,47,0,0,0,299,93,0.6853932584269663,0.04991627813830772,0.02679383844840416,0.4980539655009626,-0.11800704531551723,2.1725239736772033,500000.0,24663413.660787564,49.32682732157513,-0.15357470302960574,0,0,False,17,0,89,2,5.036410576562869,69,0.5652173913043478,-0.3165590564554457
A_plus_B_plus_C_1977,segment_chain_count_bucket=5_10;segment_emotion_state_bucket=warming;fd_ratio_bucket=0_1pct_0_3pct,481,87,25,51,0,0,0,307,87,0.7241379310344828,0.049829633293608525,0.02944086313686324,0.4744497307792882,-0.11800704531551723,2.302020526148973,500000.0,24641831.020355582,49.283662040711164,-0.13636773737941088,0,0,False,11,0,87,53,1.9509094507333098,20,0.75,-0.13712044359672615
A_plus_B_plus_C_1400,market_emotion_state_bucket=warming;turnover_rate_bucket=15_25,481,83,25,51,0,0,0,314,84,0.7228915662650602,0.05240341286877922,0.0291749495998269,0.4744497307792882,-0.11800704531551723,2.307230919423932,500000.0,24598780.078642584,49.19756015728517,-0.13636773737941088,0,1,False,7,0,83,111,1.6418011918014952,38,0.5263157894736842,-0.22189053829273198
A_plus_B_plus_C_0301,market_segment=chi_next;limit_height_rank_bucket=rank_1,481,79,25,51,1,0,0,322,79,0.7215189873417721,0.05606467155093777,0.0326313425704338,0.4980539655009626,-0.13526646817412355,2.0482542604975205,500000.0,24395874.882238,48.791749764476,-0.1579057376284696,0,0,False,3,0,79,112,1.6346852335496622,12,0.5833333333333334,-0.16500479175120197
A_plus_B_plus_C_0637,segment_chain_count_bucket=3_5;turnover_rate_bucket=6_10,481,100,22,46,2,0,0,271,108,0.67,0.044033916998560595,0.024619018807461458,0.4980539655009626,-0.11800704531551723,2.192776195076168,500000.0,24244606.03533765,48.4892120706753,-0.17726825890097175,0,0,False,32,0,100,77,1.7987184126546905,94,0.5425531914893617,-0.3833339710232142
A_plus_B_plus_C_0393,market_chain_count_bucket=3_8;segment_emotion_state_bucket=main_rise,481,80,25,51,0,0,0,321,80,0.725,0.05461033153460758,0.02915635420937055,0.4980539655009626,-0.11800704531551723,2.407869340858649,500000.0,23862494.905500643,47.72498981100129,-0.13636773737941088,0,0,False,4,0,80,164,1.4678803048531919,19,0.6842105263157895,-0.12331025264284678
A_plus_B_plus_C_0659,segment_chain_count_bucket=1_3;amount_ratio_bucket=3_5,481,99,24,49,1,0,0,279,102,0.6666666666666666,0.04453688936792846,0.02464048591717308,0.4980539655009626,-0.11800704531551723,2.164431901265724,500000.0,23790503.62548431,47.58100725096862,-0.19812844224415738,0,0,False,26,0,99,17,2.591385277889272,94,0.43617021276595747,-0.43328813510068964
A_plus_B_plus_C_1530,first_time_detail_bucket=1000_1100;prev_pct_chg_bucket=neg3_0,481,131,22,46,4,0,0,206,140,0.6106870229007634,0.03366168277010483,0.020473450062133,0.4980539655009626,-0.14922524117682953,2.2664046537094187,500000.0,23756030.735129744,47.51206147025949,-0.15992495687253971,0,1,False,63,0,131,38,2.0702592602123904,166,0.45180722891566266,-0.4792705095800004
A_plus_B_plus_C_0983,segment_limit_up_ratio_bucket=1pct_2pct;turnover_rate_bucket=10_15,481,121,23,46,3,0,0,227,130,0.6446280991735537,0.03668477367023358,0.02050690266715481,0.4980539655009626,-0.1376645914085913,1.9112216875927437,500000.0,23533436.113019448,47.066872226038896,-0.19733029593646312,0,2,False,52,0,121,110,1.642062940007442,142,0.45774647887323944,-0.5312410514026843
A_plus_B_plus_C_2103,segment_limit_up_count_bucket=40_80;open_times_bucket=2_3;turnover_rate_bucket=3_6,481,97,22,50,0,0,0,283,101,0.6391752577319587,0.04471537376832491,0.020473450062133,0.4980539655009626,-0.11800704531551723,2.7350143869136105,500000.0,22909728.80106732,45.81945760213464,-0.13636773737941088,0,0,False,25,0,97,174,1.4437372223789553,39,0.4358974358974359,-0.25018693336604547
A_plus_B_plus_C_0532,market_chain_count_bucket=3_8;segment_limit_height_rank_bucket=rank_1,481,87,24,51,0,0,0,306,88,0.7011494252873564,0.04969474823620153,0.0291749495998269,0.4980539655009626,-0.16842966633366624,2.0829001821583684,500000.0,22225548.88905325,44.4510977781065,-0.20881932679202253,0,0,False,12,0,87,117,1.618081063855701,54,0.46296296296296297,-0.2891116901130375
A_plus_B_plus_C_0497,market_chain_count_bucket=8_15;limit_times_detail_bucket=1,481,85,23,49,0,0,0,306,90,0.7176470588235294,0.04982117177363365,0.0291377588189142,0.4744497307792882,-0.11800704531551723,2.213290233138349,500000.0,22190417.01318631,44.38083402637262,-0.13636773737941077,0,1,False,13,0,85,135,1.5728999899148466,83,0.43373493975903615,-0.4289326478727047
A_plus_B_plus_C_1489,market_emotion_state_bucket=warming;segment_limit_height_rank_bucket=rank_1,481,79,25,51,0,0,0,323,79,0.7468354430379747,0.053438221868771285,0.0317362084332781,0.4744497307792882,-0.11800704531551723,2.188530673588969,500000.0,22187560.94166093,44.37512188332186,-0.13636773737941088,0,0,False,3,0,79,52,1.951577691816986,38,0.5789473684210527,-0.47254679212423345
A_plus_B_plus_C_0459,market_chain_count_bucket=3_8;amount_ratio_bucket=3_5,481,87,23,51,0,0,0,304,90,0.7126436781609196,0.04842850563684465,0.0291749495998269,0.4980539655009626,-0.11800704531551723,2.145648004895669,500000.0,21511363.384104423,43.02272676820885,-0.13636773737941088,0,1,False,13,0,87,74,1.8178930235569246,55,0.45454545454545453,-0.3159413885886613
A_plus_B_plus_C_0022,segment_limit_up_ratio_bucket=2pct_3pct,481,95,23,48,1,0,0,285,100,0.6736842105263158,0.04496727051706625,0.02050690266715481,0.4980539655009626,-0.11800704531551723,2.186412030831158,500000.0,21270715.701161798,42.541431402323596,-0.14026582438977253,0,0,False,24,0,95,96,1.7154975787060078,89,0.4943820224719101,-0.580731478542589
A_plus_B_plus_C_0679,segment_chain_count_bucket=gte_10;open_times_bucket=2_3,481,105,23,51,3,0,0,263,110,0.6190476190476191,0.041201172588011765,0.02050690266715481,0.4980539655009626,-0.12773537880301525,2.230800759197843,500000.0,21266003.70767217,42.532007415344346,-0.3279493386104473,0,2,False,31,0,105,144,1.541378899310336,59,0.5254237288135594,-0.44233999870085805
A_plus_B_plus_C_1790,prev_pct_chg_bucket=0_3;limit_height_rank_bucket=rank_2_3,481,97,23,50,1,0,0,283,100,0.6907216494845361,0.04432654512950265,0.02228841203399,0.4980539655009626,-0.23424634469517502,1.7707902421138615,500000.0,20595192.63811743,41.190385276234856,-0.27046640963523205,0,0,False,24,0,97,95,1.7209279086141338,70,0.6,-0.2896284248698141
A_plus_B_plus_C_1655,turnover_rate_bucket=10_15;limit_times_detail_bucket=3,481,92,25,50,1,0,0,294,94,0.6847826086956522,0.04643867484102492,0.02715522122413804,0.4980539655009626,-0.15518211388611378,1.901824601306169,500000.0,20550962.13038609,41.101924260772186,-0.19999857204007854,0,1,False,17,0,92,104,1.663288399751697,71,0.5070422535211268,-0.5738901335736075
A_plus_B_plus_C_0425,market_chain_count_bucket=3_8;first_time_detail_bucket=before_1000,481,80,24,51,0,0,0,318,83,0.725,0.05199035034375428,0.03218377550185595,0.4980539655009626,-0.11800704531551723,2.1706379013245045,500000.0,20543926.33647274,41.08785267294548,-0.13636773737941088,0,1,False,5,0,80,154,1.4990408630021352,55,0.5636363636363636,-0.32657051648022384
A_plus_B_plus_C_1601,turnover_rate_bucket=3_6;amount_ratio_bucket=1_2_2,481,166,18,44,8,0,0,127,180,0.5542168674698795,0.025988077606548032,0.007133496942290183,0.4980539655009626,-0.11800704531551723,2.158868045982179,500000.0,20414875.556238,40.829751112475996,-0.2551483606264098,0,2,False,104,0,166,84,1.756452841556305,167,0.46107784431137727,-0.4694876994161087
A_plus_B_plus_C_2436,market_segment=sz_main;segment_emotion_state_bucket=main_rise;turnover_rate_bucket=3_6;first_time_detail_bucket=1000_1100,481,108,23,49,2,0,0,259,112,0.6111111111111112,0.03922262719808295,0.011146429905712381,0.4980539655009626,-0.11800704531551723,2.5530060847957787,500000.0,19994164.469523594,39.988328939047186,-0.15417564906708126,0,0,False,36,0,108,168,1.4592566860216716,64,0.46875,-0.26646219801573123
A_plus_B_plus_C_1669,turnover_rate_bucket=10_15;limit_height_rank_bucket=rank_1,481,85,24,52,0,0,0,310,86,0.6941176470588235,0.04961683861265972,0.0291749495998269,0.4980539655009626,-0.18253476123876122,1.8597884514065968,500000.0,19334558.65189918,38.669117303798366,-0.20541159919616514,0,1,False,9,0,85,42,2.026569403622398,49,0.5510204081632653,-0.26665550039043573
A_plus_B_plus_C_0382,market_chain_count_bucket=15_30;segment_emotion_state_bucket=mixed,481,81,25,49,0,0,0,317,83,0.7160493827160493,0.05168999928163559,0.0291749495998269,0.4980539655009626,-0.15652531681971424,1.8617247291006267,500000.0,19207213.407938004,38.414426815876006,-0.15652531681971427,0,0,False,7,0,81,22,2.407717456269065,46,0.5869565217391305,-0.2641664332822251
A_plus_B_plus_C_2088,segment_limit_up_count_bucket=20_40;open_times_bucket=2_3;turnover_rate_bucket=10_15,481,125,23,43,2,0,0,217,137,0.616,0.03402687602551721,0.01724123988621372,0.4980539655009626,-0.14539639837912693,1.86648136937407,500000.0,19065137.597100858,38.130275194201715,-0.3536267928611663,0,4,False,59,0,125,98,1.7104723628362353,106,0.4811320754716981,-0.3757503328437296
A_plus_B_plus_C_0458,market_chain_count_bucket=3_8;amount_ratio_bucket=2_3,481,88,24,51,0,0,0,304,89,0.6590909090909091,0.04715384671445408,0.025795055749052997,0.4980539655009626,-0.11800704531551723,2.418320185532283,500000.0,18957172.716120023,37.91434543224005,-0.14908177664498534,0,0,False,13,0,88,37,2.0784952852966136,55,0.509090909090909,-0.31002357509437495
A_plus_B_plus_C_1211,fd_ratio_bucket=0_1pct_0_3pct;limit_times_detail_bucket=3,481,91,23,50,2,0,0,294,94,0.6703296703296703,0.04602715109644451,0.026949625580932914,0.4980539655009626,-0.14082353318685611,1.9410206344922614,500000.0,18771662.326894347,37.543324653788694,-0.1914802291481078,0,0,False,18,0,91,146,1.537969187704066,40,0.5,-0.24727899141675957
A_plus_B_plus_C_0621,segment_chain_count_bucket=3_5;first_time_detail_bucket=before_1000,481,92,20,48,2,0,0,285,102,0.6956521739130435,0.04454318670245199,0.03218377550185595,0.4980539655009626,-0.12230343830949111,1.7830148097120797,500000.0,18663334.021188874,37.32666804237775,-0.15992625694594598,0,2,False,24,0,92,26,2.2978885705301444,101,0.5346534653465347,-0.28242599033547744
A_plus_B_plus_C_2212,market_emotion_state_bucket=mixed;segment_emotion_state_bucket=mixed;amount_ratio_bucket=3_5,481,102,23,46,0,0,0,269,110,0.6470588235294118,0.03995580455136825,0.020490176364643904,0.4980539655009626,-0.11800704531551723,2.399704501729108,500000.0,18604881.45813777,37.20976291627554,-0.1449883890218926,0,1,False,33,0,102,82,1.7631528825799723,94,0.425531914893617,-0.3987481537483931
A_plus_B_plus_C_1712,amount_ratio_bucket=3_5;open_times_bucket=1,481,151,18,39,5,0,0,154,171,0.5894039735099338,0.026921005643469224,0.009900495811880603,0.4744497307792882,-0.1422233079861314,2.203385614233933,500000.0,17927394.213056408,35.85478842611282,-0.18327055407735748,0,1,False,94,0,151,68,1.878736588557157,147,0.5102040816326531,-0.5432442098647728
A_plus_B_plus_C_0572,segment_chain_count_bucket=5_10;fd_ratio_bucket=0_1pct_0_3pct,481,127,24,46,1,0,0,218,135,0.6141732283464567,0.031773881672387996,0.0193948880593092,0.4744497307792882,-0.17854275324675314,2.093450692282793,500000.0,17525085.011033967,35.05017002206793,-0.22003832384477673,0,2,False,57,0,127,8,2.951729802916155,104,0.5192307692307693,-0.30217677092792794
A_plus_B_plus_C_0703,segment_chain_count_bucket=3_5;limit_times_detail_bucket=3,481,86,22,51,0,0,0,304,91,0.6976744186046512,0.04778439637635128,0.02915635420937055,0.4980539655009626,-0.13775953646353653,1.7442790428488233,500000.0,17447669.120808315,34.89533824161663,-0.24326350950696818,0,2,False,13,0,86,66,1.88520829478018,53,0.5849056603773585,-0.30099881065790834
A_plus_B_plus_C_1764,prev_pct_chg_bucket=neg3_0;open_times_bucket=1,481,154,15,38,5,0,0,145,177,0.5584415584415584,0.025637333245854276,0.008110587420236702,0.4744497307792882,-0.11294975977406048,2.288613146197254,500000.0,15992209.070479494,31.984418140958986,-0.18055925049715216,0,0,False,101,0,154,46,2.0106515553979416,159,0.4716981132075472,-0.44724082817561783
A_plus_B_plus_C_0814,segment_limit_up_count_bucket=20_40;turnover_rate_bucket=3_6,481,133,18,43,1,0,0,199,148,0.5714285714285714,0.030422875961702005,0.012249455092053694,0.4980539655009626,-0.12230343830949111,2.157423474537802,500000.0,15895856.050696224,31.79171210139245,-0.23442751902028536,0,1,False,72,0,133,63,1.8965922353132991,134,0.4552238805970149,-0.3636863397751685
A_plus_B_plus_C_1081,segment_limit_up_ratio_bucket=3pct_5pct;segment_limit_height_rank_bucket=rank_1,481,84,25,51,2,0,0,308,87,0.7023809523809523,0.04662491971763767,0.02915635420937055,0.4744497307792882,-0.1415997640325775,1.84958913635364,500000.0,15872604.811987631,31.745209623975263,-0.20364909963617006,0,3,False,8,0,84,172,1.4509677138448647,30,0.43333333333333335,-0.3007641398396108
A_plus_B_plus_C_0206,market_segment=chi_next;first_time_detail_bucket=1000_1100,481,106,22,47,0,0,0,261,114,0.6320754716981132,0.03744472545441748,0.021397657350572405,0.4744497307792882,-0.1748809113292722,1.8884192738261325,500000.0,15711135.985157827,31.422271970315652,-0.22249207167747054,0,1,False,37,0,106,33,2.1145855655684422,149,0.46308724832214765,-0.4806989273758471
A_plus_B_plus_C_0913,segment_limit_up_count_bucket=10_20;segment_limit_height_rank_bucket=rank_1,481,96,24,49,4,0,0,278,103,0.65625,0.04208988549007029,0.021397657350572405,0.4980539655009626,-0.15652531681971424,1.77280090574165,500000.0,15702386.204923844,31.404772409847688,-0.2086098081801262,0,2,False,23,0,96,75,1.8178762219166542,91,0.5274725274725275,-0.39220140868293785
A_plus_B_plus_C_2550,segment_chain_count_bucket=5_10;segment_limit_up_count_bucket=40_80;open_times_bucket=0;turnover_rate_bucket=3_6,481,90,25,50,1,0,0,299,91,0.6777777777777778,0.04278957347756826,0.02804369219992356,0.4744497307792882,-0.11800704531551723,2.134776429157819,500000.0,15475476.25503298,30.95095251006596,-0.18639313382602873,0,0,False,15,0,90,155,1.498515941053228,24,0.5416666666666666,-0.10883062090803963
A_plus_B_plus_C_1681,turnover_rate_bucket=10_15;segment_limit_height_rank_bucket=rank_1,481,105,22,49,1,0,0,262,113,0.6190476190476191,0.03842412770917089,0.020473450062133,0.4980539655009626,-0.18253476123876122,1.8711739436870458,500000.0,15207836.953319792,30.415673906639583,-0.1962612606966282,0,4,False,34,0,105,124,1.5949629651872022,131,0.4732824427480916,-0.4975947067808958
A_plus_B_plus_C_0821,segment_limit_up_count_bucket=10_20;turnover_rate_bucket=6_10,481,105,23,48,1,0,0,254,121,0.6571428571428571,0.036680260543074786,0.02228841203399,0.4980539655009626,-0.17114192653629492,1.7834210702224296,500000.0,14536373.518049425,29.07274703609885,-0.1711419265362949,0,3,False,34,0,105,40,2.0384678138623,91,0.5384615384615384,-0.3703822944076829
A_plus_B_plus_C_1529,first_time_detail_bucket=1000_1100;prev_pct_chg_bucket=0_3,481,128,21,41,3,0,0,208,142,0.6015625,0.03065906897665524,0.013560062580238393,0.4980539655009626,-0.12411768093686414,1.9970784189631396,500000.0,14509871.735121554,29.019743470243107,-0.23834011235155406,0,0,False,66,0,128,160,1.487339874824806,157,0.45222929936305734,-0.5438348222024507
A_plus_B_plus_C_1577,first_time_detail_bucket=1000_1100;limit_height_rank_bucket=rank_2_3,481,99,22,49,3,0,0,272,107,0.6262626262626263,0.039894240971054214,0.020473450062133,0.4980539655009626,-0.15893009201354988,1.9124265801086158,500000.0,14350480.197477406,28.700960394954812,-0.22035393958640215,0,3,False,28,0,99,170,1.4559520301135405,124,0.4435483870967742,-0.5880129638546583
A_plus_B_plus_C_1008,segment_limit_up_ratio_bucket=3pct_5pct;amount_ratio_bucket=gte_5,481,86,24,51,0,0,0,303,92,0.6744186046511628,0.04499345162588984,0.024619018807461458,0.4980539655009626,-0.2107240820230698,1.9389315337129287,500000.0,14104798.826884001,28.209597653768004,-0.24021750799614427,0,2,False,11,0,86,89,1.7374359149140939,30,0.5333333333333333,-0.24305708393256642
A_plus_B_plus_C_1001,segment_limit_up_ratio_bucket=2pct_3pct;amount_ratio_bucket=1_2_2,481,102,22,44,1,0,0,266,112,0.6470588235294118,0.03735800926506828,0.019701421534221768,0.4744497307792882,-0.15173159899421518,1.88491557455976,500000.0,13997245.865109604,27.994491730219206,-0.19565341368129163,0,1,False,36,0,102,55,1.933892403228986,89,0.5168539325842697,-0.5178033191532883
A_plus_B_plus_C_1045,segment_limit_up_ratio_bucket=1pct_2pct;limit_times_detail_bucket=1,481,109,19,44,0,0,0,247,125,0.6238532110091743,0.03441569340813839,0.0193948880593092,0.4744497307792882,-0.15652531681971424,2.0473576801110407,500000.0,13456612.00751121,26.91322401502242,-0.19081108086625576,0,3,False,46,0,109,115,1.6229000272544585,153,0.42483660130718953,-0.4609102984358814
A_plus_B_plus_C_0830,segment_limit_up_count_bucket=20_40;amount_ratio_bucket=2_3,481,104,20,42,3,0,0,254,120,0.625,0.03670357201416547,0.015596582801601375,0.4980539655009626,-0.17854275324675314,2.1697602762708517,500000.0,13350573.201389592,26.701146402779184,-0.22003832384477673,0,3,False,42,0,104,15,2.648681396466658,136,0.5147058823529411,-0.43687365301854464
A_plus_B_plus_C_0970,segment_limit_up_ratio_bucket=2pct_3pct;first_time_detail_bucket=1000_1100,481,97,23,46,4,0,0,274,106,0.6391752577319587,0.03884967364254076,0.026949625580932914,0.4980539655009626,-0.17569221989385012,1.8181994635205905,500000.0,12616774.694562793,25.233549389125585,-0.1756922198938501,0,2,False,28,0,97,141,1.5548516794698726,89,0.47191011235955055,-0.38044002456177695
A_plus_B_plus_C_0836,segment_limit_up_count_bucket=40_80;amount_ratio_bucket=gte_5,481,92,23,49,1,0,0,287,101,0.6521739130434783,0.04031033700297961,0.020490176364643904,0.4980539655009626,-0.2107240820230698,1.9720541171691355,500000.0,12122461.47827716,24.24492295655432,-0.27530283514696385,0,2,False,20,0,92,106,1.6612290632589584,49,0.4897959183673469,-0.4322659430066871
A_plus_B_plus_C_0506,market_chain_count_bucket=3_8;limit_times_detail_bucket=2,481,83,24,49,0,0,0,309,89,0.7108433734939759,0.04263240247624484,0.024944193373060627,0.4980539655009626,-0.15893009201354988,1.6067664246307487,500000.0,11034628.348986756,22.06925669797351,-0.19418227034371216,0,2,False,10,0,83,134,1.5753295489391166,53,0.5471698113207547,-0.41782110449669396
A_plus_B_plus_C_0491,market_chain_count_bucket=3_8;open_times_bucket=2_3,481,94,20,50,0,0,0,286,101,0.648936170212766,0.03764147241656205,0.023464448975581538,0.4980539655009626,-0.16842966633366624,1.8507005566209154,500000.0,10782686.010529874,21.565372021059748,-0.17515836190997935,0,1,False,24,0,94,93,1.72708265874476,55,0.5454545454545454,-0.500756215283932
A_plus_B_plus_C_2110,segment_limit_up_count_bucket=10_20;open_times_bucket=0;turnover_rate_bucket=6_10,481,101,23,50,0,0,0,273,107,0.6831683168316832,0.03496413948143239,0.02464048591717308,0.4980539655009626,-0.17305374225774217,1.429282832558928,500000.0,10542205.291295702,21.084410582591403,-0.19469486245837297,0,3,False,28,0,101,149,1.5223187484231997,82,0.5365853658536586,-0.4026485656534109
A_plus_B_plus_C_1667,turnover_rate_bucket=10_15;limit_height_rank_bucket=rank_4_10,481,123,22,46,1,0,0,224,133,0.6097560975609756,0.029657241067420504,0.014744100250626745,0.4980539655009626,-0.1587336139324593,1.6318722999099688,500000.0,10497710.64074069,20.99542128148138,-0.23641708776283477,0,3,False,55,0,123,44,2.0265235563378132,139,0.4892086330935252,-0.4185466484999997
A_plus_B_plus_C_0805,segment_limit_up_count_bucket=10_20;first_time_detail_bucket=before_1000,481,94,24,47,0,0,0,285,102,0.6382978723404256,0.03664031036664125,0.0199341690607211,0.4980539655009626,-0.11800704531551723,2.054408345024296,500000.0,10193897.199097604,20.387794398195208,-0.1559041037772222,0,2,False,23,0,94,25,2.3518340624486775,100,0.55,-0.2364206617802428
A_plus_B_plus_C_0031,fd_ratio_bucket=0_3pct_0_5pct,481,170,13,38,2,0,0,113,196,0.5470588235294118,0.021523755692249735,0.003714434889893567,0.4980539655009626,-0.15652531681971424,1.7915475996441996,500000.0,10061571.976757264,20.12314395351453,-0.2909158709214965,0,3,False,119,0,170,166,1.4650097101969286,177,0.4745762711864407,-0.5608146507451863
A_plus_B_plus_C_1711,amount_ratio_bucket=3_5;open_times_bucket=2_3,481,176,21,43,1,0,0,112,192,0.5397727272727273,0.02037128135628484,0.0023012948564706008,0.4980539655009626,-0.22051891755067676,1.7119871357059546,500000.0,8748936.67020888,17.49787334041776,-0.3417834559803169,0,4,False,112,0,176,157,1.4946987236957496,157,0.4585987261146497,-0.5788473064986641
A_plus_B_plus_C_0981,segment_limit_up_ratio_bucket=1pct_2pct;turnover_rate_bucket=6_10,481,128,21,43,3,0,0,209,141,0.578125,0.026093717554812403,0.014172799722823336,0.4980539655009626,-0.17114192653629492,1.85182108873136,500000.0,8732080.841358073,17.464161682716146,-0.22887710756460578,0,3,False,64,0,128,167,1.4608123928361059,146,0.4589041095890411,-0.5408794359461218
A_plus_B_plus_C_0965,segment_limit_up_ratio_bucket=1pct_2pct;first_time_detail_bucket=before_1000,481,100,21,44,5,0,0,258,118,0.61,0.033193739270634556,0.020055313657164404,0.4980539655009626,-0.2156528163679894,1.8898464130217114,500000.0,8636527.431552129,17.273054863104257,-0.21661439336781507,0,4,False,35,0,100,94,1.722642380631552,151,0.5165562913907285,-0.3923818466183393
A_plus_B_plus_C_1098,fd_ratio_bucket=0_1pct_0_3pct;segment_emotion_state_bucket=mixed,481,118,23,43,3,0,0,228,132,0.6271186440677966,0.02789325998528418,0.01917293937798941,0.403015654731823,-0.27619341028202554,1.589790678029143,500000.0,8588486.224944722,17.176972449889444,-0.2977621320996702,0,2,False,52,0,118,147,1.537165142034591,113,0.48672566371681414,-0.5368209127442856
A_plus_B_plus_C_1209,fd_ratio_bucket=0_1pct_0_3pct;limit_times_detail_bucket=1,481,164,19,41,4,0,0,132,181,0.5304878048780488,0.020141783980843514,0.003451289097092811,0.4744497307792882,-0.12659042388597316,1.939969908852013,500000.0,8162897.9357095985,16.325795871419196,-0.27504019297754134,0,3,False,104,0,164,87,1.7441619942346613,175,0.4857142857142857,-0.5991262803799146
A_plus_B_plus_C_1639,turnover_rate_bucket=10_15;open_times_bucket=2_3,481,157,20,39,2,0,0,144,178,0.5732484076433121,0.021261262349663378,0.0104631777247611,0.4744497307792882,-0.14539639837912693,1.5857404877725239,500000.0,8154767.794688964,16.30953558937793,-0.39667262536289116,0,6,False,98,0,157,29,2.2151709371091686,153,0.477124183006536,-0.3967700605989013
A_plus_B_plus_C_1073,segment_limit_up_ratio_bucket=1pct_2pct;segment_limit_height_rank_bucket=rank_2_3,481,109,21,39,0,0,0,242,130,0.6238532110091743,0.02983673089716657,0.020473450062133,0.4744497307792882,-0.17854275324675314,1.5148772026108657,500000.0,7702201.712888667,15.404403425777335,-0.24846012211197877,0,5,False,49,0,109,9,2.8779613209067976,147,0.4421768707482993,-0.36997307827600256
A_plus_B_plus_C_0752,segment_limit_up_count_bucket=20_40;fd_ratio_bucket=0_1pct_0_3pct,481,133,21,41,2,0,0,196,150,0.5488721804511278,0.024200751893131412,0.006468516932960498,0.4744497307792882,-0.17854275324675314,1.9834211488645261,500000.0,7665749.687932948,15.331499375865896,-0.29467881952966424,0,3,False,71,0,133,59,1.9106785044767154,132,0.4621212121212121,-0.4989368950040024
A_plus_B_plus_C_0920,segment_limit_up_ratio_bucket=1pct_2pct;fd_ratio_bucket=0_1pct_0_3pct,481,140,20,43,1,0,0,183,157,0.55,0.021976432523059617,0.006130178172413423,0.4744497307792882,-0.17854275324675314,1.8468407854644664,500000.0,6625113.416820721,13.250226833641442,-0.26166379285354924,0,5,False,77,0,140,100,1.6973165500648044,137,0.5036496350364964,-0.468601248367605
A_plus_B_plus_C_0716,segment_chain_count_bucket=3_5;limit_height_rank_bucket=rank_2_3,481,94,24,46,2,0,0,281,104,0.6276595744680851,0.03121636493334607,0.020490176364643904,0.403015654731823,-0.11800704531551723,1.7209533147339744,500000.0,6517092.887154344,13.034185774308687,-0.1535036928543465,0,3,False,24,0,94,11,2.83063185926806,93,0.5591397849462365,-0.43906988419063886
A_plus_B_plus_C_1821,open_times_bucket=2_3;limit_times_detail_bucket=1,481,160,17,38,2,0,0,134,185,0.5375,0.018709419288972778,0.0035961144465575497,0.403015654731823,-0.15652531681971424,1.7265120503915616,500000.0,6109370.210929327,12.218740421858653,-0.265612862498544,0,3,False,105,0,160,19,2.5637110673203236,180,0.5055555555555555,-0.4818282558487167
A_plus_B_plus_C_1062,segment_limit_up_ratio_bucket=1pct_2pct;limit_height_rank_bucket=rank_2_3,481,106,22,39,2,0,0,243,130,0.6415094339622641,0.02818341827040156,0.024845070131413717,0.403015654731823,-0.2156528163679894,1.267191492884959,500000.0,6018758.920801123,12.037517841602245,-0.3328456064137487,0,5,False,45,0,106,128,1.5879023981766545,138,0.4782608695652174,-0.5798761764356848
C_1273_strict,segment_emotion_state_bucket=mixed;turnover_rate_bucket=6_10,328,38,0,0,2,0,0,257,31,0.6842105263157895,0.023360529381690285,0.017912219911911595,0.21081915756970307,-0.17114192653629492,1.052197632884663,500000.0,1087980.2321540446,2.175960464308089,-0.2458789531731248,0,2,False,38,0,38,14,2.668927198932571,129,0.5116279069767442,-0.32170656990453894
C_2033_strict,market_segment=sh_main;segment_emotion_state_bucket=main_rise;first_time_detail_bucket=1330_1430,328,46,0,0,0,0,0,246,36,0.6521739130434783,0.018229217797228813,0.010945860828657991,0.15204654786309602,-0.07146877201326282,1.3751583811474004,500000.0,1079440.897283744,2.1588817945674883,-0.18286328772254845,0,1,False,46,0,46,148,1.5332455007979788,77,0.5974025974025974,-0.43675814698091886
C_0993_strict,segment_limit_up_ratio_bucket=0_5pct_1pct;turnover_rate_bucket=6_10,328,22,0,0,1,0,0,277,28,0.6818181818181818,0.03768322886550695,0.03960829549692667,0.21081915756970307,-0.14148486773603755,1.4177562253546425,500000.0,1048039.8802884431,2.096079760576886,-0.26482412834308866,0,1,False,22,0,22,7,2.9935933819711047,86,0.5581395348837209,-0.5568801966874039
C_0972_strict,segment_limit_up_ratio_bucket=2pct_3pct;first_time_detail_bucket=1330_1430,328,44,0,0,0,0,0,249,35,0.5681818181818182,0.014258259248890131,0.0021287279269403742,0.15358009904435918,-0.08786714314257175,1.5188850278457204,500000.0,873889.7861198422,1.7477795722396845,-0.1826924011393518,0,2,False,44,0,44,129,1.5800627649885,86,0.5,-0.5994879986667211
C_0164_strict,market_segment=bj;fd_ratio_bucket=0_1pct_0_3pct,328,7,0,0,1,0,0,314,6,0.5714285714285714,0.09228845190757351,0.055171169194442066,0.5188303352032584,-0.03712791463134279,5.148513703891651,500000.0,851808.3805822962,1.7036167611645923,-0.07169326620968874,0,0,False,7,0,7,142,1.5442187290903726,17,0.5294117647058824,-0.2598760685366368
C_1712_strict,amount_ratio_bucket=3_5;open_times_bucket=1,328,94,0,0,5,0,0,154,75,0.48936170212765956,0.006824729263858508,-0.00010574851350083902,0.17633861028767173,-0.1422233079861314,1.5247747780151677,500000.0,838890.7222035241,1.6777814444070482,-0.27393945296615396,0,1,False,94,0,94,68,1.878736588557157,147,0.5102040816326531,-0.5432442098647728
C_0243_strict,market_segment=bj;amount_ratio_bucket=3_5,328,3,0,0,1,0,0,321,3,0.6666666666666666,0.20426058802392819,0.17633861028767173,0.47357106841545565,-0.03712791463134279,8.752305174641885,500000.0,834530.163551618,1.669060327103236,-0.037127914631342795,0,0,False,3,0,3,49,1.984926768420822,44,0.4090909090909091,-0.5501221955684443
C_2051_strict,market_segment=chi_next;segment_emotion_state_bucket=mixed;first_time_detail_bucket=1000_1100,328,17,0,0,0,0,0,296,15,0.5882352941176471,0.032525508729815536,0.017445215727222206,0.21081915756970307,-0.08529171958290828,2.131664814008982,500000.0,819133.1202215325,1.638266240443065,-0.08529171958290827,0,0,False,17,0,17,143,1.543498437784304,82,0.4878048780487805,-0.4153278226038175
C_0366_strict,market_chain_count_bucket=15_30;fd_ratio_bucket=0_5pct_1pct,328,48,0,0,3,0,0,241,36,0.4791666666666667,0.012539236185490563,-0.004820929919578757,0.19092047917300117,-0.09434767559712998,1.7556473093152742,500000.0,812645.5085512131,1.6252910171024262,-0.36504311595087624,0,0,False,48,0,48,175,1.4422193378746768,68,0.4117647058823529,-0.34793266395355305
C_0673_strict,segment_chain_count_bucket=1_3;prev_pct_chg_bucket=0_3,328,34,0,0,1,0,0,264,29,0.6176470588235294,0.015047052998825508,0.005975284540732737,0.2025422669961619,-0.1020106780473086,1.4649310172164005,500000.0,792169.3462631947,1.5843386925263894,-0.13126169607590832,0,0,False,34,0,34,109,1.6500409523761659,95,0.4842105263157895,-0.40841324324242667
C_1764_strict,prev_pct_chg_bucket=neg3_0;open_times_bucket=1,328,101,0,0,5,0,0,145,77,0.45544554455445546,0.005763281526100564,-0.00336935793296517,0.16451238516322397,-0.11294975977406048,1.620685018253103,500000.0,791690.3116188288,1.5833806232376575,-0.30663737831519,0,0,False,101,0,101,46,2.0106515553979416,159,0.4716981132075472,-0.44724082817561783
C_0258_strict,market_segment=bj;prev_pct_chg_bucket=neg3_0,328,7,0,0,0,0,0,315,6,0.42857142857142855,0.08161726970098956,-0.020636659340659183,0.5188303352032584,-0.05501228371628363,5.833129841231784,500000.0,784387.3455760421,1.5687746911520841,-0.14146874035061097,0,0,False,7,0,7,13,2.685585751849269,42,0.4523809523809524,-0.41108118850572495
C_2496_strict,market_segment=chi_next;segment_emotion_state_bucket=mixed;turnover_rate_bucket=6_10;first_time_detail_bucket=1000_1100,328,8,0,0,0,0,0,314,6,0.625,0.059661944452737925,0.058308409923942386,0.21081915756970307,-0.05324405194805179,3.845181019325589,500000.0,774866.2218720973,1.5497324437441946,-0.05324405194805182,0,0,False,8,0,8,118,1.6165472214999932,25,0.48,-0.13350401109930676
C_0221_strict,market_segment=chi_next;turnover_rate_bucket=6_10,328,21,0,0,1,0,0,292,14,0.5238095238095238,0.023768064309730844,0.010658096826787897,0.21081915756970307,-0.14148486773603755,1.7944196024296433,500000.0,760602.6093168587,1.5212052186337175,-0.21469098404995957,0,0,False,21,0,21,43,2.0265408932162474,115,0.4956521739130435,-0.5576804719591044
C_2599_strict,market_chain_count_bucket=15_30;segment_limit_up_count_bucket=20_40;fd_ratio_bucket=0_5pct_1pct;prev_pct_chg_bucket=0_3;first_time_detail_bucket=1000_1100,328,30,0,0,2,0,0,271,25,0.5666666666666667,0.01528845954054394,0.003423564732148651,0.14362286915831973,-0.11666662937062929,1.7108384209877756,500000.0,753136.0640371774,1.5062721280743547,-0.14026289146842164,0,0,False,30,0,30,101,1.6833593243605387,32,0.59375,-0.14052337613931232
C_0476_strict,market_chain_count_bucket=3_8;prev_pct_chg_bucket=3_7,328,13,0,0,0,0,0,304,11,0.6153846153846154,0.033533949010928495,0.04683303359616155,0.1640530421018095,-0.06307002678075614,2.3095251568895274,500000.0,749849.207263576,1.499698414527152,-0.08987725545944458,0,0,False,13,0,13,41,2.030473649437999,50,0.48,-0.26771250176078243
C_0254_strict,market_segment=chi_next;prev_pct_chg_bucket=neg3_0,328,27,0,0,0,0,0,280,21,0.6296296296296297,0.017689144869046353,0.017784810006443906,0.25691662970291057,-0.0831313374951939,1.1214963492352898,500000.0,747526.8430772993,1.4950536861545987,-0.2139096944790566,0,0,False,27,0,27,131,1.579440835802795,143,0.5034965034965035,-0.5930415891405656
C_0317_strict,market_chain_count_bucket=15_30;segment_chain_count_bucket=gte_10,328,14,0,0,0,0,0,302,12,0.7142857142857143,0.03181909663873249,0.00913925775136729,0.17389452376195247,-0.08273456143856141,1.2474595236256298,500000.0,746968.0357665862,1.4939360715331724,-0.12237667741968772,0,0,False,14,0,14,139,1.5580036985941303,45,0.5111111111111111,-0.3134415257414026
C_0978_strict,segment_limit_up_ratio_bucket=0_5pct_1pct;first_time_detail_bucket=1000_1100,328,28,0,0,1,0,0,271,28,0.5357142857142857,0.016174963438082755,0.004243445170214475,0.21081915756970307,-0.08529171958290828,1.7915522893808071,500000.0,738379.5101735462,1.4767590203470924,-0.12303998395720928,0,1,False,28,0,28,65,1.889101532207865,102,0.49019607843137253,-0.4482294809863204
C_0495_strict,market_chain_count_bucket=15_30;limit_times_detail_bucket=3,328,16,0,0,1,0,0,298,13,0.5625,0.024717533175718967,0.022765899628871246,0.1448588484959856,-0.06709919680319669,1.9776354610642148,500000.0,716122.220405258,1.432244440810516,-0.09989200624606409,0,1,False,16,0,16,5,3.3484716761288698,63,0.5238095238095238,-0.4197546375634309
C_0867_strict,segment_limit_up_count_bucket=40_80;open_times_bucket=2_3,328,31,0,0,0,0,0,269,28,0.4838709677419355,0.012885144401219628,-0.00023306293706294723,0.11223838574736394,-0.12773537880301525,2.1037634421166613,500000.0,715293.5415763888,1.4305870831527776,-0.15462137282104604,0,1,False,31,0,31,151,1.5139096420708096,53,0.5094339622641509,-0.2626394934603543
C_0509_strict,market_chain_count_bucket=15_30;limit_height_rank_bucket=rank_4_10,328,15,0,0,0,0,0,302,11,0.6,0.024793642361069138,0.003142293413903161,0.17389452376195247,-0.04845025750719859,1.7296251971994965,500000.0,698320.1787505659,1.3966403575011317,-0.10403376085402505,0,0,False,15,0,15,92,1.7301606509789722,59,0.5084745762711864,-0.4062956638687777
C_0380_strict,market_chain_count_bucket=3_8;fd_ratio_bucket=0_1pct_0_3pct,328,26,0,0,0,0,0,281,21,0.5769230769230769,0.013872830168583254,0.004616979217849835,0.11675994935568422,-0.057399694030369056,1.548655490705238,500000.0,696206.5403664864,1.3924130807329729,-0.08667603138277291,0,0,False,26,0,26,72,1.8243439235554602,53,0.5849056603773585,-0.20657631043159352
C_2119_strict,segment_limit_up_count_bucket=10_20;open_times_bucket=2_3;turnover_rate_bucket=3_6,328,27,0,0,1,0,0,278,22,0.5925925925925926,0.013627605691656542,0.007519532293793105,0.1780766273726273,-0.11612226464444642,1.3644347460328339,500000.0,689606.7110673354,1.3792134221346708,-0.19217891949767996,0,1,False,27,0,27,123,1.5951399051748192,37,0.5945945945945946,-0.20017324985617968
C_1806_strict,prev_pct_chg_bucket=neg3_0;segment_limit_height_rank_bucket=rank_1,328,25,0,0,0,0,0,281,22,0.52,0.0180669797414554,0.010309593965020767,0.5188303352032584,-0.0831313374951939,1.6433894690358946,500000.0,685631.2979965718,1.3712625959931435,-0.2255360302056164,0,1,False,25,0,25,31,2.1844375039182964,101,0.45544554455445546,-0.44018979788364687
C_0334_strict,market_chain_count_bucket=15_30;segment_limit_up_count_bucket=40_80,328,8,0,0,0,0,0,313,7,0.5,0.04193188829445855,0.01635120246563285,0.14968316910108023,-0.0276401821336559,5.943143885102969,500000.0,683611.4278837128,1.3672228557674255,-0.02884488216504355,0,0,False,8,0,8,30,2.213113564809166,29,0.5172413793103449,-0.19269646964989406
C_1905_strict,market_chain_count_bucket=8_15;segment_limit_up_count_bucket=20_40;fd_ratio_bucket=0_1pct_0_3pct,328,34,0,0,0,0,0,267,27,0.5,0.010468218313033422,-0.003121530300425493,0.15358009904435918,-0.09607655101397267,1.6616438643083835,500000.0,677924.2622011118,1.3558485244022236,-0.26696886103381456,0,1,False,34,0,34,108,1.6559411532716577,63,0.5079365079365079,-0.22294044438149585
C_0954_strict,segment_limit_up_ratio_bucket=2pct_3pct;market_emotion_state_bucket=main_rise,328,12,0,0,1,0,0,307,8,0.75,0.02720372642748968,0.016076166295243298,0.14968316910108023,-0.08273456143856141,0.9850604177328267,500000.0,674391.3595708009,1.3487827191416017,-0.1138694530307971,0,0,False,12,0,12,23,2.362468385626031,41,0.6829268292682927,-0.2817203928067944
C_0637_strict,segment_chain_count_bucket=3_5;turnover_rate_bucket=6_10,328,32,0,0,2,0,0,271,23,0.5,0.010906483321558608,-0.0006385396598619059,0.14802297370921785,-0.07706848557893706,1.5764226890761603,500000.0,669758.4329308092,1.3395168658616183,-0.1332216746147915,0,0,False,32,0,32,77,1.7987184126546905,94,0.5425531914893617,-0.3833339710232142
C_0444_strict,market_chain_count_bucket=3_8;turnover_rate_bucket=15_25,328,6,0,0,0,0,0,319,3,0.6666666666666666,0.05279126686959313,0.058911556093868854,0.1640530421018095,-0.04994306721849581,2.3842331024003345,500000.0,669438.6945876038,1.3388773891752075,-0.04994306721849584,0,0,False,6,0,6,12,2.809664773807569,55,0.6181818181818182,-0.33104497771958563
C_0786_strict,segment_limit_up_count_bucket=40_80;market_emotion_state_bucket=main_rise,328,10,0,0,0,0,0,309,9,0.5,0.031182023996832453,0.007452064243448939,0.14968316910108023,-0.04245698826546582,3.826514793711941,500000.0,666908.0683090173,1.3338161366180348,-0.07007720360690961,0,0,False,10,0,10,67,1.8820865115254757,39,0.5384615384615384,-0.21976438112727992
C_0625_strict,segment_chain_count_bucket=1_3;first_time_detail_bucket=before_1000,328,21,0,0,0,0,0,288,19,0.5238095238095238,0.014764951704558937,0.002017376442965854,0.19188049383583486,-0.14349097575595127,1.9252030807038094,500000.0,653762.1858885932,1.3075243717771865,-0.14982331421455886,0,0,False,21,0,21,126,1.5941478573161618,102,0.49019607843137253,-0.31887662855003174
C_0572_strict,segment_chain_count_bucket=5_10;fd_ratio_bucket=0_1pct_0_3pct,328,57,0,0,1,0,0,218,52,0.47368421052631576,0.006305400102641447,-0.0028944015984014556,0.13787061850546142,-0.17854275324675314,1.4828172244325653,500000.0,647672.9670941785,1.295345934188357,-0.3917845477165155,0,2,False,57,0,57,8,2.951729802916155,104,0.5192307692307693,-0.30217677092792794
C_0600_strict,segment_chain_count_bucket=gte_10;market_emotion_state_bucket=retreat,328,2,0,0,0,0,0,324,2,1.0,0.1339669988437524,0.1339669988437524,0.17389452376195247,0.09403947392555236,0.0,500000.0,642143.4736103066,1.2842869472206133,0.0,0,0,False,2,0,2,133,1.5760560299050226,11,0.45454545454545453,-0.1721422662899157
C_0824_strict,segment_limit_up_count_bucket=10_20;turnover_rate_bucket=15_25,328,19,0,0,1,0,0,294,14,0.47368421052631576,0.01565588586646495,-0.0005182063650633145,0.18853522141016882,-0.10386872139625064,2.0180003539243874,500000.0,639248.1230889149,1.2784962461778298,-0.14519336049387088,0,1,False,19,0,19,69,1.848315678594061,88,0.4772727272727273,-0.5626627474965167
C_2565_strict,segment_chain_count_bucket=5_10;segment_limit_up_count_bucket=10_20;open_times_bucket=2_3;turnover_rate_bucket=3_6,328,5,0,0,0,0,0,319,4,1.0,0.048666324799892205,0.0408536311907271,0.10553050682650685,0.0062322741949409986,0.0,500000.0,631855.1885194294,1.263710377038859,0.0,0,0,False,5,0,5,165,1.466325578621289,10,0.8,-0.14169726182965292
C_0989_strict,segment_limit_up_ratio_bucket=3pct_5pct;turnover_rate_bucket=6_10,328,10,0,0,0,0,0,311,7,0.5,0.02527000973535006,0.004155627617470223,0.14438356315529144,-0.04890398523510381,3.183008105022404,500000.0,631468.2414530694,1.2629364829061387,-0.0681645907652918,0,0,False,10,0,10,176,1.440873420831003,31,0.5483870967741935,-0.21099551986681275
C_1977_strict,segment_chain_count_bucket=5_10;segment_emotion_state_bucket=warming;fd_ratio_bucket=0_1pct_0_3pct,328,11,0,0,0,0,0,307,10,0.6363636363636364,0.02236770762150905,0.026000132438989677,0.13787061850546142,-0.033720718139003784,2.207374328492052,500000.0,631127.8665259437,1.2622557330518875,-0.08343574689311162,0,0,False,11,0,11,53,1.9509094507333098,20,0.75,-0.13712044359672615
C_2097_strict,segment_limit_up_count_bucket=40_80;open_times_bucket=0;turnover_rate_bucket=15_25,328,12,0,0,0,0,0,305,11,0.5833333333333334,0.02092960243328083,0.03306746692481003,0.10014840397147995,-0.07472291910165939,1.7625599878967482,500000.0,630641.7748462178,1.2612835496924357,-0.11745859733782649,0,0,False,12,0,12,156,1.4964536797968548,38,0.5789473684210527,-0.2996264144263091
C_1400_strict,market_emotion_state_bucket=warming;turnover_rate_bucket=15_25,328,7,0,0,0,0,0,314,7,0.5714285714285714,0.037192850771619,0.010309593965020767,0.2299803177529428,-0.05168561038961034,2.852005969244292,500000.0,630025.2435523177,1.2600504871046354,-0.09047974994296692,0,1,False,7,0,7,111,1.6418011918014952,38,0.5263157894736842,-0.22189053829273198
C_1639_strict,turnover_rate_bucket=10_15;open_times_bucket=2_3,328,98,0,0,2,0,0,144,84,0.4897959183673469,0.004298597701401443,-0.0011454289503719211,0.21738255221701386,-0.14539639837912693,1.2363099340159067,500000.0,618187.3110303077,1.2363746220606153,-0.3338297550982582,0,6,False,98,0,98,29,2.2151709371091686,153,0.477124183006536,-0.3967700605989013
C_1314_strict,segment_emotion_state_bucket=climax;prev_pct_chg_bucket=neg3_0,328,8,0,0,0,0,0,312,8,0.75,0.027389310521320962,0.029033834871011577,0.11686583816183851,-0.04710556502780591,1.290723692533971,500000.0,615381.6853775171,1.2307633707550343,-0.07491410698364875,0,0,False,8,0,8,180,1.4314205421741195,20,0.7,-0.09288636175648513
C_0122_strict,market_segment=sh_main;segment_limit_up_count_bucket=40_80,328,12,0,0,1,0,0,306,9,0.5833333333333334,0.018583123931406736,0.009232724023229508,0.11911485674888521,-0.08273456143856141,1.8086318348256445,500000.0,612824.5217916848,1.2256490435833696,-0.12317382474675187,0,0,False,12,0,12,39,2.053029438284017,37,0.5945945945945946,-0.19538492451085887
C_2103_strict,segment_limit_up_count_bucket=40_80;open_times_bucket=2_3;turnover_rate_bucket=3_6,328,25,0,0,0,0,0,283,20,0.4,0.009488337293040182,-0.0033782813550085862,0.15989081318681336,-0.0857555404595406,2.5040970798850593,500000.0,610355.7382728072,1.2207114765456144,-0.11615968857875059,0,0,False,25,0,25,174,1.4437372223789553,39,0.4358974358974359,-0.25018693336604547
C_1051_strict,segment_limit_up_ratio_bucket=2pct_3pct;limit_times_detail_bucket=3,328,12,0,0,2,0,0,303,11,0.5,0.018671737792812105,-0.003996113631388534,0.1448588484959856,-0.0853959000999,2.0075619380817638,500000.0,607456.7368241216,1.2149134736482432,-0.15218595361723408,0,1,False,12,0,12,177,1.4349371717726815,63,0.49206349206349204,-0.4491920511389914
C_0345_strict,market_chain_count_bucket=3_8;segment_limit_up_count_bucket=20_40,328,7,0,0,0,0,0,317,4,0.5714285714285714,0.029388496802820824,0.007555881103190174,0.1640530421018095,-0.042639503084266867,3.5388871541461056,500000.0,604603.6520247583,1.2092073040495166,-0.05427261232645664,0,0,False,7,0,7,113,1.6324646613052578,30,0.6,-0.15473042711419815
C_0138_strict,market_segment=sh_main;segment_limit_up_ratio_bucket=2pct_3pct,328,20,0,0,1,0,0,292,15,0.65,0.009609240946109944,0.0054890009460061145,0.10014840397147995,-0.08273456143856141,0.9814796174561214,500000.0,594235.6127840721,1.1884712255681442,-0.14817184220209145,0,0,False,20,0,20,61,1.904607584226896,58,0.5862068965517241,-0.2302726818122638
C_0626_strict,segment_chain_count_bucket=1_3;first_time_detail_bucket=1000_1100,328,33,0,0,0,0,0,265,30,0.45454545454545453,0.0073387273928669705,-0.006770137512972366,0.18982322560198434,-0.15893009201354988,1.6428274942468968,500000.0,590524.9824036473,1.1810499648072945,-0.2971091466731509,0,2,False,33,0,33,79,1.7811984121824436,97,0.5154639175257731,-0.31491721318886556
C_2331_strict,market_chain_count_bucket=gte_30;segment_limit_up_count_bucket=20_40;segment_emotion_state_bucket=warming;turnover_rate_bucket=3_6,328,1,0,0,0,0,0,326,1,1.0,0.1801131300004346,0.1801131300004346,0.1801131300004346,0.1801131300004346,0.0,500000.0,590056.5650002173,1.1801131300004346,0.0,0,0,False,1,0,1,158,1.49119753808943,2,1.0,0.0
C_0426_strict,market_chain_count_bucket=3_8;first_time_detail_bucket=1000_1100,328,17,0,0,0,0,0,295,16,0.6470588235294118,0.011761164891391781,0.013888815184815294,0.11686583816183815,-0.15893009201354988,0.8592408639996092,500000.0,587910.4409149307,1.1758208818298612,-0.1589300920135499,0,1,False,17,0,17,102,1.6661054777180482,55,0.509090909090909,-0.4693021274110426
C_0738_strict,segment_limit_up_count_bucket=40_80;segment_limit_up_ratio_bucket=2pct_3pct,328,14,0,0,1,0,0,302,11,0.5714285714285714,0.013081553742129857,0.009232724023229508,0.14968316910108023,-0.08273456143856141,1.3490114066980887,500000.0,585452.7303243619,1.170905460648724,-0.11734130665758402,0,0,False,14,0,14,20,2.4890930863069785,44,0.6363636363636364,-0.20178973047699433
C_0769_strict,segment_limit_up_count_bucket=40_80;segment_emotion_state_bucket=main_rise,328,12,0,0,1,0,0,305,10,0.5,0.015109822428445482,0.001726384209197471,0.14968316910108023,-0.08273456143856141,1.877182135010095,500000.0,585017.7398078627,1.1700354796157253,-0.08632840136484332,0,0,False,12,0,12,28,2.2210373241628876,34,0.6176470588235294,-0.14980916964566626
C_1299_strict,segment_emotion_state_bucket=climax;amount_ratio_bucket=3_5,328,3,0,0,0,0,0,322,3,0.6666666666666666,0.058681757835385005,0.020259244755244907,0.204690013986014,-0.0489039852351039,2.299907233120415,500000.0,584494.2125705383,1.1689884251410765,-0.048903985235103864,0,0,False,3,0,3,178,1.4328524279027466,17,0.5882352941176471,-0.17361986754631054
C_0016_strict,segment_limit_up_count_bucket=40_80,328,14,0,0,0,0,0,301,13,0.35714285714285715,0.012979279427722193,-0.008943744386183453,0.14968316910108023,-0.05168561038961034,3.1603868698718647,500000.0,583945.1100685246,1.1678902201370491,-0.12851713976276746,0,0,False,14,0,14,136,1.5670192644274454,53,0.49056603773584906,-0.27326719936114774
C_0803_strict,segment_limit_up_count_bucket=40_80;first_time_detail_bucket=1100_1330,328,14,0,0,0,0,0,301,13,0.35714285714285715,0.012979279427722193,-0.008943744386183453,0.14968316910108023,-0.05168561038961034,3.1603868698718647,500000.0,583945.1100685246,1.1678902201370491,-0.12851713976276746,0,0,False,14,0,14,105,1.6629967433625648,52,0.4807692307692308,-0.22418904736848067
C_1459_strict,market_emotion_state_bucket=main_rise;limit_times_detail_bucket=3,328,9,0,0,2,0,0,309,8,0.5555555555555556,0.021141389365726834,0.027196544172889827,0.1448588484959856,-0.1377967406386715,1.4250481354901532,500000.0,583557.9255563436,1.1671158511126873,-0.13779674063867153,0,0,False,9,0,9,10,2.8767337931695804,42,0.5952380952380952,-0.36604296473568976
C_0414_strict,market_chain_count_bucket=15_30;first_time_detail_bucket=1000_1100,328,17,0,0,0,0,0,299,12,0.47058823529411764,0.011899880418900815,-0.012830065934065918,0.17389452376195247,-0.11158112688639465,1.6305509153981137,500000.0,581369.0617911356,1.1627381235822711,-0.14719322108528143,0,0,False,17,0,17,2,5.036410576562869,69,0.5652173913043478,-0.3165590564554457
C_2409_strict,market_chain_count_bucket=gte_30;segment_limit_up_count_bucket=20_40;fd_ratio_bucket=0_5pct_1pct;first_time_detail_bucket=1000_1100,328,4,0,0,1,0,0,319,4,0.75,0.03800737036721654,0.0354144857101336,0.10016337148904522,-0.01896286144044627,3.0057408696172017,500000.0,578263.677870367,1.1565273557407338,-0.01896286144044612,0,0,False,4,0,4,159,1.4901766142747495,9,0.5555555555555556,-0.05170254872397617
C_2088_strict,segment_limit_up_count_bucket=20_40;open_times_bucket=2_3;turnover_rate_bucket=10_15,328,59,0,0,2,0,0,217,50,0.4745762711864407,0.0047507773839944485,-0.004910567250930723,0.21738255221701386,-0.14539639837912693,1.3228732670546612,500000.0,576888.3382734878,1.1537766765469755,-0.4421936676974568,0,4,False,59,0,59,98,1.7104723628362353,106,0.4811320754716981,-0.3757503328437296
C_1529_strict,first_time_detail_bucket=1000_1100;prev_pct_chg_bucket=0_3,328,66,0,0,3,0,0,208,51,0.4696969696969697,0.00375044249369741,-0.0005821436204995229,0.19816293522535877,-0.12411768093686414,1.3483597643856977,500000.0,572333.5392615577,1.1446670785231154,-0.2644073899207311,0,0,False,66,0,66,160,1.487339874824806,157,0.45222929936305734,-0.5438348222024507
C_1489_strict,market_emotion_state_bucket=warming;segment_limit_height_rank_bucket=rank_1,328,3,0,0,0,0,0,323,2,1.0,0.044162071641863,0.029973449974485936,0.09220317098608227,0.010309593965020767,0.0,500000.0,568268.9727462776,1.136537945492555,0.0,0,0,False,3,0,3,52,1.951577691816986,38,0.5789473684210527,-0.47254679212423345
C_1723_strict,amount_ratio_bucket=2_3;limit_times_detail_bucket=3,328,4,0,0,1,0,0,320,3,0.5,0.03256733134941999,0.03505036437296335,0.11574749243935112,-0.055578895787597865,3.227842985110518,500000.0,563690.2367493528,1.1273804734987056,-0.05557889578759789,0,0,False,4,0,4,16,2.639288470773242,50,0.52,-0.4524571124955239
C_0672_strict,segment_chain_count_bucket=3_5;prev_pct_chg_bucket=3_7,328,25,0,0,1,0,0,283,19,0.44,0.0076021031604479265,-0.009762372337340113,0.16485487040618962,-0.1233429185986426,1.620264503926725,500000.0,562766.5068128357,1.1255330136256714,-0.33046871909942244,0,1,False,25,0,25,58,1.9208720392458134,75,0.48,-0.41088880647606707
C_0821_strict,segment_limit_up_count_bucket=10_20;turnover_rate_bucket=6_10,328,34,0,0,1,0,0,254,39,0.5,0.00601708803610072,0.0017093942357366916,0.14802297370921785,-0.17114192653629492,1.2324664252050674,500000.0,561458.9030874283,1.1229178061748566,-0.25289409073826097,0,3,False,34,0,34,40,2.0384678138623,91,0.5384615384615384,-0.3703822944076829
C_2243_strict,market_emotion_state_bucket=warming;segment_emotion_state_bucket=mixed;amount_ratio_bucket=2_3,328,3,0,0,0,0,0,322,3,0.3333333333333333,0.04672444151106531,-0.03703742930240489,0.2299803177529428,-0.05276956391734199,5.1216572230674435,500000.0,560961.7087447051,1.1219234174894102,-0.08785254422683964,0,0,False,3,0,3,107,1.6569194578610438,26,0.5769230769230769,-0.15858842425208008
C_0351_strict,market_chain_count_bucket=15_30;segment_limit_up_ratio_bucket=3pct_5pct,328,5,0,0,0,0,0,319,4,0.6,0.02402090772423989,0.01928342057942075,0.11686583816183851,-0.0276401821336559,2.1870219754936677,500000.0,559379.0976562602,1.1187581953125205,-0.027640182133655933,0,0,False,5,0,5,152,1.5113454391575507,15,0.5333333333333333,-0.17696429503409616
C_0497_strict,market_chain_count_bucket=8_15;limit_times_detail_bucket=1,328,13,0,0,0,0,0,306,9,0.46153846153846156,0.009300730890128565,-0.006651853501888675,0.1359580502975289,-0.051268804194402974,1.8748103014732151,500000.0,553602.9484153336,1.1072058968306673,-0.08264191644831231,0,1,False,13,0,13,135,1.5728999899148466,83,0.43373493975903615,-0.4289326478727047
C_2318_strict,market_chain_count_bucket=8_15;segment_limit_up_count_bucket=10_20;segment_emotion_state_bucket=mixed;turnover_rate_bucket=6_10,328,8,0,0,2,0,0,311,7,0.625,0.01488321653704685,0.004164812389988945,0.14802297370921785,-0.08928340526489217,0.9684048239445417,500000.0,549827.5099339492,1.0996550198678985,-0.10675725703720496,0,0,False,8,0,8,97,1.7105702230311217,27,0.5185185185185185,-0.2093078685807166
C_1381_strict,market_emotion_state_bucket=warming;first_time_detail_bucket=before_1000,328,3,0,0,2,0,0,320,3,0.6666666666666666,0.03209345603018493,0.0832893985500856,0.09220317098608227,-0.07921220144561308,1.1077369794895846,500000.0,544725.2240896877,1.0894504481793754,-0.07921220144561314,0,0,False,3,0,3,48,1.9972373848556415,38,0.5,-0.2675938741453766
C_2462_strict,market_segment=sh_main;segment_emotion_state_bucket=main_rise;turnover_rate_bucket=3_6;first_time_detail_bucket=before_1000,328,37,0,0,3,0,0,254,34,0.5135135135135135,0.0042525277113278255,0.0021269921022374657,0.1301725314685315,-0.15047872341080068,1.1365064888033112,500000.0,544572.4277991904,1.0891448555983807,-0.2491441432336422,0,2,False,37,0,37,150,1.518536806016879,73,0.5342465753424658,-0.32733189013511443
C_2502_strict,market_segment=chi_next;segment_emotion_state_bucket=mixed;turnover_rate_bucket=10_15;first_time_detail_bucket=1000_1100,328,7,0,0,0,0,0,314,7,0.42857142857142855,0.016165683506378554,-0.034830465534465505,0.25691662970291057,-0.08914148784548774,2.102886884435091,500000.0,540541.7832384558,1.0810835664769116,-0.08914148784548781,0,0,False,7,0,7,81,1.774785612336939,37,0.4864864864864865,-0.4263697837717991
C_0584_strict,segment_chain_count_bucket=gte_10;segment_emotion_state_bucket=climax,328,2,0,0,0,0,0,324,2,0.5,0.041862314166177195,0.041862314166177195,0.11686583816183851,-0.03314120982948413,3.526299696454311,500000.0,539925.7765339672,1.0798515530679345,-0.03314120982948421,0,0,False,2,0,2,161,1.4831440350617042,18,0.6666666666666666,-0.12823920765991226
C_0958_strict,segment_limit_up_ratio_bucket=3pct_5pct;market_emotion_state_bucket=main_rise,328,6,0,0,0,0,0,317,5,0.5,0.012941258392622274,-0.0028707578647364403,0.11686583816183851,-0.04245698826546582,1.816293425818236,500000.0,535629.5458711215,1.0712590917422429,-0.06641944114714893,0,0,False,6,0,6,122,1.5984449769612945,25,0.6,-0.14074559530422304
C_1799_strict,prev_pct_chg_bucket=3_7;limit_height_rank_bucket=rank_2_3,328,23,0,0,0,0,0,286,19,0.391304347826087,0.004354608500991599,-0.013000750945257204,0.1640530421018095,-0.07235310005616448,1.861194003701042,500000.0,530687.6184031423,1.0613752368062845,-0.2664984671769862,0,0,False,23,0,23,3,4.512857748929219,69,0.4782608695652174,-0.3509526650484278
C_2053_strict,market_segment=chi_next;segment_emotion_state_bucket=mixed;first_time_detail_bucket=1330_1430,328,16,0,0,0,0,0,296,16,0.5625,0.005821017478450702,0.005242171643852309,0.2299803177529428,-0.11363058885968864,0.9779910741042412,500000.0,524785.116487951,1.049570232975902,-0.14704781891062935,0,0,False,16,0,16,130,1.579700379303861,61,0.5245901639344263,-0.41073386336335715
C_1107_strict,fd_ratio_bucket=0_5pct_1pct;market_emotion_state_bucket=warming,328,25,0,0,1,0,0,280,22,0.44,0.004193253457708085,-0.006651853501888675,0.19092047917300117,-0.09134929930185422,1.507948804365849,500000.0,523911.78858332493,1.0478235771666498,-0.27862288601658125,0,0,False,25,0,25,171,1.4534386939511708,38,0.5,-0.300812194047416
C_0425_strict,market_chain_count_bucket=3_8;first_time_detail_bucket=before_1000,328,5,0,0,0,0,0,318,5,0.6,0.011418037999040787,0.030052019243480256,0.09220317098608227,-0.10649651377194247,1.0224513244064537,500000.0,523370.8274034475,1.0467416548068949,-0.10649651377194247,0,1,False,5,0,5,154,1.4990408630021352,55,0.5636363636363636,-0.32657051648022384
C_1601_strict,turnover_rate_bucket=3_6;amount_ratio_bucket=1_2_2,328,104,0,0,8,0,0,127,89,0.4423076923076923,0.0015430222102629254,-0.009776562734595144,0.1445028165680476,-0.09434767559712998,1.3676027180263464,500000.0,522211.4778133201,1.0444229556266402,-0.3424478200211075,0,2,False,104,0,104,84,1.756452841556305,167,0.46107784431137727,-0.4694876994161087
C_1530_strict,first_time_detail_bucket=1000_1100;prev_pct_chg_bucket=neg3_0,328,63,0,0,4,0,0,206,55,0.4444444444444444,0.0016289225524012685,-0.006442853146852948,0.1180755375533559,-0.14922524117682953,1.3707620957586777,500000.0,520596.53362752334,1.0411930672550467,-0.3707164112051671,0,1,False,63,0,63,38,2.0702592602123904,166,0.45180722891566266,-0.4792705095800004
C_2291_strict,market_chain_count_bucket=15_30;segment_limit_up_count_bucket=10_20;segment_emotion_state_bucket=mixed;turnover_rate_bucket=6_10,328,4,0,0,0,0,0,319,5,0.75,0.011408751430638029,0.02588562517514946,0.06889240878560315,-0.07502865341334997,0.536078123252186,500000.0,520214.12355341564,1.0404282471068313,-0.07502865341334997,0,1,False,4,0,4,56,1.9228999291382542,18,0.7777777777777778,-0.08790760092807415
C_2575_strict,segment_chain_count_bucket=3_5;segment_limit_up_count_bucket=20_40;open_times_bucket=2_3;turnover_rate_bucket=10_15,328,19,0,0,1,0,0,294,14,0.47368421052631576,0.0036543490112391024,-0.0028944015984014556,0.11188544813049801,-0.13215942229199365,1.3329378871294264,500000.0,520077.7867016099,1.0401555734032197,-0.22833138471565984,0,0,False,19,0,19,138,1.5594030404190835,33,0.5151515151515151,-0.1654655075779624
C_2567_strict,segment_chain_count_bucket=3_5;segment_limit_up_count_bucket=20_40;open_times_bucket=0;turnover_rate_bucket=6_10,328,19,0,0,0,0,0,295,14,0.47368421052631576,0.0029094262146510896,-0.005661824816431196,0.10159780251260826,-0.04985920150437785,1.3113745341358456,500000.0,519005.2376620777,1.0380104753241555,-0.1306026320955206,0,0,False,19,0,19,47,2.0080069293013763,51,0.5490196078431373,-0.10689721667218377
C_1578_strict,first_time_detail_bucket=1000_1100;limit_height_rank_bucket=rank_1,328,8,0,0,1,0,0,312,7,0.5,0.008039694740467816,0.015335644217851217,0.10644084913812307,-0.16429423524493125,1.2489487729417528,500000.0,516830.11037329107,1.0336602207465821,-0.16429423524493125,0,1,False,8,0,8,45,2.0242058288703597,33,0.6060606060606061,-0.26893469913662194
C_1738_strict,amount_ratio_bucket=2_3;limit_height_rank_bucket=rank_1,328,1,0,0,1,0,0,325,1,1.0,0.03356569003410389,0.03356569003410389,0.03356569003410389,0.03356569003410389,0.0,500000.0,516782.84501705196,1.033565690034104,0.0,0,0,False,1,0,1,4,3.4456744631856964,42,0.5952380952380952,-0.2835410728834503
C_0532_strict,market_chain_count_bucket=3_8;segment_limit_height_rank_bucket=rank_1,328,12,0,0,0,0,0,306,10,0.5,0.0056309946640899266,-0.003876594329835995,0.11116296960182691,-0.16842966633366624,1.1995597722091256,500000.0,516098.19575365336,1.0321963915073067,-0.23449957950392564,0,0,False,12,0,12,117,1.618081063855701,54,0.46296296296296297,-0.2891116901130375
C_0459_strict,market_chain_count_bucket=3_8;amount_ratio_bucket=3_5,328,13,0,0,0,0,0,304,11,0.5384615384615384,0.003848536006550998,0.007519532293793105,0.11116296960182691,-0.11612226464444642,1.0205707506466206,500000.0,514526.9940716288,1.0290539881432577,-0.1418686032870291,0,1,False,13,0,13,74,1.8178930235569246,55,0.45454545454545453,-0.3159413885886613
C_1432_strict,market_emotion_state_bucket=warming;prev_pct_chg_bucket=3_7,328,10,0,0,0,0,0,309,9,0.4,0.0038765048742760836,-0.012111404516287685,0.09220317098608227,-0.05711522322159993,1.8525952427855186,500000.0,514508.7929153591,1.0290175858307182,-0.11178362480362514,0,0,False,10,0,10,140,1.5556992211619471,35,0.5142857142857142,-0.2970179231970669
C_1343_strict,segment_emotion_state_bucket=warming;limit_times_detail_bucket=3,328,2,0,0,0,0,0,325,1,0.5,0.012934277406145356,0.012934277406145356,0.03512472213500783,-0.009256167322717116,3.7947371639233816,500000.0,512771.7172535225,1.0255434345070449,-0.009256167322717168,0,0,False,2,0,2,88,1.7405343445539587,25,0.52,-0.2612140317527908
C_0182_strict,market_segment=sz_main;market_emotion_state_bucket=main_rise,328,13,0,0,0,0,0,304,11,0.38461538461538464,0.003700909324588254,-0.012151231724796877,0.14968316910108023,-0.09384275759023572,1.8698659034272849,500000.0,511443.61938773125,1.0228872387754624,-0.21685011123156106,0,0,False,13,0,13,153,1.501905369667317,47,0.5319148936170213,-0.24490452764724002
C_1963_strict,segment_chain_count_bucket=gte_10;segment_emotion_state_bucket=climax;fd_ratio_bucket=0_5pct_1pct,328,9,0,0,2,0,0,309,8,0.3333333333333333,0.004741332835120263,-0.01413949453363527,0.11911485674888521,-0.09933054971994298,2.3703016154668153,500000.0,510824.32543117565,1.0216486508623512,-0.1826164422415053,0,0,False,9,0,9,103,1.6641860037270586,18,0.5555555555555556,-0.2016028730850542
C_2231_strict,market_emotion_state_bucket=main_rise;segment_emotion_state_bucket=warming;amount_ratio_bucket=2_3,328,1,0,0,0,0,0,326,1,1.0,0.018067493649208153,0.018067493649208153,0.018067493649208153,0.018067493649208153,0.0,500000.0,509033.7468246041,1.0180674936492082,0.0,0,0,False,1,0,1,121,1.6039473914854583,10,0.8,-0.03573732841328414
C_0022_strict,segment_limit_up_ratio_bucket=2pct_3pct,328,24,0,0,1,0,0,285,18,0.5,0.00213334677176167,-0.006638723948908335,0.14968316910108023,-0.08273456143856141,1.1068115508317842,500000.0,508628.56840946927,1.0172571368189385,-0.2181437071594744,0,0,False,24,0,24,96,1.7154975787060078,89,0.4943820224719101,-0.580731478542589
C_1011_strict,segment_limit_up_ratio_bucket=0_5pct_1pct;amount_ratio_bucket=3_5,328,22,0,0,1,0,0,286,19,0.45454545454545453,0.001922236753098238,-0.0011340052541461893,0.11141614911614482,-0.06415018092960358,1.330554291937934,500000.0,508245.8867352079,1.0164917734704157,-0.17818089946011528,0,1,False,22,0,22,70,1.8473374056290444,99,0.45454545454545453,-0.4982542597587586
C_1484_strict,market_emotion_state_bucket=main_rise;segment_limit_height_rank_bucket=rank_2_3,328,12,0,0,0,0,0,305,11,0.4166666666666667,0.002475631100690106,-0.016112947509261438,0.10014840397147995,-0.09819767539969901,1.5662778646240985,500000.0,506317.4715462233,1.0126349430924466,-0.12067503205898122,0,1,False,12,0,12,27,2.2798289487005468,47,0.6382978723404256,-0.2516743168000539
C_1001_strict,segment_limit_up_ratio_bucket=2pct_3pct;amount_ratio_bucket=1_2_2,328,36,0,0,1,0,0,266,25,0.5,0.0022756930267113346,0.00037979645281694676,0.14968316910108023,-0.15173159899421518,1.0995644492436782,500000.0,505863.684323095,1.01172736864619,-0.2615549644825038,0,1,False,36,0,36,55,1.933892403228986,89,0.5168539325842697,-0.5178033191532883
C_2212_strict,market_emotion_state_bucket=mixed;segment_emotion_state_bucket=mixed;amount_ratio_bucket=3_5,328,33,0,0,0,0,0,269,26,0.45454545454545453,0.001368262492065858,-0.0028944015984015445,0.1254499054515422,-0.11612226464444642,1.3039490164539966,500000.0,504811.81944802473,1.0096236388960496,-0.1877046291009422,0,1,False,33,0,33,82,1.7631528825799723,94,0.425531914893617,-0.3987481537483931
C_2105_strict,segment_limit_up_count_bucket=40_80;open_times_bucket=2_3;turnover_rate_bucket=15_25,328,22,0,0,0,0,0,284,22,0.6363636363636364,0.0031898324897014357,0.021186615055555313,0.19435775800669944,-0.1377967406386715,0.6387877815881574,500000.0,503497.1487882292,1.0069942975764585,-0.3071041517388786,0,1,False,22,0,22,91,1.7345232482023718,43,0.6744186046511628,-0.1514035534481778
C_1092_strict,fd_ratio_bucket=0_5pct_1pct;segment_emotion_state_bucket=climax,328,12,0,0,1,0,0,303,12,0.4166666666666667,0.0023946832315482774,-0.014551077545056124,0.11911485674888521,-0.09933054971994298,1.5344242427816701,500000.0,502344.3600479989,1.0046887200959977,-0.1961854598655569,0,0,False,12,0,12,99,1.7008904756237604,20,0.6,-0.17883287995010422
C_0621_strict,segment_chain_count_bucket=3_5;first_time_detail_bucket=before_1000,328,24,0,0,2,0,0,285,17,0.5,0.002279584297150749,-0.0060194583598219085,0.1524111148030055,-0.12230343830949111,1.0840378657642995,500000.0,500409.2929513961,1.0008185859027923,-0.2658867482960884,0,2,False,24,0,24,26,2.2978885705301444,101,0.5346534653465347,-0.28242599033547744
C_0145_strict,market_segment=bj;segment_limit_up_ratio_bucket=1pct_2pct,328,3,0,0,1,0,0,322,2,0.3333333333333333,-0.0003520302175378058,-0.029056001546025848,0.06503734019581732,-0.03703742930240489,1.9680424926030757,500000.0,497895.75928093493,0.9957915185618699,-0.06501727124535939,0,0,False,3,0,3,6,3.2809200340894664,25,0.56,-0.23473858258931468
C_2550_strict,segment_chain_count_bucket=5_10;segment_limit_up_count_bucket=40_80;open_times_bucket=0;turnover_rate_bucket=3_6,328,15,0,0,1,0,0,299,13,0.4,0.000790738100171473,-0.015357971086764302,0.12310524367286742,-0.06353249767953567,1.553979651466446,500000.0,495421.73861214827,0.9908434772242966,-0.18091080904088408,0,0,False,15,0,15,155,1.498515941053228,24,0.5416666666666666,-0.10883062090803963
C_1500_strict,first_time_detail_bucket=1000_1100;turnover_rate_bucket=15_25,328,32,0,0,0,0,0,268,28,0.46875,0.001599374846275349,-0.006628160040523437,0.14596013369681163,-0.15893009201354988,1.2135877111243807,500000.0,495355.4322921715,0.990710864584343,-0.2888623350174524,0,1,False,32,0,32,83,1.758786054393046,148,0.4527027027027027,-0.4976040290561847
C_1397_strict,market_emotion_state_bucket=warming;turnover_rate_bucket=6_10,328,16,0,0,1,0,0,295,16,0.375,-2.8576369259466963e-05,-0.015202538801778413,0.08554392930146776,-0.04572965874066316,1.6638850256012787,500000.0,493393.72755552724,0.9867874551110545,-0.11247097084699464,0,1,False,16,0,16,169,1.4586463727236942,38,0.5,-0.2714079590749079
C_1655_strict,turnover_rate_bucket=10_15;limit_times_detail_bucket=3,328,17,0,0,1,0,0,294,16,0.47058823529411764,0.002587376504269475,-0.0032123632066856454,0.18581870347833998,-0.15518211388611378,1.2087907594302891,500000.0,486991.0731850472,0.9739821463700944,-0.3359503056379157,0,1,False,17,0,17,104,1.663288399751697,71,0.5070422535211268,-0.5738901335736075
C_2244_strict,market_emotion_state_bucket=warming;segment_emotion_state_bucket=mixed;amount_ratio_bucket=3_5,328,3,0,0,1,0,0,321,3,0.3333333333333333,-0.008689455891729122,-0.006146546602074069,0.010309593965020767,-0.03023141503813406,0.5668043782654218,500000.0,486872.16241439944,0.9737443248287989,-0.036192142838829544,0,0,False,3,0,3,114,1.629653175035244,22,0.45454545454545453,-0.14621471622822313
C_0352_strict,market_chain_count_bucket=15_30;segment_limit_up_ratio_bucket=0_5pct_1pct,328,3,0,0,0,0,0,323,2,0.6666666666666666,-0.006841368780859734,0.035774451936123663,0.05845900737886997,-0.11475756565757284,0.4105762385905717,500000.0,485256.6166229078,0.9705132332458156,-0.11475756565757278,0,0,False,3,0,3,60,1.9068617305584379,40,0.6,-0.4560104988514255
C_0393_strict,market_chain_count_bucket=3_8;segment_emotion_state_bucket=main_rise,328,4,0,0,0,0,0,321,3,0.5,-0.0072531440224092355,0.0030355229457198793,0.007555881103190174,-0.042639503084266867,0.32797343634354154,500000.0,485223.4521851681,0.9704469043703362,-0.043149074188904235,0,0,False,4,0,4,164,1.4678803048531919,19,0.6842105263157895,-0.12331025264284678
C_1436_strict,market_emotion_state_bucket=retreat;prev_pct_chg_bucket=3_7,328,9,0,0,0,0,0,313,6,0.3333333333333333,-0.0008447149420829297,-0.034830465534465414,0.14309903353789077,-0.08254491735343036,1.952482475536637,500000.0,483027.5837402546,0.9660551674805091,-0.21005648140650313,0,0,False,9,0,9,116,1.6225501339155592,33,0.5151515151515151,-0.21379891796361306
C_2347_strict,market_chain_count_bucket=gte_30;segment_limit_up_count_bucket=10_20;segment_emotion_state_bucket=mixed;turnover_rate_bucket=10_15,328,1,0,0,0,0,0,326,1,0.0,-0.035928267732267594,-0.035928267732267594,-0.035928267732267594,-0.035928267732267594,0.0,500000.0,482035.8661338662,0.9640717322677324,-0.03592826773226765,0,0,False,1,0,1,78,1.7982150514247996,8,0.75,-0.046616930232557974
C_2189_strict,market_chain_count_bucket=gte_30;fd_ratio_bucket=0_1pct_0_3pct;prev_pct_chg_bucket=3_7,328,7,0,0,1,0,0,313,7,0.42857142857142855,-0.005809125055185554,-0.013803138356473569,0.04921944818817551,-0.04503226373626367,0.8702193149792249,500000.0,478427.69210590096,0.9568553842118019,-0.07146236124231753,0,0,False,7,0,7,145,1.5399539103813733,17,0.5882352941176471,-0.1744518408769029
C_1347_strict,segment_emotion_state_bucket=climax;limit_times_detail_bucket=3,328,5,0,0,0,0,0,318,5,0.4,-0.004956091398807739,-0.0028944015984015445,0.16431800863287688,-0.12340785041373709,1.3281482058903633,500000.0,475640.41461652174,0.9512808292330435,-0.20460367462924234,0,0,False,5,0,5,62,1.8967630859546538,17,0.6470588235294118,-0.21608932979395734
C_1238_strict,segment_emotion_state_bucket=main_rise;market_emotion_state_bucket=main_rise,328,13,0,0,1,0,0,304,10,0.5384615384615384,-0.00013497091801652818,0.007370761809618962,0.14968316910108023,-0.17854275324675314,0.8538946364482363,500000.0,474770.2875972624,0.9495405751945248,-0.20290185367395808,0,1,False,13,0,13,73,1.8206437532980286,43,0.5581395348837209,-0.2795727086030555
C_0562_strict,segment_chain_count_bucket=1_3;segment_limit_up_ratio_bucket=2pct_3pct,328,1,0,0,0,0,0,326,1,0.0,-0.05799311840912894,-0.05799311840912894,-0.05799311840912894,-0.05799311840912894,0.0,500000.0,471003.44079543557,0.9420068815908711,-0.05799311840912891,0,0,False,1,0,1,76,1.8104055669707593,11,0.7272727272727273,-0.20071660214614317
C_0178_strict,market_segment=bj;segment_emotion_state_bucket=mixed,328,2,0,0,0,0,0,324,2,0.0,-0.03304671542421537,-0.03304671542421537,-0.029056001546025848,-0.03703742930240489,0.0,500000.0,467491.36437732034,0.9349827287546407,-0.06501727124535928,0,0,False,2,0,2,179,1.4317533152737467,22,0.5454545454545454,-0.24597172125484168
C_0227_strict,market_segment=bj;turnover_rate_bucket=10_15,328,6,0,0,0,0,0,317,5,0.3333333333333333,-0.009556312277866333,-0.02301400659590537,0.17633861028767173,-0.18253476123876122,1.6513845039243478,500000.0,452178.84666455886,0.9043576933291178,-0.20628703248003022,0,0,False,6,0,6,137,1.5657752137482865,28,0.6071428571428571,-0.3859502835765294
C_2436_strict,market_segment=sz_main;segment_emotion_state_bucket=main_rise;turnover_rate_bucket=3_6;first_time_detail_bucket=1000_1100,328,36,0,0,2,0,0,259,31,0.3888888888888889,-0.0016204240128393237,-0.010245871977860014,0.19816293522535877,-0.0838456571023411,1.4265460560273178,500000.0,450276.5945505109,0.9005531891010219,-0.1975563775716419,0,0,False,36,0,36,168,1.4592566860216716,64,0.46875,-0.26646219801573123
C_0225_strict,market_segment=bj;turnover_rate_bucket=6_10,328,1,0,0,0,0,0,326,1,0.0,-0.10003326273726275,-0.10003326273726275,-0.10003326273726275,-0.10003326273726275,0.0,500000.0,449983.3686313686,0.8999667372627372,-0.10003326273726276,0,0,False,1,0,1,86,1.7496223808685347,9,0.5555555555555556,-0.24138040076410439
C_0195_strict,market_segment=bj;market_emotion_state_bucket=warming,328,3,0,0,0,0,0,322,3,0.0,-0.035462214720477815,-0.03703742930240489,-0.029056001546025848,-0.04029321331300272,0.0,500000.0,448654.63511047827,0.8973092702209565,-0.10269072977904348,0,0,False,3,0,3,90,1.7370956508171003,22,0.45454545454545453,-0.27478615316743193
C_0981_strict,segment_limit_up_ratio_bucket=1pct_2pct;turnover_rate_bucket=6_10,328,64,0,0,3,0,0,209,52,0.4375,-3.2416136607234486e-05,-0.006043150597258143,0.14802297370921785,-0.17114192653629492,1.2839294636597163,500000.0,446040.7159597237,0.8920814319194473,-0.4965632806511411,0,3,False,64,0,64,167,1.4608123928361059,146,0.4589041095890411,-0.5408794359461218
C_1062_strict,segment_limit_up_ratio_bucket=1pct_2pct;limit_height_rank_bucket=rank_2_3,328,45,0,0,2,0,0,243,38,0.5333333333333333,0.0022499160570779693,0.007555881103190174,0.19092047917300117,-0.2156528163679894,0.9263137572308299,500000.0,445062.37929079786,0.8901247585815957,-0.4856781170621337,0,5,False,45,0,45,128,1.5879023981766545,138,0.4782608695652174,-0.5798761764356848
C_0805_strict,segment_limit_up_count_bucket=10_20;first_time_detail_bucket=before_1000,328,23,0,0,0,0,0,285,20,0.34782608695652173,-0.004044116117802657,-0.00550640246558233,0.19188049383583486,-0.10649651377194247,1.551931555615946,500000.0,437529.91254372144,0.8750598250874428,-0.22949753988203792,0,2,False,23,0,23,25,2.3518340624486775,100,0.55,-0.2364206617802428
C_0206_strict,market_segment=chi_next;first_time_detail_bucket=1000_1100,328,37,0,0,0,0,0,261,30,0.40540540540540543,-0.0008992009849253591,-0.014312686284012825,0.21081915756970307,-0.1748809113292722,1.4229654062750008,500000.0,434444.89194781537,0.8688897838956308,-0.37862586614394544,0,1,False,37,0,37,33,2.1145855655684422,149,0.46308724832214765,-0.4806989273758471
C_0814_strict,segment_limit_up_count_bucket=20_40;turnover_rate_bucket=3_6,328,72,0,0,1,0,0,199,56,0.4166666666666667,-0.0005702788126115814,-0.009065708264685527,0.1801131300004346,-0.12230343830949111,1.3615786504397094,500000.0,433614.7063409123,0.8672294126818246,-0.47242728595237005,0,1,False,72,0,72,63,1.8965922353132991,134,0.4552238805970149,-0.3636863397751685
C_0752_strict,segment_limit_up_count_bucket=20_40;fd_ratio_bucket=0_1pct_0_3pct,328,71,0,0,2,0,0,196,59,0.4084507042253521,-0.000529967611943234,-0.010498226345083454,0.15358009904435918,-0.17854275324675314,1.41226051450784,500000.0,429229.75759963,0.85845951519926,-0.5397527277248578,0,3,False,71,0,71,59,1.9106785044767154,132,0.4621212121212121,-0.4989368950040024
C_0659_strict,segment_chain_count_bucket=1_3;amount_ratio_bucket=3_5,328,26,0,0,1,0,0,279,22,0.38461538461538464,-0.004198543892443346,-0.02252779146434957,0.1359580502975289,-0.11294975977406048,1.3401125682004458,500000.0,427558.0116779603,0.8551160233559205,-0.22070370244478887,0,0,False,26,0,26,17,2.591385277889272,94,0.43617021276595747,-0.43328813510068964
C_1098_strict,fd_ratio_bucket=0_1pct_0_3pct;segment_emotion_state_bucket=mixed,328,52,0,0,3,0,0,228,45,0.5,-0.0007135809889729657,-0.00037657883459950867,0.14533636891149845,-0.27619341028202554,0.9703842965755696,500000.0,424705.5314214483,0.8494110628428966,-0.4385277035354943,0,2,False,52,0,52,147,1.537165142034591,113,0.48672566371681414,-0.5368209127442856
C_0301_strict,market_segment=chi_next;limit_height_rank_bucket=rank_1,328,3,0,0,1,0,0,322,2,0.3333333333333333,-0.04879502526555807,-0.11938912011517898,0.1082705124926283,-0.13526646817412355,0.8503289734967617,500000.0,421970.53779228247,0.843941075584565,-0.23850624367290607,0,0,False,3,0,3,112,1.6346852335496622,12,0.5833333333333334,-0.16500479175120197
C_1045_strict,segment_limit_up_ratio_bucket=1pct_2pct;limit_times_detail_bucket=1,328,46,0,0,0,0,0,247,35,0.391304347826087,-0.0020181072287959933,-0.011037162368351564,0.1640530421018095,-0.15652531681971424,1.418559087323142,500000.0,420187.4470618672,0.8403748941237345,-0.37360619413344454,0,3,False,46,0,46,115,1.6229000272544585,153,0.42483660130718953,-0.4609102984358814
C_1821_strict,open_times_bucket=2_3;limit_times_detail_bucket=1,328,105,0,0,2,0,0,134,87,0.42857142857142855,0.00010395313444756239,-0.010932001582310084,0.2025422669961619,-0.15652531681971424,1.3394123495209445,500000.0,415756.4929598804,0.8315129859197607,-0.441409555736493,0,3,False,105,0,105,19,2.5637110673203236,180,0.5055555555555555,-0.4818282558487167
C_0983_strict,segment_limit_up_ratio_bucket=1pct_2pct;turnover_rate_bucket=10_15,328,52,0,0,3,0,0,227,46,0.46153846153846156,-0.002188049964632562,-0.007533619375328052,0.1635739478658994,-0.1376645914085913,1.0597412685497585,500000.0,408166.86721805047,0.8163337344361009,-0.30866432280120104,0,2,False,52,0,52,110,1.642062940007442,142,0.45774647887323944,-0.5312410514026843
C_1081_strict,segment_limit_up_ratio_bucket=3pct_5pct;segment_limit_height_rank_bucket=rank_1,328,8,0,0,2,0,0,308,10,0.375,-0.02158000705322223,-0.015391586256377592,0.10309921201500774,-0.1415997640325775,0.9291661262110371,500000.0,406529.9856542329,0.8130599713084659,-0.2616544987089382,0,3,False,8,0,8,172,1.4509677138448647,30,0.43333333333333335,-0.3007641398396108
C_0679_strict,segment_chain_count_bucket=gte_10;open_times_bucket=2_3,328,31,0,0,3,0,0,263,31,0.3548387096774194,-0.004891489369542635,-0.019775384692976898,0.17389452376195247,-0.12773537880301525,1.502834532611694,500000.0,404231.1311576784,0.8084622623153568,-0.37025911680494106,0,2,False,31,0,31,144,1.541378899310336,59,0.5254237288135594,-0.44233999870085805
C_0491_strict,market_chain_count_bucket=3_8;open_times_bucket=2_3,328,24,0,0,0,0,0,286,18,0.4583333333333333,-0.006433537011635592,-0.0034374130101127694,0.11686583816183815,-0.16842966633366624,0.916500622043788,500000.0,402716.00935582846,0.8054320187116569,-0.333342177329906,0,1,False,24,0,24,93,1.72708265874476,55,0.5454545454545454,-0.500756215283932
C_0506_strict,market_chain_count_bucket=3_8;limit_times_detail_bucket=2,328,10,0,0,0,0,0,309,9,0.6,-0.020765121613984916,0.006775608034357158,0.11686583816183815,-0.15893009201354988,0.34152634861770287,500000.0,391134.10842941323,0.7822682168588264,-0.30897829015150025,0,2,False,10,0,10,134,1.5753295489391166,53,0.5471698113207547,-0.41782110449669396
C_0458_strict,market_chain_count_bucket=3_8;amount_ratio_bucket=2_3,328,13,0,0,0,0,0,304,11,0.23076923076923078,-0.018284682927877348,-0.01984676430418894,0.06416208349697478,-0.07056276734779064,1.103056391008729,500000.0,389563.8693400683,0.7791277386801366,-0.22087226131986337,0,0,False,13,0,13,37,2.0784952852966136,55,0.509090909090909,-0.31002357509437495
C_1790_strict,prev_pct_chg_bucket=0_3;limit_height_rank_bucket=rank_2_3,328,24,0,0,1,0,0,283,20,0.5416666666666666,-0.007826061470953742,0.005938001250686007,0.1158921776759827,-0.23424634469517502,0.6135083075897413,500000.0,388369.0341175429,0.7767380682350858,-0.23778788061143874,0,0,False,24,0,24,95,1.7209279086141338,70,0.6,-0.2896284248698141
C_0703_strict,segment_chain_count_bucket=3_5;limit_times_detail_bucket=3,328,13,0,0,0,0,0,304,11,0.46153846153846156,-0.016658247331931657,-0.019345348458122073,0.1635739478658994,-0.13775953646353653,0.7448566841217061,500000.0,381506.31588265335,0.7630126317653066,-0.31403748762009354,0,2,False,13,0,13,66,1.88520829478018,53,0.5849056603773585,-0.30099881065790834
C_0382_strict,market_chain_count_bucket=15_30;segment_emotion_state_bucket=mixed,328,7,0,0,0,0,0,317,4,0.42857142857142855,-0.035041301159371194,-0.03922408684383502,0.07827642757242771,-0.15652531681971424,0.5017467046086584,500000.0,379595.0034353669,0.7591900068707338,-0.34199389738500874,0,0,False,7,0,7,22,2.407717456269065,46,0.5869565217391305,-0.2641664332822251
C_1681_strict,turnover_rate_bucket=10_15;segment_limit_height_rank_bucket=rank_1,328,34,0,0,1,0,0,262,31,0.38235294117647056,-0.004976665236899768,-0.016033080356137524,0.1877260209238617,-0.18253476123876122,1.3908263884155576,500000.0,373109.04590000515,0.7462180918000103,-0.3613018375546435,0,4,False,34,0,34,124,1.5949629651872022,131,0.4732824427480916,-0.4975947067808958
C_1211_strict,fd_ratio_bucket=0_1pct_0_3pct;limit_times_detail_bucket=3,328,18,0,0,2,0,0,294,14,0.3888888888888889,-0.013794563172400635,-0.019056272626687226,0.11574749243935112,-0.14082353318685611,0.9819967498839809,500000.0,371094.09982760675,0.7421881996552135,-0.29622844971515505,0,0,False,18,0,18,146,1.537969187704066,40,0.5,-0.24727899141675957
C_0965_strict,segment_limit_up_ratio_bucket=1pct_2pct;first_time_detail_bucket=before_1000,328,35,0,0,5,0,0,258,30,0.37142857142857144,-0.0061027385778411715,-0.0170504583076497,0.19188049383583486,-0.2156528163679894,1.3502379001036318,500000.0,366269.41750891216,0.7325388350178244,-0.394729092309695,0,4,False,35,0,35,94,1.722642380631552,151,0.5165562913907285,-0.3923818466183393
C_0970_strict,segment_limit_up_ratio_bucket=2pct_3pct;first_time_detail_bucket=1000_1100,328,28,0,0,4,0,0,274,22,0.42857142857142855,-0.008792341228430619,-0.015413365443125784,0.13268322831885118,-0.17569221989385012,0.9806125314290365,500000.0,363876.21717937273,0.7277524343587455,-0.46041417939662654,0,2,False,28,0,28,141,1.5548516794698726,89,0.47191011235955055,-0.38044002456177695
C_0836_strict,segment_limit_up_count_bucket=40_80;amount_ratio_bucket=gte_5,328,20,0,0,1,0,0,287,20,0.4,-0.013658032336880432,-0.0031547499457063397,0.10840482549029917,-0.2107240820230698,0.8182628944997453,500000.0,361912.0911924111,0.7238241823848222,-0.3764901833484374,0,2,False,20,0,20,106,1.6612290632589584,49,0.4897959183673469,-0.4322659430066871
C_0716_strict,segment_chain_count_bucket=3_5;limit_height_rank_bucket=rank_2_3,328,24,0,0,2,0,0,281,21,0.375,-0.012154642051145912,-0.018276951262642428,0.1640530421018095,-0.11475756565757284,1.0351037204239224,500000.0,354642.32440214796,0.7092846488042959,-0.4581212150410642,0,3,False,24,0,24,11,2.83063185926806,93,0.5591397849462365,-0.43906988419063886
C_2110_strict,segment_limit_up_count_bucket=10_20;open_times_bucket=0;turnover_rate_bucket=6_10,328,28,0,0,0,0,0,273,27,0.5357142857142857,-0.01006697418463419,0.0054059516248128854,0.10384378000609025,-0.17305374225774217,0.6183048902726528,500000.0,347230.1177433669,0.6944602354867339,-0.34538940378571625,0,3,False,28,0,28,149,1.5223187484231997,82,0.5365853658536586,-0.4026485656534109
C_1669_strict,turnover_rate_bucket=10_15;limit_height_rank_bucket=rank_1,328,9,0,0,0,0,0,310,9,0.3333333333333333,-0.03697003531228338,-0.04578374366129733,0.10431146673820897,-0.18253476123876122,0.758260175455291,500000.0,342799.9073002197,0.6855998146004394,-0.35189617609081325,0,1,False,9,0,9,42,2.026569403622398,49,0.5510204081632653,-0.26665550039043573
C_1073_strict,segment_limit_up_ratio_bucket=1pct_2pct;segment_limit_height_rank_bucket=rank_2_3,328,49,0,0,0,0,0,242,37,0.42857142857142855,-0.0045797363905683616,-0.011726277686914735,0.1640530421018095,-0.17854275324675314,1.152495935135104,500000.0,340252.5292938455,0.6805050585876911,-0.5396298928539147,0,5,False,49,0,49,9,2.8779613209067976,147,0.4421768707482993,-0.36997307827600256
C_1577_strict,first_time_detail_bucket=1000_1100;limit_height_rank_bucket=rank_2_3,328,28,0,0,3,0,0,272,25,0.35714285714285715,-0.013318386989506723,-0.025496288138563895,0.14596013369681163,-0.15893009201354988,1.1933754742727878,500000.0,312554.5443002903,0.6251090886005806,-0.4339574377619644,0,3,False,28,0,28,170,1.4559520301135405,124,0.4435483870967742,-0.5880129638546583
C_1008_strict,segment_limit_up_ratio_bucket=3pct_5pct;amount_ratio_bucket=gte_5,328,11,0,0,0,0,0,303,14,0.2727272727272727,-0.04028883465780315,-0.022349124091098852,0.031106928301982043,-0.2107240820230698,0.34522929153060483,500000.0,308846.00318684505,0.61769200637369,-0.41368113438514387,0,2,False,11,0,11,89,1.7374359149140939,30,0.5333333333333333,-0.24305708393256642
C_0913_strict,segment_limit_up_count_bucket=10_20;segment_limit_height_rank_bucket=rank_1,328,23,0,0,4,0,0,278,23,0.391304347826087,-0.017957417486505166,-0.024472823176823102,0.18581870347833998,-0.15652531681971424,0.8825804355685596,500000.0,304493.9706135412,0.6089879412270824,-0.4560268560926787,0,2,False,23,0,23,75,1.8178762219166542,91,0.5274725274725275,-0.39220140868293785
C_1711_strict,amount_ratio_bucket=3_5;open_times_bucket=2_3,328,112,0,0,1,0,0,112,103,0.42857142857142855,-0.0018054131272496783,-0.010055232570707898,0.47357106841545565,-0.22051891755067676,1.2381801622688116,500000.0,301289.3883129113,0.6025787766258226,-0.5545080523358387,0,4,False,112,0,112,157,1.4946987236957496,157,0.4585987261146497,-0.5788473064986641
C_1209_strict,fd_ratio_bucket=0_1pct_0_3pct;limit_times_detail_bucket=1,328,104,0,0,4,0,0,132,88,0.38461538461538464,-0.0037519039635757635,-0.009036770126294728,0.15358009904435918,-0.12659042388597316,1.3248282824277184,500000.0,293673.41038423846,0.5873468207684769,-0.5598616073331724,0,3,False,104,0,104,87,1.7441619942346613,175,0.4857142857142857,-0.5991262803799146
C_0920_strict,segment_limit_up_ratio_bucket=1pct_2pct;fd_ratio_bucket=0_1pct_0_3pct,328,77,0,0,1,0,0,183,67,0.38961038961038963,-0.0055258098892078935,-0.008078827562048333,0.13787061850546142,-0.17854275324675314,1.1907329633689687,500000.0,290870.2680674458,0.5817405361348915,-0.5577898949029196,0,5,False,77,0,77,100,1.6973165500648044,137,0.5036496350364964,-0.468601248367605
C_0830_strict,segment_limit_up_count_bucket=20_40;amount_ratio_bucket=2_3,328,42,0,0,3,0,0,254,29,0.40476190476190477,-0.01183830328880834,-0.007463432117938221,0.08114787191755625,-0.17854275324675314,0.6830984178448348,500000.0,289826.67904840107,0.5796533580968022,-0.5153348394114379,0,3,False,42,0,42,15,2.648681396466658,136,0.5147058823529411,-0.43687365301854464
C_0031_strict,fd_ratio_bucket=0_3pct_0_5pct,328,119,0,0,2,0,0,113,94,0.453781512605042,-0.0032204831159116406,-0.005873512040198606,0.15004616432917728,-0.15652531681971424,1.0273711946856048,500000.0,286746.6230425755,0.573493246085151,-0.5229280186744467,0,3,False,119,0,119,166,1.4650097101969286,177,0.4745762711864407,-0.5608146507451863
C_1667_strict,turnover_rate_bucket=10_15;limit_height_rank_bucket=rank_4_10,328,55,0,0,1,0,0,224,48,0.41818181818181815,-0.010737341547881304,-0.01577184673391109,0.17633861028767173,-0.1587336139324593,0.9061872092752135,500000.0,245067.81062707616,0.49013562125415233,-0.533981918692798,0,3,False,55,0,55,44,2.0265235563378132,139,0.4892086330935252,-0.4185466484999997
