trade_date,ts_code,name,limit_close,limit_pct_chg,fd_amount,first_time,last_time,open_times,limit,limit_amount,limit_times,open,high,low,close,pre_close,pct_chg,vol,amount,turnover_rate,turnover_rate_f,volume_ratio,float_share,free_share,total_mv,circ_mv,is_low_amount,market_segment,limit_pct,first_time_bucket,board_type,is_st,limit_pct_bucket,fd_amount_to_circ_mv,is_fd_amount_abnormal,stock_count,up_count,down_count,flat_count,limit_up_count,limit_up_max_height,one_word_limit_count,opened_limit_count,total_amount,limit_up_fd_amount_sum,market_sentiment_level,sh_main_stock_count,sh_main_limit_up_count,sh_main_limit_up_ratio,sh_main_market_sentiment_level,sz_main_stock_count,sz_main_limit_up_count,sz_main_limit_up_ratio,sz_main_market_sentiment_level,chi_next_stock_count,chi_next_limit_up_count,chi_next_limit_up_ratio,chi_next_market_sentiment_level,star_stock_count,star_limit_up_count,star_limit_up_ratio,star_market_sentiment_level,bj_stock_count,bj_limit_up_count,bj_limit_up_ratio,bj_market_sentiment_level,other_stock_count,other_limit_up_count,other_limit_up_ratio,other_market_sentiment_level,main_board_limit_up_count,growth_board_limit_up_count,limit_5cm_count,limit_10cm_count,limit_20cm_count,limit_30cm_count,segment_limit_up_count,segment_stock_count,segment_limit_up_ratio,segment_market_sentiment_level,limit_times_fill_model,limit_times_bucket,board_type_fill_model,first_time_bucket_fill_model,market_sentiment_level_fill_model,market_segment_fill_model,segment_market_sentiment_level_fill_model,matched_source,sample_count,is_sample_enough,suggested_turnover_rate,circ_mv_fill_model,current_queue_amount,planned_buy_amount,estimated_turnover_amount,available_fill_amount,fill_probability,position_scale,allow_buy,min_fill_probability,score_error,is_fill_score_reliable,allow_buy_reliable,next_trade_date,next_open,exit_trade_date,exit_close,gross_return,fee_rate,net_return,is_win,holding_days_rule,prev_pct_chg,prev2_pct_chg,two_day_pct_chg,prev_amount,prev_turnover_rate,amount_ratio_1d,turnover_ratio_1d,market_leader_rank,segment_market_leader_rank,limit_height_rank,segment_limit_height_rank,theme_heat_score,same_theme_limit_count,retreat_state,segment_retreat_state,market_emotion_state,market_emotion_score,market_limit_down_count,market_limit_down_ratio,market_chain_count,market_limit_max_height,segment_emotion_state,segment_emotion_score,segment_limit_down_count,segment_limit_down_ratio,segment_chain_count,segment_limit_max_height,segment_open_rate,first_time_minutes,theme_heat_bucket,same_theme_limit_count_bucket,theme_limit_count_bucket,theme_limit_height_bucket,theme_heat_rank_bucket,theme_leader_rank_bucket,theme_height_rank_bucket,theme_is_mainline_bucket,market_emotion_state_bucket,segment_emotion_state_bucket,market_chain_count_bucket,segment_chain_count_bucket,market_limit_down_count_bucket,segment_limit_down_count_bucket,segment_limit_down_ratio_bucket,segment_limit_max_height_bucket,market_leader_rank_bucket,segment_market_leader_rank_bucket,limit_height_rank_bucket,segment_limit_height_rank_bucket,first_time_detail_bucket,limit_times_detail_bucket,open_times_bucket,amount_bucket,turnover_rate_bucket,volume_ratio_bucket,fd_ratio_bucket,pct_chg_bucket,prev_pct_chg_bucket,amount_ratio_bucket,limit_up_count_bucket,segment_limit_up_count_bucket,segment_limit_up_ratio_bucket,auction_strength_bucket,open_5m_strength_bucket,sector_moneyflow_bucket,top_list_net_buy_bucket,retreat_state_bucket,segment_retreat_state_bucket,d1_trade_date,d1_open,d1_high,d1_low,d1_close,d1_pre_close,d1_pct_chg,d2_trade_date,d2_open,d2_high,d2_low,d2_close,d2_pre_close,d2_pct_chg,d3_trade_date,d3_open,d3_high,d3_low,d3_close,d3_pre_close,d3_pct_chg,d4_trade_date,d4_open,d4_high,d4_low,d4_close,d4_pre_close,d4_pct_chg,d5_trade_date,d5_open,d5_high,d5_low,d5_close,d5_pre_close,d5_pct_chg,replay_rule,planned_position_pct,buy_executed,buy_reject_reason,buy_trade_date,buy_price_before_slippage,buy_price,buy_price_model,sell_executed,sell_reject_reason,exit_price_before_slippage,exit_price,exit_reason,sell_price_model,path_conflict,limit_down_blocked_days,daily_return,strict_account_return,strict_return_source
20240522,300500.SZ,启迪设计,11.46,20.0,32243661.0,103018,103018,0,U,,1,9.55,11.46,9.47,11.46,9.55,20.0,138271.57,150084.02,8.415,15.9233,1.28,16431.6105,8683.6105,199375.1999,188306.2563,False,chi_next,0.2,midday,one_word,False,20cm,0.0171229897686622,False,5343,3108,2021,214,39,4,21,18,834266654.7260001,2350411136.0,weak,1691,15,0.0088704908338261,weak,1493,14,0.0093770931011386,weak,1338,9,0.0067264573991031,weak,572,1,0.0017482517482517,weak,248,0,0.0,weak,1,0,0.0,weak,29,10,0,29,10,0,9,1338,0.0067264573991031,weak,1,1,one_word,midday,weak,chi_next,weak,exact,1336,True,12.16225,188306.2563,32243661.0,100000.0,229022776.56846753,196779115.56846753,1.0,1.0,True,0.6,,True,True,20240523,12.48,20240524,13.68,0.096153846153846,0.00362,0.09234372857911329,True,T+1_open_buy_T+2_close_sell,-5.8185,-5.5866,-11.405100000000001,78579.078,4.9857,1.9099743063923453,1.6878271857512486,18,5,3.0,2.0,,,neutral,neutral,mixed,5.04008983717013,4,0.0007486430844095,6,4,mixed,2.772645739910314,0,0.0,1,2,0.5555555555555556,630,unknown,unknown,unknown,unknown,unknown,unknown,unknown,unknown,mixed,mixed,3_8,lt_1,lt_5,lt_1,lt_0_1pct,2,rank_11_30,rank_4_10,rank_2_3,rank_2_3,1000_1100,1,0,1e8_3e8,6_10,1_2,1pct_2pct,19_5_20_5,lt_neg3,1_2_2,30_50,5_10,0_5pct_1pct,unknown,unknown,unknown,unknown,neutral,neutral,20240523,12.48,13.49,12.0,13.3,11.46,16.0558,20240524,12.92,14.58,12.52,13.68,13.3,2.8571,20240527,13.05,13.61,12.27,12.61,13.68,-7.8216,20240528,12.84,13.6,11.77,13.5,12.61,7.0579,20240529,12.4,13.44,12.4,12.95,13.5,-4.0741,fixed_t2_close,0.8,True,,20240523,12.48,12.492479999999999,daily_open_plus_slippage_no_l2,True,,13.68,13.666319999999999,fixed_close,daily_price_minus_slippage_no_l2,False,0,0.07387498286329063,0.07387498286329063,c_conservative_daily_replay_fixed_t2_close
20240523,002669.SZ,康达新材,10.25,9.98,39642182.0,93654,94442,3,U,,1,9.34,10.25,9.2,10.25,9.32,9.9785,225055.44,228354.513,7.4055,10.0449,3.95,30390.1323,22404.9602,313038.0473,311498.8561,False,sz_main,0.1,early_morning,multi_open,False,10cm,0.0127262688846837,False,5343,736,4578,29,27,4,12,15,855915356.517,1205037096.0,weak,1691,6,0.0035481963335304,weak,1493,12,0.0080375083724045,weak,1338,6,0.0044843049327354,weak,572,1,0.0017482517482517,weak,248,2,0.0080645161290322,weak,1,0,0.0,weak,18,7,0,18,7,2,12,1493,0.0080375083724045,weak,1,1,multi_open,early_morning,weak,sz_main,weak,exact,269,True,7.1166,311498.8561,39642182.0,100000.0,221681275.93212596,182039093.93212596,1.0,1.0,True,0.6,,True,True,20240524,10.55,20240527,9.95,-0.056872037914692,0.00362,-0.060376409467309974,False,T+1_open_buy_T+2_close_sell,1.7467,-2.5532,-0.8065,35563.143,1.263,6.421100435358034,5.863420427553445,11,6,4.0,4.0,,,weak_below_30,neutral,mixed,5.348119034250422,7,0.0013101253977166,9,4,mixed,6.1822505023442735,4,0.0026791694574681,5,4,0.5833333333333334,576,unknown,unknown,unknown,unknown,unknown,unknown,unknown,unknown,mixed,mixed,8_15,3_5,5_15,3_8,0_1pct_0_3pct,4_5,rank_11_30,rank_4_10,rank_4_10,rank_4_10,before_1000,1,2_3,1e8_3e8,6_10,2_4,1pct_2pct,9_5_10_5,0_3,gte_5,lt_30,10_20,0_5pct_1pct,unknown,unknown,unknown,unknown,weak_below_30,neutral,20240524,10.55,11.11,10.3,10.3,10.25,0.4878,20240527,10.1,10.13,9.54,9.95,10.3,-3.3981,20240528,9.9,10.3,9.63,9.75,9.95,-2.0101,20240529,9.62,10.2,9.62,10.11,9.68,4.4421,20240530,9.85,9.99,9.65,9.8,10.11,-3.0663,fixed_t2_close,0.8,True,,20240524,10.55,10.56055,daily_open_plus_slippage_no_l2,True,,9.95,9.94005,fixed_close,daily_price_minus_slippage_no_l2,False,0,-0.04830112757384798,-0.04830112757384798,c_conservative_daily_replay_fixed_t2_close
20240524,300882.SZ,万胜智能,26.63,20.01,50904576.0,105327,105327,0,U,,1,22.32,26.63,22.28,26.63,22.19,20.009,172433.62,433760.763,9.0643,29.933,5.84,19023.3592,5760.6445,544395.5455,506592.0555,False,chi_next,0.2,midday,one_word,False,20cm,0.0100484355108486,False,5343,1313,3852,178,38,5,18,20,769227662.741,1823046429.0,weak,1691,13,0.0076877587226493,weak,1493,15,0.0100468854655056,neutral,1338,8,0.0059790732436472,weak,572,1,0.0017482517482517,weak,248,1,0.0040322580645161,weak,1,0,0.0,weak,28,9,0,28,9,1,8,1338,0.0059790732436472,weak,1,1,one_word,midday,weak,chi_next,weak,exact,1336,True,12.16225,506592.0555,50904576.0,100000.0,616129922.7004875,565225346.7004875,1.0,1.0,True,0.6,,True,True,20240527,19.63,20240528,19.62,-0.0005094243504838,0.00362,-0.0041264085176157435,False,T+1_open_buy_T+2_close_sell,-2.7181,0.8846,-1.8335000000000001,64456.706,1.5196,6.729490070435805,5.964924980257962,25,5,4.0,2.0,,,neutral,neutral,mixed,5.5967808347370385,14,0.0026202507954332,6,5,mixed,2.6979073243647234,0,0.0,1,2,0.25,653,unknown,unknown,unknown,unknown,unknown,unknown,unknown,unknown,mixed,mixed,3_8,lt_1,5_15,lt_1,lt_0_1pct,2,rank_11_30,rank_4_10,rank_4_10,rank_2_3,1000_1100,1,0,3e8_8e8,6_10,4_8,1pct_2pct,19_5_20_5,neg3_0,gte_5,30_50,5_10,0_5pct_1pct,unknown,unknown,unknown,unknown,neutral,neutral,20240527,19.63,20.36,18.22,18.56,18.59,-0.1614,20240528,17.91,20.0,17.91,19.62,18.56,5.7112,20240529,18.75,18.96,18.23,18.48,19.62,-5.8104,20240530,18.84,18.99,17.55,17.78,18.48,-3.7879,20240531,17.5,18.08,17.02,17.99,17.78,1.1811,fixed_t2_close,0.8,True,,20240527,19.63,19.64963,daily_open_plus_slippage_no_l2,True,,19.62,19.60038,fixed_close,daily_price_minus_slippage_no_l2,False,0,-0.003301126814092595,-0.003301126814092595,c_conservative_daily_replay_fixed_t2_close
20240529,603778.SH,国晟科技,3.82,10.09,3966688.0,93313,144755,2,U,,1,3.43,3.82,3.43,3.82,3.47,10.0865,642140.5,242700.239,9.9889,13.7356,1.68,64285.7142,46750.0835,245571.4282,245571.4282,False,sh_main,0.1,early_morning,multi_open,False,10cm,0.001615288891332,False,5341,2754,2312,275,30,4,12,18,711809572.0270001,1072749397.0,weak,1690,12,0.0071005917159763,weak,1493,13,0.0087073007367716,weak,1337,5,0.0037397157816005,weak,572,0,0.0,weak,248,0,0.0,weak,1,0,0.0,weak,25,5,0,25,5,0,12,1690,0.0071005917159763,weak,1,1,multi_open,early_morning,weak,sh_main,weak,exact,457,True,5.3554,245571.4282,3966688.0,100000.0,131513322.658228,127546634.658228,1.0,1.0,True,0.6,,True,True,20240530,3.92,20240531,3.63,-0.0739795918367347,0.00362,-0.07744978246243532,False,T+1_open_buy_T+2_close_sell,-1.4205,-3.8251,-5.2456,62292.543,2.8012,3.896136316027426,3.565936027416821,9,5,4.0,4.0,,,neutral,retreat_2day,mixed,4.514547837483617,11,0.0020595394120951,5,4,retreat,5.055029585798817,5,0.0029585798816568,3,4,0.6666666666666666,573,unknown,unknown,unknown,unknown,unknown,unknown,unknown,unknown,mixed,retreat,3_8,1_3,5_15,3_8,0_1pct_0_3pct,4_5,rank_4_10,rank_4_10,rank_4_10,rank_4_10,before_1000,1,2_3,1e8_3e8,6_10,1_2,0_1pct_0_3pct,9_5_10_5,neg3_0,3_5,lt_30,10_20,0_5pct_1pct,unknown,unknown,unknown,unknown,neutral,retreat_2day,20240530,3.92,4.0,3.7,3.72,3.82,-2.6178,20240531,3.71,3.79,3.58,3.63,3.72,-2.4194,20240603,3.6,3.75,3.53,3.71,3.63,2.2039,20240604,3.7,3.96,3.55,3.85,3.71,3.7736,20240605,3.74,3.81,3.64,3.67,3.85,-4.6753,fixed_t2_close,0.8,True,,20240530,3.92,3.9239199999999994,daily_open_plus_slippage_no_l2,True,,3.63,3.62637,fixed_close,daily_price_minus_slippage_no_l2,False,0,-0.06195982596994826,-0.06195982596994826,c_conservative_daily_replay_fixed_t2_close
20240530,600992.SH,贵绳股份,13.52,10.01,69178432.0,100920,100920,0,U,,1,12.8,13.52,12.65,13.52,12.29,10.0081,160330.51,213183.011,6.5417,8.5464,3.08,24509.0,18760.0182,331361.68,331361.68,False,sh_main,0.1,midday,one_word,False,10cm,0.020877016316431,False,5342,1674,3517,151,29,3,18,11,726817318.7019999,1458274756.0,weak,1690,11,0.0065088757396449,weak,1492,13,0.0087131367292225,weak,1338,5,0.0037369207772795,weak,572,0,0.0,weak,249,0,0.0,weak,1,0,0.0,weak,24,5,0,24,5,0,11,1690,0.0065088757396449,weak,1,1,one_word,midday,weak,sh_main,weak,exact,796,True,2.7651000000000003,331361.68,69178432.0,100000.0,91624818.1368,22446386.13680001,1.0,1.0,True,0.6,,True,True,20240531,14.86,,15.25,0.0262449528936743,0.00362,0.0,False,T+1_open_buy_T+2_close_sell,0.3265,-1.5273,-1.2008,24913.862,0.8247,8.556803076134884,7.9322177761610275,15,6,3.0,3.0,,,weak_below_30,retreat_2day,mixed,3.828378884312992,14,0.0026207412953949,6,3,retreat,4.0538461538461545,7,0.0041420118343195,3,3,0.3636363636363636,609,unknown,unknown,unknown,unknown,unknown,unknown,unknown,unknown,mixed,retreat,3_8,1_3,5_15,3_8,0_3pct_0_8pct,3,rank_11_30,rank_4_10,rank_2_3,rank_2_3,1000_1100,1,0,1e8_3e8,6_10,2_4,2pct_5pct,9_5_10_5,0_3,gte_5,lt_30,10_20,0_5pct_1pct,unknown,unknown,unknown,unknown,weak_below_30,retreat_2day,20240531,14.86,14.87,14.6,14.87,13.52,9.9852,20240603,14.69,16.34,14.31,15.25,14.87,2.5555,20240604,14.8,15.67,14.79,14.97,15.25,-1.8361,20240605,14.9,15.09,14.14,14.29,14.97,-4.5424,20240606,14.2,14.47,13.33,13.65,14.29,-4.4787,fixed_t2_close,0.8,False,open_limit_up_unbuyable,20240531,14.86,,daily_open_limit_up_queue_rejected,False,,,,no_buy,,False,0,0.0,0.0,c_conservative_daily_replay_fixed_t2_close
20240531,601929.SH,吉视传媒,1.11,9.9,19936449.0,134933,134933,0,U,,1,0.98,1.11,0.98,1.11,1.01,9.901,2252349.97,236529.166,6.4541,9.3589,1.49,348978.8168,240665.0804,387366.4866,387366.4866,False,sh_main,0.1,midday,one_word,False,10cm,0.0051466633510261,False,5341,3267,1826,248,29,4,15,14,717853303.4790001,1250051706.0,weak,1689,10,0.0059206631142687,weak,1492,10,0.0067024128686327,weak,1338,9,0.0067264573991031,weak,572,0,0.0,weak,249,0,0.0,weak,1,0,0.0,weak,20,9,1,19,9,0,10,1689,0.0059206631142687,weak,1,1,one_word,midday,weak,sh_main,weak,exact,796,True,2.7651000000000003,387366.4866,19936449.0,100000.0,107110707.209766,87174258.209766,1.0,1.0,True,0.6,,True,True,20240603,1.09,20240604,1.07,-0.018348623853211,0.00362,-0.021929965264093455,False,T+1_open_buy_T+2_close_sell,-2.8846,-10.3448,-13.229399999999998,310902.207,9.0903,0.760783168065449,0.7099985699041836,25,9,3.0,3.0,,,weak_below_30,retreat_2day,mixed,4.808163265306123,6,0.00112338513387,6,4,retreat,5.649970396684429,2,0.0011841326228537,4,4,0.5,829,unknown,unknown,unknown,unknown,unknown,unknown,unknown,unknown,mixed,retreat,3_8,3_5,5_15,1_3,0_1pct_0_3pct,4_5,rank_11_30,rank_4_10,rank_2_3,rank_2_3,1330_1430,1,0,1e8_3e8,6_10,1_2,0_5pct_1pct,9_5_10_5,neg3_0,lt_0_8,lt_30,5_10,0_5pct_1pct,unknown,unknown,unknown,unknown,weak_below_30,retreat_2day,20240603,1.09,1.13,1.01,1.04,1.11,-6.3063,20240604,1.03,1.08,1.01,1.07,1.04,2.8846,20240605,1.12,1.18,1.1,1.15,1.07,7.4766,20240606,1.1,1.15,1.04,1.04,1.15,-9.5652,20240607,1.14,1.14,1.08,1.14,1.04,9.6154,fixed_t2_close,0.8,True,,20240603,1.09,1.09109,daily_open_plus_slippage_no_l2,True,,1.07,1.0689300000000002,fixed_close,daily_price_minus_slippage_no_l2,False,0,-0.017543972211274763,-0.017543972211274763,c_conservative_daily_replay_fixed_t2_close
20240604,300270.SZ,中威电子,6.83,20.04,46883169.0,93030,93030,0,U,,1,5.99,6.83,5.99,6.83,5.69,20.0351,206858.04,139516.889,8.5269,12.1735,2.94,24259.4546,16992.5558,206816.5171,165692.0749,False,chi_next,0.2,open_limit,one_word,False,20cm,0.0282953599490472,False,5340,2077,3128,135,33,4,19,14,748900292.637,1540203251.0,weak,1687,17,0.0100770598695909,neutral,1493,8,0.0053583389149363,weak,1338,8,0.0059790732436472,weak,572,0,0.0,weak,249,0,0.0,weak,1,0,0.0,weak,25,8,0,25,8,0,8,1338,0.0059790732436472,weak,1,1,one_word,open_limit,weak,chi_next,weak,exact,209,True,3.2672,165692.0749,46883169.0,100000.0,54134914.711328,7251745.711328,1.0,1.0,True,0.6,,True,True,20240605,7.88,20240606,5.96,-0.2436548223350253,0.00362,-0.24678600151117908,False,T+1_open_buy_T+2_close_sell,-2.2337,4.4883,2.2546,58689.146,4.1696,2.3772179101055584,2.0450163085188025,4,3,2.0,2.0,,,neutral,neutral,mixed,4.346067415730337,21,0.0039325842696629,5,4,mixed,2.749476831091181,5,0.0037369207772795,2,2,0.5,570,unknown,unknown,unknown,unknown,unknown,unknown,unknown,unknown,mixed,mixed,3_8,1_3,15_30,3_8,0_3pct_0_8pct,2,rank_4_10,rank_2_3,rank_2_3,rank_2_3,open_auction,1,0,1e8_3e8,6_10,2_4,2pct_5pct,19_5_20_5,neg3_0,2_3,30_50,5_10,0_5pct_1pct,unknown,unknown,unknown,unknown,neutral,neutral,20240605,7.88,8.2,7.12,7.3,6.83,6.8814,20240606,6.57,6.89,5.96,5.96,7.3,-18.3562,20240607,5.93,6.22,5.63,5.71,5.96,-4.1946,20240611,5.87,6.2,5.87,5.94,5.71,4.028,20240612,5.84,6.18,5.7,6.12,5.94,3.0303,fixed_t2_close,0.8,True,,20240605,7.88,7.887879999999999,daily_open_plus_slippage_no_l2,True,,5.96,5.95404,fixed_close,daily_price_minus_slippage_no_l2,False,0,-0.19742880120894327,-0.19742880120894327,c_conservative_daily_replay_fixed_t2_close
20240605,000519.SZ,中兵红箭,14.96,10.0,154550264.0,101457,101457,0,U,,1,13.77,14.96,13.74,14.96,13.6,10.0,1023142.28,1498027.549,7.3472,12.7419,4.03,139255.8982,80297.7002,2083268.2371,2083268.2371,False,sz_main,0.1,midday,one_word,False,10cm,0.0074186444763896,False,5345,674,4606,65,19,3,11,8,691542698.2609999,941738277.0,weak,1692,6,0.0035460992907801,weak,1492,9,0.0060321715817694,weak,1339,3,0.0022404779686333,weak,572,1,0.0017482517482517,weak,249,0,0.0,weak,1,0,0.0,weak,15,4,0,15,4,0,9,1492,0.0060321715817694,weak,1,1,one_word,midday,weak,sz_main,weak,exact,593,True,4.011,2083268.2371,154550264.0,100000.0,835598889.9008101,681048625.9008101,1.0,1.0,True,0.6,,True,True,20240606,15.0,20240607,15.14,0.0093333333333334,0.00362,0.005696683316683337,True,T+1_open_buy_T+2_close_sell,0.8154,0.6716,1.487,288895.916,1.5453,5.185353845569765,4.7545460428395785,13,7,3.0,2.0,,,weak_below_30,warming_2day,ice_point,3.353414405986904,9,0.0016838166510757,4,3,warming,3.461930294906166,3,0.0020107238605898,3,2,0.4444444444444444,614,unknown,unknown,unknown,unknown,unknown,unknown,unknown,unknown,ice_point,warming,3_8,1_3,5_15,1_3,0_1pct_0_3pct,2,rank_11_30,rank_4_10,rank_2_3,rank_2_3,1000_1100,1,0,8e8_15e8,6_10,4_8,0_5pct_1pct,9_5_10_5,0_3,gte_5,lt_30,5_10,0_5pct_1pct,unknown,unknown,unknown,unknown,weak_below_30,warming_2day,20240606,15.0,15.14,14.4,14.49,14.96,-3.1417,20240607,14.47,15.44,14.28,15.14,14.49,4.4859,20240611,15.05,15.78,14.81,15.68,15.14,3.5667,20240612,15.35,15.99,15.25,15.53,15.68,-0.9566,20240613,15.29,15.6,15.06,15.23,15.53,-1.9317,fixed_t2_close,0.8,True,,20240606,15.0,15.014999999999999,daily_open_plus_slippage_no_l2,True,,15.14,15.12486,fixed_close,daily_price_minus_slippage_no_l2,False,0,0.00455734665334667,0.00455734665334667,c_conservative_daily_replay_fixed_t2_close
20240606,603132.SH,金徽股份,14.49,10.02,47046682.0,132902,132902,0,U,,1,13.37,14.49,13.2,14.49,13.17,10.0228,112159.83,156903.043,7.0276,11.4449,2.96,15960.0,9800.0,1417122.0,231260.4,False,sh_main,0.1,midday,one_word,False,10cm,0.020343596223132,False,5347,509,4809,29,22,4,13,9,849209743.542,1245021581.0,weak,1692,11,0.0065011820330969,weak,1494,5,0.00334672021419,weak,1339,6,0.0044809559372666,weak,572,0,0.0,weak,249,0,0.0,weak,1,0,0.0,weak,16,6,0,16,6,0,11,1692,0.0065011820330969,weak,1,1,one_word,midday,weak,sh_main,weak,exact,796,True,2.7651000000000003,231260.4,47046682.0,100000.0,63945813.204,16899131.204000004,1.0,1.0,True,0.6,,True,True,20240607,14.9,20240611,13.48,-0.0953020134228187,0.00362,-0.09872960180758832,False,T+1_open_buy_T+2_close_sell,-1.936,0.4488,-1.4872,30548.694,1.4411,5.136162056551419,4.876552633405037,17,9,2.0,1.0,,,weak_below_30,neutral,ice_point,2.7507013278473917,74,0.0138395361885169,4,4,ice_point,2.0806146572104023,32,0.0189125295508274,1,4,0.4545454545454545,809,unknown,unknown,unknown,unknown,unknown,unknown,unknown,unknown,ice_point,ice_point,3_8,lt_1,gte_60,gte_15,gte_1_5pct,4_5,rank_11_30,rank_4_10,rank_2_3,rank_1,1100_1330,1,0,1e8_3e8,6_10,2_4,2pct_5pct,9_5_10_5,neg3_0,gte_5,lt_30,10_20,0_5pct_1pct,unknown,unknown,unknown,unknown,weak_below_30,neutral,20240607,14.9,14.98,13.9,14.23,14.49,-1.7943,20240611,13.75,13.92,13.18,13.48,14.23,-5.2706,20240612,13.29,13.75,13.03,13.64,13.48,1.1869,20240613,13.6,13.64,12.94,13.06,13.64,-4.2522,20240614,12.86,13.23,12.78,13.15,13.06,0.6891,fixed_t2_close,0.8,True,,20240607,14.9,14.9149,daily_open_plus_slippage_no_l2,True,,13.48,13.466520000000001,fixed_close,daily_price_minus_slippage_no_l2,False,0,-0.07898368144607065,-0.07898368144607065,c_conservative_daily_replay_fixed_t2_close
20240611,603383.SH,顶点软件,37.4,10.0,18773304.0,102141,140856,2,U,,1,33.7,37.4,33.7,37.4,34.0,10.0,127447.9,466746.042,6.2594,10.8415,3.05,20360.9059,11755.6082,768332.2071,761497.8807,False,sh_main,0.1,midday,multi_open,False,10cm,0.002465312704842,False,5344,3044,2137,163,27,6,15,12,705307997.8510001,1685223748.0,weak,1693,12,0.0070880094506792,weak,1490,8,0.0053691275167785,weak,1339,6,0.0044809559372666,weak,572,1,0.0017482517482517,weak,249,0,0.0,weak,1,0,0.0,weak,20,7,0,20,7,0,12,1693,0.0070880094506792,weak,1,1,multi_open,midday,weak,sh_main,weak,exact,612,True,4.6078,761497.8807,18773304.0,100000.0,350882993.468946,332109689.468946,1.0,1.0,True,0.6,,True,True,20240612,38.29,20240613,36.5,-0.0467484983024287,0.00362,-0.05027309670741879,False,T+1_open_buy_T+2_close_sell,1.7964,1.8914,3.6878,126939.122,1.8317,3.676928236513248,3.417262652181034,14,7,4.0,3.0,,,weak_below_30,neutral,mixed,6.325598802395211,8,0.0014970059880239,6,6,mixed,6.225280567040756,4,0.002362669816893,2,6,0.5833333333333334,621,unknown,unknown,unknown,unknown,unknown,unknown,unknown,unknown,mixed,mixed,3_8,1_3,5_15,3_8,0_1pct_0_3pct,gte_6,rank_11_30,rank_4_10,rank_4_10,rank_2_3,1000_1100,1,2_3,3e8_8e8,6_10,2_4,0_1pct_0_3pct,9_5_10_5,0_3,3_5,lt_30,10_20,0_5pct_1pct,unknown,unknown,unknown,unknown,weak_below_30,neutral,20240612,38.29,38.58,36.4,36.55,37.4,-2.2727,20240613,36.48,37.0,36.03,36.5,36.55,-0.1368,20240614,36.15,37.8,35.6,37.6,36.5,3.0137,20240617,36.9,37.08,35.6,36.59,37.6,-2.6862,20240618,36.21,37.48,36.03,37.48,36.59,2.4324,fixed_t2_close,0.8,True,,20240612,38.29,38.328289999999996,daily_open_plus_slippage_no_l2,True,,36.5,36.4635,fixed_close,daily_price_minus_slippage_no_l2,False,0,-0.040218477365935035,-0.040218477365935035,c_conservative_daily_replay_fixed_t2_close
20240613,603320.SH,迪贝电气,15.42,9.99,18527130.0,104317,104436,2,U,,1,14.26,15.42,13.87,15.42,14.02,9.9857,90744.02,133779.466,6.9786,20.9516,2.23,13003.1376,4331.1346,200508.3818,200508.3818,False,sh_main,0.1,midday,multi_open,False,10cm,0.0092400775636801,False,5349,1740,3483,126,45,4,23,22,755110981.681,2244733453.0,weak,1692,11,0.0065011820330969,weak,1494,18,0.0120481927710843,neutral,1340,5,0.003731343283582,weak,573,11,0.019197207678883,neutral,249,0,0.0,weak,1,0,0.0,weak,29,16,0,29,16,0,11,1692,0.0065011820330969,weak,1,1,multi_open,midday,weak,sh_main,weak,exact,612,True,4.6078,200508.3818,18527130.0,100000.0,92390252.165804,73863122.165804,1.0,1.0,True,0.6,,True,True,20240614,15.88,20240617,14.88,-0.0629722921914357,0.00362,-0.06646447542382032,False,T+1_open_buy_T+2_close_sell,2.4854,2.7799,5.2653,92535.578,5.0802,1.4457084387585497,1.3736860753513642,20,4,3.0,1.0,,,retreat_weak,neutral,mixed,5.751542344363433,4,0.0007478033277248,9,4,mixed,2.608274231678487,2,0.0011820330969267,1,2,0.5454545454545454,643,unknown,unknown,unknown,unknown,unknown,unknown,unknown,unknown,mixed,mixed,8_15,lt_1,lt_5,1_3,0_1pct_0_3pct,2,rank_11_30,rank_4_10,rank_2_3,rank_1,1000_1100,1,2_3,1e8_3e8,6_10,2_4,0_5pct_1pct,9_5_10_5,0_3,1_2_2,30_50,10_20,0_5pct_1pct,unknown,unknown,unknown,unknown,retreat_weak,neutral,20240614,15.88,16.18,14.71,14.82,15.42,-3.8911,20240617,14.65,14.94,14.31,14.88,14.82,0.4049,20240618,14.87,15.12,14.35,14.93,14.88,0.336,20240619,14.83,14.96,14.45,14.5,14.93,-2.8801,20240620,14.5,14.52,14.1,14.17,14.5,-2.2759,fixed_t2_close,0.8,True,,20240614,15.88,15.895879999999998,daily_open_plus_slippage_no_l2,True,,14.88,14.865120000000001,fixed_close,daily_price_minus_slippage_no_l2,False,0,-0.05317158033905626,-0.05317158033905626,c_conservative_daily_replay_fixed_t2_close
20240614,603083.SH,剑桥科技,34.25,9.99,128984849.0,95309,95309,0,U,,1,31.74,34.25,31.2,34.25,31.14,9.9872,192158.48,638142.415,7.2492,8.908,2.11,26507.7209,21571.488,918043.3054,907889.4408,False,sh_main,0.1,early_morning,one_word,False,10cm,0.0142071097210187,False,5350,2684,2401,265,26,5,15,11,850851802.5339999,1227600108.0,weak,1693,11,0.0064973419964559,weak,1494,9,0.0060240963855421,weak,1340,5,0.003731343283582,weak,573,1,0.0017452006980802,weak,249,0,0.0,weak,1,0,0.0,weak,20,6,1,19,6,0,11,1693,0.0064973419964559,weak,1,1,one_word,early_morning,weak,sh_main,weak,exact,459,True,2.26625,907889.4408,128984849.0,100000.0,205750444.52129996,76765595.52129996,1.0,1.0,True,0.6,,True,True,20240617,36.0,20240618,37.3,0.0361111111111109,0.00362,0.032420959040959166,True,T+1_open_buy_T+2_close_sell,-1.2056,1.8746,0.669,239104.154,2.8656,2.6688888684050216,2.5297319932998326,14,5,4.0,2.0,,,weak_below_30,neutral,ice_point,6.351401869158879,6,0.0011214953271028,10,5,mixed,4.607974010632015,2,0.0011813349084465,5,2,0.3636363636363636,593,unknown,unknown,unknown,unknown,unknown,unknown,unknown,unknown,ice_point,mixed,8_15,3_5,5_15,1_3,0_1pct_0_3pct,2,rank_11_30,rank_4_10,rank_4_10,rank_2_3,before_1000,1,0,3e8_8e8,6_10,2_4,1pct_2pct,9_5_10_5,neg3_0,2_3,lt_30,10_20,0_5pct_1pct,unknown,unknown,unknown,unknown,weak_below_30,neutral,20240617,36.0,36.43,35.38,35.9,34.25,4.8175,20240618,35.9,38.89,35.9,37.3,35.9,3.8997,20240619,37.19,37.45,35.75,35.75,37.3,-4.1555,20240620,35.8,36.28,34.4,34.43,35.75,-3.6923,20240621,33.9,35.48,33.5,34.73,34.43,0.8713,fixed_t2_close,0.8,True,,20240617,36.0,36.035999999999994,daily_open_plus_slippage_no_l2,True,,37.3,37.262699999999995,fixed_close,daily_price_minus_slippage_no_l2,False,0,0.025936767232767333,0.025936767232767333,c_conservative_daily_replay_fixed_t2_close
20240617,002198.SZ,嘉应制药,7.37,10.0,108311731.0,142918,142918,0,U,,1,6.81,7.37,6.77,7.37,6.7,10.0,317960.36,228282.246,6.2651,8.5015,3.51,50750.9848,37400.3152,374034.758,374034.758,False,sz_main,0.1,afternoon,one_word,False,10cm,0.0289576646777837,False,5349,1602,3598,149,26,4,13,13,754019526.039,1035108986.0,weak,1693,8,0.0047253396337861,weak,1493,14,0.0093770931011386,weak,1340,4,0.0029850746268656,weak,573,0,0.0,weak,249,0,0.0,weak,1,0,0.0,weak,22,4,2,20,4,0,14,1493,0.0093770931011386,weak,1,1,one_word,afternoon,weak,sz_main,weak,exact,85,True,6.1336,374034.758,108311731.0,100000.0,229417959.16688,121106228.16688,1.0,1.0,True,0.6,,True,True,20240618,7.42,20240619,7.22,-0.0269541778975741,0.00362,-0.030518325394282165,False,T+1_open_buy_T+2_close_sell,-2.3324,1.3294,-1.003,63829.587,1.8695,3.576433073270551,3.351216902915218,20,13,4.0,3.0,,,weak_below_30,neutral,ice_point,4.573901663862404,5,0.000934754159656,5,4,mixed,4.735833891493637,5,0.0033489618218352,2,4,0.5,869,unknown,unknown,unknown,unknown,unknown,unknown,unknown,unknown,ice_point,mixed,3_8,1_3,lt_5,3_8,0_3pct_0_8pct,4_5,rank_11_30,rank_11_30,rank_4_10,rank_2_3,1330_1430,1,0,1e8_3e8,6_10,2_4,2pct_5pct,9_5_10_5,neg3_0,3_5,lt_30,10_20,0_5pct_1pct,unknown,unknown,unknown,unknown,weak_below_30,neutral,20240618,7.42,7.6,7.3,7.49,7.37,1.6282,20240619,7.45,7.47,7.04,7.22,7.49,-3.6048,20240620,7.12,7.29,7.09,7.09,7.22,-1.8006,20240621,7.1,7.35,7.03,7.29,7.04,3.5511,20240624,7.23,7.55,7.18,7.31,7.29,0.2743,fixed_t2_close,0.8,True,,20240618,7.42,7.427419999999999,daily_open_plus_slippage_no_l2,True,,7.22,7.2127799999999995,fixed_close,daily_price_minus_slippage_no_l2,False,0,-0.024414660315425732,-0.024414660315425732,c_conservative_daily_replay_fixed_t2_close
20240618,300557.SZ,理工光科,28.98,20.0,51680062.0,111851,111851,0,U,,1,24.3,28.98,23.72,28.98,24.15,20.0,89714.19,239635.166,9.8677,19.3754,3.59,9091.6959,4630.3042,269693.5572,263477.3472,False,chi_next,0.2,midday,one_word,False,20cm,0.0196146130015385,False,5347,3991,1204,152,48,5,31,17,739586955.954,2106853478.0,weak,1692,14,0.0082742316784869,weak,1492,20,0.0134048257372654,neutral,1340,12,0.008955223880597,weak,573,2,0.0034904013961605,weak,249,0,0.0,weak,1,0,0.0,weak,34,14,1,33,14,0,12,1340,0.008955223880597,weak,1,1,one_word,midday,weak,chi_next,weak,exact,1336,True,12.16225,263477.3472,51680062.0,100000.0,320447736.59832,268767674.59832,1.0,1.0,True,0.6,,True,True,20240619,32.0,20240620,30.93,-0.0334375,0.00362,-0.03698869380619378,False,T+1_open_buy_T+2_close_sell,5.0,9.6805,14.6805,153351.764,6.7745,1.562650208575364,1.456594582626024,29,7,3.0,2.0,,,neutral,neutral,mixed,6.452814662427529,2,0.0003740415186085,8,5,mixed,3.4059701492537315,1,0.0007462686567164,2,2,0.25,678,unknown,unknown,unknown,unknown,unknown,unknown,unknown,unknown,mixed,mixed,3_8,1_3,lt_5,lt_1,lt_0_1pct,2,rank_11_30,rank_4_10,rank_2_3,rank_2_3,1100_1330,1,0,1e8_3e8,6_10,2_4,1pct_2pct,19_5_20_5,3_7,1_2_2,30_50,10_20,0_5pct_1pct,unknown,unknown,unknown,unknown,neutral,neutral,20240619,32.0,33.88,30.57,32.99,28.98,13.8371,20240620,32.0,33.64,30.46,30.93,32.99,-6.2443,20240621,28.9,30.61,27.23,27.29,30.93,-11.7685,20240624,26.73,27.81,26.3,27.1,27.29,-0.6962,20240625,26.8,29.35,26.47,27.8,27.1,2.583,fixed_t2_close,0.8,True,,20240619,32.0,32.032,daily_open_plus_slippage_no_l2,True,,30.93,30.89907,fixed_close,daily_price_minus_slippage_no_l2,False,0,-0.029590955044955028,-0.029590955044955028,c_conservative_daily_replay_fixed_t2_close
20240619,603005.SH,晶方科技,21.56,10.0,172972344.0,133900,133900,0,U,,1,19.63,21.56,19.32,21.56,19.6,10.0,504347.48,1036228.807,7.7334,9.4038,1.28,65217.1706,53632.194,1407038.4273,1406082.1981,False,sh_main,0.1,midday,one_word,False,10cm,0.012301723486275,False,5346,1605,3583,158,40,6,22,18,708881416.1669999,2005297735.0,weak,1692,16,0.0094562647754137,weak,1492,10,0.0067024128686327,weak,1339,12,0.0089619118745332,weak,573,1,0.0017452006980802,weak,249,1,0.0040160642570281,weak,1,0,0.0,weak,26,13,0,26,13,1,16,1692,0.0094562647754137,weak,1,1,one_word,midday,weak,sh_main,weak,exact,796,True,2.7651000000000003,1406082.1981,172972344.0,100000.0,388795788.596631,215823444.596631,1.0,1.0,True,0.6,,True,True,20240620,21.93,20240621,22.51,0.0264477884176927,0.00362,0.022776943685589534,True,T+1_open_buy_T+2_close_sell,-0.6085,2.3884,1.7798999999999998,569227.43,4.4467,1.8204126371773754,1.7391323903119167,31,14,5.0,3.0,,,retreat_weak,warming_2day,mixed,7.325776281331837,1,0.0001870557426112,9,6,warming,5.574704491725769,1,0.0005910165484633,3,4,0.4375,819,unknown,unknown,unknown,unknown,unknown,unknown,unknown,unknown,mixed,warming,8_15,1_3,lt_5,lt_1,lt_0_1pct,4_5,rank_gt_30,rank_11_30,rank_4_10,rank_2_3,1330_1430,1,0,8e8_15e8,6_10,1_2,1pct_2pct,9_5_10_5,neg3_0,1_2_2,30_50,10_20,0_5pct_1pct,unknown,unknown,unknown,unknown,retreat_weak,warming_2day,20240620,21.93,22.88,20.94,21.27,21.56,-1.3451,20240621,21.0,22.75,20.73,22.51,21.27,5.8298,20240624,22.0,23.07,21.6,21.78,22.51,-3.243,20240625,21.5,21.8,20.13,20.27,21.78,-6.933,20240626,20.3,20.77,19.6,20.69,20.27,2.072,fixed_t2_close,0.8,True,,20240620,21.93,21.951929999999997,daily_open_plus_slippage_no_l2,True,,22.51,22.48749,fixed_close,daily_price_minus_slippage_no_l2,False,0,0.01822155494847163,0.01822155494847163,c_conservative_daily_replay_fixed_t2_close
20240624,603390.SH,通达电气,8.12,10.03,30917712.0,103938,103938,0,U,,1,7.3,8.12,7.3,8.12,7.38,10.0271,261313.69,203558.394,7.4713,20.4556,1.35,34975.5265,12774.6785,285569.831,284001.2752,False,sh_main,0.1,midday,one_word,False,10cm,0.0108864694280781,False,5343,328,4992,23,22,3,12,10,699298779.4219999,813891403.0,weak,1689,10,0.0059206631142687,weak,1491,7,0.0046948356807511,weak,1340,5,0.003731343283582,weak,573,0,0.0,weak,249,0,0.0,weak,1,0,0.0,weak,17,5,1,16,5,0,10,1689,0.0059206631142687,weak,1,1,one_word,midday,weak,sh_main,weak,exact,796,True,2.7651000000000003,284001.2752,30917712.0,100000.0,78529192.605552,47611480.605552,1.0,1.0,True,0.6,,True,True,20240625,8.12,20240626,8.31,0.0233990147783251,0.00362,0.019734261502045002,True,T+1_open_buy_T+2_close_sell,0.1357,-4.1612,-4.0255,107778.535,4.1956,1.888672860509748,1.7807464963294881,15,7,3.0,3.0,,,weak_below_30,neutral,ice_point,3.517649260714955,22,0.0041175369642522,6,3,mixed,3.781586737714624,10,0.0059206631142687,3,3,0.5,639,unknown,unknown,unknown,unknown,unknown,unknown,unknown,unknown,ice_point,mixed,3_8,1_3,15_30,8_15,0_3pct_0_8pct,3,rank_11_30,rank_4_10,rank_2_3,rank_2_3,1000_1100,1,0,1e8_3e8,6_10,1_2,1pct_2pct,9_5_10_5,0_3,1_2_2,lt_30,5_10,0_5pct_1pct,unknown,unknown,unknown,unknown,weak_below_30,neutral,20240625,8.12,8.93,7.86,8.28,8.12,1.9704,20240626,8.03,8.42,7.67,8.31,8.28,0.3623,20240627,8.28,8.28,7.95,8.06,8.31,-3.0084,20240628,7.93,8.67,7.9,8.44,8.06,4.7146,20240701,8.25,8.26,8.01,8.23,8.44,-2.4882,fixed_t2_close,0.8,True,,20240625,8.12,8.12812,daily_open_plus_slippage_no_l2,True,,8.31,8.30169,fixed_close,daily_price_minus_slippage_no_l2,False,0,0.015787409201636002,0.015787409201636002,c_conservative_daily_replay_fixed_t2_close
20240627,600250.SH,南京商旅,7.61,9.97,20734967.0,102152,102152,0,U,,1,6.92,7.61,6.86,7.61,6.92,9.9711,240428.76,178287.41,8.4622,16.5386,2.19,28412.204,14537.4566,236361.9419,216216.8724,False,sh_main,0.1,midday,one_word,False,10cm,0.0095898931336128,False,5339,535,4732,72,30,4,18,12,630219762.1520001,1377108056.0,weak,1686,11,0.0065243179122182,weak,1488,9,0.0060483870967741,weak,1342,9,0.0067064083457526,weak,573,1,0.0017452006980802,weak,249,0,0.0,weak,1,0,0.0,weak,20,10,0,20,10,0,11,1686,0.0065243179122182,weak,1,1,one_word,midday,weak,sh_main,weak,exact,796,True,2.7651000000000003,216216.8724,20734967.0,100000.0,59786127.387324005,39051160.387324005,1.0,1.0,True,0.6,,True,True,20240628,7.5,20240701,7.67,0.0226666666666666,0.00362,0.019003376623376766,True,T+1_open_buy_T+2_close_sell,0.1447,4.0663,4.211,72587.887,3.7435,2.456159248718729,2.260504875116869,14,4,4.0,4.0,,,retreat_2day,retreat_2day,retreat,5.559617905974902,9,0.0016857089342573,10,4,retreat,5.49655990510083,5,0.0029655990510083,4,4,0.3636363636363636,621,unknown,unknown,unknown,unknown,unknown,unknown,unknown,unknown,retreat,retreat,8_15,3_5,5_15,3_8,0_1pct_0_3pct,4_5,rank_11_30,rank_4_10,rank_4_10,rank_4_10,1000_1100,1,0,1e8_3e8,6_10,2_4,0_5pct_1pct,9_5_10_5,0_3,2_3,lt_30,10_20,0_5pct_1pct,unknown,unknown,unknown,unknown,retreat_2day,retreat_2day,20240628,7.5,8.37,7.43,7.9,7.61,3.8108,20240701,7.7,7.85,7.6,7.67,7.9,-2.9114,20240702,7.65,7.78,7.52,7.59,7.67,-1.043,20240703,7.63,8.1,7.63,7.81,7.59,2.8986,20240704,7.73,7.74,7.19,7.21,7.81,-7.6825,fixed_t2_close,0.8,True,,20240628,7.5,7.507499999999999,daily_open_plus_slippage_no_l2,True,,7.67,7.66233,fixed_close,daily_price_minus_slippage_no_l2,False,0,0.015202701298701413,0.015202701298701413,c_conservative_daily_replay_fixed_t2_close
20240628,600361.SH,XD创新新,4.03,10.11,47240151.0,105816,105816,0,U,,1,3.73,4.03,3.61,4.03,3.66,10.1093,773145.46,301873.972,7.7438,7.7438,2.85,99840.2153,99840.2153,1747485.7137,402356.0677,False,sh_main,0.1,midday,one_word,False,10cm,0.0117408819680638,False,5338,3035,2069,234,34,3,17,17,706463314.9020001,1453022081.0,weak,1687,10,0.0059276822762299,weak,1486,16,0.0107671601615074,neutral,1342,7,0.0052160953800298,weak,573,0,0.0,weak,249,1,0.0040160642570281,weak,1,0,0.0,weak,26,7,0,26,7,1,10,1687,0.0059276822762299,weak,1,1,one_word,midday,weak,sh_main,weak,exact,796,True,2.7651000000000003,402356.0677,47240151.0,100000.0,111255476.27972704,64015325.27972703,1.0,1.0,True,0.6,,True,True,20240701,4.1,20240702,3.93,-0.0414634146341462,0.00362,-0.04499857264686506,False,T+1_open_buy_T+2_close_sell,4.4818,4.6921,9.1739,185539.695,5.029,1.6270047873044093,1.5398289918472858,22,6,3.0,1.0,,,neutral,retreat_2day,mixed,3.834619707755714,9,0.0016860247283626,5,3,retreat,1.0371072910491996,5,0.0029638411381149,0,1,0.6,658,unknown,unknown,unknown,unknown,unknown,unknown,unknown,unknown,mixed,retreat,3_8,lt_1,5_15,3_8,0_1pct_0_3pct,1,rank_11_30,rank_4_10,rank_2_3,rank_1,1000_1100,1,0,3e8_8e8,6_10,2_4,1pct_2pct,9_5_10_5,3_7,1_2_2,30_50,5_10,0_5pct_1pct,unknown,unknown,unknown,unknown,neutral,retreat_2day,20240701,4.1,4.12,3.74,3.96,4.03,-1.737,20240702,4.0,4.21,3.92,3.93,3.96,-0.7576,20240703,3.97,4.16,3.93,4.12,3.93,4.8346,20240704,4.08,4.13,3.94,3.97,4.12,-3.6408,20240705,3.93,4.0,3.79,3.96,3.97,-0.2519,fixed_t2_close,0.8,True,,20240701,4.1,4.104099999999999,daily_open_plus_slippage_no_l2,True,,3.93,3.92607,fixed_close,daily_price_minus_slippage_no_l2,False,0,-0.03599885811749205,-0.03599885811749205,c_conservative_daily_replay_fixed_t2_close
20240701,300763.SZ,锦浪科技,49.97,20.0,69688961.0,131757,131757,0,U,,1,47.44,49.97,46.5,49.97,41.64,20.0048,227239.7,1099764.549,7.0673,10.6424,3.94,32153.4605,21352.2276,2002232.6642,1606708.4212,False,chi_next,0.2,midday,one_word,False,20cm,0.0043373744781863,False,5336,3581,1620,135,39,4,23,16,660948188.189,1586914264.0,weak,1686,15,0.0088967971530249,weak,1484,14,0.0094339622641509,weak,1343,10,0.007446016381236,weak,573,0,0.0,weak,249,0,0.0,weak,1,0,0.0,weak,29,10,0,29,10,0,10,1343,0.007446016381236,weak,1,1,one_word,midday,weak,chi_next,weak,exact,1336,True,12.16225,1606708.4212,69688961.0,100000.0,1954118949.57397,1884429988.57397,1.0,1.0,True,0.6,,True,True,20240702,49.95,20240703,47.67,-0.0456456456456456,0.00362,-0.04917244755244736,False,T+1_open_buy_T+2_close_sell,-3.3426,-3.2345,-6.5771,321859.395,2.356,3.416909887002056,2.9997028862478783,25,7,3.0,2.0,,,warming_2day,neutral,warming,4.728485757121439,9,0.0016866566716641,5,4,mixed,3.255249441548772,1,0.0007446016381236,2,2,0.3,797,unknown,unknown,unknown,unknown,unknown,unknown,unknown,unknown,warming,mixed,3_8,1_3,5_15,lt_1,lt_0_1pct,2,rank_11_30,rank_4_10,rank_2_3,rank_2_3,1100_1330,1,0,8e8_15e8,6_10,2_4,0_3pct_0_5pct,19_5_20_5,lt_neg3,3_5,30_50,5_10,0_5pct_1pct,unknown,unknown,unknown,unknown,warming_2day,neutral,20240702,49.95,50.25,48.34,48.63,49.97,-2.6816,20240703,48.23,49.49,46.3,47.67,48.63,-1.9741,20240704,47.58,48.1,45.77,46.11,47.67,-3.2725,20240705,46.49,48.08,46.09,46.6,46.11,1.0627,20240708,45.98,46.51,45.02,46.01,46.6,-1.2661,fixed_t2_close,0.8,True,,20240702,49.95,49.99995,daily_open_plus_slippage_no_l2,True,,47.67,47.622330000000005,fixed_close,daily_price_minus_slippage_no_l2,False,0,-0.03933795804195789,-0.03933795804195789,c_conservative_daily_replay_fixed_t2_close
20240705,300111.SZ,向日葵,2.26,20.21,24730497.0,135354,135354,0,U,,1,1.86,2.26,1.84,2.26,1.88,20.2128,716496.68,151982.015,6.3984,7.9496,5.92,111980.0,90130.1583,290909.6214,253074.8,False,chi_next,0.2,midday,one_word,False,20cm,0.0097720108837387,False,5335,3927,1231,177,36,4,22,14,578496038.989,1442076178.0,weak,1688,7,0.0041469194312796,weak,1481,18,0.0121539500337609,neutral,1343,10,0.007446016381236,weak,573,1,0.0017452006980802,weak,249,0,0.0,weak,1,0,0.0,weak,25,11,0,25,11,0,10,1343,0.007446016381236,weak,1,1,one_word,midday,weak,chi_next,weak,exact,1336,True,12.16225,253074.8,24730497.0,100000.0,307795898.63,283065401.63,1.0,1.0,True,0.6,,True,True,20240708,2.3,20240709,2.35,0.0217391304347827,0.00362,0.018077693610737588,True,T+1_open_buy_T+2_close_sell,-5.5276,2.5773,-2.9502999999999995,33300.317,1.5568,4.563981027567996,4.109969167523124,23,10,3.0,1.0,,,neutral,neutral,mixed,4.78481724461106,4,0.0007497656982193,5,4,mixed,1.5446016381236038,0,0.0,0,1,0.3,833,unknown,unknown,unknown,unknown,unknown,unknown,unknown,unknown,mixed,mixed,3_8,lt_1,lt_5,lt_1,lt_0_1pct,1,rank_11_30,rank_4_10,rank_2_3,rank_1,1330_1430,1,0,1e8_3e8,6_10,4_8,0_5pct_1pct,19_5_20_5,lt_neg3,3_5,30_50,5_10,0_5pct_1pct,unknown,unknown,unknown,unknown,neutral,neutral,20240708,2.3,2.7,2.23,2.47,2.26,9.292,20240709,2.32,2.39,2.21,2.35,2.47,-4.8583,20240710,2.26,2.46,2.2,2.36,2.35,0.4255,20240711,2.31,2.45,2.27,2.36,2.36,0.0,20240712,2.31,2.56,2.3,2.36,2.36,0.0,fixed_t2_close,0.8,True,,20240708,2.3,2.3022999999999993,daily_open_plus_slippage_no_l2,True,,2.35,2.3476500000000002,fixed_close,daily_price_minus_slippage_no_l2,False,0,0.014462154888590071,0.014462154888590071,c_conservative_daily_replay_fixed_t2_close
20240708,002364.SZ,中恒电气,5.93,10.02,15416221.0,111036,111036,0,U,,1,5.8,5.93,5.57,5.93,5.39,10.0186,339394.24,197304.633,6.0814,10.2785,5.43,55808.6935,33019.8231,334194.0213,330945.5525,False,sz_main,0.1,midday,one_word,False,10cm,0.0046582348315437,False,5334,454,4851,29,19,3,10,9,585102736.338,731966083.0,weak,1687,4,0.0023710729104919,weak,1480,10,0.0067567567567567,weak,1344,5,0.003720238095238,weak,573,0,0.0,weak,249,0,0.0,weak,1,0,0.0,weak,14,5,0,14,5,0,10,1480,0.0067567567567567,weak,1,1,one_word,midday,weak,sz_main,weak,exact,593,True,4.011,330945.5525,15416221.0,100000.0,132742261.10775,117326040.10775,1.0,1.0,True,0.6,,True,True,20240709,5.93,20240710,6.03,0.0168634064080945,0.00362,0.013211711290396177,True,T+1_open_buy_T+2_close_sell,0.9363,-2.1978,-1.2614999999999998,23270.219,0.7803,8.47884727685631,7.79366910162758,15,8,3.0,2.0,,,weak_below_30,neutral,ice_point,3.3312335958005255,10,0.0018747656542932,4,3,mixed,3.3702702702702703,5,0.0033783783783783,3,2,0.3,670,unknown,unknown,unknown,unknown,unknown,unknown,unknown,unknown,ice_point,mixed,3_8,1_3,5_15,3_8,0_3pct_0_8pct,2,rank_11_30,rank_4_10,rank_2_3,rank_2_3,1100_1330,1,0,1e8_3e8,6_10,4_8,0_3pct_0_5pct,9_5_10_5,0_3,gte_5,lt_30,5_10,0_5pct_1pct,unknown,unknown,unknown,unknown,weak_below_30,neutral,20240709,5.93,6.45,5.82,6.23,5.93,5.059,20240710,6.15,6.15,5.95,6.03,6.23,-3.2103,20240711,6.04,6.22,6.01,6.15,6.03,1.99,20240712,6.1,6.65,6.07,6.41,6.15,4.2276,20240715,6.26,6.28,6.08,6.12,6.41,-4.5242,fixed_t2_close,0.8,True,,20240709,5.93,5.935929999999999,daily_open_plus_slippage_no_l2,True,,6.03,6.02397,fixed_close,daily_price_minus_slippage_no_l2,False,0,0.010569369032316943,0.010569369032316943,c_conservative_daily_replay_fixed_t2_close
20240709,300951.SZ,博硕科技,32.66,19.99,61907323.0,134018,134018,0,U,,1,27.31,32.66,27.07,32.66,27.22,19.9853,106442.26,324151.843,7.0562,22.2274,3.34,15084.9309,4788.7919,553473.9605,492673.8432,False,chi_next,0.2,midday,one_word,False,20cm,0.0125655794100822,False,5340,4274,919,147,50,4,29,21,727849630.6789999,2557873276.0,neutral,1688,19,0.0112559241706161,neutral,1484,18,0.0121293800539083,neutral,1345,12,0.0089219330855018,weak,573,0,0.0,weak,249,1,0.0040160642570281,weak,1,0,0.0,weak,37,12,0,37,12,1,12,1345,0.0089219330855018,weak,1,1,one_word,midday,neutral,chi_next,weak,exact,1336,True,12.16225,492673.8432,61907323.0,100000.0,599202244.94592,537294921.94592,1.0,1.0,True,0.6,,True,True,20240710,34.9,20240711,33.49,-0.040401146131805,0.00362,-0.043938426559113994,False,T+1_open_buy_T+2_close_sell,-3.5436,0.6778,-2.8658,79582.577,1.9194,4.073150873211858,3.6762529957278316,36,12,3.0,2.0,,,neutral,neutral,mixed,4.866666666666667,12,0.0022471910112359,5,4,mixed,2.8137546468401484,2,0.0014869888475836,1,2,0.25,820,unknown,unknown,unknown,unknown,unknown,unknown,unknown,unknown,mixed,mixed,3_8,lt_1,5_15,1_3,0_1pct_0_3pct,2,rank_gt_30,rank_11_30,rank_2_3,rank_2_3,1330_1430,1,0,3e8_8e8,6_10,2_4,1pct_2pct,19_5_20_5,lt_neg3,3_5,30_50,10_20,0_5pct_1pct,unknown,unknown,unknown,unknown,neutral,neutral,20240710,34.9,35.29,33.0,33.44,32.66,2.3882,20240711,33.98,34.58,32.43,33.49,33.44,0.1495,20240712,33.0,36.61,32.66,36.61,33.49,9.3162,20240715,35.18,35.48,33.56,33.65,36.61,-8.0852,20240716,33.31,34.17,32.52,33.5,33.65,-0.4458,fixed_t2_close,0.8,True,,20240710,34.9,34.93489999999999,daily_open_plus_slippage_no_l2,True,,33.49,33.45651,fixed_close,daily_price_minus_slippage_no_l2,False,0,-0.035150741247291194,-0.035150741247291194,c_conservative_daily_replay_fixed_t2_close
20240716,605178.SH,时空科技,13.06,10.03,30886900.0,133503,133503,0,U,,1,11.83,13.06,11.7,13.06,11.87,10.0253,94280.0,117704.682,9.4991,18.7922,1.5,9925.16,5016.9751,129622.5896,129622.5896,False,sh_main,0.1,midday,one_word,False,10cm,0.0238283312309323,False,5343,2464,2600,279,33,6,21,12,647384926.8740001,1561181167.0,weak,1689,15,0.0088809946714031,weak,1485,10,0.0067340067340067,weak,1346,2,0.0014858841010401,weak,573,2,0.0034904013961605,weak,249,4,0.0160642570281124,neutral,1,0,0.0,weak,25,4,0,25,4,4,15,1689,0.0088809946714031,weak,1,1,one_word,midday,weak,sh_main,weak,exact,796,True,2.7651000000000003,129622.5896,30886900.0,100000.0,35841942.250296004,4955042.250296004,1.0,1.0,True,0.6,,True,True,20240717,13.98,20240719,12.93,-0.0751072961373391,0.00362,-0.08357238238156688,False,T+1_open_buy_T+2_close_sell,-3.4959,-0.3241,-3.82,56069.616,4.7473,2.09925964179958,2.000947907231479,24,13,2.0,2.0,,,neutral,neutral,mixed,6.150252667040989,3,0.0005614823133071,4,6,mixed,7.1170515097690945,1,0.0005920663114268,3,6,0.3333333333333333,815,unknown,unknown,unknown,unknown,unknown,unknown,unknown,unknown,mixed,mixed,3_8,1_3,lt_5,lt_1,lt_0_1pct,gte_6,rank_11_30,rank_11_30,rank_2_3,rank_2_3,1330_1430,1,0,1e8_3e8,6_10,1_2,2pct_5pct,9_5_10_5,lt_neg3,2_3,30_50,10_20,0_5pct_1pct,unknown,unknown,unknown,unknown,neutral,neutral,20240717,13.98,14.37,13.6,14.37,13.06,10.0306,20240718,13.5,13.7,12.93,12.93,14.37,-10.0209,20240719,12.68,13.43,12.29,12.86,12.93,-0.5414,20240722,12.42,13.07,12.41,13.02,12.86,1.2442,20240723,12.9,13.28,12.65,12.85,13.02,-1.3057,fixed_t2_close,0.8,True,,20240717,13.98,13.993979999999999,daily_open_plus_slippage_no_l2,True,,12.86,12.84714,fixed_close,daily_price_minus_slippage_no_l2,False,1,-0.0668579059052535,-0.0668579059052535,c_conservative_daily_replay_fixed_t2_close
20240717,603628.SH,清源股份,13.41,10.01,67394637.0,93708,93708,0,U,,1,12.59,13.41,12.59,13.41,12.19,10.0082,183635.57,241647.283,6.7069,14.8304,1.64,27380.0,12382.3466,367165.8,367165.8,False,sh_main,0.1,early_morning,one_word,False,10cm,0.0183553688823959,False,5340,1625,3535,180,34,2,22,12,688827328.28,1284502090.0,weak,1687,16,0.0094842916419679,weak,1484,6,0.0040431266846361,weak,1346,3,0.0022288261515601,weak,573,0,0.0,weak,249,9,0.036144578313253,very_strong,1,0,0.0,weak,22,3,1,21,3,9,16,1687,0.0094842916419679,weak,1,1,one_word,early_morning,weak,sh_main,weak,exact,459,True,2.26625,367165.8,67394637.0,100000.0,83208949.425,15814312.424999995,1.0,1.0,True,0.6,,True,True,20240718,13.1,20240719,13.37,0.0206106870229008,0.00362,0.01695150483104686,True,T+1_open_buy_T+2_close_sell,0.8271,-2.9695,-2.1424000000000003,74301.331,2.2414,3.2522604877697274,2.992281609708218,11,6,2.0,2.0,,,warming_2day,warming_2day,warming,3.92434456928839,5,0.0009363295880149,9,2,warming,4.263900414937759,4,0.0023710729104919,4,2,0.375,577,unknown,unknown,unknown,unknown,unknown,unknown,unknown,unknown,warming,warming,8_15,3_5,lt_5,3_8,0_1pct_0_3pct,2,rank_11_30,rank_4_10,rank_2_3,rank_2_3,before_1000,1,0,1e8_3e8,6_10,1_2,1pct_2pct,9_5_10_5,0_3,3_5,30_50,10_20,0_5pct_1pct,unknown,unknown,unknown,unknown,warming_2day,warming_2day,20240718,13.1,14.43,12.7,13.63,13.41,1.6406,20240719,13.09,13.56,13.09,13.37,13.63,-1.9076,20240722,13.2,13.48,13.11,13.2,13.37,-1.2715,20240723,13.15,13.31,12.86,12.97,13.2,-1.7424,20240724,12.8,12.9,12.4,12.5,12.97,-3.6237,fixed_t2_close,0.8,True,,20240718,13.1,13.113099999999998,daily_open_plus_slippage_no_l2,True,,13.37,13.35663,fixed_close,daily_price_minus_slippage_no_l2,False,0,0.013561203864837487,0.013561203864837487,c_conservative_daily_replay_fixed_t2_close
20240718,002279.SZ,久其软件,4.85,9.98,84771016.0,132803,132803,0,U,,1,4.43,4.85,4.43,4.85,4.41,9.9773,556407.69,261211.807,6.9754,9.0461,1.35,79767.0599,61507.9117,419547.2038,386870.2405,False,sz_main,0.1,midday,one_word,False,10cm,0.0219120023009368,False,5337,2156,2915,266,39,3,27,12,682505982.37,1940469350.0,weak,1687,19,0.0112625963248369,neutral,1482,14,0.0094466936572199,weak,1345,5,0.0037174721189591,weak,573,0,0.0,weak,249,1,0.0040160642570281,weak,1,0,0.0,weak,33,5,0,33,5,1,14,1482,0.0094466936572199,weak,1,1,one_word,midday,weak,sz_main,weak,exact,593,True,4.011,386870.2405,84771016.0,100000.0,155173653.46455,70402637.46454999,1.0,1.0,True,0.6,,True,True,20240719,4.99,20240722,5.15,0.032064128256513,0.00362,0.028382062066190494,True,T+1_open_buy_T+2_close_sell,-0.6757,-1.1136,-1.7893,119945.945,3.4085,2.1777460421859196,2.0464720551562268,22,10,2.0,2.0,,,warming_2day,neutral,warming,4.063293985385049,3,0.0005621135469364,5,3,mixed,2.963697705802969,1,0.0006747638326585,1,2,0.3571428571428571,808,unknown,unknown,unknown,unknown,unknown,unknown,unknown,unknown,warming,mixed,3_8,lt_1,lt_5,lt_1,lt_0_1pct,2,rank_11_30,rank_4_10,rank_2_3,rank_2_3,1100_1330,1,0,1e8_3e8,6_10,1_2,2pct_5pct,9_5_10_5,neg3_0,2_3,30_50,10_20,0_5pct_1pct,unknown,unknown,unknown,unknown,warming_2day,neutral,20240719,4.99,5.2,4.92,4.94,4.85,1.8557,20240722,4.98,5.43,4.98,5.15,4.94,4.251,20240723,4.96,5.13,4.92,4.93,5.15,-4.2718,20240724,4.84,4.95,4.76,4.77,4.93,-3.2454,20240725,4.72,4.79,4.65,4.74,4.77,-0.6289,fixed_t2_close,0.8,True,,20240719,4.99,4.99499,daily_open_plus_slippage_no_l2,True,,5.15,5.14485,fixed_close,daily_price_minus_slippage_no_l2,False,0,0.022705649652952395,0.022705649652952395,c_conservative_daily_replay_fixed_t2_close
20240719,301021.SZ,英诺激光,18.73,19.99,45525568.0,93303,93303,0,U,,1,16.39,18.73,16.37,18.73,15.61,19.9872,107864.04,195871.559,7.1201,18.0036,1.66,15149.2357,5991.2357,283781.0058,283745.1847,False,chi_next,0.2,early_morning,one_word,False,20cm,0.0160445253187762,False,5336,3102,1983,251,42,3,28,14,677065805.035,1929822270.0,weak,1686,18,0.0106761565836298,neutral,1482,12,0.0080971659919028,weak,1345,10,0.0074349442379182,weak,573,2,0.0034904013961605,weak,249,0,0.0,weak,1,0,0.0,weak,30,12,0,30,12,0,10,1345,0.0074349442379182,weak,1,1,one_word,early_morning,weak,chi_next,weak,exact,834,True,8.187525,283745.1847,45525568.0,100000.0,232317079.3360868,186791511.3360868,1.0,1.0,True,0.6,,True,True,20240722,20.39,20240723,21.64,0.0613045610593427,0.00362,0.05756407242585766,True,T+1_open_buy_T+2_close_sell,4.2056,-4.3423,-0.13670000000000027,102899.342,4.3418,1.903525865111946,1.639895895711456,11,3,3.0,2.0,,,warming_2day,warming_2day,warming,5.142128935532234,2,0.0003748125937031,10,3,mixed,3.343494423791822,0,0.0,2,2,0.3,573,unknown,unknown,unknown,unknown,unknown,unknown,unknown,unknown,warming,mixed,8_15,1_3,lt_5,lt_1,lt_0_1pct,2,rank_11_30,rank_2_3,rank_2_3,rank_2_3,before_1000,1,0,1e8_3e8,6_10,1_2,1pct_2pct,19_5_20_5,3_7,1_2_2,30_50,5_10,0_5pct_1pct,unknown,unknown,unknown,unknown,warming_2day,warming_2day,20240722,20.39,20.99,18.03,18.03,18.73,-3.7373,20240723,17.77,21.64,17.32,21.64,18.03,20.0222,20240724,20.6,24.69,20.41,22.21,21.64,2.634,20240725,21.22,21.77,20.01,20.5,22.21,-7.6992,20240726,19.88,20.0,18.36,18.6,20.5,-9.2683,fixed_t2_close,0.8,True,,20240722,20.39,20.41039,daily_open_plus_slippage_no_l2,True,,21.64,21.61836,fixed_close,daily_price_minus_slippage_no_l2,False,0,0.04605125794068613,0.04605125794068613,c_conservative_daily_replay_fixed_t2_close
20240723,002682.SZ,龙洲股份,4.04,10.08,42401662.0,93318,93515,1,U,,1,3.67,4.04,3.66,4.04,3.67,10.0817,408030.47,162353.37,7.2557,10.2343,1.31,56236.0194,39868.7379,227196.912,227193.5184,False,sz_main,0.1,early_morning,t_board,False,10cm,0.0186632357730149,False,5335,568,4673,94,41,3,22,19,667211700.168,1594536672.0,weak,1685,19,0.0112759643916913,neutral,1482,13,0.0087719298245614,weak,1345,9,0.0066914498141263,weak,573,0,0.0,weak,249,0,0.0,weak,1,0,0.0,weak,32,9,0,32,9,0,13,1482,0.0087719298245614,weak,1,1,t_board,early_morning,weak,sz_main,weak,exact,118,True,5.6852,227193.5184,42401662.0,100000.0,129164059.080768,86762397.08076799,1.0,1.0,True,0.6,,True,True,20240724,4.01,20240725,4.01,0.0,0.00362,-0.0036180019980018192,False,T+1_open_buy_T+2_close_sell,1.3812,-2.6882,-1.3070000000000002,109414.502,5.3105,1.4838377640287574,1.3662931927313813,11,4,3.0,2.0,,,retreat_weak,neutral,mixed,5.033552014995315,6,0.0011246485473289,10,3,mixed,3.896221322537112,1,0.0006747638326585,3,2,0.3846153846153846,573,unknown,unknown,unknown,unknown,unknown,unknown,unknown,unknown,mixed,mixed,8_15,1_3,5_15,lt_1,lt_0_1pct,2,rank_11_30,rank_4_10,rank_2_3,rank_2_3,before_1000,1,1,1e8_3e8,6_10,1_2,1pct_2pct,9_5_10_5,0_3,1_2_2,30_50,10_20,0_5pct_1pct,unknown,unknown,unknown,unknown,retreat_weak,neutral,20240724,4.01,4.07,3.86,3.87,4.04,-4.2079,20240725,3.82,4.15,3.82,4.01,3.87,3.6176,20240726,4.02,4.09,3.92,4.03,4.01,0.4988,20240729,4.09,4.42,4.07,4.19,4.03,3.9702,20240730,4.14,4.15,3.96,3.99,4.19,-4.7733,fixed_t2_close,0.8,True,,20240724,4.01,4.014009999999999,daily_open_plus_slippage_no_l2,True,,4.01,4.00599,fixed_close,daily_price_minus_slippage_no_l2,False,0,-0.0028944015984014556,-0.0028944015984014556,c_conservative_daily_replay_fixed_t2_close
20240724,600689.SH,上海三毛,7.32,10.08,24024232.0,100134,100134,0,U,,1,6.58,7.32,6.55,7.32,6.65,10.0752,147715.34,105115.35,9.7051,14.7649,1.94,15220.4143,10004.52,147125.6631,111413.4327,False,sh_main,0.1,midday,one_word,False,10cm,0.0215631377813206,False,5335,799,4446,90,30,3,18,12,631865315.087,1139379825.0,weak,1685,16,0.0094955489614243,weak,1482,7,0.0047233468286099,weak,1345,7,0.0052044609665427,weak,573,0,0.0,weak,249,0,0.0,weak,1,0,0.0,weak,23,7,0,23,7,0,16,1685,0.0094955489614243,weak,1,1,one_word,midday,weak,sh_main,weak,exact,796,True,2.7651000000000003,111413.4327,24024232.0,100000.0,30806928.275877003,6782696.275877003,1.0,1.0,True,0.6,,True,True,20240725,7.24,20240726,7.32,0.011049723756906,0.00362,0.007409644388760527,True,T+1_open_buy_T+2_close_sell,1.0638,-2.2288,-1.165,44096.586,4.2977,2.3837525653346496,2.2582078786327573,16,9,3.0,2.0,,,retreat_2day,neutral,retreat,4.712464854732897,20,0.0037488284910965,11,3,mixed,6.208605341246291,9,0.0053412462908011,7,3,0.3125,601,unknown,unknown,unknown,unknown,unknown,unknown,unknown,unknown,retreat,mixed,8_15,5_10,15_30,8_15,0_3pct_0_8pct,3,rank_11_30,rank_4_10,rank_2_3,rank_2_3,1000_1100,1,0,1e8_3e8,6_10,1_2,2pct_5pct,9_5_10_5,0_3,2_3,lt_30,10_20,0_5pct_1pct,unknown,unknown,unknown,unknown,retreat_2day,neutral,20240725,7.24,7.88,7.18,7.44,7.32,1.6393,20240726,7.31,7.43,7.21,7.32,7.44,-1.6129,20240729,7.29,7.8,7.23,7.62,7.32,4.0984,20240730,7.49,7.68,7.35,7.63,7.62,0.1312,20240731,7.53,7.74,7.44,7.63,7.63,0.0,fixed_t2_close,0.8,True,,20240725,7.24,7.24724,daily_open_plus_slippage_no_l2,True,,7.32,7.31268,fixed_close,daily_price_minus_slippage_no_l2,False,0,0.005927715511008422,0.005927715511008422,c_conservative_daily_replay_fixed_t2_close
20240725,301100.SZ,风光股份,14.59,19.98,40773505.0,101706,101706,0,U,,1,12.08,14.59,12.04,14.59,12.16,19.9836,45889.72,64531.141,9.1779,9.1779,5.71,5000.0,5000.0,291800.0,72950.0,False,chi_next,0.2,midday,one_word,False,20cm,0.0558923989033584,False,5333,3421,1678,234,43,4,25,18,593337602.8100001,2040989961.0,weak,1684,19,0.0112826603325415,neutral,1481,15,0.0101282916948008,neutral,1345,8,0.0059479553903345,weak,573,0,0.0,weak,249,1,0.0040160642570281,weak,1,0,0.0,weak,34,8,0,34,8,1,8,1345,0.0059479553903345,weak,1,1,one_word,midday,weak,chi_next,weak,exact,1336,True,12.16225,72950.0,40773505.0,100000.0,88723613.75,47950108.75,1.0,1.0,True,0.6,,True,True,20240726,15.6,20240729,13.8,-0.1153846153846153,0.00362,-0.11877207869054,False,T+1_open_buy_T+2_close_sell,0.0823,0.5795,0.6618,14999.003,2.4888,4.302362030329616,3.6876808100289296,22,7,4.0,3.0,,,neutral,neutral,mixed,5.516294768423027,4,0.0007500468779298,8,4,mixed,3.9947955390334577,0,0.0,2,3,0.5,617,unknown,unknown,unknown,unknown,unknown,unknown,unknown,unknown,mixed,mixed,3_8,1_3,lt_5,lt_1,lt_0_1pct,3,rank_11_30,rank_4_10,rank_4_10,rank_2_3,1000_1100,1,0,lt_1e8,6_10,4_8,gte_5pct,19_5_20_5,0_3,3_5,30_50,5_10,0_5pct_1pct,unknown,unknown,unknown,unknown,neutral,neutral,20240726,15.6,16.9,15.0,15.2,14.59,4.1809,20240729,14.09,14.49,13.72,13.8,15.2,-9.2105,20240730,13.71,13.73,13.22,13.33,13.8,-3.4058,20240731,13.26,13.53,13.14,13.49,13.33,1.2003,20240801,13.36,13.59,13.36,13.52,13.49,0.2224,fixed_t2_close,0.8,True,,20240726,15.6,15.615599999999997,daily_open_plus_slippage_no_l2,True,,13.8,13.786200000000001,fixed_close,daily_price_minus_slippage_no_l2,False,0,-0.09501766295243201,-0.09501766295243201,c_conservative_daily_replay_fixed_t2_close
20240808,300267.SZ,尔康制药,2.69,20.09,37046949.0,95839,95839,0,U,,1,2.26,2.69,2.26,2.69,2.24,20.0893,1135188.64,291026.74,7.9808,10.5496,5.41,142239.6841,107605.211,554840.71,382624.7502,False,chi_next,0.2,early_morning,one_word,False,20cm,0.0096823190294499,False,5337,2355,2772,210,45,5,31,14,623642570.801,2434862823.0,weak,1686,18,0.0106761565836298,neutral,1481,19,0.012829169480081,neutral,1346,7,0.0052005943536404,weak,574,0,0.0,weak,249,1,0.0040160642570281,weak,1,0,0.0,weak,37,7,0,37,7,1,7,1346,0.0052005943536404,weak,1,1,one_word,early_morning,weak,chi_next,weak,exact,834,True,8.187525,382624.7502,37046949.0,100000.0,313274970.7881255,276228021.7881255,1.0,1.0,True,0.6,,True,True,20240809,2.96,20240812,2.59,-0.125,0.00362,-0.12836825174825178,False,T+1_open_buy_T+2_close_sell,-1.3216,3.1818,1.8601999999999999,30809.21,0.9619,9.446095501961913,8.296912360952282,20,4,4.0,2.0,,,retreat_2day,neutral,retreat,6.083417650365374,16,0.0029979389169945,8,5,mixed,2.6200594353640416,0,0.0,1,2,0.2857142857142857,598,unknown,unknown,unknown,unknown,unknown,unknown,unknown,unknown,retreat,mixed,3_8,lt_1,15_30,lt_1,lt_0_1pct,2,rank_11_30,rank_4_10,rank_4_10,rank_2_3,before_1000,1,0,1e8_3e8,6_10,4_8,0_5pct_1pct,19_5_20_5,neg3_0,gte_5,30_50,5_10,0_5pct_1pct,unknown,unknown,unknown,unknown,retreat_2day,neutral,20240809,2.96,2.96,2.49,2.5,2.69,-7.0632,20240812,2.47,2.75,2.4,2.59,2.5,3.6,20240813,2.5,2.55,2.37,2.41,2.59,-6.9498,20240814,2.38,2.4,2.32,2.34,2.41,-2.9046,20240815,2.34,2.41,2.32,2.38,2.34,1.7094,fixed_t2_close,0.8,True,,20240809,2.96,2.96296,daily_open_plus_slippage_no_l2,True,,2.59,2.5874099999999998,fixed_close,daily_price_minus_slippage_no_l2,False,0,-0.10269460139860143,-0.10269460139860143,c_conservative_daily_replay_fixed_t2_close
20240812,300639.SZ,凯普生物,5.69,20.04,54999591.0,95230,95230,0,U,,1,4.89,5.69,4.87,5.69,4.74,20.0422,392781.64,211363.415,6.1839,10.2168,5.49,63516.4371,38444.6561,367858.8835,361408.5271,False,chi_next,0.2,early_morning,one_word,False,20cm,0.0152181221182924,False,5338,1512,3649,177,32,3,19,13,498877727.045,1405889690.0,weak,1687,8,0.0047421458209839,weak,1481,17,0.0114787305874409,neutral,1346,7,0.0052005943536404,weak,574,0,0.0,weak,249,0,0.0,weak,1,0,0.0,weak,25,7,0,25,7,0,7,1346,0.0052005943536404,weak,1,1,one_word,early_morning,weak,chi_next,weak,exact,834,True,8.187525,361408.5271,54999591.0,100000.0,295904135.0844428,240904544.0844428,1.0,1.0,True,0.6,,True,True,20240813,5.92,20240814,6.94,0.1722972972972973,0.00362,0.1683350449550451,True,T+1_open_buy_T+2_close_sell,-1.4553,1.4768,0.021499999999999853,27710.47,0.9136,7.627565140540741,6.7687171628721545,17,5,2.0,1.0,,,neutral,neutral,mixed,3.3498688647433497,20,0.0037467216185837,4,3,mixed,1.0526002971768202,3,0.0022288261515601,0,1,0.4285714285714285,592,unknown,unknown,unknown,unknown,unknown,unknown,unknown,unknown,mixed,mixed,3_8,lt_1,15_30,1_3,0_1pct_0_3pct,1,rank_11_30,rank_4_10,rank_2_3,rank_1,before_1000,1,0,1e8_3e8,6_10,4_8,1pct_2pct,19_5_20_5,neg3_0,gte_5,30_50,5_10,0_5pct_1pct,unknown,unknown,unknown,unknown,neutral,neutral,20240813,5.92,6.6,5.71,6.45,5.69,13.3568,20240814,6.07,7.45,6.01,6.94,6.45,7.5969,20240815,7.54,8.33,6.92,6.95,6.94,0.1441,20240816,6.89,8.3,6.3,8.1,6.95,16.5468,20240819,7.5,7.9,6.58,6.68,8.1,-17.5309,fixed_t2_close,0.8,True,,20240813,5.92,5.92592,daily_open_plus_slippage_no_l2,True,,6.94,6.93306,fixed_close,daily_price_minus_slippage_no_l2,False,0,0.13466803596403606,0.13466803596403606,c_conservative_daily_replay_fixed_t2_close
20240814,300211.SZ,亿通科技,6.16,20.08,47976457.0,143239,143451,1,U,,1,5.1,6.16,5.09,6.16,5.13,20.078,179872.14,102060.096,6.0262,11.8636,5.39,29848.1824,15161.6653,187220.7094,183864.8036,False,chi_next,0.2,late,t_board,False,20cm,0.0260933338304232,False,5339,1370,3745,224,36,4,23,13,480418610.641,2516473479.0,weak,1688,8,0.0047393364928909,weak,1481,19,0.012829169480081,neutral,1346,9,0.0066864784546805,weak,574,0,0.0,weak,249,0,0.0,weak,1,0,0.0,weak,27,9,0,27,9,0,9,1346,0.0066864784546805,weak,1,1,t_board,late,weak,chi_next,weak,exact,56,True,16.184075,183864.8036,47976457.0,100000.0,297568177.13226706,249591720.13226703,1.0,1.0,True,0.6,,True,True,20240815,6.3,20240816,7.0,0.1111111111111111,0.00362,0.1072711088911091,True,T+1_open_buy_T+2_close_sell,1.5842,-0.9804,0.6038,17423.209,1.1554,5.857709449504968,5.215682880387745,23,9,2.0,2.0,,,retreat_weak,warming_2day,mixed,5.961902978085784,5,0.0009365049634763,11,4,mixed,3.2686478454680534,0,0.0,2,2,0.6666666666666666,872,unknown,unknown,unknown,unknown,unknown,unknown,unknown,unknown,mixed,mixed,8_15,1_3,lt_5,lt_1,lt_0_1pct,2,rank_11_30,rank_4_10,rank_2_3,rank_2_3,after_1430,1,1,1e8_3e8,6_10,4_8,2pct_5pct,19_5_20_5,0_3,gte_5,30_50,5_10,0_5pct_1pct,unknown,unknown,unknown,unknown,retreat_weak,warming_2day,20240815,6.3,7.39,6.21,7.39,6.16,19.9675,20240816,7.95,8.46,6.93,7.0,7.39,-5.2774,20240819,6.35,6.5,5.6,5.6,7.0,-20.0,20240820,5.6,5.83,5.37,5.39,5.6,-3.75,20240821,5.28,5.55,5.27,5.29,5.39,-1.8553,fixed_t2_close,0.8,True,,20240815,6.3,6.306299999999999,daily_open_plus_slippage_no_l2,True,,7.0,6.993,fixed_close,daily_price_minus_slippage_no_l2,False,0,0.08581688711288728,0.08581688711288728,c_conservative_daily_replay_fixed_t2_close
20240819,300518.SZ,新迅达,9.35,20.03,46655368.0,111624,111624,0,U,,1,7.86,9.35,7.61,9.35,7.79,20.0257,128141.37,112014.353,6.427,10.221,3.95,19937.9843,12537.0751,186449.8236,186420.1532,False,chi_next,0.2,midday,one_word,False,20cm,0.0250269979930474,False,5338,1912,3175,251,43,3,27,16,573433043.194,2577750359.0,weak,1687,12,0.0071132187314759,weak,1480,20,0.0135135135135135,neutral,1347,11,0.0081662954714179,weak,574,0,0.0,weak,249,0,0.0,weak,1,0,0.0,weak,32,11,0,32,11,0,11,1347,0.0081662954714179,weak,1,1,one_word,midday,weak,chi_next,weak,exact,1336,True,12.16225,186420.1532,46655368.0,100000.0,226728850.82567,180073482.82567,1.0,1.0,True,0.6,,True,True,20240820,9.5,20240821,9.59,0.0094736842105263,0.00362,0.005836753772543401,True,T+1_open_buy_T+2_close_sell,-2.1357,3.2425,1.1068000000000002,27287.474,1.7405,4.1049733295210835,3.692617064062051,31,9,3.0,2.0,,,neutral,neutral,mixed,4.38074185088048,10,0.0018733608092918,7,3,mixed,2.560282108389013,4,0.0029695619896065,1,2,0.5454545454545454,676,unknown,unknown,unknown,unknown,unknown,unknown,unknown,unknown,mixed,mixed,3_8,lt_1,5_15,3_8,0_1pct_0_3pct,2,rank_gt_30,rank_4_10,rank_2_3,rank_2_3,1100_1330,1,0,1e8_3e8,6_10,2_4,2pct_5pct,19_5_20_5,neg3_0,3_5,30_50,10_20,0_5pct_1pct,unknown,unknown,unknown,unknown,neutral,neutral,20240820,9.5,11.22,9.42,11.22,9.35,20.0,20240821,11.96,12.27,9.59,9.59,11.22,-14.5276,20240822,8.96,9.7,8.4,8.7,9.59,-9.2805,20240823,8.23,8.55,7.9,8.2,8.7,-5.7471,20240826,8.25,8.55,7.97,8.41,8.2,2.561,fixed_t2_close,0.8,True,,20240820,9.5,9.5095,daily_open_plus_slippage_no_l2,True,,9.59,9.58041,fixed_close,daily_price_minus_slippage_no_l2,False,0,0.004669403018034721,0.004669403018034721,c_conservative_daily_replay_fixed_t2_close
20240820,002667.SZ,威领股份,5.63,9.96,10264036.0,93854,94748,2,U,,1,5.12,5.63,5.06,5.63,5.12,9.9609,163177.34,90787.96,6.9159,9.3363,1.99,23594.56,17477.654,136454.873,132837.3728,False,sz_main,0.1,early_morning,multi_open,False,10cm,0.0077267682909188,False,5339,669,4592,78,27,4,12,15,561434759.948,1241603989.0,weak,1688,6,0.0035545023696682,weak,1480,13,0.0087837837837837,weak,1347,7,0.0051967334818114,weak,574,0,0.0,weak,249,1,0.0040160642570281,weak,1,0,0.0,weak,19,7,0,19,7,1,13,1480,0.0087837837837837,weak,1,1,multi_open,early_morning,weak,sz_main,weak,exact,269,True,7.1166,132837.3728,10264036.0,100000.0,94535044.726848,84271008.72684799,1.0,1.0,True,0.6,,True,True,20240821,5.65,20240822,5.81,0.0283185840707962,0.00362,0.02464400148524044,True,T+1_open_buy_T+2_close_sell,-0.1949,-5.1756,-5.3705,30711.412,2.5475,2.956163656688921,2.7147791952894997,10,5,3.0,3.0,,,weak_below_30,neutral,mixed,4.503427608166323,9,0.0016857089342573,5,4,mixed,5.754054054054054,4,0.0027027027027027,4,4,0.3846153846153846,578,unknown,unknown,unknown,unknown,unknown,unknown,unknown,unknown,mixed,mixed,3_8,3_5,5_15,3_8,0_1pct_0_3pct,4_5,rank_4_10,rank_4_10,rank_2_3,rank_2_3,before_1000,1,2_3,lt_1e8,6_10,1_2,0_5pct_1pct,9_5_10_5,neg3_0,2_3,lt_30,10_20,0_5pct_1pct,unknown,unknown,unknown,unknown,weak_below_30,neutral,20240821,5.65,6.19,5.47,6.19,5.63,9.9467,20240822,6.19,6.81,5.8,5.81,6.19,-6.1389,20240823,5.68,5.79,5.34,5.54,5.81,-4.6472,20240826,5.46,6.09,5.37,6.09,5.54,9.9278,20240827,6.09,6.19,5.64,5.79,6.09,-4.9261,fixed_t2_close,0.8,True,,20240821,5.65,5.65565,daily_open_plus_slippage_no_l2,True,,5.81,5.804189999999999,fixed_close,daily_price_minus_slippage_no_l2,False,0,0.019715201188192352,0.019715201188192352,c_conservative_daily_replay_fixed_t2_close
20240821,603389.SH,亚振家居,5.76,9.92,36510912.0,131736,131736,0,U,,1,5.15,5.76,5.09,5.76,5.24,9.9237,253563.2,139877.672,9.6503,27.9433,1.15,26275.2,9074.1947,151345.152,151345.152,False,sh_main,0.1,midday,one_word,False,10cm,0.0241242692729265,False,5340,1849,3237,254,39,5,24,15,512852263.2,2026158283.0,weak,1688,14,0.0082938388625592,weak,1480,18,0.0121621621621621,neutral,1348,7,0.0051928783382789,weak,574,0,0.0,weak,249,0,0.0,weak,1,0,0.0,weak,32,7,0,32,7,0,14,1688,0.0082938388625592,weak,1,1,one_word,midday,weak,sh_main,weak,exact,796,True,2.7651000000000003,151345.152,36510912.0,100000.0,41848447.97952001,5337535.979520008,1.0,1.0,True,0.6,,True,True,20240822,5.86,20240823,5.56,-0.0511945392491468,0.00362,-0.05471025445544213,False,T+1_open_buy_T+2_close_sell,1.354,-4.2593,-2.9052999999999995,80719.692,5.9092,1.732881636862539,1.633097542814594,27,11,2.0,2.0,,,neutral,neutral,mixed,6.240449438202247,4,0.0007490636704119,8,5,mixed,3.7872037914691945,2,0.0011848341232227,3,2,0.5714285714285714,797,unknown,unknown,unknown,unknown,unknown,unknown,unknown,unknown,mixed,mixed,3_8,1_3,lt_5,1_3,0_1pct_0_3pct,2,rank_11_30,rank_11_30,rank_2_3,rank_2_3,1100_1330,1,0,1e8_3e8,6_10,1_2,2pct_5pct,9_5_10_5,0_3,1_2_2,30_50,10_20,0_5pct_1pct,unknown,unknown,unknown,unknown,neutral,neutral,20240822,5.86,6.05,5.59,5.67,5.76,-1.5625,20240823,5.67,5.75,5.5,5.56,5.67,-1.94,20240826,5.5,5.71,5.4,5.63,5.56,1.259,20240827,5.52,5.82,5.47,5.74,5.63,1.9538,20240828,5.65,6.0,5.57,5.64,5.74,-1.7422,fixed_t2_close,0.8,True,,20240822,5.86,5.86586,daily_open_plus_slippage_no_l2,True,,5.56,5.55444,fixed_close,daily_price_minus_slippage_no_l2,False,0,-0.04376820356435371,-0.04376820356435371,c_conservative_daily_replay_fixed_t2_close
20240826,300606.SZ,金太阳,19.92,20.0,43719420.0,100600,100600,0,U,,1,16.4,19.92,16.33,19.92,16.6,20.0,117357.5,226638.106,9.835,14.1914,2.7,11932.6435,8269.6432,279113.064,237698.2585,False,chi_next,0.2,midday,one_word,False,20cm,0.0183928230168333,False,5340,3843,1347,150,44,8,27,17,529117319.651,2618232648.0,weak,1689,15,0.0088809946714031,weak,1478,21,0.0142083897158322,neutral,1348,7,0.0051928783382789,weak,574,1,0.0017421602787456,weak,250,0,0.0,weak,1,0,0.0,weak,36,8,0,36,8,0,7,1348,0.0051928783382789,weak,1,1,one_word,midday,weak,chi_next,weak,exact,1336,True,12.16225,237698.2585,43719420.0,100000.0,289094564.44416255,245375144.44416255,1.0,1.0,True,0.6,,True,True,20240827,20.0,20240828,20.31,0.0154999999999998,0.00362,0.011851028971029142,True,T+1_open_buy_T+2_close_sell,1.2195,-3.9813,-2.7618,51100.355,2.6419,4.435157172587157,3.7226995722775276,22,5,3.0,2.0,,,warming_2day,warming_2day,warming,8.599250936329588,10,0.0018726591760299,8,8,mixed,2.6192878338278933,0,0.0,1,2,0.4285714285714285,606,unknown,unknown,unknown,unknown,unknown,unknown,unknown,unknown,warming,mixed,3_8,lt_1,5_15,lt_1,lt_0_1pct,2,rank_11_30,rank_4_10,rank_2_3,rank_2_3,1000_1100,1,0,1e8_3e8,6_10,2_4,1pct_2pct,19_5_20_5,0_3,3_5,30_50,5_10,0_5pct_1pct,unknown,unknown,unknown,unknown,warming_2day,warming_2day,20240827,20.0,20.8,19.0,19.66,19.92,-1.3052,20240828,19.26,20.68,19.26,20.31,19.66,3.3062,20240829,20.13,22.88,20.13,21.05,20.31,3.6435,20240830,20.88,22.45,20.7,21.05,21.05,0.0,20240902,20.4,20.77,19.82,19.95,21.05,-5.2257,fixed_t2_close,0.8,True,,20240827,20.0,20.019999999999996,daily_open_plus_slippage_no_l2,True,,20.31,20.28969,fixed_close,daily_price_minus_slippage_no_l2,False,0,0.009480823176823314,0.009480823176823314,c_conservative_daily_replay_fixed_t2_close
20240827,301207.SZ,华兰疫苗,18.86,19.97,32856006.0,95424,95424,0,U,,1,15.7,18.86,15.7,18.86,15.72,19.9746,100113.12,179696.025,7.0677,8.9776,5.38,14164.8488,11151.4624,1133537.865,267149.0484,False,chi_next,0.2,early_morning,one_word,False,20cm,0.0122987546453113,False,5339,1053,4175,111,31,9,20,11,514154353.301,1651324208.0,weak,1688,14,0.0082938388625592,weak,1478,9,0.0060893098782138,weak,1348,7,0.0051928783382789,weak,574,0,0.0,weak,250,1,0.004,weak,1,0,0.0,weak,23,7,0,23,7,1,7,1348,0.0051928783382789,weak,1,1,one_word,early_morning,weak,chi_next,weak,exact,834,True,8.187525,267149.0484,32856006.0,100000.0,218728951.2501211,185872945.2501211,1.0,1.0,True,0.6,,True,True,20240828,19.38,20240829,17.9,-0.0763673890608875,0.00362,-0.07983280886296366,False,T+1_open_buy_T+2_close_sell,0.5758,-2.9795,-2.4036999999999997,19701.948,0.8878,9.120723747722813,7.960914620410002,12,3,4.0,2.0,,,retreat_weak,neutral,mixed,9.133395766997564,11,0.0020603109196478,8,9,mixed,2.6192878338278933,0,0.0,1,2,0.2857142857142857,594,unknown,unknown,unknown,unknown,unknown,unknown,unknown,unknown,mixed,mixed,3_8,lt_1,5_15,lt_1,lt_0_1pct,2,rank_11_30,rank_2_3,rank_4_10,rank_2_3,before_1000,1,0,1e8_3e8,6_10,4_8,1pct_2pct,19_5_20_5,0_3,gte_5,30_50,5_10,0_5pct_1pct,unknown,unknown,unknown,unknown,retreat_weak,neutral,20240828,19.38,19.79,17.96,18.11,18.86,-3.9767,20240829,17.74,18.16,17.55,17.9,18.11,-1.1596,20240830,17.65,18.54,17.51,18.33,17.9,2.4022,20240902,18.14,18.49,17.72,17.78,18.33,-3.0005,20240903,17.64,18.12,17.62,17.97,17.78,1.0686,fixed_t2_close,0.8,True,,20240828,19.38,19.399379999999997,daily_open_plus_slippage_no_l2,True,,17.9,17.882099999999998,fixed_close,daily_price_minus_slippage_no_l2,False,0,-0.06386624709037093,-0.06386624709037093,c_conservative_daily_replay_fixed_t2_close
20240828,603398.SH,沐邦高科,12.69,9.97,19813924.0,102444,141202,3,U,,1,11.39,12.69,11.11,12.69,11.54,9.9653,260531.34,321403.911,6.008,9.7134,2.73,43364.1524,26821.9566,550291.094,550291.094,False,sh_main,0.1,midday,multi_open,False,10cm,0.0036006259625201,False,5339,3418,1685,236,38,10,19,19,499112653.655,2093739833.0,weak,1688,16,0.0094786729857819,weak,1477,17,0.0115098171970209,neutral,1349,5,0.0037064492216456,weak,574,0,0.0,weak,250,0,0.0,weak,1,0,0.0,weak,33,5,0,33,5,0,16,1688,0.0094786729857819,weak,1,1,multi_open,midday,weak,sh_main,weak,exact,612,True,4.6078,550291.094,19813924.0,100000.0,253563130.29332,233749206.29332,1.0,1.0,True,0.6,,True,True,20240829,12.56,20240830,13.73,0.0931528662420382,0.00362,0.08934874463116511,True,T+1_open_buy_T+2_close_sell,-5.7959,2.4247,-3.3711999999999995,150716.368,2.9583,2.1325083351265475,2.0308961227732145,22,10,4.0,2.0,,,neutral,neutral,mixed,9.554410938377972,7,0.0013111069488668,5,10,mixed,4.1345971563981045,3,0.0017772511848341,2,3,0.5625,624,unknown,unknown,unknown,unknown,unknown,unknown,unknown,unknown,mixed,mixed,3_8,1_3,5_15,1_3,0_1pct_0_3pct,3,rank_11_30,rank_4_10,rank_4_10,rank_2_3,1000_1100,1,2_3,3e8_8e8,6_10,2_4,0_3pct_0_5pct,9_5_10_5,lt_neg3,2_3,30_50,10_20,0_5pct_1pct,unknown,unknown,unknown,unknown,neutral,neutral,20240829,12.56,13.96,12.49,13.96,12.69,10.0079,20240830,13.75,14.04,13.33,13.73,13.96,-1.6476,20240902,13.57,14.3,13.57,13.89,13.73,1.1653,20240903,13.77,14.28,13.57,14.23,13.89,2.4478,20240904,14.19,14.95,14.05,14.63,14.23,2.811,fixed_t2_close,0.8,True,,20240829,12.56,12.57256,daily_open_plus_slippage_no_l2,True,,13.73,13.71627,fixed_close,daily_price_minus_slippage_no_l2,False,0,0.07147899570493209,0.07147899570493209,c_conservative_daily_replay_fixed_t2_close
20240924,300803.SZ,指南针,43.96,20.01,105754484.0,112224,130000,2,U,,1,38.0,43.96,36.95,43.96,36.63,20.0109,369513.69,1517333.146,9.1419,15.4885,4.32,40420.011,23857.3574,1797862.2282,1776863.6836,False,chi_next,0.2,midday,multi_open,False,20cm,0.0059517499837543,False,5344,5168,161,15,95,8,54,41,974718714.219,5245986718.0,neutral,1687,45,0.0266745702430349,strong,1479,40,0.0270453008789722,strong,1351,9,0.006661732050333,weak,574,0,0.0,weak,252,1,0.0039682539682539,weak,1,0,0.0,weak,85,9,0,85,9,1,9,1351,0.006661732050333,weak,1,1,multi_open,midday,neutral,chi_next,weak,exact,718,True,15.189025,1776863.6836,105754484.0,100000.0,2698882691.1792493,2593128207.1792493,1.0,1.0,True,0.6,,True,True,20240925,47.0,20240926,53.2,0.1319148936170213,0.00362,0.12803332539800655,True,T+1_open_buy_T+2_close_sell,0.5214,-0.4644,0.056999999999999995,269744.8,1.8241,5.625069124594802,5.0117318129488515,61,4,5.0,1.0,,,warming_2day,neutral,warming,10.510329341317366,3,0.0005613772455089,12,8,mixed,1.4661732050333087,0,0.0,0,1,0.3333333333333333,682,unknown,unknown,unknown,unknown,unknown,unknown,unknown,unknown,warming,mixed,8_15,lt_1,lt_5,lt_1,lt_0_1pct,1,rank_gt_30,rank_4_10,rank_4_10,rank_1,1100_1330,1,2_3,gte_15e8,6_10,4_8,0_5pct_1pct,19_5_20_5,0_3,gte_5,80_120,5_10,0_5pct_1pct,unknown,unknown,unknown,unknown,warming_2day,neutral,20240925,47.0,48.6,45.1,46.2,43.96,5.0955,20240926,44.82,55.16,44.01,53.2,46.2,15.1515,20240927,55.99,63.84,54.13,63.84,53.2,20.0,20240930,76.6,76.61,74.3,76.61,63.84,20.0031,20241008,91.93,91.93,90.35,91.93,76.61,19.9974,fixed_t2_close,0.8,True,,20240925,47.0,47.047,daily_open_plus_slippage_no_l2,True,,53.2,53.146800000000006,fixed_close,daily_price_minus_slippage_no_l2,False,0,0.10242666031840525,0.10242666031840525,c_conservative_daily_replay_fixed_t2_close
20240926,300100.SZ,双林股份,15.24,20.0,50200712.0,100500,100500,0,U,,1,12.7,15.24,12.7,15.24,12.7,20.0,339456.74,489027.205,8.7701,16.8847,2.7,38706.2884,20104.3622,610772.3309,589883.8352,False,chi_next,0.2,midday,one_word,False,20cm,0.0085102708371351,False,5348,5144,177,27,144,10,75,69,1166765356.686,6349696639.0,strong,1687,71,0.0420865441612329,very_strong,1480,60,0.0405405405405405,very_strong,1351,10,0.00740192450037,weak,576,2,0.0034722222222222,weak,253,1,0.0039525691699604,weak,1,0,0.0,weak,131,12,0,131,12,1,10,1351,0.00740192450037,weak,1,1,one_word,midday,strong,chi_next,weak,exact,1336,True,12.16225,589883.8352,50200712.0,100000.0,717431467.46612,667230755.46612,1.0,1.0,True,0.6,,True,True,20240927,15.84,20240930,20.08,0.2676767676767675,0.00362,0.26352394696212883,True,T+1_open_buy_T+2_close_sell,-2.5326,3.2488,0.7162000000000002,219346.832,4.3737,2.2294701069582805,2.0051901136337653,30,2,5.0,2.0,,,neutral,neutral,main_rise,15.070157068062828,1,0.00018698578908,22,10,mixed,3.64019245003701,0,0.0,1,3,0.3,605,unknown,unknown,unknown,unknown,unknown,unknown,unknown,unknown,main_rise,mixed,15_30,lt_1,lt_5,lt_1,lt_0_1pct,3,rank_11_30,rank_2_3,rank_4_10,rank_2_3,1000_1100,1,0,3e8_8e8,6_10,2_4,0_5pct_1pct,19_5_20_5,neg3_0,2_3,120_180,5_10,0_5pct_1pct,unknown,unknown,unknown,unknown,neutral,neutral,20240927,15.84,17.77,15.58,16.75,15.24,9.9081,20240930,16.82,20.08,16.82,20.08,16.75,19.8806,20241008,23.51,24.1,21.14,24.1,20.08,20.0199,20241009,22.22,22.76,19.7,19.87,24.1,-17.5519,20241010,19.53,20.55,19.0,19.27,19.87,-3.0196,fixed_t2_close,0.8,True,,20240927,15.84,15.855839999999999,daily_open_plus_slippage_no_l2,True,,20.08,20.059919999999998,fixed_close,daily_price_minus_slippage_no_l2,False,0,0.21081915756970307,0.21081915756970307,c_conservative_daily_replay_fixed_t2_close
20241009,603991.SH,至正股份,60.01,10.01,24238039.0,102506,105236,2,U,,1,54.55,60.01,51.42,60.01,54.55,10.0092,71094.56,411386.344,9.5384,13.0663,1.97,7453.4998,5441.0548,447284.523,447284.523,False,sh_main,0.1,midday,multi_open,False,10cm,0.0054189308490783,False,5341,295,5044,2,46,14,20,26,2969403446.379,11289757244.0,weak,1683,15,0.0089126559714795,weak,1478,16,0.0108254397834912,neutral,1350,10,0.0074074074074074,weak,576,3,0.0052083333333333,weak,253,2,0.0079051383399209,weak,1,0,0.0,weak,31,13,0,31,13,2,15,1683,0.0089126559714795,weak,1,1,multi_open,midday,weak,sh_main,weak,exact,612,True,4.6078,447284.523,24238039.0,100000.0,206099762.50794,181861723.50794,1.0,1.0,True,0.6,,True,True,20241010,63.01,20241024,72.61,0.1523567687668623,0.00362,0.14843435764045537,True,T+1_open_buy_T+2_close_sell,5.6352,5.0448,10.68,281540.013,7.051,1.461200273511389,1.3527726563607998,29,9,7.0,4.0,,,retreat_weak,retreat_2day,ice_point,-8.502190601011044,1209,0.2263621044748174,33,14,ice_point,-32.48680926916221,621,0.3689839572192513,9,8,0.6,625,unknown,unknown,unknown,unknown,unknown,unknown,unknown,unknown,ice_point,ice_point,gte_30,5_10,gte_60,gte_15,gte_1_5pct,gte_6,rank_11_30,rank_4_10,rank_4_10,rank_4_10,1000_1100,1,2_3,3e8_8e8,6_10,1_2,0_5pct_1pct,9_5_10_5,3_7,1_2_2,30_50,10_20,0_5pct_1pct,unknown,unknown,unknown,unknown,retreat_weak,retreat_2day,20241010,63.01,66.01,60.5,66.01,60.01,9.9983,20241024,72.61,72.61,72.61,72.61,66.01,9.9985,20241025,79.87,79.87,79.87,79.87,72.61,9.9986,20241028,87.86,87.86,87.86,87.86,79.87,10.0038,20241029,96.65,96.65,96.65,96.65,87.86,10.0046,fixed_t2_close,0.8,True,,20241010,63.01,63.07300999999999,daily_open_plus_slippage_no_l2,True,,72.61,72.53739,fixed_close,daily_price_minus_slippage_no_l2,False,0,0.1187474861123643,0.1187474861123643,c_conservative_daily_replay_fixed_t2_close
20241011,002596.SZ,海南瑞泽,2.26,10.24,48728802.0,94306,94306,0,U,,1,2.1,2.26,2.06,2.26,2.05,10.2439,672697.99,149470.904,6.5782,8.5499,0.71,102261.3268,78678.8678,259353.1971,231110.5986,False,sz_main,0.1,early_morning,one_word,False,10cm,0.0210846245456438,False,5344,442,4863,39,37,3,17,20,1590161113.21,13066972161.0,weak,1684,17,0.0100950118764845,neutral,1479,14,0.0094658553076402,weak,1350,5,0.0037037037037037,weak,576,0,0.0,weak,254,1,0.0039370078740157,weak,1,0,0.0,weak,31,5,0,31,5,1,14,1479,0.0094658553076402,weak,1,1,one_word,early_morning,weak,sz_main,weak,exact,446,True,3.36815,231110.5986,48728802.0,100000.0,77841516.267459,29112714.267459005,1.0,1.0,True,0.6,,True,True,20241014,2.37,20241015,2.25,-0.0506329113924051,0.00362,-0.05414974873228022,False,T+1_open_buy_T+2_close_sell,-0.4854,-10.0437,-10.5291,76927.927,3.667,1.9429992439546697,1.7938914644123263,10,5,2.0,2.0,,,retreat_weak,neutral,mixed,3.5941616766467073,40,0.0074850299401197,7,3,mixed,3.886139283299527,18,0.0121703853955375,4,3,0.4285714285714285,583,unknown,unknown,unknown,unknown,unknown,unknown,unknown,unknown,mixed,mixed,3_8,3_5,30_60,gte_15,0_8pct_1_5pct,3,rank_4_10,rank_4_10,rank_2_3,rank_2_3,before_1000,1,0,1e8_3e8,6_10,lt_1,2pct_5pct,9_5_10_5,neg3_0,1_2_2,30_50,10_20,0_5pct_1pct,unknown,unknown,unknown,unknown,retreat_weak,neutral,20241014,2.37,2.47,2.27,2.38,2.26,5.3097,20241015,2.28,2.34,2.25,2.25,2.38,-5.4622,20241016,2.27,2.36,2.25,2.31,2.25,2.6667,20241017,2.28,2.3,2.16,2.17,2.31,-6.0606,20241018,2.13,2.2,2.08,2.17,2.17,0.0,fixed_t2_close,0.8,True,,20241014,2.37,2.3723699999999996,daily_open_plus_slippage_no_l2,True,,2.25,2.24775,fixed_close,daily_price_minus_slippage_no_l2,False,0,-0.04331979898582418,-0.04331979898582418,c_conservative_daily_replay_fixed_t2_close
20241017,300826.SZ,测绘股份,17.56,20.03,81860927.0,92500,92500,0,U,,1,17.56,17.56,17.56,17.56,14.63,20.0273,114642.93,201312.985,7.5331,14.3096,1.31,15218.6466,8011.6112,277269.0654,267239.4343,False,chi_next,0.2,open_limit,one_word,False,20cm,0.0306320536916358,False,5352,1800,3449,103,59,5,30,29,1522772602.374,8458079128.0,neutral,1687,24,0.0142264374629519,neutral,1480,20,0.0135135135135135,neutral,1354,9,0.0066469719350073,weak,576,0,0.0,weak,254,6,0.0236220472440944,strong,1,0,0.0,weak,44,9,0,44,9,6,9,1354,0.0066469719350073,weak,1,1,one_word,open_limit,neutral,chi_next,weak,exact,209,True,3.2672,267239.4343,81860927.0,100000.0,87312467.974496,5451540.974496007,1.0,1.0,True,0.6,,True,True,20241018,17.3,20241021,18.59,0.0745664739884393,0.00362,0.0707994880264244,True,T+1_open_buy_T+2_close_sell,1.5267,-2.3051,-0.7784,104510.997,4.6944,1.9262373413201672,1.6046992160872529,16,2,4.0,2.0,,,neutral,neutral,mixed,8.700597907324363,9,0.0016816143497757,19,5,mixed,4.7760709010339735,1,0.000738552437223,2,4,0.4444444444444444,565,unknown,unknown,unknown,unknown,unknown,unknown,unknown,unknown,mixed,mixed,15_30,1_3,5_15,lt_1,lt_0_1pct,4_5,rank_11_30,rank_2_3,rank_4_10,rank_2_3,open_auction,1,0,1e8_3e8,6_10,1_2,2pct_5pct,19_5_20_5,0_3,1_2_2,50_80,5_10,0_5pct_1pct,unknown,unknown,unknown,unknown,neutral,neutral,20241018,17.3,19.18,16.17,18.27,17.56,4.0433,20241021,17.18,19.17,17.18,18.59,18.27,1.7515,20241022,18.24,18.4,16.8,17.03,18.59,-8.3916,20241023,16.62,17.16,16.32,16.55,17.03,-2.8186,20241024,16.55,16.99,16.39,16.8,16.55,1.5106,fixed_t2_close,0.8,True,,20241018,17.3,17.3173,daily_open_plus_slippage_no_l2,True,,18.59,18.57141,fixed_close,daily_price_minus_slippage_no_l2,False,0,0.05663959042113952,0.05663959042113952,c_conservative_daily_replay_fixed_t2_close
20241023,300795.SZ,米奥会展,19.61,20.01,56656819.0,94130,94130,0,U,,1,16.3,19.61,16.2,19.61,16.34,20.0122,86700.73,164074.044,6.4754,8.4876,3.24,13389.1747,10214.9988,451571.3478,262561.7159,False,chi_next,0.2,early_morning,one_word,False,20cm,0.0215784768186,False,5347,2753,2423,171,103,9,60,43,1968099789.293,11385482144.0,strong,1686,39,0.0231316725978647,strong,1480,45,0.0304054054054054,very_strong,1353,11,0.008130081300813,weak,574,3,0.0052264808362369,weak,253,5,0.0197628458498023,neutral,1,0,0.0,weak,84,14,0,84,14,5,11,1353,0.008130081300813,weak,1,1,one_word,early_morning,strong,chi_next,weak,exact,834,True,8.187525,262561.7159,56656819.0,100000.0,214973061.2974148,158316242.29741478,1.0,1.0,True,0.6,,True,True,20241024,20.28,20241025,20.39,0.0054240631163706,0.00362,0.0017952238294251625,True,T+1_open_buy_T+2_close_sell,3.2217,0.0,3.2217,60281.176,2.7859,2.7218122619240206,2.3243476075953913,33,4,7.0,3.0,,,retreat_2day,neutral,retreat,15.836543856368058,4,0.0007480830372171,34,9,mixed,9.2130081300813,0,0.0,4,8,0.5454545454545454,581,unknown,unknown,unknown,unknown,unknown,unknown,unknown,unknown,retreat,mixed,gte_30,3_5,lt_5,lt_1,lt_0_1pct,gte_6,rank_gt_30,rank_4_10,rank_4_10,rank_2_3,before_1000,1,0,1e8_3e8,6_10,2_4,2pct_5pct,19_5_20_5,3_7,2_3,80_120,10_20,0_5pct_1pct,unknown,unknown,unknown,unknown,retreat_2day,neutral,20241024,20.28,21.28,19.0,19.92,19.61,1.5808,20241025,20.0,20.73,18.73,20.39,19.92,2.3594,20241028,20.1,21.8,19.81,21.45,20.39,5.1986,20241029,21.2,21.61,19.82,19.85,21.45,-7.4592,20241030,19.85,20.02,18.8,19.25,19.85,-3.0227,fixed_t2_close,0.8,True,,20241024,20.28,20.300279999999997,daily_open_plus_slippage_no_l2,True,,20.39,20.36961,fixed_close,daily_price_minus_slippage_no_l2,False,0,0.00143617906354013,0.00143617906354013,c_conservative_daily_replay_fixed_t2_close
20241030,300175.SZ,朗源股份,7.3,20.07,72142250.0,93406,93406,0,U,,1,6.06,7.3,6.06,7.3,6.08,20.0658,359774.7,252647.905,7.6418,10.0483,0.86,47080.0,35804.704,343684.0,343684.0,False,chi_next,0.2,early_morning,one_word,False,20cm,0.0209908666100254,False,5346,2321,2916,109,158,10,76,82,1897080261.788,21038350178.0,very_strong,1684,66,0.0391923990498812,very_strong,1477,70,0.0473933649289099,very_strong,1356,10,0.0073746312684365,weak,573,2,0.0034904013961605,weak,255,10,0.0392156862745098,very_strong,1,0,0.0,weak,136,12,0,136,12,10,10,1356,0.0073746312684365,weak,1,1,one_word,early_morning,very_strong,chi_next,weak,exact,834,True,8.187525,343684.0,72142250.0,100000.0,281392134.21000004,209249884.21000004,1.0,1.0,True,0.6,,True,True,20241031,8.03,20241101,8.1,0.0087173100871731,0.00362,0.0050818908861997684,True,T+1_open_buy_T+2_close_sell,-5.4432,7.8859,2.4427000000000003,366242.752,12.1541,0.6898372831143428,0.6287425642375823,51,3,9.0,3.0,,,neutral,neutral,main_rise,22.19835390946502,7,0.001309390198279,57,10,mixed,4.137463126843658,0,0.0,2,3,0.3,574,unknown,unknown,unknown,unknown,unknown,unknown,unknown,unknown,main_rise,mixed,gte_30,1_3,5_15,lt_1,lt_0_1pct,3,rank_gt_30,rank_2_3,rank_4_10,rank_2_3,before_1000,1,0,1e8_3e8,6_10,lt_1,2pct_5pct,19_5_20_5,lt_neg3,lt_0_8,120_180,5_10,0_5pct_1pct,unknown,unknown,unknown,unknown,neutral,neutral,20241031,8.03,8.21,7.38,7.48,7.3,2.4658,20241101,7.67,8.68,7.67,8.1,7.48,8.2888,20241104,7.65,8.1,7.03,7.6,8.1,-6.1728,20241105,7.54,7.71,7.33,7.68,7.6,1.0526,20241106,7.51,8.66,7.23,8.2,7.68,6.7708,fixed_t2_close,0.8,True,,20241031,8.03,8.03803,daily_open_plus_slippage_no_l2,True,,8.1,8.091899999999999,fixed_close,daily_price_minus_slippage_no_l2,False,0,0.004065512708959815,0.004065512708959815,c_conservative_daily_replay_fixed_t2_close
20241101,300748.SZ,金力永磁,20.66,19.98,229514419.0,94142,94142,0,U,,1,17.55,20.66,17.53,20.66,17.22,19.9768,753763.56,1492839.654,6.6481,13.0317,1.04,113380.2695,57840.6574,2779259.0697,2342436.3679,False,chi_next,0.2,early_morning,one_word,False,20cm,0.0097981068832943,False,5349,976,4326,47,104,12,36,68,2272054801.3970003,10810310601.0,strong,1686,44,0.026097271648873,strong,1476,39,0.0264227642276422,strong,1358,12,0.0088365243004418,weak,572,3,0.0052447552447552,weak,256,6,0.0234375,strong,1,0,0.0,weak,83,15,0,83,15,6,12,1358,0.0088365243004418,weak,1,1,one_word,early_morning,strong,chi_next,weak,exact,834,True,8.187525,2342436.3679,229514419.0,100000.0,1917875632.3090448,1688361213.3090448,1.0,1.0,True,0.6,,True,True,20241104,22.43,20241105,23.26,0.0370040124832813,0.00362,0.03331207639440388,True,T+1_open_buy_T+2_close_sell,-1.8803,0.057,-1.8233000000000001,1017551.235,5.1751,1.4670904055263616,1.2846321810206567,49,3,8.0,2.0,,,neutral,neutral,ice_point,15.509964479341935,162,0.0302860347728547,38,12,mixed,3.611634756995582,11,0.008100147275405,1,4,0.3333333333333333,581,unknown,unknown,unknown,unknown,unknown,unknown,unknown,unknown,ice_point,mixed,gte_30,lt_1,gte_60,8_15,0_8pct_1_5pct,4_5,rank_gt_30,rank_2_3,rank_4_10,rank_2_3,before_1000,1,0,8e8_15e8,6_10,1_2,0_5pct_1pct,19_5_20_5,neg3_0,1_2_2,80_120,10_20,0_5pct_1pct,unknown,unknown,unknown,unknown,neutral,neutral,20241104,22.43,23.49,19.18,20.95,20.66,1.4037,20241105,19.78,24.99,19.78,23.26,20.95,11.0263,20241106,22.27,26.5,22.03,24.59,23.26,5.718,20241107,24.0,25.35,23.0,23.55,24.59,-4.2294,20241108,23.5,24.08,22.0,22.02,23.55,-6.4968,fixed_t2_close,0.8,True,,20241104,22.43,22.452429999999996,daily_open_plus_slippage_no_l2,True,,23.26,23.23674,fixed_close,daily_price_minus_slippage_no_l2,False,0,0.026649661115523107,0.026649661115523107,c_conservative_daily_replay_fixed_t2_close
20241104,300024.SZ,机器人,15.46,20.03,314831505.0,94515,94515,0,U,,1,12.95,15.46,12.95,15.46,12.88,20.0311,1245310.6,1844051.35,8.1765,11.0326,1.68,152302.7369,112875.5198,2420448.4427,2354600.3125,False,chi_next,0.2,early_morning,one_word,False,20cm,0.0133709106946362,False,5350,4496,772,82,153,13,88,65,1726720244.75,17448380894.0,very_strong,1685,61,0.0362017804154302,very_strong,1477,68,0.0460392687880839,very_strong,1358,11,0.008100147275405,weak,573,3,0.0052356020942408,weak,256,10,0.0390625,very_strong,1,0,0.0,weak,129,14,0,129,14,10,11,1358,0.008100147275405,weak,1,1,one_word,early_morning,very_strong,chi_next,weak,exact,834,True,8.187525,2354600.3125,314831505.0,100000.0,1927834892.3601563,1613003387.3601563,1.0,1.0,True,0.6,,True,True,20241105,16.15,20241106,21.11,0.3071207430340559,0.00362,0.3028891131778439,True,T+1_open_buy_T+2_close_sell,-5.2941,2.3326,-2.9615000000000005,876630.884,4.3822,2.103566488081887,1.8658436401807312,53,4,6.0,2.0,,,neutral,neutral,main_rise,18.02803738317757,46,0.0085981308411214,29,13,mixed,3.410014727540501,0,0.0,2,2,0.3636363636363636,585,unknown,unknown,unknown,unknown,unknown,unknown,unknown,unknown,main_rise,mixed,15_30,1_3,30_60,lt_1,lt_0_1pct,2,rank_gt_30,rank_4_10,rank_4_10,rank_2_3,before_1000,1,0,gte_15e8,6_10,1_2,1pct_2pct,19_5_20_5,lt_neg3,2_3,120_180,10_20,0_5pct_1pct,unknown,unknown,unknown,unknown,neutral,neutral,20241105,16.15,18.45,15.55,18.05,15.46,16.7529,20241106,18.8,21.66,18.37,21.11,18.05,16.9529,20241107,21.33,21.66,18.78,20.3,21.11,-3.837,20241108,19.75,22.32,19.75,20.1,20.3,-0.9852,20241111,19.5,21.75,19.41,20.73,20.1,3.1343,fixed_t2_close,0.8,True,,20241105,16.15,16.16615,daily_open_plus_slippage_no_l2,True,,21.11,21.08889,fixed_close,daily_price_minus_slippage_no_l2,False,0,0.24231129054227513,0.24231129054227513,c_conservative_daily_replay_fixed_t2_close
20241108,301269.SZ,华大九天,124.62,20.0,130293948.0,103342,104851,1,U,,1,106.5,124.62,106.01,124.62,103.85,20.0,184045.35,2198648.879,7.016,10.8085,3.47,26232.1446,17027.8132,6766140.3128,3269049.8601,False,chi_next,0.2,midday,t_board,False,20cm,0.0039856824941793,False,5356,2222,3046,88,122,7,56,66,2735583617.936,13121485503.0,strong,1689,43,0.0254588513913558,strong,1478,56,0.0378890392422192,very_strong,1358,9,0.0066273932253313,weak,574,10,0.0174216027874564,neutral,256,4,0.015625,neutral,1,0,0.0,weak,99,19,0,99,19,4,9,1358,0.0066273932253313,weak,1,1,t_board,midday,strong,chi_next,weak,exact,361,True,13.077,3269049.8601,130293948.0,100000.0,4274936502.0527697,4144642554.0527697,1.0,1.0,True,0.6,,True,True,20241111,128.98,20241112,148.99,0.1551403318343931,0.00362,0.15121235914341552,True,T+1_open_buy_T+2_close_sell,1.2578,2.519,3.7768,585226.349,2.1592,3.756920519311751,3.2493516117080405,72,5,6.0,2.0,,,neutral,retreat_2day,main_rise,15.943390589992532,6,0.0011202389843166,41,7,retreat,2.762739322533137,0,0.0,1,2,0.4444444444444444,633,unknown,unknown,unknown,unknown,unknown,unknown,unknown,unknown,main_rise,retreat,gte_30,lt_1,5_15,lt_1,lt_0_1pct,2,rank_gt_30,rank_4_10,rank_4_10,rank_2_3,1000_1100,1,1,gte_15e8,6_10,2_4,0_3pct_0_5pct,19_5_20_5,0_3,3_5,120_180,5_10,0_5pct_1pct,unknown,unknown,unknown,unknown,neutral,retreat_2day,20241111,128.98,149.54,127.62,149.54,124.62,19.9968,20241112,147.0,155.0,138.36,148.99,149.54,-0.3678,20241113,147.0,148.99,137.0,142.72,148.99,-4.2083,20241114,138.68,140.0,130.5,131.99,142.72,-7.5182,20241115,130.39,134.85,124.5,125.06,131.99,-5.2504,fixed_t2_close,0.8,True,,20241111,128.98,129.10897999999997,daily_open_plus_slippage_no_l2,True,,148.99,148.84101,fixed_close,daily_price_minus_slippage_no_l2,False,0,0.12096988731473242,0.12096988731473242,c_conservative_daily_replay_fixed_t2_close
20241113,300712.SZ,永福股份,31.51,19.99,79496043.0,140733,140733,0,U,,1,25.8,31.51,25.51,31.51,26.26,19.9924,145696.95,421773.871,7.8079,16.8164,3.51,18660.261,8663.9933,590957.5563,587984.8241,False,chi_next,0.2,afternoon,one_word,False,20cm,0.013520084148716,False,5353,2587,2610,156,72,7,36,36,2043087923.5169995,7407207540.0,neutral,1687,31,0.0183758150563129,neutral,1476,22,0.0149051490514905,neutral,1359,10,0.0073583517292126,weak,573,3,0.0052356020942408,weak,257,6,0.0233463035019455,strong,1,0,0.0,weak,53,13,0,53,13,6,10,1359,0.0073583517292126,weak,1,1,one_word,afternoon,neutral,chi_next,weak,exact,194,True,12.9376,587984.8241,79496043.0,100000.0,760711246.027616,681215203.027616,1.0,1.0,True,0.6,,True,True,20241114,34.76,20241115,28.39,-0.1832566168009205,0.00362,-0.1865084717124072,False,T+1_open_buy_T+2_close_sell,-1.9417,5.4331,3.4913999999999996,147229.99,2.9322,2.8647279742394876,2.6628129049860174,54,9,4.0,1.0,,,retreat_2day,neutral,retreat,9.098449467588267,11,0.0020549224733794,12,7,mixed,1.5358351729212658,0,0.0,0,1,0.6,847,unknown,unknown,unknown,unknown,unknown,unknown,unknown,unknown,retreat,mixed,8_15,lt_1,5_15,lt_1,lt_0_1pct,1,rank_gt_30,rank_4_10,rank_4_10,rank_1,1330_1430,1,0,3e8_8e8,6_10,2_4,1pct_2pct,19_5_20_5,neg3_0,2_3,50_80,5_10,0_5pct_1pct,unknown,unknown,unknown,unknown,retreat_2day,neutral,20241114,34.76,37.0,31.51,31.72,31.51,0.6665,20241115,30.6,31.14,28.39,28.39,31.72,-10.4981,20241118,27.83,28.48,26.5,26.67,28.39,-6.0585,20241119,26.9,27.72,26.53,27.66,26.67,3.712,20241120,27.48,29.5,27.17,28.4,27.66,2.6753,fixed_t2_close,0.8,True,,20241114,34.76,34.79476,daily_open_plus_slippage_no_l2,True,,28.39,28.36161,fixed_close,daily_price_minus_slippage_no_l2,False,0,-0.14920677736992577,-0.14920677736992577,c_conservative_daily_replay_fixed_t2_close
20241127,301066.SZ,万事利,13.82,19.97,74765799.0,101045,101045,0,U,,1,11.34,13.82,10.86,13.82,11.52,19.9653,174102.23,221505.702,9.2218,24.0172,1.92,18879.4211,7249.0599,260977.1039,260913.5996,False,chi_next,0.2,midday,one_word,False,20cm,0.0286553859647874,False,5360,4330,915,115,103,8,52,51,1489142212.378,9499982998.0,strong,1688,34,0.0201421800947867,strong,1477,49,0.0331753554502369,very_strong,1360,13,0.0095588235294117,weak,577,2,0.0034662045060658,weak,257,5,0.0194552529182879,neutral,1,0,0.0,weak,83,15,0,83,15,5,13,1360,0.0095588235294117,weak,1,1,one_word,midday,strong,chi_next,weak,exact,1336,True,12.16225,260913.5996,74765799.0,100000.0,317329642.67351,242563843.67351,1.0,1.0,True,0.6,,True,True,20241128,15.5,20241129,19.9,0.2838709677419353,0.00362,0.2796857909832104,True,T+1_open_buy_T+2_close_sell,3.5971,7.026,10.6231,140072.425,6.5175,1.5813655114488094,1.4149290372075183,34,4,5.0,2.0,,,neutral,neutral,main_rise,12.006716417910448,23,0.0042910447761194,21,8,mixed,3.855882352941177,0,0.0,1,3,0.1538461538461538,610,unknown,unknown,unknown,unknown,unknown,unknown,unknown,unknown,main_rise,mixed,15_30,lt_1,15_30,lt_1,lt_0_1pct,3,rank_gt_30,rank_4_10,rank_4_10,rank_2_3,1000_1100,1,0,1e8_3e8,6_10,1_2,2pct_5pct,19_5_20_5,3_7,1_2_2,80_120,10_20,0_5pct_1pct,unknown,unknown,unknown,unknown,neutral,neutral,20241128,15.5,16.58,15.2,16.58,13.82,19.9711,20241129,17.5,19.9,17.32,19.9,16.58,20.0241,20241202,20.9,23.88,19.06,23.88,19.9,20.0,20241203,23.8,23.82,20.41,20.47,23.88,-14.2797,20241204,19.4,20.33,17.72,18.15,20.47,-11.3337,fixed_t2_close,0.8,True,,20241128,15.5,15.515499999999998,daily_open_plus_slippage_no_l2,True,,19.9,19.8801,fixed_close,daily_price_minus_slippage_no_l2,False,0,0.2237486327865683,0.2237486327865683,c_conservative_daily_replay_fixed_t2_close
20241206,300436.SZ,广生堂,31.63,19.99,47380727.0,144115,144115,0,U,,1,26.49,31.63,26.49,31.63,26.36,19.9924,132001.12,384327.409,9.655,15.3285,4.34,13671.7638,8611.4577,503761.521,432437.889,False,chi_next,0.2,late,one_word,False,20cm,0.0109566548642549,False,5364,3636,1649,79,121,9,63,58,1818546331.407,11770087276.0,strong,1689,52,0.0307874481941977,very_strong,1475,59,0.04,very_strong,1361,7,0.0051432770022042,weak,579,2,0.003454231433506,weak,259,1,0.0038610038610038,weak,1,0,0.0,weak,111,9,0,111,9,1,7,1361,0.0051432770022042,weak,1,1,one_word,late,strong,chi_next,weak,exact,241,True,13.0945,432437.889,47380727.0,100000.0,566255793.75105,518875066.75105,1.0,1.0,True,0.6,,True,True,20241209,33.0,20241210,34.5,0.0454545454545454,0.00362,0.04174572518390725,True,T+1_open_buy_T+2_close_sell,-1.6418,-1.3255,-2.9673,93577.384,2.5982,4.107054424603278,3.716034177507505,98,6,8.0,2.0,,,neutral,neutral,main_rise,17.67680835197614,8,0.0014914243102162,42,9,mixed,2.6143277002204264,0,0.0,1,2,0.4285714285714285,881,unknown,unknown,unknown,unknown,unknown,unknown,unknown,unknown,main_rise,mixed,gte_30,lt_1,5_15,lt_1,lt_0_1pct,2,rank_gt_30,rank_4_10,rank_4_10,rank_2_3,after_1430,1,0,3e8_8e8,6_10,4_8,1pct_2pct,19_5_20_5,neg3_0,3_5,120_180,5_10,0_5pct_1pct,unknown,unknown,unknown,unknown,neutral,neutral,20241209,33.0,33.43,31.0,32.87,31.63,3.9203,20241210,32.8,37.96,32.08,34.5,32.87,4.9589,20241211,33.5,35.99,33.49,34.02,34.5,-1.3913,20241212,33.69,34.99,33.52,34.62,34.02,1.7637,20241213,34.04,34.88,33.15,33.27,34.62,-3.8995,fixed_t2_close,0.8,True,,20241209,33.0,33.032999999999994,daily_open_plus_slippage_no_l2,True,,34.5,34.4655,fixed_close,daily_price_minus_slippage_no_l2,False,0,0.0333965801471258,0.0333965801471258,c_conservative_daily_replay_fixed_t2_close
20241209,300149.SZ,睿智医药,8.5,20.06,83116910.0,93015,93015,0,U,,1,8.04,8.5,7.98,8.5,7.08,20.0565,334057.0,282642.837,6.7203,10.1131,2.97,49708.3117,33031.9753,423269.3932,422520.6495,False,chi_next,0.2,open_limit,one_word,False,20cm,0.0196716799754895,False,5362,2040,3217,105,104,10,55,49,1661995669.61,9804697523.0,strong,1689,40,0.0236826524570751,strong,1475,53,0.0359322033898305,very_strong,1359,10,0.0073583517292126,weak,579,1,0.001727115716753,weak,259,0,0.0,weak,1,0,0.0,weak,93,11,0,93,11,0,10,1359,0.0073583517292126,weak,1,1,one_word,open_limit,strong,chi_next,weak,exact,209,True,3.2672,422520.6495,83116910.0,100000.0,138045946.60463998,54929036.60463998,1.0,1.0,True,0.6,,True,True,20241210,8.72,20241211,8.0,-0.0825688073394496,0.00362,-0.08602183669541456,False,T+1_open_buy_T+2_close_sell,3.207,0.5865,3.7935,117246.134,3.3571,2.4106793747246282,2.001817044472908,24,3,6.0,3.0,,,retreat_2day,neutral,retreat,15.535322640805669,27,0.0050354345393509,31,10,mixed,4.135835172921266,0,0.0,2,3,0.5,570,unknown,unknown,unknown,unknown,unknown,unknown,unknown,unknown,retreat,mixed,gte_30,1_3,15_30,lt_1,lt_0_1pct,3,rank_11_30,rank_2_3,rank_4_10,rank_2_3,open_auction,1,0,1e8_3e8,6_10,2_4,1pct_2pct,19_5_20_5,3_7,2_3,80_120,5_10,0_5pct_1pct,unknown,unknown,unknown,unknown,retreat_2day,neutral,20241210,8.72,9.86,8.26,8.37,8.5,-1.5294,20241211,8.26,8.48,7.89,8.0,8.37,-4.4205,20241212,8.01,8.19,7.82,7.89,8.0,-1.375,20241213,7.75,7.84,7.65,7.67,7.89,-2.7883,20241216,8.2,8.48,7.92,8.01,7.67,4.4329,fixed_t2_close,0.8,True,,20241210,8.72,8.72872,daily_open_plus_slippage_no_l2,True,,8.0,7.992,fixed_close,daily_price_minus_slippage_no_l2,False,0,-0.06881746935633165,-0.06881746935633165,c_conservative_daily_replay_fixed_t2_close
20241210,300955.SZ,嘉亨家化,19.44,20.0,76388508.0,93403,93403,0,U,,1,16.7,19.44,16.7,19.44,16.2,20.0,44474.12,83609.74,7.5577,9.9136,2.14,5884.6341,4486.1788,195955.2,114397.2869,False,chi_next,0.2,early_morning,one_word,False,20cm,0.0667747549526893,False,5365,2891,2280,194,112,11,52,60,2228718253.0090003,9882635389.0,strong,1690,41,0.0242603550295858,strong,1475,53,0.0359322033898305,very_strong,1360,12,0.0088235294117647,weak,579,3,0.005181347150259,weak,260,3,0.0115384615384615,neutral,1,0,0.0,weak,94,15,0,94,15,3,12,1360,0.0088235294117647,weak,1,1,one_word,early_morning,strong,chi_next,weak,exact,834,True,8.187525,114397.2869,76388508.0,100000.0,93663064.64259224,17274556.64259225,1.0,1.0,True,0.6,,True,True,20241211,19.0,20241212,19.49,0.0257894736842103,0.00362,0.022119944266260027,True,T+1_open_buy_T+2_close_sell,-3.7433,3.3149,-0.4283999999999999,65415.945,6.838,1.278124775236374,1.1052500731207955,30,3,6.0,2.0,,,neutral,warming_2day,main_rise,17.108667287977635,8,0.0014911463187325,32,11,mixed,2.9823529411764707,0,0.0,1,2,0.5833333333333334,574,unknown,unknown,unknown,unknown,unknown,unknown,unknown,unknown,main_rise,mixed,gte_30,lt_1,5_15,lt_1,lt_0_1pct,2,rank_11_30,rank_2_3,rank_4_10,rank_2_3,before_1000,1,0,lt_1e8,6_10,2_4,gte_5pct,19_5_20_5,lt_neg3,1_2_2,80_120,10_20,0_5pct_1pct,unknown,unknown,unknown,unknown,neutral,warming_2day,20241211,19.0,21.58,17.83,20.17,19.44,3.7551,20241212,18.79,19.85,18.5,19.49,20.17,-3.3713,20241213,19.22,19.22,18.19,18.29,19.49,-6.157,20241216,18.39,18.71,17.7,18.06,18.29,-1.2575,20241217,17.9,17.9,16.38,16.59,18.06,-8.1395,fixed_t2_close,0.8,True,,20241211,19.0,19.019,daily_open_plus_slippage_no_l2,True,,19.49,19.470509999999997,fixed_close,daily_price_minus_slippage_no_l2,False,0,0.017695955413008023,0.017695955413008023,c_conservative_daily_replay_fixed_t2_close
20241216,300805.SZ,电声股份,13.42,20.04,62298270.0,93012,93012,0,U,,1,12.96,13.42,12.96,13.42,11.18,20.0358,218736.54,291149.173,7.6178,13.9273,1.08,28713.92,15705.6512,567974.66,385340.8064,False,chi_next,0.2,open_limit,one_word,False,20cm,0.0161670575670441,False,5370,1768,3479,123,101,7,59,42,1717601894.596,9853465596.0,strong,1688,47,0.0278436018957345,strong,1478,46,0.0311231393775372,very_strong,1363,8,0.0058694057226705,weak,580,0,0.0,weak,260,0,0.0,weak,1,0,0.0,weak,93,8,1,92,8,0,8,1363,0.0058694057226705,weak,1,1,one_word,open_limit,strong,chi_next,weak,exact,209,True,3.2672,385340.8064,62298270.0,100000.0,125898548.267008,63600278.26700801,1.0,1.0,True,0.6,,True,True,20241217,13.72,20241218,15.66,0.1413994169096208,0.00362,0.13749889859411718,True,T+1_open_buy_T+2_close_sell,9.6078,0.8902,10.498,470792.295,15.0112,0.6184238274332846,0.507474419100405,14,2,3.0,2.0,,,neutral,neutral,main_rise,12.077467411545625,27,0.0050279329608938,26,7,mixed,2.5988994864269994,1,0.0007336757153338,1,2,0.375,570,unknown,unknown,unknown,unknown,unknown,unknown,unknown,unknown,main_rise,mixed,15_30,lt_1,15_30,lt_1,lt_0_1pct,2,rank_11_30,rank_2_3,rank_2_3,rank_2_3,open_auction,1,0,1e8_3e8,6_10,1_2,1pct_2pct,19_5_20_5,7_10,lt_0_8,80_120,5_10,0_5pct_1pct,unknown,unknown,unknown,unknown,neutral,neutral,20241217,13.72,16.05,11.8,15.38,13.42,14.6051,20241218,15.21,17.29,14.01,15.66,15.38,1.8205,20241219,14.99,15.16,13.42,13.5,15.66,-13.7931,20241220,14.05,16.2,14.05,16.2,13.5,20.0,20241223,16.2,16.35,13.87,14.09,16.2,-13.0247,fixed_t2_close,0.8,True,,20241217,13.72,13.73372,daily_open_plus_slippage_no_l2,True,,15.66,15.64434,fixed_close,daily_price_minus_slippage_no_l2,False,0,0.10999911887529375,0.10999911887529375,c_conservative_daily_replay_fixed_t2_close
20241225,002843.SZ,泰嘉股份,23.08,10.01,126633036.0,112621,112621,0,U,,1,21.01,23.08,20.35,23.08,20.98,10.0095,242193.49,536404.578,9.639,19.1057,1.61,25126.5062,12676.5062,586489.4851,579919.7631,False,sz_main,0.1,midday,one_word,False,10cm,0.0218363028918129,False,5368,911,4400,57,37,5,18,19,1296592406.39,3390416482.0,weak,1684,20,0.01187648456057,neutral,1477,13,0.0088016249153689,weak,1365,3,0.0021978021978021,weak,580,1,0.0017241379310344,weak,261,0,0.0,weak,1,0,0.0,weak,33,4,0,33,4,0,13,1477,0.0088016249153689,weak,1,1,one_word,midday,weak,sz_main,weak,exact,593,True,4.011,579919.7631,126633036.0,100000.0,232605816.97941,105972780.97941002,1.0,1.0,True,0.6,,True,True,20241226,22.01,20241227,23.17,0.052703316674239,0.00362,0.0489800133442206,True,T+1_open_buy_T+2_close_sell,-0.4271,-0.6601,-1.0872,283460.147,5.3903,1.8923456566188825,1.7882121588779845,25,10,4.0,4.0,,,retreat_weak,neutral,mixed,6.060953800298062,46,0.0085692995529061,12,5,ice_point,4.361543669600541,31,0.0209884901828029,4,5,0.5384615384615384,686,unknown,unknown,unknown,unknown,unknown,unknown,unknown,unknown,mixed,ice_point,8_15,3_5,30_60,gte_15,gte_1_5pct,4_5,rank_11_30,rank_4_10,rank_4_10,rank_4_10,1100_1330,1,0,3e8_8e8,6_10,1_2,2pct_5pct,9_5_10_5,neg3_0,1_2_2,30_50,10_20,0_5pct_1pct,unknown,unknown,unknown,unknown,retreat_weak,neutral,20241226,22.01,25.29,22.01,23.93,23.08,3.6828,20241227,23.72,23.93,22.92,23.17,23.93,-3.1759,20241230,23.36,24.48,23.0,23.69,23.17,2.2443,20241231,23.51,23.58,21.32,21.32,23.69,-10.0042,20250102,20.81,21.55,20.26,20.6,21.32,-3.3771,fixed_t2_close,0.8,True,,20241226,22.01,22.03201,daily_open_plus_slippage_no_l2,True,,23.17,23.14683,fixed_close,daily_price_minus_slippage_no_l2,False,0,0.03918401067537648,0.03918401067537648,c_conservative_daily_replay_fixed_t2_close
20250109,300822.SZ,贝仕达克,23.68,20.02,70284821.0,100315,100315,0,U,,1,19.73,23.68,19.73,23.68,19.73,20.0203,245196.03,539938.759,8.4848,29.503,2.31,28898.2038,8310.8838,737717.7216,684309.466,False,chi_next,0.2,midday,one_word,False,20cm,0.0102709116988891,False,5374,2729,2459,186,87,7,54,33,1130752028.204,7378877078.0,neutral,1690,45,0.0266272189349112,strong,1474,33,0.0223880597014925,strong,1366,8,0.0058565153733528,weak,580,0,0.0,weak,263,1,0.0038022813688212,weak,1,0,0.0,weak,78,8,0,78,8,1,8,1366,0.0058565153733528,weak,1,1,one_word,midday,neutral,chi_next,weak,exact,1336,True,12.16225,684309.466,70284821.0,100000.0,832274280.28585,761989459.28585,1.0,1.0,True,0.6,,True,True,20250110,24.47,20250113,23.09,-0.056395586432366,0.00362,-0.05990090993599766,False,T+1_open_buy_T+2_close_sell,0.4582,2.5587,3.0169,190420.394,3.3858,2.8355090946823687,2.5059956288026464,43,7,7.0,2.0,,,neutral,neutral,main_rise,11.884927428358765,6,0.0011164867882396,24,7,mixed,3.097803806734993,1,0.0007320644216691,2,2,0.25,603,unknown,unknown,unknown,unknown,unknown,unknown,unknown,unknown,main_rise,mixed,15_30,1_3,5_15,lt_1,lt_0_1pct,2,rank_gt_30,rank_4_10,rank_4_10,rank_2_3,1000_1100,1,0,3e8_8e8,6_10,2_4,1pct_2pct,19_5_20_5,0_3,2_3,80_120,5_10,0_5pct_1pct,unknown,unknown,unknown,unknown,neutral,neutral,20250110,24.47,26.95,24.01,25.56,23.68,7.9392,20250113,23.4,24.34,22.83,23.09,25.56,-9.6635,20250114,23.23,24.99,22.74,24.78,23.09,7.3192,20250115,24.75,27.88,23.38,25.97,24.78,4.8023,20250116,25.18,25.97,24.33,24.79,25.97,-4.5437,fixed_t2_close,0.8,True,,20250110,24.47,24.494469999999996,daily_open_plus_slippage_no_l2,True,,23.09,23.06691,fixed_close,daily_price_minus_slippage_no_l2,False,0,-0.04792072794879813,-0.04792072794879813,c_conservative_daily_replay_fixed_t2_close
20250110,002811.SZ,郑中设计,10.57,9.99,127468724.0,93015,93500,3,U,,2,10.11,10.57,10.11,10.57,9.61,9.9896,204489.94,213974.628,8.2182,22.7123,3.57,24882.4215,9003.4904,289277.0858,263007.1953,False,sz_main,0.1,open_limit,multi_open,False,10cm,0.0484658694811,False,5375,534,4803,38,38,7,18,20,1163749308.724,2749030617.0,weak,1690,22,0.0130177514792899,neutral,1473,14,0.0095044127630685,weak,1367,2,0.0014630577907827,weak,581,0,0.0,weak,263,0,0.0,weak,1,0,0.0,weak,36,2,0,36,2,0,14,1473,0.0095044127630685,weak,2,2,multi_open,open_limit,weak,sz_main,weak,exact,53,True,8.2182,263007.1953,127468724.0,100000.0,216144573.241446,88675849.24144599,1.0,1.0,True,0.6,,True,True,20250113,10.35,20250114,9.74,-0.0589371980676327,0.00362,-0.062437443426139036,False,T+1_open_buy_T+2_close_sell,9.9542,4.5455,14.4997,106046.035,4.5126,2.017752271454562,1.8211673979524,8,2,5.0,2.0,,,retreat_weak,retreat_2day,mixed,7.746046511627907,52,0.0096744186046511,13,7,ice_point,6.132315003394433,26,0.0176510522742701,5,6,0.3571428571428571,570,unknown,unknown,unknown,unknown,unknown,unknown,unknown,unknown,mixed,ice_point,8_15,3_5,30_60,gte_15,gte_1_5pct,gte_6,rank_4_10,rank_2_3,rank_4_10,rank_2_3,open_auction,2,2_3,1e8_3e8,6_10,2_4,2pct_5pct,9_5_10_5,7_10,2_3,30_50,10_20,0_5pct_1pct,unknown,unknown,unknown,unknown,retreat_weak,retreat_2day,20250113,10.35,10.49,9.6,9.6,10.57,-9.1769,20250114,9.78,9.95,9.08,9.74,9.6,1.4583,20250115,9.5,10.71,9.33,10.71,9.74,9.9589,20250116,10.5,10.76,10.02,10.02,10.71,-6.4426,20250117,10.2,10.56,9.91,10.28,10.02,2.5948,fixed_t2_close,0.8,True,,20250113,10.35,10.360349999999999,daily_open_plus_slippage_no_l2,True,,9.74,9.73026,fixed_close,daily_price_minus_slippage_no_l2,False,0,-0.04994995474091123,-0.04994995474091123,c_conservative_daily_replay_fixed_t2_close
20250205,300229.SZ,拓尔思,26.53,19.99,380733356.0,93215,93215,0,U,,1,25.0,26.53,24.96,26.53,22.11,19.991,773067.04,2001690.125,9.7278,14.5984,0.92,79470.1252,52955.4676,2317716.3326,2108342.4216,False,chi_next,0.2,early_morning,one_word,False,20cm,0.0180584212554555,False,5384,3433,1851,100,77,5,46,31,1300859530.552,17300214204.0,neutral,1691,32,0.018923713778829,neutral,1483,28,0.0188806473364801,neutral,1365,10,0.0073260073260073,weak,581,6,0.0103270223752151,neutral,263,1,0.0038022813688212,weak,1,0,0.0,weak,60,16,0,60,16,1,10,1365,0.0073260073260073,weak,1,1,one_word,early_morning,neutral,chi_next,weak,exact,834,True,8.187525,2108342.4216,380733356.0,100000.0,1726210628.541054,1345477272.541054,1.0,1.0,True,0.6,,True,True,20250206,26.66,20250207,27.41,0.0281320330082519,0.00362,0.02445782315209195,True,T+1_open_buy_T+2_close_sell,17.7944,9.0012,26.7956,4095303.11,23.3494,0.48877703828862623,0.41661884245419584,16,4,4.0,2.0,,,neutral,neutral,mixed,7.22778603268945,36,0.0066864784546805,13,5,mixed,3.2446886446886447,1,0.0007326007326007,2,2,0.5,572,unknown,unknown,unknown,unknown,unknown,unknown,unknown,unknown,mixed,mixed,8_15,1_3,30_60,lt_1,lt_0_1pct,2,rank_11_30,rank_4_10,rank_4_10,rank_2_3,before_1000,1,0,gte_15e8,6_10,lt_1,1pct_2pct,19_5_20_5,gte_10,lt_0_8,50_80,5_10,0_5pct_1pct,unknown,unknown,unknown,unknown,neutral,neutral,20250206,26.66,29.96,25.86,27.75,26.53,4.5986,20250207,27.51,28.97,26.6,27.41,27.75,-1.2252,20250210,27.3,29.29,27.01,29.15,27.41,6.348,20250211,27.98,29.49,27.44,27.68,29.15,-5.0429,20250212,27.19,30.43,27.18,29.16,27.68,5.3468,fixed_t2_close,0.8,True,,20250206,26.66,26.686659999999996,daily_open_plus_slippage_no_l2,True,,27.41,27.38259,fixed_close,daily_price_minus_slippage_no_l2,False,0,0.01956625852167356,0.01956625852167356,c_conservative_daily_replay_fixed_t2_close
20250206,300382.SZ,斯莱克,12.31,19.98,91671400.0,94315,94315,0,U,,1,10.38,12.31,10.32,12.31,10.26,19.9805,486322.3,582852.452,7.8004,12.0946,2.45,62345.6445,40209.9665,767716.0022,767474.8838,False,chi_next,0.2,early_morning,one_word,False,20cm,0.0119445472334035,False,5385,4802,471,112,90,6,59,31,1555978663.9399998,11660193447.0,neutral,1689,35,0.0207223208999407,strong,1483,39,0.026298044504383,strong,1366,7,0.0051244509516837,weak,582,7,0.0120274914089347,neutral,264,2,0.0075757575757575,weak,1,0,0.0,weak,74,14,0,74,14,2,7,1366,0.0051244509516837,weak,1,1,one_word,early_morning,neutral,chi_next,weak,exact,834,True,8.187525,767474.8838,91671400.0,100000.0,628371979.7984595,536700579.79845953,1.0,1.0,True,0.6,,True,True,20250207,12.29,20250210,13.32,0.0838079739625712,0.00362,0.08002252346514367,True,T+1_open_buy_T+2_close_sell,2.6,-4.2146,-1.6145999999999998,168954.011,2.6383,3.449769842989996,2.956600841450934,27,3,4.0,2.0,,,warming_2day,neutral,warming,11.049025069637883,1,0.0001857010213556,23,6,mixed,3.4124450951683754,0,0.0,1,3,0.4285714285714285,583,unknown,unknown,unknown,unknown,unknown,unknown,unknown,unknown,warming,mixed,15_30,lt_1,lt_5,lt_1,lt_0_1pct,3,rank_11_30,rank_2_3,rank_4_10,rank_2_3,before_1000,1,0,3e8_8e8,6_10,2_4,1pct_2pct,19_5_20_5,0_3,3_5,80_120,5_10,0_5pct_1pct,unknown,unknown,unknown,unknown,warming_2day,neutral,20250207,12.29,13.12,12.02,12.9,12.31,4.7929,20250210,12.84,13.58,12.45,13.32,12.9,3.2558,20250211,13.24,13.5,12.95,13.03,13.32,-2.1772,20250212,13.08,13.48,12.99,13.19,13.03,1.2279,20250213,13.12,13.75,12.86,13.39,13.19,1.5163,fixed_t2_close,0.8,True,,20250207,12.29,12.302289999999998,daily_open_plus_slippage_no_l2,True,,13.32,13.30668,fixed_close,daily_price_minus_slippage_no_l2,False,0,0.06401801877211494,0.06401801877211494,c_conservative_daily_replay_fixed_t2_close
20250217,301510.SZ,固高科技,35.88,20.0,93498723.0,145251,145251,0,U,,1,29.91,35.88,29.8,35.88,29.9,20.0,270334.16,887595.287,9.641,15.9045,1.66,28040.072,16997.367,1435235.88,1006077.7834,False,chi_next,0.2,late,one_word,False,20cm,0.0092933890940345,False,5389,3675,1604,110,103,9,54,49,1971784537.464,11718394314.0,strong,1688,48,0.0284360189573459,strong,1483,40,0.0269723533378287,strong,1368,11,0.0080409356725146,weak,585,2,0.0034188034188034,weak,264,2,0.0075757575757575,weak,1,0,0.0,weak,88,13,0,88,13,2,11,1368,0.0080409356725146,weak,1,1,one_word,late,strong,chi_next,weak,exact,241,True,13.0945,1006077.7834,93498723.0,100000.0,1317408553.47313,1223909830.47313,1.0,1.0,True,0.6,,True,True,20250218,38.54,20250219,40.45,0.0495588998443177,0.00362,0.045841879065408,True,T+1_open_buy_T+2_close_sell,-4.0128,-4.5942,-8.607,367012.016,4.3079,2.4184365860108517,2.2379813830404607,78,10,6.0,2.0,,,warming_2day,neutral,warming,13.355427723139728,7,0.0012989422898496,22,9,mixed,3.904093567251462,0,0.0,3,2,0.6363636363636364,892,unknown,unknown,unknown,unknown,unknown,unknown,unknown,unknown,warming,mixed,15_30,1_3,5_15,lt_1,lt_0_1pct,2,rank_gt_30,rank_4_10,rank_4_10,rank_2_3,after_1430,1,0,8e8_15e8,6_10,1_2,0_5pct_1pct,19_5_20_5,lt_neg3,2_3,80_120,10_20,0_5pct_1pct,unknown,unknown,unknown,unknown,warming_2day,neutral,20250218,38.54,38.55,35.14,35.3,35.88,-1.6165,20250219,35.81,42.1,35.45,40.45,35.3,14.5892,20250220,41.06,43.77,40.11,41.65,40.45,2.9666,20250221,42.7,49.98,42.7,49.98,41.65,20.0,20250224,51.1,52.3,46.6,48.02,49.98,-3.9216,fixed_t2_close,0.8,True,,20250218,38.54,38.57854,daily_open_plus_slippage_no_l2,True,,40.45,40.40955,fixed_close,daily_price_minus_slippage_no_l2,False,0,0.0366735032523264,0.0366735032523264,c_conservative_daily_replay_fixed_t2_close
20250224,300103.SZ,达刚控股,7.55,20.03,56621980.0,131542,131542,0,U,,1,6.3,7.55,6.29,7.55,6.29,20.0318,316845.62,229436.403,9.9845,11.8509,6.96,31733.8547,26735.8947,239788.755,239590.603,False,chi_next,0.2,midday,one_word,False,20cm,0.0236328049977819,False,5386,2778,2468,140,86,6,55,31,2115366051.297,9579692677.0,neutral,1687,30,0.0177830468286899,neutral,1483,43,0.0289952798381658,strong,1367,10,0.0073152889539136,weak,584,2,0.0034246575342465,weak,264,1,0.0037878787878787,weak,1,0,0.0,weak,73,12,0,73,12,1,10,1367,0.0073152889539136,weak,1,1,one_word,midday,neutral,chi_next,weak,exact,1336,True,12.16225,239590.603,56621980.0,100000.0,291396081.133675,234774101.13367495,1.0,1.0,True,0.6,,True,True,20250225,7.55,20250226,7.18,-0.0490066225165563,0.00362,-0.052526709184854845,False,T+1_open_buy_T+2_close_sell,-1.1006,0.9524,-0.1482,29255.652,1.4738,7.842464184356582,6.774664133532366,58,6,3.0,1.0,,,neutral,neutral,main_rise,9.662532491645006,15,0.0027849981433345,18,6,mixed,1.531528895391368,0,0.0,0,1,0.2,795,unknown,unknown,unknown,unknown,unknown,unknown,unknown,unknown,main_rise,mixed,15_30,lt_1,5_15,lt_1,lt_0_1pct,1,rank_gt_30,rank_4_10,rank_2_3,rank_1,1100_1330,1,0,1e8_3e8,6_10,4_8,2pct_5pct,19_5_20_5,neg3_0,gte_5,80_120,5_10,0_5pct_1pct,unknown,unknown,unknown,unknown,neutral,neutral,20250225,7.55,7.55,7.01,7.07,7.55,-6.3576,20250226,7.03,7.35,6.96,7.18,7.07,1.5559,20250227,7.2,7.6,7.03,7.53,7.18,4.8747,20250228,7.49,7.86,6.95,7.18,7.53,-4.6481,20250303,7.12,7.29,6.77,6.86,7.18,-4.4568,fixed_t2_close,0.8,True,,20250225,7.55,7.557549999999999,daily_open_plus_slippage_no_l2,True,,7.18,7.17282,fixed_close,daily_price_minus_slippage_no_l2,False,0,-0.04202136734788388,-0.04202136734788388,c_conservative_daily_replay_fixed_t2_close
20250226,301003.SZ,江苏博云,28.14,20.0,48440730.0,93157,93157,0,U,,1,24.3,28.14,24.2,28.14,23.45,20.0,46147.73,127503.084,6.0196,11.9614,3.5,7666.2676,3858.0472,278736.0791,215728.7703,False,chi_next,0.2,early_morning,one_word,False,20cm,0.0224544597981236,False,5385,4250,1054,81,100,4,71,29,1969700729.891,8861694012.0,strong,1686,47,0.027876631079478,strong,1482,41,0.0276653171390013,strong,1368,8,0.0058479532163742,weak,584,2,0.0034246575342465,weak,264,2,0.0075757575757575,weak,1,0,0.0,weak,88,10,1,87,10,2,8,1368,0.0058479532163742,weak,1,1,one_word,early_morning,strong,chi_next,weak,exact,834,True,8.187525,215728.7703,48440730.0,100000.0,176628470.00505078,128187740.00505078,1.0,1.0,True,0.6,,True,True,20250227,30.39,20250228,31.38,0.0325765054294175,0.00362,0.028893415508479858,True,T+1_open_buy_T+2_close_sell,0.1281,1.6493,1.7774,26041.606,1.4543,4.896129831624056,4.139173485525682,10,1,4.0,1.0,,,neutral,neutral,main_rise,8.034726090993502,1,0.0001857010213556,15,4,mixed,1.384795321637427,0,0.0,0,1,0.375,571,unknown,unknown,unknown,unknown,unknown,unknown,unknown,unknown,main_rise,mixed,8_15,lt_1,lt_5,lt_1,lt_0_1pct,1,rank_4_10,rank_1,rank_4_10,rank_1,before_1000,1,0,1e8_3e8,6_10,2_4,2pct_5pct,19_5_20_5,0_3,3_5,80_120,5_10,0_5pct_1pct,unknown,unknown,unknown,unknown,neutral,neutral,20250227,30.39,33.77,30.18,33.77,28.14,20.0071,20250228,33.13,33.68,30.01,31.38,33.77,-7.0773,20250303,30.99,31.0,28.18,28.62,31.38,-8.7954,20250304,28.54,29.39,27.81,28.38,28.62,-0.8386,20250305,28.1,28.63,27.69,28.52,28.38,0.4933,fixed_t2_close,0.8,True,,20250227,30.39,30.420389999999998,daily_open_plus_slippage_no_l2,True,,31.38,31.34862,fixed_close,daily_price_minus_slippage_no_l2,False,0,0.023114732406783887,0.023114732406783887,c_conservative_daily_replay_fixed_t2_close
20250304,300211.SZ,亿通科技,10.67,20.02,119151399.0,130248,130248,0,U,,1,8.92,10.67,8.82,10.67,8.89,20.0225,280259.46,283919.552,9.3895,17.4507,0.97,29848.1824,16060.0653,324293.0144,318480.1062,False,chi_next,0.2,midday,one_word,False,20cm,0.0374125091898754,False,5383,4050,1172,161,81,4,56,25,1479897081.117,6719130432.0,neutral,1687,34,0.0201541197391819,strong,1482,32,0.0215924426450742,strong,1369,7,0.0051132213294375,weak,580,3,0.0051724137931034,weak,264,5,0.0189393939393939,neutral,1,0,0.0,weak,66,10,0,66,10,5,7,1369,0.0051132213294375,weak,1,1,one_word,midday,neutral,chi_next,weak,exact,1336,True,12.16225,318480.1062,119151399.0,100000.0,387343467.163095,268192068.163095,1.0,1.0,True,0.6,,True,True,20250305,12.8,,14.5,0.1328125,0.00362,0.0,False,T+1_open_buy_T+2_close_sell,-2.8415,-10.0295,-12.871,134903.192,5.0552,2.104617005652468,1.857394366197183,54,5,4.0,1.0,,,warming_2day,neutral,warming,6.48181311536318,10,0.001857700167193,10,4,mixed,1.3113221329437548,0,0.0,0,1,0.1428571428571428,782,unknown,unknown,unknown,unknown,unknown,unknown,unknown,unknown,warming,mixed,8_15,lt_1,5_15,lt_1,lt_0_1pct,1,rank_gt_30,rank_4_10,rank_4_10,rank_1,1100_1330,1,0,1e8_3e8,6_10,lt_1,2pct_5pct,19_5_20_5,neg3_0,2_3,80_120,5_10,0_5pct_1pct,unknown,unknown,unknown,unknown,warming_2day,neutral,20250305,12.8,12.8,12.23,12.8,10.67,19.9625,20250306,13.22,15.36,13.21,14.5,12.8,13.2813,20250307,14.57,15.19,12.88,13.02,14.5,-10.2069,20250310,12.89,13.4,12.27,12.46,13.02,-4.3011,20250311,12.27,12.92,12.08,12.37,12.46,-0.7223,fixed_t2_close,0.8,False,open_limit_up_unbuyable,20250305,12.8,,daily_open_limit_up_queue_rejected,False,,,,no_buy,,False,0,0.0,0.0,c_conservative_daily_replay_fixed_t2_close
20250313,300695.SZ,兆丰股份,70.2,20.0,78254677.0,135312,135312,0,U,,1,61.0,70.2,60.66,70.2,58.5,20.0,57693.85,379943.271,8.1339,27.5653,6.96,7092.9872,2092.9872,497927.7014,497927.7014,False,chi_next,0.2,midday,one_word,False,20cm,0.0157160721887886,False,5385,1494,3777,114,47,8,28,19,1648364479.048,3437175787.0,weak,1690,18,0.0106508875739644,neutral,1482,18,0.0121457489878542,neutral,1366,7,0.0051244509516837,weak,582,0,0.0,weak,264,4,0.0151515151515151,neutral,1,0,0.0,weak,36,7,0,36,7,4,7,1366,0.0051244509516837,weak,1,1,one_word,midday,weak,chi_next,weak,exact,1336,True,12.16225,497927.7014,78254677.0,100000.0,605592118.635215,527337441.63521504,1.0,1.0,True,0.6,,True,True,20250314,73.01,20250317,87.18,0.1940830023284481,0.00362,0.19007722210401562,True,T+1_open_buy_T+2_close_sell,5.6147,-1.4763,4.1384,84793.307,2.0916,4.480816758332117,3.8888410786001146,33,3,5.0,1.0,,,retreat_weak,neutral,mixed,9.293964716805943,17,0.0031569173630454,12,8,mixed,1.3124450951683748,0,0.0,0,1,0.2857142857142857,833,unknown,unknown,unknown,unknown,unknown,unknown,unknown,unknown,mixed,mixed,8_15,lt_1,15_30,lt_1,lt_0_1pct,1,rank_gt_30,rank_2_3,rank_4_10,rank_1,1330_1430,1,0,3e8_8e8,6_10,4_8,1pct_2pct,19_5_20_5,3_7,3_5,30_50,5_10,0_5pct_1pct,unknown,unknown,unknown,unknown,retreat_weak,neutral,20250314,73.01,81.5,73.01,81.0,70.2,15.3846,20250317,76.0,87.78,74.11,87.18,81.0,7.6296,20250318,85.0,94.99,83.17,91.77,87.18,5.265,20250319,88.84,92.65,87.02,90.23,91.77,-1.6781,20250320,88.0,88.63,80.3,83.83,90.23,-7.093,fixed_t2_close,0.8,True,,20250314,73.01,73.08301,daily_open_plus_slippage_no_l2,True,,87.18,87.09282,fixed_close,daily_price_minus_slippage_no_l2,False,0,0.1520617776832125,0.1520617776832125,c_conservative_daily_replay_fixed_t2_close
20250328,002132.SZ,恒星科技,3.5,10.06,47757850.0,100727,100727,0,U,,1,3.35,3.5,3.16,3.5,3.18,10.0629,1140300.78,385336.398,8.148,10.7528,2.22,139948.2156,106047.0067,490540.6443,489818.7546,False,sz_main,0.1,midday,one_word,False,10cm,0.0097501064529471,False,5391,942,4352,97,32,3,18,14,1145017107.505,2073783539.0,weak,1686,17,0.0100830367734282,neutral,1482,13,0.0087719298245614,weak,1373,2,0.0014566642388929,weak,584,0,0.0,weak,265,0,0.0,weak,1,0,0.0,weak,30,2,0,30,2,0,13,1482,0.0087719298245614,weak,1,1,one_word,midday,weak,sz_main,weak,exact,593,True,4.011,489818.7546,47757850.0,100000.0,196466302.47006,148708452.47006,1.0,1.0,True,0.6,,True,True,20250331,3.74,20250401,4.24,0.1336898395721926,0.00362,0.1298047250076128,True,T+1_open_buy_T+2_close_sell,-1.548,6.25,4.702,174182.55,3.9141,2.2122560382770837,2.0817046064229325,17,6,3.0,2.0,,,retreat_2day,retreat_2day,retreat,3.570320905212391,28,0.0051938415878315,6,3,retreat,3.005533063427801,12,0.0080971659919028,3,2,0.4615384615384615,607,unknown,unknown,unknown,unknown,unknown,unknown,unknown,unknown,retreat,retreat,3_8,1_3,15_30,8_15,0_8pct_1_5pct,2,rank_11_30,rank_4_10,rank_2_3,rank_2_3,1000_1100,1,0,3e8_8e8,6_10,2_4,0_5pct_1pct,9_5_10_5,neg3_0,2_3,30_50,10_20,0_5pct_1pct,unknown,unknown,unknown,unknown,retreat_2day,retreat_2day,20250331,3.74,3.85,3.67,3.85,3.5,10.0,20250401,4.24,4.24,4.24,4.24,3.85,10.1299,20250402,4.05,4.09,3.82,3.82,4.24,-9.9057,20250403,3.52,3.82,3.44,3.44,3.82,-9.9476,20250407,3.11,3.23,3.1,3.1,3.44,-9.8837,fixed_t2_close,0.8,True,,20250331,3.74,3.74374,daily_open_plus_slippage_no_l2,True,,4.24,4.23576,fixed_close,daily_price_minus_slippage_no_l2,False,0,0.10384378000609025,0.10384378000609025,c_conservative_daily_replay_fixed_t2_close
20250331,000601.SZ,韶能股份,5.4,9.98,100206293.0,94151,94151,0,U,,1,4.87,5.4,4.81,5.4,4.91,9.9796,893989.31,469354.587,8.2742,12.6534,0.48,108046.0052,70651.9126,583497.9013,583448.4281,False,sz_main,0.1,early_morning,one_word,False,10cm,0.0171748329713256,False,5393,1295,4027,71,34,4,22,12,1243292320.8720002,3644131139.0,weak,1687,18,0.0106698280972139,neutral,1482,11,0.0074224021592442,weak,1374,4,0.0029112081513828,weak,584,1,0.0017123287671232,weak,265,0,0.0,weak,1,0,0.0,weak,29,5,0,29,5,0,11,1482,0.0074224021592442,weak,1,1,one_word,early_morning,weak,sz_main,weak,exact,446,True,3.36815,583448.4281,100206293.0,100000.0,196514182.3105015,96307889.31050149,1.0,1.0,True,0.6,,True,True,20250401,5.42,20250402,5.93,0.0940959409594095,0.00362,0.09028993508336698,True,T+1_open_buy_T+2_close_sell,-9.9083,-8.2492,-18.1575,700973.999,12.537,0.6695748881835488,0.6599824519422509,10,4,3.0,2.0,,,neutral,retreat_2day,mixed,4.584906360096421,38,0.0070461709623586,8,4,retreat,3.02280701754386,20,0.0134952766531713,3,3,0.3636363636363636,581,unknown,unknown,unknown,unknown,unknown,unknown,unknown,unknown,mixed,retreat,3_8,1_3,30_60,gte_15,0_8pct_1_5pct,3,rank_4_10,rank_4_10,rank_2_3,rank_2_3,before_1000,1,0,3e8_8e8,6_10,lt_1,1pct_2pct,9_5_10_5,lt_neg3,lt_0_8,30_50,10_20,0_5pct_1pct,unknown,unknown,unknown,unknown,neutral,retreat_2day,20250401,5.42,5.87,5.42,5.72,5.4,5.9259,20250402,5.63,6.1,5.4,5.93,5.72,3.6713,20250403,5.93,6.13,5.77,5.96,5.93,0.5059,20250407,5.41,5.9,5.36,5.36,5.96,-10.0671,20250408,5.32,5.65,5.22,5.45,5.36,1.6791,fixed_t2_close,0.8,True,,20250401,5.42,5.425419999999999,daily_open_plus_slippage_no_l2,True,,5.93,5.9240699999999995,fixed_close,daily_price_minus_slippage_no_l2,False,0,0.07223194806669359,0.07223194806669359,c_conservative_daily_replay_fixed_t2_close
20250411,300661.SZ,圣邦股份,114.49,20.0,258232080.0,112445,112445,0,U,,1,98.9,114.49,98.9,114.49,95.41,19.9979,332566.17,3585703.969,7.3213,11.2098,1.85,45424.3824,29667.3545,5423419.9225,5200637.541,False,chi_next,0.2,midday,one_word,False,20cm,0.0049653927612564,False,5394,3292,1913,189,84,6,52,32,1390685079.862,5524176269.0,neutral,1690,31,0.0183431952662721,neutral,1483,40,0.0269723533378287,strong,1370,7,0.0051094890510948,weak,585,5,0.0085470085470085,weak,265,1,0.0037735849056603,weak,1,0,0.0,weak,71,12,0,71,12,1,7,1370,0.0051094890510948,weak,1,1,one_word,midday,neutral,chi_next,weak,exact,1336,True,12.16225,5200637.541,258232080.0,100000.0,6325145393.302725,6066913313.302725,1.0,1.0,True,0.6,,True,True,20250414,117.2,20250415,113.8,-0.0290102389078499,0.00362,-0.03257027839055131,False,T+1_open_buy_T+2_close_sell,-1.2012,7.6349,6.4337,1717893.082,3.9148,2.0872684141817857,1.87015939511597,55,4,5.0,1.0,,,neutral,retreat_2day,main_rise,9.712569521690767,11,0.0020393029291805,18,6,retreat,1.3109489051094891,0,0.0,0,1,0.2857142857142857,684,unknown,unknown,unknown,unknown,unknown,unknown,unknown,unknown,main_rise,retreat,15_30,lt_1,5_15,lt_1,lt_0_1pct,1,rank_gt_30,rank_4_10,rank_4_10,rank_1,1100_1330,1,0,gte_15e8,6_10,1_2,0_3pct_0_5pct,19_5_20_5,neg3_0,2_3,80_120,5_10,0_5pct_1pct,unknown,unknown,unknown,unknown,neutral,retreat_2day,20250414,117.2,117.97,111.72,112.04,114.49,-2.1399,20250415,112.57,114.4,109.37,113.8,112.04,1.5709,20250416,114.15,119.99,111.0,117.9,113.8,3.6028,20250417,116.51,126.6,116.18,123.69,117.9,4.9109,20250418,120.47,123.7,117.86,119.8,123.69,-3.145,fixed_t2_close,0.8,True,,20250414,117.2,117.31719999999999,daily_open_plus_slippage_no_l2,True,,113.8,113.6862,fixed_close,daily_price_minus_slippage_no_l2,False,0,-0.026056222712441048,-0.026056222712441048,c_conservative_daily_replay_fixed_t2_close
20250421,301259.SZ,艾布鲁,39.38,19.99,99113553.0,112012,112012,0,U,,1,33.41,39.38,33.0,39.38,32.82,19.9878,77300.29,287247.836,9.4999,10.3815,2.32,8136.9788,7445.9475,614328.0,320434.2251,False,chi_next,0.2,midday,one_word,False,20cm,0.0309310133675854,False,5394,4363,875,156,100,6,63,37,1073580343.55,6041516232.0,strong,1690,42,0.0248520710059171,strong,1483,46,0.031018206338503,very_strong,1369,10,0.0073046018991964,weak,586,2,0.0034129692832764,weak,265,0,0.0,weak,1,0,0.0,weak,88,12,0,88,12,0,10,1369,0.0073046018991964,weak,1,1,one_word,midday,strong,chi_next,weak,exact,1336,True,12.16225,320434.2251,99113553.0,100000.0,389720115.4222475,290606562.4222475,1.0,1.0,True,0.6,,True,True,20250422,38.98,20250423,40.11,0.0289892252437147,0.00362,0.025313302715755447,True,T+1_open_buy_T+2_close_sell,-5.254,-2.1469,-7.4009,120814.196,4.456,2.377600029718362,2.1319344703770198,59,8,6.0,1.0,,,neutral,neutral,main_rise,9.809195402298853,11,0.0020393029291805,17,6,mixed,1.5304601899196495,0,0.0,0,1,0.3,680,unknown,unknown,unknown,unknown,unknown,unknown,unknown,unknown,main_rise,mixed,15_30,lt_1,5_15,lt_1,lt_0_1pct,1,rank_gt_30,rank_4_10,rank_4_10,rank_1,1100_1330,1,0,1e8_3e8,6_10,2_4,2pct_5pct,19_5_20_5,lt_neg3,2_3,80_120,5_10,0_5pct_1pct,unknown,unknown,unknown,unknown,neutral,neutral,20250422,38.98,41.5,38.55,40.02,39.38,1.6252,20250423,39.98,40.66,39.22,40.11,40.02,0.2249,20250424,40.09,40.24,38.21,39.86,40.11,-0.6233,20250425,39.87,41.41,38.89,38.94,39.86,-2.3081,20250428,37.37,38.21,31.15,31.36,38.94,-19.4658,fixed_t2_close,0.8,True,,20250422,38.98,39.01897999999999,daily_open_plus_slippage_no_l2,True,,40.11,40.06989,fixed_close,daily_price_minus_slippage_no_l2,False,0,0.02025064217260436,0.02025064217260436,c_conservative_daily_replay_fixed_t2_close
20250422,300531.SZ,优博讯,15.18,20.0,43837866.0,93706,93706,0,U,,1,12.88,15.18,12.88,15.18,12.65,20.0,206995.8,304321.183,6.5689,10.5959,2.71,31511.6038,19535.4038,497746.0142,478346.1457,False,chi_next,0.2,early_morning,one_word,False,20cm,0.0091644651878293,False,5392,2532,2671,189,81,6,48,33,1121207482.298,6734508466.0,neutral,1687,36,0.0213396561944279,strong,1480,35,0.0236486486486486,strong,1373,9,0.0065549890750182,weak,586,0,0.0,weak,265,1,0.0037735849056603,weak,1,0,0.0,weak,71,9,0,71,9,1,9,1373,0.0065549890750182,weak,1,1,one_word,early_morning,neutral,chi_next,weak,exact,834,True,8.187525,478346.1457,43837866.0,100000.0,391647102.6572393,347809236.6572393,1.0,1.0,True,0.6,,True,True,20250423,15.64,20250424,14.03,-0.1029411764705883,0.00362,-0.10635350179232521,False,T+1_open_buy_T+2_close_sell,3.7736,0.5776,4.3512,114872.382,2.9125,2.649211043608376,2.2554163090128756,22,2,6.0,1.0,,,neutral,neutral,main_rise,10.56839762611276,15,0.0027818991097922,23,6,mixed,1.3680990531682446,1,0.0007283321194464,0,1,0.1111111111111111,577,unknown,unknown,unknown,unknown,unknown,unknown,unknown,unknown,main_rise,mixed,15_30,lt_1,5_15,lt_1,lt_0_1pct,1,rank_11_30,rank_2_3,rank_4_10,rank_1,before_1000,1,0,3e8_8e8,6_10,2_4,0_5pct_1pct,19_5_20_5,3_7,2_3,80_120,5_10,0_5pct_1pct,unknown,unknown,unknown,unknown,neutral,neutral,20250423,15.64,16.19,14.52,14.61,15.18,-3.7549,20250424,14.54,14.68,13.92,14.03,14.61,-3.9699,20250425,14.3,15.43,14.3,14.41,14.03,2.7085,20250428,15.39,16.66,15.23,15.62,14.41,8.3969,20250429,15.17,15.35,14.81,14.9,15.62,-4.6095,fixed_t2_close,0.8,True,,20250423,15.64,15.655639999999998,daily_open_plus_slippage_no_l2,True,,14.03,14.01597,fixed_close,daily_price_minus_slippage_no_l2,False,0,-0.08508280143386017,-0.08508280143386017,c_conservative_daily_replay_fixed_t2_close
20250507,300507.SZ,苏奥传感,8.74,20.05,102928288.0,92500,94333,1,U,,1,8.74,8.74,8.25,8.74,7.28,20.0549,703274.8,606437.419,9.1149,14.6379,2.49,77156.8748,48044.8044,696183.7447,674351.0858,False,chi_next,0.2,open_limit,t_board,False,20cm,0.0152633087077918,False,5388,3293,1891,204,65,6,36,29,1505072310.745,5475679350.0,neutral,1687,19,0.0112625963248369,neutral,1478,35,0.023680649526387,strong,1372,8,0.0058309037900874,weak,585,2,0.0034188034188034,weak,265,1,0.0037735849056603,weak,1,0,0.0,weak,54,10,0,54,10,1,8,1372,0.0058309037900874,weak,1,1,t_board,open_limit,neutral,chi_next,weak,exact,49,True,8.5682,674351.0858,102928288.0,100000.0,577797497.335156,474869209.335156,1.0,1.0,True,0.6,,True,True,20250508,8.9,20250509,8.99,0.0101123595505618,0.00362,0.006474153037973229,True,T+1_open_buy_T+2_close_sell,-0.274,3.2532,2.9792,196508.019,3.5014,3.086069576631374,2.603215856514537,18,3,5.0,2.0,,,neutral,neutral,mixed,10.406384558277654,0,0.0,22,6,mixed,3.1830903790087466,0,0.0,2,2,0.75,565,unknown,unknown,unknown,unknown,unknown,unknown,unknown,unknown,mixed,mixed,15_30,1_3,lt_5,lt_1,lt_0_1pct,2,rank_11_30,rank_2_3,rank_4_10,rank_2_3,open_auction,1,1,3e8_8e8,6_10,2_4,1pct_2pct,19_5_20_5,neg3_0,3_5,50_80,5_10,0_5pct_1pct,unknown,unknown,unknown,unknown,neutral,neutral,20250508,8.9,9.39,8.5,8.61,8.74,-1.4874,20250509,8.5,9.21,8.33,8.99,8.61,4.4135,20250512,8.9,9.3,8.6,9.02,8.99,0.3337,20250513,9.0,9.04,8.54,8.61,9.02,-4.5455,20250514,8.58,8.62,8.37,8.4,8.61,-2.439,fixed_t2_close,0.8,True,,20250508,8.9,8.9089,daily_open_plus_slippage_no_l2,True,,8.99,8.98101,fixed_close,daily_price_minus_slippage_no_l2,False,0,0.0051793224303785836,0.0051793224303785836,c_conservative_daily_replay_fixed_t2_close
20250526,301003.SZ,江苏博云,35.1,20.0,102040614.0,101724,101724,0,U,,1,29.36,35.1,29.36,35.1,29.25,20.0,76019.51,247702.48,9.9333,18.4904,1.1,7653.0113,4111.2875,347677.1988,268620.6966,False,chi_next,0.2,midday,one_word,False,20cm,0.0379868771437025,False,5385,3797,1432,156,62,4,38,24,1033872196.332,4906578856.0,neutral,1685,29,0.0172106824925816,neutral,1478,23,0.0155615696887686,neutral,1370,7,0.0051094890510948,weak,586,2,0.0034129692832764,weak,265,1,0.0037735849056603,weak,1,0,0.0,weak,52,9,0,52,9,1,7,1370,0.0051094890510948,weak,1,1,one_word,midday,neutral,chi_next,weak,exact,1336,True,12.16225,268620.6966,102040614.0,100000.0,326703206.72233504,224662592.72233504,1.0,1.0,True,0.6,,True,True,20250527,35.18,20250528,33.52,-0.047185901080159,0.00362,-0.05070962555352536,False,T+1_open_buy_T+2_close_sell,-2.4675,1.9721,-0.49539999999999984,150051.405,6.6534,1.650784142940881,1.4929660023446656,33,3,3.0,2.0,,,warming_2day,neutral,warming,6.262209842154132,4,0.0007428040854224,10,4,mixed,2.610948905109489,0,0.0,1,2,0.0,617,unknown,unknown,unknown,unknown,unknown,unknown,unknown,unknown,warming,mixed,8_15,lt_1,lt_5,lt_1,lt_0_1pct,2,rank_gt_30,rank_2_3,rank_2_3,rank_2_3,1000_1100,1,0,1e8_3e8,6_10,1_2,2pct_5pct,19_5_20_5,neg3_0,1_2_2,50_80,5_10,0_5pct_1pct,unknown,unknown,unknown,unknown,warming_2day,neutral,20250527,35.18,35.79,32.32,34.1,35.1,-2.849,20250528,32.95,34.44,32.53,33.52,34.1,-1.7009,20250529,33.0,33.2,31.51,32.5,33.52,-3.043,20250530,31.89,31.96,29.37,29.62,32.5,-8.8615,20250603,29.25,30.23,28.91,29.82,29.62,0.6752,fixed_t2_close,0.8,True,,20250527,35.18,35.21518,daily_open_plus_slippage_no_l2,True,,33.52,33.48648,fixed_close,daily_price_minus_slippage_no_l2,False,0,-0.04056770044282029,-0.04056770044282029,c_conservative_daily_replay_fixed_t2_close
20250530,600543.SH,莫高股份,6.0,10.09,48345294.0,111509,111509,0,U,,1,5.45,6.0,5.34,6.0,5.45,10.0917,198820.51,116275.93,6.1915,9.7826,2.41,32112.0,20323.8083,192672.0,192672.0,False,sh_main,0.1,midday,one_word,False,10cm,0.0250920185600398,False,5384,1116,4163,105,42,4,21,21,1164246057.86,3310715471.0,weak,1685,16,0.0094955489614243,weak,1478,22,0.0148849797023004,neutral,1369,2,0.0014609203798392,weak,586,1,0.0017064846416382,weak,265,1,0.0037735849056603,weak,1,0,0.0,weak,38,3,0,38,3,1,16,1685,0.0094955489614243,weak,1,1,one_word,midday,weak,sh_main,weak,exact,796,True,2.7651000000000003,192672.0,48345294.0,100000.0,53275734.720000006,4930440.720000006,1.0,1.0,True,0.6,,True,True,20250603,6.6,,5.89,-0.1075757575757575,0.00362,0.0,False,T+1_open_buy_T+2_close_sell,0.3683,-1.2727,-0.9043999999999999,37001.883,2.1254,3.1424327783534687,2.9130987108309023,32,12,4.0,2.0,,,retreat_weak,neutral,mixed,6.889747399702824,22,0.0040861812778603,17,4,mixed,6.794955489614243,12,0.0071216617210682,7,4,0.5625,675,unknown,unknown,unknown,unknown,unknown,unknown,unknown,unknown,mixed,mixed,15_30,5_10,15_30,8_15,0_3pct_0_8pct,4_5,rank_gt_30,rank_11_30,rank_4_10,rank_2_3,1100_1330,1,0,1e8_3e8,6_10,2_4,2pct_5pct,9_5_10_5,0_3,3_5,30_50,10_20,0_5pct_1pct,unknown,unknown,unknown,unknown,retreat_weak,neutral,20250603,6.6,6.6,6.01,6.04,6.0,0.6667,20250604,5.73,5.95,5.65,5.89,6.04,-2.4834,20250605,5.82,5.92,5.61,5.73,5.89,-2.7165,20250606,5.75,5.75,5.5,5.65,5.73,-1.3962,20250609,5.65,5.81,5.61,5.79,5.65,2.4779,fixed_t2_close,0.8,False,open_limit_up_unbuyable,20250603,6.6,,daily_open_limit_up_queue_rejected,False,,,,no_buy,,False,0,0.0,0.0,c_conservative_daily_replay_fixed_t2_close
20250619,603823.SH,百合花,12.35,9.97,71118833.0,101254,101254,0,U,,1,11.16,12.35,11.07,12.35,11.23,9.9733,267474.5,318153.015,6.5074,20.6455,1.02,41103.1504,12955.6097,514214.1144,507623.9074,False,sh_main,0.1,midday,one_word,False,10cm,0.01401014254121,False,5405,716,4646,43,34,5,16,18,1280889732.368,2270983967.0,weak,1690,14,0.008284023668639,weak,1484,14,0.0094339622641509,weak,1375,6,0.0043636363636363,weak,588,0,0.0,weak,267,0,0.0,weak,1,0,0.0,weak,28,6,0,28,6,0,14,1690,0.008284023668639,weak,1,1,one_word,midday,weak,sh_main,weak,exact,796,True,2.7651000000000003,507623.9074,71118833.0,100000.0,140363086.63517404,69244253.63517404,1.0,1.0,True,0.6,,True,True,20250620,12.71,20250623,13.55,0.0660896931549961,0.00362,0.06233964381802322,True,T+1_open_buy_T+2_close_sell,-1.4912,-5.7851,-7.2763,201958.212,4.4228,1.575340818525369,1.4713303789454644,20,9,4.0,3.0,,,retreat_2day,neutral,retreat,5.873820536540241,16,0.0029602220166512,8,5,mixed,4.089349112426036,9,0.0053254437869822,3,3,0.5714285714285714,612,unknown,unknown,unknown,unknown,unknown,unknown,unknown,unknown,retreat,mixed,3_8,1_3,15_30,8_15,0_3pct_0_8pct,3,rank_11_30,rank_4_10,rank_4_10,rank_2_3,1000_1100,1,0,3e8_8e8,6_10,1_2,1pct_2pct,9_5_10_5,neg3_0,1_2_2,30_50,10_20,0_5pct_1pct,unknown,unknown,unknown,unknown,retreat_2day,neutral,20250620,12.71,13.26,12.51,12.88,12.35,4.2915,20250623,12.53,14.17,12.38,13.55,12.88,5.2019,20250624,13.02,14.14,12.75,13.54,13.55,-0.0738,20250625,13.34,13.62,12.88,13.14,13.54,-2.9542,20250626,13.0,13.4,12.84,12.86,13.14,-2.1309,fixed_t2_close,0.8,True,,20250620,12.71,12.72271,daily_open_plus_slippage_no_l2,True,,13.55,13.53645,fixed_close,daily_price_minus_slippage_no_l2,False,0,0.04987171505441858,0.04987171505441858,c_conservative_daily_replay_fixed_t2_close
20250620,300410.SZ,正业科技,7.45,19.97,74772670.0,93551,93551,0,U,,1,6.19,7.45,6.19,7.45,6.21,19.9678,336019.12,242657.763,9.1579,13.6519,2.94,36691.7328,24613.4407,273500.5238,273353.4094,False,chi_next,0.2,early_morning,one_word,False,20cm,0.027353845764764,False,5407,1542,3647,218,45,6,25,20,1091739560.696,3158168783.0,weak,1690,21,0.0124260355029585,neutral,1485,15,0.0101010101010101,neutral,1376,8,0.005813953488372,weak,588,0,0.0,weak,267,1,0.0037453183520599,weak,1,0,0.0,weak,36,8,0,36,8,1,8,1376,0.005813953488372,weak,1,1,one_word,early_morning,weak,chi_next,weak,exact,834,True,8.187525,273353.4094,74772670.0,100000.0,223808787.32977352,149036117.32977352,1.0,1.0,True,0.6,,True,True,20250623,7.51,20250624,8.12,0.0812250332889479,0.00362,0.07744474351214699,True,T+1_open_buy_T+2_close_sell,-0.64,1.9576,1.3176,87064.181,3.7776,2.7871136007125594,2.424264083015671,15,2,5.0,2.0,,,neutral,warming_2day,mixed,6.877159238024784,16,0.002959127057518,8,6,mixed,2.6813953488372095,0,0.0,1,2,0.375,575,unknown,unknown,unknown,unknown,unknown,unknown,unknown,unknown,mixed,mixed,3_8,lt_1,15_30,lt_1,lt_0_1pct,2,rank_11_30,rank_2_3,rank_4_10,rank_2_3,before_1000,1,0,1e8_3e8,6_10,2_4,2pct_5pct,19_5_20_5,neg3_0,2_3,30_50,5_10,0_5pct_1pct,unknown,unknown,unknown,unknown,neutral,warming_2day,20250623,7.51,7.92,7.14,7.36,7.45,-1.2081,20250624,7.13,8.8,6.98,8.12,7.36,10.3261,20250625,7.76,8.0,7.5,7.99,8.12,-1.601,20250626,7.78,8.6,7.65,7.72,7.99,-3.3792,20250627,7.39,7.58,7.21,7.22,7.72,-6.4767,fixed_t2_close,0.8,True,,20250623,7.51,7.517509999999999,daily_open_plus_slippage_no_l2,True,,8.12,8.11188,fixed_close,daily_price_minus_slippage_no_l2,False,0,0.06195579480971759,0.06195579480971759,c_conservative_daily_replay_fixed_t2_close
20250623,300072.SZ,海新能科,3.71,20.06,53858355.0,110421,110421,0,U,,1,3.16,3.71,3.16,3.71,3.09,20.0647,1684483.25,601564.837,7.2253,11.5627,4.11,233136.0051,145682.5268,871746.232,864934.5789,False,chi_next,0.2,midday,one_word,False,20cm,0.0062268703684497,False,5402,4446,844,112,72,7,42,30,1146922416.237,6222933283.0,neutral,1689,27,0.0159857904085257,neutral,1484,36,0.0242587601078167,strong,1373,8,0.0058266569555717,weak,588,1,0.0017006802721088,weak,267,0,0.0,weak,1,0,0.0,weak,63,9,1,62,9,0,8,1373,0.0058266569555717,weak,1,1,one_word,midday,neutral,chi_next,weak,exact,1336,True,12.16225,864934.5789,53858355.0,100000.0,1051955058.2226526,998096703.2226526,1.0,1.0,True,0.6,,True,True,20250624,3.64,20250625,3.55,-0.0247252747252748,0.00362,-0.02829387557497447,False,T+1_open_buy_T+2_close_sell,-3.1348,-1.8462,-4.981,83799.508,1.1489,7.178620153712598,6.288885020454347,43,6,6.0,1.0,,,warming_2day,neutral,warming,10.31062569418734,1,0.0001851166234727,17,7,mixed,1.382665695557174,0,0.0,0,1,0.5,664,unknown,unknown,unknown,unknown,unknown,unknown,unknown,unknown,warming,mixed,15_30,lt_1,lt_5,lt_1,lt_0_1pct,1,rank_gt_30,rank_4_10,rank_4_10,rank_1,1100_1330,1,0,3e8_8e8,6_10,4_8,0_5pct_1pct,19_5_20_5,lt_neg3,gte_5,50_80,5_10,0_5pct_1pct,unknown,unknown,unknown,unknown,warming_2day,neutral,20250624,3.64,3.73,3.53,3.54,3.71,-4.5822,20250625,3.6,3.63,3.5,3.55,3.54,0.2825,20250626,3.54,3.72,3.5,3.6,3.55,1.4085,20250627,3.54,3.56,3.44,3.48,3.6,-3.3333,20250630,3.48,3.53,3.45,3.53,3.48,1.4368,fixed_t2_close,0.8,True,,20250624,3.64,3.6436399999999995,daily_open_plus_slippage_no_l2,True,,3.55,3.5464499999999997,fixed_close,daily_price_minus_slippage_no_l2,False,0,-0.022635100459979577,-0.022635100459979577,c_conservative_daily_replay_fixed_t2_close
20250626,301565.SZ,中仑新材,25.85,20.01,148839130.0,93251,93251,0,U,,1,22.01,25.85,22.01,25.85,21.54,20.0093,113847.91,286140.818,8.8937,14.7835,3.02,12801.0,7701.0,1034025.85,330905.85,False,chi_next,0.2,early_morning,one_word,False,20cm,0.0449792984923052,False,5410,1621,3609,180,63,5,36,27,1623222763.633,6008793989.0,neutral,1692,20,0.0118203309692671,neutral,1485,31,0.0208754208754208,strong,1376,9,0.0065406976744186,weak,588,1,0.0017006802721088,weak,268,2,0.0074626865671641,weak,1,0,0.0,weak,51,10,1,51,10,1,9,1376,0.0065406976744186,weak,1,1,one_word,early_morning,neutral,chi_next,weak,exact,834,True,8.187525,330905.85,148839130.0,100000.0,270929991.952125,122090861.952125,1.0,1.0,True,0.6,,True,True,20250627,27.0,20250630,27.6,0.0222222222222223,0.00362,0.01855982017982045,True,T+1_open_buy_T+2_close_sell,0.7013,3.4333,4.1346,98700.298,3.5849,2.8990876805660712,2.480878127702307,17,3,3.0,2.0,,,retreat_2day,neutral,retreat,9.453604436229204,5,0.0009242144177449,22,5,mixed,3.2540697674418606,0,0.0,2,2,0.4444444444444444,572,unknown,unknown,unknown,unknown,unknown,unknown,unknown,unknown,retreat,mixed,15_30,1_3,lt_5,lt_1,lt_0_1pct,2,rank_11_30,rank_2_3,rank_2_3,rank_2_3,before_1000,1,0,1e8_3e8,6_10,2_4,2pct_5pct,19_5_20_5,0_3,2_3,50_80,5_10,0_5pct_1pct,unknown,unknown,unknown,unknown,retreat_2day,neutral,20250627,27.0,28.3,24.61,26.2,25.85,1.354,20250630,25.15,27.98,25.15,27.6,26.2,5.3435,20250701,27.48,27.49,25.52,25.85,27.6,-6.3406,20250702,25.21,25.24,24.05,24.15,25.85,-6.5764,20250703,24.2,25.08,23.78,24.53,24.15,1.5735,fixed_t2_close,0.8,True,,20250627,27.0,27.026999999999997,daily_open_plus_slippage_no_l2,True,,27.6,27.572400000000002,fixed_close,daily_price_minus_slippage_no_l2,False,0,0.014847856143856362,0.014847856143856362,c_conservative_daily_replay_fixed_t2_close
20250627,300536.SZ,农尚环境,9.96,20.0,15412104.0,94242,94242,0,U,,1,8.32,9.96,8.28,9.96,8.3,20.0,248582.84,237168.565,8.4767,10.4678,3.93,29325.324,23747.324,292114.9805,292080.227,False,chi_next,0.2,early_morning,one_word,False,20cm,0.0052766680436741,False,5405,3381,1772,252,54,4,28,26,1575690673.314,3888436986.0,neutral,1690,20,0.0118343195266272,neutral,1482,23,0.0155195681511471,neutral,1377,9,0.0065359477124183,weak,588,2,0.0034013605442176,weak,267,0,0.0,weak,1,0,0.0,weak,43,11,0,43,11,0,9,1377,0.0065359477124183,weak,1,1,one_word,early_morning,neutral,chi_next,weak,exact,834,True,8.187525,292080.227,15412104.0,100000.0,239141416.0568175,223729312.0568175,1.0,1.0,True,0.6,,True,True,20250630,10.34,20250701,9.7,-0.0618955512572534,0.00362,-0.06538988582017595,False,T+1_open_buy_T+2_close_sell,-1.7751,1.8072,0.03210000000000002,52863.672,2.1576,4.4864186695165635,3.9287634408602146,16,4,4.0,2.0,,,retreat_2day,neutral,retreat,5.910268270120259,4,0.0007400555041628,9,4,mixed,2.75359477124183,0,0.0,1,2,0.4444444444444444,582,unknown,unknown,unknown,unknown,unknown,unknown,unknown,unknown,retreat,mixed,8_15,lt_1,lt_5,lt_1,lt_0_1pct,2,rank_11_30,rank_4_10,rank_4_10,rank_2_3,before_1000,1,0,1e8_3e8,6_10,2_4,0_5pct_1pct,19_5_20_5,neg3_0,3_5,50_80,5_10,0_5pct_1pct,unknown,unknown,unknown,unknown,retreat_2day,neutral,20250630,10.34,10.75,9.81,9.9,9.96,-0.6024,20250701,9.86,10.22,9.54,9.7,9.9,-2.0202,20250702,9.54,9.67,9.37,9.51,9.7,-1.9588,20250703,9.5,9.87,9.35,9.63,9.51,1.2618,20250704,9.58,9.65,9.26,9.34,9.63,-3.0114,fixed_t2_close,0.8,True,,20250630,10.34,10.35034,daily_open_plus_slippage_no_l2,True,,9.7,9.690299999999999,fixed_close,daily_price_minus_slippage_no_l2,False,0,-0.052311908656140764,-0.052311908656140764,c_conservative_daily_replay_fixed_t2_close
20250701,300030.SZ,阳普医疗,8.24,19.94,35881080.0,93857,93857,0,U,,1,6.87,8.24,6.85,8.24,6.87,19.9418,259720.4,209390.543,9.9921,12.3034,4.29,25992.4674,21109.631,254770.3476,214177.9314,False,chi_next,0.2,early_morning,one_word,False,20cm,0.0167529305029042,False,5404,2629,2545,230,66,4,36,30,1496531050.5670002,4928404789.0,neutral,1688,29,0.0171800947867298,neutral,1485,26,0.0175084175084175,neutral,1376,8,0.005813953488372,weak,587,2,0.0034071550255536,weak,267,1,0.0037453183520599,weak,1,0,0.0,weak,55,10,2,53,10,1,8,1376,0.005813953488372,weak,1,1,one_word,early_morning,neutral,chi_next,weak,exact,834,True,8.187525,214177.9314,35881080.0,100000.0,175358716.77857852,139477636.77857852,1.0,1.0,True,0.6,,True,True,20250702,8.5,20250703,7.8,-0.0823529411764706,0.00362,-0.0858064018334606,False,T+1_open_buy_T+2_close_sell,2.2321,0.5988,2.8308999999999997,47711.906,2.6962,4.388643434198583,3.705993620651287,23,5,2.0,1.0,,,neutral,neutral,mixed,7.065877128053295,7,0.0012953367875647,14,4,mixed,1.3813953488372093,0,0.0,0,1,0.75,578,unknown,unknown,unknown,unknown,unknown,unknown,unknown,unknown,mixed,mixed,8_15,lt_1,5_15,lt_1,lt_0_1pct,1,rank_11_30,rank_4_10,rank_2_3,rank_1,before_1000,1,0,1e8_3e8,6_10,4_8,1pct_2pct,19_5_20_5,0_3,3_5,50_80,5_10,0_5pct_1pct,unknown,unknown,unknown,unknown,neutral,neutral,20250702,8.5,8.65,7.65,7.87,8.24,-4.4903,20250703,7.72,8.06,7.51,7.8,7.87,-0.8895,20250704,7.8,8.56,7.78,7.99,7.8,2.4359,20250707,7.78,9.36,7.68,8.78,7.99,9.8874,20250708,8.38,8.55,8.17,8.52,8.78,-2.9613,fixed_t2_close,0.8,True,,20250702,8.5,8.5085,daily_open_plus_slippage_no_l2,True,,7.8,7.7922,fixed_close,daily_price_minus_slippage_no_l2,False,0,-0.06864512146676847,-0.06864512146676847,c_conservative_daily_replay_fixed_t2_close
20250721,300808.SZ,久量股份,35.94,20.0,21373518.0,101630,101630,0,U,,1,30.04,35.94,30.0,35.94,29.95,20.0,78752.0,266380.006,7.486,17.3231,3.42,10519.9438,4546.0639,575040.0,378086.7802,False,chi_next,0.2,midday,one_word,False,20cm,0.0056530720245478,False,5404,4005,1291,108,121,9,75,46,1727135080.204,23352001843.0,strong,1689,54,0.0319715808170515,very_strong,1482,49,0.0330634278002699,very_strong,1377,11,0.0079883805374001,weak,588,3,0.0051020408163265,weak,267,4,0.0149812734082397,neutral,1,0,0.0,weak,103,14,0,103,14,4,11,1377,0.0079883805374001,weak,1,1,one_word,midday,strong,chi_next,weak,exact,1336,True,12.16225,378086.7802,21373518.0,100000.0,459838594.248745,438465076.248745,1.0,1.0,True,0.6,,True,True,20250722,36.12,20250723,35.85,-0.0074750830564782,0.00362,-0.011078149823598272,False,T+1_open_buy_T+2_close_sell,0.74,1.4676,2.2076000000000002,78102.817,2.5005,3.4106324999775617,2.9938012397520493,45,5,3.0,1.0,,,neutral,neutral,main_rise,11.816876387860844,1,0.0001850481125092,12,9,mixed,1.5988380537400144,0,0.0,0,1,0.4545454545454545,616,unknown,unknown,unknown,unknown,unknown,unknown,unknown,unknown,main_rise,mixed,8_15,lt_1,lt_5,lt_1,lt_0_1pct,1,rank_gt_30,rank_4_10,rank_2_3,rank_1,1000_1100,1,0,1e8_3e8,6_10,2_4,0_5pct_1pct,19_5_20_5,0_3,3_5,120_180,10_20,0_5pct_1pct,unknown,unknown,unknown,unknown,neutral,neutral,20250722,36.12,36.99,34.6,35.37,35.94,-1.586,20250723,35.04,36.62,34.11,35.85,35.37,1.3571,20250724,36.12,36.18,35.11,35.52,35.85,-0.9205,20250725,35.53,36.0,35.01,35.85,35.52,0.9291,20250728,35.75,36.93,35.41,35.98,35.85,0.3626,fixed_t2_close,0.8,True,,20250722,36.12,36.156119999999994,daily_open_plus_slippage_no_l2,True,,35.85,35.81415,fixed_close,daily_price_minus_slippage_no_l2,False,0,-0.008862519858878619,-0.008862519858878619,c_conservative_daily_replay_fixed_t2_close
20250731,002424.SZ,贵州百灵,5.94,10.0,44646822.0,135442,135442,0,U,,1,5.4,5.94,5.36,5.94,5.4,10.0,1132248.23,645026.603,9.3326,11.4307,2.55,121321.4512,99053.1441,830173.4496,720649.4201,False,sz_main,0.1,midday,one_word,False,10cm,0.0061953594570026,False,5409,1061,4287,61,43,9,20,23,1961849007.799,3661978890.0,weak,1691,20,0.0118273211117681,neutral,1484,14,0.0094339622641509,weak,1377,7,0.0050835148874364,weak,587,2,0.0034071550255536,weak,269,0,0.0,weak,1,0,0.0,weak,34,9,0,34,9,0,14,1484,0.0094339622641509,weak,1,1,one_word,midday,weak,sz_main,weak,exact,593,True,4.011,720649.4201,44646822.0,100000.0,289052482.40211004,244405660.40211004,1.0,1.0,True,0.6,,True,True,20250801,6.09,20250804,6.65,0.0919540229885058,0.00362,0.08815229666884856,True,T+1_open_buy_T+2_close_sell,-0.1848,0.9328,0.748,194267.438,2.9563,3.3203022062812195,3.156851469742583,33,10,5.0,3.0,,,retreat_weak,neutral,mixed,9.973118875947495,10,0.0018487705675725,11,9,mixed,5.277358490566038,7,0.0047169811320754,5,3,0.5,834,unknown,unknown,unknown,unknown,unknown,unknown,unknown,unknown,mixed,mixed,8_15,3_5,5_15,3_8,0_3pct_0_8pct,3,rank_gt_30,rank_4_10,rank_4_10,rank_2_3,1330_1430,1,0,3e8_8e8,6_10,2_4,0_5pct_1pct,9_5_10_5,neg3_0,3_5,30_50,10_20,0_5pct_1pct,unknown,unknown,unknown,unknown,retreat_weak,neutral,20250801,6.09,6.53,6.08,6.53,5.94,9.9327,20250804,6.83,6.94,6.28,6.65,6.53,1.8377,20250805,6.64,6.7,6.17,6.2,6.65,-6.7669,20250806,6.25,6.28,5.97,6.0,6.2,-3.2258,20250807,5.96,6.27,5.95,6.02,6.0,0.3333,fixed_t2_close,0.8,True,,20250801,6.09,6.096089999999999,daily_open_plus_slippage_no_l2,True,,6.65,6.643350000000001,fixed_close,daily_price_minus_slippage_no_l2,False,0,0.07052183733507886,0.07052183733507886,c_conservative_daily_replay_fixed_t2_close
20250801,600671.SH,天目药业,15.36,10.03,45041003.0,133633,133633,0,U,,1,13.91,15.36,13.91,15.36,13.96,10.0287,120499.0,178238.588,9.8996,17.4532,1.41,12172.0533,6904.1073,187052.3674,186962.7387,False,sh_main,0.1,midday,one_word,False,10cm,0.0240908981721072,False,5410,3307,1909,194,40,3,25,15,1619883671.413,4168154140.0,weak,1691,15,0.0088704908338261,weak,1484,16,0.0107816711590296,neutral,1378,7,0.0050798258345428,weak,587,2,0.0034071550255536,weak,269,0,0.0,weak,1,0,0.0,weak,31,9,0,31,9,0,15,1691,0.0088704908338261,weak,1,1,one_word,midday,weak,sh_main,weak,exact,796,True,2.7651000000000003,186962.7387,45041003.0,100000.0,51697066.87793701,6656063.877937004,1.0,1.0,True,0.6,,True,True,20250804,15.44,20250805,15.04,-0.0259067357512953,0.00362,-0.02947297603950454,False,T+1_open_buy_T+2_close_sell,-1.3428,-0.5622,-1.905,60426.195,3.535,2.9496907425662,2.80045261669024,28,11,3.0,2.0,,,retreat_2day,neutral,retreat,5.139741219963032,9,0.0016635859519408,11,3,mixed,4.2031933767001775,4,0.0023654642223536,4,2,0.3333333333333333,816,unknown,unknown,unknown,unknown,unknown,unknown,unknown,unknown,retreat,mixed,8_15,3_5,5_15,3_8,0_1pct_0_3pct,2,rank_11_30,rank_11_30,rank_2_3,rank_2_3,1330_1430,1,0,1e8_3e8,6_10,1_2,2pct_5pct,9_5_10_5,neg3_0,2_3,30_50,10_20,0_5pct_1pct,unknown,unknown,unknown,unknown,retreat_2day,neutral,20250804,15.44,16.11,15.12,15.56,15.36,1.3021,20250805,15.49,15.56,15.0,15.04,15.56,-3.3419,20250806,15.1,15.1,14.67,14.71,15.04,-2.1941,20250807,14.82,15.06,14.6,14.6,14.71,-0.7478,20250808,14.59,15.0,14.37,14.91,14.6,2.1233,fixed_t2_close,0.8,True,,20250804,15.44,15.455439999999998,daily_open_plus_slippage_no_l2,True,,15.04,15.024959999999998,fixed_close,daily_price_minus_slippage_no_l2,False,0,-0.023578380831603633,-0.023578380831603633,c_conservative_daily_replay_fixed_t2_close
20250807,300981.SZ,中红医疗,16.21,19.99,60133507.0,95621,95621,0,U,,1,13.45,16.21,13.43,16.21,13.51,19.9852,316968.12,490900.665,8.0646,26.487,2.07,39303.4879,11966.924,695190.0985,637109.5389,False,chi_next,0.2,early_morning,one_word,False,20cm,0.0094384879409941,False,5409,2118,3086,205,59,5,35,24,1852479305.169,5915811215.0,neutral,1688,23,0.0136255924170616,neutral,1483,26,0.0175320296695886,neutral,1380,8,0.0057971014492753,weak,588,2,0.0034013605442176,weak,269,0,0.0,weak,1,0,0.0,weak,49,10,0,49,10,0,8,1380,0.0057971014492753,weak,1,1,one_word,early_morning,neutral,chi_next,weak,exact,834,True,8.187525,637109.5389,60133507.0,100000.0,521635027.7482223,461501520.7482223,1.0,1.0,True,0.6,,True,True,20250808,16.99,20250811,16.68,-0.0182460270747497,0.00362,-0.02182757347420088,False,T+1_open_buy_T+2_close_sell,-2.5955,-2.5299,-5.1254,161107.862,3.0199,3.0470310939884486,2.6704857776747577,23,3,5.0,2.0,,,neutral,neutral,mixed,7.691107413569976,9,0.0016638935108153,14,5,mixed,2.679710144927536,0,0.0,1,2,0.25,596,unknown,unknown,unknown,unknown,unknown,unknown,unknown,unknown,mixed,mixed,8_15,lt_1,5_15,lt_1,lt_0_1pct,2,rank_11_30,rank_2_3,rank_4_10,rank_2_3,before_1000,1,0,3e8_8e8,6_10,2_4,0_5pct_1pct,19_5_20_5,neg3_0,3_5,50_80,5_10,0_5pct_1pct,unknown,unknown,unknown,unknown,neutral,neutral,20250808,16.99,17.88,15.7,16.5,16.21,1.789,20250811,16.23,16.97,15.8,16.68,16.5,1.0909,20250812,16.42,18.87,16.36,17.47,16.68,4.7362,20250813,17.13,17.8,16.8,17.76,17.47,1.66,20250814,17.25,17.38,16.0,16.0,17.76,-9.9099,fixed_t2_close,0.8,True,,20250808,16.99,17.00699,daily_open_plus_slippage_no_l2,True,,16.68,16.66332,fixed_close,daily_price_minus_slippage_no_l2,False,0,-0.017462058779360703,-0.017462058779360703,c_conservative_daily_replay_fixed_t2_close
20250811,300870.SZ,欧陆通,163.38,20.0,146778794.0,100118,100118,0,U,,1,145.01,163.38,145.01,163.38,136.15,20.0,75275.27,1186732.903,7.0276,16.724,1.68,10711.3481,4501.0204,1750020.0526,1750020.0526,False,chi_next,0.2,midday,one_word,False,20cm,0.0083872635506051,False,5413,4188,1068,157,78,3,57,21,1849917267.63,8718176688.0,neutral,1689,28,0.0165778567199526,neutral,1485,38,0.0255892255892255,strong,1381,10,0.0072411296162201,weak,587,2,0.0034071550255536,weak,270,0,0.0,weak,1,0,0.0,weak,66,12,0,66,12,0,10,1381,0.0072411296162201,weak,1,1,one_word,midday,neutral,chi_next,weak,exact,1336,True,12.16225,1750020.0526,146778794.0,100000.0,2128418138.4734352,1981639344.4734352,1.0,1.0,True,0.6,,True,True,20250812,163.38,20250813,183.5,0.1231484881870486,0.00362,0.11928443526359796,True,T+1_open_buy_T+2_close_sell,-0.2564,-3.0884,-3.3448,405098.036,2.7708,2.929495572770439,2.5363072036956833,34,4,3.0,1.0,,,warming_2day,neutral,warming,7.130131165712175,5,0.0009237021984112,17,3,mixed,1.4372194062273715,1,0.000724112961622,0,1,0.0,601,unknown,unknown,unknown,unknown,unknown,unknown,unknown,unknown,warming,mixed,15_30,lt_1,lt_5,lt_1,lt_0_1pct,1,rank_gt_30,rank_4_10,rank_2_3,rank_1,1000_1100,1,0,8e8_15e8,6_10,1_2,0_5pct_1pct,19_5_20_5,neg3_0,2_3,50_80,5_10,0_5pct_1pct,unknown,unknown,unknown,unknown,warming_2day,neutral,20250812,163.38,167.0,158.55,163.37,163.38,-0.0061,20250813,166.01,187.88,160.68,183.5,163.37,12.3217,20250814,180.0,220.2,179.83,208.23,183.5,13.4768,20250815,208.0,249.88,208.0,248.5,208.23,19.3392,20250818,240.62,270.0,230.1,249.0,248.5,0.2012,fixed_t2_close,0.8,True,,20250812,163.38,163.54337999999998,daily_open_plus_slippage_no_l2,True,,183.5,183.3165,fixed_close,daily_price_minus_slippage_no_l2,False,0,0.09542754821087837,0.09542754821087837,c_conservative_daily_replay_fixed_t2_close
20250819,301321.SZ,翰博高新,19.32,20.0,59216302.0,93327,93327,0,U,,1,16.42,19.32,16.39,19.32,16.1,20.0,89148.28,167048.639,6.0412,9.52,2.91,14756.6101,9364.3064,360192.42,285097.7071,False,chi_next,0.2,early_morning,one_word,False,20cm,0.0207705290240126,False,5413,2984,2255,174,85,4,42,43,2640679593.8599997,7173691325.0,neutral,1689,43,0.0254588513913558,strong,1484,31,0.0208894878706199,strong,1381,9,0.0065170166545981,weak,587,2,0.0034071550255536,weak,271,0,0.0,weak,1,0,0.0,weak,74,11,0,74,11,0,9,1381,0.0065170166545981,weak,1,1,one_word,early_morning,neutral,chi_next,weak,exact,834,True,8.187525,285097.7071,59216302.0,100000.0,233424460.4323928,174208158.43239278,1.0,1.0,True,0.6,,True,True,20250820,19.99,20250821,18.18,-0.090545272636318,0.00362,-0.093982364998683,False,T+1_open_buy_T+2_close_sell,1.1942,1.8566,3.0507999999999997,59863.916,2.5161,2.7904729620427773,2.4010174476372166,32,3,4.0,2.0,,,neutral,neutral,main_rise,9.815111767966007,7,0.0012931830777757,26,4,mixed,3.251701665459812,0,0.0,2,2,0.3333333333333333,573,unknown,unknown,unknown,unknown,unknown,unknown,unknown,unknown,main_rise,mixed,15_30,1_3,5_15,lt_1,lt_0_1pct,2,rank_gt_30,rank_2_3,rank_4_10,rank_2_3,before_1000,1,0,1e8_3e8,6_10,2_4,2pct_5pct,19_5_20_5,0_3,2_3,80_120,5_10,0_5pct_1pct,unknown,unknown,unknown,unknown,neutral,neutral,20250820,19.99,20.5,17.86,18.19,19.32,-5.8489,20250821,18.1,18.85,17.85,18.18,18.19,-0.055,20250822,18.82,19.59,18.05,18.19,18.18,0.055,20250825,18.13,18.24,17.64,17.8,18.19,-2.144,20250826,17.81,18.13,17.64,17.93,17.8,0.7303,fixed_t2_close,0.8,True,,20250820,19.99,20.009989999999995,daily_open_plus_slippage_no_l2,True,,18.18,18.16182,fixed_close,daily_price_minus_slippage_no_l2,False,0,-0.0751858919989464,-0.0751858919989464,c_conservative_daily_replay_fixed_t2_close
20250827,000592.SZ,平潭发展,3.87,9.94,97974529.0,93636,93636,0,U,,1,3.51,3.87,3.49,3.87,3.52,9.9432,1545503.44,585934.285,8.0701,9.7562,0.61,191509.2449,158411.7626,747599.2052,741140.7778,False,sz_main,0.1,early_morning,one_word,False,10cm,0.0132194222656088,False,5417,633,4764,20,41,4,22,19,3197788291.9649997,4915283299.0,weak,1690,21,0.0124260355029585,neutral,1484,14,0.0094339622641509,weak,1383,3,0.0021691973969631,weak,586,3,0.0051194539249146,weak,273,0,0.0,weak,1,0,0.0,weak,35,6,0,35,6,0,14,1484,0.0094339622641509,weak,1,1,one_word,early_morning,weak,sz_main,weak,exact,446,True,3.36815,741140.7778,97974529.0,100000.0,249627331.074707,151652802.074707,1.0,1.0,True,0.6,,True,True,20250828,3.88,20250829,3.42,-0.1185567010309278,0.00362,-0.1219378265033935,False,T+1_open_buy_T+2_close_sell,4.451,1.506,5.957,1022013.224,15.2452,0.5733137999004991,0.5293535014299583,13,6,3.0,2.0,,,retreat_2day,neutral,retreat,6.135351670666422,10,0.0018460402436773,12,4,mixed,3.639083557951482,5,0.0033692722371967,3,2,0.5714285714285714,576,unknown,unknown,unknown,unknown,unknown,unknown,unknown,unknown,retreat,mixed,8_15,1_3,5_15,3_8,0_3pct_0_8pct,2,rank_11_30,rank_4_10,rank_2_3,rank_2_3,before_1000,1,0,3e8_8e8,6_10,lt_1,1pct_2pct,9_5_10_5,3_7,lt_0_8,30_50,10_20,0_5pct_1pct,unknown,unknown,unknown,unknown,retreat_2day,neutral,20250828,3.88,3.92,3.5,3.63,3.87,-6.2016,20250829,3.62,3.65,3.41,3.42,3.63,-5.7851,20250901,3.46,3.58,3.42,3.53,3.42,3.2164,20250902,3.57,3.72,3.49,3.56,3.53,0.8499,20250903,3.53,3.54,3.31,3.33,3.56,-6.4607,fixed_t2_close,0.8,True,,20250828,3.88,3.8838799999999996,daily_open_plus_slippage_no_l2,True,,3.42,3.4165799999999997,fixed_close,daily_price_minus_slippage_no_l2,False,0,-0.09755026120271482,-0.09755026120271482,c_conservative_daily_replay_fixed_t2_close
20250828,300394.SZ,天孚通信,180.01,20.0,358732388.0,104754,134551,3,U,,1,155.01,180.01,154.73,180.01,150.01,19.9987,665657.53,11391508.821,8.5797,15.6064,1.29,77585.2386,42652.97,13994263.4539,13966118.8004,False,chi_next,0.2,midday,multi_open,False,20cm,0.0025685904088809,False,5417,2868,2402,147,58,5,31,27,3000890233.547,8396999251.0,neutral,1691,24,0.0141927853341218,neutral,1483,24,0.0161834120026972,neutral,1383,8,0.0057845263919016,weak,586,1,0.0017064846416382,weak,273,1,0.0036630036630036,weak,1,0,0.0,weak,48,9,0,48,9,1,8,1383,0.0057845263919016,weak,1,1,multi_open,midday,neutral,chi_next,weak,exact,718,True,15.189025,13966118.8004,358732388.0,100000.0,21213172761.224564,20854440373.224564,1.0,1.0,True,0.6,,True,True,20250829,187.9,20250901,222.16,0.1823310271420968,0.00362,0.17834872738756719,True,T+1_open_buy_T+2_close_sell,3.6124,11.9289,15.5413,8031580.593,6.7471,1.4183396019120293,1.2716129892842853,34,6,3.0,2.0,,,neutral,neutral,mixed,7.604245892560457,3,0.0005538120731031,13,5,mixed,3.178452639190166,0,0.0,2,2,0.5,647,unknown,unknown,unknown,unknown,unknown,unknown,unknown,unknown,mixed,mixed,8_15,1_3,lt_5,lt_1,lt_0_1pct,2,rank_gt_30,rank_4_10,rank_2_3,rank_2_3,1000_1100,1,2_3,gte_15e8,6_10,1_2,0_1pct_0_3pct,19_5_20_5,3_7,1_2_2,50_80,5_10,0_5pct_1pct,unknown,unknown,unknown,unknown,neutral,neutral,20250829,187.9,200.88,185.0,198.53,180.01,10.2883,20250901,197.99,225.05,193.88,222.16,198.53,11.9025,20250902,218.0,224.1,194.78,199.18,222.16,-10.3439,20250903,199.5,211.58,193.88,205.31,199.18,3.0776,20250904,205.0,208.0,170.0,173.66,205.31,-15.4157,fixed_t2_close,0.8,True,,20250829,187.9,188.0879,daily_open_plus_slippage_no_l2,True,,222.16,221.93784,fixed_close,daily_price_minus_slippage_no_l2,False,0,0.14267898191005376,0.14267898191005376,c_conservative_daily_replay_fixed_t2_close
20250901,301031.SZ,中熔电气,111.72,20.0,45977248.0,94415,94415,0,U,,1,108.0,111.72,104.22,111.72,93.1,20.0,59236.9,642577.081,8.6406,11.6162,1.99,6855.608,5099.5207,1098458.7466,765908.5258,False,chi_next,0.2,early_morning,one_word,False,20cm,0.0060029685597214,False,5414,3208,2086,120,104,7,54,50,2777646700.6219997,10685619023.0,strong,1691,45,0.0266114725014784,strong,1482,45,0.0303643724696356,very_strong,1382,7,0.0050651230101302,weak,585,5,0.0085470085470085,weak,273,2,0.0073260073260073,weak,1,0,0.0,weak,90,12,0,90,12,2,7,1382,0.0050651230101302,weak,1,1,one_word,early_morning,strong,chi_next,weak,exact,834,True,8.187525,765908.5258,45977248.0,100000.0,627089520.2700645,581112272.2700645,1.0,1.0,True,0.6,,True,True,20250902,111.7,20250903,110.3,-0.0125335720680394,0.00362,-0.016126531964007196,False,T+1_open_buy_T+2_close_sell,1.1957,3.0697,4.2654,249790.202,3.9657,2.5724671178255423,2.1788334972388226,34,4,3.0,1.0,,,warming_2day,neutral,warming,10.276616180273365,2,0.000369412633912,14,7,mixed,1.3065123010130246,0,0.0,0,1,0.5714285714285714,584,unknown,unknown,unknown,unknown,unknown,unknown,unknown,unknown,warming,mixed,8_15,lt_1,lt_5,lt_1,lt_0_1pct,1,rank_gt_30,rank_4_10,rank_2_3,rank_1,before_1000,1,0,3e8_8e8,6_10,1_2,0_5pct_1pct,19_5_20_5,0_3,2_3,80_120,5_10,0_5pct_1pct,unknown,unknown,unknown,unknown,warming_2day,neutral,20250902,111.7,112.5,101.28,103.23,111.72,-7.5994,20250903,104.2,116.66,99.0,110.3,103.23,6.8488,20250904,112.51,113.3,102.11,104.84,110.3,-4.9501,20250905,107.13,112.69,105.0,108.2,104.84,3.2049,20250908,107.4,107.88,102.65,105.52,108.2,-2.4769,fixed_t2_close,0.8,True,,20250902,111.7,111.81169999999999,daily_open_plus_slippage_no_l2,True,,110.3,110.1897,fixed_close,daily_price_minus_slippage_no_l2,False,0,-0.012901225571205759,-0.012901225571205759,c_conservative_daily_replay_fixed_t2_close
20250904,003040.SZ,楚天龙,24.55,9.99,183578688.0,131003,131003,0,U,,1,23.18,24.55,22.71,24.55,22.32,9.991,439487.68,1043087.352,9.62,19.2075,1.63,45685.0258,22880.9959,1132088.8113,1121567.3834,False,sz_main,0.1,midday,one_word,False,10cm,0.0163680480296677,False,5416,2297,2990,129,41,4,24,17,2581892828.988,3443761031.0,weak,1691,20,0.0118273211117681,neutral,1483,14,0.00944032366824,weak,1382,3,0.0021707670043415,weak,586,0,0.0,weak,273,4,0.0146520146520146,neutral,1,0,0.0,weak,34,3,0,34,3,4,14,1483,0.00944032366824,weak,1,1,one_word,midday,weak,sz_main,weak,exact,593,True,4.011,1121567.3834,183578688.0,100000.0,449860677.48174006,266281989.4817401,1.0,1.0,True,0.6,,True,True,20250905,24.97,20250908,23.99,-0.039247096515819,0.00362,-0.042786682736566536,False,T+1_open_buy_T+2_close_sell,-3.4602,-7.0366,-10.4968,423489.137,4.0832,2.4630793587510604,2.3559952978056424,25,8,3.0,2.0,,,neutral,neutral,mixed,4.426440177252585,42,0.0077548005908419,7,4,mixed,2.911193526635199,14,0.00944032366824,3,2,0.5,790,unknown,unknown,unknown,unknown,unknown,unknown,unknown,unknown,mixed,mixed,3_8,1_3,30_60,8_15,0_8pct_1_5pct,2,rank_11_30,rank_4_10,rank_2_3,rank_2_3,1100_1330,1,0,8e8_15e8,6_10,1_2,1pct_2pct,9_5_10_5,lt_neg3,2_3,30_50,10_20,0_5pct_1pct,unknown,unknown,unknown,unknown,neutral,neutral,20250905,24.97,25.01,23.05,23.95,24.55,-2.444,20250908,23.8,24.36,23.61,23.99,23.95,0.167,20250909,23.93,24.01,23.0,23.07,23.99,-3.8349,20250910,23.45,23.52,23.03,23.18,23.07,0.4768,20250911,22.45,23.06,22.12,23.04,23.18,-0.604,fixed_t2_close,0.8,True,,20250905,24.97,24.994969999999995,daily_open_plus_slippage_no_l2,True,,23.99,23.966009999999997,fixed_close,daily_price_minus_slippage_no_l2,False,0,-0.03422934618925323,-0.03422934618925323,c_conservative_daily_replay_fixed_t2_close
20250911,301123.SZ,奕东电子,49.16,19.99,152429183.0,105151,105151,0,U,,1,41.5,49.16,41.2,49.16,40.97,19.9902,189760.23,866415.603,8.1233,23.1018,1.28,23360.0,8214.0794,1148377.6,1148377.6,False,chi_next,0.2,midday,one_word,False,20cm,0.0132734375,False,5421,4221,1047,153,87,3,52,35,2464592729.692,12236592073.0,neutral,1692,37,0.0218676122931442,strong,1482,37,0.024966261808367,strong,1383,7,0.0050614605929139,weak,588,6,0.010204081632653,neutral,275,0,0.0,weak,1,0,0.0,weak,74,13,0,74,13,0,7,1383,0.0050614605929139,weak,1,1,one_word,midday,neutral,chi_next,weak,exact,1336,True,12.16225,1148377.6,152429183.0,100000.0,1396685546.56,1244256363.56,1.0,1.0,True,0.6,,True,True,20250912,49.0,20250915,46.67,-0.0475510204081632,0.00362,-0.05107401537238247,False,T+1_open_buy_T+2_close_sell,4.729,-4.9794,-0.25039999999999996,561215.393,5.8881,1.5438200979637062,1.37961311798373,49,2,3.0,1.0,,,neutral,warming_2day,main_rise,6.138461538461539,3,0.0005534034311012,11,3,mixed,1.3061460592913956,0,0.0,0,1,0.1428571428571428,651,unknown,unknown,unknown,unknown,unknown,unknown,unknown,unknown,main_rise,mixed,8_15,lt_1,lt_5,lt_1,lt_0_1pct,1,rank_gt_30,rank_2_3,rank_2_3,rank_1,1000_1100,1,0,8e8_15e8,6_10,1_2,1pct_2pct,19_5_20_5,3_7,1_2_2,80_120,5_10,0_5pct_1pct,unknown,unknown,unknown,unknown,neutral,warming_2day,20250912,49.0,50.55,47.75,47.84,49.16,-2.6851,20250915,47.45,48.01,46.12,46.67,47.84,-2.4457,20250916,46.67,49.77,45.74,47.62,46.67,2.0356,20250917,45.73,54.9,45.3,51.53,47.62,8.2108,20250918,50.11,51.27,48.96,50.09,51.53,-2.7945,fixed_t2_close,0.8,True,,20250912,49.0,49.04899999999999,daily_open_plus_slippage_no_l2,True,,46.67,46.62333,fixed_close,daily_price_minus_slippage_no_l2,False,0,-0.040859212297905984,-0.040859212297905984,c_conservative_daily_replay_fixed_t2_close
20250924,301209.SZ,联合化学,104.4,20.0,78139224.0,104815,104815,0,U,,1,86.62,104.4,86.0,104.4,87.0,20.0,37388.8,365235.132,6.8735,10.9005,4.26,5439.5918,3430.0,1169280.0,567893.3839,False,chi_next,0.2,midday,one_word,False,20cm,0.0137594883503273,False,5422,4458,853,111,78,4,39,39,2347154285.9300003,9650423641.0,neutral,1693,34,0.0200826934435912,strong,1482,33,0.0222672064777327,strong,1383,7,0.0050614605929139,weak,588,3,0.0051020408163265,weak,275,1,0.0036363636363636,weak,1,0,0.0,weak,67,10,0,67,10,1,7,1383,0.0050614605929139,weak,1,1,one_word,midday,neutral,chi_next,weak,exact,1336,True,12.16225,567893.3839,78139224.0,100000.0,690686130.8337774,612546906.8337774,1.0,1.0,True,0.6,,True,True,20250925,109.0,20250926,109.64,0.0058715596330274,0.00362,0.002241826247147482,True,T+1_open_buy_T+2_close_sell,1.4814,0.035,1.5164,91899.116,1.986,3.9743051717711846,3.460976837865055,37,5,3.0,3.0,,,neutral,neutral,mixed,6.839395057174475,9,0.00165990409443,12,4,mixed,3.906146059291396,0,0.0,2,3,0.4285714285714285,648,unknown,unknown,unknown,unknown,unknown,unknown,unknown,unknown,mixed,mixed,8_15,1_3,5_15,lt_1,lt_0_1pct,3,rank_gt_30,rank_4_10,rank_2_3,rank_2_3,1000_1100,1,0,3e8_8e8,6_10,4_8,1pct_2pct,19_5_20_5,0_3,3_5,50_80,5_10,0_5pct_1pct,unknown,unknown,unknown,unknown,neutral,neutral,20250925,109.0,120.0,106.76,113.99,104.4,9.1858,20250926,115.0,115.0,108.01,109.64,113.99,-3.8161,20250929,110.0,110.86,107.01,109.88,109.64,0.2189,20250930,112.92,117.99,111.23,116.95,109.88,6.4343,20251009,122.01,129.77,120.0,124.46,116.95,6.4215,fixed_t2_close,0.8,True,,20250925,109.0,109.109,daily_open_plus_slippage_no_l2,True,,109.64,109.53036,fixed_close,daily_price_minus_slippage_no_l2,False,0,0.0017934609977179857,0.0017934609977179857,c_conservative_daily_replay_fixed_t2_close
20251009,300512.SZ,中亚股份,9.49,19.97,28809305.0,105403,105403,0,U,,1,7.95,9.49,7.87,9.49,7.91,19.9747,290664.1,263645.038,8.8524,23.7237,8.88,32834.3526,12252.0602,386851.1904,311598.0062,False,chi_next,0.2,midday,one_word,False,20cm,0.0092456641014283,False,5419,3115,2186,118,88,4,42,46,2671818087.96,11110929228.0,neutral,1690,32,0.0189349112426035,neutral,1478,42,0.0284167794316644,strong,1387,8,0.0057678442682047,weak,587,4,0.0068143100511073,weak,276,2,0.0072463768115942,weak,1,0,0.0,weak,74,12,0,74,12,2,8,1387,0.0057678442682047,weak,1,1,one_word,midday,neutral,chi_next,weak,exact,1336,True,12.16225,311598.0062,28809305.0,100000.0,378973285.090595,350163980.090595,1.0,1.0,True,0.6,,True,True,20251010,9.99,20251013,9.36,-0.063063063063063,0.00362,-0.06655506493506473,False,T+1_open_buy_T+2_close_sell,-1.3716,1.3906,0.019000000000000128,24490.409,0.9375,10.765236219615606,9.442559999999999,63,5,4.0,1.0,,,neutral,warming_2day,main_rise,6.203174017346374,19,0.0035061819523897,9,4,mixed,3.390266762797405,1,0.0007209805335255,1,3,0.25,654,unknown,unknown,unknown,unknown,unknown,unknown,unknown,unknown,main_rise,mixed,8_15,lt_1,15_30,lt_1,lt_0_1pct,3,rank_gt_30,rank_4_10,rank_4_10,rank_1,1000_1100,1,0,1e8_3e8,6_10,gte_8,0_5pct_1pct,19_5_20_5,neg3_0,gte_5,80_120,5_10,0_5pct_1pct,unknown,unknown,unknown,unknown,neutral,warming_2day,20251010,9.99,11.14,9.55,9.87,9.49,4.0042,20251013,8.75,9.65,8.75,9.36,9.87,-5.1672,20251014,9.54,10.3,9.31,9.98,9.36,6.6239,20251015,9.78,9.84,9.4,9.53,9.97,-4.4132,20251016,9.44,9.45,9.2,9.23,9.53,-3.148,fixed_t2_close,0.8,True,,20251010,9.99,9.999989999999999,daily_open_plus_slippage_no_l2,True,,9.36,9.35064,fixed_close,daily_price_minus_slippage_no_l2,False,0,-0.05324405194805179,-0.05324405194805179,c_conservative_daily_replay_fixed_t2_close
20251023,301289.SZ,国缆检测,66.47,20.0,60739887.0,100706,100706,0,U,,1,55.9,66.47,55.05,66.47,55.39,20.0036,75261.22,464863.931,9.7046,39.5028,4.39,7755.21,1905.21,518466.0,515488.8087,False,chi_next,0.2,midday,one_word,False,20cm,0.011782969091643,False,5431,2994,2302,135,58,8,34,24,1660708816.795,6275051058.0,neutral,1693,17,0.0100413467217956,neutral,1483,33,0.0222521915037086,strong,1387,8,0.0057678442682047,weak,589,0,0.0,weak,278,0,0.0,weak,1,0,0.0,weak,50,8,0,50,8,0,8,1387,0.0057678442682047,weak,1,1,one_word,midday,neutral,chi_next,weak,exact,1336,True,12.16225,515488.8087,60739887.0,100000.0,626950376.3611575,566210489.3611575,1.0,1.0,True,0.6,,True,True,20251024,65.08,20251027,66.08,0.0153657037492316,0.00362,0.011717001044438246,True,T+1_open_buy_T+2_close_sell,0.2534,4.049,4.3024000000000004,130391.45,3.0603,3.5651412036602093,3.171127013691468,23,1,5.0,1.0,,,neutral,neutral,mixed,9.091180261461975,8,0.0014730252255569,9,8,mixed,1.376784426820476,0,0.0,0,1,0.25,607,unknown,unknown,unknown,unknown,unknown,unknown,unknown,unknown,mixed,mixed,8_15,lt_1,5_15,lt_1,lt_0_1pct,1,rank_11_30,rank_1,rank_4_10,rank_1,1000_1100,1,0,3e8_8e8,6_10,4_8,1pct_2pct,19_5_20_5,0_3,3_5,50_80,5_10,0_5pct_1pct,unknown,unknown,unknown,unknown,neutral,neutral,20251024,65.08,66.0,61.53,62.71,66.47,-5.6567,20251027,63.01,68.0,62.61,66.08,62.71,5.3739,20251028,64.0,71.63,63.95,67.13,66.08,1.589,20251029,65.15,70.99,63.8,70.01,67.13,4.2902,20251030,67.23,67.8,64.68,65.17,70.01,-6.9133,fixed_t2_close,0.8,True,,20251024,65.08,65.14508,daily_open_plus_slippage_no_l2,True,,66.08,66.01392,fixed_close,daily_price_minus_slippage_no_l2,False,0,0.009373600835550597,0.009373600835550597,c_conservative_daily_replay_fixed_t2_close
20251118,605136.SH,丽人丽妆,11.04,9.96,52943424.0,93101,93355,3,U,,1,10.41,11.04,10.41,11.04,10.04,9.9602,312084.0,342331.757,7.7932,15.5963,2.2,40045.85,20010.1451,442106.184,442106.184,False,sh_main,0.1,early_morning,multi_open,False,10cm,0.0119752733429306,False,5440,1278,4106,56,45,6,23,22,1945958604.615,4955227918.0,weak,1697,16,0.0094284030642309,weak,1482,23,0.0155195681511471,neutral,1385,4,0.0028880866425992,weak,593,2,0.0033726812816188,weak,282,0,0.0,weak,1,0,0.0,weak,39,6,0,39,6,0,16,1697,0.0094284030642309,weak,1,1,multi_open,early_morning,weak,sh_main,weak,exact,457,True,5.3554,442106.184,52943424.0,100000.0,236765545.77936,183822121.77936,1.0,1.0,True,0.6,,True,True,20251119,11.69,20251121,10.93,-0.0650128314798973,0.00362,-0.13423759626173642,False,T+1_open_buy_T+2_close_sell,2.1363,-2.3833,-0.24700000000000033,147602.505,3.7043,2.3192814850940366,2.1038252841292553,15,7,5.0,4.0,,,retreat_weak,neutral,mixed,8.233088235294117,36,0.0066176470588235,17,6,mixed,7.952857984678846,14,0.0082498526812021,8,5,0.375,571,unknown,unknown,unknown,unknown,unknown,unknown,unknown,unknown,mixed,mixed,15_30,5_10,30_60,8_15,0_8pct_1_5pct,4_5,rank_11_30,rank_4_10,rank_4_10,rank_4_10,before_1000,1,2_3,3e8_8e8,6_10,2_4,1pct_2pct,9_5_10_5,0_3,2_3,30_50,10_20,0_5pct_1pct,unknown,unknown,unknown,unknown,retreat_weak,neutral,20251119,11.69,12.14,11.36,12.14,11.04,9.9638,20251120,12.45,12.79,10.93,10.93,12.14,-9.9671,20251121,10.03,10.8,10.03,10.16,10.93,-7.0448,20251124,10.3,11.18,10.03,11.18,10.16,10.0394,20251125,11.2,11.66,11.2,11.34,11.18,1.4311,fixed_t2_close,0.8,True,,20251119,11.69,11.701689999999997,daily_open_plus_slippage_no_l2,True,,10.16,10.14984,fixed_close,daily_price_minus_slippage_no_l2,False,1,-0.10739007700938914,-0.10739007700938914,c_conservative_daily_replay_fixed_t2_close
20251201,603121.SH,华培动力,17.59,10.01,126935842.0,135001,135001,0,U,,1,16.0,17.59,15.99,17.59,15.99,10.0063,220616.43,376714.555,6.5168,13.5367,5.06,33853.3715,16297.6971,595480.8047,595480.8047,False,sh_main,0.1,midday,one_word,False,10cm,0.0213165296006392,False,5432,3398,1872,162,64,6,37,27,1889449234.179,9653034659.0,neutral,1693,13,0.0076786769049025,weak,1481,43,0.0290344361917623,strong,1383,6,0.0043383947939262,weak,590,1,0.0016949152542372,weak,284,1,0.0035211267605633,weak,1,0,0.0,weak,56,7,0,56,7,1,13,1693,0.0076786769049025,weak,1,1,one_word,midday,neutral,sh_main,weak,exact,796,True,2.7651000000000003,595480.8047,126935842.0,100000.0,164656397.30759704,37720555.30759704,1.0,1.0,True,0.6,,True,True,20251202,18.0,20251203,17.96,-0.0022222222222221,0.00362,-0.005835784215783946,False,T+1_open_buy_T+2_close_sell,5.6841,1.1364,6.8205,160316.331,3.0271,2.349820212639472,2.1528195302434674,47,11,4.0,3.0,,,neutral,neutral,mixed,9.46774668630339,5,0.000920471281296,18,6,mixed,5.52610750147667,2,0.0011813349084465,5,3,0.4615384615384615,830,unknown,unknown,unknown,unknown,unknown,unknown,unknown,unknown,mixed,mixed,15_30,3_5,lt_5,1_3,0_1pct_0_3pct,3,rank_gt_30,rank_11_30,rank_4_10,rank_2_3,1330_1430,1,0,3e8_8e8,6_10,4_8,2pct_5pct,9_5_10_5,3_7,2_3,50_80,10_20,0_5pct_1pct,unknown,unknown,unknown,unknown,neutral,neutral,20251202,18.0,18.38,17.6,18.13,17.59,3.0699,20251203,18.13,18.58,17.68,17.96,18.13,-0.9377,20251204,18.32,18.48,17.77,17.97,17.96,0.0557,20251205,18.12,18.15,17.39,18.0,17.97,0.1669,20251208,18.0,18.55,17.87,18.38,18.0,2.1111,fixed_t2_close,0.8,True,,20251202,18.0,18.017999999999997,daily_open_plus_slippage_no_l2,True,,17.96,17.942040000000002,fixed_close,daily_price_minus_slippage_no_l2,False,0,-0.004668627372627157,-0.004668627372627157,c_conservative_daily_replay_fixed_t2_close
20251223,603978.SH,深圳新星,28.27,10.0,136643045.0,112157,112157,0,U,,1,25.8,28.27,25.51,28.27,25.7,10.0,156063.01,422561.224,7.393,11.6674,1.54,21109.4299,13376.0405,596763.5833,596763.5833,False,sh_main,0.1,midday,one_word,False,10cm,0.022897349775331,False,5449,1512,3856,81,54,8,25,29,1921373040.786,6811089970.0,neutral,1698,15,0.0088339222614841,weak,1483,34,0.0229265003371544,strong,1384,4,0.0028901734104046,weak,597,1,0.0016750418760469,weak,286,0,0.0,weak,1,0,0.0,weak,49,5,0,49,5,0,15,1698,0.0088339222614841,weak,1,1,one_word,midday,neutral,sh_main,weak,exact,796,True,2.7651000000000003,596763.5833,136643045.0,100000.0,165011098.41828305,28368053.418283045,1.0,1.0,True,0.6,,True,True,20251224,28.87,20251225,28.83,-0.0013855213023901,0.00362,-0.00500075502606161,False,T+1_open_buy_T+2_close_sell,0.1169,0.1561,0.273,173295.583,3.1768,2.4383842720330615,2.3271845882649207,35,12,5.0,2.0,,,neutral,neutral,mixed,10.526738851165351,12,0.0022022389429253,17,8,mixed,5.788692579505301,7,0.0041224970553592,6,3,0.5333333333333333,681,unknown,unknown,unknown,unknown,unknown,unknown,unknown,unknown,mixed,mixed,15_30,5_10,5_15,3_8,0_3pct_0_8pct,3,rank_gt_30,rank_11_30,rank_4_10,rank_2_3,1100_1330,1,0,3e8_8e8,6_10,1_2,2pct_5pct,9_5_10_5,0_3,2_3,50_80,10_20,0_5pct_1pct,unknown,unknown,unknown,unknown,neutral,neutral,20251224,28.87,29.64,27.99,29.11,28.27,2.9713,20251225,28.09,28.98,27.62,28.83,29.11,-0.9619,20251226,30.08,31.71,29.0,31.71,28.83,9.9896,20251229,31.0,31.01,28.66,29.28,31.71,-7.6632,20251230,28.59,29.38,27.51,28.88,29.28,-1.3661,fixed_t2_close,0.8,True,,20251224,28.87,28.89887,daily_open_plus_slippage_no_l2,True,,28.83,28.80117,fixed_close,daily_price_minus_slippage_no_l2,False,0,-0.004000604020849288,-0.004000604020849288,c_conservative_daily_replay_fixed_t2_close
20260108,300986.SZ,志特新材,23.18,19.98,164518450.0,93036,93345,3,U,,4,22.55,23.18,21.9,23.18,19.32,19.9793,304894.08,699671.408,7.4066,12.9157,0.58,41165.3836,23606.4396,954955.6741,954213.5918,False,chi_next,0.2,open_limit,multi_open,False,20cm,0.0172412603859118,False,5459,3731,1595,133,92,9,50,42,2826302442.822,14871954139.0,neutral,1696,40,0.0235849056603773,strong,1486,39,0.0262449528936742,strong,1390,10,0.0071942446043165,weak,600,3,0.005,weak,286,0,0.0,weak,1,0,0.0,weak,79,13,0,79,13,0,10,1390,0.0071942446043165,weak,4,4,multi_open,open_limit,neutral,chi_next,weak,fallback_due_to_low_sample,16,False,10.785725,954213.5918,164518450.0,100000.0,1029188539.2417054,864670089.2417054,1.0,1.0,True,0.6,,True,True,20260109,27.82,,33.38,0.1998562185478074,0.00362,0.0,False,T+1_open_buy_T+2_close_sell,20.0,19.9702,39.9702,1500742.082,19.8953,0.4662169578583191,0.3722788799364674,2,1,1.0,1.0,,,neutral,neutral,main_rise,13.997362154240705,4,0.0007327349331379,26,9,mixed,4.919424460431655,0,0.0,2,4,0.2,570,unknown,unknown,unknown,unknown,unknown,unknown,unknown,unknown,main_rise,mixed,15_30,1_3,lt_5,lt_1,lt_0_1pct,4_5,rank_2_3,rank_1,rank_1,rank_1,open_auction,4,2_3,3e8_8e8,6_10,lt_1,1pct_2pct,19_5_20_5,gte_10,lt_0_8,80_120,5_10,0_5pct_1pct,unknown,unknown,unknown,unknown,neutral,neutral,20260109,27.82,27.82,27.1,27.82,23.18,20.0173,20260112,33.38,33.38,33.38,33.38,27.82,19.9856,20260116,26.79,30.0,26.7,26.7,33.38,-20.012,20260119,26.0,30.32,23.9,28.4,26.7,6.367,20260120,30.0,34.08,30.0,33.8,28.4,19.0141,fixed_t2_close,0.8,False,open_limit_up_unbuyable,20260109,27.82,,daily_open_limit_up_queue_rejected,False,,,,no_buy,,False,0,0.0,0.0,c_conservative_daily_replay_fixed_t2_close
20260113,301060.SZ,兰卫医学,13.28,19.96,98070170.0,95554,95554,0,U,,1,11.39,13.28,11.38,13.28,11.07,19.9639,352111.24,441128.806,9.7759,19.1533,2.38,36018.4557,18383.8217,531886.576,478325.0917,False,chi_next,0.2,early_morning,one_word,False,20cm,0.0205028278260402,False,5452,1622,3729,101,66,12,32,34,3698811083.914,14522991253.0,neutral,1694,22,0.0129870129870129,neutral,1484,32,0.0215633423180593,strong,1386,10,0.0072150072150072,weak,600,1,0.0016666666666666,weak,287,1,0.0034843205574912,weak,1,0,0.0,weak,54,11,0,54,11,1,10,1386,0.0072150072150072,weak,1,1,one_word,early_morning,neutral,chi_next,weak,exact,834,True,8.187525,478325.0917,98070170.0,100000.0,391629864.64210427,293559694.64210427,1.0,1.0,True,0.6,,True,True,20260114,13.8,20260115,12.41,-0.1007246376811594,0.00362,-0.10414139165182627,False,T+1_open_buy_T+2_close_sell,4.2373,2.4108,6.6481,195497.812,4.95,2.256438583568393,1.9749292929292928,27,5,5.0,2.0,,,neutral,neutral,mixed,15.400000000000004,55,0.01008804108584,29,12,mixed,3.621500721500722,0,0.0,1,3,0.5,595,unknown,unknown,unknown,unknown,unknown,unknown,unknown,unknown,mixed,mixed,15_30,lt_1,30_60,lt_1,lt_0_1pct,3,rank_11_30,rank_4_10,rank_4_10,rank_2_3,before_1000,1,0,3e8_8e8,6_10,2_4,2pct_5pct,19_5_20_5,3_7,2_3,50_80,5_10,0_5pct_1pct,unknown,unknown,unknown,unknown,neutral,neutral,20260114,13.8,14.55,13.1,13.68,13.28,3.012,20260115,12.91,13.28,12.31,12.41,13.68,-9.2836,20260116,12.46,12.5,11.75,11.92,12.41,-3.9484,20260119,11.85,11.99,11.7,11.77,11.92,-1.2584,20260120,11.8,11.85,11.45,11.58,11.77,-1.6143,fixed_t2_close,0.8,True,,20260114,13.8,13.813799999999999,daily_open_plus_slippage_no_l2,True,,12.41,12.397590000000001,fixed_close,daily_price_minus_slippage_no_l2,False,0,-0.08331311332146102,-0.08331311332146102,c_conservative_daily_replay_fixed_t2_close
20260130,002952.SZ,亚世光电,23.75,10.0,47331375.0,132948,132948,0,U,,1,21.4,23.75,21.3,23.75,21.59,10.0046,102867.75,233432.614,7.814,19.5318,2.89,13164.5032,5266.6842,390307.5,312656.951,False,sz_main,0.1,midday,one_word,False,10cm,0.0151384368230469,False,5462,2453,2896,113,48,5,28,20,2862425410.4360003,4465921276.0,weak,1698,29,0.0170789163722025,neutral,1486,13,0.0087483176312247,weak,1386,3,0.0021645021645021,weak,600,3,0.005,weak,291,0,0.0,weak,1,0,0.0,weak,42,6,0,42,6,0,13,1486,0.0087483176312247,weak,1,1,one_word,midday,weak,sz_main,weak,exact,593,True,4.011,312656.951,47331375.0,100000.0,125406703.0461,78075328.0461,1.0,1.0,True,0.6,,True,True,20260202,24.88,20260203,24.19,-0.027733118971061,0.00362,-0.031295710141947916,False,T+1_open_buy_T+2_close_sell,0.0,0.5121,0.5121,97492.604,3.4006,2.3943622841379844,2.2978297947421042,37,10,4.0,4.0,,,retreat_weak,retreat_2day,mixed,5.048480410106189,56,0.0102526547052361,7,5,ice_point,4.613728129205921,28,0.0188425302826379,4,5,0.4615384615384615,809,unknown,unknown,unknown,unknown,unknown,unknown,unknown,unknown,mixed,ice_point,3_8,3_5,30_60,gte_15,gte_1_5pct,4_5,rank_gt_30,rank_4_10,rank_4_10,rank_4_10,1100_1330,1,0,1e8_3e8,6_10,2_4,1pct_2pct,9_5_10_5,neg3_0,2_3,30_50,10_20,0_5pct_1pct,unknown,unknown,unknown,unknown,retreat_weak,retreat_2day,20260202,24.88,26.13,24.08,24.77,23.75,4.2947,20260203,23.56,24.3,23.0,24.19,24.77,-2.3415,20260204,23.56,24.8,23.15,24.48,24.19,1.1988,20260205,24.0,24.77,23.77,23.9,24.48,-2.3693,20260206,23.64,24.52,23.64,24.12,23.9,0.9205,fixed_t2_close,0.8,True,,20260202,24.88,24.904879999999995,daily_open_plus_slippage_no_l2,True,,24.19,24.16581,fixed_close,daily_price_minus_slippage_no_l2,False,0,-0.025036568113558335,-0.025036568113558335,c_conservative_daily_replay_fixed_t2_close
20260202,600550.SH,保变电气,15.57,10.04,130797310.0,94143,94143,0,U,,1,15.0,15.57,14.88,15.57,14.15,10.0353,1193153.93,1828991.034,6.4792,14.5184,1.01,184152.848,82182.1427,2867259.8434,2867259.8434,False,sh_main,0.1,early_morning,one_word,False,10cm,0.0045617529328943,False,5464,771,4652,41,36,3,25,11,2606637984.538,4183419186.0,weak,1697,16,0.0094284030642309,weak,1488,16,0.010752688172043,neutral,1387,3,0.0021629416005767,weak,600,1,0.0016666666666666,weak,291,0,0.0,weak,1,0,0.0,weak,32,4,0,32,4,0,16,1697,0.0094284030642309,weak,1,1,one_word,early_morning,weak,sh_main,weak,exact,459,True,2.26625,2867259.8434,130797310.0,100000.0,649792762.010525,518995452.010525,1.0,1.0,True,0.6,,True,True,20260203,15.85,20260204,16.28,0.0271293375394323,0.00362,0.023457131070822212,True,T+1_open_buy_T+2_close_sell,-1.5994,-1.91,-3.5094,1171469.656,4.5396,1.5612790520286426,1.4272623138602518,12,6,3.0,2.0,,,retreat_2day,retreat_2day,ice_point,2.4234260614934113,120,0.0219619326500732,10,3,ice_point,2.5293459045374194,61,0.0359457866823806,7,3,0.3125,581,unknown,unknown,unknown,unknown,unknown,unknown,unknown,unknown,ice_point,ice_point,8_15,5_10,gte_60,gte_15,gte_1_5pct,3,rank_11_30,rank_4_10,rank_2_3,rank_2_3,before_1000,1,0,gte_15e8,6_10,1_2,0_3pct_0_5pct,9_5_10_5,neg3_0,1_2_2,30_50,10_20,0_5pct_1pct,unknown,unknown,unknown,unknown,retreat_2day,retreat_2day,20260203,15.85,16.46,15.37,16.37,15.57,5.1381,20260204,16.0,16.63,15.9,16.28,16.37,-0.5498,20260205,16.0,16.15,14.94,15.02,16.28,-7.7396,20260206,14.9,16.22,14.82,15.61,15.02,3.9281,20260209,15.85,15.98,15.5,15.72,15.61,0.7047,fixed_t2_close,0.8,True,,20260203,15.85,15.865849999999998,daily_open_plus_slippage_no_l2,True,,16.28,16.263720000000003,fixed_close,daily_price_minus_slippage_no_l2,False,0,0.01876570485665777,0.01876570485665777,c_conservative_daily_replay_fixed_t2_close
20260204,301119.SZ,正强股份,57.7,20.01,149878577.0,132048,132048,0,U,,1,48.19,57.7,48.19,57.7,48.08,20.0083,75968.4,414992.945,9.032,26.8061,3.26,8411.0,2834.0,600080.0,485314.7,False,chi_next,0.2,midday,one_word,False,20cm,0.0308827606087349,False,5468,3254,2130,84,68,4,43,25,2503262865.556,7524027380.0,neutral,1698,31,0.0182567726737338,neutral,1490,28,0.0187919463087248,neutral,1389,7,0.0050395968322534,weak,599,2,0.003338898163606,weak,291,0,0.0,weak,1,0,0.0,weak,59,9,0,59,9,0,7,1389,0.0050395968322534,weak,1,1,one_word,midday,neutral,chi_next,weak,exact,1336,True,12.16225,485314.7,149878577.0,100000.0,590251871.0075,440373294.00750005,1.0,1.0,True,0.6,,True,True,20260205,58.0,20260206,54.9,-0.053448275862069,0.00362,-0.05695948809810873,False,T+1_open_buy_T+2_close_sell,0.5858,0.1047,0.6905,93805.602,2.299,4.423967611230724,3.928664636798608,46,5,4.0,2.0,,,neutral,warming_2day,mixed,6.6460863204096565,9,0.0016459400146305,12,4,mixed,3.9039596832253425,0,0.0,2,3,0.0,800,unknown,unknown,unknown,unknown,unknown,unknown,unknown,unknown,mixed,mixed,8_15,1_3,5_15,lt_1,lt_0_1pct,3,rank_gt_30,rank_4_10,rank_4_10,rank_2_3,1100_1330,1,0,3e8_8e8,6_10,2_4,2pct_5pct,19_5_20_5,0_3,3_5,50_80,5_10,0_5pct_1pct,unknown,unknown,unknown,unknown,neutral,warming_2day,20260205,58.0,59.59,56.0,57.19,57.7,-0.8839,20260206,56.39,56.5,54.5,54.9,57.19,-4.0042,20260209,55.2,58.3,53.82,55.23,54.9,0.6011,20260210,55.51,55.51,52.36,52.36,55.23,-5.1965,20260211,52.38,52.48,49.36,49.88,52.36,-4.7364,fixed_t2_close,0.8,True,,20260205,58.0,58.05799999999999,daily_open_plus_slippage_no_l2,True,,54.9,54.845099999999995,fixed_close,daily_price_minus_slippage_no_l2,False,0,-0.04556759047848699,-0.04556759047848699,c_conservative_daily_replay_fixed_t2_close
20260209,300982.SZ,苏文电能,26.16,20.0,67258406.0,94836,94836,0,U,,1,22.4,26.16,22.26,26.16,21.8,20.0,172678.82,431154.772,8.9057,20.9301,3.63,19389.7146,8250.2706,541420.8219,507234.9339,False,chi_next,0.2,early_morning,one_word,False,20cm,0.0132598134522926,False,5465,4612,759,94,83,4,46,37,2270179145.3329997,10191592991.0,neutral,1700,39,0.0229411764705882,strong,1486,32,0.0215343203230148,strong,1387,9,0.0064888248017303,weak,600,3,0.005,weak,291,0,0.0,weak,1,0,0.0,weak,71,12,0,71,12,0,9,1387,0.0064888248017303,weak,1,1,one_word,early_morning,neutral,chi_next,weak,exact,834,True,8.187525,507234.9339,67258406.0,100000.0,415299870.2179598,348041464.2179598,1.0,1.0,True,0.6,,True,True,20260210,24.96,20260211,23.83,-0.045272435897436,0.00362,-0.0487999834780604,False,T+1_open_buy_T+2_close_sell,2.8787,-1.9889,0.8897999999999999,100035.532,2.3787,4.310016285013608,3.7439357632320176,29,4,3.0,1.0,,,warming_2day,neutral,warming,7.452881976212261,3,0.0005489478499542,14,4,mixed,4.348882480173035,0,0.0,1,4,0.4444444444444444,588,unknown,unknown,unknown,unknown,unknown,unknown,unknown,unknown,warming,mixed,8_15,lt_1,lt_5,lt_1,lt_0_1pct,4_5,rank_11_30,rank_4_10,rank_2_3,rank_1,before_1000,1,0,3e8_8e8,6_10,2_4,1pct_2pct,19_5_20_5,0_3,3_5,80_120,5_10,0_5pct_1pct,unknown,unknown,unknown,unknown,warming_2day,neutral,20260210,24.96,25.39,24.16,24.41,26.16,-6.6896,20260211,24.0,24.43,23.82,23.83,24.41,-2.3761,20260212,24.05,24.16,23.48,23.56,23.83,-1.133,20260213,23.6,23.79,23.23,23.33,23.56,-0.9762,20260224,23.51,24.17,23.28,23.85,23.33,2.2289,fixed_t2_close,0.8,True,,20260210,24.96,24.984959999999997,daily_open_plus_slippage_no_l2,True,,23.83,23.806169999999998,fixed_close,daily_price_minus_slippage_no_l2,False,0,-0.03903998678244833,-0.03903998678244833,c_conservative_daily_replay_fixed_t2_close
20260213,605289.SH,罗曼股份,89.98,10.0,15062652.0,105202,131708,2,U,,1,81.0,89.98,80.0,89.98,81.8,10.0,107151.47,944517.302,9.8905,19.9391,2.09,10833.75,5373.94,980849.485,974820.825,False,sh_main,0.1,midday,multi_open,False,10cm,0.0015451713395638,False,5474,1540,3829,105,32,5,15,17,1998941692.928,3498852198.0,weak,1701,15,0.0088183421516754,weak,1487,14,0.0094149293880295,weak,1388,3,0.0021613832853025,weak,603,0,0.0,weak,294,0,0.0,weak,1,0,0.0,weak,29,3,0,29,3,0,15,1701,0.0088183421516754,weak,1,1,multi_open,midday,weak,sh_main,weak,exact,612,True,4.6078,974820.825,15062652.0,100000.0,449177939.7435,434115287.7435,1.0,1.0,True,0.6,,True,True,20260224,94.04,20260225,108.88,0.1578051892811567,0.00362,0.15387189219967617,True,T+1_open_buy_T+2_close_sell,6.8304,3.1941,10.0245,552821.51,6.441,1.7085393475373272,1.5355534854836206,23,12,4.0,2.0,,,retreat_weak,neutral,mixed,5.146145414687615,20,0.0036536353671903,5,5,mixed,5.317460317460317,8,0.0047031158142269,2,5,0.5333333333333333,652,unknown,unknown,unknown,unknown,unknown,unknown,unknown,unknown,mixed,mixed,3_8,1_3,15_30,3_8,0_3pct_0_8pct,4_5,rank_11_30,rank_11_30,rank_4_10,rank_2_3,1000_1100,1,2_3,8e8_15e8,6_10,2_4,0_1pct_0_3pct,9_5_10_5,3_7,1_2_2,30_50,10_20,0_5pct_1pct,unknown,unknown,unknown,unknown,retreat_weak,neutral,20260224,94.04,98.98,90.0,98.98,89.98,10.0022,20260225,100.24,108.88,99.4,108.88,98.98,10.002,20260226,108.87,119.77,104.05,117.18,108.88,7.6231,20260227,117.99,126.0,114.25,123.9,117.18,5.7348,20260302,115.07,133.33,115.07,130.55,123.9,5.3672,fixed_t2_close,0.8,True,,20260224,94.04,94.13404,daily_open_plus_slippage_no_l2,True,,108.88,108.77112,fixed_close,daily_price_minus_slippage_no_l2,False,0,0.12309751375974094,0.12309751375974094,c_conservative_daily_replay_fixed_t2_close
20260225,300821.SZ,东岳硅材,14.89,19.98,95004141.0,101200,101200,0,U,,1,13.18,14.89,13.02,14.89,12.41,19.9839,1094539.27,1553590.962,9.1228,22.0391,4.93,119979.075,49663.5707,1786800.0,1786488.4268,False,chi_next,0.2,midday,one_word,False,20cm,0.0053179264737904,False,5471,3748,1609,114,75,5,44,31,2480891982.69,7327489525.0,neutral,1698,27,0.0159010600706713,neutral,1488,39,0.0262096774193548,strong,1387,7,0.0050468637346791,weak,603,2,0.0033167495854063,weak,294,0,0.0,weak,1,0,0.0,weak,66,9,0,66,9,0,7,1387,0.0050468637346791,weak,1,1,one_word,midday,neutral,chi_next,weak,exact,1336,True,12.16225,1786488.4268,95004141.0,100000.0,2172771886.88483,2077767745.88483,1.0,1.0,True,0.6,,True,True,20260226,14.45,20260227,14.47,0.0013840830449827,0.00362,-0.0022366843537083188,False,T+1_open_buy_T+2_close_sell,5.5272,-2.8902,2.6369999999999996,483417.271,3.2516,3.2137680120245435,2.8056341493418624,38,3,5.0,1.0,,,neutral,warming_2day,mixed,8.883129226832388,4,0.0007311277645768,18,5,mixed,1.3046863734679164,0,0.0,0,1,0.4285714285714285,612,unknown,unknown,unknown,unknown,unknown,unknown,unknown,unknown,mixed,mixed,15_30,lt_1,lt_5,lt_1,lt_0_1pct,1,rank_gt_30,rank_2_3,rank_4_10,rank_1,1000_1100,1,0,gte_15e8,6_10,4_8,0_5pct_1pct,19_5_20_5,3_7,3_5,50_80,5_10,0_5pct_1pct,unknown,unknown,unknown,unknown,neutral,warming_2day,20260226,14.45,14.5,14.11,14.29,14.89,-4.0296,20260227,14.29,14.68,14.13,14.47,14.29,1.2596,20260302,14.2,14.44,13.88,14.13,14.47,-2.3497,20260303,14.13,14.26,13.32,13.41,14.13,-5.0955,20260304,13.23,13.94,13.1,13.49,13.41,0.5966,fixed_t2_close,0.8,True,,20260226,14.45,14.464449999999998,daily_open_plus_slippage_no_l2,True,,14.47,14.455530000000001,fixed_close,daily_price_minus_slippage_no_l2,False,0,-0.0017893474829666551,-0.0017893474829666551,c_conservative_daily_replay_fixed_t2_close
20260305,300389.SZ,艾比森,20.64,20.0,122459122.0,94730,94730,0,U,,1,17.47,20.64,17.47,20.64,17.2,20.0,196553.38,388553.032,8.4292,16.2017,2.85,23318.1321,12131.6417,761823.0543,481286.2465,False,chi_next,0.2,early_morning,one_word,False,20cm,0.0254441349385204,False,5476,4079,1306,91,69,2,42,27,2412590766.7209997,8498142386.0,neutral,1697,22,0.0129640542133176,neutral,1488,33,0.0221774193548387,strong,1389,10,0.0071994240460763,weak,604,3,0.0049668874172185,weak,297,1,0.0033670033670033,weak,1,0,0.0,weak,55,13,0,55,13,1,10,1389,0.0071994240460763,weak,1,1,one_word,early_morning,neutral,chi_next,weak,exact,834,True,8.187525,481286.2465,122459122.0,100000.0,394054317.5374913,271595195.5374913,1.0,1.0,True,0.6,,True,True,20260306,19.81,20260309,18.85,-0.0484603735487126,0.00362,-0.051981551623540165,False,T+1_open_buy_T+2_close_sell,-1.4891,-3.4292,-4.9183,92339.265,2.3014,4.207885258779133,3.6626401320935082,27,6,2.0,2.0,,,neutral,neutral,mixed,4.172388604821038,4,0.0007304601899196,7,2,mixed,2.7335493160547157,1,0.0007199424046076,1,2,0.5,587,unknown,unknown,unknown,unknown,unknown,unknown,unknown,unknown,mixed,mixed,3_8,lt_1,lt_5,lt_1,lt_0_1pct,2,rank_11_30,rank_4_10,rank_2_3,rank_2_3,before_1000,1,0,3e8_8e8,6_10,2_4,2pct_5pct,19_5_20_5,neg3_0,3_5,50_80,5_10,0_5pct_1pct,unknown,unknown,unknown,unknown,neutral,neutral,20260306,19.81,19.81,18.54,19.2,20.64,-6.9767,20260309,18.6,18.96,18.42,18.85,19.2,-1.8229,20260310,18.98,19.2,18.71,18.83,18.85,-0.1061,20260311,18.87,19.36,18.81,18.96,18.83,0.6904,20260312,18.92,19.56,18.8,19.38,18.96,2.2152,fixed_t2_close,0.8,True,,20260306,19.81,19.829809999999995,daily_open_plus_slippage_no_l2,True,,18.85,18.83115,fixed_close,daily_price_minus_slippage_no_l2,False,0,-0.041585241298832135,-0.041585241298832135,c_conservative_daily_replay_fixed_t2_close
20260317,000572.SZ,海马汽车,6.82,10.0,83828030.0,94048,94048,0,U,,1,6.31,6.82,6.29,6.82,6.2,10.0,1134783.81,760246.74,6.9099,10.5501,3.5,164225.3067,107561.0357,1121642.0425,1120016.5917,False,sz_main,0.1,early_morning,one_word,False,10cm,0.0074845346596841,False,5478,867,4541,70,39,4,18,21,2224568131.392,3469709100.0,weak,1701,21,0.0123456790123456,neutral,1488,14,0.0094086021505376,weak,1388,3,0.0021613832853025,weak,602,1,0.0016611295681063,weak,298,0,0.0,weak,1,0,0.0,weak,35,4,0,35,4,0,14,1488,0.0094086021505376,weak,1,1,one_word,early_morning,weak,sz_main,weak,exact,446,True,3.36815,1120016.5917,83828030.0,100000.0,377238388.33343554,293410358.33343554,1.0,1.0,True,0.6,,True,True,20260318,6.78,20260319,6.3,-0.0707964601769912,0.00362,-0.07427301070610808,False,T+1_open_buy_T+2_close_sell,0.6494,-0.9646,-0.31520000000000004,188134.618,1.8571,4.040972087338015,3.7208012492595985,19,7,4.0,3.0,,,retreat_2day,retreat_2day,retreat,5.827163198247536,13,0.0023731288791529,11,4,retreat,5.318279569892473,4,0.0026881720430107,3,4,0.4285714285714285,580,unknown,unknown,unknown,unknown,unknown,unknown,unknown,unknown,retreat,retreat,8_15,1_3,5_15,3_8,0_1pct_0_3pct,4_5,rank_11_30,rank_4_10,rank_4_10,rank_2_3,before_1000,1,0,3e8_8e8,6_10,2_4,0_5pct_1pct,9_5_10_5,0_3,3_5,30_50,10_20,0_5pct_1pct,unknown,unknown,unknown,unknown,retreat_2day,retreat_2day,20260318,6.78,6.78,6.45,6.64,6.82,-2.6393,20260319,6.54,6.63,6.26,6.3,6.64,-5.1205,20260320,6.32,6.54,5.9,5.93,6.3,-5.873,20260323,5.83,6.52,5.76,6.24,5.93,5.2277,20260324,6.46,6.55,6.17,6.28,6.24,0.641,fixed_t2_close,0.8,True,,20260318,6.78,6.786779999999999,daily_open_plus_slippage_no_l2,True,,6.3,6.293699999999999,fixed_close,daily_price_minus_slippage_no_l2,False,0,-0.05941840856488646,-0.05941840856488646,c_conservative_daily_replay_fixed_t2_close
20260320,603026.SH,石大胜华,75.41,10.01,48464423.0,93814,101550,2,U,,1,69.03,75.41,69.03,75.41,68.55,10.0073,188316.79,1403894.724,8.0927,11.9003,1.21,23270.1014,15824.5299,1754798.3466,1754798.3466,False,sh_main,0.1,early_morning,multi_open,False,10cm,0.0027618229236368,False,5481,662,4786,33,28,5,10,18,2302824611.707,3187132685.0,weak,1699,15,0.0088287227781047,weak,1489,11,0.0073875083948959,weak,1390,2,0.0014388489208633,weak,602,0,0.0,weak,300,0,0.0,weak,1,0,0.0,weak,26,2,0,26,2,0,15,1699,0.0088287227781047,weak,1,1,multi_open,early_morning,weak,sh_main,weak,exact,457,True,5.3554,1754798.3466,48464423.0,100000.0,939764706.538164,891300283.538164,1.0,1.0,True,0.6,,True,True,20260323,75.41,20260324,78.4,0.0396499138045354,0.00362,0.03595269119953133,True,T+1_open_buy_T+2_close_sell,-4.3933,-2.6477,-7.041,615190.587,3.7926,2.282048447532569,2.1338132152085643,10,5,3.0,3.0,,,weak_below_30,neutral,mixed,5.407297938332421,23,0.0041963145411421,7,5,mixed,6.105944673337257,11,0.0064743967039434,4,5,0.8666666666666667,578,unknown,unknown,unknown,unknown,unknown,unknown,unknown,unknown,mixed,mixed,3_8,3_5,15_30,8_15,0_3pct_0_8pct,4_5,rank_4_10,rank_4_10,rank_2_3,rank_2_3,before_1000,1,2_3,8e8_15e8,6_10,1_2,0_1pct_0_3pct,9_5_10_5,lt_neg3,2_3,lt_30,10_20,0_5pct_1pct,unknown,unknown,unknown,unknown,weak_below_30,neutral,20260323,75.41,79.5,73.91,75.56,75.41,0.1989,20260324,76.9,80.49,75.88,78.4,75.56,3.7586,20260325,78.39,79.06,75.21,77.56,78.4,-1.0714,20260326,76.75,85.32,76.71,85.32,77.56,10.0052,20260327,84.02,93.85,83.0,93.85,85.32,9.9977,fixed_t2_close,0.8,True,,20260323,75.41,75.48540999999999,daily_open_plus_slippage_no_l2,True,,78.4,78.3216,fixed_close,daily_price_minus_slippage_no_l2,False,0,0.028762152959625066,0.028762152959625066,c_conservative_daily_replay_fixed_t2_close
20260402,603222.SH,济民健康,10.15,9.97,64705235.0,133547,133547,0,U,,1,9.21,10.15,9.06,10.15,9.23,9.9675,481165.61,465726.549,9.1635,14.6263,3.92,52509.0615,32897.3075,532966.9742,532966.9742,False,sh_main,0.1,midday,one_word,False,10cm,0.0121405712046463,False,5485,1052,4378,55,28,5,13,15,1857789952.382,1964258242.0,weak,1696,12,0.0070754716981132,weak,1486,13,0.0087483176312247,weak,1393,2,0.0014357501794687,weak,606,0,0.0,weak,303,1,0.0033003300330033,weak,1,0,0.0,weak,25,2,0,25,2,1,12,1696,0.0070754716981132,weak,1,1,one_word,midday,weak,sh_main,weak,exact,796,True,2.7651000000000003,532966.9742,64705235.0,100000.0,147370698.03604203,82665463.03604203,1.0,1.0,True,0.6,,True,True,20260403,10.24,20260407,11.27,0.1005859375,0.00362,0.09676696459790209,True,T+1_open_buy_T+2_close_sell,3.2438,-1.8661,1.3776999999999997,146416.132,3.0637,3.180841773637347,2.990991285047492,25,11,3.0,3.0,,,weak_below_30,neutral,mixed,5.426071103008205,13,0.0023701002734731,6,5,mixed,5.783018867924528,6,0.0035377358490566,3,5,0.5833333333333334,815,unknown,unknown,unknown,unknown,unknown,unknown,unknown,unknown,mixed,mixed,3_8,1_3,5_15,3_8,0_3pct_0_8pct,4_5,rank_11_30,rank_11_30,rank_2_3,rank_2_3,1330_1430,1,0,3e8_8e8,6_10,2_4,1pct_2pct,9_5_10_5,3_7,3_5,lt_30,10_20,0_5pct_1pct,unknown,unknown,unknown,unknown,weak_below_30,neutral,20260403,10.24,11.0,9.85,10.47,10.15,3.1527,20260407,10.3,11.52,10.1,11.27,10.47,7.6409,20260408,11.0,11.26,10.51,10.64,11.27,-5.5901,20260409,10.5,11.11,10.27,10.48,10.64,-1.5038,20260410,10.3,10.58,9.88,10.21,10.48,-2.5763,fixed_t2_close,0.8,True,,20260403,10.24,10.25024,daily_open_plus_slippage_no_l2,True,,11.27,11.25873,fixed_close,daily_price_minus_slippage_no_l2,False,0,0.07741357167832168,0.07741357167832168,c_conservative_daily_replay_fixed_t2_close
20260403,002952.SZ,亚世光电,25.18,10.0,103681168.0,133130,133130,0,U,,1,23.28,25.18,22.8,25.18,22.89,10.0044,109275.0,263736.247,8.3007,20.7483,2.0,13164.5032,5266.6842,413808.12,331482.1906,False,sz_main,0.1,midday,one_word,False,10cm,0.0312780508094059,False,5486,716,4746,24,36,6,15,21,1668913111.903,2857814234.0,weak,1696,16,0.0094339622641509,weak,1487,12,0.0080699394754539,weak,1393,4,0.0028715003589375,weak,606,4,0.0066006600660066,weak,303,0,0.0,weak,1,0,0.0,weak,28,8,0,28,8,0,12,1487,0.0080699394754539,weak,1,1,one_word,midday,weak,sz_main,weak,exact,593,True,4.011,331482.1906,103681168.0,100000.0,132957506.64965998,29276338.649659976,1.0,1.0,True,0.6,,True,True,20260407,25.71,20260408,26.41,0.027226760015558,0.00362,0.02355435889664621,True,T+1_open_buy_T+2_close_sell,-3.1726,2.8721,-0.3005,129782.72,4.2309,2.0321368437955374,1.9619229951074242,27,10,2.0,2.0,,,neutral,retreat_2day,mixed,5.534378417790741,33,0.0060153117025154,4,6,retreat,2.6158036314727644,16,0.0107599193006052,3,2,0.6666666666666666,811,unknown,unknown,unknown,unknown,unknown,unknown,unknown,unknown,mixed,retreat,3_8,1_3,30_60,gte_15,0_8pct_1_5pct,2,rank_11_30,rank_4_10,rank_2_3,rank_2_3,1330_1430,1,0,1e8_3e8,6_10,1_2,2pct_5pct,9_5_10_5,lt_neg3,2_3,30_50,10_20,0_5pct_1pct,unknown,unknown,unknown,unknown,neutral,retreat_2day,20260407,25.71,26.28,25.36,25.49,25.18,1.2311,20260408,25.92,26.88,25.37,26.41,25.49,3.6093,20260409,25.93,27.2,25.55,27.18,26.41,2.9156,20260410,26.78,27.08,26.3,26.35,27.18,-3.0537,20260413,26.06,26.55,25.9,26.13,26.35,-0.8349,fixed_t2_close,0.8,True,,20260407,25.71,25.735709999999997,daily_open_plus_slippage_no_l2,True,,26.41,26.38359,fixed_close,daily_price_minus_slippage_no_l2,False,0,0.018843487117316968,0.018843487117316968,c_conservative_daily_replay_fixed_t2_close
