signal_date,candidate_rank,planned_action,ts_code,name,market_segment,profit_source_score,planned_position_pct,selection_reason,sort_rule,exit_rule,risk_flags,fill_probability,allow_buy_reliable,is_fill_score_reliable,fd_ratio_bucket,fd_amount_to_circ_mv,segment_limit_up_count_bucket,market_chain_count_bucket,market_limit_down_count_bucket,retreat_state_bucket,market_emotion_state_bucket,segment_emotion_state_bucket,first_time_detail_bucket,turnover_rate_bucket,amount_ratio_bucket,prev_pct_chg_bucket,amount,turnover_rate,volume_ratio,open_times,limit_times,first_time,last_time,paper_note,historical_reference_next_trade_date,historical_reference_next_open,historical_reference_exit_trade_date,historical_reference_exit_close,historical_reference_net_return,historical_reference_is_win,trade_date,d1_trade_date,d1_open,d1_high,d1_low,d1_close,d1_pre_close,d1_pct_chg,d2_trade_date,d2_open,d2_high,d2_low,d2_close,d2_pre_close,d2_pct_chg,d3_trade_date,d3_open,d3_high,d3_low,d3_close,d3_pre_close,d3_pct_chg,d4_trade_date,d4_open,d4_high,d4_low,d4_close,d4_pre_close,d4_pct_chg,d5_trade_date,d5_open,d5_high,d5_low,d5_close,d5_pre_close,d5_pct_chg,replay_rule,buy_executed,buy_reject_reason,buy_trade_date,buy_price_before_slippage,buy_price,buy_price_model,sell_executed,sell_reject_reason,exit_trade_date,exit_price_before_slippage,exit_price,exit_reason,sell_price_model,path_conflict,limit_down_blocked_days,net_return,daily_return,is_win,strict_account_return,strict_return_source
20240523,1,PLAN_BUY_T1_OPEN,002886.SZ,沃特股份,sz_main,0.5,0.8,segment_emotion_state_bucket=mixed;turnover_rate_bucket=6_10;exclude:amount_ratio_bucket=0_8_1_2;exclude:market_segment=star;exclude:amount_ratio_bucket=0_8_1_2;exclude:market_segment=star;exclude:prev_pct_chg_bucket=0_3&&market_segment=bj,profit_source_oos_resilient,fixed_t2_close,封单/流通市值偏高,1.0,True,True,2pct_5pct,0.0225774177048951,10_20,8_15,5_15,weak_below_30,mixed,mixed,open_auction,6_10,3_5,neg3_0,318123.437,9.3405,2.39,3.0,1.0,93045,93351,该候选只用于模拟盘计划，不代表实盘可买入。,20240524,18.05,20240527,16.35,-0.0978028254847645,False,20240523,20240524,18.05,18.05,17.5,18.05,16.41,9.9939,20240527,17.6,17.6,16.25,16.35,18.05,-9.4183,20240528,15.63,17.1,15.56,17.05,16.35,4.2813,20240529,16.54,17.99,16.42,17.0,17.05,-0.2933,20240530,16.64,17.06,16.24,16.25,16.99,-4.3555,fixed_t2_close,False,open_limit_up_unbuyable,20240524,18.05,,daily_open_limit_up_queue_rejected,False,,,,,no_buy,,False,0,0.0,0.0,False,0.0,conservative_daily_replay
20240524,1,PLAN_BUY_T1_OPEN,002272.SZ,川润股份,sz_main,3.3,0.8,segment_emotion_state_bucket=mixed;turnover_rate_bucket=6_10;exclude:amount_ratio_bucket=0_8_1_2;exclude:market_segment=star;exclude:amount_ratio_bucket=0_8_1_2;exclude:market_segment=star;exclude:prev_pct_chg_bucket=0_3&&market_segment=bj,profit_source_oos_resilient,fixed_t2_close,封单/流通市值偏高,1.0,True,True,1pct_2pct,0.0183346755013848,10_20,3_8,5_15,neutral,mixed,mixed,1100_1330,6_10,2_3,neg3_0,127970.9,6.9173,2.4,0.0,1.0,111130,111130,该候选只用于模拟盘计划，不代表实盘可买入。,20240527,5.96,20240528,5.52,-0.0774455033557048,False,20240524,20240527,5.96,6.14,5.66,5.92,5.7,3.8596,20240528,5.66,5.78,5.48,5.52,5.92,-6.7568,20240529,5.44,5.75,5.35,5.61,5.52,1.6304,20240530,5.5,5.52,5.25,5.26,5.61,-6.2389,20240531,5.27,5.75,5.27,5.37,5.26,2.0913,fixed_t2_close,True,,20240527,5.96,5.965959999999999,daily_open_plus_slippage_no_l2,True,,20240528,5.52,5.51448,fixed_close,daily_price_minus_slippage_no_l2,False,0,-0.07729600185049838,-0.06183680148039871,False,-0.06183680148039871,conservative_daily_replay
20240529,1,PLAN_BUY_T1_OPEN,002378.SZ,章源钨业,sz_main,3.3,0.8,segment_emotion_state_bucket=mixed;turnover_rate_bucket=6_10;exclude:amount_ratio_bucket=0_8_1_2;exclude:market_segment=star;exclude:amount_ratio_bucket=0_8_1_2;exclude:market_segment=star;exclude:prev_pct_chg_bucket=0_3&&market_segment=bj,profit_source_oos_resilient,fixed_t2_close,LOSS_OVERLAY_WATCH,1.0,True,True,lt_0_1pct,0.0003605805635995,10_20,3_8,5_15,neutral,mixed,mixed,1100_1330,6_10,2_3,0_3,620068.932,7.3384,2.98,2.0,1.0,110112,145403,该候选只用于模拟盘计划，不代表实盘可买入。,20240530,7.27,20240531,6.76,-0.0737713067400274,False,20240529,20240530,7.27,7.35,6.73,6.8,7.23,-5.9474,20240531,6.77,6.9,6.61,6.76,6.8,-0.5882,20240603,6.63,6.67,6.31,6.38,6.76,-5.6213,20240604,6.49,6.54,6.34,6.47,6.38,1.4107,20240605,6.35,6.4,6.2,6.21,6.47,-4.0185,fixed_t2_close,True,,20240530,7.27,7.277269999999999,daily_open_plus_slippage_no_l2,True,,20240531,6.76,6.75324,fixed_close,daily_price_minus_slippage_no_l2,False,0,-0.07362914628700039,-0.05890331702960031,False,-0.05890331702960031,conservative_daily_replay
20240531,1,PLAN_BUY_T1_OPEN,002055.SZ,得润电子,sz_main,0.5,0.8,segment_emotion_state_bucket=mixed;turnover_rate_bucket=6_10;exclude:amount_ratio_bucket=0_8_1_2;exclude:market_segment=star;exclude:amount_ratio_bucket=0_8_1_2;exclude:market_segment=star;exclude:prev_pct_chg_bucket=0_3&&market_segment=bj,profit_source_oos_resilient,fixed_t2_close,封单/流通市值偏高;LOSS_OVERLAY_WATCH,1.0,True,True,1pct_2pct,0.0152043780878882,5_10,3_8,5_15,weak_below_30,mixed,mixed,before_1000,6_10,1_2_2,lt_neg3,318595.942,8.093,1.24,0.0,1.0,94333,94333,该候选只用于模拟盘计划，不代表实盘可买入。,20240603,7.07,20240604,7.17,0.0105242715700141,True,20240531,20240603,7.07,7.48,6.96,7.48,6.8,10.0,20240604,7.61,8.14,7.15,7.17,7.48,-4.1444,20240605,7.17,7.46,6.98,7.01,7.17,-2.2315,20240606,6.67,7.07,6.31,6.31,7.01,-9.9857,20240607,6.3,6.46,5.91,6.0,6.31,-4.9128,fixed_t2_close,True,,20240603,7.07,7.077069999999999,daily_open_plus_slippage_no_l2,True,,20240604,7.17,7.16283,fixed_close,daily_price_minus_slippage_no_l2,False,0,0.010498009289155074,0.00839840743132406,True,0.00839840743132406,conservative_daily_replay
20240607,1,PLAN_BUY_T1_OPEN,300198.SZ,纳川股份,chi_next,1.5,0.8,segment_emotion_state_bucket=mixed;turnover_rate_bucket=6_10;exclude:amount_ratio_bucket=0_8_1_2;exclude:market_segment=star;exclude:amount_ratio_bucket=0_8_1_2;exclude:market_segment=star;exclude:prev_pct_chg_bucket=0_3&&market_segment=bj,profit_source_oos_resilient,fixed_t2_close,LOSS_OVERLAY_WATCH,1.0,True,True,0_5pct_1pct,0.0063928526067673,5_10,3_8,5_15,warming_2day,warming,mixed,before_1000,6_10,1_2_2,lt_neg3,93511.794,8.4635,1.89,10.0,1.0,94827,101609,该候选只用于模拟盘计划，不代表实盘可买入。,20240611,1.29,20240612,1.25,-0.0346277519379845,False,20240607,20240611,1.29,1.34,1.18,1.22,1.25,-2.4,20240612,1.22,1.31,1.21,1.25,1.22,2.459,20240613,1.24,1.26,1.17,1.18,1.25,-5.6,20240614,1.16,1.25,1.16,1.19,1.18,0.8475,20240617,1.17,1.2,1.15,1.16,1.19,-2.521,fixed_t2_close,True,,20240611,1.29,1.2912899999999998,daily_open_plus_slippage_no_l2,True,,20240612,1.25,1.24875,fixed_close,daily_price_minus_slippage_no_l2,False,0,-0.03456380038566069,-0.02765104030852855,False,-0.02765104030852855,conservative_daily_replay
20240611,1,PLAN_BUY_T1_OPEN,605258.SH,协和电子,sh_main,0.5,0.8,segment_emotion_state_bucket=mixed;turnover_rate_bucket=6_10;exclude:amount_ratio_bucket=0_8_1_2;exclude:market_segment=star;exclude:amount_ratio_bucket=0_8_1_2;exclude:market_segment=star;exclude:prev_pct_chg_bucket=0_3&&market_segment=bj,profit_source_oos_resilient,fixed_t2_close,封单/流通市值偏高,1.0,True,True,2pct_5pct,0.022042692969665,10_20,3_8,5_15,weak_below_30,mixed,mixed,open_auction,6_10,lt_0_8,7_10,258043.287,7.7894,0.97,2.0,6.0,93029,93738,该候选只用于模拟盘计划，不代表实盘可买入。,20240612,41.83,20240613,37.65,-0.1035482811379392,False,20240611,20240612,41.83,41.83,40.02,41.83,38.03,9.9921,20240613,45.66,46.01,37.65,37.65,41.83,-9.9928,20240614,36.0,37.0,34.5,35.12,37.65,-6.7198,20240617,34.21,37.47,34.21,36.56,35.12,4.1002,20240618,36.51,38.13,34.81,37.65,36.56,2.9814,fixed_t2_close,False,open_limit_up_unbuyable,20240612,41.83,,daily_open_limit_up_queue_rejected,False,,,,,no_buy,,False,0,0.0,0.0,False,0.0,conservative_daily_replay
20240612,1,PLAN_BUY_T1_OPEN,603283.SH,赛腾股份,sh_main,1.0,0.8,segment_emotion_state_bucket=mixed;turnover_rate_bucket=6_10;exclude:amount_ratio_bucket=0_8_1_2;exclude:market_segment=star;exclude:amount_ratio_bucket=0_8_1_2;exclude:market_segment=star;exclude:prev_pct_chg_bucket=0_3&&market_segment=bj,profit_source_oos_resilient,fixed_t2_close,LOSS_OVERLAY_WATCH,1.0,True,True,0_5pct_1pct,0.0080544793686686,10_20,3_8,lt_5,neutral,mixed,mixed,before_1000,6_10,1_2_2,3_7,1438680.13,9.6364,2.16,5.0,1.0,93533,105039,该候选只用于模拟盘计划，不代表实盘可买入。,20240613,83.88,20240614,80.97,-0.038312417739628,False,20240612,20240613,83.88,84.56,80.0,80.01,81.49,-1.8162,20240614,80.01,81.44,78.03,80.97,80.01,1.1999,20240617,80.98,86.0,80.2,85.06,80.97,5.0513,20240618,84.91,86.09,83.4,84.26,85.06,-0.9405,20240619,84.24,85.28,81.8,83.71,84.26,-0.6527,fixed_t2_close,True,,20240613,83.88,83.96387999999999,daily_open_plus_slippage_no_l2,True,,20240614,80.97,80.88903,fixed_close,daily_price_minus_slippage_no_l2,False,0,-0.038241104217670505,-0.030592883374136404,False,-0.030592883374136404,conservative_daily_replay
20240614,1,PLAN_BUY_T1_OPEN,600992.SH,贵绳股份,sh_main,0.5,0.8,segment_emotion_state_bucket=mixed;turnover_rate_bucket=6_10;exclude:amount_ratio_bucket=0_8_1_2;exclude:market_segment=star;exclude:amount_ratio_bucket=0_8_1_2;exclude:market_segment=star;exclude:prev_pct_chg_bucket=0_3&&market_segment=bj,profit_source_oos_resilient,fixed_t2_close,封单/流通市值偏高;LOSS_OVERLAY_WATCH,1.0,True,True,1pct_2pct,0.0157472765106695,10_20,8_15,5_15,weak_below_30,ice_point,mixed,before_1000,6_10,1_2_2,neg3_0,350241.47,8.7674,1.04,0.0,1.0,95957,95957,该候选只用于模拟盘计划，不代表实盘可买入。,20240617,17.26,20240618,16.76,-0.0325887137891078,False,20240614,20240617,17.26,18.16,16.95,17.11,16.93,1.0632,20240618,17.12,17.28,16.65,16.76,17.11,-2.0456,20240619,17.09,18.12,16.81,17.57,16.76,4.8329,20240620,17.09,17.18,16.39,16.69,17.57,-5.0085,20240621,16.52,17.22,16.34,16.63,16.69,-0.3595,fixed_t2_close,True,,20240617,17.26,17.27726,daily_open_plus_slippage_no_l2,True,,20240618,16.76,16.74324,fixed_close,daily_price_minus_slippage_no_l2,False,0,-0.03252883623907947,-0.026023068991263578,False,-0.026023068991263578,conservative_daily_replay
20240617,1,PLAN_BUY_T1_OPEN,002198.SZ,嘉应制药,sz_main,-1.0,0.8,segment_emotion_state_bucket=mixed;turnover_rate_bucket=6_10;exclude:amount_ratio_bucket=0_8_1_2;exclude:market_segment=star;exclude:amount_ratio_bucket=0_8_1_2;exclude:market_segment=star;exclude:prev_pct_chg_bucket=0_3&&market_segment=bj,profit_source_oos_resilient,fixed_t2_close,封单/流通市值偏高,1.0,True,True,2pct_5pct,0.0289576646777837,10_20,3_8,lt_5,weak_below_30,ice_point,mixed,1330_1430,6_10,3_5,neg3_0,228282.246,6.2651,3.51,0.0,1.0,142918,142918,该候选只用于模拟盘计划，不代表实盘可买入。,20240618,7.42,20240619,7.22,-0.0305741778975741,False,20240617,20240618,7.42,7.6,7.3,7.49,7.37,1.6282,20240619,7.45,7.47,7.04,7.22,7.49,-3.6048,20240620,7.12,7.29,7.09,7.09,7.22,-1.8006,20240621,7.1,7.35,7.03,7.29,7.04,3.5511,20240624,7.23,7.55,7.18,7.31,7.29,0.2743,fixed_t2_close,True,,20240618,7.42,7.427419999999999,daily_open_plus_slippage_no_l2,True,,20240619,7.22,7.2127799999999995,fixed_close,daily_price_minus_slippage_no_l2,False,0,-0.030518325394282165,-0.024414660315425732,False,-0.024414660315425732,conservative_daily_replay
20240618,1,PLAN_BUY_T1_OPEN,300557.SZ,理工光科,chi_next,1.7999999999999998,0.8,segment_emotion_state_bucket=mixed;turnover_rate_bucket=6_10;exclude:amount_ratio_bucket=0_8_1_2;exclude:market_segment=star;exclude:amount_ratio_bucket=0_8_1_2;exclude:market_segment=star;exclude:prev_pct_chg_bucket=0_3&&market_segment=bj,profit_source_oos_resilient,fixed_t2_close,封单/流通市值偏高,1.0,True,True,1pct_2pct,0.0196146130015385,10_20,3_8,lt_5,neutral,mixed,mixed,1100_1330,6_10,1_2_2,3_7,239635.166,9.8677,3.59,0.0,1.0,111851,111851,该候选只用于模拟盘计划，不代表实盘可买入。,20240619,32.0,20240620,30.93,-0.0370575,False,20240618,20240619,32.0,33.88,30.57,32.99,28.98,13.8371,20240620,32.0,33.64,30.46,30.93,32.99,-6.2443,20240621,28.9,30.61,27.23,27.29,30.93,-11.7685,20240624,26.73,27.81,26.3,27.1,27.29,-0.6962,20240625,26.8,29.35,26.47,27.8,27.1,2.583,fixed_t2_close,True,,20240619,32.0,32.032,daily_open_plus_slippage_no_l2,True,,20240620,30.93,30.89907,fixed_close,daily_price_minus_slippage_no_l2,False,0,-0.03698869380619378,-0.029590955044955028,False,-0.029590955044955028,conservative_daily_replay
20240619,1,PLAN_BUY_T1_OPEN,002253.SZ,川大智胜,sz_main,-1.0,0.8,segment_emotion_state_bucket=mixed;turnover_rate_bucket=6_10;exclude:amount_ratio_bucket=0_8_1_2;exclude:market_segment=star;exclude:amount_ratio_bucket=0_8_1_2;exclude:market_segment=star;exclude:prev_pct_chg_bucket=0_3&&market_segment=bj,profit_source_oos_resilient,fixed_t2_close,封单/流通市值偏高,1.0,True,True,1pct_2pct,0.0170865067301997,5_10,8_15,lt_5,retreat_weak,mixed,mixed,1000_1100,6_10,1_2_2,3_7,184994.653,8.0376,2.28,1.0,1.0,103836,104227,该候选只用于模拟盘计划，不代表实盘可买入。,20240620,12.14,20240621,11.14,-0.0859923228995058,False,20240619,20240620,12.14,12.14,11.11,11.52,11.52,0.0,20240621,11.1,11.35,10.8,11.14,11.52,-3.2986,20240624,10.98,11.1,10.32,10.44,11.14,-6.2837,20240625,10.38,10.6,10.01,10.17,10.44,-2.5862,20240626,10.06,10.57,9.83,10.55,10.17,3.7365,fixed_t2_close,True,,20240620,12.14,12.15214,daily_open_plus_slippage_no_l2,True,,20240621,11.14,11.128860000000001,fixed_close,daily_price_minus_slippage_no_l2,False,0,-0.08582574483177434,-0.06866059586541948,False,-0.06866059586541948,conservative_daily_replay
20240624,1,PLAN_BUY_T1_OPEN,603390.SH,通达电气,sh_main,-1.0,0.8,segment_emotion_state_bucket=mixed;turnover_rate_bucket=6_10;exclude:amount_ratio_bucket=0_8_1_2;exclude:market_segment=star;exclude:amount_ratio_bucket=0_8_1_2;exclude:market_segment=star;exclude:prev_pct_chg_bucket=0_3&&market_segment=bj,profit_source_oos_resilient,fixed_t2_close,封单/流通市值偏高,1.0,True,True,1pct_2pct,0.0108864694280781,5_10,3_8,15_30,weak_below_30,ice_point,mixed,1000_1100,6_10,1_2_2,0_3,203558.394,7.4713,1.35,0.0,1.0,103938,103938,该候选只用于模拟盘计划，不代表实盘可买入。,20240625,8.12,20240626,8.31,0.0197790147783251,True,20240624,20240625,8.12,8.93,7.86,8.28,8.12,1.9704,20240626,8.03,8.42,7.67,8.31,8.28,0.3623,20240627,8.28,8.28,7.95,8.06,8.31,-3.0084,20240628,7.93,8.67,7.9,8.44,8.06,4.7146,20240701,8.25,8.26,8.01,8.23,8.44,-2.4882,fixed_t2_close,True,,20240625,8.12,8.12812,daily_open_plus_slippage_no_l2,True,,20240626,8.31,8.30169,fixed_close,daily_price_minus_slippage_no_l2,False,0,0.019734261502045002,0.015787409201636002,True,0.015787409201636002,conservative_daily_replay
20240628,1,PLAN_BUY_T1_OPEN,002130.SZ,沃尔核材,sz_main,2.5,0.8,segment_emotion_state_bucket=mixed;turnover_rate_bucket=6_10;exclude:amount_ratio_bucket=0_8_1_2;exclude:market_segment=star;exclude:amount_ratio_bucket=0_8_1_2;exclude:market_segment=star;exclude:prev_pct_chg_bucket=0_3&&market_segment=bj,profit_source_oos_resilient,fixed_t2_close,LOSS_OVERLAY_WATCH,1.0,True,True,0_3pct_0_5pct,0.0036899517384408,10_20,3_8,5_15,neutral,mixed,mixed,before_1000,6_10,1_2_2,lt_neg3,1674123.739,9.6264,1.29,1.0,1.0,93636,141915,该候选只用于模拟盘计划，不代表实盘可买入。,20240701,14.38,20240702,14.8,0.0255872322670375,True,20240628,20240701,14.38,15.18,14.33,14.98,14.12,6.0907,20240702,15.08,15.35,14.68,14.8,14.98,-1.2016,20240703,14.68,14.72,14.0,14.17,14.8,-4.2568,20240704,14.36,14.6,14.12,14.12,14.17,-0.3529,20240705,14.25,14.76,13.88,14.58,14.12,3.2578,fixed_t2_close,True,,20240701,14.38,14.39438,daily_open_plus_slippage_no_l2,True,,20240702,14.8,14.785200000000001,fixed_close,daily_price_minus_slippage_no_l2,False,0,0.025530874160609906,0.020424699328487925,True,0.020424699328487925,conservative_daily_replay
20240705,1,PLAN_BUY_T1_OPEN,300242.SZ,佳云科技,chi_next,1.0,0.8,segment_emotion_state_bucket=mixed;turnover_rate_bucket=6_10;exclude:amount_ratio_bucket=0_8_1_2;exclude:market_segment=star;exclude:amount_ratio_bucket=0_8_1_2;exclude:market_segment=star;exclude:prev_pct_chg_bucket=0_3&&market_segment=bj,profit_source_oos_resilient,fixed_t2_close,封单/流通市值偏高,1.0,True,True,1pct_2pct,0.0149781609913886,5_10,3_8,lt_5,neutral,mixed,mixed,1000_1100,6_10,2_3,lt_neg3,115718.243,9.4719,2.15,0.0,1.0,101318,101318,该候选只用于模拟盘计划，不代表实盘可买入。,20240708,1.99,20240709,1.92,-0.0387958793969849,False,20240705,20240708,1.99,2.05,1.89,1.97,2.05,-3.9024,20240709,1.86,1.92,1.83,1.92,1.97,-2.5381,20240710,1.89,2.03,1.82,1.96,1.92,2.0833,20240711,1.99,1.99,1.9,1.94,1.96,-1.0204,20240712,1.91,2.08,1.91,1.91,1.94,-1.5464,fixed_t2_close,True,,20240708,1.99,1.9919899999999997,daily_open_plus_slippage_no_l2,True,,20240709,1.92,1.91808,fixed_close,daily_price_minus_slippage_no_l2,False,0,-0.03872359991767009,-0.030978879934136075,False,-0.030978879934136075,conservative_daily_replay
20240708,1,PLAN_BUY_T1_OPEN,002846.SZ,英联股份,sz_main,0.5,0.8,segment_emotion_state_bucket=mixed;turnover_rate_bucket=6_10;exclude:amount_ratio_bucket=0_8_1_2;exclude:market_segment=star;exclude:amount_ratio_bucket=0_8_1_2;exclude:market_segment=star;exclude:prev_pct_chg_bucket=0_3&&market_segment=bj,profit_source_oos_resilient,fixed_t2_close,封单/流通市值偏高;LOSS_OVERLAY_WATCH,1.0,True,True,1pct_2pct,0.0102891119134576,5_10,3_8,5_15,weak_below_30,ice_point,mixed,before_1000,6_10,3_5,neg3_0,151865.911,7.7198,2.09,2.0,1.0,94257,94945,该候选只用于模拟盘计划，不代表实盘可买入。,20240709,7.74,20240710,7.59,-0.0229998449612403,False,20240708,20240709,7.74,8.48,7.68,7.95,7.72,2.9793,20240710,7.77,7.79,7.53,7.59,7.95,-4.5283,20240711,7.69,8.2,7.6,7.85,7.59,3.4256,20240712,7.81,7.83,7.55,7.58,7.85,-3.4395,20240715,7.61,7.65,7.35,7.39,7.58,-2.5066,fixed_t2_close,True,,20240709,7.74,7.747739999999999,daily_open_plus_slippage_no_l2,True,,20240710,7.59,7.582409999999999,fixed_close,daily_price_minus_slippage_no_l2,False,0,-0.022959125990288754,-0.018367300792231003,False,-0.018367300792231003,conservative_daily_replay
20240710,1,PLAN_BUY_T1_OPEN,603386.SH,骏亚科技,sh_main,-0.19999999999999996,0.8,segment_emotion_state_bucket=mixed;turnover_rate_bucket=6_10;exclude:amount_ratio_bucket=0_8_1_2;exclude:market_segment=star;exclude:amount_ratio_bucket=0_8_1_2;exclude:market_segment=star;exclude:prev_pct_chg_bucket=0_3&&market_segment=bj,profit_source_oos_resilient,fixed_t2_close,封单/流通市值偏高,1.0,True,True,1pct_2pct,0.0140425473501763,10_20,3_8,15_30,retreat_weak,mixed,mixed,1100_1330,6_10,2_3,0_3,330115.103,8.6362,1.35,0.0,1.0,131437,131437,该候选只用于模拟盘计划，不代表实盘可买入。,20240711,12.38,20240712,12.95,0.0424220032310175,True,20240710,20240711,12.38,13.39,12.3,13.39,12.17,10.0247,20240712,13.61,14.71,12.93,12.95,13.39,-3.286,20240715,13.21,14.25,12.69,12.99,12.95,0.3089,20240716,12.75,13.18,12.35,12.36,12.99,-4.8499,20240717,12.42,12.46,11.19,11.19,12.36,-9.466,fixed_t2_close,True,,20240711,12.38,12.39238,daily_open_plus_slippage_no_l2,True,,20240712,12.95,12.93705,fixed_close,daily_price_minus_slippage_no_l2,False,0,0.042332009218568126,0.0338656073748545,True,0.0338656073748545,conservative_daily_replay
20240716,1,PLAN_BUY_T1_OPEN,600561.SH,江西长运,sh_main,1.7999999999999998,0.8,segment_emotion_state_bucket=mixed;turnover_rate_bucket=6_10;exclude:amount_ratio_bucket=0_8_1_2;exclude:market_segment=star;exclude:amount_ratio_bucket=0_8_1_2;exclude:market_segment=star;exclude:prev_pct_chg_bucket=0_3&&market_segment=bj,profit_source_oos_resilient,fixed_t2_close,封单/流通市值偏高,1.0,True,True,1pct_2pct,0.019644132667409,10_20,3_8,lt_5,neutral,mixed,mixed,1100_1330,6_10,1_2_2,0_3,84796.966,7.1518,1.76,0.0,1.0,130024,130024,该候选只用于模拟盘计划，不代表实盘可买入。,20240717,4.39,20240718,4.71,0.0692729384965833,True,20240716,20240717,4.39,4.77,4.15,4.28,4.38,-2.2831,20240718,4.08,4.71,3.98,4.71,4.28,10.0467,20240719,4.49,4.93,4.41,4.57,4.71,-2.9724,20240722,4.42,4.57,4.32,4.33,4.57,-5.2516,20240723,4.36,4.76,4.28,4.76,4.33,9.9307,fixed_t2_close,True,,20240717,4.39,4.39439,daily_open_plus_slippage_no_l2,True,,20240718,4.71,4.70529,fixed_close,daily_price_minus_slippage_no_l2,False,0,0.0691292962618248,0.055303437009459847,True,0.055303437009459847,conservative_daily_replay
20240718,1,PLAN_BUY_T1_OPEN,002279.SZ,久其软件,sz_main,-0.19999999999999996,0.8,segment_emotion_state_bucket=mixed;turnover_rate_bucket=6_10;exclude:amount_ratio_bucket=0_8_1_2;exclude:market_segment=star;exclude:amount_ratio_bucket=0_8_1_2;exclude:market_segment=star;exclude:prev_pct_chg_bucket=0_3&&market_segment=bj,profit_source_oos_resilient,fixed_t2_close,封单/流通市值偏高,1.0,True,True,2pct_5pct,0.0219120023009368,10_20,3_8,lt_5,warming_2day,warming,mixed,1100_1330,6_10,2_3,neg3_0,261211.807,6.9754,1.35,0.0,1.0,132803,132803,该候选只用于模拟盘计划，不代表实盘可买入。,20240719,4.99,20240722,5.15,0.028444128256513,True,20240718,20240719,4.99,5.2,4.92,4.94,4.85,1.8557,20240722,4.98,5.43,4.98,5.15,4.94,4.251,20240723,4.96,5.13,4.92,4.93,5.15,-4.2718,20240724,4.84,4.95,4.76,4.77,4.93,-3.2454,20240725,4.72,4.79,4.65,4.74,4.77,-0.6289,fixed_t2_close,True,,20240719,4.99,4.99499,daily_open_plus_slippage_no_l2,True,,20240722,5.15,5.14485,fixed_close,daily_price_minus_slippage_no_l2,False,0,0.028382062066190494,0.022705649652952395,True,0.022705649652952395,conservative_daily_replay
20240719,1,PLAN_BUY_T1_OPEN,002562.SZ,兄弟科技,sz_main,-0.19999999999999996,0.8,segment_emotion_state_bucket=mixed;turnover_rate_bucket=6_10;exclude:amount_ratio_bucket=0_8_1_2;exclude:market_segment=star;exclude:amount_ratio_bucket=0_8_1_2;exclude:market_segment=star;exclude:prev_pct_chg_bucket=0_3&&market_segment=bj,profit_source_oos_resilient,fixed_t2_close,封单/流通市值偏高,1.0,True,True,1pct_2pct,0.0170307746919512,10_20,8_15,lt_5,warming_2day,warming,mixed,1100_1330,6_10,2_3,0_3,192179.328,8.0806,2.24,0.0,1.0,110109,110109,该候选只用于模拟盘计划，不代表实盘可买入。,20240722,3.46,20240723,3.4,-0.0209610404624277,False,20240719,20240722,3.46,3.58,3.37,3.45,3.5,-1.4286,20240723,3.45,3.58,3.4,3.4,3.45,-1.4493,20240724,3.38,3.44,3.3,3.36,3.4,-1.1765,20240725,3.35,3.4,3.32,3.38,3.36,0.5952,20240726,3.34,3.41,3.27,3.37,3.38,-0.2959,fixed_t2_close,True,,20240722,3.46,3.4634599999999995,daily_open_plus_slippage_no_l2,True,,20240723,3.4,3.3966,fixed_close,daily_price_minus_slippage_no_l2,False,0,-0.02092439502693826,-0.016739516021550608,False,-0.016739516021550608,conservative_daily_replay
20240723,1,PLAN_BUY_T1_OPEN,603122.SH,合富中国,sh_main,1.2999999999999998,0.8,segment_emotion_state_bucket=mixed;turnover_rate_bucket=6_10;exclude:amount_ratio_bucket=0_8_1_2;exclude:market_segment=star;exclude:amount_ratio_bucket=0_8_1_2;exclude:market_segment=star;exclude:prev_pct_chg_bucket=0_3&&market_segment=bj,profit_source_oos_resilient,fixed_t2_close,封单/流通市值偏高,1.0,True,True,2pct_5pct,0.0220188457164451,10_20,8_15,5_15,retreat_weak,mixed,mixed,1100_1330,6_10,3_5,0_3,62760.958,6.5752,3.97,0.0,1.0,133042,133042,该候选只用于模拟盘计划，不代表实盘可买入。,20240724,5.42,20240725,5.38,-0.011000073800738,False,20240723,20240724,5.42,6.0,5.25,5.55,5.53,0.3617,20240725,5.32,5.48,5.29,5.38,5.55,-3.0631,20240726,5.37,5.44,5.3,5.41,5.38,0.5576,20240729,5.37,5.65,5.32,5.48,5.41,1.2939,20240730,5.39,5.84,5.38,5.66,5.48,3.2847,fixed_t2_close,True,,20240724,5.42,5.425419999999999,daily_open_plus_slippage_no_l2,True,,20240725,5.38,5.37462,fixed_close,daily_price_minus_slippage_no_l2,False,0,-0.01098333039654047,-0.008786664317232377,False,-0.008786664317232377,conservative_daily_replay
20240724,1,PLAN_BUY_T1_OPEN,600689.SH,上海三毛,sh_main,-1.0,0.8,segment_emotion_state_bucket=mixed;turnover_rate_bucket=6_10;exclude:amount_ratio_bucket=0_8_1_2;exclude:market_segment=star;exclude:amount_ratio_bucket=0_8_1_2;exclude:market_segment=star;exclude:prev_pct_chg_bucket=0_3&&market_segment=bj,profit_source_oos_resilient,fixed_t2_close,封单/流通市值偏高,1.0,True,True,2pct_5pct,0.0215631377813206,10_20,8_15,15_30,retreat_2day,retreat,mixed,1000_1100,6_10,2_3,0_3,105115.35,9.7051,1.94,0.0,1.0,100134,100134,该候选只用于模拟盘计划，不代表实盘可买入。,20240725,7.24,20240726,7.32,0.007429723756906,True,20240724,20240725,7.24,7.88,7.18,7.44,7.32,1.6393,20240726,7.31,7.43,7.21,7.32,7.44,-1.6129,20240729,7.29,7.8,7.23,7.62,7.32,4.0984,20240730,7.49,7.68,7.35,7.63,7.62,0.1312,20240731,7.53,7.74,7.44,7.63,7.63,0.0,fixed_t2_close,True,,20240725,7.24,7.24724,daily_open_plus_slippage_no_l2,True,,20240726,7.32,7.31268,fixed_close,daily_price_minus_slippage_no_l2,False,0,0.007409644388760527,0.005927715511008422,True,0.005927715511008422,conservative_daily_replay
20240807,1,PLAN_BUY_T1_OPEN,003029.SZ,吉大正元,sz_main,0.5,0.8,segment_emotion_state_bucket=mixed;turnover_rate_bucket=6_10;exclude:amount_ratio_bucket=0_8_1_2;exclude:market_segment=star;exclude:amount_ratio_bucket=0_8_1_2;exclude:market_segment=star;exclude:prev_pct_chg_bucket=0_3&&market_segment=bj,profit_source_oos_resilient,fixed_t2_close,封单/流通市值偏高;LOSS_OVERLAY_WATCH,1.0,True,True,1pct_2pct,0.0100789662786252,10_20,8_15,5_15,retreat_weak,mixed,mixed,before_1000,6_10,1_2_2,neg3_0,302212.434,8.8306,1.0,4.0,1.0,93133,101751,该候选只用于模拟盘计划，不代表实盘可买入。,20240808,20.15,20240809,19.0,-0.0606919602977667,False,20240807,20240808,20.15,20.27,18.9,18.96,20.15,-5.9057,20240809,18.99,19.43,18.63,19.0,18.96,0.211,20240812,18.62,18.62,17.51,17.8,19.0,-6.3158,20240813,17.63,17.71,16.9,17.35,17.8,-2.5281,20240814,17.4,17.58,17.1,17.21,17.35,-0.8069,fixed_t2_close,True,,20240808,20.15,20.170149999999996,daily_open_plus_slippage_no_l2,True,,20240809,19.0,18.981,fixed_close,daily_price_minus_slippage_no_l2,False,0,-0.06057593240506369,-0.04846074592405095,False,-0.04846074592405095,conservative_daily_replay
20240809,1,PLAN_BUY_T1_OPEN,000011.SZ,深物业A,sz_main,0.5,0.8,segment_emotion_state_bucket=mixed;turnover_rate_bucket=6_10;exclude:amount_ratio_bucket=0_8_1_2;exclude:market_segment=star;exclude:amount_ratio_bucket=0_8_1_2;exclude:market_segment=star;exclude:prev_pct_chg_bucket=0_3&&market_segment=bj,profit_source_oos_resilient,fixed_t2_close,无,1.0,True,True,0_5pct_1pct,0.0091728153440024,10_20,3_8,5_15,retreat_2day,retreat,mixed,1000_1100,6_10,1_2_2,gte_10,472579.74,9.9906,2.89,7.0,2.0,102206,143027,该候选只用于模拟盘计划，不代表实盘可买入。,20240812,9.35,20240813,8.0,-0.1480050267379679,False,20240809,20240812,9.35,9.35,8.45,8.47,9.39,-9.7977,20240813,8.3,8.32,7.83,8.0,8.47,-5.549,20240814,7.89,8.06,7.83,7.92,8.0,-1.0,20240815,7.92,8.05,7.71,7.93,7.92,0.1263,20240816,7.96,8.01,7.62,7.64,7.93,-3.657,fixed_t2_close,True,,20240812,9.35,9.35935,daily_open_plus_slippage_no_l2,True,,20240813,8.0,7.992,fixed_close,daily_price_minus_slippage_no_l2,False,0,-0.1477145471640658,-0.11817163773125264,False,-0.11817163773125264,conservative_daily_replay
20240812,1,PLAN_BUY_T1_OPEN,002246.SZ,北化股份,sz_main,1.0,0.8,segment_emotion_state_bucket=mixed;turnover_rate_bucket=6_10;exclude:amount_ratio_bucket=0_8_1_2;exclude:market_segment=star;exclude:amount_ratio_bucket=0_8_1_2;exclude:market_segment=star;exclude:prev_pct_chg_bucket=0_3&&market_segment=bj,profit_source_oos_resilient,fixed_t2_close,LOSS_OVERLAY_WATCH,1.0,True,True,0_5pct_1pct,0.0057027351161291,10_20,3_8,15_30,neutral,mixed,mixed,before_1000,6_10,3_5,neg3_0,435216.033,9.479,2.99,4.0,1.0,94912,145221,该候选只用于模拟盘计划，不代表实盘可买入。,20240813,8.26,20240814,8.81,0.062965956416465,True,20240812,20240813,8.26,9.26,8.2,8.9,8.57,3.8506,20240814,8.85,9.24,8.74,8.81,8.9,-1.0112,20240815,8.63,8.69,8.34,8.47,8.81,-3.8593,20240816,8.35,8.52,8.16,8.18,8.47,-3.4238,20240819,8.08,9.0,8.05,9.0,8.18,10.0244,fixed_t2_close,True,,20240813,8.26,8.26826,daily_open_plus_slippage_no_l2,True,,20240814,8.81,8.80119,fixed_close,daily_price_minus_slippage_no_l2,False,0,0.062834915544504,0.05026793243560321,True,0.05026793243560321,conservative_daily_replay
20240813,1,PLAN_BUY_T1_OPEN,603843.SH,正平股份,sh_main,3.3,0.8,segment_emotion_state_bucket=mixed;turnover_rate_bucket=6_10;exclude:amount_ratio_bucket=0_8_1_2;exclude:market_segment=star;exclude:amount_ratio_bucket=0_8_1_2;exclude:market_segment=star;exclude:prev_pct_chg_bucket=0_3&&market_segment=bj,profit_source_oos_resilient,fixed_t2_close,无,1.0,True,True,0_1pct_0_3pct,0.0025047477582954,10_20,3_8,5_15,neutral,mixed,mixed,1100_1330,6_10,3_5,neg3_0,139516.738,6.7983,4.3,9.0,1.0,110819,141437,该候选只用于模拟盘计划，不代表实盘可买入。,20240814,3.03,20240815,2.99,-0.016821320132013,False,20240813,20240814,3.03,3.19,2.95,3.04,3.01,0.9967,20240815,3.0,3.05,2.91,2.99,3.04,-1.6447,20240816,2.95,3.03,2.9,2.91,2.99,-2.6756,20240819,2.9,2.98,2.85,2.94,2.91,1.0309,20240820,2.94,2.99,2.85,2.89,2.94,-1.7007,fixed_t2_close,True,,20240814,3.03,3.0330299999999997,daily_open_plus_slippage_no_l2,True,,20240815,2.99,2.98701,fixed_close,daily_price_minus_slippage_no_l2,False,0,-0.01679294586601503,-0.013434356692812024,False,-0.013434356692812024,conservative_daily_replay
20240814,1,PLAN_BUY_T1_OPEN,002037.SZ,保利联合,sz_main,-1.0,0.8,segment_emotion_state_bucket=mixed;turnover_rate_bucket=6_10;exclude:amount_ratio_bucket=0_8_1_2;exclude:market_segment=star;exclude:amount_ratio_bucket=0_8_1_2;exclude:market_segment=star;exclude:prev_pct_chg_bucket=0_3&&market_segment=bj,profit_source_oos_resilient,fixed_t2_close,封单/流通市值偏高,1.0,True,True,1pct_2pct,0.012417656690084,10_20,8_15,lt_5,retreat_weak,mixed,mixed,open_auction,6_10,1_2_2,gte_10,375458.009,9.817,1.91,6.0,2.0,93045,101221,该候选只用于模拟盘计划，不代表实盘可买入。,20240815,7.6,20240816,7.59,-0.0049357894736841,False,20240814,20240815,7.6,8.27,7.17,7.38,7.96,-7.2864,20240816,7.05,8.1,6.91,7.59,7.38,2.8455,20240819,7.4,8.35,7.2,8.23,7.59,8.4321,20240820,7.9,8.35,7.46,7.79,8.23,-5.3463,20240821,7.5,7.97,7.36,7.57,7.79,-2.8241,fixed_t2_close,True,,20240815,7.6,7.607599999999999,daily_open_plus_slippage_no_l2,True,,20240816,7.59,7.582409999999999,fixed_close,daily_price_minus_slippage_no_l2,False,0,-0.004931162521688726,-0.003944930017350981,False,-0.003944930017350981,conservative_daily_replay
20240816,1,PLAN_BUY_T1_OPEN,601020.SH,华钰矿业,sh_main,0.5,0.8,segment_emotion_state_bucket=mixed;turnover_rate_bucket=6_10;exclude:amount_ratio_bucket=0_8_1_2;exclude:market_segment=star;exclude:amount_ratio_bucket=0_8_1_2;exclude:market_segment=star;exclude:prev_pct_chg_bucket=0_3&&market_segment=bj,profit_source_oos_resilient,fixed_t2_close,无,1.0,True,True,0_3pct_0_5pct,0.0039745844560965,10_20,8_15,5_15,retreat_weak,mixed,mixed,open_auction,6_10,2_3,neg3_0,960438.28,9.5322,2.21,12.0,1.0,92501,103425,该候选只用于模拟盘计划，不代表实盘可买入。,20240819,12.38,20240820,11.53,-0.0722791276252021,False,20240816,20240819,12.38,12.77,11.91,12.16,12.3,-1.1382,20240820,12.03,12.26,11.51,11.53,12.16,-5.1809,20240821,11.54,11.86,11.33,11.58,11.5,0.6957,20240822,11.66,12.19,11.42,11.43,11.58,-1.2953,20240823,11.36,11.64,11.2,11.58,11.43,1.3123,fixed_t2_close,True,,20240819,12.38,12.39238,daily_open_plus_slippage_no_l2,True,,20240820,11.53,11.518469999999999,fixed_close,daily_price_minus_slippage_no_l2,False,0,-0.07213994854902776,-0.05771195883922221,False,-0.05771195883922221,conservative_daily_replay
20240819,1,PLAN_BUY_T1_OPEN,002713.SZ,东易日盛,sz_main,3.3,0.8,segment_emotion_state_bucket=mixed;turnover_rate_bucket=6_10;exclude:amount_ratio_bucket=0_8_1_2;exclude:market_segment=star;exclude:amount_ratio_bucket=0_8_1_2;exclude:market_segment=star;exclude:prev_pct_chg_bucket=0_3&&market_segment=bj,profit_source_oos_resilient,fixed_t2_close,封单/流通市值偏高,1.0,True,True,1pct_2pct,0.0169360497215165,10_20,3_8,5_15,neutral,mixed,mixed,1100_1330,6_10,1_2_2,lt_neg3,83930.903,8.0855,1.27,0.0,1.0,111021,111021,该候选只用于模拟盘计划，不代表实盘可买入。,20240820,2.64,20240821,2.83,0.068349696969697,True,20240819,20240820,2.64,2.82,2.55,2.57,2.67,-3.7453,20240821,2.62,2.83,2.62,2.83,2.57,10.1167,20240822,2.89,3.03,2.71,2.73,2.83,-3.5336,20240823,2.67,2.7,2.46,2.52,2.73,-7.6923,20240826,2.57,2.64,2.39,2.49,2.52,-1.1905,fixed_t2_close,True,,20240820,2.64,2.6426399999999997,daily_open_plus_slippage_no_l2,True,,20240821,2.83,2.82717,fixed_close,daily_price_minus_slippage_no_l2,False,0,0.0682078993733541,0.054566319498683284,True,0.054566319498683284,conservative_daily_replay
20240820,1,PLAN_BUY_T1_OPEN,002021.SZ,中捷资源,sz_main,0.5,0.8,segment_emotion_state_bucket=mixed;turnover_rate_bucket=6_10;exclude:amount_ratio_bucket=0_8_1_2;exclude:market_segment=star;exclude:amount_ratio_bucket=0_8_1_2;exclude:market_segment=star;exclude:prev_pct_chg_bucket=0_3&&market_segment=bj,profit_source_oos_resilient,fixed_t2_close,封单/流通市值偏高,1.0,True,True,1pct_2pct,0.0115922879211655,10_20,3_8,5_15,weak_below_30,mixed,mixed,1330_1430,6_10,2_3,neg3_0,138458.455,7.1922,3.65,0.0,1.0,142857,142857,该候选只用于模拟盘计划，不代表实盘可买入。,20240821,1.69,20240822,1.6,-0.0568744378698224,False,20240820,20240821,1.69,1.73,1.61,1.63,1.68,-2.9762,20240822,1.62,1.67,1.59,1.6,1.63,-1.8405,20240823,1.58,1.59,1.54,1.58,1.6,-1.25,20240826,1.58,1.61,1.56,1.6,1.58,1.2658,20240827,1.59,1.61,1.54,1.55,1.6,-3.125,fixed_t2_close,True,,20240821,1.69,1.6916899999999997,daily_open_plus_slippage_no_l2,True,,20240822,1.6,1.5984,fixed_close,daily_price_minus_slippage_no_l2,False,0,-0.05676603739455792,-0.04541282991564634,False,-0.04541282991564634,conservative_daily_replay
20240821,1,PLAN_BUY_T1_OPEN,603389.SH,亚振家居,sh_main,1.7999999999999998,0.8,segment_emotion_state_bucket=mixed;turnover_rate_bucket=6_10;exclude:amount_ratio_bucket=0_8_1_2;exclude:market_segment=star;exclude:amount_ratio_bucket=0_8_1_2;exclude:market_segment=star;exclude:prev_pct_chg_bucket=0_3&&market_segment=bj,profit_source_oos_resilient,fixed_t2_close,封单/流通市值偏高,1.0,True,True,2pct_5pct,0.0241242692729265,10_20,3_8,lt_5,neutral,mixed,mixed,1100_1330,6_10,1_2_2,0_3,139877.672,9.6503,1.15,0.0,1.0,131736,131736,该候选只用于模拟盘计划，不代表实盘可买入。,20240822,5.86,20240823,5.56,-0.0548145392491468,False,20240821,20240822,5.86,6.05,5.59,5.67,5.76,-1.5625,20240823,5.67,5.75,5.5,5.56,5.67,-1.94,20240826,5.5,5.71,5.4,5.63,5.56,1.259,20240827,5.52,5.82,5.47,5.74,5.63,1.9538,20240828,5.65,6.0,5.57,5.64,5.74,-1.7422,fixed_t2_close,True,,20240822,5.86,5.86586,daily_open_plus_slippage_no_l2,True,,20240823,5.56,5.55444,fixed_close,daily_price_minus_slippage_no_l2,False,0,-0.05471025445544213,-0.04376820356435371,False,-0.04376820356435371,conservative_daily_replay
20240822,1,PLAN_BUY_T1_OPEN,002354.SZ,天娱数科,sz_main,0.5,0.8,segment_emotion_state_bucket=mixed;turnover_rate_bucket=6_10;exclude:amount_ratio_bucket=0_8_1_2;exclude:market_segment=star;exclude:amount_ratio_bucket=0_8_1_2;exclude:market_segment=star;exclude:prev_pct_chg_bucket=0_3&&market_segment=bj,profit_source_oos_resilient,fixed_t2_close,LOSS_OVERLAY_WATCH,1.0,True,True,0_5pct_1pct,0.0069628489525546,10_20,3_8,5_15,weak_below_30,mixed,mixed,before_1000,6_10,1_2_2,lt_neg3,465772.573,9.9236,2.02,2.0,1.0,93212,140933,该候选只用于模拟盘计划，不代表实盘可买入。,20240823,2.9,20240826,2.77,-0.0484475862068965,False,20240822,20240823,2.9,2.96,2.78,2.83,2.93,-3.413,20240826,2.8,2.81,2.69,2.77,2.83,-2.1201,20240827,2.73,2.81,2.63,2.68,2.77,-3.2491,20240828,2.63,2.64,2.41,2.5,2.68,-6.7164,20240829,2.45,2.58,2.41,2.54,2.5,1.6,fixed_t2_close,True,,20240823,2.9,2.9028999999999994,daily_open_plus_slippage_no_l2,True,,20240826,2.77,2.76723,fixed_close,daily_price_minus_slippage_no_l2,False,0,-0.04835602259809128,-0.03868481807847303,False,-0.03868481807847303,conservative_daily_replay
20240827,1,PLAN_BUY_T1_OPEN,300767.SZ,震安科技,chi_next,0.5,0.8,segment_emotion_state_bucket=mixed;turnover_rate_bucket=6_10;exclude:amount_ratio_bucket=0_8_1_2;exclude:market_segment=star;exclude:amount_ratio_bucket=0_8_1_2;exclude:market_segment=star;exclude:prev_pct_chg_bucket=0_3&&market_segment=bj,profit_source_oos_resilient,fixed_t2_close,封单/流通市值偏高,1.0,True,True,2pct_5pct,0.0267127863012506,5_10,3_8,5_15,retreat_weak,mixed,mixed,1330_1430,6_10,3_5,3_7,172044.958,9.4452,4.7,1.0,1.0,140530,144051,该候选只用于模拟盘计划，不代表实盘可买入。,20240828,9.25,20240829,8.88,-0.0436199999999999,False,20240827,20240828,9.25,9.57,8.5,8.94,9.28,-3.6638,20240829,8.82,9.05,8.56,8.88,8.94,-0.6711,20240830,8.8,9.28,8.66,9.08,8.88,2.2523,20240902,8.98,9.04,8.64,8.66,9.08,-4.6256,20240903,8.6,8.94,8.6,8.75,8.66,1.0393,fixed_t2_close,True,,20240828,9.25,9.25925,daily_open_plus_slippage_no_l2,True,,20240829,8.88,8.871120000000001,fixed_close,daily_price_minus_slippage_no_l2,False,0,-0.04353808191808177,-0.034830465534465414,False,-0.034830465534465414,conservative_daily_replay
20240828,1,PLAN_BUY_T1_OPEN,002848.SZ,高斯贝尔,sz_main,3.3,0.8,segment_emotion_state_bucket=mixed;turnover_rate_bucket=6_10;exclude:amount_ratio_bucket=0_8_1_2;exclude:market_segment=star;exclude:amount_ratio_bucket=0_8_1_2;exclude:market_segment=star;exclude:prev_pct_chg_bucket=0_3&&market_segment=bj,profit_source_oos_resilient,fixed_t2_close,封单/流通市值偏高,1.0,True,True,2pct_5pct,0.0266620543948578,10_20,3_8,5_15,neutral,mixed,mixed,1100_1330,6_10,1_2_2,lt_neg3,76099.485,6.7069,1.32,0.0,1.0,110127,110127,该候选只用于模拟盘计划，不代表实盘可买入。,20240829,7.02,20240830,7.18,0.0191720227920228,True,20240828,20240829,7.02,7.1,6.86,7.04,7.18,-1.9499,20240830,6.99,7.33,6.94,7.18,7.04,1.9886,20240902,7.13,7.25,7.05,7.17,7.18,-0.1393,20240903,7.15,7.29,7.11,7.24,7.17,0.9763,20240904,7.18,7.19,6.92,7.1,7.24,-1.9337,fixed_t2_close,True,,20240829,7.02,7.0270199999999985,daily_open_plus_slippage_no_l2,True,,20240830,7.18,7.17282,fixed_close,daily_price_minus_slippage_no_l2,False,0,0.019128482286943926,0.015302785829555141,True,0.015302785829555141,conservative_daily_replay
20240912,1,PLAN_BUY_T1_OPEN,002123.SZ,梦网科技,sz_main,1.7999999999999998,0.8,segment_emotion_state_bucket=mixed;turnover_rate_bucket=6_10;exclude:amount_ratio_bucket=0_8_1_2;exclude:market_segment=star;exclude:amount_ratio_bucket=0_8_1_2;exclude:market_segment=star;exclude:prev_pct_chg_bucket=0_3&&market_segment=bj,profit_source_oos_resilient,fixed_t2_close,封单/流通市值偏高,1.0,True,True,1pct_2pct,0.0149018680291107,10_20,3_8,lt_5,neutral,mixed,mixed,1100_1330,6_10,1_2_2,lt_neg3,430557.781,9.6357,2.55,0.0,1.0,111048,111048,该候选只用于模拟盘计划，不代表实盘可买入。,20240913,6.95,20240918,7.09,0.0165238848920862,True,20240912,20240913,6.95,7.32,6.7,6.79,6.78,0.1475,20240918,6.56,7.12,6.53,7.09,6.79,4.4183,20240919,7.11,7.17,6.78,6.93,7.09,-2.2567,20240920,6.94,7.17,6.91,7.1,6.93,2.4531,20240923,7.11,7.47,7.06,7.35,7.1,3.5211,fixed_t2_close,True,,20240913,6.95,6.956949999999999,daily_open_plus_slippage_no_l2,True,,20240918,7.09,7.08291,fixed_close,daily_price_minus_slippage_no_l2,False,0,0.016485635371822526,0.013188508297458022,True,0.013188508297458022,conservative_daily_replay
20240925,1,PLAN_BUY_T1_OPEN,600107.SH,美尔雅,sh_main,2.8,0.8,segment_emotion_state_bucket=mixed;turnover_rate_bucket=6_10;exclude:amount_ratio_bucket=0_8_1_2;exclude:market_segment=star;exclude:amount_ratio_bucket=0_8_1_2;exclude:market_segment=star;exclude:prev_pct_chg_bucket=0_3&&market_segment=bj,profit_source_oos_resilient,fixed_t2_close,LOSS_OVERLAY_WATCH,1.0,True,True,lt_0_1pct,9.388888888888888e-05,20_40,15_30,lt_5,neutral,mixed,mixed,1100_1330,6_10,2_3,3_7,108318.723,7.1292,1.46,3.0,1.0,112856,144656,该候选只用于模拟盘计划，不代表实盘可买入。,20240926,4.32,20240927,4.58,0.0565651851851851,True,20240925,20240926,4.32,4.52,4.16,4.47,4.33,3.2333,20240927,4.45,4.68,4.36,4.58,4.47,2.4609,20240930,4.58,5.0,4.42,4.99,4.58,8.952,20241008,5.43,5.49,4.71,5.1,4.99,2.2044,20241009,4.9,5.02,4.67,4.67,5.1,-8.4314,fixed_t2_close,True,,20240926,4.32,4.32432,daily_open_plus_slippage_no_l2,True,,20240927,4.58,4.57542,fixed_close,daily_price_minus_slippage_no_l2,False,0,0.056446933066933005,0.04515754645354641,True,0.04515754645354641,conservative_daily_replay
20240930,1,PLAN_BUY_T1_OPEN,920368.BJ,连城数控,bj,1.7999999999999998,0.8,segment_emotion_state_bucket=mixed;turnover_rate_bucket=6_10;exclude:amount_ratio_bucket=0_8_1_2;exclude:market_segment=star;exclude:amount_ratio_bucket=0_8_1_2;exclude:market_segment=star;exclude:prev_pct_chg_bucket=0_3&&market_segment=bj,profit_source_oos_resilient,fixed_t2_close,LOSS_OVERLAY_WATCH,1.0,True,True,0_1pct_0_3pct,0.0022130997040499,10_20,gte_30,lt_5,neutral,climax,mixed,1100_1330,6_10,2_3,gte_10,323609.478,8.689,3.93,3.0,1.0,130343,143907,该候选只用于模拟盘计划，不代表实盘可买入。,20241008,40.22,20241009,42.5,0.0530682148184983,True,20240930,20241008,40.22,40.22,38.5,40.22,30.94,29.9935,20241009,47.0,47.85,36.38,42.5,40.22,5.6688,20241010,44.4,51.1,36.39,45.23,42.5,6.4235,20241011,41.0,44.94,38.5,40.0,45.23,-11.5631,20241014,38.0,44.7,36.68,42.52,40.0,6.3,fixed_t2_close,False,open_limit_up_unbuyable,20241008,40.22,,daily_open_limit_up_queue_rejected,False,,,,,no_buy,,False,0,0.0,0.0,False,0.0,conservative_daily_replay
20241010,1,PLAN_BUY_T1_OPEN,603356.SH,华菱精工,sh_main,2.8,0.8,segment_emotion_state_bucket=mixed;turnover_rate_bucket=6_10;exclude:amount_ratio_bucket=0_8_1_2;exclude:market_segment=star;exclude:amount_ratio_bucket=0_8_1_2;exclude:market_segment=star;exclude:prev_pct_chg_bucket=0_3&&market_segment=bj,profit_source_oos_resilient,fixed_t2_close,封单/流通市值偏高,1.0,True,True,1pct_2pct,0.015080328382684,20_40,3_8,30_60,neutral,mixed,mixed,1100_1330,6_10,1_2_2,lt_neg3,125672.649,7.231,1.32,0.0,1.0,111112,111112,该候选只用于模拟盘计划，不代表实盘可买入。,20241011,13.38,20241014,13.4,-0.0021252316890881,False,20241010,20241011,13.38,13.66,12.71,12.8,13.38,-4.3348,20241014,13.08,13.58,12.67,13.4,12.8,4.6875,20241015,13.32,13.39,12.88,12.92,13.4,-3.5821,20241016,12.75,13.22,12.41,13.19,12.92,2.0898,20241017,13.13,14.12,12.76,14.0,13.19,6.141,fixed_t2_close,True,,20241011,13.38,13.393379999999999,daily_open_plus_slippage_no_l2,True,,20241014,13.4,13.3866,fixed_close,daily_price_minus_slippage_no_l2,False,0,-0.0021262202371618473,-0.0017009761897294779,False,-0.0017009761897294779,conservative_daily_replay
20241011,1,PLAN_BUY_T1_OPEN,002374.SZ,中锐股份,sz_main,-1.0,0.8,segment_emotion_state_bucket=mixed;turnover_rate_bucket=6_10;exclude:amount_ratio_bucket=0_8_1_2;exclude:market_segment=star;exclude:amount_ratio_bucket=0_8_1_2;exclude:market_segment=star;exclude:prev_pct_chg_bucket=0_3&&market_segment=bj,profit_source_oos_resilient,fixed_t2_close,LOSS_OVERLAY_WATCH,1.0,True,True,0_1pct_0_3pct,0.0019511858254951,10_20,3_8,30_60,retreat_weak,mixed,mixed,before_1000,6_10,3_5,neg3_0,219499.7,8.7305,1.52,5.0,1.0,94336,145033,该候选只用于模拟盘计划，不代表实盘可买入。,20241014,2.3,20241015,2.34,0.0137713043478262,True,20241011,20241014,2.3,2.41,2.22,2.28,2.34,-2.5641,20241015,2.3,2.49,2.29,2.34,2.28,2.6316,20241016,2.26,2.48,2.25,2.41,2.34,2.9915,20241017,2.37,2.43,2.34,2.36,2.41,-2.0747,20241018,2.36,2.38,2.3,2.37,2.36,0.4237,fixed_t2_close,True,,20241014,2.3,2.3022999999999993,daily_open_plus_slippage_no_l2,True,,20241015,2.34,2.33766,fixed_close,daily_price_minus_slippage_no_l2,False,0,0.013738554488989595,0.010990843591191677,True,0.010990843591191677,conservative_daily_replay
20241014,1,PLAN_BUY_T1_OPEN,300621.SZ,维业股份,chi_next,1.0,0.8,segment_emotion_state_bucket=mixed;turnover_rate_bucket=6_10;exclude:amount_ratio_bucket=0_8_1_2;exclude:market_segment=star;exclude:amount_ratio_bucket=0_8_1_2;exclude:market_segment=star;exclude:prev_pct_chg_bucket=0_3&&market_segment=bj,profit_source_oos_resilient,fixed_t2_close,封单/流通市值偏高,1.0,True,True,2pct_5pct,0.0219884661646848,20_40,8_15,lt_5,neutral,main_rise,mixed,1000_1100,6_10,3_5,lt_neg3,146850.292,7.7506,1.51,0.0,1.0,100745,100745,该候选只用于模拟盘计划，不代表实盘可买入。,20241015,11.49,20241016,10.94,-0.0514877110530897,False,20241014,20241015,11.49,12.12,11.11,12.12,10.1,20.0,20241016,12.01,12.97,10.46,10.94,12.12,-9.736,20241017,10.89,11.39,10.19,10.62,10.94,-2.925,20241018,10.25,10.85,9.76,10.5,10.62,-1.1299,20241021,10.22,10.95,10.03,10.75,10.5,2.381,fixed_t2_close,True,,20241015,11.49,11.501489999999999,daily_open_plus_slippage_no_l2,True,,20241016,10.94,10.92906,fixed_close,daily_price_minus_slippage_no_l2,False,0,-0.0513900732687677,-0.04111205861501416,False,-0.04111205861501416,conservative_daily_replay
20241015,1,PLAN_BUY_T1_OPEN,002630.SZ,华西能源,sz_main,2.8,0.8,segment_emotion_state_bucket=mixed;turnover_rate_bucket=6_10;exclude:amount_ratio_bucket=0_8_1_2;exclude:market_segment=star;exclude:amount_ratio_bucket=0_8_1_2;exclude:market_segment=star;exclude:prev_pct_chg_bucket=0_3&&market_segment=bj,profit_source_oos_resilient,fixed_t2_close,封单/流通市值偏高,1.0,True,True,1pct_2pct,0.0175445887621387,20_40,15_30,lt_5,neutral,mixed,mixed,1100_1330,6_10,2_3,0_3,304437.918,9.6935,1.63,0.0,1.0,130924,130924,该候选只用于模拟盘计划，不代表实盘可买入。,20241016,3.09,20241017,3.08,-0.0068562459546925,False,20241015,20241016,3.09,3.38,3.0,3.38,3.07,10.0977,20241017,3.46,3.48,3.05,3.08,3.38,-8.8757,20241018,2.97,3.07,2.88,2.99,3.08,-2.9221,20241021,2.94,2.95,2.84,2.9,2.99,-3.01,20241022,2.9,3.19,2.87,3.19,2.9,10.0,fixed_t2_close,True,,20241016,3.09,3.0930899999999997,daily_open_plus_slippage_no_l2,True,,20241017,3.08,3.07692,fixed_close,daily_price_minus_slippage_no_l2,False,0,-0.006847781926810948,-0.005478225541448759,False,-0.005478225541448759,conservative_daily_replay
20241016,1,PLAN_BUY_T1_OPEN,300370.SZ,安控科技,chi_next,1.0,0.8,segment_emotion_state_bucket=mixed;turnover_rate_bucket=6_10;exclude:amount_ratio_bucket=0_8_1_2;exclude:market_segment=star;exclude:amount_ratio_bucket=0_8_1_2;exclude:market_segment=star;exclude:prev_pct_chg_bucket=0_3&&market_segment=bj,profit_source_oos_resilient,fixed_t2_close,封单/流通市值偏高;LOSS_OVERLAY_WATCH,1.0,True,True,1pct_2pct,0.0188694677009323,10_20,15_30,lt_5,neutral,main_rise,mixed,before_1000,6_10,2_3,neg3_0,339648.509,9.0765,1.33,0.0,1.0,94554,94554,该候选只用于模拟盘计划，不代表实盘可买入。,20241017,3.39,20241018,3.01,-0.1157143952802361,False,20241016,20241017,3.39,3.39,2.95,2.99,2.94,1.7007,20241018,2.88,3.1,2.84,3.01,2.99,0.6689,20241021,2.95,3.11,2.86,3.03,3.01,0.6645,20241022,2.98,3.0,2.88,2.89,3.03,-4.6205,20241023,2.86,2.91,2.81,2.82,2.89,-2.4221,fixed_t2_close,True,,20241017,3.39,3.3933899999999997,daily_open_plus_slippage_no_l2,True,,20241018,3.01,3.0069899999999996,fixed_close,daily_price_minus_slippage_no_l2,False,0,-0.11548843245250333,-0.09239074596200267,False,-0.09239074596200267,conservative_daily_replay
20241017,1,PLAN_BUY_T1_OPEN,002775.SZ,文科股份,sz_main,4.3,0.8,segment_emotion_state_bucket=mixed;turnover_rate_bucket=6_10;exclude:amount_ratio_bucket=0_8_1_2;exclude:market_segment=star;exclude:amount_ratio_bucket=0_8_1_2;exclude:market_segment=star;exclude:prev_pct_chg_bucket=0_3&&market_segment=bj,profit_source_oos_resilient,fixed_t2_close,封单/流通市值偏高,1.0,True,True,1pct_2pct,0.0168175775602334,10_20,15_30,5_15,neutral,mixed,mixed,1100_1330,6_10,3_5,0_3,101004.698,7.0477,1.41,0.0,1.0,132115,132115,该候选只用于模拟盘计划，不代表实盘可买入。,20241018,3.37,20241021,3.48,0.029020949554896,True,20241017,20241018,3.37,3.64,3.2,3.55,3.31,7.2508,20241021,3.57,3.64,3.42,3.48,3.55,-1.9718,20241022,3.48,3.73,3.44,3.66,3.48,5.1724,20241023,3.63,3.72,3.59,3.7,3.66,1.0929,20241024,3.67,3.71,3.52,3.54,3.7,-4.3243,fixed_t2_close,True,,20241018,3.37,3.3733699999999995,daily_open_plus_slippage_no_l2,True,,20241021,3.48,3.47652,fixed_close,daily_price_minus_slippage_no_l2,False,0,0.028957730874466802,0.023166184699573444,True,0.023166184699573444,conservative_daily_replay
20241018,1,PLAN_BUY_T1_OPEN,301358.SZ,湖南裕能,chi_next,-0.5,0.8,segment_emotion_state_bucket=mixed;turnover_rate_bucket=6_10;exclude:amount_ratio_bucket=0_8_1_2;exclude:market_segment=star;exclude:amount_ratio_bucket=0_8_1_2;exclude:market_segment=star;exclude:prev_pct_chg_bucket=0_3&&market_segment=bj,profit_source_oos_resilient,fixed_t2_close,无,1.0,True,True,0_1pct_0_3pct,0.0011131014740166,10_20,15_30,lt_5,neutral,main_rise,mixed,1330_1430,6_10,gte_5,neg3_0,1379917.793,9.6681,4.8,9.0,1.0,134533,145648,该候选只用于模拟盘计划，不代表实盘可买入。,20241021,39.0,20241022,39.8,0.0168928205128204,True,20241018,20241021,39.0,40.8,37.3,37.96,39.13,-2.99,20241022,37.97,40.23,37.5,39.8,37.96,4.8472,20241023,40.45,44.2,39.22,42.36,39.8,6.4322,20241024,41.95,44.09,40.93,41.41,42.36,-2.2427,20241025,41.09,45.31,40.8,43.61,41.41,5.3127,fixed_t2_close,True,,20241021,39.0,39.038999999999994,daily_open_plus_slippage_no_l2,True,,20241022,39.8,39.7602,fixed_close,daily_price_minus_slippage_no_l2,False,0,0.016853833858449362,0.01348306708675949,True,0.01348306708675949,conservative_daily_replay
20241023,1,PLAN_BUY_T1_OPEN,300795.SZ,米奥会展,chi_next,-1.0,0.8,segment_emotion_state_bucket=mixed;turnover_rate_bucket=6_10;exclude:amount_ratio_bucket=0_8_1_2;exclude:market_segment=star;exclude:amount_ratio_bucket=0_8_1_2;exclude:market_segment=star;exclude:prev_pct_chg_bucket=0_3&&market_segment=bj,profit_source_oos_resilient,fixed_t2_close,封单/流通市值偏高;LOSS_OVERLAY_WATCH,1.0,True,True,2pct_5pct,0.0215784768186,10_20,gte_30,lt_5,retreat_2day,retreat,mixed,before_1000,6_10,2_3,3_7,164074.044,6.4754,3.24,0.0,1.0,94130,94130,该候选只用于模拟盘计划，不代表实盘可买入。,20241024,20.28,20241025,20.39,0.0018040631163706,True,20241023,20241024,20.28,21.28,19.0,19.92,19.61,1.5808,20241025,20.0,20.73,18.73,20.39,19.92,2.3594,20241028,20.1,21.8,19.81,21.45,20.39,5.1986,20241029,21.2,21.61,19.82,19.85,21.45,-7.4592,20241030,19.85,20.02,18.8,19.25,19.85,-3.0227,fixed_t2_close,True,,20241024,20.28,20.300279999999997,daily_open_plus_slippage_no_l2,True,,20241025,20.39,20.36961,fixed_close,daily_price_minus_slippage_no_l2,False,0,0.0017952238294251625,0.00143617906354013,True,0.00143617906354013,conservative_daily_replay
20241025,1,PLAN_BUY_T1_OPEN,301059.SZ,金三江,chi_next,-0.5,0.8,segment_emotion_state_bucket=mixed;turnover_rate_bucket=6_10;exclude:amount_ratio_bucket=0_8_1_2;exclude:market_segment=star;exclude:amount_ratio_bucket=0_8_1_2;exclude:market_segment=star;exclude:prev_pct_chg_bucket=0_3&&market_segment=bj,profit_source_oos_resilient,fixed_t2_close,封单/流通市值偏高;LOSS_OVERLAY_WATCH,1.0,True,True,1pct_2pct,0.0114972148262433,10_20,gte_30,lt_5,neutral,climax,mixed,before_1000,6_10,gte_5,0_3,162886.127,6.835,5.53,0.0,1.0,95227,95227,该候选只用于模拟盘计划，不代表实盘可买入。,20241028,12.73,20241029,12.19,-0.0460394815396701,False,20241025,20241028,12.73,13.88,12.5,13.26,11.98,10.6845,20241029,12.86,13.09,12.07,12.19,13.26,-8.0694,20241030,11.95,12.28,11.37,11.64,12.19,-4.5119,20241031,11.53,11.8,11.3,11.6,11.64,-0.3436,20241101,11.6,11.9,11.0,11.17,11.6,-3.7069,fixed_t2_close,True,,20241028,12.73,12.74273,daily_open_plus_slippage_no_l2,True,,20241029,12.19,12.17781,fixed_close,daily_price_minus_slippage_no_l2,False,0,-0.04595272932880161,-0.03676218346304129,False,-0.03676218346304129,conservative_daily_replay
20241029,1,PLAN_BUY_T1_OPEN,300271.SZ,华宇软件,chi_next,2.5,0.8,segment_emotion_state_bucket=mixed;turnover_rate_bucket=6_10;exclude:amount_ratio_bucket=0_8_1_2;exclude:market_segment=star;exclude:amount_ratio_bucket=0_8_1_2;exclude:market_segment=star;exclude:prev_pct_chg_bucket=0_3&&market_segment=bj,profit_source_oos_resilient,fixed_t2_close,封单/流通市值偏高;LOSS_OVERLAY_WATCH,1.0,True,True,1pct_2pct,0.0180125776911908,10_20,gte_30,5_15,neutral,main_rise,mixed,before_1000,6_10,1_2_2,3_7,486207.389,7.4909,2.12,0.0,1.0,93748,93748,该候选只用于模拟盘计划，不代表实盘可买入。,20241030,8.6,20241031,10.33,0.1975427906976745,True,20241029,20241030,8.6,9.68,8.46,9.13,8.4,8.6905,20241031,8.79,10.9,8.41,10.33,9.13,13.1435,20241101,9.6,10.23,8.79,8.8,10.33,-14.8112,20241104,8.4,8.79,8.29,8.55,8.8,-2.8409,20241105,8.49,8.97,8.41,8.83,8.55,3.2749,fixed_t2_close,True,,20241030,8.6,8.6086,daily_open_plus_slippage_no_l2,True,,20241031,10.33,10.31967,fixed_close,daily_price_minus_slippage_no_l2,False,0,0.19714286504193507,0.15771429203354806,True,0.15771429203354806,conservative_daily_replay
20241030,1,PLAN_BUY_T1_OPEN,300175.SZ,朗源股份,chi_next,2.5,0.8,segment_emotion_state_bucket=mixed;turnover_rate_bucket=6_10;exclude:amount_ratio_bucket=0_8_1_2;exclude:market_segment=star;exclude:amount_ratio_bucket=0_8_1_2;exclude:market_segment=star;exclude:prev_pct_chg_bucket=0_3&&market_segment=bj,profit_source_oos_resilient,fixed_t2_close,封单/流通市值偏高;LOSS_OVERLAY_WATCH,1.0,True,True,2pct_5pct,0.0209908666100254,5_10,gte_30,5_15,neutral,main_rise,mixed,before_1000,6_10,lt_0_8,lt_neg3,252647.905,7.6418,0.86,0.0,1.0,93406,93406,该候选只用于模拟盘计划，不代表实盘可买入。,20241031,8.03,20241101,8.1,0.0050973100871731,True,20241030,20241031,8.03,8.21,7.38,7.48,7.3,2.4658,20241101,7.67,8.68,7.67,8.1,7.48,8.2888,20241104,7.65,8.1,7.03,7.6,8.1,-6.1728,20241105,7.54,7.71,7.33,7.68,7.6,1.0526,20241106,7.51,8.66,7.23,8.2,7.68,6.7708,fixed_t2_close,True,,20241031,8.03,8.03803,daily_open_plus_slippage_no_l2,True,,20241101,8.1,8.091899999999999,fixed_close,daily_price_minus_slippage_no_l2,False,0,0.0050818908861997684,0.004065512708959815,True,0.004065512708959815,conservative_daily_replay
20241101,1,PLAN_BUY_T1_OPEN,300748.SZ,金力永磁,chi_next,1.0,0.8,segment_emotion_state_bucket=mixed;turnover_rate_bucket=6_10;exclude:amount_ratio_bucket=0_8_1_2;exclude:market_segment=star;exclude:amount_ratio_bucket=0_8_1_2;exclude:market_segment=star;exclude:prev_pct_chg_bucket=0_3&&market_segment=bj,profit_source_oos_resilient,fixed_t2_close,LOSS_OVERLAY_WATCH,1.0,True,True,0_5pct_1pct,0.0097981068832943,10_20,gte_30,gte_60,neutral,ice_point,mixed,before_1000,6_10,1_2_2,neg3_0,1492839.654,6.6481,1.04,0.0,1.0,94142,94142,该候选只用于模拟盘计划，不代表实盘可买入。,20241104,22.43,20241105,23.26,0.0333840124832813,True,20241101,20241104,22.43,23.49,19.18,20.95,20.66,1.4037,20241105,19.78,24.99,19.78,23.26,20.95,11.0263,20241106,22.27,26.5,22.03,24.59,23.26,5.718,20241107,24.0,25.35,23.0,23.55,24.59,-4.2294,20241108,23.5,24.08,22.0,22.02,23.55,-6.4968,fixed_t2_close,True,,20241104,22.43,22.452429999999996,daily_open_plus_slippage_no_l2,True,,20241105,23.26,23.23674,fixed_close,daily_price_minus_slippage_no_l2,False,0,0.03331207639440388,0.026649661115523107,True,0.026649661115523107,conservative_daily_replay
20241104,1,PLAN_BUY_T1_OPEN,920593.BJ,鼎智科技,bj,1.0,0.8,segment_emotion_state_bucket=mixed;turnover_rate_bucket=6_10;exclude:amount_ratio_bucket=0_8_1_2;exclude:market_segment=star;exclude:amount_ratio_bucket=0_8_1_2;exclude:market_segment=star;exclude:prev_pct_chg_bucket=0_3&&market_segment=bj,profit_source_oos_resilient,fixed_t2_close,封单/流通市值偏高;LOSS_OVERLAY_WATCH,1.0,True,True,2pct_5pct,0.020794439676942,5_10,15_30,30_60,neutral,main_rise,mixed,before_1000,6_10,2_3,lt_neg3,307716.841,8.8938,1.46,1.0,1.0,93408,94229,该候选只用于模拟盘计划，不代表实盘可买入。,20241105,35.11,20241106,40.79,0.1581572714326402,True,20241104,20241105,35.11,40.33,35.11,40.33,31.03,29.971,20241106,46.9,49.44,40.0,40.79,40.33,1.1406,20241107,38.15,41.0,36.01,38.55,40.79,-5.4915,20241108,38.59,41.98,38.5,38.59,38.55,0.1038,20241111,37.3,41.0,35.33,39.02,38.59,1.1143,fixed_t2_close,True,,20241105,35.11,35.145109999999995,daily_open_plus_slippage_no_l2,True,,20241106,40.79,40.74921,fixed_close,daily_price_minus_slippage_no_l2,False,0,0.15783603812308472,0.1262688304984678,True,0.1262688304984678,conservative_daily_replay
20241105,1,PLAN_BUY_T1_OPEN,300266.SZ,兴源环境,chi_next,-1.0,0.8,segment_emotion_state_bucket=mixed;turnover_rate_bucket=6_10;exclude:amount_ratio_bucket=0_8_1_2;exclude:market_segment=star;exclude:amount_ratio_bucket=0_8_1_2;exclude:market_segment=star;exclude:prev_pct_chg_bucket=0_3&&market_segment=bj,profit_source_oos_resilient,fixed_t2_close,封单/流通市值偏高;LOSS_OVERLAY_WATCH,1.0,True,True,1pct_2pct,0.0179198880589393,10_20,gte_30,lt_5,warming_2day,warming,mixed,before_1000,6_10,2_3,neg3_0,283167.956,6.3274,1.32,0.0,1.0,93915,93915,该候选只用于模拟盘计划，不代表实盘可买入。,20241106,3.55,20241107,4.26,0.1963799999999999,True,20241105,20241106,3.55,3.55,3.55,3.55,2.96,19.9324,20241107,4.05,4.26,3.58,4.26,3.55,20.0,20241108,4.54,4.91,4.0,4.03,4.26,-5.3991,20241111,4.08,4.39,3.82,4.04,4.03,0.2481,20241112,3.77,3.87,3.59,3.64,4.04,-9.901,fixed_t2_close,False,open_limit_up_unbuyable,20241106,3.55,,daily_open_limit_up_queue_rejected,False,,,,,no_buy,,False,0,0.0,0.0,False,0.0,conservative_daily_replay
20241106,1,PLAN_BUY_T1_OPEN,300692.SZ,中环环保,chi_next,1.0,0.8,segment_emotion_state_bucket=mixed;turnover_rate_bucket=6_10;exclude:amount_ratio_bucket=0_8_1_2;exclude:market_segment=star;exclude:amount_ratio_bucket=0_8_1_2;exclude:market_segment=star;exclude:prev_pct_chg_bucket=0_3&&market_segment=bj,profit_source_oos_resilient,fixed_t2_close,封单/流通市值偏高;LOSS_OVERLAY_WATCH,1.0,True,True,1pct_2pct,0.0158437286642569,10_20,gte_30,5_15,neutral,main_rise,mixed,before_1000,6_10,gte_5,3_7,233216.674,9.6794,4.75,0.0,1.0,94345,94345,该候选只用于模拟盘计划，不代表实盘可买入。,20241107,6.68,20241108,6.74,0.0053620359281438,True,20241106,20241107,6.68,7.33,6.3,7.13,6.68,6.7365,20241108,6.86,7.07,6.64,6.74,7.13,-5.4698,20241111,6.68,6.84,6.44,6.65,6.74,-1.3353,20241112,6.66,6.72,6.4,6.45,6.65,-3.0075,20241113,6.45,6.67,6.27,6.61,6.45,2.4806,fixed_t2_close,True,,20241107,6.68,6.686679999999999,daily_open_plus_slippage_no_l2,True,,20241108,6.74,6.7332600000000005,fixed_close,daily_price_minus_slippage_no_l2,False,0,0.005346087804411325,0.00427687024352906,True,0.00427687024352906,conservative_daily_replay
20241113,1,PLAN_BUY_T1_OPEN,300712.SZ,永福股份,chi_next,1.5,0.8,segment_emotion_state_bucket=mixed;turnover_rate_bucket=6_10;exclude:amount_ratio_bucket=0_8_1_2;exclude:market_segment=star;exclude:amount_ratio_bucket=0_8_1_2;exclude:market_segment=star;exclude:prev_pct_chg_bucket=0_3&&market_segment=bj,profit_source_oos_resilient,fixed_t2_close,封单/流通市值偏高,1.0,True,True,1pct_2pct,0.013520084148716,5_10,8_15,5_15,retreat_2day,retreat,mixed,1330_1430,6_10,2_3,neg3_0,421773.871,7.8079,3.51,0.0,1.0,140733,140733,该候选只用于模拟盘计划，不代表实盘可买入。,20241114,34.76,20241115,28.39,-0.1868766168009205,False,20241113,20241114,34.76,37.0,31.51,31.72,31.51,0.6665,20241115,30.6,31.14,28.39,28.39,31.72,-10.4981,20241118,27.83,28.48,26.5,26.67,28.39,-6.0585,20241119,26.9,27.72,26.53,27.66,26.67,3.712,20241120,27.48,29.5,27.17,28.4,27.66,2.6753,fixed_t2_close,True,,20241114,34.76,34.79476,daily_open_plus_slippage_no_l2,True,,20241115,28.39,28.36161,fixed_close,daily_price_minus_slippage_no_l2,False,0,-0.1865084717124072,-0.14920677736992577,False,-0.14920677736992577,conservative_daily_replay
20241127,1,PLAN_BUY_T1_OPEN,301066.SZ,万事利,chi_next,1.0,0.8,segment_emotion_state_bucket=mixed;turnover_rate_bucket=6_10;exclude:amount_ratio_bucket=0_8_1_2;exclude:market_segment=star;exclude:amount_ratio_bucket=0_8_1_2;exclude:market_segment=star;exclude:prev_pct_chg_bucket=0_3&&market_segment=bj,profit_source_oos_resilient,fixed_t2_close,封单/流通市值偏高,1.0,True,True,2pct_5pct,0.0286553859647874,10_20,15_30,15_30,neutral,main_rise,mixed,1000_1100,6_10,1_2_2,3_7,221505.702,9.2218,1.92,0.0,1.0,101045,101045,该候选只用于模拟盘计划，不代表实盘可买入。,20241128,15.5,20241129,19.9,0.2802509677419353,True,20241127,20241128,15.5,16.58,15.2,16.58,13.82,19.9711,20241129,17.5,19.9,17.32,19.9,16.58,20.0241,20241202,20.9,23.88,19.06,23.88,19.9,20.0,20241203,23.8,23.82,20.41,20.47,23.88,-14.2797,20241204,19.4,20.33,17.72,18.15,20.47,-11.3337,fixed_t2_close,True,,20241128,15.5,15.515499999999998,daily_open_plus_slippage_no_l2,True,,20241129,19.9,19.8801,fixed_close,daily_price_minus_slippage_no_l2,False,0,0.2796857909832104,0.2237486327865683,True,0.2237486327865683,conservative_daily_replay
20241128,1,PLAN_BUY_T1_OPEN,920765.BJ,美之高,bj,2.5,0.8,segment_emotion_state_bucket=mixed;turnover_rate_bucket=6_10;exclude:amount_ratio_bucket=0_8_1_2;exclude:market_segment=star;exclude:amount_ratio_bucket=0_8_1_2;exclude:market_segment=star;exclude:prev_pct_chg_bucket=0_3&&market_segment=bj,profit_source_oos_resilient,fixed_t2_close,封单/流通市值偏高,1.0,True,True,gte_5pct,0.0821199569985439,lt_5,gte_30,5_15,neutral,main_rise,mixed,open_auction,6_10,1_2_2,gte_10,80726.196,9.0438,1.28,0.0,1.0,93046,93046,该候选只用于模拟盘计划，不代表实盘可买入。,20241129,22.98,20241202,34.93,0.5163974064403829,True,20241128,20241129,22.98,26.87,21.6,26.87,20.67,29.9952,20241202,29.0,34.93,26.0,34.93,26.87,29.9963,20241203,33.0,34.5,28.64,29.99,34.93,-14.1426,20241204,29.09,30.8,26.26,27.3,29.99,-8.9697,20241205,26.01,27.0,25.2,25.45,27.3,-6.7766,fixed_t2_close,True,,20241129,22.98,23.002979999999997,daily_open_plus_slippage_no_l2,True,,20241202,34.93,34.89507,fixed_close,daily_price_minus_slippage_no_l2,False,0,0.5153604086253174,0.41228832690025397,True,0.41228832690025397,conservative_daily_replay
20241206,1,PLAN_BUY_T1_OPEN,300436.SZ,广生堂,chi_next,2.5,0.8,segment_emotion_state_bucket=mixed;turnover_rate_bucket=6_10;exclude:amount_ratio_bucket=0_8_1_2;exclude:market_segment=star;exclude:amount_ratio_bucket=0_8_1_2;exclude:market_segment=star;exclude:prev_pct_chg_bucket=0_3&&market_segment=bj,profit_source_oos_resilient,fixed_t2_close,封单/流通市值偏高,1.0,True,True,1pct_2pct,0.0109566548642549,5_10,gte_30,5_15,neutral,main_rise,mixed,after_1430,6_10,3_5,neg3_0,384327.409,9.655,4.34,0.0,1.0,144115,144115,该候选只用于模拟盘计划，不代表实盘可买入。,20241209,33.0,20241210,34.5,0.0418345454545454,True,20241206,20241209,33.0,33.43,31.0,32.87,31.63,3.9203,20241210,32.8,37.96,32.08,34.5,32.87,4.9589,20241211,33.5,35.99,33.49,34.02,34.5,-1.3913,20241212,33.69,34.99,33.52,34.62,34.02,1.7637,20241213,34.04,34.88,33.15,33.27,34.62,-3.8995,fixed_t2_close,True,,20241209,33.0,33.032999999999994,daily_open_plus_slippage_no_l2,True,,20241210,34.5,34.4655,fixed_close,daily_price_minus_slippage_no_l2,False,0,0.04174572518390725,0.0333965801471258,True,0.0333965801471258,conservative_daily_replay
20241209,1,PLAN_BUY_T1_OPEN,300149.SZ,睿智医药,chi_next,-1.0,0.8,segment_emotion_state_bucket=mixed;turnover_rate_bucket=6_10;exclude:amount_ratio_bucket=0_8_1_2;exclude:market_segment=star;exclude:amount_ratio_bucket=0_8_1_2;exclude:market_segment=star;exclude:prev_pct_chg_bucket=0_3&&market_segment=bj,profit_source_oos_resilient,fixed_t2_close,封单/流通市值偏高,1.0,True,True,1pct_2pct,0.0196716799754895,5_10,gte_30,15_30,retreat_2day,retreat,mixed,open_auction,6_10,2_3,3_7,282642.837,6.7203,2.97,0.0,1.0,93015,93015,该候选只用于模拟盘计划，不代表实盘可买入。,20241210,8.72,20241211,8.0,-0.0861888073394496,False,20241209,20241210,8.72,9.86,8.26,8.37,8.5,-1.5294,20241211,8.26,8.48,7.89,8.0,8.37,-4.4205,20241212,8.01,8.19,7.82,7.89,8.0,-1.375,20241213,7.75,7.84,7.65,7.67,7.89,-2.7883,20241216,8.2,8.48,7.92,8.01,7.67,4.4329,fixed_t2_close,True,,20241210,8.72,8.72872,daily_open_plus_slippage_no_l2,True,,20241211,8.0,7.992,fixed_close,daily_price_minus_slippage_no_l2,False,0,-0.08602183669541456,-0.06881746935633165,False,-0.06881746935633165,conservative_daily_replay
20241210,1,PLAN_BUY_T1_OPEN,300955.SZ,嘉亨家化,chi_next,2.5,0.8,segment_emotion_state_bucket=mixed;turnover_rate_bucket=6_10;exclude:amount_ratio_bucket=0_8_1_2;exclude:market_segment=star;exclude:amount_ratio_bucket=0_8_1_2;exclude:market_segment=star;exclude:prev_pct_chg_bucket=0_3&&market_segment=bj,profit_source_oos_resilient,fixed_t2_close,封单/流通市值偏高;LOSS_OVERLAY_WATCH,1.0,True,True,gte_5pct,0.0667747549526893,10_20,gte_30,5_15,neutral,main_rise,mixed,before_1000,6_10,1_2_2,lt_neg3,83609.74,7.5577,2.14,0.0,1.0,93403,93403,该候选只用于模拟盘计划，不代表实盘可买入。,20241211,19.0,20241212,19.49,0.0221694736842103,True,20241210,20241211,19.0,21.58,17.83,20.17,19.44,3.7551,20241212,18.79,19.85,18.5,19.49,20.17,-3.3713,20241213,19.22,19.22,18.19,18.29,19.49,-6.157,20241216,18.39,18.71,17.7,18.06,18.29,-1.2575,20241217,17.9,17.9,16.38,16.59,18.06,-8.1395,fixed_t2_close,True,,20241211,19.0,19.019,daily_open_plus_slippage_no_l2,True,,20241212,19.49,19.470509999999997,fixed_close,daily_price_minus_slippage_no_l2,False,0,0.022119944266260027,0.017695955413008023,True,0.017695955413008023,conservative_daily_replay
20241216,1,PLAN_BUY_T1_OPEN,300805.SZ,电声股份,chi_next,1.0,0.8,segment_emotion_state_bucket=mixed;turnover_rate_bucket=6_10;exclude:amount_ratio_bucket=0_8_1_2;exclude:market_segment=star;exclude:amount_ratio_bucket=0_8_1_2;exclude:market_segment=star;exclude:prev_pct_chg_bucket=0_3&&market_segment=bj,profit_source_oos_resilient,fixed_t2_close,封单/流通市值偏高,1.0,True,True,1pct_2pct,0.0161670575670441,5_10,15_30,15_30,neutral,main_rise,mixed,open_auction,6_10,lt_0_8,7_10,291149.173,7.6178,1.08,0.0,1.0,93012,93012,该候选只用于模拟盘计划，不代表实盘可买入。,20241217,13.72,20241218,15.66,0.1377794169096208,True,20241216,20241217,13.72,16.05,11.8,15.38,13.42,14.6051,20241218,15.21,17.29,14.01,15.66,15.38,1.8205,20241219,14.99,15.16,13.42,13.5,15.66,-13.7931,20241220,14.05,16.2,14.05,16.2,13.5,20.0,20241223,16.2,16.35,13.87,14.09,16.2,-13.0247,fixed_t2_close,True,,20241217,13.72,13.73372,daily_open_plus_slippage_no_l2,True,,20241218,15.66,15.64434,fixed_close,daily_price_minus_slippage_no_l2,False,0,0.13749889859411718,0.10999911887529375,True,0.10999911887529375,conservative_daily_replay
20241219,1,PLAN_BUY_T1_OPEN,603629.SH,利通电子,sh_main,2.8,0.8,segment_emotion_state_bucket=mixed;turnover_rate_bucket=6_10;exclude:amount_ratio_bucket=0_8_1_2;exclude:market_segment=star;exclude:amount_ratio_bucket=0_8_1_2;exclude:market_segment=star;exclude:prev_pct_chg_bucket=0_3&&market_segment=bj,profit_source_oos_resilient,fixed_t2_close,封单/流通市值偏高,1.0,True,True,1pct_2pct,0.0143749292359084,20_40,8_15,15_30,neutral,mixed,mixed,1100_1330,6_10,3_5,0_3,397463.269,8.2327,2.99,2.0,1.0,130611,130841,该候选只用于模拟盘计划，不代表实盘可买入。,20241220,19.61,20241223,20.81,0.0575732687404386,True,20241219,20241220,19.61,20.76,19.53,20.01,19.55,2.3529,20241223,19.85,22.01,19.85,20.81,20.01,3.998,20241224,20.52,21.58,19.81,20.85,20.81,0.1922,20241225,20.68,22.89,20.52,21.6,20.85,3.5971,20241226,21.1,23.6,20.52,22.62,21.6,4.7222,fixed_t2_close,True,,20241220,19.61,19.629609999999996,daily_open_plus_slippage_no_l2,True,,20241223,20.81,20.789189999999998,fixed_close,daily_price_minus_slippage_no_l2,False,0,0.05745300246922898,0.045962401975383184,True,0.045962401975383184,conservative_daily_replay
20241225,1,PLAN_BUY_T1_OPEN,603777.SH,来伊份,sh_main,-1.0,0.8,segment_emotion_state_bucket=mixed;turnover_rate_bucket=6_10;exclude:amount_ratio_bucket=0_8_1_2;exclude:market_segment=star;exclude:amount_ratio_bucket=0_8_1_2;exclude:market_segment=star;exclude:prev_pct_chg_bucket=0_3&&market_segment=bj,profit_source_oos_resilient,fixed_t2_close,封单/流通市值偏高;LOSS_OVERLAY_WATCH,1.0,True,True,2pct_5pct,0.0230740180972274,10_20,8_15,30_60,retreat_weak,mixed,mixed,before_1000,6_10,lt_0_8,gte_10,535351.642,9.8664,1.3,2.0,4.0,93114,93747,该候选只用于模拟盘计划，不代表实盘可买入。,20241226,17.0,20241227,14.81,-0.1324435294117646,False,20241225,20241226,17.0,18.04,15.26,16.45,16.4,0.3049,20241227,14.81,15.3,14.81,14.81,16.45,-9.9696,20241230,13.33,15.8,13.33,14.02,14.81,-5.3342,20241231,13.43,15.42,13.3,15.42,14.02,9.9857,20250102,16.52,16.96,16.2,16.96,15.42,9.987,fixed_t2_close,True,,20241226,17.0,17.017,daily_open_plus_slippage_no_l2,True,,20241231,15.42,15.40458,fixed_close,daily_price_minus_slippage_no_l2,False,2,-0.09637348181230536,-0.07709878544984429,False,-0.07709878544984429,conservative_daily_replay
20250109,1,PLAN_BUY_T1_OPEN,300822.SZ,贝仕达克,chi_next,2.5,0.8,segment_emotion_state_bucket=mixed;turnover_rate_bucket=6_10;exclude:amount_ratio_bucket=0_8_1_2;exclude:market_segment=star;exclude:amount_ratio_bucket=0_8_1_2;exclude:market_segment=star;exclude:prev_pct_chg_bucket=0_3&&market_segment=bj,profit_source_oos_resilient,fixed_t2_close,封单/流通市值偏高,1.0,True,True,1pct_2pct,0.0102709116988891,5_10,15_30,5_15,neutral,main_rise,mixed,1000_1100,6_10,2_3,0_3,539938.759,8.4848,2.31,0.0,1.0,100315,100315,该候选只用于模拟盘计划，不代表实盘可买入。,20250110,24.47,20250113,23.09,-0.060015586432366,False,20250109,20250110,24.47,26.95,24.01,25.56,23.68,7.9392,20250113,23.4,24.34,22.83,23.09,25.56,-9.6635,20250114,23.23,24.99,22.74,24.78,23.09,7.3192,20250115,24.75,27.88,23.38,25.97,24.78,4.8023,20250116,25.18,25.97,24.33,24.79,25.97,-4.5437,fixed_t2_close,True,,20250110,24.47,24.494469999999996,daily_open_plus_slippage_no_l2,True,,20250113,23.09,23.06691,fixed_close,daily_price_minus_slippage_no_l2,False,0,-0.05990090993599766,-0.04792072794879813,False,-0.04792072794879813,conservative_daily_replay
20250113,1,PLAN_BUY_T1_OPEN,001282.SZ,三联锻造,sz_main,1.0,0.8,segment_emotion_state_bucket=mixed;turnover_rate_bucket=6_10;exclude:amount_ratio_bucket=0_8_1_2;exclude:market_segment=star;exclude:amount_ratio_bucket=0_8_1_2;exclude:market_segment=star;exclude:prev_pct_chg_bucket=0_3&&market_segment=bj,profit_source_oos_resilient,fixed_t2_close,封单/流通市值偏高;LOSS_OVERLAY_WATCH,1.0,True,True,1pct_2pct,0.0164654496232293,20_40,3_8,30_60,neutral,mixed,mixed,before_1000,6_10,1_2_2,neg3_0,78230.959,6.6332,1.87,0.0,1.0,94918,94918,该候选只用于模拟盘计划，不代表实盘可买入。,20250114,22.33,20250115,22.49,0.0035452485445588,True,20250113,20250114,22.33,23.8,21.91,22.79,21.64,5.3142,20250115,22.76,23.45,22.3,22.49,22.79,-1.3164,20250116,22.39,22.62,21.7,21.97,22.49,-2.3121,20250117,21.78,22.08,21.48,21.54,21.97,-1.9572,20250120,21.76,22.28,21.5,22.28,21.54,3.4355,fixed_t2_close,True,,20250114,22.33,22.352329999999995,daily_open_plus_slippage_no_l2,True,,20250115,22.49,22.467509999999997,fixed_close,daily_price_minus_slippage_no_l2,False,0,0.003532930365648789,0.0028263442925190313,True,0.0028263442925190313,conservative_daily_replay
20250117,1,PLAN_BUY_T1_OPEN,600622.SH,光大嘉宝,sh_main,3.5,0.8,segment_emotion_state_bucket=mixed;turnover_rate_bucket=6_10;exclude:amount_ratio_bucket=0_8_1_2;exclude:market_segment=star;exclude:amount_ratio_bucket=0_8_1_2;exclude:market_segment=star;exclude:prev_pct_chg_bucket=0_3&&market_segment=bj,profit_source_oos_resilient,fixed_t2_close,LOSS_OVERLAY_WATCH,1.0,True,True,0_5pct_1pct,0.0053833249254768,20_40,8_15,5_15,neutral,mixed,mixed,1000_1100,6_10,2_3,0_3,406463.395,8.2192,2.76,2.0,1.0,101755,110822,该候选只用于模拟盘计划，不代表实盘可买入。,20250120,3.3,20250121,3.27,-0.012710909090909,False,20250117,20250120,3.3,3.33,3.18,3.23,3.39,-4.7198,20250121,3.24,3.43,3.13,3.27,3.23,1.2384,20250122,3.17,3.2,2.94,2.94,3.27,-10.0917,20250123,2.95,3.23,2.95,3.23,2.94,9.8639,20250124,3.1,3.16,3.05,3.07,3.23,-4.9536,fixed_t2_close,True,,20250120,3.3,3.3032999999999992,daily_open_plus_slippage_no_l2,True,,20250121,3.27,3.26673,fixed_close,daily_price_minus_slippage_no_l2,False,0,-0.012690747434383632,-0.010152597947506906,False,-0.010152597947506906,conservative_daily_replay
20250122,1,PLAN_BUY_T1_OPEN,605162.SH,新中港,sh_main,-1.0,0.8,segment_emotion_state_bucket=mixed;turnover_rate_bucket=6_10;exclude:amount_ratio_bucket=0_8_1_2;exclude:market_segment=star;exclude:amount_ratio_bucket=0_8_1_2;exclude:market_segment=star;exclude:prev_pct_chg_bucket=0_3&&market_segment=bj,profit_source_oos_resilient,fixed_t2_close,封单/流通市值偏高;LOSS_OVERLAY_WATCH,1.0,True,True,1pct_2pct,0.0136213243642306,10_20,8_15,15_30,retreat_2day,retreat,mixed,before_1000,6_10,3_5,0_3,245726.315,7.3177,2.48,1.0,1.0,93231,93449,该候选只用于模拟盘计划，不代表实盘可买入。,20250123,9.33,20250124,7.1,-0.2426339335476956,False,20250122,20250123,9.33,9.33,7.63,7.89,8.48,-6.9575,20250124,7.3,7.48,7.1,7.1,7.89,-10.0127,20250127,6.97,7.06,6.77,6.77,7.1,-4.6479,20250205,6.8,6.83,6.71,6.79,6.77,0.2954,20250206,6.77,6.84,6.71,6.84,6.79,0.7364,fixed_t2_close,False,open_limit_up_unbuyable,20250123,9.33,,daily_open_limit_up_queue_rejected,False,,,,,no_buy,,False,0,0.0,0.0,False,0.0,conservative_daily_replay
20250205,1,PLAN_BUY_T1_OPEN,300229.SZ,拓尔思,chi_next,2.0,0.8,segment_emotion_state_bucket=mixed;turnover_rate_bucket=6_10;exclude:amount_ratio_bucket=0_8_1_2;exclude:market_segment=star;exclude:amount_ratio_bucket=0_8_1_2;exclude:market_segment=star;exclude:prev_pct_chg_bucket=0_3&&market_segment=bj,profit_source_oos_resilient,fixed_t2_close,封单/流通市值偏高;LOSS_OVERLAY_WATCH,1.0,True,True,1pct_2pct,0.0180584212554555,5_10,8_15,30_60,neutral,mixed,mixed,before_1000,6_10,lt_0_8,gte_10,2001690.125,9.7278,0.92,0.0,1.0,93215,93215,该候选只用于模拟盘计划，不代表实盘可买入。,20250206,26.66,20250207,27.41,0.0245120330082519,True,20250205,20250206,26.66,29.96,25.86,27.75,26.53,4.5986,20250207,27.51,28.97,26.6,27.41,27.75,-1.2252,20250210,27.3,29.29,27.01,29.15,27.41,6.348,20250211,27.98,29.49,27.44,27.68,29.15,-5.0429,20250212,27.19,30.43,27.18,29.16,27.68,5.3468,fixed_t2_close,True,,20250206,26.66,26.686659999999996,daily_open_plus_slippage_no_l2,True,,20250207,27.41,27.38259,fixed_close,daily_price_minus_slippage_no_l2,False,0,0.02445782315209195,0.01956625852167356,True,0.01956625852167356,conservative_daily_replay
20250206,1,PLAN_BUY_T1_OPEN,300382.SZ,斯莱克,chi_next,-1.0,0.8,segment_emotion_state_bucket=mixed;turnover_rate_bucket=6_10;exclude:amount_ratio_bucket=0_8_1_2;exclude:market_segment=star;exclude:amount_ratio_bucket=0_8_1_2;exclude:market_segment=star;exclude:prev_pct_chg_bucket=0_3&&market_segment=bj,profit_source_oos_resilient,fixed_t2_close,封单/流通市值偏高;LOSS_OVERLAY_WATCH,1.0,True,True,1pct_2pct,0.0119445472334035,5_10,15_30,lt_5,warming_2day,warming,mixed,before_1000,6_10,3_5,0_3,582852.452,7.8004,2.45,0.0,1.0,94315,94315,该候选只用于模拟盘计划，不代表实盘可买入。,20250207,12.29,20250210,13.32,0.0801879739625712,True,20250206,20250207,12.29,13.12,12.02,12.9,12.31,4.7929,20250210,12.84,13.58,12.45,13.32,12.9,3.2558,20250211,13.24,13.5,12.95,13.03,13.32,-2.1772,20250212,13.08,13.48,12.99,13.19,13.03,1.2279,20250213,13.12,13.75,12.86,13.39,13.19,1.5163,fixed_t2_close,True,,20250207,12.29,12.302289999999998,daily_open_plus_slippage_no_l2,True,,20250210,13.32,13.30668,fixed_close,daily_price_minus_slippage_no_l2,False,0,0.08002252346514367,0.06401801877211494,True,0.06401801877211494,conservative_daily_replay
20250224,1,PLAN_BUY_T1_OPEN,300103.SZ,达刚控股,chi_next,1.7999999999999998,0.8,segment_emotion_state_bucket=mixed;turnover_rate_bucket=6_10;exclude:amount_ratio_bucket=0_8_1_2;exclude:market_segment=star;exclude:amount_ratio_bucket=0_8_1_2;exclude:market_segment=star;exclude:prev_pct_chg_bucket=0_3&&market_segment=bj,profit_source_oos_resilient,fixed_t2_close,封单/流通市值偏高,1.0,True,True,2pct_5pct,0.0236328049977819,5_10,15_30,5_15,neutral,main_rise,mixed,1100_1330,6_10,gte_5,neg3_0,229436.403,9.9845,6.96,0.0,1.0,131542,131542,该候选只用于模拟盘计划，不代表实盘可买入。,20250225,7.55,20250226,7.18,-0.0526266225165562,False,20250224,20250225,7.55,7.55,7.01,7.07,7.55,-6.3576,20250226,7.03,7.35,6.96,7.18,7.07,1.5559,20250227,7.2,7.6,7.03,7.53,7.18,4.8747,20250228,7.49,7.86,6.95,7.18,7.53,-4.6481,20250303,7.12,7.29,6.77,6.86,7.18,-4.4568,fixed_t2_close,True,,20250225,7.55,7.557549999999999,daily_open_plus_slippage_no_l2,True,,20250226,7.18,7.17282,fixed_close,daily_price_minus_slippage_no_l2,False,0,-0.052526709184854845,-0.04202136734788388,False,-0.04202136734788388,conservative_daily_replay
20250226,1,PLAN_BUY_T1_OPEN,301003.SZ,江苏博云,chi_next,1.0,0.8,segment_emotion_state_bucket=mixed;turnover_rate_bucket=6_10;exclude:amount_ratio_bucket=0_8_1_2;exclude:market_segment=star;exclude:amount_ratio_bucket=0_8_1_2;exclude:market_segment=star;exclude:prev_pct_chg_bucket=0_3&&market_segment=bj,profit_source_oos_resilient,fixed_t2_close,封单/流通市值偏高;LOSS_OVERLAY_WATCH,1.0,True,True,2pct_5pct,0.0224544597981236,5_10,8_15,lt_5,neutral,main_rise,mixed,before_1000,6_10,3_5,0_3,127503.084,6.0196,3.5,0.0,1.0,93157,93157,该候选只用于模拟盘计划，不代表实盘可买入。,20250227,30.39,20250228,31.38,0.0289565054294175,True,20250226,20250227,30.39,33.77,30.18,33.77,28.14,20.0071,20250228,33.13,33.68,30.01,31.38,33.77,-7.0773,20250303,30.99,31.0,28.18,28.62,31.38,-8.7954,20250304,28.54,29.39,27.81,28.38,28.62,-0.8386,20250305,28.1,28.63,27.69,28.52,28.38,0.4933,fixed_t2_close,True,,20250227,30.39,30.420389999999998,daily_open_plus_slippage_no_l2,True,,20250228,31.38,31.34862,fixed_close,daily_price_minus_slippage_no_l2,False,0,0.028893415508479858,0.023114732406783887,True,0.023114732406783887,conservative_daily_replay
20250304,1,PLAN_BUY_T1_OPEN,300211.SZ,亿通科技,chi_next,1.2999999999999998,0.8,segment_emotion_state_bucket=mixed;turnover_rate_bucket=6_10;exclude:amount_ratio_bucket=0_8_1_2;exclude:market_segment=star;exclude:amount_ratio_bucket=0_8_1_2;exclude:market_segment=star;exclude:prev_pct_chg_bucket=0_3&&market_segment=bj,profit_source_oos_resilient,fixed_t2_close,封单/流通市值偏高,1.0,True,True,2pct_5pct,0.0374125091898754,5_10,8_15,5_15,warming_2day,warming,mixed,1100_1330,6_10,2_3,neg3_0,283919.552,9.3895,0.97,0.0,1.0,130248,130248,该候选只用于模拟盘计划，不代表实盘可买入。,20250305,12.8,20250306,14.5,0.1291925,True,20250304,20250305,12.8,12.8,12.23,12.8,10.67,19.9625,20250306,13.22,15.36,13.21,14.5,12.8,13.2813,20250307,14.57,15.19,12.88,13.02,14.5,-10.2069,20250310,12.89,13.4,12.27,12.46,13.02,-4.3011,20250311,12.27,12.92,12.08,12.37,12.46,-0.7223,fixed_t2_close,False,open_limit_up_unbuyable,20250305,12.8,,daily_open_limit_up_queue_rejected,False,,,,,no_buy,,False,0,0.0,0.0,False,0.0,conservative_daily_replay
20250307,1,PLAN_BUY_T1_OPEN,002943.SZ,宇晶股份,sz_main,4.3,0.8,segment_emotion_state_bucket=mixed;turnover_rate_bucket=6_10;exclude:amount_ratio_bucket=0_8_1_2;exclude:market_segment=star;exclude:amount_ratio_bucket=0_8_1_2;exclude:market_segment=star;exclude:prev_pct_chg_bucket=0_3&&market_segment=bj,profit_source_oos_resilient,fixed_t2_close,封单/流通市值偏高,1.0,True,True,1pct_2pct,0.0130842459091343,20_40,15_30,5_15,neutral,mixed,mixed,1100_1330,6_10,3_5,neg3_0,217469.996,8.1,5.03,0.0,1.0,110827,110827,该候选只用于模拟盘计划，不代表实盘可买入。,20250310,21.1,20250311,21.49,0.0148634123222747,True,20250307,20250310,21.1,21.79,20.83,21.6,21.1,2.3697,20250311,21.1,21.5,21.0,21.49,21.6,-0.5093,20250312,21.6,21.86,21.41,21.41,21.49,-0.3723,20250313,21.68,21.77,20.9,21.12,21.41,-1.3545,20250314,21.13,21.35,20.91,21.11,21.12,-0.0473,fixed_t2_close,True,,20250310,21.1,21.1211,daily_open_plus_slippage_no_l2,True,,20250311,21.49,21.46851,fixed_close,daily_price_minus_slippage_no_l2,False,0,0.014828480429523071,0.011862784343618458,True,0.011862784343618458,conservative_daily_replay
20250317,1,PLAN_BUY_T1_OPEN,600892.SH,大晟文化,sh_main,2.0,0.8,segment_emotion_state_bucket=mixed;turnover_rate_bucket=6_10;exclude:amount_ratio_bucket=0_8_1_2;exclude:market_segment=star;exclude:amount_ratio_bucket=0_8_1_2;exclude:market_segment=star;exclude:prev_pct_chg_bucket=0_3&&market_segment=bj,profit_source_oos_resilient,fixed_t2_close,LOSS_OVERLAY_WATCH,1.0,True,True,0_3pct_0_5pct,0.0038344807615787,20_40,15_30,lt_5,neutral,mixed,mixed,before_1000,6_10,3_5,0_3,197745.76,9.4785,3.14,6.0,1.0,93214,101405,该候选只用于模拟盘计划，不代表实盘可买入。,20250318,3.68,20250319,3.56,-0.0362286956521739,False,20250317,20250318,3.68,3.71,3.6,3.64,3.76,-3.1915,20250319,3.67,3.68,3.55,3.56,3.64,-2.1978,20250320,3.54,3.6,3.51,3.52,3.56,-1.1236,20250321,3.52,3.87,3.46,3.87,3.52,9.9432,20250324,3.89,4.07,3.65,3.65,3.87,-5.6848,fixed_t2_close,True,,20250318,3.68,3.68368,daily_open_plus_slippage_no_l2,True,,20250319,3.56,3.5564400000000003,fixed_close,daily_price_minus_slippage_no_l2,False,0,-0.03616154541111054,-0.02892923632888843,False,-0.02892923632888843,conservative_daily_replay
20250321,1,PLAN_BUY_T1_OPEN,605336.SH,帅丰电器,sh_main,-1.0,0.8,segment_emotion_state_bucket=mixed;turnover_rate_bucket=6_10;exclude:amount_ratio_bucket=0_8_1_2;exclude:market_segment=star;exclude:amount_ratio_bucket=0_8_1_2;exclude:market_segment=star;exclude:prev_pct_chg_bucket=0_3&&market_segment=bj,profit_source_oos_resilient,fixed_t2_close,LOSS_OVERLAY_WATCH,1.0,True,True,0_5pct_1pct,0.0053416219728306,10_20,15_30,15_30,retreat_weak,mixed,mixed,before_1000,6_10,3_5,neg3_0,325880.867,8.0814,2.13,7.0,1.0,95326,144838,该候选只用于模拟盘计划，不代表实盘可买入。,20250324,21.55,20250325,19.26,-0.1098845011600927,False,20250321,20250324,21.55,21.55,20.1,20.1,22.33,-9.9866,20250325,19.38,20.1,18.98,19.26,20.1,-4.1791,20250326,19.09,19.69,18.98,19.54,19.26,1.4538,20250327,19.54,19.88,19.31,19.47,19.54,-0.3582,20250328,19.49,20.8,19.2,20.72,19.47,6.4201,fixed_t2_close,True,,20250324,21.55,21.57155,daily_open_plus_slippage_no_l2,True,,20250325,19.26,19.240740000000002,fixed_close,daily_price_minus_slippage_no_l2,False,0,-0.10967018647246012,-0.0877361491779681,False,-0.0877361491779681,conservative_daily_replay
20250327,1,PLAN_BUY_T1_OPEN,603690.SH,至纯科技,sh_main,1.7999999999999998,0.8,segment_emotion_state_bucket=mixed;turnover_rate_bucket=6_10;exclude:amount_ratio_bucket=0_8_1_2;exclude:market_segment=star;exclude:amount_ratio_bucket=0_8_1_2;exclude:market_segment=star;exclude:prev_pct_chg_bucket=0_3&&market_segment=bj,profit_source_oos_resilient,fixed_t2_close,封单/流通市值偏高,1.0,True,True,2pct_5pct,0.0210749149009946,20_40,3_8,15_30,neutral,mixed,mixed,1100_1330,6_10,2_3,0_3,888457.262,8.4901,3.23,0.0,1.0,130037,130037,该候选只用于模拟盘计划，不代表实盘可买入。,20250328,31.24,20250331,31.8,0.0143057362355955,True,20250327,20250328,31.24,31.24,30.8,31.24,28.4,10.0,20250331,31.8,34.36,31.24,31.8,31.24,1.7926,20250401,30.0,34.49,30.0,32.9,31.8,3.4591,20250402,32.9,33.68,31.33,31.48,32.9,-4.3161,20250403,30.6,31.45,28.96,29.1,31.48,-7.5604,fixed_t2_close,False,open_limit_up_unbuyable,20250328,31.24,,daily_open_limit_up_queue_rejected,False,,,,,no_buy,,False,0,0.0,0.0,False,0.0,conservative_daily_replay
20250403,1,PLAN_BUY_T1_OPEN,002800.SZ,天顺股份,sz_main,2.8,0.8,segment_emotion_state_bucket=mixed;turnover_rate_bucket=6_10;exclude:amount_ratio_bucket=0_8_1_2;exclude:market_segment=star;exclude:amount_ratio_bucket=0_8_1_2;exclude:market_segment=star;exclude:prev_pct_chg_bucket=0_3&&market_segment=bj,profit_source_oos_resilient,fixed_t2_close,封单/流通市值偏高,1.0,True,True,2pct_5pct,0.0218435747791371,20_40,8_15,30_60,neutral,mixed,mixed,1100_1330,6_10,3_5,neg3_0,124162.414,7.9345,3.24,0.0,1.0,110936,110936,该候选只用于模拟盘计划，不代表实盘可买入。,20250407,10.9,20250408,11.99,0.09638,True,20250403,20250407,10.9,11.88,10.65,10.9,11.37,-4.1337,20250408,10.7,11.99,10.7,11.99,10.9,10.0,20250409,13.19,13.19,12.85,13.19,11.99,10.0083,20250410,14.51,14.51,14.51,14.51,13.19,10.0076,20250411,14.94,15.96,13.79,14.75,14.51,1.654,fixed_t2_close,True,,20250407,10.9,10.9109,daily_open_plus_slippage_no_l2,True,,20250408,11.99,11.97801,fixed_close,daily_price_minus_slippage_no_l2,False,0,0.09618219780219768,0.07694575824175814,True,0.07694575824175814,conservative_daily_replay
20250409,1,PLAN_BUY_T1_OPEN,301066.SZ,万事利,chi_next,3.3,0.8,segment_emotion_state_bucket=mixed;turnover_rate_bucket=6_10;exclude:amount_ratio_bucket=0_8_1_2;exclude:market_segment=star;exclude:amount_ratio_bucket=0_8_1_2;exclude:market_segment=star;exclude:prev_pct_chg_bucket=0_3&&market_segment=bj,profit_source_oos_resilient,fixed_t2_close,封单/流通市值偏高,1.0,True,True,1pct_2pct,0.0153980173238723,10_20,15_30,5_15,neutral,main_rise,mixed,1100_1330,6_10,2_3,3_7,143970.562,6.2017,3.44,0.0,1.0,131930,131930,该候选只用于模拟盘计划，不代表实盘可买入。,20250410,14.0,20250411,14.55,0.0356657142857143,True,20250409,20250410,14.0,16.2,14.0,16.2,13.5,20.0,20250411,15.88,15.89,14.43,14.55,16.2,-10.1852,20250414,14.69,15.15,14.47,14.84,14.55,1.9931,20250415,14.6,14.86,14.1,14.2,14.84,-4.3127,20250416,14.39,15.11,13.96,15.0,14.2,5.6338,fixed_t2_close,True,,20250410,14.0,14.014,daily_open_plus_slippage_no_l2,True,,20250411,14.55,14.53545,fixed_close,daily_price_minus_slippage_no_l2,False,0,0.035589219352076554,0.028471375481661246,True,0.028471375481661246,conservative_daily_replay
20250410,1,PLAN_BUY_T1_OPEN,300329.SZ,海伦钢琴,chi_next,1.7999999999999998,0.8,segment_emotion_state_bucket=mixed;turnover_rate_bucket=6_10;exclude:amount_ratio_bucket=0_8_1_2;exclude:market_segment=star;exclude:amount_ratio_bucket=0_8_1_2;exclude:market_segment=star;exclude:prev_pct_chg_bucket=0_3&&market_segment=bj,profit_source_oos_resilient,fixed_t2_close,封单/流通市值偏高,1.0,True,True,1pct_2pct,0.0134618366046646,10_20,15_30,lt_5,neutral,main_rise,mixed,1100_1330,6_10,3_5,3_7,133814.019,8.5192,3.01,0.0,1.0,130712,130712,该候选只用于模拟盘计划，不代表实盘可买入。,20250411,6.65,20250414,6.85,0.0264551879699248,True,20250410,20250411,6.65,6.65,6.28,6.4,6.68,-4.1916,20250414,6.42,7.12,6.36,6.85,6.4,7.0313,20250415,6.85,6.98,6.64,6.66,6.85,-2.7737,20250416,6.66,7.05,6.5,6.61,6.66,-0.7508,20250417,6.55,6.95,6.48,6.79,6.61,2.7231,fixed_t2_close,True,,20250411,6.65,6.65665,daily_open_plus_slippage_no_l2,True,,20250414,6.85,6.84315,fixed_close,daily_price_minus_slippage_no_l2,False,0,0.026397095686268645,0.02111767654901492,True,0.02111767654901492,conservative_daily_replay
20250421,1,PLAN_BUY_T1_OPEN,301259.SZ,艾布鲁,chi_next,3.3,0.8,segment_emotion_state_bucket=mixed;turnover_rate_bucket=6_10;exclude:amount_ratio_bucket=0_8_1_2;exclude:market_segment=star;exclude:amount_ratio_bucket=0_8_1_2;exclude:market_segment=star;exclude:prev_pct_chg_bucket=0_3&&market_segment=bj,profit_source_oos_resilient,fixed_t2_close,封单/流通市值偏高,1.0,True,True,2pct_5pct,0.0309310133675854,5_10,15_30,5_15,neutral,main_rise,mixed,1100_1330,6_10,2_3,lt_neg3,287247.836,9.4999,2.32,0.0,1.0,112012,112012,该候选只用于模拟盘计划，不代表实盘可买入。,20250422,38.98,20250423,40.11,0.0253692252437147,True,20250421,20250422,38.98,41.5,38.55,40.02,39.38,1.6252,20250423,39.98,40.66,39.22,40.11,40.02,0.2249,20250424,40.09,40.24,38.21,39.86,40.11,-0.6233,20250425,39.87,41.41,38.89,38.94,39.86,-2.3081,20250428,37.37,38.21,31.15,31.36,38.94,-19.4658,fixed_t2_close,True,,20250422,38.98,39.01897999999999,daily_open_plus_slippage_no_l2,True,,20250423,40.11,40.06989,fixed_close,daily_price_minus_slippage_no_l2,False,0,0.025313302715755447,0.02025064217260436,True,0.02025064217260436,conservative_daily_replay
20250422,1,PLAN_BUY_T1_OPEN,300531.SZ,优博讯,chi_next,2.5,0.8,segment_emotion_state_bucket=mixed;turnover_rate_bucket=6_10;exclude:amount_ratio_bucket=0_8_1_2;exclude:market_segment=star;exclude:amount_ratio_bucket=0_8_1_2;exclude:market_segment=star;exclude:prev_pct_chg_bucket=0_3&&market_segment=bj,profit_source_oos_resilient,fixed_t2_close,LOSS_OVERLAY_WATCH,1.0,True,True,0_5pct_1pct,0.0091644651878293,5_10,15_30,5_15,neutral,main_rise,mixed,before_1000,6_10,2_3,3_7,304321.183,6.5689,2.71,0.0,1.0,93706,93706,该候选只用于模拟盘计划，不代表实盘可买入。,20250423,15.64,20250424,14.03,-0.1065611764705883,False,20250422,20250423,15.64,16.19,14.52,14.61,15.18,-3.7549,20250424,14.54,14.68,13.92,14.03,14.61,-3.9699,20250425,14.3,15.43,14.3,14.41,14.03,2.7085,20250428,15.39,16.66,15.23,15.62,14.41,8.3969,20250429,15.17,15.35,14.81,14.9,15.62,-4.6095,fixed_t2_close,True,,20250423,15.64,15.655639999999998,daily_open_plus_slippage_no_l2,True,,20250424,14.03,14.01597,fixed_close,daily_price_minus_slippage_no_l2,False,0,-0.10635350179232521,-0.08508280143386017,False,-0.08508280143386017,conservative_daily_replay
20250428,1,PLAN_BUY_T1_OPEN,600281.SH,华阳新材,sh_main,-1.0,0.8,segment_emotion_state_bucket=mixed;turnover_rate_bucket=6_10;exclude:amount_ratio_bucket=0_8_1_2;exclude:market_segment=star;exclude:amount_ratio_bucket=0_8_1_2;exclude:market_segment=star;exclude:prev_pct_chg_bucket=0_3&&market_segment=bj,profit_source_oos_resilient,fixed_t2_close,封单/流通市值偏高,1.0,True,True,1pct_2pct,0.0122100412487434,10_20,8_15,30_60,retreat_weak,mixed,mixed,open_auction,6_10,3_5,0_3,130515.497,7.0573,4.78,3.0,1.0,93032,101829,该候选只用于模拟盘计划，不代表实盘可买入。,20250429,3.68,20250430,4.25,0.1512713043478259,True,20250428,20250429,3.68,4.03,3.65,4.03,3.66,10.1093,20250430,4.16,4.43,3.98,4.25,4.03,5.4591,20250506,3.98,4.68,3.97,4.68,4.25,10.1176,20250507,4.64,5.14,4.51,4.99,4.68,6.6239,20250508,4.77,4.99,4.54,4.73,4.99,-5.2104,fixed_t2_close,True,,20250429,3.68,3.68368,daily_open_plus_slippage_no_l2,True,,20250430,4.25,4.24575,fixed_close,daily_price_minus_slippage_no_l2,False,0,0.15096382921426404,0.12077106337141125,True,0.12077106337141125,conservative_daily_replay
20250507,1,PLAN_BUY_T1_OPEN,300507.SZ,苏奥传感,chi_next,2.0,0.8,segment_emotion_state_bucket=mixed;turnover_rate_bucket=6_10;exclude:amount_ratio_bucket=0_8_1_2;exclude:market_segment=star;exclude:amount_ratio_bucket=0_8_1_2;exclude:market_segment=star;exclude:prev_pct_chg_bucket=0_3&&market_segment=bj,profit_source_oos_resilient,fixed_t2_close,封单/流通市值偏高,1.0,True,True,1pct_2pct,0.0152633087077918,5_10,15_30,lt_5,neutral,mixed,mixed,open_auction,6_10,3_5,neg3_0,606437.419,9.1149,2.49,1.0,1.0,92500,94333,该候选只用于模拟盘计划，不代表实盘可买入。,20250508,8.9,20250509,8.99,0.0064923595505618,True,20250507,20250508,8.9,9.39,8.5,8.61,8.74,-1.4874,20250509,8.5,9.21,8.33,8.99,8.61,4.4135,20250512,8.9,9.3,8.6,9.02,8.99,0.3337,20250513,9.0,9.04,8.54,8.61,9.02,-4.5455,20250514,8.58,8.62,8.37,8.4,8.61,-2.439,fixed_t2_close,True,,20250508,8.9,8.9089,daily_open_plus_slippage_no_l2,True,,20250509,8.99,8.98101,fixed_close,daily_price_minus_slippage_no_l2,False,0,0.006474153037973229,0.0051793224303785836,True,0.0051793224303785836,conservative_daily_replay
20250512,1,PLAN_BUY_T1_OPEN,603579.SH,荣泰健康,sh_main,2.8,0.8,segment_emotion_state_bucket=mixed;turnover_rate_bucket=6_10;exclude:amount_ratio_bucket=0_8_1_2;exclude:market_segment=star;exclude:amount_ratio_bucket=0_8_1_2;exclude:market_segment=star;exclude:prev_pct_chg_bucket=0_3&&market_segment=bj,profit_source_oos_resilient,fixed_t2_close,封单/流通市值偏高,1.0,True,True,1pct_2pct,0.0112682561384361,10_20,3_8,lt_5,neutral,mixed,mixed,1100_1330,6_10,lt_0_8,lt_neg3,458998.671,9.9415,1.2,0.0,1.0,130609,130609,该候选只用于模拟盘计划，不代表实盘可买入。,20250513,27.72,20250514,27.02,-0.0288725252525251,False,20250512,20250513,27.72,27.75,26.39,27.3,27.06,0.8869,20250514,27.0,27.68,26.6,27.02,27.3,-1.0256,20250515,26.81,26.85,25.45,26.0,27.02,-3.775,20250516,25.63,27.25,25.63,26.7,26.0,2.6923,20250519,26.7,27.12,25.79,26.19,26.7,-1.9101,fixed_t2_close,True,,20250513,27.72,27.747719999999997,daily_open_plus_slippage_no_l2,True,,20250514,27.02,26.99298,fixed_close,daily_price_minus_slippage_no_l2,False,0,-0.0288200726546181,-0.023056058123694483,False,-0.023056058123694483,conservative_daily_replay
20250513,1,PLAN_BUY_T1_OPEN,603630.SH,拉芳家化,sh_main,-0.19999999999999996,0.8,segment_emotion_state_bucket=mixed;turnover_rate_bucket=6_10;exclude:amount_ratio_bucket=0_8_1_2;exclude:market_segment=star;exclude:amount_ratio_bucket=0_8_1_2;exclude:market_segment=star;exclude:prev_pct_chg_bucket=0_3&&market_segment=bj,profit_source_oos_resilient,fixed_t2_close,封单/流通市值偏高,1.0,True,True,1pct_2pct,0.0142364776908867,10_20,8_15,lt_5,retreat_weak,mixed,mixed,1100_1330,6_10,1_2_2,neg3_0,321494.376,7.6578,1.48,0.0,1.0,112429,112429,该候选只用于模拟盘计划，不代表实盘可买入。,20250514,19.37,20250515,21.97,0.1306081879194628,True,20250513,20250514,19.37,20.6,18.98,19.97,19.37,3.0976,20250515,19.86,21.97,19.75,21.97,19.97,10.015,20250516,23.0,23.62,21.88,22.62,21.97,2.9586,20250519,22.1,24.88,21.61,24.88,22.62,9.9912,20250520,26.02,27.37,25.41,27.37,24.88,10.008,fixed_t2_close,True,,20250514,19.37,19.38937,daily_open_plus_slippage_no_l2,True,,20250515,21.97,21.94803,fixed_close,daily_price_minus_slippage_no_l2,False,0,0.13034199773380978,0.10427359818704783,True,0.10427359818704783,conservative_daily_replay
20250515,1,PLAN_BUY_T1_OPEN,003010.SZ,若羽臣,sz_main,1.7999999999999998,0.8,segment_emotion_state_bucket=mixed;turnover_rate_bucket=6_10;exclude:amount_ratio_bucket=0_8_1_2;exclude:market_segment=star;exclude:amount_ratio_bucket=0_8_1_2;exclude:market_segment=star;exclude:prev_pct_chg_bucket=0_3&&market_segment=bj,profit_source_oos_resilient,fixed_t2_close,封单/流通市值偏高,1.0,True,True,1pct_2pct,0.0121587643408568,10_20,15_30,lt_5,neutral,mixed,mixed,1100_1330,6_10,1_2_2,0_3,493424.274,7.4277,1.46,0.0,1.0,112709,112709,该候选只用于模拟盘计划，不代表实盘可买入。,20250516,58.0,20250519,59.57,0.0234489655172413,True,20250515,20250516,58.0,60.6,55.66,57.64,57.09,0.9634,20250519,56.02,62.5,55.5,59.57,57.64,3.3484,20250520,59.27,65.0,58.46,64.51,59.57,8.2928,20250521,62.0,67.73,61.2,65.6,64.51,1.6897,20250522,65.0,67.59,62.3,62.52,65.6,-4.6951,fixed_t2_close,True,,20250516,58.0,58.05799999999999,daily_open_plus_slippage_no_l2,True,,20250519,59.57,59.51043,fixed_close,daily_price_minus_slippage_no_l2,False,0,0.02339687967205224,0.01871750373764179,True,0.01871750373764179,conservative_daily_replay
20250526,1,PLAN_BUY_T1_OPEN,301003.SZ,江苏博云,chi_next,0.0,0.8,segment_emotion_state_bucket=mixed;turnover_rate_bucket=6_10;exclude:amount_ratio_bucket=0_8_1_2;exclude:market_segment=star;exclude:amount_ratio_bucket=0_8_1_2;exclude:market_segment=star;exclude:prev_pct_chg_bucket=0_3&&market_segment=bj,profit_source_oos_resilient,fixed_t2_close,封单/流通市值偏高,1.0,True,True,2pct_5pct,0.0379868771437025,5_10,8_15,lt_5,warming_2day,warming,mixed,1000_1100,6_10,1_2_2,neg3_0,247702.48,9.9333,1.1,0.0,1.0,101724,101724,该候选只用于模拟盘计划，不代表实盘可买入。,20250527,35.18,20250528,33.52,-0.050805901080159,False,20250526,20250527,35.18,35.79,32.32,34.1,35.1,-2.849,20250528,32.95,34.44,32.53,33.52,34.1,-1.7009,20250529,33.0,33.2,31.51,32.5,33.52,-3.043,20250530,31.89,31.96,29.37,29.62,32.5,-8.8615,20250603,29.25,30.23,28.91,29.82,29.62,0.6752,fixed_t2_close,True,,20250527,35.18,35.21518,daily_open_plus_slippage_no_l2,True,,20250528,33.52,33.48648,fixed_close,daily_price_minus_slippage_no_l2,False,0,-0.05070962555352536,-0.04056770044282029,False,-0.04056770044282029,conservative_daily_replay
20250529,1,PLAN_BUY_T1_OPEN,301024.SZ,霍普股份,chi_next,1.7999999999999998,0.8,segment_emotion_state_bucket=mixed;turnover_rate_bucket=6_10;exclude:amount_ratio_bucket=0_8_1_2;exclude:market_segment=star;exclude:amount_ratio_bucket=0_8_1_2;exclude:market_segment=star;exclude:prev_pct_chg_bucket=0_3&&market_segment=bj,profit_source_oos_resilient,fixed_t2_close,封单/流通市值偏高,1.0,True,True,2pct_5pct,0.0241155455510663,10_20,15_30,5_15,neutral,main_rise,mixed,1100_1330,6_10,gte_5,neg3_0,171926.401,7.962,4.96,0.0,1.0,130003,130003,该候选只用于模拟盘计划，不代表实盘可买入。,20250530,45.56,20250603,51.8,0.1333422475856013,True,20250529,20250530,45.56,45.56,45.56,45.56,37.97,19.9895,20250603,51.41,54.67,50.06,51.8,45.56,13.6962,20250604,47.54,51.0,44.43,46.2,51.8,-10.8108,20250605,44.54,52.66,43.15,48.3,46.2,4.5455,20250606,44.44,46.18,40.96,41.35,48.3,-14.3892,fixed_t2_close,False,open_limit_up_unbuyable,20250530,45.56,,daily_open_limit_up_queue_rejected,False,,,,,no_buy,,False,0,0.0,0.0,False,0.0,conservative_daily_replay
20250530,1,PLAN_BUY_T1_OPEN,600543.SH,莫高股份,sh_main,-0.19999999999999996,0.8,segment_emotion_state_bucket=mixed;turnover_rate_bucket=6_10;exclude:amount_ratio_bucket=0_8_1_2;exclude:market_segment=star;exclude:amount_ratio_bucket=0_8_1_2;exclude:market_segment=star;exclude:prev_pct_chg_bucket=0_3&&market_segment=bj,profit_source_oos_resilient,fixed_t2_close,封单/流通市值偏高,1.0,True,True,2pct_5pct,0.0250920185600398,10_20,15_30,15_30,retreat_weak,mixed,mixed,1100_1330,6_10,3_5,0_3,116275.93,6.1915,2.41,0.0,1.0,111509,111509,该候选只用于模拟盘计划，不代表实盘可买入。,20250603,6.6,20250604,5.89,-0.1111957575757575,False,20250530,20250603,6.6,6.6,6.01,6.04,6.0,0.6667,20250604,5.73,5.95,5.65,5.89,6.04,-2.4834,20250605,5.82,5.92,5.61,5.73,5.89,-2.7165,20250606,5.75,5.75,5.5,5.65,5.73,-1.3962,20250609,5.65,5.81,5.61,5.79,5.65,2.4779,fixed_t2_close,False,open_limit_up_unbuyable,20250603,6.6,,daily_open_limit_up_queue_rejected,False,,,,,no_buy,,False,0,0.0,0.0,False,0.0,conservative_daily_replay
20250609,1,PLAN_BUY_T1_OPEN,300255.SZ,常山药业,chi_next,2.0,0.8,segment_emotion_state_bucket=mixed;turnover_rate_bucket=6_10;exclude:amount_ratio_bucket=0_8_1_2;exclude:market_segment=star;exclude:amount_ratio_bucket=0_8_1_2;exclude:market_segment=star;exclude:prev_pct_chg_bucket=0_3&&market_segment=bj,profit_source_oos_resilient,fixed_t2_close,无,1.0,True,True,0_1pct_0_3pct,0.0012438421098156,5_10,8_15,lt_5,neutral,mixed,mixed,1000_1100,6_10,1_2_2,gte_10,3531963.41,7.7461,1.24,35.0,1.0,101218,135009,该候选只用于模拟盘计划，不代表实盘可买入。,20250610,50.99,20250611,50.55,-0.0122491429692096,False,20250609,20250610,50.99,53.57,50.2,50.45,52.09,-3.1484,20250611,51.6,52.0,46.73,50.55,50.45,0.1982,20250612,51.84,54.0,50.7,52.42,50.55,3.6993,20250613,51.06,53.5,50.38,50.75,52.42,-3.1858,20250616,51.79,53.25,50.45,52.13,50.75,2.7192,fixed_t2_close,True,,20250610,50.99,51.040989999999994,daily_open_plus_slippage_no_l2,True,,20250611,50.55,50.499449999999996,fixed_close,daily_price_minus_slippage_no_l2,False,0,-0.012229903922318087,-0.00978392313785447,False,-0.00978392313785447,conservative_daily_replay
20250610,1,PLAN_BUY_T1_OPEN,600353.SH,旭光电子,sh_main,-1.0,0.8,segment_emotion_state_bucket=mixed;turnover_rate_bucket=6_10;exclude:amount_ratio_bucket=0_8_1_2;exclude:market_segment=star;exclude:amount_ratio_bucket=0_8_1_2;exclude:market_segment=star;exclude:prev_pct_chg_bucket=0_3&&market_segment=bj,profit_source_oos_resilient,fixed_t2_close,LOSS_OVERLAY_WATCH,1.0,True,True,0_5pct_1pct,0.0087922560978085,20_40,8_15,lt_5,retreat_weak,mixed,mixed,before_1000,6_10,1_2_2,gte_10,838760.716,8.5761,1.5,2.0,2.0,93232,132753,该候选只用于模拟盘计划，不代表实盘可买入。,20250611,11.72,20250612,13.17,0.1201001365187712,True,20250610,20250611,11.72,13.11,11.63,12.53,11.92,5.1174,20250612,12.78,13.59,12.05,13.17,12.53,5.1077,20250613,12.71,14.48,12.56,13.87,13.17,5.3151,20250616,14.14,14.43,13.42,14.04,13.87,1.2257,20250617,13.75,13.97,13.0,13.2,14.04,-5.9829,fixed_t2_close,True,,20250611,11.72,11.73172,daily_open_plus_slippage_no_l2,True,,20250612,13.17,13.15683,fixed_close,daily_price_minus_slippage_no_l2,False,0,0.11985494144081184,0.09588395315264947,True,0.09588395315264947,conservative_daily_replay
20250619,1,PLAN_BUY_T1_OPEN,605268.SH,王力安防,sh_main,-1.0,0.8,segment_emotion_state_bucket=mixed;turnover_rate_bucket=6_10;exclude:amount_ratio_bucket=0_8_1_2;exclude:market_segment=star;exclude:amount_ratio_bucket=0_8_1_2;exclude:market_segment=star;exclude:prev_pct_chg_bucket=0_3&&market_segment=bj,profit_source_oos_resilient,fixed_t2_close,LOSS_OVERLAY_WATCH,1.0,True,True,0_3pct_0_5pct,0.0039449732548542,10_20,3_8,15_30,retreat_2day,retreat,mixed,before_1000,6_10,2_3,neg3_0,278080.592,6.5379,3.51,2.0,1.0,93429,112844,该候选只用于模拟盘计划，不代表实盘可买入。,20250620,9.75,20250623,9.48,-0.0313123076923076,False,20250619,20250620,9.75,9.98,9.37,9.43,9.92,-4.9395,20250623,9.36,9.51,9.03,9.48,9.43,0.5302,20250624,9.45,9.47,9.25,9.35,9.48,-1.3713,20250625,9.26,9.72,9.26,9.46,9.35,1.1765,20250626,9.32,9.45,9.16,9.44,9.46,-0.2114,fixed_t2_close,True,,20250620,9.75,9.759749999999999,daily_open_plus_slippage_no_l2,True,,20250623,9.48,9.47052,fixed_close,daily_price_minus_slippage_no_l2,False,0,-0.03125498040421097,-0.02500398432336878,False,-0.02500398432336878,conservative_daily_replay
20250701,1,PLAN_BUY_T1_OPEN,300030.SZ,阳普医疗,chi_next,3.5,0.8,segment_emotion_state_bucket=mixed;turnover_rate_bucket=6_10;exclude:amount_ratio_bucket=0_8_1_2;exclude:market_segment=star;exclude:amount_ratio_bucket=0_8_1_2;exclude:market_segment=star;exclude:prev_pct_chg_bucket=0_3&&market_segment=bj,profit_source_oos_resilient,fixed_t2_close,封单/流通市值偏高;LOSS_OVERLAY_WATCH,1.0,True,True,1pct_2pct,0.0167529305029042,5_10,8_15,5_15,neutral,mixed,mixed,before_1000,6_10,3_5,0_3,209390.543,9.9921,4.29,0.0,1.0,93857,93857,该候选只用于模拟盘计划，不代表实盘可买入。,20250702,8.5,20250703,7.8,-0.0859729411764706,False,20250701,20250702,8.5,8.65,7.65,7.87,8.24,-4.4903,20250703,7.72,8.06,7.51,7.8,7.87,-0.8895,20250704,7.8,8.56,7.78,7.99,7.8,2.4359,20250707,7.78,9.36,7.68,8.78,7.99,9.8874,20250708,8.38,8.55,8.17,8.52,8.78,-2.9613,fixed_t2_close,True,,20250702,8.5,8.5085,daily_open_plus_slippage_no_l2,True,,20250703,7.8,7.7922,fixed_close,daily_price_minus_slippage_no_l2,False,0,-0.0858064018334606,-0.06864512146676847,False,-0.06864512146676847,conservative_daily_replay
20250709,1,PLAN_BUY_T1_OPEN,605500.SH,森林包装,sh_main,2.0,0.8,segment_emotion_state_bucket=mixed;turnover_rate_bucket=6_10;exclude:amount_ratio_bucket=0_8_1_2;exclude:market_segment=star;exclude:amount_ratio_bucket=0_8_1_2;exclude:market_segment=star;exclude:prev_pct_chg_bucket=0_3&&market_segment=bj,profit_source_oos_resilient,fixed_t2_close,封单/流通市值偏高,1.0,True,True,1pct_2pct,0.0141687063957672,20_40,15_30,lt_5,neutral,mixed,mixed,open_auction,6_10,3_5,gte_10,434922.223,8.8998,2.49,3.0,5.0,93040,93328,该候选只用于模拟盘计划，不代表实盘可买入。,20250710,12.5,20250711,12.0,-0.04362,False,20250709,20250710,12.5,13.28,11.52,13.28,12.07,10.0249,20250711,13.82,14.61,11.95,12.0,13.28,-9.6386,20250714,11.5,13.2,11.1,13.2,12.0,10.0,20250715,13.11,13.98,11.88,12.22,13.2,-7.4242,20250716,12.36,13.44,12.27,13.44,12.22,9.9836,fixed_t2_close,True,,20250710,12.5,12.5125,daily_open_plus_slippage_no_l2,True,,20250711,12.0,11.988,fixed_close,daily_price_minus_slippage_no_l2,False,0,-0.04353808191808188,-0.034830465534465505,False,-0.034830465534465505,conservative_daily_replay
20250721,1,PLAN_BUY_T1_OPEN,301038.SZ,深水规院,chi_next,1.0,0.8,segment_emotion_state_bucket=mixed;turnover_rate_bucket=6_10;exclude:amount_ratio_bucket=0_8_1_2;exclude:market_segment=star;exclude:amount_ratio_bucket=0_8_1_2;exclude:market_segment=star;exclude:prev_pct_chg_bucket=0_3&&market_segment=bj,profit_source_oos_resilient,fixed_t2_close,封单/流通市值偏高;LOSS_OVERLAY_WATCH,1.0,True,True,2pct_5pct,0.0253938093214849,10_20,8_15,lt_5,neutral,main_rise,mixed,before_1000,6_10,2_3,0_3,388819.857,9.2204,2.75,0.0,1.0,93212,93212,该候选只用于模拟盘计划，不代表实盘可买入。,20250722,22.0,20250723,27.82,0.2609254545454546,True,20250721,20250722,22.0,23.18,21.24,23.18,19.32,19.9793,20250723,25.5,27.82,25.01,27.82,23.18,20.0173,20250724,27.0,33.38,26.75,33.38,27.82,19.9856,20250725,30.64,31.8,26.7,26.7,33.38,-20.012,20250728,26.0,26.36,24.8,25.56,26.7,-4.2697,fixed_t2_close,True,,20250722,22.0,22.022,daily_open_plus_slippage_no_l2,True,,20250723,27.82,27.792180000000002,fixed_close,daily_price_minus_slippage_no_l2,False,0,0.26039889020070855,0.20831911216056687,True,0.20831911216056687,conservative_daily_replay
20250801,1,PLAN_BUY_T1_OPEN,600671.SH,天目药业,sh_main,0.5,0.8,segment_emotion_state_bucket=mixed;turnover_rate_bucket=6_10;exclude:amount_ratio_bucket=0_8_1_2;exclude:market_segment=star;exclude:amount_ratio_bucket=0_8_1_2;exclude:market_segment=star;exclude:prev_pct_chg_bucket=0_3&&market_segment=bj,profit_source_oos_resilient,fixed_t2_close,封单/流通市值偏高,1.0,True,True,2pct_5pct,0.0240908981721072,10_20,8_15,5_15,retreat_2day,retreat,mixed,1330_1430,6_10,2_3,neg3_0,178238.588,9.8996,1.41,0.0,1.0,133633,133633,该候选只用于模拟盘计划，不代表实盘可买入。,20250804,15.44,20250805,15.04,-0.0295267357512953,False,20250801,20250804,15.44,16.11,15.12,15.56,15.36,1.3021,20250805,15.49,15.56,15.0,15.04,15.56,-3.3419,20250806,15.1,15.1,14.67,14.71,15.04,-2.1941,20250807,14.82,15.06,14.6,14.6,14.71,-0.7478,20250808,14.59,15.0,14.37,14.91,14.6,2.1233,fixed_t2_close,True,,20250804,15.44,15.455439999999998,daily_open_plus_slippage_no_l2,True,,20250805,15.04,15.024959999999998,fixed_close,daily_price_minus_slippage_no_l2,False,0,-0.02947297603950454,-0.023578380831603633,False,-0.023578380831603633,conservative_daily_replay
20250806,1,PLAN_BUY_T1_OPEN,002885.SZ,京泉华,sz_main,3.5,0.8,segment_emotion_state_bucket=mixed;turnover_rate_bucket=6_10;exclude:amount_ratio_bucket=0_8_1_2;exclude:market_segment=star;exclude:amount_ratio_bucket=0_8_1_2;exclude:market_segment=star;exclude:prev_pct_chg_bucket=0_3&&market_segment=bj,profit_source_oos_resilient,fixed_t2_close,封单/流通市值偏高;LOSS_OVERLAY_WATCH,1.0,True,True,1pct_2pct,0.0128726520511501,20_40,8_15,5_15,neutral,mixed,mixed,before_1000,6_10,3_5,0_3,354106.217,9.615,3.06,1.0,1.0,94618,94918,该候选只用于模拟盘计划，不代表实盘可买入。,20250807,16.08,20250808,15.67,-0.0291175124378108,False,20250806,20250807,16.08,16.12,15.45,15.67,16.1,-2.6708,20250808,15.69,15.95,15.5,15.67,15.67,0.0,20250811,15.88,16.39,15.72,16.34,15.67,4.2757,20250812,16.12,16.2,15.97,16.2,16.34,-0.8568,20250813,16.19,16.34,15.71,16.02,16.2,-1.1111,fixed_t2_close,True,,20250807,16.08,16.096079999999997,daily_open_plus_slippage_no_l2,True,,20250808,15.67,15.65433,fixed_close,daily_price_minus_slippage_no_l2,False,0,-0.029064570355017905,-0.023251656284014325,False,-0.023251656284014325,conservative_daily_replay
20250807,1,PLAN_BUY_T1_OPEN,603959.SH,百利科技,sh_main,4.3,0.8,segment_emotion_state_bucket=mixed;turnover_rate_bucket=6_10;exclude:amount_ratio_bucket=0_8_1_2;exclude:market_segment=star;exclude:amount_ratio_bucket=0_8_1_2;exclude:market_segment=star;exclude:prev_pct_chg_bucket=0_3&&market_segment=bj,profit_source_oos_resilient,fixed_t2_close,封单/流通市值偏高,1.0,True,True,2pct_5pct,0.020557341737971,20_40,8_15,5_15,neutral,mixed,mixed,1100_1330,6_10,1_2_2,neg3_0,251590.372,9.1037,1.36,0.0,1.0,110508,110508,该候选只用于模拟盘计划，不代表实盘可买入。,20250808,6.09,20250811,5.77,-0.0561651559934319,False,20250807,20250808,6.09,6.18,5.68,5.68,5.85,-2.906,20250811,5.91,6.15,5.74,5.77,5.68,1.5845,20250812,5.9,5.92,5.59,5.65,5.77,-2.0797,20250813,5.69,5.7,5.52,5.69,5.65,0.708,20250814,5.7,5.73,5.45,5.46,5.69,-4.0422,fixed_t2_close,True,,20250808,6.09,6.096089999999999,daily_open_plus_slippage_no_l2,True,,20250811,5.77,5.7642299999999995,fixed_close,daily_price_minus_slippage_no_l2,False,0,-0.05605817266477357,-0.04484653813181886,False,-0.04484653813181886,conservative_daily_replay
20250811,1,PLAN_BUY_T1_OPEN,300993.SZ,玉马科技,chi_next,0.0,0.8,segment_emotion_state_bucket=mixed;turnover_rate_bucket=6_10;exclude:amount_ratio_bucket=0_8_1_2;exclude:market_segment=star;exclude:amount_ratio_bucket=0_8_1_2;exclude:market_segment=star;exclude:prev_pct_chg_bucket=0_3&&market_segment=bj,profit_source_oos_resilient,fixed_t2_close,封单/流通市值偏高;LOSS_OVERLAY_WATCH,1.0,True,True,1pct_2pct,0.0187587376430629,5_10,15_30,lt_5,warming_2day,warming,mixed,before_1000,6_10,1_2_2,neg3_0,422948.582,9.6258,1.06,0.0,1.0,94521,94521,该候选只用于模拟盘计划，不代表实盘可买入。,20250812,19.1,20250813,18.93,-0.0125205235602095,False,20250811,20250812,19.1,19.53,18.02,18.39,19.09,-3.6668,20250813,18.4,19.06,17.94,18.93,18.39,2.9364,20250814,18.68,19.57,18.26,18.3,18.93,-3.3281,20250815,18.7,19.98,18.22,18.39,18.3,0.4918,20250818,18.5,18.75,17.92,18.02,18.39,-2.012,fixed_t2_close,True,,20250812,19.1,19.1191,daily_open_plus_slippage_no_l2,True,,20250813,18.93,18.91107,fixed_close,daily_price_minus_slippage_no_l2,False,0,-0.012500742294354873,-0.0100005938354839,False,-0.0100005938354839,conservative_daily_replay
20250812,1,PLAN_BUY_T1_OPEN,603090.SH,宏盛股份,sh_main,2.8,0.8,segment_emotion_state_bucket=mixed;turnover_rate_bucket=6_10;exclude:amount_ratio_bucket=0_8_1_2;exclude:market_segment=star;exclude:amount_ratio_bucket=0_8_1_2;exclude:market_segment=star;exclude:prev_pct_chg_bucket=0_3&&market_segment=bj,profit_source_oos_resilient,fixed_t2_close,封单/流通市值偏高,1.0,True,True,2pct_5pct,0.0215071199434229,20_40,15_30,lt_5,neutral,mixed,mixed,1100_1330,6_10,2_3,0_3,255203.039,7.4137,2.19,0.0,1.0,131243,131243,该候选只用于模拟盘计划，不代表实盘可买入。,20250813,36.0,20250814,35.04,-0.0302866666666667,False,20250812,20250813,36.0,36.53,34.64,35.78,35.35,1.2164,20250814,35.48,37.35,34.71,35.04,35.78,-2.0682,20250815,35.37,36.68,34.71,35.6,35.04,1.5982,20250818,34.95,35.23,32.04,32.55,35.6,-8.5674,20250819,32.29,34.48,31.87,32.58,32.55,0.0922,fixed_t2_close,True,,20250813,36.0,36.035999999999994,daily_open_plus_slippage_no_l2,True,,20250814,35.04,35.00496,fixed_close,daily_price_minus_slippage_no_l2,False,0,-0.030231388611388566,-0.024185110889110854,False,-0.024185110889110854,conservative_daily_replay
20250818,1,PLAN_BUY_T1_OPEN,300049.SZ,福瑞股份,chi_next,-1.0,0.8,segment_emotion_state_bucket=mixed;turnover_rate_bucket=6_10;exclude:amount_ratio_bucket=0_8_1_2;exclude:market_segment=star;exclude:amount_ratio_bucket=0_8_1_2;exclude:market_segment=star;exclude:prev_pct_chg_bucket=0_3&&market_segment=bj,profit_source_oos_resilient,fixed_t2_close,LOSS_OVERLAY_WATCH,1.0,True,True,0_5pct_1pct,0.0062757669289879,10_20,15_30,lt_5,warming_2day,warming,mixed,before_1000,6_10,2_3,3_7,1232099.266,8.8833,2.57,3.0,1.0,93330,94345,该候选只用于模拟盘计划，不代表实盘可买入。,20250819,66.68,20250820,71.3,0.0656661427714455,True,20250818,20250819,66.68,72.23,66.68,72.23,60.19,20.0033,20250820,72.23,77.77,66.0,71.3,72.23,-1.2876,20250821,70.01,73.88,65.0,68.0,71.3,-4.6283,20250822,67.5,68.8,63.4,64.32,68.0,-5.4118,20250825,63.01,65.28,62.63,63.2,64.32,-1.7413,fixed_t2_close,True,,20250819,66.68,66.74668,daily_open_plus_slippage_no_l2,True,,20250820,71.3,71.2287,fixed_close,daily_price_minus_slippage_no_l2,False,0,0.0655297069217526,0.05242376553740208,True,0.05242376553740208,conservative_daily_replay
20250819,1,PLAN_BUY_T1_OPEN,301321.SZ,翰博高新,chi_next,2.5,0.8,segment_emotion_state_bucket=mixed;turnover_rate_bucket=6_10;exclude:amount_ratio_bucket=0_8_1_2;exclude:market_segment=star;exclude:amount_ratio_bucket=0_8_1_2;exclude:market_segment=star;exclude:prev_pct_chg_bucket=0_3&&market_segment=bj,profit_source_oos_resilient,fixed_t2_close,封单/流通市值偏高;LOSS_OVERLAY_WATCH,1.0,True,True,2pct_5pct,0.0207705290240126,5_10,15_30,5_15,neutral,main_rise,mixed,before_1000,6_10,2_3,0_3,167048.639,6.0412,2.91,0.0,1.0,93327,93327,该候选只用于模拟盘计划，不代表实盘可买入。,20250820,19.99,20250821,18.18,-0.094165272636318,False,20250819,20250820,19.99,20.5,17.86,18.19,19.32,-5.8489,20250821,18.1,18.85,17.85,18.18,18.19,-0.055,20250822,18.82,19.59,18.05,18.19,18.18,0.055,20250825,18.13,18.24,17.64,17.8,18.19,-2.144,20250826,17.81,18.13,17.64,17.93,17.8,0.7303,fixed_t2_close,True,,20250820,19.99,20.009989999999995,daily_open_plus_slippage_no_l2,True,,20250821,18.18,18.16182,fixed_close,daily_price_minus_slippage_no_l2,False,0,-0.093982364998683,-0.0751858919989464,False,-0.0751858919989464,conservative_daily_replay
20250821,1,PLAN_BUY_T1_OPEN,000753.SZ,漳州发展,sz_main,0.5,0.8,segment_emotion_state_bucket=mixed;turnover_rate_bucket=6_10;exclude:amount_ratio_bucket=0_8_1_2;exclude:market_segment=star;exclude:amount_ratio_bucket=0_8_1_2;exclude:market_segment=star;exclude:prev_pct_chg_bucket=0_3&&market_segment=bj,profit_source_oos_resilient,fixed_t2_close,封单/流通市值偏高,1.0,True,True,1pct_2pct,0.0175125217812497,20_40,8_15,5_15,retreat_weak,mixed,mixed,1000_1100,6_10,1_2_2,neg3_0,506631.365,8.149,1.86,0.0,1.0,103606,103606,该候选只用于模拟盘计划，不代表实盘可买入。,20250822,6.65,20250825,7.28,0.0911168421052632,True,20250821,20250822,6.65,6.8,6.4,6.62,6.44,2.795,20250825,6.56,7.28,6.56,7.28,6.62,9.9698,20250826,7.28,7.58,7.08,7.44,7.28,2.1978,20250827,7.32,7.57,7.14,7.15,7.44,-3.8978,20250828,7.17,7.24,6.85,7.04,7.15,-1.5385,fixed_t2_close,True,,20250822,6.65,6.65665,daily_open_plus_slippage_no_l2,True,,20250825,7.28,7.2727200000000005,fixed_close,daily_price_minus_slippage_no_l2,False,0,0.0909295557074505,0.0727436445659604,True,0.0727436445659604,conservative_daily_replay
20250827,1,PLAN_BUY_T1_OPEN,002053.SZ,云南能投,sz_main,1.2999999999999998,0.8,segment_emotion_state_bucket=mixed;turnover_rate_bucket=6_10;exclude:amount_ratio_bucket=0_8_1_2;exclude:market_segment=star;exclude:amount_ratio_bucket=0_8_1_2;exclude:market_segment=star;exclude:prev_pct_chg_bucket=0_3&&market_segment=bj,profit_source_oos_resilient,fixed_t2_close,无,1.0,True,True,lt_0_1pct,0.0003610206566235,10_20,8_15,5_15,retreat_2day,retreat,mixed,1100_1330,6_10,3_5,0_3,683656.895,6.1647,2.54,8.0,1.0,130330,145524,该候选只用于模拟盘计划，不代表实盘可买入。,20250828,12.61,20250829,14.99,0.1851190959555907,True,20250827,20250828,12.61,13.63,12.6,13.63,12.39,10.0081,20250829,13.49,14.99,13.49,14.99,13.63,9.978,20250901,15.14,15.2,14.02,14.47,14.99,-3.469,20250902,14.26,14.37,13.71,13.91,14.47,-3.8701,20250903,14.05,14.66,13.6,13.74,13.91,-1.2221,fixed_t2_close,True,,20250828,12.61,12.622609999999998,daily_open_plus_slippage_no_l2,True,,20250829,14.99,14.975010000000001,fixed_close,daily_price_minus_slippage_no_l2,False,0,0.18474399286676862,0.1477951942934149,True,0.1477951942934149,conservative_daily_replay
20250829,1,PLAN_BUY_T1_OPEN,002692.SZ,远程股份,sz_main,2.3,0.8,segment_emotion_state_bucket=mixed;turnover_rate_bucket=6_10;exclude:amount_ratio_bucket=0_8_1_2;exclude:market_segment=star;exclude:amount_ratio_bucket=0_8_1_2;exclude:market_segment=star;exclude:prev_pct_chg_bucket=0_3&&market_segment=bj,profit_source_oos_resilient,fixed_t2_close,封单/流通市值偏高,1.0,True,True,2pct_5pct,0.0237727553396847,20_40,8_15,5_15,warming_2day,warming,mixed,1100_1330,6_10,1_2_2,neg3_0,407872.906,9.6273,0.81,0.0,1.0,130103,130103,该候选只用于模拟盘计划，不代表实盘可买入。,20250901,6.09,20250902,5.91,-0.0331766502463053,False,20250829,20250901,6.09,6.18,5.89,5.99,6.14,-2.443,20250902,5.96,6.06,5.83,5.91,5.99,-1.3356,20250903,5.94,6.01,5.76,5.83,5.91,-1.3536,20250904,6.0,6.26,5.71,5.87,5.83,0.6861,20250905,5.71,6.22,5.62,6.02,5.87,2.5554,fixed_t2_close,True,,20250901,6.09,6.096089999999999,daily_open_plus_slippage_no_l2,True,,20250902,5.91,5.90409,fixed_close,daily_price_minus_slippage_no_l2,False,0,-0.033115597998060894,-0.02649247839844872,False,-0.02649247839844872,conservative_daily_replay
20250901,1,PLAN_BUY_T1_OPEN,301193.SZ,家联科技,chi_next,-1.0,0.8,segment_emotion_state_bucket=mixed;turnover_rate_bucket=6_10;exclude:amount_ratio_bucket=0_8_1_2;exclude:market_segment=star;exclude:amount_ratio_bucket=0_8_1_2;exclude:market_segment=star;exclude:prev_pct_chg_bucket=0_3&&market_segment=bj,profit_source_oos_resilient,fixed_t2_close,封单/流通市值偏高;LOSS_OVERLAY_WATCH,1.0,True,True,2pct_5pct,0.0203929573544978,5_10,8_15,lt_5,warming_2day,warming,mixed,before_1000,6_10,1_2_2,0_3,278282.374,8.6665,1.67,0.0,1.0,93627,93627,该候选只用于模拟盘计划，不代表实盘可买入。,20250902,24.97,20250903,23.3,-0.070500256307569,False,20250901,20250902,24.97,26.62,23.77,25.01,24.48,2.165,20250903,24.78,25.13,23.03,23.3,25.01,-6.8373,20250904,23.05,23.18,22.0,22.41,23.3,-3.8197,20250905,22.2,23.08,21.69,22.74,22.41,1.4726,20250908,21.63,22.21,21.13,22.09,22.74,-2.8584,fixed_t2_close,True,,20250902,24.97,24.994969999999995,daily_open_plus_slippage_no_l2,True,,20250903,23.3,23.2767,fixed_close,daily_price_minus_slippage_no_l2,False,0,-0.07036463141984144,-0.05629170513587315,False,-0.05629170513587315,conservative_daily_replay
20250904,1,PLAN_BUY_T1_OPEN,003040.SZ,楚天龙,sz_main,1.7999999999999998,0.8,segment_emotion_state_bucket=mixed;turnover_rate_bucket=6_10;exclude:amount_ratio_bucket=0_8_1_2;exclude:market_segment=star;exclude:amount_ratio_bucket=0_8_1_2;exclude:market_segment=star;exclude:prev_pct_chg_bucket=0_3&&market_segment=bj,profit_source_oos_resilient,fixed_t2_close,封单/流通市值偏高,1.0,True,True,1pct_2pct,0.0163680480296677,10_20,3_8,30_60,neutral,mixed,mixed,1100_1330,6_10,2_3,lt_neg3,1043087.352,9.62,1.63,0.0,1.0,131003,131003,该候选只用于模拟盘计划，不代表实盘可买入。,20250905,24.97,20250908,23.99,-0.042867096515819,False,20250904,20250905,24.97,25.01,23.05,23.95,24.55,-2.444,20250908,23.8,24.36,23.61,23.99,23.95,0.167,20250909,23.93,24.01,23.0,23.07,23.99,-3.8349,20250910,23.45,23.52,23.03,23.18,23.07,0.4768,20250911,22.45,23.06,22.12,23.04,23.18,-0.604,fixed_t2_close,True,,20250905,24.97,24.994969999999995,daily_open_plus_slippage_no_l2,True,,20250908,23.99,23.966009999999997,fixed_close,daily_price_minus_slippage_no_l2,False,0,-0.042786682736566536,-0.03422934618925323,False,-0.03422934618925323,conservative_daily_replay
20250909,1,PLAN_BUY_T1_OPEN,002239.SZ,奥特佳,sz_main,-0.19999999999999996,0.8,segment_emotion_state_bucket=mixed;turnover_rate_bucket=6_10;exclude:amount_ratio_bucket=0_8_1_2;exclude:market_segment=star;exclude:amount_ratio_bucket=0_8_1_2;exclude:market_segment=star;exclude:prev_pct_chg_bucket=0_3&&market_segment=bj,profit_source_oos_resilient,fixed_t2_close,封单/流通市值偏高,1.0,True,True,1pct_2pct,0.0143258609200057,20_40,3_8,lt_5,retreat_2day,retreat,mixed,1100_1330,6_10,3_5,neg3_0,984010.564,9.3665,2.39,0.0,1.0,132406,132406,该候选只用于模拟盘计划，不代表实盘可买入。,20250910,3.3,20250911,3.36,0.0145618181818182,True,20250909,20250910,3.3,3.4,3.25,3.33,3.4,-2.0588,20250911,3.31,3.37,3.26,3.36,3.33,0.9009,20250912,3.34,3.49,3.32,3.4,3.36,1.1905,20250915,3.44,3.65,3.43,3.46,3.4,1.7647,20250916,3.43,3.54,3.42,3.48,3.46,0.578,fixed_t2_close,True,,20250910,3.3,3.3032999999999992,daily_open_plus_slippage_no_l2,True,,20250911,3.36,3.35664,fixed_close,daily_price_minus_slippage_no_l2,False,0,0.014527488874761917,0.011621991099809534,True,0.011621991099809534,conservative_daily_replay
20250910,1,PLAN_BUY_T1_OPEN,002679.SZ,福建金森,sz_main,-0.19999999999999996,0.8,segment_emotion_state_bucket=mixed;turnover_rate_bucket=6_10;exclude:amount_ratio_bucket=0_8_1_2;exclude:market_segment=star;exclude:amount_ratio_bucket=0_8_1_2;exclude:market_segment=star;exclude:prev_pct_chg_bucket=0_3&&market_segment=bj,profit_source_oos_resilient,fixed_t2_close,封单/流通市值偏高,1.0,True,True,2pct_5pct,0.0433689491753553,20_40,8_15,lt_5,retreat_2day,retreat,mixed,1100_1330,6_10,2_3,neg3_0,196540.746,7.9112,1.45,0.0,1.0,111812,111812,该候选只用于模拟盘计划，不代表实盘可买入。,20250911,11.71,20250912,10.58,-0.1001187190435525,False,20250910,20250911,11.71,12.08,10.71,10.9,10.98,-0.7286,20250912,10.55,10.84,10.52,10.58,10.9,-2.9358,20250915,10.81,10.97,10.48,10.48,10.58,-0.9452,20250916,10.6,11.27,10.43,10.84,10.48,3.4351,20250917,10.82,11.18,10.7,11.0,10.84,1.476,fixed_t2_close,True,,20250911,11.71,11.72171,daily_open_plus_slippage_no_l2,True,,20250912,10.58,10.569420000000001,fixed_close,daily_price_minus_slippage_no_l2,False,0,-0.09992391640810076,-0.07993913312648061,False,-0.07993913312648061,conservative_daily_replay
20250911,1,PLAN_BUY_T1_OPEN,301123.SZ,奕东电子,chi_next,1.0,0.8,segment_emotion_state_bucket=mixed;turnover_rate_bucket=6_10;exclude:amount_ratio_bucket=0_8_1_2;exclude:market_segment=star;exclude:amount_ratio_bucket=0_8_1_2;exclude:market_segment=star;exclude:prev_pct_chg_bucket=0_3&&market_segment=bj,profit_source_oos_resilient,fixed_t2_close,封单/流通市值偏高,1.0,True,True,1pct_2pct,0.0132734375,5_10,8_15,lt_5,neutral,main_rise,mixed,1000_1100,6_10,1_2_2,3_7,866415.603,8.1233,1.28,0.0,1.0,105151,105151,该候选只用于模拟盘计划，不代表实盘可买入。,20250912,49.0,20250915,46.67,-0.0511710204081632,False,20250911,20250912,49.0,50.55,47.75,47.84,49.16,-2.6851,20250915,47.45,48.01,46.12,46.67,47.84,-2.4457,20250916,46.67,49.77,45.74,47.62,46.67,2.0356,20250917,45.73,54.9,45.3,51.53,47.62,8.2108,20250918,50.11,51.27,48.96,50.09,51.53,-2.7945,fixed_t2_close,True,,20250912,49.0,49.04899999999999,daily_open_plus_slippage_no_l2,True,,20250915,46.67,46.62333,fixed_close,daily_price_minus_slippage_no_l2,False,0,-0.05107401537238247,-0.040859212297905984,False,-0.040859212297905984,conservative_daily_replay
20250915,1,PLAN_BUY_T1_OPEN,002392.SZ,北京利尔,sz_main,3.5,0.8,segment_emotion_state_bucket=mixed;turnover_rate_bucket=6_10;exclude:amount_ratio_bucket=0_8_1_2;exclude:market_segment=star;exclude:amount_ratio_bucket=0_8_1_2;exclude:market_segment=star;exclude:prev_pct_chg_bucket=0_3&&market_segment=bj,profit_source_oos_resilient,fixed_t2_close,LOSS_OVERLAY_WATCH,1.0,True,True,0_1pct_0_3pct,0.001892503918745,20_40,8_15,5_15,neutral,mixed,mixed,before_1000,6_10,2_3,0_3,987899.672,8.795,1.71,2.0,1.0,93118,112024,该候选只用于模拟盘计划，不代表实盘可买入。,20250916,10.02,20250917,10.02,-0.00362,False,20250915,20250916,10.02,10.27,9.68,10.17,9.97,2.006,20250917,10.01,10.16,9.89,10.02,10.17,-1.4749,20250918,10.15,10.43,9.75,9.88,10.02,-1.3972,20250919,9.93,10.54,9.79,10.33,9.88,4.5547,20250922,10.48,10.5,9.62,9.74,10.33,-5.7115,fixed_t2_close,True,,20250916,10.02,10.030019999999999,daily_open_plus_slippage_no_l2,True,,20250917,10.02,10.009979999999999,fixed_close,daily_price_minus_slippage_no_l2,False,0,-0.0036180019980019303,-0.0028944015984015445,False,-0.0028944015984015445,conservative_daily_replay
20250918,1,PLAN_BUY_T1_OPEN,002949.SZ,华阳国际,sz_main,0.0,0.8,segment_emotion_state_bucket=mixed;turnover_rate_bucket=6_10;exclude:amount_ratio_bucket=0_8_1_2;exclude:market_segment=star;exclude:amount_ratio_bucket=0_8_1_2;exclude:market_segment=star;exclude:prev_pct_chg_bucket=0_3&&market_segment=bj,profit_source_oos_resilient,fixed_t2_close,封单/流通市值偏高,1.0,True,True,2pct_5pct,0.0272430088229455,10_20,15_30,lt_5,retreat_2day,retreat,mixed,1000_1100,6_10,2_3,0_3,209045.463,8.8054,3.85,0.0,1.0,100439,100439,该候选只用于模拟盘计划，不代表实盘可买入。,20250919,15.93,20250922,16.51,0.0327892906465789,True,20250918,20250919,15.93,16.38,15.4,16.09,15.94,0.941,20250922,15.99,16.98,15.71,16.51,16.09,2.6103,20250923,16.35,16.97,16.11,16.54,16.51,0.1817,20250924,16.38,16.66,16.17,16.49,16.54,-0.3023,20250925,16.41,16.68,15.96,16.27,16.49,-1.3341,fixed_t2_close,True,,20250919,15.93,15.945929999999999,daily_open_plus_slippage_no_l2,True,,20250922,16.51,16.49349,fixed_close,daily_price_minus_slippage_no_l2,False,0,0.032718542813119325,0.026174834250495462,True,0.026174834250495462,conservative_daily_replay
20250924,1,PLAN_BUY_T1_OPEN,301209.SZ,联合化学,chi_next,3.5,0.8,segment_emotion_state_bucket=mixed;turnover_rate_bucket=6_10;exclude:amount_ratio_bucket=0_8_1_2;exclude:market_segment=star;exclude:amount_ratio_bucket=0_8_1_2;exclude:market_segment=star;exclude:prev_pct_chg_bucket=0_3&&market_segment=bj,profit_source_oos_resilient,fixed_t2_close,封单/流通市值偏高,1.0,True,True,1pct_2pct,0.0137594883503273,5_10,8_15,5_15,neutral,mixed,mixed,1000_1100,6_10,3_5,0_3,365235.132,6.8735,4.26,0.0,1.0,104815,104815,该候选只用于模拟盘计划，不代表实盘可买入。,20250925,109.0,20250926,109.64,0.0022515596330274,True,20250924,20250925,109.0,120.0,106.76,113.99,104.4,9.1858,20250926,115.0,115.0,108.01,109.64,113.99,-3.8161,20250929,110.0,110.86,107.01,109.88,109.64,0.2189,20250930,112.92,117.99,111.23,116.95,109.88,6.4343,20251009,122.01,129.77,120.0,124.46,116.95,6.4215,fixed_t2_close,True,,20250925,109.0,109.109,daily_open_plus_slippage_no_l2,True,,20250926,109.64,109.53036,fixed_close,daily_price_minus_slippage_no_l2,False,0,0.002241826247147482,0.0017934609977179857,True,0.0017934609977179857,conservative_daily_replay
20250925,1,PLAN_BUY_T1_OPEN,600769.SH,祥龙电业,sh_main,1.2999999999999998,0.8,segment_emotion_state_bucket=mixed;turnover_rate_bucket=6_10;exclude:amount_ratio_bucket=0_8_1_2;exclude:market_segment=star;exclude:amount_ratio_bucket=0_8_1_2;exclude:market_segment=star;exclude:prev_pct_chg_bucket=0_3&&market_segment=bj,profit_source_oos_resilient,fixed_t2_close,封单/流通市值偏高,1.0,True,True,1pct_2pct,0.0162183752649368,10_20,8_15,5_15,retreat_weak,mixed,mixed,1100_1330,6_10,1_2_2,3_7,281413.071,6.3413,2.68,0.0,1.0,131231,131231,该候选只用于模拟盘计划，不代表实盘可买入。,20250926,12.68,20250929,13.05,0.025559810725552,True,20250925,20250926,12.68,13.5,12.52,13.5,12.27,10.0244,20250929,12.86,14.0,12.86,13.05,13.5,-3.3333,20250930,13.05,13.17,12.6,12.75,13.05,-2.2989,20251009,12.89,13.47,12.4,13.08,12.75,2.5882,20251010,13.0,13.81,12.82,13.45,13.08,2.8287,fixed_t2_close,True,,20250926,12.68,12.692679999999998,daily_open_plus_slippage_no_l2,True,,20250929,13.05,13.036950000000001,fixed_close,daily_price_minus_slippage_no_l2,False,0,0.025503507407419423,0.02040280592593554,True,0.02040280592593554,conservative_daily_replay
20250926,1,PLAN_BUY_T1_OPEN,002394.SZ,联发股份,sz_main,1.7999999999999998,0.8,segment_emotion_state_bucket=mixed;turnover_rate_bucket=6_10;exclude:amount_ratio_bucket=0_8_1_2;exclude:market_segment=star;exclude:amount_ratio_bucket=0_8_1_2;exclude:market_segment=star;exclude:prev_pct_chg_bucket=0_3&&market_segment=bj,profit_source_oos_resilient,fixed_t2_close,封单/流通市值偏高,1.0,True,True,2pct_5pct,0.0238482625187081,20_40,8_15,15_30,neutral,mixed,mixed,1100_1330,6_10,2_3,neg3_0,280899.296,7.6479,2.14,0.0,1.0,112124,112124,该候选只用于模拟盘计划，不代表实盘可买入。,20250929,11.7,20250930,11.14,-0.0514832478632478,False,20250926,20250929,11.7,11.72,11.25,11.36,11.7,-2.906,20250930,11.48,11.57,11.11,11.14,11.36,-1.9366,20251009,11.24,11.28,10.93,11.07,11.14,-0.6284,20251010,11.1,12.18,11.05,12.18,11.07,10.0271,20251013,11.3,11.83,11.25,11.63,12.18,-4.5156,fixed_t2_close,True,,20250929,11.7,11.711699999999999,daily_open_plus_slippage_no_l2,True,,20250930,11.14,11.128860000000001,fixed_close,daily_price_minus_slippage_no_l2,False,0,-0.05138561899638798,-0.041108495197110385,False,-0.041108495197110385,conservative_daily_replay
20251009,1,PLAN_BUY_T1_OPEN,301137.SZ,哈焊华通,chi_next,1.0,0.8,segment_emotion_state_bucket=mixed;turnover_rate_bucket=6_10;exclude:amount_ratio_bucket=0_8_1_2;exclude:market_segment=star;exclude:amount_ratio_bucket=0_8_1_2;exclude:market_segment=star;exclude:prev_pct_chg_bucket=0_3&&market_segment=bj,profit_source_oos_resilient,fixed_t2_close,封单/流通市值偏高;LOSS_OVERLAY_WATCH,1.0,True,True,1pct_2pct,0.0156510428954235,5_10,8_15,15_30,neutral,main_rise,mixed,before_1000,6_10,lt_0_8,3_7,608215.378,7.5985,0.71,1.0,1.0,93427,93554,该候选只用于模拟盘计划，不代表实盘可买入。,20251010,52.99,20251013,56.0,0.0531831704095111,True,20251009,20251010,52.99,55.31,48.6,49.8,46.1,8.026,20251013,45.76,59.0,45.76,56.0,49.8,12.4498,20251014,53.8,56.28,49.61,50.0,56.0,-10.7143,20251015,49.0,49.75,46.21,48.01,50.0,-3.98,20251016,45.86,46.77,44.45,46.18,48.01,-3.8117,fixed_t2_close,True,,20251010,52.99,53.042989999999996,daily_open_plus_slippage_no_l2,True,,20251013,56.0,55.944,fixed_close,daily_price_minus_slippage_no_l2,False,0,0.05307167556353827,0.04245734045083062,True,0.04245734045083062,conservative_daily_replay
20251016,1,PLAN_BUY_T1_OPEN,601212.SH,白银有色,sh_main,0.5,0.8,segment_emotion_state_bucket=mixed;turnover_rate_bucket=6_10;exclude:amount_ratio_bucket=0_8_1_2;exclude:market_segment=star;exclude:amount_ratio_bucket=0_8_1_2;exclude:market_segment=star;exclude:prev_pct_chg_bucket=0_3&&market_segment=bj,profit_source_oos_resilient,fixed_t2_close,LOSS_OVERLAY_WATCH,1.0,True,True,0_1pct_0_3pct,0.0017196585553774,10_20,8_15,5_15,retreat_weak,mixed,mixed,before_1000,6_10,1_2_2,neg3_0,4090037.14,9.4474,1.52,4.0,1.0,94032,144441,该候选只用于模拟盘计划，不代表实盘可买入。,20251017,6.03,20251020,5.88,-0.0284956218905473,False,20251016,20251017,6.03,6.53,6.03,6.53,5.94,9.9327,20251020,6.0,6.1,5.88,5.88,6.53,-9.9541,20251021,5.88,5.88,5.58,5.64,5.88,-4.0816,20251022,5.15,5.43,5.1,5.38,5.64,-4.6099,20251023,5.2,5.38,5.11,5.27,5.38,-2.0446,fixed_t2_close,True,,20251017,6.03,6.036029999999999,daily_open_plus_slippage_no_l2,True,,20251021,5.64,5.63436,fixed_close,daily_price_minus_slippage_no_l2,False,1,-0.06816539490360378,-0.054532315922883025,False,-0.054532315922883025,conservative_daily_replay
20251023,1,PLAN_BUY_T1_OPEN,301289.SZ,国缆检测,chi_next,3.5,0.8,segment_emotion_state_bucket=mixed;turnover_rate_bucket=6_10;exclude:amount_ratio_bucket=0_8_1_2;exclude:market_segment=star;exclude:amount_ratio_bucket=0_8_1_2;exclude:market_segment=star;exclude:prev_pct_chg_bucket=0_3&&market_segment=bj,profit_source_oos_resilient,fixed_t2_close,封单/流通市值偏高,1.0,True,True,1pct_2pct,0.011782969091643,5_10,8_15,5_15,neutral,mixed,mixed,1000_1100,6_10,3_5,0_3,464863.931,9.7046,4.39,0.0,1.0,100706,100706,该候选只用于模拟盘计划，不代表实盘可买入。,20251024,65.08,20251027,66.08,0.0117457037492316,True,20251023,20251024,65.08,66.0,61.53,62.71,66.47,-5.6567,20251027,63.01,68.0,62.61,66.08,62.71,5.3739,20251028,64.0,71.63,63.95,67.13,66.08,1.589,20251029,65.15,70.99,63.8,70.01,67.13,4.2902,20251030,67.23,67.8,64.68,65.17,70.01,-6.9133,fixed_t2_close,True,,20251024,65.08,65.14508,daily_open_plus_slippage_no_l2,True,,20251027,66.08,66.01392,fixed_close,daily_price_minus_slippage_no_l2,False,0,0.011717001044438246,0.009373600835550597,True,0.009373600835550597,conservative_daily_replay
20251027,1,PLAN_BUY_T1_OPEN,600802.SH,福建水泥,sh_main,1.2999999999999998,0.8,segment_emotion_state_bucket=mixed;turnover_rate_bucket=6_10;exclude:amount_ratio_bucket=0_8_1_2;exclude:market_segment=star;exclude:amount_ratio_bucket=0_8_1_2;exclude:market_segment=star;exclude:prev_pct_chg_bucket=0_3&&market_segment=bj,profit_source_oos_resilient,fixed_t2_close,封单/流通市值偏高,1.0,True,True,1pct_2pct,0.0105242112045267,20_40,8_15,5_15,retreat_2day,retreat,mixed,1100_1330,6_10,1_2_2,0_3,195185.398,6.8783,2.32,0.0,1.0,111356,111356,该候选只用于模拟盘计划，不代表实盘可买入。,20251028,6.64,20251029,7.12,0.068669156626506,True,20251027,20251028,6.64,7.1,6.57,7.1,6.45,10.0775,20251029,7.81,7.81,7.09,7.12,7.1,0.2817,20251030,6.67,7.33,6.43,7.13,7.12,0.1404,20251031,6.92,7.64,6.75,7.3,7.13,2.3843,20251103,7.01,7.5,6.9,7.1,7.3,-2.7397,fixed_t2_close,True,,20251028,6.64,6.646639999999999,daily_open_plus_slippage_no_l2,True,,20251029,7.12,7.1128800000000005,fixed_close,daily_price_minus_slippage_no_l2,False,0,0.06852672074913065,0.05482137659930452,True,0.05482137659930452,conservative_daily_replay
20251030,1,PLAN_BUY_T1_OPEN,605305.SH,中际联合,sh_main,0.5,0.8,segment_emotion_state_bucket=mixed;turnover_rate_bucket=6_10;exclude:amount_ratio_bucket=0_8_1_2;exclude:market_segment=star;exclude:amount_ratio_bucket=0_8_1_2;exclude:market_segment=star;exclude:prev_pct_chg_bucket=0_3&&market_segment=bj,profit_source_oos_resilient,fixed_t2_close,封单/流通市值偏高;LOSS_OVERLAY_WATCH,1.0,True,True,1pct_2pct,0.0123507904606651,10_20,8_15,5_15,retreat_weak,mixed,mixed,before_1000,6_10,1_2_2,0_3,607625.37,6.4994,1.57,1.0,1.0,93243,142110,该候选只用于模拟盘计划，不代表实盘可买入。,20251031,44.53,20251103,44.89,0.0044644374578934,True,20251030,20251031,44.53,45.55,43.55,44.72,44.25,1.0621,20251103,45.9,46.18,44.03,44.89,44.72,0.3801,20251104,45.0,47.15,44.95,45.84,44.89,2.1163,20251105,45.3,47.52,44.45,47.12,45.84,2.7923,20251106,47.08,48.17,46.48,47.17,47.12,0.1061,fixed_t2_close,True,,20251031,44.53,44.574529999999996,daily_open_plus_slippage_no_l2,True,,20251103,44.89,44.84511,fixed_close,daily_price_minus_slippage_no_l2,False,0,0.004450282737697941,0.0035602261901583527,True,0.0035602261901583527,conservative_daily_replay
20251114,1,PLAN_BUY_T1_OPEN,600333.SH,长春燃气,sh_main,3.5,0.8,segment_emotion_state_bucket=mixed;turnover_rate_bucket=6_10;exclude:amount_ratio_bucket=0_8_1_2;exclude:market_segment=star;exclude:amount_ratio_bucket=0_8_1_2;exclude:market_segment=star;exclude:prev_pct_chg_bucket=0_3&&market_segment=bj,profit_source_oos_resilient,fixed_t2_close,LOSS_OVERLAY_WATCH,1.0,True,True,0_5pct_1pct,0.0094320353791578,20_40,15_30,5_15,neutral,mixed,mixed,before_1000,6_10,1_2_2,0_3,412372.835,8.8855,1.47,2.0,1.0,93134,93816,该候选只用于模拟盘计划，不代表实盘可买入。,20251117,7.64,20251118,7.5,-0.0219446073298428,False,20251114,20251117,7.64,8.25,7.42,8.0,7.68,4.1667,20251118,7.89,7.9,7.37,7.5,8.0,-6.25,20251119,7.55,7.58,6.77,6.9,7.5,-8.0,20251120,6.87,6.96,6.63,6.71,6.9,-2.7536,20251121,6.67,6.77,6.25,6.26,6.71,-6.7064,fixed_t2_close,True,,20251117,7.64,7.647639999999999,daily_open_plus_slippage_no_l2,True,,20251118,7.5,7.4925,fixed_close,daily_price_minus_slippage_no_l2,False,0,-0.021905996725787236,-0.01752479738062979,False,-0.01752479738062979,conservative_daily_replay
20251118,1,PLAN_BUY_T1_OPEN,600280.SH,中央商场,sh_main,-1.0,0.8,segment_emotion_state_bucket=mixed;turnover_rate_bucket=6_10;exclude:amount_ratio_bucket=0_8_1_2;exclude:market_segment=star;exclude:amount_ratio_bucket=0_8_1_2;exclude:market_segment=star;exclude:prev_pct_chg_bucket=0_3&&market_segment=bj,profit_source_oos_resilient,fixed_t2_close,封单/流通市值偏高,1.0,True,True,1pct_2pct,0.0194631063699875,10_20,15_30,30_60,retreat_weak,mixed,mixed,after_1430,6_10,3_5,0_3,403054.997,9.4768,3.66,2.0,1.0,143501,143855,该候选只用于模拟盘计划，不代表实盘可买入。,20251119,4.31,20251120,3.9,-0.0987476102088166,False,20251118,20251119,4.31,4.31,4.25,4.31,3.92,9.949,20251120,4.74,4.74,3.88,3.9,4.31,-9.5128,20251121,3.57,3.75,3.51,3.51,3.9,-10.0,20251124,3.34,3.5,3.31,3.43,3.51,-2.2792,20251125,3.41,3.49,3.41,3.46,3.43,0.8746,fixed_t2_close,False,open_limit_up_unbuyable,20251119,4.31,,daily_open_limit_up_queue_rejected,False,,,,,no_buy,,False,0,0.0,0.0,False,0.0,conservative_daily_replay
20251203,1,PLAN_BUY_T1_OPEN,603017.SH,中衡设计,sh_main,2.5,0.8,segment_emotion_state_bucket=mixed;turnover_rate_bucket=6_10;exclude:amount_ratio_bucket=0_8_1_2;exclude:market_segment=star;exclude:amount_ratio_bucket=0_8_1_2;exclude:market_segment=star;exclude:prev_pct_chg_bucket=0_3&&market_segment=bj,profit_source_oos_resilient,fixed_t2_close,封单/流通市值偏高;LOSS_OVERLAY_WATCH,1.0,True,True,1pct_2pct,0.0164100626070384,10_20,8_15,5_15,neutral,mixed,mixed,before_1000,6_10,1_2_2,neg3_0,298732.031,9.2419,1.0,1.0,1.0,93617,94350,该候选只用于模拟盘计划，不代表实盘可买入。,20251204,12.64,20251205,11.19,-0.1183351898734177,False,20251203,20251204,12.64,12.64,11.23,11.3,11.9,-5.042,20251205,11.18,11.46,10.65,11.19,11.3,-0.9735,20251208,11.23,11.23,10.81,10.86,11.19,-2.9491,20251209,10.75,11.03,10.55,10.66,10.86,-1.8416,20251210,10.58,10.65,10.33,10.44,10.66,-2.0638,fixed_t2_close,True,,20251204,12.64,12.65264,daily_open_plus_slippage_no_l2,True,,20251205,11.19,11.17881,fixed_close,daily_price_minus_slippage_no_l2,False,0,-0.11810399069285142,-0.09448319255428114,False,-0.09448319255428114,conservative_daily_replay
20251209,1,PLAN_BUY_T1_OPEN,002339.SZ,积成电子,sz_main,3.5,0.8,segment_emotion_state_bucket=mixed;turnover_rate_bucket=6_10;exclude:amount_ratio_bucket=0_8_1_2;exclude:market_segment=star;exclude:amount_ratio_bucket=0_8_1_2;exclude:market_segment=star;exclude:prev_pct_chg_bucket=0_3&&market_segment=bj,profit_source_oos_resilient,fixed_t2_close,封单/流通市值偏高;LOSS_OVERLAY_WATCH,1.0,True,True,1pct_2pct,0.0114639291916151,20_40,15_30,5_15,neutral,mixed,mixed,before_1000,6_10,3_5,0_3,409551.32,9.5872,5.2,2.0,1.0,93733,94236,该候选只用于模拟盘计划，不代表实盘可买入。,20251210,8.95,20251211,8.67,-0.0349049162011172,False,20251209,20251210,8.95,9.03,8.56,8.66,9.04,-4.2035,20251211,8.61,8.98,8.57,8.67,8.66,0.1155,20251212,8.51,9.09,8.51,8.87,8.67,2.3068,20251215,8.87,9.09,8.79,8.9,8.87,0.3382,20251216,8.75,9.04,8.74,8.93,8.9,0.3371,fixed_t2_close,True,,20251210,8.95,8.958949999999998,daily_open_plus_slippage_no_l2,True,,20251211,8.67,8.66133,fixed_close,daily_price_minus_slippage_no_l2,False,0,-0.034840410874042035,-0.02787232869923363,False,-0.02787232869923363,conservative_daily_replay
20251211,1,PLAN_BUY_T1_OPEN,002471.SZ,中超控股,sz_main,-1.0,0.8,segment_emotion_state_bucket=mixed;turnover_rate_bucket=6_10;exclude:amount_ratio_bucket=0_8_1_2;exclude:market_segment=star;exclude:amount_ratio_bucket=0_8_1_2;exclude:market_segment=star;exclude:prev_pct_chg_bucket=0_3&&market_segment=bj,profit_source_oos_resilient,fixed_t2_close,封单/流通市值偏高;LOSS_OVERLAY_WATCH,1.0,True,True,2pct_5pct,0.0266272557182988,10_20,8_15,15_30,retreat_weak,mixed,mixed,before_1000,6_10,1_2_2,0_3,618644.138,9.6592,1.95,0.0,1.0,93206,93206,该候选只用于模拟盘计划，不代表实盘可买入。,20251212,5.07,20251215,5.84,0.1482537672583825,True,20251211,20251212,5.07,5.31,5.0,5.31,4.83,9.9379,20251215,5.84,5.84,5.84,5.84,5.31,9.9812,20251216,5.83,6.42,5.65,6.17,5.84,5.6507,20251217,5.86,5.9,5.55,5.55,6.17,-10.0486,20251218,5.45,5.98,5.34,5.66,5.55,1.982,fixed_t2_close,True,,20251212,5.07,5.075069999999999,daily_open_plus_slippage_no_l2,True,,20251215,5.84,5.83416,fixed_close,daily_price_minus_slippage_no_l2,False,0,0.14795232116995444,0.11836185693596356,True,0.11836185693596356,conservative_daily_replay
20251218,1,PLAN_BUY_T1_OPEN,603585.SH,苏利股份,sh_main,1.5,0.8,segment_emotion_state_bucket=mixed;turnover_rate_bucket=6_10;exclude:amount_ratio_bucket=0_8_1_2;exclude:market_segment=star;exclude:amount_ratio_bucket=0_8_1_2;exclude:market_segment=star;exclude:prev_pct_chg_bucket=0_3&&market_segment=bj,profit_source_oos_resilient,fixed_t2_close,封单/流通市值偏高,1.0,True,True,1pct_2pct,0.0129440956815395,20_40,15_30,5_15,warming_2day,warming,mixed,open_auction,6_10,2_3,7_10,289386.625,7.8069,6.25,5.0,2.0,93002,94305,该候选只用于模拟盘计划，不代表实盘可买入。,20251219,20.8,20251222,20.16,-0.0343892307692307,False,20251218,20251219,20.8,22.4,20.08,22.4,20.36,10.0196,20251222,21.41,21.96,20.16,20.16,22.4,-10.0,20251223,19.3,19.87,18.81,19.02,20.16,-5.6548,20251224,19.2,19.88,18.8,19.42,19.02,2.103,20251225,19.51,19.65,19.18,19.59,19.42,0.8754,fixed_t2_close,True,,20251219,20.8,20.8208,daily_open_plus_slippage_no_l2,True,,20251223,19.02,19.00098,fixed_close,daily_price_minus_slippage_no_l2,False,1,-0.0890239422116345,-0.0712191537693076,False,-0.0712191537693076,conservative_daily_replay
20251223,1,PLAN_BUY_T1_OPEN,603978.SH,深圳新星,sh_main,4.3,0.8,segment_emotion_state_bucket=mixed;turnover_rate_bucket=6_10;exclude:amount_ratio_bucket=0_8_1_2;exclude:market_segment=star;exclude:amount_ratio_bucket=0_8_1_2;exclude:market_segment=star;exclude:prev_pct_chg_bucket=0_3&&market_segment=bj,profit_source_oos_resilient,fixed_t2_close,封单/流通市值偏高,1.0,True,True,2pct_5pct,0.022897349775331,10_20,15_30,5_15,neutral,mixed,mixed,1100_1330,6_10,2_3,0_3,422561.224,7.393,1.54,0.0,1.0,112157,112157,该候选只用于模拟盘计划，不代表实盘可买入。,20251224,28.87,20251225,28.83,-0.0050055213023901,False,20251223,20251224,28.87,29.64,27.99,29.11,28.27,2.9713,20251225,28.09,28.98,27.62,28.83,29.11,-0.9619,20251226,30.08,31.71,29.0,31.71,28.83,9.9896,20251229,31.0,31.01,28.66,29.28,31.71,-7.6632,20251230,28.59,29.38,27.51,28.88,29.28,-1.3661,fixed_t2_close,True,,20251224,28.87,28.89887,daily_open_plus_slippage_no_l2,True,,20251225,28.83,28.80117,fixed_close,daily_price_minus_slippage_no_l2,False,0,-0.00500075502606161,-0.004000604020849288,False,-0.004000604020849288,conservative_daily_replay
20251230,1,PLAN_BUY_T1_OPEN,600192.SH,长城电工,sh_main,1.5,0.8,segment_emotion_state_bucket=mixed;turnover_rate_bucket=6_10;exclude:amount_ratio_bucket=0_8_1_2;exclude:market_segment=star;exclude:amount_ratio_bucket=0_8_1_2;exclude:market_segment=star;exclude:prev_pct_chg_bucket=0_3&&market_segment=bj,profit_source_oos_resilient,fixed_t2_close,封单/流通市值偏高;LOSS_OVERLAY_WATCH,1.0,True,True,1pct_2pct,0.011222552052198,20_40,15_30,5_15,retreat_2day,retreat,mixed,before_1000,6_10,2_3,0_3,379713.677,8.3359,2.22,1.0,1.0,94705,102714,该候选只用于模拟盘计划，不代表实盘可买入。,20251231,10.45,20260105,10.09,-0.0380697607655501,False,20251230,20251231,10.45,10.45,9.95,10.14,10.52,-3.6122,20260105,10.14,10.26,10.03,10.09,10.14,-0.4931,20260106,10.07,10.22,9.92,10.19,10.09,0.9911,20260107,10.17,10.38,9.98,10.27,10.19,0.7851,20260108,10.11,11.05,10.1,10.51,10.27,2.3369,fixed_t2_close,True,,20251231,10.45,10.460449999999998,daily_open_plus_slippage_no_l2,True,,20260105,10.09,10.07991,fixed_close,daily_price_minus_slippage_no_l2,False,0,-0.03799893207271181,-0.03039914565816945,False,-0.03039914565816945,conservative_daily_replay
20260108,1,PLAN_BUY_T1_OPEN,300986.SZ,志特新材,chi_next,1.0,0.8,segment_emotion_state_bucket=mixed;turnover_rate_bucket=6_10;exclude:amount_ratio_bucket=0_8_1_2;exclude:market_segment=star;exclude:amount_ratio_bucket=0_8_1_2;exclude:market_segment=star;exclude:prev_pct_chg_bucket=0_3&&market_segment=bj,profit_source_oos_resilient,fixed_t2_close,封单/流通市值偏高,1.0,True,True,1pct_2pct,0.0172412603859118,5_10,15_30,lt_5,neutral,main_rise,mixed,open_auction,6_10,lt_0_8,gte_10,699671.408,7.4066,0.58,3.0,4.0,93036,93345,该候选只用于模拟盘计划，不代表实盘可买入。,20260109,27.82,20260112,33.38,0.1962362185478074,True,20260108,20260109,27.82,27.82,27.1,27.82,23.18,20.0173,20260112,33.38,33.38,33.38,33.38,27.82,19.9856,20260116,26.79,30.0,26.7,26.7,33.38,-20.012,20260119,26.0,30.32,23.9,28.4,26.7,6.367,20260120,30.0,34.08,30.0,33.8,28.4,19.0141,fixed_t2_close,False,open_limit_up_unbuyable,20260109,27.82,,daily_open_limit_up_queue_rejected,False,,,,,no_buy,,False,0,0.0,0.0,False,0.0,conservative_daily_replay
20260113,1,PLAN_BUY_T1_OPEN,301060.SZ,兰卫医学,chi_next,2.0,0.8,segment_emotion_state_bucket=mixed;turnover_rate_bucket=6_10;exclude:amount_ratio_bucket=0_8_1_2;exclude:market_segment=star;exclude:amount_ratio_bucket=0_8_1_2;exclude:market_segment=star;exclude:prev_pct_chg_bucket=0_3&&market_segment=bj,profit_source_oos_resilient,fixed_t2_close,封单/流通市值偏高;LOSS_OVERLAY_WATCH,1.0,True,True,2pct_5pct,0.0205028278260402,5_10,15_30,30_60,neutral,mixed,mixed,before_1000,6_10,2_3,3_7,441128.806,9.7759,2.38,0.0,1.0,95554,95554,该候选只用于模拟盘计划，不代表实盘可买入。,20260114,13.8,20260115,12.41,-0.1043446376811594,False,20260113,20260114,13.8,14.55,13.1,13.68,13.28,3.012,20260115,12.91,13.28,12.31,12.41,13.68,-9.2836,20260116,12.46,12.5,11.75,11.92,12.41,-3.9484,20260119,11.85,11.99,11.7,11.77,11.92,-1.2584,20260120,11.8,11.85,11.45,11.58,11.77,-1.6143,fixed_t2_close,True,,20260114,13.8,13.813799999999999,daily_open_plus_slippage_no_l2,True,,20260115,12.41,12.397590000000001,fixed_close,daily_price_minus_slippage_no_l2,False,0,-0.10414139165182627,-0.08331311332146102,False,-0.08331311332146102,conservative_daily_replay
20260114,1,PLAN_BUY_T1_OPEN,301043.SZ,绿岛风,chi_next,1.0,0.8,segment_emotion_state_bucket=mixed;turnover_rate_bucket=6_10;exclude:amount_ratio_bucket=0_8_1_2;exclude:market_segment=star;exclude:amount_ratio_bucket=0_8_1_2;exclude:market_segment=star;exclude:prev_pct_chg_bucket=0_3&&market_segment=bj,profit_source_oos_resilient,fixed_t2_close,LOSS_OVERLAY_WATCH,1.0,True,True,0_1pct_0_3pct,0.0015079540552599,10_20,15_30,15_30,neutral,main_rise,mixed,before_1000,6_10,1_2_2,3_7,384789.724,9.0481,1.9,4.0,1.0,93833,140224,该候选只用于模拟盘计划，不代表实盘可买入。,20260115,78.05,20260116,80.8,0.0316138244714927,True,20260114,20260115,78.05,82.88,75.9,78.86,76.74,2.7626,20260116,78.0,81.88,76.37,80.8,78.86,2.4601,20260119,79.36,79.36,72.98,73.6,80.8,-8.9109,20260120,73.61,74.79,68.01,70.2,73.6,-4.6196,20260121,69.16,70.27,68.01,69.82,70.2,-0.5413,fixed_t2_close,True,,20260115,78.05,78.12804999999999,daily_open_plus_slippage_no_l2,True,,20260116,80.8,80.7192,fixed_close,daily_price_minus_slippage_no_l2,False,0,0.03154542522179944,0.025236340177439556,True,0.025236340177439556,conservative_daily_replay
20260204,1,PLAN_BUY_T1_OPEN,301119.SZ,正强股份,chi_next,4.3,0.8,segment_emotion_state_bucket=mixed;turnover_rate_bucket=6_10;exclude:amount_ratio_bucket=0_8_1_2;exclude:market_segment=star;exclude:amount_ratio_bucket=0_8_1_2;exclude:market_segment=star;exclude:prev_pct_chg_bucket=0_3&&market_segment=bj,profit_source_oos_resilient,fixed_t2_close,封单/流通市值偏高,1.0,True,True,2pct_5pct,0.0308827606087349,5_10,8_15,5_15,neutral,mixed,mixed,1100_1330,6_10,3_5,0_3,414992.945,9.032,3.26,0.0,1.0,132048,132048,该候选只用于模拟盘计划，不代表实盘可买入。,20260205,58.0,20260206,54.9,-0.057068275862069,False,20260204,20260205,58.0,59.59,56.0,57.19,57.7,-0.8839,20260206,56.39,56.5,54.5,54.9,57.19,-4.0042,20260209,55.2,58.3,53.82,55.23,54.9,0.6011,20260210,55.51,55.51,52.36,52.36,55.23,-5.1965,20260211,52.38,52.48,49.36,49.88,52.36,-4.7364,fixed_t2_close,True,,20260205,58.0,58.05799999999999,daily_open_plus_slippage_no_l2,True,,20260206,54.9,54.845099999999995,fixed_close,daily_price_minus_slippage_no_l2,False,0,-0.05695948809810873,-0.04556759047848699,False,-0.04556759047848699,conservative_daily_replay
20260205,1,PLAN_BUY_T1_OPEN,600796.SH,钱江生化,sh_main,-1.0,0.8,segment_emotion_state_bucket=mixed;turnover_rate_bucket=6_10;exclude:amount_ratio_bucket=0_8_1_2;exclude:market_segment=star;exclude:amount_ratio_bucket=0_8_1_2;exclude:market_segment=star;exclude:prev_pct_chg_bucket=0_3&&market_segment=bj,profit_source_oos_resilient,fixed_t2_close,封单/流通市值偏高;LOSS_OVERLAY_WATCH,1.0,True,True,1pct_2pct,0.0106149103773672,10_20,8_15,15_30,retreat_2day,retreat,mixed,before_1000,6_10,3_5,0_3,218345.562,9.8363,2.23,0.0,1.0,95731,95731,该候选只用于模拟盘计划，不代表实盘可买入。,20260206,7.2,20260209,7.05,-0.0244533333333333,False,20260205,20260206,7.2,7.22,6.92,6.94,7.29,-4.8011,20260209,7.0,7.17,6.94,7.05,6.94,1.585,20260210,7.05,7.07,6.87,6.89,7.05,-2.2695,20260211,6.86,7.21,6.81,6.85,6.89,-0.5806,20260212,6.85,6.87,6.71,6.72,6.85,-1.8978,fixed_t2_close,True,,20260206,7.2,7.207199999999999,daily_open_plus_slippage_no_l2,True,,20260209,7.05,7.042949999999999,fixed_close,daily_price_minus_slippage_no_l2,False,0,-0.02440971028971033,-0.019527768231768265,False,-0.019527768231768265,conservative_daily_replay
20260206,1,PLAN_BUY_T1_OPEN,603626.SH,科森科技,sh_main,4.3,0.8,segment_emotion_state_bucket=mixed;turnover_rate_bucket=6_10;exclude:amount_ratio_bucket=0_8_1_2;exclude:market_segment=star;exclude:amount_ratio_bucket=0_8_1_2;exclude:market_segment=star;exclude:prev_pct_chg_bucket=0_3&&market_segment=bj,profit_source_oos_resilient,fixed_t2_close,LOSS_OVERLAY_WATCH,1.0,True,True,0_3pct_0_5pct,0.003736307217266,20_40,3_8,5_15,neutral,mixed,mixed,1100_1330,6_10,2_3,neg3_0,1012993.434,7.8471,1.4,3.0,1.0,130200,130539,该候选只用于模拟盘计划，不代表实盘可买入。,20260209,25.15,20260210,27.26,0.0802766202783302,True,20260206,20260209,25.15,26.65,24.6,26.65,24.23,9.9876,20260210,27.55,28.0,26.18,27.26,26.65,2.2889,20260211,27.58,27.66,25.88,26.82,27.26,-1.6141,20260212,26.84,27.65,26.28,27.3,26.82,1.7897,20260213,27.14,28.78,27.05,27.78,27.3,1.7582,fixed_t2_close,True,,20260209,25.15,25.175149999999995,daily_open_plus_slippage_no_l2,True,,20260210,27.26,27.232740000000003,fixed_close,daily_price_minus_slippage_no_l2,False,0,0.08011099266538664,0.06408879413230932,True,0.06408879413230932,conservative_daily_replay
20260209,1,PLAN_BUY_T1_OPEN,300982.SZ,苏文电能,chi_next,-1.0,0.8,segment_emotion_state_bucket=mixed;turnover_rate_bucket=6_10;exclude:amount_ratio_bucket=0_8_1_2;exclude:market_segment=star;exclude:amount_ratio_bucket=0_8_1_2;exclude:market_segment=star;exclude:prev_pct_chg_bucket=0_3&&market_segment=bj,profit_source_oos_resilient,fixed_t2_close,封单/流通市值偏高;LOSS_OVERLAY_WATCH,1.0,True,True,1pct_2pct,0.0132598134522926,5_10,8_15,lt_5,warming_2day,warming,mixed,before_1000,6_10,3_5,0_3,431154.772,8.9057,3.63,0.0,1.0,94836,94836,该候选只用于模拟盘计划，不代表实盘可买入。,20260210,24.96,20260211,23.83,-0.048892435897436,False,20260209,20260210,24.96,25.39,24.16,24.41,26.16,-6.6896,20260211,24.0,24.43,23.82,23.83,24.41,-2.3761,20260212,24.05,24.16,23.48,23.56,23.83,-1.133,20260213,23.6,23.79,23.23,23.33,23.56,-0.9762,20260224,23.51,24.17,23.28,23.85,23.33,2.2289,fixed_t2_close,True,,20260210,24.96,24.984959999999997,daily_open_plus_slippage_no_l2,True,,20260211,23.83,23.806169999999998,fixed_close,daily_price_minus_slippage_no_l2,False,0,-0.0487999834780604,-0.03903998678244833,False,-0.03903998678244833,conservative_daily_replay
20260304,1,PLAN_BUY_T1_OPEN,600545.SH,卓郎智能,sh_main,-1.0,0.8,segment_emotion_state_bucket=mixed;turnover_rate_bucket=6_10;exclude:amount_ratio_bucket=0_8_1_2;exclude:market_segment=star;exclude:amount_ratio_bucket=0_8_1_2;exclude:market_segment=star;exclude:prev_pct_chg_bucket=0_3&&market_segment=bj,profit_source_oos_resilient,fixed_t2_close,LOSS_OVERLAY_WATCH,1.0,True,True,0_5pct_1pct,0.0067970339099295,10_20,3_8,15_30,retreat_2day,retreat,mixed,before_1000,6_10,1_2_2,lt_neg3,590900.414,9.7579,1.05,4.0,1.0,93526,131556,该候选只用于模拟盘计划，不代表实盘可买入。,20260305,3.77,20260306,4.15,0.0971757559681698,True,20260304,20260305,3.77,3.77,3.77,3.77,3.43,9.9125,20260306,4.0,4.15,3.83,4.15,3.77,10.0796,20260309,3.88,4.09,3.76,3.89,4.15,-6.2651,20260310,3.89,4.07,3.83,3.96,3.89,1.7995,20260311,3.82,4.36,3.79,4.16,3.96,5.0505,fixed_t2_close,False,open_limit_up_unbuyable,20260305,3.77,,daily_open_limit_up_queue_rejected,False,,,,,no_buy,,False,0,0.0,0.0,False,0.0,conservative_daily_replay
20260305,1,PLAN_BUY_T1_OPEN,600844.SH,金煤科技,sh_main,2.8,0.8,segment_emotion_state_bucket=mixed;turnover_rate_bucket=6_10;exclude:amount_ratio_bucket=0_8_1_2;exclude:market_segment=star;exclude:amount_ratio_bucket=0_8_1_2;exclude:market_segment=star;exclude:prev_pct_chg_bucket=0_3&&market_segment=bj,profit_source_oos_resilient,fixed_t2_close,封单/流通市值偏高,1.0,True,True,1pct_2pct,0.012206910122717,20_40,3_8,lt_5,neutral,mixed,mixed,1100_1330,6_10,1_2_2,lt_neg3,272416.507,9.5253,1.61,0.0,1.0,111219,111219,该候选只用于模拟盘计划，不代表实盘可买入。,20260306,3.53,20260309,3.54,-0.0007871388101981,False,20260305,20260306,3.53,3.6,3.39,3.5,3.65,-4.1096,20260309,3.7,3.85,3.52,3.54,3.5,1.1429,20260310,3.39,3.51,3.32,3.46,3.54,-2.2599,20260311,3.46,3.64,3.36,3.58,3.46,3.4682,20260312,3.75,3.94,3.65,3.94,3.58,10.0559,fixed_t2_close,True,,20260306,3.53,3.5335299999999994,daily_open_plus_slippage_no_l2,True,,20260309,3.54,3.53646,fixed_close,daily_price_minus_slippage_no_l2,False,0,-0.0007908008705173504,-0.0006326406964138804,False,-0.0006326406964138804,conservative_daily_replay
20260310,1,PLAN_BUY_T1_OPEN,600345.SH,长江通信,sh_main,2.0,0.8,segment_emotion_state_bucket=mixed;turnover_rate_bucket=6_10;exclude:amount_ratio_bucket=0_8_1_2;exclude:market_segment=star;exclude:amount_ratio_bucket=0_8_1_2;exclude:market_segment=star;exclude:prev_pct_chg_bucket=0_3&&market_segment=bj,profit_source_oos_resilient,fixed_t2_close,封单/流通市值偏高,1.0,True,True,1pct_2pct,0.0160429914353634,20_40,3_8,lt_5,neutral,mixed,mixed,1330_1430,6_10,1_2_2,neg3_0,853815.179,9.6384,1.15,0.0,1.0,133253,133253,该候选只用于模拟盘计划，不代表实盘可买入。,20260311,45.1,20260312,43.95,-0.0291188913525499,False,20260310,20260311,45.1,48.1,44.68,44.86,43.76,2.5137,20260312,44.5,46.88,43.37,43.95,44.86,-2.0285,20260313,43.5,44.38,42.03,42.13,43.95,-4.1411,20260316,41.97,42.69,40.5,40.98,42.13,-2.7296,20260317,41.06,41.3,37.78,37.94,40.98,-7.4183,fixed_t2_close,True,,20260311,45.1,45.1451,daily_open_plus_slippage_no_l2,True,,20260312,43.95,43.90605,fixed_close,daily_price_minus_slippage_no_l2,False,0,-0.029065946514682684,-0.023252757211746147,False,-0.023252757211746147,conservative_daily_replay
20260311,1,PLAN_BUY_T1_OPEN,000626.SZ,远大控股,sz_main,2.8,0.8,segment_emotion_state_bucket=mixed;turnover_rate_bucket=6_10;exclude:amount_ratio_bucket=0_8_1_2;exclude:market_segment=star;exclude:amount_ratio_bucket=0_8_1_2;exclude:market_segment=star;exclude:prev_pct_chg_bucket=0_3&&market_segment=bj,profit_source_oos_resilient,fixed_t2_close,封单/流通市值偏高,1.0,True,True,1pct_2pct,0.0183110888685864,20_40,8_15,lt_5,neutral,mixed,mixed,1100_1330,6_10,2_3,neg3_0,357816.431,8.7824,2.97,1.0,1.0,131930,133012,该候选只用于模拟盘计划，不代表实盘可买入。,20260312,8.82,20260313,8.45,-0.0455701133786849,False,20260311,20260312,8.82,9.03,8.4,8.42,8.42,0.0,20260313,8.42,8.64,8.32,8.45,8.42,0.3563,20260316,8.5,8.97,8.48,8.78,8.45,3.9053,20260317,8.66,8.86,8.37,8.38,8.78,-4.5558,20260318,8.38,8.48,8.17,8.22,8.38,-1.9093,fixed_t2_close,True,,20260312,8.82,8.828819999999999,daily_open_plus_slippage_no_l2,True,,20260313,8.45,8.44155,fixed_close,daily_price_minus_slippage_no_l2,False,0,-0.045484298966339695,-0.03638743917307176,False,-0.03638743917307176,conservative_daily_replay
20260319,1,PLAN_BUY_T1_OPEN,601015.SH,陕西黑猫,sh_main,0.5,0.8,segment_emotion_state_bucket=mixed;turnover_rate_bucket=6_10;exclude:amount_ratio_bucket=0_8_1_2;exclude:market_segment=star;exclude:amount_ratio_bucket=0_8_1_2;exclude:market_segment=star;exclude:prev_pct_chg_bucket=0_3&&market_segment=bj,profit_source_oos_resilient,fixed_t2_close,LOSS_OVERLAY_WATCH,1.0,True,True,0_5pct_1pct,0.0075010553970165,10_20,3_8,5_15,weak_below_30,mixed,mixed,before_1000,6_10,1_2_2,lt_neg3,996962.38,9.5909,1.03,2.0,1.0,93436,95556,该候选只用于模拟盘计划，不代表实盘可买入。,20260320,5.1,20260323,5.5,0.0748113725490197,True,20260319,20260320,5.1,5.55,4.94,5.4,5.14,5.0584,20260323,5.65,5.88,5.39,5.5,5.4,1.8519,20260324,5.23,5.61,4.97,5.5,5.5,0.0,20260325,5.15,5.5,5.0,5.37,5.5,-2.3636,20260326,5.32,5.41,5.05,5.14,5.37,-4.2831,fixed_t2_close,True,,20260320,5.1,5.105099999999999,daily_open_plus_slippage_no_l2,True,,20260323,5.5,5.4945,fixed_close,daily_price_minus_slippage_no_l2,False,0,0.0746566645119588,0.05972533160956705,True,0.05972533160956705,conservative_daily_replay
20260320,1,PLAN_BUY_T1_OPEN,600617.SH,国新能源,sh_main,-1.0,0.8,segment_emotion_state_bucket=mixed;turnover_rate_bucket=6_10;exclude:amount_ratio_bucket=0_8_1_2;exclude:market_segment=star;exclude:amount_ratio_bucket=0_8_1_2;exclude:market_segment=star;exclude:prev_pct_chg_bucket=0_3&&market_segment=bj,profit_source_oos_resilient,fixed_t2_close,LOSS_OVERLAY_WATCH,1.0,True,True,0_5pct_1pct,0.0082765658529334,10_20,3_8,15_30,weak_below_30,mixed,mixed,before_1000,6_10,1_2_2,7_10,691878.165,9.982,2.56,1.0,2.0,93658,94040,该候选只用于模拟盘计划，不代表实盘可买入。,20260323,4.07,20260324,4.24,0.0381490417690417,True,20260320,20260323,4.07,4.39,4.04,4.11,3.99,3.0075,20260324,4.05,4.25,3.83,4.24,4.11,3.163,20260325,4.01,4.35,3.88,4.33,4.24,2.1226,20260326,4.18,4.36,4.03,4.23,4.33,-2.3095,20260327,4.26,4.62,4.24,4.34,4.23,2.6005,fixed_t2_close,True,,20260323,4.07,4.07407,daily_open_plus_slippage_no_l2,True,,20260324,4.24,4.23576,fixed_close,daily_price_minus_slippage_no_l2,False,0,0.03806758514213056,0.03045406811370445,True,0.03045406811370445,conservative_daily_replay
20260324,1,PLAN_BUY_T1_OPEN,002445.SZ,中南文化,sz_main,1.0,0.8,segment_emotion_state_bucket=mixed;turnover_rate_bucket=6_10;exclude:amount_ratio_bucket=0_8_1_2;exclude:market_segment=star;exclude:amount_ratio_bucket=0_8_1_2;exclude:market_segment=star;exclude:prev_pct_chg_bucket=0_3&&market_segment=bj,profit_source_oos_resilient,fixed_t2_close,封单/流通市值偏高;LOSS_OVERLAY_WATCH,1.0,True,True,1pct_2pct,0.0116737605929536,20_40,3_8,lt_5,neutral,main_rise,mixed,before_1000,6_10,lt_0_8,lt_neg3,943263.81,9.948,0.5,1.0,1.0,93512,94651,该候选只用于模拟盘计划，不代表实盘可买入。,20260325,4.08,20260326,4.04,-0.0134239215686274,False,20260324,20260325,4.08,4.35,3.99,4.27,4.08,4.6569,20260326,4.2,4.25,4.01,4.04,4.27,-5.3864,20260327,4.0,4.44,4.0,4.44,4.04,9.901,20260330,4.34,4.39,4.01,4.21,4.44,-5.1802,20260331,4.2,4.34,4.01,4.03,4.21,-4.2755,fixed_t2_close,True,,20260325,4.08,4.084079999999999,daily_open_plus_slippage_no_l2,True,,20260326,4.04,4.03596,fixed_close,daily_price_minus_slippage_no_l2,False,0,-0.013402335311746883,-0.010721868249397507,False,-0.010721868249397507,conservative_daily_replay
20260401,1,PLAN_BUY_T1_OPEN,603158.SH,腾龙股份,sh_main,4.3,0.8,segment_emotion_state_bucket=mixed;turnover_rate_bucket=6_10;exclude:amount_ratio_bucket=0_8_1_2;exclude:market_segment=star;exclude:amount_ratio_bucket=0_8_1_2;exclude:market_segment=star;exclude:prev_pct_chg_bucket=0_3&&market_segment=bj,profit_source_oos_resilient,fixed_t2_close,封单/流通市值偏高,1.0,True,True,2pct_5pct,0.0202595859614629,20_40,3_8,5_15,neutral,mixed,mixed,1100_1330,6_10,1_2_2,neg3_0,411961.449,7.0646,1.27,0.0,1.0,130752,130752,该候选只用于模拟盘计划，不代表实盘可买入。,20260402,12.28,20260403,11.59,-0.0598089250814331,False,20260401,20260402,12.28,12.3,11.91,12.03,12.28,-2.0358,20260403,12.1,12.18,11.39,11.59,12.03,-3.6575,20260407,11.7,11.72,11.21,11.34,11.59,-2.157,20260408,11.63,12.47,11.61,12.3,11.34,8.4656,20260409,12.7,13.43,12.5,13.16,12.3,6.9919,fixed_t2_close,True,,20260402,12.28,12.292279999999998,daily_open_plus_slippage_no_l2,True,,20260403,11.59,11.57841,fixed_close,daily_price_minus_slippage_no_l2,False,0,-0.059694661494856846,-0.04775572919588548,False,-0.04775572919588548,conservative_daily_replay
20260402,1,PLAN_BUY_T1_OPEN,603222.SH,济民健康,sh_main,0.5,0.8,segment_emotion_state_bucket=mixed;turnover_rate_bucket=6_10;exclude:amount_ratio_bucket=0_8_1_2;exclude:market_segment=star;exclude:amount_ratio_bucket=0_8_1_2;exclude:market_segment=star;exclude:prev_pct_chg_bucket=0_3&&market_segment=bj,profit_source_oos_resilient,fixed_t2_close,封单/流通市值偏高,1.0,True,True,1pct_2pct,0.0121405712046463,10_20,3_8,5_15,weak_below_30,mixed,mixed,1330_1430,6_10,3_5,3_7,465726.549,9.1635,3.92,0.0,1.0,133547,133547,该候选只用于模拟盘计划，不代表实盘可买入。,20260403,10.24,20260407,11.27,0.0969659375,True,20260402,20260403,10.24,11.0,9.85,10.47,10.15,3.1527,20260407,10.3,11.52,10.1,11.27,10.47,7.6409,20260408,11.0,11.26,10.51,10.64,11.27,-5.5901,20260409,10.5,11.11,10.27,10.48,10.64,-1.5038,20260410,10.3,10.58,9.88,10.21,10.48,-2.5763,fixed_t2_close,True,,20260403,10.24,10.25024,daily_open_plus_slippage_no_l2,True,,20260407,11.27,11.25873,fixed_close,daily_price_minus_slippage_no_l2,False,0,0.09676696459790209,0.07741357167832168,True,0.07741357167832168,conservative_daily_replay
20260403,1,PLAN_BUY_T1_OPEN,603585.SH,苏利股份,sh_main,1.0,0.8,segment_emotion_state_bucket=mixed;turnover_rate_bucket=6_10;exclude:amount_ratio_bucket=0_8_1_2;exclude:market_segment=star;exclude:amount_ratio_bucket=0_8_1_2;exclude:market_segment=star;exclude:prev_pct_chg_bucket=0_3&&market_segment=bj,profit_source_oos_resilient,fixed_t2_close,封单/流通市值偏高;LOSS_OVERLAY_WATCH,1.0,True,True,1pct_2pct,0.0173913235002863,10_20,3_8,30_60,neutral,mixed,mixed,before_1000,6_10,1_2_2,0_3,306013.696,7.0565,1.16,0.0,1.0,94150,94150,该候选只用于模拟盘计划，不代表实盘可买入。,20260407,24.51,20260408,23.35,-0.050947621379029,False,20260403,20260407,24.51,26.95,23.2,25.6,24.51,4.4472,20260408,23.04,24.0,23.04,23.35,25.6,-8.7891,20260409,23.8,23.8,22.31,22.39,23.35,-4.1113,20260410,22.46,23.14,21.99,22.58,22.39,0.8486,20260413,23.06,24.2,21.8,24.0,22.58,6.2888,fixed_t2_close,True,,20260407,24.51,24.534509999999997,daily_open_plus_slippage_no_l2,True,,20260409,22.39,22.36761,fixed_close,daily_price_minus_slippage_no_l2,False,1,-0.08994049223726079,-0.07195239378980864,False,-0.07195239378980864,conservative_daily_replay
20260421,1,PLAN_BUY_T1_OPEN,002950.SZ,奥美医疗,sz_main,4.3,0.8,segment_emotion_state_bucket=mixed;turnover_rate_bucket=6_10;exclude:amount_ratio_bucket=0_8_1_2;exclude:market_segment=star;exclude:amount_ratio_bucket=0_8_1_2;exclude:market_segment=star;exclude:prev_pct_chg_bucket=0_3&&market_segment=bj,profit_source_oos_resilient,fixed_t2_close,封单/流通市值偏高,1.0,True,True,2pct_5pct,0.0256969537939295,20_40,3_8,5_15,neutral,mixed,mixed,1100_1330,6_10,1_2_2,neg3_0,544157.366,8.7853,1.41,0.0,1.0,111136,111136,该候选只用于模拟盘计划，不代表实盘可买入。,20260422,14.56,20260423,14.12,-0.0338397802197803,False,20260421,20260422,14.56,14.74,14.0,14.12,14.38,-1.8081,20260423,14.13,14.2,13.61,14.12,14.12,0.0,20260424,14.01,14.39,13.63,14.09,14.12,-0.2125,20260427,14.01,14.61,13.82,14.11,14.09,0.1419,20260428,13.99,14.77,13.75,14.16,14.11,0.3544,fixed_t2_close,True,,20260422,14.56,14.574559999999998,daily_open_plus_slippage_no_l2,True,,20260423,14.12,14.105879999999999,fixed_close,daily_price_minus_slippage_no_l2,False,0,-0.03377740303652381,-0.02702192242921905,False,-0.02702192242921905,conservative_daily_replay
