scenario,condition,day_count,executed_trade_count,b_trade_count,a_trade_count,buy_rejected_count,sell_unresolved_count,review_required_count,no_candidate_count,position_occupied_skip_count,win_rate,avg_account_return,median_account_return,max_profit,max_loss,profit_loss_ratio,initial_equity,final_equity,equity_multiple,max_drawdown,path_conflict_count,limit_down_blocked_trade_count,live_order_enabled,c_trade_count,candidate_return_source_count,audit_or_replay_return_source_count,strict_rank,approx_equity_multiple,approx_executed_trade_count,approx_win_rate,approx_max_drawdown
A_plus_B_plus_C_0993,segment_limit_up_ratio_bucket=0_5pct_1pct;turnover_rate_bucket=6_10,481,95,23,50,1,0,5,325,55,0.7263157894736842,0.05654266195058423,0.0366735032523264,0.4980539655009626,-0.14148486773603755,2.1624686753841584,500000.0,58800051.748583846,117.6001034971677,-0.2030955287091747,0,1,False,22,0,95,8,2.9935933819711047,86,0.5581395348837209,-0.5568801966874039
A_plus_B_plus_C_1280,segment_emotion_state_bucket=warming;turnover_rate_bucket=15_25,481,86,23,52,0,0,5,356,34,0.7441860465116279,0.06040196544724514,0.03218377550185595,0.4980539655009626,-0.11800704531551723,2.413256858379953,500000.0,50597975.392468385,101.19595078493677,-0.13636773737941088,0,0,False,11,0,86,142,1.499534195834866,50,0.5,-0.27400755170505664
A_plus_B_plus_C_0163,market_segment=bj;fd_ratio_bucket=0_1pct_0_3pct,481,83,24,52,1,0,5,361,31,0.7228915662650602,0.06300971797139675,0.0352808081329955,0.5188303352032584,-0.11800704531551723,2.6514481234623197,500000.0,49653624.34831061,99.30724869662123,-0.13636773737941088,0,0,False,7,0,83,126,1.5442187290903726,17,0.5294117647058824,-0.2598760685366368
A_plus_B_plus_C_0243,market_segment=bj;amount_ratio_bucket=3_5,481,80,25,52,1,0,5,367,28,0.7375,0.06499961302850113,0.033956075351714646,0.4980539655009626,-0.11800704531551723,2.638487242034658,500000.0,48811832.91746114,97.62366583492228,-0.136367737379411,0,0,False,3,0,80,48,1.984926768420822,44,0.4090909090909091,-0.5501221955684443
A_plus_B_plus_C_1273,segment_emotion_state_bucket=mixed;turnover_rate_bucket=6_10,481,107,22,47,2,0,5,305,62,0.7383177570093458,0.047314053036852155,0.0326313425704338,0.4980539655009626,-0.17114192653629492,1.7631384949303295,500000.0,46424110.81241496,92.84822162482992,-0.171141926536295,0,2,False,38,0,107,13,2.70948487850071,128,0.515625,-0.32170656990453894
A_plus_B_plus_C_0476,market_chain_count_bucket=3_8;prev_pct_chg_bucket=3_7,481,88,24,51,0,0,5,351,37,0.7272727272727273,0.05673240792195678,0.033956075351714646,0.4980539655009626,-0.11800704531551723,2.4315947845767063,500000.0,42611487.8524637,85.22297570492739,-0.13636773737941088,0,0,False,13,0,88,42,2.030473649437999,50,0.48,-0.26771250176078243
A_plus_B_plus_C_0317,market_chain_count_bucket=15_30;segment_chain_count_bucket=gte_10,481,89,24,51,0,0,5,349,38,0.7303370786516854,0.05591323524494505,0.0291749495998269,0.4980539655009626,-0.11800704531551723,2.2365136222186615,500000.0,41328049.712724365,82.65609942544873,-0.14026582438977253,0,0,False,14,0,89,123,1.5580036985941303,45,0.5111111111111111,-0.3134415257414026
A_plus_B_plus_C_0258,market_segment=bj;prev_pct_chg_bucket=neg3_0,481,83,25,51,0,0,5,361,32,0.7108433734939759,0.060437484902374355,0.0317362084332781,0.5188303352032584,-0.11800704531551723,2.5706040986156693,500000.0,40167302.930977754,80.33460586195551,-0.13636773737941088,0,0,False,7,0,83,14,2.685585751849269,42,0.4523809523809524,-0.41108118850572495
A_plus_B_plus_C_0334,market_chain_count_bucket=15_30;segment_limit_up_count_bucket=40_80,481,84,24,52,0,0,4,361,32,0.7142857142857143,0.05830954641246191,0.033956075351714646,0.4980539655009626,-0.11800704531551723,2.7279574079393614,500000.0,39023020.29115833,78.04604058231666,-0.136367737379411,0,0,False,8,0,84,30,2.213113564809166,29,0.5172413793103449,-0.19269646964989406
A_plus_B_plus_C_0254,market_segment=chi_next;prev_pct_chg_bucket=neg3_0,481,98,22,50,0,0,5,331,47,0.7244897959183674,0.04996167600340943,0.02915635420937055,0.4980539655009626,-0.11800704531551723,2.0348749560064734,500000.0,38096570.512312815,76.19314102462563,-0.1454537476219917,0,0,False,26,0,98,64,1.828616228751211,143,0.5104895104895105,-0.5588382576322033
A_plus_B_plus_C_0786,segment_limit_up_count_bucket=40_80;market_emotion_state_bucket=main_rise,481,86,24,52,0,0,4,357,34,0.7093023255813954,0.05667868642162158,0.03218377550185595,0.4980539655009626,-0.11800704531551723,2.6695312978282777,500000.0,38069531.93062622,76.13906386125244,-0.13636773737941088,0,0,False,10,0,86,58,1.8820865115254757,39,0.5384615384615384,-0.21976438112727992
A_plus_B_plus_C_0600,segment_chain_count_bucket=gte_10;market_emotion_state_bucket=retreat,481,79,25,52,0,0,5,370,27,0.7468354430379747,0.06145723134045329,0.0352808081329955,0.4980539655009626,-0.11800704531551723,2.4660762090956156,500000.0,37559097.69577273,75.11819539154546,-0.13636773737941077,0,0,False,2,0,79,121,1.5760560299050226,11,0.45454545454545453,-0.1721422662899157
A_plus_B_plus_C_2033,market_segment=sh_main;segment_emotion_state_bucket=main_rise;first_time_detail_bucket=1330_1430,481,112,21,47,0,0,5,299,65,0.7142857142857143,0.04245604099700694,0.021861580104563103,0.4980539655009626,-0.08877170621468912,2.171463151427439,500000.0,36664019.006545395,73.32803801309079,-0.15424935501243864,0,1,False,44,0,112,133,1.5332455007979788,77,0.5974025974025974,-0.43675814698091886
A_plus_B_plus_C_0509,market_chain_count_bucket=15_30;limit_height_rank_bucket=rank_4_10,481,88,23,50,0,0,5,350,38,0.7159090909090909,0.05488709188945983,0.0304555790165525,0.4980539655009626,-0.11800704531551723,2.3427642859511497,500000.0,36058986.39400087,72.11797278800175,-0.13636773737941088,0,0,False,15,0,88,85,1.7301606509789722,59,0.5084745762711864,-0.4062956638687777
A_plus_B_plus_C_2097,segment_limit_up_count_bucket=40_80;open_times_bucket=0;turnover_rate_bucket=15_25,481,88,24,52,0,0,5,352,36,0.7159090909090909,0.05470115933511934,0.033956075351714646,0.4980539655009626,-0.11800704531551723,2.4184806000370944,500000.0,35999320.33386418,71.99864066772837,-0.13636773737941088,0,0,False,12,0,88,118,1.5857146795077413,37,0.5945945945945946,-0.2996264144263091
A_plus_B_plus_C_0673,segment_chain_count_bucket=1_3;prev_pct_chg_bucket=0_3,481,106,22,50,1,0,3,315,56,0.6981132075471698,0.04547829592282233,0.020490176364643904,0.4980539655009626,-0.11800704531551723,2.2887555902697954,500000.0,35578401.40084398,71.15680280168796,-0.13636773737941088,0,0,False,34,0,106,99,1.6500409523761659,95,0.4842105263157895,-0.40841324324242667
A_plus_B_plus_C_0016,segment_limit_up_count_bucket=40_80,481,89,24,52,0,0,4,351,37,0.6853932584269663,0.053886992299650036,0.0291749495998269,0.4980539655009626,-0.11800704531551723,2.7462538367740543,500000.0,35150479.28052247,70.30095856104495,-0.13636773737941088,0,0,False,13,0,89,98,1.6525989156524024,52,0.5,-0.23357812787092969
A_plus_B_plus_C_0803,segment_limit_up_count_bucket=40_80;first_time_detail_bucket=1100_1330,481,89,24,52,0,0,4,351,37,0.6853932584269663,0.053886992299650036,0.0291749495998269,0.4980539655009626,-0.11800704531551723,2.7462538367740543,500000.0,35150479.28052247,70.30095856104495,-0.13636773737941088,0,0,False,13,0,89,77,1.753818014367941,51,0.49019607843137253,-0.18181966988225895
A_plus_B_plus_C_0495,market_chain_count_bucket=15_30;limit_times_detail_bucket=3,481,90,25,49,1,0,5,343,42,0.7,0.05330138221440021,0.028249287843128683,0.4980539655009626,-0.11800704531551723,2.424418554967521,500000.0,34995344.442815036,69.99068888563008,-0.15644207027967216,0,1,False,16,0,90,5,3.3484716761288698,63,0.5238095238095238,-0.4197546375634309
A_plus_B_plus_C_0379,market_chain_count_bucket=3_8;fd_ratio_bucket=0_1pct_0_3pct,481,98,22,50,0,0,5,330,48,0.7040816326530612,0.04870483323722147,0.02915635420937055,0.4980539655009626,-0.11800704531551723,2.3755214152465696,500000.0,34843001.74025363,69.68600348050725,-0.13636773737941088,0,0,False,26,0,98,65,1.8243439235554602,53,0.5849056603773585,-0.20657631043159352
A_plus_B_plus_C_0444,market_chain_count_bucket=3_8;turnover_rate_bucket=15_25,481,80,23,51,0,0,5,367,29,0.7375,0.05933575330162233,0.033956075351714646,0.4980539655009626,-0.11800704531551723,2.4292347527698004,500000.0,34035823.62372188,68.07164724744376,-0.13636773737941088,0,0,False,6,0,80,11,2.809664773807569,55,0.6181818181818182,-0.33104497771958563
A_plus_B_plus_C_0824,segment_limit_up_count_bucket=10_20;turnover_rate_bucket=15_25,481,90,21,50,1,0,5,344,41,0.6888888888888889,0.053060551624512856,0.027378850010284818,0.4980539655009626,-0.11800704531551723,2.4236795972267933,500000.0,33676811.83566794,67.35362367133588,-0.16437916634117078,0,1,False,19,0,90,100,1.6461396310608243,87,0.47126436781609193,-0.5626627474965167
A_plus_B_plus_C_1107,fd_ratio_bucket=0_5pct_1pct;market_emotion_state_bucket=warming,481,98,23,51,1,0,4,331,47,0.6836734693877551,0.04881063041335605,0.025795055749052997,0.4980539655009626,-0.11800704531551723,2.255092978040101,500000.0,33666727.72004645,67.3334554400929,-0.2554884696218862,0,0,False,24,0,98,134,1.5328153674412994,37,0.5135135135135135,-0.300812194047416
A_plus_B_plus_C_1459,market_emotion_state_bucket=main_rise;limit_times_detail_bucket=3,481,85,24,52,2,0,5,356,33,0.7176470588235294,0.05591552113626674,0.0326313425704338,0.4980539655009626,-0.1377967406386715,2.2316694845203844,500000.0,33311603.40684825,66.6232068136965,-0.13779674063867153,0,0,False,9,0,85,9,2.8767337931695804,42,0.5952380952380952,-0.36604296473568976
A_plus_B_plus_C_2051,market_segment=chi_next;segment_emotion_state_bucket=mixed;first_time_detail_bucket=1000_1100,481,92,25,50,0,0,5,342,42,0.717391304347826,0.05082498175555607,0.02915635420937055,0.4744497307792882,-0.11800704531551723,2.2172626913649136,500000.0,33102223.625398476,66.20444725079695,-0.13636773737941077,0,0,False,17,0,92,127,1.543498437784304,82,0.4878048780487805,-0.4153278226038175
A_plus_B_plus_C_2243,market_emotion_state_bucket=warming;segment_emotion_state_bucket=mixed;amount_ratio_bucket=2_3,481,80,25,52,0,0,5,368,28,0.725,0.05909200753426876,0.03218377550185595,0.4980539655009626,-0.11800704531551723,2.4558038274621006,500000.0,32810760.349043325,65.62152069808666,-0.13636773737941088,0,0,False,3,0,80,97,1.6569194578610438,26,0.5769230769230769,-0.15858842425208008
A_plus_B_plus_C_0769,segment_limit_up_count_bucket=40_80;segment_emotion_state_bucket=main_rise,481,87,24,51,1,0,4,353,36,0.7011494252873564,0.054162396011485064,0.0291749495998269,0.4980539655009626,-0.11800704531551723,2.47474940645404,500000.0,32367706.616511855,64.7354132330237,-0.1436342572080227,0,0,False,12,0,87,28,2.2210373241628876,34,0.6176470588235294,-0.14980916964566626
A_plus_B_plus_C_0351,market_chain_count_bucket=15_30;segment_limit_up_ratio_bucket=3pct_5pct,481,81,24,52,0,0,5,366,29,0.7283950617283951,0.05781051025817694,0.0326313425704338,0.4980539655009626,-0.11800704531551723,2.485751288691575,500000.0,31931388.194995612,63.862776389991225,-0.13636773737941088,0,0,False,5,0,81,138,1.5113454391575507,15,0.5333333333333333,-0.17696429503409616
A_plus_B_plus_C_1381,market_emotion_state_bucket=warming;first_time_detail_bucket=before_1000,481,80,25,52,1,0,5,367,28,0.7375,0.05854334557873575,0.033956075351714646,0.4980539655009626,-0.11800704531551723,2.3103314290377246,500000.0,31861085.177597426,63.722170355194855,-0.13636773737941088,0,0,False,3,0,80,34,2.12317350143873,37,0.5135135135135135,-0.2675938741453766
A_plus_B_plus_C_0625,segment_chain_count_bucket=1_3;first_time_detail_bucket=before_1000,481,96,25,50,0,0,4,335,46,0.6875,0.04891057151964046,0.02804369219992356,0.4980539655009626,-0.14349097575595127,2.4849871314526277,500000.0,31758123.107047457,63.51624621409491,-0.14349097575595116,0,0,False,21,0,96,116,1.5941478573161618,102,0.49019607843137253,-0.31887662855003174
A_plus_B_plus_C_0584,segment_chain_count_bucket=gte_10;segment_emotion_state_bucket=climax,481,79,25,52,0,0,5,370,27,0.7341772151898734,0.05912546717140074,0.0326313425704338,0.4980539655009626,-0.11800704531551723,2.4580469926442547,500000.0,31580364.548891913,63.16072909778383,-0.13636773737941077,0,0,False,2,0,79,145,1.4831440350617042,18,0.6666666666666666,-0.12823920765991226
A_plus_B_plus_C_1011,segment_limit_up_ratio_bucket=0_5pct_1pct;amount_ratio_bucket=3_5,481,95,24,49,1,0,5,333,47,0.6842105263157895,0.04932508802527119,0.02464048591717308,0.4980539655009626,-0.11800704531551723,2.4711731375391754,500000.0,31531433.74157383,63.062867483147656,-0.13636773737941088,0,1,False,22,0,95,75,1.770739048299113,98,0.4489795918367347,-0.4982542597587586
A_plus_B_plus_C_0221,market_segment=chi_next;turnover_rate_bucket=6_10,481,91,20,50,1,0,5,343,41,0.6813186813186813,0.05182208901489551,0.0317362084332781,0.4980539655009626,-0.14148486773603755,2.2476592533226003,500000.0,31368596.426392958,62.73719285278592,-0.2030955287091748,0,0,False,21,0,91,24,2.326823783577749,113,0.504424778761062,-0.5576804719591044
A_plus_B_plus_C_0684,segment_chain_count_bucket=5_10;open_times_bucket=1,481,121,21,47,2,0,3,280,75,0.6198347107438017,0.03902301821865313,0.0193948880593092,0.4980539655009626,-0.16825653191521464,2.4470161161847988,500000.0,31262836.755232394,62.525673510464784,-0.1682565319152146,0,1,False,53,0,121,146,1.482014292908212,106,0.46226415094339623,-0.38457280200461463
A_plus_B_plus_C_0426,market_chain_count_bucket=3_8;first_time_detail_bucket=1000_1100,481,92,24,51,0,0,5,342,42,0.7282608695652174,0.050871351742684354,0.03218377550185595,0.4980539655009626,-0.15893009201354988,1.9807529000146256,500000.0,31204366.796738263,62.408733593476526,-0.1589300920135499,0,1,False,17,0,92,94,1.6661054777180482,55,0.509090909090909,-0.4693021274110426
A_plus_B_plus_C_1578,first_time_detail_bucket=1000_1100;limit_height_rank_bucket=rank_1,481,83,24,51,1,0,5,358,34,0.7228915662650602,0.05635155887427599,0.03356569003410389,0.4980539655009626,-0.16429423524493125,2.185764113585875,500000.0,31039995.234691076,62.07999046938215,-0.16429423524493125,0,1,False,8,0,83,44,2.0242058288703597,33,0.6060606060606061,-0.26893469913662194
A_plus_B_plus_C_1963,segment_chain_count_bucket=gte_10;segment_emotion_state_bucket=climax;fd_ratio_bucket=0_5pct_1pct,481,85,24,52,2,0,5,356,33,0.7058823529411765,0.05490855263582108,0.0317362084332781,0.4980539655009626,-0.11800704531551723,2.428046688295765,500000.0,31038034.955861248,62.0760699117225,-0.13636773737941077,0,0,False,9,0,85,95,1.6641860037270586,18,0.5555555555555556,-0.2016028730850542
A_plus_B_plus_C_0954,segment_limit_up_ratio_bucket=2pct_3pct;market_emotion_state_bucket=main_rise,481,85,23,50,1,0,5,355,35,0.7411764705882353,0.05464341447152192,0.0326313425704338,0.4980539655009626,-0.11800704531551723,2.1447354844387063,500000.0,31010431.284743674,62.02086256948735,-0.14026582438977242,0,0,False,12,0,85,23,2.362468385626031,41,0.6829268292682927,-0.2817203928067944
A_plus_B_plus_C_1806,prev_pct_chg_bucket=neg3_0;segment_limit_height_rank_bucket=rank_1,481,99,23,51,0,0,5,329,48,0.6868686868686869,0.04797599857791669,0.02464048591717308,0.5188303352032584,-0.11800704531551723,2.10916497081183,500000.0,30828409.580828324,61.65681916165665,-0.1454537476219917,0,1,False,25,0,99,18,2.5290582463175784,101,0.46534653465346537,-0.40062374552156343
A_plus_B_plus_C_2053,market_segment=chi_next;segment_emotion_state_bucket=mixed;first_time_detail_bucket=1330_1430,481,93,25,52,0,0,5,342,41,0.7096774193548387,0.05032605976197329,0.025152492959031714,0.4980539655009626,-0.11800704531551723,2.095222739474498,500000.0,30694784.373717677,61.389568747435355,-0.13636773737941077,0,0,False,16,0,93,120,1.579700379303861,61,0.5245901639344263,-0.41073386336335715
A_plus_B_plus_C_0958,segment_limit_up_ratio_bucket=3pct_5pct;market_emotion_state_bucket=main_rise,481,82,24,52,0,0,5,364,30,0.7195121951219512,0.056587735885937386,0.03218377550185595,0.4980539655009626,-0.11800704531551723,2.4717515208500327,500000.0,30575677.621100668,61.15135524220133,-0.13636773737941077,0,0,False,6,0,82,112,1.5984449769612945,25,0.6,-0.14074559530422304
A_plus_B_plus_C_1723,amount_ratio_bucket=2_3;limit_times_detail_bucket=3,481,80,25,51,1,0,5,366,29,0.725,0.05795086191809125,0.03218377550185595,0.4980539655009626,-0.11800704531551723,2.492376874202949,500000.0,30488930.109624606,60.97786021924921,-0.13636773737941088,0,0,False,4,0,80,29,2.2209085658219796,46,0.5217391304347826,-0.3605495712124507
A_plus_B_plus_C_0972,segment_limit_up_ratio_bucket=2pct_3pct;first_time_detail_bucket=1330_1430,481,111,21,46,0,0,3,301,66,0.6576576576576577,0.04190312259935603,0.021434748175136208,0.4980539655009626,-0.11800704531551723,2.3158725106694233,500000.0,30340376.57489785,60.680753149795706,-0.15214740524768777,0,2,False,44,0,111,119,1.5800627649885,86,0.5,-0.5994879986667211
A_plus_B_plus_C_1432,market_emotion_state_bucket=warming;prev_pct_chg_bucket=3_7,481,86,25,51,0,0,5,355,35,0.7093023255813954,0.05387715399398615,0.0304555790165525,0.4980539655009626,-0.11800704531551723,2.449164218387692,500000.0,30320606.7623648,60.6412135247296,-0.13636773737941077,0,0,False,10,0,86,109,1.604793281047441,34,0.5294117647058824,-0.2970179231970669
A_plus_B_plus_C_1738,amount_ratio_bucket=2_3;limit_height_rank_bucket=rank_1,481,78,25,52,1,0,5,371,26,0.7435897435897436,0.059240422669774466,0.03309851630226884,0.4980539655009626,-0.11800704531551723,2.404144551361666,500000.0,30226729.946139716,60.45345989227943,-0.13636773737941088,0,0,False,1,0,78,4,3.7759063621830498,42,0.6190476190476191,-0.21487596984392565
A_plus_B_plus_C_2231,market_emotion_state_bucket=main_rise;segment_emotion_state_bucket=warming;amount_ratio_bucket=2_3,481,78,25,52,0,0,5,372,26,0.7435897435897436,0.059041727844327097,0.03218377550185595,0.4980539655009626,-0.11800704531551723,2.3972375171696054,500000.0,29773483.67326565,59.546967346531304,-0.13636773737941088,0,0,False,1,0,78,110,1.6039473914854583,10,0.8,-0.03573732841328414
A_plus_B_plus_C_1092,fd_ratio_bucket=0_5pct_1pct;segment_emotion_state_bucket=climax,481,89,25,52,1,0,5,349,37,0.6966292134831461,0.05186430873018971,0.0291749495998269,0.4980539655009626,-0.11800704531551723,2.3088592248145674,500000.0,29382220.12891354,58.76444025782708,-0.18639313382602873,0,0,False,12,0,89,91,1.7008904756237604,20,0.6,-0.17883287995010422
A_plus_B_plus_C_0345,market_chain_count_bucket=3_8;segment_limit_up_count_bucket=20_40,481,81,23,51,0,0,5,365,30,0.7160493827160493,0.05668120764927687,0.0317362084332781,0.4980539655009626,-0.11800704531551723,2.592588869546268,500000.0,29369249.678352255,58.73849935670451,-0.13636773737941088,0,0,False,7,0,81,103,1.6324646613052578,30,0.6,-0.15473042711419815
A_plus_B_plus_C_1397,market_emotion_state_bucket=warming;turnover_rate_bucket=6_10,481,90,24,52,1,0,4,347,39,0.6888888888888889,0.05104349472140564,0.02804369219992356,0.4980539655009626,-0.11800704531551723,2.624139997264779,500000.0,29232394.914876048,58.46478982975209,-0.13636773737941077,0,1,False,14,0,90,135,1.528686209278181,37,0.5135135135135135,-0.23642314821495614
A_plus_B_plus_C_0182,market_segment=sz_main;market_emotion_state_bucket=main_rise,481,88,23,52,0,0,5,352,36,0.6818181818181818,0.05237360871077382,0.02915635420937055,0.4980539655009626,-0.11800704531551723,2.4976817775416995,500000.0,29143151.87423225,58.286303748464505,-0.14437026501923067,0,0,False,13,0,88,140,1.501905369667317,47,0.5319148936170213,-0.24490452764724002
A_plus_B_plus_C_0352,market_chain_count_bucket=15_30;segment_limit_up_ratio_bucket=0_5pct_1pct,481,79,24,52,0,0,5,370,27,0.7468354430379747,0.05808453000813515,0.0352808081329955,0.4980539655009626,-0.11800704531551723,2.134165916764077,500000.0,29021657.717738047,58.043315435476096,-0.13636773737941088,0,0,False,3,0,79,52,1.9068617305584379,40,0.6,-0.4560104988514255
A_plus_B_plus_C_0538,segment_chain_count_bucket=5_10;segment_limit_up_count_bucket=40_80,481,82,25,52,0,0,4,365,30,0.7195121951219512,0.0558331615967544,0.0304555790165525,0.4980539655009626,-0.11800704531551723,2.539333362851937,500000.0,28945447.4221016,57.890894844203196,-0.13636773737941088,0,0,False,5,0,82,154,1.4516291857844559,24,0.5416666666666666,-0.2738814225408104
A_plus_B_plus_C_2244,market_emotion_state_bucket=warming;segment_emotion_state_bucket=mixed;amount_ratio_bucket=3_5,481,80,25,52,1,0,4,368,28,0.725,0.057013986381663974,0.0304555790165525,0.4980539655009626,-0.11800704531551723,2.514916465887707,500000.0,28477248.255227067,56.954496510454135,-0.13636773737941088,0,0,False,3,0,80,104,1.629653175035244,22,0.45454545454545453,-0.14621471622822313
A_plus_B_plus_C_0989,segment_limit_up_ratio_bucket=3pct_5pct;turnover_rate_bucket=6_10,481,84,23,51,0,0,5,359,33,0.7142857142857143,0.05413065814282102,0.0304555790165525,0.4980539655009626,-0.11800704531551723,2.534419982864302,500000.0,28413466.897404086,56.82693379480817,-0.13636773737941088,0,0,False,10,0,84,160,1.440873420831003,31,0.5483870967741935,-0.21099551986681275
A_plus_B_plus_C_2185,market_chain_count_bucket=gte_30;fd_ratio_bucket=0_1pct_0_3pct;prev_pct_chg_bucket=3_7,481,84,25,52,1,0,5,359,32,0.7142857142857143,0.054125278605023884,0.02915635420937055,0.4980539655009626,-0.11800704531551723,2.441528929454605,500000.0,27983329.53092275,55.9666590618455,-0.13636773737941088,0,0,False,7,0,84,129,1.5399539103813733,17,0.5882352941176471,-0.1744518408769029
A_plus_B_plus_C_1436,market_emotion_state_bucket=retreat;prev_pct_chg_bucket=3_7,481,83,24,50,0,0,5,360,33,0.7108433734939759,0.055042107043229274,0.0317362084332781,0.4980539655009626,-0.11800704531551723,2.1615561703059254,500000.0,27978072.776006483,55.95614555201296,-0.19081108086625576,0,0,False,9,0,83,105,1.6225501339155592,33,0.5151515151515151,-0.21379891796361306
A_plus_B_plus_C_2105,segment_limit_up_count_bucket=40_80;open_times_bucket=2_3;turnover_rate_bucket=15_25,481,96,23,52,0,0,4,335,46,0.7083333333333334,0.047958245399173455,0.02915635420937055,0.4980539655009626,-0.1377967406386715,1.796481417854058,500000.0,27938124.735615846,55.876249471231695,-0.20289506556127734,0,1,False,21,0,96,92,1.68212421818424,42,0.6666666666666666,-0.17703920331463685
A_plus_B_plus_C_0145,market_segment=bj;segment_limit_up_ratio_bucket=1pct_2pct,481,79,25,51,1,0,5,368,28,0.7215189873417721,0.057476961456824974,0.0317362084332781,0.4980539655009626,-0.11800704531551723,2.4727550581439637,500000.0,27855934.06300781,55.71186812601562,-0.136367737379411,0,0,False,3,0,79,6,3.2809200340894664,25,0.56,-0.23473858258931468
A_plus_B_plus_C_1347,segment_emotion_state_bucket=climax;limit_times_detail_bucket=3,481,82,25,52,0,0,5,364,30,0.7195121951219512,0.055639107575783726,0.0304555790165525,0.4980539655009626,-0.12340785041373709,2.186308949870504,500000.0,27820301.123983998,55.640602247968,-0.13636773737941077,0,0,False,5,0,82,56,1.8967630859546538,17,0.6470588235294118,-0.21608932979395734
A_plus_B_plus_C_0978,segment_limit_up_ratio_bucket=0_5pct_1pct;first_time_detail_bucket=1000_1100,481,103,25,51,1,0,5,319,53,0.6796116504854369,0.0437379282587571,0.02228841203399,0.4744497307792882,-0.11800704531551723,2.244023706222536,500000.0,27800060.764939517,55.60012152987903,-0.13636773737941088,0,1,False,27,0,103,67,1.8215160024528545,101,0.48514851485148514,-0.4482294809863204
A_plus_B_plus_C_2239,market_emotion_state_bucket=warming;segment_emotion_state_bucket=main_rise;amount_ratio_bucket=2_3,481,79,25,51,0,0,5,368,29,0.7341772151898734,0.0574415255935405,0.0317362084332781,0.4980539655009626,-0.11800704531551723,2.3107175035839416,500000.0,27760444.932548545,55.52088986509709,-0.13636773737941088,0,1,False,3,0,79,144,1.4951425602403068,19,0.6842105263157895,-0.06482068619246861
A_plus_B_plus_C_0562,segment_chain_count_bucket=1_3;segment_limit_up_ratio_bucket=2pct_3pct,481,78,25,52,0,0,5,372,26,0.7307692307692307,0.05806659179229713,0.03218377550185595,0.4980539655009626,-0.11800704531551723,2.3746691252896466,500000.0,27549083.615878284,55.09816723175657,-0.13636773737941088,0,0,False,1,0,78,70,1.8104055669707593,11,0.7272727272727273,-0.20071660214614317
A_plus_B_plus_C_0138,market_segment=sh_main;segment_limit_up_ratio_bucket=2pct_3pct,481,92,23,49,1,0,4,341,43,0.7282608695652174,0.049107752700037276,0.024619018807461458,0.4980539655009626,-0.11800704531551723,2.1246536580013897,500000.0,27530651.820265386,55.061303640530774,-0.1436342572080227,0,0,False,20,0,92,53,1.904607584226896,58,0.5862068965517241,-0.2302726818122638
A_plus_B_plus_C_0738,segment_limit_up_count_bucket=40_80;segment_limit_up_ratio_bucket=2pct_3pct,481,87,24,50,1,0,4,352,37,0.7126436781609196,0.05190465718860357,0.0291377588189142,0.4980539655009626,-0.11800704531551723,2.3171825936085653,500000.0,27327237.660887748,54.65447532177549,-0.1436342572080228,0,0,False,13,0,87,15,2.625029971722639,43,0.6511627906976745,-0.15819705869518463
A_plus_B_plus_C_1172,fd_ratio_bucket=0_5pct_1pct;prev_pct_chg_bucket=3_7,481,153,23,36,5,0,2,199,122,0.5947712418300654,0.03078940671027797,0.014343814730723778,0.4980539655009626,-0.15047872341080068,1.8000986808670187,500000.0,27226263.564438444,54.45252712887689,-0.31362718582310845,0,5,False,94,0,153,153,1.452241242644649,127,0.4881889763779528,-0.3940918395867219
A_plus_B_plus_C_1238,segment_emotion_state_bucket=main_rise;market_emotion_state_bucket=main_rise,481,86,22,51,1,0,5,353,36,0.7093023255813954,0.05305841642219366,0.033956075351714646,0.4980539655009626,-0.17854275324675314,1.9690553348603068,500000.0,27195181.631244633,54.39036326248927,-0.22003832384477684,0,1,False,13,0,86,68,1.8206437532980286,43,0.5581395348837209,-0.2795727086030555
A_plus_B_plus_C_0122,market_segment=sh_main;segment_limit_up_count_bucket=40_80,481,86,24,50,1,0,4,354,36,0.7093023255813954,0.05237064302099957,0.02915635420937055,0.4980539655009626,-0.11800704531551723,2.4177548398714115,500000.0,27126413.250649177,54.25282650129835,-0.1436342572080227,0,0,False,12,0,86,39,2.053029438284017,37,0.5945945945945946,-0.19538492451085887
A_plus_B_plus_C_0512,market_chain_count_bucket=8_15;limit_height_rank_bucket=rank_4_10,481,83,24,51,0,0,5,361,32,0.7108433734939759,0.05438161330809215,0.0291749495998269,0.4980539655009626,-0.11800704531551723,2.4803708520538366,500000.0,27101968.97694987,54.20393795389974,-0.13636773737941077,0,0,False,8,0,83,141,1.501351958005062,58,0.43103448275862066,-0.2919840343565362
A_plus_B_plus_C_1484,market_emotion_state_bucket=main_rise;segment_limit_height_rank_bucket=rank_2_3,481,86,23,51,0,0,5,352,38,0.686046511627907,0.05257534188060024,0.0304555790165525,0.4980539655009626,-0.11800704531551723,2.4785575093619645,500000.0,26986301.916022398,53.9726038320448,-0.13636773737941088,0,1,False,12,0,86,26,2.2798289487005468,47,0.6382978723404256,-0.2516743168000539
A_plus_B_plus_C_1799,prev_pct_chg_bucket=3_7;limit_height_rank_bucket=rank_2_3,481,96,25,48,0,0,5,332,48,0.65625,0.047058082658562116,0.023464448975581538,0.4980539655009626,-0.11800704531551723,2.4043617751346367,500000.0,26391041.083313845,52.78208216662769,-0.18277010874284982,0,0,False,23,0,96,2,5.601511831024375,69,0.5072463768115942,-0.3509526650484278
A_plus_B_plus_C_0672,segment_chain_count_bucket=3_5;prev_pct_chg_bucket=3_7,481,95,23,47,1,0,4,332,49,0.6736842105263158,0.047644139098413286,0.0317362084332781,0.4980539655009626,-0.1233429185986426,2.0430460834017827,500000.0,26352422.54386561,52.70484508773122,-0.24289066124698366,0,1,False,25,0,95,101,1.6428127476289525,72,0.4722222222222222,-0.4108888064760673
A_plus_B_plus_C_0225,market_segment=bj;turnover_rate_bucket=6_10,481,78,25,52,0,0,5,372,26,0.7307692307692307,0.057527615582962086,0.03218377550185595,0.4980539655009626,-0.11800704531551723,2.260415064111285,500000.0,26319615.47296682,52.63923094593364,-0.13636773737941088,0,0,False,1,0,78,78,1.7496223808685347,9,0.5555555555555556,-0.24138040076410439
A_plus_B_plus_C_0626,segment_chain_count_bucket=1_3;first_time_detail_bucket=1000_1100,481,106,23,50,0,0,5,312,58,0.6509433962264151,0.04274036099947374,0.020490176364643904,0.4980539655009626,-0.15893009201354988,2.2777319065025825,500000.0,26288779.788699627,52.577559577399256,-0.25765162104065864,0,2,False,33,0,106,72,1.7811984121824436,97,0.5154639175257731,-0.31491721318886556
A_plus_B_plus_C_1343,segment_emotion_state_bucket=warming;limit_times_detail_bucket=3,481,78,24,52,0,0,5,372,26,0.7307692307692307,0.05732163967618983,0.03218377550185595,0.4980539655009626,-0.11800704531551723,2.472206575736513,500000.0,26263537.96053176,52.52707592106352,-0.13636773737941088,0,0,False,2,0,78,79,1.7455895719543382,24,0.5416666666666666,-0.2612140317527908
A_plus_B_plus_C_0195,market_segment=bj;market_emotion_state_bucket=warming,481,80,25,52,0,0,5,368,28,0.7125,0.0560100079255859,0.0304555790165525,0.4980539655009626,-0.11800704531551723,2.457821248522822,500000.0,26241897.58876536,52.48379517753072,-0.13636773737941088,0,0,False,3,0,80,82,1.7370956508171003,22,0.45454545454545453,-0.27478615316743193
A_plus_B_plus_C_1400,market_emotion_state_bucket=warming;turnover_rate_bucket=15_25,481,82,25,51,0,0,5,362,32,0.7317073170731707,0.05367279120119862,0.0304555790165525,0.4744497307792882,-0.11800704531551723,2.3468846394469205,500000.0,25939477.823118225,51.87895564623645,-0.13636773737941088,0,1,False,6,0,82,84,1.7314649097688863,37,0.5405405405405406,-0.22189053829273198
A_plus_B_plus_C_0637,segment_chain_count_bucket=3_5;turnover_rate_bucket=6_10,481,99,22,46,2,0,4,323,53,0.6767676767676768,0.045111782031664445,0.026949625580932914,0.4980539655009626,-0.11800704531551723,2.236200323859305,500000.0,25865733.684695564,51.731467369391126,-0.17726825890097175,0,0,False,31,0,99,38,2.0726773361633497,91,0.5604395604395604,-0.3833339710232142
A_plus_B_plus_C_0227,market_segment=bj;turnover_rate_bucket=10_15,481,82,24,52,0,0,5,364,30,0.7073170731707317,0.05479053324657839,0.0304555790165525,0.4980539655009626,-0.18253476123876122,2.099775881835436,500000.0,25503736.278222848,51.0074725564457,-0.20541159919616514,0,0,False,6,0,82,108,1.6102301369179375,27,0.6296296296296297,-0.3859502835765294
A_plus_B_plus_C_0867,segment_limit_up_count_bucket=40_80;open_times_bucket=2_3,481,103,22,50,0,0,4,319,55,0.6504854368932039,0.04253623546053397,0.027280122549564967,0.4744497307792882,-0.12773537880301525,2.524625752521177,500000.0,25142298.497775644,50.28459699555129,-0.15462137282104593,0,1,False,31,0,103,88,1.7228988351208283,52,0.5192307692307693,-0.16084981396674425
A_plus_B_plus_C_2119,segment_limit_up_count_bucket=10_20;open_times_bucket=2_3;turnover_rate_bucket=3_6,481,97,22,49,1,0,5,329,49,0.7010309278350515,0.045058092480950857,0.02228841203399,0.4980539655009626,-0.11800704531551723,2.212823377797072,500000.0,24770017.727204453,49.54003545440891,-0.13636773737941088,0,1,False,26,0,97,130,1.5380713073855845,36,0.5833333333333334,-0.20017324985617968
A_plus_B_plus_C_0366,market_chain_count_bucket=15_30;fd_ratio_bucket=0_5pct_1pct,481,114,22,44,3,0,4,291,69,0.6140350877192983,0.03944264226206374,0.017984822344750524,0.4980539655009626,-0.11800704531551723,2.262222386394474,500000.0,24747124.40990912,49.494248819818246,-0.17913358539898883,0,0,False,48,0,114,159,1.4422193378746768,68,0.4117647058823529,-0.34793266395355305
A_plus_B_plus_C_1277,segment_emotion_state_bucket=warming;turnover_rate_bucket=6_10,481,95,25,49,2,0,4,333,47,0.6736842105263158,0.046611834022285976,0.02228841203399,0.4980539655009626,-0.11800704531551723,2.436459863208178,500000.0,24736848.342075914,49.473696684151825,-0.17182998683236927,0,1,False,21,0,95,150,1.4711478815580004,49,0.5102040816326531,-0.29412823618374373
A_plus_B_plus_C_0414,market_chain_count_bucket=15_30;first_time_detail_bucket=1000_1100,481,89,25,47,0,0,5,345,42,0.6853932584269663,0.04991627813830772,0.02679383844840416,0.4980539655009626,-0.11800704531551723,2.1725239736772033,500000.0,24663413.660787564,49.32682732157513,-0.15357470302960574,0,0,False,17,0,89,3,5.036410576562869,69,0.5652173913043478,-0.3165590564554457
A_plus_B_plus_C_1904,market_chain_count_bucket=8_15;segment_limit_up_count_bucket=20_40;fd_ratio_bucket=0_1pct_0_3pct,481,102,22,47,0,0,4,319,56,0.6666666666666666,0.042637475033152905,0.0233633388841279,0.4744497307792882,-0.09607655101397267,2.3358523915212768,500000.0,24413452.152821615,48.82690430564323,-0.22417474617828848,0,1,False,33,0,102,60,1.862293605772359,60,0.5166666666666667,-0.22294044438149563
A_plus_B_plus_C_0301,market_segment=chi_next;limit_height_rank_bucket=rank_1,481,79,25,51,1,0,5,368,28,0.7215189873417721,0.05606467155093777,0.0326313425704338,0.4980539655009626,-0.13526646817412355,2.0482542604975205,500000.0,24395874.882238,48.791749764476,-0.1579057376284696,0,0,False,3,0,79,102,1.6346852335496622,12,0.5833333333333334,-0.16500479175120197
A_plus_B_plus_C_1500,first_time_detail_bucket=1000_1100;turnover_rate_bucket=15_25,481,104,22,51,0,0,5,318,54,0.6538461538461539,0.04264180525442237,0.023464448975581538,0.4980539655009626,-0.15893009201354988,2.112964729005339,500000.0,23908391.553202245,47.81678310640449,-0.15893009201355002,0,1,False,31,0,104,132,1.5343738416115458,147,0.4489795918367347,-0.49760402905618484
A_plus_B_plus_C_1976,segment_chain_count_bucket=5_10;segment_emotion_state_bucket=warming;fd_ratio_bucket=0_1pct_0_3pct,481,86,25,51,0,0,5,355,35,0.7209302325581395,0.05004760478503131,0.02930790636834507,0.4744497307792882,-0.11800704531551723,2.325153282259765,500000.0,23898953.905014247,47.79790781002849,-0.13636773737941088,0,0,False,10,0,86,57,1.8919735079734894,19,0.7368421052631579,-0.13712044359672615
A_plus_B_plus_C_0393,market_chain_count_bucket=3_8;segment_emotion_state_bucket=main_rise,481,80,25,51,0,0,5,367,29,0.725,0.05461033153460758,0.02915635420937055,0.4980539655009626,-0.11800704531551723,2.407869340858649,500000.0,23862494.905500643,47.72498981100129,-0.13636773737941088,0,0,False,4,0,80,151,1.4678803048531919,19,0.6842105263157895,-0.12331025264284678
A_plus_B_plus_C_0659,segment_chain_count_bucket=1_3;amount_ratio_bucket=3_5,481,99,24,49,1,0,5,326,50,0.6666666666666666,0.04453688936792846,0.02464048591717308,0.4980539655009626,-0.11800704531551723,2.164431901265724,500000.0,23790503.62548431,47.58100725096862,-0.19812844224415738,0,0,False,26,0,99,16,2.591385277889272,94,0.43617021276595747,-0.43328813510068964
A_plus_B_plus_C_2103,segment_limit_up_count_bucket=40_80;open_times_bucket=2_3;turnover_rate_bucket=3_6,481,97,22,50,0,0,4,333,47,0.6391752577319587,0.04471537376832491,0.020473450062133,0.4980539655009626,-0.11800704531551723,2.7350143869136105,500000.0,22909728.80106732,45.81945760213464,-0.13636773737941088,0,0,False,25,0,97,158,1.4437372223789553,39,0.4358974358974359,-0.25018693336604547
A_plus_B_plus_C_1530,first_time_detail_bucket=1000_1100;prev_pct_chg_bucket=neg3_0,481,130,22,46,4,0,2,260,85,0.6076923076923076,0.033595707005473485,0.0199341690607211,0.4980539655009626,-0.14922524117682953,2.279293204813248,500000.0,22793276.204842124,45.586552409684245,-0.15992495687253971,0,1,False,62,0,130,114,1.596650476954508,164,0.4329268292682927,-0.5941394748999234
A_plus_B_plus_C_0022,segment_limit_up_ratio_bucket=2pct_3pct,481,94,23,48,1,0,5,335,46,0.6808510638297872,0.04599549265437131,0.020782274510400676,0.4980539655009626,-0.11800704531551723,2.2098324739756956,500000.0,22430025.247113217,44.860050494226435,-0.14026582438977253,0,0,False,23,0,94,90,1.7154975787060078,89,0.4943820224719101,-0.580731478542589
A_plus_B_plus_C_0532,market_chain_count_bucket=3_8;segment_limit_height_rank_bucket=rank_1,481,87,24,51,0,0,5,353,36,0.7011494252873564,0.04969474823620153,0.0291749495998269,0.4980539655009626,-0.16842966633366624,2.0829001821583684,500000.0,22225548.88905325,44.4510977781065,-0.20881932679202253,0,0,False,12,0,87,107,1.618081063855701,54,0.46296296296296297,-0.2891116901130375
A_plus_B_plus_C_0497,market_chain_count_bucket=8_15;limit_times_detail_bucket=1,481,85,23,49,0,0,5,354,37,0.7176470588235294,0.04982117177363365,0.0291377588189142,0.4744497307792882,-0.11800704531551723,2.213290233138349,500000.0,22190417.01318631,44.38083402637262,-0.13636773737941077,0,1,False,13,0,85,80,1.7377629907636243,80,0.4375,-0.4289326478727047
A_plus_B_plus_C_1489,market_emotion_state_bucket=warming;segment_limit_height_rank_bucket=rank_1,481,79,25,51,0,0,5,369,28,0.7468354430379747,0.053438221868771285,0.0317362084332781,0.4744497307792882,-0.11800704531551723,2.188530673588969,500000.0,22187560.94166093,44.37512188332186,-0.13636773737941088,0,0,False,3,0,79,55,1.8995040075518765,37,0.5675675675675675,-0.47254679212423345
A_plus_B_plus_C_0983,segment_limit_up_ratio_bucket=1pct_2pct;turnover_rate_bucket=10_15,481,120,23,47,3,0,4,279,75,0.6416666666666667,0.03642860003721437,0.020490176364643904,0.4980539655009626,-0.1376645914085913,1.882064229088178,500000.0,21934168.92303136,43.86833784606272,-0.19733029593646323,0,2,False,50,0,120,76,1.7686437429260295,141,0.46099290780141844,-0.5312410514026844
A_plus_B_plus_C_0459,market_chain_count_bucket=3_8;amount_ratio_bucket=3_5,481,87,23,51,0,0,5,352,37,0.7126436781609196,0.04842850563684465,0.0291749495998269,0.4980539655009626,-0.11800704531551723,2.145648004895669,500000.0,21511363.384104423,43.02272676820885,-0.13636773737941088,0,1,False,13,0,87,69,1.8178930235569246,55,0.45454545454545453,-0.3159413885886613
A_plus_B_plus_C_0679,segment_chain_count_bucket=gte_10;open_times_bucket=2_3,481,105,23,51,3,0,5,311,57,0.6190476190476191,0.041201172588011765,0.02050690266715481,0.4980539655009626,-0.12773537880301525,2.230800759197843,500000.0,21266003.70767217,42.532007415344346,-0.3279493386104473,0,2,False,31,0,105,128,1.541378899310336,59,0.5254237288135594,-0.44233999870085805
A_plus_B_plus_C_1601,turnover_rate_bucket=3_6;amount_ratio_bucket=1_2_2,481,166,18,44,8,0,3,181,123,0.5542168674698795,0.026193235006540038,0.007133496942290183,0.4980539655009626,-0.11800704531551723,2.1879546451897203,500000.0,21136191.94894626,42.27238389789252,-0.2551483606264098,0,2,False,104,0,166,62,1.8568308730854097,166,0.463855421686747,-0.46948769941610846
A_plus_B_plus_C_1790,prev_pct_chg_bucket=0_3;limit_height_rank_bucket=rank_2_3,481,97,23,50,1,0,5,331,47,0.6907216494845361,0.04432654512950265,0.02228841203399,0.4980539655009626,-0.23424634469517502,1.7707902421138615,500000.0,20595192.63811743,41.190385276234856,-0.27046640963523205,0,0,False,24,0,97,89,1.7209279086141338,70,0.6,-0.2896284248698141
A_plus_B_plus_C_1655,turnover_rate_bucket=10_15;limit_times_detail_bucket=3,481,92,25,50,1,0,5,340,43,0.6847826086956522,0.04643867484102492,0.02715522122413804,0.4980539655009626,-0.15518211388611378,1.901824601306169,500000.0,20550962.13038609,41.101924260772186,-0.19999857204007854,0,1,False,17,0,92,111,1.6001115362987435,68,0.5147058823529411,-0.5019397424309572
A_plus_B_plus_C_0425,market_chain_count_bucket=3_8;first_time_detail_bucket=before_1000,481,80,24,51,0,0,5,364,32,0.725,0.05199035034375428,0.03218377550185595,0.4980539655009626,-0.11800704531551723,2.1706379013245045,500000.0,20543926.33647274,41.08785267294548,-0.13636773737941088,0,1,False,5,0,80,143,1.4990408630021352,55,0.5636363636363636,-0.32657051648022384
A_plus_B_plus_C_0621,segment_chain_count_bucket=3_5;first_time_detail_bucket=before_1000,481,91,20,48,2,0,5,336,47,0.7032967032967034,0.04541948181550915,0.0326313425704338,0.4980539655009626,-0.12230343830949111,1.7659874112195064,500000.0,19344245.035479277,38.68849007095856,-0.15992625694594598,0,2,False,23,0,91,66,1.8222623122551125,97,0.5360824742268041,-0.36997335033785295
A_plus_B_plus_C_0382,market_chain_count_bucket=15_30;segment_emotion_state_bucket=mixed,481,81,25,49,0,0,5,363,32,0.7160493827160493,0.05168999928163559,0.0291749495998269,0.4980539655009626,-0.15652531681971424,1.8617247291006267,500000.0,19207213.407938004,38.414426815876006,-0.15652531681971427,0,0,False,7,0,81,21,2.407717456269065,46,0.5869565217391305,-0.2641664332822251
A_plus_B_plus_C_1536,first_time_detail_bucket=1100_1330;prev_pct_chg_bucket=3_7,481,108,22,39,3,0,5,295,70,0.6296296296296297,0.03876110494941103,0.01577108887744597,0.4980539655009626,-0.1233429185986426,2.1754520363424823,500000.0,19091813.217885748,38.183626435771494,-0.2906188038498926,0,1,False,47,0,108,148,1.4761314148257458,123,0.4959349593495935,-0.5345588601667539
A_plus_B_plus_C_0458,market_chain_count_bucket=3_8;amount_ratio_bucket=2_3,481,88,24,51,0,0,5,351,37,0.6590909090909091,0.04715384671445408,0.025795055749052997,0.4980539655009626,-0.11800704531551723,2.418320185532283,500000.0,18957172.716120023,37.91434543224005,-0.14908177664498534,0,0,False,13,0,88,36,2.0784952852966136,55,0.509090909090909,-0.31002357509437495
A_plus_B_plus_C_1712,amount_ratio_bucket=3_5;open_times_bucket=1,481,150,18,39,5,0,2,212,112,0.5933333333333334,0.02740189573123067,0.010220368247137622,0.4744497307792882,-0.1422233079861314,2.2212833519469073,500000.0,18776318.661763333,37.55263732352667,-0.18327055407735748,0,1,False,93,0,150,59,1.878736588557157,147,0.5102040816326531,-0.5432442098647728
A_plus_B_plus_C_1207,fd_ratio_bucket=0_1pct_0_3pct;limit_times_detail_bucket=3,481,91,23,50,2,0,5,342,41,0.6703296703296703,0.04602715109644451,0.026949625580932914,0.4980539655009626,-0.14082353318685611,1.9410206344922614,500000.0,18771662.326894347,37.543324653788694,-0.1914802291481078,0,0,False,18,0,91,131,1.537969187704066,40,0.5,-0.24727899141675957
A_plus_B_plus_C_2212,market_emotion_state_bucket=mixed;segment_emotion_state_bucket=mixed;amount_ratio_bucket=3_5,481,102,23,46,0,0,5,317,57,0.6470588235294118,0.03995580455136825,0.020490176364643904,0.4980539655009626,-0.11800704531551723,2.399704501729108,500000.0,18604881.45813777,37.20976291627554,-0.1449883890218926,0,1,False,33,0,102,71,1.7923845746658946,93,0.41935483870967744,-0.3987481537483931
A_plus_B_plus_C_1669,turnover_rate_bucket=10_15;limit_height_rank_bucket=rank_1,481,84,24,52,0,0,5,359,33,0.6904761904761905,0.04943010571997231,0.02915635420937055,0.4980539655009626,-0.18253476123876122,1.8695015133985486,500000.0,18149361.74262745,36.2987234852549,-0.20541159919616514,0,1,False,8,0,84,43,2.026569403622398,49,0.5510204081632653,-0.26665550039043573
A_plus_B_plus_C_0353,market_chain_count_bucket=8_15;segment_limit_up_ratio_bucket=1pct_2pct,481,89,23,50,0,0,4,346,42,0.6853932584269663,0.045028375143513516,0.02464048591717308,0.4744497307792882,-0.12527712836069047,2.097063011333928,500000.0,17511641.22248523,35.02328244497046,-0.13636773737941088,0,3,False,16,0,89,152,1.4650470985702873,70,0.4714285714285714,-0.40799734193331416
A_plus_B_plus_C_0323,market_chain_count_bucket=8_15;segment_chain_count_bucket=3_5,481,86,23,49,0,0,5,352,38,0.6976744186046512,0.04607155742547027,0.029204692479618155,0.4744497307792882,-0.11800704531551723,2.2910498958740555,500000.0,17401234.203428857,34.80246840685771,-0.14332557420646597,0,1,False,14,0,86,96,1.661261801849246,54,0.48148148148148145,-0.2925203746967413
A_plus_B_plus_C_1764,prev_pct_chg_bucket=neg3_0;open_times_bucket=1,481,152,15,38,5,0,3,207,114,0.5657894736842105,0.02651179321144962,0.009631899950327103,0.4744497307792882,-0.11294975977406048,2.311867257251985,500000.0,17382995.598891683,34.765991197783364,-0.18055925049715216,0,0,False,99,0,152,25,2.318707449553236,158,0.47468354430379744,-0.4202643584920074
A_plus_B_plus_C_0571,segment_chain_count_bucket=5_10;fd_ratio_bucket=0_1pct_0_3pct,481,126,24,46,1,0,3,269,82,0.6111111111111112,0.031674596013670564,0.018767413146363102,0.4744497307792882,-0.17854275324675314,2.1043496828796737,500000.0,16781916.714512944,33.56383342902589,-0.22003832384477673,0,2,False,56,0,126,10,2.826307524703531,103,0.5145631067961165,-0.30217677092792794
A_plus_B_plus_C_0814,segment_limit_up_count_bucket=20_40;turnover_rate_bucket=3_6,481,132,18,43,1,0,3,255,90,0.5757575757575758,0.030914699250819428,0.01349677767134022,0.4980539655009626,-0.12230343830949111,2.1540371869469177,500000.0,16463821.64752286,32.92764329504572,-0.23442751902028536,0,1,False,71,0,132,136,1.524755420163421,134,0.44776119402985076,-0.4391576784351764
A_plus_B_plus_C_0206,market_segment=chi_next;first_time_detail_bucket=1000_1100,481,105,22,47,0,0,5,312,59,0.638095238095238,0.038176431599763215,0.02228841203399,0.4744497307792882,-0.1748809113292722,1.8819054765666445,500000.0,16355279.165885853,32.71055833177171,-0.22249207167747054,0,1,False,36,0,105,54,1.9017414742086272,146,0.4589041095890411,-0.4806989273758472
A_plus_B_plus_C_1081,segment_limit_up_ratio_bucket=3pct_5pct;segment_limit_height_rank_bucket=rank_1,481,84,25,51,2,0,5,354,36,0.7023809523809523,0.04662491971763767,0.02915635420937055,0.4744497307792882,-0.1415997640325775,1.84958913635364,500000.0,15872604.811987631,31.745209623975263,-0.20364909963617006,0,3,False,8,0,84,155,1.4509677138448647,30,0.43333333333333335,-0.3007641398396108
A_plus_B_plus_C_0913,segment_limit_up_count_bucket=10_20;segment_limit_height_rank_bucket=rank_1,481,96,24,49,4,0,5,324,52,0.65625,0.04208988549007029,0.021397657350572405,0.4980539655009626,-0.15652531681971424,1.77280090574165,500000.0,15702386.204923844,31.404772409847688,-0.2086098081801262,0,2,False,23,0,96,106,1.6190297620244085,90,0.5222222222222223,-0.45868481209280587
A_plus_B_plus_C_1681,turnover_rate_bucket=10_15;segment_limit_height_rank_bucket=rank_1,481,105,22,49,1,0,5,310,60,0.6190476190476191,0.03842412770917089,0.020473450062133,0.4980539655009626,-0.18253476123876122,1.8711739436870458,500000.0,15207836.953319792,30.415673906639583,-0.1962612606966282,0,4,False,34,0,105,61,1.8581036277227911,129,0.4806201550387597,-0.4975947067808958
A_plus_B_plus_C_1001,segment_limit_up_ratio_bucket=2pct_3pct;amount_ratio_bucket=1_2_2,481,101,22,44,1,0,5,316,58,0.6534653465346535,0.03823962926164925,0.020007955009134337,0.4744497307792882,-0.15173159899421518,1.8957000528449788,500000.0,14760132.313145967,29.520264626291933,-0.19565341368129163,0,1,False,35,0,101,50,1.933892403228986,89,0.5168539325842697,-0.5178033191532883
A_plus_B_plus_C_0821,segment_limit_up_count_bucket=10_20;turnover_rate_bucket=6_10,481,105,23,48,1,0,5,300,70,0.6571428571428571,0.036680260543074786,0.02228841203399,0.4980539655009626,-0.17114192653629492,1.7834210702224296,500000.0,14536373.518049425,29.07274703609885,-0.1711419265362949,0,3,False,34,0,105,40,2.0384678138623,91,0.5384615384615384,-0.3703822944076829
A_plus_B_plus_C_1008,segment_limit_up_ratio_bucket=3pct_5pct;amount_ratio_bucket=gte_5,481,86,24,51,0,0,5,350,40,0.6744186046511628,0.04499345162588984,0.024619018807461458,0.4980539655009626,-0.2107240820230698,1.9389315337129287,500000.0,14104798.826884001,28.209597653768004,-0.24021750799614427,0,2,False,11,0,86,81,1.7374359149140939,30,0.5333333333333333,-0.24305708393256642
A_plus_B_plus_C_0830,segment_limit_up_count_bucket=20_40;amount_ratio_bucket=2_3,481,104,20,42,3,0,3,306,65,0.625,0.03670357201416547,0.015596582801601375,0.4980539655009626,-0.17854275324675314,2.1697602762708517,500000.0,13350573.201389592,26.701146402779184,-0.22003832384477673,0,3,False,42,0,104,12,2.7447511348150386,136,0.5294117647058824,-0.41644862157317863
A_plus_B_plus_C_0970,segment_limit_up_ratio_bucket=2pct_3pct;first_time_detail_bucket=1000_1100,481,96,23,46,3,0,5,325,52,0.6458333333333334,0.03972532136299168,0.028062287590379906,0.4980539655009626,-0.17569221989385012,1.8146004073707258,500000.0,13214222.844291143,26.428445688582286,-0.1756922198938501,0,2,False,27,0,96,124,1.5548516794698726,89,0.47191011235955055,-0.38044002456177695
A_plus_B_plus_C_1045,segment_limit_up_ratio_bucket=1pct_2pct;limit_times_detail_bucket=1,481,109,19,45,0,0,4,301,67,0.6238532110091743,0.03403968425873571,0.0193948880593092,0.4744497307792882,-0.15652531681971424,1.9951382203061103,500000.0,12877109.989576636,25.754219979153273,-0.19081108086625564,0,3,False,45,0,109,93,1.6715987128842638,152,0.4276315789473684,-0.4691219319274824
A_plus_B_plus_C_0836,segment_limit_up_count_bucket=40_80;amount_ratio_bucket=gte_5,481,92,23,49,1,0,4,336,48,0.6521739130434783,0.04031033700297961,0.020490176364643904,0.4980539655009626,-0.2107240820230698,1.9720541171691355,500000.0,12122461.47827716,24.24492295655432,-0.27530283514696385,0,2,False,20,0,92,83,1.7321786058909292,48,0.5,-0.4080185513789196
A_plus_B_plus_C_0506,market_chain_count_bucket=3_8;limit_times_detail_bucket=2,481,83,24,49,0,0,5,355,38,0.7108433734939759,0.04263240247624484,0.024944193373060627,0.4980539655009626,-0.15893009201354988,1.6067664246307487,500000.0,11034628.348986756,22.06925669797351,-0.19418227034371216,0,2,False,10,0,83,122,1.5753295489391166,53,0.5471698113207547,-0.41782110449669396
A_plus_B_plus_C_0491,market_chain_count_bucket=3_8;open_times_bucket=2_3,481,94,20,50,0,0,5,337,45,0.648936170212766,0.03764147241656205,0.023464448975581538,0.4980539655009626,-0.16842966633366624,1.8507005566209154,500000.0,10782686.010529874,21.565372021059748,-0.17515836190997935,0,1,False,24,0,94,87,1.72708265874476,55,0.5454545454545454,-0.500756215283932
A_plus_B_plus_C_0805,segment_limit_up_count_bucket=10_20;first_time_detail_bucket=before_1000,481,93,24,47,0,0,5,333,50,0.6451612903225806,0.037412783258602436,0.020473450062133,0.4980539655009626,-0.11800704531551723,2.04896211855084,500000.0,10565810.217078699,21.131620434157398,-0.1559041037772222,0,2,False,22,0,93,20,2.4378055728678163,99,0.5555555555555556,-0.2364206617802428
A_plus_B_plus_C_2110,segment_limit_up_count_bucket=10_20;open_times_bucket=0;turnover_rate_bucket=6_10,481,101,23,50,0,0,5,319,56,0.6831683168316832,0.03496413948143239,0.02464048591717308,0.4980539655009626,-0.17305374225774217,1.429282832558928,500000.0,10542205.291295702,21.084410582591403,-0.19469486245837297,0,3,False,28,0,101,137,1.5223187484231997,82,0.5365853658536586,-0.4026485656534109
A_plus_B_plus_C_1667,turnover_rate_bucket=10_15;limit_height_rank_bucket=rank_4_10,481,122,22,46,1,0,4,276,78,0.6065573770491803,0.029715972742324334,0.014437219309070902,0.4980539655009626,-0.1587336139324593,1.6477262643502646,500000.0,10266790.233720744,20.53358046744149,-0.23641708776283477,0,3,False,54,0,122,47,2.0058601750574976,137,0.49635036496350365,-0.40203823538890515
A_plus_B_plus_C_0031,fd_ratio_bucket=0_3pct_0_5pct,481,170,13,39,2,0,4,172,133,0.5352941176470588,0.021074136542510453,0.0035585646901306585,0.4980539655009626,-0.15652531681971424,1.8390364696085513,500000.0,9312229.229268745,18.62445845853749,-0.29091587092149707,0,3,False,118,0,170,113,1.5975465183062718,176,0.4772727272727273,-0.5608146507451863
A_plus_B_plus_C_1711,amount_ratio_bucket=3_5;open_times_bucket=2_3,481,174,21,43,1,0,4,167,135,0.5402298850574713,0.0204183213892084,0.0023012948564706008,0.4980539655009626,-0.22051891755067676,1.7038612025247835,500000.0,8477337.099519055,16.95467419903811,-0.3417834559803169,0,4,False,110,0,174,157,1.4440352798530873,155,0.45806451612903226,-0.5750665608662755
A_plus_B_plus_C_1639,turnover_rate_bucket=10_15;open_times_bucket=2_3,481,156,20,39,2,0,3,198,122,0.5769230769230769,0.021573126426211627,0.01053144382432003,0.4744497307792882,-0.14539639837912693,1.5766931331914749,500000.0,8383702.677930177,16.767405355860355,-0.39667262536289116,0,6,False,97,0,156,27,2.271927272023292,151,0.4768211920529801,-0.409860003446315
A_plus_B_plus_C_1094,fd_ratio_bucket=0_1pct_0_3pct;segment_emotion_state_bucket=mixed,481,117,23,43,3,0,5,278,78,0.6239316239316239,0.02760267303984845,0.018950990696669622,0.403015654731823,-0.27619341028202554,1.5838139491937022,500000.0,8075371.000376779,16.150742000753556,-0.2977621320996702,0,2,False,51,0,117,156,1.4451446549396572,112,0.48214285714285715,-0.5368209127442856
A_plus_B_plus_C_0981,segment_limit_up_ratio_bucket=1pct_2pct;turnover_rate_bucket=6_10,481,127,21,43,3,0,3,261,87,0.5748031496062992,0.025625605651295433,0.013601499195019927,0.4980539655009626,-0.17114192653629492,1.848055827131986,500000.0,8043968.19479894,16.08793638959788,-0.22887710756460578,0,3,False,63,0,127,147,1.478802223507735,145,0.46206896551724136,-0.5544289260720139
A_plus_B_plus_C_0965,segment_limit_up_ratio_bucket=1pct_2pct;first_time_detail_bucket=before_1000,481,99,21,45,5,0,5,310,62,0.6060606060606061,0.032701510212254016,0.01963717725219581,0.4980539655009626,-0.2156528163679894,1.8630612744614083,500000.0,7942214.246460876,15.884428492921753,-0.24769040435034473,0,4,False,33,0,99,46,2.006560874595313,150,0.52,-0.3923818466183394
A_plus_B_plus_C_1073,segment_limit_up_ratio_bucket=1pct_2pct;segment_limit_height_rank_bucket=rank_2_3,481,108,21,40,0,0,4,294,75,0.6296296296296297,0.02984208285364054,0.020490176364643904,0.4744497307792882,-0.17854275324675314,1.4580885558564218,500000.0,7457964.553573133,14.915929107146267,-0.27070475577155817,0,5,False,47,0,108,7,3.0101730615408457,146,0.4452054794520548,-0.3699730782760031
A_plus_B_plus_C_0716,segment_chain_count_bucket=3_5;limit_height_rank_bucket=rank_2_3,481,94,24,46,2,0,5,326,54,0.6276595744680851,0.03121636493334607,0.020490176364643904,0.403015654731823,-0.11800704531551723,1.7209533147339744,500000.0,6517092.887154344,13.034185774308687,-0.1535036928543465,0,3,False,24,0,94,31,2.1837876810323644,89,0.550561797752809,-0.43906988419063886
A_plus_B_plus_C_0751,segment_limit_up_count_bucket=20_40;fd_ratio_bucket=0_1pct_0_3pct,481,132,21,41,2,0,4,249,94,0.5378787878787878,0.022805230815539326,0.0045958446736278444,0.4744497307792882,-0.17854275324675314,1.981726118779413,500000.0,6281862.137129075,12.56372427425815,-0.29467881952966424,0,3,False,70,0,132,86,1.7292878918939314,132,0.44696969696969696,-0.4989368950040024
A_plus_B_plus_C_1821,open_times_bucket=2_3;limit_times_detail_bucket=1,481,160,17,38,2,0,3,190,126,0.5375,0.018709419288972778,0.0035961144465575497,0.403015654731823,-0.15652531681971424,1.7265120503915616,500000.0,6109370.210929327,12.218740421858653,-0.265612862498544,0,3,False,105,0,160,19,2.4708174540657417,179,0.5027932960893855,-0.4818282558487169
C_2033_strict,market_segment=sh_main;segment_emotion_state_bucket=main_rise;first_time_detail_bucket=1330_1430,323,44,0,0,0,0,0,244,35,0.6818181818181818,0.02078299303504534,0.013378823996202058,0.15204654786309602,-0.07146877201326282,1.4038511454288762,500000.0,1166339.4023841885,2.332678804768377,-0.18286328772254834,0,1,False,44,0,44,133,1.5332455007979788,77,0.5974025974025974,-0.43675814698091886
C_1273_strict,segment_emotion_state_bucket=mixed;turnover_rate_bucket=6_10,323,38,0,0,2,0,0,252,31,0.6842105263157895,0.023360529381690285,0.017912219911911595,0.21081915756970307,-0.17114192653629492,1.052197632884663,500000.0,1087980.2321540446,2.175960464308089,-0.2458789531731248,0,2,False,38,0,38,13,2.70948487850071,128,0.515625,-0.32170656990453894
C_0993_strict,segment_limit_up_ratio_bucket=0_5pct_1pct;turnover_rate_bucket=6_10,323,22,0,0,1,0,0,272,28,0.6818181818181818,0.03768322886550695,0.03960829549692667,0.21081915756970307,-0.14148486773603755,1.4177562253546425,500000.0,1048039.8802884431,2.096079760576886,-0.26482412834308866,0,1,False,22,0,22,8,2.9935933819711047,86,0.5581395348837209,-0.5568801966874039
C_1172_strict,fd_ratio_bucket=0_5pct_1pct;prev_pct_chg_bucket=3_7,323,94,0,0,5,0,0,146,78,0.5,0.009720244327947178,6.232712011927378e-05,0.2847790760031337,-0.15047872341080068,1.4158150932295779,500000.0,966645.2575142585,1.933290515028517,-0.39461054887612546,0,5,False,94,0,94,153,1.452241242644649,127,0.4881889763779528,-0.3940918395867219
C_1280_strict,segment_emotion_state_bucket=warming;turnover_rate_bucket=15_25,323,11,0,0,0,0,0,303,9,0.7272727272727273,0.05692566808547272,0.02075026567903976,0.2776128114841386,-0.0599760386243282,2.9610266390356665,500000.0,881301.1510472742,1.7626023020945485,-0.05997603862432821,0,0,False,11,0,11,142,1.499534195834866,50,0.5,-0.27400755170505664
C_1712_strict,amount_ratio_bucket=3_5;open_times_bucket=1,323,93,0,0,5,0,0,154,71,0.4946236559139785,0.007384269444338146,-3.2747123843748784e-05,0.17633861028767173,-0.1422233079861314,1.5431722763455806,500000.0,878615.114684018,1.757230229368036,-0.27393945296615396,0,1,False,93,0,93,59,1.878736588557157,147,0.5102040816326531,-0.5432442098647728
C_1764_strict,prev_pct_chg_bucket=neg3_0;open_times_bucket=1,323,99,0,0,5,0,0,146,73,0.46464646464646464,0.006704390731464044,-0.0005667001453357662,0.16451238516322397,-0.11294975977406048,1.643705102192765,500000.0,860540.8509796737,1.7210817019593474,-0.2744053299652286,0,0,False,99,0,99,25,2.318707449553236,158,0.47468354430379744,-0.4202643584920074
C_0163_strict,market_segment=bj;fd_ratio_bucket=0_1pct_0_3pct,323,7,0,0,1,0,0,309,6,0.5714285714285714,0.09228845190757351,0.055171169194442066,0.5188303352032584,-0.03712791463134279,5.148513703891651,500000.0,851808.3805822962,1.7036167611645923,-0.07169326620968874,0,0,False,7,0,7,126,1.5442187290903726,17,0.5294117647058824,-0.2598760685366368
C_0243_strict,market_segment=bj;amount_ratio_bucket=3_5,323,3,0,0,1,0,0,316,3,0.6666666666666666,0.20426058802392819,0.17633861028767173,0.47357106841545565,-0.03712791463134279,8.752305174641885,500000.0,834530.163551618,1.669060327103236,-0.037127914631342795,0,0,False,3,0,3,48,1.984926768420822,44,0.4090909090909091,-0.5501221955684443
C_2051_strict,market_segment=chi_next;segment_emotion_state_bucket=mixed;first_time_detail_bucket=1000_1100,323,17,0,0,0,0,0,291,15,0.5882352941176471,0.032525508729815536,0.017445215727222206,0.21081915756970307,-0.08529171958290828,2.131664814008982,500000.0,819133.1202215325,1.638266240443065,-0.08529171958290827,0,0,False,17,0,17,127,1.543498437784304,82,0.4878048780487805,-0.4153278226038175
C_0366_strict,market_chain_count_bucket=15_30;fd_ratio_bucket=0_5pct_1pct,323,48,0,0,3,0,0,237,35,0.4791666666666667,0.012539236185490563,-0.004820929919578757,0.19092047917300117,-0.09434767559712998,1.7556473093152742,500000.0,812645.5085512131,1.6252910171024262,-0.36504311595087624,0,0,False,48,0,48,159,1.4422193378746768,68,0.4117647058823529,-0.34793266395355305
C_0254_strict,market_segment=chi_next;prev_pct_chg_bucket=neg3_0,323,26,0,0,0,0,0,277,20,0.6538461538461539,0.02095197625076243,0.018486928437234748,0.25691662970291057,-0.0831313374951939,1.1567736467812686,500000.0,801331.8460181742,1.6026636920363484,-0.15732899561581337,0,0,False,26,0,26,64,1.828616228751211,143,0.5104895104895105,-0.5588382576322033
C_0673_strict,segment_chain_count_bucket=1_3;prev_pct_chg_bucket=0_3,323,34,0,0,1,0,0,261,27,0.6176470588235294,0.015047052998825508,0.005975284540732737,0.2025422669961619,-0.1020106780473086,1.4649310172164005,500000.0,792169.3462631947,1.5843386925263894,-0.13126169607590832,0,0,False,34,0,34,99,1.6500409523761659,95,0.4842105263157895,-0.40841324324242667
C_0258_strict,market_segment=bj;prev_pct_chg_bucket=neg3_0,323,7,0,0,0,0,0,310,6,0.42857142857142855,0.08161726970098956,-0.020636659340659183,0.5188303352032584,-0.05501228371628363,5.833129841231784,500000.0,784387.3455760421,1.5687746911520841,-0.14146874035061097,0,0,False,7,0,7,14,2.685585751849269,42,0.4523809523809524,-0.41108118850572495
C_0972_strict,segment_limit_up_ratio_bucket=2pct_3pct;first_time_detail_bucket=1330_1430,323,44,0,0,0,0,0,246,33,0.5454545454545454,0.011105659937948612,0.0009911076886913147,0.15358009904435918,-0.08786714314257175,1.4636098129794524,500000.0,765745.7021872835,1.531491404374567,-0.18269240113935148,0,2,False,44,0,44,119,1.5800627649885,86,0.5,-0.5994879986667211
C_0221_strict,market_segment=chi_next;turnover_rate_bucket=6_10,323,21,0,0,1,0,0,287,14,0.5238095238095238,0.023768064309730844,0.010658096826787897,0.21081915756970307,-0.14148486773603755,1.7944196024296433,500000.0,760602.6093168587,1.5212052186337175,-0.21469098404995957,0,0,False,21,0,21,24,2.326823783577749,113,0.504424778761062,-0.5576804719591044
C_0476_strict,market_chain_count_bucket=3_8;prev_pct_chg_bucket=3_7,323,13,0,0,0,0,0,299,11,0.6153846153846154,0.033533949010928495,0.04683303359616155,0.1640530421018095,-0.06307002678075614,2.3095251568895274,500000.0,749849.207263576,1.499698414527152,-0.08987725545944458,0,0,False,13,0,13,42,2.030473649437999,50,0.48,-0.26771250176078243
C_0317_strict,market_chain_count_bucket=15_30;segment_chain_count_bucket=gte_10,323,14,0,0,0,0,0,297,12,0.7142857142857143,0.03181909663873249,0.00913925775136729,0.17389452376195247,-0.08273456143856141,1.2474595236256298,500000.0,746968.0357665862,1.4939360715331724,-0.12237667741968772,0,0,False,14,0,14,123,1.5580036985941303,45,0.5111111111111111,-0.3134415257414026
C_0495_strict,market_chain_count_bucket=15_30;limit_times_detail_bucket=3,323,16,0,0,1,0,0,293,13,0.5625,0.024717533175718967,0.022765899628871246,0.1448588484959856,-0.06709919680319669,1.9776354610642148,500000.0,716122.220405258,1.432244440810516,-0.09989200624606409,0,1,False,16,0,16,5,3.3484716761288698,63,0.5238095238095238,-0.4197546375634309
C_0867_strict,segment_limit_up_count_bucket=40_80;open_times_bucket=2_3,323,31,0,0,0,0,0,265,27,0.4838709677419355,0.012885144401219628,-0.00023306293706294723,0.11223838574736394,-0.12773537880301525,2.1037634421166613,500000.0,715293.5415763888,1.4305870831527776,-0.15462137282104604,0,1,False,31,0,31,88,1.7228988351208283,52,0.5192307692307693,-0.16084981396674425
C_0637_strict,segment_chain_count_bucket=3_5;turnover_rate_bucket=6_10,323,31,0,0,2,0,0,269,21,0.5161290322580645,0.01328007056672892,0.0016173222786777326,0.14802297370921785,-0.07706848557893706,1.648543469908412,500000.0,714542.1638948105,1.429084327789621,-0.1332216746147915,0,0,False,31,0,31,38,2.0726773361633497,91,0.5604395604395604,-0.3833339710232142
C_0978_strict,segment_limit_up_ratio_bucket=0_5pct_1pct;first_time_detail_bucket=1000_1100,323,27,0,0,1,0,0,268,27,0.5185185185185185,0.015402714738690326,0.00392954368708228,0.21081915756970307,-0.08529171958290828,1.8385076417923492,500000.0,712016.6121330179,1.4240332242660356,-0.12303998395720928,0,1,False,27,0,27,67,1.8215160024528545,101,0.48514851485148514,-0.4482294809863204
C_0509_strict,market_chain_count_bucket=15_30;limit_height_rank_bucket=rank_4_10,323,15,0,0,0,0,0,297,11,0.6,0.024793642361069138,0.003142293413903161,0.17389452376195247,-0.04845025750719859,1.7296251971994965,500000.0,698320.1787505659,1.3966403575011317,-0.10403376085402505,0,0,False,15,0,15,85,1.7301606509789722,59,0.5084745762711864,-0.4062956638687777
C_1536_strict,first_time_detail_bucket=1100_1330;prev_pct_chg_bucket=3_7,323,47,0,0,3,0,0,241,32,0.48936170212765956,0.008964230063673452,-0.0008680016024582932,0.16485487040618962,-0.1233429185986426,1.541465850291577,500000.0,697211.9390651656,1.394423878130331,-0.22285568220254381,0,1,False,47,0,47,148,1.4761314148257458,123,0.4959349593495935,-0.5345588601667539
C_0379_strict,market_chain_count_bucket=3_8;fd_ratio_bucket=0_1pct_0_3pct,323,26,0,0,0,0,0,276,21,0.5769230769230769,0.013872830168583254,0.004616979217849835,0.11675994935568422,-0.057399694030369056,1.548655490705238,500000.0,696206.5403664864,1.3924130807329729,-0.08667603138277291,0,0,False,26,0,26,65,1.8243439235554602,53,0.5849056603773585,-0.20657631043159352
C_1806_strict,prev_pct_chg_bucket=neg3_0;segment_limit_height_rank_bucket=rank_1,323,25,0,0,0,0,0,276,22,0.52,0.0180669797414554,0.010309593965020767,0.5188303352032584,-0.0831313374951939,1.6433894690358946,500000.0,685631.2979965718,1.3712625959931435,-0.2255360302056164,0,1,False,25,0,25,18,2.5290582463175784,101,0.46534653465346537,-0.40062374552156343
C_0334_strict,market_chain_count_bucket=15_30;segment_limit_up_count_bucket=40_80,323,8,0,0,0,0,0,309,6,0.5,0.04193188829445855,0.01635120246563285,0.14968316910108023,-0.0276401821336559,5.943143885102969,500000.0,683611.4278837128,1.3672228557674255,-0.02884488216504355,0,0,False,8,0,8,30,2.213113564809166,29,0.5172413793103449,-0.19269646964989406
C_0954_strict,segment_limit_up_ratio_bucket=2pct_3pct;market_emotion_state_bucket=main_rise,323,12,0,0,1,0,0,302,8,0.75,0.02720372642748968,0.016076166295243298,0.14968316910108023,-0.08273456143856141,0.9850604177328267,500000.0,674391.3595708009,1.3487827191416017,-0.1138694530307971,0,0,False,12,0,12,23,2.362468385626031,41,0.6829268292682927,-0.2817203928067944
C_0444_strict,market_chain_count_bucket=3_8;turnover_rate_bucket=15_25,323,6,0,0,0,0,0,314,3,0.6666666666666666,0.05279126686959313,0.058911556093868854,0.1640530421018095,-0.04994306721849581,2.3842331024003345,500000.0,669438.6945876038,1.3388773891752075,-0.04994306721849584,0,0,False,6,0,6,11,2.809664773807569,55,0.6181818181818182,-0.33104497771958563
C_0786_strict,segment_limit_up_count_bucket=40_80;market_emotion_state_bucket=main_rise,323,10,0,0,0,0,0,305,8,0.5,0.031182023996832453,0.007452064243448939,0.14968316910108023,-0.04245698826546582,3.826514793711941,500000.0,666908.0683090173,1.3338161366180348,-0.07007720360690961,0,0,False,10,0,10,58,1.8820865115254757,39,0.5384615384615384,-0.21976438112727992
C_2119_strict,segment_limit_up_count_bucket=10_20;open_times_bucket=2_3;turnover_rate_bucket=3_6,323,26,0,0,1,0,0,275,21,0.5769230769230769,0.01272767982127109,0.00734582995542846,0.1780766273726273,-0.11612226464444642,1.3827370897122664,500000.0,664985.1835717265,1.329970367143453,-0.19217891949767996,0,1,False,26,0,26,130,1.5380713073855845,36,0.5833333333333334,-0.20017324985617968
C_1400_strict,market_emotion_state_bucket=warming;turnover_rate_bucket=15_25,323,6,0,0,0,0,0,311,6,0.6666666666666666,0.0520059276318239,0.015529929822030263,0.2299803177529428,-0.03179581692515633,4.286124199879225,500000.0,664363.264392899,1.3287265287857981,-0.04090852145488899,0,1,False,6,0,6,84,1.7314649097688863,37,0.5405405405405406,-0.22189053829273198
C_0625_strict,segment_chain_count_bucket=1_3;first_time_detail_bucket=before_1000,323,21,0,0,0,0,0,284,18,0.5238095238095238,0.014764951704558937,0.002017376442965854,0.19188049383583486,-0.14349097575595127,1.9252030807038094,500000.0,653762.1858885932,1.3075243717771865,-0.14982331421455886,0,0,False,21,0,21,116,1.5941478573161618,102,0.49019607843137253,-0.31887662855003174
C_1904_strict,market_chain_count_bucket=8_15;segment_limit_up_count_bucket=20_40;fd_ratio_bucket=0_1pct_0_3pct,323,33,0,0,0,0,0,265,25,0.48484848484848486,0.009443501453707648,-0.007148761803028184,0.15358009904435918,-0.09607655101397267,1.6780290173626338,500000.0,649176.2236727354,1.2983524473454708,-0.26696886103381456,0,1,False,33,0,33,60,1.862293605772359,60,0.5166666666666667,-0.22294044438149563
C_0600_strict,segment_chain_count_bucket=gte_10;market_emotion_state_bucket=retreat,323,2,0,0,0,0,0,319,2,1.0,0.1339669988437524,0.1339669988437524,0.17389452376195247,0.09403947392555236,0.0,500000.0,642143.4736103066,1.2842869472206133,0.0,0,0,False,2,0,2,121,1.5760560299050226,11,0.45454545454545453,-0.1721422662899157
C_0824_strict,segment_limit_up_count_bucket=10_20;turnover_rate_bucket=15_25,323,19,0,0,1,0,0,289,14,0.47368421052631576,0.01565588586646495,-0.0005182063650633145,0.18853522141016882,-0.10386872139625064,2.0180003539243874,500000.0,639248.1230889149,1.2784962461778298,-0.14519336049387088,0,1,False,19,0,19,100,1.6461396310608243,87,0.47126436781609193,-0.5626627474965167
C_1639_strict,turnover_rate_bucket=10_15;open_times_bucket=2_3,323,97,0,0,2,0,0,143,81,0.4948453608247423,0.004625279467311391,-0.00023306293706294723,0.21738255221701386,-0.14539639837912693,1.226484357133713,500000.0,635542.1448447164,1.2710842896894328,-0.3338297550982582,0,6,False,97,0,97,27,2.271927272023292,151,0.4768211920529801,-0.409860003446315
C_0989_strict,segment_limit_up_ratio_bucket=3pct_5pct;turnover_rate_bucket=6_10,323,10,0,0,0,0,0,306,7,0.5,0.02527000973535006,0.004155627617470223,0.14438356315529144,-0.04890398523510381,3.183008105022404,500000.0,631468.2414530694,1.2629364829061387,-0.0681645907652918,0,0,False,10,0,10,160,1.440873420831003,31,0.5483870967741935,-0.21099551986681275
C_2097_strict,segment_limit_up_count_bucket=40_80;open_times_bucket=0;turnover_rate_bucket=15_25,323,12,0,0,0,0,0,300,11,0.5833333333333334,0.02092960243328083,0.03306746692481003,0.10014840397147995,-0.07472291910165939,1.7625599878967482,500000.0,630641.7748462178,1.2612835496924357,-0.11745859733782649,0,0,False,12,0,12,118,1.5857146795077413,37,0.5945945945945946,-0.2996264144263091
C_0571_strict,segment_chain_count_bucket=5_10;fd_ratio_bucket=0_1pct_0_3pct,323,56,0,0,1,0,0,217,49,0.4642857142857143,0.005627213056781758,-0.0028944015984014556,0.13787061850546142,-0.17854275324675314,1.4922879572473855,500000.0,620207.7641947318,1.2404155283894636,-0.3917845477165155,0,2,False,56,0,56,10,2.826307524703531,103,0.5145631067961165,-0.30217677092792794
C_0738_strict,segment_limit_up_count_bucket=40_80;segment_limit_up_ratio_bucket=2pct_3pct,323,13,0,0,1,0,0,300,9,0.6153846153846154,0.018063643290725257,0.011094686236840054,0.14968316910108023,-0.08273456143856141,1.4513010980022019,500000.0,617361.4328101595,1.234722865620319,-0.11734130665758402,0,0,False,13,0,13,15,2.625029971722639,43,0.6511627906976745,-0.15819705869518463
C_0016_strict,segment_limit_up_count_bucket=40_80,323,13,0,0,0,0,0,299,11,0.38461538461538464,0.017953501721363153,-0.006607897404920441,0.14968316910108023,-0.04245698826546582,3.578510715467107,500000.0,615771.6433138124,1.2315432866276248,-0.08101904833978413,0,0,False,13,0,13,98,1.6525989156524024,52,0.5,-0.23357812787092969
C_0803_strict,segment_limit_up_count_bucket=40_80;first_time_detail_bucket=1100_1330,323,13,0,0,0,0,0,299,11,0.38461538461538464,0.017953501721363153,-0.006607897404920441,0.14968316910108023,-0.04245698826546582,3.578510715467107,500000.0,615771.6433138124,1.2315432866276248,-0.08101904833978413,0,0,False,13,0,13,77,1.753818014367941,51,0.49019607843137253,-0.18181966988225895
C_0122_strict,market_segment=sh_main;segment_limit_up_count_bucket=40_80,323,12,0,0,1,0,0,302,8,0.5833333333333334,0.018583123931406736,0.009232724023229508,0.11911485674888521,-0.08273456143856141,1.8086318348256445,500000.0,612824.5217916848,1.2256490435833696,-0.12317382474675187,0,0,False,12,0,12,39,2.053029438284017,37,0.5945945945945946,-0.19538492451085887
C_1976_strict,segment_chain_count_bucket=5_10;segment_emotion_state_bucket=warming;fd_ratio_bucket=0_1pct_0_3pct,323,10,0,0,0,0,0,304,9,0.6,0.02149606988053515,0.024334700754333537,0.13787061850546142,-0.033720718139003784,2.3341465075567376,500000.0,612101.2589451586,1.224202517890317,-0.08343574689311162,0,0,False,10,0,10,57,1.8919735079734894,19,0.7368421052631579,-0.13712044359672615
C_2103_strict,segment_limit_up_count_bucket=40_80;open_times_bucket=2_3;turnover_rate_bucket=3_6,323,25,0,0,0,0,0,279,19,0.4,0.009488337293040182,-0.0033782813550085862,0.15989081318681336,-0.0857555404595406,2.5040970798850593,500000.0,610355.7382728072,1.2207114765456144,-0.11615968857875059,0,0,False,25,0,25,158,1.4437372223789553,39,0.4358974358974359,-0.25018693336604547
C_0345_strict,market_chain_count_bucket=3_8;segment_limit_up_count_bucket=20_40,323,7,0,0,0,0,0,312,4,0.5714285714285714,0.029388496802820824,0.007555881103190174,0.1640530421018095,-0.042639503084266867,3.5388871541461056,500000.0,604603.6520247583,1.2092073040495166,-0.05427261232645664,0,0,False,7,0,7,103,1.6324646613052578,30,0.6,-0.15473042711419815
C_0138_strict,market_segment=sh_main;segment_limit_up_ratio_bucket=2pct_3pct,323,20,0,0,1,0,0,288,14,0.65,0.009609240946109944,0.0054890009460061145,0.10014840397147995,-0.08273456143856141,0.9814796174561214,500000.0,594235.6127840721,1.1884712255681442,-0.14817184220209145,0,0,False,20,0,20,53,1.904607584226896,58,0.5862068965517241,-0.2302726818122638
C_0626_strict,segment_chain_count_bucket=1_3;first_time_detail_bucket=1000_1100,323,33,0,0,0,0,0,260,30,0.45454545454545453,0.0073387273928669705,-0.006770137512972366,0.18982322560198434,-0.15893009201354988,1.6428274942468968,500000.0,590524.9824036473,1.1810499648072945,-0.2971091466731509,0,2,False,33,0,33,72,1.7811984121824436,97,0.5154639175257731,-0.31491721318886556
C_0426_strict,market_chain_count_bucket=3_8;first_time_detail_bucket=1000_1100,323,17,0,0,0,0,0,290,16,0.6470588235294118,0.011761164891391781,0.013888815184815294,0.11686583816183815,-0.15893009201354988,0.8592408639996092,500000.0,587910.4409149307,1.1758208818298612,-0.1589300920135499,0,1,False,17,0,17,94,1.6661054777180482,55,0.509090909090909,-0.4693021274110426
C_0769_strict,segment_limit_up_count_bucket=40_80;segment_emotion_state_bucket=main_rise,323,12,0,0,1,0,0,301,9,0.5,0.015109822428445482,0.001726384209197471,0.14968316910108023,-0.08273456143856141,1.877182135010095,500000.0,585017.7398078627,1.1700354796157253,-0.08632840136484332,0,0,False,12,0,12,28,2.2210373241628876,34,0.6176470588235294,-0.14980916964566626
C_1459_strict,market_emotion_state_bucket=main_rise;limit_times_detail_bucket=3,323,9,0,0,2,0,0,304,8,0.5555555555555556,0.021141389365726834,0.027196544172889827,0.1448588484959856,-0.1377967406386715,1.4250481354901532,500000.0,583557.9255563436,1.1671158511126873,-0.13779674063867153,0,0,False,9,0,9,9,2.8767337931695804,42,0.5952380952380952,-0.36604296473568976
C_0414_strict,market_chain_count_bucket=15_30;first_time_detail_bucket=1000_1100,323,17,0,0,0,0,0,294,12,0.47058823529411764,0.011899880418900815,-0.012830065934065918,0.17389452376195247,-0.11158112688639465,1.6305509153981137,500000.0,581369.0617911356,1.1627381235822711,-0.14719322108528143,0,0,False,17,0,17,3,5.036410576562869,69,0.5652173913043478,-0.3165590564554457
C_1489_strict,market_emotion_state_bucket=warming;segment_limit_height_rank_bucket=rank_1,323,3,0,0,0,0,0,318,2,1.0,0.044162071641863,0.029973449974485936,0.09220317098608227,0.010309593965020767,0.0,500000.0,568268.9727462776,1.136537945492555,0.0,0,0,False,3,0,3,55,1.8995040075518765,37,0.5675675675675675,-0.47254679212423345
C_0684_strict,segment_chain_count_bucket=5_10;open_times_bucket=1,323,53,0,0,2,0,0,225,43,0.4528301886792453,0.0038294644619759916,-0.00336935793296517,0.16300722923829425,-0.16825653191521464,1.462090659646396,500000.0,563822.108722903,1.127644217445806,-0.3438291557119936,0,1,False,53,0,53,146,1.482014292908212,106,0.46226415094339623,-0.38457280200461463
C_1723_strict,amount_ratio_bucket=2_3;limit_times_detail_bucket=3,323,4,0,0,1,0,0,315,3,0.5,0.03256733134941999,0.03505036437296335,0.11574749243935112,-0.055578895787597865,3.227842985110518,500000.0,563690.2367493528,1.1273804734987056,-0.05557889578759789,0,0,False,4,0,4,29,2.2209085658219796,46,0.5217391304347826,-0.3605495712124507
C_0672_strict,segment_chain_count_bucket=3_5;prev_pct_chg_bucket=3_7,323,25,0,0,1,0,0,279,18,0.44,0.0076021031604479265,-0.009762372337340113,0.16485487040618962,-0.1233429185986426,1.620264503926725,500000.0,562766.5068128357,1.1255330136256714,-0.33046871909942244,0,1,False,25,0,25,101,1.6428127476289525,72,0.4722222222222222,-0.4108888064760673
C_0821_strict,segment_limit_up_count_bucket=10_20;turnover_rate_bucket=6_10,323,34,0,0,1,0,0,249,39,0.5,0.00601708803610072,0.0017093942357366916,0.14802297370921785,-0.17114192653629492,1.2324664252050674,500000.0,561458.9030874283,1.1229178061748566,-0.25289409073826097,0,3,False,34,0,34,40,2.0384678138623,91,0.5384615384615384,-0.3703822944076829
C_2243_strict,market_emotion_state_bucket=warming;segment_emotion_state_bucket=mixed;amount_ratio_bucket=2_3,323,3,0,0,0,0,0,317,3,0.3333333333333333,0.04672444151106531,-0.03703742930240489,0.2299803177529428,-0.05276956391734199,5.1216572230674435,500000.0,560961.7087447051,1.1219234174894102,-0.08785254422683964,0,0,False,3,0,3,97,1.6569194578610438,26,0.5769230769230769,-0.15858842425208008
C_0351_strict,market_chain_count_bucket=15_30;segment_limit_up_ratio_bucket=3pct_5pct,323,5,0,0,0,0,0,314,4,0.6,0.02402090772423989,0.01928342057942075,0.11686583816183851,-0.0276401821336559,2.1870219754936677,500000.0,559379.0976562602,1.1187581953125205,-0.027640182133655933,0,0,False,5,0,5,138,1.5113454391575507,15,0.5333333333333333,-0.17696429503409616
C_0497_strict,market_chain_count_bucket=8_15;limit_times_detail_bucket=1,323,13,0,0,0,0,0,301,9,0.46153846153846156,0.009300730890128565,-0.006651853501888675,0.1359580502975289,-0.051268804194402974,1.8748103014732151,500000.0,553602.9484153336,1.1072058968306673,-0.08264191644831231,0,1,False,13,0,13,80,1.7377629907636243,80,0.4375,-0.4289326478727047
C_1107_strict,fd_ratio_bucket=0_5pct_1pct;market_emotion_state_bucket=warming,323,24,0,0,1,0,0,278,20,0.4583333333333333,0.006521539451346353,-0.0042336670106846086,0.19092047917300117,-0.09134929930185422,1.5406217423365507,500000.0,552466.3490538951,1.1049326981077903,-0.27862288601658125,0,0,False,24,0,24,134,1.5328153674412994,37,0.5135135135135135,-0.300812194047416
C_1381_strict,market_emotion_state_bucket=warming;first_time_detail_bucket=before_1000,323,3,0,0,1,0,0,316,3,0.6666666666666666,0.03209345603018493,0.0832893985500856,0.09220317098608227,-0.07921220144561308,1.1077369794895846,500000.0,544725.2240896877,1.0894504481793754,-0.07921220144561314,0,0,False,3,0,3,34,2.12317350143873,37,0.5135135135135135,-0.2675938741453766
C_1601_strict,turnover_rate_bucket=3_6;amount_ratio_bucket=1_2_2,323,104,0,0,8,0,0,124,87,0.4423076923076923,0.0018704849833270894,-0.008444405337780606,0.1445028165680476,-0.09434767559712998,1.392620670984069,500000.0,540662.7144309275,1.081325428861855,-0.3424478200211075,0,2,False,104,0,104,62,1.8568308730854097,166,0.463855421686747,-0.46948769941610846
C_0584_strict,segment_chain_count_bucket=gte_10;segment_emotion_state_bucket=climax,323,2,0,0,0,0,0,319,2,0.5,0.041862314166177195,0.041862314166177195,0.11686583816183851,-0.03314120982948413,3.526299696454311,500000.0,539925.7765339672,1.0798515530679345,-0.03314120982948421,0,0,False,2,0,2,145,1.4831440350617042,18,0.6666666666666666,-0.12823920765991226
C_0022_strict,segment_limit_up_ratio_bucket=2pct_3pct,323,23,0,0,1,0,0,282,17,0.5217391304347826,0.0044733014309517585,0.0022638109755413888,0.14968316910108023,-0.08273456143856141,1.137193984129763,500000.0,536350.1534743524,1.0727003069487049,-0.1755304976846893,0,0,False,23,0,23,90,1.7154975787060078,89,0.4943820224719101,-0.580731478542589
C_0958_strict,segment_limit_up_ratio_bucket=3pct_5pct;market_emotion_state_bucket=main_rise,323,6,0,0,0,0,0,312,5,0.5,0.012941258392622274,-0.0028707578647364403,0.11686583816183851,-0.04245698826546582,1.816293425818236,500000.0,535629.5458711215,1.0712590917422429,-0.06641944114714893,0,0,False,6,0,6,112,1.5984449769612945,25,0.6,-0.14074559530422304
C_1001_strict,segment_limit_up_ratio_bucket=2pct_3pct;amount_ratio_bucket=1_2_2,323,35,0,0,1,0,0,263,24,0.5142857142857142,0.003817444552891953,0.0009926558426968408,0.14968316910108023,-0.15173159899421518,1.1080807291570687,500000.0,533434.5759858466,1.066869151971693,-0.22130778188351352,0,1,False,35,0,35,50,1.933892403228986,89,0.5168539325842697,-0.5178033191532883
C_1799_strict,prev_pct_chg_bucket=3_7;limit_height_rank_bucket=rank_2_3,323,23,0,0,0,0,0,281,19,0.391304347826087,0.004354608500991599,-0.013000750945257204,0.1640530421018095,-0.07235310005616448,1.861194003701042,500000.0,530687.6184031423,1.0613752368062845,-0.2664984671769862,0,0,False,23,0,23,2,5.601511831024375,69,0.5072463768115942,-0.3509526650484278
C_2053_strict,market_segment=chi_next;segment_emotion_state_bucket=mixed;first_time_detail_bucket=1330_1430,323,16,0,0,0,0,0,291,16,0.5625,0.005821017478450702,0.005242171643852309,0.2299803177529428,-0.11363058885968864,0.9779910741042412,500000.0,524785.116487951,1.049570232975902,-0.14704781891062935,0,0,False,16,0,16,120,1.579700379303861,61,0.5245901639344263,-0.41073386336335715
C_0425_strict,market_chain_count_bucket=3_8;first_time_detail_bucket=before_1000,323,5,0,0,0,0,0,313,5,0.6,0.011418037999040787,0.030052019243480256,0.09220317098608227,-0.10649651377194247,1.0224513244064537,500000.0,523370.8274034475,1.0467416548068949,-0.10649651377194247,0,1,False,5,0,5,143,1.4990408630021352,55,0.5636363636363636,-0.32657051648022384
C_0323_strict,market_chain_count_bucket=8_15;segment_chain_count_bucket=3_5,323,14,0,0,0,0,0,299,10,0.35714285714285715,0.00378237858553733,-0.008770312909621528,0.14425733637495006,-0.06788057821248511,2.2323043866390213,500000.0,518839.1178662223,1.0376782357324446,-0.10525661477852255,0,1,False,14,0,14,96,1.661261801849246,54,0.48148148148148145,-0.2925203746967413
C_0621_strict,segment_chain_count_bucket=3_5;first_time_detail_bucket=before_1000,323,23,0,0,2,0,0,282,16,0.5217391304347826,0.003909117031189887,0.0019443959676688745,0.1524111148030055,-0.12230343830949111,1.0505006829963348,500000.0,518666.1702508665,1.037332340501733,-0.2658867482960884,0,2,False,23,0,23,66,1.8222623122551125,97,0.5360824742268041,-0.36997335033785295
C_1578_strict,first_time_detail_bucket=1000_1100;limit_height_rank_bucket=rank_1,323,8,0,0,1,0,0,307,7,0.5,0.008039694740467816,0.015335644217851217,0.10644084913812307,-0.16429423524493125,1.2489487729417528,500000.0,516830.11037329107,1.0336602207465821,-0.16429423524493125,0,1,False,8,0,8,44,2.0242058288703597,33,0.6060606060606061,-0.26893469913662194
C_1738_strict,amount_ratio_bucket=2_3;limit_height_rank_bucket=rank_1,323,1,0,0,1,0,0,320,1,1.0,0.03356569003410389,0.03356569003410389,0.03356569003410389,0.03356569003410389,0.0,500000.0,516782.84501705196,1.033565690034104,0.0,0,0,False,1,0,1,4,3.7759063621830498,42,0.6190476190476191,-0.21487596984392565
C_0532_strict,market_chain_count_bucket=3_8;segment_limit_height_rank_bucket=rank_1,323,12,0,0,0,0,0,301,10,0.5,0.0056309946640899266,-0.003876594329835995,0.11116296960182691,-0.16842966633366624,1.1995597722091256,500000.0,516098.19575365336,1.0321963915073067,-0.23449957950392564,0,0,False,12,0,12,107,1.618081063855701,54,0.46296296296296297,-0.2891116901130375
C_0459_strict,market_chain_count_bucket=3_8;amount_ratio_bucket=3_5,323,13,0,0,0,0,0,299,11,0.5384615384615384,0.003848536006550998,0.007519532293793105,0.11116296960182691,-0.11612226464444642,1.0205707506466206,500000.0,514526.9940716288,1.0290539881432577,-0.1418686032870291,0,1,False,13,0,13,69,1.8178930235569246,55,0.45454545454545453,-0.3159413885886613
C_1432_strict,market_emotion_state_bucket=warming;prev_pct_chg_bucket=3_7,323,10,0,0,0,0,0,304,9,0.4,0.0038765048742760836,-0.012111404516287685,0.09220317098608227,-0.05711522322159993,1.8525952427855186,500000.0,514508.7929153591,1.0290175858307182,-0.11178362480362514,0,0,False,10,0,10,109,1.604793281047441,34,0.5294117647058824,-0.2970179231970669
C_1277_strict,segment_emotion_state_bucket=warming;turnover_rate_bucket=6_10,323,21,0,0,2,0,0,282,18,0.42857142857142855,0.002552388748488983,-0.0016883568878251515,0.1161654858825386,-0.07907216878534311,1.5318351472341794,500000.0,513660.54465284443,1.0273210893056888,-0.1981833102263515,0,1,False,21,0,21,150,1.4711478815580004,49,0.5102040816326531,-0.29412823618374373
C_1343_strict,segment_emotion_state_bucket=warming;limit_times_detail_bucket=3,323,2,0,0,0,0,0,320,1,0.5,0.012934277406145356,0.012934277406145356,0.03512472213500783,-0.009256167322717116,3.7947371639233816,500000.0,512771.7172535225,1.0255434345070449,-0.009256167322717168,0,0,False,2,0,2,79,1.7455895719543382,24,0.5416666666666666,-0.2612140317527908
C_0182_strict,market_segment=sz_main;market_emotion_state_bucket=main_rise,323,13,0,0,0,0,0,299,11,0.38461538461538464,0.003700909324588254,-0.012151231724796877,0.14968316910108023,-0.09384275759023572,1.8698659034272849,500000.0,511443.61938773125,1.0228872387754624,-0.21685011123156106,0,0,False,13,0,13,140,1.501905369667317,47,0.5319148936170213,-0.24490452764724002
C_1963_strict,segment_chain_count_bucket=gte_10;segment_emotion_state_bucket=climax;fd_ratio_bucket=0_5pct_1pct,323,9,0,0,2,0,0,304,8,0.3333333333333333,0.004741332835120263,-0.01413949453363527,0.11911485674888521,-0.09933054971994298,2.3703016154668153,500000.0,510824.32543117565,1.0216486508623512,-0.1826164422415053,0,0,False,9,0,9,95,1.6641860037270586,18,0.5555555555555556,-0.2016028730850542
C_2231_strict,market_emotion_state_bucket=main_rise;segment_emotion_state_bucket=warming;amount_ratio_bucket=2_3,323,1,0,0,0,0,0,321,1,1.0,0.018067493649208153,0.018067493649208153,0.018067493649208153,0.018067493649208153,0.0,500000.0,509033.7468246041,1.0180674936492082,0.0,0,0,False,1,0,1,110,1.6039473914854583,10,0.8,-0.03573732841328414
C_1011_strict,segment_limit_up_ratio_bucket=0_5pct_1pct;amount_ratio_bucket=3_5,323,22,0,0,1,0,0,281,19,0.45454545454545453,0.001922236753098238,-0.0011340052541461893,0.11141614911614482,-0.06415018092960358,1.330554291937934,500000.0,508245.8867352079,1.0164917734704157,-0.17818089946011528,0,1,False,22,0,22,75,1.770739048299113,98,0.4489795918367347,-0.4982542597587586
C_1484_strict,market_emotion_state_bucket=main_rise;segment_limit_height_rank_bucket=rank_2_3,323,12,0,0,0,0,0,300,11,0.4166666666666667,0.002475631100690106,-0.016112947509261438,0.10014840397147995,-0.09819767539969901,1.5662778646240985,500000.0,506317.4715462233,1.0126349430924466,-0.12067503205898122,0,1,False,12,0,12,26,2.2798289487005468,47,0.6382978723404256,-0.2516743168000539
C_2212_strict,market_emotion_state_bucket=mixed;segment_emotion_state_bucket=mixed;amount_ratio_bucket=3_5,323,33,0,0,0,0,0,264,26,0.45454545454545453,0.001368262492065858,-0.0028944015984015445,0.1254499054515422,-0.11612226464444642,1.3039490164539966,500000.0,504811.81944802473,1.0096236388960496,-0.1877046291009422,0,1,False,33,0,33,71,1.7923845746658946,93,0.41935483870967744,-0.3987481537483931
C_1092_strict,fd_ratio_bucket=0_5pct_1pct;segment_emotion_state_bucket=climax,323,12,0,0,1,0,0,298,12,0.4166666666666667,0.0023946832315482774,-0.014551077545056124,0.11911485674888521,-0.09933054971994298,1.5344242427816701,500000.0,502344.3600479989,1.0046887200959977,-0.1961854598655569,0,0,False,12,0,12,91,1.7008904756237604,20,0.6,-0.17883287995010422
C_1530_strict,first_time_detail_bucket=1000_1100;prev_pct_chg_bucket=neg3_0,323,62,0,0,4,0,0,206,51,0.43548387096774194,0.00097392884885644,-0.00882387732713367,0.1180755375533559,-0.14922524117682953,1.3699853268042115,500000.0,499498.45218495466,0.9989969043699093,-0.39621922489920613,0,1,False,62,0,62,114,1.596650476954508,164,0.4329268292682927,-0.5941394748999234
C_0145_strict,market_segment=bj;segment_limit_up_ratio_bucket=1pct_2pct,323,3,0,0,1,0,0,317,2,0.3333333333333333,-0.0003520302175378058,-0.029056001546025848,0.06503734019581732,-0.03703742930240489,1.9680424926030757,500000.0,497895.75928093493,0.9957915185618699,-0.06501727124535939,0,0,False,3,0,3,6,3.2809200340894664,25,0.56,-0.23473858258931468
C_0538_strict,segment_chain_count_bucket=5_10;segment_limit_up_count_bucket=40_80,323,5,0,0,0,0,0,314,4,0.4,-0.0017736054548887555,-0.00391799339122402,0.03662039832248972,-0.0276401821336559,1.2649114642060761,500000.0,494876.90847602015,0.9897538169520403,-0.028844882165043773,0,0,False,5,0,5,154,1.4516291857844559,24,0.5416666666666666,-0.2738814225408104
C_2239_strict,market_emotion_state_bucket=warming;segment_emotion_state_bucket=main_rise;amount_ratio_bucket=2_3,323,3,0,0,0,0,0,317,3,0.6666666666666666,-0.004675316061869896,0.016449065352576005,0.038952854593682286,-0.06942786813186798,0.3989890618636779,500000.0,491361.93379804323,0.9827238675960864,-0.06942786813186796,0,1,False,3,0,3,144,1.4951425602403068,19,0.6842105263157895,-0.06482068619246861
C_2105_strict,segment_limit_up_count_bucket=40_80;open_times_bucket=2_3;turnover_rate_bucket=15_25,323,21,0,0,0,0,0,282,20,0.6190476190476191,0.001861534749627789,0.020938481935974418,0.19435775800669944,-0.1377967406386715,0.6557939364610728,500000.0,488318.2236034322,0.9766364472068644,-0.3071041517388786,0,1,False,21,0,21,92,1.68212421818424,42,0.6666666666666666,-0.17703920331463685
C_1655_strict,turnover_rate_bucket=10_15;limit_times_detail_bucket=3,323,17,0,0,1,0,0,289,16,0.47058823529411764,0.002587376504269475,-0.0032123632066856454,0.18581870347833998,-0.15518211388611378,1.2087907594302891,500000.0,486991.0731850472,0.9739821463700944,-0.3359503056379157,0,1,False,17,0,17,111,1.6001115362987435,68,0.5147058823529411,-0.5019397424309572
C_2244_strict,market_emotion_state_bucket=warming;segment_emotion_state_bucket=mixed;amount_ratio_bucket=3_5,323,3,0,0,1,0,0,317,2,0.3333333333333333,-0.008689455891729122,-0.006146546602074069,0.010309593965020767,-0.03023141503813406,0.5668043782654218,500000.0,486872.16241439944,0.9737443248287989,-0.036192142838829544,0,0,False,3,0,3,104,1.629653175035244,22,0.45454545454545453,-0.14621471622822313
C_0352_strict,market_chain_count_bucket=15_30;segment_limit_up_ratio_bucket=0_5pct_1pct,323,3,0,0,0,0,0,318,2,0.6666666666666666,-0.006841368780859734,0.035774451936123663,0.05845900737886997,-0.11475756565757284,0.4105762385905717,500000.0,485256.6166229078,0.9705132332458156,-0.11475756565757278,0,0,False,3,0,3,52,1.9068617305584379,40,0.6,-0.4560104988514255
C_0393_strict,market_chain_count_bucket=3_8;segment_emotion_state_bucket=main_rise,323,4,0,0,0,0,0,316,3,0.5,-0.0072531440224092355,0.0030355229457198793,0.007555881103190174,-0.042639503084266867,0.32797343634354154,500000.0,485223.4521851681,0.9704469043703362,-0.043149074188904235,0,0,False,4,0,4,151,1.4678803048531919,19,0.6842105263157895,-0.12331025264284678
C_1436_strict,market_emotion_state_bucket=retreat;prev_pct_chg_bucket=3_7,323,9,0,0,0,0,0,308,6,0.3333333333333333,-0.0008447149420829297,-0.034830465534465414,0.14309903353789077,-0.08254491735343036,1.952482475536637,500000.0,483027.5837402546,0.9660551674805091,-0.21005648140650313,0,0,False,9,0,9,105,1.6225501339155592,33,0.5151515151515151,-0.21379891796361306
C_2185_strict,market_chain_count_bucket=gte_30;fd_ratio_bucket=0_1pct_0_3pct;prev_pct_chg_bucket=3_7,323,7,0,0,1,0,0,308,7,0.42857142857142855,-0.005809125055185554,-0.013803138356473569,0.04921944818817551,-0.04503226373626367,0.8702193149792249,500000.0,478427.69210590096,0.9568553842118019,-0.07146236124231753,0,0,False,7,0,7,129,1.5399539103813733,17,0.5882352941176471,-0.1744518408769029
C_1397_strict,market_emotion_state_bucket=warming;turnover_rate_bucket=6_10,323,14,0,0,1,0,0,295,13,0.35714285714285715,-0.002876535176354003,-0.015202538801778413,0.07795639317644373,-0.03933795804195789,1.4823770950584738,500000.0,476293.6537748671,0.9525873075497342,-0.09030886309747266,0,1,False,14,0,14,135,1.528686209278181,37,0.5135135135135135,-0.23642314821495614
C_1347_strict,segment_emotion_state_bucket=climax;limit_times_detail_bucket=3,323,5,0,0,0,0,0,313,5,0.4,-0.004956091398807739,-0.0028944015984015445,0.16431800863287688,-0.12340785041373709,1.3281482058903633,500000.0,475640.41461652174,0.9512808292330435,-0.20460367462924234,0,0,False,5,0,5,56,1.8967630859546538,17,0.6470588235294118,-0.21608932979395734
C_1238_strict,segment_emotion_state_bucket=main_rise;market_emotion_state_bucket=main_rise,323,13,0,0,1,0,0,299,10,0.5384615384615384,-0.00013497091801652818,0.007370761809618962,0.14968316910108023,-0.17854275324675314,0.8538946364482363,500000.0,474770.2875972624,0.9495405751945248,-0.20290185367395808,0,1,False,13,0,13,68,1.8206437532980286,43,0.5581395348837209,-0.2795727086030555
C_0562_strict,segment_chain_count_bucket=1_3;segment_limit_up_ratio_bucket=2pct_3pct,323,1,0,0,0,0,0,321,1,0.0,-0.05799311840912894,-0.05799311840912894,-0.05799311840912894,-0.05799311840912894,0.0,500000.0,471003.44079543557,0.9420068815908711,-0.05799311840912891,0,0,False,1,0,1,70,1.8104055669707593,11,0.7272727272727273,-0.20071660214614317
C_0805_strict,segment_limit_up_count_bucket=10_20;first_time_detail_bucket=before_1000,323,22,0,0,0,0,0,282,19,0.36363636363636365,-0.002627954641986894,-0.0042004020319919375,0.19188049383583486,-0.10649651377194247,1.5495047935011266,500000.0,453492.7054827698,0.9069854109655396,-0.22949753988203792,0,2,False,22,0,22,20,2.4378055728678163,99,0.5555555555555556,-0.2364206617802428
C_0206_strict,market_segment=chi_next;first_time_detail_bucket=1000_1100,323,36,0,0,0,0,0,258,29,0.4166666666666667,0.00016983287124015966,-0.014028696365227092,0.21081915756970307,-0.1748809113292722,1.4079460517585802,500000.0,452256.7621279653,0.9045135242559306,-0.37862586614394544,0,1,False,36,0,36,54,1.9017414742086272,146,0.4589041095890411,-0.4806989273758472
C_0227_strict,market_segment=bj;turnover_rate_bucket=10_15,323,6,0,0,0,0,0,312,5,0.3333333333333333,-0.009556312277866333,-0.02301400659590537,0.17633861028767173,-0.18253476123876122,1.6513845039243478,500000.0,452178.84666455886,0.9043576933291178,-0.20628703248003022,0,0,False,6,0,6,108,1.6102301369179375,27,0.6296296296296297,-0.3859502835765294
C_0225_strict,market_segment=bj;turnover_rate_bucket=6_10,323,1,0,0,0,0,0,321,1,0.0,-0.10003326273726275,-0.10003326273726275,-0.10003326273726275,-0.10003326273726275,0.0,500000.0,449983.3686313686,0.8999667372627372,-0.10003326273726276,0,0,False,1,0,1,78,1.7496223808685347,9,0.5555555555555556,-0.24138040076410439
C_0814_strict,segment_limit_up_count_bucket=20_40;turnover_rate_bucket=3_6,323,71,0,0,1,0,0,198,53,0.4225352112676056,-9.242642684839115e-05,-0.007545284695886548,0.1801131300004346,-0.12230343830949111,1.360530840422811,500000.0,449107.94147680403,0.8982158829536081,-0.45357689183406225,0,1,False,71,0,71,136,1.524755420163421,134,0.44776119402985076,-0.4391576784351764
C_0195_strict,market_segment=bj;market_emotion_state_bucket=warming,323,3,0,0,0,0,0,317,3,0.0,-0.035462214720477815,-0.03703742930240489,-0.029056001546025848,-0.04029321331300272,0.0,500000.0,448654.63511047827,0.8973092702209565,-0.10269072977904348,0,0,False,3,0,3,82,1.7370956508171003,22,0.45454545454545453,-0.27478615316743193
C_1045_strict,segment_limit_up_ratio_bucket=1pct_2pct;limit_times_detail_bucket=1,323,45,0,0,0,0,0,244,34,0.4,-0.0010010271909959637,-0.010219186904838154,0.1640530421018095,-0.15652531681971424,1.4328539920596624,500000.0,441264.0556622829,0.8825281113245659,-0.37102355796029507,0,3,False,45,0,45,93,1.6715987128842638,152,0.4276315789473684,-0.4691219319274824
C_0512_strict,market_chain_count_bucket=8_15;limit_height_rank_bucket=rank_4_10,323,8,0,0,0,0,0,309,6,0.25,-0.01614939983815053,-0.023353898266117307,0.03581597893016092,-0.051268804194402974,0.6847097045290077,500000.0,437827.14555335196,0.8756542911067039,-0.12948268169702004,0,0,False,8,0,8,141,1.501351958005062,58,0.43103448275862066,-0.2919840343565362
C_0353_strict,market_chain_count_bucket=8_15;segment_limit_up_ratio_bucket=1pct_2pct,323,16,0,0,0,0,0,293,14,0.375,-0.006896257776390911,-0.019353894836070966,0.14425733637495006,-0.12527712836069047,1.212529375230273,500000.0,435216.4389057628,0.8704328778115256,-0.2161199011087166,0,3,False,16,0,16,152,1.4650470985702873,70,0.4714285714285714,-0.40799734193331416
C_1500_strict,first_time_detail_bucket=1000_1100;turnover_rate_bucket=15_25,323,31,0,0,0,0,0,264,28,0.45161290322580644,-0.003057423826322593,-0.006770137512972366,0.11892357424019298,-0.15893009201354988,1.0550468559981452,500000.0,432262.3603791338,0.8645247207582676,-0.3358017591388829,0,1,False,31,0,31,132,1.5343738416115458,147,0.4489795918367347,-0.49760402905618484
C_0659_strict,segment_chain_count_bucket=1_3;amount_ratio_bucket=3_5,323,26,0,0,1,0,0,274,22,0.38461538461538464,-0.004198543892443346,-0.02252779146434957,0.1359580502975289,-0.11294975977406048,1.3401125682004458,500000.0,427558.0116779603,0.8551160233559205,-0.22070370244478887,0,0,False,26,0,26,16,2.591385277889272,94,0.43617021276595747,-0.43328813510068964
C_0301_strict,market_segment=chi_next;limit_height_rank_bucket=rank_1,323,3,0,0,1,0,0,317,2,0.3333333333333333,-0.04879502526555807,-0.11938912011517898,0.1082705124926283,-0.13526646817412355,0.8503289734967617,500000.0,421970.53779228247,0.843941075584565,-0.23850624367290607,0,0,False,3,0,3,102,1.6346852335496622,12,0.5833333333333334,-0.16500479175120197
C_0983_strict,segment_limit_up_ratio_bucket=1pct_2pct;turnover_rate_bucket=10_15,323,50,0,0,3,0,0,226,44,0.46,-0.0018486500315748554,-0.007533619375328052,0.1635739478658994,-0.1376645914085913,1.0833090451337883,500000.0,417490.3030437787,0.8349806060875574,-0.3042305316753644,0,2,False,50,0,50,76,1.7686437429260295,141,0.46099290780141844,-0.5312410514026844
C_1821_strict,open_times_bucket=2_3;limit_times_detail_bucket=1,323,105,0,0,2,0,0,131,85,0.42857142857142855,0.00010395313444756239,-0.010932001582310084,0.2025422669961619,-0.15652531681971424,1.3394123495209445,500000.0,415756.4929598804,0.8315129859197607,-0.441409555736493,0,3,False,105,0,105,19,2.4708174540657417,179,0.5027932960893855,-0.4818282558487169
C_0981_strict,segment_limit_up_ratio_bucket=1pct_2pct;turnover_rate_bucket=6_10,323,63,0,0,3,0,0,208,49,0.42857142857142855,-0.001390770826100489,-0.00840061951841257,0.14802297370921785,-0.17114192653629492,1.2551626182905864,500000.0,410891.4470616999,0.8217828941233998,-0.5362355168133882,0,3,False,63,0,63,147,1.478802223507735,145,0.46206896551724136,-0.5544289260720139
C_1081_strict,segment_limit_up_ratio_bucket=3pct_5pct;segment_limit_height_rank_bucket=rank_1,323,8,0,0,2,0,0,303,10,0.375,-0.02158000705322223,-0.015391586256377592,0.10309921201500774,-0.1415997640325775,0.9291661262110371,500000.0,406529.9856542329,0.8130599713084659,-0.2616544987089382,0,3,False,8,0,8,155,1.4509677138448647,30,0.43333333333333335,-0.3007641398396108
C_0679_strict,segment_chain_count_bucket=gte_10;open_times_bucket=2_3,323,31,0,0,3,0,0,258,31,0.3548387096774194,-0.004891489369542635,-0.019775384692976898,0.17389452376195247,-0.12773537880301525,1.502834532611694,500000.0,404231.1311576784,0.8084622623153568,-0.37025911680494106,0,2,False,31,0,31,128,1.541378899310336,59,0.5254237288135594,-0.44233999870085805
C_0491_strict,market_chain_count_bucket=3_8;open_times_bucket=2_3,323,24,0,0,0,0,0,281,18,0.4583333333333333,-0.006433537011635592,-0.0034374130101127694,0.11686583816183815,-0.16842966633366624,0.916500622043788,500000.0,402716.00935582846,0.8054320187116569,-0.333342177329906,0,1,False,24,0,24,87,1.72708265874476,55,0.5454545454545454,-0.500756215283932
C_1094_strict,fd_ratio_bucket=0_1pct_0_3pct;segment_emotion_state_bucket=mixed,323,51,0,0,3,0,0,225,44,0.49019607843137253,-0.0019411400789776385,-0.0028944015984014556,0.14533636891149845,-0.27619341028202554,0.958964572423971,500000.0,399331.69155923586,0.7986633831184717,-0.4523058807150374,0,2,False,51,0,51,156,1.4451446549396572,112,0.48214285714285715,-0.5368209127442856
C_0506_strict,market_chain_count_bucket=3_8;limit_times_detail_bucket=2,323,10,0,0,0,0,0,304,9,0.6,-0.020765121613984916,0.006775608034357158,0.11686583816183815,-0.15893009201354988,0.34152634861770287,500000.0,391134.10842941323,0.7822682168588264,-0.30897829015150025,0,2,False,10,0,10,122,1.5753295489391166,53,0.5471698113207547,-0.41782110449669396
C_0458_strict,market_chain_count_bucket=3_8;amount_ratio_bucket=2_3,323,13,0,0,0,0,0,299,11,0.23076923076923078,-0.018284682927877348,-0.01984676430418894,0.06416208349697478,-0.07056276734779064,1.103056391008729,500000.0,389563.8693400683,0.7791277386801366,-0.22087226131986337,0,0,False,13,0,13,36,2.0784952852966136,55,0.509090909090909,-0.31002357509437495
C_1790_strict,prev_pct_chg_bucket=0_3;limit_height_rank_bucket=rank_2_3,323,24,0,0,1,0,0,278,20,0.5416666666666666,-0.007826061470953742,0.005938001250686007,0.1158921776759827,-0.23424634469517502,0.6135083075897413,500000.0,388369.0341175429,0.7767380682350858,-0.23778788061143874,0,0,False,24,0,24,89,1.7209279086141338,70,0.6,-0.2896284248698141
C_0970_strict,segment_limit_up_ratio_bucket=2pct_3pct;first_time_detail_bucket=1000_1100,323,27,0,0,3,0,0,272,21,0.4444444444444444,-0.007443446180567022,-0.012106727733804537,0.13268322831885118,-0.17569221989385012,0.9662689277618357,500000.0,381107.0212435568,0.7622140424871137,-0.43486291467616933,0,2,False,27,0,27,124,1.5548516794698726,89,0.47191011235955055,-0.38044002456177695
C_0382_strict,market_chain_count_bucket=15_30;segment_emotion_state_bucket=mixed,323,7,0,0,0,0,0,312,4,0.42857142857142855,-0.035041301159371194,-0.03922408684383502,0.07827642757242771,-0.15652531681971424,0.5017467046086584,500000.0,379595.0034353669,0.7591900068707338,-0.34199389738500874,0,0,False,7,0,7,21,2.407717456269065,46,0.5869565217391305,-0.2641664332822251
C_1681_strict,turnover_rate_bucket=10_15;segment_limit_height_rank_bucket=rank_1,323,34,0,0,1,0,0,257,31,0.38235294117647056,-0.004976665236899768,-0.016033080356137524,0.1877260209238617,-0.18253476123876122,1.3908263884155576,500000.0,373109.04590000515,0.7462180918000103,-0.3613018375546435,0,4,False,34,0,34,61,1.8581036277227911,129,0.4806201550387597,-0.4975947067808958
C_1207_strict,fd_ratio_bucket=0_1pct_0_3pct;limit_times_detail_bucket=3,323,18,0,0,2,0,0,289,14,0.3888888888888889,-0.013794563172400635,-0.019056272626687226,0.11574749243935112,-0.14082353318685611,0.9819967498839809,500000.0,371094.09982760675,0.7421881996552135,-0.29622844971515505,0,0,False,18,0,18,131,1.537969187704066,40,0.5,-0.24727899141675957
C_0965_strict,segment_limit_up_ratio_bucket=1pct_2pct;first_time_detail_bucket=before_1000,323,33,0,0,5,0,0,256,29,0.36363636363636365,-0.0062651078806078885,-0.0170504583076497,0.19188049383583486,-0.2156528163679894,1.390198691303375,500000.0,369637.39683864894,0.7392747936772979,-0.36211319704144485,0,4,False,33,0,33,46,2.006560874595313,150,0.52,-0.3923818466183394
C_0836_strict,segment_limit_up_count_bucket=40_80;amount_ratio_bucket=gte_5,323,20,0,0,1,0,0,283,19,0.4,-0.013658032336880432,-0.0031547499457063397,0.10840482549029917,-0.2107240820230698,0.8182628944997453,500000.0,361912.0911924111,0.7238241823848222,-0.3764901833484374,0,2,False,20,0,20,83,1.7321786058909292,48,0.5,-0.4080185513789196
C_1073_strict,segment_limit_up_ratio_bucket=1pct_2pct;segment_limit_height_rank_bucket=rank_2_3,323,47,0,0,0,0,0,241,35,0.44680851063829785,-0.003508385032364632,-0.009411965666985937,0.1640530421018095,-0.17854275324675314,1.110103782852465,500000.0,361559.3465266085,0.7231186930532171,-0.510801240932512,0,5,False,47,0,47,7,3.0101730615408457,146,0.4452054794520548,-0.3699730782760031
C_0716_strict,segment_chain_count_bucket=3_5;limit_height_rank_bucket=rank_2_3,323,24,0,0,2,0,0,276,21,0.375,-0.012154642051145912,-0.018276951262642428,0.1640530421018095,-0.11475756565757284,1.0351037204239224,500000.0,354642.32440214796,0.7092846488042959,-0.4581212150410642,0,3,False,24,0,24,31,2.1837876810323644,89,0.550561797752809,-0.43906988419063886
C_0751_strict,segment_limit_up_count_bucket=20_40;fd_ratio_bucket=0_1pct_0_3pct,323,70,0,0,2,0,0,194,57,0.38571428571428573,-0.0035148176369036548,-0.012674084549565194,0.15358009904435918,-0.17854275324675314,1.3380484751852346,500000.0,351741.4828504886,0.7034829657009772,-0.5397527277248578,0,3,False,70,0,70,86,1.7292878918939314,132,0.44696969696969696,-0.4989368950040024
C_2110_strict,segment_limit_up_count_bucket=10_20;open_times_bucket=0;turnover_rate_bucket=6_10,323,28,0,0,0,0,0,268,27,0.5357142857142857,-0.01006697418463419,0.0054059516248128854,0.10384378000609025,-0.17305374225774217,0.6183048902726528,500000.0,347230.1177433669,0.6944602354867339,-0.34538940378571625,0,3,False,28,0,28,137,1.5223187484231997,82,0.5365853658536586,-0.4026485656534109
C_1669_strict,turnover_rate_bucket=10_15;limit_height_rank_bucket=rank_1,323,8,0,0,0,0,0,307,8,0.25,-0.049754089926119016,-0.052011528543640384,0.10431146673820897,-0.18253476123876122,0.7718302809874561,500000.0,321786.477516502,0.643572955033004,-0.35642704496699595,0,1,False,8,0,8,43,2.026569403622398,49,0.5510204081632653,-0.26665550039043573
C_1008_strict,segment_limit_up_ratio_bucket=3pct_5pct;amount_ratio_bucket=gte_5,323,11,0,0,0,0,0,298,14,0.2727272727272727,-0.04028883465780315,-0.022349124091098852,0.031106928301982043,-0.2107240820230698,0.34522929153060483,500000.0,308846.00318684505,0.61769200637369,-0.41368113438514387,0,2,False,11,0,11,81,1.7374359149140939,30,0.5333333333333333,-0.24305708393256642
C_0913_strict,segment_limit_up_count_bucket=10_20;segment_limit_height_rank_bucket=rank_1,323,23,0,0,4,0,0,273,23,0.391304347826087,-0.017957417486505166,-0.024472823176823102,0.18581870347833998,-0.15652531681971424,0.8825804355685596,500000.0,304493.9706135412,0.6089879412270824,-0.4560268560926787,0,2,False,23,0,23,106,1.6190297620244085,90,0.5222222222222223,-0.45868481209280587
C_1711_strict,amount_ratio_bucket=3_5;open_times_bucket=2_3,323,110,0,0,1,0,0,112,100,0.42727272727272725,-0.002134216974871211,-0.010055232570707898,0.47357106841545565,-0.22051891755067676,1.2289024033632054,500000.0,291936.2438561879,0.5838724877123758,-0.5655993336907966,0,4,False,110,0,110,157,1.4440352798530873,155,0.45806451612903226,-0.5750665608662755
C_0830_strict,segment_limit_up_count_bucket=20_40;amount_ratio_bucket=2_3,323,42,0,0,3,0,0,251,27,0.40476190476190477,-0.01183830328880834,-0.007463432117938221,0.08114787191755625,-0.17854275324675314,0.6830984178448348,500000.0,289826.67904840107,0.5796533580968022,-0.5153348394114379,0,3,False,42,0,42,12,2.7447511348150386,136,0.5294117647058824,-0.41644862157317863
C_0031_strict,fd_ratio_bucket=0_3pct_0_5pct,323,118,0,0,2,0,0,110,93,0.4406779661016949,-0.003541154802785452,-0.007307571382423541,0.15004616432917728,-0.15652531681971424,1.0678552368788443,500000.0,276972.9995885243,0.5539459991770486,-0.5229280186744469,0,3,False,118,0,118,113,1.5975465183062718,176,0.4772727272727273,-0.5608146507451863
C_1667_strict,turnover_rate_bucket=10_15;limit_height_rank_bucket=rank_4_10,323,54,0,0,1,0,0,222,46,0.4074074074074074,-0.011352699293752318,-0.017852653417392873,0.17633861028767173,-0.1587336139324593,0.9280614149040253,500000.0,239677.00109591373,0.47935400219182744,-0.537097345081093,0,3,False,54,0,54,47,2.0058601750574976,137,0.49635036496350365,-0.40203823538890515
