signal_date,candidate_rank,planned_action,ts_code,name,market_segment,profit_source_score,planned_position_pct,selection_reason,sort_rule,exit_rule,risk_flags,fill_probability,allow_buy_reliable,is_fill_score_reliable,fd_ratio_bucket,fd_amount_to_circ_mv,segment_limit_up_count_bucket,market_chain_count_bucket,market_limit_down_count_bucket,retreat_state_bucket,market_emotion_state_bucket,segment_emotion_state_bucket,first_time_detail_bucket,turnover_rate_bucket,amount_ratio_bucket,prev_pct_chg_bucket,amount,turnover_rate,volume_ratio,open_times,limit_times,first_time,last_time,paper_note,historical_reference_next_trade_date,historical_reference_next_open,historical_reference_exit_trade_date,historical_reference_exit_close,historical_reference_net_return,historical_reference_is_win,trade_date,d1_trade_date,d1_open,d1_high,d1_low,d1_close,d1_pre_close,d1_pct_chg,d2_trade_date,d2_open,d2_high,d2_low,d2_close,d2_pre_close,d2_pct_chg,d3_trade_date,d3_open,d3_high,d3_low,d3_close,d3_pre_close,d3_pct_chg,d4_trade_date,d4_open,d4_high,d4_low,d4_close,d4_pre_close,d4_pct_chg,d5_trade_date,d5_open,d5_high,d5_low,d5_close,d5_pre_close,d5_pct_chg,replay_rule,buy_executed,buy_reject_reason,buy_trade_date,buy_price_before_slippage,buy_price,buy_price_model,sell_executed,sell_reject_reason,exit_trade_date,exit_price_before_slippage,exit_price,exit_reason,sell_price_model,path_conflict,limit_down_blocked_days,net_return,daily_return,is_win,strict_account_return,strict_return_source
20240527,1,PLAN_BUY_T1_OPEN,603068.SH,博通集成,sh_main,0.8,0.8,segment_emotion_state_bucket=warming;exclude:amount_ratio_bucket=0_8_1_2;exclude:market_segment=star;exclude:amount_ratio_bucket=0_8_1_2;exclude:market_segment=star;exclude:prev_pct_chg_bucket=0_3&&market_segment=bj,profit_source_oos_resilient,fixed_t2_close,无,1.0,True,True,0_5pct_1pct,0.0080983897311819,10_20,3_8,15_30,warming_2day,warming,warming,1100_1330,10_15,2_3,gte_10,432237.34,12.1674,5.65,0.0,2.0,131358,131358,该候选只用于模拟盘计划，不代表实盘可买入。,20240528,27.16,20240529,25.8,-0.0536936377025036,False,20240527,20240528,27.16,27.67,26.21,27.67,25.15,10.0199,20240529,30.44,30.44,25.8,25.8,27.67,-6.7582,20240530,24.56,27.88,23.72,26.45,25.8,2.5194,20240531,24.7,25.76,24.29,24.29,26.45,-8.1664,20240603,23.6,24.23,22.72,23.0,24.29,-5.3108,fixed_t2_close,True,,20240528,27.16,27.18716,daily_open_plus_slippage_no_l2,True,,20240529,25.8,25.7742,fixed_close,daily_price_minus_slippage_no_l2,False,0,-0.05359159247232874,-0.042873273977862995,False,-0.042873273977862995,conservative_daily_replay
20240605,1,PLAN_BUY_T1_OPEN,002869.SZ,金溢科技,sz_main,1.5,0.8,segment_emotion_state_bucket=warming;exclude:amount_ratio_bucket=0_8_1_2;exclude:market_segment=star;exclude:amount_ratio_bucket=0_8_1_2;exclude:market_segment=star;exclude:prev_pct_chg_bucket=0_3&&market_segment=bj,profit_source_oos_resilient,fixed_t2_close,封单/流通市值偏高,1.0,True,True,2pct_5pct,0.0279587273047582,5_10,3_8,5_15,weak_below_30,ice_point,warming,open_auction,15_25,1_2_2,gte_10,674510.104,18.035,2.11,3.0,2.0,92500,94836,该候选只用于模拟盘计划，不代表实盘可买入。,20240606,24.3,20240607,22.55,-0.0756364609053497,False,20240605,20240606,24.3,25.91,23.5,25.05,23.82,5.1637,20240607,24.33,25.08,22.55,22.55,25.05,-9.98,20240611,22.4,24.15,22.0,23.57,22.55,4.5233,20240612,22.89,25.5,22.38,24.08,23.57,2.1638,20240613,24.23,25.43,23.25,24.91,24.08,3.4468,fixed_t2_close,True,,20240606,24.3,24.324299999999997,daily_open_plus_slippage_no_l2,True,,20240611,23.57,23.54643,fixed_close,daily_price_minus_slippage_no_l2,False,1,-0.03359913197913182,-0.02687930558330546,False,-0.02687930558330546,conservative_daily_replay
20240618,1,PLAN_BUY_T1_OPEN,002869.SZ,金溢科技,sz_main,2.8,0.8,segment_emotion_state_bucket=warming;exclude:amount_ratio_bucket=0_8_1_2;exclude:market_segment=star;exclude:amount_ratio_bucket=0_8_1_2;exclude:market_segment=star;exclude:prev_pct_chg_bucket=0_3&&market_segment=bj,profit_source_oos_resilient,fixed_t2_close,封单/流通市值偏高,1.0,True,True,2pct_5pct,0.0270426629629957,10_20,3_8,lt_5,neutral,mixed,warming,1100_1330,gte_25,1_2_2,7_10,1261821.771,26.9523,1.14,0.0,2.0,110112,110112,该候选只用于模拟盘计划，不代表实盘可买入。,20240619,33.0,20240620,36.5,0.1024406060606059,True,20240618,20240619,33.0,34.21,32.23,34.21,31.1,10.0,20240620,34.81,37.62,34.41,36.5,34.21,6.6939,20240621,35.66,39.02,35.28,37.74,36.5,3.3973,20240624,37.08,38.36,35.95,36.52,37.74,-3.2326,20240625,36.43,36.43,32.87,34.02,36.52,-6.8456,fixed_t2_close,True,,20240619,33.0,33.032999999999994,daily_open_plus_slippage_no_l2,True,,20240620,36.5,36.4635,fixed_close,daily_price_minus_slippage_no_l2,False,0,0.10223069475978593,0.08178455580782874,True,0.08178455580782874,conservative_daily_replay
20240619,1,PLAN_BUY_T1_OPEN,600889.SH,南京化纤,sh_main,0.8,0.8,segment_emotion_state_bucket=warming;exclude:amount_ratio_bucket=0_8_1_2;exclude:market_segment=star;exclude:amount_ratio_bucket=0_8_1_2;exclude:market_segment=star;exclude:prev_pct_chg_bucket=0_3&&market_segment=bj,profit_source_oos_resilient,fixed_t2_close,封单/流通市值偏高,1.0,True,True,1pct_2pct,0.011055941348429,10_20,8_15,lt_5,retreat_weak,mixed,warming,1100_1330,10_15,3_5,0_3,252639.054,13.4713,2.29,1.0,1.0,110414,134423,该候选只用于模拟盘计划，不代表实盘可买入。,20240620,5.3,20240621,6.4,0.2039271698113209,True,20240619,20240620,5.3,5.82,5.2,5.82,5.29,10.0189,20240621,6.15,6.4,5.87,6.4,5.82,9.9656,20240624,5.76,5.94,5.76,5.76,6.4,-10.0,20240625,5.18,6.3,5.18,6.29,5.76,9.2014,20240626,5.97,6.3,5.7,5.89,6.29,-6.3593,fixed_t2_close,True,,20240620,5.3,5.305299999999999,daily_open_plus_slippage_no_l2,True,,20240621,6.4,6.3936,fixed_close,daily_price_minus_slippage_no_l2,False,0,0.20351448815335632,0.16281159052268507,True,0.16281159052268507,conservative_daily_replay
20240626,1,PLAN_BUY_T1_OPEN,301129.SZ,瑞纳智能,chi_next,3.8,0.8,segment_emotion_state_bucket=warming;exclude:amount_ratio_bucket=0_8_1_2;exclude:market_segment=star;exclude:amount_ratio_bucket=0_8_1_2;exclude:market_segment=star;exclude:prev_pct_chg_bucket=0_3&&market_segment=bj,profit_source_oos_resilient,fixed_t2_close,封单/流通市值偏高,1.0,True,True,gte_5pct,0.0573806909232179,10_20,8_15,lt_5,neutral,mixed,warming,1100_1330,gte_25,2_3,gte_10,373645.901,45.9127,2.52,0.0,2.0,131451,131451,该候选只用于模拟盘计划，不代表实盘可买入。,20240627,29.77,20240628,25.24,-0.1557866106818945,False,20240626,20240627,29.77,30.08,26.77,27.77,25.07,10.7698,20240628,26.89,26.89,24.4,25.24,27.77,-9.1106,20240701,23.5,24.05,22.42,22.81,25.24,-9.6276,20240702,22.54,24.7,22.11,24.6,22.81,7.8474,20240703,23.3,23.3,21.3,21.48,24.6,-12.6829,fixed_t2_close,True,,20240627,29.77,29.799769999999995,daily_open_plus_slippage_no_l2,True,,20240628,25.24,25.21476,fixed_close,daily_price_minus_slippage_no_l2,False,0,-0.1554805834877248,-0.12438446679017985,False,-0.12438446679017985,conservative_daily_replay
20240702,1,PLAN_BUY_T1_OPEN,600421.SH,华嵘控股,sh_main,0.8,0.8,segment_emotion_state_bucket=warming;exclude:amount_ratio_bucket=0_8_1_2;exclude:market_segment=star;exclude:amount_ratio_bucket=0_8_1_2;exclude:market_segment=star;exclude:prev_pct_chg_bucket=0_3&&market_segment=bj,profit_source_oos_resilient,fixed_t2_close,无,1.0,True,True,0_5pct_1pct,0.0096063394683026,10_20,8_15,lt_5,warming_2day,warming,warming,1100_1330,3_6,1_2_2,neg3_0,52902.072,3.9992,0.89,1.0,1.0,132400,132550,该候选只用于模拟盘计划，不代表实盘可买入。,20240703,7.06,20240704,6.67,-0.058860793201133,False,20240702,20240703,7.06,7.45,6.8,6.92,7.05,-1.844,20240704,6.86,6.91,6.61,6.67,6.92,-3.6127,20240705,6.6,6.86,6.31,6.85,6.67,2.6987,20240708,6.78,6.8,6.34,6.61,6.85,-3.5036,20240709,6.54,6.56,6.12,6.34,6.61,-4.0847,fixed_t2_close,True,,20240703,7.06,7.067059999999999,daily_open_plus_slippage_no_l2,True,,20240704,6.67,6.66333,fixed_close,daily_price_minus_slippage_no_l2,False,0,-0.0587484239839479,-0.04699873918715833,False,-0.04699873918715833,conservative_daily_replay
20240717,1,PLAN_BUY_T1_OPEN,920146.BJ,华阳变速,bj,0.8,0.8,segment_emotion_state_bucket=warming;exclude:amount_ratio_bucket=0_8_1_2;exclude:market_segment=star;exclude:amount_ratio_bucket=0_8_1_2;exclude:market_segment=star;exclude:prev_pct_chg_bucket=0_3&&market_segment=bj,profit_source_oos_resilient,fixed_t2_close,封单/流通市值偏高,1.0,True,True,2pct_5pct,0.0426449909360384,5_10,8_15,lt_5,warming_2day,warming,warming,1100_1330,gte_25,1_2_2,gte_10,247175.088,37.2732,2.06,0.0,2.0,131504,131504,该候选只用于模拟盘计划，不代表实盘可买入。,20240718,7.75,20240719,6.5,-0.1649103225806451,False,20240717,20240718,7.75,8.0,6.55,6.85,7.51,-8.7883,20240719,6.88,7.3,6.33,6.5,6.85,-5.1095,20240722,6.0,6.25,5.57,5.66,6.5,-12.9231,20240723,5.75,6.1,5.47,5.58,5.66,-1.4134,20240724,5.58,6.96,5.39,6.59,5.58,18.1004,fixed_t2_close,True,,20240718,7.75,7.757749999999999,daily_open_plus_slippage_no_l2,True,,20240719,6.5,6.4935,fixed_close,daily_price_minus_slippage_no_l2,False,0,-0.1645860661918725,-0.131668852953498,False,-0.131668852953498,conservative_daily_replay
20240718,1,PLAN_BUY_T1_OPEN,600171.SH,上海贝岭,sh_main,0.8,0.8,segment_emotion_state_bucket=warming;exclude:amount_ratio_bucket=0_8_1_2;exclude:market_segment=star;exclude:amount_ratio_bucket=0_8_1_2;exclude:market_segment=star;exclude:prev_pct_chg_bucket=0_3&&market_segment=bj,profit_source_oos_resilient,fixed_t2_close,封单/流通市值偏高,1.0,True,True,1pct_2pct,0.0148219136755312,10_20,3_8,lt_5,warming_2day,warming,warming,1100_1330,10_15,1_2_2,lt_neg3,1825681.921,13.2848,1.12,0.0,1.0,131345,131345,该候选只用于模拟盘计划，不代表实盘可买入。,20240719,21.5,20240722,24.56,0.1387055813953487,True,20240718,20240719,21.5,22.55,21.25,22.55,20.5,10.0,20240722,24.0,24.81,23.9,24.56,22.55,8.9135,20240723,24.56,25.25,23.55,23.85,24.56,-2.8909,20240724,23.75,24.28,21.5,21.72,23.85,-8.9308,20240725,21.51,22.07,21.03,21.4,21.72,-1.4733,fixed_t2_close,True,,20240719,21.5,21.521499999999996,daily_open_plus_slippage_no_l2,True,,20240722,24.56,24.535439999999998,fixed_close,daily_price_minus_slippage_no_l2,False,0,0.1384232126013522,0.11073857008108177,True,0.11073857008108177,conservative_daily_replay
20240726,1,PLAN_BUY_T1_OPEN,000338.SZ,潍柴动力,sz_main,1.8,0.8,segment_emotion_state_bucket=warming;exclude:amount_ratio_bucket=0_8_1_2;exclude:market_segment=star;exclude:amount_ratio_bucket=0_8_1_2;exclude:market_segment=star;exclude:prev_pct_chg_bucket=0_3&&market_segment=bj,profit_source_oos_resilient,fixed_t2_close,无,1.0,True,True,0_1pct_0_3pct,0.001367137929036,20_40,8_15,lt_5,warming_2day,warming,warming,1100_1330,3_6,3_5,neg3_0,2077771.176,3.0038,2.5,0.0,1.0,132515,132515,该候选只用于模拟盘计划，不代表实盘可买入。,20240729,14.4,20240730,13.35,-0.0765366666666667,False,20240726,20240729,14.4,14.49,13.55,13.87,14.14,-1.9095,20240730,13.79,13.9,13.26,13.35,13.87,-3.7491,20240731,13.31,13.88,13.25,13.8,13.35,3.3708,20240801,13.6,13.83,13.41,13.49,13.8,-2.2464,20240802,13.36,13.46,13.03,13.1,13.49,-2.891,fixed_t2_close,True,,20240729,14.4,14.414399999999999,daily_open_plus_slippage_no_l2,True,,20240730,13.35,13.336649999999999,fixed_close,daily_price_minus_slippage_no_l2,False,0,-0.07638898101898099,-0.061111184815184794,False,-0.061111184815184794,conservative_daily_replay
20240729,1,PLAN_BUY_T1_OPEN,300159.SZ,新研股份,chi_next,1.8,0.8,segment_emotion_state_bucket=warming;exclude:amount_ratio_bucket=0_8_1_2;exclude:market_segment=star;exclude:amount_ratio_bucket=0_8_1_2;exclude:market_segment=star;exclude:prev_pct_chg_bucket=0_3&&market_segment=bj,profit_source_oos_resilient,fixed_t2_close,LOSS_OVERLAY_WATCH,1.0,True,True,0_3pct_0_5pct,0.0041689823816035,10_20,15_30,lt_5,warming_2day,warming,warming,1100_1330,15_25,2_3,gte_10,743433.705,20.9938,5.77,2.0,2.0,131248,142918,该候选只用于模拟盘计划，不代表实盘可买入。,20240730,2.57,20240731,2.57,-0.00362,False,20240729,20240730,2.57,2.94,2.43,2.62,2.59,1.1583,20240731,2.49,2.72,2.4,2.57,2.62,-1.9084,20240801,2.56,2.78,2.51,2.7,2.57,5.0584,20240802,2.6,2.65,2.43,2.44,2.7,-9.6296,20240805,2.45,2.93,2.45,2.8,2.44,14.7541,fixed_t2_close,True,,20240730,2.57,2.5725699999999994,daily_open_plus_slippage_no_l2,True,,20240731,2.57,2.56743,fixed_close,daily_price_minus_slippage_no_l2,False,0,-0.0036180019980018192,-0.0028944015984014556,False,-0.0028944015984014556,conservative_daily_replay
20240730,1,PLAN_BUY_T1_OPEN,603716.SH,塞力医疗,sh_main,3.8,0.8,segment_emotion_state_bucket=warming;exclude:amount_ratio_bucket=0_8_1_2;exclude:market_segment=star;exclude:amount_ratio_bucket=0_8_1_2;exclude:market_segment=star;exclude:prev_pct_chg_bucket=0_3&&market_segment=bj,profit_source_oos_resilient,fixed_t2_close,无,1.0,True,True,0_1pct_0_3pct,0.0017181315960759,20_40,15_30,lt_5,neutral,mixed,warming,1100_1330,gte_25,2_3,7_10,386224.14,28.1565,1.96,6.0,2.0,132406,145006,该候选只用于模拟盘计划，不代表实盘可买入。,20240731,6.64,20240801,7.05,0.0581269879518073,True,20240730,20240731,6.64,7.25,6.5,6.82,7.14,-4.4818,20240801,6.82,7.3,6.63,7.05,6.82,3.3724,20240802,6.85,7.49,6.69,7.13,7.05,1.1348,20240805,6.79,6.85,6.42,6.42,7.13,-9.9579,20240806,6.39,6.85,6.1,6.74,6.42,4.9844,fixed_t2_close,True,,20240731,6.64,6.646639999999999,daily_open_plus_slippage_no_l2,True,,20240801,7.05,7.042949999999999,fixed_close,daily_price_minus_slippage_no_l2,False,0,0.05800561534850708,0.046404492278805665,True,0.046404492278805665,conservative_daily_replay
20240815,1,PLAN_BUY_T1_OPEN,301182.SZ,凯旺科技,chi_next,2.8,0.8,segment_emotion_state_bucket=warming;exclude:amount_ratio_bucket=0_8_1_2;exclude:market_segment=star;exclude:amount_ratio_bucket=0_8_1_2;exclude:market_segment=star;exclude:prev_pct_chg_bucket=0_3&&market_segment=bj,profit_source_oos_resilient,fixed_t2_close,封单/流通市值偏高,1.0,True,True,gte_5pct,0.0646786223614674,10_20,8_15,lt_5,neutral,mixed,warming,1100_1330,gte_25,1_2_2,3_7,350548.409,45.1156,2.18,1.0,1.0,131533,135400,该候选只用于模拟盘计划，不代表实盘可买入。,20240816,23.76,20240819,22.69,-0.04865367003367,False,20240815,20240816,23.76,28.36,23.76,28.36,23.63,20.0169,20240819,27.39,27.4,22.69,22.69,28.36,-19.9929,20240820,21.0,22.39,20.82,21.45,22.69,-5.465,20240821,21.39,21.81,20.62,20.68,21.45,-3.5897,20240822,20.91,21.66,20.11,21.29,20.68,2.9497,fixed_t2_close,True,,20240816,23.76,23.783759999999997,daily_open_plus_slippage_no_l2,True,,20240820,21.45,21.428549999999998,fixed_close,daily_price_minus_slippage_no_l2,False,1,-0.10064597402597401,-0.08051677922077921,False,-0.08051677922077921,conservative_daily_replay
20240816,1,PLAN_BUY_T1_OPEN,300460.SZ,惠伦晶体,chi_next,2.3,0.8,segment_emotion_state_bucket=warming;exclude:amount_ratio_bucket=0_8_1_2;exclude:market_segment=star;exclude:amount_ratio_bucket=0_8_1_2;exclude:market_segment=star;exclude:prev_pct_chg_bucket=0_3&&market_segment=bj,profit_source_oos_resilient,fixed_t2_close,封单/流通市值偏高,1.0,True,True,1pct_2pct,0.018093743175083,10_20,8_15,5_15,retreat_weak,mixed,warming,1100_1330,15_25,2_3,3_7,557741.172,19.5241,4.03,0.0,1.0,131442,131442,该候选只用于模拟盘计划，不代表实盘可买入。,20240819,11.11,20240820,10.89,-0.0234219801980197,False,20240816,20240819,11.11,12.5,11.05,11.59,11.04,4.9819,20240820,10.56,11.46,10.56,10.89,11.59,-6.0397,20240821,11.0,12.0,10.87,10.94,10.89,0.4591,20240822,10.8,11.35,10.32,10.38,10.94,-5.1188,20240823,10.27,11.38,10.27,11.03,10.38,6.262,fixed_t2_close,True,,20240819,11.11,11.121109999999998,daily_open_plus_slippage_no_l2,True,,20240820,10.89,10.87911,fixed_close,daily_price_minus_slippage_no_l2,False,0,-0.02338041780002147,-0.018704334240017176,False,-0.018704334240017176,conservative_daily_replay
20240829,1,PLAN_BUY_T1_OPEN,603666.SH,亿嘉和,sh_main,0.8,0.8,segment_emotion_state_bucket=warming;exclude:amount_ratio_bucket=0_8_1_2;exclude:market_segment=star;exclude:amount_ratio_bucket=0_8_1_2;exclude:market_segment=star;exclude:prev_pct_chg_bucket=0_3&&market_segment=bj,profit_source_oos_resilient,fixed_t2_close,无,1.0,True,True,0_5pct_1pct,0.0057215714609312,10_20,8_15,lt_5,warming_2day,warming,warming,1100_1330,10_15,1_2_2,7_10,472323.855,12.6569,1.24,4.0,2.0,111145,111600,该候选只用于模拟盘计划，不代表实盘可买入。,20240830,19.25,20240902,17.15,-0.1127109090909091,False,20240829,20240830,19.25,20.77,17.77,19.05,18.88,0.9004,20240902,18.2,18.58,17.15,17.15,19.05,-9.9738,20240903,17.0,17.55,16.66,17.3,17.15,0.8746,20240904,16.78,17.08,15.95,16.19,17.3,-6.4162,20240905,16.38,16.74,16.3,16.44,16.19,1.5442,fixed_t2_close,True,,20240830,19.25,19.26925,daily_open_plus_slippage_no_l2,True,,20240903,17.3,17.282700000000002,fixed_close,daily_price_minus_slippage_no_l2,False,1,-0.10471430828911336,-0.0837714466312907,False,-0.0837714466312907,conservative_daily_replay
20240830,1,PLAN_BUY_T1_OPEN,603883.SH,老百姓,sh_main,1.8,0.8,segment_emotion_state_bucket=warming;exclude:amount_ratio_bucket=0_8_1_2;exclude:market_segment=star;exclude:amount_ratio_bucket=0_8_1_2;exclude:market_segment=star;exclude:prev_pct_chg_bucket=0_3&&market_segment=bj,profit_source_oos_resilient,fixed_t2_close,无,1.0,True,True,0_5pct_1pct,0.0051383520025446,20_40,8_15,lt_5,warming_2day,warming,warming,1100_1330,3_6,2_3,0_3,534857.98,5.5423,3.09,0.0,1.0,132400,132400,该候选只用于模拟盘计划，不代表实盘可买入。,20240902,13.44,20240903,13.46,-0.0021319047619046,False,20240830,20240902,13.44,13.44,12.24,12.24,13.5,-9.3333,20240903,12.23,13.46,12.13,13.46,12.24,9.9673,20240904,14.68,14.81,14.58,14.81,13.46,10.0297,20240905,16.29,16.29,16.29,16.29,14.81,9.9932,20240906,17.92,17.92,17.92,17.92,16.29,10.0061,fixed_t2_close,True,,20240902,13.44,13.453439999999999,daily_open_plus_slippage_no_l2,True,,20240903,13.46,13.44654,fixed_close,daily_price_minus_slippage_no_l2,False,0,-0.0021328799771655367,-0.0017063039817324295,False,-0.0017063039817324295,conservative_daily_replay
20240924,1,PLAN_BUY_T1_OPEN,601595.SH,上海电影,sh_main,0.8,0.8,segment_emotion_state_bucket=warming;exclude:amount_ratio_bucket=0_8_1_2;exclude:market_segment=star;exclude:amount_ratio_bucket=0_8_1_2;exclude:market_segment=star;exclude:prev_pct_chg_bucket=0_3&&market_segment=bj,profit_source_oos_resilient,fixed_t2_close,无,1.0,True,True,0_1pct_0_3pct,0.0018817492190986,40_80,8_15,lt_5,warming_2day,warming,warming,1100_1330,3_6,3_5,neg3_0,442962.111,5.2542,3.39,8.0,1.0,132614,144005,该候选只用于模拟盘计划，不代表实盘可买入。,20240925,19.85,20240926,21.4,0.0744656423173801,True,20240924,20240925,19.85,21.31,19.6,20.96,19.37,8.2086,20240926,20.78,21.5,20.42,21.4,20.96,2.0992,20240927,21.53,23.42,21.24,23.41,21.4,9.3925,20240930,24.1,25.44,23.52,25.3,23.41,8.0735,20241008,27.6,27.78,23.89,25.88,25.3,2.2925,fixed_t2_close,True,,20240925,19.85,19.86985,daily_open_plus_slippage_no_l2,True,,20240926,21.4,21.3786,fixed_close,daily_price_minus_slippage_no_l2,False,0,0.07431162505001283,0.05944930004001027,True,0.05944930004001027,conservative_daily_replay
20240927,1,PLAN_BUY_T1_OPEN,301169.SZ,零点有数,chi_next,2.8,0.8,segment_emotion_state_bucket=warming;exclude:amount_ratio_bucket=0_8_1_2;exclude:market_segment=star;exclude:amount_ratio_bucket=0_8_1_2;exclude:market_segment=star;exclude:prev_pct_chg_bucket=0_3&&market_segment=bj,profit_source_oos_resilient,fixed_t2_close,封单/流通市值偏高,1.0,True,True,2pct_5pct,0.0243402632920832,20_40,gte_30,lt_5,neutral,main_rise,warming,1100_1330,gte_25,2_3,0_3,496990.928,47.5183,2.55,4.0,1.0,130033,144224,该候选只用于模拟盘计划，不代表实盘可买入。,20240930,42.0,20241008,57.48,0.3649514285714285,True,20240927,20240930,42.0,47.9,41.0,47.9,39.92,19.99,20241008,56.98,57.48,48.01,57.48,47.9,20.0,20241009,52.0,56.96,47.8,48.92,57.48,-14.8921,20241010,54.5,56.3,49.0,49.42,48.92,1.0221,20241011,42.51,46.13,41.61,43.7,49.42,-11.5743,fixed_t2_close,True,,20240930,42.0,42.041999999999994,daily_open_plus_slippage_no_l2,True,,20241008,57.48,57.42252,fixed_close,daily_price_minus_slippage_no_l2,False,0,0.36421702012273455,0.2913736160981876,True,0.2913736160981876,conservative_daily_replay
20240930,1,PLAN_BUY_T1_OPEN,300333.SZ,兆日科技,chi_next,2.8,0.8,segment_emotion_state_bucket=warming;exclude:amount_ratio_bucket=0_8_1_2;exclude:market_segment=star;exclude:amount_ratio_bucket=0_8_1_2;exclude:market_segment=star;exclude:prev_pct_chg_bucket=0_3&&market_segment=bj,profit_source_oos_resilient,fixed_t2_close,无,1.0,True,True,0_3pct_0_5pct,0.0032513761944274,gte_80,gte_30,lt_5,neutral,climax,warming,1100_1330,gte_25,1_2_2,7_10,923586.702,31.431,1.28,4.0,1.0,130039,143700,该候选只用于模拟盘计划，不代表实盘可买入。,20241008,11.23,20241009,12.05,0.0693986999109527,True,20240930,20241008,11.23,11.23,10.53,11.23,9.36,19.9786,20241009,11.23,13.46,10.27,12.05,11.23,7.3019,20241010,11.41,12.06,9.64,10.39,12.05,-13.7759,20241011,9.85,11.06,9.85,10.43,10.39,0.385,20241014,10.62,11.46,9.88,11.46,10.43,9.8754,fixed_t2_close,False,open_limit_up_unbuyable,20241008,11.23,,daily_open_limit_up_queue_rejected,False,,,,,no_buy,,False,0,0.0,0.0,False,0.0,conservative_daily_replay
20241008,1,PLAN_BUY_T1_OPEN,920099.BJ,瑞华技术,bj,0.8,0.8,segment_emotion_state_bucket=warming;exclude:amount_ratio_bucket=0_8_1_2;exclude:market_segment=star;exclude:amount_ratio_bucket=0_8_1_2;exclude:market_segment=star;exclude:prev_pct_chg_bucket=0_3&&market_segment=bj,profit_source_oos_resilient,fixed_t2_close,封单/流通市值偏高,1.0,True,True,1pct_2pct,0.012458017279352,40_80,gte_30,lt_5,warming_2day,warming,warming,1100_1330,gte_25,1_2_2,gte_10,341230.333,55.4575,0.0,4.0,1.0,130431,140710,该候选只用于模拟盘计划，不代表实盘可买入。,20241009,36.0,20241010,33.28,-0.0791755555555554,False,20241008,20241009,36.0,44.88,34.3,36.7,39.18,-6.3298,20241010,36.77,38.49,28.88,33.28,36.7,-9.3188,20241011,33.4,35.46,28.09,30.32,33.28,-8.8942,20241014,29.5,32.2,28.38,30.66,30.32,1.1214,20241015,30.66,32.03,29.52,29.65,30.66,-3.2942,fixed_t2_close,True,,20241009,36.0,36.035999999999994,daily_open_plus_slippage_no_l2,True,,20241010,33.28,33.24672,fixed_close,daily_price_minus_slippage_no_l2,False,0,-0.07902259740259714,-0.06321807792207772,False,-0.06321807792207772,conservative_daily_replay
20241018,1,PLAN_BUY_T1_OPEN,920346.BJ,威贸电子,bj,2.8,0.8,segment_emotion_state_bucket=warming;exclude:amount_ratio_bucket=0_8_1_2;exclude:market_segment=star;exclude:amount_ratio_bucket=0_8_1_2;exclude:market_segment=star;exclude:prev_pct_chg_bucket=0_3&&market_segment=bj,profit_source_oos_resilient,fixed_t2_close,封单/流通市值偏高,1.0,True,True,1pct_2pct,0.0156421274339696,10_20,15_30,lt_5,neutral,main_rise,warming,1100_1330,gte_25,2_3,3_7,258833.65,52.3099,3.66,4.0,1.0,130045,145248,该候选只用于模拟盘计划，不代表实盘可买入。,20241021,21.78,20241022,22.62,0.0349474931129476,True,20241018,20241021,21.78,25.97,21.77,25.97,19.98,29.98,20241022,28.9,28.9,20.22,22.62,25.97,-12.8995,20241023,21.53,25.17,21.1,23.49,22.62,3.8462,20241024,22.97,24.97,22.8,24.08,23.49,2.5117,20241025,24.8,27.99,23.52,23.75,24.08,-1.3704,fixed_t2_close,True,,20241021,21.78,21.801779999999997,daily_open_plus_slippage_no_l2,True,,20241022,22.62,22.59738,fixed_close,daily_price_minus_slippage_no_l2,False,0,0.0348724331866483,0.027897946549318643,True,0.027897946549318643,conservative_daily_replay
20241021,1,PLAN_BUY_T1_OPEN,920926.BJ,鸿智科技,bj,0.8,0.8,segment_emotion_state_bucket=warming;exclude:amount_ratio_bucket=0_8_1_2;exclude:market_segment=star;exclude:amount_ratio_bucket=0_8_1_2;exclude:market_segment=star;exclude:prev_pct_chg_bucket=0_3&&market_segment=bj,profit_source_oos_resilient,fixed_t2_close,封单/流通市值偏高,1.0,True,True,2pct_5pct,0.029181894442268,20_40,gte_30,lt_5,warming_2day,warming,warming,1100_1330,gte_25,1_2_2,3_7,176884.648,58.7106,1.56,1.0,1.0,112209,141836,该候选只用于模拟盘计划，不代表实盘可买入。,20241022,20.5,20241023,19.38,-0.0582541463414634,False,20241021,20241022,20.5,23.23,18.3,19.97,20.54,-2.7751,20241023,19.0,20.38,18.66,19.38,19.97,-2.9544,20241024,19.45,20.3,19.0,20.0,19.38,3.1992,20241025,19.95,21.49,18.8,18.81,20.0,-5.95,20241028,18.57,19.38,17.51,18.94,18.81,0.6911,fixed_t2_close,True,,20241022,20.5,20.5205,daily_open_plus_slippage_no_l2,True,,20241023,19.38,19.360619999999997,fixed_close,daily_price_minus_slippage_no_l2,False,0,-0.05814298920591614,-0.04651439136473291,False,-0.04651439136473291,conservative_daily_replay
20241022,1,PLAN_BUY_T1_OPEN,002229.SZ,鸿博股份,sz_main,2.8,0.8,segment_emotion_state_bucket=warming;exclude:amount_ratio_bucket=0_8_1_2;exclude:market_segment=star;exclude:amount_ratio_bucket=0_8_1_2;exclude:market_segment=star;exclude:prev_pct_chg_bucket=0_3&&market_segment=bj,profit_source_oos_resilient,fixed_t2_close,封单/流通市值偏高;LOSS_OVERLAY_WATCH,1.0,True,True,1pct_2pct,0.0158123488739132,40_80,gte_30,lt_5,neutral,main_rise,warming,1100_1330,15_25,2_3,0_3,1369148.512,23.1573,2.63,2.0,1.0,130600,142842,该候选只用于模拟盘计划，不代表实盘可买入。,20241023,12.79,20241024,13.89,0.0823846911649727,True,20241022,20241023,12.79,13.62,12.59,12.63,12.41,1.7728,20241024,12.45,13.89,12.45,13.89,12.63,9.9762,20241025,15.0,15.28,14.24,15.28,13.89,10.0072,20241028,15.3,16.81,15.28,16.29,15.28,6.6099,20241029,15.64,16.11,14.78,14.97,16.29,-8.1031,fixed_t2_close,True,,20241023,12.79,12.802789999999998,daily_open_plus_slippage_no_l2,True,,20241024,13.89,13.87611,fixed_close,daily_price_minus_slippage_no_l2,False,0,0.08221485162218563,0.06577188129774851,True,0.06577188129774851,conservative_daily_replay
20241028,1,PLAN_BUY_T1_OPEN,000790.SZ,华神科技,sz_main,0.8,0.8,segment_emotion_state_bucket=warming;exclude:amount_ratio_bucket=0_8_1_2;exclude:market_segment=star;exclude:amount_ratio_bucket=0_8_1_2;exclude:market_segment=star;exclude:prev_pct_chg_bucket=0_3&&market_segment=bj,profit_source_oos_resilient,fixed_t2_close,无,1.0,True,True,0_3pct_0_5pct,0.0032087076565557,gte_80,gte_30,lt_5,warming_2day,warming,warming,1100_1330,15_25,2_3,7_10,614667.8,21.1672,3.16,7.0,2.0,133003,140912,该候选只用于模拟盘计划，不代表实盘可买入。,20241029,4.88,20241030,4.79,-0.0220626229508196,False,20241028,20241029,4.88,5.27,4.64,4.66,4.87,-4.3121,20241030,4.66,4.94,4.62,4.79,4.66,2.7897,20241031,4.71,4.71,4.52,4.6,4.79,-3.9666,20241101,4.58,4.59,4.24,4.26,4.6,-7.3913,20241104,4.23,4.37,4.19,4.32,4.26,1.4085,fixed_t2_close,True,,20241029,4.88,4.884879999999999,daily_open_plus_slippage_no_l2,True,,20241030,4.79,4.78521,fixed_close,daily_price_minus_slippage_no_l2,False,0,-0.02202377655131731,-0.01761902124105385,False,-0.01761902124105385,conservative_daily_replay
20241031,1,PLAN_BUY_T1_OPEN,002248.SZ,华东数控,sz_main,0.8,0.8,segment_emotion_state_bucket=warming;exclude:amount_ratio_bucket=0_8_1_2;exclude:market_segment=star;exclude:amount_ratio_bucket=0_8_1_2;exclude:market_segment=star;exclude:prev_pct_chg_bucket=0_3&&market_segment=bj,profit_source_oos_resilient,fixed_t2_close,无,1.0,True,True,0_1pct_0_3pct,0.0025031738161385,gte_80,gte_30,lt_5,warming_2day,warming,warming,1100_1330,gte_25,1_2_2,lt_neg3,1142611.486,33.4453,1.21,5.0,1.0,112924,145503,该候选只用于模拟盘计划，不代表实盘可买入。,20241101,10.98,20241104,9.56,-0.1329460473588342,False,20241031,20241101,10.98,10.98,10.31,10.31,11.45,-9.9563,20241104,9.28,10.34,9.28,9.56,10.31,-7.2745,20241105,9.45,9.89,9.28,9.62,9.56,0.6276,20241106,9.68,10.15,9.3,9.35,9.62,-2.8067,20241107,9.2,9.45,8.98,9.4,9.35,0.5348,fixed_t2_close,True,,20241101,10.98,10.990979999999999,daily_open_plus_slippage_no_l2,True,,20241105,9.62,9.61038,fixed_close,daily_price_minus_slippage_no_l2,False,1,-0.1272320928252076,-0.10178567426016608,False,-0.10178567426016608,conservative_daily_replay
20241105,1,PLAN_BUY_T1_OPEN,920726.BJ,朱老六,bj,0.8,0.8,segment_emotion_state_bucket=warming;exclude:amount_ratio_bucket=0_8_1_2;exclude:market_segment=star;exclude:amount_ratio_bucket=0_8_1_2;exclude:market_segment=star;exclude:prev_pct_chg_bucket=0_3&&market_segment=bj,profit_source_oos_resilient,fixed_t2_close,封单/流通市值偏高,1.0,True,True,2pct_5pct,0.0455659752546236,10_20,gte_30,lt_5,warming_2day,warming,warming,1100_1330,gte_25,1_2_2,gte_10,345821.894,27.2825,1.54,0.0,3.0,131902,131902,该候选只用于模拟盘计划，不代表实盘可买入。,20241106,27.5,20241107,26.0,-0.0581654545454545,False,20241105,20241106,27.5,32.17,25.89,26.8,24.75,8.2828,20241107,26.8,33.9,25.25,26.0,26.8,-2.9851,20241108,24.56,26.0,22.52,23.01,26.0,-11.5,20241111,21.38,21.69,20.12,21.55,23.01,-6.3451,20241112,21.4,23.19,21.21,22.78,21.55,5.7077,fixed_t2_close,True,,20241106,27.5,27.527499999999996,daily_open_plus_slippage_no_l2,True,,20241107,26.0,25.974,fixed_close,daily_price_minus_slippage_no_l2,False,0,-0.05805447461629269,-0.04644357969303416,False,-0.04644357969303416,conservative_daily_replay
20241106,1,PLAN_BUY_T1_OPEN,920720.BJ,吉冈精密,bj,4.3,0.8,segment_emotion_state_bucket=warming;exclude:amount_ratio_bucket=0_8_1_2;exclude:market_segment=star;exclude:amount_ratio_bucket=0_8_1_2;exclude:market_segment=star;exclude:prev_pct_chg_bucket=0_3&&market_segment=bj,profit_source_oos_resilient,fixed_t2_close,封单/流通市值偏高;LOSS_OVERLAY_WATCH,1.0,True,True,1pct_2pct,0.0114129895968483,10_20,gte_30,5_15,neutral,main_rise,warming,1100_1330,gte_25,2_3,3_7,491983.772,47.3951,2.06,3.0,1.0,130039,145115,该候选只用于模拟盘计划，不代表实盘可买入。,20241107,24.0,20241108,25.08,0.0413799999999999,True,20241106,20241107,24.0,29.99,23.38,27.59,23.27,18.5647,20241108,25.4,29.89,24.27,25.08,27.59,-9.0975,20241111,25.61,25.78,23.6,24.58,25.08,-1.9936,20241112,25.5,27.04,24.1,24.85,24.58,1.0985,20241113,23.4,24.08,22.49,24.06,24.85,-3.1791,fixed_t2_close,True,,20241107,24.0,24.023999999999997,daily_open_plus_slippage_no_l2,True,,20241108,25.08,25.05492,fixed_close,daily_price_minus_slippage_no_l2,False,0,0.041292087912087896,0.03303367032967032,True,0.03303367032967032,conservative_daily_replay
20241119,1,PLAN_BUY_T1_OPEN,002366.SZ,融发核电,sz_main,2.3,0.8,segment_emotion_state_bucket=warming;exclude:amount_ratio_bucket=0_8_1_2;exclude:market_segment=star;exclude:amount_ratio_bucket=0_8_1_2;exclude:market_segment=star;exclude:prev_pct_chg_bucket=0_3&&market_segment=bj,profit_source_oos_resilient,fixed_t2_close,无,1.0,True,True,0_5pct_1pct,0.005598407767141,40_80,15_30,5_15,warming_2day,warming,warming,1100_1330,10_15,3_5,0_3,703539.259,11.625,3.06,3.0,1.0,130524,143833,该候选只用于模拟盘计划，不代表实盘可买入。,20241120,4.89,20241121,5.53,0.1272593456032721,True,20241119,20241120,4.89,5.22,4.88,5.03,4.99,0.8016,20241121,4.99,5.53,4.97,5.53,5.03,9.9404,20241122,6.08,6.08,5.73,5.96,5.53,7.7758,20241125,5.7,5.92,5.36,5.56,5.96,-6.7114,20241126,5.52,5.74,5.06,5.08,5.56,-8.6331,fixed_t2_close,True,,20241120,4.89,4.894889999999999,daily_open_plus_slippage_no_l2,True,,20241121,5.53,5.52447,fixed_close,daily_price_minus_slippage_no_l2,False,0,0.12699984641125756,0.10159987712900605,True,0.10159987712900605,conservative_daily_replay
20241120,1,PLAN_BUY_T1_OPEN,002657.SZ,中科金财,sz_main,0.8,0.8,segment_emotion_state_bucket=warming;exclude:amount_ratio_bucket=0_8_1_2;exclude:market_segment=star;exclude:amount_ratio_bucket=0_8_1_2;exclude:market_segment=star;exclude:prev_pct_chg_bucket=0_3&&market_segment=bj,profit_source_oos_resilient,fixed_t2_close,无,1.0,True,True,0_1pct_0_3pct,0.0029158070979289,40_80,gte_30,lt_5,warming_2day,warming,warming,1100_1330,gte_25,1_2_2,lt_neg3,4210020.689,48.9819,2.28,11.0,1.0,130915,144415,该候选只用于模拟盘计划，不代表实盘可买入。,20241121,26.0,20241122,22.57,-0.1355430769230769,False,20241120,20241121,26.0,27.38,25.03,25.05,27.81,-9.9245,20241122,23.72,25.58,22.55,22.57,25.05,-9.9002,20241125,22.18,22.56,20.78,21.35,22.57,-5.4054,20241126,20.92,21.23,20.01,20.12,21.35,-5.7611,20241127,19.72,20.95,19.53,20.95,20.12,4.1252,fixed_t2_close,True,,20241121,26.0,26.025999999999996,daily_open_plus_slippage_no_l2,True,,20241125,21.35,21.32865,fixed_close,daily_price_minus_slippage_no_l2,False,1,-0.1821068208714362,-0.14568545669714897,False,-0.14568545669714897,conservative_daily_replay
20241129,1,PLAN_BUY_T1_OPEN,603536.SH,惠发食品,sh_main,4.3,0.8,segment_emotion_state_bucket=warming;exclude:amount_ratio_bucket=0_8_1_2;exclude:market_segment=star;exclude:amount_ratio_bucket=0_8_1_2;exclude:market_segment=star;exclude:prev_pct_chg_bucket=0_3&&market_segment=bj,profit_source_oos_resilient,fixed_t2_close,无,1.0,True,True,0_5pct_1pct,0.0065072350989191,40_80,gte_30,5_15,neutral,main_rise,warming,1100_1330,15_25,1_2_2,0_3,484862.818,17.806,2.59,1.0,1.0,131247,143020,该候选只用于模拟盘计划，不代表实盘可买入。,20241202,11.58,20241203,11.08,-0.0467978929188255,False,20241129,20241202,11.58,12.5,11.21,11.71,11.61,0.8613,20241203,11.48,11.48,10.78,11.08,11.71,-5.38,20241204,10.83,11.84,10.54,10.94,11.08,-1.2635,20241205,10.66,10.83,10.5,10.74,10.94,-1.8282,20241206,10.7,11.09,10.51,10.94,10.74,1.8622,fixed_t2_close,True,,20241202,11.58,11.591579999999999,daily_open_plus_slippage_no_l2,True,,20241203,11.08,11.06892,fixed_close,daily_price_minus_slippage_no_l2,False,0,-0.04670962540050609,-0.03736770032040487,False,-0.03736770032040487,conservative_daily_replay
20241202,1,PLAN_BUY_T1_OPEN,301392.SZ,汇成真空,chi_next,2.3,0.8,segment_emotion_state_bucket=warming;exclude:amount_ratio_bucket=0_8_1_2;exclude:market_segment=star;exclude:amount_ratio_bucket=0_8_1_2;exclude:market_segment=star;exclude:prev_pct_chg_bucket=0_3&&market_segment=bj,profit_source_oos_resilient,fixed_t2_close,封单/流通市值偏高,1.0,True,True,2pct_5pct,0.0218409472298779,10_20,gte_30,5_15,warming_2day,warming,warming,1100_1330,gte_25,3_5,0_3,619816.195,37.209,3.18,4.0,1.0,130315,144615,该候选只用于模拟盘计划，不代表实盘可买入。,20241203,88.05,20241204,77.05,-0.1285490176036343,False,20241202,20241203,88.05,89.31,77.8,81.41,82.69,-1.548,20241204,83.04,85.68,76.78,77.05,81.41,-5.3556,20241205,74.2,77.82,73.2,74.97,77.05,-2.6995,20241206,75.0,76.5,73.85,75.7,74.97,0.9737,20241209,75.0,75.62,70.06,70.41,75.7,-6.9881,fixed_t2_close,True,,20241203,88.05,88.13804999999999,daily_open_plus_slippage_no_l2,True,,20241204,77.05,76.97295,fixed_close,daily_price_minus_slippage_no_l2,False,0,-0.12829741117485577,-0.10263792893988462,False,-0.10263792893988462,conservative_daily_replay
20241211,1,PLAN_BUY_T1_OPEN,603533.SH,掌阅科技,sh_main,2.3,0.8,segment_emotion_state_bucket=warming;exclude:amount_ratio_bucket=0_8_1_2;exclude:market_segment=star;exclude:amount_ratio_bucket=0_8_1_2;exclude:market_segment=star;exclude:prev_pct_chg_bucket=0_3&&market_segment=bj,profit_source_oos_resilient,fixed_t2_close,无,1.0,True,True,0_3pct_0_5pct,0.0040134852836147,40_80,gte_30,5_15,warming_2day,warming,warming,1100_1330,15_25,1_2_2,0_3,1900845.158,17.5387,2.14,1.0,1.0,130314,142432,该候选只用于模拟盘计划，不代表实盘可买入。,20241212,26.76,20241213,29.55,0.1006400896860985,True,20241211,20241212,26.76,28.11,25.2,26.86,25.55,5.1272,20241213,26.35,29.55,26.33,29.55,26.86,10.0149,20241216,29.0,31.33,27.38,27.5,29.55,-6.9374,20241217,26.53,26.73,24.75,24.75,27.5,-10.0,20241218,24.1,25.3,23.48,24.68,24.75,-0.2828,fixed_t2_close,True,,20241212,26.76,26.786759999999997,daily_open_plus_slippage_no_l2,True,,20241213,29.55,29.52045,fixed_close,daily_price_minus_slippage_no_l2,False,0,0.10043377582059217,0.08034702065647374,True,0.08034702065647374,conservative_daily_replay
20241212,1,PLAN_BUY_T1_OPEN,600979.SH,广安爱众,sh_main,4.3,0.8,segment_emotion_state_bucket=warming;exclude:amount_ratio_bucket=0_8_1_2;exclude:market_segment=star;exclude:amount_ratio_bucket=0_8_1_2;exclude:market_segment=star;exclude:prev_pct_chg_bucket=0_3&&market_segment=bj,profit_source_oos_resilient,fixed_t2_close,LOSS_OVERLAY_WATCH,1.0,True,True,0_5pct_1pct,0.0083576759410448,40_80,gte_30,5_15,neutral,main_rise,warming,1100_1330,gte_25,2_3,gte_10,2097708.821,26.7307,1.68,2.0,3.0,130325,141319,该候选只用于模拟盘计划，不代表实盘可买入。,20241213,6.81,20241216,6.93,0.0140011453744492,True,20241212,20241213,6.81,7.7,6.81,7.7,7.0,10.0,20241216,7.7,8.05,6.93,6.93,7.7,-10.0,20241217,6.24,6.41,6.24,6.24,6.93,-9.9567,20241218,5.62,6.12,5.62,5.62,6.24,-9.9359,20241219,5.6,5.8,5.31,5.37,5.62,-4.4484,fixed_t2_close,True,,20241213,6.81,6.8168099999999985,daily_open_plus_slippage_no_l2,True,,20241219,5.37,5.36463,fixed_close,daily_price_minus_slippage_no_l2,False,3,-0.2146492614874111,-0.1717194091899289,False,-0.1717194091899289,conservative_daily_replay
20250114,1,PLAN_BUY_T1_OPEN,002717.SZ,岭南股份,sz_main,0.8,0.8,segment_emotion_state_bucket=warming;exclude:amount_ratio_bucket=0_8_1_2;exclude:market_segment=star;exclude:amount_ratio_bucket=0_8_1_2;exclude:market_segment=star;exclude:prev_pct_chg_bucket=0_3&&market_segment=bj,profit_source_oos_resilient,fixed_t2_close,无,1.0,True,True,0_5pct_1pct,0.006901901214254,40_80,15_30,lt_5,warming_2day,warming,warming,1100_1330,15_25,1_2_2,lt_neg3,1072159.469,19.7516,0.78,0.0,1.0,132124,132124,该候选只用于模拟盘计划，不代表实盘可买入。,20250115,3.55,20250116,3.61,0.0132814084507042,True,20250114,20250115,3.55,3.76,3.51,3.62,3.5,3.4286,20250116,3.58,3.8,3.48,3.61,3.62,-0.2762,20250117,3.53,3.58,3.43,3.44,3.61,-4.7091,20250120,3.52,3.56,3.37,3.43,3.44,-0.2907,20250121,3.39,3.44,3.23,3.32,3.43,-3.207,fixed_t2_close,True,,20250115,3.55,3.5535499999999995,daily_open_plus_slippage_no_l2,True,,20250116,3.61,3.6063899999999998,fixed_close,daily_price_minus_slippage_no_l2,False,0,0.013249637404848701,0.010599709923878962,True,0.010599709923878962,conservative_daily_replay
20250123,1,PLAN_BUY_T1_OPEN,603598.SH,引力传媒,sh_main,2.8,0.8,segment_emotion_state_bucket=warming;exclude:amount_ratio_bucket=0_8_1_2;exclude:market_segment=star;exclude:amount_ratio_bucket=0_8_1_2;exclude:market_segment=star;exclude:prev_pct_chg_bucket=0_3&&market_segment=bj,profit_source_oos_resilient,fixed_t2_close,封单/流通市值偏高,1.0,True,True,1pct_2pct,0.0100809033277844,10_20,8_15,15_30,neutral,mixed,warming,1100_1330,15_25,1_2_2,lt_neg3,1027145.235,20.2314,0.97,3.0,1.0,110322,112746,该候选只用于模拟盘计划，不代表实盘可买入。,20250124,19.88,20250127,20.78,0.0416516297786721,True,20250123,20250124,19.88,21.5,19.3,20.4,19.59,4.1348,20250127,20.45,21.89,19.5,20.78,20.4,1.8627,20250205,20.17,20.5,19.29,20.15,20.78,-3.0318,20250206,19.77,21.55,18.77,20.92,20.15,3.8213,20250207,20.3,21.2,20.06,20.58,20.92,-1.6252,fixed_t2_close,True,,20250124,19.88,19.899879999999996,daily_open_plus_slippage_no_l2,True,,20250127,20.78,20.759220000000003,fixed_close,daily_price_minus_slippage_no_l2,False,0,0.04156317497391977,0.03325053997913582,True,0.03325053997913582,conservative_daily_replay
20250124,1,PLAN_BUY_T1_OPEN,002965.SZ,祥鑫科技,sz_main,1.8,0.8,segment_emotion_state_bucket=warming;exclude:amount_ratio_bucket=0_8_1_2;exclude:market_segment=star;exclude:amount_ratio_bucket=0_8_1_2;exclude:market_segment=star;exclude:prev_pct_chg_bucket=0_3&&market_segment=bj,profit_source_oos_resilient,fixed_t2_close,无,1.0,True,True,lt_0_1pct,0.0002088610265957,20_40,8_15,15_30,warming_2day,warming,warming,1100_1330,15_25,1_2_2,neg3_0,1707477.63,24.4318,1.46,12.0,1.0,110821,145633,该候选只用于模拟盘计划，不代表实盘可买入。,20250127,46.5,20250205,44.36,-0.049641505376344,False,20250124,20250127,46.5,46.5,42.34,43.1,47.04,-8.3759,20250205,43.1,45.28,42.3,44.36,43.1,2.9234,20250206,44.0,48.8,43.66,48.8,44.36,10.009,20250207,50.04,53.68,48.32,50.6,48.8,3.6885,20250210,49.98,49.98,47.8,49.21,50.6,-2.747,fixed_t2_close,True,,20250127,46.5,46.546499999999995,daily_open_plus_slippage_no_l2,True,,20250205,44.36,44.31564,fixed_close,daily_price_minus_slippage_no_l2,False,0,-0.04954755631465295,-0.03963804505172236,False,-0.03963804505172236,conservative_daily_replay
20250206,1,PLAN_BUY_T1_OPEN,002213.SZ,大为股份,sz_main,0.8,0.8,segment_emotion_state_bucket=warming;exclude:amount_ratio_bucket=0_8_1_2;exclude:market_segment=star;exclude:amount_ratio_bucket=0_8_1_2;exclude:market_segment=star;exclude:prev_pct_chg_bucket=0_3&&market_segment=bj,profit_source_oos_resilient,fixed_t2_close,封单/流通市值偏高,1.0,True,True,2pct_5pct,0.0232034423536264,20_40,15_30,lt_5,warming_2day,warming,warming,1100_1330,gte_25,2_3,gte_10,880493.746,27.2193,2.11,1.0,2.0,131333,131842,该候选只用于模拟盘计划，不代表实盘可买入。,20250207,18.17,20250210,17.84,-0.0217818051733627,False,20250206,20250207,18.17,18.17,17.31,18.17,16.52,9.9879,20250210,18.3,19.95,17.65,17.84,18.17,-1.8162,20250211,17.58,17.89,16.45,16.58,17.84,-7.0628,20250212,16.21,17.02,16.21,16.85,16.58,1.6285,20250213,16.86,17.53,16.61,17.19,16.85,2.0178,fixed_t2_close,False,open_limit_up_unbuyable,20250207,18.17,,daily_open_limit_up_queue_rejected,False,,,,,no_buy,,False,0,0.0,0.0,False,0.0,conservative_daily_replay
20250207,1,PLAN_BUY_T1_OPEN,002175.SZ,东方智造,sz_main,2.8,0.8,segment_emotion_state_bucket=warming;exclude:amount_ratio_bucket=0_8_1_2;exclude:market_segment=star;exclude:amount_ratio_bucket=0_8_1_2;exclude:market_segment=star;exclude:prev_pct_chg_bucket=0_3&&market_segment=bj,profit_source_oos_resilient,fixed_t2_close,封单/流通市值偏高,1.0,True,True,1pct_2pct,0.0125804642980281,20_40,15_30,lt_5,neutral,main_rise,warming,1100_1330,15_25,2_3,3_7,1624322.02,24.9072,2.2,1.0,1.0,132327,144803,该候选只用于模拟盘计划，不代表实盘可买入。,20250210,5.42,20250211,5.61,0.0314353505535056,True,20250207,20250210,5.42,5.81,5.29,5.81,5.28,10.0379,20250211,5.9,5.93,5.5,5.61,5.81,-3.4423,20250212,5.5,5.8,5.48,5.64,5.61,0.5348,20250213,5.59,6.2,5.5,5.91,5.64,4.7872,20250214,5.75,5.76,5.44,5.53,5.91,-6.4298,fixed_t2_close,True,,20250210,5.42,5.425419999999999,daily_open_plus_slippage_no_l2,True,,20250211,5.61,5.60439,fixed_close,daily_price_minus_slippage_no_l2,False,0,0.03136730789505733,0.025093846316045866,True,0.025093846316045866,conservative_daily_replay
20250210,1,PLAN_BUY_T1_OPEN,002987.SZ,京北方,sz_main,2.8,0.8,segment_emotion_state_bucket=warming;exclude:amount_ratio_bucket=0_8_1_2;exclude:market_segment=star;exclude:amount_ratio_bucket=0_8_1_2;exclude:market_segment=star;exclude:prev_pct_chg_bucket=0_3&&market_segment=bj,profit_source_oos_resilient,fixed_t2_close,无,1.0,True,True,0_5pct_1pct,0.0090172947314452,40_80,gte_30,lt_5,neutral,main_rise,warming,1100_1330,3_6,2_3,0_3,569843.998,5.9164,2.56,0.0,1.0,132509,132509,该候选只用于模拟盘计划，不代表实盘可买入。,20250211,16.49,20250212,16.62,0.0042635657974531,True,20250210,20250211,16.49,16.55,15.96,16.21,16.58,-2.2316,20250212,16.12,16.7,16.04,16.62,16.21,2.5293,20250213,16.5,17.16,16.28,16.86,16.62,1.444,20250214,16.72,18.37,16.48,17.74,16.86,5.2195,20250217,18.68,19.51,18.12,19.09,17.74,7.6099,fixed_t2_close,True,,20250211,16.49,16.506489999999996,daily_open_plus_slippage_no_l2,True,,20250212,16.62,16.60338,fixed_close,daily_price_minus_slippage_no_l2,False,0,0.004249812419236675,0.0033998499353893406,True,0.0033998499353893406,conservative_daily_replay
20250214,1,PLAN_BUY_T1_OPEN,301230.SZ,泓博医药,chi_next,4.3,0.8,segment_emotion_state_bucket=warming;exclude:amount_ratio_bucket=0_8_1_2;exclude:market_segment=star;exclude:amount_ratio_bucket=0_8_1_2;exclude:market_segment=star;exclude:prev_pct_chg_bucket=0_3&&market_segment=bj,profit_source_oos_resilient,fixed_t2_close,封单/流通市值偏高,1.0,True,True,2pct_5pct,0.0346813609191584,10_20,15_30,5_15,neutral,main_rise,warming,1100_1330,15_25,2_3,lt_neg3,488798.553,18.3579,1.51,0.0,1.0,132645,132645,该候选只用于模拟盘计划，不代表实盘可买入。,20250217,39.74,20250218,39.52,-0.0091559838953195,False,20250214,20250217,39.74,44.33,39.59,44.33,36.94,20.0054,20250218,43.01,45.4,38.0,39.52,44.33,-10.8504,20250219,38.98,40.8,37.76,39.42,39.52,-0.253,20250220,38.22,41.56,38.22,39.23,39.42,-0.482,20250221,38.0,40.98,37.8,40.3,39.23,2.7275,fixed_t2_close,True,,20250217,39.74,39.77974,daily_open_plus_slippage_no_l2,True,,20250218,39.52,39.48048,fixed_close,daily_price_minus_slippage_no_l2,False,0,-0.009142924986437696,-0.007314339989150157,False,-0.007314339989150157,conservative_daily_replay
20250217,1,PLAN_BUY_T1_OPEN,002137.SZ,实益达,sz_main,2.3,0.8,segment_emotion_state_bucket=warming;exclude:amount_ratio_bucket=0_8_1_2;exclude:market_segment=star;exclude:amount_ratio_bucket=0_8_1_2;exclude:market_segment=star;exclude:prev_pct_chg_bucket=0_3&&market_segment=bj,profit_source_oos_resilient,fixed_t2_close,封单/流通市值偏高;LOSS_OVERLAY_WATCH,1.0,True,True,2pct_5pct,0.021161335413608,20_40,15_30,5_15,warming_2day,warming,warming,1100_1330,gte_25,2_3,neg3_0,951674.913,26.05,1.26,2.0,1.0,130324,131236,该候选只用于模拟盘计划，不代表实盘可买入。,20250218,9.8,20250219,10.27,0.0443391836734691,True,20250217,20250218,9.8,10.19,9.52,9.65,9.52,1.3655,20250219,9.51,10.61,9.33,10.27,9.65,6.4249,20250220,10.2,10.2,9.8,9.96,10.27,-3.0185,20250221,9.9,10.5,9.58,10.08,9.96,1.2048,20250224,9.9,9.9,9.68,9.7,10.08,-3.7698,fixed_t2_close,True,,20250218,9.8,9.8098,daily_open_plus_slippage_no_l2,True,,20250219,10.27,10.25973,fixed_close,daily_price_minus_slippage_no_l2,False,0,0.044245359130665254,0.035396287304532204,True,0.035396287304532204,conservative_daily_replay
20250304,1,PLAN_BUY_T1_OPEN,001298.SZ,好上好,sz_main,2.3,0.8,segment_emotion_state_bucket=warming;exclude:amount_ratio_bucket=0_8_1_2;exclude:market_segment=star;exclude:amount_ratio_bucket=0_8_1_2;exclude:market_segment=star;exclude:prev_pct_chg_bucket=0_3&&market_segment=bj,profit_source_oos_resilient,fixed_t2_close,封单/流通市值偏高,1.0,True,True,2pct_5pct,0.0301348764038917,20_40,8_15,5_15,warming_2day,warming,warming,1100_1330,15_25,3_5,0_3,475722.32,15.8013,1.95,1.0,1.0,130518,132821,该候选只用于模拟盘计划，不代表实盘可买入。,20250305,31.85,20250306,31.81,-0.0048758869701727,False,20250304,20250305,31.85,31.85,30.57,31.85,28.95,10.0173,20250306,31.28,34.34,30.6,31.81,31.85,-0.1256,20250307,30.8,32.49,29.92,30.5,31.81,-4.1182,20250310,29.8,30.48,29.1,29.99,30.5,-1.6721,20250311,29.34,30.0,29.27,29.83,29.99,-0.5335,fixed_t2_close,False,open_limit_up_unbuyable,20250305,31.85,,daily_open_limit_up_queue_rejected,False,,,,,no_buy,,False,0,0.0,0.0,False,0.0,conservative_daily_replay
20250317,1,PLAN_BUY_T1_OPEN,002571.SZ,德力股份,sz_main,3.8,0.8,segment_emotion_state_bucket=warming;exclude:amount_ratio_bucket=0_8_1_2;exclude:market_segment=star;exclude:amount_ratio_bucket=0_8_1_2;exclude:market_segment=star;exclude:prev_pct_chg_bucket=0_3&&market_segment=bj,profit_source_oos_resilient,fixed_t2_close,封单/流通市值偏高,1.0,True,True,2pct_5pct,0.020903354503678,20_40,15_30,lt_5,neutral,mixed,warming,1100_1330,10_15,1_2_2,0_3,213966.921,11.7104,2.16,1.0,1.0,111933,142457,该候选只用于模拟盘计划，不代表实盘可买入。,20250318,6.3,20250319,6.32,-0.0004453968253968,False,20250317,20250318,6.3,6.49,6.21,6.47,6.29,2.8617,20250319,6.43,6.66,6.21,6.32,6.47,-2.3184,20250320,6.29,6.57,6.25,6.5,6.32,2.8481,20250321,6.49,6.73,6.24,6.48,6.5,-0.3077,20250324,6.53,6.55,6.25,6.4,6.48,-1.2346,fixed_t2_close,True,,20250318,6.3,6.306299999999999,daily_open_plus_slippage_no_l2,True,,20250319,6.32,6.313680000000001,fixed_close,daily_price_minus_slippage_no_l2,False,0,-0.0004497416868843203,-0.00035979334950745625,False,-0.00035979334950745625,conservative_daily_replay
20250318,1,PLAN_BUY_T1_OPEN,002629.SZ,仁智股份,sz_main,1.8,0.8,segment_emotion_state_bucket=warming;exclude:amount_ratio_bucket=0_8_1_2;exclude:market_segment=star;exclude:amount_ratio_bucket=0_8_1_2;exclude:market_segment=star;exclude:prev_pct_chg_bucket=0_3&&market_segment=bj,profit_source_oos_resilient,fixed_t2_close,封单/流通市值偏高,1.0,True,True,1pct_2pct,0.0119561590746847,20_40,8_15,lt_5,retreat_2day,retreat,warming,1100_1330,15_25,3_5,0_3,319820.086,17.0435,3.16,0.0,1.0,130912,130912,该候选只用于模拟盘计划，不代表实盘可买入。,20250319,5.45,20250320,5.46,-0.0017851376146789,False,20250318,20250319,5.45,5.61,5.31,5.46,5.48,-0.365,20250320,5.51,5.56,5.26,5.46,5.46,0.0,20250321,5.41,5.54,5.35,5.4,5.46,-1.0989,20250324,5.33,5.37,5.09,5.25,5.4,-2.7778,20250325,5.22,5.32,5.11,5.22,5.25,-0.5714,fixed_t2_close,True,,20250319,5.45,5.45545,daily_open_plus_slippage_no_l2,True,,20250320,5.46,5.45454,fixed_close,daily_price_minus_slippage_no_l2,False,0,-0.0017868056713928222,-0.0014294445371142578,False,-0.0014294445371142578,conservative_daily_replay
20250325,1,PLAN_BUY_T1_OPEN,600727.SH,鲁北化工,sh_main,0.8,0.8,segment_emotion_state_bucket=warming;exclude:amount_ratio_bucket=0_8_1_2;exclude:market_segment=star;exclude:amount_ratio_bucket=0_8_1_2;exclude:market_segment=star;exclude:prev_pct_chg_bucket=0_3&&market_segment=bj,profit_source_oos_resilient,fixed_t2_close,无,1.0,True,True,0_5pct_1pct,0.0091846100322412,20_40,8_15,30_60,retreat_weak,mixed,warming,1100_1330,15_25,2_3,3_7,790390.067,17.5946,4.62,1.0,1.0,111541,131020,该候选只用于模拟盘计划，不代表实盘可买入。,20250326,9.19,20250327,9.26,0.0039969749727965,True,20250325,20250326,9.19,9.69,9.01,9.07,8.81,2.9512,20250327,9.17,9.8,9.12,9.26,9.07,2.0948,20250328,8.8,9.04,8.33,8.33,9.26,-10.0432,20250331,8.04,8.19,7.85,7.93,8.33,-4.8019,20250401,7.95,8.26,7.95,8.15,7.93,2.7743,fixed_t2_close,True,,20250326,9.19,9.199189999999998,daily_open_plus_slippage_no_l2,True,,20250327,9.26,9.25074,fixed_close,daily_price_minus_slippage_no_l2,False,0,0.0039837542435805055,0.0031870033948644045,True,0.0031870033948644045,conservative_daily_replay
20250326,1,PLAN_BUY_T1_OPEN,600128.SH,苏豪弘业,sh_main,3.8,0.8,segment_emotion_state_bucket=warming;exclude:amount_ratio_bucket=0_8_1_2;exclude:market_segment=star;exclude:amount_ratio_bucket=0_8_1_2;exclude:market_segment=star;exclude:prev_pct_chg_bucket=0_3&&market_segment=bj,profit_source_oos_resilient,fixed_t2_close,封单/流通市值偏高,1.0,True,True,1pct_2pct,0.0116372698998044,20_40,8_15,lt_5,neutral,mixed,warming,1100_1330,10_15,3_5,0_3,338810.604,13.4677,2.63,1.0,1.0,110900,111227,该候选只用于模拟盘计划，不代表实盘可买入。,20250327,10.4,20250328,10.66,0.0213799999999999,True,20250326,20250327,10.4,10.96,10.24,10.41,10.41,0.0,20250328,10.3,10.86,10.29,10.66,10.41,2.4015,20250331,10.68,11.26,10.45,11.01,10.66,3.2833,20250401,10.75,10.96,10.54,10.86,11.01,-1.3624,20250402,10.76,10.76,10.26,10.61,10.86,-2.302,fixed_t2_close,True,,20250327,10.4,10.4104,daily_open_plus_slippage_no_l2,True,,20250328,10.66,10.64934,fixed_close,daily_price_minus_slippage_no_l2,False,0,0.02133204795204797,0.017065638361638377,True,0.017065638361638377,conservative_daily_replay
20250401,1,PLAN_BUY_T1_OPEN,600353.SH,旭光电子,sh_main,3.3,0.8,segment_emotion_state_bucket=warming;exclude:amount_ratio_bucket=0_8_1_2;exclude:market_segment=star;exclude:amount_ratio_bucket=0_8_1_2;exclude:market_segment=star;exclude:prev_pct_chg_bucket=0_3&&market_segment=bj,profit_source_oos_resilient,fixed_t2_close,封单/流通市值偏高,1.0,True,True,1pct_2pct,0.0153508719597219,20_40,8_15,5_15,warming_2day,warming,warming,1100_1330,10_15,1_2_2,3_7,1026026.828,13.6021,1.76,0.0,1.0,112727,112727,该候选只用于模拟盘计划，不代表实盘可买入。,20250402,9.79,20250403,9.7,-0.0128130541368743,False,20250401,20250402,9.79,10.2,9.34,9.54,9.57,-0.3135,20250403,9.49,9.74,9.21,9.7,9.54,1.6771,20250407,8.75,9.0,8.73,8.73,9.7,-10.0,20250408,7.87,8.43,7.86,7.86,8.73,-9.9656,20250409,7.22,7.9,7.07,7.73,7.86,-1.6539,fixed_t2_close,True,,20250402,9.79,9.799789999999998,daily_open_plus_slippage_no_l2,True,,20250403,9.7,9.690299999999999,fixed_close,daily_price_minus_slippage_no_l2,False,0,-0.012792688394343044,-0.010234150715474436,False,-0.010234150715474436,conservative_daily_replay
20250430,1,PLAN_BUY_T1_OPEN,603955.SH,大千生态,sh_main,1.8,0.8,segment_emotion_state_bucket=warming;exclude:amount_ratio_bucket=0_8_1_2;exclude:market_segment=star;exclude:amount_ratio_bucket=0_8_1_2;exclude:market_segment=star;exclude:prev_pct_chg_bucket=0_3&&market_segment=bj,profit_source_oos_resilient,fixed_t2_close,无,1.0,True,True,0_1pct_0_3pct,0.0015534923072668,20_40,8_15,15_30,warming_2day,warming,warming,1100_1330,15_25,1_2_2,neg3_0,614943.069,18.5377,1.75,2.0,1.0,110439,145515,该候选只用于模拟盘计划，不代表实盘可买入。,20250506,24.88,20250507,26.71,0.0699330546623794,True,20250430,20250506,24.88,26.95,24.5,25.34,24.94,1.6038,20250507,25.27,27.87,25.2,26.71,25.34,5.4065,20250508,26.5,29.38,26.5,29.38,26.71,9.9963,20250509,29.58,31.42,29.15,29.55,29.38,0.5786,20250512,29.27,31.25,28.88,31.04,29.55,5.0423,fixed_t2_close,True,,20250506,24.88,24.904879999999995,daily_open_plus_slippage_no_l2,True,,20250507,26.71,26.68329,fixed_close,daily_price_minus_slippage_no_l2,False,0,0.06978809351420297,0.05583047481136238,True,0.05583047481136238,conservative_daily_replay
20250506,1,PLAN_BUY_T1_OPEN,603657.SH,春光科技,sh_main,2.3,0.8,segment_emotion_state_bucket=warming;exclude:amount_ratio_bucket=0_8_1_2;exclude:market_segment=star;exclude:amount_ratio_bucket=0_8_1_2;exclude:market_segment=star;exclude:prev_pct_chg_bucket=0_3&&market_segment=bj,profit_source_oos_resilient,fixed_t2_close,封单/流通市值偏高,1.0,True,True,1pct_2pct,0.0129218089619091,40_80,15_30,5_15,warming_2day,warming,warming,1100_1330,3_6,2_3,0_3,115746.941,4.7475,1.64,1.0,1.0,130058,132354,该候选只用于模拟盘计划，不代表实盘可买入。,20250507,19.15,20250508,22.4,0.1660927937336815,True,20250506,20250507,19.15,20.36,18.89,20.36,18.51,9.9946,20250508,21.79,22.4,21.45,22.4,20.36,10.0196,20250509,22.4,24.64,21.54,24.64,22.4,10.0,20250512,24.7,27.1,23.5,27.1,24.64,9.9838,20250513,29.22,29.5,25.0,25.8,27.1,-4.797,fixed_t2_close,True,,20250507,19.15,19.169149999999995,daily_open_plus_slippage_no_l2,True,,20250508,22.4,22.377599999999997,fixed_close,daily_price_minus_slippage_no_l2,False,0,0.16575570523471334,0.13260456418777067,True,0.13260456418777067,conservative_daily_replay
20250513,1,PLAN_BUY_T1_OPEN,002977.SZ,天箭科技,sz_main,0.0,0.8,segment_emotion_state_bucket=warming;exclude:amount_ratio_bucket=0_8_1_2;exclude:market_segment=star;exclude:amount_ratio_bucket=0_8_1_2;exclude:market_segment=star;exclude:prev_pct_chg_bucket=0_3&&market_segment=bj,profit_source_oos_resilient,fixed_t2_close,封单/流通市值偏高,1.0,True,True,1pct_2pct,0.0137880464655747,20_40,8_15,lt_5,retreat_weak,mixed,warming,open_auction,gte_25,3_5,gte_10,1487683.558,46.2379,3.06,6.0,5.0,92500,144712,该候选只用于模拟盘计划，不代表实盘可买入。,20250514,48.8,20250515,41.9,-0.1450134426229508,False,20250513,20250514,48.8,49.0,45.5,46.25,48.71,-5.0503,20250515,44.87,45.44,41.63,41.9,46.25,-9.4054,20250516,42.28,44.0,41.08,42.65,41.9,1.79,20250519,42.68,43.24,39.96,41.13,42.65,-3.5639,20250520,40.34,40.55,38.57,39.24,41.13,-4.5952,fixed_t2_close,True,,20250514,48.8,48.84879999999999,daily_open_plus_slippage_no_l2,True,,20250515,41.9,41.8581,fixed_close,daily_price_minus_slippage_no_l2,False,0,-0.1447289402400876,-0.11578315219207008,False,-0.11578315219207008,conservative_daily_replay
20250526,1,PLAN_BUY_T1_OPEN,002471.SZ,中超控股,sz_main,1.0,0.8,segment_emotion_state_bucket=warming;exclude:amount_ratio_bucket=0_8_1_2;exclude:market_segment=star;exclude:amount_ratio_bucket=0_8_1_2;exclude:market_segment=star;exclude:prev_pct_chg_bucket=0_3&&market_segment=bj,profit_source_oos_resilient,fixed_t2_close,封单/流通市值偏高,1.0,True,True,1pct_2pct,0.0192430391969232,20_40,8_15,lt_5,warming_2day,warming,warming,before_1000,gte_25,2_3,gte_10,2775999.237,41.8259,1.63,4.0,3.0,93236,105706,该候选只用于模拟盘计划，不代表实盘可买入。,20250527,5.36,20250528,5.51,0.0243650746268655,True,20250526,20250527,5.36,5.7,5.36,5.7,5.18,10.0386,20250528,5.75,6.03,5.31,5.51,5.7,-3.3333,20250529,5.54,6.06,5.53,6.06,5.51,9.9819,20250530,5.88,5.88,5.45,5.45,6.06,-10.066,20250603,5.45,5.87,5.17,5.53,5.45,1.4679,fixed_t2_close,True,,20250527,5.36,5.36536,daily_open_plus_slippage_no_l2,True,,20250528,5.51,5.50449,fixed_close,daily_price_minus_slippage_no_l2,False,0,0.024311158393844855,0.019448926715075886,True,0.019448926715075886,conservative_daily_replay
20250527,1,PLAN_BUY_T1_OPEN,600644.SH,乐山电力,sh_main,3.8,0.8,segment_emotion_state_bucket=warming;exclude:amount_ratio_bucket=0_8_1_2;exclude:market_segment=star;exclude:amount_ratio_bucket=0_8_1_2;exclude:market_segment=star;exclude:prev_pct_chg_bucket=0_3&&market_segment=bj,profit_source_oos_resilient,fixed_t2_close,封单/流通市值偏高,1.0,True,True,1pct_2pct,0.0142615148597451,20_40,15_30,lt_5,neutral,mixed,warming,1100_1330,15_25,1_2_2,3_7,1783501.866,20.453,0.96,0.0,1.0,131552,131552,该候选只用于模拟盘计划，不代表实盘可买入。,20250528,16.78,20250529,15.47,-0.0816891299165673,False,20250527,20250528,16.78,18.0,15.81,16.18,16.78,-3.5757,20250529,15.59,16.62,15.3,15.47,16.18,-4.3881,20250530,15.17,15.95,14.65,14.78,15.47,-4.4602,20250603,13.96,15.5,13.96,15.31,14.78,3.5859,20250604,15.16,16.39,14.79,16.26,15.31,6.2051,fixed_t2_close,True,,20250528,16.78,16.79678,daily_open_plus_slippage_no_l2,True,,20250529,15.47,15.45453,fixed_close,daily_price_minus_slippage_no_l2,False,0,-0.08153114963701362,-0.0652249197096109,False,-0.0652249197096109,conservative_daily_replay
20250604,1,PLAN_BUY_T1_OPEN,603900.SH,莱绅通灵,sh_main,1.0,0.8,segment_emotion_state_bucket=warming;exclude:amount_ratio_bucket=0_8_1_2;exclude:market_segment=star;exclude:amount_ratio_bucket=0_8_1_2;exclude:market_segment=star;exclude:prev_pct_chg_bucket=0_3&&market_segment=bj,profit_source_oos_resilient,fixed_t2_close,无,1.0,True,True,0_5pct_1pct,0.0093448824605491,20_40,15_30,lt_5,warming_2day,warming,warming,1330_1430,15_25,1_2_2,3_7,954797.067,22.4248,1.12,3.0,1.0,134434,140228,该候选只用于模拟盘计划，不代表实盘可买入。,20250605,12.97,20250606,11.1,-0.1477988743253662,False,20250604,20250605,12.97,13.37,11.74,11.74,13.04,-9.9693,20250606,11.31,11.59,11.05,11.1,11.74,-5.4514,20250609,11.03,11.9,11.0,11.73,11.1,5.6757,20250610,12.0,12.18,11.45,11.85,11.73,1.023,20250611,11.98,12.45,11.8,12.24,11.85,3.2911,fixed_t2_close,True,,20250605,12.97,12.98297,daily_open_plus_slippage_no_l2,True,,20250606,11.1,11.088899999999999,fixed_close,daily_price_minus_slippage_no_l2,False,0,-0.14750880664439653,-0.11800704531551723,False,-0.11800704531551723,conservative_daily_replay
20250613,1,PLAN_BUY_T1_OPEN,002951.SZ,金时科技,sz_main,5.3,0.8,segment_emotion_state_bucket=warming;exclude:amount_ratio_bucket=0_8_1_2;exclude:market_segment=star;exclude:amount_ratio_bucket=0_8_1_2;exclude:market_segment=star;exclude:prev_pct_chg_bucket=0_3&&market_segment=bj,profit_source_oos_resilient,fixed_t2_close,无,1.0,True,True,0_1pct_0_3pct,0.0029680776029475,20_40,3_8,5_15,neutral,mixed,warming,1100_1330,10_15,1_2_2,lt_neg3,550516.814,10.2455,1.43,2.0,1.0,112503,145615,该候选只用于模拟盘计划，不代表实盘可买入。,20250616,13.81,20250617,15.42,0.112962186821144,True,20250613,20250616,13.81,15.36,13.7,15.36,13.96,10.0287,20250617,15.55,16.82,14.49,15.42,15.36,0.3906,20250618,13.88,16.49,13.88,15.75,15.42,2.1401,20250619,14.9,15.0,13.73,13.73,15.26,-10.0262,20250620,12.68,13.0,12.36,12.36,13.73,-9.9782,fixed_t2_close,True,,20250616,13.81,13.823809999999998,daily_open_plus_slippage_no_l2,True,,20250617,15.42,15.40458,fixed_close,daily_price_minus_slippage_no_l2,False,0,0.1127312533809421,0.09018500270475369,True,0.09018500270475369,conservative_daily_replay
20250616,1,PLAN_BUY_T1_OPEN,001296.SZ,长江材料,sz_main,1.8,0.8,segment_emotion_state_bucket=warming;exclude:amount_ratio_bucket=0_8_1_2;exclude:market_segment=star;exclude:amount_ratio_bucket=0_8_1_2;exclude:market_segment=star;exclude:prev_pct_chg_bucket=0_3&&market_segment=bj,profit_source_oos_resilient,fixed_t2_close,封单/流通市值偏高,1.0,True,True,2pct_5pct,0.0283406900819831,20_40,15_30,lt_5,retreat_2day,retreat,warming,1100_1330,15_25,2_3,0_3,275946.77,18.3569,3.4,0.0,1.0,131806,131806,该候选只用于模拟盘计划，不代表实盘可买入。,20250617,20.12,20250618,19.14,-0.0523277534791252,False,20250616,20250617,20.12,20.12,19.19,19.68,20.32,-3.1496,20250618,19.38,19.63,18.97,19.14,19.68,-2.7439,20250619,18.94,19.59,18.51,19.59,19.14,2.3511,20250620,19.59,21.5,19.34,20.35,19.59,3.8795,20250623,19.5,21.88,19.39,20.77,20.35,2.0639,fixed_t2_close,True,,20250617,20.12,20.14012,daily_open_plus_slippage_no_l2,True,,20250618,19.14,19.12086,fixed_close,daily_price_minus_slippage_no_l2,False,0,-0.05222843728835773,-0.04178274983068619,False,-0.04178274983068619,conservative_daily_replay
20250623,1,PLAN_BUY_T1_OPEN,003015.SZ,日久光电,sz_main,1.8,0.8,segment_emotion_state_bucket=warming;exclude:amount_ratio_bucket=0_8_1_2;exclude:market_segment=star;exclude:amount_ratio_bucket=0_8_1_2;exclude:market_segment=star;exclude:prev_pct_chg_bucket=0_3&&market_segment=bj,profit_source_oos_resilient,fixed_t2_close,封单/流通市值偏高,1.0,True,True,2pct_5pct,0.0215200630093801,20_40,15_30,lt_5,warming_2day,warming,warming,1100_1330,15_25,3_5,0_3,907360.468,22.7015,1.45,0.0,1.0,131330,131330,该候选只用于模拟盘计划，不代表实盘可买入。,20250624,17.05,20250625,17.5,0.0227729618768328,True,20250623,20250624,17.05,17.65,16.72,17.37,16.58,4.7648,20250625,18.0,18.34,16.98,17.5,17.37,0.7484,20250626,17.18,17.38,16.68,16.81,17.5,-3.9429,20250627,17.3,17.58,16.33,16.42,16.81,-2.32,20250630,16.48,17.48,16.47,17.15,16.42,4.4458,fixed_t2_close,True,,20250624,17.05,17.06705,daily_open_plus_slippage_no_l2,True,,20250625,17.5,17.4825,fixed_close,daily_price_minus_slippage_no_l2,False,0,0.02272222668826802,0.018177781350614416,True,0.018177781350614416,conservative_daily_replay
20250624,1,PLAN_BUY_T1_OPEN,603906.SH,龙蟠科技,sh_main,3.8,0.8,segment_emotion_state_bucket=warming;exclude:amount_ratio_bucket=0_8_1_2;exclude:market_segment=star;exclude:amount_ratio_bucket=0_8_1_2;exclude:market_segment=star;exclude:prev_pct_chg_bucket=0_3&&market_segment=bj,profit_source_oos_resilient,fixed_t2_close,无,1.0,True,True,0_5pct_1pct,0.009019411219217,20_40,8_15,15_30,neutral,mixed,warming,1100_1330,10_15,1_2_2,0_3,879599.23,10.9235,1.03,0.0,1.0,130608,130608,该候选只用于模拟盘计划，不代表实盘可买入。,20250625,15.39,20250626,15.73,0.0184722677063026,True,20250624,20250625,15.39,16.24,15.38,16.24,14.76,10.0271,20250626,16.5,17.04,15.73,15.73,16.24,-3.1404,20250627,15.75,16.36,15.36,15.59,15.73,-0.89,20250630,15.72,16.07,15.38,15.99,15.59,2.5657,20250701,15.99,16.2,15.3,15.65,15.99,-2.1263,fixed_t2_close,True,,20250625,15.39,15.405389999999999,daily_open_plus_slippage_no_l2,True,,20250626,15.73,15.71427,fixed_close,daily_price_minus_slippage_no_l2,False,0,0.01843012531328343,0.014744100250626745,True,0.014744100250626745,conservative_daily_replay
20250625,1,PLAN_BUY_T1_OPEN,601162.SH,天风证券,sh_main,5.3,0.8,segment_emotion_state_bucket=warming;exclude:amount_ratio_bucket=0_8_1_2;exclude:market_segment=star;exclude:amount_ratio_bucket=0_8_1_2;exclude:market_segment=star;exclude:prev_pct_chg_bucket=0_3&&market_segment=bj,profit_source_oos_resilient,fixed_t2_close,无,1.0,True,True,0_5pct_1pct,0.0095993432017427,20_40,15_30,5_15,neutral,mixed,warming,1100_1330,10_15,3_5,3_7,4529019.077,12.024,5.95,0.0,1.0,132321,132321,该候选只用于模拟盘计划，不代表实盘可买入。,20250626,4.7,20250627,5.06,0.0729757446808509,True,20250625,20250626,4.7,4.95,4.59,4.69,4.5,4.2222,20250627,4.76,5.16,4.69,5.06,4.69,7.8891,20250630,4.9,5.04,4.82,4.93,5.06,-2.5692,20250701,4.91,5.05,4.76,4.8,4.93,-2.6369,20250702,4.77,4.82,4.63,4.66,4.8,-2.9167,fixed_t2_close,True,,20250626,4.7,4.7047,daily_open_plus_slippage_no_l2,True,,20250627,5.06,5.054939999999999,fixed_close,daily_price_minus_slippage_no_l2,False,0,0.07282470423193806,0.058259763385550445,True,0.058259763385550445,conservative_daily_replay
20250708,1,PLAN_BUY_T1_OPEN,600481.SH,双良节能,sh_main,3.8,0.8,segment_emotion_state_bucket=warming;exclude:amount_ratio_bucket=0_8_1_2;exclude:market_segment=star;exclude:amount_ratio_bucket=0_8_1_2;exclude:market_segment=star;exclude:prev_pct_chg_bucket=0_3&&market_segment=bj,profit_source_oos_resilient,fixed_t2_close,LOSS_OVERLAY_WATCH,1.0,True,True,0_5pct_1pct,0.0050579285737887,20_40,15_30,lt_5,neutral,mixed,warming,1100_1330,10_15,2_3,0_3,1265602.14,11.9185,1.73,3.0,1.0,130020,135008,该候选只用于模拟盘计划，不代表实盘可买入。,20250709,5.71,20250710,6.02,0.0506707180385288,True,20250708,20250709,5.71,6.17,5.66,5.79,5.87,-1.3629,20250710,5.79,6.15,5.76,6.02,5.79,3.9724,20250711,5.95,6.01,5.67,5.73,6.02,-4.8173,20250714,5.67,5.85,5.65,5.78,5.73,0.8726,20250715,5.69,5.69,5.44,5.49,5.78,-5.0173,fixed_t2_close,True,,20250709,5.71,5.71571,daily_open_plus_slippage_no_l2,True,,20250710,6.02,6.013979999999999,fixed_close,daily_price_minus_slippage_no_l2,False,0,0.050564243077412876,0.0404513944619303,True,0.0404513944619303,conservative_daily_replay
20250711,1,PLAN_BUY_T1_OPEN,600392.SH,XD盛和资,sh_main,5.3,0.8,segment_emotion_state_bucket=warming;exclude:amount_ratio_bucket=0_8_1_2;exclude:market_segment=star;exclude:amount_ratio_bucket=0_8_1_2;exclude:market_segment=star;exclude:prev_pct_chg_bucket=0_3&&market_segment=bj,profit_source_oos_resilient,fixed_t2_close,无,1.0,True,True,0_5pct_1pct,0.0050428063609008,20_40,15_30,5_15,neutral,mixed,warming,1100_1330,10_15,1_2_2,3_7,2758281.056,10.7107,2.78,0.0,1.0,110534,110534,该候选只用于模拟盘计划，不代表实盘可买入。,20250714,15.45,20250715,15.08,-0.0275682200647248,False,20250711,20250714,15.45,15.93,14.87,14.9,14.99,-0.6004,20250715,15.22,15.66,14.9,15.08,14.9,1.2081,20250716,15.75,16.31,15.62,15.79,15.08,4.7082,20250717,15.5,16.31,15.3,16.1,15.79,1.9633,20250718,16.0,17.46,15.91,17.03,16.1,5.7764,fixed_t2_close,True,,20250714,15.45,15.465449999999997,daily_open_plus_slippage_no_l2,True,,20250715,15.08,15.06492,fixed_close,daily_price_minus_slippage_no_l2,False,0,-0.02751837347118873,-0.022014698776950985,False,-0.022014698776950985,conservative_daily_replay
20250717,1,PLAN_BUY_T1_OPEN,603308.SH,应流股份,sh_main,1.8,0.8,segment_emotion_state_bucket=warming;exclude:amount_ratio_bucket=0_8_1_2;exclude:market_segment=star;exclude:amount_ratio_bucket=0_8_1_2;exclude:market_segment=star;exclude:prev_pct_chg_bucket=0_3&&market_segment=bj,profit_source_oos_resilient,fixed_t2_close,无,1.0,True,True,0_3pct_0_5pct,0.0035734429314725,20_40,15_30,lt_5,warming_2day,warming,warming,1100_1330,3_6,3_5,0_3,601770.71,3.3039,2.22,0.0,1.0,131330,131330,该候选只用于模拟盘计划，不代表实盘可买入。,20250718,28.14,20250721,28.47,0.008107078891258,True,20250717,20250718,28.14,29.5,27.51,28.54,27.59,3.4433,20250721,28.39,28.78,27.24,28.47,28.54,-0.2453,20250722,28.16,28.41,27.18,27.3,28.47,-4.1096,20250723,27.16,27.34,26.22,26.78,27.3,-1.9048,20250724,27.2,28.03,27.05,27.16,26.78,1.419,fixed_t2_close,True,,20250718,28.14,28.168139999999998,daily_open_plus_slippage_no_l2,True,,20250721,28.47,28.44153,fixed_close,daily_price_minus_slippage_no_l2,False,0,0.008085646166200621,0.006468516932960498,True,0.006468516932960498,conservative_daily_replay
20250722,1,PLAN_BUY_T1_OPEN,920706.BJ,铁拓机械,bj,2.8,0.8,segment_emotion_state_bucket=warming;exclude:amount_ratio_bucket=0_8_1_2;exclude:market_segment=star;exclude:amount_ratio_bucket=0_8_1_2;exclude:market_segment=star;exclude:prev_pct_chg_bucket=0_3&&market_segment=bj,profit_source_oos_resilient,fixed_t2_close,封单/流通市值偏高,1.0,True,True,2pct_5pct,0.0265206371141433,5_10,gte_30,lt_5,neutral,main_rise,warming,1100_1330,gte_25,1_2_2,gte_10,621024.131,49.6587,4.4,3.0,2.0,130127,142124,该候选只用于模拟盘计划，不代表实盘可买入。,20250723,32.3,20250724,28.84,-0.1107407430340556,False,20250722,20250723,32.3,33.99,26.52,26.82,31.21,-14.066,20250724,25.33,29.49,25.25,28.84,26.82,7.5317,20250725,28.28,35.98,27.73,30.45,28.84,5.5825,20250728,31.33,34.45,30.02,32.29,30.45,6.0427,20250729,29.66,33.45,28.28,30.81,32.29,-4.5835,fixed_t2_close,True,,20250723,32.3,32.3323,daily_open_plus_slippage_no_l2,True,,20250724,28.84,28.81116,fixed_close,daily_price_minus_slippage_no_l2,False,0,-0.1105247175734481,-0.08841977405875849,False,-0.08841977405875849,conservative_daily_replay
20250804,1,PLAN_BUY_T1_OPEN,002558.SZ,巨人网络,sz_main,5.3,0.8,segment_emotion_state_bucket=warming;exclude:amount_ratio_bucket=0_8_1_2;exclude:market_segment=star;exclude:amount_ratio_bucket=0_8_1_2;exclude:market_segment=star;exclude:prev_pct_chg_bucket=0_3&&market_segment=bj,profit_source_oos_resilient,fixed_t2_close,无,1.0,True,True,0_1pct_0_3pct,0.0015472805542525,10_20,8_15,5_15,neutral,mixed,warming,1100_1330,3_6,2_3,0_3,2265181.567,4.5197,2.16,1.0,1.0,112112,133451,该候选只用于模拟盘计划，不代表实盘可买入。,20250805,27.02,20250806,28.03,0.0337597187268689,True,20250804,20250805,27.02,28.1,26.83,27.85,26.53,4.9755,20250806,27.67,28.2,27.19,28.03,27.85,0.6463,20250807,27.69,28.84,27.6,28.59,28.03,1.9979,20250808,28.66,30.5,28.47,29.81,28.59,4.2672,20250811,29.33,29.94,28.64,28.83,29.81,-3.2875,fixed_t2_close,True,,20250805,27.02,27.047019999999996,daily_open_plus_slippage_no_l2,True,,20250806,28.03,28.00197,fixed_close,daily_price_minus_slippage_no_l2,False,0,0.03368703197616614,0.026949625580932914,True,0.026949625580932914,conservative_daily_replay
20250805,1,PLAN_BUY_T1_OPEN,600698.SH,湖南天雁,sh_main,3.8,0.8,segment_emotion_state_bucket=warming;exclude:amount_ratio_bucket=0_8_1_2;exclude:market_segment=star;exclude:amount_ratio_bucket=0_8_1_2;exclude:market_segment=star;exclude:prev_pct_chg_bucket=0_3&&market_segment=bj,profit_source_oos_resilient,fixed_t2_close,封单/流通市值偏高,1.0,True,True,1pct_2pct,0.010946908808838,20_40,8_15,lt_5,neutral,mixed,warming,1100_1330,15_25,1_2_2,3_7,1694343.389,17.8922,1.52,0.0,1.0,130724,130724,该候选只用于模拟盘计划，不代表实盘可买入。,20250806,12.4,20250807,13.43,0.0794445161290322,True,20250805,20250806,12.4,13.08,12.08,13.08,11.89,10.0084,20250807,14.39,14.39,13.3,13.43,13.08,2.6758,20250808,12.96,13.67,12.75,12.75,13.43,-5.0633,20250811,12.98,13.69,12.89,13.41,12.75,5.1765,20250812,13.42,13.88,12.81,12.89,13.41,-3.8777,fixed_t2_close,True,,20250806,12.4,12.4124,daily_open_plus_slippage_no_l2,True,,20250807,13.43,13.41657,fixed_close,daily_price_minus_slippage_no_l2,False,0,0.07928055106184147,0.06342444084947317,True,0.06342444084947317,conservative_daily_replay
20250806,1,PLAN_BUY_T1_OPEN,600203.SH,福日电子,sh_main,5.3,0.8,segment_emotion_state_bucket=warming;exclude:amount_ratio_bucket=0_8_1_2;exclude:market_segment=star;exclude:amount_ratio_bucket=0_8_1_2;exclude:market_segment=star;exclude:prev_pct_chg_bucket=0_3&&market_segment=bj,profit_source_oos_resilient,fixed_t2_close,封单/流通市值偏高,1.0,True,True,1pct_2pct,0.0142492913902937,20_40,8_15,5_15,neutral,mixed,warming,1100_1330,gte_25,2_3,7_10,2976992.12,37.5262,2.74,0.0,3.0,132040,132040,该候选只用于模拟盘计划，不代表实盘可买入。,20250807,15.2,20250808,15.31,0.0036168421052633,True,20250806,20250807,15.2,15.61,15.2,15.61,14.19,10.007,20250808,15.61,16.28,14.63,15.31,15.61,-1.9218,20250811,15.99,16.69,15.21,15.76,15.31,2.9393,20250812,15.12,17.34,15.11,17.34,15.76,10.0254,20250813,17.54,19.07,16.86,19.07,17.34,9.9769,fixed_t2_close,True,,20250807,15.2,15.215199999999998,daily_open_plus_slippage_no_l2,True,,20250808,15.31,15.294690000000001,fixed_close,daily_price_minus_slippage_no_l2,False,0,0.0036043808822758365,0.0028835047058206695,True,0.0028835047058206695,conservative_daily_replay
20250807,1,PLAN_BUY_T1_OPEN,002611.SZ,东方精工,sz_main,5.3,0.8,segment_emotion_state_bucket=warming;exclude:amount_ratio_bucket=0_8_1_2;exclude:market_segment=star;exclude:amount_ratio_bucket=0_8_1_2;exclude:market_segment=star;exclude:prev_pct_chg_bucket=0_3&&market_segment=bj,profit_source_oos_resilient,fixed_t2_close,无,1.0,True,True,0_5pct_1pct,0.0054777933919894,20_40,8_15,5_15,neutral,mixed,warming,1100_1330,gte_25,1_2_2,7_10,5494306.323,32.9528,3.03,6.0,2.0,131436,141924,该候选只用于模拟盘计划，不代表实盘可买入。,20250808,17.2,20250811,16.81,-0.0262944186046512,False,20250807,20250808,17.2,18.35,16.85,16.91,17.2,-1.686,20250811,17.0,17.38,16.58,16.81,16.91,-0.5914,20250812,16.82,17.55,16.82,17.25,16.81,2.6175,20250813,17.25,18.98,17.1,18.98,17.25,10.029,20250814,19.4,20.62,18.91,19.22,18.98,1.2645,fixed_t2_close,True,,20250808,17.2,17.2172,daily_open_plus_slippage_no_l2,True,,20250811,16.81,16.79319,fixed_close,daily_price_minus_slippage_no_l2,False,0,-0.026247117068977466,-0.020997693655181976,False,-0.020997693655181976,conservative_daily_replay
20250811,1,PLAN_BUY_T1_OPEN,603716.SH,塞力医疗,sh_main,1.8,0.8,segment_emotion_state_bucket=warming;exclude:amount_ratio_bucket=0_8_1_2;exclude:market_segment=star;exclude:amount_ratio_bucket=0_8_1_2;exclude:market_segment=star;exclude:prev_pct_chg_bucket=0_3&&market_segment=bj,profit_source_oos_resilient,fixed_t2_close,封单/流通市值偏高,1.0,True,True,1pct_2pct,0.0187917764972347,20_40,15_30,lt_5,warming_2day,warming,warming,1100_1330,gte_25,1_2_2,0_3,1528201.732,27.1285,1.28,0.0,1.0,130933,130933,该候选只用于模拟盘计划，不代表实盘可买入。,20250812,31.3,20250813,31.09,-0.0103292651757189,False,20250811,20250812,31.3,31.3,28.88,29.18,30.36,-3.8867,20250813,29.04,31.31,28.59,31.09,29.18,6.5456,20250814,30.35,30.98,29.5,29.5,31.09,-5.1142,20250815,28.8,29.0,27.85,28.41,29.5,-3.6949,20250818,28.38,30.51,27.8,29.87,28.41,5.139,fixed_t2_close,True,,20250812,31.3,31.3313,daily_open_plus_slippage_no_l2,True,,20250813,31.09,31.05891,fixed_close,daily_price_minus_slippage_no_l2,False,0,-0.010313862048494538,-0.00825108963879563,False,-0.00825108963879563,conservative_daily_replay
20250818,1,PLAN_BUY_T1_OPEN,002879.SZ,长缆科技,sz_main,0.8,0.8,segment_emotion_state_bucket=warming;exclude:amount_ratio_bucket=0_8_1_2;exclude:market_segment=star;exclude:amount_ratio_bucket=0_8_1_2;exclude:market_segment=star;exclude:prev_pct_chg_bucket=0_3&&market_segment=bj,profit_source_oos_resilient,fixed_t2_close,无,1.0,True,True,0_1pct_0_3pct,0.0021993846356777,40_80,15_30,lt_5,warming_2day,warming,warming,1100_1330,gte_25,1_2_2,gte_10,921532.101,33.3802,2.73,15.0,2.0,131245,145412,该候选只用于模拟盘计划，不代表实盘可买入。,20250819,20.63,20250820,19.16,-0.0748754532234609,False,20250818,20250819,20.63,20.96,19.49,19.99,21.13,-5.3952,20250820,19.6,19.7,18.71,19.16,19.99,-4.1521,20250821,19.18,19.2,18.46,18.55,19.16,-3.1837,20250822,18.55,18.58,18.25,18.49,18.55,-0.3235,20250825,18.46,19.45,18.35,19.43,18.49,5.0838,fixed_t2_close,True,,20250819,20.63,20.650629999999996,daily_open_plus_slippage_no_l2,True,,20250820,19.16,19.14084,fixed_close,daily_price_minus_slippage_no_l2,False,0,-0.0747310866835537,-0.05978486934684296,False,-0.05978486934684296,conservative_daily_replay
20250825,1,PLAN_BUY_T1_OPEN,600345.SH,长江通信,sh_main,1.8,0.8,segment_emotion_state_bucket=warming;exclude:amount_ratio_bucket=0_8_1_2;exclude:market_segment=star;exclude:amount_ratio_bucket=0_8_1_2;exclude:market_segment=star;exclude:prev_pct_chg_bucket=0_3&&market_segment=bj,profit_source_oos_resilient,fixed_t2_close,封单/流通市值偏高,1.0,True,True,1pct_2pct,0.0174796903299828,20_40,8_15,lt_5,warming_2day,warming,warming,1100_1330,10_15,3_5,0_3,670255.855,11.0189,3.11,0.0,1.0,132515,132515,该候选只用于模拟盘计划，不代表实盘可买入。,20250826,31.6,20250827,29.35,-0.0748225316455696,False,20250825,20250826,31.6,32.63,30.69,30.91,29.66,4.2144,20250827,30.88,31.19,29.31,29.35,30.91,-5.0469,20250828,30.2,31.4,29.75,31.0,29.35,5.6218,20250829,30.74,32.68,30.15,32.42,31.0,4.5806,20250901,31.51,31.68,30.15,30.55,32.42,-5.768,fixed_t2_close,True,,20250826,31.6,31.6316,daily_open_plus_slippage_no_l2,True,,20250827,29.35,29.32065,fixed_close,daily_price_minus_slippage_no_l2,False,0,-0.07467827084308092,-0.05974261667446473,False,-0.05974261667446473,conservative_daily_replay
20250829,1,PLAN_BUY_T1_OPEN,603595.SH,东尼电子,sh_main,3.3,0.8,segment_emotion_state_bucket=warming;exclude:amount_ratio_bucket=0_8_1_2;exclude:market_segment=star;exclude:amount_ratio_bucket=0_8_1_2;exclude:market_segment=star;exclude:prev_pct_chg_bucket=0_3&&market_segment=bj,profit_source_oos_resilient,fixed_t2_close,封单/流通市值偏高,1.0,True,True,1pct_2pct,0.0186293264977444,20_40,8_15,5_15,warming_2day,warming,warming,1100_1330,10_15,1_2_2,neg3_0,581012.493,11.1622,1.67,0.0,1.0,132159,132159,该候选只用于模拟盘计划，不代表实盘可买入。,20250901,23.9,20250902,23.3,-0.0287246025104602,False,20250829,20250901,23.9,25.69,22.72,24.36,23.35,4.3255,20250902,23.41,24.35,23.0,23.3,24.36,-4.3514,20250903,23.03,24.87,22.82,23.62,23.3,1.3734,20250904,23.06,25.98,23.06,25.98,23.62,9.9915,20250905,25.1,28.28,24.28,26.85,25.98,3.3487,fixed_t2_close,True,,20250901,23.9,23.923899999999996,daily_open_plus_slippage_no_l2,True,,20250902,23.3,23.2767,fixed_close,daily_price_minus_slippage_no_l2,False,0,-0.028672445462487085,-0.02293795636998967,False,-0.02293795636998967,conservative_daily_replay
20250901,1,PLAN_BUY_T1_OPEN,600833.SH,第一医药,sh_main,0.8,0.8,segment_emotion_state_bucket=warming;exclude:amount_ratio_bucket=0_8_1_2;exclude:market_segment=star;exclude:amount_ratio_bucket=0_8_1_2;exclude:market_segment=star;exclude:prev_pct_chg_bucket=0_3&&market_segment=bj,profit_source_oos_resilient,fixed_t2_close,封单/流通市值偏高,1.0,True,True,1pct_2pct,0.0164912106772914,40_80,8_15,lt_5,warming_2day,warming,warming,1100_1330,10_15,2_3,0_3,344263.749,10.8932,2.73,0.0,1.0,112240,112240,该候选只用于模拟盘计划，不代表实盘可买入。,20250902,15.31,20250903,14.39,-0.0637114435009797,False,20250901,20250902,15.31,16.05,14.84,15.13,14.59,3.7012,20250903,14.56,15.2,14.33,14.39,15.13,-4.8909,20250904,14.47,14.54,13.97,14.19,14.39,-1.3899,20250905,14.25,14.29,13.82,14.13,14.19,-0.4228,20250908,14.13,14.5,14.01,14.13,14.13,0.0,fixed_t2_close,True,,20250902,15.31,15.325309999999998,daily_open_plus_slippage_no_l2,True,,20250903,14.39,14.37561,fixed_close,daily_price_minus_slippage_no_l2,False,0,-0.0635893826748039,-0.05087150613984312,False,-0.05087150613984312,conservative_daily_replay
20250905,1,PLAN_BUY_T1_OPEN,600021.SH,上海电力,sh_main,0.8,0.8,segment_emotion_state_bucket=warming;exclude:amount_ratio_bucket=0_8_1_2;exclude:market_segment=star;exclude:amount_ratio_bucket=0_8_1_2;exclude:market_segment=star;exclude:prev_pct_chg_bucket=0_3&&market_segment=bj,profit_source_oos_resilient,fixed_t2_close,无,1.0,True,True,0_1pct_0_3pct,0.0028656388276399,20_40,3_8,lt_5,warming_2day,warming,warming,1100_1330,3_6,lt_0_8,neg3_0,3058770.32,5.5786,0.92,0.0,1.0,110801,110801,该候选只用于模拟盘计划，不代表实盘可买入。,20250908,22.0,20250909,23.1,0.04638,True,20250905,20250908,22.0,22.85,21.3,22.23,20.77,7.0294,20250909,22.01,24.1,21.6,23.1,22.23,3.9136,20250910,20.79,21.78,20.79,20.79,23.1,-10.0,20250911,19.71,22.77,19.39,22.01,20.79,5.8682,20250912,22.01,22.7,21.8,22.2,22.01,0.8632,fixed_t2_close,True,,20250908,22.0,22.022,daily_open_plus_slippage_no_l2,True,,20250909,23.1,23.076900000000002,fixed_close,daily_price_minus_slippage_no_l2,False,0,0.0462820979020981,0.03702567832167848,True,0.03702567832167848,conservative_daily_replay
20250911,1,PLAN_BUY_T1_OPEN,002548.SZ,金新农,sz_main,2.8,0.8,segment_emotion_state_bucket=warming;exclude:amount_ratio_bucket=0_8_1_2;exclude:market_segment=star;exclude:amount_ratio_bucket=0_8_1_2;exclude:market_segment=star;exclude:prev_pct_chg_bucket=0_3&&market_segment=bj,profit_source_oos_resilient,fixed_t2_close,封单/流通市值偏高,1.0,True,True,1pct_2pct,0.0178874726609047,20_40,8_15,lt_5,neutral,main_rise,warming,1100_1330,10_15,3_5,0_3,438713.009,11.3873,3.43,0.0,1.0,132812,132812,该候选只用于模拟盘计划，不代表实盘可买入。,20250912,5.09,20250915,5.27,0.0317434577603143,True,20250911,20250912,5.09,5.45,5.06,5.1,4.95,3.0303,20250915,5.21,5.39,5.03,5.27,5.1,3.3333,20250916,5.22,5.35,5.04,5.1,5.27,-3.2258,20250917,5.03,5.04,4.83,4.92,5.1,-3.5294,20250918,4.9,5.19,4.86,5.01,4.92,1.8293,fixed_t2_close,True,,20250912,5.09,5.095089999999999,daily_open_plus_slippage_no_l2,True,,20250915,5.27,5.264729999999999,fixed_close,daily_price_minus_slippage_no_l2,False,0,0.031674799503051035,0.02533983960244083,True,0.02533983960244083,conservative_daily_replay
20250922,1,PLAN_BUY_T1_OPEN,002006.SZ,精工科技,sz_main,5.3,0.8,segment_emotion_state_bucket=warming;exclude:amount_ratio_bucket=0_8_1_2;exclude:market_segment=star;exclude:amount_ratio_bucket=0_8_1_2;exclude:market_segment=star;exclude:prev_pct_chg_bucket=0_3&&market_segment=bj,profit_source_oos_resilient,fixed_t2_close,无,1.0,True,True,0_5pct_1pct,0.0062083507461422,20_40,8_15,5_15,neutral,mixed,warming,1100_1330,10_15,2_3,neg3_0,1469918.539,12.9042,1.32,1.0,1.0,130730,145345,该候选只用于模拟盘计划，不代表实盘可买入。,20250923,22.56,20250924,22.25,-0.0173611347517729,False,20250922,20250923,22.56,23.23,21.65,22.11,22.52,-1.8206,20250924,22.32,22.45,21.74,22.25,22.11,0.6332,20250925,22.25,22.96,22.0,22.58,22.25,1.4831,20250926,22.49,22.49,21.88,21.95,22.58,-2.7901,20250929,21.82,22.03,21.49,21.78,21.95,-0.7745,fixed_t2_close,True,,20250923,22.56,22.582559999999997,daily_open_plus_slippage_no_l2,True,,20250924,22.25,22.22775,fixed_close,daily_price_minus_slippage_no_l2,False,0,-0.017331681935086097,-0.013865345548068878,False,-0.013865345548068878,conservative_daily_replay
20250923,1,PLAN_BUY_T1_OPEN,603618.SH,杭电股份,sh_main,4.3,0.8,segment_emotion_state_bucket=warming;exclude:amount_ratio_bucket=0_8_1_2;exclude:market_segment=star;exclude:amount_ratio_bucket=0_8_1_2;exclude:market_segment=star;exclude:prev_pct_chg_bucket=0_3&&market_segment=bj,profit_source_oos_resilient,fixed_t2_close,无,1.0,True,True,0_1pct_0_3pct,0.0010988946678362,20_40,15_30,5_15,neutral,mixed,warming,1100_1330,gte_25,1_2_2,7_10,2404976.747,29.4775,2.15,11.0,6.0,112134,150000,该候选只用于模拟盘计划，不代表实盘可买入。,20250924,11.5,20250925,9.91,-0.1418808695652173,False,20250923,20250924,11.5,11.57,11.01,11.01,12.23,-9.9755,20250925,10.0,10.72,9.91,9.91,11.01,-9.9909,20250926,9.41,9.5,8.92,8.92,9.91,-9.9899,20250929,8.86,9.17,8.74,8.9,8.92,-0.2242,20250930,9.05,9.68,8.88,9.5,8.9,6.7416,fixed_t2_close,True,,20250924,11.5,11.511499999999998,daily_open_plus_slippage_no_l2,True,,20250929,8.9,8.8911,fixed_close,daily_price_minus_slippage_no_l2,False,2,-0.22925323632888844,-0.18340258906311077,False,-0.18340258906311077,conservative_daily_replay
20250924,1,PLAN_BUY_T1_OPEN,600857.SH,宁波中百,sh_main,5.3,0.8,segment_emotion_state_bucket=warming;exclude:amount_ratio_bucket=0_8_1_2;exclude:market_segment=star;exclude:amount_ratio_bucket=0_8_1_2;exclude:market_segment=star;exclude:prev_pct_chg_bucket=0_3&&market_segment=bj,profit_source_oos_resilient,fixed_t2_close,无,1.0,True,True,lt_0_1pct,0.0002643142542498,20_40,8_15,5_15,neutral,mixed,warming,1100_1330,10_15,1_2_2,3_7,450217.131,12.266,3.4,16.0,1.0,131821,140803,该候选只用于模拟盘计划，不代表实盘可买入。,20250925,16.22,20250926,16.71,0.026589617755857,True,20250924,20250925,16.22,17.88,16.21,16.94,16.91,0.1774,20250926,17.03,17.15,16.35,16.71,16.94,-1.3577,20250929,16.75,17.06,16.23,16.89,16.71,1.0772,20250930,17.04,17.55,16.46,17.36,16.89,2.7827,20251009,17.63,17.66,16.5,17.0,17.36,-2.0737,fixed_t2_close,True,,20250925,16.22,16.236219999999996,daily_open_plus_slippage_no_l2,True,,20250926,16.71,16.69329,fixed_close,daily_price_minus_slippage_no_l2,False,0,0.02653125688122011,0.02122500550497609,True,0.02122500550497609,conservative_daily_replay
20250929,1,PLAN_BUY_T1_OPEN,002850.SZ,科达利,sz_main,1.8,0.8,segment_emotion_state_bucket=warming;exclude:amount_ratio_bucket=0_8_1_2;exclude:market_segment=star;exclude:amount_ratio_bucket=0_8_1_2;exclude:market_segment=star;exclude:prev_pct_chg_bucket=0_3&&market_segment=bj,profit_source_oos_resilient,fixed_t2_close,无,1.0,True,True,0_1pct_0_3pct,0.0024830102026977,20_40,3_8,lt_5,warming_2day,warming,warming,1100_1330,3_6,1_2_2,lt_neg3,1742281.874,4.8012,1.26,1.0,1.0,130818,135600,该候选只用于模拟盘计划，不代表实盘可买入。,20250930,194.99,20251009,192.2,-0.017928426073132,False,20250929,20250930,194.99,198.0,191.88,195.7,189.06,3.5121,20251009,197.7,198.64,188.26,192.2,195.7,-1.7885,20251010,190.0,196.66,181.29,183.26,192.2,-4.6514,20251013,164.93,179.94,164.93,174.01,183.26,-5.0475,20251014,176.1,176.5,160.0,161.01,174.01,-7.4708,fixed_t2_close,True,,20250930,194.99,195.18499,daily_open_plus_slippage_no_l2,True,,20251009,192.2,192.00779999999997,fixed_close,daily_price_minus_slippage_no_l2,False,0,-0.017897839807251726,-0.01431827184580138,False,-0.01431827184580138,conservative_daily_replay
20251009,1,PLAN_BUY_T1_OPEN,601168.SH,西部矿业,sh_main,2.8,0.8,segment_emotion_state_bucket=warming;exclude:amount_ratio_bucket=0_8_1_2;exclude:market_segment=star;exclude:amount_ratio_bucket=0_8_1_2;exclude:market_segment=star;exclude:prev_pct_chg_bucket=0_3&&market_segment=bj,profit_source_oos_resilient,fixed_t2_close,无,1.0,True,True,0_1pct_0_3pct,0.0018077016261882,20_40,8_15,15_30,neutral,main_rise,warming,1100_1330,3_6,1_2_2,0_3,2393963.901,4.23,1.41,19.0,1.0,111956,135826,该候选只用于模拟盘计划，不代表实盘可买入。,20251010,24.15,20251013,23.44,-0.0330195859213249,False,20251009,20251010,24.15,25.15,23.65,23.87,24.2,-1.3636,20251013,22.45,23.62,22.45,23.44,23.87,-1.8014,20251014,24.2,24.29,22.33,22.55,23.44,-3.7969,20251015,22.64,23.26,22.51,23.2,22.55,2.8825,20251016,23.0,23.32,22.71,22.87,23.2,-1.4224,fixed_t2_close,True,,20251010,24.15,24.174149999999997,daily_open_plus_slippage_no_l2,True,,20251013,23.44,23.41656,fixed_close,daily_price_minus_slippage_no_l2,False,0,-0.03295884748791571,-0.02636707799033257,False,-0.02636707799033257,conservative_daily_replay
20251113,1,PLAN_BUY_T1_OPEN,002780.SZ,三夫户外,sz_main,2.8,0.8,segment_emotion_state_bucket=warming;exclude:amount_ratio_bucket=0_8_1_2;exclude:market_segment=star;exclude:amount_ratio_bucket=0_8_1_2;exclude:market_segment=star;exclude:prev_pct_chg_bucket=0_3&&market_segment=bj,profit_source_oos_resilient,fixed_t2_close,封单/流通市值偏高,1.0,True,True,1pct_2pct,0.0123946889638994,40_80,15_30,lt_5,neutral,main_rise,warming,1100_1330,15_25,1_2_2,neg3_0,477632.992,21.9992,2.83,1.0,1.0,131757,131836,该候选只用于模拟盘计划，不代表实盘可买入。,20251114,18.29,20251117,17.28,-0.0588414324767631,False,20251113,20251114,18.29,19.2,17.64,19.2,17.45,10.0287,20251117,17.88,18.18,17.28,17.28,19.2,-10.0,20251118,16.58,16.74,15.56,15.6,17.28,-9.7222,20251119,15.58,16.19,15.35,15.74,15.6,0.8974,20251120,15.45,15.64,15.0,15.02,15.74,-4.5743,fixed_t2_close,True,,20251114,18.29,18.308289999999996,daily_open_plus_slippage_no_l2,True,,20251118,15.6,15.5844,fixed_close,daily_price_minus_slippage_no_l2,False,1,-0.15039905036461604,-0.12031924029169283,False,-0.12031924029169283,conservative_daily_replay
20251201,1,PLAN_BUY_T1_OPEN,000078.SZ,海王生物,sz_main,3.8,0.8,segment_emotion_state_bucket=warming;exclude:amount_ratio_bucket=0_8_1_2;exclude:market_segment=star;exclude:amount_ratio_bucket=0_8_1_2;exclude:market_segment=star;exclude:prev_pct_chg_bucket=0_3&&market_segment=bj,profit_source_oos_resilient,fixed_t2_close,无,1.0,True,True,0_3pct_0_5pct,0.0039746205620082,40_80,15_30,lt_5,neutral,mixed,warming,1100_1330,15_25,1_2_2,gte_10,1898650.376,20.3422,2.74,5.0,4.0,131709,134118,该候选只用于模拟盘计划，不代表实盘可买入。,20251202,3.8,20251203,4.52,0.1858536842105262,True,20251201,20251202,3.8,4.11,3.8,4.11,3.74,9.893,20251203,4.2,4.52,4.18,4.52,4.11,9.9757,20251204,4.97,4.97,4.54,4.81,4.52,6.4159,20251205,4.82,5.29,4.82,5.29,4.81,9.9792,20251208,5.64,5.7,4.9,5.14,5.29,-2.8355,fixed_t2_close,True,,20251202,3.8,3.8037999999999994,daily_open_plus_slippage_no_l2,True,,20251203,4.52,4.515479999999999,fixed_close,daily_price_minus_slippage_no_l2,False,0,0.1854771134129029,0.14838169073032234,True,0.14838169073032234,conservative_daily_replay
20251208,1,PLAN_BUY_T1_OPEN,000571.SZ,新大洲A,sz_main,1.8,0.8,segment_emotion_state_bucket=warming;exclude:amount_ratio_bucket=0_8_1_2;exclude:market_segment=star;exclude:amount_ratio_bucket=0_8_1_2;exclude:market_segment=star;exclude:prev_pct_chg_bucket=0_3&&market_segment=bj,profit_source_oos_resilient,fixed_t2_close,无,1.0,True,True,0_5pct_1pct,0.0073743926800943,20_40,15_30,lt_5,warming_2day,warming,warming,1100_1330,10_15,1_2_2,0_3,706294.73,12.9008,1.32,5.0,1.0,130215,131148,该候选只用于模拟盘计划，不代表实盘可买入。,20251209,6.31,20251210,6.58,0.0391692234548337,True,20251208,20251209,6.31,6.45,6.31,6.31,7.01,-9.9857,20251210,6.05,6.82,6.02,6.58,6.31,4.2789,20251211,6.36,6.58,5.96,6.35,6.58,-3.4954,20251212,6.33,6.91,6.25,6.56,6.35,3.3071,20251215,6.41,6.54,6.17,6.19,6.56,-5.6402,fixed_t2_close,True,,20251209,6.31,6.316309999999999,daily_open_plus_slippage_no_l2,True,,20251210,6.58,6.5734200000000005,fixed_close,daily_price_minus_slippage_no_l2,False,0,0.03908572850287624,0.03126858280230099,True,0.03126858280230099,conservative_daily_replay
20251218,1,PLAN_BUY_T1_OPEN,002865.SZ,钧达股份,sz_main,3.3,0.8,segment_emotion_state_bucket=warming;exclude:amount_ratio_bucket=0_8_1_2;exclude:market_segment=star;exclude:amount_ratio_bucket=0_8_1_2;exclude:market_segment=star;exclude:prev_pct_chg_bucket=0_3&&market_segment=bj,profit_source_oos_resilient,fixed_t2_close,封单/流通市值偏高,1.0,True,True,1pct_2pct,0.0109502248449607,20_40,15_30,5_15,warming_2day,warming,warming,1100_1330,15_25,1_2_2,gte_10,1663260.726,16.0971,1.64,0.0,2.0,130630,130630,该候选只用于模拟盘计划，不代表实盘可买入。,20251219,46.4,20251222,49.5,0.0631903448275863,True,20251218,20251219,46.4,49.0,46.4,48.05,47.64,0.8606,20251222,47.5,51.88,47.31,49.5,48.05,3.0177,20251223,49.51,50.0,44.55,44.55,49.5,-10.0,20251224,42.78,49.01,42.5,49.01,44.55,10.0112,20251225,49.49,51.79,49.39,49.88,49.01,1.7751,fixed_t2_close,True,,20251219,46.4,46.44639999999999,daily_open_plus_slippage_no_l2,True,,20251222,49.5,49.4505,fixed_close,daily_price_minus_slippage_no_l2,False,0,0.06305885562713161,0.05044708450170529,True,0.05044708450170529,conservative_daily_replay
20251222,1,PLAN_BUY_T1_OPEN,000407.SZ,胜利股份,sz_main,3.3,0.8,segment_emotion_state_bucket=warming;exclude:amount_ratio_bucket=0_8_1_2;exclude:market_segment=star;exclude:amount_ratio_bucket=0_8_1_2;exclude:market_segment=star;exclude:prev_pct_chg_bucket=0_3&&market_segment=bj,profit_source_oos_resilient,fixed_t2_close,封单/流通市值偏高,1.0,True,True,1pct_2pct,0.0141508696923952,40_80,15_30,5_15,warming_2day,warming,warming,1100_1330,10_15,2_3,0_3,593891.013,13.9983,2.57,0.0,1.0,130315,130315,该候选只用于模拟盘计划，不代表实盘可买入。,20251223,5.08,20251224,5.07,-0.0055885039370078,False,20251222,20251223,5.08,5.08,4.79,4.83,5.09,-5.1081,20251224,4.82,5.25,4.79,5.07,4.83,4.9689,20251225,5.01,5.22,4.95,5.01,5.07,-1.1834,20251226,5.0,5.5,4.92,5.21,5.01,3.992,20251229,5.21,5.49,5.1,5.34,5.21,2.4952,fixed_t2_close,True,,20251223,5.08,5.08508,daily_open_plus_slippage_no_l2,True,,20251224,5.07,5.06493,fixed_close,daily_price_minus_slippage_no_l2,False,0,-0.005582572860210511,-0.0044660582881684095,False,-0.0044660582881684095,conservative_daily_replay
20251225,1,PLAN_BUY_T1_OPEN,001400.SZ,江顺科技,sz_main,1.0,0.8,segment_emotion_state_bucket=warming;exclude:amount_ratio_bucket=0_8_1_2;exclude:market_segment=star;exclude:amount_ratio_bucket=0_8_1_2;exclude:market_segment=star;exclude:prev_pct_chg_bucket=0_3&&market_segment=bj,profit_source_oos_resilient,fixed_t2_close,封单/流通市值偏高,1.0,True,True,1pct_2pct,0.01404,40_80,15_30,lt_5,warming_2day,warming,warming,1000_1100,gte_25,3_5,0_3,354352.713,32.4903,5.05,1.0,1.0,105251,140915,该候选只用于模拟盘计划，不代表实盘可买入。,20251226,73.82,20251229,76.32,0.0302461609319967,True,20251225,20251226,73.82,80.0,73.6,76.62,74.56,2.7629,20251229,76.61,77.31,73.69,76.32,76.62,-0.3915,20251230,75.51,76.88,71.06,74.54,76.32,-2.3323,20251231,73.22,78.45,71.52,77.76,74.54,4.3198,20260105,81.76,83.62,76.41,77.58,77.76,-0.2315,fixed_t2_close,True,,20251226,73.82,73.89381999999999,daily_open_plus_slippage_no_l2,True,,20251229,76.32,76.24368,fixed_close,daily_price_minus_slippage_no_l2,False,0,0.030180494276787994,0.024144395421430397,True,0.024144395421430397,conservative_daily_replay
20251226,1,PLAN_BUY_T1_OPEN,002326.SZ,永太科技,sz_main,0.8,0.8,segment_emotion_state_bucket=warming;exclude:amount_ratio_bucket=0_8_1_2;exclude:market_segment=star;exclude:amount_ratio_bucket=0_8_1_2;exclude:market_segment=star;exclude:prev_pct_chg_bucket=0_3&&market_segment=bj,profit_source_oos_resilient,fixed_t2_close,LOSS_OVERLAY_WATCH,1.0,True,True,0_1pct_0_3pct,0.0010230102565571,40_80,15_30,lt_5,warming_2day,warming,warming,1100_1330,15_25,2_3,neg3_0,3948585.722,18.5718,1.79,2.0,1.0,110930,145006,该候选只用于模拟盘计划，不代表实盘可买入。,20251229,26.62,20251230,25.6,-0.0419370548459804,False,20251226,20251229,26.62,26.69,24.8,25.16,27.06,-7.0214,20251230,24.81,26.75,24.21,25.6,25.16,1.7488,20251231,25.51,25.78,24.86,24.92,25.6,-2.6563,20260105,25.39,26.16,24.66,26.08,24.92,4.6549,20260106,26.6,26.79,25.8,25.91,26.08,-0.6518,fixed_t2_close,True,,20251229,26.62,26.64662,daily_open_plus_slippage_no_l2,True,,20251230,25.6,25.5744,fixed_close,daily_price_minus_slippage_no_l2,False,0,-0.04185849929184253,-0.033486799433474025,False,-0.033486799433474025,conservative_daily_replay
20260106,1,PLAN_BUY_T1_OPEN,002865.SZ,钧达股份,sz_main,0.8,0.8,segment_emotion_state_bucket=warming;exclude:amount_ratio_bucket=0_8_1_2;exclude:market_segment=star;exclude:amount_ratio_bucket=0_8_1_2;exclude:market_segment=star;exclude:prev_pct_chg_bucket=0_3&&market_segment=bj,profit_source_oos_resilient,fixed_t2_close,无,1.0,True,True,0_5pct_1pct,0.0083150219605408,40_80,gte_30,lt_5,warming_2day,warming,warming,1100_1330,15_25,1_2_2,lt_neg3,1963900.055,15.8685,0.89,0.0,1.0,132618,132618,该候选只用于模拟盘计划，不代表实盘可买入。,20260107,57.0,20260108,68.53,0.1986607017543859,True,20260106,20260107,57.0,63.77,56.3,62.3,57.97,7.4694,20260108,61.58,68.53,60.67,68.53,62.3,10.0,20260109,69.99,75.38,67.8,70.66,68.53,3.1081,20260112,71.79,75.77,70.67,72.81,70.66,3.0427,20260113,68.5,80.09,68.45,80.09,72.81,9.9986,fixed_t2_close,True,,20260107,57.0,57.056999999999995,daily_open_plus_slippage_no_l2,True,,20260108,68.53,68.46147,fixed_close,daily_price_minus_slippage_no_l2,False,0,0.1982585425101217,0.15860683400809739,True,0.15860683400809739,conservative_daily_replay
20260109,1,PLAN_BUY_T1_OPEN,600410.SH,华胜天成,sh_main,0.8,0.8,segment_emotion_state_bucket=warming;exclude:amount_ratio_bucket=0_8_1_2;exclude:market_segment=star;exclude:amount_ratio_bucket=0_8_1_2;exclude:market_segment=star;exclude:prev_pct_chg_bucket=0_3&&market_segment=bj,profit_source_oos_resilient,fixed_t2_close,封单/流通市值偏高,1.0,True,True,1pct_2pct,0.0109574448085664,40_80,15_30,lt_5,warming_2day,warming,warming,1100_1330,gte_25,1_2_2,0_3,5946715.7,26.6669,1.88,1.0,1.0,111611,140420,该候选只用于模拟盘计划，不代表实盘可买入。,20260112,21.85,20260113,20.18,-0.0800502059496567,False,20260109,20260112,21.85,23.22,21.29,22.09,21.22,4.0999,20260113,22.11,22.11,19.91,20.18,22.09,-8.6464,20260114,19.85,22.2,19.85,22.2,20.18,10.0099,20260115,24.42,24.42,24.42,24.42,22.2,10.0,20260116,23.94,24.29,21.98,21.99,24.42,-9.9509,fixed_t2_close,True,,20260112,21.85,21.87185,daily_open_plus_slippage_no_l2,True,,20260113,20.18,20.15982,fixed_close,daily_price_minus_slippage_no_l2,False,0,-0.07989550024346352,-0.06391640019477082,False,-0.06391640019477082,conservative_daily_replay
20260112,1,PLAN_BUY_T1_OPEN,603015.SH,弘讯科技,sh_main,0.8,0.8,segment_emotion_state_bucket=warming;exclude:amount_ratio_bucket=0_8_1_2;exclude:market_segment=star;exclude:amount_ratio_bucket=0_8_1_2;exclude:market_segment=star;exclude:prev_pct_chg_bucket=0_3&&market_segment=bj,profit_source_oos_resilient,fixed_t2_close,无,1.0,True,True,0_1pct_0_3pct,0.0028415734035694,40_80,gte_30,lt_5,warming_2day,warming,warming,1100_1330,15_25,1_2_2,gte_10,1448453.77,20.2739,3.91,4.0,4.0,132315,133006,该候选只用于模拟盘计划，不代表实盘可买入。,20260113,18.34,20260114,15.79,-0.142660348964013,False,20260112,20260113,18.34,18.5,16.94,16.94,18.82,-9.9894,20260114,15.6,16.58,15.25,15.79,16.94,-6.7887,20260115,15.28,15.76,14.95,15.54,15.79,-1.5833,20260116,15.54,16.0,15.26,15.77,15.54,1.4801,20260119,15.6,16.27,15.48,16.2,15.77,2.7267,fixed_t2_close,True,,20260113,18.34,18.35834,daily_open_plus_slippage_no_l2,True,,20260114,15.79,15.774209999999998,fixed_close,daily_price_minus_slippage_no_l2,False,0,-0.14238054806698214,-0.11390443845358572,False,-0.11390443845358572,conservative_daily_replay
20260203,1,PLAN_BUY_T1_OPEN,002471.SZ,中超控股,sz_main,5.3,0.8,segment_emotion_state_bucket=warming;exclude:amount_ratio_bucket=0_8_1_2;exclude:market_segment=star;exclude:amount_ratio_bucket=0_8_1_2;exclude:market_segment=star;exclude:prev_pct_chg_bucket=0_3&&market_segment=bj,profit_source_oos_resilient,fixed_t2_close,封单/流通市值偏高,1.0,True,True,1pct_2pct,0.013037361062491,20_40,8_15,5_15,neutral,mixed,warming,1100_1330,gte_25,1_2_2,7_10,5431790.226,44.8854,1.7,1.0,2.0,111933,143751,该候选只用于模拟盘计划，不代表实盘可买入。,20260204,9.4,20260205,9.53,0.0102097872340424,True,20260203,20260204,9.4,9.58,8.98,9.09,9.47,-4.0127,20260205,8.93,9.66,8.86,9.53,9.09,4.8405,20260206,9.2,10.29,9.11,9.77,9.53,2.5184,20260209,9.77,10.75,9.51,10.75,9.77,10.0307,20260210,10.7,10.87,9.81,9.87,10.75,-8.186,fixed_t2_close,True,,20260204,9.4,9.4094,daily_open_plus_slippage_no_l2,True,,20260205,9.53,9.52047,fixed_close,daily_price_minus_slippage_no_l2,False,0,0.010184153293514919,0.008147322634811936,True,0.008147322634811936,conservative_daily_replay
20260209,1,PLAN_BUY_T1_OPEN,601360.SH,三六零,sh_main,0.8,0.8,segment_emotion_state_bucket=warming;exclude:amount_ratio_bucket=0_8_1_2;exclude:market_segment=star;exclude:amount_ratio_bucket=0_8_1_2;exclude:market_segment=star;exclude:prev_pct_chg_bucket=0_3&&market_segment=bj,profit_source_oos_resilient,fixed_t2_close,LOSS_OVERLAY_WATCH,1.0,True,True,0_1pct_0_3pct,0.00248792884315,20_40,8_15,lt_5,warming_2day,warming,warming,1100_1330,3_6,2_3,neg3_0,4470514.657,5.088,1.56,2.0,1.0,131020,133802,该候选只用于模拟盘计划，不代表实盘可买入。,20260210,13.07,20260211,12.81,-0.0235128844682478,False,20260209,20260210,13.07,13.22,12.81,13.15,12.91,1.859,20260211,13.0,13.1,12.75,12.81,13.15,-2.5856,20260212,12.79,13.26,12.75,13.12,12.81,2.42,20260213,12.91,13.34,12.88,12.9,13.12,-1.6768,20260224,13.0,13.14,12.47,12.76,12.9,-1.0853,fixed_t2_close,True,,20260210,13.07,13.08307,daily_open_plus_slippage_no_l2,True,,20260211,12.81,12.79719,fixed_close,daily_price_minus_slippage_no_l2,False,0,-0.023471140443336248,-0.018776912354669,False,-0.018776912354669,conservative_daily_replay
20260302,1,PLAN_BUY_T1_OPEN,603257.SH,中国瑞林,sh_main,2.3,0.8,segment_emotion_state_bucket=warming;exclude:amount_ratio_bucket=0_8_1_2;exclude:market_segment=star;exclude:amount_ratio_bucket=0_8_1_2;exclude:market_segment=star;exclude:prev_pct_chg_bucket=0_3&&market_segment=bj,profit_source_oos_resilient,fixed_t2_close,无,1.0,True,True,0_5pct_1pct,0.0093843368547407,40_80,15_30,5_15,warming_2day,warming,warming,1100_1330,gte_25,1_2_2,gte_10,763463.894,43.5145,4.57,9.0,2.0,131836,135918,该候选只用于模拟盘计划，不代表实盘可买入。,20260303,72.63,20260304,70.38,-0.0345989343246592,False,20260302,20260303,72.63,73.68,68.72,69.96,73.07,-4.2562,20260304,69.02,73.21,68.95,70.38,69.96,0.6003,20260305,70.4,71.83,67.8,68.84,70.38,-2.1881,20260306,68.0,70.86,66.63,69.86,68.84,1.4817,20260309,69.25,69.99,65.18,66.63,69.86,-4.6235,fixed_t2_close,True,,20260303,72.63,72.70262999999998,daily_open_plus_slippage_no_l2,True,,20260304,70.38,70.30962,fixed_close,daily_price_minus_slippage_no_l2,False,0,-0.03453504034998449,-0.027628032279987592,False,-0.027628032279987592,conservative_daily_replay
20260306,1,PLAN_BUY_T1_OPEN,000509.SZ,华塑控股,sz_main,1.8,0.8,segment_emotion_state_bucket=warming;exclude:amount_ratio_bucket=0_8_1_2;exclude:market_segment=star;exclude:amount_ratio_bucket=0_8_1_2;exclude:market_segment=star;exclude:prev_pct_chg_bucket=0_3&&market_segment=bj,profit_source_oos_resilient,fixed_t2_close,无,1.0,True,True,0_1pct_0_3pct,0.002512848440225,20_40,3_8,lt_5,warming_2day,warming,warming,1100_1330,15_25,3_5,7_10,631275.859,15.514,7.39,8.0,2.0,131054,144703,该候选只用于模拟盘计划，不代表实盘可买入。,20260309,3.84,20260310,3.96,0.02763,True,20260306,20260309,3.84,4.11,3.83,3.87,3.99,-3.0075,20260310,3.88,4.0,3.86,3.96,3.87,2.3256,20260311,4.02,4.15,3.94,3.97,3.96,0.2525,20260312,4.0,4.01,3.87,3.9,3.97,-1.7632,20260313,3.93,4.2,3.9,3.94,3.9,1.0256,fixed_t2_close,True,,20260309,3.84,3.8438399999999993,daily_open_plus_slippage_no_l2,True,,20260310,3.96,3.95604,fixed_close,daily_price_minus_slippage_no_l2,False,0,0.02756956043956067,0.022055648351648537,True,0.022055648351648537,conservative_daily_replay
20260311,1,PLAN_BUY_T1_OPEN,603778.SH,国晟科技,sh_main,3.8,0.8,segment_emotion_state_bucket=warming;exclude:amount_ratio_bucket=0_8_1_2;exclude:market_segment=star;exclude:amount_ratio_bucket=0_8_1_2;exclude:market_segment=star;exclude:prev_pct_chg_bucket=0_3&&market_segment=bj,profit_source_oos_resilient,fixed_t2_close,无,1.0,True,True,lt_0_1pct,0.0009082903844194,20_40,8_15,lt_5,neutral,mixed,warming,1100_1330,15_25,1_2_2,3_7,2885264.359,22.4102,1.36,16.0,1.0,110210,143140,该候选只用于模拟盘计划，不代表实盘可买入。,20260312,20.82,20260313,20.49,-0.019470144092219,False,20260311,20260312,20.82,22.15,20.6,22.0,20.82,5.6676,20260313,21.6,22.68,20.16,20.49,22.0,-6.8636,20260316,20.9,22.54,20.01,22.54,20.49,10.0049,20260317,23.2,24.79,23.0,24.79,22.54,9.9823,20260318,24.69,25.21,22.48,22.71,24.79,-8.3905,fixed_t2_close,True,,20260312,20.82,20.840819999999997,daily_open_plus_slippage_no_l2,True,,20260313,20.49,20.46951,fixed_close,daily_price_minus_slippage_no_l2,False,0,-0.019436477470656067,-0.015549181976524854,False,-0.015549181976524854,conservative_daily_replay
20260312,1,PLAN_BUY_T1_OPEN,603092.SH,德力佳,sh_main,1.8,0.8,segment_emotion_state_bucket=warming;exclude:amount_ratio_bucket=0_8_1_2;exclude:market_segment=star;exclude:amount_ratio_bucket=0_8_1_2;exclude:market_segment=star;exclude:prev_pct_chg_bucket=0_3&&market_segment=bj,profit_source_oos_resilient,fixed_t2_close,无,1.0,True,True,0_5pct_1pct,0.007843967230549,20_40,3_8,lt_5,retreat_2day,retreat,warming,1100_1330,15_25,3_5,neg3_0,502504.403,20.878,4.61,4.0,1.0,130955,144149,该候选只用于模拟盘计划，不代表实盘可买入。,20260313,73.81,20260316,74.68,0.0081670207288985,True,20260312,20260313,73.81,79.79,73.0,75.26,73.82,1.9507,20260316,75.88,76.85,73.49,74.68,75.26,-0.7707,20260317,73.7,79.01,73.59,77.24,74.68,3.428,20260318,75.92,77.02,72.4,74.88,77.24,-3.0554,20260319,73.98,75.2,71.68,72.35,74.88,-3.3787,fixed_t2_close,True,,20260313,73.81,73.88381,daily_open_plus_slippage_no_l2,True,,20260316,74.68,74.60532,fixed_close,daily_price_minus_slippage_no_l2,False,0,0.008145468239929742,0.0065163745919437945,True,0.0065163745919437945,conservative_daily_replay
20260313,1,PLAN_BUY_T1_OPEN,603248.SH,锡华科技,sh_main,5.3,0.8,segment_emotion_state_bucket=warming;exclude:amount_ratio_bucket=0_8_1_2;exclude:market_segment=star;exclude:amount_ratio_bucket=0_8_1_2;exclude:market_segment=star;exclude:prev_pct_chg_bucket=0_3&&market_segment=bj,profit_source_oos_resilient,fixed_t2_close,无,1.0,True,True,0_5pct_1pct,0.0089406673264843,20_40,3_8,5_15,neutral,mixed,warming,1100_1330,gte_25,1_2_2,3_7,884247.556,46.3969,3.27,2.0,1.0,130024,150000,该候选只用于模拟盘计划，不代表实盘可买入。,20260316,28.88,20260317,34.12,0.1778204432132963,True,20260313,20260316,28.88,31.02,27.7,31.02,28.2,10.0,20260317,30.8,34.12,30.49,34.12,31.02,9.9936,20260318,35.14,36.5,31.55,32.39,34.12,-5.0703,20260319,31.75,32.3,29.47,29.75,32.39,-8.1507,20260320,29.94,31.15,27.8,28.8,29.75,-3.1933,fixed_t2_close,True,,20260316,28.88,28.908879999999996,daily_open_plus_slippage_no_l2,True,,20260317,34.12,34.085879999999996,fixed_close,daily_price_minus_slippage_no_l2,False,0,0.17745992284723594,0.14196793827778875,True,0.14196793827778875,conservative_daily_replay
20260324,1,PLAN_BUY_T1_OPEN,601016.SH,节能风电,sh_main,2.8,0.8,segment_emotion_state_bucket=warming;exclude:amount_ratio_bucket=0_8_1_2;exclude:market_segment=star;exclude:amount_ratio_bucket=0_8_1_2;exclude:market_segment=star;exclude:prev_pct_chg_bucket=0_3&&market_segment=bj,profit_source_oos_resilient,fixed_t2_close,无,1.0,True,True,0_5pct_1pct,0.0055906216968118,40_80,3_8,lt_5,neutral,main_rise,warming,1100_1330,15_25,1_2_2,0_3,5477009.073,19.4927,1.33,4.0,1.0,112553,135211,该候选只用于模拟盘计划，不代表实盘可买入。,20260325,4.98,20260326,5.31,0.0626450602409637,True,20260324,20260325,4.98,5.4,4.91,5.4,4.91,9.9796,20260326,5.4,5.73,5.01,5.31,5.4,-1.6667,20260327,5.11,5.18,4.86,4.93,5.31,-7.1563,20260330,4.88,5.04,4.46,4.6,4.93,-6.6937,20260331,4.54,4.61,4.27,4.28,4.6,-6.9565,fixed_t2_close,True,,20260325,4.98,4.98498,daily_open_plus_slippage_no_l2,True,,20260326,5.31,5.30469,fixed_close,daily_price_minus_slippage_no_l2,False,0,0.06251466052020267,0.05001172841616214,True,0.05001172841616214,conservative_daily_replay
20260325,1,PLAN_BUY_T1_OPEN,603829.SH,洛凯股份,sh_main,0.8,0.8,segment_emotion_state_bucket=warming;exclude:amount_ratio_bucket=0_8_1_2;exclude:market_segment=star;exclude:amount_ratio_bucket=0_8_1_2;exclude:market_segment=star;exclude:prev_pct_chg_bucket=0_3&&market_segment=bj,profit_source_oos_resilient,fixed_t2_close,无,1.0,True,True,0_5pct_1pct,0.0090945129757642,40_80,15_30,lt_5,warming_2day,warming,warming,1100_1330,3_6,1_2_2,3_7,230920.633,4.4887,1.4,0.0,1.0,131926,131926,该候选只用于模拟盘计划，不代表实盘可买入。,20260326,29.03,20260327,29.2,0.0022360110230794,True,20260325,20260326,29.03,29.65,28.24,28.25,28.49,-0.8424,20260327,28.52,30.3,27.96,29.2,28.25,3.3628,20260330,28.71,29.57,27.98,29.21,29.2,0.0342,20260331,29.55,29.86,28.97,29.51,29.21,1.027,20260401,29.6,29.69,28.3,28.96,29.51,-1.8638,fixed_t2_close,True,,20260326,29.03,29.059029999999996,daily_open_plus_slippage_no_l2,True,,20260327,29.2,29.1708,fixed_close,daily_price_minus_slippage_no_l2,False,0,0.0022263087033533406,0.0017810469626826726,True,0.0017810469626826726,conservative_daily_replay
20260407,1,PLAN_BUY_T1_OPEN,603090.SH,宏盛股份,sh_main,2.3,0.8,segment_emotion_state_bucket=warming;exclude:amount_ratio_bucket=0_8_1_2;exclude:market_segment=star;exclude:amount_ratio_bucket=0_8_1_2;exclude:market_segment=star;exclude:prev_pct_chg_bucket=0_3&&market_segment=bj,profit_source_oos_resilient,fixed_t2_close,封单/流通市值偏高,1.0,True,True,1pct_2pct,0.017789,40_80,3_8,5_15,warming_2day,warming,warming,1100_1330,3_6,2_3,neg3_0,280878.672,4.5353,1.2,0.0,1.0,131745,131745,该候选只用于模拟盘计划，不代表实盘可买入。,20260408,66.06,20260409,68.38,0.0314995882531032,True,20260407,20260408,66.06,66.39,64.45,65.66,63.83,2.867,20260409,65.0,68.56,64.58,68.38,65.66,4.1426,20260410,68.38,70.31,65.66,68.52,68.38,0.2047,20260413,67.0,73.47,66.9,72.13,68.52,5.2685,20260414,73.0,73.0,69.93,71.43,72.13,-0.9705,fixed_t2_close,True,,20260408,66.06,66.12606,daily_open_plus_slippage_no_l2,True,,20260409,68.38,68.31161999999999,fixed_close,daily_price_minus_slippage_no_l2,False,0,0.031431417247602414,0.025145133798081934,True,0.025145133798081934,conservative_daily_replay
20260408,1,PLAN_BUY_T1_OPEN,603083.SH,剑桥科技,sh_main,2.3,0.8,segment_emotion_state_bucket=warming;exclude:amount_ratio_bucket=0_8_1_2;exclude:market_segment=star;exclude:amount_ratio_bucket=0_8_1_2;exclude:market_segment=star;exclude:prev_pct_chg_bucket=0_3&&market_segment=bj,profit_source_oos_resilient,fixed_t2_close,无,1.0,True,True,0_3pct_0_5pct,0.0044885783334772,40_80,8_15,5_15,warming_2day,warming,warming,1100_1330,10_15,2_3,neg3_0,4156454.642,13.7674,1.95,1.0,1.0,110821,111721,该候选只用于模拟盘计划，不代表实盘可买入。,20260409,112.93,20260410,116.24,0.0256901921544318,True,20260408,20260409,112.93,117.04,112.93,115.55,111.55,3.5858,20260410,116.81,117.88,114.32,116.24,115.55,0.5971,20260413,111.99,119.98,111.55,118.58,116.24,2.0131,20260414,118.8,124.28,117.2,120.62,118.58,1.7204,20260415,125.51,132.68,124.02,125.8,120.62,4.2945,fixed_t2_close,True,,20260409,112.93,113.04293,daily_open_plus_slippage_no_l2,True,,20260410,116.24,116.12375999999999,fixed_close,daily_price_minus_slippage_no_l2,False,0,0.025633628333943514,0.02050690266715481,True,0.02050690266715481,conservative_daily_replay
20260413,1,PLAN_BUY_T1_OPEN,000968.SZ,蓝焰控股,sz_main,5.3,0.8,segment_emotion_state_bucket=warming;exclude:amount_ratio_bucket=0_8_1_2;exclude:market_segment=star;exclude:amount_ratio_bucket=0_8_1_2;exclude:market_segment=star;exclude:prev_pct_chg_bucket=0_3&&market_segment=bj,profit_source_oos_resilient,fixed_t2_close,无,1.0,True,True,0_1pct_0_3pct,0.0018842325456376,20_40,3_8,5_15,neutral,mixed,warming,1100_1330,10_15,1_2_2,neg3_0,1165514.525,12.3248,1.6,8.0,1.0,131345,142418,该候选只用于模拟盘计划，不代表实盘可买入。,20260414,10.08,20260415,9.49,-0.062151746031746,False,20260413,20260414,10.08,10.71,9.92,10.0,10.18,-1.7682,20260415,9.89,9.9,9.32,9.49,10.0,-5.1,20260416,9.4,9.45,9.12,9.29,9.49,-2.1075,20260417,9.37,9.49,8.91,9.03,9.29,-2.7987,20260420,9.07,9.16,8.9,9.01,9.03,-0.2215,fixed_t2_close,True,,20260414,10.08,10.090079999999999,daily_open_plus_slippage_no_l2,True,,20260415,9.49,9.48051,fixed_close,daily_price_minus_slippage_no_l2,False,0,-0.06203280148422989,-0.049626241187383915,False,-0.049626241187383915,conservative_daily_replay
20260416,1,PLAN_BUY_T1_OPEN,603220.SH,中贝通信,sh_main,1.8,0.8,segment_emotion_state_bucket=warming;exclude:amount_ratio_bucket=0_8_1_2;exclude:market_segment=star;exclude:amount_ratio_bucket=0_8_1_2;exclude:market_segment=star;exclude:prev_pct_chg_bucket=0_3&&market_segment=bj,profit_source_oos_resilient,fixed_t2_close,无,1.0,True,True,0_5pct_1pct,0.0061961344334108,20_40,3_8,lt_5,warming_2day,warming,warming,1100_1330,15_25,1_2_2,0_3,2713583.249,20.437,1.97,6.0,1.0,130409,135309,该候选只用于模拟盘计划，不代表实盘可买入。,20260417,32.56,20260420,30.88,-0.0552170515970517,False,20260416,20260417,32.56,33.23,31.61,32.24,31.93,0.9709,20260420,32.01,32.17,30.58,30.88,32.24,-4.2184,20260421,30.4,30.43,28.88,29.48,30.88,-4.5337,20260422,29.53,32.43,29.1,31.12,29.48,5.5631,20260423,30.92,34.23,30.92,34.23,31.12,9.9936,fixed_t2_close,True,,20260417,32.56,32.59256,daily_open_plus_slippage_no_l2,True,,20260420,30.88,30.84912,fixed_close,daily_price_minus_slippage_no_l2,False,0,-0.055111962582871696,-0.04408957006629736,False,-0.04408957006629736,conservative_daily_replay
20260427,1,PLAN_BUY_T1_OPEN,600152.SH,维科技术,sh_main,1.8,0.8,segment_emotion_state_bucket=warming;exclude:amount_ratio_bucket=0_8_1_2;exclude:market_segment=star;exclude:amount_ratio_bucket=0_8_1_2;exclude:market_segment=star;exclude:prev_pct_chg_bucket=0_3&&market_segment=bj,profit_source_oos_resilient,fixed_t2_close,LOSS_OVERLAY_WATCH,1.0,True,True,0_5pct_1pct,0.0064726903601563,20_40,8_15,30_60,warming_2day,warming,warming,1100_1330,gte_25,2_3,gte_10,1984678.827,27.84,1.34,2.0,2.0,130114,132238,该候选只用于模拟盘计划，不代表实盘可买入。,20260428,14.55,20260429,14.5,-0.0070564261168385,False,20260427,20260428,14.55,15.69,14.55,15.69,14.26,10.0281,20260429,15.2,15.35,14.12,14.5,15.69,-7.5844,20260430,14.14,15.42,13.85,14.85,14.5,2.4138,20260506,14.85,15.46,14.06,15.09,14.85,1.6162,20260507,15.0,15.55,14.25,15.11,15.09,0.1325,fixed_t2_close,True,,20260428,14.55,14.564549999999999,daily_open_plus_slippage_no_l2,True,,20260429,14.5,14.4855,fixed_close,daily_price_minus_slippage_no_l2,False,0,-0.007047562128592966,-0.005638049702874373,False,-0.005638049702874373,conservative_daily_replay
20260507,1,PLAN_BUY_T1_OPEN,603256.SH,宏和科技,sh_main,4.3,0.8,segment_emotion_state_bucket=warming;exclude:amount_ratio_bucket=0_8_1_2;exclude:market_segment=star;exclude:amount_ratio_bucket=0_8_1_2;exclude:market_segment=star;exclude:prev_pct_chg_bucket=0_3&&market_segment=bj,profit_source_oos_resilient,fixed_t2_close,无,1.0,True,True,lt_0_1pct,0.0008057563274805,40_80,15_30,5_15,neutral,main_rise,warming,1100_1330,lt_3,1_2_2,7_10,3110214.73,2.5128,0.96,0.0,2.0,130238,130238,该候选只用于模拟盘计划，不代表实盘可买入。,20260508,144.98,20260511,149.98,0.030867515519382,True,20260507,20260508,144.98,151.08,138.68,148.87,144.11,3.303,20260511,147.93,153.2,140.79,149.98,148.87,0.7456,20260512,147.0,151.0,143.55,148.31,149.98,-1.1135,20260513,143.5,147.64,140.2,146.22,148.31,-1.4092,20260514,146.0,147.8,140.12,141.83,146.22,-3.0023,fixed_t2_close,True,,20260508,144.98,145.12497999999997,daily_open_plus_slippage_no_l2,True,,20260511,149.98,149.83002,fixed_close,daily_price_minus_slippage_no_l2,False,0,0.03080060739646635,0.02464048591717308,True,0.02464048591717308,conservative_daily_replay
