scenario,signal_date,strategy_leg,operation_status,ts_code,name,market_segment,risk_flags,account_return,equity_before,equity_after,return_source,active_position,buy_executed,sell_executed,buy_reject_reason,sell_reject_reason,buy_trade_date,exit_trade_date,buy_price,exit_price,path_conflict,limit_down_blocked_days,live_order_enabled,initial_equity,peak_equity,drawdown,residual_filter_scenario,residual_filter_description
A_plus_B_strict,20251112,NONE,NO_CANDIDATE,,,,,0.0,500000.0,500000.0,,,False,False,,,,,,,False,0,False,500000.0,500000.0,0.0,baseline_ab_filtered,当前 A+B filtered，不增加额外B过滤。
A_plus_B_strict,20251113,NONE,NO_CANDIDATE,,,,,0.0,500000.0,500000.0,,,False,False,,,,,,,False,0,False,500000.0,500000.0,0.0,baseline_ab_filtered,当前 A+B filtered，不增加额外B过滤。
A_plus_B_strict,20251114,NONE,NO_CANDIDATE,,,,,0.0,500000.0,500000.0,,,False,False,,,,,,,False,0,False,500000.0,500000.0,0.0,baseline_ab_filtered,当前 A+B filtered，不增加额外B过滤。
A_plus_B_strict,20251117,NONE,NO_CANDIDATE,,,,,0.0,500000.0,500000.0,,,False,False,,,,,,,False,0,False,500000.0,500000.0,0.0,baseline_ab_filtered,当前 A+B filtered，不增加额外B过滤。
A_plus_B_strict,20251118,NONE,NO_CANDIDATE,,,,,0.0,500000.0,500000.0,,,False,False,,,,,,,False,0,False,500000.0,500000.0,0.0,baseline_ab_filtered,当前 A+B filtered，不增加额外B过滤。
A_plus_B_strict,20251119,NONE,NO_CANDIDATE,,,,,0.0,500000.0,500000.0,,,False,False,,,,,,,False,0,False,500000.0,500000.0,0.0,baseline_ab_filtered,当前 A+B filtered，不增加额外B过滤。
A_plus_B_strict,20251120,A,HISTORICAL_SIM_FILLED,301092.SZ,争光股份,chi_next,无,-0.0505145833968012,500000.0,474742.7083015994,a_audit_dynamic_account_return,,False,False,,,,,,,False,0,False,500000.0,500000.0,-0.05051458339680115,baseline_ab_filtered,当前 A+B filtered，不增加额外B过滤。
A_plus_B_strict,20251121,A_OR_B,POSITION_OCCUPIED_SKIP,,,,,0.0,474742.7083015994,474742.7083015994,,301092.SZ 争光股份,False,False,,,,,,,False,0,False,500000.0,500000.0,-0.05051458339680115,baseline_ab_filtered,当前 A+B filtered，不增加额外B过滤。
A_plus_B_strict,20251124,NONE,NO_CANDIDATE,,,,,0.0,474742.7083015994,474742.7083015994,,,False,False,,,,,,,False,0,False,500000.0,500000.0,-0.05051458339680115,baseline_ab_filtered,当前 A+B filtered，不增加额外B过滤。
A_plus_B_strict,20251125,A,REVIEW_REQUIRED_PLAN_ONLY,301117.SZ,佳缘科技,chi_next,LOSS_OVERLAY_WATCH,0.0,474742.7083015994,474742.7083015994,manual_review_skip,,False,False,,,,,,,False,0,False,500000.0,500000.0,-0.05051458339680115,baseline_ab_filtered,当前 A+B filtered，不增加额外B过滤。
A_plus_B_strict,20251126,NONE,NO_CANDIDATE,,,,,0.0,474742.7083015994,474742.7083015994,,,False,False,,,,,,,False,0,False,500000.0,500000.0,-0.05051458339680115,baseline_ab_filtered,当前 A+B filtered，不增加额外B过滤。
A_plus_B_strict,20251127,NONE,NO_CANDIDATE,,,,,0.0,474742.7083015994,474742.7083015994,,,False,False,,,,,,,False,0,False,500000.0,500000.0,-0.05051458339680115,baseline_ab_filtered,当前 A+B filtered，不增加额外B过滤。
A_plus_B_strict,20251128,NONE,NO_CANDIDATE,,,,,0.0,474742.7083015994,474742.7083015994,,,False,False,,,,,,,False,0,False,500000.0,500000.0,-0.05051458339680115,baseline_ab_filtered,当前 A+B filtered，不增加额外B过滤。
A_plus_B_strict,20251201,B,HISTORICAL_SIM_FILLED,000078.SZ,海王生物,sz_main,无,0.14838169073032234,474742.7083015994,545185.834021283,b_conservative_daily_replay,,True,True,,,20251202,20251203,3.8037999999999994,4.515479999999999,False,0,False,500000.0,545185.834021283,0.0,baseline_ab_filtered,当前 A+B filtered，不增加额外B过滤。
A_plus_B_strict,20251202,A_OR_B,POSITION_OCCUPIED_SKIP,,,,,0.0,545185.834021283,545185.834021283,,000078.SZ 海王生物,False,False,,,,,,,False,0,False,500000.0,545185.834021283,0.0,baseline_ab_filtered,当前 A+B filtered，不增加额外B过滤。
A_plus_B_strict,20251203,NONE,NO_CANDIDATE,,,,,0.0,545185.834021283,545185.834021283,,,False,False,,,,,,,False,0,False,500000.0,545185.834021283,0.0,baseline_ab_filtered,当前 A+B filtered，不增加额外B过滤。
A_plus_B_strict,20251204,A,HISTORICAL_SIM_FILLED,300946.SZ,恒而达,chi_next,无,0.0291749495998269,545185.834021283,561091.6032513934,a_audit_dynamic_account_return,,False,False,,,,,,,False,0,False,500000.0,561091.6032513934,0.0,baseline_ab_filtered,当前 A+B filtered，不增加额外B过滤。
A_plus_B_strict,20251205,A_OR_B,POSITION_OCCUPIED_SKIP,,,,,0.0,561091.6032513934,561091.6032513934,,300946.SZ 恒而达,False,False,,,,,,,False,0,False,500000.0,561091.6032513934,0.0,baseline_ab_filtered,当前 A+B filtered，不增加额外B过滤。
A_plus_B_strict,20251208,B,HISTORICAL_SIM_FILLED,000571.SZ,新大洲A,sz_main,无,0.03126858280230099,561091.6032513934,578636.1425073354,b_conservative_daily_replay,,True,True,,,20251209,20251210,6.316309999999999,6.5734200000000005,False,0,False,500000.0,578636.1425073354,0.0,baseline_ab_filtered,当前 A+B filtered，不增加额外B过滤。
A_plus_B_strict,20251209,A_OR_B,POSITION_OCCUPIED_SKIP,,,,,0.0,578636.1425073354,578636.1425073354,,000571.SZ 新大洲A,False,False,,,,,,,False,0,False,500000.0,578636.1425073354,0.0,baseline_ab_filtered,当前 A+B filtered，不增加额外B过滤。
A_plus_B_strict,20251210,NONE,NO_CANDIDATE,,,,,0.0,578636.1425073354,578636.1425073354,,,False,False,,,,,,,False,0,False,500000.0,578636.1425073354,0.0,baseline_ab_filtered,当前 A+B filtered，不增加额外B过滤。
A_plus_B_strict,20251211,NONE,NO_CANDIDATE,,,,,0.0,578636.1425073354,578636.1425073354,,,False,False,,,,,,,False,0,False,500000.0,578636.1425073354,0.0,baseline_ab_filtered,当前 A+B filtered，不增加额外B过滤。
A_plus_B_strict,20251212,A,HISTORICAL_SIM_FILLED,920576.BJ,天力复合,bj,无,0.181313377355646,578636.1425073354,683550.6157653834,a_audit_dynamic_account_return,,False,False,,,,,,,False,0,False,500000.0,683550.6157653834,0.0,baseline_ab_filtered,当前 A+B filtered，不增加额外B过滤。
A_plus_B_strict,20251215,A_OR_B,POSITION_OCCUPIED_SKIP,,,,,0.0,683550.6157653834,683550.6157653834,,920576.BJ 天力复合,False,False,,,,,,,False,0,False,500000.0,683550.6157653834,0.0,baseline_ab_filtered,当前 A+B filtered，不增加额外B过滤。
A_plus_B_strict,20251216,NONE,NO_CANDIDATE,,,,,0.0,683550.6157653834,683550.6157653834,,,False,False,,,,,,,False,0,False,500000.0,683550.6157653834,0.0,baseline_ab_filtered,当前 A+B filtered，不增加额外B过滤。
A_plus_B_strict,20251217,NONE,NO_CANDIDATE,,,,,0.0,683550.6157653834,683550.6157653834,,,False,False,,,,,,,False,0,False,500000.0,683550.6157653834,0.0,baseline_ab_filtered,当前 A+B filtered，不增加额外B过滤。
A_plus_B_strict,20251218,NONE,NO_CANDIDATE,,,,,0.0,683550.6157653834,683550.6157653834,,,False,False,,,,,,,False,0,False,500000.0,683550.6157653834,0.0,baseline_ab_filtered,当前 A+B filtered，不增加额外B过滤。
A_plus_B_strict,20251219,A,REVIEW_REQUIRED_PLAN_ONLY,300557.SZ,理工光科,chi_next,LOSS_OVERLAY_WATCH,0.0,683550.6157653834,683550.6157653834,manual_review_skip,,False,False,,,,,,,False,0,False,500000.0,683550.6157653834,0.0,baseline_ab_filtered,当前 A+B filtered，不增加额外B过滤。
A_plus_B_strict,20251222,NONE,NO_CANDIDATE,,,,,0.0,683550.6157653834,683550.6157653834,,,False,False,,,,,,,False,0,False,500000.0,683550.6157653834,0.0,baseline_ab_filtered,当前 A+B filtered，不增加额外B过滤。
A_plus_B_strict,20251223,NONE,NO_CANDIDATE,,,,,0.0,683550.6157653834,683550.6157653834,,,False,False,,,,,,,False,0,False,500000.0,683550.6157653834,0.0,baseline_ab_filtered,当前 A+B filtered，不增加额外B过滤。
A_plus_B_strict,20251224,NONE,NO_CANDIDATE,,,,,0.0,683550.6157653834,683550.6157653834,,,False,False,,,,,,,False,0,False,500000.0,683550.6157653834,0.0,baseline_ab_filtered,当前 A+B filtered，不增加额外B过滤。
A_plus_B_strict,20251225,NONE,NO_CANDIDATE,,,,,0.0,683550.6157653834,683550.6157653834,,,False,False,,,,,,,False,0,False,500000.0,683550.6157653834,0.0,baseline_ab_filtered,当前 A+B filtered，不增加额外B过滤。
A_plus_B_strict,20251226,NONE,NO_CANDIDATE,,,,,0.0,683550.6157653834,683550.6157653834,,,False,False,,,,,,,False,0,False,500000.0,683550.6157653834,0.0,baseline_ab_filtered,当前 A+B filtered，不增加额外B过滤。
A_plus_B_strict,20251229,NONE,NO_CANDIDATE,,,,,0.0,683550.6157653834,683550.6157653834,,,False,False,,,,,,,False,0,False,500000.0,683550.6157653834,0.0,baseline_ab_filtered,当前 A+B filtered，不增加额外B过滤。
A_plus_B_strict,20251230,NONE,NO_CANDIDATE,,,,,0.0,683550.6157653834,683550.6157653834,,,False,False,,,,,,,False,0,False,500000.0,683550.6157653834,0.0,baseline_ab_filtered,当前 A+B filtered，不增加额外B过滤。
A_plus_B_strict,20251231,A,HISTORICAL_SIM_FILLED,300058.SZ,蓝色光标,chi_next,无,0.1308549259970799,683550.6157653834,772996.581006621,a_audit_dynamic_account_return,,False,False,,,,,,,False,0,False,500000.0,772996.581006621,0.0,baseline_ab_filtered,当前 A+B filtered，不增加额外B过滤。
A_plus_B_strict,20260105,A_OR_B,POSITION_OCCUPIED_SKIP,,,,,0.0,772996.581006621,772996.581006621,,300058.SZ 蓝色光标,False,False,,,,,,,False,0,False,500000.0,772996.581006621,0.0,baseline_ab_filtered,当前 A+B filtered，不增加额外B过滤。
A_plus_B_strict,20260106,B,HISTORICAL_SIM_FILLED,002865.SZ,钧达股份,sz_main,无,0.15860683400809739,772996.581006621,895599.121419165,b_conservative_daily_replay,,True,True,,,20260107,20260108,57.056999999999995,68.46147,False,0,False,500000.0,895599.121419165,0.0,baseline_ab_filtered,当前 A+B filtered，不增加额外B过滤。
A_plus_B_strict,20260107,A_OR_B,POSITION_OCCUPIED_SKIP,,,,,0.0,895599.121419165,895599.121419165,,002865.SZ 钧达股份,False,False,,,,,,,False,0,False,500000.0,895599.121419165,0.0,baseline_ab_filtered,当前 A+B filtered，不增加额外B过滤。
A_plus_B_strict,20260108,NONE,NO_CANDIDATE,,,,,0.0,895599.121419165,895599.121419165,,,False,False,,,,,,,False,0,False,500000.0,895599.121419165,0.0,baseline_ab_filtered,当前 A+B filtered，不增加额外B过滤。
A_plus_B_strict,20260109,NONE,NO_CANDIDATE,,,,,0.0,895599.121419165,895599.121419165,,,False,False,,,,,,,False,0,False,500000.0,895599.121419165,0.0,baseline_ab_filtered,当前 A+B filtered，不增加额外B过滤。
A_plus_B_strict,20260112,B,HISTORICAL_SIM_FILLED,603015.SH,弘讯科技,sh_main,无,-0.11390443845358572,895599.121419165,793586.4064143904,b_conservative_daily_replay,,True,True,,,20260113,20260114,18.35834,15.774209999999998,False,0,False,500000.0,895599.121419165,-0.11390443845358555,baseline_ab_filtered,当前 A+B filtered，不增加额外B过滤。
A_plus_B_strict,20260113,A_OR_B,POSITION_OCCUPIED_SKIP,,,,,0.0,793586.4064143904,793586.4064143904,,603015.SH 弘讯科技,False,False,,,,,,,False,0,False,500000.0,895599.121419165,-0.11390443845358555,baseline_ab_filtered,当前 A+B filtered，不增加额外B过滤。
A_plus_B_strict,20260114,NONE,NO_CANDIDATE,,,,,0.0,793586.4064143904,793586.4064143904,,,False,False,,,,,,,False,0,False,500000.0,895599.121419165,-0.11390443845358555,baseline_ab_filtered,当前 A+B filtered，不增加额外B过滤。
A_plus_B_strict,20260115,A,HISTORICAL_SIM_FILLED,301629.SZ,矽电股份,chi_next,无,-0.0338313603969523,793586.4064143904,766738.2986928629,a_audit_dynamic_account_return,,False,False,,,,,,,False,0,False,500000.0,895599.121419165,-0.1438822567424023,baseline_ab_filtered,当前 A+B filtered，不增加额外B过滤。
A_plus_B_strict,20260116,A_OR_B,POSITION_OCCUPIED_SKIP,,,,,0.0,766738.2986928629,766738.2986928629,,301629.SZ 矽电股份,False,False,,,,,,,False,0,False,500000.0,895599.121419165,-0.1438822567424023,baseline_ab_filtered,当前 A+B filtered，不增加额外B过滤。
A_plus_B_strict,20260119,A,HISTORICAL_SIM_FILLED,300658.SZ,延江股份,chi_next,无,0.0681174370165976,766738.2986928629,818966.5464622871,a_audit_dynamic_account_return,,False,False,,,,,,,False,0,False,500000.0,895599.121419165,-0.08556571028726123,baseline_ab_filtered,当前 A+B filtered，不增加额外B过滤。
A_plus_B_strict,20260120,A_OR_B,POSITION_OCCUPIED_SKIP,,,,,0.0,818966.5464622871,818966.5464622871,,300658.SZ 延江股份,False,False,,,,,,,False,0,False,500000.0,895599.121419165,-0.08556571028726123,baseline_ab_filtered,当前 A+B filtered，不增加额外B过滤。
A_plus_B_strict,20260121,NONE,NO_CANDIDATE,,,,,0.0,818966.5464622871,818966.5464622871,,,False,False,,,,,,,False,0,False,500000.0,895599.121419165,-0.08556571028726123,baseline_ab_filtered,当前 A+B filtered，不增加额外B过滤。
A_plus_B_strict,20260122,NONE,NO_CANDIDATE,,,,,0.0,818966.5464622871,818966.5464622871,,,False,False,,,,,,,False,0,False,500000.0,895599.121419165,-0.08556571028726123,baseline_ab_filtered,当前 A+B filtered，不增加额外B过滤。
A_plus_B_strict,20260123,A,HISTORICAL_SIM_FILLED,920368.BJ,连城数控,bj,无,0.1027727855059111,818966.5464622871,903134.0196783724,a_audit_dynamic_account_return,,False,False,,,,,,,False,0,False,500000.0,903134.0196783724,0.0,baseline_ab_filtered,当前 A+B filtered，不增加额外B过滤。
A_plus_B_strict,20260126,A_OR_B,POSITION_OCCUPIED_SKIP,,,,,0.0,903134.0196783724,903134.0196783724,,920368.BJ 连城数控,False,False,,,,,,,False,0,False,500000.0,903134.0196783724,0.0,baseline_ab_filtered,当前 A+B filtered，不增加额外B过滤。
A_plus_B_strict,20260127,NONE,NO_CANDIDATE,,,,,0.0,903134.0196783724,903134.0196783724,,,False,False,,,,,,,False,0,False,500000.0,903134.0196783724,0.0,baseline_ab_filtered,当前 A+B filtered，不增加额外B过滤。
A_plus_B_strict,20260128,A,HISTORICAL_SIM_FILLED,300164.SZ,通源石油,chi_next,无,0.0457725821591917,903134.0196783724,944472.7957948617,a_audit_dynamic_account_return,,False,False,,,,,,,False,0,False,500000.0,944472.7957948617,0.0,baseline_ab_filtered,当前 A+B filtered，不增加额外B过滤。
A_plus_B_strict,20260129,A_OR_B,POSITION_OCCUPIED_SKIP,,,,,0.0,944472.7957948617,944472.7957948617,,300164.SZ 通源石油,False,False,,,,,,,False,0,False,500000.0,944472.7957948617,0.0,baseline_ab_filtered,当前 A+B filtered，不增加额外B过滤。
A_plus_B_strict,20260130,NONE,NO_CANDIDATE,,,,,0.0,944472.7957948617,944472.7957948617,,,False,False,,,,,,,False,0,False,500000.0,944472.7957948617,0.0,baseline_ab_filtered,当前 A+B filtered，不增加额外B过滤。
A_plus_B_strict,20260202,NONE,NO_CANDIDATE,,,,,0.0,944472.7957948617,944472.7957948617,,,False,False,,,,,,,False,0,False,500000.0,944472.7957948617,0.0,baseline_ab_filtered,当前 A+B filtered，不增加额外B过滤。
A_plus_B_strict,20260203,NONE,NO_CANDIDATE,,,,,0.0,944472.7957948617,944472.7957948617,,,False,False,,,,,,,False,0,False,500000.0,944472.7957948617,0.0,baseline_ab_filtered,当前 A+B filtered，不增加额外B过滤。
A_plus_B_strict,20260204,NONE,NO_CANDIDATE,,,,,0.0,944472.7957948617,944472.7957948617,,,False,False,,,,,,,False,0,False,500000.0,944472.7957948617,0.0,baseline_ab_filtered,当前 A+B filtered，不增加额外B过滤。
A_plus_B_strict,20260205,NONE,NO_CANDIDATE,,,,,0.0,944472.7957948617,944472.7957948617,,,False,False,,,,,,,False,0,False,500000.0,944472.7957948617,0.0,baseline_ab_filtered,当前 A+B filtered，不增加额外B过滤。
A_plus_B_strict,20260206,NONE,NO_CANDIDATE,,,,,0.0,944472.7957948617,944472.7957948617,,,False,False,,,,,,,False,0,False,500000.0,944472.7957948617,0.0,baseline_ab_filtered,当前 A+B filtered，不增加额外B过滤。
A_plus_B_strict,20260209,NONE,NO_CANDIDATE,,,,,0.0,944472.7957948617,944472.7957948617,,,False,False,,,,,,,False,0,False,500000.0,944472.7957948617,0.0,baseline_ab_filtered,当前 A+B filtered，不增加额外B过滤。
A_plus_B_strict,20260210,NONE,NO_CANDIDATE,,,,,0.0,944472.7957948617,944472.7957948617,,,False,False,,,,,,,False,0,False,500000.0,944472.7957948617,0.0,baseline_ab_filtered,当前 A+B filtered，不增加额外B过滤。
A_plus_B_strict,20260211,NONE,NO_CANDIDATE,,,,,0.0,944472.7957948617,944472.7957948617,,,False,False,,,,,,,False,0,False,500000.0,944472.7957948617,0.0,baseline_ab_filtered,当前 A+B filtered，不增加额外B过滤。
A_plus_B_strict,20260212,NONE,NO_CANDIDATE,,,,,0.0,944472.7957948617,944472.7957948617,,,False,False,,,,,,,False,0,False,500000.0,944472.7957948617,0.0,baseline_ab_filtered,当前 A+B filtered，不增加额外B过滤。
A_plus_B_strict,20260213,NONE,NO_CANDIDATE,,,,,0.0,944472.7957948617,944472.7957948617,,,False,False,,,,,,,False,0,False,500000.0,944472.7957948617,0.0,baseline_ab_filtered,当前 A+B filtered，不增加额外B过滤。
A_plus_B_strict,20260224,NONE,NO_CANDIDATE,,,,,0.0,944472.7957948617,944472.7957948617,,,False,False,,,,,,,False,0,False,500000.0,944472.7957948617,0.0,baseline_ab_filtered,当前 A+B filtered，不增加额外B过滤。
A_plus_B_strict,20260225,NONE,NO_CANDIDATE,,,,,0.0,944472.7957948617,944472.7957948617,,,False,False,,,,,,,False,0,False,500000.0,944472.7957948617,0.0,baseline_ab_filtered,当前 A+B filtered，不增加额外B过滤。
A_plus_B_strict,20260226,A,HISTORICAL_SIM_FILLED,300499.SZ,高澜股份,chi_next,无,0.0193948880593092,944472.7957948617,962790.7399443658,a_audit_dynamic_account_return,,False,False,,,,,,,False,0,False,500000.0,962790.7399443658,0.0,baseline_ab_filtered,当前 A+B filtered，不增加额外B过滤。
A_plus_B_strict,20260227,A_OR_B,POSITION_OCCUPIED_SKIP,,,,,0.0,962790.7399443658,962790.7399443658,,300499.SZ 高澜股份,False,False,,,,,,,False,0,False,500000.0,962790.7399443658,0.0,baseline_ab_filtered,当前 A+B filtered，不增加额外B过滤。
A_plus_B_strict,20260302,B,HISTORICAL_SIM_FILLED,603257.SH,中国瑞林,sh_main,无,-0.027628032279987592,962790.7399443658,936190.7263023098,b_conservative_daily_replay,,True,True,,,20260303,20260304,72.70262999999998,70.30962,False,0,False,500000.0,962790.7399443658,-0.027628032279987558,baseline_ab_filtered,当前 A+B filtered，不增加额外B过滤。
A_plus_B_strict,20260303,A_OR_B,POSITION_OCCUPIED_SKIP,,,,,0.0,936190.7263023098,936190.7263023098,,603257.SH 中国瑞林,False,False,,,,,,,False,0,False,500000.0,962790.7399443658,-0.027628032279987558,baseline_ab_filtered,当前 A+B filtered，不增加额外B过滤。
A_plus_B_strict,20260304,NONE,NO_CANDIDATE,,,,,0.0,936190.7263023098,936190.7263023098,,,False,False,,,,,,,False,0,False,500000.0,962790.7399443658,-0.027628032279987558,baseline_ab_filtered,当前 A+B filtered，不增加额外B过滤。
A_plus_B_strict,20260305,NONE,NO_CANDIDATE,,,,,0.0,936190.7263023098,936190.7263023098,,,False,False,,,,,,,False,0,False,500000.0,962790.7399443658,-0.027628032279987558,baseline_ab_filtered,当前 A+B filtered，不增加额外B过滤。
A_plus_B_strict,20260306,B,HISTORICAL_SIM_FILLED,000509.SZ,华塑控股,sz_main,无,0.022055648351648537,936190.7263023098,956839.0197517079,b_conservative_daily_replay,,True,True,,,20260309,20260310,3.8438399999999993,3.95604,False,0,False,500000.0,962790.7399443658,-0.006181738092954414,baseline_ab_filtered,当前 A+B filtered，不增加额外B过滤。
A_plus_B_strict,20260309,A_OR_B,POSITION_OCCUPIED_SKIP,,,,,0.0,956839.0197517079,956839.0197517079,,000509.SZ 华塑控股,False,False,,,,,,,False,0,False,500000.0,962790.7399443658,-0.006181738092954414,baseline_ab_filtered,当前 A+B filtered，不增加额外B过滤。
A_plus_B_strict,20260310,NONE,NO_CANDIDATE,,,,,0.0,956839.0197517079,956839.0197517079,,,False,False,,,,,,,False,0,False,500000.0,962790.7399443658,-0.006181738092954414,baseline_ab_filtered,当前 A+B filtered，不增加额外B过滤。
A_plus_B_strict,20260311,B,HISTORICAL_SIM_FILLED,603778.SH,国晟科技,sh_main,无,-0.015549181976524854,956839.0197517079,941960.9557113489,b_conservative_daily_replay,,True,True,,,20260312,20260313,20.840819999999997,20.46951,False,0,False,500000.0,962790.7399443658,-0.021634799098940727,baseline_ab_filtered,当前 A+B filtered，不增加额外B过滤。
A_plus_B_strict,20260312,A_OR_B,POSITION_OCCUPIED_SKIP,,,,,0.0,941960.9557113489,941960.9557113489,,603778.SH 国晟科技,False,False,,,,,,,False,0,False,500000.0,962790.7399443658,-0.021634799098940727,baseline_ab_filtered,当前 A+B filtered，不增加额外B过滤。
A_plus_B_strict,20260313,B,HISTORICAL_SIM_FILLED,603248.SH,锡华科技,sh_main,无,0.14196793827778875,941960.9557113489,1075689.2105318645,b_conservative_daily_replay,,True,True,,,20260316,20260317,28.908879999999996,34.085879999999996,False,0,False,500000.0,1075689.2105318645,0.0,baseline_ab_filtered,当前 A+B filtered，不增加额外B过滤。
A_plus_B_strict,20260316,A_OR_B,POSITION_OCCUPIED_SKIP,,,,,0.0,1075689.2105318645,1075689.2105318645,,603248.SH 锡华科技,False,False,,,,,,,False,0,False,500000.0,1075689.2105318645,0.0,baseline_ab_filtered,当前 A+B filtered，不增加额外B过滤。
A_plus_B_strict,20260317,NONE,NO_CANDIDATE,,,,,0.0,1075689.2105318645,1075689.2105318645,,,False,False,,,,,,,False,0,False,500000.0,1075689.2105318645,0.0,baseline_ab_filtered,当前 A+B filtered，不增加额外B过滤。
A_plus_B_strict,20260318,NONE,NO_CANDIDATE,,,,,0.0,1075689.2105318645,1075689.2105318645,,,False,False,,,,,,,False,0,False,500000.0,1075689.2105318645,0.0,baseline_ab_filtered,当前 A+B filtered，不增加额外B过滤。
A_plus_B_strict,20260319,NONE,NO_CANDIDATE,,,,,0.0,1075689.2105318645,1075689.2105318645,,,False,False,,,,,,,False,0,False,500000.0,1075689.2105318645,0.0,baseline_ab_filtered,当前 A+B filtered，不增加额外B过滤。
A_plus_B_strict,20260320,NONE,NO_CANDIDATE,,,,,0.0,1075689.2105318645,1075689.2105318645,,,False,False,,,,,,,False,0,False,500000.0,1075689.2105318645,0.0,baseline_ab_filtered,当前 A+B filtered，不增加额外B过滤。
A_plus_B_strict,20260323,NONE,NO_CANDIDATE,,,,,0.0,1075689.2105318645,1075689.2105318645,,,False,False,,,,,,,False,0,False,500000.0,1075689.2105318645,0.0,baseline_ab_filtered,当前 A+B filtered，不增加额外B过滤。
A_plus_B_strict,20260324,B,HISTORICAL_SIM_FILLED,601016.SH,节能风电,sh_main,无,0.05001172841616214,1075689.2105318645,1129486.28718918,b_conservative_daily_replay,,True,True,,,20260325,20260326,4.98498,5.30469,False,0,False,500000.0,1129486.28718918,0.0,baseline_ab_filtered,当前 A+B filtered，不增加额外B过滤。
A_plus_B_strict,20260325,A_OR_B,POSITION_OCCUPIED_SKIP,,,,,0.0,1129486.28718918,1129486.28718918,,601016.SH 节能风电,False,False,,,,,,,False,0,False,500000.0,1129486.28718918,0.0,baseline_ab_filtered,当前 A+B filtered，不增加额外B过滤。
A_plus_B_strict,20260326,NONE,NO_CANDIDATE,,,,,0.0,1129486.28718918,1129486.28718918,,,False,False,,,,,,,False,0,False,500000.0,1129486.28718918,0.0,baseline_ab_filtered,当前 A+B filtered，不增加额外B过滤。
A_plus_B_strict,20260327,A,HISTORICAL_SIM_FILLED,300204.SZ,舒泰神,chi_next,无,0.0397618491523106,1129486.28718918,1174396.7505599996,a_audit_dynamic_account_return,,False,False,,,,,,,False,0,False,500000.0,1174396.7505599996,0.0,baseline_ab_filtered,当前 A+B filtered，不增加额外B过滤。
A_plus_B_strict,20260330,A_OR_B,POSITION_OCCUPIED_SKIP,,,,,0.0,1174396.7505599996,1174396.7505599996,,300204.SZ 舒泰神,False,False,,,,,,,False,0,False,500000.0,1174396.7505599996,0.0,baseline_ab_filtered,当前 A+B filtered，不增加额外B过滤。
A_plus_B_strict,20260331,NONE,NO_CANDIDATE,,,,,0.0,1174396.7505599996,1174396.7505599996,,,False,False,,,,,,,False,0,False,500000.0,1174396.7505599996,0.0,baseline_ab_filtered,当前 A+B filtered，不增加额外B过滤。
A_plus_B_strict,20260401,NONE,NO_CANDIDATE,,,,,0.0,1174396.7505599996,1174396.7505599996,,,False,False,,,,,,,False,0,False,500000.0,1174396.7505599996,0.0,baseline_ab_filtered,当前 A+B filtered，不增加额外B过滤。
A_plus_B_strict,20260402,NONE,NO_CANDIDATE,,,,,0.0,1174396.7505599996,1174396.7505599996,,,False,False,,,,,,,False,0,False,500000.0,1174396.7505599996,0.0,baseline_ab_filtered,当前 A+B filtered，不增加额外B过滤。
A_plus_B_strict,20260403,NONE,NO_CANDIDATE,,,,,0.0,1174396.7505599996,1174396.7505599996,,,False,False,,,,,,,False,0,False,500000.0,1174396.7505599996,0.0,baseline_ab_filtered,当前 A+B filtered，不增加额外B过滤。
A_plus_B_strict,20260407,NONE,NO_CANDIDATE,,,,,0.0,1174396.7505599996,1174396.7505599996,,,False,False,,,,,,,False,0,False,500000.0,1174396.7505599996,0.0,baseline_ab_filtered,当前 A+B filtered，不增加额外B过滤。
A_plus_B_strict,20260408,B,HISTORICAL_SIM_FILLED,603083.SH,剑桥科技,sh_main,无,0.02050690266715481,1174396.7505599996,1198479.9904163564,b_conservative_daily_replay,,True,True,,,20260409,20260410,113.04293,116.12375999999999,False,0,False,500000.0,1198479.9904163564,0.0,baseline_ab_filtered,当前 A+B filtered，不增加额外B过滤。
A_plus_B_strict,20260409,A_OR_B,POSITION_OCCUPIED_SKIP,,,,,0.0,1198479.9904163564,1198479.9904163564,,603083.SH 剑桥科技,False,False,,,,,,,False,0,False,500000.0,1198479.9904163564,0.0,baseline_ab_filtered,当前 A+B filtered，不增加额外B过滤。
A_plus_B_strict,20260410,NONE,NO_CANDIDATE,,,,,0.0,1198479.9904163564,1198479.9904163564,,,False,False,,,,,,,False,0,False,500000.0,1198479.9904163564,0.0,baseline_ab_filtered,当前 A+B filtered，不增加额外B过滤。
A_plus_B_strict,20260413,B,HISTORICAL_SIM_FILLED,000968.SZ,蓝焰控股,sz_main,无,-0.049626241187383915,1198479.9904163564,1139003.9333537007,b_conservative_daily_replay,,True,True,,,20260414,20260415,10.090079999999999,9.48051,False,0,False,500000.0,1198479.9904163564,-0.0496262411873839,baseline_ab_filtered,当前 A+B filtered，不增加额外B过滤。
A_plus_B_strict,20260414,A_OR_B,POSITION_OCCUPIED_SKIP,,,,,0.0,1139003.9333537007,1139003.9333537007,,000968.SZ 蓝焰控股,False,False,,,,,,,False,0,False,500000.0,1198479.9904163564,-0.0496262411873839,baseline_ab_filtered,当前 A+B filtered，不增加额外B过滤。
A_plus_B_strict,20260415,NONE,NO_CANDIDATE,,,,,0.0,1139003.9333537007,1139003.9333537007,,,False,False,,,,,,,False,0,False,500000.0,1198479.9904163564,-0.0496262411873839,baseline_ab_filtered,当前 A+B filtered，不增加额外B过滤。
A_plus_B_strict,20260416,B,HISTORICAL_SIM_FILLED,603220.SH,中贝通信,sh_main,无,-0.04408957006629736,1139003.9333537007,1088785.7396283145,b_conservative_daily_replay,,True,True,,,20260417,20260420,32.59256,30.84912,False,0,False,500000.0,1198479.9904163564,-0.0915278116157231,baseline_ab_filtered,当前 A+B filtered，不增加额外B过滤。
A_plus_B_strict,20260417,A_OR_B,POSITION_OCCUPIED_SKIP,,,,,0.0,1088785.7396283145,1088785.7396283145,,603220.SH 中贝通信,False,False,,,,,,,False,0,False,500000.0,1198479.9904163564,-0.0915278116157231,baseline_ab_filtered,当前 A+B filtered，不增加额外B过滤。
A_plus_B_strict,20260420,NONE,NO_CANDIDATE,,,,,0.0,1088785.7396283145,1088785.7396283145,,,False,False,,,,,,,False,0,False,500000.0,1198479.9904163564,-0.0915278116157231,baseline_ab_filtered,当前 A+B filtered，不增加额外B过滤。
A_plus_B_strict,20260421,NONE,NO_CANDIDATE,,,,,0.0,1088785.7396283145,1088785.7396283145,,,False,False,,,,,,,False,0,False,500000.0,1198479.9904163564,-0.0915278116157231,baseline_ab_filtered,当前 A+B filtered，不增加额外B过滤。
A_plus_B_strict,20260422,NONE,NO_CANDIDATE,,,,,0.0,1088785.7396283145,1088785.7396283145,,,False,False,,,,,,,False,0,False,500000.0,1198479.9904163564,-0.0915278116157231,baseline_ab_filtered,当前 A+B filtered，不增加额外B过滤。
A_plus_B_strict,20260423,NONE,NO_CANDIDATE,,,,,0.0,1088785.7396283145,1088785.7396283145,,,False,False,,,,,,,False,0,False,500000.0,1198479.9904163564,-0.0915278116157231,baseline_ab_filtered,当前 A+B filtered，不增加额外B过滤。
A_plus_B_strict,20260424,NONE,NO_CANDIDATE,,,,,0.0,1088785.7396283145,1088785.7396283145,,,False,False,,,,,,,False,0,False,500000.0,1198479.9904163564,-0.0915278116157231,baseline_ab_filtered,当前 A+B filtered，不增加额外B过滤。
A_plus_B_strict,20260427,NONE,NO_CANDIDATE,,,,,0.0,1088785.7396283145,1088785.7396283145,,,False,False,,,,,,,False,0,False,500000.0,1198479.9904163564,-0.0915278116157231,baseline_ab_filtered,当前 A+B filtered，不增加额外B过滤。
A_plus_B_strict,20260428,NONE,NO_CANDIDATE,,,,,0.0,1088785.7396283145,1088785.7396283145,,,False,False,,,,,,,False,0,False,500000.0,1198479.9904163564,-0.0915278116157231,baseline_ab_filtered,当前 A+B filtered，不增加额外B过滤。
A_plus_B_strict,20260429,NONE,NO_CANDIDATE,,,,,0.0,1088785.7396283145,1088785.7396283145,,,False,False,,,,,,,False,0,False,500000.0,1198479.9904163564,-0.0915278116157231,baseline_ab_filtered,当前 A+B filtered，不增加额外B过滤。
A_plus_B_strict,20260430,NONE,NO_CANDIDATE,,,,,0.0,1088785.7396283145,1088785.7396283145,,,False,False,,,,,,,False,0,False,500000.0,1198479.9904163564,-0.0915278116157231,baseline_ab_filtered,当前 A+B filtered，不增加额外B过滤。
A_plus_B_strict,20260506,NONE,NO_CANDIDATE,,,,,0.0,1088785.7396283145,1088785.7396283145,,,False,False,,,,,,,False,0,False,500000.0,1198479.9904163564,-0.0915278116157231,baseline_ab_filtered,当前 A+B filtered，不增加额外B过滤。
A_plus_B_strict,20260507,B,HISTORICAL_SIM_FILLED,603256.SH,宏和科技,sh_main,无,0.02464048591717308,1088785.7396283145,1115613.949312445,b_conservative_daily_replay,,True,True,,,20260508,20260511,145.12497999999997,149.83002,False,0,False,500000.0,1198479.9904163564,-0.06914261545169675,baseline_ab_filtered,当前 A+B filtered，不增加额外B过滤。
A_plus_B_strict,20260508,A_OR_B,POSITION_OCCUPIED_SKIP,,,,,0.0,1115613.949312445,1115613.949312445,,603256.SH 宏和科技,False,False,,,,,,,False,0,False,500000.0,1198479.9904163564,-0.06914261545169675,baseline_ab_filtered,当前 A+B filtered，不增加额外B过滤。
A_plus_B_strict,20260511,NONE,NO_CANDIDATE,,,,,0.0,1115613.949312445,1115613.949312445,,,False,False,,,,,,,False,0,False,500000.0,1198479.9904163564,-0.06914261545169675,baseline_ab_filtered,当前 A+B filtered，不增加额外B过滤。
A_plus_B_strict,20260512,NONE,NO_CANDIDATE,,,,,0.0,1115613.949312445,1115613.949312445,,,False,False,,,,,,,False,0,False,500000.0,1198479.9904163564,-0.06914261545169675,baseline_ab_filtered,当前 A+B filtered，不增加额外B过滤。
A_plus_B_strict,20260513,NONE,NO_CANDIDATE,,,,,0.0,1115613.949312445,1115613.949312445,,,False,False,,,,,,,False,0,False,500000.0,1198479.9904163564,-0.06914261545169675,baseline_ab_filtered,当前 A+B filtered，不增加额外B过滤。
A_plus_B_strict,20260514,NONE,NO_CANDIDATE,,,,,0.0,1115613.949312445,1115613.949312445,,,False,False,,,,,,,False,0,False,500000.0,1198479.9904163564,-0.06914261545169675,baseline_ab_filtered,当前 A+B filtered，不增加额外B过滤。
A_plus_B_strict,20251112,NONE,NO_CANDIDATE,,,,,0.0,500000.0,500000.0,,,False,False,,,,,,,False,0,False,500000.0,500000.0,0.0,reject_b_market_segment_sh_main,B额外过滤沪市主板。
A_plus_B_strict,20251113,NONE,NO_CANDIDATE,,,,,0.0,500000.0,500000.0,,,False,False,,,,,,,False,0,False,500000.0,500000.0,0.0,reject_b_market_segment_sh_main,B额外过滤沪市主板。
A_plus_B_strict,20251114,NONE,NO_CANDIDATE,,,,,0.0,500000.0,500000.0,,,False,False,,,,,,,False,0,False,500000.0,500000.0,0.0,reject_b_market_segment_sh_main,B额外过滤沪市主板。
A_plus_B_strict,20251117,NONE,NO_CANDIDATE,,,,,0.0,500000.0,500000.0,,,False,False,,,,,,,False,0,False,500000.0,500000.0,0.0,reject_b_market_segment_sh_main,B额外过滤沪市主板。
A_plus_B_strict,20251118,NONE,NO_CANDIDATE,,,,,0.0,500000.0,500000.0,,,False,False,,,,,,,False,0,False,500000.0,500000.0,0.0,reject_b_market_segment_sh_main,B额外过滤沪市主板。
A_plus_B_strict,20251119,NONE,NO_CANDIDATE,,,,,0.0,500000.0,500000.0,,,False,False,,,,,,,False,0,False,500000.0,500000.0,0.0,reject_b_market_segment_sh_main,B额外过滤沪市主板。
A_plus_B_strict,20251120,A,HISTORICAL_SIM_FILLED,301092.SZ,争光股份,chi_next,无,-0.0505145833968012,500000.0,474742.7083015994,a_audit_dynamic_account_return,,False,False,,,,,,,False,0,False,500000.0,500000.0,-0.05051458339680115,reject_b_market_segment_sh_main,B额外过滤沪市主板。
A_plus_B_strict,20251121,A_OR_B,POSITION_OCCUPIED_SKIP,,,,,0.0,474742.7083015994,474742.7083015994,,301092.SZ 争光股份,False,False,,,,,,,False,0,False,500000.0,500000.0,-0.05051458339680115,reject_b_market_segment_sh_main,B额外过滤沪市主板。
A_plus_B_strict,20251124,NONE,NO_CANDIDATE,,,,,0.0,474742.7083015994,474742.7083015994,,,False,False,,,,,,,False,0,False,500000.0,500000.0,-0.05051458339680115,reject_b_market_segment_sh_main,B额外过滤沪市主板。
A_plus_B_strict,20251125,A,REVIEW_REQUIRED_PLAN_ONLY,301117.SZ,佳缘科技,chi_next,LOSS_OVERLAY_WATCH,0.0,474742.7083015994,474742.7083015994,manual_review_skip,,False,False,,,,,,,False,0,False,500000.0,500000.0,-0.05051458339680115,reject_b_market_segment_sh_main,B额外过滤沪市主板。
A_plus_B_strict,20251126,NONE,NO_CANDIDATE,,,,,0.0,474742.7083015994,474742.7083015994,,,False,False,,,,,,,False,0,False,500000.0,500000.0,-0.05051458339680115,reject_b_market_segment_sh_main,B额外过滤沪市主板。
A_plus_B_strict,20251127,NONE,NO_CANDIDATE,,,,,0.0,474742.7083015994,474742.7083015994,,,False,False,,,,,,,False,0,False,500000.0,500000.0,-0.05051458339680115,reject_b_market_segment_sh_main,B额外过滤沪市主板。
A_plus_B_strict,20251128,NONE,NO_CANDIDATE,,,,,0.0,474742.7083015994,474742.7083015994,,,False,False,,,,,,,False,0,False,500000.0,500000.0,-0.05051458339680115,reject_b_market_segment_sh_main,B额外过滤沪市主板。
A_plus_B_strict,20251201,B,HISTORICAL_SIM_FILLED,000078.SZ,海王生物,sz_main,无,0.14838169073032234,474742.7083015994,545185.834021283,b_conservative_daily_replay,,True,True,,,20251202,20251203,3.8037999999999994,4.515479999999999,False,0,False,500000.0,545185.834021283,0.0,reject_b_market_segment_sh_main,B额外过滤沪市主板。
A_plus_B_strict,20251202,A_OR_B,POSITION_OCCUPIED_SKIP,,,,,0.0,545185.834021283,545185.834021283,,000078.SZ 海王生物,False,False,,,,,,,False,0,False,500000.0,545185.834021283,0.0,reject_b_market_segment_sh_main,B额外过滤沪市主板。
A_plus_B_strict,20251203,NONE,NO_CANDIDATE,,,,,0.0,545185.834021283,545185.834021283,,,False,False,,,,,,,False,0,False,500000.0,545185.834021283,0.0,reject_b_market_segment_sh_main,B额外过滤沪市主板。
A_plus_B_strict,20251204,A,HISTORICAL_SIM_FILLED,300946.SZ,恒而达,chi_next,无,0.0291749495998269,545185.834021283,561091.6032513934,a_audit_dynamic_account_return,,False,False,,,,,,,False,0,False,500000.0,561091.6032513934,0.0,reject_b_market_segment_sh_main,B额外过滤沪市主板。
A_plus_B_strict,20251205,A_OR_B,POSITION_OCCUPIED_SKIP,,,,,0.0,561091.6032513934,561091.6032513934,,300946.SZ 恒而达,False,False,,,,,,,False,0,False,500000.0,561091.6032513934,0.0,reject_b_market_segment_sh_main,B额外过滤沪市主板。
A_plus_B_strict,20251208,B,HISTORICAL_SIM_FILLED,000571.SZ,新大洲A,sz_main,无,0.03126858280230099,561091.6032513934,578636.1425073354,b_conservative_daily_replay,,True,True,,,20251209,20251210,6.316309999999999,6.5734200000000005,False,0,False,500000.0,578636.1425073354,0.0,reject_b_market_segment_sh_main,B额外过滤沪市主板。
A_plus_B_strict,20251209,A_OR_B,POSITION_OCCUPIED_SKIP,,,,,0.0,578636.1425073354,578636.1425073354,,000571.SZ 新大洲A,False,False,,,,,,,False,0,False,500000.0,578636.1425073354,0.0,reject_b_market_segment_sh_main,B额外过滤沪市主板。
A_plus_B_strict,20251210,NONE,NO_CANDIDATE,,,,,0.0,578636.1425073354,578636.1425073354,,,False,False,,,,,,,False,0,False,500000.0,578636.1425073354,0.0,reject_b_market_segment_sh_main,B额外过滤沪市主板。
A_plus_B_strict,20251211,NONE,NO_CANDIDATE,,,,,0.0,578636.1425073354,578636.1425073354,,,False,False,,,,,,,False,0,False,500000.0,578636.1425073354,0.0,reject_b_market_segment_sh_main,B额外过滤沪市主板。
A_plus_B_strict,20251212,A,HISTORICAL_SIM_FILLED,920576.BJ,天力复合,bj,无,0.181313377355646,578636.1425073354,683550.6157653834,a_audit_dynamic_account_return,,False,False,,,,,,,False,0,False,500000.0,683550.6157653834,0.0,reject_b_market_segment_sh_main,B额外过滤沪市主板。
A_plus_B_strict,20251215,A_OR_B,POSITION_OCCUPIED_SKIP,,,,,0.0,683550.6157653834,683550.6157653834,,920576.BJ 天力复合,False,False,,,,,,,False,0,False,500000.0,683550.6157653834,0.0,reject_b_market_segment_sh_main,B额外过滤沪市主板。
A_plus_B_strict,20251216,NONE,NO_CANDIDATE,,,,,0.0,683550.6157653834,683550.6157653834,,,False,False,,,,,,,False,0,False,500000.0,683550.6157653834,0.0,reject_b_market_segment_sh_main,B额外过滤沪市主板。
A_plus_B_strict,20251217,NONE,NO_CANDIDATE,,,,,0.0,683550.6157653834,683550.6157653834,,,False,False,,,,,,,False,0,False,500000.0,683550.6157653834,0.0,reject_b_market_segment_sh_main,B额外过滤沪市主板。
A_plus_B_strict,20251218,NONE,NO_CANDIDATE,,,,,0.0,683550.6157653834,683550.6157653834,,,False,False,,,,,,,False,0,False,500000.0,683550.6157653834,0.0,reject_b_market_segment_sh_main,B额外过滤沪市主板。
A_plus_B_strict,20251219,A,REVIEW_REQUIRED_PLAN_ONLY,300557.SZ,理工光科,chi_next,LOSS_OVERLAY_WATCH,0.0,683550.6157653834,683550.6157653834,manual_review_skip,,False,False,,,,,,,False,0,False,500000.0,683550.6157653834,0.0,reject_b_market_segment_sh_main,B额外过滤沪市主板。
A_plus_B_strict,20251222,NONE,NO_CANDIDATE,,,,,0.0,683550.6157653834,683550.6157653834,,,False,False,,,,,,,False,0,False,500000.0,683550.6157653834,0.0,reject_b_market_segment_sh_main,B额外过滤沪市主板。
A_plus_B_strict,20251223,NONE,NO_CANDIDATE,,,,,0.0,683550.6157653834,683550.6157653834,,,False,False,,,,,,,False,0,False,500000.0,683550.6157653834,0.0,reject_b_market_segment_sh_main,B额外过滤沪市主板。
A_plus_B_strict,20251224,NONE,NO_CANDIDATE,,,,,0.0,683550.6157653834,683550.6157653834,,,False,False,,,,,,,False,0,False,500000.0,683550.6157653834,0.0,reject_b_market_segment_sh_main,B额外过滤沪市主板。
A_plus_B_strict,20251225,NONE,NO_CANDIDATE,,,,,0.0,683550.6157653834,683550.6157653834,,,False,False,,,,,,,False,0,False,500000.0,683550.6157653834,0.0,reject_b_market_segment_sh_main,B额外过滤沪市主板。
A_plus_B_strict,20251226,NONE,NO_CANDIDATE,,,,,0.0,683550.6157653834,683550.6157653834,,,False,False,,,,,,,False,0,False,500000.0,683550.6157653834,0.0,reject_b_market_segment_sh_main,B额外过滤沪市主板。
A_plus_B_strict,20251229,NONE,NO_CANDIDATE,,,,,0.0,683550.6157653834,683550.6157653834,,,False,False,,,,,,,False,0,False,500000.0,683550.6157653834,0.0,reject_b_market_segment_sh_main,B额外过滤沪市主板。
A_plus_B_strict,20251230,NONE,NO_CANDIDATE,,,,,0.0,683550.6157653834,683550.6157653834,,,False,False,,,,,,,False,0,False,500000.0,683550.6157653834,0.0,reject_b_market_segment_sh_main,B额外过滤沪市主板。
A_plus_B_strict,20251231,A,HISTORICAL_SIM_FILLED,300058.SZ,蓝色光标,chi_next,无,0.1308549259970799,683550.6157653834,772996.581006621,a_audit_dynamic_account_return,,False,False,,,,,,,False,0,False,500000.0,772996.581006621,0.0,reject_b_market_segment_sh_main,B额外过滤沪市主板。
A_plus_B_strict,20260105,A_OR_B,POSITION_OCCUPIED_SKIP,,,,,0.0,772996.581006621,772996.581006621,,300058.SZ 蓝色光标,False,False,,,,,,,False,0,False,500000.0,772996.581006621,0.0,reject_b_market_segment_sh_main,B额外过滤沪市主板。
A_plus_B_strict,20260106,B,HISTORICAL_SIM_FILLED,002865.SZ,钧达股份,sz_main,无,0.15860683400809739,772996.581006621,895599.121419165,b_conservative_daily_replay,,True,True,,,20260107,20260108,57.056999999999995,68.46147,False,0,False,500000.0,895599.121419165,0.0,reject_b_market_segment_sh_main,B额外过滤沪市主板。
A_plus_B_strict,20260107,A_OR_B,POSITION_OCCUPIED_SKIP,,,,,0.0,895599.121419165,895599.121419165,,002865.SZ 钧达股份,False,False,,,,,,,False,0,False,500000.0,895599.121419165,0.0,reject_b_market_segment_sh_main,B额外过滤沪市主板。
A_plus_B_strict,20260108,NONE,NO_CANDIDATE,,,,,0.0,895599.121419165,895599.121419165,,,False,False,,,,,,,False,0,False,500000.0,895599.121419165,0.0,reject_b_market_segment_sh_main,B额外过滤沪市主板。
A_plus_B_strict,20260109,NONE,NO_CANDIDATE,,,,,0.0,895599.121419165,895599.121419165,,,False,False,,,,,,,False,0,False,500000.0,895599.121419165,0.0,reject_b_market_segment_sh_main,B额外过滤沪市主板。
A_plus_B_strict,20260112,NONE,NO_CANDIDATE,,,,,0.0,895599.121419165,895599.121419165,,,False,False,,,,,,,False,0,False,500000.0,895599.121419165,0.0,reject_b_market_segment_sh_main,B额外过滤沪市主板。
A_plus_B_strict,20260113,NONE,NO_CANDIDATE,,,,,0.0,895599.121419165,895599.121419165,,,False,False,,,,,,,False,0,False,500000.0,895599.121419165,0.0,reject_b_market_segment_sh_main,B额外过滤沪市主板。
A_plus_B_strict,20260114,NONE,NO_CANDIDATE,,,,,0.0,895599.121419165,895599.121419165,,,False,False,,,,,,,False,0,False,500000.0,895599.121419165,0.0,reject_b_market_segment_sh_main,B额外过滤沪市主板。
A_plus_B_strict,20260115,A,HISTORICAL_SIM_FILLED,301629.SZ,矽电股份,chi_next,无,-0.0338313603969523,895599.121419165,865299.7847712394,a_audit_dynamic_account_return,,False,False,,,,,,,False,0,False,500000.0,895599.121419165,-0.03383136039695234,reject_b_market_segment_sh_main,B额外过滤沪市主板。
A_plus_B_strict,20260116,A_OR_B,POSITION_OCCUPIED_SKIP,,,,,0.0,865299.7847712394,865299.7847712394,,301629.SZ 矽电股份,False,False,,,,,,,False,0,False,500000.0,895599.121419165,-0.03383136039695234,reject_b_market_segment_sh_main,B额外过滤沪市主板。
A_plus_B_strict,20260119,A,HISTORICAL_SIM_FILLED,300658.SZ,延江股份,chi_next,无,0.0681174370165976,865299.7847712394,924241.7883608697,a_audit_dynamic_account_return,,False,False,,,,,,,False,0,False,500000.0,924241.7883608697,0.0,reject_b_market_segment_sh_main,B额外过滤沪市主板。
A_plus_B_strict,20260120,A_OR_B,POSITION_OCCUPIED_SKIP,,,,,0.0,924241.7883608697,924241.7883608697,,300658.SZ 延江股份,False,False,,,,,,,False,0,False,500000.0,924241.7883608697,0.0,reject_b_market_segment_sh_main,B额外过滤沪市主板。
A_plus_B_strict,20260121,NONE,NO_CANDIDATE,,,,,0.0,924241.7883608697,924241.7883608697,,,False,False,,,,,,,False,0,False,500000.0,924241.7883608697,0.0,reject_b_market_segment_sh_main,B额外过滤沪市主板。
A_plus_B_strict,20260122,NONE,NO_CANDIDATE,,,,,0.0,924241.7883608697,924241.7883608697,,,False,False,,,,,,,False,0,False,500000.0,924241.7883608697,0.0,reject_b_market_segment_sh_main,B额外过滤沪市主板。
A_plus_B_strict,20260123,A,HISTORICAL_SIM_FILLED,920368.BJ,连城数控,bj,无,0.1027727855059111,924241.7883608697,1019228.691431681,a_audit_dynamic_account_return,,False,False,,,,,,,False,0,False,500000.0,1019228.691431681,0.0,reject_b_market_segment_sh_main,B额外过滤沪市主板。
A_plus_B_strict,20260126,A_OR_B,POSITION_OCCUPIED_SKIP,,,,,0.0,1019228.691431681,1019228.691431681,,920368.BJ 连城数控,False,False,,,,,,,False,0,False,500000.0,1019228.691431681,0.0,reject_b_market_segment_sh_main,B额外过滤沪市主板。
A_plus_B_strict,20260127,NONE,NO_CANDIDATE,,,,,0.0,1019228.691431681,1019228.691431681,,,False,False,,,,,,,False,0,False,500000.0,1019228.691431681,0.0,reject_b_market_segment_sh_main,B额外过滤沪市主板。
A_plus_B_strict,20260128,A,HISTORICAL_SIM_FILLED,300164.SZ,通源石油,chi_next,无,0.0457725821591917,1019228.691431681,1065881.4204492432,a_audit_dynamic_account_return,,False,False,,,,,,,False,0,False,500000.0,1065881.4204492432,0.0,reject_b_market_segment_sh_main,B额外过滤沪市主板。
A_plus_B_strict,20260129,A_OR_B,POSITION_OCCUPIED_SKIP,,,,,0.0,1065881.4204492432,1065881.4204492432,,300164.SZ 通源石油,False,False,,,,,,,False,0,False,500000.0,1065881.4204492432,0.0,reject_b_market_segment_sh_main,B额外过滤沪市主板。
A_plus_B_strict,20260130,NONE,NO_CANDIDATE,,,,,0.0,1065881.4204492432,1065881.4204492432,,,False,False,,,,,,,False,0,False,500000.0,1065881.4204492432,0.0,reject_b_market_segment_sh_main,B额外过滤沪市主板。
A_plus_B_strict,20260202,NONE,NO_CANDIDATE,,,,,0.0,1065881.4204492432,1065881.4204492432,,,False,False,,,,,,,False,0,False,500000.0,1065881.4204492432,0.0,reject_b_market_segment_sh_main,B额外过滤沪市主板。
A_plus_B_strict,20260203,NONE,NO_CANDIDATE,,,,,0.0,1065881.4204492432,1065881.4204492432,,,False,False,,,,,,,False,0,False,500000.0,1065881.4204492432,0.0,reject_b_market_segment_sh_main,B额外过滤沪市主板。
A_plus_B_strict,20260204,NONE,NO_CANDIDATE,,,,,0.0,1065881.4204492432,1065881.4204492432,,,False,False,,,,,,,False,0,False,500000.0,1065881.4204492432,0.0,reject_b_market_segment_sh_main,B额外过滤沪市主板。
A_plus_B_strict,20260205,NONE,NO_CANDIDATE,,,,,0.0,1065881.4204492432,1065881.4204492432,,,False,False,,,,,,,False,0,False,500000.0,1065881.4204492432,0.0,reject_b_market_segment_sh_main,B额外过滤沪市主板。
A_plus_B_strict,20260206,NONE,NO_CANDIDATE,,,,,0.0,1065881.4204492432,1065881.4204492432,,,False,False,,,,,,,False,0,False,500000.0,1065881.4204492432,0.0,reject_b_market_segment_sh_main,B额外过滤沪市主板。
A_plus_B_strict,20260209,NONE,NO_CANDIDATE,,,,,0.0,1065881.4204492432,1065881.4204492432,,,False,False,,,,,,,False,0,False,500000.0,1065881.4204492432,0.0,reject_b_market_segment_sh_main,B额外过滤沪市主板。
A_plus_B_strict,20260210,NONE,NO_CANDIDATE,,,,,0.0,1065881.4204492432,1065881.4204492432,,,False,False,,,,,,,False,0,False,500000.0,1065881.4204492432,0.0,reject_b_market_segment_sh_main,B额外过滤沪市主板。
A_plus_B_strict,20260211,NONE,NO_CANDIDATE,,,,,0.0,1065881.4204492432,1065881.4204492432,,,False,False,,,,,,,False,0,False,500000.0,1065881.4204492432,0.0,reject_b_market_segment_sh_main,B额外过滤沪市主板。
A_plus_B_strict,20260212,NONE,NO_CANDIDATE,,,,,0.0,1065881.4204492432,1065881.4204492432,,,False,False,,,,,,,False,0,False,500000.0,1065881.4204492432,0.0,reject_b_market_segment_sh_main,B额外过滤沪市主板。
A_plus_B_strict,20260213,NONE,NO_CANDIDATE,,,,,0.0,1065881.4204492432,1065881.4204492432,,,False,False,,,,,,,False,0,False,500000.0,1065881.4204492432,0.0,reject_b_market_segment_sh_main,B额外过滤沪市主板。
A_plus_B_strict,20260224,NONE,NO_CANDIDATE,,,,,0.0,1065881.4204492432,1065881.4204492432,,,False,False,,,,,,,False,0,False,500000.0,1065881.4204492432,0.0,reject_b_market_segment_sh_main,B额外过滤沪市主板。
A_plus_B_strict,20260225,NONE,NO_CANDIDATE,,,,,0.0,1065881.4204492432,1065881.4204492432,,,False,False,,,,,,,False,0,False,500000.0,1065881.4204492432,0.0,reject_b_market_segment_sh_main,B额外过滤沪市主板。
A_plus_B_strict,20260226,A,HISTORICAL_SIM_FILLED,300499.SZ,高澜股份,chi_next,无,0.0193948880593092,1065881.4204492432,1086554.0712833537,a_audit_dynamic_account_return,,False,False,,,,,,,False,0,False,500000.0,1086554.0712833537,0.0,reject_b_market_segment_sh_main,B额外过滤沪市主板。
A_plus_B_strict,20260227,A_OR_B,POSITION_OCCUPIED_SKIP,,,,,0.0,1086554.0712833537,1086554.0712833537,,300499.SZ 高澜股份,False,False,,,,,,,False,0,False,500000.0,1086554.0712833537,0.0,reject_b_market_segment_sh_main,B额外过滤沪市主板。
A_plus_B_strict,20260302,NONE,NO_CANDIDATE,,,,,0.0,1086554.0712833537,1086554.0712833537,,,False,False,,,,,,,False,0,False,500000.0,1086554.0712833537,0.0,reject_b_market_segment_sh_main,B额外过滤沪市主板。
A_plus_B_strict,20260303,NONE,NO_CANDIDATE,,,,,0.0,1086554.0712833537,1086554.0712833537,,,False,False,,,,,,,False,0,False,500000.0,1086554.0712833537,0.0,reject_b_market_segment_sh_main,B额外过滤沪市主板。
A_plus_B_strict,20260304,NONE,NO_CANDIDATE,,,,,0.0,1086554.0712833537,1086554.0712833537,,,False,False,,,,,,,False,0,False,500000.0,1086554.0712833537,0.0,reject_b_market_segment_sh_main,B额外过滤沪市主板。
A_plus_B_strict,20260305,NONE,NO_CANDIDATE,,,,,0.0,1086554.0712833537,1086554.0712833537,,,False,False,,,,,,,False,0,False,500000.0,1086554.0712833537,0.0,reject_b_market_segment_sh_main,B额外过滤沪市主板。
A_plus_B_strict,20260306,B,HISTORICAL_SIM_FILLED,000509.SZ,华塑控股,sz_main,无,0.022055648351648537,1086554.0712833537,1110518.7257946315,b_conservative_daily_replay,,True,True,,,20260309,20260310,3.8438399999999993,3.95604,False,0,False,500000.0,1110518.7257946315,0.0,reject_b_market_segment_sh_main,B额外过滤沪市主板。
A_plus_B_strict,20260309,A_OR_B,POSITION_OCCUPIED_SKIP,,,,,0.0,1110518.7257946315,1110518.7257946315,,000509.SZ 华塑控股,False,False,,,,,,,False,0,False,500000.0,1110518.7257946315,0.0,reject_b_market_segment_sh_main,B额外过滤沪市主板。
A_plus_B_strict,20260310,NONE,NO_CANDIDATE,,,,,0.0,1110518.7257946315,1110518.7257946315,,,False,False,,,,,,,False,0,False,500000.0,1110518.7257946315,0.0,reject_b_market_segment_sh_main,B额外过滤沪市主板。
A_plus_B_strict,20260311,NONE,NO_CANDIDATE,,,,,0.0,1110518.7257946315,1110518.7257946315,,,False,False,,,,,,,False,0,False,500000.0,1110518.7257946315,0.0,reject_b_market_segment_sh_main,B额外过滤沪市主板。
A_plus_B_strict,20260312,NONE,NO_CANDIDATE,,,,,0.0,1110518.7257946315,1110518.7257946315,,,False,False,,,,,,,False,0,False,500000.0,1110518.7257946315,0.0,reject_b_market_segment_sh_main,B额外过滤沪市主板。
A_plus_B_strict,20260313,NONE,NO_CANDIDATE,,,,,0.0,1110518.7257946315,1110518.7257946315,,,False,False,,,,,,,False,0,False,500000.0,1110518.7257946315,0.0,reject_b_market_segment_sh_main,B额外过滤沪市主板。
A_plus_B_strict,20260316,NONE,NO_CANDIDATE,,,,,0.0,1110518.7257946315,1110518.7257946315,,,False,False,,,,,,,False,0,False,500000.0,1110518.7257946315,0.0,reject_b_market_segment_sh_main,B额外过滤沪市主板。
A_plus_B_strict,20260317,NONE,NO_CANDIDATE,,,,,0.0,1110518.7257946315,1110518.7257946315,,,False,False,,,,,,,False,0,False,500000.0,1110518.7257946315,0.0,reject_b_market_segment_sh_main,B额外过滤沪市主板。
A_plus_B_strict,20260318,NONE,NO_CANDIDATE,,,,,0.0,1110518.7257946315,1110518.7257946315,,,False,False,,,,,,,False,0,False,500000.0,1110518.7257946315,0.0,reject_b_market_segment_sh_main,B额外过滤沪市主板。
A_plus_B_strict,20260319,NONE,NO_CANDIDATE,,,,,0.0,1110518.7257946315,1110518.7257946315,,,False,False,,,,,,,False,0,False,500000.0,1110518.7257946315,0.0,reject_b_market_segment_sh_main,B额外过滤沪市主板。
A_plus_B_strict,20260320,NONE,NO_CANDIDATE,,,,,0.0,1110518.7257946315,1110518.7257946315,,,False,False,,,,,,,False,0,False,500000.0,1110518.7257946315,0.0,reject_b_market_segment_sh_main,B额外过滤沪市主板。
A_plus_B_strict,20260323,NONE,NO_CANDIDATE,,,,,0.0,1110518.7257946315,1110518.7257946315,,,False,False,,,,,,,False,0,False,500000.0,1110518.7257946315,0.0,reject_b_market_segment_sh_main,B额外过滤沪市主板。
A_plus_B_strict,20260324,NONE,NO_CANDIDATE,,,,,0.0,1110518.7257946315,1110518.7257946315,,,False,False,,,,,,,False,0,False,500000.0,1110518.7257946315,0.0,reject_b_market_segment_sh_main,B额外过滤沪市主板。
A_plus_B_strict,20260325,NONE,NO_CANDIDATE,,,,,0.0,1110518.7257946315,1110518.7257946315,,,False,False,,,,,,,False,0,False,500000.0,1110518.7257946315,0.0,reject_b_market_segment_sh_main,B额外过滤沪市主板。
A_plus_B_strict,20260326,NONE,NO_CANDIDATE,,,,,0.0,1110518.7257946315,1110518.7257946315,,,False,False,,,,,,,False,0,False,500000.0,1110518.7257946315,0.0,reject_b_market_segment_sh_main,B额外过滤沪市主板。
A_plus_B_strict,20260327,A,HISTORICAL_SIM_FILLED,300204.SZ,舒泰神,chi_next,无,0.0397618491523106,1110518.7257946315,1154675.0038504938,a_audit_dynamic_account_return,,False,False,,,,,,,False,0,False,500000.0,1154675.0038504938,0.0,reject_b_market_segment_sh_main,B额外过滤沪市主板。
A_plus_B_strict,20260330,A_OR_B,POSITION_OCCUPIED_SKIP,,,,,0.0,1154675.0038504938,1154675.0038504938,,300204.SZ 舒泰神,False,False,,,,,,,False,0,False,500000.0,1154675.0038504938,0.0,reject_b_market_segment_sh_main,B额外过滤沪市主板。
A_plus_B_strict,20260331,NONE,NO_CANDIDATE,,,,,0.0,1154675.0038504938,1154675.0038504938,,,False,False,,,,,,,False,0,False,500000.0,1154675.0038504938,0.0,reject_b_market_segment_sh_main,B额外过滤沪市主板。
A_plus_B_strict,20260401,NONE,NO_CANDIDATE,,,,,0.0,1154675.0038504938,1154675.0038504938,,,False,False,,,,,,,False,0,False,500000.0,1154675.0038504938,0.0,reject_b_market_segment_sh_main,B额外过滤沪市主板。
A_plus_B_strict,20260402,NONE,NO_CANDIDATE,,,,,0.0,1154675.0038504938,1154675.0038504938,,,False,False,,,,,,,False,0,False,500000.0,1154675.0038504938,0.0,reject_b_market_segment_sh_main,B额外过滤沪市主板。
A_plus_B_strict,20260403,NONE,NO_CANDIDATE,,,,,0.0,1154675.0038504938,1154675.0038504938,,,False,False,,,,,,,False,0,False,500000.0,1154675.0038504938,0.0,reject_b_market_segment_sh_main,B额外过滤沪市主板。
A_plus_B_strict,20260407,NONE,NO_CANDIDATE,,,,,0.0,1154675.0038504938,1154675.0038504938,,,False,False,,,,,,,False,0,False,500000.0,1154675.0038504938,0.0,reject_b_market_segment_sh_main,B额外过滤沪市主板。
A_plus_B_strict,20260408,NONE,NO_CANDIDATE,,,,,0.0,1154675.0038504938,1154675.0038504938,,,False,False,,,,,,,False,0,False,500000.0,1154675.0038504938,0.0,reject_b_market_segment_sh_main,B额外过滤沪市主板。
A_plus_B_strict,20260409,A,HISTORICAL_SIM_FILLED,300489.SZ,光智科技,chi_next,无,0.0826627480845445,1154675.0038504938,1250123.6128133077,a_audit_dynamic_account_return,,False,False,,,,,,,False,0,False,500000.0,1250123.6128133077,0.0,reject_b_market_segment_sh_main,B额外过滤沪市主板。
A_plus_B_strict,20260410,A_OR_B,POSITION_OCCUPIED_SKIP,,,,,0.0,1250123.6128133077,1250123.6128133077,,300489.SZ 光智科技,False,False,,,,,,,False,0,False,500000.0,1250123.6128133077,0.0,reject_b_market_segment_sh_main,B额外过滤沪市主板。
A_plus_B_strict,20260413,B,HISTORICAL_SIM_FILLED,000968.SZ,蓝焰控股,sz_main,无,-0.049626241187383915,1250123.6128133077,1188084.6768897907,b_conservative_daily_replay,,True,True,,,20260414,20260415,10.090079999999999,9.48051,False,0,False,500000.0,1250123.6128133077,-0.0496262411873839,reject_b_market_segment_sh_main,B额外过滤沪市主板。
A_plus_B_strict,20260414,A_OR_B,POSITION_OCCUPIED_SKIP,,,,,0.0,1188084.6768897907,1188084.6768897907,,000968.SZ 蓝焰控股,False,False,,,,,,,False,0,False,500000.0,1250123.6128133077,-0.0496262411873839,reject_b_market_segment_sh_main,B额外过滤沪市主板。
A_plus_B_strict,20260415,NONE,NO_CANDIDATE,,,,,0.0,1188084.6768897907,1188084.6768897907,,,False,False,,,,,,,False,0,False,500000.0,1250123.6128133077,-0.0496262411873839,reject_b_market_segment_sh_main,B额外过滤沪市主板。
A_plus_B_strict,20260416,NONE,NO_CANDIDATE,,,,,0.0,1188084.6768897907,1188084.6768897907,,,False,False,,,,,,,False,0,False,500000.0,1250123.6128133077,-0.0496262411873839,reject_b_market_segment_sh_main,B额外过滤沪市主板。
A_plus_B_strict,20260417,A,HISTORICAL_SIM_FILLED,301319.SZ,唯特偶,chi_next,无,0.0352808081329955,1188084.6768897907,1230001.2644208912,a_audit_dynamic_account_return,,False,False,,,,,,,False,0,False,500000.0,1250123.6128133077,-0.016096286948082406,reject_b_market_segment_sh_main,B额外过滤沪市主板。
A_plus_B_strict,20260420,A_OR_B,POSITION_OCCUPIED_SKIP,,,,,0.0,1230001.2644208912,1230001.2644208912,,301319.SZ 唯特偶,False,False,,,,,,,False,0,False,500000.0,1250123.6128133077,-0.016096286948082406,reject_b_market_segment_sh_main,B额外过滤沪市主板。
A_plus_B_strict,20260421,NONE,NO_CANDIDATE,,,,,0.0,1230001.2644208912,1230001.2644208912,,,False,False,,,,,,,False,0,False,500000.0,1250123.6128133077,-0.016096286948082406,reject_b_market_segment_sh_main,B额外过滤沪市主板。
A_plus_B_strict,20260422,NONE,NO_CANDIDATE,,,,,0.0,1230001.2644208912,1230001.2644208912,,,False,False,,,,,,,False,0,False,500000.0,1250123.6128133077,-0.016096286948082406,reject_b_market_segment_sh_main,B额外过滤沪市主板。
A_plus_B_strict,20260423,NONE,NO_CANDIDATE,,,,,0.0,1230001.2644208912,1230001.2644208912,,,False,False,,,,,,,False,0,False,500000.0,1250123.6128133077,-0.016096286948082406,reject_b_market_segment_sh_main,B额外过滤沪市主板。
A_plus_B_strict,20260424,NONE,NO_CANDIDATE,,,,,0.0,1230001.2644208912,1230001.2644208912,,,False,False,,,,,,,False,0,False,500000.0,1250123.6128133077,-0.016096286948082406,reject_b_market_segment_sh_main,B额外过滤沪市主板。
A_plus_B_strict,20260427,NONE,NO_CANDIDATE,,,,,0.0,1230001.2644208912,1230001.2644208912,,,False,False,,,,,,,False,0,False,500000.0,1250123.6128133077,-0.016096286948082406,reject_b_market_segment_sh_main,B额外过滤沪市主板。
A_plus_B_strict,20260428,NONE,NO_CANDIDATE,,,,,0.0,1230001.2644208912,1230001.2644208912,,,False,False,,,,,,,False,0,False,500000.0,1250123.6128133077,-0.016096286948082406,reject_b_market_segment_sh_main,B额外过滤沪市主板。
A_plus_B_strict,20260429,NONE,NO_CANDIDATE,,,,,0.0,1230001.2644208912,1230001.2644208912,,,False,False,,,,,,,False,0,False,500000.0,1250123.6128133077,-0.016096286948082406,reject_b_market_segment_sh_main,B额外过滤沪市主板。
A_plus_B_strict,20260430,NONE,NO_CANDIDATE,,,,,0.0,1230001.2644208912,1230001.2644208912,,,False,False,,,,,,,False,0,False,500000.0,1250123.6128133077,-0.016096286948082406,reject_b_market_segment_sh_main,B额外过滤沪市主板。
A_plus_B_strict,20260506,NONE,NO_CANDIDATE,,,,,0.0,1230001.2644208912,1230001.2644208912,,,False,False,,,,,,,False,0,False,500000.0,1250123.6128133077,-0.016096286948082406,reject_b_market_segment_sh_main,B额外过滤沪市主板。
A_plus_B_strict,20260507,NONE,NO_CANDIDATE,,,,,0.0,1230001.2644208912,1230001.2644208912,,,False,False,,,,,,,False,0,False,500000.0,1250123.6128133077,-0.016096286948082406,reject_b_market_segment_sh_main,B额外过滤沪市主板。
A_plus_B_strict,20260508,NONE,NO_CANDIDATE,,,,,0.0,1230001.2644208912,1230001.2644208912,,,False,False,,,,,,,False,0,False,500000.0,1250123.6128133077,-0.016096286948082406,reject_b_market_segment_sh_main,B额外过滤沪市主板。
A_plus_B_strict,20260511,NONE,NO_CANDIDATE,,,,,0.0,1230001.2644208912,1230001.2644208912,,,False,False,,,,,,,False,0,False,500000.0,1250123.6128133077,-0.016096286948082406,reject_b_market_segment_sh_main,B额外过滤沪市主板。
A_plus_B_strict,20260512,NONE,NO_CANDIDATE,,,,,0.0,1230001.2644208912,1230001.2644208912,,,False,False,,,,,,,False,0,False,500000.0,1250123.6128133077,-0.016096286948082406,reject_b_market_segment_sh_main,B额外过滤沪市主板。
A_plus_B_strict,20260513,NONE,NO_CANDIDATE,,,,,0.0,1230001.2644208912,1230001.2644208912,,,False,False,,,,,,,False,0,False,500000.0,1250123.6128133077,-0.016096286948082406,reject_b_market_segment_sh_main,B额外过滤沪市主板。
A_plus_B_strict,20260514,NONE,NO_CANDIDATE,,,,,0.0,1230001.2644208912,1230001.2644208912,,,False,False,,,,,,,False,0,False,500000.0,1250123.6128133077,-0.016096286948082406,reject_b_market_segment_sh_main,B额外过滤沪市主板。
A_plus_B_strict,20251112,NONE,NO_CANDIDATE,,,,,0.0,500000.0,500000.0,,,False,False,,,,,,,False,0,False,500000.0,500000.0,0.0,reject_b_market_chain_gte_30,B额外过滤全市场连板数量gte_30。
A_plus_B_strict,20251113,NONE,NO_CANDIDATE,,,,,0.0,500000.0,500000.0,,,False,False,,,,,,,False,0,False,500000.0,500000.0,0.0,reject_b_market_chain_gte_30,B额外过滤全市场连板数量gte_30。
A_plus_B_strict,20251114,NONE,NO_CANDIDATE,,,,,0.0,500000.0,500000.0,,,False,False,,,,,,,False,0,False,500000.0,500000.0,0.0,reject_b_market_chain_gte_30,B额外过滤全市场连板数量gte_30。
A_plus_B_strict,20251117,NONE,NO_CANDIDATE,,,,,0.0,500000.0,500000.0,,,False,False,,,,,,,False,0,False,500000.0,500000.0,0.0,reject_b_market_chain_gte_30,B额外过滤全市场连板数量gte_30。
A_plus_B_strict,20251118,NONE,NO_CANDIDATE,,,,,0.0,500000.0,500000.0,,,False,False,,,,,,,False,0,False,500000.0,500000.0,0.0,reject_b_market_chain_gte_30,B额外过滤全市场连板数量gte_30。
A_plus_B_strict,20251119,NONE,NO_CANDIDATE,,,,,0.0,500000.0,500000.0,,,False,False,,,,,,,False,0,False,500000.0,500000.0,0.0,reject_b_market_chain_gte_30,B额外过滤全市场连板数量gte_30。
A_plus_B_strict,20251120,A,HISTORICAL_SIM_FILLED,301092.SZ,争光股份,chi_next,无,-0.0505145833968012,500000.0,474742.7083015994,a_audit_dynamic_account_return,,False,False,,,,,,,False,0,False,500000.0,500000.0,-0.05051458339680115,reject_b_market_chain_gte_30,B额外过滤全市场连板数量gte_30。
A_plus_B_strict,20251121,A_OR_B,POSITION_OCCUPIED_SKIP,,,,,0.0,474742.7083015994,474742.7083015994,,301092.SZ 争光股份,False,False,,,,,,,False,0,False,500000.0,500000.0,-0.05051458339680115,reject_b_market_chain_gte_30,B额外过滤全市场连板数量gte_30。
A_plus_B_strict,20251124,NONE,NO_CANDIDATE,,,,,0.0,474742.7083015994,474742.7083015994,,,False,False,,,,,,,False,0,False,500000.0,500000.0,-0.05051458339680115,reject_b_market_chain_gte_30,B额外过滤全市场连板数量gte_30。
A_plus_B_strict,20251125,A,REVIEW_REQUIRED_PLAN_ONLY,301117.SZ,佳缘科技,chi_next,LOSS_OVERLAY_WATCH,0.0,474742.7083015994,474742.7083015994,manual_review_skip,,False,False,,,,,,,False,0,False,500000.0,500000.0,-0.05051458339680115,reject_b_market_chain_gte_30,B额外过滤全市场连板数量gte_30。
A_plus_B_strict,20251126,NONE,NO_CANDIDATE,,,,,0.0,474742.7083015994,474742.7083015994,,,False,False,,,,,,,False,0,False,500000.0,500000.0,-0.05051458339680115,reject_b_market_chain_gte_30,B额外过滤全市场连板数量gte_30。
A_plus_B_strict,20251127,NONE,NO_CANDIDATE,,,,,0.0,474742.7083015994,474742.7083015994,,,False,False,,,,,,,False,0,False,500000.0,500000.0,-0.05051458339680115,reject_b_market_chain_gte_30,B额外过滤全市场连板数量gte_30。
A_plus_B_strict,20251128,NONE,NO_CANDIDATE,,,,,0.0,474742.7083015994,474742.7083015994,,,False,False,,,,,,,False,0,False,500000.0,500000.0,-0.05051458339680115,reject_b_market_chain_gte_30,B额外过滤全市场连板数量gte_30。
A_plus_B_strict,20251201,B,HISTORICAL_SIM_FILLED,000078.SZ,海王生物,sz_main,无,0.14838169073032234,474742.7083015994,545185.834021283,b_conservative_daily_replay,,True,True,,,20251202,20251203,3.8037999999999994,4.515479999999999,False,0,False,500000.0,545185.834021283,0.0,reject_b_market_chain_gte_30,B额外过滤全市场连板数量gte_30。
A_plus_B_strict,20251202,A_OR_B,POSITION_OCCUPIED_SKIP,,,,,0.0,545185.834021283,545185.834021283,,000078.SZ 海王生物,False,False,,,,,,,False,0,False,500000.0,545185.834021283,0.0,reject_b_market_chain_gte_30,B额外过滤全市场连板数量gte_30。
A_plus_B_strict,20251203,NONE,NO_CANDIDATE,,,,,0.0,545185.834021283,545185.834021283,,,False,False,,,,,,,False,0,False,500000.0,545185.834021283,0.0,reject_b_market_chain_gte_30,B额外过滤全市场连板数量gte_30。
A_plus_B_strict,20251204,A,HISTORICAL_SIM_FILLED,300946.SZ,恒而达,chi_next,无,0.0291749495998269,545185.834021283,561091.6032513934,a_audit_dynamic_account_return,,False,False,,,,,,,False,0,False,500000.0,561091.6032513934,0.0,reject_b_market_chain_gte_30,B额外过滤全市场连板数量gte_30。
A_plus_B_strict,20251205,A_OR_B,POSITION_OCCUPIED_SKIP,,,,,0.0,561091.6032513934,561091.6032513934,,300946.SZ 恒而达,False,False,,,,,,,False,0,False,500000.0,561091.6032513934,0.0,reject_b_market_chain_gte_30,B额外过滤全市场连板数量gte_30。
A_plus_B_strict,20251208,B,HISTORICAL_SIM_FILLED,000571.SZ,新大洲A,sz_main,无,0.03126858280230099,561091.6032513934,578636.1425073354,b_conservative_daily_replay,,True,True,,,20251209,20251210,6.316309999999999,6.5734200000000005,False,0,False,500000.0,578636.1425073354,0.0,reject_b_market_chain_gte_30,B额外过滤全市场连板数量gte_30。
A_plus_B_strict,20251209,A_OR_B,POSITION_OCCUPIED_SKIP,,,,,0.0,578636.1425073354,578636.1425073354,,000571.SZ 新大洲A,False,False,,,,,,,False,0,False,500000.0,578636.1425073354,0.0,reject_b_market_chain_gte_30,B额外过滤全市场连板数量gte_30。
A_plus_B_strict,20251210,NONE,NO_CANDIDATE,,,,,0.0,578636.1425073354,578636.1425073354,,,False,False,,,,,,,False,0,False,500000.0,578636.1425073354,0.0,reject_b_market_chain_gte_30,B额外过滤全市场连板数量gte_30。
A_plus_B_strict,20251211,NONE,NO_CANDIDATE,,,,,0.0,578636.1425073354,578636.1425073354,,,False,False,,,,,,,False,0,False,500000.0,578636.1425073354,0.0,reject_b_market_chain_gte_30,B额外过滤全市场连板数量gte_30。
A_plus_B_strict,20251212,A,HISTORICAL_SIM_FILLED,920576.BJ,天力复合,bj,无,0.181313377355646,578636.1425073354,683550.6157653834,a_audit_dynamic_account_return,,False,False,,,,,,,False,0,False,500000.0,683550.6157653834,0.0,reject_b_market_chain_gte_30,B额外过滤全市场连板数量gte_30。
A_plus_B_strict,20251215,A_OR_B,POSITION_OCCUPIED_SKIP,,,,,0.0,683550.6157653834,683550.6157653834,,920576.BJ 天力复合,False,False,,,,,,,False,0,False,500000.0,683550.6157653834,0.0,reject_b_market_chain_gte_30,B额外过滤全市场连板数量gte_30。
A_plus_B_strict,20251216,NONE,NO_CANDIDATE,,,,,0.0,683550.6157653834,683550.6157653834,,,False,False,,,,,,,False,0,False,500000.0,683550.6157653834,0.0,reject_b_market_chain_gte_30,B额外过滤全市场连板数量gte_30。
A_plus_B_strict,20251217,NONE,NO_CANDIDATE,,,,,0.0,683550.6157653834,683550.6157653834,,,False,False,,,,,,,False,0,False,500000.0,683550.6157653834,0.0,reject_b_market_chain_gte_30,B额外过滤全市场连板数量gte_30。
A_plus_B_strict,20251218,NONE,NO_CANDIDATE,,,,,0.0,683550.6157653834,683550.6157653834,,,False,False,,,,,,,False,0,False,500000.0,683550.6157653834,0.0,reject_b_market_chain_gte_30,B额外过滤全市场连板数量gte_30。
A_plus_B_strict,20251219,A,REVIEW_REQUIRED_PLAN_ONLY,300557.SZ,理工光科,chi_next,LOSS_OVERLAY_WATCH,0.0,683550.6157653834,683550.6157653834,manual_review_skip,,False,False,,,,,,,False,0,False,500000.0,683550.6157653834,0.0,reject_b_market_chain_gte_30,B额外过滤全市场连板数量gte_30。
A_plus_B_strict,20251222,NONE,NO_CANDIDATE,,,,,0.0,683550.6157653834,683550.6157653834,,,False,False,,,,,,,False,0,False,500000.0,683550.6157653834,0.0,reject_b_market_chain_gte_30,B额外过滤全市场连板数量gte_30。
A_plus_B_strict,20251223,NONE,NO_CANDIDATE,,,,,0.0,683550.6157653834,683550.6157653834,,,False,False,,,,,,,False,0,False,500000.0,683550.6157653834,0.0,reject_b_market_chain_gte_30,B额外过滤全市场连板数量gte_30。
A_plus_B_strict,20251224,NONE,NO_CANDIDATE,,,,,0.0,683550.6157653834,683550.6157653834,,,False,False,,,,,,,False,0,False,500000.0,683550.6157653834,0.0,reject_b_market_chain_gte_30,B额外过滤全市场连板数量gte_30。
A_plus_B_strict,20251225,NONE,NO_CANDIDATE,,,,,0.0,683550.6157653834,683550.6157653834,,,False,False,,,,,,,False,0,False,500000.0,683550.6157653834,0.0,reject_b_market_chain_gte_30,B额外过滤全市场连板数量gte_30。
A_plus_B_strict,20251226,NONE,NO_CANDIDATE,,,,,0.0,683550.6157653834,683550.6157653834,,,False,False,,,,,,,False,0,False,500000.0,683550.6157653834,0.0,reject_b_market_chain_gte_30,B额外过滤全市场连板数量gte_30。
A_plus_B_strict,20251229,NONE,NO_CANDIDATE,,,,,0.0,683550.6157653834,683550.6157653834,,,False,False,,,,,,,False,0,False,500000.0,683550.6157653834,0.0,reject_b_market_chain_gte_30,B额外过滤全市场连板数量gte_30。
A_plus_B_strict,20251230,NONE,NO_CANDIDATE,,,,,0.0,683550.6157653834,683550.6157653834,,,False,False,,,,,,,False,0,False,500000.0,683550.6157653834,0.0,reject_b_market_chain_gte_30,B额外过滤全市场连板数量gte_30。
A_plus_B_strict,20251231,A,HISTORICAL_SIM_FILLED,300058.SZ,蓝色光标,chi_next,无,0.1308549259970799,683550.6157653834,772996.581006621,a_audit_dynamic_account_return,,False,False,,,,,,,False,0,False,500000.0,772996.581006621,0.0,reject_b_market_chain_gte_30,B额外过滤全市场连板数量gte_30。
A_plus_B_strict,20260105,A_OR_B,POSITION_OCCUPIED_SKIP,,,,,0.0,772996.581006621,772996.581006621,,300058.SZ 蓝色光标,False,False,,,,,,,False,0,False,500000.0,772996.581006621,0.0,reject_b_market_chain_gte_30,B额外过滤全市场连板数量gte_30。
A_plus_B_strict,20260106,NONE,NO_CANDIDATE,,,,,0.0,772996.581006621,772996.581006621,,,False,False,,,,,,,False,0,False,500000.0,772996.581006621,0.0,reject_b_market_chain_gte_30,B额外过滤全市场连板数量gte_30。
A_plus_B_strict,20260107,NONE,NO_CANDIDATE,,,,,0.0,772996.581006621,772996.581006621,,,False,False,,,,,,,False,0,False,500000.0,772996.581006621,0.0,reject_b_market_chain_gte_30,B额外过滤全市场连板数量gte_30。
A_plus_B_strict,20260108,NONE,NO_CANDIDATE,,,,,0.0,772996.581006621,772996.581006621,,,False,False,,,,,,,False,0,False,500000.0,772996.581006621,0.0,reject_b_market_chain_gte_30,B额外过滤全市场连板数量gte_30。
A_plus_B_strict,20260109,NONE,NO_CANDIDATE,,,,,0.0,772996.581006621,772996.581006621,,,False,False,,,,,,,False,0,False,500000.0,772996.581006621,0.0,reject_b_market_chain_gte_30,B额外过滤全市场连板数量gte_30。
A_plus_B_strict,20260112,NONE,NO_CANDIDATE,,,,,0.0,772996.581006621,772996.581006621,,,False,False,,,,,,,False,0,False,500000.0,772996.581006621,0.0,reject_b_market_chain_gte_30,B额外过滤全市场连板数量gte_30。
A_plus_B_strict,20260113,NONE,NO_CANDIDATE,,,,,0.0,772996.581006621,772996.581006621,,,False,False,,,,,,,False,0,False,500000.0,772996.581006621,0.0,reject_b_market_chain_gte_30,B额外过滤全市场连板数量gte_30。
A_plus_B_strict,20260114,NONE,NO_CANDIDATE,,,,,0.0,772996.581006621,772996.581006621,,,False,False,,,,,,,False,0,False,500000.0,772996.581006621,0.0,reject_b_market_chain_gte_30,B额外过滤全市场连板数量gte_30。
A_plus_B_strict,20260115,A,HISTORICAL_SIM_FILLED,301629.SZ,矽电股份,chi_next,无,-0.0338313603969523,772996.581006621,746845.0550889741,a_audit_dynamic_account_return,,False,False,,,,,,,False,0,False,500000.0,772996.581006621,-0.03383136039695234,reject_b_market_chain_gte_30,B额外过滤全市场连板数量gte_30。
A_plus_B_strict,20260116,A_OR_B,POSITION_OCCUPIED_SKIP,,,,,0.0,746845.0550889741,746845.0550889741,,301629.SZ 矽电股份,False,False,,,,,,,False,0,False,500000.0,772996.581006621,-0.03383136039695234,reject_b_market_chain_gte_30,B额外过滤全市场连板数量gte_30。
A_plus_B_strict,20260119,A,HISTORICAL_SIM_FILLED,300658.SZ,延江股份,chi_next,无,0.0681174370165976,746845.0550889741,797718.2260901546,a_audit_dynamic_account_return,,False,False,,,,,,,False,0,False,500000.0,797718.2260901546,0.0,reject_b_market_chain_gte_30,B额外过滤全市场连板数量gte_30。
A_plus_B_strict,20260120,A_OR_B,POSITION_OCCUPIED_SKIP,,,,,0.0,797718.2260901546,797718.2260901546,,300658.SZ 延江股份,False,False,,,,,,,False,0,False,500000.0,797718.2260901546,0.0,reject_b_market_chain_gte_30,B额外过滤全市场连板数量gte_30。
A_plus_B_strict,20260121,NONE,NO_CANDIDATE,,,,,0.0,797718.2260901546,797718.2260901546,,,False,False,,,,,,,False,0,False,500000.0,797718.2260901546,0.0,reject_b_market_chain_gte_30,B额外过滤全市场连板数量gte_30。
A_plus_B_strict,20260122,NONE,NO_CANDIDATE,,,,,0.0,797718.2260901546,797718.2260901546,,,False,False,,,,,,,False,0,False,500000.0,797718.2260901546,0.0,reject_b_market_chain_gte_30,B额外过滤全市场连板数量gte_30。
A_plus_B_strict,20260123,A,HISTORICAL_SIM_FILLED,920368.BJ,连城数控,bj,无,0.1027727855059111,797718.2260901546,879701.9502342739,a_audit_dynamic_account_return,,False,False,,,,,,,False,0,False,500000.0,879701.9502342739,0.0,reject_b_market_chain_gte_30,B额外过滤全市场连板数量gte_30。
A_plus_B_strict,20260126,A_OR_B,POSITION_OCCUPIED_SKIP,,,,,0.0,879701.9502342739,879701.9502342739,,920368.BJ 连城数控,False,False,,,,,,,False,0,False,500000.0,879701.9502342739,0.0,reject_b_market_chain_gte_30,B额外过滤全市场连板数量gte_30。
A_plus_B_strict,20260127,NONE,NO_CANDIDATE,,,,,0.0,879701.9502342739,879701.9502342739,,,False,False,,,,,,,False,0,False,500000.0,879701.9502342739,0.0,reject_b_market_chain_gte_30,B额外过滤全市场连板数量gte_30。
A_plus_B_strict,20260128,A,HISTORICAL_SIM_FILLED,300164.SZ,通源石油,chi_next,无,0.0457725821591917,879701.9502342739,919968.1800269734,a_audit_dynamic_account_return,,False,False,,,,,,,False,0,False,500000.0,919968.1800269734,0.0,reject_b_market_chain_gte_30,B额外过滤全市场连板数量gte_30。
A_plus_B_strict,20260129,A_OR_B,POSITION_OCCUPIED_SKIP,,,,,0.0,919968.1800269734,919968.1800269734,,300164.SZ 通源石油,False,False,,,,,,,False,0,False,500000.0,919968.1800269734,0.0,reject_b_market_chain_gte_30,B额外过滤全市场连板数量gte_30。
A_plus_B_strict,20260130,NONE,NO_CANDIDATE,,,,,0.0,919968.1800269734,919968.1800269734,,,False,False,,,,,,,False,0,False,500000.0,919968.1800269734,0.0,reject_b_market_chain_gte_30,B额外过滤全市场连板数量gte_30。
A_plus_B_strict,20260202,NONE,NO_CANDIDATE,,,,,0.0,919968.1800269734,919968.1800269734,,,False,False,,,,,,,False,0,False,500000.0,919968.1800269734,0.0,reject_b_market_chain_gte_30,B额外过滤全市场连板数量gte_30。
A_plus_B_strict,20260203,NONE,NO_CANDIDATE,,,,,0.0,919968.1800269734,919968.1800269734,,,False,False,,,,,,,False,0,False,500000.0,919968.1800269734,0.0,reject_b_market_chain_gte_30,B额外过滤全市场连板数量gte_30。
A_plus_B_strict,20260204,NONE,NO_CANDIDATE,,,,,0.0,919968.1800269734,919968.1800269734,,,False,False,,,,,,,False,0,False,500000.0,919968.1800269734,0.0,reject_b_market_chain_gte_30,B额外过滤全市场连板数量gte_30。
A_plus_B_strict,20260205,NONE,NO_CANDIDATE,,,,,0.0,919968.1800269734,919968.1800269734,,,False,False,,,,,,,False,0,False,500000.0,919968.1800269734,0.0,reject_b_market_chain_gte_30,B额外过滤全市场连板数量gte_30。
A_plus_B_strict,20260206,NONE,NO_CANDIDATE,,,,,0.0,919968.1800269734,919968.1800269734,,,False,False,,,,,,,False,0,False,500000.0,919968.1800269734,0.0,reject_b_market_chain_gte_30,B额外过滤全市场连板数量gte_30。
A_plus_B_strict,20260209,NONE,NO_CANDIDATE,,,,,0.0,919968.1800269734,919968.1800269734,,,False,False,,,,,,,False,0,False,500000.0,919968.1800269734,0.0,reject_b_market_chain_gte_30,B额外过滤全市场连板数量gte_30。
A_plus_B_strict,20260210,NONE,NO_CANDIDATE,,,,,0.0,919968.1800269734,919968.1800269734,,,False,False,,,,,,,False,0,False,500000.0,919968.1800269734,0.0,reject_b_market_chain_gte_30,B额外过滤全市场连板数量gte_30。
A_plus_B_strict,20260211,NONE,NO_CANDIDATE,,,,,0.0,919968.1800269734,919968.1800269734,,,False,False,,,,,,,False,0,False,500000.0,919968.1800269734,0.0,reject_b_market_chain_gte_30,B额外过滤全市场连板数量gte_30。
A_plus_B_strict,20260212,NONE,NO_CANDIDATE,,,,,0.0,919968.1800269734,919968.1800269734,,,False,False,,,,,,,False,0,False,500000.0,919968.1800269734,0.0,reject_b_market_chain_gte_30,B额外过滤全市场连板数量gte_30。
A_plus_B_strict,20260213,NONE,NO_CANDIDATE,,,,,0.0,919968.1800269734,919968.1800269734,,,False,False,,,,,,,False,0,False,500000.0,919968.1800269734,0.0,reject_b_market_chain_gte_30,B额外过滤全市场连板数量gte_30。
A_plus_B_strict,20260224,NONE,NO_CANDIDATE,,,,,0.0,919968.1800269734,919968.1800269734,,,False,False,,,,,,,False,0,False,500000.0,919968.1800269734,0.0,reject_b_market_chain_gte_30,B额外过滤全市场连板数量gte_30。
A_plus_B_strict,20260225,NONE,NO_CANDIDATE,,,,,0.0,919968.1800269734,919968.1800269734,,,False,False,,,,,,,False,0,False,500000.0,919968.1800269734,0.0,reject_b_market_chain_gte_30,B额外过滤全市场连板数量gte_30。
A_plus_B_strict,20260226,A,HISTORICAL_SIM_FILLED,300499.SZ,高澜股份,chi_next,无,0.0193948880593092,919968.1800269734,937810.8598967228,a_audit_dynamic_account_return,,False,False,,,,,,,False,0,False,500000.0,937810.8598967228,0.0,reject_b_market_chain_gte_30,B额外过滤全市场连板数量gte_30。
A_plus_B_strict,20260227,A_OR_B,POSITION_OCCUPIED_SKIP,,,,,0.0,937810.8598967228,937810.8598967228,,300499.SZ 高澜股份,False,False,,,,,,,False,0,False,500000.0,937810.8598967228,0.0,reject_b_market_chain_gte_30,B额外过滤全市场连板数量gte_30。
A_plus_B_strict,20260302,B,HISTORICAL_SIM_FILLED,603257.SH,中国瑞林,sh_main,无,-0.027628032279987592,937810.8598967228,911900.9911869733,b_conservative_daily_replay,,True,True,,,20260303,20260304,72.70262999999998,70.30962,False,0,False,500000.0,937810.8598967228,-0.027628032279987558,reject_b_market_chain_gte_30,B额外过滤全市场连板数量gte_30。
A_plus_B_strict,20260303,A_OR_B,POSITION_OCCUPIED_SKIP,,,,,0.0,911900.9911869733,911900.9911869733,,603257.SH 中国瑞林,False,False,,,,,,,False,0,False,500000.0,937810.8598967228,-0.027628032279987558,reject_b_market_chain_gte_30,B额外过滤全市场连板数量gte_30。
A_plus_B_strict,20260304,NONE,NO_CANDIDATE,,,,,0.0,911900.9911869733,911900.9911869733,,,False,False,,,,,,,False,0,False,500000.0,937810.8598967228,-0.027628032279987558,reject_b_market_chain_gte_30,B额外过滤全市场连板数量gte_30。
A_plus_B_strict,20260305,NONE,NO_CANDIDATE,,,,,0.0,911900.9911869733,911900.9911869733,,,False,False,,,,,,,False,0,False,500000.0,937810.8598967228,-0.027628032279987558,reject_b_market_chain_gte_30,B额外过滤全市场连板数量gte_30。
A_plus_B_strict,20260306,B,HISTORICAL_SIM_FILLED,000509.SZ,华塑控股,sz_main,无,0.022055648351648537,911900.9911869733,932013.5587801129,b_conservative_daily_replay,,True,True,,,20260309,20260310,3.8438399999999993,3.95604,False,0,False,500000.0,937810.8598967228,-0.006181738092954414,reject_b_market_chain_gte_30,B额外过滤全市场连板数量gte_30。
A_plus_B_strict,20260309,A_OR_B,POSITION_OCCUPIED_SKIP,,,,,0.0,932013.5587801129,932013.5587801129,,000509.SZ 华塑控股,False,False,,,,,,,False,0,False,500000.0,937810.8598967228,-0.006181738092954414,reject_b_market_chain_gte_30,B额外过滤全市场连板数量gte_30。
A_plus_B_strict,20260310,NONE,NO_CANDIDATE,,,,,0.0,932013.5587801129,932013.5587801129,,,False,False,,,,,,,False,0,False,500000.0,937810.8598967228,-0.006181738092954414,reject_b_market_chain_gte_30,B额外过滤全市场连板数量gte_30。
A_plus_B_strict,20260311,B,HISTORICAL_SIM_FILLED,603778.SH,国晟科技,sh_main,无,-0.015549181976524854,932013.5587801129,917521.5103500524,b_conservative_daily_replay,,True,True,,,20260312,20260313,20.840819999999997,20.46951,False,0,False,500000.0,937810.8598967228,-0.021634799098940727,reject_b_market_chain_gte_30,B额外过滤全市场连板数量gte_30。
A_plus_B_strict,20260312,A_OR_B,POSITION_OCCUPIED_SKIP,,,,,0.0,917521.5103500524,917521.5103500524,,603778.SH 国晟科技,False,False,,,,,,,False,0,False,500000.0,937810.8598967228,-0.021634799098940727,reject_b_market_chain_gte_30,B额外过滤全市场连板数量gte_30。
A_plus_B_strict,20260313,B,HISTORICAL_SIM_FILLED,603248.SH,锡华科技,sh_main,无,0.14196793827778875,917521.5103500524,1047780.1474999721,b_conservative_daily_replay,,True,True,,,20260316,20260317,28.908879999999996,34.085879999999996,False,0,False,500000.0,1047780.1474999721,0.0,reject_b_market_chain_gte_30,B额外过滤全市场连板数量gte_30。
A_plus_B_strict,20260316,A_OR_B,POSITION_OCCUPIED_SKIP,,,,,0.0,1047780.1474999721,1047780.1474999721,,603248.SH 锡华科技,False,False,,,,,,,False,0,False,500000.0,1047780.1474999721,0.0,reject_b_market_chain_gte_30,B额外过滤全市场连板数量gte_30。
A_plus_B_strict,20260317,NONE,NO_CANDIDATE,,,,,0.0,1047780.1474999721,1047780.1474999721,,,False,False,,,,,,,False,0,False,500000.0,1047780.1474999721,0.0,reject_b_market_chain_gte_30,B额外过滤全市场连板数量gte_30。
A_plus_B_strict,20260318,NONE,NO_CANDIDATE,,,,,0.0,1047780.1474999721,1047780.1474999721,,,False,False,,,,,,,False,0,False,500000.0,1047780.1474999721,0.0,reject_b_market_chain_gte_30,B额外过滤全市场连板数量gte_30。
A_plus_B_strict,20260319,NONE,NO_CANDIDATE,,,,,0.0,1047780.1474999721,1047780.1474999721,,,False,False,,,,,,,False,0,False,500000.0,1047780.1474999721,0.0,reject_b_market_chain_gte_30,B额外过滤全市场连板数量gte_30。
A_plus_B_strict,20260320,NONE,NO_CANDIDATE,,,,,0.0,1047780.1474999721,1047780.1474999721,,,False,False,,,,,,,False,0,False,500000.0,1047780.1474999721,0.0,reject_b_market_chain_gte_30,B额外过滤全市场连板数量gte_30。
A_plus_B_strict,20260323,NONE,NO_CANDIDATE,,,,,0.0,1047780.1474999721,1047780.1474999721,,,False,False,,,,,,,False,0,False,500000.0,1047780.1474999721,0.0,reject_b_market_chain_gte_30,B额外过滤全市场连板数量gte_30。
A_plus_B_strict,20260324,B,HISTORICAL_SIM_FILLED,601016.SH,节能风电,sh_main,无,0.05001172841616214,1047780.1474999721,1100181.443676587,b_conservative_daily_replay,,True,True,,,20260325,20260326,4.98498,5.30469,False,0,False,500000.0,1100181.443676587,0.0,reject_b_market_chain_gte_30,B额外过滤全市场连板数量gte_30。
A_plus_B_strict,20260325,A_OR_B,POSITION_OCCUPIED_SKIP,,,,,0.0,1100181.443676587,1100181.443676587,,601016.SH 节能风电,False,False,,,,,,,False,0,False,500000.0,1100181.443676587,0.0,reject_b_market_chain_gte_30,B额外过滤全市场连板数量gte_30。
A_plus_B_strict,20260326,NONE,NO_CANDIDATE,,,,,0.0,1100181.443676587,1100181.443676587,,,False,False,,,,,,,False,0,False,500000.0,1100181.443676587,0.0,reject_b_market_chain_gte_30,B额外过滤全市场连板数量gte_30。
A_plus_B_strict,20260327,A,HISTORICAL_SIM_FILLED,300204.SZ,舒泰神,chi_next,无,0.0397618491523106,1100181.443676587,1143926.6922802269,a_audit_dynamic_account_return,,False,False,,,,,,,False,0,False,500000.0,1143926.6922802269,0.0,reject_b_market_chain_gte_30,B额外过滤全市场连板数量gte_30。
A_plus_B_strict,20260330,A_OR_B,POSITION_OCCUPIED_SKIP,,,,,0.0,1143926.6922802269,1143926.6922802269,,300204.SZ 舒泰神,False,False,,,,,,,False,0,False,500000.0,1143926.6922802269,0.0,reject_b_market_chain_gte_30,B额外过滤全市场连板数量gte_30。
A_plus_B_strict,20260331,NONE,NO_CANDIDATE,,,,,0.0,1143926.6922802269,1143926.6922802269,,,False,False,,,,,,,False,0,False,500000.0,1143926.6922802269,0.0,reject_b_market_chain_gte_30,B额外过滤全市场连板数量gte_30。
A_plus_B_strict,20260401,NONE,NO_CANDIDATE,,,,,0.0,1143926.6922802269,1143926.6922802269,,,False,False,,,,,,,False,0,False,500000.0,1143926.6922802269,0.0,reject_b_market_chain_gte_30,B额外过滤全市场连板数量gte_30。
A_plus_B_strict,20260402,NONE,NO_CANDIDATE,,,,,0.0,1143926.6922802269,1143926.6922802269,,,False,False,,,,,,,False,0,False,500000.0,1143926.6922802269,0.0,reject_b_market_chain_gte_30,B额外过滤全市场连板数量gte_30。
A_plus_B_strict,20260403,NONE,NO_CANDIDATE,,,,,0.0,1143926.6922802269,1143926.6922802269,,,False,False,,,,,,,False,0,False,500000.0,1143926.6922802269,0.0,reject_b_market_chain_gte_30,B额外过滤全市场连板数量gte_30。
A_plus_B_strict,20260407,NONE,NO_CANDIDATE,,,,,0.0,1143926.6922802269,1143926.6922802269,,,False,False,,,,,,,False,0,False,500000.0,1143926.6922802269,0.0,reject_b_market_chain_gte_30,B额外过滤全市场连板数量gte_30。
A_plus_B_strict,20260408,B,HISTORICAL_SIM_FILLED,603083.SH,剑桥科技,sh_main,无,0.02050690266715481,1143926.6922802269,1167385.0856171777,b_conservative_daily_replay,,True,True,,,20260409,20260410,113.04293,116.12375999999999,False,0,False,500000.0,1167385.0856171777,0.0,reject_b_market_chain_gte_30,B额外过滤全市场连板数量gte_30。
A_plus_B_strict,20260409,A_OR_B,POSITION_OCCUPIED_SKIP,,,,,0.0,1167385.0856171777,1167385.0856171777,,603083.SH 剑桥科技,False,False,,,,,,,False,0,False,500000.0,1167385.0856171777,0.0,reject_b_market_chain_gte_30,B额外过滤全市场连板数量gte_30。
A_plus_B_strict,20260410,NONE,NO_CANDIDATE,,,,,0.0,1167385.0856171777,1167385.0856171777,,,False,False,,,,,,,False,0,False,500000.0,1167385.0856171777,0.0,reject_b_market_chain_gte_30,B额外过滤全市场连板数量gte_30。
A_plus_B_strict,20260413,B,HISTORICAL_SIM_FILLED,000968.SZ,蓝焰控股,sz_main,无,-0.049626241187383915,1167385.0856171777,1109452.1517997847,b_conservative_daily_replay,,True,True,,,20260414,20260415,10.090079999999999,9.48051,False,0,False,500000.0,1167385.0856171777,-0.0496262411873839,reject_b_market_chain_gte_30,B额外过滤全市场连板数量gte_30。
A_plus_B_strict,20260414,A_OR_B,POSITION_OCCUPIED_SKIP,,,,,0.0,1109452.1517997847,1109452.1517997847,,000968.SZ 蓝焰控股,False,False,,,,,,,False,0,False,500000.0,1167385.0856171777,-0.0496262411873839,reject_b_market_chain_gte_30,B额外过滤全市场连板数量gte_30。
A_plus_B_strict,20260415,NONE,NO_CANDIDATE,,,,,0.0,1109452.1517997847,1109452.1517997847,,,False,False,,,,,,,False,0,False,500000.0,1167385.0856171777,-0.0496262411873839,reject_b_market_chain_gte_30,B额外过滤全市场连板数量gte_30。
A_plus_B_strict,20260416,B,HISTORICAL_SIM_FILLED,603220.SH,中贝通信,sh_main,无,-0.04408957006629736,1109452.1517997847,1060536.8834178038,b_conservative_daily_replay,,True,True,,,20260417,20260420,32.59256,30.84912,False,0,False,500000.0,1167385.0856171777,-0.0915278116157231,reject_b_market_chain_gte_30,B额外过滤全市场连板数量gte_30。
A_plus_B_strict,20260417,A_OR_B,POSITION_OCCUPIED_SKIP,,,,,0.0,1060536.8834178038,1060536.8834178038,,603220.SH 中贝通信,False,False,,,,,,,False,0,False,500000.0,1167385.0856171777,-0.0915278116157231,reject_b_market_chain_gte_30,B额外过滤全市场连板数量gte_30。
A_plus_B_strict,20260420,NONE,NO_CANDIDATE,,,,,0.0,1060536.8834178038,1060536.8834178038,,,False,False,,,,,,,False,0,False,500000.0,1167385.0856171777,-0.0915278116157231,reject_b_market_chain_gte_30,B额外过滤全市场连板数量gte_30。
A_plus_B_strict,20260421,NONE,NO_CANDIDATE,,,,,0.0,1060536.8834178038,1060536.8834178038,,,False,False,,,,,,,False,0,False,500000.0,1167385.0856171777,-0.0915278116157231,reject_b_market_chain_gte_30,B额外过滤全市场连板数量gte_30。
A_plus_B_strict,20260422,NONE,NO_CANDIDATE,,,,,0.0,1060536.8834178038,1060536.8834178038,,,False,False,,,,,,,False,0,False,500000.0,1167385.0856171777,-0.0915278116157231,reject_b_market_chain_gte_30,B额外过滤全市场连板数量gte_30。
A_plus_B_strict,20260423,NONE,NO_CANDIDATE,,,,,0.0,1060536.8834178038,1060536.8834178038,,,False,False,,,,,,,False,0,False,500000.0,1167385.0856171777,-0.0915278116157231,reject_b_market_chain_gte_30,B额外过滤全市场连板数量gte_30。
A_plus_B_strict,20260424,NONE,NO_CANDIDATE,,,,,0.0,1060536.8834178038,1060536.8834178038,,,False,False,,,,,,,False,0,False,500000.0,1167385.0856171777,-0.0915278116157231,reject_b_market_chain_gte_30,B额外过滤全市场连板数量gte_30。
A_plus_B_strict,20260427,NONE,NO_CANDIDATE,,,,,0.0,1060536.8834178038,1060536.8834178038,,,False,False,,,,,,,False,0,False,500000.0,1167385.0856171777,-0.0915278116157231,reject_b_market_chain_gte_30,B额外过滤全市场连板数量gte_30。
A_plus_B_strict,20260428,NONE,NO_CANDIDATE,,,,,0.0,1060536.8834178038,1060536.8834178038,,,False,False,,,,,,,False,0,False,500000.0,1167385.0856171777,-0.0915278116157231,reject_b_market_chain_gte_30,B额外过滤全市场连板数量gte_30。
A_plus_B_strict,20260429,NONE,NO_CANDIDATE,,,,,0.0,1060536.8834178038,1060536.8834178038,,,False,False,,,,,,,False,0,False,500000.0,1167385.0856171777,-0.0915278116157231,reject_b_market_chain_gte_30,B额外过滤全市场连板数量gte_30。
A_plus_B_strict,20260430,NONE,NO_CANDIDATE,,,,,0.0,1060536.8834178038,1060536.8834178038,,,False,False,,,,,,,False,0,False,500000.0,1167385.0856171777,-0.0915278116157231,reject_b_market_chain_gte_30,B额外过滤全市场连板数量gte_30。
A_plus_B_strict,20260506,NONE,NO_CANDIDATE,,,,,0.0,1060536.8834178038,1060536.8834178038,,,False,False,,,,,,,False,0,False,500000.0,1167385.0856171777,-0.0915278116157231,reject_b_market_chain_gte_30,B额外过滤全市场连板数量gte_30。
A_plus_B_strict,20260507,B,HISTORICAL_SIM_FILLED,603256.SH,宏和科技,sh_main,无,0.02464048591717308,1060536.8834178038,1086669.027558303,b_conservative_daily_replay,,True,True,,,20260508,20260511,145.12497999999997,149.83002,False,0,False,500000.0,1167385.0856171777,-0.06914261545169686,reject_b_market_chain_gte_30,B额外过滤全市场连板数量gte_30。
A_plus_B_strict,20260508,A_OR_B,POSITION_OCCUPIED_SKIP,,,,,0.0,1086669.027558303,1086669.027558303,,603256.SH 宏和科技,False,False,,,,,,,False,0,False,500000.0,1167385.0856171777,-0.06914261545169686,reject_b_market_chain_gte_30,B额外过滤全市场连板数量gte_30。
A_plus_B_strict,20260511,NONE,NO_CANDIDATE,,,,,0.0,1086669.027558303,1086669.027558303,,,False,False,,,,,,,False,0,False,500000.0,1167385.0856171777,-0.06914261545169686,reject_b_market_chain_gte_30,B额外过滤全市场连板数量gte_30。
A_plus_B_strict,20260512,NONE,NO_CANDIDATE,,,,,0.0,1086669.027558303,1086669.027558303,,,False,False,,,,,,,False,0,False,500000.0,1167385.0856171777,-0.06914261545169686,reject_b_market_chain_gte_30,B额外过滤全市场连板数量gte_30。
A_plus_B_strict,20260513,NONE,NO_CANDIDATE,,,,,0.0,1086669.027558303,1086669.027558303,,,False,False,,,,,,,False,0,False,500000.0,1167385.0856171777,-0.06914261545169686,reject_b_market_chain_gte_30,B额外过滤全市场连板数量gte_30。
A_plus_B_strict,20260514,NONE,NO_CANDIDATE,,,,,0.0,1086669.027558303,1086669.027558303,,,False,False,,,,,,,False,0,False,500000.0,1167385.0856171777,-0.06914261545169686,reject_b_market_chain_gte_30,B额外过滤全市场连板数量gte_30。
A_plus_B_strict,20251112,NONE,NO_CANDIDATE,,,,,0.0,500000.0,500000.0,,,False,False,,,,,,,False,0,False,500000.0,500000.0,0.0,reject_b_open_times_gte_4,B额外过滤炸板次数>=4。
A_plus_B_strict,20251113,NONE,NO_CANDIDATE,,,,,0.0,500000.0,500000.0,,,False,False,,,,,,,False,0,False,500000.0,500000.0,0.0,reject_b_open_times_gte_4,B额外过滤炸板次数>=4。
A_plus_B_strict,20251114,NONE,NO_CANDIDATE,,,,,0.0,500000.0,500000.0,,,False,False,,,,,,,False,0,False,500000.0,500000.0,0.0,reject_b_open_times_gte_4,B额外过滤炸板次数>=4。
A_plus_B_strict,20251117,NONE,NO_CANDIDATE,,,,,0.0,500000.0,500000.0,,,False,False,,,,,,,False,0,False,500000.0,500000.0,0.0,reject_b_open_times_gte_4,B额外过滤炸板次数>=4。
A_plus_B_strict,20251118,NONE,NO_CANDIDATE,,,,,0.0,500000.0,500000.0,,,False,False,,,,,,,False,0,False,500000.0,500000.0,0.0,reject_b_open_times_gte_4,B额外过滤炸板次数>=4。
A_plus_B_strict,20251119,NONE,NO_CANDIDATE,,,,,0.0,500000.0,500000.0,,,False,False,,,,,,,False,0,False,500000.0,500000.0,0.0,reject_b_open_times_gte_4,B额外过滤炸板次数>=4。
A_plus_B_strict,20251120,A,HISTORICAL_SIM_FILLED,301092.SZ,争光股份,chi_next,无,-0.0505145833968012,500000.0,474742.7083015994,a_audit_dynamic_account_return,,False,False,,,,,,,False,0,False,500000.0,500000.0,-0.05051458339680115,reject_b_open_times_gte_4,B额外过滤炸板次数>=4。
A_plus_B_strict,20251121,A_OR_B,POSITION_OCCUPIED_SKIP,,,,,0.0,474742.7083015994,474742.7083015994,,301092.SZ 争光股份,False,False,,,,,,,False,0,False,500000.0,500000.0,-0.05051458339680115,reject_b_open_times_gte_4,B额外过滤炸板次数>=4。
A_plus_B_strict,20251124,NONE,NO_CANDIDATE,,,,,0.0,474742.7083015994,474742.7083015994,,,False,False,,,,,,,False,0,False,500000.0,500000.0,-0.05051458339680115,reject_b_open_times_gte_4,B额外过滤炸板次数>=4。
A_plus_B_strict,20251125,A,REVIEW_REQUIRED_PLAN_ONLY,301117.SZ,佳缘科技,chi_next,LOSS_OVERLAY_WATCH,0.0,474742.7083015994,474742.7083015994,manual_review_skip,,False,False,,,,,,,False,0,False,500000.0,500000.0,-0.05051458339680115,reject_b_open_times_gte_4,B额外过滤炸板次数>=4。
A_plus_B_strict,20251126,NONE,NO_CANDIDATE,,,,,0.0,474742.7083015994,474742.7083015994,,,False,False,,,,,,,False,0,False,500000.0,500000.0,-0.05051458339680115,reject_b_open_times_gte_4,B额外过滤炸板次数>=4。
A_plus_B_strict,20251127,NONE,NO_CANDIDATE,,,,,0.0,474742.7083015994,474742.7083015994,,,False,False,,,,,,,False,0,False,500000.0,500000.0,-0.05051458339680115,reject_b_open_times_gte_4,B额外过滤炸板次数>=4。
A_plus_B_strict,20251128,NONE,NO_CANDIDATE,,,,,0.0,474742.7083015994,474742.7083015994,,,False,False,,,,,,,False,0,False,500000.0,500000.0,-0.05051458339680115,reject_b_open_times_gte_4,B额外过滤炸板次数>=4。
A_plus_B_strict,20251201,NONE,NO_CANDIDATE,,,,,0.0,474742.7083015994,474742.7083015994,,,False,False,,,,,,,False,0,False,500000.0,500000.0,-0.05051458339680115,reject_b_open_times_gte_4,B额外过滤炸板次数>=4。
A_plus_B_strict,20251202,NONE,NO_CANDIDATE,,,,,0.0,474742.7083015994,474742.7083015994,,,False,False,,,,,,,False,0,False,500000.0,500000.0,-0.05051458339680115,reject_b_open_times_gte_4,B额外过滤炸板次数>=4。
A_plus_B_strict,20251203,NONE,NO_CANDIDATE,,,,,0.0,474742.7083015994,474742.7083015994,,,False,False,,,,,,,False,0,False,500000.0,500000.0,-0.05051458339680115,reject_b_open_times_gte_4,B额外过滤炸板次数>=4。
A_plus_B_strict,20251204,A,HISTORICAL_SIM_FILLED,300946.SZ,恒而达,chi_next,无,0.0291749495998269,474742.7083015994,488593.30288918386,a_audit_dynamic_account_return,,False,False,,,,,,,False,0,False,500000.0,500000.0,-0.02281339422163231,reject_b_open_times_gte_4,B额外过滤炸板次数>=4。
A_plus_B_strict,20251205,A_OR_B,POSITION_OCCUPIED_SKIP,,,,,0.0,488593.30288918386,488593.30288918386,,300946.SZ 恒而达,False,False,,,,,,,False,0,False,500000.0,500000.0,-0.02281339422163231,reject_b_open_times_gte_4,B额外过滤炸板次数>=4。
A_plus_B_strict,20251208,NONE,NO_CANDIDATE,,,,,0.0,488593.30288918386,488593.30288918386,,,False,False,,,,,,,False,0,False,500000.0,500000.0,-0.02281339422163231,reject_b_open_times_gte_4,B额外过滤炸板次数>=4。
A_plus_B_strict,20251209,NONE,NO_CANDIDATE,,,,,0.0,488593.30288918386,488593.30288918386,,,False,False,,,,,,,False,0,False,500000.0,500000.0,-0.02281339422163231,reject_b_open_times_gte_4,B额外过滤炸板次数>=4。
A_plus_B_strict,20251210,NONE,NO_CANDIDATE,,,,,0.0,488593.30288918386,488593.30288918386,,,False,False,,,,,,,False,0,False,500000.0,500000.0,-0.02281339422163231,reject_b_open_times_gte_4,B额外过滤炸板次数>=4。
A_plus_B_strict,20251211,NONE,NO_CANDIDATE,,,,,0.0,488593.30288918386,488593.30288918386,,,False,False,,,,,,,False,0,False,500000.0,500000.0,-0.02281339422163231,reject_b_open_times_gte_4,B额外过滤炸板次数>=4。
A_plus_B_strict,20251212,A,HISTORICAL_SIM_FILLED,920576.BJ,天力复合,bj,无,0.181313377355646,488593.30288918386,577181.8047893719,a_audit_dynamic_account_return,,False,False,,,,,,,False,0,False,500000.0,577181.8047893719,0.0,reject_b_open_times_gte_4,B额外过滤炸板次数>=4。
A_plus_B_strict,20251215,A_OR_B,POSITION_OCCUPIED_SKIP,,,,,0.0,577181.8047893719,577181.8047893719,,920576.BJ 天力复合,False,False,,,,,,,False,0,False,500000.0,577181.8047893719,0.0,reject_b_open_times_gte_4,B额外过滤炸板次数>=4。
A_plus_B_strict,20251216,NONE,NO_CANDIDATE,,,,,0.0,577181.8047893719,577181.8047893719,,,False,False,,,,,,,False,0,False,500000.0,577181.8047893719,0.0,reject_b_open_times_gte_4,B额外过滤炸板次数>=4。
A_plus_B_strict,20251217,NONE,NO_CANDIDATE,,,,,0.0,577181.8047893719,577181.8047893719,,,False,False,,,,,,,False,0,False,500000.0,577181.8047893719,0.0,reject_b_open_times_gte_4,B额外过滤炸板次数>=4。
A_plus_B_strict,20251218,NONE,NO_CANDIDATE,,,,,0.0,577181.8047893719,577181.8047893719,,,False,False,,,,,,,False,0,False,500000.0,577181.8047893719,0.0,reject_b_open_times_gte_4,B额外过滤炸板次数>=4。
A_plus_B_strict,20251219,A,REVIEW_REQUIRED_PLAN_ONLY,300557.SZ,理工光科,chi_next,LOSS_OVERLAY_WATCH,0.0,577181.8047893719,577181.8047893719,manual_review_skip,,False,False,,,,,,,False,0,False,500000.0,577181.8047893719,0.0,reject_b_open_times_gte_4,B额外过滤炸板次数>=4。
A_plus_B_strict,20251222,NONE,NO_CANDIDATE,,,,,0.0,577181.8047893719,577181.8047893719,,,False,False,,,,,,,False,0,False,500000.0,577181.8047893719,0.0,reject_b_open_times_gte_4,B额外过滤炸板次数>=4。
A_plus_B_strict,20251223,NONE,NO_CANDIDATE,,,,,0.0,577181.8047893719,577181.8047893719,,,False,False,,,,,,,False,0,False,500000.0,577181.8047893719,0.0,reject_b_open_times_gte_4,B额外过滤炸板次数>=4。
A_plus_B_strict,20251224,NONE,NO_CANDIDATE,,,,,0.0,577181.8047893719,577181.8047893719,,,False,False,,,,,,,False,0,False,500000.0,577181.8047893719,0.0,reject_b_open_times_gte_4,B额外过滤炸板次数>=4。
A_plus_B_strict,20251225,NONE,NO_CANDIDATE,,,,,0.0,577181.8047893719,577181.8047893719,,,False,False,,,,,,,False,0,False,500000.0,577181.8047893719,0.0,reject_b_open_times_gte_4,B额外过滤炸板次数>=4。
A_plus_B_strict,20251226,NONE,NO_CANDIDATE,,,,,0.0,577181.8047893719,577181.8047893719,,,False,False,,,,,,,False,0,False,500000.0,577181.8047893719,0.0,reject_b_open_times_gte_4,B额外过滤炸板次数>=4。
A_plus_B_strict,20251229,NONE,NO_CANDIDATE,,,,,0.0,577181.8047893719,577181.8047893719,,,False,False,,,,,,,False,0,False,500000.0,577181.8047893719,0.0,reject_b_open_times_gte_4,B额外过滤炸板次数>=4。
A_plus_B_strict,20251230,NONE,NO_CANDIDATE,,,,,0.0,577181.8047893719,577181.8047893719,,,False,False,,,,,,,False,0,False,500000.0,577181.8047893719,0.0,reject_b_open_times_gte_4,B额外过滤炸板次数>=4。
A_plus_B_strict,20251231,A,HISTORICAL_SIM_FILLED,300058.SZ,蓝色光标,chi_next,无,0.1308549259970799,577181.8047893719,652708.8871419462,a_audit_dynamic_account_return,,False,False,,,,,,,False,0,False,500000.0,652708.8871419462,0.0,reject_b_open_times_gte_4,B额外过滤炸板次数>=4。
A_plus_B_strict,20260105,A_OR_B,POSITION_OCCUPIED_SKIP,,,,,0.0,652708.8871419462,652708.8871419462,,300058.SZ 蓝色光标,False,False,,,,,,,False,0,False,500000.0,652708.8871419462,0.0,reject_b_open_times_gte_4,B额外过滤炸板次数>=4。
A_plus_B_strict,20260106,B,HISTORICAL_SIM_FILLED,002865.SZ,钧达股份,sz_main,无,0.15860683400809739,652708.8871419462,756232.977260479,b_conservative_daily_replay,,True,True,,,20260107,20260108,57.056999999999995,68.46147,False,0,False,500000.0,756232.977260479,0.0,reject_b_open_times_gte_4,B额外过滤炸板次数>=4。
A_plus_B_strict,20260107,A_OR_B,POSITION_OCCUPIED_SKIP,,,,,0.0,756232.977260479,756232.977260479,,002865.SZ 钧达股份,False,False,,,,,,,False,0,False,500000.0,756232.977260479,0.0,reject_b_open_times_gte_4,B额外过滤炸板次数>=4。
A_plus_B_strict,20260108,NONE,NO_CANDIDATE,,,,,0.0,756232.977260479,756232.977260479,,,False,False,,,,,,,False,0,False,500000.0,756232.977260479,0.0,reject_b_open_times_gte_4,B额外过滤炸板次数>=4。
A_plus_B_strict,20260109,NONE,NO_CANDIDATE,,,,,0.0,756232.977260479,756232.977260479,,,False,False,,,,,,,False,0,False,500000.0,756232.977260479,0.0,reject_b_open_times_gte_4,B额外过滤炸板次数>=4。
A_plus_B_strict,20260112,NONE,NO_CANDIDATE,,,,,0.0,756232.977260479,756232.977260479,,,False,False,,,,,,,False,0,False,500000.0,756232.977260479,0.0,reject_b_open_times_gte_4,B额外过滤炸板次数>=4。
A_plus_B_strict,20260113,NONE,NO_CANDIDATE,,,,,0.0,756232.977260479,756232.977260479,,,False,False,,,,,,,False,0,False,500000.0,756232.977260479,0.0,reject_b_open_times_gte_4,B额外过滤炸板次数>=4。
A_plus_B_strict,20260114,NONE,NO_CANDIDATE,,,,,0.0,756232.977260479,756232.977260479,,,False,False,,,,,,,False,0,False,500000.0,756232.977260479,0.0,reject_b_open_times_gte_4,B额外过滤炸板次数>=4。
A_plus_B_strict,20260115,A,HISTORICAL_SIM_FILLED,301629.SZ,矽电股份,chi_next,无,-0.0338313603969523,756232.977260479,730648.5868627195,a_audit_dynamic_account_return,,False,False,,,,,,,False,0,False,500000.0,756232.977260479,-0.03383136039695234,reject_b_open_times_gte_4,B额外过滤炸板次数>=4。
A_plus_B_strict,20260116,A_OR_B,POSITION_OCCUPIED_SKIP,,,,,0.0,730648.5868627195,730648.5868627195,,301629.SZ 矽电股份,False,False,,,,,,,False,0,False,500000.0,756232.977260479,-0.03383136039695234,reject_b_open_times_gte_4,B额外过滤炸板次数>=4。
A_plus_B_strict,20260119,A,HISTORICAL_SIM_FILLED,300658.SZ,延江股份,chi_next,无,0.0681174370165976,730648.5868627195,780418.4959596068,a_audit_dynamic_account_return,,False,False,,,,,,,False,0,False,500000.0,780418.4959596068,0.0,reject_b_open_times_gte_4,B额外过滤炸板次数>=4。
A_plus_B_strict,20260120,A_OR_B,POSITION_OCCUPIED_SKIP,,,,,0.0,780418.4959596068,780418.4959596068,,300658.SZ 延江股份,False,False,,,,,,,False,0,False,500000.0,780418.4959596068,0.0,reject_b_open_times_gte_4,B额外过滤炸板次数>=4。
A_plus_B_strict,20260121,NONE,NO_CANDIDATE,,,,,0.0,780418.4959596068,780418.4959596068,,,False,False,,,,,,,False,0,False,500000.0,780418.4959596068,0.0,reject_b_open_times_gte_4,B额外过滤炸板次数>=4。
A_plus_B_strict,20260122,NONE,NO_CANDIDATE,,,,,0.0,780418.4959596068,780418.4959596068,,,False,False,,,,,,,False,0,False,500000.0,780418.4959596068,0.0,reject_b_open_times_gte_4,B额外过滤炸板次数>=4。
A_plus_B_strict,20260123,A,HISTORICAL_SIM_FILLED,920368.BJ,连城数控,bj,无,0.1027727855059111,780418.4959596068,860624.2786497092,a_audit_dynamic_account_return,,False,False,,,,,,,False,0,False,500000.0,860624.2786497092,0.0,reject_b_open_times_gte_4,B额外过滤炸板次数>=4。
A_plus_B_strict,20260126,A_OR_B,POSITION_OCCUPIED_SKIP,,,,,0.0,860624.2786497092,860624.2786497092,,920368.BJ 连城数控,False,False,,,,,,,False,0,False,500000.0,860624.2786497092,0.0,reject_b_open_times_gte_4,B额外过滤炸板次数>=4。
A_plus_B_strict,20260127,NONE,NO_CANDIDATE,,,,,0.0,860624.2786497092,860624.2786497092,,,False,False,,,,,,,False,0,False,500000.0,860624.2786497092,0.0,reject_b_open_times_gte_4,B额外过滤炸板次数>=4。
A_plus_B_strict,20260128,A,HISTORICAL_SIM_FILLED,300164.SZ,通源石油,chi_next,无,0.0457725821591917,860624.2786497092,900017.2741523981,a_audit_dynamic_account_return,,False,False,,,,,,,False,0,False,500000.0,900017.2741523981,0.0,reject_b_open_times_gte_4,B额外过滤炸板次数>=4。
A_plus_B_strict,20260129,A_OR_B,POSITION_OCCUPIED_SKIP,,,,,0.0,900017.2741523981,900017.2741523981,,300164.SZ 通源石油,False,False,,,,,,,False,0,False,500000.0,900017.2741523981,0.0,reject_b_open_times_gte_4,B额外过滤炸板次数>=4。
A_plus_B_strict,20260130,NONE,NO_CANDIDATE,,,,,0.0,900017.2741523981,900017.2741523981,,,False,False,,,,,,,False,0,False,500000.0,900017.2741523981,0.0,reject_b_open_times_gte_4,B额外过滤炸板次数>=4。
A_plus_B_strict,20260202,NONE,NO_CANDIDATE,,,,,0.0,900017.2741523981,900017.2741523981,,,False,False,,,,,,,False,0,False,500000.0,900017.2741523981,0.0,reject_b_open_times_gte_4,B额外过滤炸板次数>=4。
A_plus_B_strict,20260203,NONE,NO_CANDIDATE,,,,,0.0,900017.2741523981,900017.2741523981,,,False,False,,,,,,,False,0,False,500000.0,900017.2741523981,0.0,reject_b_open_times_gte_4,B额外过滤炸板次数>=4。
A_plus_B_strict,20260204,NONE,NO_CANDIDATE,,,,,0.0,900017.2741523981,900017.2741523981,,,False,False,,,,,,,False,0,False,500000.0,900017.2741523981,0.0,reject_b_open_times_gte_4,B额外过滤炸板次数>=4。
A_plus_B_strict,20260205,NONE,NO_CANDIDATE,,,,,0.0,900017.2741523981,900017.2741523981,,,False,False,,,,,,,False,0,False,500000.0,900017.2741523981,0.0,reject_b_open_times_gte_4,B额外过滤炸板次数>=4。
A_plus_B_strict,20260206,NONE,NO_CANDIDATE,,,,,0.0,900017.2741523981,900017.2741523981,,,False,False,,,,,,,False,0,False,500000.0,900017.2741523981,0.0,reject_b_open_times_gte_4,B额外过滤炸板次数>=4。
A_plus_B_strict,20260209,NONE,NO_CANDIDATE,,,,,0.0,900017.2741523981,900017.2741523981,,,False,False,,,,,,,False,0,False,500000.0,900017.2741523981,0.0,reject_b_open_times_gte_4,B额外过滤炸板次数>=4。
A_plus_B_strict,20260210,NONE,NO_CANDIDATE,,,,,0.0,900017.2741523981,900017.2741523981,,,False,False,,,,,,,False,0,False,500000.0,900017.2741523981,0.0,reject_b_open_times_gte_4,B额外过滤炸板次数>=4。
A_plus_B_strict,20260211,NONE,NO_CANDIDATE,,,,,0.0,900017.2741523981,900017.2741523981,,,False,False,,,,,,,False,0,False,500000.0,900017.2741523981,0.0,reject_b_open_times_gte_4,B额外过滤炸板次数>=4。
A_plus_B_strict,20260212,NONE,NO_CANDIDATE,,,,,0.0,900017.2741523981,900017.2741523981,,,False,False,,,,,,,False,0,False,500000.0,900017.2741523981,0.0,reject_b_open_times_gte_4,B额外过滤炸板次数>=4。
A_plus_B_strict,20260213,NONE,NO_CANDIDATE,,,,,0.0,900017.2741523981,900017.2741523981,,,False,False,,,,,,,False,0,False,500000.0,900017.2741523981,0.0,reject_b_open_times_gte_4,B额外过滤炸板次数>=4。
A_plus_B_strict,20260224,NONE,NO_CANDIDATE,,,,,0.0,900017.2741523981,900017.2741523981,,,False,False,,,,,,,False,0,False,500000.0,900017.2741523981,0.0,reject_b_open_times_gte_4,B额外过滤炸板次数>=4。
A_plus_B_strict,20260225,NONE,NO_CANDIDATE,,,,,0.0,900017.2741523981,900017.2741523981,,,False,False,,,,,,,False,0,False,500000.0,900017.2741523981,0.0,reject_b_open_times_gte_4,B额外过滤炸板次数>=4。
A_plus_B_strict,20260226,A,HISTORICAL_SIM_FILLED,300499.SZ,高澜股份,chi_next,无,0.0193948880593092,900017.2741523981,917473.0084360284,a_audit_dynamic_account_return,,False,False,,,,,,,False,0,False,500000.0,917473.0084360284,0.0,reject_b_open_times_gte_4,B额外过滤炸板次数>=4。
A_plus_B_strict,20260227,A_OR_B,POSITION_OCCUPIED_SKIP,,,,,0.0,917473.0084360284,917473.0084360284,,300499.SZ 高澜股份,False,False,,,,,,,False,0,False,500000.0,917473.0084360284,0.0,reject_b_open_times_gte_4,B额外过滤炸板次数>=4。
A_plus_B_strict,20260302,NONE,NO_CANDIDATE,,,,,0.0,917473.0084360284,917473.0084360284,,,False,False,,,,,,,False,0,False,500000.0,917473.0084360284,0.0,reject_b_open_times_gte_4,B额外过滤炸板次数>=4。
A_plus_B_strict,20260303,NONE,NO_CANDIDATE,,,,,0.0,917473.0084360284,917473.0084360284,,,False,False,,,,,,,False,0,False,500000.0,917473.0084360284,0.0,reject_b_open_times_gte_4,B额外过滤炸板次数>=4。
A_plus_B_strict,20260304,NONE,NO_CANDIDATE,,,,,0.0,917473.0084360284,917473.0084360284,,,False,False,,,,,,,False,0,False,500000.0,917473.0084360284,0.0,reject_b_open_times_gte_4,B额外过滤炸板次数>=4。
A_plus_B_strict,20260305,NONE,NO_CANDIDATE,,,,,0.0,917473.0084360284,917473.0084360284,,,False,False,,,,,,,False,0,False,500000.0,917473.0084360284,0.0,reject_b_open_times_gte_4,B额外过滤炸板次数>=4。
A_plus_B_strict,20260306,NONE,NO_CANDIDATE,,,,,0.0,917473.0084360284,917473.0084360284,,,False,False,,,,,,,False,0,False,500000.0,917473.0084360284,0.0,reject_b_open_times_gte_4,B额外过滤炸板次数>=4。
A_plus_B_strict,20260309,A,REVIEW_REQUIRED_PLAN_ONLY,301606.SZ,绿联科技,chi_next,LOSS_OVERLAY_WATCH,0.0,917473.0084360284,917473.0084360284,manual_review_skip,,False,False,,,,,,,False,0,False,500000.0,917473.0084360284,0.0,reject_b_open_times_gte_4,B额外过滤炸板次数>=4。
A_plus_B_strict,20260310,NONE,NO_CANDIDATE,,,,,0.0,917473.0084360284,917473.0084360284,,,False,False,,,,,,,False,0,False,500000.0,917473.0084360284,0.0,reject_b_open_times_gte_4,B额外过滤炸板次数>=4。
A_plus_B_strict,20260311,NONE,NO_CANDIDATE,,,,,0.0,917473.0084360284,917473.0084360284,,,False,False,,,,,,,False,0,False,500000.0,917473.0084360284,0.0,reject_b_open_times_gte_4,B额外过滤炸板次数>=4。
A_plus_B_strict,20260312,NONE,NO_CANDIDATE,,,,,0.0,917473.0084360284,917473.0084360284,,,False,False,,,,,,,False,0,False,500000.0,917473.0084360284,0.0,reject_b_open_times_gte_4,B额外过滤炸板次数>=4。
A_plus_B_strict,20260313,B,HISTORICAL_SIM_FILLED,603248.SH,锡华科技,sh_main,无,0.14196793827778875,917473.0084360284,1047724.7598692116,b_conservative_daily_replay,,True,True,,,20260316,20260317,28.908879999999996,34.085879999999996,False,0,False,500000.0,1047724.7598692116,0.0,reject_b_open_times_gte_4,B额外过滤炸板次数>=4。
A_plus_B_strict,20260316,A_OR_B,POSITION_OCCUPIED_SKIP,,,,,0.0,1047724.7598692116,1047724.7598692116,,603248.SH 锡华科技,False,False,,,,,,,False,0,False,500000.0,1047724.7598692116,0.0,reject_b_open_times_gte_4,B额外过滤炸板次数>=4。
A_plus_B_strict,20260317,NONE,NO_CANDIDATE,,,,,0.0,1047724.7598692116,1047724.7598692116,,,False,False,,,,,,,False,0,False,500000.0,1047724.7598692116,0.0,reject_b_open_times_gte_4,B额外过滤炸板次数>=4。
A_plus_B_strict,20260318,NONE,NO_CANDIDATE,,,,,0.0,1047724.7598692116,1047724.7598692116,,,False,False,,,,,,,False,0,False,500000.0,1047724.7598692116,0.0,reject_b_open_times_gte_4,B额外过滤炸板次数>=4。
A_plus_B_strict,20260319,NONE,NO_CANDIDATE,,,,,0.0,1047724.7598692116,1047724.7598692116,,,False,False,,,,,,,False,0,False,500000.0,1047724.7598692116,0.0,reject_b_open_times_gte_4,B额外过滤炸板次数>=4。
A_plus_B_strict,20260320,NONE,NO_CANDIDATE,,,,,0.0,1047724.7598692116,1047724.7598692116,,,False,False,,,,,,,False,0,False,500000.0,1047724.7598692116,0.0,reject_b_open_times_gte_4,B额外过滤炸板次数>=4。
A_plus_B_strict,20260323,NONE,NO_CANDIDATE,,,,,0.0,1047724.7598692116,1047724.7598692116,,,False,False,,,,,,,False,0,False,500000.0,1047724.7598692116,0.0,reject_b_open_times_gte_4,B额外过滤炸板次数>=4。
A_plus_B_strict,20260324,NONE,NO_CANDIDATE,,,,,0.0,1047724.7598692116,1047724.7598692116,,,False,False,,,,,,,False,0,False,500000.0,1047724.7598692116,0.0,reject_b_open_times_gte_4,B额外过滤炸板次数>=4。
A_plus_B_strict,20260325,B,HISTORICAL_SIM_FILLED,603829.SH,洛凯股份,sh_main,无,0.0017810469626826726,1047724.7598692116,1049590.806870504,b_conservative_daily_replay,,True,True,,,20260326,20260327,29.059029999999996,29.1708,False,0,False,500000.0,1049590.806870504,0.0,reject_b_open_times_gte_4,B额外过滤炸板次数>=4。
A_plus_B_strict,20260326,A_OR_B,POSITION_OCCUPIED_SKIP,,,,,0.0,1049590.806870504,1049590.806870504,,603829.SH 洛凯股份,False,False,,,,,,,False,0,False,500000.0,1049590.806870504,0.0,reject_b_open_times_gte_4,B额外过滤炸板次数>=4。
A_plus_B_strict,20260327,A,HISTORICAL_SIM_FILLED,300204.SZ,舒泰神,chi_next,无,0.0397618491523106,1049590.806870504,1091324.478204941,a_audit_dynamic_account_return,,False,False,,,,,,,False,0,False,500000.0,1091324.478204941,0.0,reject_b_open_times_gte_4,B额外过滤炸板次数>=4。
A_plus_B_strict,20260330,A_OR_B,POSITION_OCCUPIED_SKIP,,,,,0.0,1091324.478204941,1091324.478204941,,300204.SZ 舒泰神,False,False,,,,,,,False,0,False,500000.0,1091324.478204941,0.0,reject_b_open_times_gte_4,B额外过滤炸板次数>=4。
A_plus_B_strict,20260331,NONE,NO_CANDIDATE,,,,,0.0,1091324.478204941,1091324.478204941,,,False,False,,,,,,,False,0,False,500000.0,1091324.478204941,0.0,reject_b_open_times_gte_4,B额外过滤炸板次数>=4。
A_plus_B_strict,20260401,NONE,NO_CANDIDATE,,,,,0.0,1091324.478204941,1091324.478204941,,,False,False,,,,,,,False,0,False,500000.0,1091324.478204941,0.0,reject_b_open_times_gte_4,B额外过滤炸板次数>=4。
A_plus_B_strict,20260402,NONE,NO_CANDIDATE,,,,,0.0,1091324.478204941,1091324.478204941,,,False,False,,,,,,,False,0,False,500000.0,1091324.478204941,0.0,reject_b_open_times_gte_4,B额外过滤炸板次数>=4。
A_plus_B_strict,20260403,NONE,NO_CANDIDATE,,,,,0.0,1091324.478204941,1091324.478204941,,,False,False,,,,,,,False,0,False,500000.0,1091324.478204941,0.0,reject_b_open_times_gte_4,B额外过滤炸板次数>=4。
A_plus_B_strict,20260407,NONE,NO_CANDIDATE,,,,,0.0,1091324.478204941,1091324.478204941,,,False,False,,,,,,,False,0,False,500000.0,1091324.478204941,0.0,reject_b_open_times_gte_4,B额外过滤炸板次数>=4。
A_plus_B_strict,20260408,B,HISTORICAL_SIM_FILLED,603083.SH,剑桥科技,sh_main,无,0.02050690266715481,1091324.478204941,1113704.1630577731,b_conservative_daily_replay,,True,True,,,20260409,20260410,113.04293,116.12375999999999,False,0,False,500000.0,1113704.1630577731,0.0,reject_b_open_times_gte_4,B额外过滤炸板次数>=4。
A_plus_B_strict,20260409,A_OR_B,POSITION_OCCUPIED_SKIP,,,,,0.0,1113704.1630577731,1113704.1630577731,,603083.SH 剑桥科技,False,False,,,,,,,False,0,False,500000.0,1113704.1630577731,0.0,reject_b_open_times_gte_4,B额外过滤炸板次数>=4。
A_plus_B_strict,20260410,NONE,NO_CANDIDATE,,,,,0.0,1113704.1630577731,1113704.1630577731,,,False,False,,,,,,,False,0,False,500000.0,1113704.1630577731,0.0,reject_b_open_times_gte_4,B额外过滤炸板次数>=4。
A_plus_B_strict,20260413,NONE,NO_CANDIDATE,,,,,0.0,1113704.1630577731,1113704.1630577731,,,False,False,,,,,,,False,0,False,500000.0,1113704.1630577731,0.0,reject_b_open_times_gte_4,B额外过滤炸板次数>=4。
A_plus_B_strict,20260414,A,HISTORICAL_SIM_FILLED,301189.SZ,奥尼电子,chi_next,无,-0.0350052172427846,1113704.1630577731,1074718.7068857423,a_audit_dynamic_account_return,,False,False,,,,,,,False,0,False,500000.0,1113704.1630577731,-0.03500521724278449,reject_b_open_times_gte_4,B额外过滤炸板次数>=4。
A_plus_B_strict,20260415,A_OR_B,POSITION_OCCUPIED_SKIP,,,,,0.0,1074718.7068857423,1074718.7068857423,,301189.SZ 奥尼电子,False,False,,,,,,,False,0,False,500000.0,1113704.1630577731,-0.03500521724278449,reject_b_open_times_gte_4,B额外过滤炸板次数>=4。
A_plus_B_strict,20260416,NONE,NO_CANDIDATE,,,,,0.0,1074718.7068857423,1074718.7068857423,,,False,False,,,,,,,False,0,False,500000.0,1113704.1630577731,-0.03500521724278449,reject_b_open_times_gte_4,B额外过滤炸板次数>=4。
A_plus_B_strict,20260417,A,HISTORICAL_SIM_FILLED,301319.SZ,唯特偶,chi_next,无,0.0352808081329955,1074718.7068857423,1112635.6513803191,a_audit_dynamic_account_return,,False,False,,,,,,,False,0,False,500000.0,1113704.1630577731,-0.0009594214629855546,reject_b_open_times_gte_4,B额外过滤炸板次数>=4。
A_plus_B_strict,20260420,A_OR_B,POSITION_OCCUPIED_SKIP,,,,,0.0,1112635.6513803191,1112635.6513803191,,301319.SZ 唯特偶,False,False,,,,,,,False,0,False,500000.0,1113704.1630577731,-0.0009594214629855546,reject_b_open_times_gte_4,B额外过滤炸板次数>=4。
A_plus_B_strict,20260421,NONE,NO_CANDIDATE,,,,,0.0,1112635.6513803191,1112635.6513803191,,,False,False,,,,,,,False,0,False,500000.0,1113704.1630577731,-0.0009594214629855546,reject_b_open_times_gte_4,B额外过滤炸板次数>=4。
A_plus_B_strict,20260422,NONE,NO_CANDIDATE,,,,,0.0,1112635.6513803191,1112635.6513803191,,,False,False,,,,,,,False,0,False,500000.0,1113704.1630577731,-0.0009594214629855546,reject_b_open_times_gte_4,B额外过滤炸板次数>=4。
A_plus_B_strict,20260423,NONE,NO_CANDIDATE,,,,,0.0,1112635.6513803191,1112635.6513803191,,,False,False,,,,,,,False,0,False,500000.0,1113704.1630577731,-0.0009594214629855546,reject_b_open_times_gte_4,B额外过滤炸板次数>=4。
A_plus_B_strict,20260424,NONE,NO_CANDIDATE,,,,,0.0,1112635.6513803191,1112635.6513803191,,,False,False,,,,,,,False,0,False,500000.0,1113704.1630577731,-0.0009594214629855546,reject_b_open_times_gte_4,B额外过滤炸板次数>=4。
A_plus_B_strict,20260427,NONE,NO_CANDIDATE,,,,,0.0,1112635.6513803191,1112635.6513803191,,,False,False,,,,,,,False,0,False,500000.0,1113704.1630577731,-0.0009594214629855546,reject_b_open_times_gte_4,B额外过滤炸板次数>=4。
A_plus_B_strict,20260428,NONE,NO_CANDIDATE,,,,,0.0,1112635.6513803191,1112635.6513803191,,,False,False,,,,,,,False,0,False,500000.0,1113704.1630577731,-0.0009594214629855546,reject_b_open_times_gte_4,B额外过滤炸板次数>=4。
A_plus_B_strict,20260429,NONE,NO_CANDIDATE,,,,,0.0,1112635.6513803191,1112635.6513803191,,,False,False,,,,,,,False,0,False,500000.0,1113704.1630577731,-0.0009594214629855546,reject_b_open_times_gte_4,B额外过滤炸板次数>=4。
A_plus_B_strict,20260430,NONE,NO_CANDIDATE,,,,,0.0,1112635.6513803191,1112635.6513803191,,,False,False,,,,,,,False,0,False,500000.0,1113704.1630577731,-0.0009594214629855546,reject_b_open_times_gte_4,B额外过滤炸板次数>=4。
A_plus_B_strict,20260506,NONE,NO_CANDIDATE,,,,,0.0,1112635.6513803191,1112635.6513803191,,,False,False,,,,,,,False,0,False,500000.0,1113704.1630577731,-0.0009594214629855546,reject_b_open_times_gte_4,B额外过滤炸板次数>=4。
A_plus_B_strict,20260507,B,HISTORICAL_SIM_FILLED,603256.SH,宏和科技,sh_main,无,0.02464048591717308,1112635.6513803191,1140051.5344791007,b_conservative_daily_replay,,True,True,,,20260508,20260511,145.12497999999997,149.83002,False,0,False,500000.0,1140051.5344791007,0.0,reject_b_open_times_gte_4,B额外过滤炸板次数>=4。
A_plus_B_strict,20260508,A_OR_B,POSITION_OCCUPIED_SKIP,,,,,0.0,1140051.5344791007,1140051.5344791007,,603256.SH 宏和科技,False,False,,,,,,,False,0,False,500000.0,1140051.5344791007,0.0,reject_b_open_times_gte_4,B额外过滤炸板次数>=4。
A_plus_B_strict,20260511,NONE,NO_CANDIDATE,,,,,0.0,1140051.5344791007,1140051.5344791007,,,False,False,,,,,,,False,0,False,500000.0,1140051.5344791007,0.0,reject_b_open_times_gte_4,B额外过滤炸板次数>=4。
A_plus_B_strict,20260512,NONE,NO_CANDIDATE,,,,,0.0,1140051.5344791007,1140051.5344791007,,,False,False,,,,,,,False,0,False,500000.0,1140051.5344791007,0.0,reject_b_open_times_gte_4,B额外过滤炸板次数>=4。
A_plus_B_strict,20260513,NONE,NO_CANDIDATE,,,,,0.0,1140051.5344791007,1140051.5344791007,,,False,False,,,,,,,False,0,False,500000.0,1140051.5344791007,0.0,reject_b_open_times_gte_4,B额外过滤炸板次数>=4。
A_plus_B_strict,20260514,NONE,NO_CANDIDATE,,,,,0.0,1140051.5344791007,1140051.5344791007,,,False,False,,,,,,,False,0,False,500000.0,1140051.5344791007,0.0,reject_b_open_times_gte_4,B额外过滤炸板次数>=4。
A_plus_B_strict,20251112,NONE,NO_CANDIDATE,,,,,0.0,500000.0,500000.0,,,False,False,,,,,,,False,0,False,500000.0,500000.0,0.0,reject_b_open_times_gte_6,B额外过滤炸板次数>=6。
A_plus_B_strict,20251113,NONE,NO_CANDIDATE,,,,,0.0,500000.0,500000.0,,,False,False,,,,,,,False,0,False,500000.0,500000.0,0.0,reject_b_open_times_gte_6,B额外过滤炸板次数>=6。
A_plus_B_strict,20251114,NONE,NO_CANDIDATE,,,,,0.0,500000.0,500000.0,,,False,False,,,,,,,False,0,False,500000.0,500000.0,0.0,reject_b_open_times_gte_6,B额外过滤炸板次数>=6。
A_plus_B_strict,20251117,NONE,NO_CANDIDATE,,,,,0.0,500000.0,500000.0,,,False,False,,,,,,,False,0,False,500000.0,500000.0,0.0,reject_b_open_times_gte_6,B额外过滤炸板次数>=6。
A_plus_B_strict,20251118,NONE,NO_CANDIDATE,,,,,0.0,500000.0,500000.0,,,False,False,,,,,,,False,0,False,500000.0,500000.0,0.0,reject_b_open_times_gte_6,B额外过滤炸板次数>=6。
A_plus_B_strict,20251119,NONE,NO_CANDIDATE,,,,,0.0,500000.0,500000.0,,,False,False,,,,,,,False,0,False,500000.0,500000.0,0.0,reject_b_open_times_gte_6,B额外过滤炸板次数>=6。
A_plus_B_strict,20251120,A,HISTORICAL_SIM_FILLED,301092.SZ,争光股份,chi_next,无,-0.0505145833968012,500000.0,474742.7083015994,a_audit_dynamic_account_return,,False,False,,,,,,,False,0,False,500000.0,500000.0,-0.05051458339680115,reject_b_open_times_gte_6,B额外过滤炸板次数>=6。
A_plus_B_strict,20251121,A_OR_B,POSITION_OCCUPIED_SKIP,,,,,0.0,474742.7083015994,474742.7083015994,,301092.SZ 争光股份,False,False,,,,,,,False,0,False,500000.0,500000.0,-0.05051458339680115,reject_b_open_times_gte_6,B额外过滤炸板次数>=6。
A_plus_B_strict,20251124,NONE,NO_CANDIDATE,,,,,0.0,474742.7083015994,474742.7083015994,,,False,False,,,,,,,False,0,False,500000.0,500000.0,-0.05051458339680115,reject_b_open_times_gte_6,B额外过滤炸板次数>=6。
A_plus_B_strict,20251125,A,REVIEW_REQUIRED_PLAN_ONLY,301117.SZ,佳缘科技,chi_next,LOSS_OVERLAY_WATCH,0.0,474742.7083015994,474742.7083015994,manual_review_skip,,False,False,,,,,,,False,0,False,500000.0,500000.0,-0.05051458339680115,reject_b_open_times_gte_6,B额外过滤炸板次数>=6。
A_plus_B_strict,20251126,NONE,NO_CANDIDATE,,,,,0.0,474742.7083015994,474742.7083015994,,,False,False,,,,,,,False,0,False,500000.0,500000.0,-0.05051458339680115,reject_b_open_times_gte_6,B额外过滤炸板次数>=6。
A_plus_B_strict,20251127,NONE,NO_CANDIDATE,,,,,0.0,474742.7083015994,474742.7083015994,,,False,False,,,,,,,False,0,False,500000.0,500000.0,-0.05051458339680115,reject_b_open_times_gte_6,B额外过滤炸板次数>=6。
A_plus_B_strict,20251128,NONE,NO_CANDIDATE,,,,,0.0,474742.7083015994,474742.7083015994,,,False,False,,,,,,,False,0,False,500000.0,500000.0,-0.05051458339680115,reject_b_open_times_gte_6,B额外过滤炸板次数>=6。
A_plus_B_strict,20251201,B,HISTORICAL_SIM_FILLED,000078.SZ,海王生物,sz_main,无,0.14838169073032234,474742.7083015994,545185.834021283,b_conservative_daily_replay,,True,True,,,20251202,20251203,3.8037999999999994,4.515479999999999,False,0,False,500000.0,545185.834021283,0.0,reject_b_open_times_gte_6,B额外过滤炸板次数>=6。
A_plus_B_strict,20251202,A_OR_B,POSITION_OCCUPIED_SKIP,,,,,0.0,545185.834021283,545185.834021283,,000078.SZ 海王生物,False,False,,,,,,,False,0,False,500000.0,545185.834021283,0.0,reject_b_open_times_gte_6,B额外过滤炸板次数>=6。
A_plus_B_strict,20251203,NONE,NO_CANDIDATE,,,,,0.0,545185.834021283,545185.834021283,,,False,False,,,,,,,False,0,False,500000.0,545185.834021283,0.0,reject_b_open_times_gte_6,B额外过滤炸板次数>=6。
A_plus_B_strict,20251204,A,HISTORICAL_SIM_FILLED,300946.SZ,恒而达,chi_next,无,0.0291749495998269,545185.834021283,561091.6032513934,a_audit_dynamic_account_return,,False,False,,,,,,,False,0,False,500000.0,561091.6032513934,0.0,reject_b_open_times_gte_6,B额外过滤炸板次数>=6。
A_plus_B_strict,20251205,A_OR_B,POSITION_OCCUPIED_SKIP,,,,,0.0,561091.6032513934,561091.6032513934,,300946.SZ 恒而达,False,False,,,,,,,False,0,False,500000.0,561091.6032513934,0.0,reject_b_open_times_gte_6,B额外过滤炸板次数>=6。
A_plus_B_strict,20251208,B,HISTORICAL_SIM_FILLED,000571.SZ,新大洲A,sz_main,无,0.03126858280230099,561091.6032513934,578636.1425073354,b_conservative_daily_replay,,True,True,,,20251209,20251210,6.316309999999999,6.5734200000000005,False,0,False,500000.0,578636.1425073354,0.0,reject_b_open_times_gte_6,B额外过滤炸板次数>=6。
A_plus_B_strict,20251209,A_OR_B,POSITION_OCCUPIED_SKIP,,,,,0.0,578636.1425073354,578636.1425073354,,000571.SZ 新大洲A,False,False,,,,,,,False,0,False,500000.0,578636.1425073354,0.0,reject_b_open_times_gte_6,B额外过滤炸板次数>=6。
A_plus_B_strict,20251210,NONE,NO_CANDIDATE,,,,,0.0,578636.1425073354,578636.1425073354,,,False,False,,,,,,,False,0,False,500000.0,578636.1425073354,0.0,reject_b_open_times_gte_6,B额外过滤炸板次数>=6。
A_plus_B_strict,20251211,NONE,NO_CANDIDATE,,,,,0.0,578636.1425073354,578636.1425073354,,,False,False,,,,,,,False,0,False,500000.0,578636.1425073354,0.0,reject_b_open_times_gte_6,B额外过滤炸板次数>=6。
A_plus_B_strict,20251212,A,HISTORICAL_SIM_FILLED,920576.BJ,天力复合,bj,无,0.181313377355646,578636.1425073354,683550.6157653834,a_audit_dynamic_account_return,,False,False,,,,,,,False,0,False,500000.0,683550.6157653834,0.0,reject_b_open_times_gte_6,B额外过滤炸板次数>=6。
A_plus_B_strict,20251215,A_OR_B,POSITION_OCCUPIED_SKIP,,,,,0.0,683550.6157653834,683550.6157653834,,920576.BJ 天力复合,False,False,,,,,,,False,0,False,500000.0,683550.6157653834,0.0,reject_b_open_times_gte_6,B额外过滤炸板次数>=6。
A_plus_B_strict,20251216,NONE,NO_CANDIDATE,,,,,0.0,683550.6157653834,683550.6157653834,,,False,False,,,,,,,False,0,False,500000.0,683550.6157653834,0.0,reject_b_open_times_gte_6,B额外过滤炸板次数>=6。
A_plus_B_strict,20251217,NONE,NO_CANDIDATE,,,,,0.0,683550.6157653834,683550.6157653834,,,False,False,,,,,,,False,0,False,500000.0,683550.6157653834,0.0,reject_b_open_times_gte_6,B额外过滤炸板次数>=6。
A_plus_B_strict,20251218,NONE,NO_CANDIDATE,,,,,0.0,683550.6157653834,683550.6157653834,,,False,False,,,,,,,False,0,False,500000.0,683550.6157653834,0.0,reject_b_open_times_gte_6,B额外过滤炸板次数>=6。
A_plus_B_strict,20251219,A,REVIEW_REQUIRED_PLAN_ONLY,300557.SZ,理工光科,chi_next,LOSS_OVERLAY_WATCH,0.0,683550.6157653834,683550.6157653834,manual_review_skip,,False,False,,,,,,,False,0,False,500000.0,683550.6157653834,0.0,reject_b_open_times_gte_6,B额外过滤炸板次数>=6。
A_plus_B_strict,20251222,NONE,NO_CANDIDATE,,,,,0.0,683550.6157653834,683550.6157653834,,,False,False,,,,,,,False,0,False,500000.0,683550.6157653834,0.0,reject_b_open_times_gte_6,B额外过滤炸板次数>=6。
A_plus_B_strict,20251223,NONE,NO_CANDIDATE,,,,,0.0,683550.6157653834,683550.6157653834,,,False,False,,,,,,,False,0,False,500000.0,683550.6157653834,0.0,reject_b_open_times_gte_6,B额外过滤炸板次数>=6。
A_plus_B_strict,20251224,NONE,NO_CANDIDATE,,,,,0.0,683550.6157653834,683550.6157653834,,,False,False,,,,,,,False,0,False,500000.0,683550.6157653834,0.0,reject_b_open_times_gte_6,B额外过滤炸板次数>=6。
A_plus_B_strict,20251225,NONE,NO_CANDIDATE,,,,,0.0,683550.6157653834,683550.6157653834,,,False,False,,,,,,,False,0,False,500000.0,683550.6157653834,0.0,reject_b_open_times_gte_6,B额外过滤炸板次数>=6。
A_plus_B_strict,20251226,NONE,NO_CANDIDATE,,,,,0.0,683550.6157653834,683550.6157653834,,,False,False,,,,,,,False,0,False,500000.0,683550.6157653834,0.0,reject_b_open_times_gte_6,B额外过滤炸板次数>=6。
A_plus_B_strict,20251229,NONE,NO_CANDIDATE,,,,,0.0,683550.6157653834,683550.6157653834,,,False,False,,,,,,,False,0,False,500000.0,683550.6157653834,0.0,reject_b_open_times_gte_6,B额外过滤炸板次数>=6。
A_plus_B_strict,20251230,NONE,NO_CANDIDATE,,,,,0.0,683550.6157653834,683550.6157653834,,,False,False,,,,,,,False,0,False,500000.0,683550.6157653834,0.0,reject_b_open_times_gte_6,B额外过滤炸板次数>=6。
A_plus_B_strict,20251231,A,HISTORICAL_SIM_FILLED,300058.SZ,蓝色光标,chi_next,无,0.1308549259970799,683550.6157653834,772996.581006621,a_audit_dynamic_account_return,,False,False,,,,,,,False,0,False,500000.0,772996.581006621,0.0,reject_b_open_times_gte_6,B额外过滤炸板次数>=6。
A_plus_B_strict,20260105,A_OR_B,POSITION_OCCUPIED_SKIP,,,,,0.0,772996.581006621,772996.581006621,,300058.SZ 蓝色光标,False,False,,,,,,,False,0,False,500000.0,772996.581006621,0.0,reject_b_open_times_gte_6,B额外过滤炸板次数>=6。
A_plus_B_strict,20260106,B,HISTORICAL_SIM_FILLED,002865.SZ,钧达股份,sz_main,无,0.15860683400809739,772996.581006621,895599.121419165,b_conservative_daily_replay,,True,True,,,20260107,20260108,57.056999999999995,68.46147,False,0,False,500000.0,895599.121419165,0.0,reject_b_open_times_gte_6,B额外过滤炸板次数>=6。
A_plus_B_strict,20260107,A_OR_B,POSITION_OCCUPIED_SKIP,,,,,0.0,895599.121419165,895599.121419165,,002865.SZ 钧达股份,False,False,,,,,,,False,0,False,500000.0,895599.121419165,0.0,reject_b_open_times_gte_6,B额外过滤炸板次数>=6。
A_plus_B_strict,20260108,NONE,NO_CANDIDATE,,,,,0.0,895599.121419165,895599.121419165,,,False,False,,,,,,,False,0,False,500000.0,895599.121419165,0.0,reject_b_open_times_gte_6,B额外过滤炸板次数>=6。
A_plus_B_strict,20260109,NONE,NO_CANDIDATE,,,,,0.0,895599.121419165,895599.121419165,,,False,False,,,,,,,False,0,False,500000.0,895599.121419165,0.0,reject_b_open_times_gte_6,B额外过滤炸板次数>=6。
A_plus_B_strict,20260112,B,HISTORICAL_SIM_FILLED,603015.SH,弘讯科技,sh_main,无,-0.11390443845358572,895599.121419165,793586.4064143904,b_conservative_daily_replay,,True,True,,,20260113,20260114,18.35834,15.774209999999998,False,0,False,500000.0,895599.121419165,-0.11390443845358555,reject_b_open_times_gte_6,B额外过滤炸板次数>=6。
A_plus_B_strict,20260113,A_OR_B,POSITION_OCCUPIED_SKIP,,,,,0.0,793586.4064143904,793586.4064143904,,603015.SH 弘讯科技,False,False,,,,,,,False,0,False,500000.0,895599.121419165,-0.11390443845358555,reject_b_open_times_gte_6,B额外过滤炸板次数>=6。
A_plus_B_strict,20260114,NONE,NO_CANDIDATE,,,,,0.0,793586.4064143904,793586.4064143904,,,False,False,,,,,,,False,0,False,500000.0,895599.121419165,-0.11390443845358555,reject_b_open_times_gte_6,B额外过滤炸板次数>=6。
A_plus_B_strict,20260115,A,HISTORICAL_SIM_FILLED,301629.SZ,矽电股份,chi_next,无,-0.0338313603969523,793586.4064143904,766738.2986928629,a_audit_dynamic_account_return,,False,False,,,,,,,False,0,False,500000.0,895599.121419165,-0.1438822567424023,reject_b_open_times_gte_6,B额外过滤炸板次数>=6。
A_plus_B_strict,20260116,A_OR_B,POSITION_OCCUPIED_SKIP,,,,,0.0,766738.2986928629,766738.2986928629,,301629.SZ 矽电股份,False,False,,,,,,,False,0,False,500000.0,895599.121419165,-0.1438822567424023,reject_b_open_times_gte_6,B额外过滤炸板次数>=6。
A_plus_B_strict,20260119,A,HISTORICAL_SIM_FILLED,300658.SZ,延江股份,chi_next,无,0.0681174370165976,766738.2986928629,818966.5464622871,a_audit_dynamic_account_return,,False,False,,,,,,,False,0,False,500000.0,895599.121419165,-0.08556571028726123,reject_b_open_times_gte_6,B额外过滤炸板次数>=6。
A_plus_B_strict,20260120,A_OR_B,POSITION_OCCUPIED_SKIP,,,,,0.0,818966.5464622871,818966.5464622871,,300658.SZ 延江股份,False,False,,,,,,,False,0,False,500000.0,895599.121419165,-0.08556571028726123,reject_b_open_times_gte_6,B额外过滤炸板次数>=6。
A_plus_B_strict,20260121,NONE,NO_CANDIDATE,,,,,0.0,818966.5464622871,818966.5464622871,,,False,False,,,,,,,False,0,False,500000.0,895599.121419165,-0.08556571028726123,reject_b_open_times_gte_6,B额外过滤炸板次数>=6。
A_plus_B_strict,20260122,NONE,NO_CANDIDATE,,,,,0.0,818966.5464622871,818966.5464622871,,,False,False,,,,,,,False,0,False,500000.0,895599.121419165,-0.08556571028726123,reject_b_open_times_gte_6,B额外过滤炸板次数>=6。
A_plus_B_strict,20260123,A,HISTORICAL_SIM_FILLED,920368.BJ,连城数控,bj,无,0.1027727855059111,818966.5464622871,903134.0196783724,a_audit_dynamic_account_return,,False,False,,,,,,,False,0,False,500000.0,903134.0196783724,0.0,reject_b_open_times_gte_6,B额外过滤炸板次数>=6。
A_plus_B_strict,20260126,A_OR_B,POSITION_OCCUPIED_SKIP,,,,,0.0,903134.0196783724,903134.0196783724,,920368.BJ 连城数控,False,False,,,,,,,False,0,False,500000.0,903134.0196783724,0.0,reject_b_open_times_gte_6,B额外过滤炸板次数>=6。
A_plus_B_strict,20260127,NONE,NO_CANDIDATE,,,,,0.0,903134.0196783724,903134.0196783724,,,False,False,,,,,,,False,0,False,500000.0,903134.0196783724,0.0,reject_b_open_times_gte_6,B额外过滤炸板次数>=6。
A_plus_B_strict,20260128,A,HISTORICAL_SIM_FILLED,300164.SZ,通源石油,chi_next,无,0.0457725821591917,903134.0196783724,944472.7957948617,a_audit_dynamic_account_return,,False,False,,,,,,,False,0,False,500000.0,944472.7957948617,0.0,reject_b_open_times_gte_6,B额外过滤炸板次数>=6。
A_plus_B_strict,20260129,A_OR_B,POSITION_OCCUPIED_SKIP,,,,,0.0,944472.7957948617,944472.7957948617,,300164.SZ 通源石油,False,False,,,,,,,False,0,False,500000.0,944472.7957948617,0.0,reject_b_open_times_gte_6,B额外过滤炸板次数>=6。
A_plus_B_strict,20260130,NONE,NO_CANDIDATE,,,,,0.0,944472.7957948617,944472.7957948617,,,False,False,,,,,,,False,0,False,500000.0,944472.7957948617,0.0,reject_b_open_times_gte_6,B额外过滤炸板次数>=6。
A_plus_B_strict,20260202,NONE,NO_CANDIDATE,,,,,0.0,944472.7957948617,944472.7957948617,,,False,False,,,,,,,False,0,False,500000.0,944472.7957948617,0.0,reject_b_open_times_gte_6,B额外过滤炸板次数>=6。
A_plus_B_strict,20260203,NONE,NO_CANDIDATE,,,,,0.0,944472.7957948617,944472.7957948617,,,False,False,,,,,,,False,0,False,500000.0,944472.7957948617,0.0,reject_b_open_times_gte_6,B额外过滤炸板次数>=6。
A_plus_B_strict,20260204,NONE,NO_CANDIDATE,,,,,0.0,944472.7957948617,944472.7957948617,,,False,False,,,,,,,False,0,False,500000.0,944472.7957948617,0.0,reject_b_open_times_gte_6,B额外过滤炸板次数>=6。
A_plus_B_strict,20260205,NONE,NO_CANDIDATE,,,,,0.0,944472.7957948617,944472.7957948617,,,False,False,,,,,,,False,0,False,500000.0,944472.7957948617,0.0,reject_b_open_times_gte_6,B额外过滤炸板次数>=6。
A_plus_B_strict,20260206,NONE,NO_CANDIDATE,,,,,0.0,944472.7957948617,944472.7957948617,,,False,False,,,,,,,False,0,False,500000.0,944472.7957948617,0.0,reject_b_open_times_gte_6,B额外过滤炸板次数>=6。
A_plus_B_strict,20260209,NONE,NO_CANDIDATE,,,,,0.0,944472.7957948617,944472.7957948617,,,False,False,,,,,,,False,0,False,500000.0,944472.7957948617,0.0,reject_b_open_times_gte_6,B额外过滤炸板次数>=6。
A_plus_B_strict,20260210,NONE,NO_CANDIDATE,,,,,0.0,944472.7957948617,944472.7957948617,,,False,False,,,,,,,False,0,False,500000.0,944472.7957948617,0.0,reject_b_open_times_gte_6,B额外过滤炸板次数>=6。
A_plus_B_strict,20260211,NONE,NO_CANDIDATE,,,,,0.0,944472.7957948617,944472.7957948617,,,False,False,,,,,,,False,0,False,500000.0,944472.7957948617,0.0,reject_b_open_times_gte_6,B额外过滤炸板次数>=6。
A_plus_B_strict,20260212,NONE,NO_CANDIDATE,,,,,0.0,944472.7957948617,944472.7957948617,,,False,False,,,,,,,False,0,False,500000.0,944472.7957948617,0.0,reject_b_open_times_gte_6,B额外过滤炸板次数>=6。
A_plus_B_strict,20260213,NONE,NO_CANDIDATE,,,,,0.0,944472.7957948617,944472.7957948617,,,False,False,,,,,,,False,0,False,500000.0,944472.7957948617,0.0,reject_b_open_times_gte_6,B额外过滤炸板次数>=6。
A_plus_B_strict,20260224,NONE,NO_CANDIDATE,,,,,0.0,944472.7957948617,944472.7957948617,,,False,False,,,,,,,False,0,False,500000.0,944472.7957948617,0.0,reject_b_open_times_gte_6,B额外过滤炸板次数>=6。
A_plus_B_strict,20260225,NONE,NO_CANDIDATE,,,,,0.0,944472.7957948617,944472.7957948617,,,False,False,,,,,,,False,0,False,500000.0,944472.7957948617,0.0,reject_b_open_times_gte_6,B额外过滤炸板次数>=6。
A_plus_B_strict,20260226,A,HISTORICAL_SIM_FILLED,300499.SZ,高澜股份,chi_next,无,0.0193948880593092,944472.7957948617,962790.7399443658,a_audit_dynamic_account_return,,False,False,,,,,,,False,0,False,500000.0,962790.7399443658,0.0,reject_b_open_times_gte_6,B额外过滤炸板次数>=6。
A_plus_B_strict,20260227,A_OR_B,POSITION_OCCUPIED_SKIP,,,,,0.0,962790.7399443658,962790.7399443658,,300499.SZ 高澜股份,False,False,,,,,,,False,0,False,500000.0,962790.7399443658,0.0,reject_b_open_times_gte_6,B额外过滤炸板次数>=6。
A_plus_B_strict,20260302,NONE,NO_CANDIDATE,,,,,0.0,962790.7399443658,962790.7399443658,,,False,False,,,,,,,False,0,False,500000.0,962790.7399443658,0.0,reject_b_open_times_gte_6,B额外过滤炸板次数>=6。
A_plus_B_strict,20260303,NONE,NO_CANDIDATE,,,,,0.0,962790.7399443658,962790.7399443658,,,False,False,,,,,,,False,0,False,500000.0,962790.7399443658,0.0,reject_b_open_times_gte_6,B额外过滤炸板次数>=6。
A_plus_B_strict,20260304,NONE,NO_CANDIDATE,,,,,0.0,962790.7399443658,962790.7399443658,,,False,False,,,,,,,False,0,False,500000.0,962790.7399443658,0.0,reject_b_open_times_gte_6,B额外过滤炸板次数>=6。
A_plus_B_strict,20260305,NONE,NO_CANDIDATE,,,,,0.0,962790.7399443658,962790.7399443658,,,False,False,,,,,,,False,0,False,500000.0,962790.7399443658,0.0,reject_b_open_times_gte_6,B额外过滤炸板次数>=6。
A_plus_B_strict,20260306,NONE,NO_CANDIDATE,,,,,0.0,962790.7399443658,962790.7399443658,,,False,False,,,,,,,False,0,False,500000.0,962790.7399443658,0.0,reject_b_open_times_gte_6,B额外过滤炸板次数>=6。
A_plus_B_strict,20260309,A,REVIEW_REQUIRED_PLAN_ONLY,301606.SZ,绿联科技,chi_next,LOSS_OVERLAY_WATCH,0.0,962790.7399443658,962790.7399443658,manual_review_skip,,False,False,,,,,,,False,0,False,500000.0,962790.7399443658,0.0,reject_b_open_times_gte_6,B额外过滤炸板次数>=6。
A_plus_B_strict,20260310,NONE,NO_CANDIDATE,,,,,0.0,962790.7399443658,962790.7399443658,,,False,False,,,,,,,False,0,False,500000.0,962790.7399443658,0.0,reject_b_open_times_gte_6,B额外过滤炸板次数>=6。
A_plus_B_strict,20260311,NONE,NO_CANDIDATE,,,,,0.0,962790.7399443658,962790.7399443658,,,False,False,,,,,,,False,0,False,500000.0,962790.7399443658,0.0,reject_b_open_times_gte_6,B额外过滤炸板次数>=6。
A_plus_B_strict,20260312,B,HISTORICAL_SIM_FILLED,603092.SH,德力佳,sh_main,无,0.0065163745919437945,962790.7399443658,969064.6450594981,b_conservative_daily_replay,,True,True,,,20260313,20260316,73.88381,74.60532,False,0,False,500000.0,969064.6450594981,0.0,reject_b_open_times_gte_6,B额外过滤炸板次数>=6。
A_plus_B_strict,20260313,A_OR_B,POSITION_OCCUPIED_SKIP,,,,,0.0,969064.6450594981,969064.6450594981,,603092.SH 德力佳,False,False,,,,,,,False,0,False,500000.0,969064.6450594981,0.0,reject_b_open_times_gte_6,B额外过滤炸板次数>=6。
A_plus_B_strict,20260316,NONE,NO_CANDIDATE,,,,,0.0,969064.6450594981,969064.6450594981,,,False,False,,,,,,,False,0,False,500000.0,969064.6450594981,0.0,reject_b_open_times_gte_6,B额外过滤炸板次数>=6。
A_plus_B_strict,20260317,NONE,NO_CANDIDATE,,,,,0.0,969064.6450594981,969064.6450594981,,,False,False,,,,,,,False,0,False,500000.0,969064.6450594981,0.0,reject_b_open_times_gte_6,B额外过滤炸板次数>=6。
A_plus_B_strict,20260318,NONE,NO_CANDIDATE,,,,,0.0,969064.6450594981,969064.6450594981,,,False,False,,,,,,,False,0,False,500000.0,969064.6450594981,0.0,reject_b_open_times_gte_6,B额外过滤炸板次数>=6。
A_plus_B_strict,20260319,NONE,NO_CANDIDATE,,,,,0.0,969064.6450594981,969064.6450594981,,,False,False,,,,,,,False,0,False,500000.0,969064.6450594981,0.0,reject_b_open_times_gte_6,B额外过滤炸板次数>=6。
A_plus_B_strict,20260320,NONE,NO_CANDIDATE,,,,,0.0,969064.6450594981,969064.6450594981,,,False,False,,,,,,,False,0,False,500000.0,969064.6450594981,0.0,reject_b_open_times_gte_6,B额外过滤炸板次数>=6。
A_plus_B_strict,20260323,NONE,NO_CANDIDATE,,,,,0.0,969064.6450594981,969064.6450594981,,,False,False,,,,,,,False,0,False,500000.0,969064.6450594981,0.0,reject_b_open_times_gte_6,B额外过滤炸板次数>=6。
A_plus_B_strict,20260324,B,HISTORICAL_SIM_FILLED,601016.SH,节能风电,sh_main,无,0.05001172841616214,969064.6450594981,1017529.2429059183,b_conservative_daily_replay,,True,True,,,20260325,20260326,4.98498,5.30469,False,0,False,500000.0,1017529.2429059183,0.0,reject_b_open_times_gte_6,B额外过滤炸板次数>=6。
A_plus_B_strict,20260325,A_OR_B,POSITION_OCCUPIED_SKIP,,,,,0.0,1017529.2429059183,1017529.2429059183,,601016.SH 节能风电,False,False,,,,,,,False,0,False,500000.0,1017529.2429059183,0.0,reject_b_open_times_gte_6,B额外过滤炸板次数>=6。
A_plus_B_strict,20260326,NONE,NO_CANDIDATE,,,,,0.0,1017529.2429059183,1017529.2429059183,,,False,False,,,,,,,False,0,False,500000.0,1017529.2429059183,0.0,reject_b_open_times_gte_6,B额外过滤炸板次数>=6。
A_plus_B_strict,20260327,A,HISTORICAL_SIM_FILLED,300204.SZ,舒泰神,chi_next,无,0.0397618491523106,1017529.2429059183,1057988.0871704083,a_audit_dynamic_account_return,,False,False,,,,,,,False,0,False,500000.0,1057988.0871704083,0.0,reject_b_open_times_gte_6,B额外过滤炸板次数>=6。
A_plus_B_strict,20260330,A_OR_B,POSITION_OCCUPIED_SKIP,,,,,0.0,1057988.0871704083,1057988.0871704083,,300204.SZ 舒泰神,False,False,,,,,,,False,0,False,500000.0,1057988.0871704083,0.0,reject_b_open_times_gte_6,B额外过滤炸板次数>=6。
A_plus_B_strict,20260331,NONE,NO_CANDIDATE,,,,,0.0,1057988.0871704083,1057988.0871704083,,,False,False,,,,,,,False,0,False,500000.0,1057988.0871704083,0.0,reject_b_open_times_gte_6,B额外过滤炸板次数>=6。
A_plus_B_strict,20260401,NONE,NO_CANDIDATE,,,,,0.0,1057988.0871704083,1057988.0871704083,,,False,False,,,,,,,False,0,False,500000.0,1057988.0871704083,0.0,reject_b_open_times_gte_6,B额外过滤炸板次数>=6。
A_plus_B_strict,20260402,NONE,NO_CANDIDATE,,,,,0.0,1057988.0871704083,1057988.0871704083,,,False,False,,,,,,,False,0,False,500000.0,1057988.0871704083,0.0,reject_b_open_times_gte_6,B额外过滤炸板次数>=6。
A_plus_B_strict,20260403,NONE,NO_CANDIDATE,,,,,0.0,1057988.0871704083,1057988.0871704083,,,False,False,,,,,,,False,0,False,500000.0,1057988.0871704083,0.0,reject_b_open_times_gte_6,B额外过滤炸板次数>=6。
A_plus_B_strict,20260407,NONE,NO_CANDIDATE,,,,,0.0,1057988.0871704083,1057988.0871704083,,,False,False,,,,,,,False,0,False,500000.0,1057988.0871704083,0.0,reject_b_open_times_gte_6,B额外过滤炸板次数>=6。
A_plus_B_strict,20260408,B,HISTORICAL_SIM_FILLED,603083.SH,剑桥科技,sh_main,无,0.02050690266715481,1057988.0871704083,1079684.145897021,b_conservative_daily_replay,,True,True,,,20260409,20260410,113.04293,116.12375999999999,False,0,False,500000.0,1079684.145897021,0.0,reject_b_open_times_gte_6,B额外过滤炸板次数>=6。
A_plus_B_strict,20260409,A_OR_B,POSITION_OCCUPIED_SKIP,,,,,0.0,1079684.145897021,1079684.145897021,,603083.SH 剑桥科技,False,False,,,,,,,False,0,False,500000.0,1079684.145897021,0.0,reject_b_open_times_gte_6,B额外过滤炸板次数>=6。
A_plus_B_strict,20260410,NONE,NO_CANDIDATE,,,,,0.0,1079684.145897021,1079684.145897021,,,False,False,,,,,,,False,0,False,500000.0,1079684.145897021,0.0,reject_b_open_times_gte_6,B额外过滤炸板次数>=6。
A_plus_B_strict,20260413,NONE,NO_CANDIDATE,,,,,0.0,1079684.145897021,1079684.145897021,,,False,False,,,,,,,False,0,False,500000.0,1079684.145897021,0.0,reject_b_open_times_gte_6,B额外过滤炸板次数>=6。
A_plus_B_strict,20260414,A,HISTORICAL_SIM_FILLED,301189.SZ,奥尼电子,chi_next,无,-0.0350052172427846,1079684.145897021,1041889.5678163054,a_audit_dynamic_account_return,,False,False,,,,,,,False,0,False,500000.0,1079684.145897021,-0.0350052172427846,reject_b_open_times_gte_6,B额外过滤炸板次数>=6。
A_plus_B_strict,20260415,A_OR_B,POSITION_OCCUPIED_SKIP,,,,,0.0,1041889.5678163054,1041889.5678163054,,301189.SZ 奥尼电子,False,False,,,,,,,False,0,False,500000.0,1079684.145897021,-0.0350052172427846,reject_b_open_times_gte_6,B额外过滤炸板次数>=6。
A_plus_B_strict,20260416,NONE,NO_CANDIDATE,,,,,0.0,1041889.5678163054,1041889.5678163054,,,False,False,,,,,,,False,0,False,500000.0,1079684.145897021,-0.0350052172427846,reject_b_open_times_gte_6,B额外过滤炸板次数>=6。
A_plus_B_strict,20260417,A,HISTORICAL_SIM_FILLED,301319.SZ,唯特偶,chi_next,无,0.0352808081329955,1041889.5678163054,1078648.273754202,a_audit_dynamic_account_return,,False,False,,,,,,,False,0,False,500000.0,1079684.145897021,-0.0009594214629856657,reject_b_open_times_gte_6,B额外过滤炸板次数>=6。
A_plus_B_strict,20260420,A_OR_B,POSITION_OCCUPIED_SKIP,,,,,0.0,1078648.273754202,1078648.273754202,,301319.SZ 唯特偶,False,False,,,,,,,False,0,False,500000.0,1079684.145897021,-0.0009594214629856657,reject_b_open_times_gte_6,B额外过滤炸板次数>=6。
A_plus_B_strict,20260421,NONE,NO_CANDIDATE,,,,,0.0,1078648.273754202,1078648.273754202,,,False,False,,,,,,,False,0,False,500000.0,1079684.145897021,-0.0009594214629856657,reject_b_open_times_gte_6,B额外过滤炸板次数>=6。
A_plus_B_strict,20260422,NONE,NO_CANDIDATE,,,,,0.0,1078648.273754202,1078648.273754202,,,False,False,,,,,,,False,0,False,500000.0,1079684.145897021,-0.0009594214629856657,reject_b_open_times_gte_6,B额外过滤炸板次数>=6。
A_plus_B_strict,20260423,NONE,NO_CANDIDATE,,,,,0.0,1078648.273754202,1078648.273754202,,,False,False,,,,,,,False,0,False,500000.0,1079684.145897021,-0.0009594214629856657,reject_b_open_times_gte_6,B额外过滤炸板次数>=6。
A_plus_B_strict,20260424,NONE,NO_CANDIDATE,,,,,0.0,1078648.273754202,1078648.273754202,,,False,False,,,,,,,False,0,False,500000.0,1079684.145897021,-0.0009594214629856657,reject_b_open_times_gte_6,B额外过滤炸板次数>=6。
A_plus_B_strict,20260427,NONE,NO_CANDIDATE,,,,,0.0,1078648.273754202,1078648.273754202,,,False,False,,,,,,,False,0,False,500000.0,1079684.145897021,-0.0009594214629856657,reject_b_open_times_gte_6,B额外过滤炸板次数>=6。
A_plus_B_strict,20260428,NONE,NO_CANDIDATE,,,,,0.0,1078648.273754202,1078648.273754202,,,False,False,,,,,,,False,0,False,500000.0,1079684.145897021,-0.0009594214629856657,reject_b_open_times_gte_6,B额外过滤炸板次数>=6。
A_plus_B_strict,20260429,NONE,NO_CANDIDATE,,,,,0.0,1078648.273754202,1078648.273754202,,,False,False,,,,,,,False,0,False,500000.0,1079684.145897021,-0.0009594214629856657,reject_b_open_times_gte_6,B额外过滤炸板次数>=6。
A_plus_B_strict,20260430,NONE,NO_CANDIDATE,,,,,0.0,1078648.273754202,1078648.273754202,,,False,False,,,,,,,False,0,False,500000.0,1079684.145897021,-0.0009594214629856657,reject_b_open_times_gte_6,B额外过滤炸板次数>=6。
A_plus_B_strict,20260506,NONE,NO_CANDIDATE,,,,,0.0,1078648.273754202,1078648.273754202,,,False,False,,,,,,,False,0,False,500000.0,1079684.145897021,-0.0009594214629856657,reject_b_open_times_gte_6,B额外过滤炸板次数>=6。
A_plus_B_strict,20260507,B,HISTORICAL_SIM_FILLED,603256.SH,宏和科技,sh_main,无,0.02464048591717308,1078648.273754202,1105226.6913532256,b_conservative_daily_replay,,True,True,,,20260508,20260511,145.12497999999997,149.83002,False,0,False,500000.0,1105226.6913532256,0.0,reject_b_open_times_gte_6,B额外过滤炸板次数>=6。
A_plus_B_strict,20260508,A_OR_B,POSITION_OCCUPIED_SKIP,,,,,0.0,1105226.6913532256,1105226.6913532256,,603256.SH 宏和科技,False,False,,,,,,,False,0,False,500000.0,1105226.6913532256,0.0,reject_b_open_times_gte_6,B额外过滤炸板次数>=6。
A_plus_B_strict,20260511,NONE,NO_CANDIDATE,,,,,0.0,1105226.6913532256,1105226.6913532256,,,False,False,,,,,,,False,0,False,500000.0,1105226.6913532256,0.0,reject_b_open_times_gte_6,B额外过滤炸板次数>=6。
A_plus_B_strict,20260512,NONE,NO_CANDIDATE,,,,,0.0,1105226.6913532256,1105226.6913532256,,,False,False,,,,,,,False,0,False,500000.0,1105226.6913532256,0.0,reject_b_open_times_gte_6,B额外过滤炸板次数>=6。
A_plus_B_strict,20260513,NONE,NO_CANDIDATE,,,,,0.0,1105226.6913532256,1105226.6913532256,,,False,False,,,,,,,False,0,False,500000.0,1105226.6913532256,0.0,reject_b_open_times_gte_6,B额外过滤炸板次数>=6。
A_plus_B_strict,20260514,NONE,NO_CANDIDATE,,,,,0.0,1105226.6913532256,1105226.6913532256,,,False,False,,,,,,,False,0,False,500000.0,1105226.6913532256,0.0,reject_b_open_times_gte_6,B额外过滤炸板次数>=6。
A_plus_B_strict,20251112,NONE,NO_CANDIDATE,,,,,0.0,500000.0,500000.0,,,False,False,,,,,,,False,0,False,500000.0,500000.0,0.0,reject_b_turnover_rate_gte_20,B额外过滤换手率>=20%。
A_plus_B_strict,20251113,NONE,NO_CANDIDATE,,,,,0.0,500000.0,500000.0,,,False,False,,,,,,,False,0,False,500000.0,500000.0,0.0,reject_b_turnover_rate_gte_20,B额外过滤换手率>=20%。
A_plus_B_strict,20251114,NONE,NO_CANDIDATE,,,,,0.0,500000.0,500000.0,,,False,False,,,,,,,False,0,False,500000.0,500000.0,0.0,reject_b_turnover_rate_gte_20,B额外过滤换手率>=20%。
A_plus_B_strict,20251117,NONE,NO_CANDIDATE,,,,,0.0,500000.0,500000.0,,,False,False,,,,,,,False,0,False,500000.0,500000.0,0.0,reject_b_turnover_rate_gte_20,B额外过滤换手率>=20%。
A_plus_B_strict,20251118,NONE,NO_CANDIDATE,,,,,0.0,500000.0,500000.0,,,False,False,,,,,,,False,0,False,500000.0,500000.0,0.0,reject_b_turnover_rate_gte_20,B额外过滤换手率>=20%。
A_plus_B_strict,20251119,NONE,NO_CANDIDATE,,,,,0.0,500000.0,500000.0,,,False,False,,,,,,,False,0,False,500000.0,500000.0,0.0,reject_b_turnover_rate_gte_20,B额外过滤换手率>=20%。
A_plus_B_strict,20251120,A,HISTORICAL_SIM_FILLED,301092.SZ,争光股份,chi_next,无,-0.0505145833968012,500000.0,474742.7083015994,a_audit_dynamic_account_return,,False,False,,,,,,,False,0,False,500000.0,500000.0,-0.05051458339680115,reject_b_turnover_rate_gte_20,B额外过滤换手率>=20%。
A_plus_B_strict,20251121,A_OR_B,POSITION_OCCUPIED_SKIP,,,,,0.0,474742.7083015994,474742.7083015994,,301092.SZ 争光股份,False,False,,,,,,,False,0,False,500000.0,500000.0,-0.05051458339680115,reject_b_turnover_rate_gte_20,B额外过滤换手率>=20%。
A_plus_B_strict,20251124,NONE,NO_CANDIDATE,,,,,0.0,474742.7083015994,474742.7083015994,,,False,False,,,,,,,False,0,False,500000.0,500000.0,-0.05051458339680115,reject_b_turnover_rate_gte_20,B额外过滤换手率>=20%。
A_plus_B_strict,20251125,A,REVIEW_REQUIRED_PLAN_ONLY,301117.SZ,佳缘科技,chi_next,LOSS_OVERLAY_WATCH,0.0,474742.7083015994,474742.7083015994,manual_review_skip,,False,False,,,,,,,False,0,False,500000.0,500000.0,-0.05051458339680115,reject_b_turnover_rate_gte_20,B额外过滤换手率>=20%。
A_plus_B_strict,20251126,NONE,NO_CANDIDATE,,,,,0.0,474742.7083015994,474742.7083015994,,,False,False,,,,,,,False,0,False,500000.0,500000.0,-0.05051458339680115,reject_b_turnover_rate_gte_20,B额外过滤换手率>=20%。
A_plus_B_strict,20251127,NONE,NO_CANDIDATE,,,,,0.0,474742.7083015994,474742.7083015994,,,False,False,,,,,,,False,0,False,500000.0,500000.0,-0.05051458339680115,reject_b_turnover_rate_gte_20,B额外过滤换手率>=20%。
A_plus_B_strict,20251128,NONE,NO_CANDIDATE,,,,,0.0,474742.7083015994,474742.7083015994,,,False,False,,,,,,,False,0,False,500000.0,500000.0,-0.05051458339680115,reject_b_turnover_rate_gte_20,B额外过滤换手率>=20%。
A_plus_B_strict,20251201,NONE,NO_CANDIDATE,,,,,0.0,474742.7083015994,474742.7083015994,,,False,False,,,,,,,False,0,False,500000.0,500000.0,-0.05051458339680115,reject_b_turnover_rate_gte_20,B额外过滤换手率>=20%。
A_plus_B_strict,20251202,NONE,NO_CANDIDATE,,,,,0.0,474742.7083015994,474742.7083015994,,,False,False,,,,,,,False,0,False,500000.0,500000.0,-0.05051458339680115,reject_b_turnover_rate_gte_20,B额外过滤换手率>=20%。
A_plus_B_strict,20251203,NONE,NO_CANDIDATE,,,,,0.0,474742.7083015994,474742.7083015994,,,False,False,,,,,,,False,0,False,500000.0,500000.0,-0.05051458339680115,reject_b_turnover_rate_gte_20,B额外过滤换手率>=20%。
A_plus_B_strict,20251204,A,HISTORICAL_SIM_FILLED,300946.SZ,恒而达,chi_next,无,0.0291749495998269,474742.7083015994,488593.30288918386,a_audit_dynamic_account_return,,False,False,,,,,,,False,0,False,500000.0,500000.0,-0.02281339422163231,reject_b_turnover_rate_gte_20,B额外过滤换手率>=20%。
A_plus_B_strict,20251205,A_OR_B,POSITION_OCCUPIED_SKIP,,,,,0.0,488593.30288918386,488593.30288918386,,300946.SZ 恒而达,False,False,,,,,,,False,0,False,500000.0,500000.0,-0.02281339422163231,reject_b_turnover_rate_gte_20,B额外过滤换手率>=20%。
A_plus_B_strict,20251208,B,HISTORICAL_SIM_FILLED,000571.SZ,新大洲A,sz_main,无,0.03126858280230099,488593.30288918386,503870.923037224,b_conservative_daily_replay,,True,True,,,20251209,20251210,6.316309999999999,6.5734200000000005,False,0,False,500000.0,503870.923037224,0.0,reject_b_turnover_rate_gte_20,B额外过滤换手率>=20%。
A_plus_B_strict,20251209,A_OR_B,POSITION_OCCUPIED_SKIP,,,,,0.0,503870.923037224,503870.923037224,,000571.SZ 新大洲A,False,False,,,,,,,False,0,False,500000.0,503870.923037224,0.0,reject_b_turnover_rate_gte_20,B额外过滤换手率>=20%。
A_plus_B_strict,20251210,NONE,NO_CANDIDATE,,,,,0.0,503870.923037224,503870.923037224,,,False,False,,,,,,,False,0,False,500000.0,503870.923037224,0.0,reject_b_turnover_rate_gte_20,B额外过滤换手率>=20%。
A_plus_B_strict,20251211,NONE,NO_CANDIDATE,,,,,0.0,503870.923037224,503870.923037224,,,False,False,,,,,,,False,0,False,500000.0,503870.923037224,0.0,reject_b_turnover_rate_gte_20,B额外过滤换手率>=20%。
A_plus_B_strict,20251212,A,HISTORICAL_SIM_FILLED,920576.BJ,天力复合,bj,无,0.181313377355646,503870.923037224,595229.4618444099,a_audit_dynamic_account_return,,False,False,,,,,,,False,0,False,500000.0,595229.4618444099,0.0,reject_b_turnover_rate_gte_20,B额外过滤换手率>=20%。
A_plus_B_strict,20251215,A_OR_B,POSITION_OCCUPIED_SKIP,,,,,0.0,595229.4618444099,595229.4618444099,,920576.BJ 天力复合,False,False,,,,,,,False,0,False,500000.0,595229.4618444099,0.0,reject_b_turnover_rate_gte_20,B额外过滤换手率>=20%。
A_plus_B_strict,20251216,NONE,NO_CANDIDATE,,,,,0.0,595229.4618444099,595229.4618444099,,,False,False,,,,,,,False,0,False,500000.0,595229.4618444099,0.0,reject_b_turnover_rate_gte_20,B额外过滤换手率>=20%。
A_plus_B_strict,20251217,NONE,NO_CANDIDATE,,,,,0.0,595229.4618444099,595229.4618444099,,,False,False,,,,,,,False,0,False,500000.0,595229.4618444099,0.0,reject_b_turnover_rate_gte_20,B额外过滤换手率>=20%。
A_plus_B_strict,20251218,NONE,NO_CANDIDATE,,,,,0.0,595229.4618444099,595229.4618444099,,,False,False,,,,,,,False,0,False,500000.0,595229.4618444099,0.0,reject_b_turnover_rate_gte_20,B额外过滤换手率>=20%。
A_plus_B_strict,20251219,A,REVIEW_REQUIRED_PLAN_ONLY,300557.SZ,理工光科,chi_next,LOSS_OVERLAY_WATCH,0.0,595229.4618444099,595229.4618444099,manual_review_skip,,False,False,,,,,,,False,0,False,500000.0,595229.4618444099,0.0,reject_b_turnover_rate_gte_20,B额外过滤换手率>=20%。
A_plus_B_strict,20251222,NONE,NO_CANDIDATE,,,,,0.0,595229.4618444099,595229.4618444099,,,False,False,,,,,,,False,0,False,500000.0,595229.4618444099,0.0,reject_b_turnover_rate_gte_20,B额外过滤换手率>=20%。
A_plus_B_strict,20251223,NONE,NO_CANDIDATE,,,,,0.0,595229.4618444099,595229.4618444099,,,False,False,,,,,,,False,0,False,500000.0,595229.4618444099,0.0,reject_b_turnover_rate_gte_20,B额外过滤换手率>=20%。
A_plus_B_strict,20251224,NONE,NO_CANDIDATE,,,,,0.0,595229.4618444099,595229.4618444099,,,False,False,,,,,,,False,0,False,500000.0,595229.4618444099,0.0,reject_b_turnover_rate_gte_20,B额外过滤换手率>=20%。
A_plus_B_strict,20251225,NONE,NO_CANDIDATE,,,,,0.0,595229.4618444099,595229.4618444099,,,False,False,,,,,,,False,0,False,500000.0,595229.4618444099,0.0,reject_b_turnover_rate_gte_20,B额外过滤换手率>=20%。
A_plus_B_strict,20251226,NONE,NO_CANDIDATE,,,,,0.0,595229.4618444099,595229.4618444099,,,False,False,,,,,,,False,0,False,500000.0,595229.4618444099,0.0,reject_b_turnover_rate_gte_20,B额外过滤换手率>=20%。
A_plus_B_strict,20251229,NONE,NO_CANDIDATE,,,,,0.0,595229.4618444099,595229.4618444099,,,False,False,,,,,,,False,0,False,500000.0,595229.4618444099,0.0,reject_b_turnover_rate_gte_20,B额外过滤换手率>=20%。
A_plus_B_strict,20251230,NONE,NO_CANDIDATE,,,,,0.0,595229.4618444099,595229.4618444099,,,False,False,,,,,,,False,0,False,500000.0,595229.4618444099,0.0,reject_b_turnover_rate_gte_20,B额外过滤换手率>=20%。
A_plus_B_strict,20251231,A,HISTORICAL_SIM_FILLED,300058.SZ,蓝色光标,chi_next,无,0.1308549259970799,595229.4618444099,673118.1690253419,a_audit_dynamic_account_return,,False,False,,,,,,,False,0,False,500000.0,673118.1690253419,0.0,reject_b_turnover_rate_gte_20,B额外过滤换手率>=20%。
A_plus_B_strict,20260105,A_OR_B,POSITION_OCCUPIED_SKIP,,,,,0.0,673118.1690253419,673118.1690253419,,300058.SZ 蓝色光标,False,False,,,,,,,False,0,False,500000.0,673118.1690253419,0.0,reject_b_turnover_rate_gte_20,B额外过滤换手率>=20%。
A_plus_B_strict,20260106,B,HISTORICAL_SIM_FILLED,002865.SZ,钧达股份,sz_main,无,0.15860683400809739,673118.1690253419,779879.3107277788,b_conservative_daily_replay,,True,True,,,20260107,20260108,57.056999999999995,68.46147,False,0,False,500000.0,779879.3107277788,0.0,reject_b_turnover_rate_gte_20,B额外过滤换手率>=20%。
A_plus_B_strict,20260107,A_OR_B,POSITION_OCCUPIED_SKIP,,,,,0.0,779879.3107277788,779879.3107277788,,002865.SZ 钧达股份,False,False,,,,,,,False,0,False,500000.0,779879.3107277788,0.0,reject_b_turnover_rate_gte_20,B额外过滤换手率>=20%。
A_plus_B_strict,20260108,NONE,NO_CANDIDATE,,,,,0.0,779879.3107277788,779879.3107277788,,,False,False,,,,,,,False,0,False,500000.0,779879.3107277788,0.0,reject_b_turnover_rate_gte_20,B额外过滤换手率>=20%。
A_plus_B_strict,20260109,NONE,NO_CANDIDATE,,,,,0.0,779879.3107277788,779879.3107277788,,,False,False,,,,,,,False,0,False,500000.0,779879.3107277788,0.0,reject_b_turnover_rate_gte_20,B额外过滤换手率>=20%。
A_plus_B_strict,20260112,NONE,NO_CANDIDATE,,,,,0.0,779879.3107277788,779879.3107277788,,,False,False,,,,,,,False,0,False,500000.0,779879.3107277788,0.0,reject_b_turnover_rate_gte_20,B额外过滤换手率>=20%。
A_plus_B_strict,20260113,NONE,NO_CANDIDATE,,,,,0.0,779879.3107277788,779879.3107277788,,,False,False,,,,,,,False,0,False,500000.0,779879.3107277788,0.0,reject_b_turnover_rate_gte_20,B额外过滤换手率>=20%。
A_plus_B_strict,20260114,NONE,NO_CANDIDATE,,,,,0.0,779879.3107277788,779879.3107277788,,,False,False,,,,,,,False,0,False,500000.0,779879.3107277788,0.0,reject_b_turnover_rate_gte_20,B额外过滤换手率>=20%。
A_plus_B_strict,20260115,A,HISTORICAL_SIM_FILLED,301629.SZ,矽电股份,chi_next,无,-0.0338313603969523,779879.3107277788,753494.9327004206,a_audit_dynamic_account_return,,False,False,,,,,,,False,0,False,500000.0,779879.3107277788,-0.033831360396952226,reject_b_turnover_rate_gte_20,B额外过滤换手率>=20%。
A_plus_B_strict,20260116,A_OR_B,POSITION_OCCUPIED_SKIP,,,,,0.0,753494.9327004206,753494.9327004206,,301629.SZ 矽电股份,False,False,,,,,,,False,0,False,500000.0,779879.3107277788,-0.033831360396952226,reject_b_turnover_rate_gte_20,B额外过滤换手率>=20%。
A_plus_B_strict,20260119,A,HISTORICAL_SIM_FILLED,300658.SZ,延江股份,chi_next,无,0.0681174370165976,753494.9327004206,804821.0763209669,a_audit_dynamic_account_return,,False,False,,,,,,,False,0,False,500000.0,804821.0763209669,0.0,reject_b_turnover_rate_gte_20,B额外过滤换手率>=20%。
A_plus_B_strict,20260120,A_OR_B,POSITION_OCCUPIED_SKIP,,,,,0.0,804821.0763209669,804821.0763209669,,300658.SZ 延江股份,False,False,,,,,,,False,0,False,500000.0,804821.0763209669,0.0,reject_b_turnover_rate_gte_20,B额外过滤换手率>=20%。
A_plus_B_strict,20260121,NONE,NO_CANDIDATE,,,,,0.0,804821.0763209669,804821.0763209669,,,False,False,,,,,,,False,0,False,500000.0,804821.0763209669,0.0,reject_b_turnover_rate_gte_20,B额外过滤换手率>=20%。
A_plus_B_strict,20260122,NONE,NO_CANDIDATE,,,,,0.0,804821.0763209669,804821.0763209669,,,False,False,,,,,,,False,0,False,500000.0,804821.0763209669,0.0,reject_b_turnover_rate_gte_20,B额外过滤换手率>=20%。
A_plus_B_strict,20260123,A,HISTORICAL_SIM_FILLED,920368.BJ,连城数控,bj,无,0.1027727855059111,804821.0763209669,887534.7801683382,a_audit_dynamic_account_return,,False,False,,,,,,,False,0,False,500000.0,887534.7801683382,0.0,reject_b_turnover_rate_gte_20,B额外过滤换手率>=20%。
A_plus_B_strict,20260126,A_OR_B,POSITION_OCCUPIED_SKIP,,,,,0.0,887534.7801683382,887534.7801683382,,920368.BJ 连城数控,False,False,,,,,,,False,0,False,500000.0,887534.7801683382,0.0,reject_b_turnover_rate_gte_20,B额外过滤换手率>=20%。
A_plus_B_strict,20260127,NONE,NO_CANDIDATE,,,,,0.0,887534.7801683382,887534.7801683382,,,False,False,,,,,,,False,0,False,500000.0,887534.7801683382,0.0,reject_b_turnover_rate_gte_20,B额外过滤换手率>=20%。
A_plus_B_strict,20260128,A,HISTORICAL_SIM_FILLED,300164.SZ,通源石油,chi_next,无,0.0457725821591917,887534.7801683382,928159.5388127336,a_audit_dynamic_account_return,,False,False,,,,,,,False,0,False,500000.0,928159.5388127336,0.0,reject_b_turnover_rate_gte_20,B额外过滤换手率>=20%。
A_plus_B_strict,20260129,A_OR_B,POSITION_OCCUPIED_SKIP,,,,,0.0,928159.5388127336,928159.5388127336,,300164.SZ 通源石油,False,False,,,,,,,False,0,False,500000.0,928159.5388127336,0.0,reject_b_turnover_rate_gte_20,B额外过滤换手率>=20%。
A_plus_B_strict,20260130,NONE,NO_CANDIDATE,,,,,0.0,928159.5388127336,928159.5388127336,,,False,False,,,,,,,False,0,False,500000.0,928159.5388127336,0.0,reject_b_turnover_rate_gte_20,B额外过滤换手率>=20%。
A_plus_B_strict,20260202,NONE,NO_CANDIDATE,,,,,0.0,928159.5388127336,928159.5388127336,,,False,False,,,,,,,False,0,False,500000.0,928159.5388127336,0.0,reject_b_turnover_rate_gte_20,B额外过滤换手率>=20%。
A_plus_B_strict,20260203,NONE,NO_CANDIDATE,,,,,0.0,928159.5388127336,928159.5388127336,,,False,False,,,,,,,False,0,False,500000.0,928159.5388127336,0.0,reject_b_turnover_rate_gte_20,B额外过滤换手率>=20%。
A_plus_B_strict,20260204,NONE,NO_CANDIDATE,,,,,0.0,928159.5388127336,928159.5388127336,,,False,False,,,,,,,False,0,False,500000.0,928159.5388127336,0.0,reject_b_turnover_rate_gte_20,B额外过滤换手率>=20%。
A_plus_B_strict,20260205,NONE,NO_CANDIDATE,,,,,0.0,928159.5388127336,928159.5388127336,,,False,False,,,,,,,False,0,False,500000.0,928159.5388127336,0.0,reject_b_turnover_rate_gte_20,B额外过滤换手率>=20%。
A_plus_B_strict,20260206,NONE,NO_CANDIDATE,,,,,0.0,928159.5388127336,928159.5388127336,,,False,False,,,,,,,False,0,False,500000.0,928159.5388127336,0.0,reject_b_turnover_rate_gte_20,B额外过滤换手率>=20%。
A_plus_B_strict,20260209,NONE,NO_CANDIDATE,,,,,0.0,928159.5388127336,928159.5388127336,,,False,False,,,,,,,False,0,False,500000.0,928159.5388127336,0.0,reject_b_turnover_rate_gte_20,B额外过滤换手率>=20%。
A_plus_B_strict,20260210,NONE,NO_CANDIDATE,,,,,0.0,928159.5388127336,928159.5388127336,,,False,False,,,,,,,False,0,False,500000.0,928159.5388127336,0.0,reject_b_turnover_rate_gte_20,B额外过滤换手率>=20%。
A_plus_B_strict,20260211,NONE,NO_CANDIDATE,,,,,0.0,928159.5388127336,928159.5388127336,,,False,False,,,,,,,False,0,False,500000.0,928159.5388127336,0.0,reject_b_turnover_rate_gte_20,B额外过滤换手率>=20%。
A_plus_B_strict,20260212,NONE,NO_CANDIDATE,,,,,0.0,928159.5388127336,928159.5388127336,,,False,False,,,,,,,False,0,False,500000.0,928159.5388127336,0.0,reject_b_turnover_rate_gte_20,B额外过滤换手率>=20%。
A_plus_B_strict,20260213,NONE,NO_CANDIDATE,,,,,0.0,928159.5388127336,928159.5388127336,,,False,False,,,,,,,False,0,False,500000.0,928159.5388127336,0.0,reject_b_turnover_rate_gte_20,B额外过滤换手率>=20%。
A_plus_B_strict,20260224,NONE,NO_CANDIDATE,,,,,0.0,928159.5388127336,928159.5388127336,,,False,False,,,,,,,False,0,False,500000.0,928159.5388127336,0.0,reject_b_turnover_rate_gte_20,B额外过滤换手率>=20%。
A_plus_B_strict,20260225,NONE,NO_CANDIDATE,,,,,0.0,928159.5388127336,928159.5388127336,,,False,False,,,,,,,False,0,False,500000.0,928159.5388127336,0.0,reject_b_turnover_rate_gte_20,B额外过滤换手率>=20%。
A_plus_B_strict,20260226,A,HISTORICAL_SIM_FILLED,300499.SZ,高澜股份,chi_next,无,0.0193948880593092,928159.5388127336,946161.0891691865,a_audit_dynamic_account_return,,False,False,,,,,,,False,0,False,500000.0,946161.0891691865,0.0,reject_b_turnover_rate_gte_20,B额外过滤换手率>=20%。
A_plus_B_strict,20260227,A_OR_B,POSITION_OCCUPIED_SKIP,,,,,0.0,946161.0891691865,946161.0891691865,,300499.SZ 高澜股份,False,False,,,,,,,False,0,False,500000.0,946161.0891691865,0.0,reject_b_turnover_rate_gte_20,B额外过滤换手率>=20%。
A_plus_B_strict,20260302,NONE,NO_CANDIDATE,,,,,0.0,946161.0891691865,946161.0891691865,,,False,False,,,,,,,False,0,False,500000.0,946161.0891691865,0.0,reject_b_turnover_rate_gte_20,B额外过滤换手率>=20%。
A_plus_B_strict,20260303,NONE,NO_CANDIDATE,,,,,0.0,946161.0891691865,946161.0891691865,,,False,False,,,,,,,False,0,False,500000.0,946161.0891691865,0.0,reject_b_turnover_rate_gte_20,B额外过滤换手率>=20%。
A_plus_B_strict,20260304,NONE,NO_CANDIDATE,,,,,0.0,946161.0891691865,946161.0891691865,,,False,False,,,,,,,False,0,False,500000.0,946161.0891691865,0.0,reject_b_turnover_rate_gte_20,B额外过滤换手率>=20%。
A_plus_B_strict,20260305,NONE,NO_CANDIDATE,,,,,0.0,946161.0891691865,946161.0891691865,,,False,False,,,,,,,False,0,False,500000.0,946161.0891691865,0.0,reject_b_turnover_rate_gte_20,B额外过滤换手率>=20%。
A_plus_B_strict,20260306,B,HISTORICAL_SIM_FILLED,000509.SZ,华塑控股,sz_main,无,0.022055648351648537,946161.0891691865,967029.2854359149,b_conservative_daily_replay,,True,True,,,20260309,20260310,3.8438399999999993,3.95604,False,0,False,500000.0,967029.2854359149,0.0,reject_b_turnover_rate_gte_20,B额外过滤换手率>=20%。
A_plus_B_strict,20260309,A_OR_B,POSITION_OCCUPIED_SKIP,,,,,0.0,967029.2854359149,967029.2854359149,,000509.SZ 华塑控股,False,False,,,,,,,False,0,False,500000.0,967029.2854359149,0.0,reject_b_turnover_rate_gte_20,B额外过滤换手率>=20%。
A_plus_B_strict,20260310,NONE,NO_CANDIDATE,,,,,0.0,967029.2854359149,967029.2854359149,,,False,False,,,,,,,False,0,False,500000.0,967029.2854359149,0.0,reject_b_turnover_rate_gte_20,B额外过滤换手率>=20%。
A_plus_B_strict,20260311,NONE,NO_CANDIDATE,,,,,0.0,967029.2854359149,967029.2854359149,,,False,False,,,,,,,False,0,False,500000.0,967029.2854359149,0.0,reject_b_turnover_rate_gte_20,B额外过滤换手率>=20%。
A_plus_B_strict,20260312,NONE,NO_CANDIDATE,,,,,0.0,967029.2854359149,967029.2854359149,,,False,False,,,,,,,False,0,False,500000.0,967029.2854359149,0.0,reject_b_turnover_rate_gte_20,B额外过滤换手率>=20%。
A_plus_B_strict,20260313,NONE,NO_CANDIDATE,,,,,0.0,967029.2854359149,967029.2854359149,,,False,False,,,,,,,False,0,False,500000.0,967029.2854359149,0.0,reject_b_turnover_rate_gte_20,B额外过滤换手率>=20%。
A_plus_B_strict,20260316,NONE,NO_CANDIDATE,,,,,0.0,967029.2854359149,967029.2854359149,,,False,False,,,,,,,False,0,False,500000.0,967029.2854359149,0.0,reject_b_turnover_rate_gte_20,B额外过滤换手率>=20%。
A_plus_B_strict,20260317,NONE,NO_CANDIDATE,,,,,0.0,967029.2854359149,967029.2854359149,,,False,False,,,,,,,False,0,False,500000.0,967029.2854359149,0.0,reject_b_turnover_rate_gte_20,B额外过滤换手率>=20%。
A_plus_B_strict,20260318,NONE,NO_CANDIDATE,,,,,0.0,967029.2854359149,967029.2854359149,,,False,False,,,,,,,False,0,False,500000.0,967029.2854359149,0.0,reject_b_turnover_rate_gte_20,B额外过滤换手率>=20%。
A_plus_B_strict,20260319,NONE,NO_CANDIDATE,,,,,0.0,967029.2854359149,967029.2854359149,,,False,False,,,,,,,False,0,False,500000.0,967029.2854359149,0.0,reject_b_turnover_rate_gte_20,B额外过滤换手率>=20%。
A_plus_B_strict,20260320,NONE,NO_CANDIDATE,,,,,0.0,967029.2854359149,967029.2854359149,,,False,False,,,,,,,False,0,False,500000.0,967029.2854359149,0.0,reject_b_turnover_rate_gte_20,B额外过滤换手率>=20%。
A_plus_B_strict,20260323,NONE,NO_CANDIDATE,,,,,0.0,967029.2854359149,967029.2854359149,,,False,False,,,,,,,False,0,False,500000.0,967029.2854359149,0.0,reject_b_turnover_rate_gte_20,B额外过滤换手率>=20%。
A_plus_B_strict,20260324,B,HISTORICAL_SIM_FILLED,601016.SH,节能风电,sh_main,无,0.05001172841616214,967029.2854359149,1015392.0914296111,b_conservative_daily_replay,,True,True,,,20260325,20260326,4.98498,5.30469,False,0,False,500000.0,1015392.0914296111,0.0,reject_b_turnover_rate_gte_20,B额外过滤换手率>=20%。
A_plus_B_strict,20260325,A_OR_B,POSITION_OCCUPIED_SKIP,,,,,0.0,1015392.0914296111,1015392.0914296111,,601016.SH 节能风电,False,False,,,,,,,False,0,False,500000.0,1015392.0914296111,0.0,reject_b_turnover_rate_gte_20,B额外过滤换手率>=20%。
A_plus_B_strict,20260326,NONE,NO_CANDIDATE,,,,,0.0,1015392.0914296111,1015392.0914296111,,,False,False,,,,,,,False,0,False,500000.0,1015392.0914296111,0.0,reject_b_turnover_rate_gte_20,B额外过滤换手率>=20%。
A_plus_B_strict,20260327,A,HISTORICAL_SIM_FILLED,300204.SZ,舒泰神,chi_next,无,0.0397618491523106,1015392.0914296111,1055765.9585994845,a_audit_dynamic_account_return,,False,False,,,,,,,False,0,False,500000.0,1055765.9585994845,0.0,reject_b_turnover_rate_gte_20,B额外过滤换手率>=20%。
A_plus_B_strict,20260330,A_OR_B,POSITION_OCCUPIED_SKIP,,,,,0.0,1055765.9585994845,1055765.9585994845,,300204.SZ 舒泰神,False,False,,,,,,,False,0,False,500000.0,1055765.9585994845,0.0,reject_b_turnover_rate_gte_20,B额外过滤换手率>=20%。
A_plus_B_strict,20260331,NONE,NO_CANDIDATE,,,,,0.0,1055765.9585994845,1055765.9585994845,,,False,False,,,,,,,False,0,False,500000.0,1055765.9585994845,0.0,reject_b_turnover_rate_gte_20,B额外过滤换手率>=20%。
A_plus_B_strict,20260401,NONE,NO_CANDIDATE,,,,,0.0,1055765.9585994845,1055765.9585994845,,,False,False,,,,,,,False,0,False,500000.0,1055765.9585994845,0.0,reject_b_turnover_rate_gte_20,B额外过滤换手率>=20%。
A_plus_B_strict,20260402,NONE,NO_CANDIDATE,,,,,0.0,1055765.9585994845,1055765.9585994845,,,False,False,,,,,,,False,0,False,500000.0,1055765.9585994845,0.0,reject_b_turnover_rate_gte_20,B额外过滤换手率>=20%。
A_plus_B_strict,20260403,NONE,NO_CANDIDATE,,,,,0.0,1055765.9585994845,1055765.9585994845,,,False,False,,,,,,,False,0,False,500000.0,1055765.9585994845,0.0,reject_b_turnover_rate_gte_20,B额外过滤换手率>=20%。
A_plus_B_strict,20260407,NONE,NO_CANDIDATE,,,,,0.0,1055765.9585994845,1055765.9585994845,,,False,False,,,,,,,False,0,False,500000.0,1055765.9585994845,0.0,reject_b_turnover_rate_gte_20,B额外过滤换手率>=20%。
A_plus_B_strict,20260408,B,HISTORICAL_SIM_FILLED,603083.SH,剑桥科技,sh_main,无,0.02050690266715481,1055765.9585994845,1077416.4483517795,b_conservative_daily_replay,,True,True,,,20260409,20260410,113.04293,116.12375999999999,False,0,False,500000.0,1077416.4483517795,0.0,reject_b_turnover_rate_gte_20,B额外过滤换手率>=20%。
A_plus_B_strict,20260409,A_OR_B,POSITION_OCCUPIED_SKIP,,,,,0.0,1077416.4483517795,1077416.4483517795,,603083.SH 剑桥科技,False,False,,,,,,,False,0,False,500000.0,1077416.4483517795,0.0,reject_b_turnover_rate_gte_20,B额外过滤换手率>=20%。
A_plus_B_strict,20260410,NONE,NO_CANDIDATE,,,,,0.0,1077416.4483517795,1077416.4483517795,,,False,False,,,,,,,False,0,False,500000.0,1077416.4483517795,0.0,reject_b_turnover_rate_gte_20,B额外过滤换手率>=20%。
A_plus_B_strict,20260413,B,HISTORICAL_SIM_FILLED,000968.SZ,蓝焰控股,sz_main,无,-0.049626241187383915,1077416.4483517795,1023948.3198266196,b_conservative_daily_replay,,True,True,,,20260414,20260415,10.090079999999999,9.48051,False,0,False,500000.0,1077416.4483517795,-0.0496262411873839,reject_b_turnover_rate_gte_20,B额外过滤换手率>=20%。
A_plus_B_strict,20260414,A_OR_B,POSITION_OCCUPIED_SKIP,,,,,0.0,1023948.3198266196,1023948.3198266196,,000968.SZ 蓝焰控股,False,False,,,,,,,False,0,False,500000.0,1077416.4483517795,-0.0496262411873839,reject_b_turnover_rate_gte_20,B额外过滤换手率>=20%。
A_plus_B_strict,20260415,NONE,NO_CANDIDATE,,,,,0.0,1023948.3198266196,1023948.3198266196,,,False,False,,,,,,,False,0,False,500000.0,1077416.4483517795,-0.0496262411873839,reject_b_turnover_rate_gte_20,B额外过滤换手率>=20%。
A_plus_B_strict,20260416,NONE,NO_CANDIDATE,,,,,0.0,1023948.3198266196,1023948.3198266196,,,False,False,,,,,,,False,0,False,500000.0,1077416.4483517795,-0.0496262411873839,reject_b_turnover_rate_gte_20,B额外过滤换手率>=20%。
A_plus_B_strict,20260417,A,HISTORICAL_SIM_FILLED,301319.SZ,唯特偶,chi_next,无,0.0352808081329955,1023948.3198266196,1060074.0440365255,a_audit_dynamic_account_return,,False,False,,,,,,,False,0,False,500000.0,1077416.4483517795,-0.016096286948082295,reject_b_turnover_rate_gte_20,B额外过滤换手率>=20%。
A_plus_B_strict,20260420,A_OR_B,POSITION_OCCUPIED_SKIP,,,,,0.0,1060074.0440365255,1060074.0440365255,,301319.SZ 唯特偶,False,False,,,,,,,False,0,False,500000.0,1077416.4483517795,-0.016096286948082295,reject_b_turnover_rate_gte_20,B额外过滤换手率>=20%。
A_plus_B_strict,20260421,NONE,NO_CANDIDATE,,,,,0.0,1060074.0440365255,1060074.0440365255,,,False,False,,,,,,,False,0,False,500000.0,1077416.4483517795,-0.016096286948082295,reject_b_turnover_rate_gte_20,B额外过滤换手率>=20%。
A_plus_B_strict,20260422,NONE,NO_CANDIDATE,,,,,0.0,1060074.0440365255,1060074.0440365255,,,False,False,,,,,,,False,0,False,500000.0,1077416.4483517795,-0.016096286948082295,reject_b_turnover_rate_gte_20,B额外过滤换手率>=20%。
A_plus_B_strict,20260423,NONE,NO_CANDIDATE,,,,,0.0,1060074.0440365255,1060074.0440365255,,,False,False,,,,,,,False,0,False,500000.0,1077416.4483517795,-0.016096286948082295,reject_b_turnover_rate_gte_20,B额外过滤换手率>=20%。
A_plus_B_strict,20260424,NONE,NO_CANDIDATE,,,,,0.0,1060074.0440365255,1060074.0440365255,,,False,False,,,,,,,False,0,False,500000.0,1077416.4483517795,-0.016096286948082295,reject_b_turnover_rate_gte_20,B额外过滤换手率>=20%。
A_plus_B_strict,20260427,NONE,NO_CANDIDATE,,,,,0.0,1060074.0440365255,1060074.0440365255,,,False,False,,,,,,,False,0,False,500000.0,1077416.4483517795,-0.016096286948082295,reject_b_turnover_rate_gte_20,B额外过滤换手率>=20%。
A_plus_B_strict,20260428,NONE,NO_CANDIDATE,,,,,0.0,1060074.0440365255,1060074.0440365255,,,False,False,,,,,,,False,0,False,500000.0,1077416.4483517795,-0.016096286948082295,reject_b_turnover_rate_gte_20,B额外过滤换手率>=20%。
A_plus_B_strict,20260429,NONE,NO_CANDIDATE,,,,,0.0,1060074.0440365255,1060074.0440365255,,,False,False,,,,,,,False,0,False,500000.0,1077416.4483517795,-0.016096286948082295,reject_b_turnover_rate_gte_20,B额外过滤换手率>=20%。
A_plus_B_strict,20260430,NONE,NO_CANDIDATE,,,,,0.0,1060074.0440365255,1060074.0440365255,,,False,False,,,,,,,False,0,False,500000.0,1077416.4483517795,-0.016096286948082295,reject_b_turnover_rate_gte_20,B额外过滤换手率>=20%。
A_plus_B_strict,20260506,NONE,NO_CANDIDATE,,,,,0.0,1060074.0440365255,1060074.0440365255,,,False,False,,,,,,,False,0,False,500000.0,1077416.4483517795,-0.016096286948082295,reject_b_turnover_rate_gte_20,B额外过滤换手率>=20%。
A_plus_B_strict,20260507,B,HISTORICAL_SIM_FILLED,603256.SH,宏和科技,sh_main,无,0.02464048591717308,1060074.0440365255,1086194.7835897685,b_conservative_daily_replay,,True,True,,,20260508,20260511,145.12497999999997,149.83002,False,0,False,500000.0,1086194.7835897685,0.0,reject_b_turnover_rate_gte_20,B额外过滤换手率>=20%。
A_plus_B_strict,20260508,A_OR_B,POSITION_OCCUPIED_SKIP,,,,,0.0,1086194.7835897685,1086194.7835897685,,603256.SH 宏和科技,False,False,,,,,,,False,0,False,500000.0,1086194.7835897685,0.0,reject_b_turnover_rate_gte_20,B额外过滤换手率>=20%。
A_plus_B_strict,20260511,NONE,NO_CANDIDATE,,,,,0.0,1086194.7835897685,1086194.7835897685,,,False,False,,,,,,,False,0,False,500000.0,1086194.7835897685,0.0,reject_b_turnover_rate_gte_20,B额外过滤换手率>=20%。
A_plus_B_strict,20260512,NONE,NO_CANDIDATE,,,,,0.0,1086194.7835897685,1086194.7835897685,,,False,False,,,,,,,False,0,False,500000.0,1086194.7835897685,0.0,reject_b_turnover_rate_gte_20,B额外过滤换手率>=20%。
A_plus_B_strict,20260513,NONE,NO_CANDIDATE,,,,,0.0,1086194.7835897685,1086194.7835897685,,,False,False,,,,,,,False,0,False,500000.0,1086194.7835897685,0.0,reject_b_turnover_rate_gte_20,B额外过滤换手率>=20%。
A_plus_B_strict,20260514,NONE,NO_CANDIDATE,,,,,0.0,1086194.7835897685,1086194.7835897685,,,False,False,,,,,,,False,0,False,500000.0,1086194.7835897685,0.0,reject_b_turnover_rate_gte_20,B额外过滤换手率>=20%。
A_plus_B_strict,20251112,NONE,NO_CANDIDATE,,,,,0.0,500000.0,500000.0,,,False,False,,,,,,,False,0,False,500000.0,500000.0,0.0,reject_b_turnover_bucket_15_25,B额外过滤换手率分桶15_25。
A_plus_B_strict,20251113,NONE,NO_CANDIDATE,,,,,0.0,500000.0,500000.0,,,False,False,,,,,,,False,0,False,500000.0,500000.0,0.0,reject_b_turnover_bucket_15_25,B额外过滤换手率分桶15_25。
A_plus_B_strict,20251114,NONE,NO_CANDIDATE,,,,,0.0,500000.0,500000.0,,,False,False,,,,,,,False,0,False,500000.0,500000.0,0.0,reject_b_turnover_bucket_15_25,B额外过滤换手率分桶15_25。
A_plus_B_strict,20251117,NONE,NO_CANDIDATE,,,,,0.0,500000.0,500000.0,,,False,False,,,,,,,False,0,False,500000.0,500000.0,0.0,reject_b_turnover_bucket_15_25,B额外过滤换手率分桶15_25。
A_plus_B_strict,20251118,NONE,NO_CANDIDATE,,,,,0.0,500000.0,500000.0,,,False,False,,,,,,,False,0,False,500000.0,500000.0,0.0,reject_b_turnover_bucket_15_25,B额外过滤换手率分桶15_25。
A_plus_B_strict,20251119,NONE,NO_CANDIDATE,,,,,0.0,500000.0,500000.0,,,False,False,,,,,,,False,0,False,500000.0,500000.0,0.0,reject_b_turnover_bucket_15_25,B额外过滤换手率分桶15_25。
A_plus_B_strict,20251120,A,HISTORICAL_SIM_FILLED,301092.SZ,争光股份,chi_next,无,-0.0505145833968012,500000.0,474742.7083015994,a_audit_dynamic_account_return,,False,False,,,,,,,False,0,False,500000.0,500000.0,-0.05051458339680115,reject_b_turnover_bucket_15_25,B额外过滤换手率分桶15_25。
A_plus_B_strict,20251121,A_OR_B,POSITION_OCCUPIED_SKIP,,,,,0.0,474742.7083015994,474742.7083015994,,301092.SZ 争光股份,False,False,,,,,,,False,0,False,500000.0,500000.0,-0.05051458339680115,reject_b_turnover_bucket_15_25,B额外过滤换手率分桶15_25。
A_plus_B_strict,20251124,NONE,NO_CANDIDATE,,,,,0.0,474742.7083015994,474742.7083015994,,,False,False,,,,,,,False,0,False,500000.0,500000.0,-0.05051458339680115,reject_b_turnover_bucket_15_25,B额外过滤换手率分桶15_25。
A_plus_B_strict,20251125,A,REVIEW_REQUIRED_PLAN_ONLY,301117.SZ,佳缘科技,chi_next,LOSS_OVERLAY_WATCH,0.0,474742.7083015994,474742.7083015994,manual_review_skip,,False,False,,,,,,,False,0,False,500000.0,500000.0,-0.05051458339680115,reject_b_turnover_bucket_15_25,B额外过滤换手率分桶15_25。
A_plus_B_strict,20251126,NONE,NO_CANDIDATE,,,,,0.0,474742.7083015994,474742.7083015994,,,False,False,,,,,,,False,0,False,500000.0,500000.0,-0.05051458339680115,reject_b_turnover_bucket_15_25,B额外过滤换手率分桶15_25。
A_plus_B_strict,20251127,NONE,NO_CANDIDATE,,,,,0.0,474742.7083015994,474742.7083015994,,,False,False,,,,,,,False,0,False,500000.0,500000.0,-0.05051458339680115,reject_b_turnover_bucket_15_25,B额外过滤换手率分桶15_25。
A_plus_B_strict,20251128,NONE,NO_CANDIDATE,,,,,0.0,474742.7083015994,474742.7083015994,,,False,False,,,,,,,False,0,False,500000.0,500000.0,-0.05051458339680115,reject_b_turnover_bucket_15_25,B额外过滤换手率分桶15_25。
A_plus_B_strict,20251201,NONE,NO_CANDIDATE,,,,,0.0,474742.7083015994,474742.7083015994,,,False,False,,,,,,,False,0,False,500000.0,500000.0,-0.05051458339680115,reject_b_turnover_bucket_15_25,B额外过滤换手率分桶15_25。
A_plus_B_strict,20251202,NONE,NO_CANDIDATE,,,,,0.0,474742.7083015994,474742.7083015994,,,False,False,,,,,,,False,0,False,500000.0,500000.0,-0.05051458339680115,reject_b_turnover_bucket_15_25,B额外过滤换手率分桶15_25。
A_plus_B_strict,20251203,NONE,NO_CANDIDATE,,,,,0.0,474742.7083015994,474742.7083015994,,,False,False,,,,,,,False,0,False,500000.0,500000.0,-0.05051458339680115,reject_b_turnover_bucket_15_25,B额外过滤换手率分桶15_25。
A_plus_B_strict,20251204,A,HISTORICAL_SIM_FILLED,300946.SZ,恒而达,chi_next,无,0.0291749495998269,474742.7083015994,488593.30288918386,a_audit_dynamic_account_return,,False,False,,,,,,,False,0,False,500000.0,500000.0,-0.02281339422163231,reject_b_turnover_bucket_15_25,B额外过滤换手率分桶15_25。
A_plus_B_strict,20251205,A_OR_B,POSITION_OCCUPIED_SKIP,,,,,0.0,488593.30288918386,488593.30288918386,,300946.SZ 恒而达,False,False,,,,,,,False,0,False,500000.0,500000.0,-0.02281339422163231,reject_b_turnover_bucket_15_25,B额外过滤换手率分桶15_25。
A_plus_B_strict,20251208,B,HISTORICAL_SIM_FILLED,000571.SZ,新大洲A,sz_main,无,0.03126858280230099,488593.30288918386,503870.923037224,b_conservative_daily_replay,,True,True,,,20251209,20251210,6.316309999999999,6.5734200000000005,False,0,False,500000.0,503870.923037224,0.0,reject_b_turnover_bucket_15_25,B额外过滤换手率分桶15_25。
A_plus_B_strict,20251209,A_OR_B,POSITION_OCCUPIED_SKIP,,,,,0.0,503870.923037224,503870.923037224,,000571.SZ 新大洲A,False,False,,,,,,,False,0,False,500000.0,503870.923037224,0.0,reject_b_turnover_bucket_15_25,B额外过滤换手率分桶15_25。
A_plus_B_strict,20251210,NONE,NO_CANDIDATE,,,,,0.0,503870.923037224,503870.923037224,,,False,False,,,,,,,False,0,False,500000.0,503870.923037224,0.0,reject_b_turnover_bucket_15_25,B额外过滤换手率分桶15_25。
A_plus_B_strict,20251211,NONE,NO_CANDIDATE,,,,,0.0,503870.923037224,503870.923037224,,,False,False,,,,,,,False,0,False,500000.0,503870.923037224,0.0,reject_b_turnover_bucket_15_25,B额外过滤换手率分桶15_25。
A_plus_B_strict,20251212,A,HISTORICAL_SIM_FILLED,920576.BJ,天力复合,bj,无,0.181313377355646,503870.923037224,595229.4618444099,a_audit_dynamic_account_return,,False,False,,,,,,,False,0,False,500000.0,595229.4618444099,0.0,reject_b_turnover_bucket_15_25,B额外过滤换手率分桶15_25。
A_plus_B_strict,20251215,A_OR_B,POSITION_OCCUPIED_SKIP,,,,,0.0,595229.4618444099,595229.4618444099,,920576.BJ 天力复合,False,False,,,,,,,False,0,False,500000.0,595229.4618444099,0.0,reject_b_turnover_bucket_15_25,B额外过滤换手率分桶15_25。
A_plus_B_strict,20251216,NONE,NO_CANDIDATE,,,,,0.0,595229.4618444099,595229.4618444099,,,False,False,,,,,,,False,0,False,500000.0,595229.4618444099,0.0,reject_b_turnover_bucket_15_25,B额外过滤换手率分桶15_25。
A_plus_B_strict,20251217,NONE,NO_CANDIDATE,,,,,0.0,595229.4618444099,595229.4618444099,,,False,False,,,,,,,False,0,False,500000.0,595229.4618444099,0.0,reject_b_turnover_bucket_15_25,B额外过滤换手率分桶15_25。
A_plus_B_strict,20251218,NONE,NO_CANDIDATE,,,,,0.0,595229.4618444099,595229.4618444099,,,False,False,,,,,,,False,0,False,500000.0,595229.4618444099,0.0,reject_b_turnover_bucket_15_25,B额外过滤换手率分桶15_25。
A_plus_B_strict,20251219,A,REVIEW_REQUIRED_PLAN_ONLY,300557.SZ,理工光科,chi_next,LOSS_OVERLAY_WATCH,0.0,595229.4618444099,595229.4618444099,manual_review_skip,,False,False,,,,,,,False,0,False,500000.0,595229.4618444099,0.0,reject_b_turnover_bucket_15_25,B额外过滤换手率分桶15_25。
A_plus_B_strict,20251222,NONE,NO_CANDIDATE,,,,,0.0,595229.4618444099,595229.4618444099,,,False,False,,,,,,,False,0,False,500000.0,595229.4618444099,0.0,reject_b_turnover_bucket_15_25,B额外过滤换手率分桶15_25。
A_plus_B_strict,20251223,NONE,NO_CANDIDATE,,,,,0.0,595229.4618444099,595229.4618444099,,,False,False,,,,,,,False,0,False,500000.0,595229.4618444099,0.0,reject_b_turnover_bucket_15_25,B额外过滤换手率分桶15_25。
A_plus_B_strict,20251224,NONE,NO_CANDIDATE,,,,,0.0,595229.4618444099,595229.4618444099,,,False,False,,,,,,,False,0,False,500000.0,595229.4618444099,0.0,reject_b_turnover_bucket_15_25,B额外过滤换手率分桶15_25。
A_plus_B_strict,20251225,NONE,NO_CANDIDATE,,,,,0.0,595229.4618444099,595229.4618444099,,,False,False,,,,,,,False,0,False,500000.0,595229.4618444099,0.0,reject_b_turnover_bucket_15_25,B额外过滤换手率分桶15_25。
A_plus_B_strict,20251226,NONE,NO_CANDIDATE,,,,,0.0,595229.4618444099,595229.4618444099,,,False,False,,,,,,,False,0,False,500000.0,595229.4618444099,0.0,reject_b_turnover_bucket_15_25,B额外过滤换手率分桶15_25。
A_plus_B_strict,20251229,NONE,NO_CANDIDATE,,,,,0.0,595229.4618444099,595229.4618444099,,,False,False,,,,,,,False,0,False,500000.0,595229.4618444099,0.0,reject_b_turnover_bucket_15_25,B额外过滤换手率分桶15_25。
A_plus_B_strict,20251230,NONE,NO_CANDIDATE,,,,,0.0,595229.4618444099,595229.4618444099,,,False,False,,,,,,,False,0,False,500000.0,595229.4618444099,0.0,reject_b_turnover_bucket_15_25,B额外过滤换手率分桶15_25。
A_plus_B_strict,20251231,A,HISTORICAL_SIM_FILLED,300058.SZ,蓝色光标,chi_next,无,0.1308549259970799,595229.4618444099,673118.1690253419,a_audit_dynamic_account_return,,False,False,,,,,,,False,0,False,500000.0,673118.1690253419,0.0,reject_b_turnover_bucket_15_25,B额外过滤换手率分桶15_25。
A_plus_B_strict,20260105,A_OR_B,POSITION_OCCUPIED_SKIP,,,,,0.0,673118.1690253419,673118.1690253419,,300058.SZ 蓝色光标,False,False,,,,,,,False,0,False,500000.0,673118.1690253419,0.0,reject_b_turnover_bucket_15_25,B额外过滤换手率分桶15_25。
A_plus_B_strict,20260106,NONE,NO_CANDIDATE,,,,,0.0,673118.1690253419,673118.1690253419,,,False,False,,,,,,,False,0,False,500000.0,673118.1690253419,0.0,reject_b_turnover_bucket_15_25,B额外过滤换手率分桶15_25。
A_plus_B_strict,20260107,NONE,NO_CANDIDATE,,,,,0.0,673118.1690253419,673118.1690253419,,,False,False,,,,,,,False,0,False,500000.0,673118.1690253419,0.0,reject_b_turnover_bucket_15_25,B额外过滤换手率分桶15_25。
A_plus_B_strict,20260108,NONE,NO_CANDIDATE,,,,,0.0,673118.1690253419,673118.1690253419,,,False,False,,,,,,,False,0,False,500000.0,673118.1690253419,0.0,reject_b_turnover_bucket_15_25,B额外过滤换手率分桶15_25。
A_plus_B_strict,20260109,NONE,NO_CANDIDATE,,,,,0.0,673118.1690253419,673118.1690253419,,,False,False,,,,,,,False,0,False,500000.0,673118.1690253419,0.0,reject_b_turnover_bucket_15_25,B额外过滤换手率分桶15_25。
A_plus_B_strict,20260112,NONE,NO_CANDIDATE,,,,,0.0,673118.1690253419,673118.1690253419,,,False,False,,,,,,,False,0,False,500000.0,673118.1690253419,0.0,reject_b_turnover_bucket_15_25,B额外过滤换手率分桶15_25。
A_plus_B_strict,20260113,NONE,NO_CANDIDATE,,,,,0.0,673118.1690253419,673118.1690253419,,,False,False,,,,,,,False,0,False,500000.0,673118.1690253419,0.0,reject_b_turnover_bucket_15_25,B额外过滤换手率分桶15_25。
A_plus_B_strict,20260114,NONE,NO_CANDIDATE,,,,,0.0,673118.1690253419,673118.1690253419,,,False,False,,,,,,,False,0,False,500000.0,673118.1690253419,0.0,reject_b_turnover_bucket_15_25,B额外过滤换手率分桶15_25。
A_plus_B_strict,20260115,A,HISTORICAL_SIM_FILLED,301629.SZ,矽电股份,chi_next,无,-0.0338313603969523,673118.1690253419,650345.6656593089,a_audit_dynamic_account_return,,False,False,,,,,,,False,0,False,500000.0,673118.1690253419,-0.033831360396952226,reject_b_turnover_bucket_15_25,B额外过滤换手率分桶15_25。
A_plus_B_strict,20260116,A_OR_B,POSITION_OCCUPIED_SKIP,,,,,0.0,650345.6656593089,650345.6656593089,,301629.SZ 矽电股份,False,False,,,,,,,False,0,False,500000.0,673118.1690253419,-0.033831360396952226,reject_b_turnover_bucket_15_25,B额外过滤换手率分桶15_25。
A_plus_B_strict,20260119,A,HISTORICAL_SIM_FILLED,300658.SZ,延江股份,chi_next,无,0.0681174370165976,650345.6656593089,694645.5455788741,a_audit_dynamic_account_return,,False,False,,,,,,,False,0,False,500000.0,694645.5455788741,0.0,reject_b_turnover_bucket_15_25,B额外过滤换手率分桶15_25。
A_plus_B_strict,20260120,A_OR_B,POSITION_OCCUPIED_SKIP,,,,,0.0,694645.5455788741,694645.5455788741,,300658.SZ 延江股份,False,False,,,,,,,False,0,False,500000.0,694645.5455788741,0.0,reject_b_turnover_bucket_15_25,B额外过滤换手率分桶15_25。
A_plus_B_strict,20260121,NONE,NO_CANDIDATE,,,,,0.0,694645.5455788741,694645.5455788741,,,False,False,,,,,,,False,0,False,500000.0,694645.5455788741,0.0,reject_b_turnover_bucket_15_25,B额外过滤换手率分桶15_25。
A_plus_B_strict,20260122,NONE,NO_CANDIDATE,,,,,0.0,694645.5455788741,694645.5455788741,,,False,False,,,,,,,False,0,False,500000.0,694645.5455788741,0.0,reject_b_turnover_bucket_15_25,B额外过滤换手率分桶15_25。
A_plus_B_strict,20260123,A,HISTORICAL_SIM_FILLED,920368.BJ,连城数控,bj,无,0.1027727855059111,694645.5455788741,766036.2032372883,a_audit_dynamic_account_return,,False,False,,,,,,,False,0,False,500000.0,766036.2032372883,0.0,reject_b_turnover_bucket_15_25,B额外过滤换手率分桶15_25。
A_plus_B_strict,20260126,A_OR_B,POSITION_OCCUPIED_SKIP,,,,,0.0,766036.2032372883,766036.2032372883,,920368.BJ 连城数控,False,False,,,,,,,False,0,False,500000.0,766036.2032372883,0.0,reject_b_turnover_bucket_15_25,B额外过滤换手率分桶15_25。
A_plus_B_strict,20260127,NONE,NO_CANDIDATE,,,,,0.0,766036.2032372883,766036.2032372883,,,False,False,,,,,,,False,0,False,500000.0,766036.2032372883,0.0,reject_b_turnover_bucket_15_25,B额外过滤换手率分桶15_25。
A_plus_B_strict,20260128,A,HISTORICAL_SIM_FILLED,300164.SZ,通源石油,chi_next,无,0.0457725821591917,766036.2032372883,801099.6582868823,a_audit_dynamic_account_return,,False,False,,,,,,,False,0,False,500000.0,801099.6582868823,0.0,reject_b_turnover_bucket_15_25,B额外过滤换手率分桶15_25。
A_plus_B_strict,20260129,A_OR_B,POSITION_OCCUPIED_SKIP,,,,,0.0,801099.6582868823,801099.6582868823,,300164.SZ 通源石油,False,False,,,,,,,False,0,False,500000.0,801099.6582868823,0.0,reject_b_turnover_bucket_15_25,B额外过滤换手率分桶15_25。
A_plus_B_strict,20260130,NONE,NO_CANDIDATE,,,,,0.0,801099.6582868823,801099.6582868823,,,False,False,,,,,,,False,0,False,500000.0,801099.6582868823,0.0,reject_b_turnover_bucket_15_25,B额外过滤换手率分桶15_25。
A_plus_B_strict,20260202,NONE,NO_CANDIDATE,,,,,0.0,801099.6582868823,801099.6582868823,,,False,False,,,,,,,False,0,False,500000.0,801099.6582868823,0.0,reject_b_turnover_bucket_15_25,B额外过滤换手率分桶15_25。
A_plus_B_strict,20260203,NONE,NO_CANDIDATE,,,,,0.0,801099.6582868823,801099.6582868823,,,False,False,,,,,,,False,0,False,500000.0,801099.6582868823,0.0,reject_b_turnover_bucket_15_25,B额外过滤换手率分桶15_25。
A_plus_B_strict,20260204,NONE,NO_CANDIDATE,,,,,0.0,801099.6582868823,801099.6582868823,,,False,False,,,,,,,False,0,False,500000.0,801099.6582868823,0.0,reject_b_turnover_bucket_15_25,B额外过滤换手率分桶15_25。
A_plus_B_strict,20260205,NONE,NO_CANDIDATE,,,,,0.0,801099.6582868823,801099.6582868823,,,False,False,,,,,,,False,0,False,500000.0,801099.6582868823,0.0,reject_b_turnover_bucket_15_25,B额外过滤换手率分桶15_25。
A_plus_B_strict,20260206,NONE,NO_CANDIDATE,,,,,0.0,801099.6582868823,801099.6582868823,,,False,False,,,,,,,False,0,False,500000.0,801099.6582868823,0.0,reject_b_turnover_bucket_15_25,B额外过滤换手率分桶15_25。
A_plus_B_strict,20260209,NONE,NO_CANDIDATE,,,,,0.0,801099.6582868823,801099.6582868823,,,False,False,,,,,,,False,0,False,500000.0,801099.6582868823,0.0,reject_b_turnover_bucket_15_25,B额外过滤换手率分桶15_25。
A_plus_B_strict,20260210,NONE,NO_CANDIDATE,,,,,0.0,801099.6582868823,801099.6582868823,,,False,False,,,,,,,False,0,False,500000.0,801099.6582868823,0.0,reject_b_turnover_bucket_15_25,B额外过滤换手率分桶15_25。
A_plus_B_strict,20260211,NONE,NO_CANDIDATE,,,,,0.0,801099.6582868823,801099.6582868823,,,False,False,,,,,,,False,0,False,500000.0,801099.6582868823,0.0,reject_b_turnover_bucket_15_25,B额外过滤换手率分桶15_25。
A_plus_B_strict,20260212,NONE,NO_CANDIDATE,,,,,0.0,801099.6582868823,801099.6582868823,,,False,False,,,,,,,False,0,False,500000.0,801099.6582868823,0.0,reject_b_turnover_bucket_15_25,B额外过滤换手率分桶15_25。
A_plus_B_strict,20260213,NONE,NO_CANDIDATE,,,,,0.0,801099.6582868823,801099.6582868823,,,False,False,,,,,,,False,0,False,500000.0,801099.6582868823,0.0,reject_b_turnover_bucket_15_25,B额外过滤换手率分桶15_25。
A_plus_B_strict,20260224,NONE,NO_CANDIDATE,,,,,0.0,801099.6582868823,801099.6582868823,,,False,False,,,,,,,False,0,False,500000.0,801099.6582868823,0.0,reject_b_turnover_bucket_15_25,B额外过滤换手率分桶15_25。
A_plus_B_strict,20260225,NONE,NO_CANDIDATE,,,,,0.0,801099.6582868823,801099.6582868823,,,False,False,,,,,,,False,0,False,500000.0,801099.6582868823,0.0,reject_b_turnover_bucket_15_25,B额外过滤换手率分桶15_25。
A_plus_B_strict,20260226,A,HISTORICAL_SIM_FILLED,300499.SZ,高澜股份,chi_next,无,0.0193948880593092,801099.6582868823,816636.8964837072,a_audit_dynamic_account_return,,False,False,,,,,,,False,0,False,500000.0,816636.8964837072,0.0,reject_b_turnover_bucket_15_25,B额外过滤换手率分桶15_25。
A_plus_B_strict,20260227,A_OR_B,POSITION_OCCUPIED_SKIP,,,,,0.0,816636.8964837072,816636.8964837072,,300499.SZ 高澜股份,False,False,,,,,,,False,0,False,500000.0,816636.8964837072,0.0,reject_b_turnover_bucket_15_25,B额外过滤换手率分桶15_25。
A_plus_B_strict,20260302,B,HISTORICAL_SIM_FILLED,603257.SH,中国瑞林,sh_main,无,-0.027628032279987592,816636.8964837072,794074.8259466265,b_conservative_daily_replay,,True,True,,,20260303,20260304,72.70262999999998,70.30962,False,0,False,500000.0,816636.8964837072,-0.027628032279987558,reject_b_turnover_bucket_15_25,B额外过滤换手率分桶15_25。
A_plus_B_strict,20260303,A_OR_B,POSITION_OCCUPIED_SKIP,,,,,0.0,794074.8259466265,794074.8259466265,,603257.SH 中国瑞林,False,False,,,,,,,False,0,False,500000.0,816636.8964837072,-0.027628032279987558,reject_b_turnover_bucket_15_25,B额外过滤换手率分桶15_25。
A_plus_B_strict,20260304,NONE,NO_CANDIDATE,,,,,0.0,794074.8259466265,794074.8259466265,,,False,False,,,,,,,False,0,False,500000.0,816636.8964837072,-0.027628032279987558,reject_b_turnover_bucket_15_25,B额外过滤换手率分桶15_25。
A_plus_B_strict,20260305,NONE,NO_CANDIDATE,,,,,0.0,794074.8259466265,794074.8259466265,,,False,False,,,,,,,False,0,False,500000.0,816636.8964837072,-0.027628032279987558,reject_b_turnover_bucket_15_25,B额外过滤换手率分桶15_25。
A_plus_B_strict,20260306,NONE,NO_CANDIDATE,,,,,0.0,794074.8259466265,794074.8259466265,,,False,False,,,,,,,False,0,False,500000.0,816636.8964837072,-0.027628032279987558,reject_b_turnover_bucket_15_25,B额外过滤换手率分桶15_25。
A_plus_B_strict,20260309,A,REVIEW_REQUIRED_PLAN_ONLY,301606.SZ,绿联科技,chi_next,LOSS_OVERLAY_WATCH,0.0,794074.8259466265,794074.8259466265,manual_review_skip,,False,False,,,,,,,False,0,False,500000.0,816636.8964837072,-0.027628032279987558,reject_b_turnover_bucket_15_25,B额外过滤换手率分桶15_25。
A_plus_B_strict,20260310,NONE,NO_CANDIDATE,,,,,0.0,794074.8259466265,794074.8259466265,,,False,False,,,,,,,False,0,False,500000.0,816636.8964837072,-0.027628032279987558,reject_b_turnover_bucket_15_25,B额外过滤换手率分桶15_25。
A_plus_B_strict,20260311,NONE,NO_CANDIDATE,,,,,0.0,794074.8259466265,794074.8259466265,,,False,False,,,,,,,False,0,False,500000.0,816636.8964837072,-0.027628032279987558,reject_b_turnover_bucket_15_25,B额外过滤换手率分桶15_25。
A_plus_B_strict,20260312,NONE,NO_CANDIDATE,,,,,0.0,794074.8259466265,794074.8259466265,,,False,False,,,,,,,False,0,False,500000.0,816636.8964837072,-0.027628032279987558,reject_b_turnover_bucket_15_25,B额外过滤换手率分桶15_25。
A_plus_B_strict,20260313,B,HISTORICAL_SIM_FILLED,603248.SH,锡华科技,sh_main,无,0.14196793827778875,794074.8259466265,906807.991824563,b_conservative_daily_replay,,True,True,,,20260316,20260317,28.908879999999996,34.085879999999996,False,0,False,500000.0,906807.991824563,0.0,reject_b_turnover_bucket_15_25,B额外过滤换手率分桶15_25。
A_plus_B_strict,20260316,A_OR_B,POSITION_OCCUPIED_SKIP,,,,,0.0,906807.991824563,906807.991824563,,603248.SH 锡华科技,False,False,,,,,,,False,0,False,500000.0,906807.991824563,0.0,reject_b_turnover_bucket_15_25,B额外过滤换手率分桶15_25。
A_plus_B_strict,20260317,NONE,NO_CANDIDATE,,,,,0.0,906807.991824563,906807.991824563,,,False,False,,,,,,,False,0,False,500000.0,906807.991824563,0.0,reject_b_turnover_bucket_15_25,B额外过滤换手率分桶15_25。
A_plus_B_strict,20260318,NONE,NO_CANDIDATE,,,,,0.0,906807.991824563,906807.991824563,,,False,False,,,,,,,False,0,False,500000.0,906807.991824563,0.0,reject_b_turnover_bucket_15_25,B额外过滤换手率分桶15_25。
A_plus_B_strict,20260319,NONE,NO_CANDIDATE,,,,,0.0,906807.991824563,906807.991824563,,,False,False,,,,,,,False,0,False,500000.0,906807.991824563,0.0,reject_b_turnover_bucket_15_25,B额外过滤换手率分桶15_25。
A_plus_B_strict,20260320,NONE,NO_CANDIDATE,,,,,0.0,906807.991824563,906807.991824563,,,False,False,,,,,,,False,0,False,500000.0,906807.991824563,0.0,reject_b_turnover_bucket_15_25,B额外过滤换手率分桶15_25。
A_plus_B_strict,20260323,NONE,NO_CANDIDATE,,,,,0.0,906807.991824563,906807.991824563,,,False,False,,,,,,,False,0,False,500000.0,906807.991824563,0.0,reject_b_turnover_bucket_15_25,B额外过滤换手率分桶15_25。
A_plus_B_strict,20260324,NONE,NO_CANDIDATE,,,,,0.0,906807.991824563,906807.991824563,,,False,False,,,,,,,False,0,False,500000.0,906807.991824563,0.0,reject_b_turnover_bucket_15_25,B额外过滤换手率分桶15_25。
A_plus_B_strict,20260325,B,HISTORICAL_SIM_FILLED,603829.SH,洛凯股份,sh_main,无,0.0017810469626826726,906807.991824563,908423.0594441385,b_conservative_daily_replay,,True,True,,,20260326,20260327,29.059029999999996,29.1708,False,0,False,500000.0,908423.0594441385,0.0,reject_b_turnover_bucket_15_25,B额外过滤换手率分桶15_25。
A_plus_B_strict,20260326,A_OR_B,POSITION_OCCUPIED_SKIP,,,,,0.0,908423.0594441385,908423.0594441385,,603829.SH 洛凯股份,False,False,,,,,,,False,0,False,500000.0,908423.0594441385,0.0,reject_b_turnover_bucket_15_25,B额外过滤换手率分桶15_25。
A_plus_B_strict,20260327,A,HISTORICAL_SIM_FILLED,300204.SZ,舒泰神,chi_next,无,0.0397618491523106,908423.0594441385,944543.6401002369,a_audit_dynamic_account_return,,False,False,,,,,,,False,0,False,500000.0,944543.6401002369,0.0,reject_b_turnover_bucket_15_25,B额外过滤换手率分桶15_25。
A_plus_B_strict,20260330,A_OR_B,POSITION_OCCUPIED_SKIP,,,,,0.0,944543.6401002369,944543.6401002369,,300204.SZ 舒泰神,False,False,,,,,,,False,0,False,500000.0,944543.6401002369,0.0,reject_b_turnover_bucket_15_25,B额外过滤换手率分桶15_25。
A_plus_B_strict,20260331,NONE,NO_CANDIDATE,,,,,0.0,944543.6401002369,944543.6401002369,,,False,False,,,,,,,False,0,False,500000.0,944543.6401002369,0.0,reject_b_turnover_bucket_15_25,B额外过滤换手率分桶15_25。
A_plus_B_strict,20260401,NONE,NO_CANDIDATE,,,,,0.0,944543.6401002369,944543.6401002369,,,False,False,,,,,,,False,0,False,500000.0,944543.6401002369,0.0,reject_b_turnover_bucket_15_25,B额外过滤换手率分桶15_25。
A_plus_B_strict,20260402,NONE,NO_CANDIDATE,,,,,0.0,944543.6401002369,944543.6401002369,,,False,False,,,,,,,False,0,False,500000.0,944543.6401002369,0.0,reject_b_turnover_bucket_15_25,B额外过滤换手率分桶15_25。
A_plus_B_strict,20260403,NONE,NO_CANDIDATE,,,,,0.0,944543.6401002369,944543.6401002369,,,False,False,,,,,,,False,0,False,500000.0,944543.6401002369,0.0,reject_b_turnover_bucket_15_25,B额外过滤换手率分桶15_25。
A_plus_B_strict,20260407,NONE,NO_CANDIDATE,,,,,0.0,944543.6401002369,944543.6401002369,,,False,False,,,,,,,False,0,False,500000.0,944543.6401002369,0.0,reject_b_turnover_bucket_15_25,B额外过滤换手率分桶15_25。
A_plus_B_strict,20260408,B,HISTORICAL_SIM_FILLED,603083.SH,剑桥科技,sh_main,无,0.02050690266715481,944543.6401002369,963913.3045926525,b_conservative_daily_replay,,True,True,,,20260409,20260410,113.04293,116.12375999999999,False,0,False,500000.0,963913.3045926525,0.0,reject_b_turnover_bucket_15_25,B额外过滤换手率分桶15_25。
A_plus_B_strict,20260409,A_OR_B,POSITION_OCCUPIED_SKIP,,,,,0.0,963913.3045926525,963913.3045926525,,603083.SH 剑桥科技,False,False,,,,,,,False,0,False,500000.0,963913.3045926525,0.0,reject_b_turnover_bucket_15_25,B额外过滤换手率分桶15_25。
A_plus_B_strict,20260410,NONE,NO_CANDIDATE,,,,,0.0,963913.3045926525,963913.3045926525,,,False,False,,,,,,,False,0,False,500000.0,963913.3045926525,0.0,reject_b_turnover_bucket_15_25,B额外过滤换手率分桶15_25。
A_plus_B_strict,20260413,B,HISTORICAL_SIM_FILLED,000968.SZ,蓝焰控股,sz_main,无,-0.049626241187383915,963913.3045926525,916077.9104552093,b_conservative_daily_replay,,True,True,,,20260414,20260415,10.090079999999999,9.48051,False,0,False,500000.0,963913.3045926525,-0.04962624118738379,reject_b_turnover_bucket_15_25,B额外过滤换手率分桶15_25。
A_plus_B_strict,20260414,A_OR_B,POSITION_OCCUPIED_SKIP,,,,,0.0,916077.9104552093,916077.9104552093,,000968.SZ 蓝焰控股,False,False,,,,,,,False,0,False,500000.0,963913.3045926525,-0.04962624118738379,reject_b_turnover_bucket_15_25,B额外过滤换手率分桶15_25。
A_plus_B_strict,20260415,NONE,NO_CANDIDATE,,,,,0.0,916077.9104552093,916077.9104552093,,,False,False,,,,,,,False,0,False,500000.0,963913.3045926525,-0.04962624118738379,reject_b_turnover_bucket_15_25,B额外过滤换手率分桶15_25。
A_plus_B_strict,20260416,NONE,NO_CANDIDATE,,,,,0.0,916077.9104552093,916077.9104552093,,,False,False,,,,,,,False,0,False,500000.0,963913.3045926525,-0.04962624118738379,reject_b_turnover_bucket_15_25,B额外过滤换手率分桶15_25。
A_plus_B_strict,20260417,A,HISTORICAL_SIM_FILLED,301319.SZ,唯特偶,chi_next,无,0.0352808081329955,916077.9104552093,948397.879448855,a_audit_dynamic_account_return,,False,False,,,,,,,False,0,False,500000.0,963913.3045926525,-0.016096286948082295,reject_b_turnover_bucket_15_25,B额外过滤换手率分桶15_25。
A_plus_B_strict,20260420,A_OR_B,POSITION_OCCUPIED_SKIP,,,,,0.0,948397.879448855,948397.879448855,,301319.SZ 唯特偶,False,False,,,,,,,False,0,False,500000.0,963913.3045926525,-0.016096286948082295,reject_b_turnover_bucket_15_25,B额外过滤换手率分桶15_25。
A_plus_B_strict,20260421,NONE,NO_CANDIDATE,,,,,0.0,948397.879448855,948397.879448855,,,False,False,,,,,,,False,0,False,500000.0,963913.3045926525,-0.016096286948082295,reject_b_turnover_bucket_15_25,B额外过滤换手率分桶15_25。
A_plus_B_strict,20260422,NONE,NO_CANDIDATE,,,,,0.0,948397.879448855,948397.879448855,,,False,False,,,,,,,False,0,False,500000.0,963913.3045926525,-0.016096286948082295,reject_b_turnover_bucket_15_25,B额外过滤换手率分桶15_25。
A_plus_B_strict,20260423,NONE,NO_CANDIDATE,,,,,0.0,948397.879448855,948397.879448855,,,False,False,,,,,,,False,0,False,500000.0,963913.3045926525,-0.016096286948082295,reject_b_turnover_bucket_15_25,B额外过滤换手率分桶15_25。
A_plus_B_strict,20260424,NONE,NO_CANDIDATE,,,,,0.0,948397.879448855,948397.879448855,,,False,False,,,,,,,False,0,False,500000.0,963913.3045926525,-0.016096286948082295,reject_b_turnover_bucket_15_25,B额外过滤换手率分桶15_25。
A_plus_B_strict,20260427,NONE,NO_CANDIDATE,,,,,0.0,948397.879448855,948397.879448855,,,False,False,,,,,,,False,0,False,500000.0,963913.3045926525,-0.016096286948082295,reject_b_turnover_bucket_15_25,B额外过滤换手率分桶15_25。
A_plus_B_strict,20260428,NONE,NO_CANDIDATE,,,,,0.0,948397.879448855,948397.879448855,,,False,False,,,,,,,False,0,False,500000.0,963913.3045926525,-0.016096286948082295,reject_b_turnover_bucket_15_25,B额外过滤换手率分桶15_25。
A_plus_B_strict,20260429,NONE,NO_CANDIDATE,,,,,0.0,948397.879448855,948397.879448855,,,False,False,,,,,,,False,0,False,500000.0,963913.3045926525,-0.016096286948082295,reject_b_turnover_bucket_15_25,B额外过滤换手率分桶15_25。
A_plus_B_strict,20260430,NONE,NO_CANDIDATE,,,,,0.0,948397.879448855,948397.879448855,,,False,False,,,,,,,False,0,False,500000.0,963913.3045926525,-0.016096286948082295,reject_b_turnover_bucket_15_25,B额外过滤换手率分桶15_25。
A_plus_B_strict,20260506,NONE,NO_CANDIDATE,,,,,0.0,948397.879448855,948397.879448855,,,False,False,,,,,,,False,0,False,500000.0,963913.3045926525,-0.016096286948082295,reject_b_turnover_bucket_15_25,B额外过滤换手率分桶15_25。
A_plus_B_strict,20260507,B,HISTORICAL_SIM_FILLED,603256.SH,宏和科技,sh_main,无,0.02464048591717308,948397.879448855,971766.8640412913,b_conservative_daily_replay,,True,True,,,20260508,20260511,145.12497999999997,149.83002,False,0,False,500000.0,971766.8640412913,0.0,reject_b_turnover_bucket_15_25,B额外过滤换手率分桶15_25。
A_plus_B_strict,20260508,A_OR_B,POSITION_OCCUPIED_SKIP,,,,,0.0,971766.8640412913,971766.8640412913,,603256.SH 宏和科技,False,False,,,,,,,False,0,False,500000.0,971766.8640412913,0.0,reject_b_turnover_bucket_15_25,B额外过滤换手率分桶15_25。
A_plus_B_strict,20260511,NONE,NO_CANDIDATE,,,,,0.0,971766.8640412913,971766.8640412913,,,False,False,,,,,,,False,0,False,500000.0,971766.8640412913,0.0,reject_b_turnover_bucket_15_25,B额外过滤换手率分桶15_25。
A_plus_B_strict,20260512,NONE,NO_CANDIDATE,,,,,0.0,971766.8640412913,971766.8640412913,,,False,False,,,,,,,False,0,False,500000.0,971766.8640412913,0.0,reject_b_turnover_bucket_15_25,B额外过滤换手率分桶15_25。
A_plus_B_strict,20260513,NONE,NO_CANDIDATE,,,,,0.0,971766.8640412913,971766.8640412913,,,False,False,,,,,,,False,0,False,500000.0,971766.8640412913,0.0,reject_b_turnover_bucket_15_25,B额外过滤换手率分桶15_25。
A_plus_B_strict,20260514,NONE,NO_CANDIDATE,,,,,0.0,971766.8640412913,971766.8640412913,,,False,False,,,,,,,False,0,False,500000.0,971766.8640412913,0.0,reject_b_turnover_bucket_15_25,B额外过滤换手率分桶15_25。
A_plus_B_strict,20251112,NONE,NO_CANDIDATE,,,,,0.0,500000.0,500000.0,,,False,False,,,,,,,False,0,False,500000.0,500000.0,0.0,reject_b_amount_lt_800k,B额外过滤成交额字段amount<80万口径单位。
A_plus_B_strict,20251113,NONE,NO_CANDIDATE,,,,,0.0,500000.0,500000.0,,,False,False,,,,,,,False,0,False,500000.0,500000.0,0.0,reject_b_amount_lt_800k,B额外过滤成交额字段amount<80万口径单位。
A_plus_B_strict,20251114,NONE,NO_CANDIDATE,,,,,0.0,500000.0,500000.0,,,False,False,,,,,,,False,0,False,500000.0,500000.0,0.0,reject_b_amount_lt_800k,B额外过滤成交额字段amount<80万口径单位。
A_plus_B_strict,20251117,NONE,NO_CANDIDATE,,,,,0.0,500000.0,500000.0,,,False,False,,,,,,,False,0,False,500000.0,500000.0,0.0,reject_b_amount_lt_800k,B额外过滤成交额字段amount<80万口径单位。
A_plus_B_strict,20251118,NONE,NO_CANDIDATE,,,,,0.0,500000.0,500000.0,,,False,False,,,,,,,False,0,False,500000.0,500000.0,0.0,reject_b_amount_lt_800k,B额外过滤成交额字段amount<80万口径单位。
A_plus_B_strict,20251119,NONE,NO_CANDIDATE,,,,,0.0,500000.0,500000.0,,,False,False,,,,,,,False,0,False,500000.0,500000.0,0.0,reject_b_amount_lt_800k,B额外过滤成交额字段amount<80万口径单位。
A_plus_B_strict,20251120,A,HISTORICAL_SIM_FILLED,301092.SZ,争光股份,chi_next,无,-0.0505145833968012,500000.0,474742.7083015994,a_audit_dynamic_account_return,,False,False,,,,,,,False,0,False,500000.0,500000.0,-0.05051458339680115,reject_b_amount_lt_800k,B额外过滤成交额字段amount<80万口径单位。
A_plus_B_strict,20251121,A_OR_B,POSITION_OCCUPIED_SKIP,,,,,0.0,474742.7083015994,474742.7083015994,,301092.SZ 争光股份,False,False,,,,,,,False,0,False,500000.0,500000.0,-0.05051458339680115,reject_b_amount_lt_800k,B额外过滤成交额字段amount<80万口径单位。
A_plus_B_strict,20251124,NONE,NO_CANDIDATE,,,,,0.0,474742.7083015994,474742.7083015994,,,False,False,,,,,,,False,0,False,500000.0,500000.0,-0.05051458339680115,reject_b_amount_lt_800k,B额外过滤成交额字段amount<80万口径单位。
A_plus_B_strict,20251125,A,REVIEW_REQUIRED_PLAN_ONLY,301117.SZ,佳缘科技,chi_next,LOSS_OVERLAY_WATCH,0.0,474742.7083015994,474742.7083015994,manual_review_skip,,False,False,,,,,,,False,0,False,500000.0,500000.0,-0.05051458339680115,reject_b_amount_lt_800k,B额外过滤成交额字段amount<80万口径单位。
A_plus_B_strict,20251126,NONE,NO_CANDIDATE,,,,,0.0,474742.7083015994,474742.7083015994,,,False,False,,,,,,,False,0,False,500000.0,500000.0,-0.05051458339680115,reject_b_amount_lt_800k,B额外过滤成交额字段amount<80万口径单位。
A_plus_B_strict,20251127,NONE,NO_CANDIDATE,,,,,0.0,474742.7083015994,474742.7083015994,,,False,False,,,,,,,False,0,False,500000.0,500000.0,-0.05051458339680115,reject_b_amount_lt_800k,B额外过滤成交额字段amount<80万口径单位。
A_plus_B_strict,20251128,NONE,NO_CANDIDATE,,,,,0.0,474742.7083015994,474742.7083015994,,,False,False,,,,,,,False,0,False,500000.0,500000.0,-0.05051458339680115,reject_b_amount_lt_800k,B额外过滤成交额字段amount<80万口径单位。
A_plus_B_strict,20251201,B,HISTORICAL_SIM_FILLED,000078.SZ,海王生物,sz_main,无,0.14838169073032234,474742.7083015994,545185.834021283,b_conservative_daily_replay,,True,True,,,20251202,20251203,3.8037999999999994,4.515479999999999,False,0,False,500000.0,545185.834021283,0.0,reject_b_amount_lt_800k,B额外过滤成交额字段amount<80万口径单位。
A_plus_B_strict,20251202,A_OR_B,POSITION_OCCUPIED_SKIP,,,,,0.0,545185.834021283,545185.834021283,,000078.SZ 海王生物,False,False,,,,,,,False,0,False,500000.0,545185.834021283,0.0,reject_b_amount_lt_800k,B额外过滤成交额字段amount<80万口径单位。
A_plus_B_strict,20251203,NONE,NO_CANDIDATE,,,,,0.0,545185.834021283,545185.834021283,,,False,False,,,,,,,False,0,False,500000.0,545185.834021283,0.0,reject_b_amount_lt_800k,B额外过滤成交额字段amount<80万口径单位。
A_plus_B_strict,20251204,A,HISTORICAL_SIM_FILLED,300946.SZ,恒而达,chi_next,无,0.0291749495998269,545185.834021283,561091.6032513934,a_audit_dynamic_account_return,,False,False,,,,,,,False,0,False,500000.0,561091.6032513934,0.0,reject_b_amount_lt_800k,B额外过滤成交额字段amount<80万口径单位。
A_plus_B_strict,20251205,A_OR_B,POSITION_OCCUPIED_SKIP,,,,,0.0,561091.6032513934,561091.6032513934,,300946.SZ 恒而达,False,False,,,,,,,False,0,False,500000.0,561091.6032513934,0.0,reject_b_amount_lt_800k,B额外过滤成交额字段amount<80万口径单位。
A_plus_B_strict,20251208,NONE,NO_CANDIDATE,,,,,0.0,561091.6032513934,561091.6032513934,,,False,False,,,,,,,False,0,False,500000.0,561091.6032513934,0.0,reject_b_amount_lt_800k,B额外过滤成交额字段amount<80万口径单位。
A_plus_B_strict,20251209,NONE,NO_CANDIDATE,,,,,0.0,561091.6032513934,561091.6032513934,,,False,False,,,,,,,False,0,False,500000.0,561091.6032513934,0.0,reject_b_amount_lt_800k,B额外过滤成交额字段amount<80万口径单位。
A_plus_B_strict,20251210,NONE,NO_CANDIDATE,,,,,0.0,561091.6032513934,561091.6032513934,,,False,False,,,,,,,False,0,False,500000.0,561091.6032513934,0.0,reject_b_amount_lt_800k,B额外过滤成交额字段amount<80万口径单位。
A_plus_B_strict,20251211,NONE,NO_CANDIDATE,,,,,0.0,561091.6032513934,561091.6032513934,,,False,False,,,,,,,False,0,False,500000.0,561091.6032513934,0.0,reject_b_amount_lt_800k,B额外过滤成交额字段amount<80万口径单位。
A_plus_B_strict,20251212,A,HISTORICAL_SIM_FILLED,920576.BJ,天力复合,bj,无,0.181313377355646,561091.6032513934,662825.0168427977,a_audit_dynamic_account_return,,False,False,,,,,,,False,0,False,500000.0,662825.0168427977,0.0,reject_b_amount_lt_800k,B额外过滤成交额字段amount<80万口径单位。
A_plus_B_strict,20251215,A_OR_B,POSITION_OCCUPIED_SKIP,,,,,0.0,662825.0168427977,662825.0168427977,,920576.BJ 天力复合,False,False,,,,,,,False,0,False,500000.0,662825.0168427977,0.0,reject_b_amount_lt_800k,B额外过滤成交额字段amount<80万口径单位。
A_plus_B_strict,20251216,NONE,NO_CANDIDATE,,,,,0.0,662825.0168427977,662825.0168427977,,,False,False,,,,,,,False,0,False,500000.0,662825.0168427977,0.0,reject_b_amount_lt_800k,B额外过滤成交额字段amount<80万口径单位。
A_plus_B_strict,20251217,NONE,NO_CANDIDATE,,,,,0.0,662825.0168427977,662825.0168427977,,,False,False,,,,,,,False,0,False,500000.0,662825.0168427977,0.0,reject_b_amount_lt_800k,B额外过滤成交额字段amount<80万口径单位。
A_plus_B_strict,20251218,NONE,NO_CANDIDATE,,,,,0.0,662825.0168427977,662825.0168427977,,,False,False,,,,,,,False,0,False,500000.0,662825.0168427977,0.0,reject_b_amount_lt_800k,B额外过滤成交额字段amount<80万口径单位。
A_plus_B_strict,20251219,A,REVIEW_REQUIRED_PLAN_ONLY,300557.SZ,理工光科,chi_next,LOSS_OVERLAY_WATCH,0.0,662825.0168427977,662825.0168427977,manual_review_skip,,False,False,,,,,,,False,0,False,500000.0,662825.0168427977,0.0,reject_b_amount_lt_800k,B额外过滤成交额字段amount<80万口径单位。
A_plus_B_strict,20251222,NONE,NO_CANDIDATE,,,,,0.0,662825.0168427977,662825.0168427977,,,False,False,,,,,,,False,0,False,500000.0,662825.0168427977,0.0,reject_b_amount_lt_800k,B额外过滤成交额字段amount<80万口径单位。
A_plus_B_strict,20251223,NONE,NO_CANDIDATE,,,,,0.0,662825.0168427977,662825.0168427977,,,False,False,,,,,,,False,0,False,500000.0,662825.0168427977,0.0,reject_b_amount_lt_800k,B额外过滤成交额字段amount<80万口径单位。
A_plus_B_strict,20251224,NONE,NO_CANDIDATE,,,,,0.0,662825.0168427977,662825.0168427977,,,False,False,,,,,,,False,0,False,500000.0,662825.0168427977,0.0,reject_b_amount_lt_800k,B额外过滤成交额字段amount<80万口径单位。
A_plus_B_strict,20251225,NONE,NO_CANDIDATE,,,,,0.0,662825.0168427977,662825.0168427977,,,False,False,,,,,,,False,0,False,500000.0,662825.0168427977,0.0,reject_b_amount_lt_800k,B额外过滤成交额字段amount<80万口径单位。
A_plus_B_strict,20251226,NONE,NO_CANDIDATE,,,,,0.0,662825.0168427977,662825.0168427977,,,False,False,,,,,,,False,0,False,500000.0,662825.0168427977,0.0,reject_b_amount_lt_800k,B额外过滤成交额字段amount<80万口径单位。
A_plus_B_strict,20251229,NONE,NO_CANDIDATE,,,,,0.0,662825.0168427977,662825.0168427977,,,False,False,,,,,,,False,0,False,500000.0,662825.0168427977,0.0,reject_b_amount_lt_800k,B额外过滤成交额字段amount<80万口径单位。
A_plus_B_strict,20251230,NONE,NO_CANDIDATE,,,,,0.0,662825.0168427977,662825.0168427977,,,False,False,,,,,,,False,0,False,500000.0,662825.0168427977,0.0,reject_b_amount_lt_800k,B额外过滤成交额字段amount<80万口径单位。
A_plus_B_strict,20251231,A,HISTORICAL_SIM_FILLED,300058.SZ,蓝色光标,chi_next,无,0.1308549259970799,662825.0168427977,749558.9353707753,a_audit_dynamic_account_return,,False,False,,,,,,,False,0,False,500000.0,749558.9353707753,0.0,reject_b_amount_lt_800k,B额外过滤成交额字段amount<80万口径单位。
A_plus_B_strict,20260105,A_OR_B,POSITION_OCCUPIED_SKIP,,,,,0.0,749558.9353707753,749558.9353707753,,300058.SZ 蓝色光标,False,False,,,,,,,False,0,False,500000.0,749558.9353707753,0.0,reject_b_amount_lt_800k,B额外过滤成交额字段amount<80万口径单位。
A_plus_B_strict,20260106,B,HISTORICAL_SIM_FILLED,002865.SZ,钧达股份,sz_main,无,0.15860683400809739,749558.9353707753,868444.1050124142,b_conservative_daily_replay,,True,True,,,20260107,20260108,57.056999999999995,68.46147,False,0,False,500000.0,868444.1050124142,0.0,reject_b_amount_lt_800k,B额外过滤成交额字段amount<80万口径单位。
A_plus_B_strict,20260107,A_OR_B,POSITION_OCCUPIED_SKIP,,,,,0.0,868444.1050124142,868444.1050124142,,002865.SZ 钧达股份,False,False,,,,,,,False,0,False,500000.0,868444.1050124142,0.0,reject_b_amount_lt_800k,B额外过滤成交额字段amount<80万口径单位。
A_plus_B_strict,20260108,NONE,NO_CANDIDATE,,,,,0.0,868444.1050124142,868444.1050124142,,,False,False,,,,,,,False,0,False,500000.0,868444.1050124142,0.0,reject_b_amount_lt_800k,B额外过滤成交额字段amount<80万口径单位。
A_plus_B_strict,20260109,NONE,NO_CANDIDATE,,,,,0.0,868444.1050124142,868444.1050124142,,,False,False,,,,,,,False,0,False,500000.0,868444.1050124142,0.0,reject_b_amount_lt_800k,B额外过滤成交额字段amount<80万口径单位。
A_plus_B_strict,20260112,B,HISTORICAL_SIM_FILLED,603015.SH,弘讯科技,sh_main,无,-0.11390443845358572,868444.1050124142,769524.4669026483,b_conservative_daily_replay,,True,True,,,20260113,20260114,18.35834,15.774209999999998,False,0,False,500000.0,868444.1050124142,-0.11390443845358567,reject_b_amount_lt_800k,B额外过滤成交额字段amount<80万口径单位。
A_plus_B_strict,20260113,A_OR_B,POSITION_OCCUPIED_SKIP,,,,,0.0,769524.4669026483,769524.4669026483,,603015.SH 弘讯科技,False,False,,,,,,,False,0,False,500000.0,868444.1050124142,-0.11390443845358567,reject_b_amount_lt_800k,B额外过滤成交额字段amount<80万口径单位。
A_plus_B_strict,20260114,NONE,NO_CANDIDATE,,,,,0.0,769524.4669026483,769524.4669026483,,,False,False,,,,,,,False,0,False,500000.0,868444.1050124142,-0.11390443845358567,reject_b_amount_lt_800k,B额外过滤成交额字段amount<80万口径单位。
A_plus_B_strict,20260115,A,HISTORICAL_SIM_FILLED,301629.SZ,矽电股份,chi_next,无,-0.0338313603969523,769524.4669026483,743490.4073285923,a_audit_dynamic_account_return,,False,False,,,,,,,False,0,False,500000.0,868444.1050124142,-0.14388225674240218,reject_b_amount_lt_800k,B额外过滤成交额字段amount<80万口径单位。
A_plus_B_strict,20260116,A_OR_B,POSITION_OCCUPIED_SKIP,,,,,0.0,743490.4073285923,743490.4073285923,,301629.SZ 矽电股份,False,False,,,,,,,False,0,False,500000.0,868444.1050124142,-0.14388225674240218,reject_b_amount_lt_800k,B额外过滤成交额字段amount<80万口径单位。
A_plus_B_strict,20260119,A,HISTORICAL_SIM_FILLED,300658.SZ,延江股份,chi_next,无,0.0681174370165976,743490.4073285923,794135.0683222421,a_audit_dynamic_account_return,,False,False,,,,,,,False,0,False,500000.0,868444.1050124142,-0.08556571028726112,reject_b_amount_lt_800k,B额外过滤成交额字段amount<80万口径单位。
A_plus_B_strict,20260120,A_OR_B,POSITION_OCCUPIED_SKIP,,,,,0.0,794135.0683222421,794135.0683222421,,300658.SZ 延江股份,False,False,,,,,,,False,0,False,500000.0,868444.1050124142,-0.08556571028726112,reject_b_amount_lt_800k,B额外过滤成交额字段amount<80万口径单位。
A_plus_B_strict,20260121,NONE,NO_CANDIDATE,,,,,0.0,794135.0683222421,794135.0683222421,,,False,False,,,,,,,False,0,False,500000.0,868444.1050124142,-0.08556571028726112,reject_b_amount_lt_800k,B额外过滤成交额字段amount<80万口径单位。
A_plus_B_strict,20260122,NONE,NO_CANDIDATE,,,,,0.0,794135.0683222421,794135.0683222421,,,False,False,,,,,,,False,0,False,500000.0,868444.1050124142,-0.08556571028726112,reject_b_amount_lt_800k,B额外过滤成交额字段amount<80万口径单位。
A_plus_B_strict,20260123,A,HISTORICAL_SIM_FILLED,920368.BJ,连城数控,bj,无,0.1027727855059111,794135.0683222421,875750.5413616459,a_audit_dynamic_account_return,,False,False,,,,,,,False,0,False,500000.0,875750.5413616459,0.0,reject_b_amount_lt_800k,B额外过滤成交额字段amount<80万口径单位。
A_plus_B_strict,20260126,A_OR_B,POSITION_OCCUPIED_SKIP,,,,,0.0,875750.5413616459,875750.5413616459,,920368.BJ 连城数控,False,False,,,,,,,False,0,False,500000.0,875750.5413616459,0.0,reject_b_amount_lt_800k,B额外过滤成交额字段amount<80万口径单位。
A_plus_B_strict,20260127,NONE,NO_CANDIDATE,,,,,0.0,875750.5413616459,875750.5413616459,,,False,False,,,,,,,False,0,False,500000.0,875750.5413616459,0.0,reject_b_amount_lt_800k,B额外过滤成交额字段amount<80万口径单位。
A_plus_B_strict,20260128,A,HISTORICAL_SIM_FILLED,300164.SZ,通源石油,chi_next,无,0.0457725821591917,875750.5413616459,915835.9049670785,a_audit_dynamic_account_return,,False,False,,,,,,,False,0,False,500000.0,915835.9049670785,0.0,reject_b_amount_lt_800k,B额外过滤成交额字段amount<80万口径单位。
A_plus_B_strict,20260129,A_OR_B,POSITION_OCCUPIED_SKIP,,,,,0.0,915835.9049670785,915835.9049670785,,300164.SZ 通源石油,False,False,,,,,,,False,0,False,500000.0,915835.9049670785,0.0,reject_b_amount_lt_800k,B额外过滤成交额字段amount<80万口径单位。
A_plus_B_strict,20260130,NONE,NO_CANDIDATE,,,,,0.0,915835.9049670785,915835.9049670785,,,False,False,,,,,,,False,0,False,500000.0,915835.9049670785,0.0,reject_b_amount_lt_800k,B额外过滤成交额字段amount<80万口径单位。
A_plus_B_strict,20260202,NONE,NO_CANDIDATE,,,,,0.0,915835.9049670785,915835.9049670785,,,False,False,,,,,,,False,0,False,500000.0,915835.9049670785,0.0,reject_b_amount_lt_800k,B额外过滤成交额字段amount<80万口径单位。
A_plus_B_strict,20260203,NONE,NO_CANDIDATE,,,,,0.0,915835.9049670785,915835.9049670785,,,False,False,,,,,,,False,0,False,500000.0,915835.9049670785,0.0,reject_b_amount_lt_800k,B额外过滤成交额字段amount<80万口径单位。
A_plus_B_strict,20260204,NONE,NO_CANDIDATE,,,,,0.0,915835.9049670785,915835.9049670785,,,False,False,,,,,,,False,0,False,500000.0,915835.9049670785,0.0,reject_b_amount_lt_800k,B额外过滤成交额字段amount<80万口径单位。
A_plus_B_strict,20260205,NONE,NO_CANDIDATE,,,,,0.0,915835.9049670785,915835.9049670785,,,False,False,,,,,,,False,0,False,500000.0,915835.9049670785,0.0,reject_b_amount_lt_800k,B额外过滤成交额字段amount<80万口径单位。
A_plus_B_strict,20260206,NONE,NO_CANDIDATE,,,,,0.0,915835.9049670785,915835.9049670785,,,False,False,,,,,,,False,0,False,500000.0,915835.9049670785,0.0,reject_b_amount_lt_800k,B额外过滤成交额字段amount<80万口径单位。
A_plus_B_strict,20260209,NONE,NO_CANDIDATE,,,,,0.0,915835.9049670785,915835.9049670785,,,False,False,,,,,,,False,0,False,500000.0,915835.9049670785,0.0,reject_b_amount_lt_800k,B额外过滤成交额字段amount<80万口径单位。
A_plus_B_strict,20260210,NONE,NO_CANDIDATE,,,,,0.0,915835.9049670785,915835.9049670785,,,False,False,,,,,,,False,0,False,500000.0,915835.9049670785,0.0,reject_b_amount_lt_800k,B额外过滤成交额字段amount<80万口径单位。
A_plus_B_strict,20260211,NONE,NO_CANDIDATE,,,,,0.0,915835.9049670785,915835.9049670785,,,False,False,,,,,,,False,0,False,500000.0,915835.9049670785,0.0,reject_b_amount_lt_800k,B额外过滤成交额字段amount<80万口径单位。
A_plus_B_strict,20260212,NONE,NO_CANDIDATE,,,,,0.0,915835.9049670785,915835.9049670785,,,False,False,,,,,,,False,0,False,500000.0,915835.9049670785,0.0,reject_b_amount_lt_800k,B额外过滤成交额字段amount<80万口径单位。
A_plus_B_strict,20260213,NONE,NO_CANDIDATE,,,,,0.0,915835.9049670785,915835.9049670785,,,False,False,,,,,,,False,0,False,500000.0,915835.9049670785,0.0,reject_b_amount_lt_800k,B额外过滤成交额字段amount<80万口径单位。
A_plus_B_strict,20260224,NONE,NO_CANDIDATE,,,,,0.0,915835.9049670785,915835.9049670785,,,False,False,,,,,,,False,0,False,500000.0,915835.9049670785,0.0,reject_b_amount_lt_800k,B额外过滤成交额字段amount<80万口径单位。
A_plus_B_strict,20260225,NONE,NO_CANDIDATE,,,,,0.0,915835.9049670785,915835.9049670785,,,False,False,,,,,,,False,0,False,500000.0,915835.9049670785,0.0,reject_b_amount_lt_800k,B额外过滤成交额字段amount<80万口径单位。
A_plus_B_strict,20260226,A,HISTORICAL_SIM_FILLED,300499.SZ,高澜股份,chi_next,无,0.0193948880593092,915835.9049670785,933598.4398246111,a_audit_dynamic_account_return,,False,False,,,,,,,False,0,False,500000.0,933598.4398246111,0.0,reject_b_amount_lt_800k,B额外过滤成交额字段amount<80万口径单位。
A_plus_B_strict,20260227,A_OR_B,POSITION_OCCUPIED_SKIP,,,,,0.0,933598.4398246111,933598.4398246111,,300499.SZ 高澜股份,False,False,,,,,,,False,0,False,500000.0,933598.4398246111,0.0,reject_b_amount_lt_800k,B额外过滤成交额字段amount<80万口径单位。
A_plus_B_strict,20260302,NONE,NO_CANDIDATE,,,,,0.0,933598.4398246111,933598.4398246111,,,False,False,,,,,,,False,0,False,500000.0,933598.4398246111,0.0,reject_b_amount_lt_800k,B额外过滤成交额字段amount<80万口径单位。
A_plus_B_strict,20260303,NONE,NO_CANDIDATE,,,,,0.0,933598.4398246111,933598.4398246111,,,False,False,,,,,,,False,0,False,500000.0,933598.4398246111,0.0,reject_b_amount_lt_800k,B额外过滤成交额字段amount<80万口径单位。
A_plus_B_strict,20260304,NONE,NO_CANDIDATE,,,,,0.0,933598.4398246111,933598.4398246111,,,False,False,,,,,,,False,0,False,500000.0,933598.4398246111,0.0,reject_b_amount_lt_800k,B额外过滤成交额字段amount<80万口径单位。
A_plus_B_strict,20260305,NONE,NO_CANDIDATE,,,,,0.0,933598.4398246111,933598.4398246111,,,False,False,,,,,,,False,0,False,500000.0,933598.4398246111,0.0,reject_b_amount_lt_800k,B额外过滤成交额字段amount<80万口径单位。
A_plus_B_strict,20260306,NONE,NO_CANDIDATE,,,,,0.0,933598.4398246111,933598.4398246111,,,False,False,,,,,,,False,0,False,500000.0,933598.4398246111,0.0,reject_b_amount_lt_800k,B额外过滤成交额字段amount<80万口径单位。
A_plus_B_strict,20260309,A,REVIEW_REQUIRED_PLAN_ONLY,301606.SZ,绿联科技,chi_next,LOSS_OVERLAY_WATCH,0.0,933598.4398246111,933598.4398246111,manual_review_skip,,False,False,,,,,,,False,0,False,500000.0,933598.4398246111,0.0,reject_b_amount_lt_800k,B额外过滤成交额字段amount<80万口径单位。
A_plus_B_strict,20260310,NONE,NO_CANDIDATE,,,,,0.0,933598.4398246111,933598.4398246111,,,False,False,,,,,,,False,0,False,500000.0,933598.4398246111,0.0,reject_b_amount_lt_800k,B额外过滤成交额字段amount<80万口径单位。
A_plus_B_strict,20260311,B,HISTORICAL_SIM_FILLED,603778.SH,国晟科技,sh_main,无,-0.015549181976524854,933598.4398246111,919081.7477907785,b_conservative_daily_replay,,True,True,,,20260312,20260313,20.840819999999997,20.46951,False,0,False,500000.0,933598.4398246111,-0.015549181976524884,reject_b_amount_lt_800k,B额外过滤成交额字段amount<80万口径单位。
A_plus_B_strict,20260312,A_OR_B,POSITION_OCCUPIED_SKIP,,,,,0.0,919081.7477907785,919081.7477907785,,603778.SH 国晟科技,False,False,,,,,,,False,0,False,500000.0,933598.4398246111,-0.015549181976524884,reject_b_amount_lt_800k,B额外过滤成交额字段amount<80万口径单位。
A_plus_B_strict,20260313,B,HISTORICAL_SIM_FILLED,603248.SH,锡华科技,sh_main,无,0.14196793827778875,919081.7477907785,1049561.888633382,b_conservative_daily_replay,,True,True,,,20260316,20260317,28.908879999999996,34.085879999999996,False,0,False,500000.0,1049561.888633382,0.0,reject_b_amount_lt_800k,B额外过滤成交额字段amount<80万口径单位。
A_plus_B_strict,20260316,A_OR_B,POSITION_OCCUPIED_SKIP,,,,,0.0,1049561.888633382,1049561.888633382,,603248.SH 锡华科技,False,False,,,,,,,False,0,False,500000.0,1049561.888633382,0.0,reject_b_amount_lt_800k,B额外过滤成交额字段amount<80万口径单位。
A_plus_B_strict,20260317,NONE,NO_CANDIDATE,,,,,0.0,1049561.888633382,1049561.888633382,,,False,False,,,,,,,False,0,False,500000.0,1049561.888633382,0.0,reject_b_amount_lt_800k,B额外过滤成交额字段amount<80万口径单位。
A_plus_B_strict,20260318,NONE,NO_CANDIDATE,,,,,0.0,1049561.888633382,1049561.888633382,,,False,False,,,,,,,False,0,False,500000.0,1049561.888633382,0.0,reject_b_amount_lt_800k,B额外过滤成交额字段amount<80万口径单位。
A_plus_B_strict,20260319,NONE,NO_CANDIDATE,,,,,0.0,1049561.888633382,1049561.888633382,,,False,False,,,,,,,False,0,False,500000.0,1049561.888633382,0.0,reject_b_amount_lt_800k,B额外过滤成交额字段amount<80万口径单位。
A_plus_B_strict,20260320,NONE,NO_CANDIDATE,,,,,0.0,1049561.888633382,1049561.888633382,,,False,False,,,,,,,False,0,False,500000.0,1049561.888633382,0.0,reject_b_amount_lt_800k,B额外过滤成交额字段amount<80万口径单位。
A_plus_B_strict,20260323,NONE,NO_CANDIDATE,,,,,0.0,1049561.888633382,1049561.888633382,,,False,False,,,,,,,False,0,False,500000.0,1049561.888633382,0.0,reject_b_amount_lt_800k,B额外过滤成交额字段amount<80万口径单位。
A_plus_B_strict,20260324,B,HISTORICAL_SIM_FILLED,601016.SH,节能风电,sh_main,无,0.05001172841616214,1049561.888633382,1102052.2927636688,b_conservative_daily_replay,,True,True,,,20260325,20260326,4.98498,5.30469,False,0,False,500000.0,1102052.2927636688,0.0,reject_b_amount_lt_800k,B额外过滤成交额字段amount<80万口径单位。
A_plus_B_strict,20260325,A_OR_B,POSITION_OCCUPIED_SKIP,,,,,0.0,1102052.2927636688,1102052.2927636688,,601016.SH 节能风电,False,False,,,,,,,False,0,False,500000.0,1102052.2927636688,0.0,reject_b_amount_lt_800k,B额外过滤成交额字段amount<80万口径单位。
A_plus_B_strict,20260326,NONE,NO_CANDIDATE,,,,,0.0,1102052.2927636688,1102052.2927636688,,,False,False,,,,,,,False,0,False,500000.0,1102052.2927636688,0.0,reject_b_amount_lt_800k,B额外过滤成交额字段amount<80万口径单位。
A_plus_B_strict,20260327,A,HISTORICAL_SIM_FILLED,300204.SZ,舒泰神,chi_next,无,0.0397618491523106,1102052.2927636688,1145871.9297864959,a_audit_dynamic_account_return,,False,False,,,,,,,False,0,False,500000.0,1145871.9297864959,0.0,reject_b_amount_lt_800k,B额外过滤成交额字段amount<80万口径单位。
A_plus_B_strict,20260330,A_OR_B,POSITION_OCCUPIED_SKIP,,,,,0.0,1145871.9297864959,1145871.9297864959,,300204.SZ 舒泰神,False,False,,,,,,,False,0,False,500000.0,1145871.9297864959,0.0,reject_b_amount_lt_800k,B额外过滤成交额字段amount<80万口径单位。
A_plus_B_strict,20260331,NONE,NO_CANDIDATE,,,,,0.0,1145871.9297864959,1145871.9297864959,,,False,False,,,,,,,False,0,False,500000.0,1145871.9297864959,0.0,reject_b_amount_lt_800k,B额外过滤成交额字段amount<80万口径单位。
A_plus_B_strict,20260401,NONE,NO_CANDIDATE,,,,,0.0,1145871.9297864959,1145871.9297864959,,,False,False,,,,,,,False,0,False,500000.0,1145871.9297864959,0.0,reject_b_amount_lt_800k,B额外过滤成交额字段amount<80万口径单位。
A_plus_B_strict,20260402,NONE,NO_CANDIDATE,,,,,0.0,1145871.9297864959,1145871.9297864959,,,False,False,,,,,,,False,0,False,500000.0,1145871.9297864959,0.0,reject_b_amount_lt_800k,B额外过滤成交额字段amount<80万口径单位。
A_plus_B_strict,20260403,NONE,NO_CANDIDATE,,,,,0.0,1145871.9297864959,1145871.9297864959,,,False,False,,,,,,,False,0,False,500000.0,1145871.9297864959,0.0,reject_b_amount_lt_800k,B额外过滤成交额字段amount<80万口径单位。
A_plus_B_strict,20260407,NONE,NO_CANDIDATE,,,,,0.0,1145871.9297864959,1145871.9297864959,,,False,False,,,,,,,False,0,False,500000.0,1145871.9297864959,0.0,reject_b_amount_lt_800k,B额外过滤成交额字段amount<80万口径单位。
A_plus_B_strict,20260408,B,HISTORICAL_SIM_FILLED,603083.SH,剑桥科技,sh_main,无,0.02050690266715481,1145871.9297864959,1169370.2139196522,b_conservative_daily_replay,,True,True,,,20260409,20260410,113.04293,116.12375999999999,False,0,False,500000.0,1169370.2139196522,0.0,reject_b_amount_lt_800k,B额外过滤成交额字段amount<80万口径单位。
A_plus_B_strict,20260409,A_OR_B,POSITION_OCCUPIED_SKIP,,,,,0.0,1169370.2139196522,1169370.2139196522,,603083.SH 剑桥科技,False,False,,,,,,,False,0,False,500000.0,1169370.2139196522,0.0,reject_b_amount_lt_800k,B额外过滤成交额字段amount<80万口径单位。
A_plus_B_strict,20260410,NONE,NO_CANDIDATE,,,,,0.0,1169370.2139196522,1169370.2139196522,,,False,False,,,,,,,False,0,False,500000.0,1169370.2139196522,0.0,reject_b_amount_lt_800k,B额外过滤成交额字段amount<80万口径单位。
A_plus_B_strict,20260413,B,HISTORICAL_SIM_FILLED,000968.SZ,蓝焰控股,sz_main,无,-0.049626241187383915,1169370.2139196522,1111338.7656463329,b_conservative_daily_replay,,True,True,,,20260414,20260415,10.090079999999999,9.48051,False,0,False,500000.0,1169370.2139196522,-0.04962624118738379,reject_b_amount_lt_800k,B额外过滤成交额字段amount<80万口径单位。
A_plus_B_strict,20260414,A_OR_B,POSITION_OCCUPIED_SKIP,,,,,0.0,1111338.7656463329,1111338.7656463329,,000968.SZ 蓝焰控股,False,False,,,,,,,False,0,False,500000.0,1169370.2139196522,-0.04962624118738379,reject_b_amount_lt_800k,B额外过滤成交额字段amount<80万口径单位。
A_plus_B_strict,20260415,NONE,NO_CANDIDATE,,,,,0.0,1111338.7656463329,1111338.7656463329,,,False,False,,,,,,,False,0,False,500000.0,1169370.2139196522,-0.04962624118738379,reject_b_amount_lt_800k,B额外过滤成交额字段amount<80万口径单位。
A_plus_B_strict,20260416,B,HISTORICAL_SIM_FILLED,603220.SH,中贝通信,sh_main,无,-0.04408957006629736,1111338.7656463329,1062340.3172709765,b_conservative_daily_replay,,True,True,,,20260417,20260420,32.59256,30.84912,False,0,False,500000.0,1169370.2139196522,-0.09152781161572299,reject_b_amount_lt_800k,B额外过滤成交额字段amount<80万口径单位。
A_plus_B_strict,20260417,A_OR_B,POSITION_OCCUPIED_SKIP,,,,,0.0,1062340.3172709765,1062340.3172709765,,603220.SH 中贝通信,False,False,,,,,,,False,0,False,500000.0,1169370.2139196522,-0.09152781161572299,reject_b_amount_lt_800k,B额外过滤成交额字段amount<80万口径单位。
A_plus_B_strict,20260420,NONE,NO_CANDIDATE,,,,,0.0,1062340.3172709765,1062340.3172709765,,,False,False,,,,,,,False,0,False,500000.0,1169370.2139196522,-0.09152781161572299,reject_b_amount_lt_800k,B额外过滤成交额字段amount<80万口径单位。
A_plus_B_strict,20260421,NONE,NO_CANDIDATE,,,,,0.0,1062340.3172709765,1062340.3172709765,,,False,False,,,,,,,False,0,False,500000.0,1169370.2139196522,-0.09152781161572299,reject_b_amount_lt_800k,B额外过滤成交额字段amount<80万口径单位。
A_plus_B_strict,20260422,NONE,NO_CANDIDATE,,,,,0.0,1062340.3172709765,1062340.3172709765,,,False,False,,,,,,,False,0,False,500000.0,1169370.2139196522,-0.09152781161572299,reject_b_amount_lt_800k,B额外过滤成交额字段amount<80万口径单位。
A_plus_B_strict,20260423,NONE,NO_CANDIDATE,,,,,0.0,1062340.3172709765,1062340.3172709765,,,False,False,,,,,,,False,0,False,500000.0,1169370.2139196522,-0.09152781161572299,reject_b_amount_lt_800k,B额外过滤成交额字段amount<80万口径单位。
A_plus_B_strict,20260424,NONE,NO_CANDIDATE,,,,,0.0,1062340.3172709765,1062340.3172709765,,,False,False,,,,,,,False,0,False,500000.0,1169370.2139196522,-0.09152781161572299,reject_b_amount_lt_800k,B额外过滤成交额字段amount<80万口径单位。
A_plus_B_strict,20260427,NONE,NO_CANDIDATE,,,,,0.0,1062340.3172709765,1062340.3172709765,,,False,False,,,,,,,False,0,False,500000.0,1169370.2139196522,-0.09152781161572299,reject_b_amount_lt_800k,B额外过滤成交额字段amount<80万口径单位。
A_plus_B_strict,20260428,NONE,NO_CANDIDATE,,,,,0.0,1062340.3172709765,1062340.3172709765,,,False,False,,,,,,,False,0,False,500000.0,1169370.2139196522,-0.09152781161572299,reject_b_amount_lt_800k,B额外过滤成交额字段amount<80万口径单位。
A_plus_B_strict,20260429,NONE,NO_CANDIDATE,,,,,0.0,1062340.3172709765,1062340.3172709765,,,False,False,,,,,,,False,0,False,500000.0,1169370.2139196522,-0.09152781161572299,reject_b_amount_lt_800k,B额外过滤成交额字段amount<80万口径单位。
A_plus_B_strict,20260430,NONE,NO_CANDIDATE,,,,,0.0,1062340.3172709765,1062340.3172709765,,,False,False,,,,,,,False,0,False,500000.0,1169370.2139196522,-0.09152781161572299,reject_b_amount_lt_800k,B额外过滤成交额字段amount<80万口径单位。
A_plus_B_strict,20260506,NONE,NO_CANDIDATE,,,,,0.0,1062340.3172709765,1062340.3172709765,,,False,False,,,,,,,False,0,False,500000.0,1169370.2139196522,-0.09152781161572299,reject_b_amount_lt_800k,B额外过滤成交额字段amount<80万口径单位。
A_plus_B_strict,20260507,B,HISTORICAL_SIM_FILLED,603256.SH,宏和科技,sh_main,无,0.02464048591717308,1062340.3172709765,1088516.8988979373,b_conservative_daily_replay,,True,True,,,20260508,20260511,145.12497999999997,149.83002,False,0,False,500000.0,1169370.2139196522,-0.06914261545169675,reject_b_amount_lt_800k,B额外过滤成交额字段amount<80万口径单位。
A_plus_B_strict,20260508,A_OR_B,POSITION_OCCUPIED_SKIP,,,,,0.0,1088516.8988979373,1088516.8988979373,,603256.SH 宏和科技,False,False,,,,,,,False,0,False,500000.0,1169370.2139196522,-0.06914261545169675,reject_b_amount_lt_800k,B额外过滤成交额字段amount<80万口径单位。
A_plus_B_strict,20260511,NONE,NO_CANDIDATE,,,,,0.0,1088516.8988979373,1088516.8988979373,,,False,False,,,,,,,False,0,False,500000.0,1169370.2139196522,-0.06914261545169675,reject_b_amount_lt_800k,B额外过滤成交额字段amount<80万口径单位。
A_plus_B_strict,20260512,NONE,NO_CANDIDATE,,,,,0.0,1088516.8988979373,1088516.8988979373,,,False,False,,,,,,,False,0,False,500000.0,1169370.2139196522,-0.06914261545169675,reject_b_amount_lt_800k,B额外过滤成交额字段amount<80万口径单位。
A_plus_B_strict,20260513,NONE,NO_CANDIDATE,,,,,0.0,1088516.8988979373,1088516.8988979373,,,False,False,,,,,,,False,0,False,500000.0,1169370.2139196522,-0.06914261545169675,reject_b_amount_lt_800k,B额外过滤成交额字段amount<80万口径单位。
A_plus_B_strict,20260514,NONE,NO_CANDIDATE,,,,,0.0,1088516.8988979373,1088516.8988979373,,,False,False,,,,,,,False,0,False,500000.0,1169370.2139196522,-0.06914261545169675,reject_b_amount_lt_800k,B额外过滤成交额字段amount<80万口径单位。
A_plus_B_strict,20251112,NONE,NO_CANDIDATE,,,,,0.0,500000.0,500000.0,,,False,False,,,,,,,False,0,False,500000.0,500000.0,0.0,reject_b_retreat_warming_2day,B额外过滤retreat_state_bucket=warming_2day。
A_plus_B_strict,20251113,NONE,NO_CANDIDATE,,,,,0.0,500000.0,500000.0,,,False,False,,,,,,,False,0,False,500000.0,500000.0,0.0,reject_b_retreat_warming_2day,B额外过滤retreat_state_bucket=warming_2day。
A_plus_B_strict,20251114,NONE,NO_CANDIDATE,,,,,0.0,500000.0,500000.0,,,False,False,,,,,,,False,0,False,500000.0,500000.0,0.0,reject_b_retreat_warming_2day,B额外过滤retreat_state_bucket=warming_2day。
A_plus_B_strict,20251117,NONE,NO_CANDIDATE,,,,,0.0,500000.0,500000.0,,,False,False,,,,,,,False,0,False,500000.0,500000.0,0.0,reject_b_retreat_warming_2day,B额外过滤retreat_state_bucket=warming_2day。
A_plus_B_strict,20251118,NONE,NO_CANDIDATE,,,,,0.0,500000.0,500000.0,,,False,False,,,,,,,False,0,False,500000.0,500000.0,0.0,reject_b_retreat_warming_2day,B额外过滤retreat_state_bucket=warming_2day。
A_plus_B_strict,20251119,NONE,NO_CANDIDATE,,,,,0.0,500000.0,500000.0,,,False,False,,,,,,,False,0,False,500000.0,500000.0,0.0,reject_b_retreat_warming_2day,B额外过滤retreat_state_bucket=warming_2day。
A_plus_B_strict,20251120,A,HISTORICAL_SIM_FILLED,301092.SZ,争光股份,chi_next,无,-0.0505145833968012,500000.0,474742.7083015994,a_audit_dynamic_account_return,,False,False,,,,,,,False,0,False,500000.0,500000.0,-0.05051458339680115,reject_b_retreat_warming_2day,B额外过滤retreat_state_bucket=warming_2day。
A_plus_B_strict,20251121,A_OR_B,POSITION_OCCUPIED_SKIP,,,,,0.0,474742.7083015994,474742.7083015994,,301092.SZ 争光股份,False,False,,,,,,,False,0,False,500000.0,500000.0,-0.05051458339680115,reject_b_retreat_warming_2day,B额外过滤retreat_state_bucket=warming_2day。
A_plus_B_strict,20251124,NONE,NO_CANDIDATE,,,,,0.0,474742.7083015994,474742.7083015994,,,False,False,,,,,,,False,0,False,500000.0,500000.0,-0.05051458339680115,reject_b_retreat_warming_2day,B额外过滤retreat_state_bucket=warming_2day。
A_plus_B_strict,20251125,A,REVIEW_REQUIRED_PLAN_ONLY,301117.SZ,佳缘科技,chi_next,LOSS_OVERLAY_WATCH,0.0,474742.7083015994,474742.7083015994,manual_review_skip,,False,False,,,,,,,False,0,False,500000.0,500000.0,-0.05051458339680115,reject_b_retreat_warming_2day,B额外过滤retreat_state_bucket=warming_2day。
A_plus_B_strict,20251126,NONE,NO_CANDIDATE,,,,,0.0,474742.7083015994,474742.7083015994,,,False,False,,,,,,,False,0,False,500000.0,500000.0,-0.05051458339680115,reject_b_retreat_warming_2day,B额外过滤retreat_state_bucket=warming_2day。
A_plus_B_strict,20251127,NONE,NO_CANDIDATE,,,,,0.0,474742.7083015994,474742.7083015994,,,False,False,,,,,,,False,0,False,500000.0,500000.0,-0.05051458339680115,reject_b_retreat_warming_2day,B额外过滤retreat_state_bucket=warming_2day。
A_plus_B_strict,20251128,NONE,NO_CANDIDATE,,,,,0.0,474742.7083015994,474742.7083015994,,,False,False,,,,,,,False,0,False,500000.0,500000.0,-0.05051458339680115,reject_b_retreat_warming_2day,B额外过滤retreat_state_bucket=warming_2day。
A_plus_B_strict,20251201,B,HISTORICAL_SIM_FILLED,000078.SZ,海王生物,sz_main,无,0.14838169073032234,474742.7083015994,545185.834021283,b_conservative_daily_replay,,True,True,,,20251202,20251203,3.8037999999999994,4.515479999999999,False,0,False,500000.0,545185.834021283,0.0,reject_b_retreat_warming_2day,B额外过滤retreat_state_bucket=warming_2day。
A_plus_B_strict,20251202,A_OR_B,POSITION_OCCUPIED_SKIP,,,,,0.0,545185.834021283,545185.834021283,,000078.SZ 海王生物,False,False,,,,,,,False,0,False,500000.0,545185.834021283,0.0,reject_b_retreat_warming_2day,B额外过滤retreat_state_bucket=warming_2day。
A_plus_B_strict,20251203,NONE,NO_CANDIDATE,,,,,0.0,545185.834021283,545185.834021283,,,False,False,,,,,,,False,0,False,500000.0,545185.834021283,0.0,reject_b_retreat_warming_2day,B额外过滤retreat_state_bucket=warming_2day。
A_plus_B_strict,20251204,A,HISTORICAL_SIM_FILLED,300946.SZ,恒而达,chi_next,无,0.0291749495998269,545185.834021283,561091.6032513934,a_audit_dynamic_account_return,,False,False,,,,,,,False,0,False,500000.0,561091.6032513934,0.0,reject_b_retreat_warming_2day,B额外过滤retreat_state_bucket=warming_2day。
A_plus_B_strict,20251205,A_OR_B,POSITION_OCCUPIED_SKIP,,,,,0.0,561091.6032513934,561091.6032513934,,300946.SZ 恒而达,False,False,,,,,,,False,0,False,500000.0,561091.6032513934,0.0,reject_b_retreat_warming_2day,B额外过滤retreat_state_bucket=warming_2day。
A_plus_B_strict,20251208,NONE,NO_CANDIDATE,,,,,0.0,561091.6032513934,561091.6032513934,,,False,False,,,,,,,False,0,False,500000.0,561091.6032513934,0.0,reject_b_retreat_warming_2day,B额外过滤retreat_state_bucket=warming_2day。
A_plus_B_strict,20251209,NONE,NO_CANDIDATE,,,,,0.0,561091.6032513934,561091.6032513934,,,False,False,,,,,,,False,0,False,500000.0,561091.6032513934,0.0,reject_b_retreat_warming_2day,B额外过滤retreat_state_bucket=warming_2day。
A_plus_B_strict,20251210,NONE,NO_CANDIDATE,,,,,0.0,561091.6032513934,561091.6032513934,,,False,False,,,,,,,False,0,False,500000.0,561091.6032513934,0.0,reject_b_retreat_warming_2day,B额外过滤retreat_state_bucket=warming_2day。
A_plus_B_strict,20251211,NONE,NO_CANDIDATE,,,,,0.0,561091.6032513934,561091.6032513934,,,False,False,,,,,,,False,0,False,500000.0,561091.6032513934,0.0,reject_b_retreat_warming_2day,B额外过滤retreat_state_bucket=warming_2day。
A_plus_B_strict,20251212,A,HISTORICAL_SIM_FILLED,920576.BJ,天力复合,bj,无,0.181313377355646,561091.6032513934,662825.0168427977,a_audit_dynamic_account_return,,False,False,,,,,,,False,0,False,500000.0,662825.0168427977,0.0,reject_b_retreat_warming_2day,B额外过滤retreat_state_bucket=warming_2day。
A_plus_B_strict,20251215,A_OR_B,POSITION_OCCUPIED_SKIP,,,,,0.0,662825.0168427977,662825.0168427977,,920576.BJ 天力复合,False,False,,,,,,,False,0,False,500000.0,662825.0168427977,0.0,reject_b_retreat_warming_2day,B额外过滤retreat_state_bucket=warming_2day。
A_plus_B_strict,20251216,NONE,NO_CANDIDATE,,,,,0.0,662825.0168427977,662825.0168427977,,,False,False,,,,,,,False,0,False,500000.0,662825.0168427977,0.0,reject_b_retreat_warming_2day,B额外过滤retreat_state_bucket=warming_2day。
A_plus_B_strict,20251217,NONE,NO_CANDIDATE,,,,,0.0,662825.0168427977,662825.0168427977,,,False,False,,,,,,,False,0,False,500000.0,662825.0168427977,0.0,reject_b_retreat_warming_2day,B额外过滤retreat_state_bucket=warming_2day。
A_plus_B_strict,20251218,NONE,NO_CANDIDATE,,,,,0.0,662825.0168427977,662825.0168427977,,,False,False,,,,,,,False,0,False,500000.0,662825.0168427977,0.0,reject_b_retreat_warming_2day,B额外过滤retreat_state_bucket=warming_2day。
A_plus_B_strict,20251219,A,REVIEW_REQUIRED_PLAN_ONLY,300557.SZ,理工光科,chi_next,LOSS_OVERLAY_WATCH,0.0,662825.0168427977,662825.0168427977,manual_review_skip,,False,False,,,,,,,False,0,False,500000.0,662825.0168427977,0.0,reject_b_retreat_warming_2day,B额外过滤retreat_state_bucket=warming_2day。
A_plus_B_strict,20251222,NONE,NO_CANDIDATE,,,,,0.0,662825.0168427977,662825.0168427977,,,False,False,,,,,,,False,0,False,500000.0,662825.0168427977,0.0,reject_b_retreat_warming_2day,B额外过滤retreat_state_bucket=warming_2day。
A_plus_B_strict,20251223,NONE,NO_CANDIDATE,,,,,0.0,662825.0168427977,662825.0168427977,,,False,False,,,,,,,False,0,False,500000.0,662825.0168427977,0.0,reject_b_retreat_warming_2day,B额外过滤retreat_state_bucket=warming_2day。
A_plus_B_strict,20251224,NONE,NO_CANDIDATE,,,,,0.0,662825.0168427977,662825.0168427977,,,False,False,,,,,,,False,0,False,500000.0,662825.0168427977,0.0,reject_b_retreat_warming_2day,B额外过滤retreat_state_bucket=warming_2day。
A_plus_B_strict,20251225,NONE,NO_CANDIDATE,,,,,0.0,662825.0168427977,662825.0168427977,,,False,False,,,,,,,False,0,False,500000.0,662825.0168427977,0.0,reject_b_retreat_warming_2day,B额外过滤retreat_state_bucket=warming_2day。
A_plus_B_strict,20251226,NONE,NO_CANDIDATE,,,,,0.0,662825.0168427977,662825.0168427977,,,False,False,,,,,,,False,0,False,500000.0,662825.0168427977,0.0,reject_b_retreat_warming_2day,B额外过滤retreat_state_bucket=warming_2day。
A_plus_B_strict,20251229,NONE,NO_CANDIDATE,,,,,0.0,662825.0168427977,662825.0168427977,,,False,False,,,,,,,False,0,False,500000.0,662825.0168427977,0.0,reject_b_retreat_warming_2day,B额外过滤retreat_state_bucket=warming_2day。
A_plus_B_strict,20251230,NONE,NO_CANDIDATE,,,,,0.0,662825.0168427977,662825.0168427977,,,False,False,,,,,,,False,0,False,500000.0,662825.0168427977,0.0,reject_b_retreat_warming_2day,B额外过滤retreat_state_bucket=warming_2day。
A_plus_B_strict,20251231,A,HISTORICAL_SIM_FILLED,300058.SZ,蓝色光标,chi_next,无,0.1308549259970799,662825.0168427977,749558.9353707753,a_audit_dynamic_account_return,,False,False,,,,,,,False,0,False,500000.0,749558.9353707753,0.0,reject_b_retreat_warming_2day,B额外过滤retreat_state_bucket=warming_2day。
A_plus_B_strict,20260105,A_OR_B,POSITION_OCCUPIED_SKIP,,,,,0.0,749558.9353707753,749558.9353707753,,300058.SZ 蓝色光标,False,False,,,,,,,False,0,False,500000.0,749558.9353707753,0.0,reject_b_retreat_warming_2day,B额外过滤retreat_state_bucket=warming_2day。
A_plus_B_strict,20260106,NONE,NO_CANDIDATE,,,,,0.0,749558.9353707753,749558.9353707753,,,False,False,,,,,,,False,0,False,500000.0,749558.9353707753,0.0,reject_b_retreat_warming_2day,B额外过滤retreat_state_bucket=warming_2day。
A_plus_B_strict,20260107,NONE,NO_CANDIDATE,,,,,0.0,749558.9353707753,749558.9353707753,,,False,False,,,,,,,False,0,False,500000.0,749558.9353707753,0.0,reject_b_retreat_warming_2day,B额外过滤retreat_state_bucket=warming_2day。
A_plus_B_strict,20260108,NONE,NO_CANDIDATE,,,,,0.0,749558.9353707753,749558.9353707753,,,False,False,,,,,,,False,0,False,500000.0,749558.9353707753,0.0,reject_b_retreat_warming_2day,B额外过滤retreat_state_bucket=warming_2day。
A_plus_B_strict,20260109,NONE,NO_CANDIDATE,,,,,0.0,749558.9353707753,749558.9353707753,,,False,False,,,,,,,False,0,False,500000.0,749558.9353707753,0.0,reject_b_retreat_warming_2day,B额外过滤retreat_state_bucket=warming_2day。
A_plus_B_strict,20260112,NONE,NO_CANDIDATE,,,,,0.0,749558.9353707753,749558.9353707753,,,False,False,,,,,,,False,0,False,500000.0,749558.9353707753,0.0,reject_b_retreat_warming_2day,B额外过滤retreat_state_bucket=warming_2day。
A_plus_B_strict,20260113,NONE,NO_CANDIDATE,,,,,0.0,749558.9353707753,749558.9353707753,,,False,False,,,,,,,False,0,False,500000.0,749558.9353707753,0.0,reject_b_retreat_warming_2day,B额外过滤retreat_state_bucket=warming_2day。
A_plus_B_strict,20260114,NONE,NO_CANDIDATE,,,,,0.0,749558.9353707753,749558.9353707753,,,False,False,,,,,,,False,0,False,500000.0,749558.9353707753,0.0,reject_b_retreat_warming_2day,B额外过滤retreat_state_bucket=warming_2day。
A_plus_B_strict,20260115,A,HISTORICAL_SIM_FILLED,301629.SZ,矽电股份,chi_next,无,-0.0338313603969523,749558.9353707753,724200.3368894907,a_audit_dynamic_account_return,,False,False,,,,,,,False,0,False,500000.0,749558.9353707753,-0.03383136039695234,reject_b_retreat_warming_2day,B额外过滤retreat_state_bucket=warming_2day。
A_plus_B_strict,20260116,A_OR_B,POSITION_OCCUPIED_SKIP,,,,,0.0,724200.3368894907,724200.3368894907,,301629.SZ 矽电股份,False,False,,,,,,,False,0,False,500000.0,749558.9353707753,-0.03383136039695234,reject_b_retreat_warming_2day,B额外过滤retreat_state_bucket=warming_2day。
A_plus_B_strict,20260119,A,HISTORICAL_SIM_FILLED,300658.SZ,延江股份,chi_next,无,0.0681174370165976,724200.3368894907,773531.0077249593,a_audit_dynamic_account_return,,False,False,,,,,,,False,0,False,500000.0,773531.0077249593,0.0,reject_b_retreat_warming_2day,B额外过滤retreat_state_bucket=warming_2day。
A_plus_B_strict,20260120,A_OR_B,POSITION_OCCUPIED_SKIP,,,,,0.0,773531.0077249593,773531.0077249593,,300658.SZ 延江股份,False,False,,,,,,,False,0,False,500000.0,773531.0077249593,0.0,reject_b_retreat_warming_2day,B额外过滤retreat_state_bucket=warming_2day。
A_plus_B_strict,20260121,NONE,NO_CANDIDATE,,,,,0.0,773531.0077249593,773531.0077249593,,,False,False,,,,,,,False,0,False,500000.0,773531.0077249593,0.0,reject_b_retreat_warming_2day,B额外过滤retreat_state_bucket=warming_2day。
A_plus_B_strict,20260122,NONE,NO_CANDIDATE,,,,,0.0,773531.0077249593,773531.0077249593,,,False,False,,,,,,,False,0,False,500000.0,773531.0077249593,0.0,reject_b_retreat_warming_2day,B额外过滤retreat_state_bucket=warming_2day。
A_plus_B_strict,20260123,A,HISTORICAL_SIM_FILLED,920368.BJ,连城数控,bj,无,0.1027727855059111,773531.0077249593,853028.9440640478,a_audit_dynamic_account_return,,False,False,,,,,,,False,0,False,500000.0,853028.9440640478,0.0,reject_b_retreat_warming_2day,B额外过滤retreat_state_bucket=warming_2day。
A_plus_B_strict,20260126,A_OR_B,POSITION_OCCUPIED_SKIP,,,,,0.0,853028.9440640478,853028.9440640478,,920368.BJ 连城数控,False,False,,,,,,,False,0,False,500000.0,853028.9440640478,0.0,reject_b_retreat_warming_2day,B额外过滤retreat_state_bucket=warming_2day。
A_plus_B_strict,20260127,NONE,NO_CANDIDATE,,,,,0.0,853028.9440640478,853028.9440640478,,,False,False,,,,,,,False,0,False,500000.0,853028.9440640478,0.0,reject_b_retreat_warming_2day,B额外过滤retreat_state_bucket=warming_2day。
A_plus_B_strict,20260128,A,HISTORICAL_SIM_FILLED,300164.SZ,通源石油,chi_next,无,0.0457725821591917,853028.9440640478,892074.2814903879,a_audit_dynamic_account_return,,False,False,,,,,,,False,0,False,500000.0,892074.2814903879,0.0,reject_b_retreat_warming_2day,B额外过滤retreat_state_bucket=warming_2day。
A_plus_B_strict,20260129,A_OR_B,POSITION_OCCUPIED_SKIP,,,,,0.0,892074.2814903879,892074.2814903879,,300164.SZ 通源石油,False,False,,,,,,,False,0,False,500000.0,892074.2814903879,0.0,reject_b_retreat_warming_2day,B额外过滤retreat_state_bucket=warming_2day。
A_plus_B_strict,20260130,NONE,NO_CANDIDATE,,,,,0.0,892074.2814903879,892074.2814903879,,,False,False,,,,,,,False,0,False,500000.0,892074.2814903879,0.0,reject_b_retreat_warming_2day,B额外过滤retreat_state_bucket=warming_2day。
A_plus_B_strict,20260202,NONE,NO_CANDIDATE,,,,,0.0,892074.2814903879,892074.2814903879,,,False,False,,,,,,,False,0,False,500000.0,892074.2814903879,0.0,reject_b_retreat_warming_2day,B额外过滤retreat_state_bucket=warming_2day。
A_plus_B_strict,20260203,NONE,NO_CANDIDATE,,,,,0.0,892074.2814903879,892074.2814903879,,,False,False,,,,,,,False,0,False,500000.0,892074.2814903879,0.0,reject_b_retreat_warming_2day,B额外过滤retreat_state_bucket=warming_2day。
A_plus_B_strict,20260204,NONE,NO_CANDIDATE,,,,,0.0,892074.2814903879,892074.2814903879,,,False,False,,,,,,,False,0,False,500000.0,892074.2814903879,0.0,reject_b_retreat_warming_2day,B额外过滤retreat_state_bucket=warming_2day。
A_plus_B_strict,20260205,NONE,NO_CANDIDATE,,,,,0.0,892074.2814903879,892074.2814903879,,,False,False,,,,,,,False,0,False,500000.0,892074.2814903879,0.0,reject_b_retreat_warming_2day,B额外过滤retreat_state_bucket=warming_2day。
A_plus_B_strict,20260206,NONE,NO_CANDIDATE,,,,,0.0,892074.2814903879,892074.2814903879,,,False,False,,,,,,,False,0,False,500000.0,892074.2814903879,0.0,reject_b_retreat_warming_2day,B额外过滤retreat_state_bucket=warming_2day。
A_plus_B_strict,20260209,NONE,NO_CANDIDATE,,,,,0.0,892074.2814903879,892074.2814903879,,,False,False,,,,,,,False,0,False,500000.0,892074.2814903879,0.0,reject_b_retreat_warming_2day,B额外过滤retreat_state_bucket=warming_2day。
A_plus_B_strict,20260210,NONE,NO_CANDIDATE,,,,,0.0,892074.2814903879,892074.2814903879,,,False,False,,,,,,,False,0,False,500000.0,892074.2814903879,0.0,reject_b_retreat_warming_2day,B额外过滤retreat_state_bucket=warming_2day。
A_plus_B_strict,20260211,NONE,NO_CANDIDATE,,,,,0.0,892074.2814903879,892074.2814903879,,,False,False,,,,,,,False,0,False,500000.0,892074.2814903879,0.0,reject_b_retreat_warming_2day,B额外过滤retreat_state_bucket=warming_2day。
A_plus_B_strict,20260212,NONE,NO_CANDIDATE,,,,,0.0,892074.2814903879,892074.2814903879,,,False,False,,,,,,,False,0,False,500000.0,892074.2814903879,0.0,reject_b_retreat_warming_2day,B额外过滤retreat_state_bucket=warming_2day。
A_plus_B_strict,20260213,NONE,NO_CANDIDATE,,,,,0.0,892074.2814903879,892074.2814903879,,,False,False,,,,,,,False,0,False,500000.0,892074.2814903879,0.0,reject_b_retreat_warming_2day,B额外过滤retreat_state_bucket=warming_2day。
A_plus_B_strict,20260224,NONE,NO_CANDIDATE,,,,,0.0,892074.2814903879,892074.2814903879,,,False,False,,,,,,,False,0,False,500000.0,892074.2814903879,0.0,reject_b_retreat_warming_2day,B额外过滤retreat_state_bucket=warming_2day。
A_plus_B_strict,20260225,NONE,NO_CANDIDATE,,,,,0.0,892074.2814903879,892074.2814903879,,,False,False,,,,,,,False,0,False,500000.0,892074.2814903879,0.0,reject_b_retreat_warming_2day,B额外过滤retreat_state_bucket=warming_2day。
A_plus_B_strict,20260226,A,HISTORICAL_SIM_FILLED,300499.SZ,高澜股份,chi_next,无,0.0193948880593092,892074.2814903879,909375.9623204826,a_audit_dynamic_account_return,,False,False,,,,,,,False,0,False,500000.0,909375.9623204826,0.0,reject_b_retreat_warming_2day,B额外过滤retreat_state_bucket=warming_2day。
A_plus_B_strict,20260227,A_OR_B,POSITION_OCCUPIED_SKIP,,,,,0.0,909375.9623204826,909375.9623204826,,300499.SZ 高澜股份,False,False,,,,,,,False,0,False,500000.0,909375.9623204826,0.0,reject_b_retreat_warming_2day,B额外过滤retreat_state_bucket=warming_2day。
A_plus_B_strict,20260302,NONE,NO_CANDIDATE,,,,,0.0,909375.9623204826,909375.9623204826,,,False,False,,,,,,,False,0,False,500000.0,909375.9623204826,0.0,reject_b_retreat_warming_2day,B额外过滤retreat_state_bucket=warming_2day。
A_plus_B_strict,20260303,NONE,NO_CANDIDATE,,,,,0.0,909375.9623204826,909375.9623204826,,,False,False,,,,,,,False,0,False,500000.0,909375.9623204826,0.0,reject_b_retreat_warming_2day,B额外过滤retreat_state_bucket=warming_2day。
A_plus_B_strict,20260304,NONE,NO_CANDIDATE,,,,,0.0,909375.9623204826,909375.9623204826,,,False,False,,,,,,,False,0,False,500000.0,909375.9623204826,0.0,reject_b_retreat_warming_2day,B额外过滤retreat_state_bucket=warming_2day。
A_plus_B_strict,20260305,NONE,NO_CANDIDATE,,,,,0.0,909375.9623204826,909375.9623204826,,,False,False,,,,,,,False,0,False,500000.0,909375.9623204826,0.0,reject_b_retreat_warming_2day,B额外过滤retreat_state_bucket=warming_2day。
A_plus_B_strict,20260306,NONE,NO_CANDIDATE,,,,,0.0,909375.9623204826,909375.9623204826,,,False,False,,,,,,,False,0,False,500000.0,909375.9623204826,0.0,reject_b_retreat_warming_2day,B额外过滤retreat_state_bucket=warming_2day。
A_plus_B_strict,20260309,A,REVIEW_REQUIRED_PLAN_ONLY,301606.SZ,绿联科技,chi_next,LOSS_OVERLAY_WATCH,0.0,909375.9623204826,909375.9623204826,manual_review_skip,,False,False,,,,,,,False,0,False,500000.0,909375.9623204826,0.0,reject_b_retreat_warming_2day,B额外过滤retreat_state_bucket=warming_2day。
A_plus_B_strict,20260310,NONE,NO_CANDIDATE,,,,,0.0,909375.9623204826,909375.9623204826,,,False,False,,,,,,,False,0,False,500000.0,909375.9623204826,0.0,reject_b_retreat_warming_2day,B额外过滤retreat_state_bucket=warming_2day。
A_plus_B_strict,20260311,B,HISTORICAL_SIM_FILLED,603778.SH,国晟科技,sh_main,无,-0.015549181976524854,909375.9623204826,895235.909997284,b_conservative_daily_replay,,True,True,,,20260312,20260313,20.840819999999997,20.46951,False,0,False,500000.0,909375.9623204826,-0.015549181976524884,reject_b_retreat_warming_2day,B额外过滤retreat_state_bucket=warming_2day。
A_plus_B_strict,20260312,A_OR_B,POSITION_OCCUPIED_SKIP,,,,,0.0,895235.909997284,895235.909997284,,603778.SH 国晟科技,False,False,,,,,,,False,0,False,500000.0,909375.9623204826,-0.015549181976524884,reject_b_retreat_warming_2day,B额外过滤retreat_state_bucket=warming_2day。
A_plus_B_strict,20260313,B,HISTORICAL_SIM_FILLED,603248.SH,锡华科技,sh_main,无,0.14196793827778875,895235.909997284,1022330.7064118384,b_conservative_daily_replay,,True,True,,,20260316,20260317,28.908879999999996,34.085879999999996,False,0,False,500000.0,1022330.7064118384,0.0,reject_b_retreat_warming_2day,B额外过滤retreat_state_bucket=warming_2day。
A_plus_B_strict,20260316,A_OR_B,POSITION_OCCUPIED_SKIP,,,,,0.0,1022330.7064118384,1022330.7064118384,,603248.SH 锡华科技,False,False,,,,,,,False,0,False,500000.0,1022330.7064118384,0.0,reject_b_retreat_warming_2day,B额外过滤retreat_state_bucket=warming_2day。
A_plus_B_strict,20260317,NONE,NO_CANDIDATE,,,,,0.0,1022330.7064118384,1022330.7064118384,,,False,False,,,,,,,False,0,False,500000.0,1022330.7064118384,0.0,reject_b_retreat_warming_2day,B额外过滤retreat_state_bucket=warming_2day。
A_plus_B_strict,20260318,NONE,NO_CANDIDATE,,,,,0.0,1022330.7064118384,1022330.7064118384,,,False,False,,,,,,,False,0,False,500000.0,1022330.7064118384,0.0,reject_b_retreat_warming_2day,B额外过滤retreat_state_bucket=warming_2day。
A_plus_B_strict,20260319,NONE,NO_CANDIDATE,,,,,0.0,1022330.7064118384,1022330.7064118384,,,False,False,,,,,,,False,0,False,500000.0,1022330.7064118384,0.0,reject_b_retreat_warming_2day,B额外过滤retreat_state_bucket=warming_2day。
A_plus_B_strict,20260320,NONE,NO_CANDIDATE,,,,,0.0,1022330.7064118384,1022330.7064118384,,,False,False,,,,,,,False,0,False,500000.0,1022330.7064118384,0.0,reject_b_retreat_warming_2day,B额外过滤retreat_state_bucket=warming_2day。
A_plus_B_strict,20260323,NONE,NO_CANDIDATE,,,,,0.0,1022330.7064118384,1022330.7064118384,,,False,False,,,,,,,False,0,False,500000.0,1022330.7064118384,0.0,reject_b_retreat_warming_2day,B额外过滤retreat_state_bucket=warming_2day。
A_plus_B_strict,20260324,B,HISTORICAL_SIM_FILLED,601016.SH,节能风电,sh_main,无,0.05001172841616214,1022330.7064118384,1073459.2320524105,b_conservative_daily_replay,,True,True,,,20260325,20260326,4.98498,5.30469,False,0,False,500000.0,1073459.2320524105,0.0,reject_b_retreat_warming_2day,B额外过滤retreat_state_bucket=warming_2day。
A_plus_B_strict,20260325,A_OR_B,POSITION_OCCUPIED_SKIP,,,,,0.0,1073459.2320524105,1073459.2320524105,,601016.SH 节能风电,False,False,,,,,,,False,0,False,500000.0,1073459.2320524105,0.0,reject_b_retreat_warming_2day,B额外过滤retreat_state_bucket=warming_2day。
A_plus_B_strict,20260326,NONE,NO_CANDIDATE,,,,,0.0,1073459.2320524105,1073459.2320524105,,,False,False,,,,,,,False,0,False,500000.0,1073459.2320524105,0.0,reject_b_retreat_warming_2day,B额外过滤retreat_state_bucket=warming_2day。
A_plus_B_strict,20260327,A,HISTORICAL_SIM_FILLED,300204.SZ,舒泰神,chi_next,无,0.0397618491523106,1073459.2320524105,1116141.9561084337,a_audit_dynamic_account_return,,False,False,,,,,,,False,0,False,500000.0,1116141.9561084337,0.0,reject_b_retreat_warming_2day,B额外过滤retreat_state_bucket=warming_2day。
A_plus_B_strict,20260330,A_OR_B,POSITION_OCCUPIED_SKIP,,,,,0.0,1116141.9561084337,1116141.9561084337,,300204.SZ 舒泰神,False,False,,,,,,,False,0,False,500000.0,1116141.9561084337,0.0,reject_b_retreat_warming_2day,B额外过滤retreat_state_bucket=warming_2day。
A_plus_B_strict,20260331,NONE,NO_CANDIDATE,,,,,0.0,1116141.9561084337,1116141.9561084337,,,False,False,,,,,,,False,0,False,500000.0,1116141.9561084337,0.0,reject_b_retreat_warming_2day,B额外过滤retreat_state_bucket=warming_2day。
A_plus_B_strict,20260401,NONE,NO_CANDIDATE,,,,,0.0,1116141.9561084337,1116141.9561084337,,,False,False,,,,,,,False,0,False,500000.0,1116141.9561084337,0.0,reject_b_retreat_warming_2day,B额外过滤retreat_state_bucket=warming_2day。
A_plus_B_strict,20260402,NONE,NO_CANDIDATE,,,,,0.0,1116141.9561084337,1116141.9561084337,,,False,False,,,,,,,False,0,False,500000.0,1116141.9561084337,0.0,reject_b_retreat_warming_2day,B额外过滤retreat_state_bucket=warming_2day。
A_plus_B_strict,20260403,NONE,NO_CANDIDATE,,,,,0.0,1116141.9561084337,1116141.9561084337,,,False,False,,,,,,,False,0,False,500000.0,1116141.9561084337,0.0,reject_b_retreat_warming_2day,B额外过滤retreat_state_bucket=warming_2day。
A_plus_B_strict,20260407,NONE,NO_CANDIDATE,,,,,0.0,1116141.9561084337,1116141.9561084337,,,False,False,,,,,,,False,0,False,500000.0,1116141.9561084337,0.0,reject_b_retreat_warming_2day,B额外过滤retreat_state_bucket=warming_2day。
A_plus_B_strict,20260408,NONE,NO_CANDIDATE,,,,,0.0,1116141.9561084337,1116141.9561084337,,,False,False,,,,,,,False,0,False,500000.0,1116141.9561084337,0.0,reject_b_retreat_warming_2day,B额外过滤retreat_state_bucket=warming_2day。
A_plus_B_strict,20260409,A,HISTORICAL_SIM_FILLED,300489.SZ,光智科技,chi_next,无,0.0826627480845445,1116141.9561084337,1208405.3174528158,a_audit_dynamic_account_return,,False,False,,,,,,,False,0,False,500000.0,1208405.3174528158,0.0,reject_b_retreat_warming_2day,B额外过滤retreat_state_bucket=warming_2day。
A_plus_B_strict,20260410,A_OR_B,POSITION_OCCUPIED_SKIP,,,,,0.0,1208405.3174528158,1208405.3174528158,,300489.SZ 光智科技,False,False,,,,,,,False,0,False,500000.0,1208405.3174528158,0.0,reject_b_retreat_warming_2day,B额外过滤retreat_state_bucket=warming_2day。
A_plus_B_strict,20260413,B,HISTORICAL_SIM_FILLED,000968.SZ,蓝焰控股,sz_main,无,-0.049626241187383915,1208405.3174528158,1148436.7037167852,b_conservative_daily_replay,,True,True,,,20260414,20260415,10.090079999999999,9.48051,False,0,False,500000.0,1208405.3174528158,-0.0496262411873839,reject_b_retreat_warming_2day,B额外过滤retreat_state_bucket=warming_2day。
A_plus_B_strict,20260414,A_OR_B,POSITION_OCCUPIED_SKIP,,,,,0.0,1148436.7037167852,1148436.7037167852,,000968.SZ 蓝焰控股,False,False,,,,,,,False,0,False,500000.0,1208405.3174528158,-0.0496262411873839,reject_b_retreat_warming_2day,B额外过滤retreat_state_bucket=warming_2day。
A_plus_B_strict,20260415,NONE,NO_CANDIDATE,,,,,0.0,1148436.7037167852,1148436.7037167852,,,False,False,,,,,,,False,0,False,500000.0,1208405.3174528158,-0.0496262411873839,reject_b_retreat_warming_2day,B额外过滤retreat_state_bucket=warming_2day。
A_plus_B_strict,20260416,NONE,NO_CANDIDATE,,,,,0.0,1148436.7037167852,1148436.7037167852,,,False,False,,,,,,,False,0,False,500000.0,1208405.3174528158,-0.0496262411873839,reject_b_retreat_warming_2day,B额外过滤retreat_state_bucket=warming_2day。
A_plus_B_strict,20260417,A,HISTORICAL_SIM_FILLED,301319.SZ,唯特偶,chi_next,无,0.0352808081329955,1148436.7037167852,1188954.4787135068,a_audit_dynamic_account_return,,False,False,,,,,,,False,0,False,500000.0,1208405.3174528158,-0.016096286948082295,reject_b_retreat_warming_2day,B额外过滤retreat_state_bucket=warming_2day。
A_plus_B_strict,20260420,A_OR_B,POSITION_OCCUPIED_SKIP,,,,,0.0,1188954.4787135068,1188954.4787135068,,301319.SZ 唯特偶,False,False,,,,,,,False,0,False,500000.0,1208405.3174528158,-0.016096286948082295,reject_b_retreat_warming_2day,B额外过滤retreat_state_bucket=warming_2day。
A_plus_B_strict,20260421,NONE,NO_CANDIDATE,,,,,0.0,1188954.4787135068,1188954.4787135068,,,False,False,,,,,,,False,0,False,500000.0,1208405.3174528158,-0.016096286948082295,reject_b_retreat_warming_2day,B额外过滤retreat_state_bucket=warming_2day。
A_plus_B_strict,20260422,NONE,NO_CANDIDATE,,,,,0.0,1188954.4787135068,1188954.4787135068,,,False,False,,,,,,,False,0,False,500000.0,1208405.3174528158,-0.016096286948082295,reject_b_retreat_warming_2day,B额外过滤retreat_state_bucket=warming_2day。
A_plus_B_strict,20260423,NONE,NO_CANDIDATE,,,,,0.0,1188954.4787135068,1188954.4787135068,,,False,False,,,,,,,False,0,False,500000.0,1208405.3174528158,-0.016096286948082295,reject_b_retreat_warming_2day,B额外过滤retreat_state_bucket=warming_2day。
A_plus_B_strict,20260424,NONE,NO_CANDIDATE,,,,,0.0,1188954.4787135068,1188954.4787135068,,,False,False,,,,,,,False,0,False,500000.0,1208405.3174528158,-0.016096286948082295,reject_b_retreat_warming_2day,B额外过滤retreat_state_bucket=warming_2day。
A_plus_B_strict,20260427,NONE,NO_CANDIDATE,,,,,0.0,1188954.4787135068,1188954.4787135068,,,False,False,,,,,,,False,0,False,500000.0,1208405.3174528158,-0.016096286948082295,reject_b_retreat_warming_2day,B额外过滤retreat_state_bucket=warming_2day。
A_plus_B_strict,20260428,NONE,NO_CANDIDATE,,,,,0.0,1188954.4787135068,1188954.4787135068,,,False,False,,,,,,,False,0,False,500000.0,1208405.3174528158,-0.016096286948082295,reject_b_retreat_warming_2day,B额外过滤retreat_state_bucket=warming_2day。
A_plus_B_strict,20260429,NONE,NO_CANDIDATE,,,,,0.0,1188954.4787135068,1188954.4787135068,,,False,False,,,,,,,False,0,False,500000.0,1208405.3174528158,-0.016096286948082295,reject_b_retreat_warming_2day,B额外过滤retreat_state_bucket=warming_2day。
A_plus_B_strict,20260430,NONE,NO_CANDIDATE,,,,,0.0,1188954.4787135068,1188954.4787135068,,,False,False,,,,,,,False,0,False,500000.0,1208405.3174528158,-0.016096286948082295,reject_b_retreat_warming_2day,B额外过滤retreat_state_bucket=warming_2day。
A_plus_B_strict,20260506,NONE,NO_CANDIDATE,,,,,0.0,1188954.4787135068,1188954.4787135068,,,False,False,,,,,,,False,0,False,500000.0,1208405.3174528158,-0.016096286948082295,reject_b_retreat_warming_2day,B额外过滤retreat_state_bucket=warming_2day。
A_plus_B_strict,20260507,B,HISTORICAL_SIM_FILLED,603256.SH,宏和科技,sh_main,无,0.02464048591717308,1188954.4787135068,1218250.894802407,b_conservative_daily_replay,,True,True,,,20260508,20260511,145.12497999999997,149.83002,False,0,False,500000.0,1218250.894802407,0.0,reject_b_retreat_warming_2day,B额外过滤retreat_state_bucket=warming_2day。
A_plus_B_strict,20260508,A_OR_B,POSITION_OCCUPIED_SKIP,,,,,0.0,1218250.894802407,1218250.894802407,,603256.SH 宏和科技,False,False,,,,,,,False,0,False,500000.0,1218250.894802407,0.0,reject_b_retreat_warming_2day,B额外过滤retreat_state_bucket=warming_2day。
A_plus_B_strict,20260511,NONE,NO_CANDIDATE,,,,,0.0,1218250.894802407,1218250.894802407,,,False,False,,,,,,,False,0,False,500000.0,1218250.894802407,0.0,reject_b_retreat_warming_2day,B额外过滤retreat_state_bucket=warming_2day。
A_plus_B_strict,20260512,NONE,NO_CANDIDATE,,,,,0.0,1218250.894802407,1218250.894802407,,,False,False,,,,,,,False,0,False,500000.0,1218250.894802407,0.0,reject_b_retreat_warming_2day,B额外过滤retreat_state_bucket=warming_2day。
A_plus_B_strict,20260513,NONE,NO_CANDIDATE,,,,,0.0,1218250.894802407,1218250.894802407,,,False,False,,,,,,,False,0,False,500000.0,1218250.894802407,0.0,reject_b_retreat_warming_2day,B额外过滤retreat_state_bucket=warming_2day。
A_plus_B_strict,20260514,NONE,NO_CANDIDATE,,,,,0.0,1218250.894802407,1218250.894802407,,,False,False,,,,,,,False,0,False,500000.0,1218250.894802407,0.0,reject_b_retreat_warming_2day,B额外过滤retreat_state_bucket=warming_2day。
A_plus_B_strict,20251112,NONE,NO_CANDIDATE,,,,,0.0,500000.0,500000.0,,,False,False,,,,,,,False,0,False,500000.0,500000.0,0.0,reject_b_market_emotion_warming,B额外过滤market_emotion_state_bucket=warming。
A_plus_B_strict,20251113,NONE,NO_CANDIDATE,,,,,0.0,500000.0,500000.0,,,False,False,,,,,,,False,0,False,500000.0,500000.0,0.0,reject_b_market_emotion_warming,B额外过滤market_emotion_state_bucket=warming。
A_plus_B_strict,20251114,NONE,NO_CANDIDATE,,,,,0.0,500000.0,500000.0,,,False,False,,,,,,,False,0,False,500000.0,500000.0,0.0,reject_b_market_emotion_warming,B额外过滤market_emotion_state_bucket=warming。
A_plus_B_strict,20251117,NONE,NO_CANDIDATE,,,,,0.0,500000.0,500000.0,,,False,False,,,,,,,False,0,False,500000.0,500000.0,0.0,reject_b_market_emotion_warming,B额外过滤market_emotion_state_bucket=warming。
A_plus_B_strict,20251118,NONE,NO_CANDIDATE,,,,,0.0,500000.0,500000.0,,,False,False,,,,,,,False,0,False,500000.0,500000.0,0.0,reject_b_market_emotion_warming,B额外过滤market_emotion_state_bucket=warming。
A_plus_B_strict,20251119,NONE,NO_CANDIDATE,,,,,0.0,500000.0,500000.0,,,False,False,,,,,,,False,0,False,500000.0,500000.0,0.0,reject_b_market_emotion_warming,B额外过滤market_emotion_state_bucket=warming。
A_plus_B_strict,20251120,A,HISTORICAL_SIM_FILLED,301092.SZ,争光股份,chi_next,无,-0.0505145833968012,500000.0,474742.7083015994,a_audit_dynamic_account_return,,False,False,,,,,,,False,0,False,500000.0,500000.0,-0.05051458339680115,reject_b_market_emotion_warming,B额外过滤market_emotion_state_bucket=warming。
A_plus_B_strict,20251121,A_OR_B,POSITION_OCCUPIED_SKIP,,,,,0.0,474742.7083015994,474742.7083015994,,301092.SZ 争光股份,False,False,,,,,,,False,0,False,500000.0,500000.0,-0.05051458339680115,reject_b_market_emotion_warming,B额外过滤market_emotion_state_bucket=warming。
A_plus_B_strict,20251124,NONE,NO_CANDIDATE,,,,,0.0,474742.7083015994,474742.7083015994,,,False,False,,,,,,,False,0,False,500000.0,500000.0,-0.05051458339680115,reject_b_market_emotion_warming,B额外过滤market_emotion_state_bucket=warming。
A_plus_B_strict,20251125,A,REVIEW_REQUIRED_PLAN_ONLY,301117.SZ,佳缘科技,chi_next,LOSS_OVERLAY_WATCH,0.0,474742.7083015994,474742.7083015994,manual_review_skip,,False,False,,,,,,,False,0,False,500000.0,500000.0,-0.05051458339680115,reject_b_market_emotion_warming,B额外过滤market_emotion_state_bucket=warming。
A_plus_B_strict,20251126,NONE,NO_CANDIDATE,,,,,0.0,474742.7083015994,474742.7083015994,,,False,False,,,,,,,False,0,False,500000.0,500000.0,-0.05051458339680115,reject_b_market_emotion_warming,B额外过滤market_emotion_state_bucket=warming。
A_plus_B_strict,20251127,NONE,NO_CANDIDATE,,,,,0.0,474742.7083015994,474742.7083015994,,,False,False,,,,,,,False,0,False,500000.0,500000.0,-0.05051458339680115,reject_b_market_emotion_warming,B额外过滤market_emotion_state_bucket=warming。
A_plus_B_strict,20251128,NONE,NO_CANDIDATE,,,,,0.0,474742.7083015994,474742.7083015994,,,False,False,,,,,,,False,0,False,500000.0,500000.0,-0.05051458339680115,reject_b_market_emotion_warming,B额外过滤market_emotion_state_bucket=warming。
A_plus_B_strict,20251201,B,HISTORICAL_SIM_FILLED,000078.SZ,海王生物,sz_main,无,0.14838169073032234,474742.7083015994,545185.834021283,b_conservative_daily_replay,,True,True,,,20251202,20251203,3.8037999999999994,4.515479999999999,False,0,False,500000.0,545185.834021283,0.0,reject_b_market_emotion_warming,B额外过滤market_emotion_state_bucket=warming。
A_plus_B_strict,20251202,A_OR_B,POSITION_OCCUPIED_SKIP,,,,,0.0,545185.834021283,545185.834021283,,000078.SZ 海王生物,False,False,,,,,,,False,0,False,500000.0,545185.834021283,0.0,reject_b_market_emotion_warming,B额外过滤market_emotion_state_bucket=warming。
A_plus_B_strict,20251203,NONE,NO_CANDIDATE,,,,,0.0,545185.834021283,545185.834021283,,,False,False,,,,,,,False,0,False,500000.0,545185.834021283,0.0,reject_b_market_emotion_warming,B额外过滤market_emotion_state_bucket=warming。
A_plus_B_strict,20251204,A,HISTORICAL_SIM_FILLED,300946.SZ,恒而达,chi_next,无,0.0291749495998269,545185.834021283,561091.6032513934,a_audit_dynamic_account_return,,False,False,,,,,,,False,0,False,500000.0,561091.6032513934,0.0,reject_b_market_emotion_warming,B额外过滤market_emotion_state_bucket=warming。
A_plus_B_strict,20251205,A_OR_B,POSITION_OCCUPIED_SKIP,,,,,0.0,561091.6032513934,561091.6032513934,,300946.SZ 恒而达,False,False,,,,,,,False,0,False,500000.0,561091.6032513934,0.0,reject_b_market_emotion_warming,B额外过滤market_emotion_state_bucket=warming。
A_plus_B_strict,20251208,NONE,NO_CANDIDATE,,,,,0.0,561091.6032513934,561091.6032513934,,,False,False,,,,,,,False,0,False,500000.0,561091.6032513934,0.0,reject_b_market_emotion_warming,B额外过滤market_emotion_state_bucket=warming。
A_plus_B_strict,20251209,NONE,NO_CANDIDATE,,,,,0.0,561091.6032513934,561091.6032513934,,,False,False,,,,,,,False,0,False,500000.0,561091.6032513934,0.0,reject_b_market_emotion_warming,B额外过滤market_emotion_state_bucket=warming。
A_plus_B_strict,20251210,NONE,NO_CANDIDATE,,,,,0.0,561091.6032513934,561091.6032513934,,,False,False,,,,,,,False,0,False,500000.0,561091.6032513934,0.0,reject_b_market_emotion_warming,B额外过滤market_emotion_state_bucket=warming。
A_plus_B_strict,20251211,NONE,NO_CANDIDATE,,,,,0.0,561091.6032513934,561091.6032513934,,,False,False,,,,,,,False,0,False,500000.0,561091.6032513934,0.0,reject_b_market_emotion_warming,B额外过滤market_emotion_state_bucket=warming。
A_plus_B_strict,20251212,A,HISTORICAL_SIM_FILLED,920576.BJ,天力复合,bj,无,0.181313377355646,561091.6032513934,662825.0168427977,a_audit_dynamic_account_return,,False,False,,,,,,,False,0,False,500000.0,662825.0168427977,0.0,reject_b_market_emotion_warming,B额外过滤market_emotion_state_bucket=warming。
A_plus_B_strict,20251215,A_OR_B,POSITION_OCCUPIED_SKIP,,,,,0.0,662825.0168427977,662825.0168427977,,920576.BJ 天力复合,False,False,,,,,,,False,0,False,500000.0,662825.0168427977,0.0,reject_b_market_emotion_warming,B额外过滤market_emotion_state_bucket=warming。
A_plus_B_strict,20251216,NONE,NO_CANDIDATE,,,,,0.0,662825.0168427977,662825.0168427977,,,False,False,,,,,,,False,0,False,500000.0,662825.0168427977,0.0,reject_b_market_emotion_warming,B额外过滤market_emotion_state_bucket=warming。
A_plus_B_strict,20251217,NONE,NO_CANDIDATE,,,,,0.0,662825.0168427977,662825.0168427977,,,False,False,,,,,,,False,0,False,500000.0,662825.0168427977,0.0,reject_b_market_emotion_warming,B额外过滤market_emotion_state_bucket=warming。
A_plus_B_strict,20251218,NONE,NO_CANDIDATE,,,,,0.0,662825.0168427977,662825.0168427977,,,False,False,,,,,,,False,0,False,500000.0,662825.0168427977,0.0,reject_b_market_emotion_warming,B额外过滤market_emotion_state_bucket=warming。
A_plus_B_strict,20251219,A,REVIEW_REQUIRED_PLAN_ONLY,300557.SZ,理工光科,chi_next,LOSS_OVERLAY_WATCH,0.0,662825.0168427977,662825.0168427977,manual_review_skip,,False,False,,,,,,,False,0,False,500000.0,662825.0168427977,0.0,reject_b_market_emotion_warming,B额外过滤market_emotion_state_bucket=warming。
A_plus_B_strict,20251222,NONE,NO_CANDIDATE,,,,,0.0,662825.0168427977,662825.0168427977,,,False,False,,,,,,,False,0,False,500000.0,662825.0168427977,0.0,reject_b_market_emotion_warming,B额外过滤market_emotion_state_bucket=warming。
A_plus_B_strict,20251223,NONE,NO_CANDIDATE,,,,,0.0,662825.0168427977,662825.0168427977,,,False,False,,,,,,,False,0,False,500000.0,662825.0168427977,0.0,reject_b_market_emotion_warming,B额外过滤market_emotion_state_bucket=warming。
A_plus_B_strict,20251224,NONE,NO_CANDIDATE,,,,,0.0,662825.0168427977,662825.0168427977,,,False,False,,,,,,,False,0,False,500000.0,662825.0168427977,0.0,reject_b_market_emotion_warming,B额外过滤market_emotion_state_bucket=warming。
A_plus_B_strict,20251225,NONE,NO_CANDIDATE,,,,,0.0,662825.0168427977,662825.0168427977,,,False,False,,,,,,,False,0,False,500000.0,662825.0168427977,0.0,reject_b_market_emotion_warming,B额外过滤market_emotion_state_bucket=warming。
A_plus_B_strict,20251226,NONE,NO_CANDIDATE,,,,,0.0,662825.0168427977,662825.0168427977,,,False,False,,,,,,,False,0,False,500000.0,662825.0168427977,0.0,reject_b_market_emotion_warming,B额外过滤market_emotion_state_bucket=warming。
A_plus_B_strict,20251229,NONE,NO_CANDIDATE,,,,,0.0,662825.0168427977,662825.0168427977,,,False,False,,,,,,,False,0,False,500000.0,662825.0168427977,0.0,reject_b_market_emotion_warming,B额外过滤market_emotion_state_bucket=warming。
A_plus_B_strict,20251230,NONE,NO_CANDIDATE,,,,,0.0,662825.0168427977,662825.0168427977,,,False,False,,,,,,,False,0,False,500000.0,662825.0168427977,0.0,reject_b_market_emotion_warming,B额外过滤market_emotion_state_bucket=warming。
A_plus_B_strict,20251231,A,HISTORICAL_SIM_FILLED,300058.SZ,蓝色光标,chi_next,无,0.1308549259970799,662825.0168427977,749558.9353707753,a_audit_dynamic_account_return,,False,False,,,,,,,False,0,False,500000.0,749558.9353707753,0.0,reject_b_market_emotion_warming,B额外过滤market_emotion_state_bucket=warming。
A_plus_B_strict,20260105,A_OR_B,POSITION_OCCUPIED_SKIP,,,,,0.0,749558.9353707753,749558.9353707753,,300058.SZ 蓝色光标,False,False,,,,,,,False,0,False,500000.0,749558.9353707753,0.0,reject_b_market_emotion_warming,B额外过滤market_emotion_state_bucket=warming。
A_plus_B_strict,20260106,NONE,NO_CANDIDATE,,,,,0.0,749558.9353707753,749558.9353707753,,,False,False,,,,,,,False,0,False,500000.0,749558.9353707753,0.0,reject_b_market_emotion_warming,B额外过滤market_emotion_state_bucket=warming。
A_plus_B_strict,20260107,NONE,NO_CANDIDATE,,,,,0.0,749558.9353707753,749558.9353707753,,,False,False,,,,,,,False,0,False,500000.0,749558.9353707753,0.0,reject_b_market_emotion_warming,B额外过滤market_emotion_state_bucket=warming。
A_plus_B_strict,20260108,NONE,NO_CANDIDATE,,,,,0.0,749558.9353707753,749558.9353707753,,,False,False,,,,,,,False,0,False,500000.0,749558.9353707753,0.0,reject_b_market_emotion_warming,B额外过滤market_emotion_state_bucket=warming。
A_plus_B_strict,20260109,NONE,NO_CANDIDATE,,,,,0.0,749558.9353707753,749558.9353707753,,,False,False,,,,,,,False,0,False,500000.0,749558.9353707753,0.0,reject_b_market_emotion_warming,B额外过滤market_emotion_state_bucket=warming。
A_plus_B_strict,20260112,NONE,NO_CANDIDATE,,,,,0.0,749558.9353707753,749558.9353707753,,,False,False,,,,,,,False,0,False,500000.0,749558.9353707753,0.0,reject_b_market_emotion_warming,B额外过滤market_emotion_state_bucket=warming。
A_plus_B_strict,20260113,NONE,NO_CANDIDATE,,,,,0.0,749558.9353707753,749558.9353707753,,,False,False,,,,,,,False,0,False,500000.0,749558.9353707753,0.0,reject_b_market_emotion_warming,B额外过滤market_emotion_state_bucket=warming。
A_plus_B_strict,20260114,NONE,NO_CANDIDATE,,,,,0.0,749558.9353707753,749558.9353707753,,,False,False,,,,,,,False,0,False,500000.0,749558.9353707753,0.0,reject_b_market_emotion_warming,B额外过滤market_emotion_state_bucket=warming。
A_plus_B_strict,20260115,A,HISTORICAL_SIM_FILLED,301629.SZ,矽电股份,chi_next,无,-0.0338313603969523,749558.9353707753,724200.3368894907,a_audit_dynamic_account_return,,False,False,,,,,,,False,0,False,500000.0,749558.9353707753,-0.03383136039695234,reject_b_market_emotion_warming,B额外过滤market_emotion_state_bucket=warming。
A_plus_B_strict,20260116,A_OR_B,POSITION_OCCUPIED_SKIP,,,,,0.0,724200.3368894907,724200.3368894907,,301629.SZ 矽电股份,False,False,,,,,,,False,0,False,500000.0,749558.9353707753,-0.03383136039695234,reject_b_market_emotion_warming,B额外过滤market_emotion_state_bucket=warming。
A_plus_B_strict,20260119,A,HISTORICAL_SIM_FILLED,300658.SZ,延江股份,chi_next,无,0.0681174370165976,724200.3368894907,773531.0077249593,a_audit_dynamic_account_return,,False,False,,,,,,,False,0,False,500000.0,773531.0077249593,0.0,reject_b_market_emotion_warming,B额外过滤market_emotion_state_bucket=warming。
A_plus_B_strict,20260120,A_OR_B,POSITION_OCCUPIED_SKIP,,,,,0.0,773531.0077249593,773531.0077249593,,300658.SZ 延江股份,False,False,,,,,,,False,0,False,500000.0,773531.0077249593,0.0,reject_b_market_emotion_warming,B额外过滤market_emotion_state_bucket=warming。
A_plus_B_strict,20260121,NONE,NO_CANDIDATE,,,,,0.0,773531.0077249593,773531.0077249593,,,False,False,,,,,,,False,0,False,500000.0,773531.0077249593,0.0,reject_b_market_emotion_warming,B额外过滤market_emotion_state_bucket=warming。
A_plus_B_strict,20260122,NONE,NO_CANDIDATE,,,,,0.0,773531.0077249593,773531.0077249593,,,False,False,,,,,,,False,0,False,500000.0,773531.0077249593,0.0,reject_b_market_emotion_warming,B额外过滤market_emotion_state_bucket=warming。
A_plus_B_strict,20260123,A,HISTORICAL_SIM_FILLED,920368.BJ,连城数控,bj,无,0.1027727855059111,773531.0077249593,853028.9440640478,a_audit_dynamic_account_return,,False,False,,,,,,,False,0,False,500000.0,853028.9440640478,0.0,reject_b_market_emotion_warming,B额外过滤market_emotion_state_bucket=warming。
A_plus_B_strict,20260126,A_OR_B,POSITION_OCCUPIED_SKIP,,,,,0.0,853028.9440640478,853028.9440640478,,920368.BJ 连城数控,False,False,,,,,,,False,0,False,500000.0,853028.9440640478,0.0,reject_b_market_emotion_warming,B额外过滤market_emotion_state_bucket=warming。
A_plus_B_strict,20260127,NONE,NO_CANDIDATE,,,,,0.0,853028.9440640478,853028.9440640478,,,False,False,,,,,,,False,0,False,500000.0,853028.9440640478,0.0,reject_b_market_emotion_warming,B额外过滤market_emotion_state_bucket=warming。
A_plus_B_strict,20260128,A,HISTORICAL_SIM_FILLED,300164.SZ,通源石油,chi_next,无,0.0457725821591917,853028.9440640478,892074.2814903879,a_audit_dynamic_account_return,,False,False,,,,,,,False,0,False,500000.0,892074.2814903879,0.0,reject_b_market_emotion_warming,B额外过滤market_emotion_state_bucket=warming。
A_plus_B_strict,20260129,A_OR_B,POSITION_OCCUPIED_SKIP,,,,,0.0,892074.2814903879,892074.2814903879,,300164.SZ 通源石油,False,False,,,,,,,False,0,False,500000.0,892074.2814903879,0.0,reject_b_market_emotion_warming,B额外过滤market_emotion_state_bucket=warming。
A_plus_B_strict,20260130,NONE,NO_CANDIDATE,,,,,0.0,892074.2814903879,892074.2814903879,,,False,False,,,,,,,False,0,False,500000.0,892074.2814903879,0.0,reject_b_market_emotion_warming,B额外过滤market_emotion_state_bucket=warming。
A_plus_B_strict,20260202,NONE,NO_CANDIDATE,,,,,0.0,892074.2814903879,892074.2814903879,,,False,False,,,,,,,False,0,False,500000.0,892074.2814903879,0.0,reject_b_market_emotion_warming,B额外过滤market_emotion_state_bucket=warming。
A_plus_B_strict,20260203,NONE,NO_CANDIDATE,,,,,0.0,892074.2814903879,892074.2814903879,,,False,False,,,,,,,False,0,False,500000.0,892074.2814903879,0.0,reject_b_market_emotion_warming,B额外过滤market_emotion_state_bucket=warming。
A_plus_B_strict,20260204,NONE,NO_CANDIDATE,,,,,0.0,892074.2814903879,892074.2814903879,,,False,False,,,,,,,False,0,False,500000.0,892074.2814903879,0.0,reject_b_market_emotion_warming,B额外过滤market_emotion_state_bucket=warming。
A_plus_B_strict,20260205,NONE,NO_CANDIDATE,,,,,0.0,892074.2814903879,892074.2814903879,,,False,False,,,,,,,False,0,False,500000.0,892074.2814903879,0.0,reject_b_market_emotion_warming,B额外过滤market_emotion_state_bucket=warming。
A_plus_B_strict,20260206,NONE,NO_CANDIDATE,,,,,0.0,892074.2814903879,892074.2814903879,,,False,False,,,,,,,False,0,False,500000.0,892074.2814903879,0.0,reject_b_market_emotion_warming,B额外过滤market_emotion_state_bucket=warming。
A_plus_B_strict,20260209,NONE,NO_CANDIDATE,,,,,0.0,892074.2814903879,892074.2814903879,,,False,False,,,,,,,False,0,False,500000.0,892074.2814903879,0.0,reject_b_market_emotion_warming,B额外过滤market_emotion_state_bucket=warming。
A_plus_B_strict,20260210,NONE,NO_CANDIDATE,,,,,0.0,892074.2814903879,892074.2814903879,,,False,False,,,,,,,False,0,False,500000.0,892074.2814903879,0.0,reject_b_market_emotion_warming,B额外过滤market_emotion_state_bucket=warming。
A_plus_B_strict,20260211,NONE,NO_CANDIDATE,,,,,0.0,892074.2814903879,892074.2814903879,,,False,False,,,,,,,False,0,False,500000.0,892074.2814903879,0.0,reject_b_market_emotion_warming,B额外过滤market_emotion_state_bucket=warming。
A_plus_B_strict,20260212,NONE,NO_CANDIDATE,,,,,0.0,892074.2814903879,892074.2814903879,,,False,False,,,,,,,False,0,False,500000.0,892074.2814903879,0.0,reject_b_market_emotion_warming,B额外过滤market_emotion_state_bucket=warming。
A_plus_B_strict,20260213,NONE,NO_CANDIDATE,,,,,0.0,892074.2814903879,892074.2814903879,,,False,False,,,,,,,False,0,False,500000.0,892074.2814903879,0.0,reject_b_market_emotion_warming,B额外过滤market_emotion_state_bucket=warming。
A_plus_B_strict,20260224,NONE,NO_CANDIDATE,,,,,0.0,892074.2814903879,892074.2814903879,,,False,False,,,,,,,False,0,False,500000.0,892074.2814903879,0.0,reject_b_market_emotion_warming,B额外过滤market_emotion_state_bucket=warming。
A_plus_B_strict,20260225,NONE,NO_CANDIDATE,,,,,0.0,892074.2814903879,892074.2814903879,,,False,False,,,,,,,False,0,False,500000.0,892074.2814903879,0.0,reject_b_market_emotion_warming,B额外过滤market_emotion_state_bucket=warming。
A_plus_B_strict,20260226,A,HISTORICAL_SIM_FILLED,300499.SZ,高澜股份,chi_next,无,0.0193948880593092,892074.2814903879,909375.9623204826,a_audit_dynamic_account_return,,False,False,,,,,,,False,0,False,500000.0,909375.9623204826,0.0,reject_b_market_emotion_warming,B额外过滤market_emotion_state_bucket=warming。
A_plus_B_strict,20260227,A_OR_B,POSITION_OCCUPIED_SKIP,,,,,0.0,909375.9623204826,909375.9623204826,,300499.SZ 高澜股份,False,False,,,,,,,False,0,False,500000.0,909375.9623204826,0.0,reject_b_market_emotion_warming,B额外过滤market_emotion_state_bucket=warming。
A_plus_B_strict,20260302,NONE,NO_CANDIDATE,,,,,0.0,909375.9623204826,909375.9623204826,,,False,False,,,,,,,False,0,False,500000.0,909375.9623204826,0.0,reject_b_market_emotion_warming,B额外过滤market_emotion_state_bucket=warming。
A_plus_B_strict,20260303,NONE,NO_CANDIDATE,,,,,0.0,909375.9623204826,909375.9623204826,,,False,False,,,,,,,False,0,False,500000.0,909375.9623204826,0.0,reject_b_market_emotion_warming,B额外过滤market_emotion_state_bucket=warming。
A_plus_B_strict,20260304,NONE,NO_CANDIDATE,,,,,0.0,909375.9623204826,909375.9623204826,,,False,False,,,,,,,False,0,False,500000.0,909375.9623204826,0.0,reject_b_market_emotion_warming,B额外过滤market_emotion_state_bucket=warming。
A_plus_B_strict,20260305,NONE,NO_CANDIDATE,,,,,0.0,909375.9623204826,909375.9623204826,,,False,False,,,,,,,False,0,False,500000.0,909375.9623204826,0.0,reject_b_market_emotion_warming,B额外过滤market_emotion_state_bucket=warming。
A_plus_B_strict,20260306,NONE,NO_CANDIDATE,,,,,0.0,909375.9623204826,909375.9623204826,,,False,False,,,,,,,False,0,False,500000.0,909375.9623204826,0.0,reject_b_market_emotion_warming,B额外过滤market_emotion_state_bucket=warming。
A_plus_B_strict,20260309,A,REVIEW_REQUIRED_PLAN_ONLY,301606.SZ,绿联科技,chi_next,LOSS_OVERLAY_WATCH,0.0,909375.9623204826,909375.9623204826,manual_review_skip,,False,False,,,,,,,False,0,False,500000.0,909375.9623204826,0.0,reject_b_market_emotion_warming,B额外过滤market_emotion_state_bucket=warming。
A_plus_B_strict,20260310,NONE,NO_CANDIDATE,,,,,0.0,909375.9623204826,909375.9623204826,,,False,False,,,,,,,False,0,False,500000.0,909375.9623204826,0.0,reject_b_market_emotion_warming,B额外过滤market_emotion_state_bucket=warming。
A_plus_B_strict,20260311,B,HISTORICAL_SIM_FILLED,603778.SH,国晟科技,sh_main,无,-0.015549181976524854,909375.9623204826,895235.909997284,b_conservative_daily_replay,,True,True,,,20260312,20260313,20.840819999999997,20.46951,False,0,False,500000.0,909375.9623204826,-0.015549181976524884,reject_b_market_emotion_warming,B额外过滤market_emotion_state_bucket=warming。
A_plus_B_strict,20260312,A_OR_B,POSITION_OCCUPIED_SKIP,,,,,0.0,895235.909997284,895235.909997284,,603778.SH 国晟科技,False,False,,,,,,,False,0,False,500000.0,909375.9623204826,-0.015549181976524884,reject_b_market_emotion_warming,B额外过滤market_emotion_state_bucket=warming。
A_plus_B_strict,20260313,B,HISTORICAL_SIM_FILLED,603248.SH,锡华科技,sh_main,无,0.14196793827778875,895235.909997284,1022330.7064118384,b_conservative_daily_replay,,True,True,,,20260316,20260317,28.908879999999996,34.085879999999996,False,0,False,500000.0,1022330.7064118384,0.0,reject_b_market_emotion_warming,B额外过滤market_emotion_state_bucket=warming。
A_plus_B_strict,20260316,A_OR_B,POSITION_OCCUPIED_SKIP,,,,,0.0,1022330.7064118384,1022330.7064118384,,603248.SH 锡华科技,False,False,,,,,,,False,0,False,500000.0,1022330.7064118384,0.0,reject_b_market_emotion_warming,B额外过滤market_emotion_state_bucket=warming。
A_plus_B_strict,20260317,NONE,NO_CANDIDATE,,,,,0.0,1022330.7064118384,1022330.7064118384,,,False,False,,,,,,,False,0,False,500000.0,1022330.7064118384,0.0,reject_b_market_emotion_warming,B额外过滤market_emotion_state_bucket=warming。
A_plus_B_strict,20260318,NONE,NO_CANDIDATE,,,,,0.0,1022330.7064118384,1022330.7064118384,,,False,False,,,,,,,False,0,False,500000.0,1022330.7064118384,0.0,reject_b_market_emotion_warming,B额外过滤market_emotion_state_bucket=warming。
A_plus_B_strict,20260319,NONE,NO_CANDIDATE,,,,,0.0,1022330.7064118384,1022330.7064118384,,,False,False,,,,,,,False,0,False,500000.0,1022330.7064118384,0.0,reject_b_market_emotion_warming,B额外过滤market_emotion_state_bucket=warming。
A_plus_B_strict,20260320,NONE,NO_CANDIDATE,,,,,0.0,1022330.7064118384,1022330.7064118384,,,False,False,,,,,,,False,0,False,500000.0,1022330.7064118384,0.0,reject_b_market_emotion_warming,B额外过滤market_emotion_state_bucket=warming。
A_plus_B_strict,20260323,NONE,NO_CANDIDATE,,,,,0.0,1022330.7064118384,1022330.7064118384,,,False,False,,,,,,,False,0,False,500000.0,1022330.7064118384,0.0,reject_b_market_emotion_warming,B额外过滤market_emotion_state_bucket=warming。
A_plus_B_strict,20260324,B,HISTORICAL_SIM_FILLED,601016.SH,节能风电,sh_main,无,0.05001172841616214,1022330.7064118384,1073459.2320524105,b_conservative_daily_replay,,True,True,,,20260325,20260326,4.98498,5.30469,False,0,False,500000.0,1073459.2320524105,0.0,reject_b_market_emotion_warming,B额外过滤market_emotion_state_bucket=warming。
A_plus_B_strict,20260325,A_OR_B,POSITION_OCCUPIED_SKIP,,,,,0.0,1073459.2320524105,1073459.2320524105,,601016.SH 节能风电,False,False,,,,,,,False,0,False,500000.0,1073459.2320524105,0.0,reject_b_market_emotion_warming,B额外过滤market_emotion_state_bucket=warming。
A_plus_B_strict,20260326,NONE,NO_CANDIDATE,,,,,0.0,1073459.2320524105,1073459.2320524105,,,False,False,,,,,,,False,0,False,500000.0,1073459.2320524105,0.0,reject_b_market_emotion_warming,B额外过滤market_emotion_state_bucket=warming。
A_plus_B_strict,20260327,A,HISTORICAL_SIM_FILLED,300204.SZ,舒泰神,chi_next,无,0.0397618491523106,1073459.2320524105,1116141.9561084337,a_audit_dynamic_account_return,,False,False,,,,,,,False,0,False,500000.0,1116141.9561084337,0.0,reject_b_market_emotion_warming,B额外过滤market_emotion_state_bucket=warming。
A_plus_B_strict,20260330,A_OR_B,POSITION_OCCUPIED_SKIP,,,,,0.0,1116141.9561084337,1116141.9561084337,,300204.SZ 舒泰神,False,False,,,,,,,False,0,False,500000.0,1116141.9561084337,0.0,reject_b_market_emotion_warming,B额外过滤market_emotion_state_bucket=warming。
A_plus_B_strict,20260331,NONE,NO_CANDIDATE,,,,,0.0,1116141.9561084337,1116141.9561084337,,,False,False,,,,,,,False,0,False,500000.0,1116141.9561084337,0.0,reject_b_market_emotion_warming,B额外过滤market_emotion_state_bucket=warming。
A_plus_B_strict,20260401,NONE,NO_CANDIDATE,,,,,0.0,1116141.9561084337,1116141.9561084337,,,False,False,,,,,,,False,0,False,500000.0,1116141.9561084337,0.0,reject_b_market_emotion_warming,B额外过滤market_emotion_state_bucket=warming。
A_plus_B_strict,20260402,NONE,NO_CANDIDATE,,,,,0.0,1116141.9561084337,1116141.9561084337,,,False,False,,,,,,,False,0,False,500000.0,1116141.9561084337,0.0,reject_b_market_emotion_warming,B额外过滤market_emotion_state_bucket=warming。
A_plus_B_strict,20260403,NONE,NO_CANDIDATE,,,,,0.0,1116141.9561084337,1116141.9561084337,,,False,False,,,,,,,False,0,False,500000.0,1116141.9561084337,0.0,reject_b_market_emotion_warming,B额外过滤market_emotion_state_bucket=warming。
A_plus_B_strict,20260407,NONE,NO_CANDIDATE,,,,,0.0,1116141.9561084337,1116141.9561084337,,,False,False,,,,,,,False,0,False,500000.0,1116141.9561084337,0.0,reject_b_market_emotion_warming,B额外过滤market_emotion_state_bucket=warming。
A_plus_B_strict,20260408,NONE,NO_CANDIDATE,,,,,0.0,1116141.9561084337,1116141.9561084337,,,False,False,,,,,,,False,0,False,500000.0,1116141.9561084337,0.0,reject_b_market_emotion_warming,B额外过滤market_emotion_state_bucket=warming。
A_plus_B_strict,20260409,A,HISTORICAL_SIM_FILLED,300489.SZ,光智科技,chi_next,无,0.0826627480845445,1116141.9561084337,1208405.3174528158,a_audit_dynamic_account_return,,False,False,,,,,,,False,0,False,500000.0,1208405.3174528158,0.0,reject_b_market_emotion_warming,B额外过滤market_emotion_state_bucket=warming。
A_plus_B_strict,20260410,A_OR_B,POSITION_OCCUPIED_SKIP,,,,,0.0,1208405.3174528158,1208405.3174528158,,300489.SZ 光智科技,False,False,,,,,,,False,0,False,500000.0,1208405.3174528158,0.0,reject_b_market_emotion_warming,B额外过滤market_emotion_state_bucket=warming。
A_plus_B_strict,20260413,B,HISTORICAL_SIM_FILLED,000968.SZ,蓝焰控股,sz_main,无,-0.049626241187383915,1208405.3174528158,1148436.7037167852,b_conservative_daily_replay,,True,True,,,20260414,20260415,10.090079999999999,9.48051,False,0,False,500000.0,1208405.3174528158,-0.0496262411873839,reject_b_market_emotion_warming,B额外过滤market_emotion_state_bucket=warming。
A_plus_B_strict,20260414,A_OR_B,POSITION_OCCUPIED_SKIP,,,,,0.0,1148436.7037167852,1148436.7037167852,,000968.SZ 蓝焰控股,False,False,,,,,,,False,0,False,500000.0,1208405.3174528158,-0.0496262411873839,reject_b_market_emotion_warming,B额外过滤market_emotion_state_bucket=warming。
A_plus_B_strict,20260415,NONE,NO_CANDIDATE,,,,,0.0,1148436.7037167852,1148436.7037167852,,,False,False,,,,,,,False,0,False,500000.0,1208405.3174528158,-0.0496262411873839,reject_b_market_emotion_warming,B额外过滤market_emotion_state_bucket=warming。
A_plus_B_strict,20260416,NONE,NO_CANDIDATE,,,,,0.0,1148436.7037167852,1148436.7037167852,,,False,False,,,,,,,False,0,False,500000.0,1208405.3174528158,-0.0496262411873839,reject_b_market_emotion_warming,B额外过滤market_emotion_state_bucket=warming。
A_plus_B_strict,20260417,A,HISTORICAL_SIM_FILLED,301319.SZ,唯特偶,chi_next,无,0.0352808081329955,1148436.7037167852,1188954.4787135068,a_audit_dynamic_account_return,,False,False,,,,,,,False,0,False,500000.0,1208405.3174528158,-0.016096286948082295,reject_b_market_emotion_warming,B额外过滤market_emotion_state_bucket=warming。
A_plus_B_strict,20260420,A_OR_B,POSITION_OCCUPIED_SKIP,,,,,0.0,1188954.4787135068,1188954.4787135068,,301319.SZ 唯特偶,False,False,,,,,,,False,0,False,500000.0,1208405.3174528158,-0.016096286948082295,reject_b_market_emotion_warming,B额外过滤market_emotion_state_bucket=warming。
A_plus_B_strict,20260421,NONE,NO_CANDIDATE,,,,,0.0,1188954.4787135068,1188954.4787135068,,,False,False,,,,,,,False,0,False,500000.0,1208405.3174528158,-0.016096286948082295,reject_b_market_emotion_warming,B额外过滤market_emotion_state_bucket=warming。
A_plus_B_strict,20260422,NONE,NO_CANDIDATE,,,,,0.0,1188954.4787135068,1188954.4787135068,,,False,False,,,,,,,False,0,False,500000.0,1208405.3174528158,-0.016096286948082295,reject_b_market_emotion_warming,B额外过滤market_emotion_state_bucket=warming。
A_plus_B_strict,20260423,NONE,NO_CANDIDATE,,,,,0.0,1188954.4787135068,1188954.4787135068,,,False,False,,,,,,,False,0,False,500000.0,1208405.3174528158,-0.016096286948082295,reject_b_market_emotion_warming,B额外过滤market_emotion_state_bucket=warming。
A_plus_B_strict,20260424,NONE,NO_CANDIDATE,,,,,0.0,1188954.4787135068,1188954.4787135068,,,False,False,,,,,,,False,0,False,500000.0,1208405.3174528158,-0.016096286948082295,reject_b_market_emotion_warming,B额外过滤market_emotion_state_bucket=warming。
A_plus_B_strict,20260427,NONE,NO_CANDIDATE,,,,,0.0,1188954.4787135068,1188954.4787135068,,,False,False,,,,,,,False,0,False,500000.0,1208405.3174528158,-0.016096286948082295,reject_b_market_emotion_warming,B额外过滤market_emotion_state_bucket=warming。
A_plus_B_strict,20260428,NONE,NO_CANDIDATE,,,,,0.0,1188954.4787135068,1188954.4787135068,,,False,False,,,,,,,False,0,False,500000.0,1208405.3174528158,-0.016096286948082295,reject_b_market_emotion_warming,B额外过滤market_emotion_state_bucket=warming。
A_plus_B_strict,20260429,NONE,NO_CANDIDATE,,,,,0.0,1188954.4787135068,1188954.4787135068,,,False,False,,,,,,,False,0,False,500000.0,1208405.3174528158,-0.016096286948082295,reject_b_market_emotion_warming,B额外过滤market_emotion_state_bucket=warming。
A_plus_B_strict,20260430,NONE,NO_CANDIDATE,,,,,0.0,1188954.4787135068,1188954.4787135068,,,False,False,,,,,,,False,0,False,500000.0,1208405.3174528158,-0.016096286948082295,reject_b_market_emotion_warming,B额外过滤market_emotion_state_bucket=warming。
A_plus_B_strict,20260506,NONE,NO_CANDIDATE,,,,,0.0,1188954.4787135068,1188954.4787135068,,,False,False,,,,,,,False,0,False,500000.0,1208405.3174528158,-0.016096286948082295,reject_b_market_emotion_warming,B额外过滤market_emotion_state_bucket=warming。
A_plus_B_strict,20260507,B,HISTORICAL_SIM_FILLED,603256.SH,宏和科技,sh_main,无,0.02464048591717308,1188954.4787135068,1218250.894802407,b_conservative_daily_replay,,True,True,,,20260508,20260511,145.12497999999997,149.83002,False,0,False,500000.0,1218250.894802407,0.0,reject_b_market_emotion_warming,B额外过滤market_emotion_state_bucket=warming。
A_plus_B_strict,20260508,A_OR_B,POSITION_OCCUPIED_SKIP,,,,,0.0,1218250.894802407,1218250.894802407,,603256.SH 宏和科技,False,False,,,,,,,False,0,False,500000.0,1218250.894802407,0.0,reject_b_market_emotion_warming,B额外过滤market_emotion_state_bucket=warming。
A_plus_B_strict,20260511,NONE,NO_CANDIDATE,,,,,0.0,1218250.894802407,1218250.894802407,,,False,False,,,,,,,False,0,False,500000.0,1218250.894802407,0.0,reject_b_market_emotion_warming,B额外过滤market_emotion_state_bucket=warming。
A_plus_B_strict,20260512,NONE,NO_CANDIDATE,,,,,0.0,1218250.894802407,1218250.894802407,,,False,False,,,,,,,False,0,False,500000.0,1218250.894802407,0.0,reject_b_market_emotion_warming,B额外过滤market_emotion_state_bucket=warming。
A_plus_B_strict,20260513,NONE,NO_CANDIDATE,,,,,0.0,1218250.894802407,1218250.894802407,,,False,False,,,,,,,False,0,False,500000.0,1218250.894802407,0.0,reject_b_market_emotion_warming,B额外过滤market_emotion_state_bucket=warming。
A_plus_B_strict,20260514,NONE,NO_CANDIDATE,,,,,0.0,1218250.894802407,1218250.894802407,,,False,False,,,,,,,False,0,False,500000.0,1218250.894802407,0.0,reject_b_market_emotion_warming,B额外过滤market_emotion_state_bucket=warming。
A_plus_B_strict,20251112,NONE,NO_CANDIDATE,,,,,0.0,500000.0,500000.0,,,False,False,,,,,,,False,0,False,500000.0,500000.0,0.0,reject_b_sh_main_or_open_times_gte_4,B额外过滤沪市主板或炸板次数>=4。
A_plus_B_strict,20251113,NONE,NO_CANDIDATE,,,,,0.0,500000.0,500000.0,,,False,False,,,,,,,False,0,False,500000.0,500000.0,0.0,reject_b_sh_main_or_open_times_gte_4,B额外过滤沪市主板或炸板次数>=4。
A_plus_B_strict,20251114,NONE,NO_CANDIDATE,,,,,0.0,500000.0,500000.0,,,False,False,,,,,,,False,0,False,500000.0,500000.0,0.0,reject_b_sh_main_or_open_times_gte_4,B额外过滤沪市主板或炸板次数>=4。
A_plus_B_strict,20251117,NONE,NO_CANDIDATE,,,,,0.0,500000.0,500000.0,,,False,False,,,,,,,False,0,False,500000.0,500000.0,0.0,reject_b_sh_main_or_open_times_gte_4,B额外过滤沪市主板或炸板次数>=4。
A_plus_B_strict,20251118,NONE,NO_CANDIDATE,,,,,0.0,500000.0,500000.0,,,False,False,,,,,,,False,0,False,500000.0,500000.0,0.0,reject_b_sh_main_or_open_times_gte_4,B额外过滤沪市主板或炸板次数>=4。
A_plus_B_strict,20251119,NONE,NO_CANDIDATE,,,,,0.0,500000.0,500000.0,,,False,False,,,,,,,False,0,False,500000.0,500000.0,0.0,reject_b_sh_main_or_open_times_gte_4,B额外过滤沪市主板或炸板次数>=4。
A_plus_B_strict,20251120,A,HISTORICAL_SIM_FILLED,301092.SZ,争光股份,chi_next,无,-0.0505145833968012,500000.0,474742.7083015994,a_audit_dynamic_account_return,,False,False,,,,,,,False,0,False,500000.0,500000.0,-0.05051458339680115,reject_b_sh_main_or_open_times_gte_4,B额外过滤沪市主板或炸板次数>=4。
A_plus_B_strict,20251121,A_OR_B,POSITION_OCCUPIED_SKIP,,,,,0.0,474742.7083015994,474742.7083015994,,301092.SZ 争光股份,False,False,,,,,,,False,0,False,500000.0,500000.0,-0.05051458339680115,reject_b_sh_main_or_open_times_gte_4,B额外过滤沪市主板或炸板次数>=4。
A_plus_B_strict,20251124,NONE,NO_CANDIDATE,,,,,0.0,474742.7083015994,474742.7083015994,,,False,False,,,,,,,False,0,False,500000.0,500000.0,-0.05051458339680115,reject_b_sh_main_or_open_times_gte_4,B额外过滤沪市主板或炸板次数>=4。
A_plus_B_strict,20251125,A,REVIEW_REQUIRED_PLAN_ONLY,301117.SZ,佳缘科技,chi_next,LOSS_OVERLAY_WATCH,0.0,474742.7083015994,474742.7083015994,manual_review_skip,,False,False,,,,,,,False,0,False,500000.0,500000.0,-0.05051458339680115,reject_b_sh_main_or_open_times_gte_4,B额外过滤沪市主板或炸板次数>=4。
A_plus_B_strict,20251126,NONE,NO_CANDIDATE,,,,,0.0,474742.7083015994,474742.7083015994,,,False,False,,,,,,,False,0,False,500000.0,500000.0,-0.05051458339680115,reject_b_sh_main_or_open_times_gte_4,B额外过滤沪市主板或炸板次数>=4。
A_plus_B_strict,20251127,NONE,NO_CANDIDATE,,,,,0.0,474742.7083015994,474742.7083015994,,,False,False,,,,,,,False,0,False,500000.0,500000.0,-0.05051458339680115,reject_b_sh_main_or_open_times_gte_4,B额外过滤沪市主板或炸板次数>=4。
A_plus_B_strict,20251128,NONE,NO_CANDIDATE,,,,,0.0,474742.7083015994,474742.7083015994,,,False,False,,,,,,,False,0,False,500000.0,500000.0,-0.05051458339680115,reject_b_sh_main_or_open_times_gte_4,B额外过滤沪市主板或炸板次数>=4。
A_plus_B_strict,20251201,NONE,NO_CANDIDATE,,,,,0.0,474742.7083015994,474742.7083015994,,,False,False,,,,,,,False,0,False,500000.0,500000.0,-0.05051458339680115,reject_b_sh_main_or_open_times_gte_4,B额外过滤沪市主板或炸板次数>=4。
A_plus_B_strict,20251202,NONE,NO_CANDIDATE,,,,,0.0,474742.7083015994,474742.7083015994,,,False,False,,,,,,,False,0,False,500000.0,500000.0,-0.05051458339680115,reject_b_sh_main_or_open_times_gte_4,B额外过滤沪市主板或炸板次数>=4。
A_plus_B_strict,20251203,NONE,NO_CANDIDATE,,,,,0.0,474742.7083015994,474742.7083015994,,,False,False,,,,,,,False,0,False,500000.0,500000.0,-0.05051458339680115,reject_b_sh_main_or_open_times_gte_4,B额外过滤沪市主板或炸板次数>=4。
A_plus_B_strict,20251204,A,HISTORICAL_SIM_FILLED,300946.SZ,恒而达,chi_next,无,0.0291749495998269,474742.7083015994,488593.30288918386,a_audit_dynamic_account_return,,False,False,,,,,,,False,0,False,500000.0,500000.0,-0.02281339422163231,reject_b_sh_main_or_open_times_gte_4,B额外过滤沪市主板或炸板次数>=4。
A_plus_B_strict,20251205,A_OR_B,POSITION_OCCUPIED_SKIP,,,,,0.0,488593.30288918386,488593.30288918386,,300946.SZ 恒而达,False,False,,,,,,,False,0,False,500000.0,500000.0,-0.02281339422163231,reject_b_sh_main_or_open_times_gte_4,B额外过滤沪市主板或炸板次数>=4。
A_plus_B_strict,20251208,NONE,NO_CANDIDATE,,,,,0.0,488593.30288918386,488593.30288918386,,,False,False,,,,,,,False,0,False,500000.0,500000.0,-0.02281339422163231,reject_b_sh_main_or_open_times_gte_4,B额外过滤沪市主板或炸板次数>=4。
A_plus_B_strict,20251209,NONE,NO_CANDIDATE,,,,,0.0,488593.30288918386,488593.30288918386,,,False,False,,,,,,,False,0,False,500000.0,500000.0,-0.02281339422163231,reject_b_sh_main_or_open_times_gte_4,B额外过滤沪市主板或炸板次数>=4。
A_plus_B_strict,20251210,NONE,NO_CANDIDATE,,,,,0.0,488593.30288918386,488593.30288918386,,,False,False,,,,,,,False,0,False,500000.0,500000.0,-0.02281339422163231,reject_b_sh_main_or_open_times_gte_4,B额外过滤沪市主板或炸板次数>=4。
A_plus_B_strict,20251211,NONE,NO_CANDIDATE,,,,,0.0,488593.30288918386,488593.30288918386,,,False,False,,,,,,,False,0,False,500000.0,500000.0,-0.02281339422163231,reject_b_sh_main_or_open_times_gte_4,B额外过滤沪市主板或炸板次数>=4。
A_plus_B_strict,20251212,A,HISTORICAL_SIM_FILLED,920576.BJ,天力复合,bj,无,0.181313377355646,488593.30288918386,577181.8047893719,a_audit_dynamic_account_return,,False,False,,,,,,,False,0,False,500000.0,577181.8047893719,0.0,reject_b_sh_main_or_open_times_gte_4,B额外过滤沪市主板或炸板次数>=4。
A_plus_B_strict,20251215,A_OR_B,POSITION_OCCUPIED_SKIP,,,,,0.0,577181.8047893719,577181.8047893719,,920576.BJ 天力复合,False,False,,,,,,,False,0,False,500000.0,577181.8047893719,0.0,reject_b_sh_main_or_open_times_gte_4,B额外过滤沪市主板或炸板次数>=4。
A_plus_B_strict,20251216,NONE,NO_CANDIDATE,,,,,0.0,577181.8047893719,577181.8047893719,,,False,False,,,,,,,False,0,False,500000.0,577181.8047893719,0.0,reject_b_sh_main_or_open_times_gte_4,B额外过滤沪市主板或炸板次数>=4。
A_plus_B_strict,20251217,NONE,NO_CANDIDATE,,,,,0.0,577181.8047893719,577181.8047893719,,,False,False,,,,,,,False,0,False,500000.0,577181.8047893719,0.0,reject_b_sh_main_or_open_times_gte_4,B额外过滤沪市主板或炸板次数>=4。
A_plus_B_strict,20251218,NONE,NO_CANDIDATE,,,,,0.0,577181.8047893719,577181.8047893719,,,False,False,,,,,,,False,0,False,500000.0,577181.8047893719,0.0,reject_b_sh_main_or_open_times_gte_4,B额外过滤沪市主板或炸板次数>=4。
A_plus_B_strict,20251219,A,REVIEW_REQUIRED_PLAN_ONLY,300557.SZ,理工光科,chi_next,LOSS_OVERLAY_WATCH,0.0,577181.8047893719,577181.8047893719,manual_review_skip,,False,False,,,,,,,False,0,False,500000.0,577181.8047893719,0.0,reject_b_sh_main_or_open_times_gte_4,B额外过滤沪市主板或炸板次数>=4。
A_plus_B_strict,20251222,NONE,NO_CANDIDATE,,,,,0.0,577181.8047893719,577181.8047893719,,,False,False,,,,,,,False,0,False,500000.0,577181.8047893719,0.0,reject_b_sh_main_or_open_times_gte_4,B额外过滤沪市主板或炸板次数>=4。
A_plus_B_strict,20251223,NONE,NO_CANDIDATE,,,,,0.0,577181.8047893719,577181.8047893719,,,False,False,,,,,,,False,0,False,500000.0,577181.8047893719,0.0,reject_b_sh_main_or_open_times_gte_4,B额外过滤沪市主板或炸板次数>=4。
A_plus_B_strict,20251224,NONE,NO_CANDIDATE,,,,,0.0,577181.8047893719,577181.8047893719,,,False,False,,,,,,,False,0,False,500000.0,577181.8047893719,0.0,reject_b_sh_main_or_open_times_gte_4,B额外过滤沪市主板或炸板次数>=4。
A_plus_B_strict,20251225,NONE,NO_CANDIDATE,,,,,0.0,577181.8047893719,577181.8047893719,,,False,False,,,,,,,False,0,False,500000.0,577181.8047893719,0.0,reject_b_sh_main_or_open_times_gte_4,B额外过滤沪市主板或炸板次数>=4。
A_plus_B_strict,20251226,NONE,NO_CANDIDATE,,,,,0.0,577181.8047893719,577181.8047893719,,,False,False,,,,,,,False,0,False,500000.0,577181.8047893719,0.0,reject_b_sh_main_or_open_times_gte_4,B额外过滤沪市主板或炸板次数>=4。
A_plus_B_strict,20251229,NONE,NO_CANDIDATE,,,,,0.0,577181.8047893719,577181.8047893719,,,False,False,,,,,,,False,0,False,500000.0,577181.8047893719,0.0,reject_b_sh_main_or_open_times_gte_4,B额外过滤沪市主板或炸板次数>=4。
A_plus_B_strict,20251230,NONE,NO_CANDIDATE,,,,,0.0,577181.8047893719,577181.8047893719,,,False,False,,,,,,,False,0,False,500000.0,577181.8047893719,0.0,reject_b_sh_main_or_open_times_gte_4,B额外过滤沪市主板或炸板次数>=4。
A_plus_B_strict,20251231,A,HISTORICAL_SIM_FILLED,300058.SZ,蓝色光标,chi_next,无,0.1308549259970799,577181.8047893719,652708.8871419462,a_audit_dynamic_account_return,,False,False,,,,,,,False,0,False,500000.0,652708.8871419462,0.0,reject_b_sh_main_or_open_times_gte_4,B额外过滤沪市主板或炸板次数>=4。
A_plus_B_strict,20260105,A_OR_B,POSITION_OCCUPIED_SKIP,,,,,0.0,652708.8871419462,652708.8871419462,,300058.SZ 蓝色光标,False,False,,,,,,,False,0,False,500000.0,652708.8871419462,0.0,reject_b_sh_main_or_open_times_gte_4,B额外过滤沪市主板或炸板次数>=4。
A_plus_B_strict,20260106,B,HISTORICAL_SIM_FILLED,002865.SZ,钧达股份,sz_main,无,0.15860683400809739,652708.8871419462,756232.977260479,b_conservative_daily_replay,,True,True,,,20260107,20260108,57.056999999999995,68.46147,False,0,False,500000.0,756232.977260479,0.0,reject_b_sh_main_or_open_times_gte_4,B额外过滤沪市主板或炸板次数>=4。
A_plus_B_strict,20260107,A_OR_B,POSITION_OCCUPIED_SKIP,,,,,0.0,756232.977260479,756232.977260479,,002865.SZ 钧达股份,False,False,,,,,,,False,0,False,500000.0,756232.977260479,0.0,reject_b_sh_main_or_open_times_gte_4,B额外过滤沪市主板或炸板次数>=4。
A_plus_B_strict,20260108,NONE,NO_CANDIDATE,,,,,0.0,756232.977260479,756232.977260479,,,False,False,,,,,,,False,0,False,500000.0,756232.977260479,0.0,reject_b_sh_main_or_open_times_gte_4,B额外过滤沪市主板或炸板次数>=4。
A_plus_B_strict,20260109,NONE,NO_CANDIDATE,,,,,0.0,756232.977260479,756232.977260479,,,False,False,,,,,,,False,0,False,500000.0,756232.977260479,0.0,reject_b_sh_main_or_open_times_gte_4,B额外过滤沪市主板或炸板次数>=4。
A_plus_B_strict,20260112,NONE,NO_CANDIDATE,,,,,0.0,756232.977260479,756232.977260479,,,False,False,,,,,,,False,0,False,500000.0,756232.977260479,0.0,reject_b_sh_main_or_open_times_gte_4,B额外过滤沪市主板或炸板次数>=4。
A_plus_B_strict,20260113,NONE,NO_CANDIDATE,,,,,0.0,756232.977260479,756232.977260479,,,False,False,,,,,,,False,0,False,500000.0,756232.977260479,0.0,reject_b_sh_main_or_open_times_gte_4,B额外过滤沪市主板或炸板次数>=4。
A_plus_B_strict,20260114,NONE,NO_CANDIDATE,,,,,0.0,756232.977260479,756232.977260479,,,False,False,,,,,,,False,0,False,500000.0,756232.977260479,0.0,reject_b_sh_main_or_open_times_gte_4,B额外过滤沪市主板或炸板次数>=4。
A_plus_B_strict,20260115,A,HISTORICAL_SIM_FILLED,301629.SZ,矽电股份,chi_next,无,-0.0338313603969523,756232.977260479,730648.5868627195,a_audit_dynamic_account_return,,False,False,,,,,,,False,0,False,500000.0,756232.977260479,-0.03383136039695234,reject_b_sh_main_or_open_times_gte_4,B额外过滤沪市主板或炸板次数>=4。
A_plus_B_strict,20260116,A_OR_B,POSITION_OCCUPIED_SKIP,,,,,0.0,730648.5868627195,730648.5868627195,,301629.SZ 矽电股份,False,False,,,,,,,False,0,False,500000.0,756232.977260479,-0.03383136039695234,reject_b_sh_main_or_open_times_gte_4,B额外过滤沪市主板或炸板次数>=4。
A_plus_B_strict,20260119,A,HISTORICAL_SIM_FILLED,300658.SZ,延江股份,chi_next,无,0.0681174370165976,730648.5868627195,780418.4959596068,a_audit_dynamic_account_return,,False,False,,,,,,,False,0,False,500000.0,780418.4959596068,0.0,reject_b_sh_main_or_open_times_gte_4,B额外过滤沪市主板或炸板次数>=4。
A_plus_B_strict,20260120,A_OR_B,POSITION_OCCUPIED_SKIP,,,,,0.0,780418.4959596068,780418.4959596068,,300658.SZ 延江股份,False,False,,,,,,,False,0,False,500000.0,780418.4959596068,0.0,reject_b_sh_main_or_open_times_gte_4,B额外过滤沪市主板或炸板次数>=4。
A_plus_B_strict,20260121,NONE,NO_CANDIDATE,,,,,0.0,780418.4959596068,780418.4959596068,,,False,False,,,,,,,False,0,False,500000.0,780418.4959596068,0.0,reject_b_sh_main_or_open_times_gte_4,B额外过滤沪市主板或炸板次数>=4。
A_plus_B_strict,20260122,NONE,NO_CANDIDATE,,,,,0.0,780418.4959596068,780418.4959596068,,,False,False,,,,,,,False,0,False,500000.0,780418.4959596068,0.0,reject_b_sh_main_or_open_times_gte_4,B额外过滤沪市主板或炸板次数>=4。
A_plus_B_strict,20260123,A,HISTORICAL_SIM_FILLED,920368.BJ,连城数控,bj,无,0.1027727855059111,780418.4959596068,860624.2786497092,a_audit_dynamic_account_return,,False,False,,,,,,,False,0,False,500000.0,860624.2786497092,0.0,reject_b_sh_main_or_open_times_gte_4,B额外过滤沪市主板或炸板次数>=4。
A_plus_B_strict,20260126,A_OR_B,POSITION_OCCUPIED_SKIP,,,,,0.0,860624.2786497092,860624.2786497092,,920368.BJ 连城数控,False,False,,,,,,,False,0,False,500000.0,860624.2786497092,0.0,reject_b_sh_main_or_open_times_gte_4,B额外过滤沪市主板或炸板次数>=4。
A_plus_B_strict,20260127,NONE,NO_CANDIDATE,,,,,0.0,860624.2786497092,860624.2786497092,,,False,False,,,,,,,False,0,False,500000.0,860624.2786497092,0.0,reject_b_sh_main_or_open_times_gte_4,B额外过滤沪市主板或炸板次数>=4。
A_plus_B_strict,20260128,A,HISTORICAL_SIM_FILLED,300164.SZ,通源石油,chi_next,无,0.0457725821591917,860624.2786497092,900017.2741523981,a_audit_dynamic_account_return,,False,False,,,,,,,False,0,False,500000.0,900017.2741523981,0.0,reject_b_sh_main_or_open_times_gte_4,B额外过滤沪市主板或炸板次数>=4。
A_plus_B_strict,20260129,A_OR_B,POSITION_OCCUPIED_SKIP,,,,,0.0,900017.2741523981,900017.2741523981,,300164.SZ 通源石油,False,False,,,,,,,False,0,False,500000.0,900017.2741523981,0.0,reject_b_sh_main_or_open_times_gte_4,B额外过滤沪市主板或炸板次数>=4。
A_plus_B_strict,20260130,NONE,NO_CANDIDATE,,,,,0.0,900017.2741523981,900017.2741523981,,,False,False,,,,,,,False,0,False,500000.0,900017.2741523981,0.0,reject_b_sh_main_or_open_times_gte_4,B额外过滤沪市主板或炸板次数>=4。
A_plus_B_strict,20260202,NONE,NO_CANDIDATE,,,,,0.0,900017.2741523981,900017.2741523981,,,False,False,,,,,,,False,0,False,500000.0,900017.2741523981,0.0,reject_b_sh_main_or_open_times_gte_4,B额外过滤沪市主板或炸板次数>=4。
A_plus_B_strict,20260203,NONE,NO_CANDIDATE,,,,,0.0,900017.2741523981,900017.2741523981,,,False,False,,,,,,,False,0,False,500000.0,900017.2741523981,0.0,reject_b_sh_main_or_open_times_gte_4,B额外过滤沪市主板或炸板次数>=4。
A_plus_B_strict,20260204,NONE,NO_CANDIDATE,,,,,0.0,900017.2741523981,900017.2741523981,,,False,False,,,,,,,False,0,False,500000.0,900017.2741523981,0.0,reject_b_sh_main_or_open_times_gte_4,B额外过滤沪市主板或炸板次数>=4。
A_plus_B_strict,20260205,NONE,NO_CANDIDATE,,,,,0.0,900017.2741523981,900017.2741523981,,,False,False,,,,,,,False,0,False,500000.0,900017.2741523981,0.0,reject_b_sh_main_or_open_times_gte_4,B额外过滤沪市主板或炸板次数>=4。
A_plus_B_strict,20260206,NONE,NO_CANDIDATE,,,,,0.0,900017.2741523981,900017.2741523981,,,False,False,,,,,,,False,0,False,500000.0,900017.2741523981,0.0,reject_b_sh_main_or_open_times_gte_4,B额外过滤沪市主板或炸板次数>=4。
A_plus_B_strict,20260209,NONE,NO_CANDIDATE,,,,,0.0,900017.2741523981,900017.2741523981,,,False,False,,,,,,,False,0,False,500000.0,900017.2741523981,0.0,reject_b_sh_main_or_open_times_gte_4,B额外过滤沪市主板或炸板次数>=4。
A_plus_B_strict,20260210,NONE,NO_CANDIDATE,,,,,0.0,900017.2741523981,900017.2741523981,,,False,False,,,,,,,False,0,False,500000.0,900017.2741523981,0.0,reject_b_sh_main_or_open_times_gte_4,B额外过滤沪市主板或炸板次数>=4。
A_plus_B_strict,20260211,NONE,NO_CANDIDATE,,,,,0.0,900017.2741523981,900017.2741523981,,,False,False,,,,,,,False,0,False,500000.0,900017.2741523981,0.0,reject_b_sh_main_or_open_times_gte_4,B额外过滤沪市主板或炸板次数>=4。
A_plus_B_strict,20260212,NONE,NO_CANDIDATE,,,,,0.0,900017.2741523981,900017.2741523981,,,False,False,,,,,,,False,0,False,500000.0,900017.2741523981,0.0,reject_b_sh_main_or_open_times_gte_4,B额外过滤沪市主板或炸板次数>=4。
A_plus_B_strict,20260213,NONE,NO_CANDIDATE,,,,,0.0,900017.2741523981,900017.2741523981,,,False,False,,,,,,,False,0,False,500000.0,900017.2741523981,0.0,reject_b_sh_main_or_open_times_gte_4,B额外过滤沪市主板或炸板次数>=4。
A_plus_B_strict,20260224,NONE,NO_CANDIDATE,,,,,0.0,900017.2741523981,900017.2741523981,,,False,False,,,,,,,False,0,False,500000.0,900017.2741523981,0.0,reject_b_sh_main_or_open_times_gte_4,B额外过滤沪市主板或炸板次数>=4。
A_plus_B_strict,20260225,NONE,NO_CANDIDATE,,,,,0.0,900017.2741523981,900017.2741523981,,,False,False,,,,,,,False,0,False,500000.0,900017.2741523981,0.0,reject_b_sh_main_or_open_times_gte_4,B额外过滤沪市主板或炸板次数>=4。
A_plus_B_strict,20260226,A,HISTORICAL_SIM_FILLED,300499.SZ,高澜股份,chi_next,无,0.0193948880593092,900017.2741523981,917473.0084360284,a_audit_dynamic_account_return,,False,False,,,,,,,False,0,False,500000.0,917473.0084360284,0.0,reject_b_sh_main_or_open_times_gte_4,B额外过滤沪市主板或炸板次数>=4。
A_plus_B_strict,20260227,A_OR_B,POSITION_OCCUPIED_SKIP,,,,,0.0,917473.0084360284,917473.0084360284,,300499.SZ 高澜股份,False,False,,,,,,,False,0,False,500000.0,917473.0084360284,0.0,reject_b_sh_main_or_open_times_gte_4,B额外过滤沪市主板或炸板次数>=4。
A_plus_B_strict,20260302,NONE,NO_CANDIDATE,,,,,0.0,917473.0084360284,917473.0084360284,,,False,False,,,,,,,False,0,False,500000.0,917473.0084360284,0.0,reject_b_sh_main_or_open_times_gte_4,B额外过滤沪市主板或炸板次数>=4。
A_plus_B_strict,20260303,NONE,NO_CANDIDATE,,,,,0.0,917473.0084360284,917473.0084360284,,,False,False,,,,,,,False,0,False,500000.0,917473.0084360284,0.0,reject_b_sh_main_or_open_times_gte_4,B额外过滤沪市主板或炸板次数>=4。
A_plus_B_strict,20260304,NONE,NO_CANDIDATE,,,,,0.0,917473.0084360284,917473.0084360284,,,False,False,,,,,,,False,0,False,500000.0,917473.0084360284,0.0,reject_b_sh_main_or_open_times_gte_4,B额外过滤沪市主板或炸板次数>=4。
A_plus_B_strict,20260305,NONE,NO_CANDIDATE,,,,,0.0,917473.0084360284,917473.0084360284,,,False,False,,,,,,,False,0,False,500000.0,917473.0084360284,0.0,reject_b_sh_main_or_open_times_gte_4,B额外过滤沪市主板或炸板次数>=4。
A_plus_B_strict,20260306,NONE,NO_CANDIDATE,,,,,0.0,917473.0084360284,917473.0084360284,,,False,False,,,,,,,False,0,False,500000.0,917473.0084360284,0.0,reject_b_sh_main_or_open_times_gte_4,B额外过滤沪市主板或炸板次数>=4。
A_plus_B_strict,20260309,A,REVIEW_REQUIRED_PLAN_ONLY,301606.SZ,绿联科技,chi_next,LOSS_OVERLAY_WATCH,0.0,917473.0084360284,917473.0084360284,manual_review_skip,,False,False,,,,,,,False,0,False,500000.0,917473.0084360284,0.0,reject_b_sh_main_or_open_times_gte_4,B额外过滤沪市主板或炸板次数>=4。
A_plus_B_strict,20260310,NONE,NO_CANDIDATE,,,,,0.0,917473.0084360284,917473.0084360284,,,False,False,,,,,,,False,0,False,500000.0,917473.0084360284,0.0,reject_b_sh_main_or_open_times_gte_4,B额外过滤沪市主板或炸板次数>=4。
A_plus_B_strict,20260311,NONE,NO_CANDIDATE,,,,,0.0,917473.0084360284,917473.0084360284,,,False,False,,,,,,,False,0,False,500000.0,917473.0084360284,0.0,reject_b_sh_main_or_open_times_gte_4,B额外过滤沪市主板或炸板次数>=4。
A_plus_B_strict,20260312,NONE,NO_CANDIDATE,,,,,0.0,917473.0084360284,917473.0084360284,,,False,False,,,,,,,False,0,False,500000.0,917473.0084360284,0.0,reject_b_sh_main_or_open_times_gte_4,B额外过滤沪市主板或炸板次数>=4。
A_plus_B_strict,20260313,NONE,NO_CANDIDATE,,,,,0.0,917473.0084360284,917473.0084360284,,,False,False,,,,,,,False,0,False,500000.0,917473.0084360284,0.0,reject_b_sh_main_or_open_times_gte_4,B额外过滤沪市主板或炸板次数>=4。
A_plus_B_strict,20260316,NONE,NO_CANDIDATE,,,,,0.0,917473.0084360284,917473.0084360284,,,False,False,,,,,,,False,0,False,500000.0,917473.0084360284,0.0,reject_b_sh_main_or_open_times_gte_4,B额外过滤沪市主板或炸板次数>=4。
A_plus_B_strict,20260317,NONE,NO_CANDIDATE,,,,,0.0,917473.0084360284,917473.0084360284,,,False,False,,,,,,,False,0,False,500000.0,917473.0084360284,0.0,reject_b_sh_main_or_open_times_gte_4,B额外过滤沪市主板或炸板次数>=4。
A_plus_B_strict,20260318,NONE,NO_CANDIDATE,,,,,0.0,917473.0084360284,917473.0084360284,,,False,False,,,,,,,False,0,False,500000.0,917473.0084360284,0.0,reject_b_sh_main_or_open_times_gte_4,B额外过滤沪市主板或炸板次数>=4。
A_plus_B_strict,20260319,NONE,NO_CANDIDATE,,,,,0.0,917473.0084360284,917473.0084360284,,,False,False,,,,,,,False,0,False,500000.0,917473.0084360284,0.0,reject_b_sh_main_or_open_times_gte_4,B额外过滤沪市主板或炸板次数>=4。
A_plus_B_strict,20260320,NONE,NO_CANDIDATE,,,,,0.0,917473.0084360284,917473.0084360284,,,False,False,,,,,,,False,0,False,500000.0,917473.0084360284,0.0,reject_b_sh_main_or_open_times_gte_4,B额外过滤沪市主板或炸板次数>=4。
A_plus_B_strict,20260323,NONE,NO_CANDIDATE,,,,,0.0,917473.0084360284,917473.0084360284,,,False,False,,,,,,,False,0,False,500000.0,917473.0084360284,0.0,reject_b_sh_main_or_open_times_gte_4,B额外过滤沪市主板或炸板次数>=4。
A_plus_B_strict,20260324,NONE,NO_CANDIDATE,,,,,0.0,917473.0084360284,917473.0084360284,,,False,False,,,,,,,False,0,False,500000.0,917473.0084360284,0.0,reject_b_sh_main_or_open_times_gte_4,B额外过滤沪市主板或炸板次数>=4。
A_plus_B_strict,20260325,NONE,NO_CANDIDATE,,,,,0.0,917473.0084360284,917473.0084360284,,,False,False,,,,,,,False,0,False,500000.0,917473.0084360284,0.0,reject_b_sh_main_or_open_times_gte_4,B额外过滤沪市主板或炸板次数>=4。
A_plus_B_strict,20260326,NONE,NO_CANDIDATE,,,,,0.0,917473.0084360284,917473.0084360284,,,False,False,,,,,,,False,0,False,500000.0,917473.0084360284,0.0,reject_b_sh_main_or_open_times_gte_4,B额外过滤沪市主板或炸板次数>=4。
A_plus_B_strict,20260327,A,HISTORICAL_SIM_FILLED,300204.SZ,舒泰神,chi_next,无,0.0397618491523106,917473.0084360284,953953.4317987784,a_audit_dynamic_account_return,,False,False,,,,,,,False,0,False,500000.0,953953.4317987784,0.0,reject_b_sh_main_or_open_times_gte_4,B额外过滤沪市主板或炸板次数>=4。
A_plus_B_strict,20260330,A_OR_B,POSITION_OCCUPIED_SKIP,,,,,0.0,953953.4317987784,953953.4317987784,,300204.SZ 舒泰神,False,False,,,,,,,False,0,False,500000.0,953953.4317987784,0.0,reject_b_sh_main_or_open_times_gte_4,B额外过滤沪市主板或炸板次数>=4。
A_plus_B_strict,20260331,NONE,NO_CANDIDATE,,,,,0.0,953953.4317987784,953953.4317987784,,,False,False,,,,,,,False,0,False,500000.0,953953.4317987784,0.0,reject_b_sh_main_or_open_times_gte_4,B额外过滤沪市主板或炸板次数>=4。
A_plus_B_strict,20260401,NONE,NO_CANDIDATE,,,,,0.0,953953.4317987784,953953.4317987784,,,False,False,,,,,,,False,0,False,500000.0,953953.4317987784,0.0,reject_b_sh_main_or_open_times_gte_4,B额外过滤沪市主板或炸板次数>=4。
A_plus_B_strict,20260402,NONE,NO_CANDIDATE,,,,,0.0,953953.4317987784,953953.4317987784,,,False,False,,,,,,,False,0,False,500000.0,953953.4317987784,0.0,reject_b_sh_main_or_open_times_gte_4,B额外过滤沪市主板或炸板次数>=4。
A_plus_B_strict,20260403,NONE,NO_CANDIDATE,,,,,0.0,953953.4317987784,953953.4317987784,,,False,False,,,,,,,False,0,False,500000.0,953953.4317987784,0.0,reject_b_sh_main_or_open_times_gte_4,B额外过滤沪市主板或炸板次数>=4。
A_plus_B_strict,20260407,NONE,NO_CANDIDATE,,,,,0.0,953953.4317987784,953953.4317987784,,,False,False,,,,,,,False,0,False,500000.0,953953.4317987784,0.0,reject_b_sh_main_or_open_times_gte_4,B额外过滤沪市主板或炸板次数>=4。
A_plus_B_strict,20260408,NONE,NO_CANDIDATE,,,,,0.0,953953.4317987784,953953.4317987784,,,False,False,,,,,,,False,0,False,500000.0,953953.4317987784,0.0,reject_b_sh_main_or_open_times_gte_4,B额外过滤沪市主板或炸板次数>=4。
A_plus_B_strict,20260409,A,HISTORICAL_SIM_FILLED,300489.SZ,光智科技,chi_next,无,0.0826627480845445,953953.4317987784,1032809.8440159475,a_audit_dynamic_account_return,,False,False,,,,,,,False,0,False,500000.0,1032809.8440159475,0.0,reject_b_sh_main_or_open_times_gte_4,B额外过滤沪市主板或炸板次数>=4。
A_plus_B_strict,20260410,A_OR_B,POSITION_OCCUPIED_SKIP,,,,,0.0,1032809.8440159475,1032809.8440159475,,300489.SZ 光智科技,False,False,,,,,,,False,0,False,500000.0,1032809.8440159475,0.0,reject_b_sh_main_or_open_times_gte_4,B额外过滤沪市主板或炸板次数>=4。
A_plus_B_strict,20260413,NONE,NO_CANDIDATE,,,,,0.0,1032809.8440159475,1032809.8440159475,,,False,False,,,,,,,False,0,False,500000.0,1032809.8440159475,0.0,reject_b_sh_main_or_open_times_gte_4,B额外过滤沪市主板或炸板次数>=4。
A_plus_B_strict,20260414,A,HISTORICAL_SIM_FILLED,301189.SZ,奥尼电子,chi_next,无,-0.0350052172427846,1032809.8440159475,996656.1110556828,a_audit_dynamic_account_return,,False,False,,,,,,,False,0,False,500000.0,1032809.8440159475,-0.0350052172427846,reject_b_sh_main_or_open_times_gte_4,B额外过滤沪市主板或炸板次数>=4。
A_plus_B_strict,20260415,A_OR_B,POSITION_OCCUPIED_SKIP,,,,,0.0,996656.1110556828,996656.1110556828,,301189.SZ 奥尼电子,False,False,,,,,,,False,0,False,500000.0,1032809.8440159475,-0.0350052172427846,reject_b_sh_main_or_open_times_gte_4,B额外过滤沪市主板或炸板次数>=4。
A_plus_B_strict,20260416,NONE,NO_CANDIDATE,,,,,0.0,996656.1110556828,996656.1110556828,,,False,False,,,,,,,False,0,False,500000.0,1032809.8440159475,-0.0350052172427846,reject_b_sh_main_or_open_times_gte_4,B额外过滤沪市主板或炸板次数>=4。
A_plus_B_strict,20260417,A,HISTORICAL_SIM_FILLED,301319.SZ,唯特偶,chi_next,无,0.0352808081329955,996656.1110556828,1031818.9440844157,a_audit_dynamic_account_return,,False,False,,,,,,,False,0,False,500000.0,1032809.8440159475,-0.0009594214629857767,reject_b_sh_main_or_open_times_gte_4,B额外过滤沪市主板或炸板次数>=4。
A_plus_B_strict,20260420,A_OR_B,POSITION_OCCUPIED_SKIP,,,,,0.0,1031818.9440844157,1031818.9440844157,,301319.SZ 唯特偶,False,False,,,,,,,False,0,False,500000.0,1032809.8440159475,-0.0009594214629857767,reject_b_sh_main_or_open_times_gte_4,B额外过滤沪市主板或炸板次数>=4。
A_plus_B_strict,20260421,NONE,NO_CANDIDATE,,,,,0.0,1031818.9440844157,1031818.9440844157,,,False,False,,,,,,,False,0,False,500000.0,1032809.8440159475,-0.0009594214629857767,reject_b_sh_main_or_open_times_gte_4,B额外过滤沪市主板或炸板次数>=4。
A_plus_B_strict,20260422,NONE,NO_CANDIDATE,,,,,0.0,1031818.9440844157,1031818.9440844157,,,False,False,,,,,,,False,0,False,500000.0,1032809.8440159475,-0.0009594214629857767,reject_b_sh_main_or_open_times_gte_4,B额外过滤沪市主板或炸板次数>=4。
A_plus_B_strict,20260423,NONE,NO_CANDIDATE,,,,,0.0,1031818.9440844157,1031818.9440844157,,,False,False,,,,,,,False,0,False,500000.0,1032809.8440159475,-0.0009594214629857767,reject_b_sh_main_or_open_times_gte_4,B额外过滤沪市主板或炸板次数>=4。
A_plus_B_strict,20260424,NONE,NO_CANDIDATE,,,,,0.0,1031818.9440844157,1031818.9440844157,,,False,False,,,,,,,False,0,False,500000.0,1032809.8440159475,-0.0009594214629857767,reject_b_sh_main_or_open_times_gte_4,B额外过滤沪市主板或炸板次数>=4。
A_plus_B_strict,20260427,NONE,NO_CANDIDATE,,,,,0.0,1031818.9440844157,1031818.9440844157,,,False,False,,,,,,,False,0,False,500000.0,1032809.8440159475,-0.0009594214629857767,reject_b_sh_main_or_open_times_gte_4,B额外过滤沪市主板或炸板次数>=4。
A_plus_B_strict,20260428,NONE,NO_CANDIDATE,,,,,0.0,1031818.9440844157,1031818.9440844157,,,False,False,,,,,,,False,0,False,500000.0,1032809.8440159475,-0.0009594214629857767,reject_b_sh_main_or_open_times_gte_4,B额外过滤沪市主板或炸板次数>=4。
A_plus_B_strict,20260429,NONE,NO_CANDIDATE,,,,,0.0,1031818.9440844157,1031818.9440844157,,,False,False,,,,,,,False,0,False,500000.0,1032809.8440159475,-0.0009594214629857767,reject_b_sh_main_or_open_times_gte_4,B额外过滤沪市主板或炸板次数>=4。
A_plus_B_strict,20260430,NONE,NO_CANDIDATE,,,,,0.0,1031818.9440844157,1031818.9440844157,,,False,False,,,,,,,False,0,False,500000.0,1032809.8440159475,-0.0009594214629857767,reject_b_sh_main_or_open_times_gte_4,B额外过滤沪市主板或炸板次数>=4。
A_plus_B_strict,20260506,NONE,NO_CANDIDATE,,,,,0.0,1031818.9440844157,1031818.9440844157,,,False,False,,,,,,,False,0,False,500000.0,1032809.8440159475,-0.0009594214629857767,reject_b_sh_main_or_open_times_gte_4,B额外过滤沪市主板或炸板次数>=4。
A_plus_B_strict,20260507,NONE,NO_CANDIDATE,,,,,0.0,1031818.9440844157,1031818.9440844157,,,False,False,,,,,,,False,0,False,500000.0,1032809.8440159475,-0.0009594214629857767,reject_b_sh_main_or_open_times_gte_4,B额外过滤沪市主板或炸板次数>=4。
A_plus_B_strict,20260508,NONE,NO_CANDIDATE,,,,,0.0,1031818.9440844157,1031818.9440844157,,,False,False,,,,,,,False,0,False,500000.0,1032809.8440159475,-0.0009594214629857767,reject_b_sh_main_or_open_times_gte_4,B额外过滤沪市主板或炸板次数>=4。
A_plus_B_strict,20260511,NONE,NO_CANDIDATE,,,,,0.0,1031818.9440844157,1031818.9440844157,,,False,False,,,,,,,False,0,False,500000.0,1032809.8440159475,-0.0009594214629857767,reject_b_sh_main_or_open_times_gte_4,B额外过滤沪市主板或炸板次数>=4。
A_plus_B_strict,20260512,NONE,NO_CANDIDATE,,,,,0.0,1031818.9440844157,1031818.9440844157,,,False,False,,,,,,,False,0,False,500000.0,1032809.8440159475,-0.0009594214629857767,reject_b_sh_main_or_open_times_gte_4,B额外过滤沪市主板或炸板次数>=4。
A_plus_B_strict,20260513,NONE,NO_CANDIDATE,,,,,0.0,1031818.9440844157,1031818.9440844157,,,False,False,,,,,,,False,0,False,500000.0,1032809.8440159475,-0.0009594214629857767,reject_b_sh_main_or_open_times_gte_4,B额外过滤沪市主板或炸板次数>=4。
A_plus_B_strict,20260514,NONE,NO_CANDIDATE,,,,,0.0,1031818.9440844157,1031818.9440844157,,,False,False,,,,,,,False,0,False,500000.0,1032809.8440159475,-0.0009594214629857767,reject_b_sh_main_or_open_times_gte_4,B额外过滤沪市主板或炸板次数>=4。
A_plus_B_strict,20251112,NONE,NO_CANDIDATE,,,,,0.0,500000.0,500000.0,,,False,False,,,,,,,False,0,False,500000.0,500000.0,0.0,reject_b_sh_main_or_chain_gte_30,B额外过滤沪市主板或全市场连板数量gte_30。
A_plus_B_strict,20251113,NONE,NO_CANDIDATE,,,,,0.0,500000.0,500000.0,,,False,False,,,,,,,False,0,False,500000.0,500000.0,0.0,reject_b_sh_main_or_chain_gte_30,B额外过滤沪市主板或全市场连板数量gte_30。
A_plus_B_strict,20251114,NONE,NO_CANDIDATE,,,,,0.0,500000.0,500000.0,,,False,False,,,,,,,False,0,False,500000.0,500000.0,0.0,reject_b_sh_main_or_chain_gte_30,B额外过滤沪市主板或全市场连板数量gte_30。
A_plus_B_strict,20251117,NONE,NO_CANDIDATE,,,,,0.0,500000.0,500000.0,,,False,False,,,,,,,False,0,False,500000.0,500000.0,0.0,reject_b_sh_main_or_chain_gte_30,B额外过滤沪市主板或全市场连板数量gte_30。
A_plus_B_strict,20251118,NONE,NO_CANDIDATE,,,,,0.0,500000.0,500000.0,,,False,False,,,,,,,False,0,False,500000.0,500000.0,0.0,reject_b_sh_main_or_chain_gte_30,B额外过滤沪市主板或全市场连板数量gte_30。
A_plus_B_strict,20251119,NONE,NO_CANDIDATE,,,,,0.0,500000.0,500000.0,,,False,False,,,,,,,False,0,False,500000.0,500000.0,0.0,reject_b_sh_main_or_chain_gte_30,B额外过滤沪市主板或全市场连板数量gte_30。
A_plus_B_strict,20251120,A,HISTORICAL_SIM_FILLED,301092.SZ,争光股份,chi_next,无,-0.0505145833968012,500000.0,474742.7083015994,a_audit_dynamic_account_return,,False,False,,,,,,,False,0,False,500000.0,500000.0,-0.05051458339680115,reject_b_sh_main_or_chain_gte_30,B额外过滤沪市主板或全市场连板数量gte_30。
A_plus_B_strict,20251121,A_OR_B,POSITION_OCCUPIED_SKIP,,,,,0.0,474742.7083015994,474742.7083015994,,301092.SZ 争光股份,False,False,,,,,,,False,0,False,500000.0,500000.0,-0.05051458339680115,reject_b_sh_main_or_chain_gte_30,B额外过滤沪市主板或全市场连板数量gte_30。
A_plus_B_strict,20251124,NONE,NO_CANDIDATE,,,,,0.0,474742.7083015994,474742.7083015994,,,False,False,,,,,,,False,0,False,500000.0,500000.0,-0.05051458339680115,reject_b_sh_main_or_chain_gte_30,B额外过滤沪市主板或全市场连板数量gte_30。
A_plus_B_strict,20251125,A,REVIEW_REQUIRED_PLAN_ONLY,301117.SZ,佳缘科技,chi_next,LOSS_OVERLAY_WATCH,0.0,474742.7083015994,474742.7083015994,manual_review_skip,,False,False,,,,,,,False,0,False,500000.0,500000.0,-0.05051458339680115,reject_b_sh_main_or_chain_gte_30,B额外过滤沪市主板或全市场连板数量gte_30。
A_plus_B_strict,20251126,NONE,NO_CANDIDATE,,,,,0.0,474742.7083015994,474742.7083015994,,,False,False,,,,,,,False,0,False,500000.0,500000.0,-0.05051458339680115,reject_b_sh_main_or_chain_gte_30,B额外过滤沪市主板或全市场连板数量gte_30。
A_plus_B_strict,20251127,NONE,NO_CANDIDATE,,,,,0.0,474742.7083015994,474742.7083015994,,,False,False,,,,,,,False,0,False,500000.0,500000.0,-0.05051458339680115,reject_b_sh_main_or_chain_gte_30,B额外过滤沪市主板或全市场连板数量gte_30。
A_plus_B_strict,20251128,NONE,NO_CANDIDATE,,,,,0.0,474742.7083015994,474742.7083015994,,,False,False,,,,,,,False,0,False,500000.0,500000.0,-0.05051458339680115,reject_b_sh_main_or_chain_gte_30,B额外过滤沪市主板或全市场连板数量gte_30。
A_plus_B_strict,20251201,B,HISTORICAL_SIM_FILLED,000078.SZ,海王生物,sz_main,无,0.14838169073032234,474742.7083015994,545185.834021283,b_conservative_daily_replay,,True,True,,,20251202,20251203,3.8037999999999994,4.515479999999999,False,0,False,500000.0,545185.834021283,0.0,reject_b_sh_main_or_chain_gte_30,B额外过滤沪市主板或全市场连板数量gte_30。
A_plus_B_strict,20251202,A_OR_B,POSITION_OCCUPIED_SKIP,,,,,0.0,545185.834021283,545185.834021283,,000078.SZ 海王生物,False,False,,,,,,,False,0,False,500000.0,545185.834021283,0.0,reject_b_sh_main_or_chain_gte_30,B额外过滤沪市主板或全市场连板数量gte_30。
A_plus_B_strict,20251203,NONE,NO_CANDIDATE,,,,,0.0,545185.834021283,545185.834021283,,,False,False,,,,,,,False,0,False,500000.0,545185.834021283,0.0,reject_b_sh_main_or_chain_gte_30,B额外过滤沪市主板或全市场连板数量gte_30。
A_plus_B_strict,20251204,A,HISTORICAL_SIM_FILLED,300946.SZ,恒而达,chi_next,无,0.0291749495998269,545185.834021283,561091.6032513934,a_audit_dynamic_account_return,,False,False,,,,,,,False,0,False,500000.0,561091.6032513934,0.0,reject_b_sh_main_or_chain_gte_30,B额外过滤沪市主板或全市场连板数量gte_30。
A_plus_B_strict,20251205,A_OR_B,POSITION_OCCUPIED_SKIP,,,,,0.0,561091.6032513934,561091.6032513934,,300946.SZ 恒而达,False,False,,,,,,,False,0,False,500000.0,561091.6032513934,0.0,reject_b_sh_main_or_chain_gte_30,B额外过滤沪市主板或全市场连板数量gte_30。
A_plus_B_strict,20251208,B,HISTORICAL_SIM_FILLED,000571.SZ,新大洲A,sz_main,无,0.03126858280230099,561091.6032513934,578636.1425073354,b_conservative_daily_replay,,True,True,,,20251209,20251210,6.316309999999999,6.5734200000000005,False,0,False,500000.0,578636.1425073354,0.0,reject_b_sh_main_or_chain_gte_30,B额外过滤沪市主板或全市场连板数量gte_30。
A_plus_B_strict,20251209,A_OR_B,POSITION_OCCUPIED_SKIP,,,,,0.0,578636.1425073354,578636.1425073354,,000571.SZ 新大洲A,False,False,,,,,,,False,0,False,500000.0,578636.1425073354,0.0,reject_b_sh_main_or_chain_gte_30,B额外过滤沪市主板或全市场连板数量gte_30。
A_plus_B_strict,20251210,NONE,NO_CANDIDATE,,,,,0.0,578636.1425073354,578636.1425073354,,,False,False,,,,,,,False,0,False,500000.0,578636.1425073354,0.0,reject_b_sh_main_or_chain_gte_30,B额外过滤沪市主板或全市场连板数量gte_30。
A_plus_B_strict,20251211,NONE,NO_CANDIDATE,,,,,0.0,578636.1425073354,578636.1425073354,,,False,False,,,,,,,False,0,False,500000.0,578636.1425073354,0.0,reject_b_sh_main_or_chain_gte_30,B额外过滤沪市主板或全市场连板数量gte_30。
A_plus_B_strict,20251212,A,HISTORICAL_SIM_FILLED,920576.BJ,天力复合,bj,无,0.181313377355646,578636.1425073354,683550.6157653834,a_audit_dynamic_account_return,,False,False,,,,,,,False,0,False,500000.0,683550.6157653834,0.0,reject_b_sh_main_or_chain_gte_30,B额外过滤沪市主板或全市场连板数量gte_30。
A_plus_B_strict,20251215,A_OR_B,POSITION_OCCUPIED_SKIP,,,,,0.0,683550.6157653834,683550.6157653834,,920576.BJ 天力复合,False,False,,,,,,,False,0,False,500000.0,683550.6157653834,0.0,reject_b_sh_main_or_chain_gte_30,B额外过滤沪市主板或全市场连板数量gte_30。
A_plus_B_strict,20251216,NONE,NO_CANDIDATE,,,,,0.0,683550.6157653834,683550.6157653834,,,False,False,,,,,,,False,0,False,500000.0,683550.6157653834,0.0,reject_b_sh_main_or_chain_gte_30,B额外过滤沪市主板或全市场连板数量gte_30。
A_plus_B_strict,20251217,NONE,NO_CANDIDATE,,,,,0.0,683550.6157653834,683550.6157653834,,,False,False,,,,,,,False,0,False,500000.0,683550.6157653834,0.0,reject_b_sh_main_or_chain_gte_30,B额外过滤沪市主板或全市场连板数量gte_30。
A_plus_B_strict,20251218,NONE,NO_CANDIDATE,,,,,0.0,683550.6157653834,683550.6157653834,,,False,False,,,,,,,False,0,False,500000.0,683550.6157653834,0.0,reject_b_sh_main_or_chain_gte_30,B额外过滤沪市主板或全市场连板数量gte_30。
A_plus_B_strict,20251219,A,REVIEW_REQUIRED_PLAN_ONLY,300557.SZ,理工光科,chi_next,LOSS_OVERLAY_WATCH,0.0,683550.6157653834,683550.6157653834,manual_review_skip,,False,False,,,,,,,False,0,False,500000.0,683550.6157653834,0.0,reject_b_sh_main_or_chain_gte_30,B额外过滤沪市主板或全市场连板数量gte_30。
A_plus_B_strict,20251222,NONE,NO_CANDIDATE,,,,,0.0,683550.6157653834,683550.6157653834,,,False,False,,,,,,,False,0,False,500000.0,683550.6157653834,0.0,reject_b_sh_main_or_chain_gte_30,B额外过滤沪市主板或全市场连板数量gte_30。
A_plus_B_strict,20251223,NONE,NO_CANDIDATE,,,,,0.0,683550.6157653834,683550.6157653834,,,False,False,,,,,,,False,0,False,500000.0,683550.6157653834,0.0,reject_b_sh_main_or_chain_gte_30,B额外过滤沪市主板或全市场连板数量gte_30。
A_plus_B_strict,20251224,NONE,NO_CANDIDATE,,,,,0.0,683550.6157653834,683550.6157653834,,,False,False,,,,,,,False,0,False,500000.0,683550.6157653834,0.0,reject_b_sh_main_or_chain_gte_30,B额外过滤沪市主板或全市场连板数量gte_30。
A_plus_B_strict,20251225,NONE,NO_CANDIDATE,,,,,0.0,683550.6157653834,683550.6157653834,,,False,False,,,,,,,False,0,False,500000.0,683550.6157653834,0.0,reject_b_sh_main_or_chain_gte_30,B额外过滤沪市主板或全市场连板数量gte_30。
A_plus_B_strict,20251226,NONE,NO_CANDIDATE,,,,,0.0,683550.6157653834,683550.6157653834,,,False,False,,,,,,,False,0,False,500000.0,683550.6157653834,0.0,reject_b_sh_main_or_chain_gte_30,B额外过滤沪市主板或全市场连板数量gte_30。
A_plus_B_strict,20251229,NONE,NO_CANDIDATE,,,,,0.0,683550.6157653834,683550.6157653834,,,False,False,,,,,,,False,0,False,500000.0,683550.6157653834,0.0,reject_b_sh_main_or_chain_gte_30,B额外过滤沪市主板或全市场连板数量gte_30。
A_plus_B_strict,20251230,NONE,NO_CANDIDATE,,,,,0.0,683550.6157653834,683550.6157653834,,,False,False,,,,,,,False,0,False,500000.0,683550.6157653834,0.0,reject_b_sh_main_or_chain_gte_30,B额外过滤沪市主板或全市场连板数量gte_30。
A_plus_B_strict,20251231,A,HISTORICAL_SIM_FILLED,300058.SZ,蓝色光标,chi_next,无,0.1308549259970799,683550.6157653834,772996.581006621,a_audit_dynamic_account_return,,False,False,,,,,,,False,0,False,500000.0,772996.581006621,0.0,reject_b_sh_main_or_chain_gte_30,B额外过滤沪市主板或全市场连板数量gte_30。
A_plus_B_strict,20260105,A_OR_B,POSITION_OCCUPIED_SKIP,,,,,0.0,772996.581006621,772996.581006621,,300058.SZ 蓝色光标,False,False,,,,,,,False,0,False,500000.0,772996.581006621,0.0,reject_b_sh_main_or_chain_gte_30,B额外过滤沪市主板或全市场连板数量gte_30。
A_plus_B_strict,20260106,NONE,NO_CANDIDATE,,,,,0.0,772996.581006621,772996.581006621,,,False,False,,,,,,,False,0,False,500000.0,772996.581006621,0.0,reject_b_sh_main_or_chain_gte_30,B额外过滤沪市主板或全市场连板数量gte_30。
A_plus_B_strict,20260107,NONE,NO_CANDIDATE,,,,,0.0,772996.581006621,772996.581006621,,,False,False,,,,,,,False,0,False,500000.0,772996.581006621,0.0,reject_b_sh_main_or_chain_gte_30,B额外过滤沪市主板或全市场连板数量gte_30。
A_plus_B_strict,20260108,NONE,NO_CANDIDATE,,,,,0.0,772996.581006621,772996.581006621,,,False,False,,,,,,,False,0,False,500000.0,772996.581006621,0.0,reject_b_sh_main_or_chain_gte_30,B额外过滤沪市主板或全市场连板数量gte_30。
A_plus_B_strict,20260109,NONE,NO_CANDIDATE,,,,,0.0,772996.581006621,772996.581006621,,,False,False,,,,,,,False,0,False,500000.0,772996.581006621,0.0,reject_b_sh_main_or_chain_gte_30,B额外过滤沪市主板或全市场连板数量gte_30。
A_plus_B_strict,20260112,NONE,NO_CANDIDATE,,,,,0.0,772996.581006621,772996.581006621,,,False,False,,,,,,,False,0,False,500000.0,772996.581006621,0.0,reject_b_sh_main_or_chain_gte_30,B额外过滤沪市主板或全市场连板数量gte_30。
A_plus_B_strict,20260113,NONE,NO_CANDIDATE,,,,,0.0,772996.581006621,772996.581006621,,,False,False,,,,,,,False,0,False,500000.0,772996.581006621,0.0,reject_b_sh_main_or_chain_gte_30,B额外过滤沪市主板或全市场连板数量gte_30。
A_plus_B_strict,20260114,NONE,NO_CANDIDATE,,,,,0.0,772996.581006621,772996.581006621,,,False,False,,,,,,,False,0,False,500000.0,772996.581006621,0.0,reject_b_sh_main_or_chain_gte_30,B额外过滤沪市主板或全市场连板数量gte_30。
A_plus_B_strict,20260115,A,HISTORICAL_SIM_FILLED,301629.SZ,矽电股份,chi_next,无,-0.0338313603969523,772996.581006621,746845.0550889741,a_audit_dynamic_account_return,,False,False,,,,,,,False,0,False,500000.0,772996.581006621,-0.03383136039695234,reject_b_sh_main_or_chain_gte_30,B额外过滤沪市主板或全市场连板数量gte_30。
A_plus_B_strict,20260116,A_OR_B,POSITION_OCCUPIED_SKIP,,,,,0.0,746845.0550889741,746845.0550889741,,301629.SZ 矽电股份,False,False,,,,,,,False,0,False,500000.0,772996.581006621,-0.03383136039695234,reject_b_sh_main_or_chain_gte_30,B额外过滤沪市主板或全市场连板数量gte_30。
A_plus_B_strict,20260119,A,HISTORICAL_SIM_FILLED,300658.SZ,延江股份,chi_next,无,0.0681174370165976,746845.0550889741,797718.2260901546,a_audit_dynamic_account_return,,False,False,,,,,,,False,0,False,500000.0,797718.2260901546,0.0,reject_b_sh_main_or_chain_gte_30,B额外过滤沪市主板或全市场连板数量gte_30。
A_plus_B_strict,20260120,A_OR_B,POSITION_OCCUPIED_SKIP,,,,,0.0,797718.2260901546,797718.2260901546,,300658.SZ 延江股份,False,False,,,,,,,False,0,False,500000.0,797718.2260901546,0.0,reject_b_sh_main_or_chain_gte_30,B额外过滤沪市主板或全市场连板数量gte_30。
A_plus_B_strict,20260121,NONE,NO_CANDIDATE,,,,,0.0,797718.2260901546,797718.2260901546,,,False,False,,,,,,,False,0,False,500000.0,797718.2260901546,0.0,reject_b_sh_main_or_chain_gte_30,B额外过滤沪市主板或全市场连板数量gte_30。
A_plus_B_strict,20260122,NONE,NO_CANDIDATE,,,,,0.0,797718.2260901546,797718.2260901546,,,False,False,,,,,,,False,0,False,500000.0,797718.2260901546,0.0,reject_b_sh_main_or_chain_gte_30,B额外过滤沪市主板或全市场连板数量gte_30。
A_plus_B_strict,20260123,A,HISTORICAL_SIM_FILLED,920368.BJ,连城数控,bj,无,0.1027727855059111,797718.2260901546,879701.9502342739,a_audit_dynamic_account_return,,False,False,,,,,,,False,0,False,500000.0,879701.9502342739,0.0,reject_b_sh_main_or_chain_gte_30,B额外过滤沪市主板或全市场连板数量gte_30。
A_plus_B_strict,20260126,A_OR_B,POSITION_OCCUPIED_SKIP,,,,,0.0,879701.9502342739,879701.9502342739,,920368.BJ 连城数控,False,False,,,,,,,False,0,False,500000.0,879701.9502342739,0.0,reject_b_sh_main_or_chain_gte_30,B额外过滤沪市主板或全市场连板数量gte_30。
A_plus_B_strict,20260127,NONE,NO_CANDIDATE,,,,,0.0,879701.9502342739,879701.9502342739,,,False,False,,,,,,,False,0,False,500000.0,879701.9502342739,0.0,reject_b_sh_main_or_chain_gte_30,B额外过滤沪市主板或全市场连板数量gte_30。
A_plus_B_strict,20260128,A,HISTORICAL_SIM_FILLED,300164.SZ,通源石油,chi_next,无,0.0457725821591917,879701.9502342739,919968.1800269734,a_audit_dynamic_account_return,,False,False,,,,,,,False,0,False,500000.0,919968.1800269734,0.0,reject_b_sh_main_or_chain_gte_30,B额外过滤沪市主板或全市场连板数量gte_30。
A_plus_B_strict,20260129,A_OR_B,POSITION_OCCUPIED_SKIP,,,,,0.0,919968.1800269734,919968.1800269734,,300164.SZ 通源石油,False,False,,,,,,,False,0,False,500000.0,919968.1800269734,0.0,reject_b_sh_main_or_chain_gte_30,B额外过滤沪市主板或全市场连板数量gte_30。
A_plus_B_strict,20260130,NONE,NO_CANDIDATE,,,,,0.0,919968.1800269734,919968.1800269734,,,False,False,,,,,,,False,0,False,500000.0,919968.1800269734,0.0,reject_b_sh_main_or_chain_gte_30,B额外过滤沪市主板或全市场连板数量gte_30。
A_plus_B_strict,20260202,NONE,NO_CANDIDATE,,,,,0.0,919968.1800269734,919968.1800269734,,,False,False,,,,,,,False,0,False,500000.0,919968.1800269734,0.0,reject_b_sh_main_or_chain_gte_30,B额外过滤沪市主板或全市场连板数量gte_30。
A_plus_B_strict,20260203,NONE,NO_CANDIDATE,,,,,0.0,919968.1800269734,919968.1800269734,,,False,False,,,,,,,False,0,False,500000.0,919968.1800269734,0.0,reject_b_sh_main_or_chain_gte_30,B额外过滤沪市主板或全市场连板数量gte_30。
A_plus_B_strict,20260204,NONE,NO_CANDIDATE,,,,,0.0,919968.1800269734,919968.1800269734,,,False,False,,,,,,,False,0,False,500000.0,919968.1800269734,0.0,reject_b_sh_main_or_chain_gte_30,B额外过滤沪市主板或全市场连板数量gte_30。
A_plus_B_strict,20260205,NONE,NO_CANDIDATE,,,,,0.0,919968.1800269734,919968.1800269734,,,False,False,,,,,,,False,0,False,500000.0,919968.1800269734,0.0,reject_b_sh_main_or_chain_gte_30,B额外过滤沪市主板或全市场连板数量gte_30。
A_plus_B_strict,20260206,NONE,NO_CANDIDATE,,,,,0.0,919968.1800269734,919968.1800269734,,,False,False,,,,,,,False,0,False,500000.0,919968.1800269734,0.0,reject_b_sh_main_or_chain_gte_30,B额外过滤沪市主板或全市场连板数量gte_30。
A_plus_B_strict,20260209,NONE,NO_CANDIDATE,,,,,0.0,919968.1800269734,919968.1800269734,,,False,False,,,,,,,False,0,False,500000.0,919968.1800269734,0.0,reject_b_sh_main_or_chain_gte_30,B额外过滤沪市主板或全市场连板数量gte_30。
A_plus_B_strict,20260210,NONE,NO_CANDIDATE,,,,,0.0,919968.1800269734,919968.1800269734,,,False,False,,,,,,,False,0,False,500000.0,919968.1800269734,0.0,reject_b_sh_main_or_chain_gte_30,B额外过滤沪市主板或全市场连板数量gte_30。
A_plus_B_strict,20260211,NONE,NO_CANDIDATE,,,,,0.0,919968.1800269734,919968.1800269734,,,False,False,,,,,,,False,0,False,500000.0,919968.1800269734,0.0,reject_b_sh_main_or_chain_gte_30,B额外过滤沪市主板或全市场连板数量gte_30。
A_plus_B_strict,20260212,NONE,NO_CANDIDATE,,,,,0.0,919968.1800269734,919968.1800269734,,,False,False,,,,,,,False,0,False,500000.0,919968.1800269734,0.0,reject_b_sh_main_or_chain_gte_30,B额外过滤沪市主板或全市场连板数量gte_30。
A_plus_B_strict,20260213,NONE,NO_CANDIDATE,,,,,0.0,919968.1800269734,919968.1800269734,,,False,False,,,,,,,False,0,False,500000.0,919968.1800269734,0.0,reject_b_sh_main_or_chain_gte_30,B额外过滤沪市主板或全市场连板数量gte_30。
A_plus_B_strict,20260224,NONE,NO_CANDIDATE,,,,,0.0,919968.1800269734,919968.1800269734,,,False,False,,,,,,,False,0,False,500000.0,919968.1800269734,0.0,reject_b_sh_main_or_chain_gte_30,B额外过滤沪市主板或全市场连板数量gte_30。
A_plus_B_strict,20260225,NONE,NO_CANDIDATE,,,,,0.0,919968.1800269734,919968.1800269734,,,False,False,,,,,,,False,0,False,500000.0,919968.1800269734,0.0,reject_b_sh_main_or_chain_gte_30,B额外过滤沪市主板或全市场连板数量gte_30。
A_plus_B_strict,20260226,A,HISTORICAL_SIM_FILLED,300499.SZ,高澜股份,chi_next,无,0.0193948880593092,919968.1800269734,937810.8598967228,a_audit_dynamic_account_return,,False,False,,,,,,,False,0,False,500000.0,937810.8598967228,0.0,reject_b_sh_main_or_chain_gte_30,B额外过滤沪市主板或全市场连板数量gte_30。
A_plus_B_strict,20260227,A_OR_B,POSITION_OCCUPIED_SKIP,,,,,0.0,937810.8598967228,937810.8598967228,,300499.SZ 高澜股份,False,False,,,,,,,False,0,False,500000.0,937810.8598967228,0.0,reject_b_sh_main_or_chain_gte_30,B额外过滤沪市主板或全市场连板数量gte_30。
A_plus_B_strict,20260302,NONE,NO_CANDIDATE,,,,,0.0,937810.8598967228,937810.8598967228,,,False,False,,,,,,,False,0,False,500000.0,937810.8598967228,0.0,reject_b_sh_main_or_chain_gte_30,B额外过滤沪市主板或全市场连板数量gte_30。
A_plus_B_strict,20260303,NONE,NO_CANDIDATE,,,,,0.0,937810.8598967228,937810.8598967228,,,False,False,,,,,,,False,0,False,500000.0,937810.8598967228,0.0,reject_b_sh_main_or_chain_gte_30,B额外过滤沪市主板或全市场连板数量gte_30。
A_plus_B_strict,20260304,NONE,NO_CANDIDATE,,,,,0.0,937810.8598967228,937810.8598967228,,,False,False,,,,,,,False,0,False,500000.0,937810.8598967228,0.0,reject_b_sh_main_or_chain_gte_30,B额外过滤沪市主板或全市场连板数量gte_30。
A_plus_B_strict,20260305,NONE,NO_CANDIDATE,,,,,0.0,937810.8598967228,937810.8598967228,,,False,False,,,,,,,False,0,False,500000.0,937810.8598967228,0.0,reject_b_sh_main_or_chain_gte_30,B额外过滤沪市主板或全市场连板数量gte_30。
A_plus_B_strict,20260306,B,HISTORICAL_SIM_FILLED,000509.SZ,华塑控股,sz_main,无,0.022055648351648537,937810.8598967228,958494.8864429621,b_conservative_daily_replay,,True,True,,,20260309,20260310,3.8438399999999993,3.95604,False,0,False,500000.0,958494.8864429621,0.0,reject_b_sh_main_or_chain_gte_30,B额外过滤沪市主板或全市场连板数量gte_30。
A_plus_B_strict,20260309,A_OR_B,POSITION_OCCUPIED_SKIP,,,,,0.0,958494.8864429621,958494.8864429621,,000509.SZ 华塑控股,False,False,,,,,,,False,0,False,500000.0,958494.8864429621,0.0,reject_b_sh_main_or_chain_gte_30,B额外过滤沪市主板或全市场连板数量gte_30。
A_plus_B_strict,20260310,NONE,NO_CANDIDATE,,,,,0.0,958494.8864429621,958494.8864429621,,,False,False,,,,,,,False,0,False,500000.0,958494.8864429621,0.0,reject_b_sh_main_or_chain_gte_30,B额外过滤沪市主板或全市场连板数量gte_30。
A_plus_B_strict,20260311,NONE,NO_CANDIDATE,,,,,0.0,958494.8864429621,958494.8864429621,,,False,False,,,,,,,False,0,False,500000.0,958494.8864429621,0.0,reject_b_sh_main_or_chain_gte_30,B额外过滤沪市主板或全市场连板数量gte_30。
A_plus_B_strict,20260312,NONE,NO_CANDIDATE,,,,,0.0,958494.8864429621,958494.8864429621,,,False,False,,,,,,,False,0,False,500000.0,958494.8864429621,0.0,reject_b_sh_main_or_chain_gte_30,B额外过滤沪市主板或全市场连板数量gte_30。
A_plus_B_strict,20260313,NONE,NO_CANDIDATE,,,,,0.0,958494.8864429621,958494.8864429621,,,False,False,,,,,,,False,0,False,500000.0,958494.8864429621,0.0,reject_b_sh_main_or_chain_gte_30,B额外过滤沪市主板或全市场连板数量gte_30。
A_plus_B_strict,20260316,NONE,NO_CANDIDATE,,,,,0.0,958494.8864429621,958494.8864429621,,,False,False,,,,,,,False,0,False,500000.0,958494.8864429621,0.0,reject_b_sh_main_or_chain_gte_30,B额外过滤沪市主板或全市场连板数量gte_30。
A_plus_B_strict,20260317,NONE,NO_CANDIDATE,,,,,0.0,958494.8864429621,958494.8864429621,,,False,False,,,,,,,False,0,False,500000.0,958494.8864429621,0.0,reject_b_sh_main_or_chain_gte_30,B额外过滤沪市主板或全市场连板数量gte_30。
A_plus_B_strict,20260318,NONE,NO_CANDIDATE,,,,,0.0,958494.8864429621,958494.8864429621,,,False,False,,,,,,,False,0,False,500000.0,958494.8864429621,0.0,reject_b_sh_main_or_chain_gte_30,B额外过滤沪市主板或全市场连板数量gte_30。
A_plus_B_strict,20260319,NONE,NO_CANDIDATE,,,,,0.0,958494.8864429621,958494.8864429621,,,False,False,,,,,,,False,0,False,500000.0,958494.8864429621,0.0,reject_b_sh_main_or_chain_gte_30,B额外过滤沪市主板或全市场连板数量gte_30。
A_plus_B_strict,20260320,NONE,NO_CANDIDATE,,,,,0.0,958494.8864429621,958494.8864429621,,,False,False,,,,,,,False,0,False,500000.0,958494.8864429621,0.0,reject_b_sh_main_or_chain_gte_30,B额外过滤沪市主板或全市场连板数量gte_30。
A_plus_B_strict,20260323,NONE,NO_CANDIDATE,,,,,0.0,958494.8864429621,958494.8864429621,,,False,False,,,,,,,False,0,False,500000.0,958494.8864429621,0.0,reject_b_sh_main_or_chain_gte_30,B额外过滤沪市主板或全市场连板数量gte_30。
A_plus_B_strict,20260324,NONE,NO_CANDIDATE,,,,,0.0,958494.8864429621,958494.8864429621,,,False,False,,,,,,,False,0,False,500000.0,958494.8864429621,0.0,reject_b_sh_main_or_chain_gte_30,B额外过滤沪市主板或全市场连板数量gte_30。
A_plus_B_strict,20260325,NONE,NO_CANDIDATE,,,,,0.0,958494.8864429621,958494.8864429621,,,False,False,,,,,,,False,0,False,500000.0,958494.8864429621,0.0,reject_b_sh_main_or_chain_gte_30,B额外过滤沪市主板或全市场连板数量gte_30。
A_plus_B_strict,20260326,NONE,NO_CANDIDATE,,,,,0.0,958494.8864429621,958494.8864429621,,,False,False,,,,,,,False,0,False,500000.0,958494.8864429621,0.0,reject_b_sh_main_or_chain_gte_30,B额外过滤沪市主板或全市场连板数量gte_30。
A_plus_B_strict,20260327,A,HISTORICAL_SIM_FILLED,300204.SZ,舒泰神,chi_next,无,0.0397618491523106,958494.8864429621,996606.4155309682,a_audit_dynamic_account_return,,False,False,,,,,,,False,0,False,500000.0,996606.4155309682,0.0,reject_b_sh_main_or_chain_gte_30,B额外过滤沪市主板或全市场连板数量gte_30。
A_plus_B_strict,20260330,A_OR_B,POSITION_OCCUPIED_SKIP,,,,,0.0,996606.4155309682,996606.4155309682,,300204.SZ 舒泰神,False,False,,,,,,,False,0,False,500000.0,996606.4155309682,0.0,reject_b_sh_main_or_chain_gte_30,B额外过滤沪市主板或全市场连板数量gte_30。
A_plus_B_strict,20260331,NONE,NO_CANDIDATE,,,,,0.0,996606.4155309682,996606.4155309682,,,False,False,,,,,,,False,0,False,500000.0,996606.4155309682,0.0,reject_b_sh_main_or_chain_gte_30,B额外过滤沪市主板或全市场连板数量gte_30。
A_plus_B_strict,20260401,NONE,NO_CANDIDATE,,,,,0.0,996606.4155309682,996606.4155309682,,,False,False,,,,,,,False,0,False,500000.0,996606.4155309682,0.0,reject_b_sh_main_or_chain_gte_30,B额外过滤沪市主板或全市场连板数量gte_30。
A_plus_B_strict,20260402,NONE,NO_CANDIDATE,,,,,0.0,996606.4155309682,996606.4155309682,,,False,False,,,,,,,False,0,False,500000.0,996606.4155309682,0.0,reject_b_sh_main_or_chain_gte_30,B额外过滤沪市主板或全市场连板数量gte_30。
A_plus_B_strict,20260403,NONE,NO_CANDIDATE,,,,,0.0,996606.4155309682,996606.4155309682,,,False,False,,,,,,,False,0,False,500000.0,996606.4155309682,0.0,reject_b_sh_main_or_chain_gte_30,B额外过滤沪市主板或全市场连板数量gte_30。
A_plus_B_strict,20260407,NONE,NO_CANDIDATE,,,,,0.0,996606.4155309682,996606.4155309682,,,False,False,,,,,,,False,0,False,500000.0,996606.4155309682,0.0,reject_b_sh_main_or_chain_gte_30,B额外过滤沪市主板或全市场连板数量gte_30。
A_plus_B_strict,20260408,NONE,NO_CANDIDATE,,,,,0.0,996606.4155309682,996606.4155309682,,,False,False,,,,,,,False,0,False,500000.0,996606.4155309682,0.0,reject_b_sh_main_or_chain_gte_30,B额外过滤沪市主板或全市场连板数量gte_30。
A_plus_B_strict,20260409,A,HISTORICAL_SIM_FILLED,300489.SZ,光智科技,chi_next,无,0.0826627480845445,996606.4155309682,1078988.6405974457,a_audit_dynamic_account_return,,False,False,,,,,,,False,0,False,500000.0,1078988.6405974457,0.0,reject_b_sh_main_or_chain_gte_30,B额外过滤沪市主板或全市场连板数量gte_30。
A_plus_B_strict,20260410,A_OR_B,POSITION_OCCUPIED_SKIP,,,,,0.0,1078988.6405974457,1078988.6405974457,,300489.SZ 光智科技,False,False,,,,,,,False,0,False,500000.0,1078988.6405974457,0.0,reject_b_sh_main_or_chain_gte_30,B额外过滤沪市主板或全市场连板数量gte_30。
A_plus_B_strict,20260413,B,HISTORICAL_SIM_FILLED,000968.SZ,蓝焰控股,sz_main,无,-0.049626241187383915,1078988.6405974457,1025442.4900807093,b_conservative_daily_replay,,True,True,,,20260414,20260415,10.090079999999999,9.48051,False,0,False,500000.0,1078988.6405974457,-0.0496262411873839,reject_b_sh_main_or_chain_gte_30,B额外过滤沪市主板或全市场连板数量gte_30。
A_plus_B_strict,20260414,A_OR_B,POSITION_OCCUPIED_SKIP,,,,,0.0,1025442.4900807093,1025442.4900807093,,000968.SZ 蓝焰控股,False,False,,,,,,,False,0,False,500000.0,1078988.6405974457,-0.0496262411873839,reject_b_sh_main_or_chain_gte_30,B额外过滤沪市主板或全市场连板数量gte_30。
A_plus_B_strict,20260415,NONE,NO_CANDIDATE,,,,,0.0,1025442.4900807093,1025442.4900807093,,,False,False,,,,,,,False,0,False,500000.0,1078988.6405974457,-0.0496262411873839,reject_b_sh_main_or_chain_gte_30,B额外过滤沪市主板或全市场连板数量gte_30。
A_plus_B_strict,20260416,NONE,NO_CANDIDATE,,,,,0.0,1025442.4900807093,1025442.4900807093,,,False,False,,,,,,,False,0,False,500000.0,1078988.6405974457,-0.0496262411873839,reject_b_sh_main_or_chain_gte_30,B额外过滤沪市主板或全市场连板数量gte_30。
A_plus_B_strict,20260417,A,HISTORICAL_SIM_FILLED,301319.SZ,唯特偶,chi_next,无,0.0352808081329955,1025442.4900807093,1061620.929824668,a_audit_dynamic_account_return,,False,False,,,,,,,False,0,False,500000.0,1078988.6405974457,-0.016096286948082295,reject_b_sh_main_or_chain_gte_30,B额外过滤沪市主板或全市场连板数量gte_30。
A_plus_B_strict,20260420,A_OR_B,POSITION_OCCUPIED_SKIP,,,,,0.0,1061620.929824668,1061620.929824668,,301319.SZ 唯特偶,False,False,,,,,,,False,0,False,500000.0,1078988.6405974457,-0.016096286948082295,reject_b_sh_main_or_chain_gte_30,B额外过滤沪市主板或全市场连板数量gte_30。
A_plus_B_strict,20260421,NONE,NO_CANDIDATE,,,,,0.0,1061620.929824668,1061620.929824668,,,False,False,,,,,,,False,0,False,500000.0,1078988.6405974457,-0.016096286948082295,reject_b_sh_main_or_chain_gte_30,B额外过滤沪市主板或全市场连板数量gte_30。
A_plus_B_strict,20260422,NONE,NO_CANDIDATE,,,,,0.0,1061620.929824668,1061620.929824668,,,False,False,,,,,,,False,0,False,500000.0,1078988.6405974457,-0.016096286948082295,reject_b_sh_main_or_chain_gte_30,B额外过滤沪市主板或全市场连板数量gte_30。
A_plus_B_strict,20260423,NONE,NO_CANDIDATE,,,,,0.0,1061620.929824668,1061620.929824668,,,False,False,,,,,,,False,0,False,500000.0,1078988.6405974457,-0.016096286948082295,reject_b_sh_main_or_chain_gte_30,B额外过滤沪市主板或全市场连板数量gte_30。
A_plus_B_strict,20260424,NONE,NO_CANDIDATE,,,,,0.0,1061620.929824668,1061620.929824668,,,False,False,,,,,,,False,0,False,500000.0,1078988.6405974457,-0.016096286948082295,reject_b_sh_main_or_chain_gte_30,B额外过滤沪市主板或全市场连板数量gte_30。
A_plus_B_strict,20260427,NONE,NO_CANDIDATE,,,,,0.0,1061620.929824668,1061620.929824668,,,False,False,,,,,,,False,0,False,500000.0,1078988.6405974457,-0.016096286948082295,reject_b_sh_main_or_chain_gte_30,B额外过滤沪市主板或全市场连板数量gte_30。
A_plus_B_strict,20260428,NONE,NO_CANDIDATE,,,,,0.0,1061620.929824668,1061620.929824668,,,False,False,,,,,,,False,0,False,500000.0,1078988.6405974457,-0.016096286948082295,reject_b_sh_main_or_chain_gte_30,B额外过滤沪市主板或全市场连板数量gte_30。
A_plus_B_strict,20260429,NONE,NO_CANDIDATE,,,,,0.0,1061620.929824668,1061620.929824668,,,False,False,,,,,,,False,0,False,500000.0,1078988.6405974457,-0.016096286948082295,reject_b_sh_main_or_chain_gte_30,B额外过滤沪市主板或全市场连板数量gte_30。
A_plus_B_strict,20260430,NONE,NO_CANDIDATE,,,,,0.0,1061620.929824668,1061620.929824668,,,False,False,,,,,,,False,0,False,500000.0,1078988.6405974457,-0.016096286948082295,reject_b_sh_main_or_chain_gte_30,B额外过滤沪市主板或全市场连板数量gte_30。
A_plus_B_strict,20260506,NONE,NO_CANDIDATE,,,,,0.0,1061620.929824668,1061620.929824668,,,False,False,,,,,,,False,0,False,500000.0,1078988.6405974457,-0.016096286948082295,reject_b_sh_main_or_chain_gte_30,B额外过滤沪市主板或全市场连板数量gte_30。
A_plus_B_strict,20260507,NONE,NO_CANDIDATE,,,,,0.0,1061620.929824668,1061620.929824668,,,False,False,,,,,,,False,0,False,500000.0,1078988.6405974457,-0.016096286948082295,reject_b_sh_main_or_chain_gte_30,B额外过滤沪市主板或全市场连板数量gte_30。
A_plus_B_strict,20260508,NONE,NO_CANDIDATE,,,,,0.0,1061620.929824668,1061620.929824668,,,False,False,,,,,,,False,0,False,500000.0,1078988.6405974457,-0.016096286948082295,reject_b_sh_main_or_chain_gte_30,B额外过滤沪市主板或全市场连板数量gte_30。
A_plus_B_strict,20260511,NONE,NO_CANDIDATE,,,,,0.0,1061620.929824668,1061620.929824668,,,False,False,,,,,,,False,0,False,500000.0,1078988.6405974457,-0.016096286948082295,reject_b_sh_main_or_chain_gte_30,B额外过滤沪市主板或全市场连板数量gte_30。
A_plus_B_strict,20260512,NONE,NO_CANDIDATE,,,,,0.0,1061620.929824668,1061620.929824668,,,False,False,,,,,,,False,0,False,500000.0,1078988.6405974457,-0.016096286948082295,reject_b_sh_main_or_chain_gte_30,B额外过滤沪市主板或全市场连板数量gte_30。
A_plus_B_strict,20260513,NONE,NO_CANDIDATE,,,,,0.0,1061620.929824668,1061620.929824668,,,False,False,,,,,,,False,0,False,500000.0,1078988.6405974457,-0.016096286948082295,reject_b_sh_main_or_chain_gte_30,B额外过滤沪市主板或全市场连板数量gte_30。
A_plus_B_strict,20260514,NONE,NO_CANDIDATE,,,,,0.0,1061620.929824668,1061620.929824668,,,False,False,,,,,,,False,0,False,500000.0,1078988.6405974457,-0.016096286948082295,reject_b_sh_main_or_chain_gte_30,B额外过滤沪市主板或全市场连板数量gte_30。
A_plus_B_strict,20251112,NONE,NO_CANDIDATE,,,,,0.0,500000.0,500000.0,,,False,False,,,,,,,False,0,False,500000.0,500000.0,0.0,reject_b_open_times_gte_4_or_turnover_gte_20,B额外过滤炸板次数>=4或换手率>=20%。
A_plus_B_strict,20251113,NONE,NO_CANDIDATE,,,,,0.0,500000.0,500000.0,,,False,False,,,,,,,False,0,False,500000.0,500000.0,0.0,reject_b_open_times_gte_4_or_turnover_gte_20,B额外过滤炸板次数>=4或换手率>=20%。
A_plus_B_strict,20251114,NONE,NO_CANDIDATE,,,,,0.0,500000.0,500000.0,,,False,False,,,,,,,False,0,False,500000.0,500000.0,0.0,reject_b_open_times_gte_4_or_turnover_gte_20,B额外过滤炸板次数>=4或换手率>=20%。
A_plus_B_strict,20251117,NONE,NO_CANDIDATE,,,,,0.0,500000.0,500000.0,,,False,False,,,,,,,False,0,False,500000.0,500000.0,0.0,reject_b_open_times_gte_4_or_turnover_gte_20,B额外过滤炸板次数>=4或换手率>=20%。
A_plus_B_strict,20251118,NONE,NO_CANDIDATE,,,,,0.0,500000.0,500000.0,,,False,False,,,,,,,False,0,False,500000.0,500000.0,0.0,reject_b_open_times_gte_4_or_turnover_gte_20,B额外过滤炸板次数>=4或换手率>=20%。
A_plus_B_strict,20251119,NONE,NO_CANDIDATE,,,,,0.0,500000.0,500000.0,,,False,False,,,,,,,False,0,False,500000.0,500000.0,0.0,reject_b_open_times_gte_4_or_turnover_gte_20,B额外过滤炸板次数>=4或换手率>=20%。
A_plus_B_strict,20251120,A,HISTORICAL_SIM_FILLED,301092.SZ,争光股份,chi_next,无,-0.0505145833968012,500000.0,474742.7083015994,a_audit_dynamic_account_return,,False,False,,,,,,,False,0,False,500000.0,500000.0,-0.05051458339680115,reject_b_open_times_gte_4_or_turnover_gte_20,B额外过滤炸板次数>=4或换手率>=20%。
A_plus_B_strict,20251121,A_OR_B,POSITION_OCCUPIED_SKIP,,,,,0.0,474742.7083015994,474742.7083015994,,301092.SZ 争光股份,False,False,,,,,,,False,0,False,500000.0,500000.0,-0.05051458339680115,reject_b_open_times_gte_4_or_turnover_gte_20,B额外过滤炸板次数>=4或换手率>=20%。
A_plus_B_strict,20251124,NONE,NO_CANDIDATE,,,,,0.0,474742.7083015994,474742.7083015994,,,False,False,,,,,,,False,0,False,500000.0,500000.0,-0.05051458339680115,reject_b_open_times_gte_4_or_turnover_gte_20,B额外过滤炸板次数>=4或换手率>=20%。
A_plus_B_strict,20251125,A,REVIEW_REQUIRED_PLAN_ONLY,301117.SZ,佳缘科技,chi_next,LOSS_OVERLAY_WATCH,0.0,474742.7083015994,474742.7083015994,manual_review_skip,,False,False,,,,,,,False,0,False,500000.0,500000.0,-0.05051458339680115,reject_b_open_times_gte_4_or_turnover_gte_20,B额外过滤炸板次数>=4或换手率>=20%。
A_plus_B_strict,20251126,NONE,NO_CANDIDATE,,,,,0.0,474742.7083015994,474742.7083015994,,,False,False,,,,,,,False,0,False,500000.0,500000.0,-0.05051458339680115,reject_b_open_times_gte_4_or_turnover_gte_20,B额外过滤炸板次数>=4或换手率>=20%。
A_plus_B_strict,20251127,NONE,NO_CANDIDATE,,,,,0.0,474742.7083015994,474742.7083015994,,,False,False,,,,,,,False,0,False,500000.0,500000.0,-0.05051458339680115,reject_b_open_times_gte_4_or_turnover_gte_20,B额外过滤炸板次数>=4或换手率>=20%。
A_plus_B_strict,20251128,NONE,NO_CANDIDATE,,,,,0.0,474742.7083015994,474742.7083015994,,,False,False,,,,,,,False,0,False,500000.0,500000.0,-0.05051458339680115,reject_b_open_times_gte_4_or_turnover_gte_20,B额外过滤炸板次数>=4或换手率>=20%。
A_plus_B_strict,20251201,NONE,NO_CANDIDATE,,,,,0.0,474742.7083015994,474742.7083015994,,,False,False,,,,,,,False,0,False,500000.0,500000.0,-0.05051458339680115,reject_b_open_times_gte_4_or_turnover_gte_20,B额外过滤炸板次数>=4或换手率>=20%。
A_plus_B_strict,20251202,NONE,NO_CANDIDATE,,,,,0.0,474742.7083015994,474742.7083015994,,,False,False,,,,,,,False,0,False,500000.0,500000.0,-0.05051458339680115,reject_b_open_times_gte_4_or_turnover_gte_20,B额外过滤炸板次数>=4或换手率>=20%。
A_plus_B_strict,20251203,NONE,NO_CANDIDATE,,,,,0.0,474742.7083015994,474742.7083015994,,,False,False,,,,,,,False,0,False,500000.0,500000.0,-0.05051458339680115,reject_b_open_times_gte_4_or_turnover_gte_20,B额外过滤炸板次数>=4或换手率>=20%。
A_plus_B_strict,20251204,A,HISTORICAL_SIM_FILLED,300946.SZ,恒而达,chi_next,无,0.0291749495998269,474742.7083015994,488593.30288918386,a_audit_dynamic_account_return,,False,False,,,,,,,False,0,False,500000.0,500000.0,-0.02281339422163231,reject_b_open_times_gte_4_or_turnover_gte_20,B额外过滤炸板次数>=4或换手率>=20%。
A_plus_B_strict,20251205,A_OR_B,POSITION_OCCUPIED_SKIP,,,,,0.0,488593.30288918386,488593.30288918386,,300946.SZ 恒而达,False,False,,,,,,,False,0,False,500000.0,500000.0,-0.02281339422163231,reject_b_open_times_gte_4_or_turnover_gte_20,B额外过滤炸板次数>=4或换手率>=20%。
A_plus_B_strict,20251208,NONE,NO_CANDIDATE,,,,,0.0,488593.30288918386,488593.30288918386,,,False,False,,,,,,,False,0,False,500000.0,500000.0,-0.02281339422163231,reject_b_open_times_gte_4_or_turnover_gte_20,B额外过滤炸板次数>=4或换手率>=20%。
A_plus_B_strict,20251209,NONE,NO_CANDIDATE,,,,,0.0,488593.30288918386,488593.30288918386,,,False,False,,,,,,,False,0,False,500000.0,500000.0,-0.02281339422163231,reject_b_open_times_gte_4_or_turnover_gte_20,B额外过滤炸板次数>=4或换手率>=20%。
A_plus_B_strict,20251210,NONE,NO_CANDIDATE,,,,,0.0,488593.30288918386,488593.30288918386,,,False,False,,,,,,,False,0,False,500000.0,500000.0,-0.02281339422163231,reject_b_open_times_gte_4_or_turnover_gte_20,B额外过滤炸板次数>=4或换手率>=20%。
A_plus_B_strict,20251211,NONE,NO_CANDIDATE,,,,,0.0,488593.30288918386,488593.30288918386,,,False,False,,,,,,,False,0,False,500000.0,500000.0,-0.02281339422163231,reject_b_open_times_gte_4_or_turnover_gte_20,B额外过滤炸板次数>=4或换手率>=20%。
A_plus_B_strict,20251212,A,HISTORICAL_SIM_FILLED,920576.BJ,天力复合,bj,无,0.181313377355646,488593.30288918386,577181.8047893719,a_audit_dynamic_account_return,,False,False,,,,,,,False,0,False,500000.0,577181.8047893719,0.0,reject_b_open_times_gte_4_or_turnover_gte_20,B额外过滤炸板次数>=4或换手率>=20%。
A_plus_B_strict,20251215,A_OR_B,POSITION_OCCUPIED_SKIP,,,,,0.0,577181.8047893719,577181.8047893719,,920576.BJ 天力复合,False,False,,,,,,,False,0,False,500000.0,577181.8047893719,0.0,reject_b_open_times_gte_4_or_turnover_gte_20,B额外过滤炸板次数>=4或换手率>=20%。
A_plus_B_strict,20251216,NONE,NO_CANDIDATE,,,,,0.0,577181.8047893719,577181.8047893719,,,False,False,,,,,,,False,0,False,500000.0,577181.8047893719,0.0,reject_b_open_times_gte_4_or_turnover_gte_20,B额外过滤炸板次数>=4或换手率>=20%。
A_plus_B_strict,20251217,NONE,NO_CANDIDATE,,,,,0.0,577181.8047893719,577181.8047893719,,,False,False,,,,,,,False,0,False,500000.0,577181.8047893719,0.0,reject_b_open_times_gte_4_or_turnover_gte_20,B额外过滤炸板次数>=4或换手率>=20%。
A_plus_B_strict,20251218,NONE,NO_CANDIDATE,,,,,0.0,577181.8047893719,577181.8047893719,,,False,False,,,,,,,False,0,False,500000.0,577181.8047893719,0.0,reject_b_open_times_gte_4_or_turnover_gte_20,B额外过滤炸板次数>=4或换手率>=20%。
A_plus_B_strict,20251219,A,REVIEW_REQUIRED_PLAN_ONLY,300557.SZ,理工光科,chi_next,LOSS_OVERLAY_WATCH,0.0,577181.8047893719,577181.8047893719,manual_review_skip,,False,False,,,,,,,False,0,False,500000.0,577181.8047893719,0.0,reject_b_open_times_gte_4_or_turnover_gte_20,B额外过滤炸板次数>=4或换手率>=20%。
A_plus_B_strict,20251222,NONE,NO_CANDIDATE,,,,,0.0,577181.8047893719,577181.8047893719,,,False,False,,,,,,,False,0,False,500000.0,577181.8047893719,0.0,reject_b_open_times_gte_4_or_turnover_gte_20,B额外过滤炸板次数>=4或换手率>=20%。
A_plus_B_strict,20251223,NONE,NO_CANDIDATE,,,,,0.0,577181.8047893719,577181.8047893719,,,False,False,,,,,,,False,0,False,500000.0,577181.8047893719,0.0,reject_b_open_times_gte_4_or_turnover_gte_20,B额外过滤炸板次数>=4或换手率>=20%。
A_plus_B_strict,20251224,NONE,NO_CANDIDATE,,,,,0.0,577181.8047893719,577181.8047893719,,,False,False,,,,,,,False,0,False,500000.0,577181.8047893719,0.0,reject_b_open_times_gte_4_or_turnover_gte_20,B额外过滤炸板次数>=4或换手率>=20%。
A_plus_B_strict,20251225,NONE,NO_CANDIDATE,,,,,0.0,577181.8047893719,577181.8047893719,,,False,False,,,,,,,False,0,False,500000.0,577181.8047893719,0.0,reject_b_open_times_gte_4_or_turnover_gte_20,B额外过滤炸板次数>=4或换手率>=20%。
A_plus_B_strict,20251226,NONE,NO_CANDIDATE,,,,,0.0,577181.8047893719,577181.8047893719,,,False,False,,,,,,,False,0,False,500000.0,577181.8047893719,0.0,reject_b_open_times_gte_4_or_turnover_gte_20,B额外过滤炸板次数>=4或换手率>=20%。
A_plus_B_strict,20251229,NONE,NO_CANDIDATE,,,,,0.0,577181.8047893719,577181.8047893719,,,False,False,,,,,,,False,0,False,500000.0,577181.8047893719,0.0,reject_b_open_times_gte_4_or_turnover_gte_20,B额外过滤炸板次数>=4或换手率>=20%。
A_plus_B_strict,20251230,NONE,NO_CANDIDATE,,,,,0.0,577181.8047893719,577181.8047893719,,,False,False,,,,,,,False,0,False,500000.0,577181.8047893719,0.0,reject_b_open_times_gte_4_or_turnover_gte_20,B额外过滤炸板次数>=4或换手率>=20%。
A_plus_B_strict,20251231,A,HISTORICAL_SIM_FILLED,300058.SZ,蓝色光标,chi_next,无,0.1308549259970799,577181.8047893719,652708.8871419462,a_audit_dynamic_account_return,,False,False,,,,,,,False,0,False,500000.0,652708.8871419462,0.0,reject_b_open_times_gte_4_or_turnover_gte_20,B额外过滤炸板次数>=4或换手率>=20%。
A_plus_B_strict,20260105,A_OR_B,POSITION_OCCUPIED_SKIP,,,,,0.0,652708.8871419462,652708.8871419462,,300058.SZ 蓝色光标,False,False,,,,,,,False,0,False,500000.0,652708.8871419462,0.0,reject_b_open_times_gte_4_or_turnover_gte_20,B额外过滤炸板次数>=4或换手率>=20%。
A_plus_B_strict,20260106,B,HISTORICAL_SIM_FILLED,002865.SZ,钧达股份,sz_main,无,0.15860683400809739,652708.8871419462,756232.977260479,b_conservative_daily_replay,,True,True,,,20260107,20260108,57.056999999999995,68.46147,False,0,False,500000.0,756232.977260479,0.0,reject_b_open_times_gte_4_or_turnover_gte_20,B额外过滤炸板次数>=4或换手率>=20%。
A_plus_B_strict,20260107,A_OR_B,POSITION_OCCUPIED_SKIP,,,,,0.0,756232.977260479,756232.977260479,,002865.SZ 钧达股份,False,False,,,,,,,False,0,False,500000.0,756232.977260479,0.0,reject_b_open_times_gte_4_or_turnover_gte_20,B额外过滤炸板次数>=4或换手率>=20%。
A_plus_B_strict,20260108,NONE,NO_CANDIDATE,,,,,0.0,756232.977260479,756232.977260479,,,False,False,,,,,,,False,0,False,500000.0,756232.977260479,0.0,reject_b_open_times_gte_4_or_turnover_gte_20,B额外过滤炸板次数>=4或换手率>=20%。
A_plus_B_strict,20260109,NONE,NO_CANDIDATE,,,,,0.0,756232.977260479,756232.977260479,,,False,False,,,,,,,False,0,False,500000.0,756232.977260479,0.0,reject_b_open_times_gte_4_or_turnover_gte_20,B额外过滤炸板次数>=4或换手率>=20%。
A_plus_B_strict,20260112,NONE,NO_CANDIDATE,,,,,0.0,756232.977260479,756232.977260479,,,False,False,,,,,,,False,0,False,500000.0,756232.977260479,0.0,reject_b_open_times_gte_4_or_turnover_gte_20,B额外过滤炸板次数>=4或换手率>=20%。
A_plus_B_strict,20260113,NONE,NO_CANDIDATE,,,,,0.0,756232.977260479,756232.977260479,,,False,False,,,,,,,False,0,False,500000.0,756232.977260479,0.0,reject_b_open_times_gte_4_or_turnover_gte_20,B额外过滤炸板次数>=4或换手率>=20%。
A_plus_B_strict,20260114,NONE,NO_CANDIDATE,,,,,0.0,756232.977260479,756232.977260479,,,False,False,,,,,,,False,0,False,500000.0,756232.977260479,0.0,reject_b_open_times_gte_4_or_turnover_gte_20,B额外过滤炸板次数>=4或换手率>=20%。
A_plus_B_strict,20260115,A,HISTORICAL_SIM_FILLED,301629.SZ,矽电股份,chi_next,无,-0.0338313603969523,756232.977260479,730648.5868627195,a_audit_dynamic_account_return,,False,False,,,,,,,False,0,False,500000.0,756232.977260479,-0.03383136039695234,reject_b_open_times_gte_4_or_turnover_gte_20,B额外过滤炸板次数>=4或换手率>=20%。
A_plus_B_strict,20260116,A_OR_B,POSITION_OCCUPIED_SKIP,,,,,0.0,730648.5868627195,730648.5868627195,,301629.SZ 矽电股份,False,False,,,,,,,False,0,False,500000.0,756232.977260479,-0.03383136039695234,reject_b_open_times_gte_4_or_turnover_gte_20,B额外过滤炸板次数>=4或换手率>=20%。
A_plus_B_strict,20260119,A,HISTORICAL_SIM_FILLED,300658.SZ,延江股份,chi_next,无,0.0681174370165976,730648.5868627195,780418.4959596068,a_audit_dynamic_account_return,,False,False,,,,,,,False,0,False,500000.0,780418.4959596068,0.0,reject_b_open_times_gte_4_or_turnover_gte_20,B额外过滤炸板次数>=4或换手率>=20%。
A_plus_B_strict,20260120,A_OR_B,POSITION_OCCUPIED_SKIP,,,,,0.0,780418.4959596068,780418.4959596068,,300658.SZ 延江股份,False,False,,,,,,,False,0,False,500000.0,780418.4959596068,0.0,reject_b_open_times_gte_4_or_turnover_gte_20,B额外过滤炸板次数>=4或换手率>=20%。
A_plus_B_strict,20260121,NONE,NO_CANDIDATE,,,,,0.0,780418.4959596068,780418.4959596068,,,False,False,,,,,,,False,0,False,500000.0,780418.4959596068,0.0,reject_b_open_times_gte_4_or_turnover_gte_20,B额外过滤炸板次数>=4或换手率>=20%。
A_plus_B_strict,20260122,NONE,NO_CANDIDATE,,,,,0.0,780418.4959596068,780418.4959596068,,,False,False,,,,,,,False,0,False,500000.0,780418.4959596068,0.0,reject_b_open_times_gte_4_or_turnover_gte_20,B额外过滤炸板次数>=4或换手率>=20%。
A_plus_B_strict,20260123,A,HISTORICAL_SIM_FILLED,920368.BJ,连城数控,bj,无,0.1027727855059111,780418.4959596068,860624.2786497092,a_audit_dynamic_account_return,,False,False,,,,,,,False,0,False,500000.0,860624.2786497092,0.0,reject_b_open_times_gte_4_or_turnover_gte_20,B额外过滤炸板次数>=4或换手率>=20%。
A_plus_B_strict,20260126,A_OR_B,POSITION_OCCUPIED_SKIP,,,,,0.0,860624.2786497092,860624.2786497092,,920368.BJ 连城数控,False,False,,,,,,,False,0,False,500000.0,860624.2786497092,0.0,reject_b_open_times_gte_4_or_turnover_gte_20,B额外过滤炸板次数>=4或换手率>=20%。
A_plus_B_strict,20260127,NONE,NO_CANDIDATE,,,,,0.0,860624.2786497092,860624.2786497092,,,False,False,,,,,,,False,0,False,500000.0,860624.2786497092,0.0,reject_b_open_times_gte_4_or_turnover_gte_20,B额外过滤炸板次数>=4或换手率>=20%。
A_plus_B_strict,20260128,A,HISTORICAL_SIM_FILLED,300164.SZ,通源石油,chi_next,无,0.0457725821591917,860624.2786497092,900017.2741523981,a_audit_dynamic_account_return,,False,False,,,,,,,False,0,False,500000.0,900017.2741523981,0.0,reject_b_open_times_gte_4_or_turnover_gte_20,B额外过滤炸板次数>=4或换手率>=20%。
A_plus_B_strict,20260129,A_OR_B,POSITION_OCCUPIED_SKIP,,,,,0.0,900017.2741523981,900017.2741523981,,300164.SZ 通源石油,False,False,,,,,,,False,0,False,500000.0,900017.2741523981,0.0,reject_b_open_times_gte_4_or_turnover_gte_20,B额外过滤炸板次数>=4或换手率>=20%。
A_plus_B_strict,20260130,NONE,NO_CANDIDATE,,,,,0.0,900017.2741523981,900017.2741523981,,,False,False,,,,,,,False,0,False,500000.0,900017.2741523981,0.0,reject_b_open_times_gte_4_or_turnover_gte_20,B额外过滤炸板次数>=4或换手率>=20%。
A_plus_B_strict,20260202,NONE,NO_CANDIDATE,,,,,0.0,900017.2741523981,900017.2741523981,,,False,False,,,,,,,False,0,False,500000.0,900017.2741523981,0.0,reject_b_open_times_gte_4_or_turnover_gte_20,B额外过滤炸板次数>=4或换手率>=20%。
A_plus_B_strict,20260203,NONE,NO_CANDIDATE,,,,,0.0,900017.2741523981,900017.2741523981,,,False,False,,,,,,,False,0,False,500000.0,900017.2741523981,0.0,reject_b_open_times_gte_4_or_turnover_gte_20,B额外过滤炸板次数>=4或换手率>=20%。
A_plus_B_strict,20260204,NONE,NO_CANDIDATE,,,,,0.0,900017.2741523981,900017.2741523981,,,False,False,,,,,,,False,0,False,500000.0,900017.2741523981,0.0,reject_b_open_times_gte_4_or_turnover_gte_20,B额外过滤炸板次数>=4或换手率>=20%。
A_plus_B_strict,20260205,NONE,NO_CANDIDATE,,,,,0.0,900017.2741523981,900017.2741523981,,,False,False,,,,,,,False,0,False,500000.0,900017.2741523981,0.0,reject_b_open_times_gte_4_or_turnover_gte_20,B额外过滤炸板次数>=4或换手率>=20%。
A_plus_B_strict,20260206,NONE,NO_CANDIDATE,,,,,0.0,900017.2741523981,900017.2741523981,,,False,False,,,,,,,False,0,False,500000.0,900017.2741523981,0.0,reject_b_open_times_gte_4_or_turnover_gte_20,B额外过滤炸板次数>=4或换手率>=20%。
A_plus_B_strict,20260209,NONE,NO_CANDIDATE,,,,,0.0,900017.2741523981,900017.2741523981,,,False,False,,,,,,,False,0,False,500000.0,900017.2741523981,0.0,reject_b_open_times_gte_4_or_turnover_gte_20,B额外过滤炸板次数>=4或换手率>=20%。
A_plus_B_strict,20260210,NONE,NO_CANDIDATE,,,,,0.0,900017.2741523981,900017.2741523981,,,False,False,,,,,,,False,0,False,500000.0,900017.2741523981,0.0,reject_b_open_times_gte_4_or_turnover_gte_20,B额外过滤炸板次数>=4或换手率>=20%。
A_plus_B_strict,20260211,NONE,NO_CANDIDATE,,,,,0.0,900017.2741523981,900017.2741523981,,,False,False,,,,,,,False,0,False,500000.0,900017.2741523981,0.0,reject_b_open_times_gte_4_or_turnover_gte_20,B额外过滤炸板次数>=4或换手率>=20%。
A_plus_B_strict,20260212,NONE,NO_CANDIDATE,,,,,0.0,900017.2741523981,900017.2741523981,,,False,False,,,,,,,False,0,False,500000.0,900017.2741523981,0.0,reject_b_open_times_gte_4_or_turnover_gte_20,B额外过滤炸板次数>=4或换手率>=20%。
A_plus_B_strict,20260213,NONE,NO_CANDIDATE,,,,,0.0,900017.2741523981,900017.2741523981,,,False,False,,,,,,,False,0,False,500000.0,900017.2741523981,0.0,reject_b_open_times_gte_4_or_turnover_gte_20,B额外过滤炸板次数>=4或换手率>=20%。
A_plus_B_strict,20260224,NONE,NO_CANDIDATE,,,,,0.0,900017.2741523981,900017.2741523981,,,False,False,,,,,,,False,0,False,500000.0,900017.2741523981,0.0,reject_b_open_times_gte_4_or_turnover_gte_20,B额外过滤炸板次数>=4或换手率>=20%。
A_plus_B_strict,20260225,NONE,NO_CANDIDATE,,,,,0.0,900017.2741523981,900017.2741523981,,,False,False,,,,,,,False,0,False,500000.0,900017.2741523981,0.0,reject_b_open_times_gte_4_or_turnover_gte_20,B额外过滤炸板次数>=4或换手率>=20%。
A_plus_B_strict,20260226,A,HISTORICAL_SIM_FILLED,300499.SZ,高澜股份,chi_next,无,0.0193948880593092,900017.2741523981,917473.0084360284,a_audit_dynamic_account_return,,False,False,,,,,,,False,0,False,500000.0,917473.0084360284,0.0,reject_b_open_times_gte_4_or_turnover_gte_20,B额外过滤炸板次数>=4或换手率>=20%。
A_plus_B_strict,20260227,A_OR_B,POSITION_OCCUPIED_SKIP,,,,,0.0,917473.0084360284,917473.0084360284,,300499.SZ 高澜股份,False,False,,,,,,,False,0,False,500000.0,917473.0084360284,0.0,reject_b_open_times_gte_4_or_turnover_gte_20,B额外过滤炸板次数>=4或换手率>=20%。
A_plus_B_strict,20260302,NONE,NO_CANDIDATE,,,,,0.0,917473.0084360284,917473.0084360284,,,False,False,,,,,,,False,0,False,500000.0,917473.0084360284,0.0,reject_b_open_times_gte_4_or_turnover_gte_20,B额外过滤炸板次数>=4或换手率>=20%。
A_plus_B_strict,20260303,NONE,NO_CANDIDATE,,,,,0.0,917473.0084360284,917473.0084360284,,,False,False,,,,,,,False,0,False,500000.0,917473.0084360284,0.0,reject_b_open_times_gte_4_or_turnover_gte_20,B额外过滤炸板次数>=4或换手率>=20%。
A_plus_B_strict,20260304,NONE,NO_CANDIDATE,,,,,0.0,917473.0084360284,917473.0084360284,,,False,False,,,,,,,False,0,False,500000.0,917473.0084360284,0.0,reject_b_open_times_gte_4_or_turnover_gte_20,B额外过滤炸板次数>=4或换手率>=20%。
A_plus_B_strict,20260305,NONE,NO_CANDIDATE,,,,,0.0,917473.0084360284,917473.0084360284,,,False,False,,,,,,,False,0,False,500000.0,917473.0084360284,0.0,reject_b_open_times_gte_4_or_turnover_gte_20,B额外过滤炸板次数>=4或换手率>=20%。
A_plus_B_strict,20260306,NONE,NO_CANDIDATE,,,,,0.0,917473.0084360284,917473.0084360284,,,False,False,,,,,,,False,0,False,500000.0,917473.0084360284,0.0,reject_b_open_times_gte_4_or_turnover_gte_20,B额外过滤炸板次数>=4或换手率>=20%。
A_plus_B_strict,20260309,A,REVIEW_REQUIRED_PLAN_ONLY,301606.SZ,绿联科技,chi_next,LOSS_OVERLAY_WATCH,0.0,917473.0084360284,917473.0084360284,manual_review_skip,,False,False,,,,,,,False,0,False,500000.0,917473.0084360284,0.0,reject_b_open_times_gte_4_or_turnover_gte_20,B额外过滤炸板次数>=4或换手率>=20%。
A_plus_B_strict,20260310,NONE,NO_CANDIDATE,,,,,0.0,917473.0084360284,917473.0084360284,,,False,False,,,,,,,False,0,False,500000.0,917473.0084360284,0.0,reject_b_open_times_gte_4_or_turnover_gte_20,B额外过滤炸板次数>=4或换手率>=20%。
A_plus_B_strict,20260311,NONE,NO_CANDIDATE,,,,,0.0,917473.0084360284,917473.0084360284,,,False,False,,,,,,,False,0,False,500000.0,917473.0084360284,0.0,reject_b_open_times_gte_4_or_turnover_gte_20,B额外过滤炸板次数>=4或换手率>=20%。
A_plus_B_strict,20260312,NONE,NO_CANDIDATE,,,,,0.0,917473.0084360284,917473.0084360284,,,False,False,,,,,,,False,0,False,500000.0,917473.0084360284,0.0,reject_b_open_times_gte_4_or_turnover_gte_20,B额外过滤炸板次数>=4或换手率>=20%。
A_plus_B_strict,20260313,NONE,NO_CANDIDATE,,,,,0.0,917473.0084360284,917473.0084360284,,,False,False,,,,,,,False,0,False,500000.0,917473.0084360284,0.0,reject_b_open_times_gte_4_or_turnover_gte_20,B额外过滤炸板次数>=4或换手率>=20%。
A_plus_B_strict,20260316,NONE,NO_CANDIDATE,,,,,0.0,917473.0084360284,917473.0084360284,,,False,False,,,,,,,False,0,False,500000.0,917473.0084360284,0.0,reject_b_open_times_gte_4_or_turnover_gte_20,B额外过滤炸板次数>=4或换手率>=20%。
A_plus_B_strict,20260317,NONE,NO_CANDIDATE,,,,,0.0,917473.0084360284,917473.0084360284,,,False,False,,,,,,,False,0,False,500000.0,917473.0084360284,0.0,reject_b_open_times_gte_4_or_turnover_gte_20,B额外过滤炸板次数>=4或换手率>=20%。
A_plus_B_strict,20260318,NONE,NO_CANDIDATE,,,,,0.0,917473.0084360284,917473.0084360284,,,False,False,,,,,,,False,0,False,500000.0,917473.0084360284,0.0,reject_b_open_times_gte_4_or_turnover_gte_20,B额外过滤炸板次数>=4或换手率>=20%。
A_plus_B_strict,20260319,NONE,NO_CANDIDATE,,,,,0.0,917473.0084360284,917473.0084360284,,,False,False,,,,,,,False,0,False,500000.0,917473.0084360284,0.0,reject_b_open_times_gte_4_or_turnover_gte_20,B额外过滤炸板次数>=4或换手率>=20%。
A_plus_B_strict,20260320,NONE,NO_CANDIDATE,,,,,0.0,917473.0084360284,917473.0084360284,,,False,False,,,,,,,False,0,False,500000.0,917473.0084360284,0.0,reject_b_open_times_gte_4_or_turnover_gte_20,B额外过滤炸板次数>=4或换手率>=20%。
A_plus_B_strict,20260323,NONE,NO_CANDIDATE,,,,,0.0,917473.0084360284,917473.0084360284,,,False,False,,,,,,,False,0,False,500000.0,917473.0084360284,0.0,reject_b_open_times_gte_4_or_turnover_gte_20,B额外过滤炸板次数>=4或换手率>=20%。
A_plus_B_strict,20260324,NONE,NO_CANDIDATE,,,,,0.0,917473.0084360284,917473.0084360284,,,False,False,,,,,,,False,0,False,500000.0,917473.0084360284,0.0,reject_b_open_times_gte_4_or_turnover_gte_20,B额外过滤炸板次数>=4或换手率>=20%。
A_plus_B_strict,20260325,B,HISTORICAL_SIM_FILLED,603829.SH,洛凯股份,sh_main,无,0.0017810469626826726,917473.0084360284,919107.0709510467,b_conservative_daily_replay,,True,True,,,20260326,20260327,29.059029999999996,29.1708,False,0,False,500000.0,919107.0709510467,0.0,reject_b_open_times_gte_4_or_turnover_gte_20,B额外过滤炸板次数>=4或换手率>=20%。
A_plus_B_strict,20260326,A_OR_B,POSITION_OCCUPIED_SKIP,,,,,0.0,919107.0709510467,919107.0709510467,,603829.SH 洛凯股份,False,False,,,,,,,False,0,False,500000.0,919107.0709510467,0.0,reject_b_open_times_gte_4_or_turnover_gte_20,B额外过滤炸板次数>=4或换手率>=20%。
A_plus_B_strict,20260327,A,HISTORICAL_SIM_FILLED,300204.SZ,舒泰神,chi_next,无,0.0397618491523106,919107.0709510467,955652.4676610242,a_audit_dynamic_account_return,,False,False,,,,,,,False,0,False,500000.0,955652.4676610242,0.0,reject_b_open_times_gte_4_or_turnover_gte_20,B额外过滤炸板次数>=4或换手率>=20%。
A_plus_B_strict,20260330,A_OR_B,POSITION_OCCUPIED_SKIP,,,,,0.0,955652.4676610242,955652.4676610242,,300204.SZ 舒泰神,False,False,,,,,,,False,0,False,500000.0,955652.4676610242,0.0,reject_b_open_times_gte_4_or_turnover_gte_20,B额外过滤炸板次数>=4或换手率>=20%。
A_plus_B_strict,20260331,NONE,NO_CANDIDATE,,,,,0.0,955652.4676610242,955652.4676610242,,,False,False,,,,,,,False,0,False,500000.0,955652.4676610242,0.0,reject_b_open_times_gte_4_or_turnover_gte_20,B额外过滤炸板次数>=4或换手率>=20%。
A_plus_B_strict,20260401,NONE,NO_CANDIDATE,,,,,0.0,955652.4676610242,955652.4676610242,,,False,False,,,,,,,False,0,False,500000.0,955652.4676610242,0.0,reject_b_open_times_gte_4_or_turnover_gte_20,B额外过滤炸板次数>=4或换手率>=20%。
A_plus_B_strict,20260402,NONE,NO_CANDIDATE,,,,,0.0,955652.4676610242,955652.4676610242,,,False,False,,,,,,,False,0,False,500000.0,955652.4676610242,0.0,reject_b_open_times_gte_4_or_turnover_gte_20,B额外过滤炸板次数>=4或换手率>=20%。
A_plus_B_strict,20260403,NONE,NO_CANDIDATE,,,,,0.0,955652.4676610242,955652.4676610242,,,False,False,,,,,,,False,0,False,500000.0,955652.4676610242,0.0,reject_b_open_times_gte_4_or_turnover_gte_20,B额外过滤炸板次数>=4或换手率>=20%。
A_plus_B_strict,20260407,NONE,NO_CANDIDATE,,,,,0.0,955652.4676610242,955652.4676610242,,,False,False,,,,,,,False,0,False,500000.0,955652.4676610242,0.0,reject_b_open_times_gte_4_or_turnover_gte_20,B额外过滤炸板次数>=4或换手率>=20%。
A_plus_B_strict,20260408,B,HISTORICAL_SIM_FILLED,603083.SH,剑桥科技,sh_main,无,0.02050690266715481,955652.4676610242,975249.939798975,b_conservative_daily_replay,,True,True,,,20260409,20260410,113.04293,116.12375999999999,False,0,False,500000.0,975249.939798975,0.0,reject_b_open_times_gte_4_or_turnover_gte_20,B额外过滤炸板次数>=4或换手率>=20%。
A_plus_B_strict,20260409,A_OR_B,POSITION_OCCUPIED_SKIP,,,,,0.0,975249.939798975,975249.939798975,,603083.SH 剑桥科技,False,False,,,,,,,False,0,False,500000.0,975249.939798975,0.0,reject_b_open_times_gte_4_or_turnover_gte_20,B额外过滤炸板次数>=4或换手率>=20%。
A_plus_B_strict,20260410,NONE,NO_CANDIDATE,,,,,0.0,975249.939798975,975249.939798975,,,False,False,,,,,,,False,0,False,500000.0,975249.939798975,0.0,reject_b_open_times_gte_4_or_turnover_gte_20,B额外过滤炸板次数>=4或换手率>=20%。
A_plus_B_strict,20260413,NONE,NO_CANDIDATE,,,,,0.0,975249.939798975,975249.939798975,,,False,False,,,,,,,False,0,False,500000.0,975249.939798975,0.0,reject_b_open_times_gte_4_or_turnover_gte_20,B额外过滤炸板次数>=4或换手率>=20%。
A_plus_B_strict,20260414,A,HISTORICAL_SIM_FILLED,301189.SZ,奥尼电子,chi_next,无,-0.0350052172427846,975249.939798975,941111.1037902993,a_audit_dynamic_account_return,,False,False,,,,,,,False,0,False,500000.0,975249.939798975,-0.0350052172427846,reject_b_open_times_gte_4_or_turnover_gte_20,B额外过滤炸板次数>=4或换手率>=20%。
A_plus_B_strict,20260415,A_OR_B,POSITION_OCCUPIED_SKIP,,,,,0.0,941111.1037902993,941111.1037902993,,301189.SZ 奥尼电子,False,False,,,,,,,False,0,False,500000.0,975249.939798975,-0.0350052172427846,reject_b_open_times_gte_4_or_turnover_gte_20,B额外过滤炸板次数>=4或换手率>=20%。
A_plus_B_strict,20260416,NONE,NO_CANDIDATE,,,,,0.0,941111.1037902993,941111.1037902993,,,False,False,,,,,,,False,0,False,500000.0,975249.939798975,-0.0350052172427846,reject_b_open_times_gte_4_or_turnover_gte_20,B额外过滤炸板次数>=4或换手率>=20%。
A_plus_B_strict,20260417,A,HISTORICAL_SIM_FILLED,301319.SZ,唯特偶,chi_next,无,0.0352808081329955,941111.1037902993,974314.2640749563,a_audit_dynamic_account_return,,False,False,,,,,,,False,0,False,500000.0,975249.939798975,-0.0009594214629857767,reject_b_open_times_gte_4_or_turnover_gte_20,B额外过滤炸板次数>=4或换手率>=20%。
A_plus_B_strict,20260420,A_OR_B,POSITION_OCCUPIED_SKIP,,,,,0.0,974314.2640749563,974314.2640749563,,301319.SZ 唯特偶,False,False,,,,,,,False,0,False,500000.0,975249.939798975,-0.0009594214629857767,reject_b_open_times_gte_4_or_turnover_gte_20,B额外过滤炸板次数>=4或换手率>=20%。
A_plus_B_strict,20260421,NONE,NO_CANDIDATE,,,,,0.0,974314.2640749563,974314.2640749563,,,False,False,,,,,,,False,0,False,500000.0,975249.939798975,-0.0009594214629857767,reject_b_open_times_gte_4_or_turnover_gte_20,B额外过滤炸板次数>=4或换手率>=20%。
A_plus_B_strict,20260422,NONE,NO_CANDIDATE,,,,,0.0,974314.2640749563,974314.2640749563,,,False,False,,,,,,,False,0,False,500000.0,975249.939798975,-0.0009594214629857767,reject_b_open_times_gte_4_or_turnover_gte_20,B额外过滤炸板次数>=4或换手率>=20%。
A_plus_B_strict,20260423,NONE,NO_CANDIDATE,,,,,0.0,974314.2640749563,974314.2640749563,,,False,False,,,,,,,False,0,False,500000.0,975249.939798975,-0.0009594214629857767,reject_b_open_times_gte_4_or_turnover_gte_20,B额外过滤炸板次数>=4或换手率>=20%。
A_plus_B_strict,20260424,NONE,NO_CANDIDATE,,,,,0.0,974314.2640749563,974314.2640749563,,,False,False,,,,,,,False,0,False,500000.0,975249.939798975,-0.0009594214629857767,reject_b_open_times_gte_4_or_turnover_gte_20,B额外过滤炸板次数>=4或换手率>=20%。
A_plus_B_strict,20260427,NONE,NO_CANDIDATE,,,,,0.0,974314.2640749563,974314.2640749563,,,False,False,,,,,,,False,0,False,500000.0,975249.939798975,-0.0009594214629857767,reject_b_open_times_gte_4_or_turnover_gte_20,B额外过滤炸板次数>=4或换手率>=20%。
A_plus_B_strict,20260428,NONE,NO_CANDIDATE,,,,,0.0,974314.2640749563,974314.2640749563,,,False,False,,,,,,,False,0,False,500000.0,975249.939798975,-0.0009594214629857767,reject_b_open_times_gte_4_or_turnover_gte_20,B额外过滤炸板次数>=4或换手率>=20%。
A_plus_B_strict,20260429,NONE,NO_CANDIDATE,,,,,0.0,974314.2640749563,974314.2640749563,,,False,False,,,,,,,False,0,False,500000.0,975249.939798975,-0.0009594214629857767,reject_b_open_times_gte_4_or_turnover_gte_20,B额外过滤炸板次数>=4或换手率>=20%。
A_plus_B_strict,20260430,NONE,NO_CANDIDATE,,,,,0.0,974314.2640749563,974314.2640749563,,,False,False,,,,,,,False,0,False,500000.0,975249.939798975,-0.0009594214629857767,reject_b_open_times_gte_4_or_turnover_gte_20,B额外过滤炸板次数>=4或换手率>=20%。
A_plus_B_strict,20260506,NONE,NO_CANDIDATE,,,,,0.0,974314.2640749563,974314.2640749563,,,False,False,,,,,,,False,0,False,500000.0,975249.939798975,-0.0009594214629857767,reject_b_open_times_gte_4_or_turnover_gte_20,B额外过滤炸板次数>=4或换手率>=20%。
A_plus_B_strict,20260507,B,HISTORICAL_SIM_FILLED,603256.SH,宏和科技,sh_main,无,0.02464048591717308,974314.2640749563,998321.8409777962,b_conservative_daily_replay,,True,True,,,20260508,20260511,145.12497999999997,149.83002,False,0,False,500000.0,998321.8409777962,0.0,reject_b_open_times_gte_4_or_turnover_gte_20,B额外过滤炸板次数>=4或换手率>=20%。
A_plus_B_strict,20260508,A_OR_B,POSITION_OCCUPIED_SKIP,,,,,0.0,998321.8409777962,998321.8409777962,,603256.SH 宏和科技,False,False,,,,,,,False,0,False,500000.0,998321.8409777962,0.0,reject_b_open_times_gte_4_or_turnover_gte_20,B额外过滤炸板次数>=4或换手率>=20%。
A_plus_B_strict,20260511,NONE,NO_CANDIDATE,,,,,0.0,998321.8409777962,998321.8409777962,,,False,False,,,,,,,False,0,False,500000.0,998321.8409777962,0.0,reject_b_open_times_gte_4_or_turnover_gte_20,B额外过滤炸板次数>=4或换手率>=20%。
A_plus_B_strict,20260512,NONE,NO_CANDIDATE,,,,,0.0,998321.8409777962,998321.8409777962,,,False,False,,,,,,,False,0,False,500000.0,998321.8409777962,0.0,reject_b_open_times_gte_4_or_turnover_gte_20,B额外过滤炸板次数>=4或换手率>=20%。
A_plus_B_strict,20260513,NONE,NO_CANDIDATE,,,,,0.0,998321.8409777962,998321.8409777962,,,False,False,,,,,,,False,0,False,500000.0,998321.8409777962,0.0,reject_b_open_times_gte_4_or_turnover_gte_20,B额外过滤炸板次数>=4或换手率>=20%。
A_plus_B_strict,20260514,NONE,NO_CANDIDATE,,,,,0.0,998321.8409777962,998321.8409777962,,,False,False,,,,,,,False,0,False,500000.0,998321.8409777962,0.0,reject_b_open_times_gte_4_or_turnover_gte_20,B额外过滤炸板次数>=4或换手率>=20%。
