scenario,signal_date,strategy_leg,operation_status,ts_code,name,market_segment,risk_flags,account_return,equity_before,equity_after,return_source,active_position,buy_executed,sell_executed,buy_reject_reason,sell_reject_reason,buy_trade_date,exit_trade_date,buy_price,exit_price,path_conflict,limit_down_blocked_days,live_order_enabled,initial_equity,peak_equity,drawdown,residual_filter_scenario,residual_filter_description
A_plus_B_strict,20251224,NONE,NO_CANDIDATE,,,,,0.0,500000.0,500000.0,,,False,False,,,,,,,False,0,False,500000.0,500000.0,0.0,baseline_ab_filtered,当前 A+B filtered，不增加额外B过滤。
A_plus_B_strict,20251225,NONE,NO_CANDIDATE,,,,,0.0,500000.0,500000.0,,,False,False,,,,,,,False,0,False,500000.0,500000.0,0.0,baseline_ab_filtered,当前 A+B filtered，不增加额外B过滤。
A_plus_B_strict,20251226,NONE,NO_CANDIDATE,,,,,0.0,500000.0,500000.0,,,False,False,,,,,,,False,0,False,500000.0,500000.0,0.0,baseline_ab_filtered,当前 A+B filtered，不增加额外B过滤。
A_plus_B_strict,20251229,NONE,NO_CANDIDATE,,,,,0.0,500000.0,500000.0,,,False,False,,,,,,,False,0,False,500000.0,500000.0,0.0,baseline_ab_filtered,当前 A+B filtered，不增加额外B过滤。
A_plus_B_strict,20251230,NONE,NO_CANDIDATE,,,,,0.0,500000.0,500000.0,,,False,False,,,,,,,False,0,False,500000.0,500000.0,0.0,baseline_ab_filtered,当前 A+B filtered，不增加额外B过滤。
A_plus_B_strict,20251231,A,HISTORICAL_SIM_FILLED,300058.SZ,蓝色光标,chi_next,无,0.1308549259970799,500000.0,565427.4629985399,a_audit_dynamic_account_return,,False,False,,,,,,,False,0,False,500000.0,565427.4629985399,0.0,baseline_ab_filtered,当前 A+B filtered，不增加额外B过滤。
A_plus_B_strict,20260105,A_OR_B,POSITION_OCCUPIED_SKIP,,,,,0.0,565427.4629985399,565427.4629985399,,300058.SZ 蓝色光标,False,False,,,,,,,False,0,False,500000.0,565427.4629985399,0.0,baseline_ab_filtered,当前 A+B filtered，不增加额外B过滤。
A_plus_B_strict,20260106,B,HISTORICAL_SIM_FILLED,002865.SZ,钧达股份,sz_main,无,0.15860683400809739,565427.4629985399,655108.122765969,b_conservative_daily_replay,,True,True,,,20260107,20260108,57.056999999999995,68.46147,False,0,False,500000.0,655108.122765969,0.0,baseline_ab_filtered,当前 A+B filtered，不增加额外B过滤。
A_plus_B_strict,20260107,A_OR_B,POSITION_OCCUPIED_SKIP,,,,,0.0,655108.122765969,655108.122765969,,002865.SZ 钧达股份,False,False,,,,,,,False,0,False,500000.0,655108.122765969,0.0,baseline_ab_filtered,当前 A+B filtered，不增加额外B过滤。
A_plus_B_strict,20260108,NONE,NO_CANDIDATE,,,,,0.0,655108.122765969,655108.122765969,,,False,False,,,,,,,False,0,False,500000.0,655108.122765969,0.0,baseline_ab_filtered,当前 A+B filtered，不增加额外B过滤。
A_plus_B_strict,20260109,NONE,NO_CANDIDATE,,,,,0.0,655108.122765969,655108.122765969,,,False,False,,,,,,,False,0,False,500000.0,655108.122765969,0.0,baseline_ab_filtered,当前 A+B filtered，不增加额外B过滤。
A_plus_B_strict,20260112,B,HISTORICAL_SIM_FILLED,603015.SH,弘讯科技,sh_main,无,-0.11390443845358572,655108.122765969,580488.3999159286,b_conservative_daily_replay,,True,True,,,20260113,20260114,18.35834,15.774209999999998,False,0,False,500000.0,655108.122765969,-0.11390443845358578,baseline_ab_filtered,当前 A+B filtered，不增加额外B过滤。
A_plus_B_strict,20260113,A_OR_B,POSITION_OCCUPIED_SKIP,,,,,0.0,580488.3999159286,580488.3999159286,,603015.SH 弘讯科技,False,False,,,,,,,False,0,False,500000.0,655108.122765969,-0.11390443845358578,baseline_ab_filtered,当前 A+B filtered，不增加额外B过滤。
A_plus_B_strict,20260114,NONE,NO_CANDIDATE,,,,,0.0,580488.3999159286,580488.3999159286,,,False,False,,,,,,,False,0,False,500000.0,655108.122765969,-0.11390443845358578,baseline_ab_filtered,当前 A+B filtered，不增加额外B过滤。
A_plus_B_strict,20260115,A,HISTORICAL_SIM_FILLED,301629.SZ,矽电股份,chi_next,无,-0.0338313603969523,580488.3999159286,560849.6876521226,a_audit_dynamic_account_return,,False,False,,,,,,,False,0,False,500000.0,655108.122765969,-0.1438822567424024,baseline_ab_filtered,当前 A+B filtered，不增加额外B过滤。
A_plus_B_strict,20260116,A_OR_B,POSITION_OCCUPIED_SKIP,,,,,0.0,560849.6876521226,560849.6876521226,,301629.SZ 矽电股份,False,False,,,,,,,False,0,False,500000.0,655108.122765969,-0.1438822567424024,baseline_ab_filtered,当前 A+B filtered，不增加额外B过滤。
A_plus_B_strict,20260119,A,HISTORICAL_SIM_FILLED,300658.SZ,延江股份,chi_next,无,0.0681174370165976,560849.6876521226,599053.3309265445,a_audit_dynamic_account_return,,False,False,,,,,,,False,0,False,500000.0,655108.122765969,-0.08556571028726134,baseline_ab_filtered,当前 A+B filtered，不增加额外B过滤。
A_plus_B_strict,20260120,A_OR_B,POSITION_OCCUPIED_SKIP,,,,,0.0,599053.3309265445,599053.3309265445,,300658.SZ 延江股份,False,False,,,,,,,False,0,False,500000.0,655108.122765969,-0.08556571028726134,baseline_ab_filtered,当前 A+B filtered，不增加额外B过滤。
A_plus_B_strict,20260121,NONE,NO_CANDIDATE,,,,,0.0,599053.3309265445,599053.3309265445,,,False,False,,,,,,,False,0,False,500000.0,655108.122765969,-0.08556571028726134,baseline_ab_filtered,当前 A+B filtered，不增加额外B过滤。
A_plus_B_strict,20260122,NONE,NO_CANDIDATE,,,,,0.0,599053.3309265445,599053.3309265445,,,False,False,,,,,,,False,0,False,500000.0,655108.122765969,-0.08556571028726134,baseline_ab_filtered,当前 A+B filtered，不增加额外B过滤。
A_plus_B_strict,20260123,A,HISTORICAL_SIM_FILLED,920368.BJ,连城数控,bj,无,0.1027727855059111,599053.3309265445,660619.7104124598,a_audit_dynamic_account_return,,False,False,,,,,,,False,0,False,500000.0,660619.7104124598,0.0,baseline_ab_filtered,当前 A+B filtered，不增加额外B过滤。
A_plus_B_strict,20260126,A_OR_B,POSITION_OCCUPIED_SKIP,,,,,0.0,660619.7104124598,660619.7104124598,,920368.BJ 连城数控,False,False,,,,,,,False,0,False,500000.0,660619.7104124598,0.0,baseline_ab_filtered,当前 A+B filtered，不增加额外B过滤。
A_plus_B_strict,20260127,NONE,NO_CANDIDATE,,,,,0.0,660619.7104124598,660619.7104124598,,,False,False,,,,,,,False,0,False,500000.0,660619.7104124598,0.0,baseline_ab_filtered,当前 A+B filtered，不增加额外B过滤。
A_plus_B_strict,20260128,A,HISTORICAL_SIM_FILLED,300164.SZ,通源石油,chi_next,无,0.0457725821591917,660619.7104124598,690857.9803832956,a_audit_dynamic_account_return,,False,False,,,,,,,False,0,False,500000.0,690857.9803832956,0.0,baseline_ab_filtered,当前 A+B filtered，不增加额外B过滤。
A_plus_B_strict,20260129,A_OR_B,POSITION_OCCUPIED_SKIP,,,,,0.0,690857.9803832956,690857.9803832956,,300164.SZ 通源石油,False,False,,,,,,,False,0,False,500000.0,690857.9803832956,0.0,baseline_ab_filtered,当前 A+B filtered，不增加额外B过滤。
A_plus_B_strict,20260130,NONE,NO_CANDIDATE,,,,,0.0,690857.9803832956,690857.9803832956,,,False,False,,,,,,,False,0,False,500000.0,690857.9803832956,0.0,baseline_ab_filtered,当前 A+B filtered，不增加额外B过滤。
A_plus_B_strict,20260202,NONE,NO_CANDIDATE,,,,,0.0,690857.9803832956,690857.9803832956,,,False,False,,,,,,,False,0,False,500000.0,690857.9803832956,0.0,baseline_ab_filtered,当前 A+B filtered，不增加额外B过滤。
A_plus_B_strict,20260203,NONE,NO_CANDIDATE,,,,,0.0,690857.9803832956,690857.9803832956,,,False,False,,,,,,,False,0,False,500000.0,690857.9803832956,0.0,baseline_ab_filtered,当前 A+B filtered，不增加额外B过滤。
A_plus_B_strict,20260204,NONE,NO_CANDIDATE,,,,,0.0,690857.9803832956,690857.9803832956,,,False,False,,,,,,,False,0,False,500000.0,690857.9803832956,0.0,baseline_ab_filtered,当前 A+B filtered，不增加额外B过滤。
A_plus_B_strict,20260205,NONE,NO_CANDIDATE,,,,,0.0,690857.9803832956,690857.9803832956,,,False,False,,,,,,,False,0,False,500000.0,690857.9803832956,0.0,baseline_ab_filtered,当前 A+B filtered，不增加额外B过滤。
A_plus_B_strict,20260206,NONE,NO_CANDIDATE,,,,,0.0,690857.9803832956,690857.9803832956,,,False,False,,,,,,,False,0,False,500000.0,690857.9803832956,0.0,baseline_ab_filtered,当前 A+B filtered，不增加额外B过滤。
A_plus_B_strict,20260209,NONE,NO_CANDIDATE,,,,,0.0,690857.9803832956,690857.9803832956,,,False,False,,,,,,,False,0,False,500000.0,690857.9803832956,0.0,baseline_ab_filtered,当前 A+B filtered，不增加额外B过滤。
A_plus_B_strict,20260210,NONE,NO_CANDIDATE,,,,,0.0,690857.9803832956,690857.9803832956,,,False,False,,,,,,,False,0,False,500000.0,690857.9803832956,0.0,baseline_ab_filtered,当前 A+B filtered，不增加额外B过滤。
A_plus_B_strict,20260211,NONE,NO_CANDIDATE,,,,,0.0,690857.9803832956,690857.9803832956,,,False,False,,,,,,,False,0,False,500000.0,690857.9803832956,0.0,baseline_ab_filtered,当前 A+B filtered，不增加额外B过滤。
A_plus_B_strict,20260212,NONE,NO_CANDIDATE,,,,,0.0,690857.9803832956,690857.9803832956,,,False,False,,,,,,,False,0,False,500000.0,690857.9803832956,0.0,baseline_ab_filtered,当前 A+B filtered，不增加额外B过滤。
A_plus_B_strict,20260213,NONE,NO_CANDIDATE,,,,,0.0,690857.9803832956,690857.9803832956,,,False,False,,,,,,,False,0,False,500000.0,690857.9803832956,0.0,baseline_ab_filtered,当前 A+B filtered，不增加额外B过滤。
A_plus_B_strict,20260224,NONE,NO_CANDIDATE,,,,,0.0,690857.9803832956,690857.9803832956,,,False,False,,,,,,,False,0,False,500000.0,690857.9803832956,0.0,baseline_ab_filtered,当前 A+B filtered，不增加额外B过滤。
A_plus_B_strict,20260225,NONE,NO_CANDIDATE,,,,,0.0,690857.9803832956,690857.9803832956,,,False,False,,,,,,,False,0,False,500000.0,690857.9803832956,0.0,baseline_ab_filtered,当前 A+B filtered，不增加额外B过滤。
A_plus_B_strict,20260226,A,HISTORICAL_SIM_FILLED,300499.SZ,高澜股份,chi_next,无,0.0193948880593092,690857.9803832956,704257.09357771,a_audit_dynamic_account_return,,False,False,,,,,,,False,0,False,500000.0,704257.09357771,0.0,baseline_ab_filtered,当前 A+B filtered，不增加额外B过滤。
A_plus_B_strict,20260227,A_OR_B,POSITION_OCCUPIED_SKIP,,,,,0.0,704257.09357771,704257.09357771,,300499.SZ 高澜股份,False,False,,,,,,,False,0,False,500000.0,704257.09357771,0.0,baseline_ab_filtered,当前 A+B filtered，不增加额外B过滤。
A_plus_B_strict,20260302,B,HISTORICAL_SIM_FILLED,603257.SH,中国瑞林,sh_main,无,-0.027628032279987592,704257.09357771,684799.8558629348,b_conservative_daily_replay,,True,True,,,20260303,20260304,72.70262999999998,70.30962,False,0,False,500000.0,704257.09357771,-0.027628032279987447,baseline_ab_filtered,当前 A+B filtered，不增加额外B过滤。
A_plus_B_strict,20260303,A_OR_B,POSITION_OCCUPIED_SKIP,,,,,0.0,684799.8558629348,684799.8558629348,,603257.SH 中国瑞林,False,False,,,,,,,False,0,False,500000.0,704257.09357771,-0.027628032279987447,baseline_ab_filtered,当前 A+B filtered，不增加额外B过滤。
A_plus_B_strict,20260304,NONE,NO_CANDIDATE,,,,,0.0,684799.8558629348,684799.8558629348,,,False,False,,,,,,,False,0,False,500000.0,704257.09357771,-0.027628032279987447,baseline_ab_filtered,当前 A+B filtered，不增加额外B过滤。
A_plus_B_strict,20260305,NONE,NO_CANDIDATE,,,,,0.0,684799.8558629348,684799.8558629348,,,False,False,,,,,,,False,0,False,500000.0,704257.09357771,-0.027628032279987447,baseline_ab_filtered,当前 A+B filtered，不增加额外B过滤。
A_plus_B_strict,20260306,B,HISTORICAL_SIM_FILLED,000509.SZ,华塑控股,sz_main,无,0.022055648351648537,684799.8558629348,699903.5606751073,b_conservative_daily_replay,,True,True,,,20260309,20260310,3.8438399999999993,3.95604,False,0,False,500000.0,704257.09357771,-0.006181738092954414,baseline_ab_filtered,当前 A+B filtered，不增加额外B过滤。
A_plus_B_strict,20260309,A_OR_B,POSITION_OCCUPIED_SKIP,,,,,0.0,699903.5606751073,699903.5606751073,,000509.SZ 华塑控股,False,False,,,,,,,False,0,False,500000.0,704257.09357771,-0.006181738092954414,baseline_ab_filtered,当前 A+B filtered，不增加额外B过滤。
A_plus_B_strict,20260310,NONE,NO_CANDIDATE,,,,,0.0,699903.5606751073,699903.5606751073,,,False,False,,,,,,,False,0,False,500000.0,704257.09357771,-0.006181738092954414,baseline_ab_filtered,当前 A+B filtered，不增加额外B过滤。
A_plus_B_strict,20260311,B,HISTORICAL_SIM_FILLED,603778.SH,国晟科技,sh_main,无,-0.015549181976524854,699903.5606751073,689020.6328441523,b_conservative_daily_replay,,True,True,,,20260312,20260313,20.840819999999997,20.46951,False,0,False,500000.0,704257.09357771,-0.021634799098940838,baseline_ab_filtered,当前 A+B filtered，不增加额外B过滤。
A_plus_B_strict,20260312,A_OR_B,POSITION_OCCUPIED_SKIP,,,,,0.0,689020.6328441523,689020.6328441523,,603778.SH 国晟科技,False,False,,,,,,,False,0,False,500000.0,704257.09357771,-0.021634799098940838,baseline_ab_filtered,当前 A+B filtered，不增加额外B过滤。
A_plus_B_strict,20260313,B,HISTORICAL_SIM_FILLED,603248.SH,锡华科技,sh_main,无,0.14196793827778875,689020.6328441523,786839.4715198939,b_conservative_daily_replay,,True,True,,,20260316,20260317,28.908879999999996,34.085879999999996,False,0,False,500000.0,786839.4715198939,0.0,baseline_ab_filtered,当前 A+B filtered，不增加额外B过滤。
A_plus_B_strict,20260316,A_OR_B,POSITION_OCCUPIED_SKIP,,,,,0.0,786839.4715198939,786839.4715198939,,603248.SH 锡华科技,False,False,,,,,,,False,0,False,500000.0,786839.4715198939,0.0,baseline_ab_filtered,当前 A+B filtered，不增加额外B过滤。
A_plus_B_strict,20260317,NONE,NO_CANDIDATE,,,,,0.0,786839.4715198939,786839.4715198939,,,False,False,,,,,,,False,0,False,500000.0,786839.4715198939,0.0,baseline_ab_filtered,当前 A+B filtered，不增加额外B过滤。
A_plus_B_strict,20260318,NONE,NO_CANDIDATE,,,,,0.0,786839.4715198939,786839.4715198939,,,False,False,,,,,,,False,0,False,500000.0,786839.4715198939,0.0,baseline_ab_filtered,当前 A+B filtered，不增加额外B过滤。
A_plus_B_strict,20260319,NONE,NO_CANDIDATE,,,,,0.0,786839.4715198939,786839.4715198939,,,False,False,,,,,,,False,0,False,500000.0,786839.4715198939,0.0,baseline_ab_filtered,当前 A+B filtered，不增加额外B过滤。
A_plus_B_strict,20260320,NONE,NO_CANDIDATE,,,,,0.0,786839.4715198939,786839.4715198939,,,False,False,,,,,,,False,0,False,500000.0,786839.4715198939,0.0,baseline_ab_filtered,当前 A+B filtered，不增加额外B过滤。
A_plus_B_strict,20260323,NONE,NO_CANDIDATE,,,,,0.0,786839.4715198939,786839.4715198939,,,False,False,,,,,,,False,0,False,500000.0,786839.4715198939,0.0,baseline_ab_filtered,当前 A+B filtered，不增加额外B过滤。
A_plus_B_strict,20260324,B,HISTORICAL_SIM_FILLED,601016.SH,节能风电,sh_main,无,0.05001172841616214,786839.4715198939,826190.6734766633,b_conservative_daily_replay,,True,True,,,20260325,20260326,4.98498,5.30469,False,0,False,500000.0,826190.6734766633,0.0,baseline_ab_filtered,当前 A+B filtered，不增加额外B过滤。
A_plus_B_strict,20260325,A_OR_B,POSITION_OCCUPIED_SKIP,,,,,0.0,826190.6734766633,826190.6734766633,,601016.SH 节能风电,False,False,,,,,,,False,0,False,500000.0,826190.6734766633,0.0,baseline_ab_filtered,当前 A+B filtered，不增加额外B过滤。
A_plus_B_strict,20260326,NONE,NO_CANDIDATE,,,,,0.0,826190.6734766633,826190.6734766633,,,False,False,,,,,,,False,0,False,500000.0,826190.6734766633,0.0,baseline_ab_filtered,当前 A+B filtered，不增加额外B过滤。
A_plus_B_strict,20260327,A,HISTORICAL_SIM_FILLED,300204.SZ,舒泰神,chi_next,无,0.0397618491523106,826190.6734766633,859041.5424064883,a_audit_dynamic_account_return,,False,False,,,,,,,False,0,False,500000.0,859041.5424064883,0.0,baseline_ab_filtered,当前 A+B filtered，不增加额外B过滤。
A_plus_B_strict,20260330,A_OR_B,POSITION_OCCUPIED_SKIP,,,,,0.0,859041.5424064883,859041.5424064883,,300204.SZ 舒泰神,False,False,,,,,,,False,0,False,500000.0,859041.5424064883,0.0,baseline_ab_filtered,当前 A+B filtered，不增加额外B过滤。
A_plus_B_strict,20260331,NONE,NO_CANDIDATE,,,,,0.0,859041.5424064883,859041.5424064883,,,False,False,,,,,,,False,0,False,500000.0,859041.5424064883,0.0,baseline_ab_filtered,当前 A+B filtered，不增加额外B过滤。
A_plus_B_strict,20260401,NONE,NO_CANDIDATE,,,,,0.0,859041.5424064883,859041.5424064883,,,False,False,,,,,,,False,0,False,500000.0,859041.5424064883,0.0,baseline_ab_filtered,当前 A+B filtered，不增加额外B过滤。
A_plus_B_strict,20260402,NONE,NO_CANDIDATE,,,,,0.0,859041.5424064883,859041.5424064883,,,False,False,,,,,,,False,0,False,500000.0,859041.5424064883,0.0,baseline_ab_filtered,当前 A+B filtered，不增加额外B过滤。
A_plus_B_strict,20260403,NONE,NO_CANDIDATE,,,,,0.0,859041.5424064883,859041.5424064883,,,False,False,,,,,,,False,0,False,500000.0,859041.5424064883,0.0,baseline_ab_filtered,当前 A+B filtered，不增加额外B过滤。
A_plus_B_strict,20260407,NONE,NO_CANDIDATE,,,,,0.0,859041.5424064883,859041.5424064883,,,False,False,,,,,,,False,0,False,500000.0,859041.5424064883,0.0,baseline_ab_filtered,当前 A+B filtered，不增加额外B过滤。
A_plus_B_strict,20260408,B,HISTORICAL_SIM_FILLED,603083.SH,剑桥科技,sh_main,无,0.02050690266715481,859041.5424064883,876657.8237036606,b_conservative_daily_replay,,True,True,,,20260409,20260410,113.04293,116.12375999999999,False,0,False,500000.0,876657.8237036606,0.0,baseline_ab_filtered,当前 A+B filtered，不增加额外B过滤。
A_plus_B_strict,20260409,A_OR_B,POSITION_OCCUPIED_SKIP,,,,,0.0,876657.8237036606,876657.8237036606,,603083.SH 剑桥科技,False,False,,,,,,,False,0,False,500000.0,876657.8237036606,0.0,baseline_ab_filtered,当前 A+B filtered，不增加额外B过滤。
A_plus_B_strict,20260410,NONE,NO_CANDIDATE,,,,,0.0,876657.8237036606,876657.8237036606,,,False,False,,,,,,,False,0,False,500000.0,876657.8237036606,0.0,baseline_ab_filtered,当前 A+B filtered，不增加额外B过滤。
A_plus_B_strict,20260413,B,HISTORICAL_SIM_FILLED,000968.SZ,蓝焰控股,sz_main,无,-0.049626241187383915,876657.8237036606,833152.5911057357,b_conservative_daily_replay,,True,True,,,20260414,20260415,10.090079999999999,9.48051,False,0,False,500000.0,876657.8237036606,-0.04962624118738379,baseline_ab_filtered,当前 A+B filtered，不增加额外B过滤。
A_plus_B_strict,20260414,A_OR_B,POSITION_OCCUPIED_SKIP,,,,,0.0,833152.5911057357,833152.5911057357,,000968.SZ 蓝焰控股,False,False,,,,,,,False,0,False,500000.0,876657.8237036606,-0.04962624118738379,baseline_ab_filtered,当前 A+B filtered，不增加额外B过滤。
A_plus_B_strict,20260415,NONE,NO_CANDIDATE,,,,,0.0,833152.5911057357,833152.5911057357,,,False,False,,,,,,,False,0,False,500000.0,876657.8237036606,-0.04962624118738379,baseline_ab_filtered,当前 A+B filtered，不增加额外B过滤。
A_plus_B_strict,20260416,B,HISTORICAL_SIM_FILLED,603220.SH,中贝通信,sh_main,无,-0.04408957006629736,833152.5911057357,796419.2515642622,b_conservative_daily_replay,,True,True,,,20260417,20260420,32.59256,30.84912,False,0,False,500000.0,876657.8237036606,-0.0915278116157231,baseline_ab_filtered,当前 A+B filtered，不增加额外B过滤。
A_plus_B_strict,20260417,A_OR_B,POSITION_OCCUPIED_SKIP,,,,,0.0,796419.2515642622,796419.2515642622,,603220.SH 中贝通信,False,False,,,,,,,False,0,False,500000.0,876657.8237036606,-0.0915278116157231,baseline_ab_filtered,当前 A+B filtered，不增加额外B过滤。
A_plus_B_strict,20260420,NONE,NO_CANDIDATE,,,,,0.0,796419.2515642622,796419.2515642622,,,False,False,,,,,,,False,0,False,500000.0,876657.8237036606,-0.0915278116157231,baseline_ab_filtered,当前 A+B filtered，不增加额外B过滤。
A_plus_B_strict,20260421,NONE,NO_CANDIDATE,,,,,0.0,796419.2515642622,796419.2515642622,,,False,False,,,,,,,False,0,False,500000.0,876657.8237036606,-0.0915278116157231,baseline_ab_filtered,当前 A+B filtered，不增加额外B过滤。
A_plus_B_strict,20260422,NONE,NO_CANDIDATE,,,,,0.0,796419.2515642622,796419.2515642622,,,False,False,,,,,,,False,0,False,500000.0,876657.8237036606,-0.0915278116157231,baseline_ab_filtered,当前 A+B filtered，不增加额外B过滤。
A_plus_B_strict,20260423,NONE,NO_CANDIDATE,,,,,0.0,796419.2515642622,796419.2515642622,,,False,False,,,,,,,False,0,False,500000.0,876657.8237036606,-0.0915278116157231,baseline_ab_filtered,当前 A+B filtered，不增加额外B过滤。
A_plus_B_strict,20260424,NONE,NO_CANDIDATE,,,,,0.0,796419.2515642622,796419.2515642622,,,False,False,,,,,,,False,0,False,500000.0,876657.8237036606,-0.0915278116157231,baseline_ab_filtered,当前 A+B filtered，不增加额外B过滤。
A_plus_B_strict,20260427,NONE,NO_CANDIDATE,,,,,0.0,796419.2515642622,796419.2515642622,,,False,False,,,,,,,False,0,False,500000.0,876657.8237036606,-0.0915278116157231,baseline_ab_filtered,当前 A+B filtered，不增加额外B过滤。
A_plus_B_strict,20260428,NONE,NO_CANDIDATE,,,,,0.0,796419.2515642622,796419.2515642622,,,False,False,,,,,,,False,0,False,500000.0,876657.8237036606,-0.0915278116157231,baseline_ab_filtered,当前 A+B filtered，不增加额外B过滤。
A_plus_B_strict,20260429,NONE,NO_CANDIDATE,,,,,0.0,796419.2515642622,796419.2515642622,,,False,False,,,,,,,False,0,False,500000.0,876657.8237036606,-0.0915278116157231,baseline_ab_filtered,当前 A+B filtered，不增加额外B过滤。
A_plus_B_strict,20260430,NONE,NO_CANDIDATE,,,,,0.0,796419.2515642622,796419.2515642622,,,False,False,,,,,,,False,0,False,500000.0,876657.8237036606,-0.0915278116157231,baseline_ab_filtered,当前 A+B filtered，不增加额外B过滤。
A_plus_B_strict,20260506,NONE,NO_CANDIDATE,,,,,0.0,796419.2515642622,796419.2515642622,,,False,False,,,,,,,False,0,False,500000.0,876657.8237036606,-0.0915278116157231,baseline_ab_filtered,当前 A+B filtered，不增加额外B过滤。
A_plus_B_strict,20260507,B,HISTORICAL_SIM_FILLED,603256.SH,宏和科技,sh_main,无,0.02464048591717308,796419.2515642622,816043.408916597,b_conservative_daily_replay,,True,True,,,20260508,20260511,145.12497999999997,149.83002,False,0,False,500000.0,876657.8237036606,-0.06914261545169675,baseline_ab_filtered,当前 A+B filtered，不增加额外B过滤。
A_plus_B_strict,20260508,A_OR_B,POSITION_OCCUPIED_SKIP,,,,,0.0,816043.408916597,816043.408916597,,603256.SH 宏和科技,False,False,,,,,,,False,0,False,500000.0,876657.8237036606,-0.06914261545169675,baseline_ab_filtered,当前 A+B filtered，不增加额外B过滤。
A_plus_B_strict,20260511,NONE,NO_CANDIDATE,,,,,0.0,816043.408916597,816043.408916597,,,False,False,,,,,,,False,0,False,500000.0,876657.8237036606,-0.06914261545169675,baseline_ab_filtered,当前 A+B filtered，不增加额外B过滤。
A_plus_B_strict,20260512,NONE,NO_CANDIDATE,,,,,0.0,816043.408916597,816043.408916597,,,False,False,,,,,,,False,0,False,500000.0,876657.8237036606,-0.06914261545169675,baseline_ab_filtered,当前 A+B filtered，不增加额外B过滤。
A_plus_B_strict,20260513,NONE,NO_CANDIDATE,,,,,0.0,816043.408916597,816043.408916597,,,False,False,,,,,,,False,0,False,500000.0,876657.8237036606,-0.06914261545169675,baseline_ab_filtered,当前 A+B filtered，不增加额外B过滤。
A_plus_B_strict,20260514,NONE,NO_CANDIDATE,,,,,0.0,816043.408916597,816043.408916597,,,False,False,,,,,,,False,0,False,500000.0,876657.8237036606,-0.06914261545169675,baseline_ab_filtered,当前 A+B filtered，不增加额外B过滤。
A_plus_B_strict,20251224,NONE,NO_CANDIDATE,,,,,0.0,500000.0,500000.0,,,False,False,,,,,,,False,0,False,500000.0,500000.0,0.0,reject_b_market_segment_sh_main,B额外过滤沪市主板。
A_plus_B_strict,20251225,NONE,NO_CANDIDATE,,,,,0.0,500000.0,500000.0,,,False,False,,,,,,,False,0,False,500000.0,500000.0,0.0,reject_b_market_segment_sh_main,B额外过滤沪市主板。
A_plus_B_strict,20251226,NONE,NO_CANDIDATE,,,,,0.0,500000.0,500000.0,,,False,False,,,,,,,False,0,False,500000.0,500000.0,0.0,reject_b_market_segment_sh_main,B额外过滤沪市主板。
A_plus_B_strict,20251229,NONE,NO_CANDIDATE,,,,,0.0,500000.0,500000.0,,,False,False,,,,,,,False,0,False,500000.0,500000.0,0.0,reject_b_market_segment_sh_main,B额外过滤沪市主板。
A_plus_B_strict,20251230,NONE,NO_CANDIDATE,,,,,0.0,500000.0,500000.0,,,False,False,,,,,,,False,0,False,500000.0,500000.0,0.0,reject_b_market_segment_sh_main,B额外过滤沪市主板。
A_plus_B_strict,20251231,A,HISTORICAL_SIM_FILLED,300058.SZ,蓝色光标,chi_next,无,0.1308549259970799,500000.0,565427.4629985399,a_audit_dynamic_account_return,,False,False,,,,,,,False,0,False,500000.0,565427.4629985399,0.0,reject_b_market_segment_sh_main,B额外过滤沪市主板。
A_plus_B_strict,20260105,A_OR_B,POSITION_OCCUPIED_SKIP,,,,,0.0,565427.4629985399,565427.4629985399,,300058.SZ 蓝色光标,False,False,,,,,,,False,0,False,500000.0,565427.4629985399,0.0,reject_b_market_segment_sh_main,B额外过滤沪市主板。
A_plus_B_strict,20260106,B,HISTORICAL_SIM_FILLED,002865.SZ,钧达股份,sz_main,无,0.15860683400809739,565427.4629985399,655108.122765969,b_conservative_daily_replay,,True,True,,,20260107,20260108,57.056999999999995,68.46147,False,0,False,500000.0,655108.122765969,0.0,reject_b_market_segment_sh_main,B额外过滤沪市主板。
A_plus_B_strict,20260107,A_OR_B,POSITION_OCCUPIED_SKIP,,,,,0.0,655108.122765969,655108.122765969,,002865.SZ 钧达股份,False,False,,,,,,,False,0,False,500000.0,655108.122765969,0.0,reject_b_market_segment_sh_main,B额外过滤沪市主板。
A_plus_B_strict,20260108,NONE,NO_CANDIDATE,,,,,0.0,655108.122765969,655108.122765969,,,False,False,,,,,,,False,0,False,500000.0,655108.122765969,0.0,reject_b_market_segment_sh_main,B额外过滤沪市主板。
A_plus_B_strict,20260109,NONE,NO_CANDIDATE,,,,,0.0,655108.122765969,655108.122765969,,,False,False,,,,,,,False,0,False,500000.0,655108.122765969,0.0,reject_b_market_segment_sh_main,B额外过滤沪市主板。
A_plus_B_strict,20260112,NONE,NO_CANDIDATE,,,,,0.0,655108.122765969,655108.122765969,,,False,False,,,,,,,False,0,False,500000.0,655108.122765969,0.0,reject_b_market_segment_sh_main,B额外过滤沪市主板。
A_plus_B_strict,20260113,NONE,NO_CANDIDATE,,,,,0.0,655108.122765969,655108.122765969,,,False,False,,,,,,,False,0,False,500000.0,655108.122765969,0.0,reject_b_market_segment_sh_main,B额外过滤沪市主板。
A_plus_B_strict,20260114,NONE,NO_CANDIDATE,,,,,0.0,655108.122765969,655108.122765969,,,False,False,,,,,,,False,0,False,500000.0,655108.122765969,0.0,reject_b_market_segment_sh_main,B额外过滤沪市主板。
A_plus_B_strict,20260115,A,HISTORICAL_SIM_FILLED,301629.SZ,矽电股份,chi_next,无,-0.0338313603969523,655108.122765969,632944.9237657026,a_audit_dynamic_account_return,,False,False,,,,,,,False,0,False,500000.0,655108.122765969,-0.03383136039695234,reject_b_market_segment_sh_main,B额外过滤沪市主板。
A_plus_B_strict,20260116,A_OR_B,POSITION_OCCUPIED_SKIP,,,,,0.0,632944.9237657026,632944.9237657026,,301629.SZ 矽电股份,False,False,,,,,,,False,0,False,500000.0,655108.122765969,-0.03383136039695234,reject_b_market_segment_sh_main,B额外过滤沪市主板。
A_plus_B_strict,20260119,A,HISTORICAL_SIM_FILLED,300658.SZ,延江股份,chi_next,无,0.0681174370165976,632944.9237657026,676059.509745288,a_audit_dynamic_account_return,,False,False,,,,,,,False,0,False,500000.0,676059.509745288,0.0,reject_b_market_segment_sh_main,B额外过滤沪市主板。
A_plus_B_strict,20260120,A_OR_B,POSITION_OCCUPIED_SKIP,,,,,0.0,676059.509745288,676059.509745288,,300658.SZ 延江股份,False,False,,,,,,,False,0,False,500000.0,676059.509745288,0.0,reject_b_market_segment_sh_main,B额外过滤沪市主板。
A_plus_B_strict,20260121,NONE,NO_CANDIDATE,,,,,0.0,676059.509745288,676059.509745288,,,False,False,,,,,,,False,0,False,500000.0,676059.509745288,0.0,reject_b_market_segment_sh_main,B额外过滤沪市主板。
A_plus_B_strict,20260122,NONE,NO_CANDIDATE,,,,,0.0,676059.509745288,676059.509745288,,,False,False,,,,,,,False,0,False,500000.0,676059.509745288,0.0,reject_b_market_segment_sh_main,B额外过滤沪市主板。
A_plus_B_strict,20260123,A,HISTORICAL_SIM_FILLED,920368.BJ,连城数控,bj,无,0.1027727855059111,676059.509745288,745540.028729572,a_audit_dynamic_account_return,,False,False,,,,,,,False,0,False,500000.0,745540.028729572,0.0,reject_b_market_segment_sh_main,B额外过滤沪市主板。
A_plus_B_strict,20260126,A_OR_B,POSITION_OCCUPIED_SKIP,,,,,0.0,745540.028729572,745540.028729572,,920368.BJ 连城数控,False,False,,,,,,,False,0,False,500000.0,745540.028729572,0.0,reject_b_market_segment_sh_main,B额外过滤沪市主板。
A_plus_B_strict,20260127,NONE,NO_CANDIDATE,,,,,0.0,745540.028729572,745540.028729572,,,False,False,,,,,,,False,0,False,500000.0,745540.028729572,0.0,reject_b_market_segment_sh_main,B额外过滤沪市主板。
A_plus_B_strict,20260128,A,HISTORICAL_SIM_FILLED,300164.SZ,通源石油,chi_next,无,0.0457725821591917,745540.028729572,779665.3209475625,a_audit_dynamic_account_return,,False,False,,,,,,,False,0,False,500000.0,779665.3209475625,0.0,reject_b_market_segment_sh_main,B额外过滤沪市主板。
A_plus_B_strict,20260129,A_OR_B,POSITION_OCCUPIED_SKIP,,,,,0.0,779665.3209475625,779665.3209475625,,300164.SZ 通源石油,False,False,,,,,,,False,0,False,500000.0,779665.3209475625,0.0,reject_b_market_segment_sh_main,B额外过滤沪市主板。
A_plus_B_strict,20260130,NONE,NO_CANDIDATE,,,,,0.0,779665.3209475625,779665.3209475625,,,False,False,,,,,,,False,0,False,500000.0,779665.3209475625,0.0,reject_b_market_segment_sh_main,B额外过滤沪市主板。
A_plus_B_strict,20260202,NONE,NO_CANDIDATE,,,,,0.0,779665.3209475625,779665.3209475625,,,False,False,,,,,,,False,0,False,500000.0,779665.3209475625,0.0,reject_b_market_segment_sh_main,B额外过滤沪市主板。
A_plus_B_strict,20260203,NONE,NO_CANDIDATE,,,,,0.0,779665.3209475625,779665.3209475625,,,False,False,,,,,,,False,0,False,500000.0,779665.3209475625,0.0,reject_b_market_segment_sh_main,B额外过滤沪市主板。
A_plus_B_strict,20260204,NONE,NO_CANDIDATE,,,,,0.0,779665.3209475625,779665.3209475625,,,False,False,,,,,,,False,0,False,500000.0,779665.3209475625,0.0,reject_b_market_segment_sh_main,B额外过滤沪市主板。
A_plus_B_strict,20260205,NONE,NO_CANDIDATE,,,,,0.0,779665.3209475625,779665.3209475625,,,False,False,,,,,,,False,0,False,500000.0,779665.3209475625,0.0,reject_b_market_segment_sh_main,B额外过滤沪市主板。
A_plus_B_strict,20260206,NONE,NO_CANDIDATE,,,,,0.0,779665.3209475625,779665.3209475625,,,False,False,,,,,,,False,0,False,500000.0,779665.3209475625,0.0,reject_b_market_segment_sh_main,B额外过滤沪市主板。
A_plus_B_strict,20260209,NONE,NO_CANDIDATE,,,,,0.0,779665.3209475625,779665.3209475625,,,False,False,,,,,,,False,0,False,500000.0,779665.3209475625,0.0,reject_b_market_segment_sh_main,B额外过滤沪市主板。
A_plus_B_strict,20260210,NONE,NO_CANDIDATE,,,,,0.0,779665.3209475625,779665.3209475625,,,False,False,,,,,,,False,0,False,500000.0,779665.3209475625,0.0,reject_b_market_segment_sh_main,B额外过滤沪市主板。
A_plus_B_strict,20260211,NONE,NO_CANDIDATE,,,,,0.0,779665.3209475625,779665.3209475625,,,False,False,,,,,,,False,0,False,500000.0,779665.3209475625,0.0,reject_b_market_segment_sh_main,B额外过滤沪市主板。
A_plus_B_strict,20260212,NONE,NO_CANDIDATE,,,,,0.0,779665.3209475625,779665.3209475625,,,False,False,,,,,,,False,0,False,500000.0,779665.3209475625,0.0,reject_b_market_segment_sh_main,B额外过滤沪市主板。
A_plus_B_strict,20260213,NONE,NO_CANDIDATE,,,,,0.0,779665.3209475625,779665.3209475625,,,False,False,,,,,,,False,0,False,500000.0,779665.3209475625,0.0,reject_b_market_segment_sh_main,B额外过滤沪市主板。
A_plus_B_strict,20260224,NONE,NO_CANDIDATE,,,,,0.0,779665.3209475625,779665.3209475625,,,False,False,,,,,,,False,0,False,500000.0,779665.3209475625,0.0,reject_b_market_segment_sh_main,B额外过滤沪市主板。
A_plus_B_strict,20260225,NONE,NO_CANDIDATE,,,,,0.0,779665.3209475625,779665.3209475625,,,False,False,,,,,,,False,0,False,500000.0,779665.3209475625,0.0,reject_b_market_segment_sh_main,B额外过滤沪市主板。
A_plus_B_strict,20260226,A,HISTORICAL_SIM_FILLED,300499.SZ,高澜股份,chi_next,无,0.0193948880593092,779665.3209475625,794786.8425710658,a_audit_dynamic_account_return,,False,False,,,,,,,False,0,False,500000.0,794786.8425710658,0.0,reject_b_market_segment_sh_main,B额外过滤沪市主板。
A_plus_B_strict,20260227,A_OR_B,POSITION_OCCUPIED_SKIP,,,,,0.0,794786.8425710658,794786.8425710658,,300499.SZ 高澜股份,False,False,,,,,,,False,0,False,500000.0,794786.8425710658,0.0,reject_b_market_segment_sh_main,B额外过滤沪市主板。
A_plus_B_strict,20260302,NONE,NO_CANDIDATE,,,,,0.0,794786.8425710658,794786.8425710658,,,False,False,,,,,,,False,0,False,500000.0,794786.8425710658,0.0,reject_b_market_segment_sh_main,B额外过滤沪市主板。
A_plus_B_strict,20260303,NONE,NO_CANDIDATE,,,,,0.0,794786.8425710658,794786.8425710658,,,False,False,,,,,,,False,0,False,500000.0,794786.8425710658,0.0,reject_b_market_segment_sh_main,B额外过滤沪市主板。
A_plus_B_strict,20260304,NONE,NO_CANDIDATE,,,,,0.0,794786.8425710658,794786.8425710658,,,False,False,,,,,,,False,0,False,500000.0,794786.8425710658,0.0,reject_b_market_segment_sh_main,B额外过滤沪市主板。
A_plus_B_strict,20260305,NONE,NO_CANDIDATE,,,,,0.0,794786.8425710658,794786.8425710658,,,False,False,,,,,,,False,0,False,500000.0,794786.8425710658,0.0,reject_b_market_segment_sh_main,B额外过滤沪市主板。
A_plus_B_strict,20260306,B,HISTORICAL_SIM_FILLED,000509.SZ,华塑控股,sz_main,无,0.022055648351648537,794786.8425710658,812316.3816853302,b_conservative_daily_replay,,True,True,,,20260309,20260310,3.8438399999999993,3.95604,False,0,False,500000.0,812316.3816853302,0.0,reject_b_market_segment_sh_main,B额外过滤沪市主板。
A_plus_B_strict,20260309,A_OR_B,POSITION_OCCUPIED_SKIP,,,,,0.0,812316.3816853302,812316.3816853302,,000509.SZ 华塑控股,False,False,,,,,,,False,0,False,500000.0,812316.3816853302,0.0,reject_b_market_segment_sh_main,B额外过滤沪市主板。
A_plus_B_strict,20260310,NONE,NO_CANDIDATE,,,,,0.0,812316.3816853302,812316.3816853302,,,False,False,,,,,,,False,0,False,500000.0,812316.3816853302,0.0,reject_b_market_segment_sh_main,B额外过滤沪市主板。
A_plus_B_strict,20260311,NONE,NO_CANDIDATE,,,,,0.0,812316.3816853302,812316.3816853302,,,False,False,,,,,,,False,0,False,500000.0,812316.3816853302,0.0,reject_b_market_segment_sh_main,B额外过滤沪市主板。
A_plus_B_strict,20260312,NONE,NO_CANDIDATE,,,,,0.0,812316.3816853302,812316.3816853302,,,False,False,,,,,,,False,0,False,500000.0,812316.3816853302,0.0,reject_b_market_segment_sh_main,B额外过滤沪市主板。
A_plus_B_strict,20260313,NONE,NO_CANDIDATE,,,,,0.0,812316.3816853302,812316.3816853302,,,False,False,,,,,,,False,0,False,500000.0,812316.3816853302,0.0,reject_b_market_segment_sh_main,B额外过滤沪市主板。
A_plus_B_strict,20260316,NONE,NO_CANDIDATE,,,,,0.0,812316.3816853302,812316.3816853302,,,False,False,,,,,,,False,0,False,500000.0,812316.3816853302,0.0,reject_b_market_segment_sh_main,B额外过滤沪市主板。
A_plus_B_strict,20260317,NONE,NO_CANDIDATE,,,,,0.0,812316.3816853302,812316.3816853302,,,False,False,,,,,,,False,0,False,500000.0,812316.3816853302,0.0,reject_b_market_segment_sh_main,B额外过滤沪市主板。
A_plus_B_strict,20260318,NONE,NO_CANDIDATE,,,,,0.0,812316.3816853302,812316.3816853302,,,False,False,,,,,,,False,0,False,500000.0,812316.3816853302,0.0,reject_b_market_segment_sh_main,B额外过滤沪市主板。
A_plus_B_strict,20260319,NONE,NO_CANDIDATE,,,,,0.0,812316.3816853302,812316.3816853302,,,False,False,,,,,,,False,0,False,500000.0,812316.3816853302,0.0,reject_b_market_segment_sh_main,B额外过滤沪市主板。
A_plus_B_strict,20260320,NONE,NO_CANDIDATE,,,,,0.0,812316.3816853302,812316.3816853302,,,False,False,,,,,,,False,0,False,500000.0,812316.3816853302,0.0,reject_b_market_segment_sh_main,B额外过滤沪市主板。
A_plus_B_strict,20260323,NONE,NO_CANDIDATE,,,,,0.0,812316.3816853302,812316.3816853302,,,False,False,,,,,,,False,0,False,500000.0,812316.3816853302,0.0,reject_b_market_segment_sh_main,B额外过滤沪市主板。
A_plus_B_strict,20260324,NONE,NO_CANDIDATE,,,,,0.0,812316.3816853302,812316.3816853302,,,False,False,,,,,,,False,0,False,500000.0,812316.3816853302,0.0,reject_b_market_segment_sh_main,B额外过滤沪市主板。
A_plus_B_strict,20260325,NONE,NO_CANDIDATE,,,,,0.0,812316.3816853302,812316.3816853302,,,False,False,,,,,,,False,0,False,500000.0,812316.3816853302,0.0,reject_b_market_segment_sh_main,B额外过滤沪市主板。
A_plus_B_strict,20260326,NONE,NO_CANDIDATE,,,,,0.0,812316.3816853302,812316.3816853302,,,False,False,,,,,,,False,0,False,500000.0,812316.3816853302,0.0,reject_b_market_segment_sh_main,B额外过滤沪市主板。
A_plus_B_strict,20260327,A,HISTORICAL_SIM_FILLED,300204.SZ,舒泰神,chi_next,无,0.0397618491523106,812316.3816853302,844615.583117853,a_audit_dynamic_account_return,,False,False,,,,,,,False,0,False,500000.0,844615.583117853,0.0,reject_b_market_segment_sh_main,B额外过滤沪市主板。
A_plus_B_strict,20260330,A_OR_B,POSITION_OCCUPIED_SKIP,,,,,0.0,844615.583117853,844615.583117853,,300204.SZ 舒泰神,False,False,,,,,,,False,0,False,500000.0,844615.583117853,0.0,reject_b_market_segment_sh_main,B额外过滤沪市主板。
A_plus_B_strict,20260331,NONE,NO_CANDIDATE,,,,,0.0,844615.583117853,844615.583117853,,,False,False,,,,,,,False,0,False,500000.0,844615.583117853,0.0,reject_b_market_segment_sh_main,B额外过滤沪市主板。
A_plus_B_strict,20260401,NONE,NO_CANDIDATE,,,,,0.0,844615.583117853,844615.583117853,,,False,False,,,,,,,False,0,False,500000.0,844615.583117853,0.0,reject_b_market_segment_sh_main,B额外过滤沪市主板。
A_plus_B_strict,20260402,NONE,NO_CANDIDATE,,,,,0.0,844615.583117853,844615.583117853,,,False,False,,,,,,,False,0,False,500000.0,844615.583117853,0.0,reject_b_market_segment_sh_main,B额外过滤沪市主板。
A_plus_B_strict,20260403,NONE,NO_CANDIDATE,,,,,0.0,844615.583117853,844615.583117853,,,False,False,,,,,,,False,0,False,500000.0,844615.583117853,0.0,reject_b_market_segment_sh_main,B额外过滤沪市主板。
A_plus_B_strict,20260407,NONE,NO_CANDIDATE,,,,,0.0,844615.583117853,844615.583117853,,,False,False,,,,,,,False,0,False,500000.0,844615.583117853,0.0,reject_b_market_segment_sh_main,B额外过滤沪市主板。
A_plus_B_strict,20260408,NONE,NO_CANDIDATE,,,,,0.0,844615.583117853,844615.583117853,,,False,False,,,,,,,False,0,False,500000.0,844615.583117853,0.0,reject_b_market_segment_sh_main,B额外过滤沪市主板。
A_plus_B_strict,20260409,A,HISTORICAL_SIM_FILLED,300489.SZ,光智科技,chi_next,无,0.0826627480845445,844615.583117853,914433.8282934048,a_audit_dynamic_account_return,,False,False,,,,,,,False,0,False,500000.0,914433.8282934048,0.0,reject_b_market_segment_sh_main,B额外过滤沪市主板。
A_plus_B_strict,20260410,A_OR_B,POSITION_OCCUPIED_SKIP,,,,,0.0,914433.8282934048,914433.8282934048,,300489.SZ 光智科技,False,False,,,,,,,False,0,False,500000.0,914433.8282934048,0.0,reject_b_market_segment_sh_main,B额外过滤沪市主板。
A_plus_B_strict,20260413,B,HISTORICAL_SIM_FILLED,000968.SZ,蓝焰控股,sz_main,无,-0.049626241187383915,914433.8282934048,869053.9145806135,b_conservative_daily_replay,,True,True,,,20260414,20260415,10.090079999999999,9.48051,False,0,False,500000.0,914433.8282934048,-0.0496262411873839,reject_b_market_segment_sh_main,B额外过滤沪市主板。
A_plus_B_strict,20260414,A_OR_B,POSITION_OCCUPIED_SKIP,,,,,0.0,869053.9145806135,869053.9145806135,,000968.SZ 蓝焰控股,False,False,,,,,,,False,0,False,500000.0,914433.8282934048,-0.0496262411873839,reject_b_market_segment_sh_main,B额外过滤沪市主板。
A_plus_B_strict,20260415,NONE,NO_CANDIDATE,,,,,0.0,869053.9145806135,869053.9145806135,,,False,False,,,,,,,False,0,False,500000.0,914433.8282934048,-0.0496262411873839,reject_b_market_segment_sh_main,B额外过滤沪市主板。
A_plus_B_strict,20260416,NONE,NO_CANDIDATE,,,,,0.0,869053.9145806135,869053.9145806135,,,False,False,,,,,,,False,0,False,500000.0,914433.8282934048,-0.0496262411873839,reject_b_market_segment_sh_main,B额外过滤沪市主板。
A_plus_B_strict,20260417,A,HISTORICAL_SIM_FILLED,301319.SZ,唯特偶,chi_next,无,0.0352808081329955,869053.9145806135,899714.8389981607,a_audit_dynamic_account_return,,False,False,,,,,,,False,0,False,500000.0,914433.8282934048,-0.016096286948082295,reject_b_market_segment_sh_main,B额外过滤沪市主板。
A_plus_B_strict,20260420,A_OR_B,POSITION_OCCUPIED_SKIP,,,,,0.0,899714.8389981607,899714.8389981607,,301319.SZ 唯特偶,False,False,,,,,,,False,0,False,500000.0,914433.8282934048,-0.016096286948082295,reject_b_market_segment_sh_main,B额外过滤沪市主板。
A_plus_B_strict,20260421,NONE,NO_CANDIDATE,,,,,0.0,899714.8389981607,899714.8389981607,,,False,False,,,,,,,False,0,False,500000.0,914433.8282934048,-0.016096286948082295,reject_b_market_segment_sh_main,B额外过滤沪市主板。
A_plus_B_strict,20260422,NONE,NO_CANDIDATE,,,,,0.0,899714.8389981607,899714.8389981607,,,False,False,,,,,,,False,0,False,500000.0,914433.8282934048,-0.016096286948082295,reject_b_market_segment_sh_main,B额外过滤沪市主板。
A_plus_B_strict,20260423,NONE,NO_CANDIDATE,,,,,0.0,899714.8389981607,899714.8389981607,,,False,False,,,,,,,False,0,False,500000.0,914433.8282934048,-0.016096286948082295,reject_b_market_segment_sh_main,B额外过滤沪市主板。
A_plus_B_strict,20260424,NONE,NO_CANDIDATE,,,,,0.0,899714.8389981607,899714.8389981607,,,False,False,,,,,,,False,0,False,500000.0,914433.8282934048,-0.016096286948082295,reject_b_market_segment_sh_main,B额外过滤沪市主板。
A_plus_B_strict,20260427,NONE,NO_CANDIDATE,,,,,0.0,899714.8389981607,899714.8389981607,,,False,False,,,,,,,False,0,False,500000.0,914433.8282934048,-0.016096286948082295,reject_b_market_segment_sh_main,B额外过滤沪市主板。
A_plus_B_strict,20260428,NONE,NO_CANDIDATE,,,,,0.0,899714.8389981607,899714.8389981607,,,False,False,,,,,,,False,0,False,500000.0,914433.8282934048,-0.016096286948082295,reject_b_market_segment_sh_main,B额外过滤沪市主板。
A_plus_B_strict,20260429,NONE,NO_CANDIDATE,,,,,0.0,899714.8389981607,899714.8389981607,,,False,False,,,,,,,False,0,False,500000.0,914433.8282934048,-0.016096286948082295,reject_b_market_segment_sh_main,B额外过滤沪市主板。
A_plus_B_strict,20260430,NONE,NO_CANDIDATE,,,,,0.0,899714.8389981607,899714.8389981607,,,False,False,,,,,,,False,0,False,500000.0,914433.8282934048,-0.016096286948082295,reject_b_market_segment_sh_main,B额外过滤沪市主板。
A_plus_B_strict,20260506,NONE,NO_CANDIDATE,,,,,0.0,899714.8389981607,899714.8389981607,,,False,False,,,,,,,False,0,False,500000.0,914433.8282934048,-0.016096286948082295,reject_b_market_segment_sh_main,B额外过滤沪市主板。
A_plus_B_strict,20260507,NONE,NO_CANDIDATE,,,,,0.0,899714.8389981607,899714.8389981607,,,False,False,,,,,,,False,0,False,500000.0,914433.8282934048,-0.016096286948082295,reject_b_market_segment_sh_main,B额外过滤沪市主板。
A_plus_B_strict,20260508,NONE,NO_CANDIDATE,,,,,0.0,899714.8389981607,899714.8389981607,,,False,False,,,,,,,False,0,False,500000.0,914433.8282934048,-0.016096286948082295,reject_b_market_segment_sh_main,B额外过滤沪市主板。
A_plus_B_strict,20260511,NONE,NO_CANDIDATE,,,,,0.0,899714.8389981607,899714.8389981607,,,False,False,,,,,,,False,0,False,500000.0,914433.8282934048,-0.016096286948082295,reject_b_market_segment_sh_main,B额外过滤沪市主板。
A_plus_B_strict,20260512,NONE,NO_CANDIDATE,,,,,0.0,899714.8389981607,899714.8389981607,,,False,False,,,,,,,False,0,False,500000.0,914433.8282934048,-0.016096286948082295,reject_b_market_segment_sh_main,B额外过滤沪市主板。
A_plus_B_strict,20260513,NONE,NO_CANDIDATE,,,,,0.0,899714.8389981607,899714.8389981607,,,False,False,,,,,,,False,0,False,500000.0,914433.8282934048,-0.016096286948082295,reject_b_market_segment_sh_main,B额外过滤沪市主板。
A_plus_B_strict,20260514,NONE,NO_CANDIDATE,,,,,0.0,899714.8389981607,899714.8389981607,,,False,False,,,,,,,False,0,False,500000.0,914433.8282934048,-0.016096286948082295,reject_b_market_segment_sh_main,B额外过滤沪市主板。
A_plus_B_strict,20251224,NONE,NO_CANDIDATE,,,,,0.0,500000.0,500000.0,,,False,False,,,,,,,False,0,False,500000.0,500000.0,0.0,reject_b_market_chain_gte_30,B额外过滤全市场连板数量gte_30。
A_plus_B_strict,20251225,NONE,NO_CANDIDATE,,,,,0.0,500000.0,500000.0,,,False,False,,,,,,,False,0,False,500000.0,500000.0,0.0,reject_b_market_chain_gte_30,B额外过滤全市场连板数量gte_30。
A_plus_B_strict,20251226,NONE,NO_CANDIDATE,,,,,0.0,500000.0,500000.0,,,False,False,,,,,,,False,0,False,500000.0,500000.0,0.0,reject_b_market_chain_gte_30,B额外过滤全市场连板数量gte_30。
A_plus_B_strict,20251229,NONE,NO_CANDIDATE,,,,,0.0,500000.0,500000.0,,,False,False,,,,,,,False,0,False,500000.0,500000.0,0.0,reject_b_market_chain_gte_30,B额外过滤全市场连板数量gte_30。
A_plus_B_strict,20251230,NONE,NO_CANDIDATE,,,,,0.0,500000.0,500000.0,,,False,False,,,,,,,False,0,False,500000.0,500000.0,0.0,reject_b_market_chain_gte_30,B额外过滤全市场连板数量gte_30。
A_plus_B_strict,20251231,A,HISTORICAL_SIM_FILLED,300058.SZ,蓝色光标,chi_next,无,0.1308549259970799,500000.0,565427.4629985399,a_audit_dynamic_account_return,,False,False,,,,,,,False,0,False,500000.0,565427.4629985399,0.0,reject_b_market_chain_gte_30,B额外过滤全市场连板数量gte_30。
A_plus_B_strict,20260105,A_OR_B,POSITION_OCCUPIED_SKIP,,,,,0.0,565427.4629985399,565427.4629985399,,300058.SZ 蓝色光标,False,False,,,,,,,False,0,False,500000.0,565427.4629985399,0.0,reject_b_market_chain_gte_30,B额外过滤全市场连板数量gte_30。
A_plus_B_strict,20260106,NONE,NO_CANDIDATE,,,,,0.0,565427.4629985399,565427.4629985399,,,False,False,,,,,,,False,0,False,500000.0,565427.4629985399,0.0,reject_b_market_chain_gte_30,B额外过滤全市场连板数量gte_30。
A_plus_B_strict,20260107,NONE,NO_CANDIDATE,,,,,0.0,565427.4629985399,565427.4629985399,,,False,False,,,,,,,False,0,False,500000.0,565427.4629985399,0.0,reject_b_market_chain_gte_30,B额外过滤全市场连板数量gte_30。
A_plus_B_strict,20260108,NONE,NO_CANDIDATE,,,,,0.0,565427.4629985399,565427.4629985399,,,False,False,,,,,,,False,0,False,500000.0,565427.4629985399,0.0,reject_b_market_chain_gte_30,B额外过滤全市场连板数量gte_30。
A_plus_B_strict,20260109,NONE,NO_CANDIDATE,,,,,0.0,565427.4629985399,565427.4629985399,,,False,False,,,,,,,False,0,False,500000.0,565427.4629985399,0.0,reject_b_market_chain_gte_30,B额外过滤全市场连板数量gte_30。
A_plus_B_strict,20260112,NONE,NO_CANDIDATE,,,,,0.0,565427.4629985399,565427.4629985399,,,False,False,,,,,,,False,0,False,500000.0,565427.4629985399,0.0,reject_b_market_chain_gte_30,B额外过滤全市场连板数量gte_30。
A_plus_B_strict,20260113,NONE,NO_CANDIDATE,,,,,0.0,565427.4629985399,565427.4629985399,,,False,False,,,,,,,False,0,False,500000.0,565427.4629985399,0.0,reject_b_market_chain_gte_30,B额外过滤全市场连板数量gte_30。
A_plus_B_strict,20260114,NONE,NO_CANDIDATE,,,,,0.0,565427.4629985399,565427.4629985399,,,False,False,,,,,,,False,0,False,500000.0,565427.4629985399,0.0,reject_b_market_chain_gte_30,B额外过滤全市场连板数量gte_30。
A_plus_B_strict,20260115,A,HISTORICAL_SIM_FILLED,301629.SZ,矽电股份,chi_next,无,-0.0338313603969523,565427.4629985399,546298.2827195019,a_audit_dynamic_account_return,,False,False,,,,,,,False,0,False,500000.0,565427.4629985399,-0.03383136039695234,reject_b_market_chain_gte_30,B额外过滤全市场连板数量gte_30。
A_plus_B_strict,20260116,A_OR_B,POSITION_OCCUPIED_SKIP,,,,,0.0,546298.2827195019,546298.2827195019,,301629.SZ 矽电股份,False,False,,,,,,,False,0,False,500000.0,565427.4629985399,-0.03383136039695234,reject_b_market_chain_gte_30,B额外过滤全市场连板数量gte_30。
A_plus_B_strict,20260119,A,HISTORICAL_SIM_FILLED,300658.SZ,延江股份,chi_next,无,0.0681174370165976,546298.2827195019,583510.721584923,a_audit_dynamic_account_return,,False,False,,,,,,,False,0,False,500000.0,583510.721584923,0.0,reject_b_market_chain_gte_30,B额外过滤全市场连板数量gte_30。
A_plus_B_strict,20260120,A_OR_B,POSITION_OCCUPIED_SKIP,,,,,0.0,583510.721584923,583510.721584923,,300658.SZ 延江股份,False,False,,,,,,,False,0,False,500000.0,583510.721584923,0.0,reject_b_market_chain_gte_30,B额外过滤全市场连板数量gte_30。
A_plus_B_strict,20260121,NONE,NO_CANDIDATE,,,,,0.0,583510.721584923,583510.721584923,,,False,False,,,,,,,False,0,False,500000.0,583510.721584923,0.0,reject_b_market_chain_gte_30,B额外过滤全市场连板数量gte_30。
A_plus_B_strict,20260122,NONE,NO_CANDIDATE,,,,,0.0,583510.721584923,583510.721584923,,,False,False,,,,,,,False,0,False,500000.0,583510.721584923,0.0,reject_b_market_chain_gte_30,B额外过滤全市场连板数量gte_30。
A_plus_B_strict,20260123,A,HISTORICAL_SIM_FILLED,920368.BJ,连城数控,bj,无,0.1027727855059111,583510.721584923,643479.7438147697,a_audit_dynamic_account_return,,False,False,,,,,,,False,0,False,500000.0,643479.7438147697,0.0,reject_b_market_chain_gte_30,B额外过滤全市场连板数量gte_30。
A_plus_B_strict,20260126,A_OR_B,POSITION_OCCUPIED_SKIP,,,,,0.0,643479.7438147697,643479.7438147697,,920368.BJ 连城数控,False,False,,,,,,,False,0,False,500000.0,643479.7438147697,0.0,reject_b_market_chain_gte_30,B额外过滤全市场连板数量gte_30。
A_plus_B_strict,20260127,NONE,NO_CANDIDATE,,,,,0.0,643479.7438147697,643479.7438147697,,,False,False,,,,,,,False,0,False,500000.0,643479.7438147697,0.0,reject_b_market_chain_gte_30,B额外过滤全市场连板数量gte_30。
A_plus_B_strict,20260128,A,HISTORICAL_SIM_FILLED,300164.SZ,通源石油,chi_next,无,0.0457725821591917,643479.7438147697,672933.4732563068,a_audit_dynamic_account_return,,False,False,,,,,,,False,0,False,500000.0,672933.4732563068,0.0,reject_b_market_chain_gte_30,B额外过滤全市场连板数量gte_30。
A_plus_B_strict,20260129,A_OR_B,POSITION_OCCUPIED_SKIP,,,,,0.0,672933.4732563068,672933.4732563068,,300164.SZ 通源石油,False,False,,,,,,,False,0,False,500000.0,672933.4732563068,0.0,reject_b_market_chain_gte_30,B额外过滤全市场连板数量gte_30。
A_plus_B_strict,20260130,NONE,NO_CANDIDATE,,,,,0.0,672933.4732563068,672933.4732563068,,,False,False,,,,,,,False,0,False,500000.0,672933.4732563068,0.0,reject_b_market_chain_gte_30,B额外过滤全市场连板数量gte_30。
A_plus_B_strict,20260202,NONE,NO_CANDIDATE,,,,,0.0,672933.4732563068,672933.4732563068,,,False,False,,,,,,,False,0,False,500000.0,672933.4732563068,0.0,reject_b_market_chain_gte_30,B额外过滤全市场连板数量gte_30。
A_plus_B_strict,20260203,NONE,NO_CANDIDATE,,,,,0.0,672933.4732563068,672933.4732563068,,,False,False,,,,,,,False,0,False,500000.0,672933.4732563068,0.0,reject_b_market_chain_gte_30,B额外过滤全市场连板数量gte_30。
A_plus_B_strict,20260204,NONE,NO_CANDIDATE,,,,,0.0,672933.4732563068,672933.4732563068,,,False,False,,,,,,,False,0,False,500000.0,672933.4732563068,0.0,reject_b_market_chain_gte_30,B额外过滤全市场连板数量gte_30。
A_plus_B_strict,20260205,NONE,NO_CANDIDATE,,,,,0.0,672933.4732563068,672933.4732563068,,,False,False,,,,,,,False,0,False,500000.0,672933.4732563068,0.0,reject_b_market_chain_gte_30,B额外过滤全市场连板数量gte_30。
A_plus_B_strict,20260206,NONE,NO_CANDIDATE,,,,,0.0,672933.4732563068,672933.4732563068,,,False,False,,,,,,,False,0,False,500000.0,672933.4732563068,0.0,reject_b_market_chain_gte_30,B额外过滤全市场连板数量gte_30。
A_plus_B_strict,20260209,NONE,NO_CANDIDATE,,,,,0.0,672933.4732563068,672933.4732563068,,,False,False,,,,,,,False,0,False,500000.0,672933.4732563068,0.0,reject_b_market_chain_gte_30,B额外过滤全市场连板数量gte_30。
A_plus_B_strict,20260210,NONE,NO_CANDIDATE,,,,,0.0,672933.4732563068,672933.4732563068,,,False,False,,,,,,,False,0,False,500000.0,672933.4732563068,0.0,reject_b_market_chain_gte_30,B额外过滤全市场连板数量gte_30。
A_plus_B_strict,20260211,NONE,NO_CANDIDATE,,,,,0.0,672933.4732563068,672933.4732563068,,,False,False,,,,,,,False,0,False,500000.0,672933.4732563068,0.0,reject_b_market_chain_gte_30,B额外过滤全市场连板数量gte_30。
A_plus_B_strict,20260212,NONE,NO_CANDIDATE,,,,,0.0,672933.4732563068,672933.4732563068,,,False,False,,,,,,,False,0,False,500000.0,672933.4732563068,0.0,reject_b_market_chain_gte_30,B额外过滤全市场连板数量gte_30。
A_plus_B_strict,20260213,NONE,NO_CANDIDATE,,,,,0.0,672933.4732563068,672933.4732563068,,,False,False,,,,,,,False,0,False,500000.0,672933.4732563068,0.0,reject_b_market_chain_gte_30,B额外过滤全市场连板数量gte_30。
A_plus_B_strict,20260224,NONE,NO_CANDIDATE,,,,,0.0,672933.4732563068,672933.4732563068,,,False,False,,,,,,,False,0,False,500000.0,672933.4732563068,0.0,reject_b_market_chain_gte_30,B额外过滤全市场连板数量gte_30。
A_plus_B_strict,20260225,NONE,NO_CANDIDATE,,,,,0.0,672933.4732563068,672933.4732563068,,,False,False,,,,,,,False,0,False,500000.0,672933.4732563068,0.0,reject_b_market_chain_gte_30,B额外过滤全市场连板数量gte_30。
A_plus_B_strict,20260226,A,HISTORICAL_SIM_FILLED,300499.SZ,高澜股份,chi_next,无,0.0193948880593092,672933.4732563068,685984.942641475,a_audit_dynamic_account_return,,False,False,,,,,,,False,0,False,500000.0,685984.942641475,0.0,reject_b_market_chain_gte_30,B额外过滤全市场连板数量gte_30。
A_plus_B_strict,20260227,A_OR_B,POSITION_OCCUPIED_SKIP,,,,,0.0,685984.942641475,685984.942641475,,300499.SZ 高澜股份,False,False,,,,,,,False,0,False,500000.0,685984.942641475,0.0,reject_b_market_chain_gte_30,B额外过滤全市场连板数量gte_30。
A_plus_B_strict,20260302,B,HISTORICAL_SIM_FILLED,603257.SH,中国瑞林,sh_main,无,-0.027628032279987592,685984.942641475,667032.528502591,b_conservative_daily_replay,,True,True,,,20260303,20260304,72.70262999999998,70.30962,False,0,False,500000.0,685984.942641475,-0.027628032279987558,reject_b_market_chain_gte_30,B额外过滤全市场连板数量gte_30。
A_plus_B_strict,20260303,A_OR_B,POSITION_OCCUPIED_SKIP,,,,,0.0,667032.528502591,667032.528502591,,603257.SH 中国瑞林,False,False,,,,,,,False,0,False,500000.0,685984.942641475,-0.027628032279987558,reject_b_market_chain_gte_30,B额外过滤全市场连板数量gte_30。
A_plus_B_strict,20260304,NONE,NO_CANDIDATE,,,,,0.0,667032.528502591,667032.528502591,,,False,False,,,,,,,False,0,False,500000.0,685984.942641475,-0.027628032279987558,reject_b_market_chain_gte_30,B额外过滤全市场连板数量gte_30。
A_plus_B_strict,20260305,NONE,NO_CANDIDATE,,,,,0.0,667032.528502591,667032.528502591,,,False,False,,,,,,,False,0,False,500000.0,685984.942641475,-0.027628032279987558,reject_b_market_chain_gte_30,B额外过滤全市场连板数量gte_30。
A_plus_B_strict,20260306,B,HISTORICAL_SIM_FILLED,000509.SZ,华塑控股,sz_main,无,0.022055648351648537,667032.528502591,681744.363390355,b_conservative_daily_replay,,True,True,,,20260309,20260310,3.8438399999999993,3.95604,False,0,False,500000.0,685984.942641475,-0.006181738092954414,reject_b_market_chain_gte_30,B额外过滤全市场连板数量gte_30。
A_plus_B_strict,20260309,A_OR_B,POSITION_OCCUPIED_SKIP,,,,,0.0,681744.363390355,681744.363390355,,000509.SZ 华塑控股,False,False,,,,,,,False,0,False,500000.0,685984.942641475,-0.006181738092954414,reject_b_market_chain_gte_30,B额外过滤全市场连板数量gte_30。
A_plus_B_strict,20260310,NONE,NO_CANDIDATE,,,,,0.0,681744.363390355,681744.363390355,,,False,False,,,,,,,False,0,False,500000.0,685984.942641475,-0.006181738092954414,reject_b_market_chain_gte_30,B额外过滤全市场连板数量gte_30。
A_plus_B_strict,20260311,B,HISTORICAL_SIM_FILLED,603778.SH,国晟科技,sh_main,无,-0.015549181976524854,681744.363390355,671143.7962225283,b_conservative_daily_replay,,True,True,,,20260312,20260313,20.840819999999997,20.46951,False,0,False,500000.0,685984.942641475,-0.021634799098940727,reject_b_market_chain_gte_30,B额外过滤全市场连板数量gte_30。
A_plus_B_strict,20260312,A_OR_B,POSITION_OCCUPIED_SKIP,,,,,0.0,671143.7962225283,671143.7962225283,,603778.SH 国晟科技,False,False,,,,,,,False,0,False,500000.0,685984.942641475,-0.021634799098940727,reject_b_market_chain_gte_30,B额外过滤全市场连板数量gte_30。
A_plus_B_strict,20260313,B,HISTORICAL_SIM_FILLED,603248.SH,锡华科技,sh_main,无,0.14196793827778875,671143.7962225283,766424.6972601691,b_conservative_daily_replay,,True,True,,,20260316,20260317,28.908879999999996,34.085879999999996,False,0,False,500000.0,766424.6972601691,0.0,reject_b_market_chain_gte_30,B额外过滤全市场连板数量gte_30。
A_plus_B_strict,20260316,A_OR_B,POSITION_OCCUPIED_SKIP,,,,,0.0,766424.6972601691,766424.6972601691,,603248.SH 锡华科技,False,False,,,,,,,False,0,False,500000.0,766424.6972601691,0.0,reject_b_market_chain_gte_30,B额外过滤全市场连板数量gte_30。
A_plus_B_strict,20260317,NONE,NO_CANDIDATE,,,,,0.0,766424.6972601691,766424.6972601691,,,False,False,,,,,,,False,0,False,500000.0,766424.6972601691,0.0,reject_b_market_chain_gte_30,B额外过滤全市场连板数量gte_30。
A_plus_B_strict,20260318,NONE,NO_CANDIDATE,,,,,0.0,766424.6972601691,766424.6972601691,,,False,False,,,,,,,False,0,False,500000.0,766424.6972601691,0.0,reject_b_market_chain_gte_30,B额外过滤全市场连板数量gte_30。
A_plus_B_strict,20260319,NONE,NO_CANDIDATE,,,,,0.0,766424.6972601691,766424.6972601691,,,False,False,,,,,,,False,0,False,500000.0,766424.6972601691,0.0,reject_b_market_chain_gte_30,B额外过滤全市场连板数量gte_30。
A_plus_B_strict,20260320,NONE,NO_CANDIDATE,,,,,0.0,766424.6972601691,766424.6972601691,,,False,False,,,,,,,False,0,False,500000.0,766424.6972601691,0.0,reject_b_market_chain_gte_30,B额外过滤全市场连板数量gte_30。
A_plus_B_strict,20260323,NONE,NO_CANDIDATE,,,,,0.0,766424.6972601691,766424.6972601691,,,False,False,,,,,,,False,0,False,500000.0,766424.6972601691,0.0,reject_b_market_chain_gte_30,B额外过滤全市场连板数量gte_30。
A_plus_B_strict,20260324,B,HISTORICAL_SIM_FILLED,601016.SH,节能风电,sh_main,无,0.05001172841616214,766424.6972601691,804754.9210709839,b_conservative_daily_replay,,True,True,,,20260325,20260326,4.98498,5.30469,False,0,False,500000.0,804754.9210709839,0.0,reject_b_market_chain_gte_30,B额外过滤全市场连板数量gte_30。
A_plus_B_strict,20260325,A_OR_B,POSITION_OCCUPIED_SKIP,,,,,0.0,804754.9210709839,804754.9210709839,,601016.SH 节能风电,False,False,,,,,,,False,0,False,500000.0,804754.9210709839,0.0,reject_b_market_chain_gte_30,B额外过滤全市场连板数量gte_30。
A_plus_B_strict,20260326,NONE,NO_CANDIDATE,,,,,0.0,804754.9210709839,804754.9210709839,,,False,False,,,,,,,False,0,False,500000.0,804754.9210709839,0.0,reject_b_market_chain_gte_30,B额外过滤全市场连板数量gte_30。
A_plus_B_strict,20260327,A,HISTORICAL_SIM_FILLED,300204.SZ,舒泰神,chi_next,无,0.0397618491523106,804754.9210709839,836753.464847188,a_audit_dynamic_account_return,,False,False,,,,,,,False,0,False,500000.0,836753.464847188,0.0,reject_b_market_chain_gte_30,B额外过滤全市场连板数量gte_30。
A_plus_B_strict,20260330,A_OR_B,POSITION_OCCUPIED_SKIP,,,,,0.0,836753.464847188,836753.464847188,,300204.SZ 舒泰神,False,False,,,,,,,False,0,False,500000.0,836753.464847188,0.0,reject_b_market_chain_gte_30,B额外过滤全市场连板数量gte_30。
A_plus_B_strict,20260331,NONE,NO_CANDIDATE,,,,,0.0,836753.464847188,836753.464847188,,,False,False,,,,,,,False,0,False,500000.0,836753.464847188,0.0,reject_b_market_chain_gte_30,B额外过滤全市场连板数量gte_30。
A_plus_B_strict,20260401,NONE,NO_CANDIDATE,,,,,0.0,836753.464847188,836753.464847188,,,False,False,,,,,,,False,0,False,500000.0,836753.464847188,0.0,reject_b_market_chain_gte_30,B额外过滤全市场连板数量gte_30。
A_plus_B_strict,20260402,NONE,NO_CANDIDATE,,,,,0.0,836753.464847188,836753.464847188,,,False,False,,,,,,,False,0,False,500000.0,836753.464847188,0.0,reject_b_market_chain_gte_30,B额外过滤全市场连板数量gte_30。
A_plus_B_strict,20260403,NONE,NO_CANDIDATE,,,,,0.0,836753.464847188,836753.464847188,,,False,False,,,,,,,False,0,False,500000.0,836753.464847188,0.0,reject_b_market_chain_gte_30,B额外过滤全市场连板数量gte_30。
A_plus_B_strict,20260407,NONE,NO_CANDIDATE,,,,,0.0,836753.464847188,836753.464847188,,,False,False,,,,,,,False,0,False,500000.0,836753.464847188,0.0,reject_b_market_chain_gte_30,B额外过滤全市场连板数量gte_30。
A_plus_B_strict,20260408,B,HISTORICAL_SIM_FILLED,603083.SH,剑桥科技,sh_main,无,0.02050690266715481,836753.464847188,853912.6867072138,b_conservative_daily_replay,,True,True,,,20260409,20260410,113.04293,116.12375999999999,False,0,False,500000.0,853912.6867072138,0.0,reject_b_market_chain_gte_30,B额外过滤全市场连板数量gte_30。
A_plus_B_strict,20260409,A_OR_B,POSITION_OCCUPIED_SKIP,,,,,0.0,853912.6867072138,853912.6867072138,,603083.SH 剑桥科技,False,False,,,,,,,False,0,False,500000.0,853912.6867072138,0.0,reject_b_market_chain_gte_30,B额外过滤全市场连板数量gte_30。
A_plus_B_strict,20260410,NONE,NO_CANDIDATE,,,,,0.0,853912.6867072138,853912.6867072138,,,False,False,,,,,,,False,0,False,500000.0,853912.6867072138,0.0,reject_b_market_chain_gte_30,B额外过滤全市场连板数量gte_30。
A_plus_B_strict,20260413,B,HISTORICAL_SIM_FILLED,000968.SZ,蓝焰控股,sz_main,无,-0.049626241187383915,853912.6867072138,811536.2097637146,b_conservative_daily_replay,,True,True,,,20260414,20260415,10.090079999999999,9.48051,False,0,False,500000.0,853912.6867072138,-0.0496262411873839,reject_b_market_chain_gte_30,B额外过滤全市场连板数量gte_30。
A_plus_B_strict,20260414,A_OR_B,POSITION_OCCUPIED_SKIP,,,,,0.0,811536.2097637146,811536.2097637146,,000968.SZ 蓝焰控股,False,False,,,,,,,False,0,False,500000.0,853912.6867072138,-0.0496262411873839,reject_b_market_chain_gte_30,B额外过滤全市场连板数量gte_30。
A_plus_B_strict,20260415,NONE,NO_CANDIDATE,,,,,0.0,811536.2097637146,811536.2097637146,,,False,False,,,,,,,False,0,False,500000.0,853912.6867072138,-0.0496262411873839,reject_b_market_chain_gte_30,B额外过滤全市场连板数量gte_30。
A_plus_B_strict,20260416,B,HISTORICAL_SIM_FILLED,603220.SH,中贝通信,sh_main,无,-0.04408957006629736,811536.2097637146,775755.9271819999,b_conservative_daily_replay,,True,True,,,20260417,20260420,32.59256,30.84912,False,0,False,500000.0,853912.6867072138,-0.0915278116157231,reject_b_market_chain_gte_30,B额外过滤全市场连板数量gte_30。
A_plus_B_strict,20260417,A_OR_B,POSITION_OCCUPIED_SKIP,,,,,0.0,775755.9271819999,775755.9271819999,,603220.SH 中贝通信,False,False,,,,,,,False,0,False,500000.0,853912.6867072138,-0.0915278116157231,reject_b_market_chain_gte_30,B额外过滤全市场连板数量gte_30。
A_plus_B_strict,20260420,NONE,NO_CANDIDATE,,,,,0.0,775755.9271819999,775755.9271819999,,,False,False,,,,,,,False,0,False,500000.0,853912.6867072138,-0.0915278116157231,reject_b_market_chain_gte_30,B额外过滤全市场连板数量gte_30。
A_plus_B_strict,20260421,NONE,NO_CANDIDATE,,,,,0.0,775755.9271819999,775755.9271819999,,,False,False,,,,,,,False,0,False,500000.0,853912.6867072138,-0.0915278116157231,reject_b_market_chain_gte_30,B额外过滤全市场连板数量gte_30。
A_plus_B_strict,20260422,NONE,NO_CANDIDATE,,,,,0.0,775755.9271819999,775755.9271819999,,,False,False,,,,,,,False,0,False,500000.0,853912.6867072138,-0.0915278116157231,reject_b_market_chain_gte_30,B额外过滤全市场连板数量gte_30。
A_plus_B_strict,20260423,NONE,NO_CANDIDATE,,,,,0.0,775755.9271819999,775755.9271819999,,,False,False,,,,,,,False,0,False,500000.0,853912.6867072138,-0.0915278116157231,reject_b_market_chain_gte_30,B额外过滤全市场连板数量gte_30。
A_plus_B_strict,20260424,NONE,NO_CANDIDATE,,,,,0.0,775755.9271819999,775755.9271819999,,,False,False,,,,,,,False,0,False,500000.0,853912.6867072138,-0.0915278116157231,reject_b_market_chain_gte_30,B额外过滤全市场连板数量gte_30。
A_plus_B_strict,20260427,NONE,NO_CANDIDATE,,,,,0.0,775755.9271819999,775755.9271819999,,,False,False,,,,,,,False,0,False,500000.0,853912.6867072138,-0.0915278116157231,reject_b_market_chain_gte_30,B额外过滤全市场连板数量gte_30。
A_plus_B_strict,20260428,NONE,NO_CANDIDATE,,,,,0.0,775755.9271819999,775755.9271819999,,,False,False,,,,,,,False,0,False,500000.0,853912.6867072138,-0.0915278116157231,reject_b_market_chain_gte_30,B额外过滤全市场连板数量gte_30。
A_plus_B_strict,20260429,NONE,NO_CANDIDATE,,,,,0.0,775755.9271819999,775755.9271819999,,,False,False,,,,,,,False,0,False,500000.0,853912.6867072138,-0.0915278116157231,reject_b_market_chain_gte_30,B额外过滤全市场连板数量gte_30。
A_plus_B_strict,20260430,NONE,NO_CANDIDATE,,,,,0.0,775755.9271819999,775755.9271819999,,,False,False,,,,,,,False,0,False,500000.0,853912.6867072138,-0.0915278116157231,reject_b_market_chain_gte_30,B额外过滤全市场连板数量gte_30。
A_plus_B_strict,20260506,NONE,NO_CANDIDATE,,,,,0.0,775755.9271819999,775755.9271819999,,,False,False,,,,,,,False,0,False,500000.0,853912.6867072138,-0.0915278116157231,reject_b_market_chain_gte_30,B额外过滤全市场连板数量gte_30。
A_plus_B_strict,20260507,B,HISTORICAL_SIM_FILLED,603256.SH,宏和科技,sh_main,无,0.02464048591717308,775755.9271819999,794870.9301808915,b_conservative_daily_replay,,True,True,,,20260508,20260511,145.12497999999997,149.83002,False,0,False,500000.0,853912.6867072138,-0.06914261545169686,reject_b_market_chain_gte_30,B额外过滤全市场连板数量gte_30。
A_plus_B_strict,20260508,A_OR_B,POSITION_OCCUPIED_SKIP,,,,,0.0,794870.9301808915,794870.9301808915,,603256.SH 宏和科技,False,False,,,,,,,False,0,False,500000.0,853912.6867072138,-0.06914261545169686,reject_b_market_chain_gte_30,B额外过滤全市场连板数量gte_30。
A_plus_B_strict,20260511,NONE,NO_CANDIDATE,,,,,0.0,794870.9301808915,794870.9301808915,,,False,False,,,,,,,False,0,False,500000.0,853912.6867072138,-0.06914261545169686,reject_b_market_chain_gte_30,B额外过滤全市场连板数量gte_30。
A_plus_B_strict,20260512,NONE,NO_CANDIDATE,,,,,0.0,794870.9301808915,794870.9301808915,,,False,False,,,,,,,False,0,False,500000.0,853912.6867072138,-0.06914261545169686,reject_b_market_chain_gte_30,B额外过滤全市场连板数量gte_30。
A_plus_B_strict,20260513,NONE,NO_CANDIDATE,,,,,0.0,794870.9301808915,794870.9301808915,,,False,False,,,,,,,False,0,False,500000.0,853912.6867072138,-0.06914261545169686,reject_b_market_chain_gte_30,B额外过滤全市场连板数量gte_30。
A_plus_B_strict,20260514,NONE,NO_CANDIDATE,,,,,0.0,794870.9301808915,794870.9301808915,,,False,False,,,,,,,False,0,False,500000.0,853912.6867072138,-0.06914261545169686,reject_b_market_chain_gte_30,B额外过滤全市场连板数量gte_30。
A_plus_B_strict,20251224,NONE,NO_CANDIDATE,,,,,0.0,500000.0,500000.0,,,False,False,,,,,,,False,0,False,500000.0,500000.0,0.0,reject_b_open_times_gte_4,B额外过滤炸板次数>=4。
A_plus_B_strict,20251225,NONE,NO_CANDIDATE,,,,,0.0,500000.0,500000.0,,,False,False,,,,,,,False,0,False,500000.0,500000.0,0.0,reject_b_open_times_gte_4,B额外过滤炸板次数>=4。
A_plus_B_strict,20251226,NONE,NO_CANDIDATE,,,,,0.0,500000.0,500000.0,,,False,False,,,,,,,False,0,False,500000.0,500000.0,0.0,reject_b_open_times_gte_4,B额外过滤炸板次数>=4。
A_plus_B_strict,20251229,NONE,NO_CANDIDATE,,,,,0.0,500000.0,500000.0,,,False,False,,,,,,,False,0,False,500000.0,500000.0,0.0,reject_b_open_times_gte_4,B额外过滤炸板次数>=4。
A_plus_B_strict,20251230,NONE,NO_CANDIDATE,,,,,0.0,500000.0,500000.0,,,False,False,,,,,,,False,0,False,500000.0,500000.0,0.0,reject_b_open_times_gte_4,B额外过滤炸板次数>=4。
A_plus_B_strict,20251231,A,HISTORICAL_SIM_FILLED,300058.SZ,蓝色光标,chi_next,无,0.1308549259970799,500000.0,565427.4629985399,a_audit_dynamic_account_return,,False,False,,,,,,,False,0,False,500000.0,565427.4629985399,0.0,reject_b_open_times_gte_4,B额外过滤炸板次数>=4。
A_plus_B_strict,20260105,A_OR_B,POSITION_OCCUPIED_SKIP,,,,,0.0,565427.4629985399,565427.4629985399,,300058.SZ 蓝色光标,False,False,,,,,,,False,0,False,500000.0,565427.4629985399,0.0,reject_b_open_times_gte_4,B额外过滤炸板次数>=4。
A_plus_B_strict,20260106,B,HISTORICAL_SIM_FILLED,002865.SZ,钧达股份,sz_main,无,0.15860683400809739,565427.4629985399,655108.122765969,b_conservative_daily_replay,,True,True,,,20260107,20260108,57.056999999999995,68.46147,False,0,False,500000.0,655108.122765969,0.0,reject_b_open_times_gte_4,B额外过滤炸板次数>=4。
A_plus_B_strict,20260107,A_OR_B,POSITION_OCCUPIED_SKIP,,,,,0.0,655108.122765969,655108.122765969,,002865.SZ 钧达股份,False,False,,,,,,,False,0,False,500000.0,655108.122765969,0.0,reject_b_open_times_gte_4,B额外过滤炸板次数>=4。
A_plus_B_strict,20260108,NONE,NO_CANDIDATE,,,,,0.0,655108.122765969,655108.122765969,,,False,False,,,,,,,False,0,False,500000.0,655108.122765969,0.0,reject_b_open_times_gte_4,B额外过滤炸板次数>=4。
A_plus_B_strict,20260109,NONE,NO_CANDIDATE,,,,,0.0,655108.122765969,655108.122765969,,,False,False,,,,,,,False,0,False,500000.0,655108.122765969,0.0,reject_b_open_times_gte_4,B额外过滤炸板次数>=4。
A_plus_B_strict,20260112,NONE,NO_CANDIDATE,,,,,0.0,655108.122765969,655108.122765969,,,False,False,,,,,,,False,0,False,500000.0,655108.122765969,0.0,reject_b_open_times_gte_4,B额外过滤炸板次数>=4。
A_plus_B_strict,20260113,NONE,NO_CANDIDATE,,,,,0.0,655108.122765969,655108.122765969,,,False,False,,,,,,,False,0,False,500000.0,655108.122765969,0.0,reject_b_open_times_gte_4,B额外过滤炸板次数>=4。
A_plus_B_strict,20260114,NONE,NO_CANDIDATE,,,,,0.0,655108.122765969,655108.122765969,,,False,False,,,,,,,False,0,False,500000.0,655108.122765969,0.0,reject_b_open_times_gte_4,B额外过滤炸板次数>=4。
A_plus_B_strict,20260115,A,HISTORICAL_SIM_FILLED,301629.SZ,矽电股份,chi_next,无,-0.0338313603969523,655108.122765969,632944.9237657026,a_audit_dynamic_account_return,,False,False,,,,,,,False,0,False,500000.0,655108.122765969,-0.03383136039695234,reject_b_open_times_gte_4,B额外过滤炸板次数>=4。
A_plus_B_strict,20260116,A_OR_B,POSITION_OCCUPIED_SKIP,,,,,0.0,632944.9237657026,632944.9237657026,,301629.SZ 矽电股份,False,False,,,,,,,False,0,False,500000.0,655108.122765969,-0.03383136039695234,reject_b_open_times_gte_4,B额外过滤炸板次数>=4。
A_plus_B_strict,20260119,A,HISTORICAL_SIM_FILLED,300658.SZ,延江股份,chi_next,无,0.0681174370165976,632944.9237657026,676059.509745288,a_audit_dynamic_account_return,,False,False,,,,,,,False,0,False,500000.0,676059.509745288,0.0,reject_b_open_times_gte_4,B额外过滤炸板次数>=4。
A_plus_B_strict,20260120,A_OR_B,POSITION_OCCUPIED_SKIP,,,,,0.0,676059.509745288,676059.509745288,,300658.SZ 延江股份,False,False,,,,,,,False,0,False,500000.0,676059.509745288,0.0,reject_b_open_times_gte_4,B额外过滤炸板次数>=4。
A_plus_B_strict,20260121,NONE,NO_CANDIDATE,,,,,0.0,676059.509745288,676059.509745288,,,False,False,,,,,,,False,0,False,500000.0,676059.509745288,0.0,reject_b_open_times_gte_4,B额外过滤炸板次数>=4。
A_plus_B_strict,20260122,NONE,NO_CANDIDATE,,,,,0.0,676059.509745288,676059.509745288,,,False,False,,,,,,,False,0,False,500000.0,676059.509745288,0.0,reject_b_open_times_gte_4,B额外过滤炸板次数>=4。
A_plus_B_strict,20260123,A,HISTORICAL_SIM_FILLED,920368.BJ,连城数控,bj,无,0.1027727855059111,676059.509745288,745540.028729572,a_audit_dynamic_account_return,,False,False,,,,,,,False,0,False,500000.0,745540.028729572,0.0,reject_b_open_times_gte_4,B额外过滤炸板次数>=4。
A_plus_B_strict,20260126,A_OR_B,POSITION_OCCUPIED_SKIP,,,,,0.0,745540.028729572,745540.028729572,,920368.BJ 连城数控,False,False,,,,,,,False,0,False,500000.0,745540.028729572,0.0,reject_b_open_times_gte_4,B额外过滤炸板次数>=4。
A_plus_B_strict,20260127,NONE,NO_CANDIDATE,,,,,0.0,745540.028729572,745540.028729572,,,False,False,,,,,,,False,0,False,500000.0,745540.028729572,0.0,reject_b_open_times_gte_4,B额外过滤炸板次数>=4。
A_plus_B_strict,20260128,A,HISTORICAL_SIM_FILLED,300164.SZ,通源石油,chi_next,无,0.0457725821591917,745540.028729572,779665.3209475625,a_audit_dynamic_account_return,,False,False,,,,,,,False,0,False,500000.0,779665.3209475625,0.0,reject_b_open_times_gte_4,B额外过滤炸板次数>=4。
A_plus_B_strict,20260129,A_OR_B,POSITION_OCCUPIED_SKIP,,,,,0.0,779665.3209475625,779665.3209475625,,300164.SZ 通源石油,False,False,,,,,,,False,0,False,500000.0,779665.3209475625,0.0,reject_b_open_times_gte_4,B额外过滤炸板次数>=4。
A_plus_B_strict,20260130,NONE,NO_CANDIDATE,,,,,0.0,779665.3209475625,779665.3209475625,,,False,False,,,,,,,False,0,False,500000.0,779665.3209475625,0.0,reject_b_open_times_gte_4,B额外过滤炸板次数>=4。
A_plus_B_strict,20260202,NONE,NO_CANDIDATE,,,,,0.0,779665.3209475625,779665.3209475625,,,False,False,,,,,,,False,0,False,500000.0,779665.3209475625,0.0,reject_b_open_times_gte_4,B额外过滤炸板次数>=4。
A_plus_B_strict,20260203,NONE,NO_CANDIDATE,,,,,0.0,779665.3209475625,779665.3209475625,,,False,False,,,,,,,False,0,False,500000.0,779665.3209475625,0.0,reject_b_open_times_gte_4,B额外过滤炸板次数>=4。
A_plus_B_strict,20260204,NONE,NO_CANDIDATE,,,,,0.0,779665.3209475625,779665.3209475625,,,False,False,,,,,,,False,0,False,500000.0,779665.3209475625,0.0,reject_b_open_times_gte_4,B额外过滤炸板次数>=4。
A_plus_B_strict,20260205,NONE,NO_CANDIDATE,,,,,0.0,779665.3209475625,779665.3209475625,,,False,False,,,,,,,False,0,False,500000.0,779665.3209475625,0.0,reject_b_open_times_gte_4,B额外过滤炸板次数>=4。
A_plus_B_strict,20260206,NONE,NO_CANDIDATE,,,,,0.0,779665.3209475625,779665.3209475625,,,False,False,,,,,,,False,0,False,500000.0,779665.3209475625,0.0,reject_b_open_times_gte_4,B额外过滤炸板次数>=4。
A_plus_B_strict,20260209,NONE,NO_CANDIDATE,,,,,0.0,779665.3209475625,779665.3209475625,,,False,False,,,,,,,False,0,False,500000.0,779665.3209475625,0.0,reject_b_open_times_gte_4,B额外过滤炸板次数>=4。
A_plus_B_strict,20260210,NONE,NO_CANDIDATE,,,,,0.0,779665.3209475625,779665.3209475625,,,False,False,,,,,,,False,0,False,500000.0,779665.3209475625,0.0,reject_b_open_times_gte_4,B额外过滤炸板次数>=4。
A_plus_B_strict,20260211,NONE,NO_CANDIDATE,,,,,0.0,779665.3209475625,779665.3209475625,,,False,False,,,,,,,False,0,False,500000.0,779665.3209475625,0.0,reject_b_open_times_gte_4,B额外过滤炸板次数>=4。
A_plus_B_strict,20260212,NONE,NO_CANDIDATE,,,,,0.0,779665.3209475625,779665.3209475625,,,False,False,,,,,,,False,0,False,500000.0,779665.3209475625,0.0,reject_b_open_times_gte_4,B额外过滤炸板次数>=4。
A_plus_B_strict,20260213,NONE,NO_CANDIDATE,,,,,0.0,779665.3209475625,779665.3209475625,,,False,False,,,,,,,False,0,False,500000.0,779665.3209475625,0.0,reject_b_open_times_gte_4,B额外过滤炸板次数>=4。
A_plus_B_strict,20260224,NONE,NO_CANDIDATE,,,,,0.0,779665.3209475625,779665.3209475625,,,False,False,,,,,,,False,0,False,500000.0,779665.3209475625,0.0,reject_b_open_times_gte_4,B额外过滤炸板次数>=4。
A_plus_B_strict,20260225,NONE,NO_CANDIDATE,,,,,0.0,779665.3209475625,779665.3209475625,,,False,False,,,,,,,False,0,False,500000.0,779665.3209475625,0.0,reject_b_open_times_gte_4,B额外过滤炸板次数>=4。
A_plus_B_strict,20260226,A,HISTORICAL_SIM_FILLED,300499.SZ,高澜股份,chi_next,无,0.0193948880593092,779665.3209475625,794786.8425710658,a_audit_dynamic_account_return,,False,False,,,,,,,False,0,False,500000.0,794786.8425710658,0.0,reject_b_open_times_gte_4,B额外过滤炸板次数>=4。
A_plus_B_strict,20260227,A_OR_B,POSITION_OCCUPIED_SKIP,,,,,0.0,794786.8425710658,794786.8425710658,,300499.SZ 高澜股份,False,False,,,,,,,False,0,False,500000.0,794786.8425710658,0.0,reject_b_open_times_gte_4,B额外过滤炸板次数>=4。
A_plus_B_strict,20260302,NONE,NO_CANDIDATE,,,,,0.0,794786.8425710658,794786.8425710658,,,False,False,,,,,,,False,0,False,500000.0,794786.8425710658,0.0,reject_b_open_times_gte_4,B额外过滤炸板次数>=4。
A_plus_B_strict,20260303,NONE,NO_CANDIDATE,,,,,0.0,794786.8425710658,794786.8425710658,,,False,False,,,,,,,False,0,False,500000.0,794786.8425710658,0.0,reject_b_open_times_gte_4,B额外过滤炸板次数>=4。
A_plus_B_strict,20260304,NONE,NO_CANDIDATE,,,,,0.0,794786.8425710658,794786.8425710658,,,False,False,,,,,,,False,0,False,500000.0,794786.8425710658,0.0,reject_b_open_times_gte_4,B额外过滤炸板次数>=4。
A_plus_B_strict,20260305,NONE,NO_CANDIDATE,,,,,0.0,794786.8425710658,794786.8425710658,,,False,False,,,,,,,False,0,False,500000.0,794786.8425710658,0.0,reject_b_open_times_gte_4,B额外过滤炸板次数>=4。
A_plus_B_strict,20260306,NONE,NO_CANDIDATE,,,,,0.0,794786.8425710658,794786.8425710658,,,False,False,,,,,,,False,0,False,500000.0,794786.8425710658,0.0,reject_b_open_times_gte_4,B额外过滤炸板次数>=4。
A_plus_B_strict,20260309,A,REVIEW_REQUIRED_PLAN_ONLY,301606.SZ,绿联科技,chi_next,LOSS_OVERLAY_WATCH,0.0,794786.8425710658,794786.8425710658,manual_review_skip,,False,False,,,,,,,False,0,False,500000.0,794786.8425710658,0.0,reject_b_open_times_gte_4,B额外过滤炸板次数>=4。
A_plus_B_strict,20260310,NONE,NO_CANDIDATE,,,,,0.0,794786.8425710658,794786.8425710658,,,False,False,,,,,,,False,0,False,500000.0,794786.8425710658,0.0,reject_b_open_times_gte_4,B额外过滤炸板次数>=4。
A_plus_B_strict,20260311,NONE,NO_CANDIDATE,,,,,0.0,794786.8425710658,794786.8425710658,,,False,False,,,,,,,False,0,False,500000.0,794786.8425710658,0.0,reject_b_open_times_gte_4,B额外过滤炸板次数>=4。
A_plus_B_strict,20260312,NONE,NO_CANDIDATE,,,,,0.0,794786.8425710658,794786.8425710658,,,False,False,,,,,,,False,0,False,500000.0,794786.8425710658,0.0,reject_b_open_times_gte_4,B额外过滤炸板次数>=4。
A_plus_B_strict,20260313,B,HISTORICAL_SIM_FILLED,603248.SH,锡华科技,sh_main,无,0.14196793827778875,794786.8425710658,907621.0919811934,b_conservative_daily_replay,,True,True,,,20260316,20260317,28.908879999999996,34.085879999999996,False,0,False,500000.0,907621.0919811934,0.0,reject_b_open_times_gte_4,B额外过滤炸板次数>=4。
A_plus_B_strict,20260316,A_OR_B,POSITION_OCCUPIED_SKIP,,,,,0.0,907621.0919811934,907621.0919811934,,603248.SH 锡华科技,False,False,,,,,,,False,0,False,500000.0,907621.0919811934,0.0,reject_b_open_times_gte_4,B额外过滤炸板次数>=4。
A_plus_B_strict,20260317,NONE,NO_CANDIDATE,,,,,0.0,907621.0919811934,907621.0919811934,,,False,False,,,,,,,False,0,False,500000.0,907621.0919811934,0.0,reject_b_open_times_gte_4,B额外过滤炸板次数>=4。
A_plus_B_strict,20260318,NONE,NO_CANDIDATE,,,,,0.0,907621.0919811934,907621.0919811934,,,False,False,,,,,,,False,0,False,500000.0,907621.0919811934,0.0,reject_b_open_times_gte_4,B额外过滤炸板次数>=4。
A_plus_B_strict,20260319,NONE,NO_CANDIDATE,,,,,0.0,907621.0919811934,907621.0919811934,,,False,False,,,,,,,False,0,False,500000.0,907621.0919811934,0.0,reject_b_open_times_gte_4,B额外过滤炸板次数>=4。
A_plus_B_strict,20260320,NONE,NO_CANDIDATE,,,,,0.0,907621.0919811934,907621.0919811934,,,False,False,,,,,,,False,0,False,500000.0,907621.0919811934,0.0,reject_b_open_times_gte_4,B额外过滤炸板次数>=4。
A_plus_B_strict,20260323,NONE,NO_CANDIDATE,,,,,0.0,907621.0919811934,907621.0919811934,,,False,False,,,,,,,False,0,False,500000.0,907621.0919811934,0.0,reject_b_open_times_gte_4,B额外过滤炸板次数>=4。
A_plus_B_strict,20260324,NONE,NO_CANDIDATE,,,,,0.0,907621.0919811934,907621.0919811934,,,False,False,,,,,,,False,0,False,500000.0,907621.0919811934,0.0,reject_b_open_times_gte_4,B额外过滤炸板次数>=4。
A_plus_B_strict,20260325,B,HISTORICAL_SIM_FILLED,603829.SH,洛凯股份,sh_main,无,0.0017810469626826726,907621.0919811934,909237.6077703332,b_conservative_daily_replay,,True,True,,,20260326,20260327,29.059029999999996,29.1708,False,0,False,500000.0,909237.6077703332,0.0,reject_b_open_times_gte_4,B额外过滤炸板次数>=4。
A_plus_B_strict,20260326,A_OR_B,POSITION_OCCUPIED_SKIP,,,,,0.0,909237.6077703332,909237.6077703332,,603829.SH 洛凯股份,False,False,,,,,,,False,0,False,500000.0,909237.6077703332,0.0,reject_b_open_times_gte_4,B额外过滤炸板次数>=4。
A_plus_B_strict,20260327,A,HISTORICAL_SIM_FILLED,300204.SZ,舒泰神,chi_next,无,0.0397618491523106,909237.6077703332,945390.576374105,a_audit_dynamic_account_return,,False,False,,,,,,,False,0,False,500000.0,945390.576374105,0.0,reject_b_open_times_gte_4,B额外过滤炸板次数>=4。
A_plus_B_strict,20260330,A_OR_B,POSITION_OCCUPIED_SKIP,,,,,0.0,945390.576374105,945390.576374105,,300204.SZ 舒泰神,False,False,,,,,,,False,0,False,500000.0,945390.576374105,0.0,reject_b_open_times_gte_4,B额外过滤炸板次数>=4。
A_plus_B_strict,20260331,NONE,NO_CANDIDATE,,,,,0.0,945390.576374105,945390.576374105,,,False,False,,,,,,,False,0,False,500000.0,945390.576374105,0.0,reject_b_open_times_gte_4,B额外过滤炸板次数>=4。
A_plus_B_strict,20260401,NONE,NO_CANDIDATE,,,,,0.0,945390.576374105,945390.576374105,,,False,False,,,,,,,False,0,False,500000.0,945390.576374105,0.0,reject_b_open_times_gte_4,B额外过滤炸板次数>=4。
A_plus_B_strict,20260402,NONE,NO_CANDIDATE,,,,,0.0,945390.576374105,945390.576374105,,,False,False,,,,,,,False,0,False,500000.0,945390.576374105,0.0,reject_b_open_times_gte_4,B额外过滤炸板次数>=4。
A_plus_B_strict,20260403,NONE,NO_CANDIDATE,,,,,0.0,945390.576374105,945390.576374105,,,False,False,,,,,,,False,0,False,500000.0,945390.576374105,0.0,reject_b_open_times_gte_4,B额外过滤炸板次数>=4。
A_plus_B_strict,20260407,NONE,NO_CANDIDATE,,,,,0.0,945390.576374105,945390.576374105,,,False,False,,,,,,,False,0,False,500000.0,945390.576374105,0.0,reject_b_open_times_gte_4,B额外过滤炸板次数>=4。
A_plus_B_strict,20260408,B,HISTORICAL_SIM_FILLED,603083.SH,剑桥科技,sh_main,无,0.02050690266715481,945390.576374105,964777.608906254,b_conservative_daily_replay,,True,True,,,20260409,20260410,113.04293,116.12375999999999,False,0,False,500000.0,964777.608906254,0.0,reject_b_open_times_gte_4,B额外过滤炸板次数>=4。
A_plus_B_strict,20260409,A_OR_B,POSITION_OCCUPIED_SKIP,,,,,0.0,964777.608906254,964777.608906254,,603083.SH 剑桥科技,False,False,,,,,,,False,0,False,500000.0,964777.608906254,0.0,reject_b_open_times_gte_4,B额外过滤炸板次数>=4。
A_plus_B_strict,20260410,NONE,NO_CANDIDATE,,,,,0.0,964777.608906254,964777.608906254,,,False,False,,,,,,,False,0,False,500000.0,964777.608906254,0.0,reject_b_open_times_gte_4,B额外过滤炸板次数>=4。
A_plus_B_strict,20260413,NONE,NO_CANDIDATE,,,,,0.0,964777.608906254,964777.608906254,,,False,False,,,,,,,False,0,False,500000.0,964777.608906254,0.0,reject_b_open_times_gte_4,B额外过滤炸板次数>=4。
A_plus_B_strict,20260414,A,HISTORICAL_SIM_FILLED,301189.SZ,奥尼电子,chi_next,无,-0.0350052172427846,964777.608906254,931005.3591155163,a_audit_dynamic_account_return,,False,False,,,,,,,False,0,False,500000.0,964777.608906254,-0.0350052172427846,reject_b_open_times_gte_4,B额外过滤炸板次数>=4。
A_plus_B_strict,20260415,A_OR_B,POSITION_OCCUPIED_SKIP,,,,,0.0,931005.3591155163,931005.3591155163,,301189.SZ 奥尼电子,False,False,,,,,,,False,0,False,500000.0,964777.608906254,-0.0350052172427846,reject_b_open_times_gte_4,B额外过滤炸板次数>=4。
A_plus_B_strict,20260416,NONE,NO_CANDIDATE,,,,,0.0,931005.3591155163,931005.3591155163,,,False,False,,,,,,,False,0,False,500000.0,964777.608906254,-0.0350052172427846,reject_b_open_times_gte_4,B额外过滤炸板次数>=4。
A_plus_B_strict,20260417,A,HISTORICAL_SIM_FILLED,301319.SZ,唯特偶,chi_next,无,0.0352808081329955,931005.3591155163,963851.9805612613,a_audit_dynamic_account_return,,False,False,,,,,,,False,0,False,500000.0,964777.608906254,-0.0009594214629857767,reject_b_open_times_gte_4,B额外过滤炸板次数>=4。
A_plus_B_strict,20260420,A_OR_B,POSITION_OCCUPIED_SKIP,,,,,0.0,963851.9805612613,963851.9805612613,,301319.SZ 唯特偶,False,False,,,,,,,False,0,False,500000.0,964777.608906254,-0.0009594214629857767,reject_b_open_times_gte_4,B额外过滤炸板次数>=4。
A_plus_B_strict,20260421,NONE,NO_CANDIDATE,,,,,0.0,963851.9805612613,963851.9805612613,,,False,False,,,,,,,False,0,False,500000.0,964777.608906254,-0.0009594214629857767,reject_b_open_times_gte_4,B额外过滤炸板次数>=4。
A_plus_B_strict,20260422,NONE,NO_CANDIDATE,,,,,0.0,963851.9805612613,963851.9805612613,,,False,False,,,,,,,False,0,False,500000.0,964777.608906254,-0.0009594214629857767,reject_b_open_times_gte_4,B额外过滤炸板次数>=4。
A_plus_B_strict,20260423,NONE,NO_CANDIDATE,,,,,0.0,963851.9805612613,963851.9805612613,,,False,False,,,,,,,False,0,False,500000.0,964777.608906254,-0.0009594214629857767,reject_b_open_times_gte_4,B额外过滤炸板次数>=4。
A_plus_B_strict,20260424,NONE,NO_CANDIDATE,,,,,0.0,963851.9805612613,963851.9805612613,,,False,False,,,,,,,False,0,False,500000.0,964777.608906254,-0.0009594214629857767,reject_b_open_times_gte_4,B额外过滤炸板次数>=4。
A_plus_B_strict,20260427,NONE,NO_CANDIDATE,,,,,0.0,963851.9805612613,963851.9805612613,,,False,False,,,,,,,False,0,False,500000.0,964777.608906254,-0.0009594214629857767,reject_b_open_times_gte_4,B额外过滤炸板次数>=4。
A_plus_B_strict,20260428,NONE,NO_CANDIDATE,,,,,0.0,963851.9805612613,963851.9805612613,,,False,False,,,,,,,False,0,False,500000.0,964777.608906254,-0.0009594214629857767,reject_b_open_times_gte_4,B额外过滤炸板次数>=4。
A_plus_B_strict,20260429,NONE,NO_CANDIDATE,,,,,0.0,963851.9805612613,963851.9805612613,,,False,False,,,,,,,False,0,False,500000.0,964777.608906254,-0.0009594214629857767,reject_b_open_times_gte_4,B额外过滤炸板次数>=4。
A_plus_B_strict,20260430,NONE,NO_CANDIDATE,,,,,0.0,963851.9805612613,963851.9805612613,,,False,False,,,,,,,False,0,False,500000.0,964777.608906254,-0.0009594214629857767,reject_b_open_times_gte_4,B额外过滤炸板次数>=4。
A_plus_B_strict,20260506,NONE,NO_CANDIDATE,,,,,0.0,963851.9805612613,963851.9805612613,,,False,False,,,,,,,False,0,False,500000.0,964777.608906254,-0.0009594214629857767,reject_b_open_times_gte_4,B额外过滤炸板次数>=4。
A_plus_B_strict,20260507,B,HISTORICAL_SIM_FILLED,603256.SH,宏和科技,sh_main,无,0.02464048591717308,963851.9805612613,987601.7617145205,b_conservative_daily_replay,,True,True,,,20260508,20260511,145.12497999999997,149.83002,False,0,False,500000.0,987601.7617145205,0.0,reject_b_open_times_gte_4,B额外过滤炸板次数>=4。
A_plus_B_strict,20260508,A_OR_B,POSITION_OCCUPIED_SKIP,,,,,0.0,987601.7617145205,987601.7617145205,,603256.SH 宏和科技,False,False,,,,,,,False,0,False,500000.0,987601.7617145205,0.0,reject_b_open_times_gte_4,B额外过滤炸板次数>=4。
A_plus_B_strict,20260511,NONE,NO_CANDIDATE,,,,,0.0,987601.7617145205,987601.7617145205,,,False,False,,,,,,,False,0,False,500000.0,987601.7617145205,0.0,reject_b_open_times_gte_4,B额外过滤炸板次数>=4。
A_plus_B_strict,20260512,NONE,NO_CANDIDATE,,,,,0.0,987601.7617145205,987601.7617145205,,,False,False,,,,,,,False,0,False,500000.0,987601.7617145205,0.0,reject_b_open_times_gte_4,B额外过滤炸板次数>=4。
A_plus_B_strict,20260513,NONE,NO_CANDIDATE,,,,,0.0,987601.7617145205,987601.7617145205,,,False,False,,,,,,,False,0,False,500000.0,987601.7617145205,0.0,reject_b_open_times_gte_4,B额外过滤炸板次数>=4。
A_plus_B_strict,20260514,NONE,NO_CANDIDATE,,,,,0.0,987601.7617145205,987601.7617145205,,,False,False,,,,,,,False,0,False,500000.0,987601.7617145205,0.0,reject_b_open_times_gte_4,B额外过滤炸板次数>=4。
A_plus_B_strict,20251224,NONE,NO_CANDIDATE,,,,,0.0,500000.0,500000.0,,,False,False,,,,,,,False,0,False,500000.0,500000.0,0.0,reject_b_open_times_gte_6,B额外过滤炸板次数>=6。
A_plus_B_strict,20251225,NONE,NO_CANDIDATE,,,,,0.0,500000.0,500000.0,,,False,False,,,,,,,False,0,False,500000.0,500000.0,0.0,reject_b_open_times_gte_6,B额外过滤炸板次数>=6。
A_plus_B_strict,20251226,NONE,NO_CANDIDATE,,,,,0.0,500000.0,500000.0,,,False,False,,,,,,,False,0,False,500000.0,500000.0,0.0,reject_b_open_times_gte_6,B额外过滤炸板次数>=6。
A_plus_B_strict,20251229,NONE,NO_CANDIDATE,,,,,0.0,500000.0,500000.0,,,False,False,,,,,,,False,0,False,500000.0,500000.0,0.0,reject_b_open_times_gte_6,B额外过滤炸板次数>=6。
A_plus_B_strict,20251230,NONE,NO_CANDIDATE,,,,,0.0,500000.0,500000.0,,,False,False,,,,,,,False,0,False,500000.0,500000.0,0.0,reject_b_open_times_gte_6,B额外过滤炸板次数>=6。
A_plus_B_strict,20251231,A,HISTORICAL_SIM_FILLED,300058.SZ,蓝色光标,chi_next,无,0.1308549259970799,500000.0,565427.4629985399,a_audit_dynamic_account_return,,False,False,,,,,,,False,0,False,500000.0,565427.4629985399,0.0,reject_b_open_times_gte_6,B额外过滤炸板次数>=6。
A_plus_B_strict,20260105,A_OR_B,POSITION_OCCUPIED_SKIP,,,,,0.0,565427.4629985399,565427.4629985399,,300058.SZ 蓝色光标,False,False,,,,,,,False,0,False,500000.0,565427.4629985399,0.0,reject_b_open_times_gte_6,B额外过滤炸板次数>=6。
A_plus_B_strict,20260106,B,HISTORICAL_SIM_FILLED,002865.SZ,钧达股份,sz_main,无,0.15860683400809739,565427.4629985399,655108.122765969,b_conservative_daily_replay,,True,True,,,20260107,20260108,57.056999999999995,68.46147,False,0,False,500000.0,655108.122765969,0.0,reject_b_open_times_gte_6,B额外过滤炸板次数>=6。
A_plus_B_strict,20260107,A_OR_B,POSITION_OCCUPIED_SKIP,,,,,0.0,655108.122765969,655108.122765969,,002865.SZ 钧达股份,False,False,,,,,,,False,0,False,500000.0,655108.122765969,0.0,reject_b_open_times_gte_6,B额外过滤炸板次数>=6。
A_plus_B_strict,20260108,NONE,NO_CANDIDATE,,,,,0.0,655108.122765969,655108.122765969,,,False,False,,,,,,,False,0,False,500000.0,655108.122765969,0.0,reject_b_open_times_gte_6,B额外过滤炸板次数>=6。
A_plus_B_strict,20260109,NONE,NO_CANDIDATE,,,,,0.0,655108.122765969,655108.122765969,,,False,False,,,,,,,False,0,False,500000.0,655108.122765969,0.0,reject_b_open_times_gte_6,B额外过滤炸板次数>=6。
A_plus_B_strict,20260112,B,HISTORICAL_SIM_FILLED,603015.SH,弘讯科技,sh_main,无,-0.11390443845358572,655108.122765969,580488.3999159286,b_conservative_daily_replay,,True,True,,,20260113,20260114,18.35834,15.774209999999998,False,0,False,500000.0,655108.122765969,-0.11390443845358578,reject_b_open_times_gte_6,B额外过滤炸板次数>=6。
A_plus_B_strict,20260113,A_OR_B,POSITION_OCCUPIED_SKIP,,,,,0.0,580488.3999159286,580488.3999159286,,603015.SH 弘讯科技,False,False,,,,,,,False,0,False,500000.0,655108.122765969,-0.11390443845358578,reject_b_open_times_gte_6,B额外过滤炸板次数>=6。
A_plus_B_strict,20260114,NONE,NO_CANDIDATE,,,,,0.0,580488.3999159286,580488.3999159286,,,False,False,,,,,,,False,0,False,500000.0,655108.122765969,-0.11390443845358578,reject_b_open_times_gte_6,B额外过滤炸板次数>=6。
A_plus_B_strict,20260115,A,HISTORICAL_SIM_FILLED,301629.SZ,矽电股份,chi_next,无,-0.0338313603969523,580488.3999159286,560849.6876521226,a_audit_dynamic_account_return,,False,False,,,,,,,False,0,False,500000.0,655108.122765969,-0.1438822567424024,reject_b_open_times_gte_6,B额外过滤炸板次数>=6。
A_plus_B_strict,20260116,A_OR_B,POSITION_OCCUPIED_SKIP,,,,,0.0,560849.6876521226,560849.6876521226,,301629.SZ 矽电股份,False,False,,,,,,,False,0,False,500000.0,655108.122765969,-0.1438822567424024,reject_b_open_times_gte_6,B额外过滤炸板次数>=6。
A_plus_B_strict,20260119,A,HISTORICAL_SIM_FILLED,300658.SZ,延江股份,chi_next,无,0.0681174370165976,560849.6876521226,599053.3309265445,a_audit_dynamic_account_return,,False,False,,,,,,,False,0,False,500000.0,655108.122765969,-0.08556571028726134,reject_b_open_times_gte_6,B额外过滤炸板次数>=6。
A_plus_B_strict,20260120,A_OR_B,POSITION_OCCUPIED_SKIP,,,,,0.0,599053.3309265445,599053.3309265445,,300658.SZ 延江股份,False,False,,,,,,,False,0,False,500000.0,655108.122765969,-0.08556571028726134,reject_b_open_times_gte_6,B额外过滤炸板次数>=6。
A_plus_B_strict,20260121,NONE,NO_CANDIDATE,,,,,0.0,599053.3309265445,599053.3309265445,,,False,False,,,,,,,False,0,False,500000.0,655108.122765969,-0.08556571028726134,reject_b_open_times_gte_6,B额外过滤炸板次数>=6。
A_plus_B_strict,20260122,NONE,NO_CANDIDATE,,,,,0.0,599053.3309265445,599053.3309265445,,,False,False,,,,,,,False,0,False,500000.0,655108.122765969,-0.08556571028726134,reject_b_open_times_gte_6,B额外过滤炸板次数>=6。
A_plus_B_strict,20260123,A,HISTORICAL_SIM_FILLED,920368.BJ,连城数控,bj,无,0.1027727855059111,599053.3309265445,660619.7104124598,a_audit_dynamic_account_return,,False,False,,,,,,,False,0,False,500000.0,660619.7104124598,0.0,reject_b_open_times_gte_6,B额外过滤炸板次数>=6。
A_plus_B_strict,20260126,A_OR_B,POSITION_OCCUPIED_SKIP,,,,,0.0,660619.7104124598,660619.7104124598,,920368.BJ 连城数控,False,False,,,,,,,False,0,False,500000.0,660619.7104124598,0.0,reject_b_open_times_gte_6,B额外过滤炸板次数>=6。
A_plus_B_strict,20260127,NONE,NO_CANDIDATE,,,,,0.0,660619.7104124598,660619.7104124598,,,False,False,,,,,,,False,0,False,500000.0,660619.7104124598,0.0,reject_b_open_times_gte_6,B额外过滤炸板次数>=6。
A_plus_B_strict,20260128,A,HISTORICAL_SIM_FILLED,300164.SZ,通源石油,chi_next,无,0.0457725821591917,660619.7104124598,690857.9803832956,a_audit_dynamic_account_return,,False,False,,,,,,,False,0,False,500000.0,690857.9803832956,0.0,reject_b_open_times_gte_6,B额外过滤炸板次数>=6。
A_plus_B_strict,20260129,A_OR_B,POSITION_OCCUPIED_SKIP,,,,,0.0,690857.9803832956,690857.9803832956,,300164.SZ 通源石油,False,False,,,,,,,False,0,False,500000.0,690857.9803832956,0.0,reject_b_open_times_gte_6,B额外过滤炸板次数>=6。
A_plus_B_strict,20260130,NONE,NO_CANDIDATE,,,,,0.0,690857.9803832956,690857.9803832956,,,False,False,,,,,,,False,0,False,500000.0,690857.9803832956,0.0,reject_b_open_times_gte_6,B额外过滤炸板次数>=6。
A_plus_B_strict,20260202,NONE,NO_CANDIDATE,,,,,0.0,690857.9803832956,690857.9803832956,,,False,False,,,,,,,False,0,False,500000.0,690857.9803832956,0.0,reject_b_open_times_gte_6,B额外过滤炸板次数>=6。
A_plus_B_strict,20260203,NONE,NO_CANDIDATE,,,,,0.0,690857.9803832956,690857.9803832956,,,False,False,,,,,,,False,0,False,500000.0,690857.9803832956,0.0,reject_b_open_times_gte_6,B额外过滤炸板次数>=6。
A_plus_B_strict,20260204,NONE,NO_CANDIDATE,,,,,0.0,690857.9803832956,690857.9803832956,,,False,False,,,,,,,False,0,False,500000.0,690857.9803832956,0.0,reject_b_open_times_gte_6,B额外过滤炸板次数>=6。
A_plus_B_strict,20260205,NONE,NO_CANDIDATE,,,,,0.0,690857.9803832956,690857.9803832956,,,False,False,,,,,,,False,0,False,500000.0,690857.9803832956,0.0,reject_b_open_times_gte_6,B额外过滤炸板次数>=6。
A_plus_B_strict,20260206,NONE,NO_CANDIDATE,,,,,0.0,690857.9803832956,690857.9803832956,,,False,False,,,,,,,False,0,False,500000.0,690857.9803832956,0.0,reject_b_open_times_gte_6,B额外过滤炸板次数>=6。
A_plus_B_strict,20260209,NONE,NO_CANDIDATE,,,,,0.0,690857.9803832956,690857.9803832956,,,False,False,,,,,,,False,0,False,500000.0,690857.9803832956,0.0,reject_b_open_times_gte_6,B额外过滤炸板次数>=6。
A_plus_B_strict,20260210,NONE,NO_CANDIDATE,,,,,0.0,690857.9803832956,690857.9803832956,,,False,False,,,,,,,False,0,False,500000.0,690857.9803832956,0.0,reject_b_open_times_gte_6,B额外过滤炸板次数>=6。
A_plus_B_strict,20260211,NONE,NO_CANDIDATE,,,,,0.0,690857.9803832956,690857.9803832956,,,False,False,,,,,,,False,0,False,500000.0,690857.9803832956,0.0,reject_b_open_times_gte_6,B额外过滤炸板次数>=6。
A_plus_B_strict,20260212,NONE,NO_CANDIDATE,,,,,0.0,690857.9803832956,690857.9803832956,,,False,False,,,,,,,False,0,False,500000.0,690857.9803832956,0.0,reject_b_open_times_gte_6,B额外过滤炸板次数>=6。
A_plus_B_strict,20260213,NONE,NO_CANDIDATE,,,,,0.0,690857.9803832956,690857.9803832956,,,False,False,,,,,,,False,0,False,500000.0,690857.9803832956,0.0,reject_b_open_times_gte_6,B额外过滤炸板次数>=6。
A_plus_B_strict,20260224,NONE,NO_CANDIDATE,,,,,0.0,690857.9803832956,690857.9803832956,,,False,False,,,,,,,False,0,False,500000.0,690857.9803832956,0.0,reject_b_open_times_gte_6,B额外过滤炸板次数>=6。
A_plus_B_strict,20260225,NONE,NO_CANDIDATE,,,,,0.0,690857.9803832956,690857.9803832956,,,False,False,,,,,,,False,0,False,500000.0,690857.9803832956,0.0,reject_b_open_times_gte_6,B额外过滤炸板次数>=6。
A_plus_B_strict,20260226,A,HISTORICAL_SIM_FILLED,300499.SZ,高澜股份,chi_next,无,0.0193948880593092,690857.9803832956,704257.09357771,a_audit_dynamic_account_return,,False,False,,,,,,,False,0,False,500000.0,704257.09357771,0.0,reject_b_open_times_gte_6,B额外过滤炸板次数>=6。
A_plus_B_strict,20260227,A_OR_B,POSITION_OCCUPIED_SKIP,,,,,0.0,704257.09357771,704257.09357771,,300499.SZ 高澜股份,False,False,,,,,,,False,0,False,500000.0,704257.09357771,0.0,reject_b_open_times_gte_6,B额外过滤炸板次数>=6。
A_plus_B_strict,20260302,NONE,NO_CANDIDATE,,,,,0.0,704257.09357771,704257.09357771,,,False,False,,,,,,,False,0,False,500000.0,704257.09357771,0.0,reject_b_open_times_gte_6,B额外过滤炸板次数>=6。
A_plus_B_strict,20260303,NONE,NO_CANDIDATE,,,,,0.0,704257.09357771,704257.09357771,,,False,False,,,,,,,False,0,False,500000.0,704257.09357771,0.0,reject_b_open_times_gte_6,B额外过滤炸板次数>=6。
A_plus_B_strict,20260304,NONE,NO_CANDIDATE,,,,,0.0,704257.09357771,704257.09357771,,,False,False,,,,,,,False,0,False,500000.0,704257.09357771,0.0,reject_b_open_times_gte_6,B额外过滤炸板次数>=6。
A_plus_B_strict,20260305,NONE,NO_CANDIDATE,,,,,0.0,704257.09357771,704257.09357771,,,False,False,,,,,,,False,0,False,500000.0,704257.09357771,0.0,reject_b_open_times_gte_6,B额外过滤炸板次数>=6。
A_plus_B_strict,20260306,NONE,NO_CANDIDATE,,,,,0.0,704257.09357771,704257.09357771,,,False,False,,,,,,,False,0,False,500000.0,704257.09357771,0.0,reject_b_open_times_gte_6,B额外过滤炸板次数>=6。
A_plus_B_strict,20260309,A,REVIEW_REQUIRED_PLAN_ONLY,301606.SZ,绿联科技,chi_next,LOSS_OVERLAY_WATCH,0.0,704257.09357771,704257.09357771,manual_review_skip,,False,False,,,,,,,False,0,False,500000.0,704257.09357771,0.0,reject_b_open_times_gte_6,B额外过滤炸板次数>=6。
A_plus_B_strict,20260310,NONE,NO_CANDIDATE,,,,,0.0,704257.09357771,704257.09357771,,,False,False,,,,,,,False,0,False,500000.0,704257.09357771,0.0,reject_b_open_times_gte_6,B额外过滤炸板次数>=6。
A_plus_B_strict,20260311,NONE,NO_CANDIDATE,,,,,0.0,704257.09357771,704257.09357771,,,False,False,,,,,,,False,0,False,500000.0,704257.09357771,0.0,reject_b_open_times_gte_6,B额外过滤炸板次数>=6。
A_plus_B_strict,20260312,B,HISTORICAL_SIM_FILLED,603092.SH,德力佳,sh_main,无,0.0065163745919437945,704257.09357771,708846.296608496,b_conservative_daily_replay,,True,True,,,20260313,20260316,73.88381,74.60532,False,0,False,500000.0,708846.296608496,0.0,reject_b_open_times_gte_6,B额外过滤炸板次数>=6。
A_plus_B_strict,20260313,A_OR_B,POSITION_OCCUPIED_SKIP,,,,,0.0,708846.296608496,708846.296608496,,603092.SH 德力佳,False,False,,,,,,,False,0,False,500000.0,708846.296608496,0.0,reject_b_open_times_gte_6,B额外过滤炸板次数>=6。
A_plus_B_strict,20260316,NONE,NO_CANDIDATE,,,,,0.0,708846.296608496,708846.296608496,,,False,False,,,,,,,False,0,False,500000.0,708846.296608496,0.0,reject_b_open_times_gte_6,B额外过滤炸板次数>=6。
A_plus_B_strict,20260317,NONE,NO_CANDIDATE,,,,,0.0,708846.296608496,708846.296608496,,,False,False,,,,,,,False,0,False,500000.0,708846.296608496,0.0,reject_b_open_times_gte_6,B额外过滤炸板次数>=6。
A_plus_B_strict,20260318,NONE,NO_CANDIDATE,,,,,0.0,708846.296608496,708846.296608496,,,False,False,,,,,,,False,0,False,500000.0,708846.296608496,0.0,reject_b_open_times_gte_6,B额外过滤炸板次数>=6。
A_plus_B_strict,20260319,NONE,NO_CANDIDATE,,,,,0.0,708846.296608496,708846.296608496,,,False,False,,,,,,,False,0,False,500000.0,708846.296608496,0.0,reject_b_open_times_gte_6,B额外过滤炸板次数>=6。
A_plus_B_strict,20260320,NONE,NO_CANDIDATE,,,,,0.0,708846.296608496,708846.296608496,,,False,False,,,,,,,False,0,False,500000.0,708846.296608496,0.0,reject_b_open_times_gte_6,B额外过滤炸板次数>=6。
A_plus_B_strict,20260323,NONE,NO_CANDIDATE,,,,,0.0,708846.296608496,708846.296608496,,,False,False,,,,,,,False,0,False,500000.0,708846.296608496,0.0,reject_b_open_times_gte_6,B额外过滤炸板次数>=6。
A_plus_B_strict,20260324,B,HISTORICAL_SIM_FILLED,601016.SH,节能风电,sh_main,无,0.05001172841616214,708846.296608496,744296.9250832824,b_conservative_daily_replay,,True,True,,,20260325,20260326,4.98498,5.30469,False,0,False,500000.0,744296.9250832824,0.0,reject_b_open_times_gte_6,B额外过滤炸板次数>=6。
A_plus_B_strict,20260325,A_OR_B,POSITION_OCCUPIED_SKIP,,,,,0.0,744296.9250832824,744296.9250832824,,601016.SH 节能风电,False,False,,,,,,,False,0,False,500000.0,744296.9250832824,0.0,reject_b_open_times_gte_6,B额外过滤炸板次数>=6。
A_plus_B_strict,20260326,NONE,NO_CANDIDATE,,,,,0.0,744296.9250832824,744296.9250832824,,,False,False,,,,,,,False,0,False,500000.0,744296.9250832824,0.0,reject_b_open_times_gte_6,B额外过滤炸板次数>=6。
A_plus_B_strict,20260327,A,HISTORICAL_SIM_FILLED,300204.SZ,舒泰神,chi_next,无,0.0397618491523106,744296.9250832824,773891.5471429725,a_audit_dynamic_account_return,,False,False,,,,,,,False,0,False,500000.0,773891.5471429725,0.0,reject_b_open_times_gte_6,B额外过滤炸板次数>=6。
A_plus_B_strict,20260330,A_OR_B,POSITION_OCCUPIED_SKIP,,,,,0.0,773891.5471429725,773891.5471429725,,300204.SZ 舒泰神,False,False,,,,,,,False,0,False,500000.0,773891.5471429725,0.0,reject_b_open_times_gte_6,B额外过滤炸板次数>=6。
A_plus_B_strict,20260331,NONE,NO_CANDIDATE,,,,,0.0,773891.5471429725,773891.5471429725,,,False,False,,,,,,,False,0,False,500000.0,773891.5471429725,0.0,reject_b_open_times_gte_6,B额外过滤炸板次数>=6。
A_plus_B_strict,20260401,NONE,NO_CANDIDATE,,,,,0.0,773891.5471429725,773891.5471429725,,,False,False,,,,,,,False,0,False,500000.0,773891.5471429725,0.0,reject_b_open_times_gte_6,B额外过滤炸板次数>=6。
A_plus_B_strict,20260402,NONE,NO_CANDIDATE,,,,,0.0,773891.5471429725,773891.5471429725,,,False,False,,,,,,,False,0,False,500000.0,773891.5471429725,0.0,reject_b_open_times_gte_6,B额外过滤炸板次数>=6。
A_plus_B_strict,20260403,NONE,NO_CANDIDATE,,,,,0.0,773891.5471429725,773891.5471429725,,,False,False,,,,,,,False,0,False,500000.0,773891.5471429725,0.0,reject_b_open_times_gte_6,B额外过滤炸板次数>=6。
A_plus_B_strict,20260407,NONE,NO_CANDIDATE,,,,,0.0,773891.5471429725,773891.5471429725,,,False,False,,,,,,,False,0,False,500000.0,773891.5471429725,0.0,reject_b_open_times_gte_6,B额外过滤炸板次数>=6。
A_plus_B_strict,20260408,B,HISTORICAL_SIM_FILLED,603083.SH,剑桥科技,sh_main,无,0.02050690266715481,773891.5471429725,789761.6657751672,b_conservative_daily_replay,,True,True,,,20260409,20260410,113.04293,116.12375999999999,False,0,False,500000.0,789761.6657751672,0.0,reject_b_open_times_gte_6,B额外过滤炸板次数>=6。
A_plus_B_strict,20260409,A_OR_B,POSITION_OCCUPIED_SKIP,,,,,0.0,789761.6657751672,789761.6657751672,,603083.SH 剑桥科技,False,False,,,,,,,False,0,False,500000.0,789761.6657751672,0.0,reject_b_open_times_gte_6,B额外过滤炸板次数>=6。
A_plus_B_strict,20260410,NONE,NO_CANDIDATE,,,,,0.0,789761.6657751672,789761.6657751672,,,False,False,,,,,,,False,0,False,500000.0,789761.6657751672,0.0,reject_b_open_times_gte_6,B额外过滤炸板次数>=6。
A_plus_B_strict,20260413,NONE,NO_CANDIDATE,,,,,0.0,789761.6657751672,789761.6657751672,,,False,False,,,,,,,False,0,False,500000.0,789761.6657751672,0.0,reject_b_open_times_gte_6,B额外过滤炸板次数>=6。
A_plus_B_strict,20260414,A,HISTORICAL_SIM_FILLED,301189.SZ,奥尼电子,chi_next,无,-0.0350052172427846,789761.6657751672,762115.887094684,a_audit_dynamic_account_return,,False,False,,,,,,,False,0,False,500000.0,789761.6657751672,-0.035005217242784714,reject_b_open_times_gte_6,B额外过滤炸板次数>=6。
A_plus_B_strict,20260415,A_OR_B,POSITION_OCCUPIED_SKIP,,,,,0.0,762115.887094684,762115.887094684,,301189.SZ 奥尼电子,False,False,,,,,,,False,0,False,500000.0,789761.6657751672,-0.035005217242784714,reject_b_open_times_gte_6,B额外过滤炸板次数>=6。
A_plus_B_strict,20260416,NONE,NO_CANDIDATE,,,,,0.0,762115.887094684,762115.887094684,,,False,False,,,,,,,False,0,False,500000.0,789761.6657751672,-0.035005217242784714,reject_b_open_times_gte_6,B额外过滤炸板次数>=6。
A_plus_B_strict,20260417,A,HISTORICAL_SIM_FILLED,301319.SZ,唯特偶,chi_next,无,0.0352808081329955,762115.887094684,789003.9514823791,a_audit_dynamic_account_return,,False,False,,,,,,,False,0,False,500000.0,789761.6657751672,-0.0009594214629857767,reject_b_open_times_gte_6,B额外过滤炸板次数>=6。
A_plus_B_strict,20260420,A_OR_B,POSITION_OCCUPIED_SKIP,,,,,0.0,789003.9514823791,789003.9514823791,,301319.SZ 唯特偶,False,False,,,,,,,False,0,False,500000.0,789761.6657751672,-0.0009594214629857767,reject_b_open_times_gte_6,B额外过滤炸板次数>=6。
A_plus_B_strict,20260421,NONE,NO_CANDIDATE,,,,,0.0,789003.9514823791,789003.9514823791,,,False,False,,,,,,,False,0,False,500000.0,789761.6657751672,-0.0009594214629857767,reject_b_open_times_gte_6,B额外过滤炸板次数>=6。
A_plus_B_strict,20260422,NONE,NO_CANDIDATE,,,,,0.0,789003.9514823791,789003.9514823791,,,False,False,,,,,,,False,0,False,500000.0,789761.6657751672,-0.0009594214629857767,reject_b_open_times_gte_6,B额外过滤炸板次数>=6。
A_plus_B_strict,20260423,NONE,NO_CANDIDATE,,,,,0.0,789003.9514823791,789003.9514823791,,,False,False,,,,,,,False,0,False,500000.0,789761.6657751672,-0.0009594214629857767,reject_b_open_times_gte_6,B额外过滤炸板次数>=6。
A_plus_B_strict,20260424,NONE,NO_CANDIDATE,,,,,0.0,789003.9514823791,789003.9514823791,,,False,False,,,,,,,False,0,False,500000.0,789761.6657751672,-0.0009594214629857767,reject_b_open_times_gte_6,B额外过滤炸板次数>=6。
A_plus_B_strict,20260427,NONE,NO_CANDIDATE,,,,,0.0,789003.9514823791,789003.9514823791,,,False,False,,,,,,,False,0,False,500000.0,789761.6657751672,-0.0009594214629857767,reject_b_open_times_gte_6,B额外过滤炸板次数>=6。
A_plus_B_strict,20260428,NONE,NO_CANDIDATE,,,,,0.0,789003.9514823791,789003.9514823791,,,False,False,,,,,,,False,0,False,500000.0,789761.6657751672,-0.0009594214629857767,reject_b_open_times_gte_6,B额外过滤炸板次数>=6。
A_plus_B_strict,20260429,NONE,NO_CANDIDATE,,,,,0.0,789003.9514823791,789003.9514823791,,,False,False,,,,,,,False,0,False,500000.0,789761.6657751672,-0.0009594214629857767,reject_b_open_times_gte_6,B额外过滤炸板次数>=6。
A_plus_B_strict,20260430,NONE,NO_CANDIDATE,,,,,0.0,789003.9514823791,789003.9514823791,,,False,False,,,,,,,False,0,False,500000.0,789761.6657751672,-0.0009594214629857767,reject_b_open_times_gte_6,B额外过滤炸板次数>=6。
A_plus_B_strict,20260506,NONE,NO_CANDIDATE,,,,,0.0,789003.9514823791,789003.9514823791,,,False,False,,,,,,,False,0,False,500000.0,789761.6657751672,-0.0009594214629857767,reject_b_open_times_gte_6,B额外过滤炸板次数>=6。
A_plus_B_strict,20260507,B,HISTORICAL_SIM_FILLED,603256.SH,宏和科技,sh_main,无,0.02464048591717308,789003.9514823791,808445.3922374747,b_conservative_daily_replay,,True,True,,,20260508,20260511,145.12497999999997,149.83002,False,0,False,500000.0,808445.3922374747,0.0,reject_b_open_times_gte_6,B额外过滤炸板次数>=6。
A_plus_B_strict,20260508,A_OR_B,POSITION_OCCUPIED_SKIP,,,,,0.0,808445.3922374747,808445.3922374747,,603256.SH 宏和科技,False,False,,,,,,,False,0,False,500000.0,808445.3922374747,0.0,reject_b_open_times_gte_6,B额外过滤炸板次数>=6。
A_plus_B_strict,20260511,NONE,NO_CANDIDATE,,,,,0.0,808445.3922374747,808445.3922374747,,,False,False,,,,,,,False,0,False,500000.0,808445.3922374747,0.0,reject_b_open_times_gte_6,B额外过滤炸板次数>=6。
A_plus_B_strict,20260512,NONE,NO_CANDIDATE,,,,,0.0,808445.3922374747,808445.3922374747,,,False,False,,,,,,,False,0,False,500000.0,808445.3922374747,0.0,reject_b_open_times_gte_6,B额外过滤炸板次数>=6。
A_plus_B_strict,20260513,NONE,NO_CANDIDATE,,,,,0.0,808445.3922374747,808445.3922374747,,,False,False,,,,,,,False,0,False,500000.0,808445.3922374747,0.0,reject_b_open_times_gte_6,B额外过滤炸板次数>=6。
A_plus_B_strict,20260514,NONE,NO_CANDIDATE,,,,,0.0,808445.3922374747,808445.3922374747,,,False,False,,,,,,,False,0,False,500000.0,808445.3922374747,0.0,reject_b_open_times_gte_6,B额外过滤炸板次数>=6。
A_plus_B_strict,20251224,NONE,NO_CANDIDATE,,,,,0.0,500000.0,500000.0,,,False,False,,,,,,,False,0,False,500000.0,500000.0,0.0,reject_b_turnover_rate_gte_20,B额外过滤换手率>=20%。
A_plus_B_strict,20251225,NONE,NO_CANDIDATE,,,,,0.0,500000.0,500000.0,,,False,False,,,,,,,False,0,False,500000.0,500000.0,0.0,reject_b_turnover_rate_gte_20,B额外过滤换手率>=20%。
A_plus_B_strict,20251226,NONE,NO_CANDIDATE,,,,,0.0,500000.0,500000.0,,,False,False,,,,,,,False,0,False,500000.0,500000.0,0.0,reject_b_turnover_rate_gte_20,B额外过滤换手率>=20%。
A_plus_B_strict,20251229,NONE,NO_CANDIDATE,,,,,0.0,500000.0,500000.0,,,False,False,,,,,,,False,0,False,500000.0,500000.0,0.0,reject_b_turnover_rate_gte_20,B额外过滤换手率>=20%。
A_plus_B_strict,20251230,NONE,NO_CANDIDATE,,,,,0.0,500000.0,500000.0,,,False,False,,,,,,,False,0,False,500000.0,500000.0,0.0,reject_b_turnover_rate_gte_20,B额外过滤换手率>=20%。
A_plus_B_strict,20251231,A,HISTORICAL_SIM_FILLED,300058.SZ,蓝色光标,chi_next,无,0.1308549259970799,500000.0,565427.4629985399,a_audit_dynamic_account_return,,False,False,,,,,,,False,0,False,500000.0,565427.4629985399,0.0,reject_b_turnover_rate_gte_20,B额外过滤换手率>=20%。
A_plus_B_strict,20260105,A_OR_B,POSITION_OCCUPIED_SKIP,,,,,0.0,565427.4629985399,565427.4629985399,,300058.SZ 蓝色光标,False,False,,,,,,,False,0,False,500000.0,565427.4629985399,0.0,reject_b_turnover_rate_gte_20,B额外过滤换手率>=20%。
A_plus_B_strict,20260106,B,HISTORICAL_SIM_FILLED,002865.SZ,钧达股份,sz_main,无,0.15860683400809739,565427.4629985399,655108.122765969,b_conservative_daily_replay,,True,True,,,20260107,20260108,57.056999999999995,68.46147,False,0,False,500000.0,655108.122765969,0.0,reject_b_turnover_rate_gte_20,B额外过滤换手率>=20%。
A_plus_B_strict,20260107,A_OR_B,POSITION_OCCUPIED_SKIP,,,,,0.0,655108.122765969,655108.122765969,,002865.SZ 钧达股份,False,False,,,,,,,False,0,False,500000.0,655108.122765969,0.0,reject_b_turnover_rate_gte_20,B额外过滤换手率>=20%。
A_plus_B_strict,20260108,NONE,NO_CANDIDATE,,,,,0.0,655108.122765969,655108.122765969,,,False,False,,,,,,,False,0,False,500000.0,655108.122765969,0.0,reject_b_turnover_rate_gte_20,B额外过滤换手率>=20%。
A_plus_B_strict,20260109,NONE,NO_CANDIDATE,,,,,0.0,655108.122765969,655108.122765969,,,False,False,,,,,,,False,0,False,500000.0,655108.122765969,0.0,reject_b_turnover_rate_gte_20,B额外过滤换手率>=20%。
A_plus_B_strict,20260112,NONE,NO_CANDIDATE,,,,,0.0,655108.122765969,655108.122765969,,,False,False,,,,,,,False,0,False,500000.0,655108.122765969,0.0,reject_b_turnover_rate_gte_20,B额外过滤换手率>=20%。
A_plus_B_strict,20260113,NONE,NO_CANDIDATE,,,,,0.0,655108.122765969,655108.122765969,,,False,False,,,,,,,False,0,False,500000.0,655108.122765969,0.0,reject_b_turnover_rate_gte_20,B额外过滤换手率>=20%。
A_plus_B_strict,20260114,NONE,NO_CANDIDATE,,,,,0.0,655108.122765969,655108.122765969,,,False,False,,,,,,,False,0,False,500000.0,655108.122765969,0.0,reject_b_turnover_rate_gte_20,B额外过滤换手率>=20%。
A_plus_B_strict,20260115,A,HISTORICAL_SIM_FILLED,301629.SZ,矽电股份,chi_next,无,-0.0338313603969523,655108.122765969,632944.9237657026,a_audit_dynamic_account_return,,False,False,,,,,,,False,0,False,500000.0,655108.122765969,-0.03383136039695234,reject_b_turnover_rate_gte_20,B额外过滤换手率>=20%。
A_plus_B_strict,20260116,A_OR_B,POSITION_OCCUPIED_SKIP,,,,,0.0,632944.9237657026,632944.9237657026,,301629.SZ 矽电股份,False,False,,,,,,,False,0,False,500000.0,655108.122765969,-0.03383136039695234,reject_b_turnover_rate_gte_20,B额外过滤换手率>=20%。
A_plus_B_strict,20260119,A,HISTORICAL_SIM_FILLED,300658.SZ,延江股份,chi_next,无,0.0681174370165976,632944.9237657026,676059.509745288,a_audit_dynamic_account_return,,False,False,,,,,,,False,0,False,500000.0,676059.509745288,0.0,reject_b_turnover_rate_gte_20,B额外过滤换手率>=20%。
A_plus_B_strict,20260120,A_OR_B,POSITION_OCCUPIED_SKIP,,,,,0.0,676059.509745288,676059.509745288,,300658.SZ 延江股份,False,False,,,,,,,False,0,False,500000.0,676059.509745288,0.0,reject_b_turnover_rate_gte_20,B额外过滤换手率>=20%。
A_plus_B_strict,20260121,NONE,NO_CANDIDATE,,,,,0.0,676059.509745288,676059.509745288,,,False,False,,,,,,,False,0,False,500000.0,676059.509745288,0.0,reject_b_turnover_rate_gte_20,B额外过滤换手率>=20%。
A_plus_B_strict,20260122,NONE,NO_CANDIDATE,,,,,0.0,676059.509745288,676059.509745288,,,False,False,,,,,,,False,0,False,500000.0,676059.509745288,0.0,reject_b_turnover_rate_gte_20,B额外过滤换手率>=20%。
A_plus_B_strict,20260123,A,HISTORICAL_SIM_FILLED,920368.BJ,连城数控,bj,无,0.1027727855059111,676059.509745288,745540.028729572,a_audit_dynamic_account_return,,False,False,,,,,,,False,0,False,500000.0,745540.028729572,0.0,reject_b_turnover_rate_gte_20,B额外过滤换手率>=20%。
A_plus_B_strict,20260126,A_OR_B,POSITION_OCCUPIED_SKIP,,,,,0.0,745540.028729572,745540.028729572,,920368.BJ 连城数控,False,False,,,,,,,False,0,False,500000.0,745540.028729572,0.0,reject_b_turnover_rate_gte_20,B额外过滤换手率>=20%。
A_plus_B_strict,20260127,NONE,NO_CANDIDATE,,,,,0.0,745540.028729572,745540.028729572,,,False,False,,,,,,,False,0,False,500000.0,745540.028729572,0.0,reject_b_turnover_rate_gte_20,B额外过滤换手率>=20%。
A_plus_B_strict,20260128,A,HISTORICAL_SIM_FILLED,300164.SZ,通源石油,chi_next,无,0.0457725821591917,745540.028729572,779665.3209475625,a_audit_dynamic_account_return,,False,False,,,,,,,False,0,False,500000.0,779665.3209475625,0.0,reject_b_turnover_rate_gte_20,B额外过滤换手率>=20%。
A_plus_B_strict,20260129,A_OR_B,POSITION_OCCUPIED_SKIP,,,,,0.0,779665.3209475625,779665.3209475625,,300164.SZ 通源石油,False,False,,,,,,,False,0,False,500000.0,779665.3209475625,0.0,reject_b_turnover_rate_gte_20,B额外过滤换手率>=20%。
A_plus_B_strict,20260130,NONE,NO_CANDIDATE,,,,,0.0,779665.3209475625,779665.3209475625,,,False,False,,,,,,,False,0,False,500000.0,779665.3209475625,0.0,reject_b_turnover_rate_gte_20,B额外过滤换手率>=20%。
A_plus_B_strict,20260202,NONE,NO_CANDIDATE,,,,,0.0,779665.3209475625,779665.3209475625,,,False,False,,,,,,,False,0,False,500000.0,779665.3209475625,0.0,reject_b_turnover_rate_gte_20,B额外过滤换手率>=20%。
A_plus_B_strict,20260203,NONE,NO_CANDIDATE,,,,,0.0,779665.3209475625,779665.3209475625,,,False,False,,,,,,,False,0,False,500000.0,779665.3209475625,0.0,reject_b_turnover_rate_gte_20,B额外过滤换手率>=20%。
A_plus_B_strict,20260204,NONE,NO_CANDIDATE,,,,,0.0,779665.3209475625,779665.3209475625,,,False,False,,,,,,,False,0,False,500000.0,779665.3209475625,0.0,reject_b_turnover_rate_gte_20,B额外过滤换手率>=20%。
A_plus_B_strict,20260205,NONE,NO_CANDIDATE,,,,,0.0,779665.3209475625,779665.3209475625,,,False,False,,,,,,,False,0,False,500000.0,779665.3209475625,0.0,reject_b_turnover_rate_gte_20,B额外过滤换手率>=20%。
A_plus_B_strict,20260206,NONE,NO_CANDIDATE,,,,,0.0,779665.3209475625,779665.3209475625,,,False,False,,,,,,,False,0,False,500000.0,779665.3209475625,0.0,reject_b_turnover_rate_gte_20,B额外过滤换手率>=20%。
A_plus_B_strict,20260209,NONE,NO_CANDIDATE,,,,,0.0,779665.3209475625,779665.3209475625,,,False,False,,,,,,,False,0,False,500000.0,779665.3209475625,0.0,reject_b_turnover_rate_gte_20,B额外过滤换手率>=20%。
A_plus_B_strict,20260210,NONE,NO_CANDIDATE,,,,,0.0,779665.3209475625,779665.3209475625,,,False,False,,,,,,,False,0,False,500000.0,779665.3209475625,0.0,reject_b_turnover_rate_gte_20,B额外过滤换手率>=20%。
A_plus_B_strict,20260211,NONE,NO_CANDIDATE,,,,,0.0,779665.3209475625,779665.3209475625,,,False,False,,,,,,,False,0,False,500000.0,779665.3209475625,0.0,reject_b_turnover_rate_gte_20,B额外过滤换手率>=20%。
A_plus_B_strict,20260212,NONE,NO_CANDIDATE,,,,,0.0,779665.3209475625,779665.3209475625,,,False,False,,,,,,,False,0,False,500000.0,779665.3209475625,0.0,reject_b_turnover_rate_gte_20,B额外过滤换手率>=20%。
A_plus_B_strict,20260213,NONE,NO_CANDIDATE,,,,,0.0,779665.3209475625,779665.3209475625,,,False,False,,,,,,,False,0,False,500000.0,779665.3209475625,0.0,reject_b_turnover_rate_gte_20,B额外过滤换手率>=20%。
A_plus_B_strict,20260224,NONE,NO_CANDIDATE,,,,,0.0,779665.3209475625,779665.3209475625,,,False,False,,,,,,,False,0,False,500000.0,779665.3209475625,0.0,reject_b_turnover_rate_gte_20,B额外过滤换手率>=20%。
A_plus_B_strict,20260225,NONE,NO_CANDIDATE,,,,,0.0,779665.3209475625,779665.3209475625,,,False,False,,,,,,,False,0,False,500000.0,779665.3209475625,0.0,reject_b_turnover_rate_gte_20,B额外过滤换手率>=20%。
A_plus_B_strict,20260226,A,HISTORICAL_SIM_FILLED,300499.SZ,高澜股份,chi_next,无,0.0193948880593092,779665.3209475625,794786.8425710658,a_audit_dynamic_account_return,,False,False,,,,,,,False,0,False,500000.0,794786.8425710658,0.0,reject_b_turnover_rate_gte_20,B额外过滤换手率>=20%。
A_plus_B_strict,20260227,A_OR_B,POSITION_OCCUPIED_SKIP,,,,,0.0,794786.8425710658,794786.8425710658,,300499.SZ 高澜股份,False,False,,,,,,,False,0,False,500000.0,794786.8425710658,0.0,reject_b_turnover_rate_gte_20,B额外过滤换手率>=20%。
A_plus_B_strict,20260302,NONE,NO_CANDIDATE,,,,,0.0,794786.8425710658,794786.8425710658,,,False,False,,,,,,,False,0,False,500000.0,794786.8425710658,0.0,reject_b_turnover_rate_gte_20,B额外过滤换手率>=20%。
A_plus_B_strict,20260303,NONE,NO_CANDIDATE,,,,,0.0,794786.8425710658,794786.8425710658,,,False,False,,,,,,,False,0,False,500000.0,794786.8425710658,0.0,reject_b_turnover_rate_gte_20,B额外过滤换手率>=20%。
A_plus_B_strict,20260304,NONE,NO_CANDIDATE,,,,,0.0,794786.8425710658,794786.8425710658,,,False,False,,,,,,,False,0,False,500000.0,794786.8425710658,0.0,reject_b_turnover_rate_gte_20,B额外过滤换手率>=20%。
A_plus_B_strict,20260305,NONE,NO_CANDIDATE,,,,,0.0,794786.8425710658,794786.8425710658,,,False,False,,,,,,,False,0,False,500000.0,794786.8425710658,0.0,reject_b_turnover_rate_gte_20,B额外过滤换手率>=20%。
A_plus_B_strict,20260306,B,HISTORICAL_SIM_FILLED,000509.SZ,华塑控股,sz_main,无,0.022055648351648537,794786.8425710658,812316.3816853302,b_conservative_daily_replay,,True,True,,,20260309,20260310,3.8438399999999993,3.95604,False,0,False,500000.0,812316.3816853302,0.0,reject_b_turnover_rate_gte_20,B额外过滤换手率>=20%。
A_plus_B_strict,20260309,A_OR_B,POSITION_OCCUPIED_SKIP,,,,,0.0,812316.3816853302,812316.3816853302,,000509.SZ 华塑控股,False,False,,,,,,,False,0,False,500000.0,812316.3816853302,0.0,reject_b_turnover_rate_gte_20,B额外过滤换手率>=20%。
A_plus_B_strict,20260310,NONE,NO_CANDIDATE,,,,,0.0,812316.3816853302,812316.3816853302,,,False,False,,,,,,,False,0,False,500000.0,812316.3816853302,0.0,reject_b_turnover_rate_gte_20,B额外过滤换手率>=20%。
A_plus_B_strict,20260311,NONE,NO_CANDIDATE,,,,,0.0,812316.3816853302,812316.3816853302,,,False,False,,,,,,,False,0,False,500000.0,812316.3816853302,0.0,reject_b_turnover_rate_gte_20,B额外过滤换手率>=20%。
A_plus_B_strict,20260312,NONE,NO_CANDIDATE,,,,,0.0,812316.3816853302,812316.3816853302,,,False,False,,,,,,,False,0,False,500000.0,812316.3816853302,0.0,reject_b_turnover_rate_gte_20,B额外过滤换手率>=20%。
A_plus_B_strict,20260313,NONE,NO_CANDIDATE,,,,,0.0,812316.3816853302,812316.3816853302,,,False,False,,,,,,,False,0,False,500000.0,812316.3816853302,0.0,reject_b_turnover_rate_gte_20,B额外过滤换手率>=20%。
A_plus_B_strict,20260316,NONE,NO_CANDIDATE,,,,,0.0,812316.3816853302,812316.3816853302,,,False,False,,,,,,,False,0,False,500000.0,812316.3816853302,0.0,reject_b_turnover_rate_gte_20,B额外过滤换手率>=20%。
A_plus_B_strict,20260317,NONE,NO_CANDIDATE,,,,,0.0,812316.3816853302,812316.3816853302,,,False,False,,,,,,,False,0,False,500000.0,812316.3816853302,0.0,reject_b_turnover_rate_gte_20,B额外过滤换手率>=20%。
A_plus_B_strict,20260318,NONE,NO_CANDIDATE,,,,,0.0,812316.3816853302,812316.3816853302,,,False,False,,,,,,,False,0,False,500000.0,812316.3816853302,0.0,reject_b_turnover_rate_gte_20,B额外过滤换手率>=20%。
A_plus_B_strict,20260319,NONE,NO_CANDIDATE,,,,,0.0,812316.3816853302,812316.3816853302,,,False,False,,,,,,,False,0,False,500000.0,812316.3816853302,0.0,reject_b_turnover_rate_gte_20,B额外过滤换手率>=20%。
A_plus_B_strict,20260320,NONE,NO_CANDIDATE,,,,,0.0,812316.3816853302,812316.3816853302,,,False,False,,,,,,,False,0,False,500000.0,812316.3816853302,0.0,reject_b_turnover_rate_gte_20,B额外过滤换手率>=20%。
A_plus_B_strict,20260323,NONE,NO_CANDIDATE,,,,,0.0,812316.3816853302,812316.3816853302,,,False,False,,,,,,,False,0,False,500000.0,812316.3816853302,0.0,reject_b_turnover_rate_gte_20,B额外过滤换手率>=20%。
A_plus_B_strict,20260324,B,HISTORICAL_SIM_FILLED,601016.SH,节能风电,sh_main,无,0.05001172841616214,812316.3816853302,852941.7279541764,b_conservative_daily_replay,,True,True,,,20260325,20260326,4.98498,5.30469,False,0,False,500000.0,852941.7279541764,0.0,reject_b_turnover_rate_gte_20,B额外过滤换手率>=20%。
A_plus_B_strict,20260325,A_OR_B,POSITION_OCCUPIED_SKIP,,,,,0.0,852941.7279541764,852941.7279541764,,601016.SH 节能风电,False,False,,,,,,,False,0,False,500000.0,852941.7279541764,0.0,reject_b_turnover_rate_gte_20,B额外过滤换手率>=20%。
A_plus_B_strict,20260326,NONE,NO_CANDIDATE,,,,,0.0,852941.7279541764,852941.7279541764,,,False,False,,,,,,,False,0,False,500000.0,852941.7279541764,0.0,reject_b_turnover_rate_gte_20,B额外过滤换手率>=20%。
A_plus_B_strict,20260327,A,HISTORICAL_SIM_FILLED,300204.SZ,舒泰神,chi_next,无,0.0397618491523106,852941.7279541764,886856.2682768014,a_audit_dynamic_account_return,,False,False,,,,,,,False,0,False,500000.0,886856.2682768014,0.0,reject_b_turnover_rate_gte_20,B额外过滤换手率>=20%。
A_plus_B_strict,20260330,A_OR_B,POSITION_OCCUPIED_SKIP,,,,,0.0,886856.2682768014,886856.2682768014,,300204.SZ 舒泰神,False,False,,,,,,,False,0,False,500000.0,886856.2682768014,0.0,reject_b_turnover_rate_gte_20,B额外过滤换手率>=20%。
A_plus_B_strict,20260331,NONE,NO_CANDIDATE,,,,,0.0,886856.2682768014,886856.2682768014,,,False,False,,,,,,,False,0,False,500000.0,886856.2682768014,0.0,reject_b_turnover_rate_gte_20,B额外过滤换手率>=20%。
A_plus_B_strict,20260401,NONE,NO_CANDIDATE,,,,,0.0,886856.2682768014,886856.2682768014,,,False,False,,,,,,,False,0,False,500000.0,886856.2682768014,0.0,reject_b_turnover_rate_gte_20,B额外过滤换手率>=20%。
A_plus_B_strict,20260402,NONE,NO_CANDIDATE,,,,,0.0,886856.2682768014,886856.2682768014,,,False,False,,,,,,,False,0,False,500000.0,886856.2682768014,0.0,reject_b_turnover_rate_gte_20,B额外过滤换手率>=20%。
A_plus_B_strict,20260403,NONE,NO_CANDIDATE,,,,,0.0,886856.2682768014,886856.2682768014,,,False,False,,,,,,,False,0,False,500000.0,886856.2682768014,0.0,reject_b_turnover_rate_gte_20,B额外过滤换手率>=20%。
A_plus_B_strict,20260407,NONE,NO_CANDIDATE,,,,,0.0,886856.2682768014,886856.2682768014,,,False,False,,,,,,,False,0,False,500000.0,886856.2682768014,0.0,reject_b_turnover_rate_gte_20,B额外过滤换手率>=20%。
A_plus_B_strict,20260408,B,HISTORICAL_SIM_FILLED,603083.SH,剑桥科技,sh_main,无,0.02050690266715481,886856.2682768014,905042.9434501099,b_conservative_daily_replay,,True,True,,,20260409,20260410,113.04293,116.12375999999999,False,0,False,500000.0,905042.9434501099,0.0,reject_b_turnover_rate_gte_20,B额外过滤换手率>=20%。
A_plus_B_strict,20260409,A_OR_B,POSITION_OCCUPIED_SKIP,,,,,0.0,905042.9434501099,905042.9434501099,,603083.SH 剑桥科技,False,False,,,,,,,False,0,False,500000.0,905042.9434501099,0.0,reject_b_turnover_rate_gte_20,B额外过滤换手率>=20%。
A_plus_B_strict,20260410,NONE,NO_CANDIDATE,,,,,0.0,905042.9434501099,905042.9434501099,,,False,False,,,,,,,False,0,False,500000.0,905042.9434501099,0.0,reject_b_turnover_rate_gte_20,B额外过滤换手率>=20%。
A_plus_B_strict,20260413,B,HISTORICAL_SIM_FILLED,000968.SZ,蓝焰控股,sz_main,无,-0.049626241187383915,905042.9434501099,860129.0640535149,b_conservative_daily_replay,,True,True,,,20260414,20260415,10.090079999999999,9.48051,False,0,False,500000.0,905042.9434501099,-0.04962624118738401,reject_b_turnover_rate_gte_20,B额外过滤换手率>=20%。
A_plus_B_strict,20260414,A_OR_B,POSITION_OCCUPIED_SKIP,,,,,0.0,860129.0640535149,860129.0640535149,,000968.SZ 蓝焰控股,False,False,,,,,,,False,0,False,500000.0,905042.9434501099,-0.04962624118738401,reject_b_turnover_rate_gte_20,B额外过滤换手率>=20%。
A_plus_B_strict,20260415,NONE,NO_CANDIDATE,,,,,0.0,860129.0640535149,860129.0640535149,,,False,False,,,,,,,False,0,False,500000.0,905042.9434501099,-0.04962624118738401,reject_b_turnover_rate_gte_20,B额外过滤换手率>=20%。
A_plus_B_strict,20260416,NONE,NO_CANDIDATE,,,,,0.0,860129.0640535149,860129.0640535149,,,False,False,,,,,,,False,0,False,500000.0,905042.9434501099,-0.04962624118738401,reject_b_turnover_rate_gte_20,B额外过滤换手率>=20%。
A_plus_B_strict,20260417,A,HISTORICAL_SIM_FILLED,301319.SZ,唯特偶,chi_next,无,0.0352808081329955,860129.0640535149,890475.1125319998,a_audit_dynamic_account_return,,False,False,,,,,,,False,0,False,500000.0,905042.9434501099,-0.016096286948082406,reject_b_turnover_rate_gte_20,B额外过滤换手率>=20%。
A_plus_B_strict,20260420,A_OR_B,POSITION_OCCUPIED_SKIP,,,,,0.0,890475.1125319998,890475.1125319998,,301319.SZ 唯特偶,False,False,,,,,,,False,0,False,500000.0,905042.9434501099,-0.016096286948082406,reject_b_turnover_rate_gte_20,B额外过滤换手率>=20%。
A_plus_B_strict,20260421,NONE,NO_CANDIDATE,,,,,0.0,890475.1125319998,890475.1125319998,,,False,False,,,,,,,False,0,False,500000.0,905042.9434501099,-0.016096286948082406,reject_b_turnover_rate_gte_20,B额外过滤换手率>=20%。
A_plus_B_strict,20260422,NONE,NO_CANDIDATE,,,,,0.0,890475.1125319998,890475.1125319998,,,False,False,,,,,,,False,0,False,500000.0,905042.9434501099,-0.016096286948082406,reject_b_turnover_rate_gte_20,B额外过滤换手率>=20%。
A_plus_B_strict,20260423,NONE,NO_CANDIDATE,,,,,0.0,890475.1125319998,890475.1125319998,,,False,False,,,,,,,False,0,False,500000.0,905042.9434501099,-0.016096286948082406,reject_b_turnover_rate_gte_20,B额外过滤换手率>=20%。
A_plus_B_strict,20260424,NONE,NO_CANDIDATE,,,,,0.0,890475.1125319998,890475.1125319998,,,False,False,,,,,,,False,0,False,500000.0,905042.9434501099,-0.016096286948082406,reject_b_turnover_rate_gte_20,B额外过滤换手率>=20%。
A_plus_B_strict,20260427,NONE,NO_CANDIDATE,,,,,0.0,890475.1125319998,890475.1125319998,,,False,False,,,,,,,False,0,False,500000.0,905042.9434501099,-0.016096286948082406,reject_b_turnover_rate_gte_20,B额外过滤换手率>=20%。
A_plus_B_strict,20260428,NONE,NO_CANDIDATE,,,,,0.0,890475.1125319998,890475.1125319998,,,False,False,,,,,,,False,0,False,500000.0,905042.9434501099,-0.016096286948082406,reject_b_turnover_rate_gte_20,B额外过滤换手率>=20%。
A_plus_B_strict,20260429,NONE,NO_CANDIDATE,,,,,0.0,890475.1125319998,890475.1125319998,,,False,False,,,,,,,False,0,False,500000.0,905042.9434501099,-0.016096286948082406,reject_b_turnover_rate_gte_20,B额外过滤换手率>=20%。
A_plus_B_strict,20260430,NONE,NO_CANDIDATE,,,,,0.0,890475.1125319998,890475.1125319998,,,False,False,,,,,,,False,0,False,500000.0,905042.9434501099,-0.016096286948082406,reject_b_turnover_rate_gte_20,B额外过滤换手率>=20%。
A_plus_B_strict,20260506,NONE,NO_CANDIDATE,,,,,0.0,890475.1125319998,890475.1125319998,,,False,False,,,,,,,False,0,False,500000.0,905042.9434501099,-0.016096286948082406,reject_b_turnover_rate_gte_20,B额外过滤换手率>=20%。
A_plus_B_strict,20260507,B,HISTORICAL_SIM_FILLED,603256.SH,宏和科技,sh_main,无,0.02464048591717308,890475.1125319998,912416.8520019378,b_conservative_daily_replay,,True,True,,,20260508,20260511,145.12497999999997,149.83002,False,0,False,500000.0,912416.8520019378,0.0,reject_b_turnover_rate_gte_20,B额外过滤换手率>=20%。
A_plus_B_strict,20260508,A_OR_B,POSITION_OCCUPIED_SKIP,,,,,0.0,912416.8520019378,912416.8520019378,,603256.SH 宏和科技,False,False,,,,,,,False,0,False,500000.0,912416.8520019378,0.0,reject_b_turnover_rate_gte_20,B额外过滤换手率>=20%。
A_plus_B_strict,20260511,NONE,NO_CANDIDATE,,,,,0.0,912416.8520019378,912416.8520019378,,,False,False,,,,,,,False,0,False,500000.0,912416.8520019378,0.0,reject_b_turnover_rate_gte_20,B额外过滤换手率>=20%。
A_plus_B_strict,20260512,NONE,NO_CANDIDATE,,,,,0.0,912416.8520019378,912416.8520019378,,,False,False,,,,,,,False,0,False,500000.0,912416.8520019378,0.0,reject_b_turnover_rate_gte_20,B额外过滤换手率>=20%。
A_plus_B_strict,20260513,NONE,NO_CANDIDATE,,,,,0.0,912416.8520019378,912416.8520019378,,,False,False,,,,,,,False,0,False,500000.0,912416.8520019378,0.0,reject_b_turnover_rate_gte_20,B额外过滤换手率>=20%。
A_plus_B_strict,20260514,NONE,NO_CANDIDATE,,,,,0.0,912416.8520019378,912416.8520019378,,,False,False,,,,,,,False,0,False,500000.0,912416.8520019378,0.0,reject_b_turnover_rate_gte_20,B额外过滤换手率>=20%。
A_plus_B_strict,20251224,NONE,NO_CANDIDATE,,,,,0.0,500000.0,500000.0,,,False,False,,,,,,,False,0,False,500000.0,500000.0,0.0,reject_b_turnover_bucket_15_25,B额外过滤换手率分桶15_25。
A_plus_B_strict,20251225,NONE,NO_CANDIDATE,,,,,0.0,500000.0,500000.0,,,False,False,,,,,,,False,0,False,500000.0,500000.0,0.0,reject_b_turnover_bucket_15_25,B额外过滤换手率分桶15_25。
A_plus_B_strict,20251226,NONE,NO_CANDIDATE,,,,,0.0,500000.0,500000.0,,,False,False,,,,,,,False,0,False,500000.0,500000.0,0.0,reject_b_turnover_bucket_15_25,B额外过滤换手率分桶15_25。
A_plus_B_strict,20251229,NONE,NO_CANDIDATE,,,,,0.0,500000.0,500000.0,,,False,False,,,,,,,False,0,False,500000.0,500000.0,0.0,reject_b_turnover_bucket_15_25,B额外过滤换手率分桶15_25。
A_plus_B_strict,20251230,NONE,NO_CANDIDATE,,,,,0.0,500000.0,500000.0,,,False,False,,,,,,,False,0,False,500000.0,500000.0,0.0,reject_b_turnover_bucket_15_25,B额外过滤换手率分桶15_25。
A_plus_B_strict,20251231,A,HISTORICAL_SIM_FILLED,300058.SZ,蓝色光标,chi_next,无,0.1308549259970799,500000.0,565427.4629985399,a_audit_dynamic_account_return,,False,False,,,,,,,False,0,False,500000.0,565427.4629985399,0.0,reject_b_turnover_bucket_15_25,B额外过滤换手率分桶15_25。
A_plus_B_strict,20260105,A_OR_B,POSITION_OCCUPIED_SKIP,,,,,0.0,565427.4629985399,565427.4629985399,,300058.SZ 蓝色光标,False,False,,,,,,,False,0,False,500000.0,565427.4629985399,0.0,reject_b_turnover_bucket_15_25,B额外过滤换手率分桶15_25。
A_plus_B_strict,20260106,NONE,NO_CANDIDATE,,,,,0.0,565427.4629985399,565427.4629985399,,,False,False,,,,,,,False,0,False,500000.0,565427.4629985399,0.0,reject_b_turnover_bucket_15_25,B额外过滤换手率分桶15_25。
A_plus_B_strict,20260107,NONE,NO_CANDIDATE,,,,,0.0,565427.4629985399,565427.4629985399,,,False,False,,,,,,,False,0,False,500000.0,565427.4629985399,0.0,reject_b_turnover_bucket_15_25,B额外过滤换手率分桶15_25。
A_plus_B_strict,20260108,NONE,NO_CANDIDATE,,,,,0.0,565427.4629985399,565427.4629985399,,,False,False,,,,,,,False,0,False,500000.0,565427.4629985399,0.0,reject_b_turnover_bucket_15_25,B额外过滤换手率分桶15_25。
A_plus_B_strict,20260109,NONE,NO_CANDIDATE,,,,,0.0,565427.4629985399,565427.4629985399,,,False,False,,,,,,,False,0,False,500000.0,565427.4629985399,0.0,reject_b_turnover_bucket_15_25,B额外过滤换手率分桶15_25。
A_plus_B_strict,20260112,NONE,NO_CANDIDATE,,,,,0.0,565427.4629985399,565427.4629985399,,,False,False,,,,,,,False,0,False,500000.0,565427.4629985399,0.0,reject_b_turnover_bucket_15_25,B额外过滤换手率分桶15_25。
A_plus_B_strict,20260113,NONE,NO_CANDIDATE,,,,,0.0,565427.4629985399,565427.4629985399,,,False,False,,,,,,,False,0,False,500000.0,565427.4629985399,0.0,reject_b_turnover_bucket_15_25,B额外过滤换手率分桶15_25。
A_plus_B_strict,20260114,NONE,NO_CANDIDATE,,,,,0.0,565427.4629985399,565427.4629985399,,,False,False,,,,,,,False,0,False,500000.0,565427.4629985399,0.0,reject_b_turnover_bucket_15_25,B额外过滤换手率分桶15_25。
A_plus_B_strict,20260115,A,HISTORICAL_SIM_FILLED,301629.SZ,矽电股份,chi_next,无,-0.0338313603969523,565427.4629985399,546298.2827195019,a_audit_dynamic_account_return,,False,False,,,,,,,False,0,False,500000.0,565427.4629985399,-0.03383136039695234,reject_b_turnover_bucket_15_25,B额外过滤换手率分桶15_25。
A_plus_B_strict,20260116,A_OR_B,POSITION_OCCUPIED_SKIP,,,,,0.0,546298.2827195019,546298.2827195019,,301629.SZ 矽电股份,False,False,,,,,,,False,0,False,500000.0,565427.4629985399,-0.03383136039695234,reject_b_turnover_bucket_15_25,B额外过滤换手率分桶15_25。
A_plus_B_strict,20260119,A,HISTORICAL_SIM_FILLED,300658.SZ,延江股份,chi_next,无,0.0681174370165976,546298.2827195019,583510.721584923,a_audit_dynamic_account_return,,False,False,,,,,,,False,0,False,500000.0,583510.721584923,0.0,reject_b_turnover_bucket_15_25,B额外过滤换手率分桶15_25。
A_plus_B_strict,20260120,A_OR_B,POSITION_OCCUPIED_SKIP,,,,,0.0,583510.721584923,583510.721584923,,300658.SZ 延江股份,False,False,,,,,,,False,0,False,500000.0,583510.721584923,0.0,reject_b_turnover_bucket_15_25,B额外过滤换手率分桶15_25。
A_plus_B_strict,20260121,NONE,NO_CANDIDATE,,,,,0.0,583510.721584923,583510.721584923,,,False,False,,,,,,,False,0,False,500000.0,583510.721584923,0.0,reject_b_turnover_bucket_15_25,B额外过滤换手率分桶15_25。
A_plus_B_strict,20260122,NONE,NO_CANDIDATE,,,,,0.0,583510.721584923,583510.721584923,,,False,False,,,,,,,False,0,False,500000.0,583510.721584923,0.0,reject_b_turnover_bucket_15_25,B额外过滤换手率分桶15_25。
A_plus_B_strict,20260123,A,HISTORICAL_SIM_FILLED,920368.BJ,连城数控,bj,无,0.1027727855059111,583510.721584923,643479.7438147697,a_audit_dynamic_account_return,,False,False,,,,,,,False,0,False,500000.0,643479.7438147697,0.0,reject_b_turnover_bucket_15_25,B额外过滤换手率分桶15_25。
A_plus_B_strict,20260126,A_OR_B,POSITION_OCCUPIED_SKIP,,,,,0.0,643479.7438147697,643479.7438147697,,920368.BJ 连城数控,False,False,,,,,,,False,0,False,500000.0,643479.7438147697,0.0,reject_b_turnover_bucket_15_25,B额外过滤换手率分桶15_25。
A_plus_B_strict,20260127,NONE,NO_CANDIDATE,,,,,0.0,643479.7438147697,643479.7438147697,,,False,False,,,,,,,False,0,False,500000.0,643479.7438147697,0.0,reject_b_turnover_bucket_15_25,B额外过滤换手率分桶15_25。
A_plus_B_strict,20260128,A,HISTORICAL_SIM_FILLED,300164.SZ,通源石油,chi_next,无,0.0457725821591917,643479.7438147697,672933.4732563068,a_audit_dynamic_account_return,,False,False,,,,,,,False,0,False,500000.0,672933.4732563068,0.0,reject_b_turnover_bucket_15_25,B额外过滤换手率分桶15_25。
A_plus_B_strict,20260129,A_OR_B,POSITION_OCCUPIED_SKIP,,,,,0.0,672933.4732563068,672933.4732563068,,300164.SZ 通源石油,False,False,,,,,,,False,0,False,500000.0,672933.4732563068,0.0,reject_b_turnover_bucket_15_25,B额外过滤换手率分桶15_25。
A_plus_B_strict,20260130,NONE,NO_CANDIDATE,,,,,0.0,672933.4732563068,672933.4732563068,,,False,False,,,,,,,False,0,False,500000.0,672933.4732563068,0.0,reject_b_turnover_bucket_15_25,B额外过滤换手率分桶15_25。
A_plus_B_strict,20260202,NONE,NO_CANDIDATE,,,,,0.0,672933.4732563068,672933.4732563068,,,False,False,,,,,,,False,0,False,500000.0,672933.4732563068,0.0,reject_b_turnover_bucket_15_25,B额外过滤换手率分桶15_25。
A_plus_B_strict,20260203,NONE,NO_CANDIDATE,,,,,0.0,672933.4732563068,672933.4732563068,,,False,False,,,,,,,False,0,False,500000.0,672933.4732563068,0.0,reject_b_turnover_bucket_15_25,B额外过滤换手率分桶15_25。
A_plus_B_strict,20260204,NONE,NO_CANDIDATE,,,,,0.0,672933.4732563068,672933.4732563068,,,False,False,,,,,,,False,0,False,500000.0,672933.4732563068,0.0,reject_b_turnover_bucket_15_25,B额外过滤换手率分桶15_25。
A_plus_B_strict,20260205,NONE,NO_CANDIDATE,,,,,0.0,672933.4732563068,672933.4732563068,,,False,False,,,,,,,False,0,False,500000.0,672933.4732563068,0.0,reject_b_turnover_bucket_15_25,B额外过滤换手率分桶15_25。
A_plus_B_strict,20260206,NONE,NO_CANDIDATE,,,,,0.0,672933.4732563068,672933.4732563068,,,False,False,,,,,,,False,0,False,500000.0,672933.4732563068,0.0,reject_b_turnover_bucket_15_25,B额外过滤换手率分桶15_25。
A_plus_B_strict,20260209,NONE,NO_CANDIDATE,,,,,0.0,672933.4732563068,672933.4732563068,,,False,False,,,,,,,False,0,False,500000.0,672933.4732563068,0.0,reject_b_turnover_bucket_15_25,B额外过滤换手率分桶15_25。
A_plus_B_strict,20260210,NONE,NO_CANDIDATE,,,,,0.0,672933.4732563068,672933.4732563068,,,False,False,,,,,,,False,0,False,500000.0,672933.4732563068,0.0,reject_b_turnover_bucket_15_25,B额外过滤换手率分桶15_25。
A_plus_B_strict,20260211,NONE,NO_CANDIDATE,,,,,0.0,672933.4732563068,672933.4732563068,,,False,False,,,,,,,False,0,False,500000.0,672933.4732563068,0.0,reject_b_turnover_bucket_15_25,B额外过滤换手率分桶15_25。
A_plus_B_strict,20260212,NONE,NO_CANDIDATE,,,,,0.0,672933.4732563068,672933.4732563068,,,False,False,,,,,,,False,0,False,500000.0,672933.4732563068,0.0,reject_b_turnover_bucket_15_25,B额外过滤换手率分桶15_25。
A_plus_B_strict,20260213,NONE,NO_CANDIDATE,,,,,0.0,672933.4732563068,672933.4732563068,,,False,False,,,,,,,False,0,False,500000.0,672933.4732563068,0.0,reject_b_turnover_bucket_15_25,B额外过滤换手率分桶15_25。
A_plus_B_strict,20260224,NONE,NO_CANDIDATE,,,,,0.0,672933.4732563068,672933.4732563068,,,False,False,,,,,,,False,0,False,500000.0,672933.4732563068,0.0,reject_b_turnover_bucket_15_25,B额外过滤换手率分桶15_25。
A_plus_B_strict,20260225,NONE,NO_CANDIDATE,,,,,0.0,672933.4732563068,672933.4732563068,,,False,False,,,,,,,False,0,False,500000.0,672933.4732563068,0.0,reject_b_turnover_bucket_15_25,B额外过滤换手率分桶15_25。
A_plus_B_strict,20260226,A,HISTORICAL_SIM_FILLED,300499.SZ,高澜股份,chi_next,无,0.0193948880593092,672933.4732563068,685984.942641475,a_audit_dynamic_account_return,,False,False,,,,,,,False,0,False,500000.0,685984.942641475,0.0,reject_b_turnover_bucket_15_25,B额外过滤换手率分桶15_25。
A_plus_B_strict,20260227,A_OR_B,POSITION_OCCUPIED_SKIP,,,,,0.0,685984.942641475,685984.942641475,,300499.SZ 高澜股份,False,False,,,,,,,False,0,False,500000.0,685984.942641475,0.0,reject_b_turnover_bucket_15_25,B额外过滤换手率分桶15_25。
A_plus_B_strict,20260302,B,HISTORICAL_SIM_FILLED,603257.SH,中国瑞林,sh_main,无,-0.027628032279987592,685984.942641475,667032.528502591,b_conservative_daily_replay,,True,True,,,20260303,20260304,72.70262999999998,70.30962,False,0,False,500000.0,685984.942641475,-0.027628032279987558,reject_b_turnover_bucket_15_25,B额外过滤换手率分桶15_25。
A_plus_B_strict,20260303,A_OR_B,POSITION_OCCUPIED_SKIP,,,,,0.0,667032.528502591,667032.528502591,,603257.SH 中国瑞林,False,False,,,,,,,False,0,False,500000.0,685984.942641475,-0.027628032279987558,reject_b_turnover_bucket_15_25,B额外过滤换手率分桶15_25。
A_plus_B_strict,20260304,NONE,NO_CANDIDATE,,,,,0.0,667032.528502591,667032.528502591,,,False,False,,,,,,,False,0,False,500000.0,685984.942641475,-0.027628032279987558,reject_b_turnover_bucket_15_25,B额外过滤换手率分桶15_25。
A_plus_B_strict,20260305,NONE,NO_CANDIDATE,,,,,0.0,667032.528502591,667032.528502591,,,False,False,,,,,,,False,0,False,500000.0,685984.942641475,-0.027628032279987558,reject_b_turnover_bucket_15_25,B额外过滤换手率分桶15_25。
A_plus_B_strict,20260306,NONE,NO_CANDIDATE,,,,,0.0,667032.528502591,667032.528502591,,,False,False,,,,,,,False,0,False,500000.0,685984.942641475,-0.027628032279987558,reject_b_turnover_bucket_15_25,B额外过滤换手率分桶15_25。
A_plus_B_strict,20260309,A,REVIEW_REQUIRED_PLAN_ONLY,301606.SZ,绿联科技,chi_next,LOSS_OVERLAY_WATCH,0.0,667032.528502591,667032.528502591,manual_review_skip,,False,False,,,,,,,False,0,False,500000.0,685984.942641475,-0.027628032279987558,reject_b_turnover_bucket_15_25,B额外过滤换手率分桶15_25。
A_plus_B_strict,20260310,NONE,NO_CANDIDATE,,,,,0.0,667032.528502591,667032.528502591,,,False,False,,,,,,,False,0,False,500000.0,685984.942641475,-0.027628032279987558,reject_b_turnover_bucket_15_25,B额外过滤换手率分桶15_25。
A_plus_B_strict,20260311,NONE,NO_CANDIDATE,,,,,0.0,667032.528502591,667032.528502591,,,False,False,,,,,,,False,0,False,500000.0,685984.942641475,-0.027628032279987558,reject_b_turnover_bucket_15_25,B额外过滤换手率分桶15_25。
A_plus_B_strict,20260312,NONE,NO_CANDIDATE,,,,,0.0,667032.528502591,667032.528502591,,,False,False,,,,,,,False,0,False,500000.0,685984.942641475,-0.027628032279987558,reject_b_turnover_bucket_15_25,B额外过滤换手率分桶15_25。
A_plus_B_strict,20260313,B,HISTORICAL_SIM_FILLED,603248.SH,锡华科技,sh_main,无,0.14196793827778875,667032.528502591,761729.7613383242,b_conservative_daily_replay,,True,True,,,20260316,20260317,28.908879999999996,34.085879999999996,False,0,False,500000.0,761729.7613383242,0.0,reject_b_turnover_bucket_15_25,B额外过滤换手率分桶15_25。
A_plus_B_strict,20260316,A_OR_B,POSITION_OCCUPIED_SKIP,,,,,0.0,761729.7613383242,761729.7613383242,,603248.SH 锡华科技,False,False,,,,,,,False,0,False,500000.0,761729.7613383242,0.0,reject_b_turnover_bucket_15_25,B额外过滤换手率分桶15_25。
A_plus_B_strict,20260317,NONE,NO_CANDIDATE,,,,,0.0,761729.7613383242,761729.7613383242,,,False,False,,,,,,,False,0,False,500000.0,761729.7613383242,0.0,reject_b_turnover_bucket_15_25,B额外过滤换手率分桶15_25。
A_plus_B_strict,20260318,NONE,NO_CANDIDATE,,,,,0.0,761729.7613383242,761729.7613383242,,,False,False,,,,,,,False,0,False,500000.0,761729.7613383242,0.0,reject_b_turnover_bucket_15_25,B额外过滤换手率分桶15_25。
A_plus_B_strict,20260319,NONE,NO_CANDIDATE,,,,,0.0,761729.7613383242,761729.7613383242,,,False,False,,,,,,,False,0,False,500000.0,761729.7613383242,0.0,reject_b_turnover_bucket_15_25,B额外过滤换手率分桶15_25。
A_plus_B_strict,20260320,NONE,NO_CANDIDATE,,,,,0.0,761729.7613383242,761729.7613383242,,,False,False,,,,,,,False,0,False,500000.0,761729.7613383242,0.0,reject_b_turnover_bucket_15_25,B额外过滤换手率分桶15_25。
A_plus_B_strict,20260323,NONE,NO_CANDIDATE,,,,,0.0,761729.7613383242,761729.7613383242,,,False,False,,,,,,,False,0,False,500000.0,761729.7613383242,0.0,reject_b_turnover_bucket_15_25,B额外过滤换手率分桶15_25。
A_plus_B_strict,20260324,NONE,NO_CANDIDATE,,,,,0.0,761729.7613383242,761729.7613383242,,,False,False,,,,,,,False,0,False,500000.0,761729.7613383242,0.0,reject_b_turnover_bucket_15_25,B额外过滤换手率分桶15_25。
A_plus_B_strict,20260325,B,HISTORICAL_SIM_FILLED,603829.SH,洛凯股份,sh_main,无,0.0017810469626826726,761729.7613383242,763086.4378161408,b_conservative_daily_replay,,True,True,,,20260326,20260327,29.059029999999996,29.1708,False,0,False,500000.0,763086.4378161408,0.0,reject_b_turnover_bucket_15_25,B额外过滤换手率分桶15_25。
A_plus_B_strict,20260326,A_OR_B,POSITION_OCCUPIED_SKIP,,,,,0.0,763086.4378161408,763086.4378161408,,603829.SH 洛凯股份,False,False,,,,,,,False,0,False,500000.0,763086.4378161408,0.0,reject_b_turnover_bucket_15_25,B额外过滤换手率分桶15_25。
A_plus_B_strict,20260327,A,HISTORICAL_SIM_FILLED,300204.SZ,舒泰神,chi_next,无,0.0397618491523106,763086.4378161408,793428.1656467603,a_audit_dynamic_account_return,,False,False,,,,,,,False,0,False,500000.0,793428.1656467603,0.0,reject_b_turnover_bucket_15_25,B额外过滤换手率分桶15_25。
A_plus_B_strict,20260330,A_OR_B,POSITION_OCCUPIED_SKIP,,,,,0.0,793428.1656467603,793428.1656467603,,300204.SZ 舒泰神,False,False,,,,,,,False,0,False,500000.0,793428.1656467603,0.0,reject_b_turnover_bucket_15_25,B额外过滤换手率分桶15_25。
A_plus_B_strict,20260331,NONE,NO_CANDIDATE,,,,,0.0,793428.1656467603,793428.1656467603,,,False,False,,,,,,,False,0,False,500000.0,793428.1656467603,0.0,reject_b_turnover_bucket_15_25,B额外过滤换手率分桶15_25。
A_plus_B_strict,20260401,NONE,NO_CANDIDATE,,,,,0.0,793428.1656467603,793428.1656467603,,,False,False,,,,,,,False,0,False,500000.0,793428.1656467603,0.0,reject_b_turnover_bucket_15_25,B额外过滤换手率分桶15_25。
A_plus_B_strict,20260402,NONE,NO_CANDIDATE,,,,,0.0,793428.1656467603,793428.1656467603,,,False,False,,,,,,,False,0,False,500000.0,793428.1656467603,0.0,reject_b_turnover_bucket_15_25,B额外过滤换手率分桶15_25。
A_plus_B_strict,20260403,NONE,NO_CANDIDATE,,,,,0.0,793428.1656467603,793428.1656467603,,,False,False,,,,,,,False,0,False,500000.0,793428.1656467603,0.0,reject_b_turnover_bucket_15_25,B额外过滤换手率分桶15_25。
A_plus_B_strict,20260407,NONE,NO_CANDIDATE,,,,,0.0,793428.1656467603,793428.1656467603,,,False,False,,,,,,,False,0,False,500000.0,793428.1656467603,0.0,reject_b_turnover_bucket_15_25,B额外过滤换手率分桶15_25。
A_plus_B_strict,20260408,B,HISTORICAL_SIM_FILLED,603083.SH,剑桥科技,sh_main,无,0.02050690266715481,793428.1656467603,809698.9198130575,b_conservative_daily_replay,,True,True,,,20260409,20260410,113.04293,116.12375999999999,False,0,False,500000.0,809698.9198130575,0.0,reject_b_turnover_bucket_15_25,B额外过滤换手率分桶15_25。
A_plus_B_strict,20260409,A_OR_B,POSITION_OCCUPIED_SKIP,,,,,0.0,809698.9198130575,809698.9198130575,,603083.SH 剑桥科技,False,False,,,,,,,False,0,False,500000.0,809698.9198130575,0.0,reject_b_turnover_bucket_15_25,B额外过滤换手率分桶15_25。
A_plus_B_strict,20260410,NONE,NO_CANDIDATE,,,,,0.0,809698.9198130575,809698.9198130575,,,False,False,,,,,,,False,0,False,500000.0,809698.9198130575,0.0,reject_b_turnover_bucket_15_25,B额外过滤换手率分桶15_25。
A_plus_B_strict,20260413,B,HISTORICAL_SIM_FILLED,000968.SZ,蓝焰控股,sz_main,无,-0.049626241187383915,809698.9198130575,769516.6059292505,b_conservative_daily_replay,,True,True,,,20260414,20260415,10.090079999999999,9.48051,False,0,False,500000.0,809698.9198130575,-0.0496262411873839,reject_b_turnover_bucket_15_25,B额外过滤换手率分桶15_25。
A_plus_B_strict,20260414,A_OR_B,POSITION_OCCUPIED_SKIP,,,,,0.0,769516.6059292505,769516.6059292505,,000968.SZ 蓝焰控股,False,False,,,,,,,False,0,False,500000.0,809698.9198130575,-0.0496262411873839,reject_b_turnover_bucket_15_25,B额外过滤换手率分桶15_25。
A_plus_B_strict,20260415,NONE,NO_CANDIDATE,,,,,0.0,769516.6059292505,769516.6059292505,,,False,False,,,,,,,False,0,False,500000.0,809698.9198130575,-0.0496262411873839,reject_b_turnover_bucket_15_25,B额外过滤换手率分桶15_25。
A_plus_B_strict,20260416,NONE,NO_CANDIDATE,,,,,0.0,769516.6059292505,769516.6059292505,,,False,False,,,,,,,False,0,False,500000.0,809698.9198130575,-0.0496262411873839,reject_b_turnover_bucket_15_25,B额外过滤换手率分桶15_25。
A_plus_B_strict,20260417,A,HISTORICAL_SIM_FILLED,301319.SZ,唯特偶,chi_next,无,0.0352808081329955,769516.6059292505,796665.7736581942,a_audit_dynamic_account_return,,False,False,,,,,,,False,0,False,500000.0,809698.9198130575,-0.016096286948082295,reject_b_turnover_bucket_15_25,B额外过滤换手率分桶15_25。
A_plus_B_strict,20260420,A_OR_B,POSITION_OCCUPIED_SKIP,,,,,0.0,796665.7736581942,796665.7736581942,,301319.SZ 唯特偶,False,False,,,,,,,False,0,False,500000.0,809698.9198130575,-0.016096286948082295,reject_b_turnover_bucket_15_25,B额外过滤换手率分桶15_25。
A_plus_B_strict,20260421,NONE,NO_CANDIDATE,,,,,0.0,796665.7736581942,796665.7736581942,,,False,False,,,,,,,False,0,False,500000.0,809698.9198130575,-0.016096286948082295,reject_b_turnover_bucket_15_25,B额外过滤换手率分桶15_25。
A_plus_B_strict,20260422,NONE,NO_CANDIDATE,,,,,0.0,796665.7736581942,796665.7736581942,,,False,False,,,,,,,False,0,False,500000.0,809698.9198130575,-0.016096286948082295,reject_b_turnover_bucket_15_25,B额外过滤换手率分桶15_25。
A_plus_B_strict,20260423,NONE,NO_CANDIDATE,,,,,0.0,796665.7736581942,796665.7736581942,,,False,False,,,,,,,False,0,False,500000.0,809698.9198130575,-0.016096286948082295,reject_b_turnover_bucket_15_25,B额外过滤换手率分桶15_25。
A_plus_B_strict,20260424,NONE,NO_CANDIDATE,,,,,0.0,796665.7736581942,796665.7736581942,,,False,False,,,,,,,False,0,False,500000.0,809698.9198130575,-0.016096286948082295,reject_b_turnover_bucket_15_25,B额外过滤换手率分桶15_25。
A_plus_B_strict,20260427,NONE,NO_CANDIDATE,,,,,0.0,796665.7736581942,796665.7736581942,,,False,False,,,,,,,False,0,False,500000.0,809698.9198130575,-0.016096286948082295,reject_b_turnover_bucket_15_25,B额外过滤换手率分桶15_25。
A_plus_B_strict,20260428,NONE,NO_CANDIDATE,,,,,0.0,796665.7736581942,796665.7736581942,,,False,False,,,,,,,False,0,False,500000.0,809698.9198130575,-0.016096286948082295,reject_b_turnover_bucket_15_25,B额外过滤换手率分桶15_25。
A_plus_B_strict,20260429,NONE,NO_CANDIDATE,,,,,0.0,796665.7736581942,796665.7736581942,,,False,False,,,,,,,False,0,False,500000.0,809698.9198130575,-0.016096286948082295,reject_b_turnover_bucket_15_25,B额外过滤换手率分桶15_25。
A_plus_B_strict,20260430,NONE,NO_CANDIDATE,,,,,0.0,796665.7736581942,796665.7736581942,,,False,False,,,,,,,False,0,False,500000.0,809698.9198130575,-0.016096286948082295,reject_b_turnover_bucket_15_25,B额外过滤换手率分桶15_25。
A_plus_B_strict,20260506,NONE,NO_CANDIDATE,,,,,0.0,796665.7736581942,796665.7736581942,,,False,False,,,,,,,False,0,False,500000.0,809698.9198130575,-0.016096286948082295,reject_b_turnover_bucket_15_25,B额外过滤换手率分桶15_25。
A_plus_B_strict,20260507,B,HISTORICAL_SIM_FILLED,603256.SH,宏和科技,sh_main,无,0.02464048591717308,796665.7736581942,816296.0054347129,b_conservative_daily_replay,,True,True,,,20260508,20260511,145.12497999999997,149.83002,False,0,False,500000.0,816296.0054347129,0.0,reject_b_turnover_bucket_15_25,B额外过滤换手率分桶15_25。
A_plus_B_strict,20260508,A_OR_B,POSITION_OCCUPIED_SKIP,,,,,0.0,816296.0054347129,816296.0054347129,,603256.SH 宏和科技,False,False,,,,,,,False,0,False,500000.0,816296.0054347129,0.0,reject_b_turnover_bucket_15_25,B额外过滤换手率分桶15_25。
A_plus_B_strict,20260511,NONE,NO_CANDIDATE,,,,,0.0,816296.0054347129,816296.0054347129,,,False,False,,,,,,,False,0,False,500000.0,816296.0054347129,0.0,reject_b_turnover_bucket_15_25,B额外过滤换手率分桶15_25。
A_plus_B_strict,20260512,NONE,NO_CANDIDATE,,,,,0.0,816296.0054347129,816296.0054347129,,,False,False,,,,,,,False,0,False,500000.0,816296.0054347129,0.0,reject_b_turnover_bucket_15_25,B额外过滤换手率分桶15_25。
A_plus_B_strict,20260513,NONE,NO_CANDIDATE,,,,,0.0,816296.0054347129,816296.0054347129,,,False,False,,,,,,,False,0,False,500000.0,816296.0054347129,0.0,reject_b_turnover_bucket_15_25,B额外过滤换手率分桶15_25。
A_plus_B_strict,20260514,NONE,NO_CANDIDATE,,,,,0.0,816296.0054347129,816296.0054347129,,,False,False,,,,,,,False,0,False,500000.0,816296.0054347129,0.0,reject_b_turnover_bucket_15_25,B额外过滤换手率分桶15_25。
A_plus_B_strict,20251224,NONE,NO_CANDIDATE,,,,,0.0,500000.0,500000.0,,,False,False,,,,,,,False,0,False,500000.0,500000.0,0.0,reject_b_amount_lt_800k,B额外过滤成交额字段amount<80万口径单位。
A_plus_B_strict,20251225,NONE,NO_CANDIDATE,,,,,0.0,500000.0,500000.0,,,False,False,,,,,,,False,0,False,500000.0,500000.0,0.0,reject_b_amount_lt_800k,B额外过滤成交额字段amount<80万口径单位。
A_plus_B_strict,20251226,NONE,NO_CANDIDATE,,,,,0.0,500000.0,500000.0,,,False,False,,,,,,,False,0,False,500000.0,500000.0,0.0,reject_b_amount_lt_800k,B额外过滤成交额字段amount<80万口径单位。
A_plus_B_strict,20251229,NONE,NO_CANDIDATE,,,,,0.0,500000.0,500000.0,,,False,False,,,,,,,False,0,False,500000.0,500000.0,0.0,reject_b_amount_lt_800k,B额外过滤成交额字段amount<80万口径单位。
A_plus_B_strict,20251230,NONE,NO_CANDIDATE,,,,,0.0,500000.0,500000.0,,,False,False,,,,,,,False,0,False,500000.0,500000.0,0.0,reject_b_amount_lt_800k,B额外过滤成交额字段amount<80万口径单位。
A_plus_B_strict,20251231,A,HISTORICAL_SIM_FILLED,300058.SZ,蓝色光标,chi_next,无,0.1308549259970799,500000.0,565427.4629985399,a_audit_dynamic_account_return,,False,False,,,,,,,False,0,False,500000.0,565427.4629985399,0.0,reject_b_amount_lt_800k,B额外过滤成交额字段amount<80万口径单位。
A_plus_B_strict,20260105,A_OR_B,POSITION_OCCUPIED_SKIP,,,,,0.0,565427.4629985399,565427.4629985399,,300058.SZ 蓝色光标,False,False,,,,,,,False,0,False,500000.0,565427.4629985399,0.0,reject_b_amount_lt_800k,B额外过滤成交额字段amount<80万口径单位。
A_plus_B_strict,20260106,B,HISTORICAL_SIM_FILLED,002865.SZ,钧达股份,sz_main,无,0.15860683400809739,565427.4629985399,655108.122765969,b_conservative_daily_replay,,True,True,,,20260107,20260108,57.056999999999995,68.46147,False,0,False,500000.0,655108.122765969,0.0,reject_b_amount_lt_800k,B额外过滤成交额字段amount<80万口径单位。
A_plus_B_strict,20260107,A_OR_B,POSITION_OCCUPIED_SKIP,,,,,0.0,655108.122765969,655108.122765969,,002865.SZ 钧达股份,False,False,,,,,,,False,0,False,500000.0,655108.122765969,0.0,reject_b_amount_lt_800k,B额外过滤成交额字段amount<80万口径单位。
A_plus_B_strict,20260108,NONE,NO_CANDIDATE,,,,,0.0,655108.122765969,655108.122765969,,,False,False,,,,,,,False,0,False,500000.0,655108.122765969,0.0,reject_b_amount_lt_800k,B额外过滤成交额字段amount<80万口径单位。
A_plus_B_strict,20260109,NONE,NO_CANDIDATE,,,,,0.0,655108.122765969,655108.122765969,,,False,False,,,,,,,False,0,False,500000.0,655108.122765969,0.0,reject_b_amount_lt_800k,B额外过滤成交额字段amount<80万口径单位。
A_plus_B_strict,20260112,B,HISTORICAL_SIM_FILLED,603015.SH,弘讯科技,sh_main,无,-0.11390443845358572,655108.122765969,580488.3999159286,b_conservative_daily_replay,,True,True,,,20260113,20260114,18.35834,15.774209999999998,False,0,False,500000.0,655108.122765969,-0.11390443845358578,reject_b_amount_lt_800k,B额外过滤成交额字段amount<80万口径单位。
A_plus_B_strict,20260113,A_OR_B,POSITION_OCCUPIED_SKIP,,,,,0.0,580488.3999159286,580488.3999159286,,603015.SH 弘讯科技,False,False,,,,,,,False,0,False,500000.0,655108.122765969,-0.11390443845358578,reject_b_amount_lt_800k,B额外过滤成交额字段amount<80万口径单位。
A_plus_B_strict,20260114,NONE,NO_CANDIDATE,,,,,0.0,580488.3999159286,580488.3999159286,,,False,False,,,,,,,False,0,False,500000.0,655108.122765969,-0.11390443845358578,reject_b_amount_lt_800k,B额外过滤成交额字段amount<80万口径单位。
A_plus_B_strict,20260115,A,HISTORICAL_SIM_FILLED,301629.SZ,矽电股份,chi_next,无,-0.0338313603969523,580488.3999159286,560849.6876521226,a_audit_dynamic_account_return,,False,False,,,,,,,False,0,False,500000.0,655108.122765969,-0.1438822567424024,reject_b_amount_lt_800k,B额外过滤成交额字段amount<80万口径单位。
A_plus_B_strict,20260116,A_OR_B,POSITION_OCCUPIED_SKIP,,,,,0.0,560849.6876521226,560849.6876521226,,301629.SZ 矽电股份,False,False,,,,,,,False,0,False,500000.0,655108.122765969,-0.1438822567424024,reject_b_amount_lt_800k,B额外过滤成交额字段amount<80万口径单位。
A_plus_B_strict,20260119,A,HISTORICAL_SIM_FILLED,300658.SZ,延江股份,chi_next,无,0.0681174370165976,560849.6876521226,599053.3309265445,a_audit_dynamic_account_return,,False,False,,,,,,,False,0,False,500000.0,655108.122765969,-0.08556571028726134,reject_b_amount_lt_800k,B额外过滤成交额字段amount<80万口径单位。
A_plus_B_strict,20260120,A_OR_B,POSITION_OCCUPIED_SKIP,,,,,0.0,599053.3309265445,599053.3309265445,,300658.SZ 延江股份,False,False,,,,,,,False,0,False,500000.0,655108.122765969,-0.08556571028726134,reject_b_amount_lt_800k,B额外过滤成交额字段amount<80万口径单位。
A_plus_B_strict,20260121,NONE,NO_CANDIDATE,,,,,0.0,599053.3309265445,599053.3309265445,,,False,False,,,,,,,False,0,False,500000.0,655108.122765969,-0.08556571028726134,reject_b_amount_lt_800k,B额外过滤成交额字段amount<80万口径单位。
A_plus_B_strict,20260122,NONE,NO_CANDIDATE,,,,,0.0,599053.3309265445,599053.3309265445,,,False,False,,,,,,,False,0,False,500000.0,655108.122765969,-0.08556571028726134,reject_b_amount_lt_800k,B额外过滤成交额字段amount<80万口径单位。
A_plus_B_strict,20260123,A,HISTORICAL_SIM_FILLED,920368.BJ,连城数控,bj,无,0.1027727855059111,599053.3309265445,660619.7104124598,a_audit_dynamic_account_return,,False,False,,,,,,,False,0,False,500000.0,660619.7104124598,0.0,reject_b_amount_lt_800k,B额外过滤成交额字段amount<80万口径单位。
A_plus_B_strict,20260126,A_OR_B,POSITION_OCCUPIED_SKIP,,,,,0.0,660619.7104124598,660619.7104124598,,920368.BJ 连城数控,False,False,,,,,,,False,0,False,500000.0,660619.7104124598,0.0,reject_b_amount_lt_800k,B额外过滤成交额字段amount<80万口径单位。
A_plus_B_strict,20260127,NONE,NO_CANDIDATE,,,,,0.0,660619.7104124598,660619.7104124598,,,False,False,,,,,,,False,0,False,500000.0,660619.7104124598,0.0,reject_b_amount_lt_800k,B额外过滤成交额字段amount<80万口径单位。
A_plus_B_strict,20260128,A,HISTORICAL_SIM_FILLED,300164.SZ,通源石油,chi_next,无,0.0457725821591917,660619.7104124598,690857.9803832956,a_audit_dynamic_account_return,,False,False,,,,,,,False,0,False,500000.0,690857.9803832956,0.0,reject_b_amount_lt_800k,B额外过滤成交额字段amount<80万口径单位。
A_plus_B_strict,20260129,A_OR_B,POSITION_OCCUPIED_SKIP,,,,,0.0,690857.9803832956,690857.9803832956,,300164.SZ 通源石油,False,False,,,,,,,False,0,False,500000.0,690857.9803832956,0.0,reject_b_amount_lt_800k,B额外过滤成交额字段amount<80万口径单位。
A_plus_B_strict,20260130,NONE,NO_CANDIDATE,,,,,0.0,690857.9803832956,690857.9803832956,,,False,False,,,,,,,False,0,False,500000.0,690857.9803832956,0.0,reject_b_amount_lt_800k,B额外过滤成交额字段amount<80万口径单位。
A_plus_B_strict,20260202,NONE,NO_CANDIDATE,,,,,0.0,690857.9803832956,690857.9803832956,,,False,False,,,,,,,False,0,False,500000.0,690857.9803832956,0.0,reject_b_amount_lt_800k,B额外过滤成交额字段amount<80万口径单位。
A_plus_B_strict,20260203,NONE,NO_CANDIDATE,,,,,0.0,690857.9803832956,690857.9803832956,,,False,False,,,,,,,False,0,False,500000.0,690857.9803832956,0.0,reject_b_amount_lt_800k,B额外过滤成交额字段amount<80万口径单位。
A_plus_B_strict,20260204,NONE,NO_CANDIDATE,,,,,0.0,690857.9803832956,690857.9803832956,,,False,False,,,,,,,False,0,False,500000.0,690857.9803832956,0.0,reject_b_amount_lt_800k,B额外过滤成交额字段amount<80万口径单位。
A_plus_B_strict,20260205,NONE,NO_CANDIDATE,,,,,0.0,690857.9803832956,690857.9803832956,,,False,False,,,,,,,False,0,False,500000.0,690857.9803832956,0.0,reject_b_amount_lt_800k,B额外过滤成交额字段amount<80万口径单位。
A_plus_B_strict,20260206,NONE,NO_CANDIDATE,,,,,0.0,690857.9803832956,690857.9803832956,,,False,False,,,,,,,False,0,False,500000.0,690857.9803832956,0.0,reject_b_amount_lt_800k,B额外过滤成交额字段amount<80万口径单位。
A_plus_B_strict,20260209,NONE,NO_CANDIDATE,,,,,0.0,690857.9803832956,690857.9803832956,,,False,False,,,,,,,False,0,False,500000.0,690857.9803832956,0.0,reject_b_amount_lt_800k,B额外过滤成交额字段amount<80万口径单位。
A_plus_B_strict,20260210,NONE,NO_CANDIDATE,,,,,0.0,690857.9803832956,690857.9803832956,,,False,False,,,,,,,False,0,False,500000.0,690857.9803832956,0.0,reject_b_amount_lt_800k,B额外过滤成交额字段amount<80万口径单位。
A_plus_B_strict,20260211,NONE,NO_CANDIDATE,,,,,0.0,690857.9803832956,690857.9803832956,,,False,False,,,,,,,False,0,False,500000.0,690857.9803832956,0.0,reject_b_amount_lt_800k,B额外过滤成交额字段amount<80万口径单位。
A_plus_B_strict,20260212,NONE,NO_CANDIDATE,,,,,0.0,690857.9803832956,690857.9803832956,,,False,False,,,,,,,False,0,False,500000.0,690857.9803832956,0.0,reject_b_amount_lt_800k,B额外过滤成交额字段amount<80万口径单位。
A_plus_B_strict,20260213,NONE,NO_CANDIDATE,,,,,0.0,690857.9803832956,690857.9803832956,,,False,False,,,,,,,False,0,False,500000.0,690857.9803832956,0.0,reject_b_amount_lt_800k,B额外过滤成交额字段amount<80万口径单位。
A_plus_B_strict,20260224,NONE,NO_CANDIDATE,,,,,0.0,690857.9803832956,690857.9803832956,,,False,False,,,,,,,False,0,False,500000.0,690857.9803832956,0.0,reject_b_amount_lt_800k,B额外过滤成交额字段amount<80万口径单位。
A_plus_B_strict,20260225,NONE,NO_CANDIDATE,,,,,0.0,690857.9803832956,690857.9803832956,,,False,False,,,,,,,False,0,False,500000.0,690857.9803832956,0.0,reject_b_amount_lt_800k,B额外过滤成交额字段amount<80万口径单位。
A_plus_B_strict,20260226,A,HISTORICAL_SIM_FILLED,300499.SZ,高澜股份,chi_next,无,0.0193948880593092,690857.9803832956,704257.09357771,a_audit_dynamic_account_return,,False,False,,,,,,,False,0,False,500000.0,704257.09357771,0.0,reject_b_amount_lt_800k,B额外过滤成交额字段amount<80万口径单位。
A_plus_B_strict,20260227,A_OR_B,POSITION_OCCUPIED_SKIP,,,,,0.0,704257.09357771,704257.09357771,,300499.SZ 高澜股份,False,False,,,,,,,False,0,False,500000.0,704257.09357771,0.0,reject_b_amount_lt_800k,B额外过滤成交额字段amount<80万口径单位。
A_plus_B_strict,20260302,NONE,NO_CANDIDATE,,,,,0.0,704257.09357771,704257.09357771,,,False,False,,,,,,,False,0,False,500000.0,704257.09357771,0.0,reject_b_amount_lt_800k,B额外过滤成交额字段amount<80万口径单位。
A_plus_B_strict,20260303,NONE,NO_CANDIDATE,,,,,0.0,704257.09357771,704257.09357771,,,False,False,,,,,,,False,0,False,500000.0,704257.09357771,0.0,reject_b_amount_lt_800k,B额外过滤成交额字段amount<80万口径单位。
A_plus_B_strict,20260304,NONE,NO_CANDIDATE,,,,,0.0,704257.09357771,704257.09357771,,,False,False,,,,,,,False,0,False,500000.0,704257.09357771,0.0,reject_b_amount_lt_800k,B额外过滤成交额字段amount<80万口径单位。
A_plus_B_strict,20260305,NONE,NO_CANDIDATE,,,,,0.0,704257.09357771,704257.09357771,,,False,False,,,,,,,False,0,False,500000.0,704257.09357771,0.0,reject_b_amount_lt_800k,B额外过滤成交额字段amount<80万口径单位。
A_plus_B_strict,20260306,NONE,NO_CANDIDATE,,,,,0.0,704257.09357771,704257.09357771,,,False,False,,,,,,,False,0,False,500000.0,704257.09357771,0.0,reject_b_amount_lt_800k,B额外过滤成交额字段amount<80万口径单位。
A_plus_B_strict,20260309,A,REVIEW_REQUIRED_PLAN_ONLY,301606.SZ,绿联科技,chi_next,LOSS_OVERLAY_WATCH,0.0,704257.09357771,704257.09357771,manual_review_skip,,False,False,,,,,,,False,0,False,500000.0,704257.09357771,0.0,reject_b_amount_lt_800k,B额外过滤成交额字段amount<80万口径单位。
A_plus_B_strict,20260310,NONE,NO_CANDIDATE,,,,,0.0,704257.09357771,704257.09357771,,,False,False,,,,,,,False,0,False,500000.0,704257.09357771,0.0,reject_b_amount_lt_800k,B额外过滤成交额字段amount<80万口径单位。
A_plus_B_strict,20260311,B,HISTORICAL_SIM_FILLED,603778.SH,国晟科技,sh_main,无,-0.015549181976524854,704257.09357771,693306.4718714117,b_conservative_daily_replay,,True,True,,,20260312,20260313,20.840819999999997,20.46951,False,0,False,500000.0,704257.09357771,-0.015549181976524884,reject_b_amount_lt_800k,B额外过滤成交额字段amount<80万口径单位。
A_plus_B_strict,20260312,A_OR_B,POSITION_OCCUPIED_SKIP,,,,,0.0,693306.4718714117,693306.4718714117,,603778.SH 国晟科技,False,False,,,,,,,False,0,False,500000.0,704257.09357771,-0.015549181976524884,reject_b_amount_lt_800k,B额外过滤成交额字段amount<80万口径单位。
A_plus_B_strict,20260313,B,HISTORICAL_SIM_FILLED,603248.SH,锡华科技,sh_main,无,0.14196793827778875,693306.4718714117,791733.7622776437,b_conservative_daily_replay,,True,True,,,20260316,20260317,28.908879999999996,34.085879999999996,False,0,False,500000.0,791733.7622776437,0.0,reject_b_amount_lt_800k,B额外过滤成交额字段amount<80万口径单位。
A_plus_B_strict,20260316,A_OR_B,POSITION_OCCUPIED_SKIP,,,,,0.0,791733.7622776437,791733.7622776437,,603248.SH 锡华科技,False,False,,,,,,,False,0,False,500000.0,791733.7622776437,0.0,reject_b_amount_lt_800k,B额外过滤成交额字段amount<80万口径单位。
A_plus_B_strict,20260317,NONE,NO_CANDIDATE,,,,,0.0,791733.7622776437,791733.7622776437,,,False,False,,,,,,,False,0,False,500000.0,791733.7622776437,0.0,reject_b_amount_lt_800k,B额外过滤成交额字段amount<80万口径单位。
A_plus_B_strict,20260318,NONE,NO_CANDIDATE,,,,,0.0,791733.7622776437,791733.7622776437,,,False,False,,,,,,,False,0,False,500000.0,791733.7622776437,0.0,reject_b_amount_lt_800k,B额外过滤成交额字段amount<80万口径单位。
A_plus_B_strict,20260319,NONE,NO_CANDIDATE,,,,,0.0,791733.7622776437,791733.7622776437,,,False,False,,,,,,,False,0,False,500000.0,791733.7622776437,0.0,reject_b_amount_lt_800k,B额外过滤成交额字段amount<80万口径单位。
A_plus_B_strict,20260320,NONE,NO_CANDIDATE,,,,,0.0,791733.7622776437,791733.7622776437,,,False,False,,,,,,,False,0,False,500000.0,791733.7622776437,0.0,reject_b_amount_lt_800k,B额外过滤成交额字段amount<80万口径单位。
A_plus_B_strict,20260323,NONE,NO_CANDIDATE,,,,,0.0,791733.7622776437,791733.7622776437,,,False,False,,,,,,,False,0,False,500000.0,791733.7622776437,0.0,reject_b_amount_lt_800k,B额外过滤成交额字段amount<80万口径单位。
A_plus_B_strict,20260324,B,HISTORICAL_SIM_FILLED,601016.SH,节能风电,sh_main,无,0.05001172841616214,791733.7622776437,831329.7361745794,b_conservative_daily_replay,,True,True,,,20260325,20260326,4.98498,5.30469,False,0,False,500000.0,831329.7361745794,0.0,reject_b_amount_lt_800k,B额外过滤成交额字段amount<80万口径单位。
A_plus_B_strict,20260325,A_OR_B,POSITION_OCCUPIED_SKIP,,,,,0.0,831329.7361745794,831329.7361745794,,601016.SH 节能风电,False,False,,,,,,,False,0,False,500000.0,831329.7361745794,0.0,reject_b_amount_lt_800k,B额外过滤成交额字段amount<80万口径单位。
A_plus_B_strict,20260326,NONE,NO_CANDIDATE,,,,,0.0,831329.7361745794,831329.7361745794,,,False,False,,,,,,,False,0,False,500000.0,831329.7361745794,0.0,reject_b_amount_lt_800k,B额外过滤成交额字段amount<80万口径单位。
A_plus_B_strict,20260327,A,HISTORICAL_SIM_FILLED,300204.SZ,舒泰神,chi_next,无,0.0397618491523106,831329.7361745794,864384.9437401831,a_audit_dynamic_account_return,,False,False,,,,,,,False,0,False,500000.0,864384.9437401831,0.0,reject_b_amount_lt_800k,B额外过滤成交额字段amount<80万口径单位。
A_plus_B_strict,20260330,A_OR_B,POSITION_OCCUPIED_SKIP,,,,,0.0,864384.9437401831,864384.9437401831,,300204.SZ 舒泰神,False,False,,,,,,,False,0,False,500000.0,864384.9437401831,0.0,reject_b_amount_lt_800k,B额外过滤成交额字段amount<80万口径单位。
A_plus_B_strict,20260331,NONE,NO_CANDIDATE,,,,,0.0,864384.9437401831,864384.9437401831,,,False,False,,,,,,,False,0,False,500000.0,864384.9437401831,0.0,reject_b_amount_lt_800k,B额外过滤成交额字段amount<80万口径单位。
A_plus_B_strict,20260401,NONE,NO_CANDIDATE,,,,,0.0,864384.9437401831,864384.9437401831,,,False,False,,,,,,,False,0,False,500000.0,864384.9437401831,0.0,reject_b_amount_lt_800k,B额外过滤成交额字段amount<80万口径单位。
A_plus_B_strict,20260402,NONE,NO_CANDIDATE,,,,,0.0,864384.9437401831,864384.9437401831,,,False,False,,,,,,,False,0,False,500000.0,864384.9437401831,0.0,reject_b_amount_lt_800k,B额外过滤成交额字段amount<80万口径单位。
A_plus_B_strict,20260403,NONE,NO_CANDIDATE,,,,,0.0,864384.9437401831,864384.9437401831,,,False,False,,,,,,,False,0,False,500000.0,864384.9437401831,0.0,reject_b_amount_lt_800k,B额外过滤成交额字段amount<80万口径单位。
A_plus_B_strict,20260407,NONE,NO_CANDIDATE,,,,,0.0,864384.9437401831,864384.9437401831,,,False,False,,,,,,,False,0,False,500000.0,864384.9437401831,0.0,reject_b_amount_lt_800k,B额外过滤成交额字段amount<80万口径单位。
A_plus_B_strict,20260408,B,HISTORICAL_SIM_FILLED,603083.SH,剑桥科技,sh_main,无,0.02050690266715481,864384.9437401831,882110.801648417,b_conservative_daily_replay,,True,True,,,20260409,20260410,113.04293,116.12375999999999,False,0,False,500000.0,882110.801648417,0.0,reject_b_amount_lt_800k,B额外过滤成交额字段amount<80万口径单位。
A_plus_B_strict,20260409,A_OR_B,POSITION_OCCUPIED_SKIP,,,,,0.0,882110.801648417,882110.801648417,,603083.SH 剑桥科技,False,False,,,,,,,False,0,False,500000.0,882110.801648417,0.0,reject_b_amount_lt_800k,B额外过滤成交额字段amount<80万口径单位。
A_plus_B_strict,20260410,NONE,NO_CANDIDATE,,,,,0.0,882110.801648417,882110.801648417,,,False,False,,,,,,,False,0,False,500000.0,882110.801648417,0.0,reject_b_amount_lt_800k,B额外过滤成交额字段amount<80万口径单位。
A_plus_B_strict,20260413,B,HISTORICAL_SIM_FILLED,000968.SZ,蓝焰控股,sz_main,无,-0.049626241187383915,882110.801648417,838334.9582518161,b_conservative_daily_replay,,True,True,,,20260414,20260415,10.090079999999999,9.48051,False,0,False,500000.0,882110.801648417,-0.0496262411873839,reject_b_amount_lt_800k,B额外过滤成交额字段amount<80万口径单位。
A_plus_B_strict,20260414,A_OR_B,POSITION_OCCUPIED_SKIP,,,,,0.0,838334.9582518161,838334.9582518161,,000968.SZ 蓝焰控股,False,False,,,,,,,False,0,False,500000.0,882110.801648417,-0.0496262411873839,reject_b_amount_lt_800k,B额外过滤成交额字段amount<80万口径单位。
A_plus_B_strict,20260415,NONE,NO_CANDIDATE,,,,,0.0,838334.9582518161,838334.9582518161,,,False,False,,,,,,,False,0,False,500000.0,882110.801648417,-0.0496262411873839,reject_b_amount_lt_800k,B额外过滤成交额字段amount<80万口径单位。
A_plus_B_strict,20260416,B,HISTORICAL_SIM_FILLED,603220.SH,中贝通信,sh_main,无,-0.04408957006629736,838334.9582518161,801373.1303709463,b_conservative_daily_replay,,True,True,,,20260417,20260420,32.59256,30.84912,False,0,False,500000.0,882110.801648417,-0.0915278116157231,reject_b_amount_lt_800k,B额外过滤成交额字段amount<80万口径单位。
A_plus_B_strict,20260417,A_OR_B,POSITION_OCCUPIED_SKIP,,,,,0.0,801373.1303709463,801373.1303709463,,603220.SH 中贝通信,False,False,,,,,,,False,0,False,500000.0,882110.801648417,-0.0915278116157231,reject_b_amount_lt_800k,B额外过滤成交额字段amount<80万口径单位。
A_plus_B_strict,20260420,NONE,NO_CANDIDATE,,,,,0.0,801373.1303709463,801373.1303709463,,,False,False,,,,,,,False,0,False,500000.0,882110.801648417,-0.0915278116157231,reject_b_amount_lt_800k,B额外过滤成交额字段amount<80万口径单位。
A_plus_B_strict,20260421,NONE,NO_CANDIDATE,,,,,0.0,801373.1303709463,801373.1303709463,,,False,False,,,,,,,False,0,False,500000.0,882110.801648417,-0.0915278116157231,reject_b_amount_lt_800k,B额外过滤成交额字段amount<80万口径单位。
A_plus_B_strict,20260422,NONE,NO_CANDIDATE,,,,,0.0,801373.1303709463,801373.1303709463,,,False,False,,,,,,,False,0,False,500000.0,882110.801648417,-0.0915278116157231,reject_b_amount_lt_800k,B额外过滤成交额字段amount<80万口径单位。
A_plus_B_strict,20260423,NONE,NO_CANDIDATE,,,,,0.0,801373.1303709463,801373.1303709463,,,False,False,,,,,,,False,0,False,500000.0,882110.801648417,-0.0915278116157231,reject_b_amount_lt_800k,B额外过滤成交额字段amount<80万口径单位。
A_plus_B_strict,20260424,NONE,NO_CANDIDATE,,,,,0.0,801373.1303709463,801373.1303709463,,,False,False,,,,,,,False,0,False,500000.0,882110.801648417,-0.0915278116157231,reject_b_amount_lt_800k,B额外过滤成交额字段amount<80万口径单位。
A_plus_B_strict,20260427,NONE,NO_CANDIDATE,,,,,0.0,801373.1303709463,801373.1303709463,,,False,False,,,,,,,False,0,False,500000.0,882110.801648417,-0.0915278116157231,reject_b_amount_lt_800k,B额外过滤成交额字段amount<80万口径单位。
A_plus_B_strict,20260428,NONE,NO_CANDIDATE,,,,,0.0,801373.1303709463,801373.1303709463,,,False,False,,,,,,,False,0,False,500000.0,882110.801648417,-0.0915278116157231,reject_b_amount_lt_800k,B额外过滤成交额字段amount<80万口径单位。
A_plus_B_strict,20260429,NONE,NO_CANDIDATE,,,,,0.0,801373.1303709463,801373.1303709463,,,False,False,,,,,,,False,0,False,500000.0,882110.801648417,-0.0915278116157231,reject_b_amount_lt_800k,B额外过滤成交额字段amount<80万口径单位。
A_plus_B_strict,20260430,NONE,NO_CANDIDATE,,,,,0.0,801373.1303709463,801373.1303709463,,,False,False,,,,,,,False,0,False,500000.0,882110.801648417,-0.0915278116157231,reject_b_amount_lt_800k,B额外过滤成交额字段amount<80万口径单位。
A_plus_B_strict,20260506,NONE,NO_CANDIDATE,,,,,0.0,801373.1303709463,801373.1303709463,,,False,False,,,,,,,False,0,False,500000.0,882110.801648417,-0.0915278116157231,reject_b_amount_lt_800k,B额外过滤成交额字段amount<80万口径单位。
A_plus_B_strict,20260507,B,HISTORICAL_SIM_FILLED,603256.SH,宏和科技,sh_main,无,0.02464048591717308,801373.1303709463,821119.3537042525,b_conservative_daily_replay,,True,True,,,20260508,20260511,145.12497999999997,149.83002,False,0,False,500000.0,882110.801648417,-0.06914261545169686,reject_b_amount_lt_800k,B额外过滤成交额字段amount<80万口径单位。
A_plus_B_strict,20260508,A_OR_B,POSITION_OCCUPIED_SKIP,,,,,0.0,821119.3537042525,821119.3537042525,,603256.SH 宏和科技,False,False,,,,,,,False,0,False,500000.0,882110.801648417,-0.06914261545169686,reject_b_amount_lt_800k,B额外过滤成交额字段amount<80万口径单位。
A_plus_B_strict,20260511,NONE,NO_CANDIDATE,,,,,0.0,821119.3537042525,821119.3537042525,,,False,False,,,,,,,False,0,False,500000.0,882110.801648417,-0.06914261545169686,reject_b_amount_lt_800k,B额外过滤成交额字段amount<80万口径单位。
A_plus_B_strict,20260512,NONE,NO_CANDIDATE,,,,,0.0,821119.3537042525,821119.3537042525,,,False,False,,,,,,,False,0,False,500000.0,882110.801648417,-0.06914261545169686,reject_b_amount_lt_800k,B额外过滤成交额字段amount<80万口径单位。
A_plus_B_strict,20260513,NONE,NO_CANDIDATE,,,,,0.0,821119.3537042525,821119.3537042525,,,False,False,,,,,,,False,0,False,500000.0,882110.801648417,-0.06914261545169686,reject_b_amount_lt_800k,B额外过滤成交额字段amount<80万口径单位。
A_plus_B_strict,20260514,NONE,NO_CANDIDATE,,,,,0.0,821119.3537042525,821119.3537042525,,,False,False,,,,,,,False,0,False,500000.0,882110.801648417,-0.06914261545169686,reject_b_amount_lt_800k,B额外过滤成交额字段amount<80万口径单位。
A_plus_B_strict,20251224,NONE,NO_CANDIDATE,,,,,0.0,500000.0,500000.0,,,False,False,,,,,,,False,0,False,500000.0,500000.0,0.0,reject_b_retreat_warming_2day,B额外过滤retreat_state_bucket=warming_2day。
A_plus_B_strict,20251225,NONE,NO_CANDIDATE,,,,,0.0,500000.0,500000.0,,,False,False,,,,,,,False,0,False,500000.0,500000.0,0.0,reject_b_retreat_warming_2day,B额外过滤retreat_state_bucket=warming_2day。
A_plus_B_strict,20251226,NONE,NO_CANDIDATE,,,,,0.0,500000.0,500000.0,,,False,False,,,,,,,False,0,False,500000.0,500000.0,0.0,reject_b_retreat_warming_2day,B额外过滤retreat_state_bucket=warming_2day。
A_plus_B_strict,20251229,NONE,NO_CANDIDATE,,,,,0.0,500000.0,500000.0,,,False,False,,,,,,,False,0,False,500000.0,500000.0,0.0,reject_b_retreat_warming_2day,B额外过滤retreat_state_bucket=warming_2day。
A_plus_B_strict,20251230,NONE,NO_CANDIDATE,,,,,0.0,500000.0,500000.0,,,False,False,,,,,,,False,0,False,500000.0,500000.0,0.0,reject_b_retreat_warming_2day,B额外过滤retreat_state_bucket=warming_2day。
A_plus_B_strict,20251231,A,HISTORICAL_SIM_FILLED,300058.SZ,蓝色光标,chi_next,无,0.1308549259970799,500000.0,565427.4629985399,a_audit_dynamic_account_return,,False,False,,,,,,,False,0,False,500000.0,565427.4629985399,0.0,reject_b_retreat_warming_2day,B额外过滤retreat_state_bucket=warming_2day。
A_plus_B_strict,20260105,A_OR_B,POSITION_OCCUPIED_SKIP,,,,,0.0,565427.4629985399,565427.4629985399,,300058.SZ 蓝色光标,False,False,,,,,,,False,0,False,500000.0,565427.4629985399,0.0,reject_b_retreat_warming_2day,B额外过滤retreat_state_bucket=warming_2day。
A_plus_B_strict,20260106,NONE,NO_CANDIDATE,,,,,0.0,565427.4629985399,565427.4629985399,,,False,False,,,,,,,False,0,False,500000.0,565427.4629985399,0.0,reject_b_retreat_warming_2day,B额外过滤retreat_state_bucket=warming_2day。
A_plus_B_strict,20260107,NONE,NO_CANDIDATE,,,,,0.0,565427.4629985399,565427.4629985399,,,False,False,,,,,,,False,0,False,500000.0,565427.4629985399,0.0,reject_b_retreat_warming_2day,B额外过滤retreat_state_bucket=warming_2day。
A_plus_B_strict,20260108,NONE,NO_CANDIDATE,,,,,0.0,565427.4629985399,565427.4629985399,,,False,False,,,,,,,False,0,False,500000.0,565427.4629985399,0.0,reject_b_retreat_warming_2day,B额外过滤retreat_state_bucket=warming_2day。
A_plus_B_strict,20260109,NONE,NO_CANDIDATE,,,,,0.0,565427.4629985399,565427.4629985399,,,False,False,,,,,,,False,0,False,500000.0,565427.4629985399,0.0,reject_b_retreat_warming_2day,B额外过滤retreat_state_bucket=warming_2day。
A_plus_B_strict,20260112,NONE,NO_CANDIDATE,,,,,0.0,565427.4629985399,565427.4629985399,,,False,False,,,,,,,False,0,False,500000.0,565427.4629985399,0.0,reject_b_retreat_warming_2day,B额外过滤retreat_state_bucket=warming_2day。
A_plus_B_strict,20260113,NONE,NO_CANDIDATE,,,,,0.0,565427.4629985399,565427.4629985399,,,False,False,,,,,,,False,0,False,500000.0,565427.4629985399,0.0,reject_b_retreat_warming_2day,B额外过滤retreat_state_bucket=warming_2day。
A_plus_B_strict,20260114,NONE,NO_CANDIDATE,,,,,0.0,565427.4629985399,565427.4629985399,,,False,False,,,,,,,False,0,False,500000.0,565427.4629985399,0.0,reject_b_retreat_warming_2day,B额外过滤retreat_state_bucket=warming_2day。
A_plus_B_strict,20260115,A,HISTORICAL_SIM_FILLED,301629.SZ,矽电股份,chi_next,无,-0.0338313603969523,565427.4629985399,546298.2827195019,a_audit_dynamic_account_return,,False,False,,,,,,,False,0,False,500000.0,565427.4629985399,-0.03383136039695234,reject_b_retreat_warming_2day,B额外过滤retreat_state_bucket=warming_2day。
A_plus_B_strict,20260116,A_OR_B,POSITION_OCCUPIED_SKIP,,,,,0.0,546298.2827195019,546298.2827195019,,301629.SZ 矽电股份,False,False,,,,,,,False,0,False,500000.0,565427.4629985399,-0.03383136039695234,reject_b_retreat_warming_2day,B额外过滤retreat_state_bucket=warming_2day。
A_plus_B_strict,20260119,A,HISTORICAL_SIM_FILLED,300658.SZ,延江股份,chi_next,无,0.0681174370165976,546298.2827195019,583510.721584923,a_audit_dynamic_account_return,,False,False,,,,,,,False,0,False,500000.0,583510.721584923,0.0,reject_b_retreat_warming_2day,B额外过滤retreat_state_bucket=warming_2day。
A_plus_B_strict,20260120,A_OR_B,POSITION_OCCUPIED_SKIP,,,,,0.0,583510.721584923,583510.721584923,,300658.SZ 延江股份,False,False,,,,,,,False,0,False,500000.0,583510.721584923,0.0,reject_b_retreat_warming_2day,B额外过滤retreat_state_bucket=warming_2day。
A_plus_B_strict,20260121,NONE,NO_CANDIDATE,,,,,0.0,583510.721584923,583510.721584923,,,False,False,,,,,,,False,0,False,500000.0,583510.721584923,0.0,reject_b_retreat_warming_2day,B额外过滤retreat_state_bucket=warming_2day。
A_plus_B_strict,20260122,NONE,NO_CANDIDATE,,,,,0.0,583510.721584923,583510.721584923,,,False,False,,,,,,,False,0,False,500000.0,583510.721584923,0.0,reject_b_retreat_warming_2day,B额外过滤retreat_state_bucket=warming_2day。
A_plus_B_strict,20260123,A,HISTORICAL_SIM_FILLED,920368.BJ,连城数控,bj,无,0.1027727855059111,583510.721584923,643479.7438147697,a_audit_dynamic_account_return,,False,False,,,,,,,False,0,False,500000.0,643479.7438147697,0.0,reject_b_retreat_warming_2day,B额外过滤retreat_state_bucket=warming_2day。
A_plus_B_strict,20260126,A_OR_B,POSITION_OCCUPIED_SKIP,,,,,0.0,643479.7438147697,643479.7438147697,,920368.BJ 连城数控,False,False,,,,,,,False,0,False,500000.0,643479.7438147697,0.0,reject_b_retreat_warming_2day,B额外过滤retreat_state_bucket=warming_2day。
A_plus_B_strict,20260127,NONE,NO_CANDIDATE,,,,,0.0,643479.7438147697,643479.7438147697,,,False,False,,,,,,,False,0,False,500000.0,643479.7438147697,0.0,reject_b_retreat_warming_2day,B额外过滤retreat_state_bucket=warming_2day。
A_plus_B_strict,20260128,A,HISTORICAL_SIM_FILLED,300164.SZ,通源石油,chi_next,无,0.0457725821591917,643479.7438147697,672933.4732563068,a_audit_dynamic_account_return,,False,False,,,,,,,False,0,False,500000.0,672933.4732563068,0.0,reject_b_retreat_warming_2day,B额外过滤retreat_state_bucket=warming_2day。
A_plus_B_strict,20260129,A_OR_B,POSITION_OCCUPIED_SKIP,,,,,0.0,672933.4732563068,672933.4732563068,,300164.SZ 通源石油,False,False,,,,,,,False,0,False,500000.0,672933.4732563068,0.0,reject_b_retreat_warming_2day,B额外过滤retreat_state_bucket=warming_2day。
A_plus_B_strict,20260130,NONE,NO_CANDIDATE,,,,,0.0,672933.4732563068,672933.4732563068,,,False,False,,,,,,,False,0,False,500000.0,672933.4732563068,0.0,reject_b_retreat_warming_2day,B额外过滤retreat_state_bucket=warming_2day。
A_plus_B_strict,20260202,NONE,NO_CANDIDATE,,,,,0.0,672933.4732563068,672933.4732563068,,,False,False,,,,,,,False,0,False,500000.0,672933.4732563068,0.0,reject_b_retreat_warming_2day,B额外过滤retreat_state_bucket=warming_2day。
A_plus_B_strict,20260203,NONE,NO_CANDIDATE,,,,,0.0,672933.4732563068,672933.4732563068,,,False,False,,,,,,,False,0,False,500000.0,672933.4732563068,0.0,reject_b_retreat_warming_2day,B额外过滤retreat_state_bucket=warming_2day。
A_plus_B_strict,20260204,NONE,NO_CANDIDATE,,,,,0.0,672933.4732563068,672933.4732563068,,,False,False,,,,,,,False,0,False,500000.0,672933.4732563068,0.0,reject_b_retreat_warming_2day,B额外过滤retreat_state_bucket=warming_2day。
A_plus_B_strict,20260205,NONE,NO_CANDIDATE,,,,,0.0,672933.4732563068,672933.4732563068,,,False,False,,,,,,,False,0,False,500000.0,672933.4732563068,0.0,reject_b_retreat_warming_2day,B额外过滤retreat_state_bucket=warming_2day。
A_plus_B_strict,20260206,NONE,NO_CANDIDATE,,,,,0.0,672933.4732563068,672933.4732563068,,,False,False,,,,,,,False,0,False,500000.0,672933.4732563068,0.0,reject_b_retreat_warming_2day,B额外过滤retreat_state_bucket=warming_2day。
A_plus_B_strict,20260209,NONE,NO_CANDIDATE,,,,,0.0,672933.4732563068,672933.4732563068,,,False,False,,,,,,,False,0,False,500000.0,672933.4732563068,0.0,reject_b_retreat_warming_2day,B额外过滤retreat_state_bucket=warming_2day。
A_plus_B_strict,20260210,NONE,NO_CANDIDATE,,,,,0.0,672933.4732563068,672933.4732563068,,,False,False,,,,,,,False,0,False,500000.0,672933.4732563068,0.0,reject_b_retreat_warming_2day,B额外过滤retreat_state_bucket=warming_2day。
A_plus_B_strict,20260211,NONE,NO_CANDIDATE,,,,,0.0,672933.4732563068,672933.4732563068,,,False,False,,,,,,,False,0,False,500000.0,672933.4732563068,0.0,reject_b_retreat_warming_2day,B额外过滤retreat_state_bucket=warming_2day。
A_plus_B_strict,20260212,NONE,NO_CANDIDATE,,,,,0.0,672933.4732563068,672933.4732563068,,,False,False,,,,,,,False,0,False,500000.0,672933.4732563068,0.0,reject_b_retreat_warming_2day,B额外过滤retreat_state_bucket=warming_2day。
A_plus_B_strict,20260213,NONE,NO_CANDIDATE,,,,,0.0,672933.4732563068,672933.4732563068,,,False,False,,,,,,,False,0,False,500000.0,672933.4732563068,0.0,reject_b_retreat_warming_2day,B额外过滤retreat_state_bucket=warming_2day。
A_plus_B_strict,20260224,NONE,NO_CANDIDATE,,,,,0.0,672933.4732563068,672933.4732563068,,,False,False,,,,,,,False,0,False,500000.0,672933.4732563068,0.0,reject_b_retreat_warming_2day,B额外过滤retreat_state_bucket=warming_2day。
A_plus_B_strict,20260225,NONE,NO_CANDIDATE,,,,,0.0,672933.4732563068,672933.4732563068,,,False,False,,,,,,,False,0,False,500000.0,672933.4732563068,0.0,reject_b_retreat_warming_2day,B额外过滤retreat_state_bucket=warming_2day。
A_plus_B_strict,20260226,A,HISTORICAL_SIM_FILLED,300499.SZ,高澜股份,chi_next,无,0.0193948880593092,672933.4732563068,685984.942641475,a_audit_dynamic_account_return,,False,False,,,,,,,False,0,False,500000.0,685984.942641475,0.0,reject_b_retreat_warming_2day,B额外过滤retreat_state_bucket=warming_2day。
A_plus_B_strict,20260227,A_OR_B,POSITION_OCCUPIED_SKIP,,,,,0.0,685984.942641475,685984.942641475,,300499.SZ 高澜股份,False,False,,,,,,,False,0,False,500000.0,685984.942641475,0.0,reject_b_retreat_warming_2day,B额外过滤retreat_state_bucket=warming_2day。
A_plus_B_strict,20260302,NONE,NO_CANDIDATE,,,,,0.0,685984.942641475,685984.942641475,,,False,False,,,,,,,False,0,False,500000.0,685984.942641475,0.0,reject_b_retreat_warming_2day,B额外过滤retreat_state_bucket=warming_2day。
A_plus_B_strict,20260303,NONE,NO_CANDIDATE,,,,,0.0,685984.942641475,685984.942641475,,,False,False,,,,,,,False,0,False,500000.0,685984.942641475,0.0,reject_b_retreat_warming_2day,B额外过滤retreat_state_bucket=warming_2day。
A_plus_B_strict,20260304,NONE,NO_CANDIDATE,,,,,0.0,685984.942641475,685984.942641475,,,False,False,,,,,,,False,0,False,500000.0,685984.942641475,0.0,reject_b_retreat_warming_2day,B额外过滤retreat_state_bucket=warming_2day。
A_plus_B_strict,20260305,NONE,NO_CANDIDATE,,,,,0.0,685984.942641475,685984.942641475,,,False,False,,,,,,,False,0,False,500000.0,685984.942641475,0.0,reject_b_retreat_warming_2day,B额外过滤retreat_state_bucket=warming_2day。
A_plus_B_strict,20260306,NONE,NO_CANDIDATE,,,,,0.0,685984.942641475,685984.942641475,,,False,False,,,,,,,False,0,False,500000.0,685984.942641475,0.0,reject_b_retreat_warming_2day,B额外过滤retreat_state_bucket=warming_2day。
A_plus_B_strict,20260309,A,REVIEW_REQUIRED_PLAN_ONLY,301606.SZ,绿联科技,chi_next,LOSS_OVERLAY_WATCH,0.0,685984.942641475,685984.942641475,manual_review_skip,,False,False,,,,,,,False,0,False,500000.0,685984.942641475,0.0,reject_b_retreat_warming_2day,B额外过滤retreat_state_bucket=warming_2day。
A_plus_B_strict,20260310,NONE,NO_CANDIDATE,,,,,0.0,685984.942641475,685984.942641475,,,False,False,,,,,,,False,0,False,500000.0,685984.942641475,0.0,reject_b_retreat_warming_2day,B额外过滤retreat_state_bucket=warming_2day。
A_plus_B_strict,20260311,B,HISTORICAL_SIM_FILLED,603778.SH,国晟科技,sh_main,无,-0.015549181976524854,685984.942641475,675318.4379351868,b_conservative_daily_replay,,True,True,,,20260312,20260313,20.840819999999997,20.46951,False,0,False,500000.0,685984.942641475,-0.015549181976524773,reject_b_retreat_warming_2day,B额外过滤retreat_state_bucket=warming_2day。
A_plus_B_strict,20260312,A_OR_B,POSITION_OCCUPIED_SKIP,,,,,0.0,675318.4379351868,675318.4379351868,,603778.SH 国晟科技,False,False,,,,,,,False,0,False,500000.0,685984.942641475,-0.015549181976524773,reject_b_retreat_warming_2day,B额外过滤retreat_state_bucket=warming_2day。
A_plus_B_strict,20260313,B,HISTORICAL_SIM_FILLED,603248.SH,锡华科技,sh_main,无,0.14196793827778875,675318.4379351868,771192.0042498221,b_conservative_daily_replay,,True,True,,,20260316,20260317,28.908879999999996,34.085879999999996,False,0,False,500000.0,771192.0042498221,0.0,reject_b_retreat_warming_2day,B额外过滤retreat_state_bucket=warming_2day。
A_plus_B_strict,20260316,A_OR_B,POSITION_OCCUPIED_SKIP,,,,,0.0,771192.0042498221,771192.0042498221,,603248.SH 锡华科技,False,False,,,,,,,False,0,False,500000.0,771192.0042498221,0.0,reject_b_retreat_warming_2day,B额外过滤retreat_state_bucket=warming_2day。
A_plus_B_strict,20260317,NONE,NO_CANDIDATE,,,,,0.0,771192.0042498221,771192.0042498221,,,False,False,,,,,,,False,0,False,500000.0,771192.0042498221,0.0,reject_b_retreat_warming_2day,B额外过滤retreat_state_bucket=warming_2day。
A_plus_B_strict,20260318,NONE,NO_CANDIDATE,,,,,0.0,771192.0042498221,771192.0042498221,,,False,False,,,,,,,False,0,False,500000.0,771192.0042498221,0.0,reject_b_retreat_warming_2day,B额外过滤retreat_state_bucket=warming_2day。
A_plus_B_strict,20260319,NONE,NO_CANDIDATE,,,,,0.0,771192.0042498221,771192.0042498221,,,False,False,,,,,,,False,0,False,500000.0,771192.0042498221,0.0,reject_b_retreat_warming_2day,B额外过滤retreat_state_bucket=warming_2day。
A_plus_B_strict,20260320,NONE,NO_CANDIDATE,,,,,0.0,771192.0042498221,771192.0042498221,,,False,False,,,,,,,False,0,False,500000.0,771192.0042498221,0.0,reject_b_retreat_warming_2day,B额外过滤retreat_state_bucket=warming_2day。
A_plus_B_strict,20260323,NONE,NO_CANDIDATE,,,,,0.0,771192.0042498221,771192.0042498221,,,False,False,,,,,,,False,0,False,500000.0,771192.0042498221,0.0,reject_b_retreat_warming_2day,B额外过滤retreat_state_bucket=warming_2day。
A_plus_B_strict,20260324,B,HISTORICAL_SIM_FILLED,601016.SH,节能风电,sh_main,无,0.05001172841616214,771192.0042498221,809760.64932308,b_conservative_daily_replay,,True,True,,,20260325,20260326,4.98498,5.30469,False,0,False,500000.0,809760.64932308,0.0,reject_b_retreat_warming_2day,B额外过滤retreat_state_bucket=warming_2day。
A_plus_B_strict,20260325,A_OR_B,POSITION_OCCUPIED_SKIP,,,,,0.0,809760.64932308,809760.64932308,,601016.SH 节能风电,False,False,,,,,,,False,0,False,500000.0,809760.64932308,0.0,reject_b_retreat_warming_2day,B额外过滤retreat_state_bucket=warming_2day。
A_plus_B_strict,20260326,NONE,NO_CANDIDATE,,,,,0.0,809760.64932308,809760.64932308,,,False,False,,,,,,,False,0,False,500000.0,809760.64932308,0.0,reject_b_retreat_warming_2day,B额外过滤retreat_state_bucket=warming_2day。
A_plus_B_strict,20260327,A,HISTORICAL_SIM_FILLED,300204.SZ,舒泰神,chi_next,无,0.0397618491523106,809760.64932308,841958.2301109413,a_audit_dynamic_account_return,,False,False,,,,,,,False,0,False,500000.0,841958.2301109413,0.0,reject_b_retreat_warming_2day,B额外过滤retreat_state_bucket=warming_2day。
A_plus_B_strict,20260330,A_OR_B,POSITION_OCCUPIED_SKIP,,,,,0.0,841958.2301109413,841958.2301109413,,300204.SZ 舒泰神,False,False,,,,,,,False,0,False,500000.0,841958.2301109413,0.0,reject_b_retreat_warming_2day,B额外过滤retreat_state_bucket=warming_2day。
A_plus_B_strict,20260331,NONE,NO_CANDIDATE,,,,,0.0,841958.2301109413,841958.2301109413,,,False,False,,,,,,,False,0,False,500000.0,841958.2301109413,0.0,reject_b_retreat_warming_2day,B额外过滤retreat_state_bucket=warming_2day。
A_plus_B_strict,20260401,NONE,NO_CANDIDATE,,,,,0.0,841958.2301109413,841958.2301109413,,,False,False,,,,,,,False,0,False,500000.0,841958.2301109413,0.0,reject_b_retreat_warming_2day,B额外过滤retreat_state_bucket=warming_2day。
A_plus_B_strict,20260402,NONE,NO_CANDIDATE,,,,,0.0,841958.2301109413,841958.2301109413,,,False,False,,,,,,,False,0,False,500000.0,841958.2301109413,0.0,reject_b_retreat_warming_2day,B额外过滤retreat_state_bucket=warming_2day。
A_plus_B_strict,20260403,NONE,NO_CANDIDATE,,,,,0.0,841958.2301109413,841958.2301109413,,,False,False,,,,,,,False,0,False,500000.0,841958.2301109413,0.0,reject_b_retreat_warming_2day,B额外过滤retreat_state_bucket=warming_2day。
A_plus_B_strict,20260407,NONE,NO_CANDIDATE,,,,,0.0,841958.2301109413,841958.2301109413,,,False,False,,,,,,,False,0,False,500000.0,841958.2301109413,0.0,reject_b_retreat_warming_2day,B额外过滤retreat_state_bucket=warming_2day。
A_plus_B_strict,20260408,NONE,NO_CANDIDATE,,,,,0.0,841958.2301109413,841958.2301109413,,,False,False,,,,,,,False,0,False,500000.0,841958.2301109413,0.0,reject_b_retreat_warming_2day,B额外过滤retreat_state_bucket=warming_2day。
A_plus_B_strict,20260409,A,HISTORICAL_SIM_FILLED,300489.SZ,光智科技,chi_next,无,0.0826627480845445,841958.2301109413,911556.811184311,a_audit_dynamic_account_return,,False,False,,,,,,,False,0,False,500000.0,911556.811184311,0.0,reject_b_retreat_warming_2day,B额外过滤retreat_state_bucket=warming_2day。
A_plus_B_strict,20260410,A_OR_B,POSITION_OCCUPIED_SKIP,,,,,0.0,911556.811184311,911556.811184311,,300489.SZ 光智科技,False,False,,,,,,,False,0,False,500000.0,911556.811184311,0.0,reject_b_retreat_warming_2day,B额外过滤retreat_state_bucket=warming_2day。
A_plus_B_strict,20260413,B,HISTORICAL_SIM_FILLED,000968.SZ,蓝焰控股,sz_main,无,-0.049626241187383915,911556.811184311,866319.6730164759,b_conservative_daily_replay,,True,True,,,20260414,20260415,10.090079999999999,9.48051,False,0,False,500000.0,911556.811184311,-0.0496262411873839,reject_b_retreat_warming_2day,B额外过滤retreat_state_bucket=warming_2day。
A_plus_B_strict,20260414,A_OR_B,POSITION_OCCUPIED_SKIP,,,,,0.0,866319.6730164759,866319.6730164759,,000968.SZ 蓝焰控股,False,False,,,,,,,False,0,False,500000.0,911556.811184311,-0.0496262411873839,reject_b_retreat_warming_2day,B额外过滤retreat_state_bucket=warming_2day。
A_plus_B_strict,20260415,NONE,NO_CANDIDATE,,,,,0.0,866319.6730164759,866319.6730164759,,,False,False,,,,,,,False,0,False,500000.0,911556.811184311,-0.0496262411873839,reject_b_retreat_warming_2day,B额外过滤retreat_state_bucket=warming_2day。
A_plus_B_strict,20260416,NONE,NO_CANDIDATE,,,,,0.0,866319.6730164759,866319.6730164759,,,False,False,,,,,,,False,0,False,500000.0,911556.811184311,-0.0496262411873839,reject_b_retreat_warming_2day,B额外过滤retreat_state_bucket=warming_2day。
A_plus_B_strict,20260417,A,HISTORICAL_SIM_FILLED,301319.SZ,唯特偶,chi_next,无,0.0352808081329955,866319.6730164759,896884.1311820095,a_audit_dynamic_account_return,,False,False,,,,,,,False,0,False,500000.0,911556.811184311,-0.016096286948082295,reject_b_retreat_warming_2day,B额外过滤retreat_state_bucket=warming_2day。
A_plus_B_strict,20260420,A_OR_B,POSITION_OCCUPIED_SKIP,,,,,0.0,896884.1311820095,896884.1311820095,,301319.SZ 唯特偶,False,False,,,,,,,False,0,False,500000.0,911556.811184311,-0.016096286948082295,reject_b_retreat_warming_2day,B额外过滤retreat_state_bucket=warming_2day。
A_plus_B_strict,20260421,NONE,NO_CANDIDATE,,,,,0.0,896884.1311820095,896884.1311820095,,,False,False,,,,,,,False,0,False,500000.0,911556.811184311,-0.016096286948082295,reject_b_retreat_warming_2day,B额外过滤retreat_state_bucket=warming_2day。
A_plus_B_strict,20260422,NONE,NO_CANDIDATE,,,,,0.0,896884.1311820095,896884.1311820095,,,False,False,,,,,,,False,0,False,500000.0,911556.811184311,-0.016096286948082295,reject_b_retreat_warming_2day,B额外过滤retreat_state_bucket=warming_2day。
A_plus_B_strict,20260423,NONE,NO_CANDIDATE,,,,,0.0,896884.1311820095,896884.1311820095,,,False,False,,,,,,,False,0,False,500000.0,911556.811184311,-0.016096286948082295,reject_b_retreat_warming_2day,B额外过滤retreat_state_bucket=warming_2day。
A_plus_B_strict,20260424,NONE,NO_CANDIDATE,,,,,0.0,896884.1311820095,896884.1311820095,,,False,False,,,,,,,False,0,False,500000.0,911556.811184311,-0.016096286948082295,reject_b_retreat_warming_2day,B额外过滤retreat_state_bucket=warming_2day。
A_plus_B_strict,20260427,NONE,NO_CANDIDATE,,,,,0.0,896884.1311820095,896884.1311820095,,,False,False,,,,,,,False,0,False,500000.0,911556.811184311,-0.016096286948082295,reject_b_retreat_warming_2day,B额外过滤retreat_state_bucket=warming_2day。
A_plus_B_strict,20260428,NONE,NO_CANDIDATE,,,,,0.0,896884.1311820095,896884.1311820095,,,False,False,,,,,,,False,0,False,500000.0,911556.811184311,-0.016096286948082295,reject_b_retreat_warming_2day,B额外过滤retreat_state_bucket=warming_2day。
A_plus_B_strict,20260429,NONE,NO_CANDIDATE,,,,,0.0,896884.1311820095,896884.1311820095,,,False,False,,,,,,,False,0,False,500000.0,911556.811184311,-0.016096286948082295,reject_b_retreat_warming_2day,B额外过滤retreat_state_bucket=warming_2day。
A_plus_B_strict,20260430,NONE,NO_CANDIDATE,,,,,0.0,896884.1311820095,896884.1311820095,,,False,False,,,,,,,False,0,False,500000.0,911556.811184311,-0.016096286948082295,reject_b_retreat_warming_2day,B额外过滤retreat_state_bucket=warming_2day。
A_plus_B_strict,20260506,NONE,NO_CANDIDATE,,,,,0.0,896884.1311820095,896884.1311820095,,,False,False,,,,,,,False,0,False,500000.0,911556.811184311,-0.016096286948082295,reject_b_retreat_warming_2day,B额外过滤retreat_state_bucket=warming_2day。
A_plus_B_strict,20260507,B,HISTORICAL_SIM_FILLED,603256.SH,宏和科技,sh_main,无,0.02464048591717308,896884.1311820095,918983.7919857359,b_conservative_daily_replay,,True,True,,,20260508,20260511,145.12497999999997,149.83002,False,0,False,500000.0,918983.7919857359,0.0,reject_b_retreat_warming_2day,B额外过滤retreat_state_bucket=warming_2day。
A_plus_B_strict,20260508,A_OR_B,POSITION_OCCUPIED_SKIP,,,,,0.0,918983.7919857359,918983.7919857359,,603256.SH 宏和科技,False,False,,,,,,,False,0,False,500000.0,918983.7919857359,0.0,reject_b_retreat_warming_2day,B额外过滤retreat_state_bucket=warming_2day。
A_plus_B_strict,20260511,NONE,NO_CANDIDATE,,,,,0.0,918983.7919857359,918983.7919857359,,,False,False,,,,,,,False,0,False,500000.0,918983.7919857359,0.0,reject_b_retreat_warming_2day,B额外过滤retreat_state_bucket=warming_2day。
A_plus_B_strict,20260512,NONE,NO_CANDIDATE,,,,,0.0,918983.7919857359,918983.7919857359,,,False,False,,,,,,,False,0,False,500000.0,918983.7919857359,0.0,reject_b_retreat_warming_2day,B额外过滤retreat_state_bucket=warming_2day。
A_plus_B_strict,20260513,NONE,NO_CANDIDATE,,,,,0.0,918983.7919857359,918983.7919857359,,,False,False,,,,,,,False,0,False,500000.0,918983.7919857359,0.0,reject_b_retreat_warming_2day,B额外过滤retreat_state_bucket=warming_2day。
A_plus_B_strict,20260514,NONE,NO_CANDIDATE,,,,,0.0,918983.7919857359,918983.7919857359,,,False,False,,,,,,,False,0,False,500000.0,918983.7919857359,0.0,reject_b_retreat_warming_2day,B额外过滤retreat_state_bucket=warming_2day。
A_plus_B_strict,20251224,NONE,NO_CANDIDATE,,,,,0.0,500000.0,500000.0,,,False,False,,,,,,,False,0,False,500000.0,500000.0,0.0,reject_b_market_emotion_warming,B额外过滤market_emotion_state_bucket=warming。
A_plus_B_strict,20251225,NONE,NO_CANDIDATE,,,,,0.0,500000.0,500000.0,,,False,False,,,,,,,False,0,False,500000.0,500000.0,0.0,reject_b_market_emotion_warming,B额外过滤market_emotion_state_bucket=warming。
A_plus_B_strict,20251226,NONE,NO_CANDIDATE,,,,,0.0,500000.0,500000.0,,,False,False,,,,,,,False,0,False,500000.0,500000.0,0.0,reject_b_market_emotion_warming,B额外过滤market_emotion_state_bucket=warming。
A_plus_B_strict,20251229,NONE,NO_CANDIDATE,,,,,0.0,500000.0,500000.0,,,False,False,,,,,,,False,0,False,500000.0,500000.0,0.0,reject_b_market_emotion_warming,B额外过滤market_emotion_state_bucket=warming。
A_plus_B_strict,20251230,NONE,NO_CANDIDATE,,,,,0.0,500000.0,500000.0,,,False,False,,,,,,,False,0,False,500000.0,500000.0,0.0,reject_b_market_emotion_warming,B额外过滤market_emotion_state_bucket=warming。
A_plus_B_strict,20251231,A,HISTORICAL_SIM_FILLED,300058.SZ,蓝色光标,chi_next,无,0.1308549259970799,500000.0,565427.4629985399,a_audit_dynamic_account_return,,False,False,,,,,,,False,0,False,500000.0,565427.4629985399,0.0,reject_b_market_emotion_warming,B额外过滤market_emotion_state_bucket=warming。
A_plus_B_strict,20260105,A_OR_B,POSITION_OCCUPIED_SKIP,,,,,0.0,565427.4629985399,565427.4629985399,,300058.SZ 蓝色光标,False,False,,,,,,,False,0,False,500000.0,565427.4629985399,0.0,reject_b_market_emotion_warming,B额外过滤market_emotion_state_bucket=warming。
A_plus_B_strict,20260106,NONE,NO_CANDIDATE,,,,,0.0,565427.4629985399,565427.4629985399,,,False,False,,,,,,,False,0,False,500000.0,565427.4629985399,0.0,reject_b_market_emotion_warming,B额外过滤market_emotion_state_bucket=warming。
A_plus_B_strict,20260107,NONE,NO_CANDIDATE,,,,,0.0,565427.4629985399,565427.4629985399,,,False,False,,,,,,,False,0,False,500000.0,565427.4629985399,0.0,reject_b_market_emotion_warming,B额外过滤market_emotion_state_bucket=warming。
A_plus_B_strict,20260108,NONE,NO_CANDIDATE,,,,,0.0,565427.4629985399,565427.4629985399,,,False,False,,,,,,,False,0,False,500000.0,565427.4629985399,0.0,reject_b_market_emotion_warming,B额外过滤market_emotion_state_bucket=warming。
A_plus_B_strict,20260109,NONE,NO_CANDIDATE,,,,,0.0,565427.4629985399,565427.4629985399,,,False,False,,,,,,,False,0,False,500000.0,565427.4629985399,0.0,reject_b_market_emotion_warming,B额外过滤market_emotion_state_bucket=warming。
A_plus_B_strict,20260112,NONE,NO_CANDIDATE,,,,,0.0,565427.4629985399,565427.4629985399,,,False,False,,,,,,,False,0,False,500000.0,565427.4629985399,0.0,reject_b_market_emotion_warming,B额外过滤market_emotion_state_bucket=warming。
A_plus_B_strict,20260113,NONE,NO_CANDIDATE,,,,,0.0,565427.4629985399,565427.4629985399,,,False,False,,,,,,,False,0,False,500000.0,565427.4629985399,0.0,reject_b_market_emotion_warming,B额外过滤market_emotion_state_bucket=warming。
A_plus_B_strict,20260114,NONE,NO_CANDIDATE,,,,,0.0,565427.4629985399,565427.4629985399,,,False,False,,,,,,,False,0,False,500000.0,565427.4629985399,0.0,reject_b_market_emotion_warming,B额外过滤market_emotion_state_bucket=warming。
A_plus_B_strict,20260115,A,HISTORICAL_SIM_FILLED,301629.SZ,矽电股份,chi_next,无,-0.0338313603969523,565427.4629985399,546298.2827195019,a_audit_dynamic_account_return,,False,False,,,,,,,False,0,False,500000.0,565427.4629985399,-0.03383136039695234,reject_b_market_emotion_warming,B额外过滤market_emotion_state_bucket=warming。
A_plus_B_strict,20260116,A_OR_B,POSITION_OCCUPIED_SKIP,,,,,0.0,546298.2827195019,546298.2827195019,,301629.SZ 矽电股份,False,False,,,,,,,False,0,False,500000.0,565427.4629985399,-0.03383136039695234,reject_b_market_emotion_warming,B额外过滤market_emotion_state_bucket=warming。
A_plus_B_strict,20260119,A,HISTORICAL_SIM_FILLED,300658.SZ,延江股份,chi_next,无,0.0681174370165976,546298.2827195019,583510.721584923,a_audit_dynamic_account_return,,False,False,,,,,,,False,0,False,500000.0,583510.721584923,0.0,reject_b_market_emotion_warming,B额外过滤market_emotion_state_bucket=warming。
A_plus_B_strict,20260120,A_OR_B,POSITION_OCCUPIED_SKIP,,,,,0.0,583510.721584923,583510.721584923,,300658.SZ 延江股份,False,False,,,,,,,False,0,False,500000.0,583510.721584923,0.0,reject_b_market_emotion_warming,B额外过滤market_emotion_state_bucket=warming。
A_plus_B_strict,20260121,NONE,NO_CANDIDATE,,,,,0.0,583510.721584923,583510.721584923,,,False,False,,,,,,,False,0,False,500000.0,583510.721584923,0.0,reject_b_market_emotion_warming,B额外过滤market_emotion_state_bucket=warming。
A_plus_B_strict,20260122,NONE,NO_CANDIDATE,,,,,0.0,583510.721584923,583510.721584923,,,False,False,,,,,,,False,0,False,500000.0,583510.721584923,0.0,reject_b_market_emotion_warming,B额外过滤market_emotion_state_bucket=warming。
A_plus_B_strict,20260123,A,HISTORICAL_SIM_FILLED,920368.BJ,连城数控,bj,无,0.1027727855059111,583510.721584923,643479.7438147697,a_audit_dynamic_account_return,,False,False,,,,,,,False,0,False,500000.0,643479.7438147697,0.0,reject_b_market_emotion_warming,B额外过滤market_emotion_state_bucket=warming。
A_plus_B_strict,20260126,A_OR_B,POSITION_OCCUPIED_SKIP,,,,,0.0,643479.7438147697,643479.7438147697,,920368.BJ 连城数控,False,False,,,,,,,False,0,False,500000.0,643479.7438147697,0.0,reject_b_market_emotion_warming,B额外过滤market_emotion_state_bucket=warming。
A_plus_B_strict,20260127,NONE,NO_CANDIDATE,,,,,0.0,643479.7438147697,643479.7438147697,,,False,False,,,,,,,False,0,False,500000.0,643479.7438147697,0.0,reject_b_market_emotion_warming,B额外过滤market_emotion_state_bucket=warming。
A_plus_B_strict,20260128,A,HISTORICAL_SIM_FILLED,300164.SZ,通源石油,chi_next,无,0.0457725821591917,643479.7438147697,672933.4732563068,a_audit_dynamic_account_return,,False,False,,,,,,,False,0,False,500000.0,672933.4732563068,0.0,reject_b_market_emotion_warming,B额外过滤market_emotion_state_bucket=warming。
A_plus_B_strict,20260129,A_OR_B,POSITION_OCCUPIED_SKIP,,,,,0.0,672933.4732563068,672933.4732563068,,300164.SZ 通源石油,False,False,,,,,,,False,0,False,500000.0,672933.4732563068,0.0,reject_b_market_emotion_warming,B额外过滤market_emotion_state_bucket=warming。
A_plus_B_strict,20260130,NONE,NO_CANDIDATE,,,,,0.0,672933.4732563068,672933.4732563068,,,False,False,,,,,,,False,0,False,500000.0,672933.4732563068,0.0,reject_b_market_emotion_warming,B额外过滤market_emotion_state_bucket=warming。
A_plus_B_strict,20260202,NONE,NO_CANDIDATE,,,,,0.0,672933.4732563068,672933.4732563068,,,False,False,,,,,,,False,0,False,500000.0,672933.4732563068,0.0,reject_b_market_emotion_warming,B额外过滤market_emotion_state_bucket=warming。
A_plus_B_strict,20260203,NONE,NO_CANDIDATE,,,,,0.0,672933.4732563068,672933.4732563068,,,False,False,,,,,,,False,0,False,500000.0,672933.4732563068,0.0,reject_b_market_emotion_warming,B额外过滤market_emotion_state_bucket=warming。
A_plus_B_strict,20260204,NONE,NO_CANDIDATE,,,,,0.0,672933.4732563068,672933.4732563068,,,False,False,,,,,,,False,0,False,500000.0,672933.4732563068,0.0,reject_b_market_emotion_warming,B额外过滤market_emotion_state_bucket=warming。
A_plus_B_strict,20260205,NONE,NO_CANDIDATE,,,,,0.0,672933.4732563068,672933.4732563068,,,False,False,,,,,,,False,0,False,500000.0,672933.4732563068,0.0,reject_b_market_emotion_warming,B额外过滤market_emotion_state_bucket=warming。
A_plus_B_strict,20260206,NONE,NO_CANDIDATE,,,,,0.0,672933.4732563068,672933.4732563068,,,False,False,,,,,,,False,0,False,500000.0,672933.4732563068,0.0,reject_b_market_emotion_warming,B额外过滤market_emotion_state_bucket=warming。
A_plus_B_strict,20260209,NONE,NO_CANDIDATE,,,,,0.0,672933.4732563068,672933.4732563068,,,False,False,,,,,,,False,0,False,500000.0,672933.4732563068,0.0,reject_b_market_emotion_warming,B额外过滤market_emotion_state_bucket=warming。
A_plus_B_strict,20260210,NONE,NO_CANDIDATE,,,,,0.0,672933.4732563068,672933.4732563068,,,False,False,,,,,,,False,0,False,500000.0,672933.4732563068,0.0,reject_b_market_emotion_warming,B额外过滤market_emotion_state_bucket=warming。
A_plus_B_strict,20260211,NONE,NO_CANDIDATE,,,,,0.0,672933.4732563068,672933.4732563068,,,False,False,,,,,,,False,0,False,500000.0,672933.4732563068,0.0,reject_b_market_emotion_warming,B额外过滤market_emotion_state_bucket=warming。
A_plus_B_strict,20260212,NONE,NO_CANDIDATE,,,,,0.0,672933.4732563068,672933.4732563068,,,False,False,,,,,,,False,0,False,500000.0,672933.4732563068,0.0,reject_b_market_emotion_warming,B额外过滤market_emotion_state_bucket=warming。
A_plus_B_strict,20260213,NONE,NO_CANDIDATE,,,,,0.0,672933.4732563068,672933.4732563068,,,False,False,,,,,,,False,0,False,500000.0,672933.4732563068,0.0,reject_b_market_emotion_warming,B额外过滤market_emotion_state_bucket=warming。
A_plus_B_strict,20260224,NONE,NO_CANDIDATE,,,,,0.0,672933.4732563068,672933.4732563068,,,False,False,,,,,,,False,0,False,500000.0,672933.4732563068,0.0,reject_b_market_emotion_warming,B额外过滤market_emotion_state_bucket=warming。
A_plus_B_strict,20260225,NONE,NO_CANDIDATE,,,,,0.0,672933.4732563068,672933.4732563068,,,False,False,,,,,,,False,0,False,500000.0,672933.4732563068,0.0,reject_b_market_emotion_warming,B额外过滤market_emotion_state_bucket=warming。
A_plus_B_strict,20260226,A,HISTORICAL_SIM_FILLED,300499.SZ,高澜股份,chi_next,无,0.0193948880593092,672933.4732563068,685984.942641475,a_audit_dynamic_account_return,,False,False,,,,,,,False,0,False,500000.0,685984.942641475,0.0,reject_b_market_emotion_warming,B额外过滤market_emotion_state_bucket=warming。
A_plus_B_strict,20260227,A_OR_B,POSITION_OCCUPIED_SKIP,,,,,0.0,685984.942641475,685984.942641475,,300499.SZ 高澜股份,False,False,,,,,,,False,0,False,500000.0,685984.942641475,0.0,reject_b_market_emotion_warming,B额外过滤market_emotion_state_bucket=warming。
A_plus_B_strict,20260302,NONE,NO_CANDIDATE,,,,,0.0,685984.942641475,685984.942641475,,,False,False,,,,,,,False,0,False,500000.0,685984.942641475,0.0,reject_b_market_emotion_warming,B额外过滤market_emotion_state_bucket=warming。
A_plus_B_strict,20260303,NONE,NO_CANDIDATE,,,,,0.0,685984.942641475,685984.942641475,,,False,False,,,,,,,False,0,False,500000.0,685984.942641475,0.0,reject_b_market_emotion_warming,B额外过滤market_emotion_state_bucket=warming。
A_plus_B_strict,20260304,NONE,NO_CANDIDATE,,,,,0.0,685984.942641475,685984.942641475,,,False,False,,,,,,,False,0,False,500000.0,685984.942641475,0.0,reject_b_market_emotion_warming,B额外过滤market_emotion_state_bucket=warming。
A_plus_B_strict,20260305,NONE,NO_CANDIDATE,,,,,0.0,685984.942641475,685984.942641475,,,False,False,,,,,,,False,0,False,500000.0,685984.942641475,0.0,reject_b_market_emotion_warming,B额外过滤market_emotion_state_bucket=warming。
A_plus_B_strict,20260306,NONE,NO_CANDIDATE,,,,,0.0,685984.942641475,685984.942641475,,,False,False,,,,,,,False,0,False,500000.0,685984.942641475,0.0,reject_b_market_emotion_warming,B额外过滤market_emotion_state_bucket=warming。
A_plus_B_strict,20260309,A,REVIEW_REQUIRED_PLAN_ONLY,301606.SZ,绿联科技,chi_next,LOSS_OVERLAY_WATCH,0.0,685984.942641475,685984.942641475,manual_review_skip,,False,False,,,,,,,False,0,False,500000.0,685984.942641475,0.0,reject_b_market_emotion_warming,B额外过滤market_emotion_state_bucket=warming。
A_plus_B_strict,20260310,NONE,NO_CANDIDATE,,,,,0.0,685984.942641475,685984.942641475,,,False,False,,,,,,,False,0,False,500000.0,685984.942641475,0.0,reject_b_market_emotion_warming,B额外过滤market_emotion_state_bucket=warming。
A_plus_B_strict,20260311,B,HISTORICAL_SIM_FILLED,603778.SH,国晟科技,sh_main,无,-0.015549181976524854,685984.942641475,675318.4379351868,b_conservative_daily_replay,,True,True,,,20260312,20260313,20.840819999999997,20.46951,False,0,False,500000.0,685984.942641475,-0.015549181976524773,reject_b_market_emotion_warming,B额外过滤market_emotion_state_bucket=warming。
A_plus_B_strict,20260312,A_OR_B,POSITION_OCCUPIED_SKIP,,,,,0.0,675318.4379351868,675318.4379351868,,603778.SH 国晟科技,False,False,,,,,,,False,0,False,500000.0,685984.942641475,-0.015549181976524773,reject_b_market_emotion_warming,B额外过滤market_emotion_state_bucket=warming。
A_plus_B_strict,20260313,B,HISTORICAL_SIM_FILLED,603248.SH,锡华科技,sh_main,无,0.14196793827778875,675318.4379351868,771192.0042498221,b_conservative_daily_replay,,True,True,,,20260316,20260317,28.908879999999996,34.085879999999996,False,0,False,500000.0,771192.0042498221,0.0,reject_b_market_emotion_warming,B额外过滤market_emotion_state_bucket=warming。
A_plus_B_strict,20260316,A_OR_B,POSITION_OCCUPIED_SKIP,,,,,0.0,771192.0042498221,771192.0042498221,,603248.SH 锡华科技,False,False,,,,,,,False,0,False,500000.0,771192.0042498221,0.0,reject_b_market_emotion_warming,B额外过滤market_emotion_state_bucket=warming。
A_plus_B_strict,20260317,NONE,NO_CANDIDATE,,,,,0.0,771192.0042498221,771192.0042498221,,,False,False,,,,,,,False,0,False,500000.0,771192.0042498221,0.0,reject_b_market_emotion_warming,B额外过滤market_emotion_state_bucket=warming。
A_plus_B_strict,20260318,NONE,NO_CANDIDATE,,,,,0.0,771192.0042498221,771192.0042498221,,,False,False,,,,,,,False,0,False,500000.0,771192.0042498221,0.0,reject_b_market_emotion_warming,B额外过滤market_emotion_state_bucket=warming。
A_plus_B_strict,20260319,NONE,NO_CANDIDATE,,,,,0.0,771192.0042498221,771192.0042498221,,,False,False,,,,,,,False,0,False,500000.0,771192.0042498221,0.0,reject_b_market_emotion_warming,B额外过滤market_emotion_state_bucket=warming。
A_plus_B_strict,20260320,NONE,NO_CANDIDATE,,,,,0.0,771192.0042498221,771192.0042498221,,,False,False,,,,,,,False,0,False,500000.0,771192.0042498221,0.0,reject_b_market_emotion_warming,B额外过滤market_emotion_state_bucket=warming。
A_plus_B_strict,20260323,NONE,NO_CANDIDATE,,,,,0.0,771192.0042498221,771192.0042498221,,,False,False,,,,,,,False,0,False,500000.0,771192.0042498221,0.0,reject_b_market_emotion_warming,B额外过滤market_emotion_state_bucket=warming。
A_plus_B_strict,20260324,B,HISTORICAL_SIM_FILLED,601016.SH,节能风电,sh_main,无,0.05001172841616214,771192.0042498221,809760.64932308,b_conservative_daily_replay,,True,True,,,20260325,20260326,4.98498,5.30469,False,0,False,500000.0,809760.64932308,0.0,reject_b_market_emotion_warming,B额外过滤market_emotion_state_bucket=warming。
A_plus_B_strict,20260325,A_OR_B,POSITION_OCCUPIED_SKIP,,,,,0.0,809760.64932308,809760.64932308,,601016.SH 节能风电,False,False,,,,,,,False,0,False,500000.0,809760.64932308,0.0,reject_b_market_emotion_warming,B额外过滤market_emotion_state_bucket=warming。
A_plus_B_strict,20260326,NONE,NO_CANDIDATE,,,,,0.0,809760.64932308,809760.64932308,,,False,False,,,,,,,False,0,False,500000.0,809760.64932308,0.0,reject_b_market_emotion_warming,B额外过滤market_emotion_state_bucket=warming。
A_plus_B_strict,20260327,A,HISTORICAL_SIM_FILLED,300204.SZ,舒泰神,chi_next,无,0.0397618491523106,809760.64932308,841958.2301109413,a_audit_dynamic_account_return,,False,False,,,,,,,False,0,False,500000.0,841958.2301109413,0.0,reject_b_market_emotion_warming,B额外过滤market_emotion_state_bucket=warming。
A_plus_B_strict,20260330,A_OR_B,POSITION_OCCUPIED_SKIP,,,,,0.0,841958.2301109413,841958.2301109413,,300204.SZ 舒泰神,False,False,,,,,,,False,0,False,500000.0,841958.2301109413,0.0,reject_b_market_emotion_warming,B额外过滤market_emotion_state_bucket=warming。
A_plus_B_strict,20260331,NONE,NO_CANDIDATE,,,,,0.0,841958.2301109413,841958.2301109413,,,False,False,,,,,,,False,0,False,500000.0,841958.2301109413,0.0,reject_b_market_emotion_warming,B额外过滤market_emotion_state_bucket=warming。
A_plus_B_strict,20260401,NONE,NO_CANDIDATE,,,,,0.0,841958.2301109413,841958.2301109413,,,False,False,,,,,,,False,0,False,500000.0,841958.2301109413,0.0,reject_b_market_emotion_warming,B额外过滤market_emotion_state_bucket=warming。
A_plus_B_strict,20260402,NONE,NO_CANDIDATE,,,,,0.0,841958.2301109413,841958.2301109413,,,False,False,,,,,,,False,0,False,500000.0,841958.2301109413,0.0,reject_b_market_emotion_warming,B额外过滤market_emotion_state_bucket=warming。
A_plus_B_strict,20260403,NONE,NO_CANDIDATE,,,,,0.0,841958.2301109413,841958.2301109413,,,False,False,,,,,,,False,0,False,500000.0,841958.2301109413,0.0,reject_b_market_emotion_warming,B额外过滤market_emotion_state_bucket=warming。
A_plus_B_strict,20260407,NONE,NO_CANDIDATE,,,,,0.0,841958.2301109413,841958.2301109413,,,False,False,,,,,,,False,0,False,500000.0,841958.2301109413,0.0,reject_b_market_emotion_warming,B额外过滤market_emotion_state_bucket=warming。
A_plus_B_strict,20260408,NONE,NO_CANDIDATE,,,,,0.0,841958.2301109413,841958.2301109413,,,False,False,,,,,,,False,0,False,500000.0,841958.2301109413,0.0,reject_b_market_emotion_warming,B额外过滤market_emotion_state_bucket=warming。
A_plus_B_strict,20260409,A,HISTORICAL_SIM_FILLED,300489.SZ,光智科技,chi_next,无,0.0826627480845445,841958.2301109413,911556.811184311,a_audit_dynamic_account_return,,False,False,,,,,,,False,0,False,500000.0,911556.811184311,0.0,reject_b_market_emotion_warming,B额外过滤market_emotion_state_bucket=warming。
A_plus_B_strict,20260410,A_OR_B,POSITION_OCCUPIED_SKIP,,,,,0.0,911556.811184311,911556.811184311,,300489.SZ 光智科技,False,False,,,,,,,False,0,False,500000.0,911556.811184311,0.0,reject_b_market_emotion_warming,B额外过滤market_emotion_state_bucket=warming。
A_plus_B_strict,20260413,B,HISTORICAL_SIM_FILLED,000968.SZ,蓝焰控股,sz_main,无,-0.049626241187383915,911556.811184311,866319.6730164759,b_conservative_daily_replay,,True,True,,,20260414,20260415,10.090079999999999,9.48051,False,0,False,500000.0,911556.811184311,-0.0496262411873839,reject_b_market_emotion_warming,B额外过滤market_emotion_state_bucket=warming。
A_plus_B_strict,20260414,A_OR_B,POSITION_OCCUPIED_SKIP,,,,,0.0,866319.6730164759,866319.6730164759,,000968.SZ 蓝焰控股,False,False,,,,,,,False,0,False,500000.0,911556.811184311,-0.0496262411873839,reject_b_market_emotion_warming,B额外过滤market_emotion_state_bucket=warming。
A_plus_B_strict,20260415,NONE,NO_CANDIDATE,,,,,0.0,866319.6730164759,866319.6730164759,,,False,False,,,,,,,False,0,False,500000.0,911556.811184311,-0.0496262411873839,reject_b_market_emotion_warming,B额外过滤market_emotion_state_bucket=warming。
A_plus_B_strict,20260416,NONE,NO_CANDIDATE,,,,,0.0,866319.6730164759,866319.6730164759,,,False,False,,,,,,,False,0,False,500000.0,911556.811184311,-0.0496262411873839,reject_b_market_emotion_warming,B额外过滤market_emotion_state_bucket=warming。
A_plus_B_strict,20260417,A,HISTORICAL_SIM_FILLED,301319.SZ,唯特偶,chi_next,无,0.0352808081329955,866319.6730164759,896884.1311820095,a_audit_dynamic_account_return,,False,False,,,,,,,False,0,False,500000.0,911556.811184311,-0.016096286948082295,reject_b_market_emotion_warming,B额外过滤market_emotion_state_bucket=warming。
A_plus_B_strict,20260420,A_OR_B,POSITION_OCCUPIED_SKIP,,,,,0.0,896884.1311820095,896884.1311820095,,301319.SZ 唯特偶,False,False,,,,,,,False,0,False,500000.0,911556.811184311,-0.016096286948082295,reject_b_market_emotion_warming,B额外过滤market_emotion_state_bucket=warming。
A_plus_B_strict,20260421,NONE,NO_CANDIDATE,,,,,0.0,896884.1311820095,896884.1311820095,,,False,False,,,,,,,False,0,False,500000.0,911556.811184311,-0.016096286948082295,reject_b_market_emotion_warming,B额外过滤market_emotion_state_bucket=warming。
A_plus_B_strict,20260422,NONE,NO_CANDIDATE,,,,,0.0,896884.1311820095,896884.1311820095,,,False,False,,,,,,,False,0,False,500000.0,911556.811184311,-0.016096286948082295,reject_b_market_emotion_warming,B额外过滤market_emotion_state_bucket=warming。
A_plus_B_strict,20260423,NONE,NO_CANDIDATE,,,,,0.0,896884.1311820095,896884.1311820095,,,False,False,,,,,,,False,0,False,500000.0,911556.811184311,-0.016096286948082295,reject_b_market_emotion_warming,B额外过滤market_emotion_state_bucket=warming。
A_plus_B_strict,20260424,NONE,NO_CANDIDATE,,,,,0.0,896884.1311820095,896884.1311820095,,,False,False,,,,,,,False,0,False,500000.0,911556.811184311,-0.016096286948082295,reject_b_market_emotion_warming,B额外过滤market_emotion_state_bucket=warming。
A_plus_B_strict,20260427,NONE,NO_CANDIDATE,,,,,0.0,896884.1311820095,896884.1311820095,,,False,False,,,,,,,False,0,False,500000.0,911556.811184311,-0.016096286948082295,reject_b_market_emotion_warming,B额外过滤market_emotion_state_bucket=warming。
A_plus_B_strict,20260428,NONE,NO_CANDIDATE,,,,,0.0,896884.1311820095,896884.1311820095,,,False,False,,,,,,,False,0,False,500000.0,911556.811184311,-0.016096286948082295,reject_b_market_emotion_warming,B额外过滤market_emotion_state_bucket=warming。
A_plus_B_strict,20260429,NONE,NO_CANDIDATE,,,,,0.0,896884.1311820095,896884.1311820095,,,False,False,,,,,,,False,0,False,500000.0,911556.811184311,-0.016096286948082295,reject_b_market_emotion_warming,B额外过滤market_emotion_state_bucket=warming。
A_plus_B_strict,20260430,NONE,NO_CANDIDATE,,,,,0.0,896884.1311820095,896884.1311820095,,,False,False,,,,,,,False,0,False,500000.0,911556.811184311,-0.016096286948082295,reject_b_market_emotion_warming,B额外过滤market_emotion_state_bucket=warming。
A_plus_B_strict,20260506,NONE,NO_CANDIDATE,,,,,0.0,896884.1311820095,896884.1311820095,,,False,False,,,,,,,False,0,False,500000.0,911556.811184311,-0.016096286948082295,reject_b_market_emotion_warming,B额外过滤market_emotion_state_bucket=warming。
A_plus_B_strict,20260507,B,HISTORICAL_SIM_FILLED,603256.SH,宏和科技,sh_main,无,0.02464048591717308,896884.1311820095,918983.7919857359,b_conservative_daily_replay,,True,True,,,20260508,20260511,145.12497999999997,149.83002,False,0,False,500000.0,918983.7919857359,0.0,reject_b_market_emotion_warming,B额外过滤market_emotion_state_bucket=warming。
A_plus_B_strict,20260508,A_OR_B,POSITION_OCCUPIED_SKIP,,,,,0.0,918983.7919857359,918983.7919857359,,603256.SH 宏和科技,False,False,,,,,,,False,0,False,500000.0,918983.7919857359,0.0,reject_b_market_emotion_warming,B额外过滤market_emotion_state_bucket=warming。
A_plus_B_strict,20260511,NONE,NO_CANDIDATE,,,,,0.0,918983.7919857359,918983.7919857359,,,False,False,,,,,,,False,0,False,500000.0,918983.7919857359,0.0,reject_b_market_emotion_warming,B额外过滤market_emotion_state_bucket=warming。
A_plus_B_strict,20260512,NONE,NO_CANDIDATE,,,,,0.0,918983.7919857359,918983.7919857359,,,False,False,,,,,,,False,0,False,500000.0,918983.7919857359,0.0,reject_b_market_emotion_warming,B额外过滤market_emotion_state_bucket=warming。
A_plus_B_strict,20260513,NONE,NO_CANDIDATE,,,,,0.0,918983.7919857359,918983.7919857359,,,False,False,,,,,,,False,0,False,500000.0,918983.7919857359,0.0,reject_b_market_emotion_warming,B额外过滤market_emotion_state_bucket=warming。
A_plus_B_strict,20260514,NONE,NO_CANDIDATE,,,,,0.0,918983.7919857359,918983.7919857359,,,False,False,,,,,,,False,0,False,500000.0,918983.7919857359,0.0,reject_b_market_emotion_warming,B额外过滤market_emotion_state_bucket=warming。
A_plus_B_strict,20251224,NONE,NO_CANDIDATE,,,,,0.0,500000.0,500000.0,,,False,False,,,,,,,False,0,False,500000.0,500000.0,0.0,reject_b_sh_main_or_open_times_gte_4,B额外过滤沪市主板或炸板次数>=4。
A_plus_B_strict,20251225,NONE,NO_CANDIDATE,,,,,0.0,500000.0,500000.0,,,False,False,,,,,,,False,0,False,500000.0,500000.0,0.0,reject_b_sh_main_or_open_times_gte_4,B额外过滤沪市主板或炸板次数>=4。
A_plus_B_strict,20251226,NONE,NO_CANDIDATE,,,,,0.0,500000.0,500000.0,,,False,False,,,,,,,False,0,False,500000.0,500000.0,0.0,reject_b_sh_main_or_open_times_gte_4,B额外过滤沪市主板或炸板次数>=4。
A_plus_B_strict,20251229,NONE,NO_CANDIDATE,,,,,0.0,500000.0,500000.0,,,False,False,,,,,,,False,0,False,500000.0,500000.0,0.0,reject_b_sh_main_or_open_times_gte_4,B额外过滤沪市主板或炸板次数>=4。
A_plus_B_strict,20251230,NONE,NO_CANDIDATE,,,,,0.0,500000.0,500000.0,,,False,False,,,,,,,False,0,False,500000.0,500000.0,0.0,reject_b_sh_main_or_open_times_gte_4,B额外过滤沪市主板或炸板次数>=4。
A_plus_B_strict,20251231,A,HISTORICAL_SIM_FILLED,300058.SZ,蓝色光标,chi_next,无,0.1308549259970799,500000.0,565427.4629985399,a_audit_dynamic_account_return,,False,False,,,,,,,False,0,False,500000.0,565427.4629985399,0.0,reject_b_sh_main_or_open_times_gte_4,B额外过滤沪市主板或炸板次数>=4。
A_plus_B_strict,20260105,A_OR_B,POSITION_OCCUPIED_SKIP,,,,,0.0,565427.4629985399,565427.4629985399,,300058.SZ 蓝色光标,False,False,,,,,,,False,0,False,500000.0,565427.4629985399,0.0,reject_b_sh_main_or_open_times_gte_4,B额外过滤沪市主板或炸板次数>=4。
A_plus_B_strict,20260106,B,HISTORICAL_SIM_FILLED,002865.SZ,钧达股份,sz_main,无,0.15860683400809739,565427.4629985399,655108.122765969,b_conservative_daily_replay,,True,True,,,20260107,20260108,57.056999999999995,68.46147,False,0,False,500000.0,655108.122765969,0.0,reject_b_sh_main_or_open_times_gte_4,B额外过滤沪市主板或炸板次数>=4。
A_plus_B_strict,20260107,A_OR_B,POSITION_OCCUPIED_SKIP,,,,,0.0,655108.122765969,655108.122765969,,002865.SZ 钧达股份,False,False,,,,,,,False,0,False,500000.0,655108.122765969,0.0,reject_b_sh_main_or_open_times_gte_4,B额外过滤沪市主板或炸板次数>=4。
A_plus_B_strict,20260108,NONE,NO_CANDIDATE,,,,,0.0,655108.122765969,655108.122765969,,,False,False,,,,,,,False,0,False,500000.0,655108.122765969,0.0,reject_b_sh_main_or_open_times_gte_4,B额外过滤沪市主板或炸板次数>=4。
A_plus_B_strict,20260109,NONE,NO_CANDIDATE,,,,,0.0,655108.122765969,655108.122765969,,,False,False,,,,,,,False,0,False,500000.0,655108.122765969,0.0,reject_b_sh_main_or_open_times_gte_4,B额外过滤沪市主板或炸板次数>=4。
A_plus_B_strict,20260112,NONE,NO_CANDIDATE,,,,,0.0,655108.122765969,655108.122765969,,,False,False,,,,,,,False,0,False,500000.0,655108.122765969,0.0,reject_b_sh_main_or_open_times_gte_4,B额外过滤沪市主板或炸板次数>=4。
A_plus_B_strict,20260113,NONE,NO_CANDIDATE,,,,,0.0,655108.122765969,655108.122765969,,,False,False,,,,,,,False,0,False,500000.0,655108.122765969,0.0,reject_b_sh_main_or_open_times_gte_4,B额外过滤沪市主板或炸板次数>=4。
A_plus_B_strict,20260114,NONE,NO_CANDIDATE,,,,,0.0,655108.122765969,655108.122765969,,,False,False,,,,,,,False,0,False,500000.0,655108.122765969,0.0,reject_b_sh_main_or_open_times_gte_4,B额外过滤沪市主板或炸板次数>=4。
A_plus_B_strict,20260115,A,HISTORICAL_SIM_FILLED,301629.SZ,矽电股份,chi_next,无,-0.0338313603969523,655108.122765969,632944.9237657026,a_audit_dynamic_account_return,,False,False,,,,,,,False,0,False,500000.0,655108.122765969,-0.03383136039695234,reject_b_sh_main_or_open_times_gte_4,B额外过滤沪市主板或炸板次数>=4。
A_plus_B_strict,20260116,A_OR_B,POSITION_OCCUPIED_SKIP,,,,,0.0,632944.9237657026,632944.9237657026,,301629.SZ 矽电股份,False,False,,,,,,,False,0,False,500000.0,655108.122765969,-0.03383136039695234,reject_b_sh_main_or_open_times_gte_4,B额外过滤沪市主板或炸板次数>=4。
A_plus_B_strict,20260119,A,HISTORICAL_SIM_FILLED,300658.SZ,延江股份,chi_next,无,0.0681174370165976,632944.9237657026,676059.509745288,a_audit_dynamic_account_return,,False,False,,,,,,,False,0,False,500000.0,676059.509745288,0.0,reject_b_sh_main_or_open_times_gte_4,B额外过滤沪市主板或炸板次数>=4。
A_plus_B_strict,20260120,A_OR_B,POSITION_OCCUPIED_SKIP,,,,,0.0,676059.509745288,676059.509745288,,300658.SZ 延江股份,False,False,,,,,,,False,0,False,500000.0,676059.509745288,0.0,reject_b_sh_main_or_open_times_gte_4,B额外过滤沪市主板或炸板次数>=4。
A_plus_B_strict,20260121,NONE,NO_CANDIDATE,,,,,0.0,676059.509745288,676059.509745288,,,False,False,,,,,,,False,0,False,500000.0,676059.509745288,0.0,reject_b_sh_main_or_open_times_gte_4,B额外过滤沪市主板或炸板次数>=4。
A_plus_B_strict,20260122,NONE,NO_CANDIDATE,,,,,0.0,676059.509745288,676059.509745288,,,False,False,,,,,,,False,0,False,500000.0,676059.509745288,0.0,reject_b_sh_main_or_open_times_gte_4,B额外过滤沪市主板或炸板次数>=4。
A_plus_B_strict,20260123,A,HISTORICAL_SIM_FILLED,920368.BJ,连城数控,bj,无,0.1027727855059111,676059.509745288,745540.028729572,a_audit_dynamic_account_return,,False,False,,,,,,,False,0,False,500000.0,745540.028729572,0.0,reject_b_sh_main_or_open_times_gte_4,B额外过滤沪市主板或炸板次数>=4。
A_plus_B_strict,20260126,A_OR_B,POSITION_OCCUPIED_SKIP,,,,,0.0,745540.028729572,745540.028729572,,920368.BJ 连城数控,False,False,,,,,,,False,0,False,500000.0,745540.028729572,0.0,reject_b_sh_main_or_open_times_gte_4,B额外过滤沪市主板或炸板次数>=4。
A_plus_B_strict,20260127,NONE,NO_CANDIDATE,,,,,0.0,745540.028729572,745540.028729572,,,False,False,,,,,,,False,0,False,500000.0,745540.028729572,0.0,reject_b_sh_main_or_open_times_gte_4,B额外过滤沪市主板或炸板次数>=4。
A_plus_B_strict,20260128,A,HISTORICAL_SIM_FILLED,300164.SZ,通源石油,chi_next,无,0.0457725821591917,745540.028729572,779665.3209475625,a_audit_dynamic_account_return,,False,False,,,,,,,False,0,False,500000.0,779665.3209475625,0.0,reject_b_sh_main_or_open_times_gte_4,B额外过滤沪市主板或炸板次数>=4。
A_plus_B_strict,20260129,A_OR_B,POSITION_OCCUPIED_SKIP,,,,,0.0,779665.3209475625,779665.3209475625,,300164.SZ 通源石油,False,False,,,,,,,False,0,False,500000.0,779665.3209475625,0.0,reject_b_sh_main_or_open_times_gte_4,B额外过滤沪市主板或炸板次数>=4。
A_plus_B_strict,20260130,NONE,NO_CANDIDATE,,,,,0.0,779665.3209475625,779665.3209475625,,,False,False,,,,,,,False,0,False,500000.0,779665.3209475625,0.0,reject_b_sh_main_or_open_times_gte_4,B额外过滤沪市主板或炸板次数>=4。
A_plus_B_strict,20260202,NONE,NO_CANDIDATE,,,,,0.0,779665.3209475625,779665.3209475625,,,False,False,,,,,,,False,0,False,500000.0,779665.3209475625,0.0,reject_b_sh_main_or_open_times_gte_4,B额外过滤沪市主板或炸板次数>=4。
A_plus_B_strict,20260203,NONE,NO_CANDIDATE,,,,,0.0,779665.3209475625,779665.3209475625,,,False,False,,,,,,,False,0,False,500000.0,779665.3209475625,0.0,reject_b_sh_main_or_open_times_gte_4,B额外过滤沪市主板或炸板次数>=4。
A_plus_B_strict,20260204,NONE,NO_CANDIDATE,,,,,0.0,779665.3209475625,779665.3209475625,,,False,False,,,,,,,False,0,False,500000.0,779665.3209475625,0.0,reject_b_sh_main_or_open_times_gte_4,B额外过滤沪市主板或炸板次数>=4。
A_plus_B_strict,20260205,NONE,NO_CANDIDATE,,,,,0.0,779665.3209475625,779665.3209475625,,,False,False,,,,,,,False,0,False,500000.0,779665.3209475625,0.0,reject_b_sh_main_or_open_times_gte_4,B额外过滤沪市主板或炸板次数>=4。
A_plus_B_strict,20260206,NONE,NO_CANDIDATE,,,,,0.0,779665.3209475625,779665.3209475625,,,False,False,,,,,,,False,0,False,500000.0,779665.3209475625,0.0,reject_b_sh_main_or_open_times_gte_4,B额外过滤沪市主板或炸板次数>=4。
A_plus_B_strict,20260209,NONE,NO_CANDIDATE,,,,,0.0,779665.3209475625,779665.3209475625,,,False,False,,,,,,,False,0,False,500000.0,779665.3209475625,0.0,reject_b_sh_main_or_open_times_gte_4,B额外过滤沪市主板或炸板次数>=4。
A_plus_B_strict,20260210,NONE,NO_CANDIDATE,,,,,0.0,779665.3209475625,779665.3209475625,,,False,False,,,,,,,False,0,False,500000.0,779665.3209475625,0.0,reject_b_sh_main_or_open_times_gte_4,B额外过滤沪市主板或炸板次数>=4。
A_plus_B_strict,20260211,NONE,NO_CANDIDATE,,,,,0.0,779665.3209475625,779665.3209475625,,,False,False,,,,,,,False,0,False,500000.0,779665.3209475625,0.0,reject_b_sh_main_or_open_times_gte_4,B额外过滤沪市主板或炸板次数>=4。
A_plus_B_strict,20260212,NONE,NO_CANDIDATE,,,,,0.0,779665.3209475625,779665.3209475625,,,False,False,,,,,,,False,0,False,500000.0,779665.3209475625,0.0,reject_b_sh_main_or_open_times_gte_4,B额外过滤沪市主板或炸板次数>=4。
A_plus_B_strict,20260213,NONE,NO_CANDIDATE,,,,,0.0,779665.3209475625,779665.3209475625,,,False,False,,,,,,,False,0,False,500000.0,779665.3209475625,0.0,reject_b_sh_main_or_open_times_gte_4,B额外过滤沪市主板或炸板次数>=4。
A_plus_B_strict,20260224,NONE,NO_CANDIDATE,,,,,0.0,779665.3209475625,779665.3209475625,,,False,False,,,,,,,False,0,False,500000.0,779665.3209475625,0.0,reject_b_sh_main_or_open_times_gte_4,B额外过滤沪市主板或炸板次数>=4。
A_plus_B_strict,20260225,NONE,NO_CANDIDATE,,,,,0.0,779665.3209475625,779665.3209475625,,,False,False,,,,,,,False,0,False,500000.0,779665.3209475625,0.0,reject_b_sh_main_or_open_times_gte_4,B额外过滤沪市主板或炸板次数>=4。
A_plus_B_strict,20260226,A,HISTORICAL_SIM_FILLED,300499.SZ,高澜股份,chi_next,无,0.0193948880593092,779665.3209475625,794786.8425710658,a_audit_dynamic_account_return,,False,False,,,,,,,False,0,False,500000.0,794786.8425710658,0.0,reject_b_sh_main_or_open_times_gte_4,B额外过滤沪市主板或炸板次数>=4。
A_plus_B_strict,20260227,A_OR_B,POSITION_OCCUPIED_SKIP,,,,,0.0,794786.8425710658,794786.8425710658,,300499.SZ 高澜股份,False,False,,,,,,,False,0,False,500000.0,794786.8425710658,0.0,reject_b_sh_main_or_open_times_gte_4,B额外过滤沪市主板或炸板次数>=4。
A_plus_B_strict,20260302,NONE,NO_CANDIDATE,,,,,0.0,794786.8425710658,794786.8425710658,,,False,False,,,,,,,False,0,False,500000.0,794786.8425710658,0.0,reject_b_sh_main_or_open_times_gte_4,B额外过滤沪市主板或炸板次数>=4。
A_plus_B_strict,20260303,NONE,NO_CANDIDATE,,,,,0.0,794786.8425710658,794786.8425710658,,,False,False,,,,,,,False,0,False,500000.0,794786.8425710658,0.0,reject_b_sh_main_or_open_times_gte_4,B额外过滤沪市主板或炸板次数>=4。
A_plus_B_strict,20260304,NONE,NO_CANDIDATE,,,,,0.0,794786.8425710658,794786.8425710658,,,False,False,,,,,,,False,0,False,500000.0,794786.8425710658,0.0,reject_b_sh_main_or_open_times_gte_4,B额外过滤沪市主板或炸板次数>=4。
A_plus_B_strict,20260305,NONE,NO_CANDIDATE,,,,,0.0,794786.8425710658,794786.8425710658,,,False,False,,,,,,,False,0,False,500000.0,794786.8425710658,0.0,reject_b_sh_main_or_open_times_gte_4,B额外过滤沪市主板或炸板次数>=4。
A_plus_B_strict,20260306,NONE,NO_CANDIDATE,,,,,0.0,794786.8425710658,794786.8425710658,,,False,False,,,,,,,False,0,False,500000.0,794786.8425710658,0.0,reject_b_sh_main_or_open_times_gte_4,B额外过滤沪市主板或炸板次数>=4。
A_plus_B_strict,20260309,A,REVIEW_REQUIRED_PLAN_ONLY,301606.SZ,绿联科技,chi_next,LOSS_OVERLAY_WATCH,0.0,794786.8425710658,794786.8425710658,manual_review_skip,,False,False,,,,,,,False,0,False,500000.0,794786.8425710658,0.0,reject_b_sh_main_or_open_times_gte_4,B额外过滤沪市主板或炸板次数>=4。
A_plus_B_strict,20260310,NONE,NO_CANDIDATE,,,,,0.0,794786.8425710658,794786.8425710658,,,False,False,,,,,,,False,0,False,500000.0,794786.8425710658,0.0,reject_b_sh_main_or_open_times_gte_4,B额外过滤沪市主板或炸板次数>=4。
A_plus_B_strict,20260311,NONE,NO_CANDIDATE,,,,,0.0,794786.8425710658,794786.8425710658,,,False,False,,,,,,,False,0,False,500000.0,794786.8425710658,0.0,reject_b_sh_main_or_open_times_gte_4,B额外过滤沪市主板或炸板次数>=4。
A_plus_B_strict,20260312,NONE,NO_CANDIDATE,,,,,0.0,794786.8425710658,794786.8425710658,,,False,False,,,,,,,False,0,False,500000.0,794786.8425710658,0.0,reject_b_sh_main_or_open_times_gte_4,B额外过滤沪市主板或炸板次数>=4。
A_plus_B_strict,20260313,NONE,NO_CANDIDATE,,,,,0.0,794786.8425710658,794786.8425710658,,,False,False,,,,,,,False,0,False,500000.0,794786.8425710658,0.0,reject_b_sh_main_or_open_times_gte_4,B额外过滤沪市主板或炸板次数>=4。
A_plus_B_strict,20260316,NONE,NO_CANDIDATE,,,,,0.0,794786.8425710658,794786.8425710658,,,False,False,,,,,,,False,0,False,500000.0,794786.8425710658,0.0,reject_b_sh_main_or_open_times_gte_4,B额外过滤沪市主板或炸板次数>=4。
A_plus_B_strict,20260317,NONE,NO_CANDIDATE,,,,,0.0,794786.8425710658,794786.8425710658,,,False,False,,,,,,,False,0,False,500000.0,794786.8425710658,0.0,reject_b_sh_main_or_open_times_gte_4,B额外过滤沪市主板或炸板次数>=4。
A_plus_B_strict,20260318,NONE,NO_CANDIDATE,,,,,0.0,794786.8425710658,794786.8425710658,,,False,False,,,,,,,False,0,False,500000.0,794786.8425710658,0.0,reject_b_sh_main_or_open_times_gte_4,B额外过滤沪市主板或炸板次数>=4。
A_plus_B_strict,20260319,NONE,NO_CANDIDATE,,,,,0.0,794786.8425710658,794786.8425710658,,,False,False,,,,,,,False,0,False,500000.0,794786.8425710658,0.0,reject_b_sh_main_or_open_times_gte_4,B额外过滤沪市主板或炸板次数>=4。
A_plus_B_strict,20260320,NONE,NO_CANDIDATE,,,,,0.0,794786.8425710658,794786.8425710658,,,False,False,,,,,,,False,0,False,500000.0,794786.8425710658,0.0,reject_b_sh_main_or_open_times_gte_4,B额外过滤沪市主板或炸板次数>=4。
A_plus_B_strict,20260323,NONE,NO_CANDIDATE,,,,,0.0,794786.8425710658,794786.8425710658,,,False,False,,,,,,,False,0,False,500000.0,794786.8425710658,0.0,reject_b_sh_main_or_open_times_gte_4,B额外过滤沪市主板或炸板次数>=4。
A_plus_B_strict,20260324,NONE,NO_CANDIDATE,,,,,0.0,794786.8425710658,794786.8425710658,,,False,False,,,,,,,False,0,False,500000.0,794786.8425710658,0.0,reject_b_sh_main_or_open_times_gte_4,B额外过滤沪市主板或炸板次数>=4。
A_plus_B_strict,20260325,NONE,NO_CANDIDATE,,,,,0.0,794786.8425710658,794786.8425710658,,,False,False,,,,,,,False,0,False,500000.0,794786.8425710658,0.0,reject_b_sh_main_or_open_times_gte_4,B额外过滤沪市主板或炸板次数>=4。
A_plus_B_strict,20260326,NONE,NO_CANDIDATE,,,,,0.0,794786.8425710658,794786.8425710658,,,False,False,,,,,,,False,0,False,500000.0,794786.8425710658,0.0,reject_b_sh_main_or_open_times_gte_4,B额外过滤沪市主板或炸板次数>=4。
A_plus_B_strict,20260327,A,HISTORICAL_SIM_FILLED,300204.SZ,舒泰神,chi_next,无,0.0397618491523106,794786.8425710658,826389.0371136178,a_audit_dynamic_account_return,,False,False,,,,,,,False,0,False,500000.0,826389.0371136178,0.0,reject_b_sh_main_or_open_times_gte_4,B额外过滤沪市主板或炸板次数>=4。
A_plus_B_strict,20260330,A_OR_B,POSITION_OCCUPIED_SKIP,,,,,0.0,826389.0371136178,826389.0371136178,,300204.SZ 舒泰神,False,False,,,,,,,False,0,False,500000.0,826389.0371136178,0.0,reject_b_sh_main_or_open_times_gte_4,B额外过滤沪市主板或炸板次数>=4。
A_plus_B_strict,20260331,NONE,NO_CANDIDATE,,,,,0.0,826389.0371136178,826389.0371136178,,,False,False,,,,,,,False,0,False,500000.0,826389.0371136178,0.0,reject_b_sh_main_or_open_times_gte_4,B额外过滤沪市主板或炸板次数>=4。
A_plus_B_strict,20260401,NONE,NO_CANDIDATE,,,,,0.0,826389.0371136178,826389.0371136178,,,False,False,,,,,,,False,0,False,500000.0,826389.0371136178,0.0,reject_b_sh_main_or_open_times_gte_4,B额外过滤沪市主板或炸板次数>=4。
A_plus_B_strict,20260402,NONE,NO_CANDIDATE,,,,,0.0,826389.0371136178,826389.0371136178,,,False,False,,,,,,,False,0,False,500000.0,826389.0371136178,0.0,reject_b_sh_main_or_open_times_gte_4,B额外过滤沪市主板或炸板次数>=4。
A_plus_B_strict,20260403,NONE,NO_CANDIDATE,,,,,0.0,826389.0371136178,826389.0371136178,,,False,False,,,,,,,False,0,False,500000.0,826389.0371136178,0.0,reject_b_sh_main_or_open_times_gte_4,B额外过滤沪市主板或炸板次数>=4。
A_plus_B_strict,20260407,NONE,NO_CANDIDATE,,,,,0.0,826389.0371136178,826389.0371136178,,,False,False,,,,,,,False,0,False,500000.0,826389.0371136178,0.0,reject_b_sh_main_or_open_times_gte_4,B额外过滤沪市主板或炸板次数>=4。
A_plus_B_strict,20260408,NONE,NO_CANDIDATE,,,,,0.0,826389.0371136178,826389.0371136178,,,False,False,,,,,,,False,0,False,500000.0,826389.0371136178,0.0,reject_b_sh_main_or_open_times_gte_4,B额外过滤沪市主板或炸板次数>=4。
A_plus_B_strict,20260409,A,HISTORICAL_SIM_FILLED,300489.SZ,光智科技,chi_next,无,0.0826627480845445,826389.0371136178,894700.6259083701,a_audit_dynamic_account_return,,False,False,,,,,,,False,0,False,500000.0,894700.6259083701,0.0,reject_b_sh_main_or_open_times_gte_4,B额外过滤沪市主板或炸板次数>=4。
A_plus_B_strict,20260410,A_OR_B,POSITION_OCCUPIED_SKIP,,,,,0.0,894700.6259083701,894700.6259083701,,300489.SZ 光智科技,False,False,,,,,,,False,0,False,500000.0,894700.6259083701,0.0,reject_b_sh_main_or_open_times_gte_4,B额外过滤沪市主板或炸板次数>=4。
A_plus_B_strict,20260413,NONE,NO_CANDIDATE,,,,,0.0,894700.6259083701,894700.6259083701,,,False,False,,,,,,,False,0,False,500000.0,894700.6259083701,0.0,reject_b_sh_main_or_open_times_gte_4,B额外过滤沪市主板或炸板次数>=4。
A_plus_B_strict,20260414,A,HISTORICAL_SIM_FILLED,301189.SZ,奥尼电子,chi_next,无,-0.0350052172427846,894700.6259083701,863381.4361311923,a_audit_dynamic_account_return,,False,False,,,,,,,False,0,False,500000.0,894700.6259083701,-0.0350052172427846,reject_b_sh_main_or_open_times_gte_4,B额外过滤沪市主板或炸板次数>=4。
A_plus_B_strict,20260415,A_OR_B,POSITION_OCCUPIED_SKIP,,,,,0.0,863381.4361311923,863381.4361311923,,301189.SZ 奥尼电子,False,False,,,,,,,False,0,False,500000.0,894700.6259083701,-0.0350052172427846,reject_b_sh_main_or_open_times_gte_4,B额外过滤沪市主板或炸板次数>=4。
A_plus_B_strict,20260416,NONE,NO_CANDIDATE,,,,,0.0,863381.4361311923,863381.4361311923,,,False,False,,,,,,,False,0,False,500000.0,894700.6259083701,-0.0350052172427846,reject_b_sh_main_or_open_times_gte_4,B额外过滤沪市主板或炸板次数>=4。
A_plus_B_strict,20260417,A,HISTORICAL_SIM_FILLED,301319.SZ,唯特偶,chi_next,无,0.0352808081329955,863381.4361311923,893842.2309249268,a_audit_dynamic_account_return,,False,False,,,,,,,False,0,False,500000.0,894700.6259083701,-0.0009594214629857767,reject_b_sh_main_or_open_times_gte_4,B额外过滤沪市主板或炸板次数>=4。
A_plus_B_strict,20260420,A_OR_B,POSITION_OCCUPIED_SKIP,,,,,0.0,893842.2309249268,893842.2309249268,,301319.SZ 唯特偶,False,False,,,,,,,False,0,False,500000.0,894700.6259083701,-0.0009594214629857767,reject_b_sh_main_or_open_times_gte_4,B额外过滤沪市主板或炸板次数>=4。
A_plus_B_strict,20260421,NONE,NO_CANDIDATE,,,,,0.0,893842.2309249268,893842.2309249268,,,False,False,,,,,,,False,0,False,500000.0,894700.6259083701,-0.0009594214629857767,reject_b_sh_main_or_open_times_gte_4,B额外过滤沪市主板或炸板次数>=4。
A_plus_B_strict,20260422,NONE,NO_CANDIDATE,,,,,0.0,893842.2309249268,893842.2309249268,,,False,False,,,,,,,False,0,False,500000.0,894700.6259083701,-0.0009594214629857767,reject_b_sh_main_or_open_times_gte_4,B额外过滤沪市主板或炸板次数>=4。
A_plus_B_strict,20260423,NONE,NO_CANDIDATE,,,,,0.0,893842.2309249268,893842.2309249268,,,False,False,,,,,,,False,0,False,500000.0,894700.6259083701,-0.0009594214629857767,reject_b_sh_main_or_open_times_gte_4,B额外过滤沪市主板或炸板次数>=4。
A_plus_B_strict,20260424,NONE,NO_CANDIDATE,,,,,0.0,893842.2309249268,893842.2309249268,,,False,False,,,,,,,False,0,False,500000.0,894700.6259083701,-0.0009594214629857767,reject_b_sh_main_or_open_times_gte_4,B额外过滤沪市主板或炸板次数>=4。
A_plus_B_strict,20260427,NONE,NO_CANDIDATE,,,,,0.0,893842.2309249268,893842.2309249268,,,False,False,,,,,,,False,0,False,500000.0,894700.6259083701,-0.0009594214629857767,reject_b_sh_main_or_open_times_gte_4,B额外过滤沪市主板或炸板次数>=4。
A_plus_B_strict,20260428,NONE,NO_CANDIDATE,,,,,0.0,893842.2309249268,893842.2309249268,,,False,False,,,,,,,False,0,False,500000.0,894700.6259083701,-0.0009594214629857767,reject_b_sh_main_or_open_times_gte_4,B额外过滤沪市主板或炸板次数>=4。
A_plus_B_strict,20260429,NONE,NO_CANDIDATE,,,,,0.0,893842.2309249268,893842.2309249268,,,False,False,,,,,,,False,0,False,500000.0,894700.6259083701,-0.0009594214629857767,reject_b_sh_main_or_open_times_gte_4,B额外过滤沪市主板或炸板次数>=4。
A_plus_B_strict,20260430,NONE,NO_CANDIDATE,,,,,0.0,893842.2309249268,893842.2309249268,,,False,False,,,,,,,False,0,False,500000.0,894700.6259083701,-0.0009594214629857767,reject_b_sh_main_or_open_times_gte_4,B额外过滤沪市主板或炸板次数>=4。
A_plus_B_strict,20260506,NONE,NO_CANDIDATE,,,,,0.0,893842.2309249268,893842.2309249268,,,False,False,,,,,,,False,0,False,500000.0,894700.6259083701,-0.0009594214629857767,reject_b_sh_main_or_open_times_gte_4,B额外过滤沪市主板或炸板次数>=4。
A_plus_B_strict,20260507,NONE,NO_CANDIDATE,,,,,0.0,893842.2309249268,893842.2309249268,,,False,False,,,,,,,False,0,False,500000.0,894700.6259083701,-0.0009594214629857767,reject_b_sh_main_or_open_times_gte_4,B额外过滤沪市主板或炸板次数>=4。
A_plus_B_strict,20260508,NONE,NO_CANDIDATE,,,,,0.0,893842.2309249268,893842.2309249268,,,False,False,,,,,,,False,0,False,500000.0,894700.6259083701,-0.0009594214629857767,reject_b_sh_main_or_open_times_gte_4,B额外过滤沪市主板或炸板次数>=4。
A_plus_B_strict,20260511,NONE,NO_CANDIDATE,,,,,0.0,893842.2309249268,893842.2309249268,,,False,False,,,,,,,False,0,False,500000.0,894700.6259083701,-0.0009594214629857767,reject_b_sh_main_or_open_times_gte_4,B额外过滤沪市主板或炸板次数>=4。
A_plus_B_strict,20260512,NONE,NO_CANDIDATE,,,,,0.0,893842.2309249268,893842.2309249268,,,False,False,,,,,,,False,0,False,500000.0,894700.6259083701,-0.0009594214629857767,reject_b_sh_main_or_open_times_gte_4,B额外过滤沪市主板或炸板次数>=4。
A_plus_B_strict,20260513,NONE,NO_CANDIDATE,,,,,0.0,893842.2309249268,893842.2309249268,,,False,False,,,,,,,False,0,False,500000.0,894700.6259083701,-0.0009594214629857767,reject_b_sh_main_or_open_times_gte_4,B额外过滤沪市主板或炸板次数>=4。
A_plus_B_strict,20260514,NONE,NO_CANDIDATE,,,,,0.0,893842.2309249268,893842.2309249268,,,False,False,,,,,,,False,0,False,500000.0,894700.6259083701,-0.0009594214629857767,reject_b_sh_main_or_open_times_gte_4,B额外过滤沪市主板或炸板次数>=4。
A_plus_B_strict,20251224,NONE,NO_CANDIDATE,,,,,0.0,500000.0,500000.0,,,False,False,,,,,,,False,0,False,500000.0,500000.0,0.0,reject_b_sh_main_or_chain_gte_30,B额外过滤沪市主板或全市场连板数量gte_30。
A_plus_B_strict,20251225,NONE,NO_CANDIDATE,,,,,0.0,500000.0,500000.0,,,False,False,,,,,,,False,0,False,500000.0,500000.0,0.0,reject_b_sh_main_or_chain_gte_30,B额外过滤沪市主板或全市场连板数量gte_30。
A_plus_B_strict,20251226,NONE,NO_CANDIDATE,,,,,0.0,500000.0,500000.0,,,False,False,,,,,,,False,0,False,500000.0,500000.0,0.0,reject_b_sh_main_or_chain_gte_30,B额外过滤沪市主板或全市场连板数量gte_30。
A_plus_B_strict,20251229,NONE,NO_CANDIDATE,,,,,0.0,500000.0,500000.0,,,False,False,,,,,,,False,0,False,500000.0,500000.0,0.0,reject_b_sh_main_or_chain_gte_30,B额外过滤沪市主板或全市场连板数量gte_30。
A_plus_B_strict,20251230,NONE,NO_CANDIDATE,,,,,0.0,500000.0,500000.0,,,False,False,,,,,,,False,0,False,500000.0,500000.0,0.0,reject_b_sh_main_or_chain_gte_30,B额外过滤沪市主板或全市场连板数量gte_30。
A_plus_B_strict,20251231,A,HISTORICAL_SIM_FILLED,300058.SZ,蓝色光标,chi_next,无,0.1308549259970799,500000.0,565427.4629985399,a_audit_dynamic_account_return,,False,False,,,,,,,False,0,False,500000.0,565427.4629985399,0.0,reject_b_sh_main_or_chain_gte_30,B额外过滤沪市主板或全市场连板数量gte_30。
A_plus_B_strict,20260105,A_OR_B,POSITION_OCCUPIED_SKIP,,,,,0.0,565427.4629985399,565427.4629985399,,300058.SZ 蓝色光标,False,False,,,,,,,False,0,False,500000.0,565427.4629985399,0.0,reject_b_sh_main_or_chain_gte_30,B额外过滤沪市主板或全市场连板数量gte_30。
A_plus_B_strict,20260106,NONE,NO_CANDIDATE,,,,,0.0,565427.4629985399,565427.4629985399,,,False,False,,,,,,,False,0,False,500000.0,565427.4629985399,0.0,reject_b_sh_main_or_chain_gte_30,B额外过滤沪市主板或全市场连板数量gte_30。
A_plus_B_strict,20260107,NONE,NO_CANDIDATE,,,,,0.0,565427.4629985399,565427.4629985399,,,False,False,,,,,,,False,0,False,500000.0,565427.4629985399,0.0,reject_b_sh_main_or_chain_gte_30,B额外过滤沪市主板或全市场连板数量gte_30。
A_plus_B_strict,20260108,NONE,NO_CANDIDATE,,,,,0.0,565427.4629985399,565427.4629985399,,,False,False,,,,,,,False,0,False,500000.0,565427.4629985399,0.0,reject_b_sh_main_or_chain_gte_30,B额外过滤沪市主板或全市场连板数量gte_30。
A_plus_B_strict,20260109,NONE,NO_CANDIDATE,,,,,0.0,565427.4629985399,565427.4629985399,,,False,False,,,,,,,False,0,False,500000.0,565427.4629985399,0.0,reject_b_sh_main_or_chain_gte_30,B额外过滤沪市主板或全市场连板数量gte_30。
A_plus_B_strict,20260112,NONE,NO_CANDIDATE,,,,,0.0,565427.4629985399,565427.4629985399,,,False,False,,,,,,,False,0,False,500000.0,565427.4629985399,0.0,reject_b_sh_main_or_chain_gte_30,B额外过滤沪市主板或全市场连板数量gte_30。
A_plus_B_strict,20260113,NONE,NO_CANDIDATE,,,,,0.0,565427.4629985399,565427.4629985399,,,False,False,,,,,,,False,0,False,500000.0,565427.4629985399,0.0,reject_b_sh_main_or_chain_gte_30,B额外过滤沪市主板或全市场连板数量gte_30。
A_plus_B_strict,20260114,NONE,NO_CANDIDATE,,,,,0.0,565427.4629985399,565427.4629985399,,,False,False,,,,,,,False,0,False,500000.0,565427.4629985399,0.0,reject_b_sh_main_or_chain_gte_30,B额外过滤沪市主板或全市场连板数量gte_30。
A_plus_B_strict,20260115,A,HISTORICAL_SIM_FILLED,301629.SZ,矽电股份,chi_next,无,-0.0338313603969523,565427.4629985399,546298.2827195019,a_audit_dynamic_account_return,,False,False,,,,,,,False,0,False,500000.0,565427.4629985399,-0.03383136039695234,reject_b_sh_main_or_chain_gte_30,B额外过滤沪市主板或全市场连板数量gte_30。
A_plus_B_strict,20260116,A_OR_B,POSITION_OCCUPIED_SKIP,,,,,0.0,546298.2827195019,546298.2827195019,,301629.SZ 矽电股份,False,False,,,,,,,False,0,False,500000.0,565427.4629985399,-0.03383136039695234,reject_b_sh_main_or_chain_gte_30,B额外过滤沪市主板或全市场连板数量gte_30。
A_plus_B_strict,20260119,A,HISTORICAL_SIM_FILLED,300658.SZ,延江股份,chi_next,无,0.0681174370165976,546298.2827195019,583510.721584923,a_audit_dynamic_account_return,,False,False,,,,,,,False,0,False,500000.0,583510.721584923,0.0,reject_b_sh_main_or_chain_gte_30,B额外过滤沪市主板或全市场连板数量gte_30。
A_plus_B_strict,20260120,A_OR_B,POSITION_OCCUPIED_SKIP,,,,,0.0,583510.721584923,583510.721584923,,300658.SZ 延江股份,False,False,,,,,,,False,0,False,500000.0,583510.721584923,0.0,reject_b_sh_main_or_chain_gte_30,B额外过滤沪市主板或全市场连板数量gte_30。
A_plus_B_strict,20260121,NONE,NO_CANDIDATE,,,,,0.0,583510.721584923,583510.721584923,,,False,False,,,,,,,False,0,False,500000.0,583510.721584923,0.0,reject_b_sh_main_or_chain_gte_30,B额外过滤沪市主板或全市场连板数量gte_30。
A_plus_B_strict,20260122,NONE,NO_CANDIDATE,,,,,0.0,583510.721584923,583510.721584923,,,False,False,,,,,,,False,0,False,500000.0,583510.721584923,0.0,reject_b_sh_main_or_chain_gte_30,B额外过滤沪市主板或全市场连板数量gte_30。
A_plus_B_strict,20260123,A,HISTORICAL_SIM_FILLED,920368.BJ,连城数控,bj,无,0.1027727855059111,583510.721584923,643479.7438147697,a_audit_dynamic_account_return,,False,False,,,,,,,False,0,False,500000.0,643479.7438147697,0.0,reject_b_sh_main_or_chain_gte_30,B额外过滤沪市主板或全市场连板数量gte_30。
A_plus_B_strict,20260126,A_OR_B,POSITION_OCCUPIED_SKIP,,,,,0.0,643479.7438147697,643479.7438147697,,920368.BJ 连城数控,False,False,,,,,,,False,0,False,500000.0,643479.7438147697,0.0,reject_b_sh_main_or_chain_gte_30,B额外过滤沪市主板或全市场连板数量gte_30。
A_plus_B_strict,20260127,NONE,NO_CANDIDATE,,,,,0.0,643479.7438147697,643479.7438147697,,,False,False,,,,,,,False,0,False,500000.0,643479.7438147697,0.0,reject_b_sh_main_or_chain_gte_30,B额外过滤沪市主板或全市场连板数量gte_30。
A_plus_B_strict,20260128,A,HISTORICAL_SIM_FILLED,300164.SZ,通源石油,chi_next,无,0.0457725821591917,643479.7438147697,672933.4732563068,a_audit_dynamic_account_return,,False,False,,,,,,,False,0,False,500000.0,672933.4732563068,0.0,reject_b_sh_main_or_chain_gte_30,B额外过滤沪市主板或全市场连板数量gte_30。
A_plus_B_strict,20260129,A_OR_B,POSITION_OCCUPIED_SKIP,,,,,0.0,672933.4732563068,672933.4732563068,,300164.SZ 通源石油,False,False,,,,,,,False,0,False,500000.0,672933.4732563068,0.0,reject_b_sh_main_or_chain_gte_30,B额外过滤沪市主板或全市场连板数量gte_30。
A_plus_B_strict,20260130,NONE,NO_CANDIDATE,,,,,0.0,672933.4732563068,672933.4732563068,,,False,False,,,,,,,False,0,False,500000.0,672933.4732563068,0.0,reject_b_sh_main_or_chain_gte_30,B额外过滤沪市主板或全市场连板数量gte_30。
A_plus_B_strict,20260202,NONE,NO_CANDIDATE,,,,,0.0,672933.4732563068,672933.4732563068,,,False,False,,,,,,,False,0,False,500000.0,672933.4732563068,0.0,reject_b_sh_main_or_chain_gte_30,B额外过滤沪市主板或全市场连板数量gte_30。
A_plus_B_strict,20260203,NONE,NO_CANDIDATE,,,,,0.0,672933.4732563068,672933.4732563068,,,False,False,,,,,,,False,0,False,500000.0,672933.4732563068,0.0,reject_b_sh_main_or_chain_gte_30,B额外过滤沪市主板或全市场连板数量gte_30。
A_plus_B_strict,20260204,NONE,NO_CANDIDATE,,,,,0.0,672933.4732563068,672933.4732563068,,,False,False,,,,,,,False,0,False,500000.0,672933.4732563068,0.0,reject_b_sh_main_or_chain_gte_30,B额外过滤沪市主板或全市场连板数量gte_30。
A_plus_B_strict,20260205,NONE,NO_CANDIDATE,,,,,0.0,672933.4732563068,672933.4732563068,,,False,False,,,,,,,False,0,False,500000.0,672933.4732563068,0.0,reject_b_sh_main_or_chain_gte_30,B额外过滤沪市主板或全市场连板数量gte_30。
A_plus_B_strict,20260206,NONE,NO_CANDIDATE,,,,,0.0,672933.4732563068,672933.4732563068,,,False,False,,,,,,,False,0,False,500000.0,672933.4732563068,0.0,reject_b_sh_main_or_chain_gte_30,B额外过滤沪市主板或全市场连板数量gte_30。
A_plus_B_strict,20260209,NONE,NO_CANDIDATE,,,,,0.0,672933.4732563068,672933.4732563068,,,False,False,,,,,,,False,0,False,500000.0,672933.4732563068,0.0,reject_b_sh_main_or_chain_gte_30,B额外过滤沪市主板或全市场连板数量gte_30。
A_plus_B_strict,20260210,NONE,NO_CANDIDATE,,,,,0.0,672933.4732563068,672933.4732563068,,,False,False,,,,,,,False,0,False,500000.0,672933.4732563068,0.0,reject_b_sh_main_or_chain_gte_30,B额外过滤沪市主板或全市场连板数量gte_30。
A_plus_B_strict,20260211,NONE,NO_CANDIDATE,,,,,0.0,672933.4732563068,672933.4732563068,,,False,False,,,,,,,False,0,False,500000.0,672933.4732563068,0.0,reject_b_sh_main_or_chain_gte_30,B额外过滤沪市主板或全市场连板数量gte_30。
A_plus_B_strict,20260212,NONE,NO_CANDIDATE,,,,,0.0,672933.4732563068,672933.4732563068,,,False,False,,,,,,,False,0,False,500000.0,672933.4732563068,0.0,reject_b_sh_main_or_chain_gte_30,B额外过滤沪市主板或全市场连板数量gte_30。
A_plus_B_strict,20260213,NONE,NO_CANDIDATE,,,,,0.0,672933.4732563068,672933.4732563068,,,False,False,,,,,,,False,0,False,500000.0,672933.4732563068,0.0,reject_b_sh_main_or_chain_gte_30,B额外过滤沪市主板或全市场连板数量gte_30。
A_plus_B_strict,20260224,NONE,NO_CANDIDATE,,,,,0.0,672933.4732563068,672933.4732563068,,,False,False,,,,,,,False,0,False,500000.0,672933.4732563068,0.0,reject_b_sh_main_or_chain_gte_30,B额外过滤沪市主板或全市场连板数量gte_30。
A_plus_B_strict,20260225,NONE,NO_CANDIDATE,,,,,0.0,672933.4732563068,672933.4732563068,,,False,False,,,,,,,False,0,False,500000.0,672933.4732563068,0.0,reject_b_sh_main_or_chain_gte_30,B额外过滤沪市主板或全市场连板数量gte_30。
A_plus_B_strict,20260226,A,HISTORICAL_SIM_FILLED,300499.SZ,高澜股份,chi_next,无,0.0193948880593092,672933.4732563068,685984.942641475,a_audit_dynamic_account_return,,False,False,,,,,,,False,0,False,500000.0,685984.942641475,0.0,reject_b_sh_main_or_chain_gte_30,B额外过滤沪市主板或全市场连板数量gte_30。
A_plus_B_strict,20260227,A_OR_B,POSITION_OCCUPIED_SKIP,,,,,0.0,685984.942641475,685984.942641475,,300499.SZ 高澜股份,False,False,,,,,,,False,0,False,500000.0,685984.942641475,0.0,reject_b_sh_main_or_chain_gte_30,B额外过滤沪市主板或全市场连板数量gte_30。
A_plus_B_strict,20260302,NONE,NO_CANDIDATE,,,,,0.0,685984.942641475,685984.942641475,,,False,False,,,,,,,False,0,False,500000.0,685984.942641475,0.0,reject_b_sh_main_or_chain_gte_30,B额外过滤沪市主板或全市场连板数量gte_30。
A_plus_B_strict,20260303,NONE,NO_CANDIDATE,,,,,0.0,685984.942641475,685984.942641475,,,False,False,,,,,,,False,0,False,500000.0,685984.942641475,0.0,reject_b_sh_main_or_chain_gte_30,B额外过滤沪市主板或全市场连板数量gte_30。
A_plus_B_strict,20260304,NONE,NO_CANDIDATE,,,,,0.0,685984.942641475,685984.942641475,,,False,False,,,,,,,False,0,False,500000.0,685984.942641475,0.0,reject_b_sh_main_or_chain_gte_30,B额外过滤沪市主板或全市场连板数量gte_30。
A_plus_B_strict,20260305,NONE,NO_CANDIDATE,,,,,0.0,685984.942641475,685984.942641475,,,False,False,,,,,,,False,0,False,500000.0,685984.942641475,0.0,reject_b_sh_main_or_chain_gte_30,B额外过滤沪市主板或全市场连板数量gte_30。
A_plus_B_strict,20260306,B,HISTORICAL_SIM_FILLED,000509.SZ,华塑控股,sz_main,无,0.022055648351648537,685984.942641475,701114.7853109011,b_conservative_daily_replay,,True,True,,,20260309,20260310,3.8438399999999993,3.95604,False,0,False,500000.0,701114.7853109011,0.0,reject_b_sh_main_or_chain_gte_30,B额外过滤沪市主板或全市场连板数量gte_30。
A_plus_B_strict,20260309,A_OR_B,POSITION_OCCUPIED_SKIP,,,,,0.0,701114.7853109011,701114.7853109011,,000509.SZ 华塑控股,False,False,,,,,,,False,0,False,500000.0,701114.7853109011,0.0,reject_b_sh_main_or_chain_gte_30,B额外过滤沪市主板或全市场连板数量gte_30。
A_plus_B_strict,20260310,NONE,NO_CANDIDATE,,,,,0.0,701114.7853109011,701114.7853109011,,,False,False,,,,,,,False,0,False,500000.0,701114.7853109011,0.0,reject_b_sh_main_or_chain_gte_30,B额外过滤沪市主板或全市场连板数量gte_30。
A_plus_B_strict,20260311,NONE,NO_CANDIDATE,,,,,0.0,701114.7853109011,701114.7853109011,,,False,False,,,,,,,False,0,False,500000.0,701114.7853109011,0.0,reject_b_sh_main_or_chain_gte_30,B额外过滤沪市主板或全市场连板数量gte_30。
A_plus_B_strict,20260312,NONE,NO_CANDIDATE,,,,,0.0,701114.7853109011,701114.7853109011,,,False,False,,,,,,,False,0,False,500000.0,701114.7853109011,0.0,reject_b_sh_main_or_chain_gte_30,B额外过滤沪市主板或全市场连板数量gte_30。
A_plus_B_strict,20260313,NONE,NO_CANDIDATE,,,,,0.0,701114.7853109011,701114.7853109011,,,False,False,,,,,,,False,0,False,500000.0,701114.7853109011,0.0,reject_b_sh_main_or_chain_gte_30,B额外过滤沪市主板或全市场连板数量gte_30。
A_plus_B_strict,20260316,NONE,NO_CANDIDATE,,,,,0.0,701114.7853109011,701114.7853109011,,,False,False,,,,,,,False,0,False,500000.0,701114.7853109011,0.0,reject_b_sh_main_or_chain_gte_30,B额外过滤沪市主板或全市场连板数量gte_30。
A_plus_B_strict,20260317,NONE,NO_CANDIDATE,,,,,0.0,701114.7853109011,701114.7853109011,,,False,False,,,,,,,False,0,False,500000.0,701114.7853109011,0.0,reject_b_sh_main_or_chain_gte_30,B额外过滤沪市主板或全市场连板数量gte_30。
A_plus_B_strict,20260318,NONE,NO_CANDIDATE,,,,,0.0,701114.7853109011,701114.7853109011,,,False,False,,,,,,,False,0,False,500000.0,701114.7853109011,0.0,reject_b_sh_main_or_chain_gte_30,B额外过滤沪市主板或全市场连板数量gte_30。
A_plus_B_strict,20260319,NONE,NO_CANDIDATE,,,,,0.0,701114.7853109011,701114.7853109011,,,False,False,,,,,,,False,0,False,500000.0,701114.7853109011,0.0,reject_b_sh_main_or_chain_gte_30,B额外过滤沪市主板或全市场连板数量gte_30。
A_plus_B_strict,20260320,NONE,NO_CANDIDATE,,,,,0.0,701114.7853109011,701114.7853109011,,,False,False,,,,,,,False,0,False,500000.0,701114.7853109011,0.0,reject_b_sh_main_or_chain_gte_30,B额外过滤沪市主板或全市场连板数量gte_30。
A_plus_B_strict,20260323,NONE,NO_CANDIDATE,,,,,0.0,701114.7853109011,701114.7853109011,,,False,False,,,,,,,False,0,False,500000.0,701114.7853109011,0.0,reject_b_sh_main_or_chain_gte_30,B额外过滤沪市主板或全市场连板数量gte_30。
A_plus_B_strict,20260324,NONE,NO_CANDIDATE,,,,,0.0,701114.7853109011,701114.7853109011,,,False,False,,,,,,,False,0,False,500000.0,701114.7853109011,0.0,reject_b_sh_main_or_chain_gte_30,B额外过滤沪市主板或全市场连板数量gte_30。
A_plus_B_strict,20260325,NONE,NO_CANDIDATE,,,,,0.0,701114.7853109011,701114.7853109011,,,False,False,,,,,,,False,0,False,500000.0,701114.7853109011,0.0,reject_b_sh_main_or_chain_gte_30,B额外过滤沪市主板或全市场连板数量gte_30。
A_plus_B_strict,20260326,NONE,NO_CANDIDATE,,,,,0.0,701114.7853109011,701114.7853109011,,,False,False,,,,,,,False,0,False,500000.0,701114.7853109011,0.0,reject_b_sh_main_or_chain_gte_30,B额外过滤沪市主板或全市场连板数量gte_30。
A_plus_B_strict,20260327,A,HISTORICAL_SIM_FILLED,300204.SZ,舒泰神,chi_next,无,0.0397618491523106,701114.7853109011,728992.4056428878,a_audit_dynamic_account_return,,False,False,,,,,,,False,0,False,500000.0,728992.4056428878,0.0,reject_b_sh_main_or_chain_gte_30,B额外过滤沪市主板或全市场连板数量gte_30。
A_plus_B_strict,20260330,A_OR_B,POSITION_OCCUPIED_SKIP,,,,,0.0,728992.4056428878,728992.4056428878,,300204.SZ 舒泰神,False,False,,,,,,,False,0,False,500000.0,728992.4056428878,0.0,reject_b_sh_main_or_chain_gte_30,B额外过滤沪市主板或全市场连板数量gte_30。
A_plus_B_strict,20260331,NONE,NO_CANDIDATE,,,,,0.0,728992.4056428878,728992.4056428878,,,False,False,,,,,,,False,0,False,500000.0,728992.4056428878,0.0,reject_b_sh_main_or_chain_gte_30,B额外过滤沪市主板或全市场连板数量gte_30。
A_plus_B_strict,20260401,NONE,NO_CANDIDATE,,,,,0.0,728992.4056428878,728992.4056428878,,,False,False,,,,,,,False,0,False,500000.0,728992.4056428878,0.0,reject_b_sh_main_or_chain_gte_30,B额外过滤沪市主板或全市场连板数量gte_30。
A_plus_B_strict,20260402,NONE,NO_CANDIDATE,,,,,0.0,728992.4056428878,728992.4056428878,,,False,False,,,,,,,False,0,False,500000.0,728992.4056428878,0.0,reject_b_sh_main_or_chain_gte_30,B额外过滤沪市主板或全市场连板数量gte_30。
A_plus_B_strict,20260403,NONE,NO_CANDIDATE,,,,,0.0,728992.4056428878,728992.4056428878,,,False,False,,,,,,,False,0,False,500000.0,728992.4056428878,0.0,reject_b_sh_main_or_chain_gte_30,B额外过滤沪市主板或全市场连板数量gte_30。
A_plus_B_strict,20260407,NONE,NO_CANDIDATE,,,,,0.0,728992.4056428878,728992.4056428878,,,False,False,,,,,,,False,0,False,500000.0,728992.4056428878,0.0,reject_b_sh_main_or_chain_gte_30,B额外过滤沪市主板或全市场连板数量gte_30。
A_plus_B_strict,20260408,NONE,NO_CANDIDATE,,,,,0.0,728992.4056428878,728992.4056428878,,,False,False,,,,,,,False,0,False,500000.0,728992.4056428878,0.0,reject_b_sh_main_or_chain_gte_30,B额外过滤沪市主板或全市场连板数量gte_30。
A_plus_B_strict,20260409,A,HISTORICAL_SIM_FILLED,300489.SZ,光智科技,chi_next,无,0.0826627480845445,728992.4056428878,789252.9212260919,a_audit_dynamic_account_return,,False,False,,,,,,,False,0,False,500000.0,789252.9212260919,0.0,reject_b_sh_main_or_chain_gte_30,B额外过滤沪市主板或全市场连板数量gte_30。
A_plus_B_strict,20260410,A_OR_B,POSITION_OCCUPIED_SKIP,,,,,0.0,789252.9212260919,789252.9212260919,,300489.SZ 光智科技,False,False,,,,,,,False,0,False,500000.0,789252.9212260919,0.0,reject_b_sh_main_or_chain_gte_30,B额外过滤沪市主板或全市场连板数量gte_30。
A_plus_B_strict,20260413,B,HISTORICAL_SIM_FILLED,000968.SZ,蓝焰控股,sz_main,无,-0.049626241187383915,789252.9212260919,750085.2653994786,b_conservative_daily_replay,,True,True,,,20260414,20260415,10.090079999999999,9.48051,False,0,False,500000.0,789252.9212260919,-0.0496262411873839,reject_b_sh_main_or_chain_gte_30,B额外过滤沪市主板或全市场连板数量gte_30。
A_plus_B_strict,20260414,A_OR_B,POSITION_OCCUPIED_SKIP,,,,,0.0,750085.2653994786,750085.2653994786,,000968.SZ 蓝焰控股,False,False,,,,,,,False,0,False,500000.0,789252.9212260919,-0.0496262411873839,reject_b_sh_main_or_chain_gte_30,B额外过滤沪市主板或全市场连板数量gte_30。
A_plus_B_strict,20260415,NONE,NO_CANDIDATE,,,,,0.0,750085.2653994786,750085.2653994786,,,False,False,,,,,,,False,0,False,500000.0,789252.9212260919,-0.0496262411873839,reject_b_sh_main_or_chain_gte_30,B额外过滤沪市主板或全市场连板数量gte_30。
A_plus_B_strict,20260416,NONE,NO_CANDIDATE,,,,,0.0,750085.2653994786,750085.2653994786,,,False,False,,,,,,,False,0,False,500000.0,789252.9212260919,-0.0496262411873839,reject_b_sh_main_or_chain_gte_30,B额外过滤沪市主板或全市场连板数量gte_30。
A_plus_B_strict,20260417,A,HISTORICAL_SIM_FILLED,301319.SZ,唯特偶,chi_next,无,0.0352808081329955,750085.2653994786,776548.8797314245,a_audit_dynamic_account_return,,False,False,,,,,,,False,0,False,500000.0,789252.9212260919,-0.016096286948082406,reject_b_sh_main_or_chain_gte_30,B额外过滤沪市主板或全市场连板数量gte_30。
A_plus_B_strict,20260420,A_OR_B,POSITION_OCCUPIED_SKIP,,,,,0.0,776548.8797314245,776548.8797314245,,301319.SZ 唯特偶,False,False,,,,,,,False,0,False,500000.0,789252.9212260919,-0.016096286948082406,reject_b_sh_main_or_chain_gte_30,B额外过滤沪市主板或全市场连板数量gte_30。
A_plus_B_strict,20260421,NONE,NO_CANDIDATE,,,,,0.0,776548.8797314245,776548.8797314245,,,False,False,,,,,,,False,0,False,500000.0,789252.9212260919,-0.016096286948082406,reject_b_sh_main_or_chain_gte_30,B额外过滤沪市主板或全市场连板数量gte_30。
A_plus_B_strict,20260422,NONE,NO_CANDIDATE,,,,,0.0,776548.8797314245,776548.8797314245,,,False,False,,,,,,,False,0,False,500000.0,789252.9212260919,-0.016096286948082406,reject_b_sh_main_or_chain_gte_30,B额外过滤沪市主板或全市场连板数量gte_30。
A_plus_B_strict,20260423,NONE,NO_CANDIDATE,,,,,0.0,776548.8797314245,776548.8797314245,,,False,False,,,,,,,False,0,False,500000.0,789252.9212260919,-0.016096286948082406,reject_b_sh_main_or_chain_gte_30,B额外过滤沪市主板或全市场连板数量gte_30。
A_plus_B_strict,20260424,NONE,NO_CANDIDATE,,,,,0.0,776548.8797314245,776548.8797314245,,,False,False,,,,,,,False,0,False,500000.0,789252.9212260919,-0.016096286948082406,reject_b_sh_main_or_chain_gte_30,B额外过滤沪市主板或全市场连板数量gte_30。
A_plus_B_strict,20260427,NONE,NO_CANDIDATE,,,,,0.0,776548.8797314245,776548.8797314245,,,False,False,,,,,,,False,0,False,500000.0,789252.9212260919,-0.016096286948082406,reject_b_sh_main_or_chain_gte_30,B额外过滤沪市主板或全市场连板数量gte_30。
A_plus_B_strict,20260428,NONE,NO_CANDIDATE,,,,,0.0,776548.8797314245,776548.8797314245,,,False,False,,,,,,,False,0,False,500000.0,789252.9212260919,-0.016096286948082406,reject_b_sh_main_or_chain_gte_30,B额外过滤沪市主板或全市场连板数量gte_30。
A_plus_B_strict,20260429,NONE,NO_CANDIDATE,,,,,0.0,776548.8797314245,776548.8797314245,,,False,False,,,,,,,False,0,False,500000.0,789252.9212260919,-0.016096286948082406,reject_b_sh_main_or_chain_gte_30,B额外过滤沪市主板或全市场连板数量gte_30。
A_plus_B_strict,20260430,NONE,NO_CANDIDATE,,,,,0.0,776548.8797314245,776548.8797314245,,,False,False,,,,,,,False,0,False,500000.0,789252.9212260919,-0.016096286948082406,reject_b_sh_main_or_chain_gte_30,B额外过滤沪市主板或全市场连板数量gte_30。
A_plus_B_strict,20260506,NONE,NO_CANDIDATE,,,,,0.0,776548.8797314245,776548.8797314245,,,False,False,,,,,,,False,0,False,500000.0,789252.9212260919,-0.016096286948082406,reject_b_sh_main_or_chain_gte_30,B额外过滤沪市主板或全市场连板数量gte_30。
A_plus_B_strict,20260507,NONE,NO_CANDIDATE,,,,,0.0,776548.8797314245,776548.8797314245,,,False,False,,,,,,,False,0,False,500000.0,789252.9212260919,-0.016096286948082406,reject_b_sh_main_or_chain_gte_30,B额外过滤沪市主板或全市场连板数量gte_30。
A_plus_B_strict,20260508,NONE,NO_CANDIDATE,,,,,0.0,776548.8797314245,776548.8797314245,,,False,False,,,,,,,False,0,False,500000.0,789252.9212260919,-0.016096286948082406,reject_b_sh_main_or_chain_gte_30,B额外过滤沪市主板或全市场连板数量gte_30。
A_plus_B_strict,20260511,NONE,NO_CANDIDATE,,,,,0.0,776548.8797314245,776548.8797314245,,,False,False,,,,,,,False,0,False,500000.0,789252.9212260919,-0.016096286948082406,reject_b_sh_main_or_chain_gte_30,B额外过滤沪市主板或全市场连板数量gte_30。
A_plus_B_strict,20260512,NONE,NO_CANDIDATE,,,,,0.0,776548.8797314245,776548.8797314245,,,False,False,,,,,,,False,0,False,500000.0,789252.9212260919,-0.016096286948082406,reject_b_sh_main_or_chain_gte_30,B额外过滤沪市主板或全市场连板数量gte_30。
A_plus_B_strict,20260513,NONE,NO_CANDIDATE,,,,,0.0,776548.8797314245,776548.8797314245,,,False,False,,,,,,,False,0,False,500000.0,789252.9212260919,-0.016096286948082406,reject_b_sh_main_or_chain_gte_30,B额外过滤沪市主板或全市场连板数量gte_30。
A_plus_B_strict,20260514,NONE,NO_CANDIDATE,,,,,0.0,776548.8797314245,776548.8797314245,,,False,False,,,,,,,False,0,False,500000.0,789252.9212260919,-0.016096286948082406,reject_b_sh_main_or_chain_gte_30,B额外过滤沪市主板或全市场连板数量gte_30。
A_plus_B_strict,20251224,NONE,NO_CANDIDATE,,,,,0.0,500000.0,500000.0,,,False,False,,,,,,,False,0,False,500000.0,500000.0,0.0,reject_b_open_times_gte_4_or_turnover_gte_20,B额外过滤炸板次数>=4或换手率>=20%。
A_plus_B_strict,20251225,NONE,NO_CANDIDATE,,,,,0.0,500000.0,500000.0,,,False,False,,,,,,,False,0,False,500000.0,500000.0,0.0,reject_b_open_times_gte_4_or_turnover_gte_20,B额外过滤炸板次数>=4或换手率>=20%。
A_plus_B_strict,20251226,NONE,NO_CANDIDATE,,,,,0.0,500000.0,500000.0,,,False,False,,,,,,,False,0,False,500000.0,500000.0,0.0,reject_b_open_times_gte_4_or_turnover_gte_20,B额外过滤炸板次数>=4或换手率>=20%。
A_plus_B_strict,20251229,NONE,NO_CANDIDATE,,,,,0.0,500000.0,500000.0,,,False,False,,,,,,,False,0,False,500000.0,500000.0,0.0,reject_b_open_times_gte_4_or_turnover_gte_20,B额外过滤炸板次数>=4或换手率>=20%。
A_plus_B_strict,20251230,NONE,NO_CANDIDATE,,,,,0.0,500000.0,500000.0,,,False,False,,,,,,,False,0,False,500000.0,500000.0,0.0,reject_b_open_times_gte_4_or_turnover_gte_20,B额外过滤炸板次数>=4或换手率>=20%。
A_plus_B_strict,20251231,A,HISTORICAL_SIM_FILLED,300058.SZ,蓝色光标,chi_next,无,0.1308549259970799,500000.0,565427.4629985399,a_audit_dynamic_account_return,,False,False,,,,,,,False,0,False,500000.0,565427.4629985399,0.0,reject_b_open_times_gte_4_or_turnover_gte_20,B额外过滤炸板次数>=4或换手率>=20%。
A_plus_B_strict,20260105,A_OR_B,POSITION_OCCUPIED_SKIP,,,,,0.0,565427.4629985399,565427.4629985399,,300058.SZ 蓝色光标,False,False,,,,,,,False,0,False,500000.0,565427.4629985399,0.0,reject_b_open_times_gte_4_or_turnover_gte_20,B额外过滤炸板次数>=4或换手率>=20%。
A_plus_B_strict,20260106,B,HISTORICAL_SIM_FILLED,002865.SZ,钧达股份,sz_main,无,0.15860683400809739,565427.4629985399,655108.122765969,b_conservative_daily_replay,,True,True,,,20260107,20260108,57.056999999999995,68.46147,False,0,False,500000.0,655108.122765969,0.0,reject_b_open_times_gte_4_or_turnover_gte_20,B额外过滤炸板次数>=4或换手率>=20%。
A_plus_B_strict,20260107,A_OR_B,POSITION_OCCUPIED_SKIP,,,,,0.0,655108.122765969,655108.122765969,,002865.SZ 钧达股份,False,False,,,,,,,False,0,False,500000.0,655108.122765969,0.0,reject_b_open_times_gte_4_or_turnover_gte_20,B额外过滤炸板次数>=4或换手率>=20%。
A_plus_B_strict,20260108,NONE,NO_CANDIDATE,,,,,0.0,655108.122765969,655108.122765969,,,False,False,,,,,,,False,0,False,500000.0,655108.122765969,0.0,reject_b_open_times_gte_4_or_turnover_gte_20,B额外过滤炸板次数>=4或换手率>=20%。
A_plus_B_strict,20260109,NONE,NO_CANDIDATE,,,,,0.0,655108.122765969,655108.122765969,,,False,False,,,,,,,False,0,False,500000.0,655108.122765969,0.0,reject_b_open_times_gte_4_or_turnover_gte_20,B额外过滤炸板次数>=4或换手率>=20%。
A_plus_B_strict,20260112,NONE,NO_CANDIDATE,,,,,0.0,655108.122765969,655108.122765969,,,False,False,,,,,,,False,0,False,500000.0,655108.122765969,0.0,reject_b_open_times_gte_4_or_turnover_gte_20,B额外过滤炸板次数>=4或换手率>=20%。
A_plus_B_strict,20260113,NONE,NO_CANDIDATE,,,,,0.0,655108.122765969,655108.122765969,,,False,False,,,,,,,False,0,False,500000.0,655108.122765969,0.0,reject_b_open_times_gte_4_or_turnover_gte_20,B额外过滤炸板次数>=4或换手率>=20%。
A_plus_B_strict,20260114,NONE,NO_CANDIDATE,,,,,0.0,655108.122765969,655108.122765969,,,False,False,,,,,,,False,0,False,500000.0,655108.122765969,0.0,reject_b_open_times_gte_4_or_turnover_gte_20,B额外过滤炸板次数>=4或换手率>=20%。
A_plus_B_strict,20260115,A,HISTORICAL_SIM_FILLED,301629.SZ,矽电股份,chi_next,无,-0.0338313603969523,655108.122765969,632944.9237657026,a_audit_dynamic_account_return,,False,False,,,,,,,False,0,False,500000.0,655108.122765969,-0.03383136039695234,reject_b_open_times_gte_4_or_turnover_gte_20,B额外过滤炸板次数>=4或换手率>=20%。
A_plus_B_strict,20260116,A_OR_B,POSITION_OCCUPIED_SKIP,,,,,0.0,632944.9237657026,632944.9237657026,,301629.SZ 矽电股份,False,False,,,,,,,False,0,False,500000.0,655108.122765969,-0.03383136039695234,reject_b_open_times_gte_4_or_turnover_gte_20,B额外过滤炸板次数>=4或换手率>=20%。
A_plus_B_strict,20260119,A,HISTORICAL_SIM_FILLED,300658.SZ,延江股份,chi_next,无,0.0681174370165976,632944.9237657026,676059.509745288,a_audit_dynamic_account_return,,False,False,,,,,,,False,0,False,500000.0,676059.509745288,0.0,reject_b_open_times_gte_4_or_turnover_gte_20,B额外过滤炸板次数>=4或换手率>=20%。
A_plus_B_strict,20260120,A_OR_B,POSITION_OCCUPIED_SKIP,,,,,0.0,676059.509745288,676059.509745288,,300658.SZ 延江股份,False,False,,,,,,,False,0,False,500000.0,676059.509745288,0.0,reject_b_open_times_gte_4_or_turnover_gte_20,B额外过滤炸板次数>=4或换手率>=20%。
A_plus_B_strict,20260121,NONE,NO_CANDIDATE,,,,,0.0,676059.509745288,676059.509745288,,,False,False,,,,,,,False,0,False,500000.0,676059.509745288,0.0,reject_b_open_times_gte_4_or_turnover_gte_20,B额外过滤炸板次数>=4或换手率>=20%。
A_plus_B_strict,20260122,NONE,NO_CANDIDATE,,,,,0.0,676059.509745288,676059.509745288,,,False,False,,,,,,,False,0,False,500000.0,676059.509745288,0.0,reject_b_open_times_gte_4_or_turnover_gte_20,B额外过滤炸板次数>=4或换手率>=20%。
A_plus_B_strict,20260123,A,HISTORICAL_SIM_FILLED,920368.BJ,连城数控,bj,无,0.1027727855059111,676059.509745288,745540.028729572,a_audit_dynamic_account_return,,False,False,,,,,,,False,0,False,500000.0,745540.028729572,0.0,reject_b_open_times_gte_4_or_turnover_gte_20,B额外过滤炸板次数>=4或换手率>=20%。
A_plus_B_strict,20260126,A_OR_B,POSITION_OCCUPIED_SKIP,,,,,0.0,745540.028729572,745540.028729572,,920368.BJ 连城数控,False,False,,,,,,,False,0,False,500000.0,745540.028729572,0.0,reject_b_open_times_gte_4_or_turnover_gte_20,B额外过滤炸板次数>=4或换手率>=20%。
A_plus_B_strict,20260127,NONE,NO_CANDIDATE,,,,,0.0,745540.028729572,745540.028729572,,,False,False,,,,,,,False,0,False,500000.0,745540.028729572,0.0,reject_b_open_times_gte_4_or_turnover_gte_20,B额外过滤炸板次数>=4或换手率>=20%。
A_plus_B_strict,20260128,A,HISTORICAL_SIM_FILLED,300164.SZ,通源石油,chi_next,无,0.0457725821591917,745540.028729572,779665.3209475625,a_audit_dynamic_account_return,,False,False,,,,,,,False,0,False,500000.0,779665.3209475625,0.0,reject_b_open_times_gte_4_or_turnover_gte_20,B额外过滤炸板次数>=4或换手率>=20%。
A_plus_B_strict,20260129,A_OR_B,POSITION_OCCUPIED_SKIP,,,,,0.0,779665.3209475625,779665.3209475625,,300164.SZ 通源石油,False,False,,,,,,,False,0,False,500000.0,779665.3209475625,0.0,reject_b_open_times_gte_4_or_turnover_gte_20,B额外过滤炸板次数>=4或换手率>=20%。
A_plus_B_strict,20260130,NONE,NO_CANDIDATE,,,,,0.0,779665.3209475625,779665.3209475625,,,False,False,,,,,,,False,0,False,500000.0,779665.3209475625,0.0,reject_b_open_times_gte_4_or_turnover_gte_20,B额外过滤炸板次数>=4或换手率>=20%。
A_plus_B_strict,20260202,NONE,NO_CANDIDATE,,,,,0.0,779665.3209475625,779665.3209475625,,,False,False,,,,,,,False,0,False,500000.0,779665.3209475625,0.0,reject_b_open_times_gte_4_or_turnover_gte_20,B额外过滤炸板次数>=4或换手率>=20%。
A_plus_B_strict,20260203,NONE,NO_CANDIDATE,,,,,0.0,779665.3209475625,779665.3209475625,,,False,False,,,,,,,False,0,False,500000.0,779665.3209475625,0.0,reject_b_open_times_gte_4_or_turnover_gte_20,B额外过滤炸板次数>=4或换手率>=20%。
A_plus_B_strict,20260204,NONE,NO_CANDIDATE,,,,,0.0,779665.3209475625,779665.3209475625,,,False,False,,,,,,,False,0,False,500000.0,779665.3209475625,0.0,reject_b_open_times_gte_4_or_turnover_gte_20,B额外过滤炸板次数>=4或换手率>=20%。
A_plus_B_strict,20260205,NONE,NO_CANDIDATE,,,,,0.0,779665.3209475625,779665.3209475625,,,False,False,,,,,,,False,0,False,500000.0,779665.3209475625,0.0,reject_b_open_times_gte_4_or_turnover_gte_20,B额外过滤炸板次数>=4或换手率>=20%。
A_plus_B_strict,20260206,NONE,NO_CANDIDATE,,,,,0.0,779665.3209475625,779665.3209475625,,,False,False,,,,,,,False,0,False,500000.0,779665.3209475625,0.0,reject_b_open_times_gte_4_or_turnover_gte_20,B额外过滤炸板次数>=4或换手率>=20%。
A_plus_B_strict,20260209,NONE,NO_CANDIDATE,,,,,0.0,779665.3209475625,779665.3209475625,,,False,False,,,,,,,False,0,False,500000.0,779665.3209475625,0.0,reject_b_open_times_gte_4_or_turnover_gte_20,B额外过滤炸板次数>=4或换手率>=20%。
A_plus_B_strict,20260210,NONE,NO_CANDIDATE,,,,,0.0,779665.3209475625,779665.3209475625,,,False,False,,,,,,,False,0,False,500000.0,779665.3209475625,0.0,reject_b_open_times_gte_4_or_turnover_gte_20,B额外过滤炸板次数>=4或换手率>=20%。
A_plus_B_strict,20260211,NONE,NO_CANDIDATE,,,,,0.0,779665.3209475625,779665.3209475625,,,False,False,,,,,,,False,0,False,500000.0,779665.3209475625,0.0,reject_b_open_times_gte_4_or_turnover_gte_20,B额外过滤炸板次数>=4或换手率>=20%。
A_plus_B_strict,20260212,NONE,NO_CANDIDATE,,,,,0.0,779665.3209475625,779665.3209475625,,,False,False,,,,,,,False,0,False,500000.0,779665.3209475625,0.0,reject_b_open_times_gte_4_or_turnover_gte_20,B额外过滤炸板次数>=4或换手率>=20%。
A_plus_B_strict,20260213,NONE,NO_CANDIDATE,,,,,0.0,779665.3209475625,779665.3209475625,,,False,False,,,,,,,False,0,False,500000.0,779665.3209475625,0.0,reject_b_open_times_gte_4_or_turnover_gte_20,B额外过滤炸板次数>=4或换手率>=20%。
A_plus_B_strict,20260224,NONE,NO_CANDIDATE,,,,,0.0,779665.3209475625,779665.3209475625,,,False,False,,,,,,,False,0,False,500000.0,779665.3209475625,0.0,reject_b_open_times_gte_4_or_turnover_gte_20,B额外过滤炸板次数>=4或换手率>=20%。
A_plus_B_strict,20260225,NONE,NO_CANDIDATE,,,,,0.0,779665.3209475625,779665.3209475625,,,False,False,,,,,,,False,0,False,500000.0,779665.3209475625,0.0,reject_b_open_times_gte_4_or_turnover_gte_20,B额外过滤炸板次数>=4或换手率>=20%。
A_plus_B_strict,20260226,A,HISTORICAL_SIM_FILLED,300499.SZ,高澜股份,chi_next,无,0.0193948880593092,779665.3209475625,794786.8425710658,a_audit_dynamic_account_return,,False,False,,,,,,,False,0,False,500000.0,794786.8425710658,0.0,reject_b_open_times_gte_4_or_turnover_gte_20,B额外过滤炸板次数>=4或换手率>=20%。
A_plus_B_strict,20260227,A_OR_B,POSITION_OCCUPIED_SKIP,,,,,0.0,794786.8425710658,794786.8425710658,,300499.SZ 高澜股份,False,False,,,,,,,False,0,False,500000.0,794786.8425710658,0.0,reject_b_open_times_gte_4_or_turnover_gte_20,B额外过滤炸板次数>=4或换手率>=20%。
A_plus_B_strict,20260302,NONE,NO_CANDIDATE,,,,,0.0,794786.8425710658,794786.8425710658,,,False,False,,,,,,,False,0,False,500000.0,794786.8425710658,0.0,reject_b_open_times_gte_4_or_turnover_gte_20,B额外过滤炸板次数>=4或换手率>=20%。
A_plus_B_strict,20260303,NONE,NO_CANDIDATE,,,,,0.0,794786.8425710658,794786.8425710658,,,False,False,,,,,,,False,0,False,500000.0,794786.8425710658,0.0,reject_b_open_times_gte_4_or_turnover_gte_20,B额外过滤炸板次数>=4或换手率>=20%。
A_plus_B_strict,20260304,NONE,NO_CANDIDATE,,,,,0.0,794786.8425710658,794786.8425710658,,,False,False,,,,,,,False,0,False,500000.0,794786.8425710658,0.0,reject_b_open_times_gte_4_or_turnover_gte_20,B额外过滤炸板次数>=4或换手率>=20%。
A_plus_B_strict,20260305,NONE,NO_CANDIDATE,,,,,0.0,794786.8425710658,794786.8425710658,,,False,False,,,,,,,False,0,False,500000.0,794786.8425710658,0.0,reject_b_open_times_gte_4_or_turnover_gte_20,B额外过滤炸板次数>=4或换手率>=20%。
A_plus_B_strict,20260306,NONE,NO_CANDIDATE,,,,,0.0,794786.8425710658,794786.8425710658,,,False,False,,,,,,,False,0,False,500000.0,794786.8425710658,0.0,reject_b_open_times_gte_4_or_turnover_gte_20,B额外过滤炸板次数>=4或换手率>=20%。
A_plus_B_strict,20260309,A,REVIEW_REQUIRED_PLAN_ONLY,301606.SZ,绿联科技,chi_next,LOSS_OVERLAY_WATCH,0.0,794786.8425710658,794786.8425710658,manual_review_skip,,False,False,,,,,,,False,0,False,500000.0,794786.8425710658,0.0,reject_b_open_times_gte_4_or_turnover_gte_20,B额外过滤炸板次数>=4或换手率>=20%。
A_plus_B_strict,20260310,NONE,NO_CANDIDATE,,,,,0.0,794786.8425710658,794786.8425710658,,,False,False,,,,,,,False,0,False,500000.0,794786.8425710658,0.0,reject_b_open_times_gte_4_or_turnover_gte_20,B额外过滤炸板次数>=4或换手率>=20%。
A_plus_B_strict,20260311,NONE,NO_CANDIDATE,,,,,0.0,794786.8425710658,794786.8425710658,,,False,False,,,,,,,False,0,False,500000.0,794786.8425710658,0.0,reject_b_open_times_gte_4_or_turnover_gte_20,B额外过滤炸板次数>=4或换手率>=20%。
A_plus_B_strict,20260312,NONE,NO_CANDIDATE,,,,,0.0,794786.8425710658,794786.8425710658,,,False,False,,,,,,,False,0,False,500000.0,794786.8425710658,0.0,reject_b_open_times_gte_4_or_turnover_gte_20,B额外过滤炸板次数>=4或换手率>=20%。
A_plus_B_strict,20260313,NONE,NO_CANDIDATE,,,,,0.0,794786.8425710658,794786.8425710658,,,False,False,,,,,,,False,0,False,500000.0,794786.8425710658,0.0,reject_b_open_times_gte_4_or_turnover_gte_20,B额外过滤炸板次数>=4或换手率>=20%。
A_plus_B_strict,20260316,NONE,NO_CANDIDATE,,,,,0.0,794786.8425710658,794786.8425710658,,,False,False,,,,,,,False,0,False,500000.0,794786.8425710658,0.0,reject_b_open_times_gte_4_or_turnover_gte_20,B额外过滤炸板次数>=4或换手率>=20%。
A_plus_B_strict,20260317,NONE,NO_CANDIDATE,,,,,0.0,794786.8425710658,794786.8425710658,,,False,False,,,,,,,False,0,False,500000.0,794786.8425710658,0.0,reject_b_open_times_gte_4_or_turnover_gte_20,B额外过滤炸板次数>=4或换手率>=20%。
A_plus_B_strict,20260318,NONE,NO_CANDIDATE,,,,,0.0,794786.8425710658,794786.8425710658,,,False,False,,,,,,,False,0,False,500000.0,794786.8425710658,0.0,reject_b_open_times_gte_4_or_turnover_gte_20,B额外过滤炸板次数>=4或换手率>=20%。
A_plus_B_strict,20260319,NONE,NO_CANDIDATE,,,,,0.0,794786.8425710658,794786.8425710658,,,False,False,,,,,,,False,0,False,500000.0,794786.8425710658,0.0,reject_b_open_times_gte_4_or_turnover_gte_20,B额外过滤炸板次数>=4或换手率>=20%。
A_plus_B_strict,20260320,NONE,NO_CANDIDATE,,,,,0.0,794786.8425710658,794786.8425710658,,,False,False,,,,,,,False,0,False,500000.0,794786.8425710658,0.0,reject_b_open_times_gte_4_or_turnover_gte_20,B额外过滤炸板次数>=4或换手率>=20%。
A_plus_B_strict,20260323,NONE,NO_CANDIDATE,,,,,0.0,794786.8425710658,794786.8425710658,,,False,False,,,,,,,False,0,False,500000.0,794786.8425710658,0.0,reject_b_open_times_gte_4_or_turnover_gte_20,B额外过滤炸板次数>=4或换手率>=20%。
A_plus_B_strict,20260324,NONE,NO_CANDIDATE,,,,,0.0,794786.8425710658,794786.8425710658,,,False,False,,,,,,,False,0,False,500000.0,794786.8425710658,0.0,reject_b_open_times_gte_4_or_turnover_gte_20,B额外过滤炸板次数>=4或换手率>=20%。
A_plus_B_strict,20260325,B,HISTORICAL_SIM_FILLED,603829.SH,洛凯股份,sh_main,无,0.0017810469626826726,794786.8425710658,796202.3952630071,b_conservative_daily_replay,,True,True,,,20260326,20260327,29.059029999999996,29.1708,False,0,False,500000.0,796202.3952630071,0.0,reject_b_open_times_gte_4_or_turnover_gte_20,B额外过滤炸板次数>=4或换手率>=20%。
A_plus_B_strict,20260326,A_OR_B,POSITION_OCCUPIED_SKIP,,,,,0.0,796202.3952630071,796202.3952630071,,603829.SH 洛凯股份,False,False,,,,,,,False,0,False,500000.0,796202.3952630071,0.0,reject_b_open_times_gte_4_or_turnover_gte_20,B额外过滤炸板次数>=4或换手率>=20%。
A_plus_B_strict,20260327,A,HISTORICAL_SIM_FILLED,300204.SZ,舒泰神,chi_next,无,0.0397618491523106,796202.3952630071,827860.8747981632,a_audit_dynamic_account_return,,False,False,,,,,,,False,0,False,500000.0,827860.8747981632,0.0,reject_b_open_times_gte_4_or_turnover_gte_20,B额外过滤炸板次数>=4或换手率>=20%。
A_plus_B_strict,20260330,A_OR_B,POSITION_OCCUPIED_SKIP,,,,,0.0,827860.8747981632,827860.8747981632,,300204.SZ 舒泰神,False,False,,,,,,,False,0,False,500000.0,827860.8747981632,0.0,reject_b_open_times_gte_4_or_turnover_gte_20,B额外过滤炸板次数>=4或换手率>=20%。
A_plus_B_strict,20260331,NONE,NO_CANDIDATE,,,,,0.0,827860.8747981632,827860.8747981632,,,False,False,,,,,,,False,0,False,500000.0,827860.8747981632,0.0,reject_b_open_times_gte_4_or_turnover_gte_20,B额外过滤炸板次数>=4或换手率>=20%。
A_plus_B_strict,20260401,NONE,NO_CANDIDATE,,,,,0.0,827860.8747981632,827860.8747981632,,,False,False,,,,,,,False,0,False,500000.0,827860.8747981632,0.0,reject_b_open_times_gte_4_or_turnover_gte_20,B额外过滤炸板次数>=4或换手率>=20%。
A_plus_B_strict,20260402,NONE,NO_CANDIDATE,,,,,0.0,827860.8747981632,827860.8747981632,,,False,False,,,,,,,False,0,False,500000.0,827860.8747981632,0.0,reject_b_open_times_gte_4_or_turnover_gte_20,B额外过滤炸板次数>=4或换手率>=20%。
A_plus_B_strict,20260403,NONE,NO_CANDIDATE,,,,,0.0,827860.8747981632,827860.8747981632,,,False,False,,,,,,,False,0,False,500000.0,827860.8747981632,0.0,reject_b_open_times_gte_4_or_turnover_gte_20,B额外过滤炸板次数>=4或换手率>=20%。
A_plus_B_strict,20260407,NONE,NO_CANDIDATE,,,,,0.0,827860.8747981632,827860.8747981632,,,False,False,,,,,,,False,0,False,500000.0,827860.8747981632,0.0,reject_b_open_times_gte_4_or_turnover_gte_20,B额外过滤炸板次数>=4或换手率>=20%。
A_plus_B_strict,20260408,B,HISTORICAL_SIM_FILLED,603083.SH,剑桥科技,sh_main,无,0.02050690266715481,827860.8747981632,844837.7371795947,b_conservative_daily_replay,,True,True,,,20260409,20260410,113.04293,116.12375999999999,False,0,False,500000.0,844837.7371795947,0.0,reject_b_open_times_gte_4_or_turnover_gte_20,B额外过滤炸板次数>=4或换手率>=20%。
A_plus_B_strict,20260409,A_OR_B,POSITION_OCCUPIED_SKIP,,,,,0.0,844837.7371795947,844837.7371795947,,603083.SH 剑桥科技,False,False,,,,,,,False,0,False,500000.0,844837.7371795947,0.0,reject_b_open_times_gte_4_or_turnover_gte_20,B额外过滤炸板次数>=4或换手率>=20%。
A_plus_B_strict,20260410,NONE,NO_CANDIDATE,,,,,0.0,844837.7371795947,844837.7371795947,,,False,False,,,,,,,False,0,False,500000.0,844837.7371795947,0.0,reject_b_open_times_gte_4_or_turnover_gte_20,B额外过滤炸板次数>=4或换手率>=20%。
A_plus_B_strict,20260413,NONE,NO_CANDIDATE,,,,,0.0,844837.7371795947,844837.7371795947,,,False,False,,,,,,,False,0,False,500000.0,844837.7371795947,0.0,reject_b_open_times_gte_4_or_turnover_gte_20,B额外过滤炸板次数>=4或换手率>=20%。
A_plus_B_strict,20260414,A,HISTORICAL_SIM_FILLED,301189.SZ,奥尼电子,chi_next,无,-0.0350052172427846,844837.7371795947,815264.0086547204,a_audit_dynamic_account_return,,False,False,,,,,,,False,0,False,500000.0,844837.7371795947,-0.0350052172427846,reject_b_open_times_gte_4_or_turnover_gte_20,B额外过滤炸板次数>=4或换手率>=20%。
A_plus_B_strict,20260415,A_OR_B,POSITION_OCCUPIED_SKIP,,,,,0.0,815264.0086547204,815264.0086547204,,301189.SZ 奥尼电子,False,False,,,,,,,False,0,False,500000.0,844837.7371795947,-0.0350052172427846,reject_b_open_times_gte_4_or_turnover_gte_20,B额外过滤炸板次数>=4或换手率>=20%。
A_plus_B_strict,20260416,NONE,NO_CANDIDATE,,,,,0.0,815264.0086547204,815264.0086547204,,,False,False,,,,,,,False,0,False,500000.0,844837.7371795947,-0.0350052172427846,reject_b_open_times_gte_4_or_turnover_gte_20,B额外过滤炸板次数>=4或换手率>=20%。
A_plus_B_strict,20260417,A,HISTORICAL_SIM_FILLED,301319.SZ,唯特偶,chi_next,无,0.0352808081329955,815264.0086547204,844027.1817218043,a_audit_dynamic_account_return,,False,False,,,,,,,False,0,False,500000.0,844837.7371795947,-0.0009594214629856657,reject_b_open_times_gte_4_or_turnover_gte_20,B额外过滤炸板次数>=4或换手率>=20%。
A_plus_B_strict,20260420,A_OR_B,POSITION_OCCUPIED_SKIP,,,,,0.0,844027.1817218043,844027.1817218043,,301319.SZ 唯特偶,False,False,,,,,,,False,0,False,500000.0,844837.7371795947,-0.0009594214629856657,reject_b_open_times_gte_4_or_turnover_gte_20,B额外过滤炸板次数>=4或换手率>=20%。
A_plus_B_strict,20260421,NONE,NO_CANDIDATE,,,,,0.0,844027.1817218043,844027.1817218043,,,False,False,,,,,,,False,0,False,500000.0,844837.7371795947,-0.0009594214629856657,reject_b_open_times_gte_4_or_turnover_gte_20,B额外过滤炸板次数>=4或换手率>=20%。
A_plus_B_strict,20260422,NONE,NO_CANDIDATE,,,,,0.0,844027.1817218043,844027.1817218043,,,False,False,,,,,,,False,0,False,500000.0,844837.7371795947,-0.0009594214629856657,reject_b_open_times_gte_4_or_turnover_gte_20,B额外过滤炸板次数>=4或换手率>=20%。
A_plus_B_strict,20260423,NONE,NO_CANDIDATE,,,,,0.0,844027.1817218043,844027.1817218043,,,False,False,,,,,,,False,0,False,500000.0,844837.7371795947,-0.0009594214629856657,reject_b_open_times_gte_4_or_turnover_gte_20,B额外过滤炸板次数>=4或换手率>=20%。
A_plus_B_strict,20260424,NONE,NO_CANDIDATE,,,,,0.0,844027.1817218043,844027.1817218043,,,False,False,,,,,,,False,0,False,500000.0,844837.7371795947,-0.0009594214629856657,reject_b_open_times_gte_4_or_turnover_gte_20,B额外过滤炸板次数>=4或换手率>=20%。
A_plus_B_strict,20260427,NONE,NO_CANDIDATE,,,,,0.0,844027.1817218043,844027.1817218043,,,False,False,,,,,,,False,0,False,500000.0,844837.7371795947,-0.0009594214629856657,reject_b_open_times_gte_4_or_turnover_gte_20,B额外过滤炸板次数>=4或换手率>=20%。
A_plus_B_strict,20260428,NONE,NO_CANDIDATE,,,,,0.0,844027.1817218043,844027.1817218043,,,False,False,,,,,,,False,0,False,500000.0,844837.7371795947,-0.0009594214629856657,reject_b_open_times_gte_4_or_turnover_gte_20,B额外过滤炸板次数>=4或换手率>=20%。
A_plus_B_strict,20260429,NONE,NO_CANDIDATE,,,,,0.0,844027.1817218043,844027.1817218043,,,False,False,,,,,,,False,0,False,500000.0,844837.7371795947,-0.0009594214629856657,reject_b_open_times_gte_4_or_turnover_gte_20,B额外过滤炸板次数>=4或换手率>=20%。
A_plus_B_strict,20260430,NONE,NO_CANDIDATE,,,,,0.0,844027.1817218043,844027.1817218043,,,False,False,,,,,,,False,0,False,500000.0,844837.7371795947,-0.0009594214629856657,reject_b_open_times_gte_4_or_turnover_gte_20,B额外过滤炸板次数>=4或换手率>=20%。
A_plus_B_strict,20260506,NONE,NO_CANDIDATE,,,,,0.0,844027.1817218043,844027.1817218043,,,False,False,,,,,,,False,0,False,500000.0,844837.7371795947,-0.0009594214629856657,reject_b_open_times_gte_4_or_turnover_gte_20,B额外过滤炸板次数>=4或换手率>=20%。
A_plus_B_strict,20260507,B,HISTORICAL_SIM_FILLED,603256.SH,宏和科技,sh_main,无,0.02464048591717308,844027.1817218043,864824.4216067318,b_conservative_daily_replay,,True,True,,,20260508,20260511,145.12497999999997,149.83002,False,0,False,500000.0,864824.4216067318,0.0,reject_b_open_times_gte_4_or_turnover_gte_20,B额外过滤炸板次数>=4或换手率>=20%。
A_plus_B_strict,20260508,A_OR_B,POSITION_OCCUPIED_SKIP,,,,,0.0,864824.4216067318,864824.4216067318,,603256.SH 宏和科技,False,False,,,,,,,False,0,False,500000.0,864824.4216067318,0.0,reject_b_open_times_gte_4_or_turnover_gte_20,B额外过滤炸板次数>=4或换手率>=20%。
A_plus_B_strict,20260511,NONE,NO_CANDIDATE,,,,,0.0,864824.4216067318,864824.4216067318,,,False,False,,,,,,,False,0,False,500000.0,864824.4216067318,0.0,reject_b_open_times_gte_4_or_turnover_gte_20,B额外过滤炸板次数>=4或换手率>=20%。
A_plus_B_strict,20260512,NONE,NO_CANDIDATE,,,,,0.0,864824.4216067318,864824.4216067318,,,False,False,,,,,,,False,0,False,500000.0,864824.4216067318,0.0,reject_b_open_times_gte_4_or_turnover_gte_20,B额外过滤炸板次数>=4或换手率>=20%。
A_plus_B_strict,20260513,NONE,NO_CANDIDATE,,,,,0.0,864824.4216067318,864824.4216067318,,,False,False,,,,,,,False,0,False,500000.0,864824.4216067318,0.0,reject_b_open_times_gte_4_or_turnover_gte_20,B额外过滤炸板次数>=4或换手率>=20%。
A_plus_B_strict,20260514,NONE,NO_CANDIDATE,,,,,0.0,864824.4216067318,864824.4216067318,,,False,False,,,,,,,False,0,False,500000.0,864824.4216067318,0.0,reject_b_open_times_gte_4_or_turnover_gte_20,B额外过滤炸板次数>=4或换手率>=20%。
