profile_id,factor_count,factor_names,conditions_json,description,selection_signature,d_trade_count,d_win_rate,d_avg_account_return,d_median_account_return,d_equity_multiple,d_max_drawdown,d_max_profit,d_max_loss,d_profit_loss_ratio,d_max_consecutive_losses,d_first_12m_trade_count,d_first_12m_multiple,d_second_12m_trade_count,d_second_12m_multiple,d_candidate_day_count,d_price_confirmed_day_count,d_queue_unknown_day_count,d_unresolved_exit_count,acde_trade_count,acde_win_rate,acde_avg_account_return,acde_median_account_return,acde_equity_multiple,acde_max_drawdown,acde_max_profit,acde_max_loss,acde_profit_loss_ratio,acde_max_consecutive_losses,acde_leg_counts_json,d_compound_improved,acde_compound_improved,dual_compound_gate_passed
DIF_6501c8c095f9,3,reseal_time_bucket;break_close_depth_bucket;segment_bucket,"{""break_close_depth_bucket"": ""LT0_2PCT"", ""reseal_time_bucket"": ""0930_1000"", ""segment_bucket"": ""GROWTH_BOARD""}",reseal_time_bucket=0930_1000 AND break_close_depth_bucket=LT0_2PCT AND segment_bucket=GROWTH_BOARD,c7b3a543fb64f21774e0c907c10884548d1725ff,33,0.6363636363636364,0.03438417896572329,0.0189352946274622,2.8112400677086447,-0.22308861429444682,0.2191184735692947,-0.0699162117478346,1.9310029782969222,3,10,1.0001720947934947,23,2.8107563511748253,50,42,8,0,129,0.6821705426356589,0.05338158777858806,0.03734707754276177,486.3661434308374,-0.22970534744710858,0.4892913885103991,-0.14417251000998996,2.3663948756157485,4,"{""A"": 47, ""C"": 21, ""D"": 17, ""E"": 44}",True,True,True
DIF_d2f0271b3d9c,2,cumulative_amount_bucket;market_break_rate_bucket,"{""cumulative_amount_bucket"": ""LT0_5"", ""market_break_rate_bucket"": ""LT25PCT""}",cumulative_amount_bucket=LT0_5 AND market_break_rate_bucket=LT25PCT,45a004ec6321ff54e4cf4ce51647ac27ea9f9228,27,0.5925925925925926,0.026313862159285967,0.0415502663084983,1.8481215534745379,-0.2087633199746205,0.1371693725047969,-0.1183163852749999,1.4153081390189406,4,12,1.585146674388906,15,1.1658993980396244,42,33,9,0,125,0.696,0.05178753877520067,0.03893068315788266,331.7561280286062,-0.2297053474471087,0.4892913885103991,-0.14417251000998996,2.0778151028793763,4,"{""A"": 45, ""C"": 22, ""D"": 9, ""E"": 49}",False,True,False
DIF_1e6ad810fcd5,3,cumulative_amount_bucket;market_break_rate_bucket;segment_bucket,"{""cumulative_amount_bucket"": ""LT0_5"", ""market_break_rate_bucket"": ""LT25PCT"", ""segment_bucket"": ""MAIN_BOARD""}",cumulative_amount_bucket=LT0_5 AND market_break_rate_bucket=LT25PCT AND segment_bucket=MAIN_BOARD,45a004ec6321ff54e4cf4ce51647ac27ea9f9228,27,0.5925925925925926,0.026313862159285967,0.0415502663084983,1.8481215534745379,-0.2087633199746205,0.1371693725047969,-0.1183163852749999,1.4153081390189406,4,12,1.585146674388906,15,1.1658993980396244,42,33,9,0,125,0.696,0.05178753877520067,0.03893068315788266,331.7561280286062,-0.2297053474471087,0.4892913885103991,-0.14417251000998996,2.0778151028793763,4,"{""A"": 45, ""C"": 22, ""D"": 9, ""E"": 49}",False,True,False
DIF_66da4abdd8ef,3,reseal_time_bucket;cumulative_amount_bucket;market_break_rate_bucket,"{""cumulative_amount_bucket"": ""LT0_5"", ""market_break_rate_bucket"": ""LT25PCT"", ""reseal_time_bucket"": ""0930_1000""}",reseal_time_bucket=0930_1000 AND cumulative_amount_bucket=LT0_5 AND market_break_rate_bucket=LT25PCT,45a004ec6321ff54e4cf4ce51647ac27ea9f9228,27,0.5925925925925926,0.026313862159285967,0.0415502663084983,1.8481215534745379,-0.2087633199746205,0.1371693725047969,-0.1183163852749999,1.4153081390189406,4,12,1.585146674388906,15,1.1658993980396244,42,33,9,0,125,0.696,0.05178753877520067,0.03893068315788266,331.7561280286062,-0.2297053474471087,0.4892913885103991,-0.14417251000998996,2.0778151028793763,4,"{""A"": 45, ""C"": 22, ""D"": 9, ""E"": 49}",False,True,False
DIF_7be6b3aed0a2,3,cumulative_amount_bucket;market_touch_count_bucket;market_break_rate_bucket,"{""cumulative_amount_bucket"": ""LT0_5"", ""market_break_rate_bucket"": ""LT25PCT"", ""market_touch_count_bucket"": ""LT40""}",cumulative_amount_bucket=LT0_5 AND market_touch_count_bucket=LT40 AND market_break_rate_bucket=LT25PCT,45a004ec6321ff54e4cf4ce51647ac27ea9f9228,27,0.5925925925925926,0.026313862159285967,0.0415502663084983,1.8481215534745379,-0.2087633199746205,0.1371693725047969,-0.1183163852749999,1.4153081390189406,4,12,1.585146674388906,15,1.1658993980396244,42,33,9,0,125,0.696,0.05178753877520067,0.03893068315788266,331.7561280286062,-0.2297053474471087,0.4892913885103991,-0.14417251000998996,2.0778151028793763,4,"{""A"": 45, ""C"": 22, ""D"": 9, ""E"": 49}",False,True,False
DIF_d7d6fb385eab,3,open_count_bucket;cumulative_amount_bucket;market_break_rate_bucket,"{""cumulative_amount_bucket"": ""LT0_5"", ""market_break_rate_bucket"": ""LT25PCT"", ""open_count_bucket"": ""1""}",open_count_bucket=1 AND cumulative_amount_bucket=LT0_5 AND market_break_rate_bucket=LT25PCT,45a004ec6321ff54e4cf4ce51647ac27ea9f9228,27,0.5925925925925926,0.026313862159285967,0.0415502663084983,1.8481215534745379,-0.2087633199746205,0.1371693725047969,-0.1183163852749999,1.4153081390189406,4,12,1.585146674388906,15,1.1658993980396244,42,33,9,0,125,0.696,0.05178753877520067,0.03893068315788266,331.7561280286062,-0.2297053474471087,0.4892913885103991,-0.14417251000998996,2.0778151028793763,4,"{""A"": 45, ""C"": 22, ""D"": 9, ""E"": 49}",False,True,False
DIF_e6266817a4df,3,first_seal_time_bucket;cumulative_amount_bucket;market_break_rate_bucket,"{""cumulative_amount_bucket"": ""LT0_5"", ""first_seal_time_bucket"": ""0930_1000"", ""market_break_rate_bucket"": ""LT25PCT""}",first_seal_time_bucket=0930_1000 AND cumulative_amount_bucket=LT0_5 AND market_break_rate_bucket=LT25PCT,45a004ec6321ff54e4cf4ce51647ac27ea9f9228,27,0.5925925925925926,0.026313862159285967,0.0415502663084983,1.8481215534745379,-0.2087633199746205,0.1371693725047969,-0.1183163852749999,1.4153081390189406,4,12,1.585146674388906,15,1.1658993980396244,42,33,9,0,125,0.696,0.05178753877520067,0.03893068315788266,331.7561280286062,-0.2297053474471087,0.4892913885103991,-0.14417251000998996,2.0778151028793763,4,"{""A"": 45, ""C"": 22, ""D"": 9, ""E"": 49}",False,True,False
DIF_f1e9adad3dad,3,first_to_reseal_bucket;cumulative_amount_bucket;market_break_rate_bucket,"{""cumulative_amount_bucket"": ""LT0_5"", ""first_to_reseal_bucket"": ""LE15"", ""market_break_rate_bucket"": ""LT25PCT""}",first_to_reseal_bucket=LE15 AND cumulative_amount_bucket=LT0_5 AND market_break_rate_bucket=LT25PCT,45a004ec6321ff54e4cf4ce51647ac27ea9f9228,27,0.5925925925925926,0.026313862159285967,0.0415502663084983,1.8481215534745379,-0.2087633199746205,0.1371693725047969,-0.1183163852749999,1.4153081390189406,4,12,1.585146674388906,15,1.1658993980396244,42,33,9,0,125,0.696,0.05178753877520067,0.03893068315788266,331.7561280286062,-0.2297053474471087,0.4892913885103991,-0.14417251000998996,2.0778151028793763,4,"{""A"": 45, ""C"": 22, ""D"": 9, ""E"": 49}",False,True,False
DIF_323060cc687f,3,reseal_time_bucket;open_gap_bucket;cumulative_amount_bucket,"{""cumulative_amount_bucket"": ""0_5_1"", ""open_gap_bucket"": ""3_7PCT"", ""reseal_time_bucket"": ""1001_1030""}",reseal_time_bucket=1001_1030 AND open_gap_bucket=3_7PCT AND cumulative_amount_bucket=0_5_1,6ac5a5c27ce2172fd29a17ec283ffb68840f6e8e,49,0.6326530612244898,0.03193256653417706,0.038352072426076,4.116564363631,-0.29004470898341517,0.1935590908019999,-0.1183163852749999,1.6335381043638255,3,25,1.4739322719929093,24,2.792912837212648,76,63,13,0,126,0.6984126984126984,0.05117865837073418,0.03864111744694129,323.1233455238691,-0.20673960657580093,0.4892913885103991,-0.14417251000998996,1.9963927652934732,4,"{""A"": 37, ""C"": 20, ""D"": 27, ""E"": 42}",True,False,False
DIF_612bd6c4e89f,3,first_seal_time_bucket;previous_seal_hold_bucket;cumulative_amount_bucket,"{""cumulative_amount_bucket"": ""0_5_1"", ""first_seal_time_bucket"": ""1001_1030"", ""previous_seal_hold_bucket"": ""6_10""}",first_seal_time_bucket=1001_1030 AND previous_seal_hold_bucket=6_10 AND cumulative_amount_bucket=0_5_1,8e383b79d7bd7bdbd3cae687cf38147a659b0f16,36,0.5833333333333334,0.02790306952310219,0.02662558267101795,2.440427971626132,-0.22341339942501348,0.1371647242864246,-0.139557347965909,1.7119248711740316,5,22,1.9904713933082994,14,1.2260552851101134,51,43,8,0,126,0.6904761904761905,0.0508408341946027,0.030789092862448908,313.2324037004717,-0.2297053474471087,0.4892913885103991,-0.14417251000998996,2.1931197103386273,4,"{""A"": 44, ""C"": 21, ""D"": 17, ""E"": 44}",True,False,False
DIF_7263f420de28,3,first_seal_time_bucket;cumulative_amount_bucket;market_touch_count_bucket,"{""cumulative_amount_bucket"": ""1_1_5"", ""first_seal_time_bucket"": ""1001_1030"", ""market_touch_count_bucket"": ""101_150""}",first_seal_time_bucket=1001_1030 AND cumulative_amount_bucket=1_1_5 AND market_touch_count_bucket=101_150,0f405d67d6b446f8bdf6bbc6103be83f5b767f05,21,0.6190476190476191,0.03730840005638249,0.0233526366992806,2.0029403836082986,-0.12134186293760452,0.2884293871007067,-0.0814231150830508,1.89884479310886,3,14,1.1822124315627973,7,1.6942305207876724,37,29,8,0,125,0.672,0.05146684627058494,0.030435392082841857,311.4439086598447,-0.22970534744710847,0.4892913885103991,-0.14417251000998996,2.2577222380136486,4,"{""A"": 44, ""C"": 22, ""D"": 12, ""E"": 47}",False,False,False
DIF_a6367751b3b8,3,cumulative_amount_bucket;market_seal_rate_bucket;market_break_rate_bucket,"{""cumulative_amount_bucket"": ""LT0_5"", ""market_break_rate_bucket"": ""LT25PCT"", ""market_seal_rate_bucket"": ""GE80PCT""}",cumulative_amount_bucket=LT0_5 AND market_seal_rate_bucket=GE80PCT AND market_break_rate_bucket=LT25PCT,3985232f4a1e6553a9f900ebc78b8b334f9b2b34,26,0.5769230769230769,0.023617587455133367,0.0412561033983987,1.6856009583438885,-0.2087633199746204,0.1371693725047969,-0.1183163852749999,1.4043080447255671,4,12,1.585146674388906,14,1.0633722327264814,41,32,9,0,126,0.6984126984126984,0.05076967451330866,0.03784931463938085,308.5796904491847,-0.2297053474471087,0.4892913885103991,-0.14417251000998996,2.028448253772733,4,"{""A"": 45, ""C"": 23, ""D"": 8, ""E"": 50}",False,False,False
DIF_c6ab3a012a49,3,reseal_time_bucket;segment_bucket;segment_seal_rate_bucket,"{""reseal_time_bucket"": ""1031_1130"", ""segment_bucket"": ""GROWTH_BOARD"", ""segment_seal_rate_bucket"": ""40_60PCT""}",reseal_time_bucket=1031_1130 AND segment_bucket=GROWTH_BOARD AND segment_seal_rate_bucket=40_60PCT,9bca22807b07bd34e97f7a70a5e284d212ca586c,34,0.5882352941176471,0.03622809551012289,0.009087425487042451,3.0623324079530416,-0.07082214975040568,0.2886461432667387,-0.0618131834200872,2.9137360775481036,2,19,2.0202806087581413,15,1.5157955754648587,58,41,17,0,127,0.6850393700787402,0.05003685411937947,0.03114279364205596,298.0180918221558,-0.27389658294563324,0.4892913885103991,-0.17629142067722955,2.231832627255729,4,"{""A"": 46, ""C"": 19, ""D"": 16, ""E"": 46}",True,False,False
DIF_b071a3716b42,3,reseal_time_bucket;open_gap_bucket;cumulative_amount_bucket,"{""cumulative_amount_bucket"": ""0_5_1"", ""open_gap_bucket"": ""3_7PCT"", ""reseal_time_bucket"": ""1031_1130""}",reseal_time_bucket=1031_1130 AND open_gap_bucket=3_7PCT AND cumulative_amount_bucket=0_5_1,8ab5502fbd4906e110bbcc93e36a74eef6330c54,41,0.6097560975609756,0.024765874117974818,0.0348710806769033,2.5222819951071633,-0.1570273908132287,0.1222728291885053,-0.1328895729622152,1.6145626493893057,4,22,1.700633514262035,19,1.4831425900727775,65,51,14,0,126,0.6904761904761905,0.05018490832609757,0.03814229196202986,294.7145053732392,-0.16139370484503834,0.4892913885103991,-0.14417251000998996,2.1616720998148478,4,"{""A"": 46, ""C"": 18, ""D"": 21, ""E"": 41}",True,False,False
DIF_7bf765735cf6,3,reseal_time_bucket;pre_signal_low_bucket;cumulative_amount_bucket,"{""cumulative_amount_bucket"": ""0_5_1"", ""pre_signal_low_bucket"": ""3_7PCT"", ""reseal_time_bucket"": ""1031_1130""}",reseal_time_bucket=1031_1130 AND pre_signal_low_bucket=3_7PCT AND cumulative_amount_bucket=0_5_1,a27717f22250bc4c140dea8aafab00133acc8574,27,0.6296296296296297,0.025187806954330965,0.0294026510228571,1.8500914764346845,-0.21106842491012945,0.1375294480051883,-0.1311553934155689,1.4863755071303373,4,12,1.3209120064461006,15,1.4006167461618697,39,29,10,0,124,0.7016129032258065,0.05080275835261196,0.03864111744694129,277.25804730784137,-0.27695811519194713,0.4892913885103991,-0.17629142067722955,1.8987331353619479,4,"{""A"": 47, ""C"": 20, ""D"": 14, ""E"": 43}",False,False,False
DIF_11c18fce5b81,3,first_seal_time_bucket;open_gap_bucket;market_touch_count_bucket,"{""first_seal_time_bucket"": ""1001_1030"", ""market_touch_count_bucket"": ""71_100"", ""open_gap_bucket"": ""3_7PCT""}",first_seal_time_bucket=1001_1030 AND open_gap_bucket=3_7PCT AND market_touch_count_bucket=71_100,6ec6890f6595667ec0ebcd684034986e2e23df27,27,0.7037037037037037,0.03673918446160981,0.0294026510228571,2.4064354454782917,-0.1195721859986687,0.3721270239550671,-0.1046538263036539,1.392539500262635,3,14,1.5202738682841725,13,1.58289601346254,45,38,7,0,124,0.6854838709677419,0.05101094054769335,0.03129169055852798,273.2899035483422,-0.2297053474471087,0.4892913885103991,-0.14417251000998996,1.9943850462849277,4,"{""A"": 44, ""C"": 20, ""D"": 16, ""E"": 44}",True,False,False
DIF_c2449378b30a,3,pre_signal_low_bucket;market_active_count_bucket;market_break_rate_bucket,"{""market_active_count_bucket"": ""LT20"", ""market_break_rate_bucket"": ""LT25PCT"", ""pre_signal_low_bucket"": ""0_3PCT""}",pre_signal_low_bucket=0_3PCT AND market_active_count_bucket=LT20 AND market_break_rate_bucket=LT25PCT,01f12d0d1bf5a08885ac3d8216dbe29f07089406,54,0.5925925925925926,0.021665263342750315,0.0245396772259214,2.8324771907533974,-0.17669960269767437,0.1367778602089886,-0.1183163852749999,1.5381891123185067,4,27,2.0154367676872114,27,1.4053912462874092,97,70,27,0,135,0.6814814814814815,0.046196686316349926,0.03233647794321521,262.31724381404155,-0.27389658294563324,0.4892913885103991,-0.17629142067722955,1.955409559729427,4,"{""A"": 42, ""C"": 16, ""D"": 30, ""E"": 47}",True,False,False
DIF_cbedc507dfc9,3,open_gap_bucket;cumulative_amount_bucket;market_seal_rate_bucket,"{""cumulative_amount_bucket"": ""LT0_5"", ""market_seal_rate_bucket"": ""GE80PCT"", ""open_gap_bucket"": ""0_3PCT""}",open_gap_bucket=0_3PCT AND cumulative_amount_bucket=LT0_5 AND market_seal_rate_bucket=GE80PCT,d27ee7c2a86a2ef0116e31b067746f9618ee297e,23,0.782608695652174,0.044529698225574454,0.0647413004751968,2.534895688840422,-0.2017021771893861,0.1371693725047969,-0.1254470023539511,0.9114267478239136,2,11,2.0271295190494416,12,1.2504853118754253,35,29,6,0,125,0.704,0.04979633798706329,0.03734707754276177,260.18519584195,-0.2297053474471087,0.4892913885103991,-0.14417251000998996,1.869396249936628,4,"{""A"": 45, ""C"": 21, ""D"": 11, ""E"": 48}",True,False,False
DIF_f9b46344a455,3,open_count_bucket;market_touch_count_bucket;segment_seal_rate_bucket,"{""market_touch_count_bucket"": ""71_100"", ""open_count_bucket"": ""3"", ""segment_seal_rate_bucket"": ""40_60PCT""}",open_count_bucket=3 AND market_touch_count_bucket=71_100 AND segment_seal_rate_bucket=40_60PCT,1d0c080548ef103c287d8d61a8e1329ef8ad7b7d,25,0.64,0.024037087720885843,0.0072616943036617,1.685174175347038,-0.21311116408173814,0.3090002845557691,-0.0858519793567021,1.4632945916592612,2,15,1.26482662037995,10,1.332336106936788,40,34,6,0,126,0.6984126984126984,0.04921010503036745,0.026149675496300546,254.90682145436134,-0.22970534744710858,0.4892913885103991,-0.14417251000998996,2.0909832302543996,4,"{""A"": 46, ""C"": 20, ""D"": 13, ""E"": 47}",False,False,False
DIF_ad6c674b45d4,3,first_seal_time_bucket;open_count_bucket;cumulative_amount_bucket,"{""cumulative_amount_bucket"": ""0_5_1"", ""first_seal_time_bucket"": ""1001_1030"", ""open_count_bucket"": ""2""}",first_seal_time_bucket=1001_1030 AND open_count_bucket=2 AND cumulative_amount_bucket=0_5_1,c64ac0dddfdee26c7102c61ecf7ffec1b118aba6,58,0.5689655172413793,0.0233806038453961,0.014655707508535301,3.259770095426578,-0.27195931179150434,0.2566166619278637,-0.1549778471938946,1.6898872390143385,5,27,2.3519756211689655,31,1.38597103902226,104,91,13,0,130,0.676923076923077,0.047561907618250285,0.03016696036279858,252.92529704473657,-0.16139370484503834,0.4892913885103991,-0.1549778471938946,2.1437270633408043,4,"{""A"": 43, ""C"": 16, ""D"": 32, ""E"": 39}",True,False,False
DIF_67f9332432f0,3,cumulative_amount_bucket;market_break_rate_bucket;segment_seal_rate_bucket,"{""cumulative_amount_bucket"": ""LT0_5"", ""market_break_rate_bucket"": ""LT25PCT"", ""segment_seal_rate_bucket"": ""GE80PCT""}",cumulative_amount_bucket=LT0_5 AND market_break_rate_bucket=LT25PCT AND segment_seal_rate_bucket=GE80PCT,5bf03c7c25431e86878133574810293638fe02b2,26,0.5769230769230769,0.025830133882612478,0.041716265280420994,1.7632054103917905,-0.2087633199746205,0.1381131795741176,-0.1183163852749999,1.4159169753339642,4,12,1.7037906206956328,14,1.0348721192466117,39,30,9,0,124,0.6854838709677419,0.05002934744452678,0.03784931463938085,251.93359654030832,-0.2297053474471087,0.4892913885103991,-0.14417251000998996,1.977674026761063,4,"{""A"": 44, ""C"": 22, ""D"": 9, ""E"": 49}",False,False,False
DIF_e13b85c1a8e6,3,reseal_time_bucket;first_seal_time_bucket;cumulative_amount_bucket,"{""cumulative_amount_bucket"": ""0_5_1"", ""first_seal_time_bucket"": ""1001_1030"", ""reseal_time_bucket"": ""1031_1130""}",reseal_time_bucket=1031_1130 AND first_seal_time_bucket=1001_1030 AND cumulative_amount_bucket=0_5_1,c27e5355b46cc1644ec29ee19d338d26c558e698,72,0.6111111111111112,0.02498575033065996,0.0227768514834473,4.945793775087955,-0.25458846221754217,0.1935590908019999,-0.1495897313735941,1.5066133594570854,4,37,3.512736646965338,35,1.4079603090543773,126,107,19,0,135,0.6592592592592592,0.04595857423353823,0.030435392082841857,251.69252818967587,-0.16617354728081257,0.4892913885103991,-0.14417251000998996,2.084394011819278,4,"{""A"": 42, ""C"": 14, ""D"": 41, ""E"": 38}",True,False,False
DIF_dac3e2d04d9b,3,break_close_depth_bucket;market_touch_count_bucket;market_break_rate_bucket,"{""break_close_depth_bucket"": ""1_2PCT"", ""market_break_rate_bucket"": ""25_50PCT"", ""market_touch_count_bucket"": ""71_100""}",break_close_depth_bucket=1_2PCT AND market_touch_count_bucket=71_100 AND market_break_rate_bucket=25_50PCT,0bb0600f0602b2fcdb85feb1924cd6e9eb8f250c,22,0.6363636363636364,0.02185129033720253,0.02002227712650935,1.5633667725519587,-0.08214609300105113,0.1367595582416724,-0.060207868813878,1.5827220131240036,2,15,1.241132531803053,7,1.2596291955064465,31,26,5,0,124,0.6854838709677419,0.0494215736672965,0.03129169055852798,240.84373400450033,-0.22970534744710858,0.4892913885103991,-0.14417251000998996,2.1252361204645855,4,"{""A"": 45, ""C"": 23, ""D"": 8, ""E"": 48}",False,False,False
DIF_302ec524dfaa,3,market_touch_count_bucket;market_break_rate_bucket;segment_seal_rate_bucket,"{""market_break_rate_bucket"": ""GE75PCT"", ""market_touch_count_bucket"": ""40_70"", ""segment_seal_rate_bucket"": ""40_60PCT""}",market_touch_count_bucket=40_70 AND market_break_rate_bucket=GE75PCT AND segment_seal_rate_bucket=40_60PCT,836bf8a1880d870ee5c1add5b1306df9d7e86e33,60,0.5833333333333334,0.021012695836630433,0.01044422656409335,3.053860922365779,-0.14013916754642453,0.2886461432667387,-0.0775062101913357,1.7183184209275628,3,25,1.38682829048602,35,2.2020468888008775,120,89,31,0,126,0.6904761904761905,0.0487003725981645,0.029719314882068613,240.70109896841436,-0.22970534744710858,0.4892913885103991,-0.14417251000998996,2.0728883029230616,4,"{""A"": 32, ""C"": 21, ""D"": 33, ""E"": 40}",True,False,False
DIF_9b9b473d20fb,3,market_touch_count_bucket;market_break_rate_bucket;segment_seal_rate_bucket,"{""market_break_rate_bucket"": ""GE75PCT"", ""market_touch_count_bucket"": ""71_100"", ""segment_seal_rate_bucket"": ""40_60PCT""}",market_touch_count_bucket=71_100 AND market_break_rate_bucket=GE75PCT AND segment_seal_rate_bucket=40_60PCT,800576ed11a8020351afc26c0c594764778616ad,39,0.6410256410256411,0.038852817347460794,0.0098951506217142,3.627004095592157,-0.2627138167058689,0.3317363569856887,-0.1605413959044369,1.7373346499697324,3,18,0.8368364629443176,21,4.334185060281598,60,54,6,0,124,0.6774193548387096,0.05027651003079264,0.026149675496300546,239.02674731523328,-0.37394999301314846,0.4892913885103991,-0.17629142067722955,1.9736217984557356,4,"{""A"": 41, ""C"": 16, ""D"": 22, ""E"": 45}",True,False,False
DIF_905032acc3cc,3,pre_signal_low_bucket;cumulative_amount_bucket;market_touch_count_bucket,"{""cumulative_amount_bucket"": ""0_5_1"", ""market_touch_count_bucket"": ""40_70"", ""pre_signal_low_bucket"": ""3_7PCT""}",pre_signal_low_bucket=3_7PCT AND cumulative_amount_bucket=0_5_1 AND market_touch_count_bucket=40_70,e766f55798b37bec3288cfe0a845c0c7e61cb56e,47,0.6382978723404256,0.027350089752395022,0.0335512515549073,3.194947792602227,-0.24972825084659067,0.1375899283974682,-0.1026704526907039,1.4378347319545428,3,18,1.5909330037993243,29,2.0082227126927013,66,54,12,0,124,0.6854838709677419,0.04926172971118207,0.03784931463938085,238.66006140068419,-0.19265429469878148,0.4892913885103991,-0.14417251000998996,2.073475977461512,4,"{""A"": 39, ""C"": 19, ""D"": 30, ""E"": 36}",True,False,False
DIF_f8fbddf694fc,3,reseal_speed_bucket;open_gap_bucket;pre_signal_low_bucket,"{""open_gap_bucket"": ""3_7PCT"", ""pre_signal_low_bucket"": ""LT0"", ""reseal_speed_bucket"": ""2_5""}",reseal_speed_bucket=2_5 AND open_gap_bucket=3_7PCT AND pre_signal_low_bucket=LT0,7fbfddb10a8cb427bf705b800bf171fea1611cd5,22,0.5909090909090909,0.025532638558112986,0.008897324791531951,1.5570944096182062,-0.3088812946652463,0.3721270239550671,-0.1762669073000001,1.4252149400865175,3,12,1.1597710476109673,10,1.342587757148872,34,28,6,0,124,0.6854838709677419,0.04999712169726349,0.030789092862448908,238.05565231970533,-0.27389658294563324,0.4892913885103991,-0.17629142067722955,1.9511134870642877,4,"{""A"": 46, ""C"": 23, ""D"": 14, ""E"": 41}",False,False,False
DIF_131dcdcb4331,3,first_to_reseal_bucket;pre_signal_low_bucket;market_touch_count_bucket,"{""first_to_reseal_bucket"": ""LE15"", ""market_touch_count_bucket"": ""71_100"", ""pre_signal_low_bucket"": ""3_7PCT""}",first_to_reseal_bucket=LE15 AND pre_signal_low_bucket=3_7PCT AND market_touch_count_bucket=71_100,6310a7878e0d6265d6c1645fc57b03a72a32741c,20,0.7,0.04062199137885054,0.037948167170194405,2.0635196266739535,-0.13115539341556892,0.3038459078661051,-0.1311553934155689,1.4866532643678845,2,9,1.7710817999500013,11,1.1651181931473795,31,22,9,0,121,0.6776859504132231,0.05069063143628471,0.03114279364205596,233.94286664182994,-0.22970534744710858,0.4892913885103991,-0.14417251000998996,2.1465906928683594,4,"{""A"": 46, ""C"": 22, ""D"": 8, ""E"": 45}",True,False,False
DIF_5b209e46d828,3,pre_signal_low_bucket;cumulative_amount_bucket;market_seal_rate_bucket,"{""cumulative_amount_bucket"": ""LT0_5"", ""market_seal_rate_bucket"": ""GE80PCT"", ""pre_signal_low_bucket"": ""0_3PCT""}",pre_signal_low_bucket=0_3PCT AND cumulative_amount_bucket=LT0_5 AND market_seal_rate_bucket=GE80PCT,18afb2a52faeaa9e435f63b1563efc8d41d882a6,25,0.68,0.021643095774960753,0.0409619404882991,1.540918444860751,-0.2017021771893861,0.1367830878317797,-0.1442450958160055,0.7909048159608102,2,12,1.5174575368407783,13,1.0154606685527536,38,32,6,0,124,0.7016129032258065,0.049091716740952536,0.034841777742988495,228.8007416774255,-0.2297053474471087,0.4892913885103991,-0.14417251000998996,1.8585864232178002,4,"{""A"": 45, ""C"": 21, ""D"": 10, ""E"": 48}",False,False,False
DIF_ebed68a00a88,3,first_seal_time_bucket;first_to_reseal_bucket;market_active_count_bucket,"{""first_seal_time_bucket"": ""1001_1030"", ""first_to_reseal_bucket"": ""16_30"", ""market_active_count_bucket"": ""41_70""}",first_seal_time_bucket=1001_1030 AND first_to_reseal_bucket=16_30 AND market_active_count_bucket=41_70,dee575fb1fff3d068a1685fe1bf22ba6fea70754,40,0.65,0.024346698314106102,0.0227114818569231,2.428798804445092,-0.1527471500692843,0.1781115042799343,-0.1209957086089992,1.453820623291156,3,20,1.7894868564761077,20,1.357259929378821,70,58,12,0,125,0.68,0.04866876654902993,0.02900323768129537,225.98532806222732,-0.3100983503664074,0.4892913885103991,-0.14417251000998996,2.0508238247432127,4,"{""A"": 41, ""C"": 18, ""D"": 22, ""E"": 44}",True,False,False
DIF_d08eda3692ee,3,first_seal_time_bucket;open_gap_bucket;cumulative_amount_bucket,"{""cumulative_amount_bucket"": ""0_5_1"", ""first_seal_time_bucket"": ""1001_1030"", ""open_gap_bucket"": ""3_7PCT""}",first_seal_time_bucket=1001_1030 AND open_gap_bucket=3_7PCT AND cumulative_amount_bucket=0_5_1,590d0a6d10d33155f10b3cce65b4ab28a0975821,28,0.7142857142857143,0.04306419387746059,0.05087571892503995,3.020574806054708,-0.1176585362117647,0.1935590908019999,-0.1176585362117647,1.4687689712549723,3,12,1.5917398838032135,16,1.8976560409088432,34,31,3,0,125,0.68,0.04854427814884622,0.03114279364205596,224.03384793884152,-0.2297053474471087,0.4892913885103991,-0.14417251000998996,2.053427528437577,4,"{""A"": 44, ""C"": 23, ""D"": 13, ""E"": 45}",True,False,False
DIF_a0f6ee99744b,3,reseal_time_bucket;open_count_bucket;market_active_count_bucket,"{""market_active_count_bucket"": ""41_70"", ""open_count_bucket"": ""2"", ""reseal_time_bucket"": ""1001_1030""}",reseal_time_bucket=1001_1030 AND open_count_bucket=2 AND market_active_count_bucket=41_70,f568297a94623e645d374936f26cb6fe339d1b5e,40,0.575,0.022221272711632305,0.012014652335484401,2.2436681959833407,-0.12388172635313699,0.1375899283974682,-0.0959495171249998,1.9423976021393206,4,19,1.92516411925272,21,1.1654425581410954,64,53,11,0,124,0.6774193548387096,0.04861424196724554,0.031739635792635584,223.74671430199268,-0.2297053474471087,0.4892913885103991,-0.14417251000998996,2.298706874259712,4,"{""A"": 40, ""C"": 17, ""D"": 26, ""E"": 41}",True,False,False
DIF_a7f695b8c283,3,reseal_time_bucket;market_touch_count_bucket;segment_seal_rate_bucket,"{""market_touch_count_bucket"": ""71_100"", ""reseal_time_bucket"": ""1300_1359"", ""segment_seal_rate_bucket"": ""40_60PCT""}",reseal_time_bucket=1300_1359 AND market_touch_count_bucket=71_100 AND segment_seal_rate_bucket=40_60PCT,c8f8aca8523d18973404d75cdb7398937339a782,23,0.6521739130434783,0.05255993138101106,0.0187469942787246,2.870598113380488,-0.14927772145890805,0.3317363569856887,-0.0835867658652403,2.38788570524845,2,10,1.159486784102558,13,2.4757488854021985,36,31,5,0,122,0.6639344262295082,0.05005840783467966,0.02210815534495424,219.40547835020595,-0.2297053474471088,0.4892913885103991,-0.14417251000998996,2.2128718529227966,4,"{""A"": 42, ""C"": 17, ""D"": 17, ""E"": 46}",True,False,False
DIF_666d6c91bb9e,3,reseal_time_bucket;market_touch_count_bucket;market_break_rate_bucket,"{""market_break_rate_bucket"": ""GE75PCT"", ""market_touch_count_bucket"": ""101_150"", ""reseal_time_bucket"": ""1300_1359""}",reseal_time_bucket=1300_1359 AND market_touch_count_bucket=101_150 AND market_break_rate_bucket=GE75PCT,bfaba72efe2927595261c31ae04eb921007d6928,24,0.625,0.021262542583484843,0.00854919231410075,1.6093677213576512,-0.07848016414661796,0.1363341542605262,-0.0784801641466179,2.09276131080283,2,14,1.5654119896071919,10,1.0280793376071493,41,33,8,0,125,0.688,0.04815795113887653,0.02900323768129537,217.60149562208488,-0.2297053474471087,0.4892913885103991,-0.14417251000998996,2.0881626727921683,4,"{""A"": 46, ""C"": 21, ""D"": 13, ""E"": 45}",False,False,False
DIF_6435ebe1fbaf,3,cumulative_amount_bucket;market_seal_rate_bucket;segment_seal_rate_bucket,"{""cumulative_amount_bucket"": ""LT0_5"", ""market_seal_rate_bucket"": ""GE80PCT"", ""segment_seal_rate_bucket"": ""GE80PCT""}",cumulative_amount_bucket=LT0_5 AND market_seal_rate_bucket=GE80PCT AND segment_seal_rate_bucket=GE80PCT,a420523d3ba316bb4e61afe94bdb1c425067391a,38,0.631578947368421,0.026177004230464995,0.036778092965328496,2.344823720380273,-0.26207026581740833,0.137297320831579,-0.1183163852749999,1.1715982958129856,3,18,2.070393159281957,20,1.13254997480454,67,53,14,0,124,0.6935483870967742,0.048721926182020564,0.031739635792635584,216.57744227072297,-0.22062409952023787,0.4892913885103991,-0.14417251000998996,1.8451748952964073,4,"{""A"": 41, ""C"": 20, ""D"": 17, ""E"": 46}",True,False,False
DIF_8bcd04ac8247,3,previous_seal_hold_bucket;market_touch_count_bucket;segment_seal_rate_bucket,"{""market_touch_count_bucket"": ""71_100"", ""previous_seal_hold_bucket"": ""GE11"", ""segment_seal_rate_bucket"": ""40_60PCT""}",previous_seal_hold_bucket=GE11 AND market_touch_count_bucket=71_100 AND segment_seal_rate_bucket=40_60PCT,ead8ab4cf514cb9e6f8465865a4b0ba07f500774,37,0.5675675675675675,0.03562616582368528,0.0085832426999999,3.1445830874719083,-0.20347894003151223,0.3090002845557691,-0.0858519793567021,2.3526008928530207,4,20,1.255743470424735,17,2.5041604129610184,55,47,8,0,123,0.6585365853658537,0.04908281396212831,0.022708749607088758,214.1982161314081,-0.18125440768695622,0.4892913885103991,-0.14417251000998996,2.2917502456671324,4,"{""A"": 39, ""C"": 19, ""D"": 21, ""E"": 44}",True,False,False
DIF_b4f2a8eced7a,3,open_count_bucket;market_touch_count_bucket;segment_seal_rate_bucket,"{""market_touch_count_bucket"": ""71_100"", ""open_count_bucket"": ""2"", ""segment_seal_rate_bucket"": ""40_60PCT""}",open_count_bucket=2 AND market_touch_count_bucket=71_100 AND segment_seal_rate_bucket=40_60PCT,656e88a43963668b2ee59e0d999be8270667d318,30,0.6333333333333333,0.02050519476259926,0.0136494604095432,1.6997135410534376,-0.20124671752399304,0.2888703665893359,-0.10920327288,1.2698295803040243,2,16,0.9286701024084377,14,1.8302662448649476,50,40,10,0,123,0.6991869918699187,0.04876298227577722,0.0250712159008929,212.4459329896949,-0.22696908263418203,0.4892913885103991,-0.14417251000998996,2.034210377152106,4,"{""A"": 45, ""C"": 15, ""D"": 19, ""E"": 44}",False,False,False
DIF_3f3c3d3db7c6,3,previous_seal_hold_bucket;pre_signal_low_bucket;market_break_rate_bucket,"{""market_break_rate_bucket"": ""LT25PCT"", ""pre_signal_low_bucket"": ""0_3PCT"", ""previous_seal_hold_bucket"": ""2_5""}",previous_seal_hold_bucket=2_5 AND pre_signal_low_bucket=0_3PCT AND market_break_rate_bucket=LT25PCT,ac187bfcbd06a0ef86da17b28bffcdd4d3d26b7f,32,0.65625,0.02875878433034581,0.0201718608497983,2.3480166818764037,-0.11474650070360137,0.1545421010345746,-0.0825367456987951,1.8893542984756326,2,18,1.6780077249773664,14,1.3992883625777557,52,36,16,0,129,0.6744186046511628,0.04649626239309076,0.03114279364205596,209.15926057115357,-0.2435630460139928,0.4892913885103991,-0.17629142067722955,2.0621838780122412,4,"{""A"": 46, ""C"": 18, ""D"": 14, ""E"": 51}",True,False,False
DIF_aaac67f519e0,3,first_seal_time_bucket;open_gap_bucket;market_touch_count_bucket,"{""first_seal_time_bucket"": ""1300_1359"", ""market_touch_count_bucket"": ""71_100"", ""open_gap_bucket"": ""3_7PCT""}",first_seal_time_bucket=1300_1359 AND open_gap_bucket=3_7PCT AND market_touch_count_bucket=71_100,fb843f22fcf568ec019c3133e2799186c20d3b5a,29,0.6896551724137931,0.03485199696409169,0.0208191300483869,2.5236239403576395,-0.17639496194050996,0.3038459078661051,-0.0872843357294118,1.9589946520777033,4,11,1.2575479853575393,18,2.006781426825743,37,35,2,0,120,0.6833333333333333,0.049802336612232434,0.02896243205901071,201.6005642308303,-0.27695811519194713,0.4892913885103991,-0.17629142067722955,2.041933605482868,4,"{""A"": 43, ""C"": 21, ""D"": 13, ""E"": 43}",True,False,False
DIF_9318cdf90eb3,3,break_close_depth_bucket;pre_signal_low_bucket;market_break_rate_bucket,"{""break_close_depth_bucket"": ""0_5_1PCT"", ""market_break_rate_bucket"": ""GE75PCT"", ""pre_signal_low_bucket"": ""GE7PCT""}",break_close_depth_bucket=0_5_1PCT AND pre_signal_low_bucket=GE7PCT AND market_break_rate_bucket=GE75PCT,5991764884d37a81671e4dfdbb3dbc77d875c6f5,22,0.5909090909090909,0.04417694591419641,0.02900920679682735,2.327167670388703,-0.18441370773168853,0.3339820061776503,-0.0808694268976178,2.388423257754791,5,13,2.008614556665579,9,1.1585934507275208,33,25,8,0,123,0.6666666666666666,0.04881069283571125,0.030435392082841857,201.06247625620205,-0.22970534744710858,0.4892913885103991,-0.14417251000998996,2.0439543305421912,4,"{""A"": 45, ""C"": 23, ""D"": 12, ""E"": 43}",True,False,False
DIF_3d252251f0cf,3,previous_seal_hold_bucket;open_gap_bucket;cumulative_amount_bucket,"{""cumulative_amount_bucket"": ""LT0_5"", ""open_gap_bucket"": ""0_3PCT"", ""previous_seal_hold_bucket"": ""LE1""}",previous_seal_hold_bucket=LE1 AND open_gap_bucket=0_3PCT AND cumulative_amount_bucket=LT0_5,c11df2502aa45c8e13b4dc64b1f961a67468e198,22,0.6818181818181818,0.04197131076465205,0.051460554890451704,2.3483329909060138,-0.1151575682808913,0.1381131795741176,-0.1031108669017242,1.8717863084110264,2,9,1.8238443654087515,13,1.287573125999551,30,25,5,0,124,0.6693548387096774,0.04795915424765423,0.02896243205901071,200.15903085344252,-0.22970534744710858,0.4892913885103991,-0.14417251000998996,2.1299453962921056,4,"{""A"": 45, ""C"": 22, ""D"": 11, ""E"": 46}",True,False,False
DIF_5363c110be61,3,first_to_reseal_bucket;market_touch_count_bucket;market_seal_rate_bucket,"{""first_to_reseal_bucket"": ""61_120"", ""market_seal_rate_bucket"": ""GE80PCT"", ""market_touch_count_bucket"": ""101_150""}",first_to_reseal_bucket=61_120 AND market_touch_count_bucket=101_150 AND market_seal_rate_bucket=GE80PCT,1793e64597ea6d9c7f1c4dda3674028e4007a317,24,0.625,0.031231630385500253,0.011418212265043502,2.0147177377020578,-0.07211365388963986,0.1659870463579606,-0.0568441368056971,2.704972075292954,3,14,1.5994260314248407,10,1.259650460926446,38,29,9,0,124,0.6854838709677419,0.04776362587669662,0.030789092862448908,200.1184015096765,-0.22970534744710847,0.4892913885103991,-0.14417251000998996,2.0310330378541126,4,"{""A"": 44, ""C"": 23, ""D"": 12, ""E"": 45}",False,False,False
DIF_6ab407a89f59,3,first_seal_time_bucket;first_to_reseal_bucket;cumulative_amount_bucket,"{""cumulative_amount_bucket"": ""0_5_1"", ""first_seal_time_bucket"": ""1001_1030"", ""first_to_reseal_bucket"": ""16_30""}",first_seal_time_bucket=1001_1030 AND first_to_reseal_bucket=16_30 AND cumulative_amount_bucket=0_5_1,be647a59ffaad8696ea16525baf42914d70d10f2,52,0.5576923076923077,0.024490028093021404,0.01561774787245165,3.182181680868974,-0.25494040862688294,0.1935590908019999,-0.0865366631021537,2.1162906488666806,3,26,1.949355555275607,26,1.632427533426074,76,66,10,0,130,0.6615384615384615,0.045583883689483476,0.02896243205901071,199.5502872927925,-0.24278937910112575,0.4892913885103991,-0.14417251000998996,2.2349466173280836,5,"{""A"": 43, ""C"": 17, ""D"": 30, ""E"": 40}",True,False,False
DIF_737a5bf32127,3,first_to_reseal_bucket;open_gap_bucket;market_active_count_bucket,"{""first_to_reseal_bucket"": ""LE15"", ""market_active_count_bucket"": ""71_100"", ""open_gap_bucket"": ""3_7PCT""}",first_to_reseal_bucket=LE15 AND open_gap_bucket=3_7PCT AND market_active_count_bucket=71_100,d2681b9931cf4bf427879fb25e2eb8024cd9523f,25,0.64,0.035309046853494286,0.0196894668025993,2.205630073919058,-0.13106041505428379,0.3038459078661051,-0.0927476210620331,1.8936072640836275,2,14,1.3762311535183072,11,1.602659602843904,43,35,8,0,123,0.6585365853658537,0.04854690614899914,0.030435392082841857,199.5435773534624,-0.2297053474471087,0.4892913885103991,-0.14417251000998996,2.1790444481835363,5,"{""A"": 46, ""C"": 20, ""D"": 15, ""E"": 42}",True,False,False
DIF_95b0442386e5,3,first_to_reseal_bucket;cumulative_amount_bucket;segment_bucket,"{""cumulative_amount_bucket"": ""0_5_1"", ""first_to_reseal_bucket"": ""16_30"", ""segment_bucket"": ""GROWTH_BOARD""}",first_to_reseal_bucket=16_30 AND cumulative_amount_bucket=0_5_1 AND segment_bucket=GROWTH_BOARD,d7559c7d6560cee85a61d0373584bc34845ac4bd,25,0.56,0.02061454475725333,0.0149325831704573,1.5405651192247014,-0.23909273246659357,0.1935590908019999,-0.0898098514285713,1.4883548357588998,4,12,1.0436748900113388,13,1.4760967557703375,31,28,3,0,125,0.672,0.04762789399601019,0.03114279364205596,198.94187242603033,-0.2297053474471087,0.4892913885103991,-0.14417251000998996,2.0086236906625325,4,"{""A"": 43, ""C"": 22, ""D"": 13, ""E"": 47}",False,False,False
DIF_3e1ac8a57bd4,3,first_seal_time_bucket;market_touch_count_bucket;segment_seal_rate_bucket,"{""first_seal_time_bucket"": ""1300_1359"", ""market_touch_count_bucket"": ""71_100"", ""segment_seal_rate_bucket"": ""40_60PCT""}",first_seal_time_bucket=1300_1359 AND market_touch_count_bucket=71_100 AND segment_seal_rate_bucket=40_60PCT,788a6ff7ca76d61500a62735ece1406531a3cf3a,25,0.6,0.049656790094222074,0.0164913233412931,2.9840206644807146,-0.1855601099981159,0.3317363569856887,-0.0835867658652403,3.2637301473781735,5,12,0.8939353074677693,13,3.338072273857807,37,28,9,0,123,0.6504065040650406,0.04873819016537953,0.02337772455587504,198.53729021616732,-0.22970534744710858,0.4892913885103991,-0.14417251000998996,2.2441932271044274,4,"{""A"": 45, ""C"": 19, ""D"": 13, ""E"": 46}",True,False,False
DIF_01e8e7d3768c,3,open_count_bucket;open_gap_bucket;market_active_count_bucket,"{""market_active_count_bucket"": ""41_70"", ""open_count_bucket"": ""2"", ""open_gap_bucket"": ""3_7PCT""}",open_count_bucket=2 AND open_gap_bucket=3_7PCT AND market_active_count_bucket=41_70,2a167572b7aa40d6acef4ca709145326559c900c,76,0.5657894736842105,0.022726921679950857,0.010728601880593599,4.362818031683691,-0.48392813624584097,0.3721270239550671,-0.1389379853296101,1.6440721271731098,5,34,1.1491450398725929,42,3.796577351251848,148,122,26,0,129,0.6589147286821705,0.046231518523678024,0.02900323768129537,198.1490489212709,-0.24148433902831323,0.4892913885103991,-0.11849477438811166,2.152095699553762,4,"{""A"": 40, ""C"": 14, ""D"": 47, ""E"": 28}",True,False,False
DIF_864d19371c1b,3,reseal_time_bucket;pre_signal_low_bucket;cumulative_amount_bucket,"{""cumulative_amount_bucket"": ""0_5_1"", ""pre_signal_low_bucket"": ""3_7PCT"", ""reseal_time_bucket"": ""1001_1030""}",reseal_time_bucket=1001_1030 AND pre_signal_low_bucket=3_7PCT AND cumulative_amount_bucket=0_5_1,a3f27028c273344d9e18ee01ddef670e7dd9a2e4,44,0.5909090909090909,0.021969005637162115,0.022579572555544353,2.343710209657223,-0.19568858002414613,0.1375899283974682,-0.1404127616917432,1.5050222025749265,3,18,1.2273761773979945,26,1.909528841129888,62,53,9,0,125,0.664,0.047602818564290446,0.02900323768129537,198.02214851250147,-0.22970534744710847,0.4892913885103991,-0.14417251000998996,2.1172351246000045,4,"{""A"": 37, ""C"": 21, ""D"": 29, ""E"": 38}",True,False,False
DIF_d487ed40f521,3,open_gap_bucket;cumulative_amount_bucket;segment_seal_rate_bucket,"{""cumulative_amount_bucket"": ""LT0_5"", ""open_gap_bucket"": ""0_3PCT"", ""segment_seal_rate_bucket"": ""GE80PCT""}",open_gap_bucket=0_3PCT AND cumulative_amount_bucket=LT0_5 AND segment_seal_rate_bucket=GE80PCT,9f9b64b9f06ab3be595acc57b6e92251191b925c,22,0.7727272727272727,0.05476182182903356,0.07657733231492844,3.047440174236554,-0.125447002353951,0.1371693725047969,-0.1254470023539511,1.4150570993526017,1,9,1.9060623070109906,13,1.5988145628961241,36,28,8,0,123,0.6829268292682927,0.04833253021781691,0.02900323768129537,196.7650278134134,-0.22970534744710858,0.4892913885103991,-0.14417251000998996,1.9274536135910365,4,"{""A"": 44, ""C"": 20, ""D"": 13, ""E"": 46}",True,False,False
DIF_93832867b433,3,open_count_bucket;open_gap_bucket;market_touch_count_bucket,"{""market_touch_count_bucket"": ""71_100"", ""open_count_bucket"": ""GE5"", ""open_gap_bucket"": ""3_7PCT""}",open_count_bucket=GE5 AND open_gap_bucket=3_7PCT AND market_touch_count_bucket=71_100,31e48fd39352f5e944dce5111a3acfdc463fdf67,48,0.5625,0.02489924656002977,0.0032242130666255003,2.6633366339423685,-0.3160054770726495,0.3721270239550671,-0.1046538263036539,1.7469551822378682,3,23,1.6213147106515367,25,1.642701824911024,67,58,9,0,124,0.6854838709677419,0.048345972034140906,0.02896243205901071,195.7199872342578,-0.27389658294563324,0.4892913885103991,-0.17629142067722955,1.8758668666901532,4,"{""A"": 42, ""C"": 16, ""D"": 27, ""E"": 39}",True,False,False
DIF_f96e510ef66b,3,first_seal_time_bucket;reseal_speed_bucket;market_touch_count_bucket,"{""first_seal_time_bucket"": ""1031_1130"", ""market_touch_count_bucket"": ""101_150"", ""reseal_speed_bucket"": ""11_20""}",first_seal_time_bucket=1031_1130 AND reseal_speed_bucket=11_20 AND market_touch_count_bucket=101_150,9f88e24a999a5dcd2664f0f58e43ea8e9d5ff6d0,20,0.6,0.03906926744342591,0.019945363303765798,2.044496283453493,-0.04905009036542629,0.2971055310979901,-0.0395156623979671,3.8189844635710664,3,13,1.5767644516631938,7,1.2966402694434978,33,30,3,0,125,0.672,0.04746169904699242,0.03114279364205596,192.8314744765222,-0.2297053474471087,0.4892913885103991,-0.2040006245101206,1.9885717516641102,4,"{""A"": 46, ""C"": 21, ""D"": 11, ""E"": 47}",True,False,False
DIF_4e6f02703c25,3,open_count_bucket;reseal_speed_bucket;market_touch_count_bucket,"{""market_touch_count_bucket"": ""71_100"", ""open_count_bucket"": ""4"", ""reseal_speed_bucket"": ""GE21""}",open_count_bucket=4 AND reseal_speed_bucket=GE21 AND market_touch_count_bucket=71_100,d433caa53ca8e338a1f82f962fcd3459b77aec2b,30,0.6,0.023986374811053503,0.0104444585850624,1.8789845693416811,-0.2003776276931044,0.2884420958080925,-0.1038956854614624,1.660259644582791,3,15,1.1655914915072627,15,1.61204382756081,42,37,5,0,123,0.6747967479674797,0.047790130953690016,0.022708749607088758,190.36832891898734,-0.16139370484503845,0.4892913885103991,-0.14417251000998996,2.202543906149102,3,"{""A"": 44, ""C"": 17, ""D"": 16, ""E"": 46}",False,False,False
DIF_6dd25c7f0e23,3,open_count_bucket;reseal_speed_bucket;previous_seal_hold_bucket,"{""open_count_bucket"": ""2"", ""previous_seal_hold_bucket"": ""6_10"", ""reseal_speed_bucket"": ""6_10""}",open_count_bucket=2 AND reseal_speed_bucket=6_10 AND previous_seal_hold_bucket=6_10,5c6cbe1e5ae03b0df5bc7fbdc76f6d4ad044404c,29,0.5862068965517241,0.024995084651704823,0.008519965945008,1.9097391103195838,-0.16533236671195795,0.2884420958080925,-0.095257858076809,2.083443397879724,3,10,1.6068544567992271,19,1.1884953875185982,47,34,13,0,126,0.6825396825396826,0.04652809465723944,0.02896243205901071,189.97073791974088,-0.22970534744710858,0.4892913885103991,-0.14417251000998996,2.084778554411128,4,"{""A"": 43, ""C"": 20, ""D"": 17, ""E"": 46}",False,False,False
DIF_df66d125878b,3,reseal_time_bucket;previous_seal_hold_bucket;market_touch_count_bucket,"{""market_touch_count_bucket"": ""40_70"", ""previous_seal_hold_bucket"": ""6_10"", ""reseal_time_bucket"": ""1001_1030""}",reseal_time_bucket=1001_1030 AND previous_seal_hold_bucket=6_10 AND market_touch_count_bucket=40_70,ad36d0c7801148642518f0816cebdce4375954eb,39,0.6153846153846154,0.02365554617857047,0.0185116899302983,2.3280965231339144,-0.19208038340736389,0.1375294480051883,-0.0858519793567021,1.6826872839377391,3,18,1.6170581081087776,21,1.4397111096129542,79,60,19,0,126,0.6587301587301587,0.046624555261086935,0.02416564826993747,186.79552432549406,-0.22970534744710858,0.4892913885103991,-0.14417251000998996,2.2381322742485454,4,"{""A"": 45, ""C"": 19, ""D"": 19, ""E"": 43}",True,False,False
DIF_c30b18e4e4d6,3,open_count_bucket;first_to_reseal_bucket;pre_signal_low_bucket,"{""first_to_reseal_bucket"": ""61_120"", ""open_count_bucket"": ""4"", ""pre_signal_low_bucket"": ""3_7PCT""}",open_count_bucket=4 AND first_to_reseal_bucket=61_120 AND pre_signal_low_bucket=3_7PCT,5b136cee2b0e37699fff8a8cb089d3273c81ad6e,55,0.5636363636363636,0.021833585871278774,0.007516580565189,2.914276242025441,-0.28686099965937384,0.1375899283974682,-0.1006558509109272,1.7830896359991568,6,24,1.381166708874797,31,2.110010488451196,79,71,8,0,127,0.6771653543307087,0.046236166184850186,0.03233647794321521,185.3404822395428,-0.2297053474471087,0.4892913885103991,-0.14417251000998996,1.9303607066352655,4,"{""A"": 39, ""C"": 21, ""D"": 28, ""E"": 39}",True,False,False
DIF_efd040032ba8,3,reseal_speed_bucket;previous_seal_hold_bucket;cumulative_amount_bucket,"{""cumulative_amount_bucket"": ""1_1_5"", ""previous_seal_hold_bucket"": ""6_10"", ""reseal_speed_bucket"": ""6_10""}",reseal_speed_bucket=6_10 AND previous_seal_hold_bucket=6_10 AND cumulative_amount_bucket=1_1_5,f45043326db45fa51557a67d78dc39729e27baec,31,0.6451612903225806,0.03298474377793784,0.0214061554130767,2.4875512856398223,-0.17961296358263434,0.2884420958080925,-0.102440249751573,1.640191949348359,2,18,2.882347040590456,13,0.8630297638032655,52,38,14,0,127,0.6771653543307087,0.04605816796222967,0.02892162643672605,184.37386044548734,-0.22970534744710847,0.4892913885103991,-0.14417251000998996,2.030716573585702,4,"{""A"": 45, ""C"": 24, ""D"": 10, ""E"": 48}",True,False,False
DIF_f3a590fbc101,3,previous_seal_hold_bucket;open_gap_bucket;cumulative_amount_bucket,"{""cumulative_amount_bucket"": ""0_5_1"", ""open_gap_bucket"": ""3_7PCT"", ""previous_seal_hold_bucket"": ""6_10""}",previous_seal_hold_bucket=6_10 AND open_gap_bucket=3_7PCT AND cumulative_amount_bucket=0_5_1,a5956cdb72dab745addeb1fc6649d70986e90aab,36,0.6111111111111112,0.021347837118371224,0.00626692494238615,1.9602112241557692,-0.27039076580126875,0.1375294480051883,-0.0926977555492913,1.3299361803902068,6,14,1.4204957893861234,22,1.3799486339927045,50,44,6,0,122,0.6721311475409836,0.04796126004143127,0.030789092862448908,182.33365096099465,-0.173790257481364,0.4892913885103991,-0.14417251000998996,2.0331226911428817,4,"{""A"": 42, ""C"": 19, ""D"": 22, ""E"": 39}",False,False,False
DIF_6bcf46628f41,3,reseal_time_bucket;first_to_reseal_bucket;open_gap_bucket,"{""first_to_reseal_bucket"": ""16_30"", ""open_gap_bucket"": ""GE7PCT"", ""reseal_time_bucket"": ""1001_1030""}",reseal_time_bucket=1001_1030 AND first_to_reseal_bucket=16_30 AND open_gap_bucket=GE7PCT,71d7fcffd7357d518210075a743281045044b61f,29,0.6896551724137931,0.05201760878884296,0.0252137057729575,3.7970397549780173,-0.16626479565144947,0.3339820061776503,-0.1662647956514495,2.1872628532038587,3,14,2.1281329528666344,15,1.7842117194150557,45,35,10,0,127,0.6535433070866141,0.04662221586695208,0.02150756108281972,181.91669062998332,-0.2297053474471087,0.4892913885103991,-0.1662647956514495,2.0904220199532006,4,"{""A"": 44, ""C"": 25, ""D"": 15, ""E"": 43}",True,False,False
DIF_c162bc7f360d,3,reseal_speed_bucket;previous_seal_hold_bucket;open_gap_bucket,"{""open_gap_bucket"": ""GE7PCT"", ""previous_seal_hold_bucket"": ""2_5"", ""reseal_speed_bucket"": ""11_20""}",reseal_speed_bucket=11_20 AND previous_seal_hold_bucket=2_5 AND open_gap_bucket=GE7PCT,df93671c2c0bbb22979609d25f0b2bc3e4bc1b4c,23,0.6086956521739131,0.029494425226486033,0.0125001939797469,1.6790877026543518,-0.2922822068678407,0.3339820061776503,-0.2119613369912833,1.3163540765997706,2,10,1.8972703857269424,13,0.8850017979967607,37,26,11,0,124,0.6693548387096774,0.04759756429565976,0.029719314882068613,179.79580038701346,-0.22970534744710858,0.4892913885103991,-0.2119613369912833,1.9611455194188157,4,"{""A"": 46, ""C"": 24, ""D"": 9, ""E"": 45}",False,False,False
DIF_ceba7fdd0b80,3,market_active_count_bucket;market_break_rate_bucket;segment_seal_rate_bucket,"{""market_active_count_bucket"": ""41_70"", ""market_break_rate_bucket"": ""GE75PCT"", ""segment_seal_rate_bucket"": ""40_60PCT""}",market_active_count_bucket=41_70 AND market_break_rate_bucket=GE75PCT AND segment_seal_rate_bucket=40_60PCT,48ef89025b874e676f41dc1719b7c2e0c087bb41,47,0.6382978723404256,0.034802891969401055,0.0187469942787246,4.101433339551883,-0.35951223402642474,0.3090002845557691,-0.1605413959044369,1.601137054564889,3,25,1.1301408682044032,22,3.629134610509525,84,71,13,0,124,0.6693548387096774,0.047726925960531304,0.029678509259783954,177.87863032686212,-0.4983000150119198,0.4892913885103991,-0.17629142067722955,1.8632128341482748,5,"{""A"": 40, ""C"": 14, ""D"": 28, ""E"": 42}",True,False,False
DIF_3f5d0e5f38f0,2,open_gap_bucket;market_touch_count_bucket,"{""market_touch_count_bucket"": ""101_150"", ""open_gap_bucket"": ""GE7PCT""}",open_gap_bucket=GE7PCT AND market_touch_count_bucket=101_150,8394ba1400fb3c9d237c0649724dc9d81f327454,23,0.5652173913043478,0.022922297867504608,0.0040170506968086,1.536895242581901,-0.22020358559119813,0.3339820061776503,-0.0959681687252655,1.5635018277997845,3,14,1.074630579118023,9,1.4301614642710714,34,29,5,0,124,0.6451612903225806,0.04739271536512804,0.030789092862448908,177.36626273234637,-0.2297053474471087,0.4892913885103991,-0.14417251000998996,2.130022167353108,4,"{""A"": 46, ""C"": 21, ""D"": 14, ""E"": 43}",False,False,False
DIF_3726cb3795e0,3,first_seal_time_bucket;market_active_count_bucket;segment_seal_rate_bucket,"{""first_seal_time_bucket"": ""1300_1359"", ""market_active_count_bucket"": ""41_70"", ""segment_seal_rate_bucket"": ""40_60PCT""}",first_seal_time_bucket=1300_1359 AND market_active_count_bucket=41_70 AND segment_seal_rate_bucket=40_60PCT,4c5292e26aeb321e298ccbc706bae4e6fb347525,31,0.6129032258064516,0.02176635223948227,0.0198531389419354,1.75496634466157,-0.3195409473448241,0.2888703665893359,-0.1527802601283696,1.2533519933412844,4,18,0.9235999788924206,13,1.900136839290666,51,40,11,0,124,0.6612903225806451,0.04721484142156477,0.03138593501302853,176.28767594662742,-0.22970534744710847,0.4892913885103991,-0.1527802601283696,2.0208567629403436,5,"{""A"": 40, ""C"": 18, ""D"": 20, ""E"": 46}",False,False,False
DIF_2dcd8e36e128,3,first_seal_time_bucket;reseal_speed_bucket;open_gap_bucket,"{""first_seal_time_bucket"": ""1001_1030"", ""open_gap_bucket"": ""3_7PCT"", ""reseal_speed_bucket"": ""2_5""}",first_seal_time_bucket=1001_1030 AND reseal_speed_bucket=2_5 AND open_gap_bucket=3_7PCT,d408f6fc06bacca4fa908a98b4f605d7cab96f3c,50,0.62,0.02427613782760823,0.01171325256345725,2.8460487101535428,-0.20070257734827146,0.3721270239550671,-0.1116008761410474,1.4108671119240002,3,24,1.7487143597855472,26,1.627509200818003,85,68,17,0,129,0.6511627906976745,0.0451944080546915,0.030409977681894,175.95006586823595,-0.2938859031975197,0.4892913885103991,-0.14417251000998996,2.094285512227677,7,"{""A"": 39, ""C"": 20, ""D"": 30, ""E"": 40}",True,False,False
DIF_9b1a02333f21,3,open_count_bucket;open_gap_bucket;pre_signal_low_bucket,"{""open_count_bucket"": ""2"", ""open_gap_bucket"": ""3_7PCT"", ""pre_signal_low_bucket"": ""LT0""}",open_count_bucket=2 AND open_gap_bucket=3_7PCT AND pre_signal_low_bucket=LT0,1d2a426d97ddf817b4fb8b5c3636e4f42b02ae4b,21,0.6666666666666666,0.048139549467623076,0.0407135232689057,2.4161595374248894,-0.20391454116748264,0.3721270239550671,-0.1666933116561823,1.7423502465706588,3,10,1.7002206953532875,11,1.4210858296386268,38,28,10,0,122,0.6721311475409836,0.048141884357343456,0.029719314882068613,175.77420369781373,-0.24805585187270196,0.4892913885103991,-0.1666933116561823,1.9381226251027273,4,"{""A"": 46, ""C"": 21, ""D"": 15, ""E"": 40}",True,False,False
DIF_042f03f2ec1e,3,previous_seal_hold_bucket;open_gap_bucket;market_touch_count_bucket,"{""market_touch_count_bucket"": ""71_100"", ""open_gap_bucket"": ""3_7PCT"", ""previous_seal_hold_bucket"": ""LE1""}",previous_seal_hold_bucket=LE1 AND open_gap_bucket=3_7PCT AND market_touch_count_bucket=71_100,2b8eaaa72544a1aabf40857912ba515e404aeec2,59,0.576271186440678,0.02274959285736724,0.0072962352596954,3.0827528909355753,-0.19789501631882278,0.3721270239550671,-0.1046538263036539,1.595318241733101,3,27,1.6457757639028157,32,1.8731305676935537,99,81,18,0,127,0.6614173228346457,0.0459880426068315,0.02900323768129537,173.76493886118442,-0.23538217626169455,0.4892913885103991,-0.14417251000998996,1.9963664381607813,5,"{""A"": 41, ""C"": 13, ""D"": 34, ""E"": 39}",True,False,False
DIF_b3067a7a14ed,3,break_close_depth_bucket;open_gap_bucket;market_touch_count_bucket,"{""break_close_depth_bucket"": ""LT0_2PCT"", ""market_touch_count_bucket"": ""71_100"", ""open_gap_bucket"": ""3_7PCT""}",break_close_depth_bucket=LT0_2PCT AND open_gap_bucket=3_7PCT AND market_touch_count_bucket=71_100,b92c4d88dbbc71733ea45acdfdfec626d164ad26,64,0.5625,0.021874026463113087,0.0071849704025361,3.1970395520519284,-0.2527819132994158,0.3721270239550671,-0.1623051839889401,1.6725288988697122,5,31,1.3918930988598506,33,2.2969002107063674,115,101,14,0,129,0.6744186046511628,0.045330099766144875,0.02900323768129537,173.54157592185248,-0.25747347031010814,0.4892913885103991,-0.1623051839889401,1.9169216670779223,4,"{""A"": 40, ""C"": 13, ""D"": 36, ""E"": 40}",True,False,False
DIF_efeab84c6838,3,first_seal_time_bucket;cumulative_amount_bucket;segment_seal_rate_bucket,"{""cumulative_amount_bucket"": ""1_1_5"", ""first_seal_time_bucket"": ""1300_1359"", ""segment_seal_rate_bucket"": ""40_60PCT""}",first_seal_time_bucket=1300_1359 AND cumulative_amount_bucket=1_1_5 AND segment_seal_rate_bucket=40_60PCT,1eaecf33d116860a1ba70e061baeafdfe5840418,31,0.6451612903225806,0.0362058197581967,0.0096737032487395,2.716537476823647,-0.20552480634828896,0.3317363569856887,-0.1000604237217391,1.9266277400896676,3,14,1.6476122804258344,17,1.6487722925453936,48,41,7,0,128,0.6640625,0.04553126981209696,0.02210815534495424,172.11220446448775,-0.22970534744710858,0.4892913885103991,-0.14417251000998996,2.0071978196750973,4,"{""A"": 40, ""C"": 22, ""D"": 21, ""E"": 45}",True,False,False
DIF_5af1b3009c08,3,reseal_time_bucket;open_gap_bucket;market_touch_count_bucket,"{""market_touch_count_bucket"": ""71_100"", ""open_gap_bucket"": ""3_7PCT"", ""reseal_time_bucket"": ""1300_1359""}",reseal_time_bucket=1300_1359 AND open_gap_bucket=3_7PCT AND market_touch_count_bucket=71_100,276fa933834a7d44535d01575407112f74ec3338,53,0.5660377358490566,0.026269376828321003,0.0102616166283185,3.3439333263727105,-0.35580464355962005,0.3721270239550671,-0.1059221080226287,1.8829635914823062,4,23,1.3332830937795745,30,2.508044497056787,89,76,13,0,122,0.6721311475409836,0.04788180576261831,0.028510867113885424,171.99268874662764,-0.3379268387176413,0.4892913885103991,-0.17629142067722955,1.9620136322767265,4,"{""A"": 39, ""C"": 14, ""D"": 33, ""E"": 36}",True,False,False
DIF_539a7ec876b0,3,reseal_time_bucket;break_close_depth_bucket;open_gap_bucket,"{""break_close_depth_bucket"": ""GE2PCT"", ""open_gap_bucket"": ""GE7PCT"", ""reseal_time_bucket"": ""1001_1030""}",reseal_time_bucket=1001_1030 AND break_close_depth_bucket=GE2PCT AND open_gap_bucket=GE7PCT,c291c6243b28a6708e46303e3634688e6ddca625,20,0.65,0.029775567851513095,0.0109853846184923,1.6148441912078046,-0.22518985260516022,0.3082331866285716,-0.135209202894236,1.207338284517775,3,9,1.6398360692748226,11,0.9847595265555601,30,22,8,0,123,0.6747967479674797,0.04729997314231485,0.02900323768129537,171.0162733084017,-0.27695811519194713,0.4892913885103991,-0.17629142067722955,1.9331618471815293,4,"{""A"": 42, ""C"": 23, ""D"": 10, ""E"": 48}",False,False,False
DIF_a9695395e050,3,reseal_time_bucket;open_count_bucket;pre_signal_low_bucket,"{""open_count_bucket"": ""2"", ""pre_signal_low_bucket"": ""GE7PCT"", ""reseal_time_bucket"": ""1001_1030""}",reseal_time_bucket=1001_1030 AND open_count_bucket=2 AND pre_signal_low_bucket=GE7PCT,91d03d28d8d6f2e1c770a9b252887379e39b8bf2,22,0.6363636363636364,0.032306350685288844,0.014716274205365448,1.8196375337645698,-0.14069020712543867,0.3339820061776503,-0.1214284358423743,1.7481250371743888,3,10,1.755050037871415,12,1.0368009427078724,36,25,11,0,125,0.68,0.04631915067241258,0.02337772455587504,169.97842177805964,-0.22970534744710858,0.4892913885103991,-0.14417251000998996,1.951014524393145,4,"{""A"": 45, ""C"": 24, ""D"": 10, ""E"": 46}",False,False,False
DIF_651c12e473e6,3,open_gap_bucket;market_touch_count_bucket;segment_bucket,"{""market_touch_count_bucket"": ""71_100"", ""open_gap_bucket"": ""3_7PCT"", ""segment_bucket"": ""GROWTH_BOARD""}",open_gap_bucket=3_7PCT AND market_touch_count_bucket=71_100 AND segment_bucket=GROWTH_BOARD,419d4d894e8cf18449c3f03e8159d5bf477fb8d6,41,0.6585365853658537,0.03248442640073331,0.0157131770571429,3.325505970787657,-0.1953143424666577,0.2858048076223851,-0.0799214228016687,1.793230982582285,5,15,1.3568390644950523,26,2.45092145251968,68,52,16,0,121,0.6942148760330579,0.047488631342803206,0.02337772455587504,169.84425608274955,-0.2183189721957498,0.4892913885103991,-0.14417251000998996,2.017359524466331,4,"{""A"": 43, ""C"": 19, ""D"": 22, ""E"": 37}",True,False,False
DIF_fc9774c8ed57,3,reseal_time_bucket;reseal_speed_bucket;pre_signal_low_bucket,"{""pre_signal_low_bucket"": ""3_7PCT"", ""reseal_speed_bucket"": ""11_20"", ""reseal_time_bucket"": ""1300_1359""}",reseal_time_bucket=1300_1359 AND reseal_speed_bucket=11_20 AND pre_signal_low_bucket=3_7PCT,70f4bb6a5e8cc7ca7aa2ad1188eadcb596be7c60,35,0.5714285714285714,0.026112165749170784,0.0109385243865168,2.2729704082712674,-0.22293883953297822,0.1585663049947058,-0.0964479441600851,1.9662580872848028,3,14,1.4605289552216831,21,1.5562652148353122,50,43,7,0,121,0.6859504132231405,0.04763018770689696,0.02900323768129537,169.75252253127474,-0.24798610140088784,0.4892913885103991,-0.14417251000998996,1.9726987693925604,4,"{""A"": 38, ""C"": 21, ""D"": 23, ""E"": 39}",True,False,False
DIF_72f0e8ce90e5,3,reseal_time_bucket;reseal_speed_bucket;break_close_depth_bucket,"{""break_close_depth_bucket"": ""LT0_2PCT"", ""reseal_speed_bucket"": ""6_10"", ""reseal_time_bucket"": ""0930_1000""}",reseal_time_bucket=0930_1000 AND reseal_speed_bucket=6_10 AND break_close_depth_bucket=LT0_2PCT,73e2e83e191b8cc7cbe1dcdaf032a90af00ccf83,23,0.6521739130434783,0.022799240328525806,0.0203698598704487,1.617707087857541,-0.08421833391957945,0.1487373809204082,-0.0842183339195794,1.4600162528923553,2,13,1.1412372137654299,10,1.4175029243219588,40,27,13,0,127,0.6771653543307087,0.045558921807507854,0.02337772455587504,169.55661327822997,-0.22970534744710847,0.4892913885103991,-0.14417251000998996,1.908445558453835,4,"{""A"": 47, ""C"": 24, ""D"": 13, ""E"": 43}",False,False,False
DIF_bb1d16a8e9b1,3,previous_seal_hold_bucket;break_close_depth_bucket;open_gap_bucket,"{""break_close_depth_bucket"": ""0_5_1PCT"", ""open_gap_bucket"": ""GE7PCT"", ""previous_seal_hold_bucket"": ""2_5""}",previous_seal_hold_bucket=2_5 AND break_close_depth_bucket=0_5_1PCT AND open_gap_bucket=GE7PCT,016d7d2067ffc14fedfac60abb12843e79bdd859,36,0.5555555555555556,0.022499071677191486,0.0072626984181371505,1.9776047632362703,-0.1635558620461003,0.3339820061776503,-0.10920327288,1.6852799346065763,4,21,1.29638298812155,15,1.5254787985931575,53,39,14,0,130,0.6461538461538462,0.04477139923311079,0.02896243205901071,169.460461718412,-0.22970534744710858,0.4892913885103991,-0.14417251000998996,2.058920115759761,4,"{""A"": 46, ""C"": 23, ""D"": 18, ""E"": 43}",False,False,False
DIF_5c049afbceba,3,reseal_time_bucket;market_active_count_bucket;segment_seal_rate_bucket,"{""market_active_count_bucket"": ""71_100"", ""reseal_time_bucket"": ""1300_1359"", ""segment_seal_rate_bucket"": ""GE80PCT""}",reseal_time_bucket=1300_1359 AND market_active_count_bucket=71_100 AND segment_seal_rate_bucket=GE80PCT,8af5d297c043db434ad8089c832eaf4c3945ee30,39,0.5897435897435898,0.029575960008542193,0.0093683365955056,2.7890923123803124,-0.22053884095875909,0.2884293871007067,-0.095701778541811,1.90275501924197,3,20,1.4254453392195312,19,1.9566462744249544,69,56,13,0,127,0.6614173228346457,0.04563933747741434,0.02892162643672605,168.40741900075616,-0.2297053474471087,0.4892913885103991,-0.14417251000998996,2.014039571802974,5,"{""A"": 46, ""C"": 20, ""D"": 21, ""E"": 40}",True,False,False
DIF_0339f813667a,3,first_seal_time_bucket;first_to_reseal_bucket;market_touch_count_bucket,"{""first_seal_time_bucket"": ""1400_1429"", ""first_to_reseal_bucket"": ""LE15"", ""market_touch_count_bucket"": ""101_150""}",first_seal_time_bucket=1400_1429 AND first_to_reseal_bucket=LE15 AND market_touch_count_bucket=101_150,d5dc4c65843626e67d61da596e7da6a93be1265c,27,0.6296296296296297,0.024827188953438738,0.0053067385145038,1.8919871439076688,-0.06454703727072053,0.1372041946098477,-0.0415889795921052,3.225637464593361,3,11,1.2391193796840423,16,1.5268804401962457,50,40,10,0,123,0.6829268292682927,0.046917200297121625,0.03734707754276177,167.95315734481528,-0.2738965829456331,0.4892913885103991,-0.17629142067722955,1.9013366840161416,4,"{""A"": 46, ""C"": 20, ""D"": 13, ""E"": 44}",False,False,False
DIF_039e43ec3a78,3,previous_seal_hold_bucket;break_close_depth_bucket;pre_signal_low_bucket,"{""break_close_depth_bucket"": ""0_5_1PCT"", ""pre_signal_low_bucket"": ""GE7PCT"", ""previous_seal_hold_bucket"": ""2_5""}",previous_seal_hold_bucket=2_5 AND break_close_depth_bucket=0_5_1PCT AND pre_signal_low_bucket=GE7PCT,380166c0e4861e0a8cf347caa51a1cca55cd9bd4,20,0.6,0.026958455812198356,0.007510077493196,1.5778654249658284,-0.13910740787470366,0.3339820061776503,-0.10920327288,1.6338341266024012,3,11,1.1347496494711713,9,1.39049650793121,30,20,10,0,127,0.6535433070866141,0.04559292133606757,0.02337772455587504,166.69088260352987,-0.22970534744710858,0.4892913885103991,-0.14417251000998996,2.0918196519954044,4,"{""A"": 47, ""C"": 24, ""D"": 10, ""E"": 46}",False,False,False
DIF_93a577b481e1,3,open_gap_bucket;market_active_count_bucket;segment_seal_rate_bucket,"{""market_active_count_bucket"": ""41_70"", ""open_gap_bucket"": ""0_3PCT"", ""segment_seal_rate_bucket"": ""40_60PCT""}",open_gap_bucket=0_3PCT AND market_active_count_bucket=41_70 AND segment_seal_rate_bucket=40_60PCT,326e9dd7f64f9e36ed009128fcdb0e2931deb74e,46,0.5869565217391305,0.025289108480458674,0.01607365003300075,2.7451833772796634,-0.1698340469383285,0.2888703665893359,-0.1216891172491525,1.6251641739711995,2,22,1.164433879444833,24,2.3575261985579523,78,64,14,0,123,0.6260162601626016,0.047128392585595494,0.02337772455587504,166.38006789373222,-0.2606200801436054,0.4892913885103991,-0.14417251000998996,2.3293647561654756,5,"{""A"": 37, ""C"": 17, ""D"": 29, ""E"": 40}",True,False,False
DIF_714a3d7c587e,3,first_seal_time_bucket;market_touch_count_bucket;segment_seal_rate_bucket,"{""first_seal_time_bucket"": ""1001_1030"", ""market_touch_count_bucket"": ""71_100"", ""segment_seal_rate_bucket"": ""40_60PCT""}",first_seal_time_bucket=1001_1030 AND market_touch_count_bucket=71_100 AND segment_seal_rate_bucket=40_60PCT,b5cb1d69737f87187b064efa7aca86fbb19e53e2,20,0.7,0.027957659459944356,0.019741460225251098,1.6455096371966627,-0.10612355071844781,0.2566166619278637,-0.0785271650604878,1.1790119664776868,2,11,1.4651597850702707,9,1.1230922756440127,30,27,3,0,124,0.6774193548387096,0.04616105438480983,0.026149675496300546,165.90364575469243,-0.16139370484503845,0.4892913885103991,-0.14417251000998996,2.0929777502020075,4,"{""A"": 46, ""C"": 22, ""D"": 12, ""E"": 44}",False,False,False
DIF_c33517e8bbf4,3,reseal_time_bucket;market_active_count_bucket;market_seal_rate_bucket,"{""market_active_count_bucket"": ""71_100"", ""market_seal_rate_bucket"": ""GE80PCT"", ""reseal_time_bucket"": ""1300_1359""}",reseal_time_bucket=1300_1359 AND market_active_count_bucket=71_100 AND market_seal_rate_bucket=GE80PCT,f3d156fc9a62e86bb794f6544ffeb52ff7bfd2be,34,0.6176470588235294,0.03180990299604219,0.01319241583214065,2.7205682592873086,-0.11377083177450398,0.1371511541013582,-0.0784801641466179,2.328735769221352,3,18,1.777858240975169,16,1.5302503858772543,52,42,10,0,126,0.6666666666666666,0.045500578478414044,0.02896243205901071,165.7372833510026,-0.2297053474471087,0.4892913885103991,-0.14417251000998996,2.112550173737139,4,"{""A"": 46, ""C"": 22, ""D"": 16, ""E"": 42}",True,False,False
DIF_a543560ff7c3,3,open_count_bucket;open_gap_bucket;cumulative_amount_bucket,"{""cumulative_amount_bucket"": ""0_5_1"", ""open_count_bucket"": ""3"", ""open_gap_bucket"": ""3_7PCT""}",open_count_bucket=3 AND open_gap_bucket=3_7PCT AND cumulative_amount_bucket=0_5_1,0b9301f5976c078130989faf96750d7f6a29dd49,42,0.5714285714285714,0.024610896429698968,0.00626692494238615,2.5509540081349424,-0.3349097470030774,0.1375294480051883,-0.1183163852749999,1.9308716907737493,7,18,1.1768299151571984,24,2.1676488465150827,61,56,5,0,126,0.6507936507936508,0.04524503925733575,0.029202944352076234,165.18656520204473,-0.26312958994684854,0.4892913885103991,-0.14417251000998996,2.362633181006523,4,"{""A"": 37, ""C"": 18, ""D"": 28, ""E"": 43}",True,False,False
DIF_07365a9b942b,3,open_gap_bucket;pre_signal_low_bucket;market_touch_count_bucket,"{""market_touch_count_bucket"": ""40_70"", ""open_gap_bucket"": ""3_7PCT"", ""pre_signal_low_bucket"": ""LT0""}",open_gap_bucket=3_7PCT AND pre_signal_low_bucket=LT0 AND market_touch_count_bucket=40_70,d55039957cff4d9438ed95bff1dd36c084803c14,20,0.6,0.03066465132104501,0.03398101106894435,1.668008979912845,-0.17431054238335364,0.3721270239550671,-0.1076336102920695,1.5503926998542787,2,10,1.3913499827770788,10,1.198842132145333,27,21,6,0,124,0.6774193548387096,0.046749426019159705,0.029719314882068613,165.17683086229476,-0.22970534744710858,0.4892913885103991,-0.17629142067722955,1.8845609906347287,4,"{""A"": 45, ""C"": 24, ""D"": 11, ""E"": 44}",False,False,False
DIF_47799e200c37,3,reseal_speed_bucket;open_gap_bucket;market_touch_count_bucket,"{""market_touch_count_bucket"": ""71_100"", ""open_gap_bucket"": ""3_7PCT"", ""reseal_speed_bucket"": ""11_20""}",reseal_speed_bucket=11_20 AND open_gap_bucket=3_7PCT AND market_touch_count_bucket=71_100,57187864e42d0ffc81e825f15de9d4569d026e54,36,0.6944444444444444,0.036117878896985145,0.0185168215547472,3.1168483154334092,-0.1389379853296101,0.3721270239550671,-0.1389379853296101,1.497291854554789,2,15,1.908165656568218,21,1.6334264819748268,56,45,11,0,122,0.6557377049180327,0.047381700521593274,0.029719314882068613,164.5253448375998,-0.22970534744710858,0.4892913885103991,-0.14417251000998996,2.1099213554502683,4,"{""A"": 43, ""C"": 20, ""D"": 19, ""E"": 40}",True,False,False
DIF_f643e16e8c10,3,break_close_depth_bucket;cumulative_amount_bucket;market_seal_rate_bucket,"{""break_close_depth_bucket"": ""GE2PCT"", ""cumulative_amount_bucket"": ""0_5_1"", ""market_seal_rate_bucket"": ""GE80PCT""}",break_close_depth_bucket=GE2PCT AND cumulative_amount_bucket=0_5_1 AND market_seal_rate_bucket=GE80PCT,308610481b6c83d85943ade7a83fcfcbdd1cb49f,38,0.631578947368421,0.021737081808836406,0.029594481845923,1.9829869001115072,-0.30309234015019193,0.2559726948000001,-0.1509604583523677,1.1116491931018224,4,23,2.0298412943952022,15,0.9769172129796206,71,51,20,0,124,0.7016129032258065,0.046338344800006905,0.029719314882068613,164.15551222640065,-0.22970534744710858,0.4892913885103991,-0.1479114855852246,1.750510095011301,4,"{""A"": 39, ""C"": 18, ""D"": 25, ""E"": 42}",False,False,False
DIF_76d7c32a4c9a,3,open_count_bucket;previous_seal_hold_bucket;cumulative_amount_bucket,"{""cumulative_amount_bucket"": ""0_5_1"", ""open_count_bucket"": ""3"", ""previous_seal_hold_bucket"": ""GE11""}",open_count_bucket=3 AND previous_seal_hold_bucket=GE11 AND cumulative_amount_bucket=0_5_1,2ec6343c462d689e638982172e28a53289f27bb7,46,0.717391304347826,0.028469099293036485,0.01853971387443575,3.0483033536284956,-0.3362613914544801,0.2798824747699878,-0.219507768153365,0.9005171430426607,2,22,1.9575473927596159,24,1.5572053912478758,75,62,13,0,131,0.6793893129770993,0.04409533560688397,0.02337772455587504,164.01019712920575,-0.35710185253314997,0.4892913885103991,-0.219507768153365,1.8154186798752763,5,"{""A"": 42, ""C"": 16, ""D"": 25, ""E"": 48}",True,False,False
DIF_414e35e93982,3,reseal_speed_bucket;previous_seal_hold_bucket;market_touch_count_bucket,"{""market_touch_count_bucket"": ""71_100"", ""previous_seal_hold_bucket"": ""6_10"", ""reseal_speed_bucket"": ""6_10""}",reseal_speed_bucket=6_10 AND previous_seal_hold_bucket=6_10 AND market_touch_count_bucket=71_100,8ae47de1168b689e466d76a2150aa689ff46b208,31,0.6451612903225806,0.020129954835541083,0.0066437264771109,1.7797225610311302,-0.08781287896485168,0.1370274842824902,-0.0808694268976178,1.5323873072483607,3,12,1.2704846916318144,19,1.4008217279227888,46,41,5,0,123,0.6829268292682927,0.046385476126153714,0.0302240194608,163.2932447390449,-0.16139370484503834,0.4892913885103991,-0.14417251000998996,2.0513155277611332,3,"{""A"": 46, ""C"": 20, ""D"": 14, ""E"": 43}",False,False,False
DIF_ce2b75edf877,3,first_seal_time_bucket;open_gap_bucket;cumulative_amount_bucket,"{""cumulative_amount_bucket"": ""1_1_5"", ""first_seal_time_bucket"": ""1300_1359"", ""open_gap_bucket"": ""3_7PCT""}",first_seal_time_bucket=1300_1359 AND open_gap_bucket=3_7PCT AND cumulative_amount_bucket=1_1_5,4b513f8cf0051fe0599f8817b306337364d70382,23,0.5652173913043478,0.025519193264238415,0.0117657515880105,1.6666765454007302,-0.1390977891544508,0.3038459078661051,-0.0872843357294118,1.9776342167172123,3,9,1.380366816748882,14,1.2074156848584499,35,33,2,0,123,0.6666666666666666,0.046888798108922866,0.02337772455587504,163.03928112274758,-0.27695811519194713,0.4892913885103991,-0.17629142067722955,2.0333500284194015,4,"{""A"": 48, ""C"": 19, ""D"": 14, ""E"": 42}",False,False,False
DIF_eb7991c9a6fc,3,open_count_bucket;first_to_reseal_bucket;open_gap_bucket,"{""first_to_reseal_bucket"": ""GE121"", ""open_count_bucket"": ""GE5"", ""open_gap_bucket"": ""GE7PCT""}",open_count_bucket=GE5 AND first_to_reseal_bucket=GE121 AND open_gap_bucket=GE7PCT,0e08997556cb97eab180fb3849fd93eb50b398c0,36,0.5555555555555556,0.03255861855817157,0.00642713052253205,2.800430140401839,-0.14494982177944316,0.3339820061776503,-0.0959681687252655,2.6692733532285406,4,17,2.1900715103460633,19,1.2786934705886976,56,43,13,0,128,0.6328125,0.04487741373393628,0.02210815534495424,162.3818617444895,-0.22970534744710858,0.4892913885103991,-0.14417251000998996,2.3449102830198707,4,"{""A"": 43, ""C"": 22, ""D"": 21, ""E"": 42}",True,False,False
DIF_33b5f79a23d1,2,market_touch_count_bucket;market_seal_rate_bucket,"{""market_seal_rate_bucket"": ""40_60PCT"", ""market_touch_count_bucket"": ""40_70""}",market_touch_count_bucket=40_70 AND market_seal_rate_bucket=40_60PCT,94e996dd86e8f31ddff784e5f24593368b7e7c30,43,0.5581395348837209,0.020136065605337736,0.009788605187547,2.1872614343182444,-0.09111157267307002,0.13734985719,-0.0746501939170258,1.813899076734681,5,18,1.4002729396939626,25,1.5620250683386654,72,59,13,0,127,0.6692913385826772,0.045252466121753696,0.022708749607088758,162.03972909475604,-0.22970534744710858,0.4892913885103991,-0.17629142067722955,1.9791357359635866,7,"{""A"": 36, ""C"": 22, ""D"": 23, ""E"": 46}",True,False,False
DIF_0146ed8a7eab,3,market_touch_count_bucket;market_active_count_bucket;market_seal_rate_bucket,"{""market_active_count_bucket"": ""20_40"", ""market_seal_rate_bucket"": ""40_60PCT"", ""market_touch_count_bucket"": ""40_70""}",market_touch_count_bucket=40_70 AND market_active_count_bucket=20_40 AND market_seal_rate_bucket=40_60PCT,1eb1678b7328350eaca685a41df147ca1dc7c210,43,0.5581395348837209,0.020136065605337736,0.009788605187547,2.1872614343182444,-0.09111157267307002,0.13734985719,-0.0746501939170258,1.813899076734681,5,18,1.4002729396939626,25,1.5620250683386654,72,59,13,0,127,0.6692913385826772,0.045252466121753696,0.022708749607088758,162.03972909475604,-0.22970534744710858,0.4892913885103991,-0.17629142067722955,1.9791357359635866,7,"{""A"": 36, ""C"": 22, ""D"": 23, ""E"": 46}",True,False,False
DIF_82ffc88a717b,3,first_to_reseal_bucket;previous_seal_hold_bucket;market_touch_count_bucket,"{""first_to_reseal_bucket"": ""16_30"", ""market_touch_count_bucket"": ""101_150"", ""previous_seal_hold_bucket"": ""2_5""}",first_to_reseal_bucket=16_30 AND previous_seal_hold_bucket=2_5 AND market_touch_count_bucket=101_150,7fc151a9ef56cad6a53f5ea7cf9887a23c20e9f1,25,0.64,0.022343245898467878,0.0105234259097856,1.6691310117620457,-0.09007361778629219,0.1367546917774649,-0.0900736177862922,1.6359760235209664,4,12,1.5265176729168746,13,1.0934239684055966,46,39,7,0,123,0.6747967479674797,0.046459425634241734,0.02892162643672605,161.5413027131694,-0.2297053474471087,0.4892913885103991,-0.14417251000998996,2.005910676174908,4,"{""A"": 45, ""C"": 21, ""D"": 14, ""E"": 43}",False,False,False
DIF_14d39922f81a,3,first_seal_time_bucket;reseal_speed_bucket;open_gap_bucket,"{""first_seal_time_bucket"": ""1300_1359"", ""open_gap_bucket"": ""3_7PCT"", ""reseal_speed_bucket"": ""GE21""}",first_seal_time_bucket=1300_1359 AND reseal_speed_bucket=GE21 AND open_gap_bucket=3_7PCT,7f71be48f36cbcdee10424fc3f3fe539a4c80277,28,0.6428571428571429,0.022028764288482713,0.0159524581064922,1.6830234130115647,-0.2737816566393282,0.2884775816944691,-0.0951850124216592,1.1413291024580297,2,13,1.0746627587284256,15,1.566094478795348,42,31,11,0,125,0.68,0.04580034354705379,0.02892162643672605,160.90840270556453,-0.23993799080064993,0.4892913885103991,-0.14417251000998996,1.8673228399019055,4,"{""A"": 48, ""C"": 18, ""D"": 19, ""E"": 40}",False,False,False
DIF_0163ef4858c3,3,previous_seal_hold_bucket;open_gap_bucket;market_break_rate_bucket,"{""market_break_rate_bucket"": ""LT25PCT"", ""open_gap_bucket"": ""GE7PCT"", ""previous_seal_hold_bucket"": ""LE1""}",previous_seal_hold_bucket=LE1 AND open_gap_bucket=GE7PCT AND market_break_rate_bucket=LT25PCT,8c9c705c479ad4be291b8c172a7565b040b49680,31,0.6774193548387096,0.037788763484075324,0.0371044727875436,2.852514329596931,-0.20447728698515089,0.2563949611826089,-0.16676560959,1.5448374935750602,2,13,1.6172849124118929,18,1.7637673533619465,45,32,13,0,124,0.6612903225806451,0.04665551105918406,0.030789092862448908,160.58082864270273,-0.29145754806738766,0.4892913885103991,-0.17629142067722955,1.9204906187590027,5,"{""A"": 39, ""C"": 21, ""D"": 19, ""E"": 45}",True,False,False
DIF_893d26909102,3,reseal_time_bucket;first_seal_time_bucket;market_touch_count_bucket,"{""first_seal_time_bucket"": ""1400_1429"", ""market_touch_count_bucket"": ""101_150"", ""reseal_time_bucket"": ""1400_1429""}",reseal_time_bucket=1400_1429 AND first_seal_time_bucket=1400_1429 AND market_touch_count_bucket=101_150,901f81bc8dfccf22564fee9bdc320ab71d065a30,25,0.64,0.02701479989701502,0.0053067385145038,1.9023324197863054,-0.06454703727072053,0.1372041946098477,-0.0415889795921052,3.5591013409393657,3,11,1.2391193796840423,14,1.5352293338123504,45,37,8,0,122,0.680327868852459,0.046901014375765514,0.034841777742988495,160.0909717560632,-0.276958115191947,0.4892913885103991,-0.17629142067722955,1.9119225897558507,4,"{""A"": 46, ""C"": 21, ""D"": 11, ""E"": 44}",False,False,False
DIF_b65025cdf1ef,3,reseal_time_bucket;first_seal_time_bucket;segment_seal_rate_bucket,"{""first_seal_time_bucket"": ""1300_1359"", ""reseal_time_bucket"": ""1400_1429"", ""segment_seal_rate_bucket"": ""40_60PCT""}",reseal_time_bucket=1400_1429 AND first_seal_time_bucket=1300_1359 AND segment_seal_rate_bucket=40_60PCT,7e24be7ea24c5e3a4fcbbeb994c31dc174f00231,34,0.6176470588235294,0.02089163572936689,0.0080403976838484,1.8330135549171689,-0.16015873298451477,0.2804551011527076,-0.0838868875953254,1.471628877629709,3,18,1.50058329657566,16,1.2215340255353482,61,44,17,0,126,0.6746031746031746,0.04520140392344278,0.02210815534495424,157.92904422892218,-0.2297053474471087,0.4892913885103991,-0.14417251000998996,1.994168705406751,5,"{""A"": 41, ""C"": 22, ""D"": 18, ""E"": 45}",False,False,False
DIF_73e8bb5e4207,3,first_seal_time_bucket;first_to_reseal_bucket;open_gap_bucket,"{""first_seal_time_bucket"": ""1001_1030"", ""first_to_reseal_bucket"": ""16_30"", ""open_gap_bucket"": ""3_7PCT""}",first_seal_time_bucket=1001_1030 AND first_to_reseal_bucket=16_30 AND open_gap_bucket=3_7PCT,21dfb377e185047ef3023d5739dbc46390a31ad5,37,0.5675675675675675,0.020532427780798355,0.0103231530986127,1.9535071286013823,-0.16135262686842333,0.1935590908019999,-0.1209957086089992,1.6329307606152597,4,17,1.0826185865461466,20,1.804427850101494,53,44,9,0,129,0.6511627906976745,0.04432455312289459,0.02337772455587504,157.69835691816365,-0.25321489385057894,0.4892913885103991,-0.14417251000998996,2.057770128035324,4,"{""A"": 43, ""C"": 23, ""D"": 21, ""E"": 42}",False,False,False
DIF_ab7289836cec,3,first_seal_time_bucket;break_close_depth_bucket;market_break_rate_bucket,"{""break_close_depth_bucket"": ""LT0_2PCT"", ""first_seal_time_bucket"": ""0930_1000"", ""market_break_rate_bucket"": ""LT25PCT""}",first_seal_time_bucket=0930_1000 AND break_close_depth_bucket=LT0_2PCT AND market_break_rate_bucket=LT25PCT,129311cbb616942976a71118704b2dadda0cdec0,29,0.6206896551724138,0.021738635548661994,0.0121048102781365,1.7243650786312352,-0.12616232345098422,0.3082331866285716,-0.1144358941787367,1.4228761079527832,3,12,1.22448659546628,17,1.4082351615899917,54,36,18,0,128,0.6796875,0.04440704330385868,0.02454259284196832,156.92510887131635,-0.2297053474471087,0.4892913885103991,-0.14417251000998996,1.9122707721519778,4,"{""A"": 47, ""C"": 22, ""D"": 15, ""E"": 44}",False,False,False
DIF_7f487a8255e7,3,open_count_bucket;break_close_depth_bucket;market_break_rate_bucket,"{""break_close_depth_bucket"": ""LT0_2PCT"", ""market_break_rate_bucket"": ""LT25PCT"", ""open_count_bucket"": ""1""}",open_count_bucket=1 AND break_close_depth_bucket=LT0_2PCT AND market_break_rate_bucket=LT25PCT,881501242b7bcc271cf812176d36bdaa3383ca73,27,0.6296296296296297,0.0221638742336043,0.0189617829099338,1.6676654607619228,-0.15264679352260224,0.3082331866285716,-0.1144358941787367,1.289219880508597,3,11,1.237908369326299,16,1.3471638952320097,53,33,20,0,127,0.6771653543307087,0.044721933106664086,0.0257074611280616,156.23516837652616,-0.2297053474471087,0.4892913885103991,-0.14417251000998996,1.9333739279280657,4,"{""A"": 47, ""C"": 22, ""D"": 14, ""E"": 44}",False,False,False
DIF_63d4c16c6bac,3,reseal_speed_bucket;pre_signal_low_bucket;cumulative_amount_bucket,"{""cumulative_amount_bucket"": ""0_5_1"", ""pre_signal_low_bucket"": ""3_7PCT"", ""reseal_speed_bucket"": ""6_10""}",reseal_speed_bucket=6_10 AND pre_signal_low_bucket=3_7PCT AND cumulative_amount_bucket=0_5_1,4f9808b8e6ea96970f7b4c8f5c9ce7c57e9a0817,36,0.6111111111111112,0.023340753387949047,0.00643168421023955,2.1331583496766937,-0.11232602219229293,0.1375294480051883,-0.0822850841273497,1.5148035848534604,3,15,1.1395884289944107,21,1.8718673298210156,54,44,10,0,126,0.6666666666666666,0.04520166506555517,0.02991902155284948,154.63990185274233,-0.27695811519194713,0.4892913885103991,-0.17629142067722955,1.938978072260278,4,"{""A"": 43, ""C"": 20, ""D"": 19, ""E"": 44}",True,False,False
DIF_3bce4849c5b6,3,first_seal_time_bucket;break_close_depth_bucket;market_touch_count_bucket,"{""break_close_depth_bucket"": ""LT0_2PCT"", ""first_seal_time_bucket"": ""1031_1130"", ""market_touch_count_bucket"": ""101_150""}",first_seal_time_bucket=1031_1130 AND break_close_depth_bucket=LT0_2PCT AND market_touch_count_bucket=101_150,b1c04f51691e1a5c80f503faa8bfc95a3d0fe172,27,0.5555555555555556,0.02126858955541352,0.00549982606178,1.6693659999540984,-0.09131806288835986,0.2884420958080925,-0.0549815480808,2.153998279809255,4,14,1.3226396119483037,13,1.2621472885535705,53,45,8,0,127,0.6614173228346457,0.04471294993399729,0.030435392082841857,154.049614896806,-0.22970534744710858,0.4892913885103991,-0.14417251000998996,1.9933494660431654,4,"{""A"": 48, ""C"": 19, ""D"": 16, ""E"": 44}",False,False,False
DIF_7fbd9aefaedf,3,reseal_time_bucket;open_count_bucket;pre_signal_low_bucket,"{""open_count_bucket"": ""4"", ""pre_signal_low_bucket"": ""3_7PCT"", ""reseal_time_bucket"": ""1031_1130""}",reseal_time_bucket=1031_1130 AND open_count_bucket=4 AND pre_signal_low_bucket=3_7PCT,f250f1680a0fc88e14e39ad5d9423011ae900eb8,50,0.62,0.023022983836333406,0.005498060398362399,2.815572823080491,-0.21228377047283842,0.1375899283974682,-0.1006558509109272,1.5410890669614157,3,25,1.2932214787109277,25,2.1771775905601487,69,63,6,0,130,0.6692307692307692,0.04368703312224434,0.02896243205901071,153.8611766152264,-0.32953051658706567,0.4892913885103991,-0.14417251000998996,1.8877369044970354,5,"{""A"": 42, ""C"": 20, ""D"": 29, ""E"": 39}",True,False,False
DIF_0dffb2cb340c,3,first_to_reseal_bucket;market_touch_count_bucket;market_break_rate_bucket,"{""first_to_reseal_bucket"": ""61_120"", ""market_break_rate_bucket"": ""GE75PCT"", ""market_touch_count_bucket"": ""101_150""}",first_to_reseal_bucket=61_120 AND market_touch_count_bucket=101_150 AND market_break_rate_bucket=GE75PCT,ed6ef5e57eed43e252658be9d545f2518db69163,33,0.6666666666666666,0.02835021703172618,0.0224599607362148,2.395465814175402,-0.11581538981775197,0.1372973208315789,-0.074439148302407,1.794352771265181,2,18,1.7168978069367697,15,1.3952291187611858,66,55,11,0,127,0.6692913385826772,0.04466023691704202,0.030409977681894,153.34552155195166,-0.22970534744710858,0.4892913885103991,-0.14417251000998996,1.9178476209558426,4,"{""A"": 47, ""C"": 17, ""D"": 20, ""E"": 43}",True,False,False
DIF_e1839ccf102b,3,reseal_time_bucket;previous_seal_hold_bucket;market_touch_count_bucket,"{""market_touch_count_bucket"": ""101_150"", ""previous_seal_hold_bucket"": ""2_5"", ""reseal_time_bucket"": ""1300_1359""}",reseal_time_bucket=1300_1359 AND previous_seal_hold_bucket=2_5 AND market_touch_count_bucket=101_150,1b13c9d0c6677f5364a5d655ada39d2284129649,27,0.7037037037037037,0.024640282738831246,0.0166558596533556,1.886416141001848,-0.029633205454285716,0.1659870463579606,-0.0296332054542857,3.5473409001023524,5,13,1.3157673108877495,14,1.4337004160173896,48,40,8,0,125,0.672,0.04545739511454176,0.02900323768129537,152.83334824738753,-0.247714103982559,0.4892913885103991,-0.17629142067722955,1.9268110008251105,4,"{""A"": 46, ""C"": 21, ""D"": 13, ""E"": 45}",False,False,False
DIF_e3c2e745bac2,3,reseal_time_bucket;break_close_depth_bucket;market_break_rate_bucket,"{""break_close_depth_bucket"": ""LT0_2PCT"", ""market_break_rate_bucket"": ""LT25PCT"", ""reseal_time_bucket"": ""0930_1000""}",reseal_time_bucket=0930_1000 AND break_close_depth_bucket=LT0_2PCT AND market_break_rate_bucket=LT25PCT,187417899249f8d3e24fef48194241fbc0e87438,27,0.6296296296296297,0.02358243358813112,0.0189617829099338,1.7356959212916965,-0.12616232345098422,0.3082331866285716,-0.1144358941787367,1.4092778833297315,2,11,1.2098416913261967,16,1.434647139155101,51,34,17,0,128,0.671875,0.04417229493947972,0.02454259284196832,152.26625064861068,-0.22970534744710858,0.4892913885103991,-0.14417251000998996,1.959594671361759,4,"{""A"": 47, ""C"": 22, ""D"": 14, ""E"": 45}",False,False,False
DIF_ca5aa31855cb,3,reseal_speed_bucket;first_to_reseal_bucket;market_active_count_bucket,"{""first_to_reseal_bucket"": ""16_30"", ""market_active_count_bucket"": ""71_100"", ""reseal_speed_bucket"": ""6_10""}",reseal_speed_bucket=6_10 AND first_to_reseal_bucket=16_30 AND market_active_count_bucket=71_100,716cb53cea684c600a4bf1ddee594423c81010e9,26,0.5769230769230769,0.02216119745775223,0.006004911092322349,1.6458391517862416,-0.16677405765184072,0.1370231406837052,-0.1595638622725343,1.5501292055651468,3,13,1.3867283515119466,13,1.186850438293691,40,36,4,0,123,0.6504065040650406,0.04601253435149993,0.030435392082841857,151.91153919738105,-0.22970534744710858,0.4892913885103991,-0.14417251000998996,2.1514711358089262,4,"{""A"": 46, ""C"": 21, ""D"": 15, ""E"": 41}",False,False,False
DIF_3f0ac110ea1f,3,previous_seal_hold_bucket;cumulative_amount_bucket;segment_seal_rate_bucket,"{""cumulative_amount_bucket"": ""1_1_5"", ""previous_seal_hold_bucket"": ""6_10"", ""segment_seal_rate_bucket"": ""40_60PCT""}",previous_seal_hold_bucket=6_10 AND cumulative_amount_bucket=1_1_5 AND segment_seal_rate_bucket=40_60PCT,e1aa17e42623eb9acae37ad3a6925d708e9d0861,29,0.6551724137931034,0.02692199340125485,0.0244829963164287,1.9310233917517838,-0.16941788898586918,0.3317363569856887,-0.1328895729622152,1.1656167722017385,2,14,1.3517455361068287,15,1.4285406092875568,44,33,11,0,123,0.6585365853658537,0.04623905526364863,0.02892162643672605,151.70603593574967,-0.22970534744710858,0.4892913885103991,-0.14417251000998996,2.0495019865164483,4,"{""A"": 41, ""C"": 21, ""D"": 17, ""E"": 44}",False,False,False
DIF_ef1c86125219,3,first_seal_time_bucket;previous_seal_hold_bucket;segment_seal_rate_bucket,"{""first_seal_time_bucket"": ""1300_1359"", ""previous_seal_hold_bucket"": ""6_10"", ""segment_seal_rate_bucket"": ""40_60PCT""}",first_seal_time_bucket=1300_1359 AND previous_seal_hold_bucket=6_10 AND segment_seal_rate_bucket=40_60PCT,2d7d908be36f82bdb4ad38515a52f8b28258d915,21,0.5714285714285714,0.03322255599683189,0.0040761761617728,1.7844521214947913,-0.29462776802489055,0.3317363569856887,-0.1146179085266514,2.0100030153128916,6,10,1.519116593196451,11,1.1746643605149718,30,27,3,0,124,0.6532258064516129,0.04590897300528088,0.0230432370814819,150.19480716979328,-0.22970534744710858,0.4892913885103991,-0.14417251000998996,2.076867084511019,4,"{""A"": 44, ""C"": 24, ""D"": 11, ""E"": 45}",False,False,False
DIF_55fb2aed4c87,3,market_touch_count_bucket;market_seal_rate_bucket;segment_seal_rate_bucket,"{""market_seal_rate_bucket"": ""40_60PCT"", ""market_touch_count_bucket"": ""71_100"", ""segment_seal_rate_bucket"": ""40_60PCT""}",market_touch_count_bucket=71_100 AND market_seal_rate_bucket=40_60PCT AND segment_seal_rate_bucket=40_60PCT,5714c2317397a667880d48fa5b5604cb35684f07,21,0.6666666666666666,0.02655222750653581,0.015955566475646,1.6584667451968067,-0.0981371615880714,0.138151360155665,-0.0632864956199998,1.319926110057705,2,14,1.4428713077089599,7,1.149421113536575,28,24,4,0,124,0.6693548387096774,0.045590539455571906,0.026149675496300546,149.1135407596734,-0.22970534744710858,0.4892913885103991,-0.17629142067722955,1.94772049226874,4,"{""A"": 42, ""C"": 21, ""D"": 11, ""E"": 50}",False,False,False
DIF_f683e29b6ff7,3,first_to_reseal_bucket;previous_seal_hold_bucket;market_touch_count_bucket,"{""first_to_reseal_bucket"": ""LE15"", ""market_touch_count_bucket"": ""71_100"", ""previous_seal_hold_bucket"": ""GE11""}",first_to_reseal_bucket=LE15 AND previous_seal_hold_bucket=GE11 AND market_touch_count_bucket=71_100,f4163a0015d025a68545817bb0575461aeb75d9b,21,0.5714285714285714,0.025915924593500266,0.0093959869188806,1.6535867585838986,-0.07725336944644623,0.1376321042466207,-0.0441664539720994,2.6341754141516622,3,13,1.4886902777105029,8,1.1107661434633633,43,30,13,0,126,0.6507936507936508,0.044647344864154156,0.02210815534495424,148.9289815703778,-0.22970534744710858,0.4892913885103991,-0.14417251000998996,2.2123513372326755,4,"{""A"": 45, ""C"": 20, ""D"": 12, ""E"": 49}",False,False,False
DIF_1f1b2b518f39,3,reseal_time_bucket;first_seal_time_bucket;cumulative_amount_bucket,"{""cumulative_amount_bucket"": ""0_5_1"", ""first_seal_time_bucket"": ""1031_1130"", ""reseal_time_bucket"": ""1400_1429""}",reseal_time_bucket=1400_1429 AND first_seal_time_bucket=1031_1130 AND cumulative_amount_bucket=0_5_1,ba6f3edb44a3a05de29458e8bec319bc2d78c482,22,0.7272727272727273,0.02809634442381186,0.024640006637440752,1.7573167943881995,-0.1334620186572918,0.1222728291885053,-0.1094924378118658,1.0672027741298706,2,12,1.30697387854253,10,1.3445691786494383,31,27,4,0,122,0.680327868852459,0.04635492035065457,0.0230432370814819,148.80296080803564,-0.276958115191947,0.4892913885103991,-0.17629142067722955,1.8855804682739772,4,"{""A"": 43, ""C"": 18, ""D"": 12, ""E"": 49}",False,False,False
DIF_3bc345295c06,3,first_seal_time_bucket;first_to_reseal_bucket;previous_seal_hold_bucket,"{""first_seal_time_bucket"": ""1001_1030"", ""first_to_reseal_bucket"": ""61_120"", ""previous_seal_hold_bucket"": ""6_10""}",first_seal_time_bucket=1001_1030 AND first_to_reseal_bucket=61_120 AND previous_seal_hold_bucket=6_10,02be1c4a6ba18d3e1c3363467cbe0bf30333083a,44,0.6136363636363636,0.022749385627142592,0.01580956030306485,2.4378211797922957,-0.23528218258207267,0.1381131795741178,-0.139557347965909,1.455619989188025,4,25,1.8105918784580226,19,1.3464222439064777,75,59,16,0,127,0.6850393700787402,0.04460329647938011,0.0245031063876924,148.5483830398952,-0.2941038333462883,0.4892913885103991,-0.17629142067722955,1.7406289800940535,4,"{""A"": 45, ""C"": 18, ""D"": 20, ""E"": 44}",True,False,False
DIF_5e092ed87d4b,3,reseal_time_bucket;market_touch_count_bucket;segment_seal_rate_bucket,"{""market_touch_count_bucket"": ""40_70"", ""reseal_time_bucket"": ""1001_1030"", ""segment_seal_rate_bucket"": ""60_80PCT""}",reseal_time_bucket=1001_1030 AND market_touch_count_bucket=40_70 AND segment_seal_rate_bucket=60_80PCT,d914b353f2cb1b606957366b900923d9613740bb,53,0.6226415094339622,0.020536958450939516,0.0187075799286562,2.5945407782971346,-0.2792757870361583,0.1935590908019999,-0.1380896926469388,1.2832636574855634,4,24,1.397146307661996,29,1.8570286906021132,97,74,23,0,124,0.6774193548387096,0.045328941693280625,0.028379211838758835,148.2134982065058,-0.2504937468777194,0.4892913885103991,-0.1380896926469388,1.9405566189529402,4,"{""A"": 39, ""C"": 14, ""D"": 34, ""E"": 37}",True,False,False
DIF_5c99f786050b,3,reseal_speed_bucket;previous_seal_hold_bucket;cumulative_amount_bucket,"{""cumulative_amount_bucket"": ""0_5_1"", ""previous_seal_hold_bucket"": ""6_10"", ""reseal_speed_bucket"": ""11_20""}",reseal_speed_bucket=11_20 AND previous_seal_hold_bucket=6_10 AND cumulative_amount_bucket=0_5_1,12ea9b60e2e8327d6abc2a3642b27c3f9f61174e,26,0.5769230769230769,0.029524749714843694,0.04543799124837215,1.9987797489158683,-0.11860953719999989,0.1375294480051883,-0.1186095371999999,1.9384300522975029,4,12,1.5027160237789716,14,1.3301114231080164,34,28,6,0,126,0.6507936507936508,0.044887177557449885,0.026149675496300546,147.62979394637284,-0.276958115191947,0.4892913885103991,-0.17629142067722955,2.071904770808818,5,"{""A"": 43, ""C"": 23, ""D"": 13, ""E"": 47}",False,False,False
DIF_4a72cc85e106,3,open_count_bucket;open_gap_bucket;market_touch_count_bucket,"{""market_touch_count_bucket"": ""71_100"", ""open_count_bucket"": ""4"", ""open_gap_bucket"": ""3_7PCT""}",open_count_bucket=4 AND open_gap_bucket=3_7PCT AND market_touch_count_bucket=71_100,daf39e21fd949ba377a06be86abe4292c8e4a14b,43,0.6046511627906976,0.026769756730193578,0.0040310538412087,2.687495986628731,-0.19385618334165933,0.3721270239550671,-0.1046538263036539,1.7807190724854314,3,21,1.488226089950888,22,1.8058385112153352,62,52,10,0,126,0.6587301587301587,0.04511927479325569,0.023365180627577822,147.3840723035601,-0.18898058850235866,0.4892913885103991,-0.14417251000998996,1.9619451799311485,4,"{""A"": 42, ""C"": 17, ""D"": 25, ""E"": 42}",True,False,False
DIF_1eef86ebd30a,3,reseal_time_bucket;open_count_bucket;pre_signal_low_bucket,"{""open_count_bucket"": ""3"", ""pre_signal_low_bucket"": ""3_7PCT"", ""reseal_time_bucket"": ""1031_1130""}",reseal_time_bucket=1031_1130 AND open_count_bucket=3 AND pre_signal_low_bucket=3_7PCT,3d8b4a2d6d6261bd61ff7b5af574b5d4596b5adf,58,0.6206896551724138,0.026033883634176316,0.00637845449510215,3.7584660925829634,-0.23153585511599506,0.3090002845557691,-0.1501914830156249,1.5642838739983644,4,29,1.7015973947664982,29,2.208786934055407,95,86,9,0,133,0.6466165413533834,0.042447657482015615,0.0200819947469938,147.22747772311007,-0.25321489385057905,0.4892913885103991,-0.14417251000998996,2.072961453579146,4,"{""A"": 42, ""C"": 20, ""D"": 34, ""E"": 37}",True,False,False
DIF_4b373e6b0e18,3,reseal_speed_bucket;market_touch_count_bucket;segment_seal_rate_bucket,"{""market_touch_count_bucket"": ""71_100"", ""reseal_speed_bucket"": ""2_5"", ""segment_seal_rate_bucket"": ""40_60PCT""}",reseal_speed_bucket=2_5 AND market_touch_count_bucket=71_100 AND segment_seal_rate_bucket=40_60PCT,d21255e6bfeafe4b245fd149fbe91209a6ef0fa4,35,0.5714285714285714,0.029249204010028743,0.015955566475646,2.3860786530816047,-0.294675849475748,0.3317363569856887,-0.0858519793567021,1.7254955796099607,3,19,0.884968005090285,16,2.6962315466288245,59,47,12,0,120,0.65,0.04710378425621696,0.02266973999898513,147.03167023046956,-0.2809764381677923,0.4892913885103991,-0.14417251000998996,2.197185420164526,4,"{""A"": 38, ""C"": 19, ""D"": 20, ""E"": 43}",True,False,False
DIF_ad616012ec7b,3,first_seal_time_bucket;open_count_bucket;market_break_rate_bucket,"{""first_seal_time_bucket"": ""1300_1359"", ""market_break_rate_bucket"": ""25_50PCT"", ""open_count_bucket"": ""2""}",first_seal_time_bucket=1300_1359 AND open_count_bucket=2 AND market_break_rate_bucket=25_50PCT,fcb8130d4fd1f4eca477e261a6392b681b7dc564,22,0.5909090909090909,0.021104937000469073,0.01538556030933435,1.5238781474072565,-0.15178178729071057,0.1380311620285715,-0.0743647726731959,1.6843284210670182,3,9,0.8520557578700868,13,1.7884723309851778,28,23,5,0,124,0.6693548387096774,0.045530418824259344,0.02896243205901071,146.81837320701612,-0.276958115191947,0.4892913885103991,-0.17629142067722955,1.9012002378205937,4,"{""A"": 45, ""C"": 25, ""D"": 5, ""E"": 49}",False,False,False
DIF_42c0429f07d6,3,reseal_speed_bucket;open_gap_bucket;cumulative_amount_bucket,"{""cumulative_amount_bucket"": ""0_5_1"", ""open_gap_bucket"": ""3_7PCT"", ""reseal_speed_bucket"": ""6_10""}",reseal_speed_bucket=6_10 AND open_gap_bucket=3_7PCT AND cumulative_amount_bucket=0_5_1,bbd9827e8483b1ca23f9e9f6e4cc929116bec457,44,0.5909090909090909,0.02984300799926164,0.023813996092705098,3.280385247724649,-0.15089427015270984,0.1935590908019999,-0.116943090852923,1.9005484119391554,3,18,1.5247234652872363,26,2.1514624273895264,62,53,9,0,128,0.6640625,0.044031375797965816,0.029202944352076234,146.37670097256114,-0.32403712011929386,0.4892913885103991,-0.17629142067722955,1.945288287220846,4,"{""A"": 45, ""C"": 19, ""D"": 20, ""E"": 44}",True,False,False
DIF_75762be4509d,3,first_to_reseal_bucket;market_active_count_bucket;segment_seal_rate_bucket,"{""first_to_reseal_bucket"": ""61_120"", ""market_active_count_bucket"": ""LT20"", ""segment_seal_rate_bucket"": ""60_80PCT""}",first_to_reseal_bucket=61_120 AND market_active_count_bucket=LT20 AND segment_seal_rate_bucket=60_80PCT,c421e2aeb991059fcaef4f9eebda0ef8ecfee1f7,21,0.6666666666666666,0.021078845642898855,0.0240378571714285,1.500240448943919,-0.12504550439169682,0.1527619232964,-0.1130225224831054,1.3952342859241595,3,12,1.345262200711858,9,1.1152030051465451,33,28,5,0,125,0.688,0.04442607443489214,0.03114279364205596,145.89443966892134,-0.27246957988145737,0.3687231660523884,-0.17629142067722955,1.824211899016252,4,"{""A"": 42, ""C"": 25, ""D"": 10, ""E"": 48}",False,False,False
DIF_1643047ad5f1,3,cumulative_amount_bucket;market_active_count_bucket;segment_bucket,"{""cumulative_amount_bucket"": ""1_1_5"", ""market_active_count_bucket"": ""LT20"", ""segment_bucket"": ""GROWTH_BOARD""}",cumulative_amount_bucket=1_1_5 AND market_active_count_bucket=LT20 AND segment_bucket=GROWTH_BOARD,851852c7b9053b9f121be3fe3292c98809a966ec,38,0.5526315789473685,0.020611115447144657,0.00234056690117565,1.8409791497626182,-0.199263073520638,0.288567784289668,-0.121943391202544,1.5030749460615518,2,16,1.7002455603160413,22,1.0827725081196018,56,47,9,0,128,0.640625,0.04413244729078313,0.025815188021907402,145.75013596384852,-0.26700255389538063,0.4892913885103991,-0.17629142067722955,2.116693012412001,5,"{""A"": 38, ""C"": 23, ""D"": 22, ""E"": 45}",False,False,False
DIF_9ff03bf20b66,3,first_to_reseal_bucket;break_close_depth_bucket;cumulative_amount_bucket,"{""break_close_depth_bucket"": ""0_2_0_5PCT"", ""cumulative_amount_bucket"": ""0_5_1"", ""first_to_reseal_bucket"": ""GE121""}",first_to_reseal_bucket=GE121 AND break_close_depth_bucket=0_2_0_5PCT AND cumulative_amount_bucket=0_5_1,aa0812c3d35b7f176a66f4efe8bb75fce959b037,31,0.5806451612903226,0.021014520382863215,0.0118081668553845,1.7709506145466185,-0.25351639065339515,0.138151360155665,-0.1099258611229698,1.509531898119853,6,15,1.274152481160993,16,1.3899047725692522,43,37,6,0,128,0.6484375,0.043952432882750546,0.026149675496300546,145.36526302417502,-0.2899654838193506,0.4892913885103991,-0.14417251000998996,2.069342893984169,5,"{""A"": 43, ""C"": 17, ""D"": 19, ""E"": 49}",False,False,False
DIF_9cc8565b5297,3,first_seal_time_bucket;open_count_bucket;market_touch_count_bucket,"{""first_seal_time_bucket"": ""1400_1429"", ""market_touch_count_bucket"": ""101_150"", ""open_count_bucket"": ""1""}",first_seal_time_bucket=1400_1429 AND open_count_bucket=1 AND market_touch_count_bucket=101_150,11c1d955aa4ec92696cc07b10f9a5c575cbd8d66,29,0.6206896551724138,0.02243608747612747,0.0053067385145038,1.848243689244491,-0.12933197878130376,0.1372041946098477,-0.0692551566906866,2.428676427790968,3,13,1.2104704733835883,16,1.5268804401962457,55,43,12,0,123,0.6747967479674797,0.045734150860650996,0.03233647794321521,145.0396399844277,-0.3404358230925133,0.4892913885103991,-0.17629142067722955,1.869661477826257,4,"{""A"": 46, ""C"": 18, ""D"": 15, ""E"": 44}",False,False,False
DIF_d00f26f24e6a,3,reseal_time_bucket;first_to_reseal_bucket;segment_bucket,"{""first_to_reseal_bucket"": ""16_30"", ""reseal_time_bucket"": ""1031_1130"", ""segment_bucket"": ""GROWTH_BOARD""}",reseal_time_bucket=1031_1130 AND first_to_reseal_bucket=16_30 AND segment_bucket=GROWTH_BOARD,46634d32fba9589a96c8e219f160a393bd551ce2,57,0.5614035087719298,0.022836555457228788,0.0037053138311083,2.92525131964865,-0.28575777774583444,0.2858048076223851,-0.1553201845028998,1.6065549368846705,5,31,1.3452970613297286,26,2.174427792741368,103,73,30,0,135,0.6444444444444445,0.04195202651934003,0.019180342510750216,143.96039843516874,-0.2297053474471087,0.4892913885103991,-0.14417251000998996,1.9463239690743508,5,"{""A"": 42, ""C"": 21, ""D"": 29, ""E"": 43}",True,False,False
DIF_0c23797b2d9b,3,open_count_bucket;break_close_depth_bucket;open_gap_bucket,"{""break_close_depth_bucket"": ""0_2_0_5PCT"", ""open_count_bucket"": ""4"", ""open_gap_bucket"": ""GE7PCT""}",open_count_bucket=4 AND break_close_depth_bucket=0_2_0_5PCT AND open_gap_bucket=GE7PCT,f383cdd90ecfff1c0d4c0d91922540989dfba452,29,0.5517241379310345,0.028284967196174394,0.0080708244197124,2.0634573715017446,-0.10792486396854473,0.2886461432667387,-0.0822850841273497,2.2484394916363275,4,14,1.783158869381912,15,1.1571921083044,39,33,6,0,127,0.6299212598425197,0.04434600190640563,0.02150756108281972,143.55535204743396,-0.2297053474471088,0.4892913885103991,-0.17629142067722955,2.211889910306879,4,"{""A"": 44, ""C"": 22, ""D"": 16, ""E"": 45}",True,False,False
DIF_16960d436540,3,open_count_bucket;open_gap_bucket;segment_seal_rate_bucket,"{""open_count_bucket"": ""2"", ""open_gap_bucket"": ""GE7PCT"", ""segment_seal_rate_bucket"": ""40_60PCT""}",open_count_bucket=2 AND open_gap_bucket=GE7PCT AND segment_seal_rate_bucket=40_60PCT,2413744046456ae52ae287122c904342eca483aa,24,0.5833333333333334,0.028268107750678662,0.019306961441068998,1.8028281827755224,-0.1274921453846094,0.2886461432667387,-0.1274921453846094,1.8630852169993173,3,14,1.32108574529218,10,1.3646564495908604,35,28,7,0,126,0.6666666666666666,0.044739855031187006,0.024307668643414,143.1600886522509,-0.2805791263164401,0.4892913885103991,-0.17629142067722955,1.8650831191848476,4,"{""A"": 43, ""C"": 24, ""D"": 14, ""E"": 45}",False,False,False
DIF_15035866c422,3,first_seal_time_bucket;reseal_speed_bucket;pre_signal_low_bucket,"{""first_seal_time_bucket"": ""0930_1000"", ""pre_signal_low_bucket"": ""GE7PCT"", ""reseal_speed_bucket"": ""11_20""}",first_seal_time_bucket=0930_1000 AND reseal_speed_bucket=11_20 AND pre_signal_low_bucket=GE7PCT,39ab06f337313160d12b1aba71e9e80b6edd9c17,23,0.5652173913043478,0.03573778259689492,0.0036566992882454,1.950717589557182,-0.13299787622545278,0.3339820061776503,-0.1274921453846094,2.063953852832099,2,10,2.0065028665157123,13,0.9721977586528938,39,26,13,0,125,0.64,0.04519314673827066,0.022708749607088758,142.89105355113674,-0.2297053474471087,0.4892913885103991,-0.14417251000998996,2.117005993002631,4,"{""A"": 44, ""C"": 24, ""D"": 12, ""E"": 45}",False,False,False
DIF_01a6ab9eb922,3,first_seal_time_bucket;open_count_bucket;market_touch_count_bucket,"{""first_seal_time_bucket"": ""1001_1030"", ""market_touch_count_bucket"": ""101_150"", ""open_count_bucket"": ""2""}",first_seal_time_bucket=1001_1030 AND open_count_bucket=2 AND market_touch_count_bucket=101_150,7b27e4cf61e98e6e4bc6ff25031248ebe0f26b25,21,0.5714285714285714,0.023847469988295796,0.0110316352528301,1.5156457986830778,-0.17694540607593334,0.2815783803342283,-0.1380896926469388,1.5303568362152116,3,12,1.1874749989348519,9,1.276360176039572,39,34,5,0,125,0.664,0.04486172685640665,0.02900323768129537,141.22156670834565,-0.2297053474471087,0.4892913885103991,-0.14417251000998996,1.9064983507335171,5,"{""A"": 46, ""C"": 22, ""D"": 9, ""E"": 48}",False,False,False
DIF_3c78157c47fd,3,reseal_time_bucket;market_active_count_bucket;segment_seal_rate_bucket,"{""market_active_count_bucket"": ""41_70"", ""reseal_time_bucket"": ""1031_1130"", ""segment_seal_rate_bucket"": ""40_60PCT""}",reseal_time_bucket=1031_1130 AND market_active_count_bucket=41_70 AND segment_seal_rate_bucket=40_60PCT,d0ae6df545f5a46fb59f5c2b87f7c963a2db9087,21,0.6190476190476191,0.024457222954544392,0.0161917335903555,1.4922542167640858,-0.1987912696634373,0.3090002845557691,-0.1605413959044369,1.1394482751205528,2,13,1.0124063662975502,8,1.473967634381219,32,26,6,0,124,0.6774193548387096,0.04534909289169604,0.030789092862448908,141.06461513034262,-0.404325945791438,0.4892913885103991,-0.17629142067722955,1.7612153970686926,4,"{""A"": 44, ""C"": 21, ""D"": 10, ""E"": 49}",False,False,False
DIF_4b2f25603f51,3,open_count_bucket;pre_signal_low_bucket;market_touch_count_bucket,"{""market_touch_count_bucket"": ""71_100"", ""open_count_bucket"": ""4"", ""pre_signal_low_bucket"": ""3_7PCT""}",open_count_bucket=4 AND pre_signal_low_bucket=3_7PCT AND market_touch_count_bucket=71_100,fa74896019bb9a2d00f311e802b1d5244213a01b,34,0.6470588235294118,0.03345159870282486,0.0039051218415474998,2.713532275325595,-0.1813213528239267,0.3090002845557691,-0.0820022203404526,1.8923519608795094,2,15,1.4638039339862277,19,1.8537539163022398,45,36,9,0,123,0.6585365853658537,0.04552292169659817,0.02150756108281972,140.6922897271816,-0.2297053474471087,0.4892913885103991,-0.14417251000998996,2.097953882835068,4,"{""A"": 45, ""C"": 17, ""D"": 20, ""E"": 41}",True,False,False
DIF_cafb4ca764a4,3,reseal_time_bucket;previous_seal_hold_bucket;market_active_count_bucket,"{""market_active_count_bucket"": ""41_70"", ""previous_seal_hold_bucket"": ""6_10"", ""reseal_time_bucket"": ""1001_1030""}",reseal_time_bucket=1001_1030 AND previous_seal_hold_bucket=6_10 AND market_active_count_bucket=41_70,aeec454376e0f60cccc071b51087a2149546272d,24,0.625,0.02768113657426477,0.023195189361732947,1.8619568204305528,-0.08405621521542705,0.1371647242864246,-0.0603962117820895,2.2091871034888837,2,13,1.3637826819019663,11,1.3652885061084805,41,30,11,0,125,0.648,0.04483291847789941,0.02337772455587504,139.8462121495306,-0.295164910110741,0.4892913885103991,-0.17629142067722955,2.061166254674089,4,"{""A"": 46, ""C"": 20, ""D"": 11, ""E"": 48}",False,False,False
DIF_745e06484fc3,3,reseal_time_bucket;open_count_bucket;previous_seal_hold_bucket,"{""open_count_bucket"": ""3"", ""previous_seal_hold_bucket"": ""GE11"", ""reseal_time_bucket"": ""1031_1130""}",reseal_time_bucket=1031_1130 AND open_count_bucket=3 AND previous_seal_hold_bucket=GE11,164c49d0b08a9d41d852c7167121c32186e19ec0,77,0.5714285714285714,0.023076357537415743,0.0061738166068965,4.61746627286258,-0.31228926106815114,0.2885282320092858,-0.1509604583523677,1.706565013108598,5,37,3.374121206500777,40,1.3684944879769885,131,119,12,0,135,0.6370370370370371,0.04148007538669713,0.019180342510750216,139.1792611659088,-0.290118990019803,0.4892913885103991,-0.14417251000998996,2.0658706576156787,5,"{""A"": 37, ""C"": 18, ""D"": 43, ""E"": 37}",True,False,False
DIF_2f0e7642041e,2,cumulative_amount_bucket;market_seal_rate_bucket,"{""cumulative_amount_bucket"": ""LT0_5"", ""market_seal_rate_bucket"": ""GE80PCT""}",cumulative_amount_bucket=LT0_5 AND market_seal_rate_bucket=GE80PCT,5d3e8ef3198085d04c0ebb3c0f1a86485b7fab29,42,0.6666666666666666,0.021501966451208814,0.0289346110627169,2.1171987806901416,-0.3375002634415949,0.137297320831579,-0.1254470023539511,0.9022643760645384,3,18,2.0494585502141116,24,1.0330527448183586,78,62,16,0,125,0.68,0.04477266299513822,0.02892162643672605,138.5613370837345,-0.2134758784987164,0.4892913885103991,-0.14417251000998996,1.7168291711958104,4,"{""A"": 40, ""C"": 20, ""D"": 20, ""E"": 45}",True,False,False
DIF_5159298ea85f,3,first_seal_time_bucket;cumulative_amount_bucket;market_seal_rate_bucket,"{""cumulative_amount_bucket"": ""LT0_5"", ""first_seal_time_bucket"": ""0930_1000"", ""market_seal_rate_bucket"": ""GE80PCT""}",first_seal_time_bucket=0930_1000 AND cumulative_amount_bucket=LT0_5 AND market_seal_rate_bucket=GE80PCT,5d3e8ef3198085d04c0ebb3c0f1a86485b7fab29,42,0.6666666666666666,0.021501966451208814,0.0289346110627169,2.1171987806901416,-0.3375002634415949,0.137297320831579,-0.1254470023539511,0.9022643760645384,3,18,2.0494585502141116,24,1.0330527448183586,78,62,16,0,125,0.68,0.04477266299513822,0.02892162643672605,138.5613370837345,-0.2134758784987164,0.4892913885103991,-0.14417251000998996,1.7168291711958104,4,"{""A"": 40, ""C"": 20, ""D"": 20, ""E"": 45}",True,False,False
DIF_d94c94546ac1,3,open_count_bucket;cumulative_amount_bucket;market_seal_rate_bucket,"{""cumulative_amount_bucket"": ""LT0_5"", ""market_seal_rate_bucket"": ""GE80PCT"", ""open_count_bucket"": ""1""}",open_count_bucket=1 AND cumulative_amount_bucket=LT0_5 AND market_seal_rate_bucket=GE80PCT,5d3e8ef3198085d04c0ebb3c0f1a86485b7fab29,42,0.6666666666666666,0.021501966451208814,0.0289346110627169,2.1171987806901416,-0.3375002634415949,0.137297320831579,-0.1254470023539511,0.9022643760645384,3,18,2.0494585502141116,24,1.0330527448183586,78,62,16,0,125,0.68,0.04477266299513822,0.02892162643672605,138.5613370837345,-0.2134758784987164,0.4892913885103991,-0.14417251000998996,1.7168291711958104,4,"{""A"": 40, ""C"": 20, ""D"": 20, ""E"": 45}",True,False,False
DIF_e042a0a28533,3,reseal_time_bucket;cumulative_amount_bucket;market_seal_rate_bucket,"{""cumulative_amount_bucket"": ""LT0_5"", ""market_seal_rate_bucket"": ""GE80PCT"", ""reseal_time_bucket"": ""0930_1000""}",reseal_time_bucket=0930_1000 AND cumulative_amount_bucket=LT0_5 AND market_seal_rate_bucket=GE80PCT,a4623241c24df9d2da12470b3891daa39cdd42af,41,0.6585365853658537,0.020321599684298995,0.0261953004471205,1.9788809324480463,-0.3375002634415949,0.137297320831579,-0.1254470023539511,0.903393888439135,3,18,2.0494585502141116,23,0.965562798155302,75,59,16,0,125,0.68,0.04477266299513822,0.02892162643672605,138.5613370837345,-0.2134758784987164,0.4892913885103991,-0.14417251000998996,1.7168291711958104,4,"{""A"": 40, ""C"": 20, ""D"": 20, ""E"": 45}",False,False,False
DIF_8889adf2e2d7,3,previous_seal_hold_bucket;pre_signal_low_bucket;market_active_count_bucket,"{""market_active_count_bucket"": ""41_70"", ""pre_signal_low_bucket"": ""GE7PCT"", ""previous_seal_hold_bucket"": ""LE1""}",previous_seal_hold_bucket=LE1 AND pre_signal_low_bucket=GE7PCT AND market_active_count_bucket=41_70,5668db3421c1d0040a74ad9714daac795ebd603d,23,0.6086956521739131,0.02861221106241074,0.0037735107303238,1.7481753293817053,-0.11916008269965361,0.3339820061776503,-0.0821168905510197,1.7469097514906202,3,10,1.4603204983991867,13,1.1971175719974259,41,30,11,0,127,0.6377952755905512,0.044213398008410246,0.01852346386305976,138.37365921546737,-0.22970534744710858,0.4892913885103991,-0.14417251000998996,2.130103679505399,4,"{""A"": 48, ""C"": 23, ""D"": 13, ""E"": 43}",False,False,False
DIF_c87168c29b2c,3,market_touch_count_bucket;market_active_count_bucket;segment_seal_rate_bucket,"{""market_active_count_bucket"": ""41_70"", ""market_touch_count_bucket"": ""40_70"", ""segment_seal_rate_bucket"": ""40_60PCT""}",market_touch_count_bucket=40_70 AND market_active_count_bucket=41_70 AND segment_seal_rate_bucket=40_60PCT,17b3043c63ff9313fe5ea279f9c27dd4bd8fe1f4,35,0.5714285714285714,0.02268194269406666,0.0276968648347002,2.016559543329767,-0.12453162525105699,0.215160810539875,-0.109850748,1.6338838072749253,2,18,1.2712401163948777,17,1.5862931930189141,53,42,11,0,122,0.6557377049180327,0.04574831962162095,0.031739635792635584,138.36127074354778,-0.2738965829456331,0.4892913885103991,-0.17629142067722955,1.995272983622014,5,"{""A"": 39, ""C"": 18, ""D"": 21, ""E"": 44}",False,False,False
DIF_606a266d2dc2,3,first_seal_time_bucket;first_to_reseal_bucket;market_touch_count_bucket,"{""first_seal_time_bucket"": ""1430_1454"", ""first_to_reseal_bucket"": ""LE15"", ""market_touch_count_bucket"": ""101_150""}",first_seal_time_bucket=1430_1454 AND first_to_reseal_bucket=LE15 AND market_touch_count_bucket=101_150,73fb6095916ff483f9c80020f078ba07e4e4a6fa,27,0.5925925925925926,0.021490668616680017,0.0138552892809763,1.7102080631563514,-0.1283720622977259,0.1359355022356494,-0.066081429888,1.9054827468844886,4,14,1.2558555500579558,13,1.3617872398441262,46,34,12,0,123,0.6504065040650406,0.045249349194463315,0.030435392082841857,137.91064444190548,-0.33651051483888295,0.4892913885103991,-0.17629142067722955,2.090451963303896,6,"{""A"": 45, ""C"": 19, ""D"": 14, ""E"": 45}",False,False,False
DIF_e1412f500d8a,3,open_gap_bucket;cumulative_amount_bucket;market_touch_count_bucket,"{""cumulative_amount_bucket"": ""0_5_1"", ""market_touch_count_bucket"": ""40_70"", ""open_gap_bucket"": ""3_7PCT""}",open_gap_bucket=3_7PCT AND cumulative_amount_bucket=0_5_1 AND market_touch_count_bucket=40_70,e875e2307ab3871c9dce00d8c5a066630fd19c97,52,0.6153846153846154,0.028947523618404428,0.04472020214463085,3.8624653258501844,-0.22684328134739484,0.1935590908019999,-0.1183163852749999,1.5500723479368046,4,22,2.162364091154713,30,1.7862233939463956,90,68,22,0,127,0.6614173228346457,0.04394997817908877,0.03734707754276177,137.64457423186647,-0.32403712011929386,0.4892913885103991,-0.17629142067722955,1.8353304724577624,4,"{""A"": 42, ""C"": 18, ""D"": 29, ""E"": 38}",True,False,False
DIF_84dae76982b2,3,market_active_count_bucket;market_seal_rate_bucket;segment_seal_rate_bucket,"{""market_active_count_bucket"": ""41_70"", ""market_seal_rate_bucket"": ""60_80PCT"", ""segment_seal_rate_bucket"": ""40_60PCT""}",market_active_count_bucket=41_70 AND market_seal_rate_bucket=60_80PCT AND segment_seal_rate_bucket=40_60PCT,4068c09ef883d63ff7b66b8d8554b3c98dd568d7,53,0.5849056603773585,0.025050936563867473,0.0161917335903555,3.069195757083019,-0.2659678072119085,0.3090002845557691,-0.1605413959044369,1.5253178585839469,3,27,1.1852447045104877,26,2.5895038766282554,91,74,17,0,121,0.6446280991735537,0.04638417143581587,0.030435392082841857,137.5217344295105,-0.3809108008295492,0.4892913885103991,-0.17629142067722955,2.07351575293851,5,"{""A"": 35, ""C"": 13, ""D"": 34, ""E"": 39}",True,False,False
DIF_b94fe430e7a0,3,reseal_speed_bucket;pre_signal_low_bucket;segment_seal_rate_bucket,"{""pre_signal_low_bucket"": ""LT0"", ""reseal_speed_bucket"": ""2_5"", ""segment_seal_rate_bucket"": ""LT40PCT""}",reseal_speed_bucket=2_5 AND pre_signal_low_bucket=LT0 AND segment_seal_rate_bucket=LT40PCT,6a7591220c98b7abb0a2823dc10e5808feaa5ad3,20,0.6,0.028838934426771195,0.0227616039968483,1.6835721135563755,-0.21983505934481407,0.140190473515297,-0.0789052459411764,1.742358483883496,5,10,1.850687041466555,10,0.9097011411622837,26,22,4,0,128,0.6484375,0.04366426409442615,0.0230432370814819,137.42577578679814,-0.22970534744710858,0.4892913885103991,-0.17629142067722955,1.9753683153514028,4,"{""A"": 44, ""C"": 21, ""D"": 15, ""E"": 48}",False,False,False
DIF_699d42648e3e,3,first_to_reseal_bucket;previous_seal_hold_bucket;open_gap_bucket,"{""first_to_reseal_bucket"": ""61_120"", ""open_gap_bucket"": ""3_7PCT"", ""previous_seal_hold_bucket"": ""6_10""}",first_to_reseal_bucket=61_120 AND previous_seal_hold_bucket=6_10 AND open_gap_bucket=3_7PCT,76110cb1b96d8ee769d96937faf3ee9b78124d22,49,0.5510204081632653,0.02060070643033005,0.0070321235254114,2.368058447164565,-0.25576521710739597,0.1865259303471385,-0.1501914830156249,1.673006076002327,3,26,1.608909604211355,23,1.4718405813267068,65,57,8,0,123,0.6829268292682927,0.04471728832386817,0.02900323768129537,137.34532779918882,-0.187370295691911,0.3687231660523884,-0.17629142067722955,1.8355924041407572,3,"{""A"": 41, ""C"": 19, ""D"": 21, ""E"": 42}",True,False,False
DIF_c3f28a8d8366,3,reseal_time_bucket;first_to_reseal_bucket;market_touch_count_bucket,"{""first_to_reseal_bucket"": ""16_30"", ""market_touch_count_bucket"": ""71_100"", ""reseal_time_bucket"": ""1031_1130""}",reseal_time_bucket=1031_1130 AND first_to_reseal_bucket=16_30 AND market_touch_count_bucket=71_100,7e9f33fbb3ac2b913b3aba5c65f817f023da4843,28,0.5714285714285714,0.024933071455904128,0.00588144999054065,1.9095141750857745,-0.12876596481592417,0.1659870463579606,-0.0599315178124763,2.6139392588870405,3,14,1.16717951993734,14,1.6360072657788634,53,42,11,0,125,0.648,0.04438341339595632,0.02892162643672605,137.32732069209584,-0.2297053474471087,0.4892913885103991,-0.14417251000998996,2.1684870695551393,4,"{""A"": 47, ""C"": 20, ""D"": 15, ""E"": 43}",False,False,False
DIF_c8c192d4aee9,3,cumulative_amount_bucket;market_seal_rate_bucket;segment_bucket,"{""cumulative_amount_bucket"": ""LT0_5"", ""market_seal_rate_bucket"": ""GE80PCT"", ""segment_bucket"": ""MAIN_BOARD""}",cumulative_amount_bucket=LT0_5 AND market_seal_rate_bucket=GE80PCT AND segment_bucket=MAIN_BOARD,d825b9fbd74ca21c43a6529d4643b1c98af475b9,42,0.6666666666666666,0.020894998040985706,0.0289346110627169,2.059379110327218,-0.3555928094664157,0.137297320831579,-0.1254470023539511,0.8822283996292032,3,18,2.0494585502141116,24,1.0048405761180528,77,61,16,0,126,0.6746031746031746,0.04424623610658776,0.027558463441923274,135.11799878242473,-0.2297053474471087,0.4892913885103991,-0.14417251000998996,1.7419805258853933,4,"{""A"": 41, ""C"": 21, ""D"": 18, ""E"": 46}",True,False,False
DIF_f4e44e677f7f,3,open_gap_bucket;cumulative_amount_bucket;segment_bucket,"{""cumulative_amount_bucket"": ""LT0_5"", ""open_gap_bucket"": ""0_3PCT"", ""segment_bucket"": ""MAIN_BOARD""}",open_gap_bucket=0_3PCT AND cumulative_amount_bucket=LT0_5 AND segment_bucket=MAIN_BOARD,d759dbb7e40f94f4044b6e4465954034bfddc47f,34,0.5882352941176471,0.022280055631387442,0.0239313710549271,1.8968757062498744,-0.22423255274700693,0.1371693725047969,-0.1254470023539511,1.3204798217896858,3,15,1.6070955843944628,19,1.1803129351292434,52,42,10,0,125,0.656,0.04455431375199897,0.0261953004471205,135.08194894758975,-0.22970534744710858,0.4892913885103991,-0.14417251000998996,1.9183277761889137,4,"{""A"": 45, ""C"": 20, ""D"": 18, ""E"": 42}",False,False,False
DIF_4bf59e1d70bf,3,reseal_speed_bucket;market_active_count_bucket;segment_seal_rate_bucket,"{""market_active_count_bucket"": ""41_70"", ""reseal_speed_bucket"": ""6_10"", ""segment_seal_rate_bucket"": ""40_60PCT""}",reseal_speed_bucket=6_10 AND market_active_count_bucket=41_70 AND segment_seal_rate_bucket=40_60PCT,59daf81636484b51051a1d805b732f00df8e59a1,32,0.5625,0.021386973176072733,0.008969009237665599,1.813926005770145,-0.18416820980102344,0.2888703665893359,-0.0679603552209587,1.8159879817602722,4,19,0.9148604554162753,13,1.9827351756555942,43,37,6,0,125,0.64,0.0444857888458006,0.021243541591960853,134.52623767271476,-0.2297053474471087,0.4892913885103991,-0.14417251000998996,2.192439243392411,4,"{""A"": 44, ""C"": 17, ""D"": 18, ""E"": 46}",False,False,False
DIF_2f742e96c815,3,pre_signal_low_bucket;segment_bucket;segment_seal_rate_bucket,"{""pre_signal_low_bucket"": ""3_7PCT"", ""segment_bucket"": ""GROWTH_BOARD"", ""segment_seal_rate_bucket"": ""40_60PCT""}",pre_signal_low_bucket=3_7PCT AND segment_bucket=GROWTH_BOARD AND segment_seal_rate_bucket=40_60PCT,708bf33fb684d9eff292b4f8b2b43cfdbaaf9535,22,0.5909090909090909,0.04123838069086765,0.02021520305248175,2.263923372181442,-0.13228495663913764,0.2858048076223851,-0.0686532778234906,2.8163291256710368,3,12,1.8097108120676078,10,1.250986266471433,39,29,10,0,126,0.6507936507936508,0.04336882731151757,0.02623620752202145,134.36512570715635,-0.2297053474471087,0.3687231660523884,-0.14417251000998996,2.1336404134449594,4,"{""A"": 44, ""C"": 20, ""D"": 15, ""E"": 47}",True,False,False
DIF_c8ff611fe7fa,3,reseal_time_bucket;break_close_depth_bucket;open_gap_bucket,"{""break_close_depth_bucket"": ""0_5_1PCT"", ""open_gap_bucket"": ""GE7PCT"", ""reseal_time_bucket"": ""1300_1359""}",reseal_time_bucket=1300_1359 AND break_close_depth_bucket=0_5_1PCT AND open_gap_bucket=GE7PCT,999d3546f7a65692fe7358c5534ce885ee738680,28,0.5714285714285714,0.028768687820274065,0.00940400695346745,2.002805856942,-0.24262570905787073,0.3339820061776503,-0.0959681687252655,1.8457592678998633,5,19,1.4122653293557843,9,1.4181512604685942,40,33,7,0,125,0.672,0.04404227461269829,0.02337772455587504,133.19573385236538,-0.2724258680688296,0.4892913885103991,-0.14417251000998996,1.9937289697514016,5,"{""A"": 41, ""C"": 22, ""D"": 18, ""E"": 44}",False,False,False
DIF_a51d2d96e807,3,reseal_time_bucket;break_close_depth_bucket;open_gap_bucket,"{""break_close_depth_bucket"": ""1_2PCT"", ""open_gap_bucket"": ""GE7PCT"", ""reseal_time_bucket"": ""1001_1030""}",reseal_time_bucket=1001_1030 AND break_close_depth_bucket=1_2PCT AND open_gap_bucket=GE7PCT,92a511e70ec3e0303e968c6878586f9897b9a022,29,0.5862068965517241,0.025525003163020307,0.0138020606315169,1.8586748119994096,-0.22829849864870944,0.3339820061776503,-0.134654308126276,1.4917992258183626,3,14,1.7582422376783375,15,1.057121011069378,44,34,10,0,126,0.6666666666666666,0.04332741370452411,0.0230432370814819,132.88086166483188,-0.22970534744710858,0.3687231660523884,-0.14417251000998996,2.0177038861029004,4,"{""A"": 40, ""C"": 22, ""D"": 19, ""E"": 45}",False,False,False
DIF_1c205278fb6e,3,reseal_time_bucket;reseal_speed_bucket;open_gap_bucket,"{""open_gap_bucket"": ""3_7PCT"", ""reseal_speed_bucket"": ""6_10"", ""reseal_time_bucket"": ""1300_1359""}",reseal_time_bucket=1300_1359 AND reseal_speed_bucket=6_10 AND open_gap_bucket=3_7PCT,171f2f5ef983b72059dc8133320608936b254978,56,0.5535714285714286,0.031249837409357575,0.00671960782218435,4.68220926402281,-0.1833475351544569,0.3721270239550671,-0.0926977555492913,2.527058286454556,4,25,1.968979017977658,31,2.377988399709773,83,69,14,0,130,0.6307692307692307,0.04286033877489458,0.01867195321516158,132.76695649755737,-0.2437272512244385,0.4892913885103991,-0.14417251000998996,2.145585400945405,4,"{""A"": 40, ""C"": 19, ""D"": 33, ""E"": 38}",True,False,False
DIF_d3491a25ae92,3,pre_signal_low_bucket;market_active_count_bucket;market_break_rate_bucket,"{""market_active_count_bucket"": ""LT20"", ""market_break_rate_bucket"": ""LT25PCT"", ""pre_signal_low_bucket"": ""GE7PCT""}",pre_signal_low_bucket=GE7PCT AND market_active_count_bucket=LT20 AND market_break_rate_bucket=LT25PCT,950f450e641a5037e3fecc030abbddc969496744,28,0.5714285714285714,0.025865837489882196,0.0182381032707564,1.8677327439846243,-0.1622480553156347,0.2563949611826089,-0.121943391202544,1.7048713174851755,3,13,1.6019205657694695,15,1.1659334325903195,41,29,12,0,126,0.6428571428571429,0.04435394786821138,0.0230432370814819,132.6586442379784,-0.2914575480673878,0.4892913885103991,-0.17629142067722955,1.9583902366045869,5,"{""A"": 42, ""C"": 22, ""D"": 15, ""E"": 47}",False,False,False
DIF_9196cd4c8f74,3,open_count_bucket;previous_seal_hold_bucket;break_close_depth_bucket,"{""break_close_depth_bucket"": ""GE2PCT"", ""open_count_bucket"": ""2"", ""previous_seal_hold_bucket"": ""GE11""}",open_count_bucket=2 AND previous_seal_hold_bucket=GE11 AND break_close_depth_bucket=GE2PCT,7af494f7d6ad724db252ce7fc589da735247f35f,26,0.5769230769230769,0.02528324645110532,0.0083159305847796,1.7547000355100364,-0.16611237983510563,0.3082331866285716,-0.1062237788610271,1.748412639020889,2,15,1.6001073045432306,11,1.0966139774050572,39,31,8,0,127,0.6535433070866141,0.04362746130955096,0.02892162643672605,131.84311336461514,-0.37929886502160537,0.4892913885103991,-0.17629142067722955,1.9566429351550132,5,"{""A"": 41, ""C"": 24, ""D"": 13, ""E"": 49}",False,False,False
DIF_770be959c836,3,reseal_speed_bucket;first_to_reseal_bucket;open_gap_bucket,"{""first_to_reseal_bucket"": ""31_60"", ""open_gap_bucket"": ""3_7PCT"", ""reseal_speed_bucket"": ""11_20""}",reseal_speed_bucket=11_20 AND first_to_reseal_bucket=31_60 AND open_gap_bucket=3_7PCT,41b65a900f80e1d7c2b545a4a7c2e3415a865703,43,0.5581395348837209,0.020697271662405287,0.0028737466272373,2.123251333605195,-0.24756065262700355,0.1935590908019999,-0.1183163852749999,1.5907364215815152,3,21,1.3201081466804785,22,1.60839196314657,61,50,11,0,123,0.6504065040650406,0.04513728815577214,0.02337772455587504,131.77564806083936,-0.3456782046382564,0.4892913885103991,-0.17629142067722955,1.9697516953081293,5,"{""A"": 40, ""C"": 20, ""D"": 26, ""E"": 37}",True,False,False
DIF_e88bd6988f4d,3,first_seal_time_bucket;open_count_bucket;market_touch_count_bucket,"{""first_seal_time_bucket"": ""1031_1130"", ""market_touch_count_bucket"": ""71_100"", ""open_count_bucket"": ""4""}",first_seal_time_bucket=1031_1130 AND open_count_bucket=4 AND market_touch_count_bucket=71_100,bf4e19ccd243e6fcf221886cd3ab28a315eada38,55,0.5636363636363636,0.023537435073174007,0.0130578911586206,3.112065857016278,-0.23350234673325743,0.2858048076223851,-0.1216891172491525,1.8546796546274285,3,28,1.5389212839105677,27,2.02223849234717,94,80,14,0,128,0.6640625,0.04315632028063713,0.02501937956715362,131.40819324208772,-0.37058157333010333,0.4892913885103991,-0.14417251000998996,1.946074227567789,4,"{""A"": 44, ""C"": 9, ""D"": 33, ""E"": 42}",True,False,False
DIF_b43f9229a1a0,3,reseal_time_bucket;open_gap_bucket;cumulative_amount_bucket,"{""cumulative_amount_bucket"": ""1_1_5"", ""open_gap_bucket"": ""3_7PCT"", ""reseal_time_bucket"": ""1300_1359""}",reseal_time_bucket=1300_1359 AND open_gap_bucket=3_7PCT AND cumulative_amount_bucket=1_1_5,91ca34a5a78c095ccfda2047e94fa5869fa0c073,61,0.6065573770491803,0.027020617497464993,0.0179833576551207,4.417263379626635,-0.19228490764974293,0.281814955931734,-0.0926977555492913,1.8241084706529573,3,24,1.3849351054504653,37,3.189509286205773,105,91,14,0,128,0.6484375,0.04309966208021876,0.023365180627577822,131.06973877502378,-0.1649034064913817,0.4892913885103991,-0.14417251000998996,2.0202583675368304,4,"{""A"": 42, ""C"": 17, ""D"": 39, ""E"": 30}",True,False,False
DIF_434b9eacce39,3,reseal_time_bucket;pre_signal_low_bucket;segment_seal_rate_bucket,"{""pre_signal_low_bucket"": ""3_7PCT"", ""reseal_time_bucket"": ""1031_1130"", ""segment_seal_rate_bucket"": ""40_60PCT""}",reseal_time_bucket=1031_1130 AND pre_signal_low_bucket=3_7PCT AND segment_seal_rate_bucket=40_60PCT,6de5c464dde660a2881930284116a73529bf6898,26,0.5769230769230769,0.04081314604838401,0.02152727371164205,2.6037135708326518,-0.14268224250487138,0.3090002845557691,-0.1059221080226287,2.932367936606607,3,12,1.545402581389267,14,1.6848124897604335,40,31,9,0,127,0.6614173228346457,0.043338383988128816,0.0247172290478206,130.4335102742184,-0.27695811519194713,0.4892913885103991,-0.17629142067722955,1.9374288704583191,4,"{""A"": 43, ""C"": 21, ""D"": 11, ""E"": 52}",True,False,False
DIF_0b730b173d7b,3,first_seal_time_bucket;previous_seal_hold_bucket;market_touch_count_bucket,"{""first_seal_time_bucket"": ""1001_1030"", ""market_touch_count_bucket"": ""71_100"", ""previous_seal_hold_bucket"": ""6_10""}",first_seal_time_bucket=1001_1030 AND previous_seal_hold_bucket=6_10 AND market_touch_count_bucket=71_100,0f5623ff2ae91439d8b7fefe35932590fbd9561e,33,0.6363636363636364,0.02265878766448101,0.0140248849083611,1.9887045976363882,-0.11931023851854272,0.1369296220345704,-0.0784801641466179,1.5466039162606788,3,16,1.1787804136102775,17,1.6870865639390267,58,45,13,0,123,0.6666666666666666,0.044571421585455455,0.02337772455587504,130.1090818822914,-0.22970534744710858,0.4892913885103991,-0.14417251000998996,1.9860476677971026,4,"{""A"": 45, ""C"": 16, ""D"": 23, ""E"": 39}",False,False,False
DIF_5afcf505f041,3,first_to_reseal_bucket;open_gap_bucket;market_touch_count_bucket,"{""first_to_reseal_bucket"": ""LE15"", ""market_touch_count_bucket"": ""71_100"", ""open_gap_bucket"": ""3_7PCT""}",first_to_reseal_bucket=LE15 AND open_gap_bucket=3_7PCT AND market_touch_count_bucket=71_100,2c70cc007ecfde79764cf4fcfa47146965ddf64e,38,0.6578947368421053,0.02902071180894,0.0214755797512256,2.666470731911287,-0.15201412228601185,0.28694227255116,-0.1328895729622152,1.422137384060047,3,14,1.5818066470730137,24,1.6857121803384392,59,49,10,0,119,0.6554621848739496,0.04633473344890889,0.02892162643672605,129.08986994812625,-0.2297053474471087,0.4892913885103991,-0.14417251000998996,1.9890816070243997,4,"{""A"": 41, ""C"": 20, ""D"": 22, ""E"": 36}",True,False,False
DIF_86f99bf6f4af,2,open_gap_bucket;cumulative_amount_bucket,"{""cumulative_amount_bucket"": ""LT0_5"", ""open_gap_bucket"": ""0_3PCT""}",open_gap_bucket=0_3PCT AND cumulative_amount_bucket=LT0_5,fd88af60a4699f35868d37f171a402b34a8b83a4,35,0.5714285714285714,0.020373589057220195,0.0216674416627337,1.812566647984915,-0.2587125256282118,0.1371693725047969,-0.1254470023539511,1.3448565658796567,3,15,1.6070955843944628,20,1.1278524224605297,53,43,10,0,126,0.6507936507936508,0.04384795987726512,0.02478651250149777,129.07805956947018,-0.22970534744710858,0.4892913885103991,-0.14417251000998996,1.9221631186552488,4,"{""A"": 45, ""C"": 20, ""D"": 19, ""E"": 42}",False,False,False
DIF_312b47373f71,3,first_seal_time_bucket;open_gap_bucket;cumulative_amount_bucket,"{""cumulative_amount_bucket"": ""LT0_5"", ""first_seal_time_bucket"": ""0930_1000"", ""open_gap_bucket"": ""0_3PCT""}",first_seal_time_bucket=0930_1000 AND open_gap_bucket=0_3PCT AND cumulative_amount_bucket=LT0_5,fd88af60a4699f35868d37f171a402b34a8b83a4,35,0.5714285714285714,0.020373589057220195,0.0216674416627337,1.812566647984915,-0.2587125256282118,0.1371693725047969,-0.1254470023539511,1.3448565658796567,3,15,1.6070955843944628,20,1.1278524224605297,53,43,10,0,126,0.6507936507936508,0.04384795987726512,0.02478651250149777,129.07805956947018,-0.22970534744710858,0.4892913885103991,-0.14417251000998996,1.9221631186552488,4,"{""A"": 45, ""C"": 20, ""D"": 19, ""E"": 42}",False,False,False
DIF_5b6d7c4079f9,3,open_count_bucket;open_gap_bucket;cumulative_amount_bucket,"{""cumulative_amount_bucket"": ""LT0_5"", ""open_count_bucket"": ""1"", ""open_gap_bucket"": ""0_3PCT""}",open_count_bucket=1 AND open_gap_bucket=0_3PCT AND cumulative_amount_bucket=LT0_5,fd88af60a4699f35868d37f171a402b34a8b83a4,35,0.5714285714285714,0.020373589057220195,0.0216674416627337,1.812566647984915,-0.2587125256282118,0.1371693725047969,-0.1254470023539511,1.3448565658796567,3,15,1.6070955843944628,20,1.1278524224605297,53,43,10,0,126,0.6507936507936508,0.04384795987726512,0.02478651250149777,129.07805956947018,-0.22970534744710858,0.4892913885103991,-0.14417251000998996,1.9221631186552488,4,"{""A"": 45, ""C"": 20, ""D"": 19, ""E"": 42}",False,False,False
DIF_b12e797e3f82,3,reseal_speed_bucket;cumulative_amount_bucket;segment_seal_rate_bucket,"{""cumulative_amount_bucket"": ""LT0_5"", ""reseal_speed_bucket"": ""2_5"", ""segment_seal_rate_bucket"": ""GE80PCT""}",reseal_speed_bucket=2_5 AND cumulative_amount_bucket=LT0_5 AND segment_seal_rate_bucket=GE80PCT,3d4f1bc8c4b46669bd05ae4dfe1ba89e69909397,22,0.6363636363636364,0.029090221315532457,0.0333547756037949,1.7469639342932402,-0.23128236358261334,0.1381131795741176,-0.1289658622854111,1.2578077044700355,2,7,0.8978056188393032,15,1.945815327544665,36,29,7,0,123,0.6504065040650406,0.04483633046752063,0.0261953004471205,128.86518137593617,-0.2503524340687756,0.4892913885103991,-0.14417251000998996,1.9737746570127837,4,"{""A"": 44, ""C"": 21, ""D"": 12, ""E"": 46}",False,False,False
DIF_57da3ca3094c,3,previous_seal_hold_bucket;pre_signal_low_bucket;market_touch_count_bucket,"{""market_touch_count_bucket"": ""71_100"", ""pre_signal_low_bucket"": ""3_7PCT"", ""previous_seal_hold_bucket"": ""2_5""}",previous_seal_hold_bucket=2_5 AND pre_signal_low_bucket=3_7PCT AND market_touch_count_bucket=71_100,c83d5f03834d88de9d62e074eb084ae1fdc7563c,38,0.6052631578947368,0.03351068401303733,0.00635486293647425,3.0339004724484875,-0.21930223157328743,0.3090002845557691,-0.1389379853296101,1.9873322513222498,4,17,1.538406509167434,21,1.972105847426761,68,55,13,0,125,0.672,0.04364530785596043,0.022708749607088758,128.37028264840885,-0.1790783923329854,0.4892913885103991,-0.14417251000998996,2.030647485569086,4,"{""A"": 47, ""C"": 20, ""D"": 19, ""E"": 39}",True,False,False
DIF_03e480431872,3,open_count_bucket;previous_seal_hold_bucket;open_gap_bucket,"{""open_count_bucket"": ""4"", ""open_gap_bucket"": ""3_7PCT"", ""previous_seal_hold_bucket"": ""2_5""}",open_count_bucket=4 AND previous_seal_hold_bucket=2_5 AND open_gap_bucket=3_7PCT,c6fb57a9d8c7755c77b8afdbea21a7567c0fdf70,57,0.5789473684210527,0.022769486276917737,0.0122005396720182,3.05041002296281,-0.3844839778990621,0.3721270239550671,-0.1666933116561823,1.7159589800694175,6,25,1.753378993624964,32,1.7397322735436358,92,82,10,0,129,0.627906976744186,0.042781773414721835,0.0187075799286562,126.94138855043033,-0.23022885739945642,0.4892913885103991,-0.14417251000998996,2.197360673858371,5,"{""A"": 36, ""C"": 21, ""D"": 34, ""E"": 38}",True,False,False
DIF_ceb99bcf84d9,3,reseal_speed_bucket;pre_signal_low_bucket;market_break_rate_bucket,"{""market_break_rate_bucket"": ""LT25PCT"", ""pre_signal_low_bucket"": ""0_3PCT"", ""reseal_speed_bucket"": ""2_5""}",reseal_speed_bucket=2_5 AND pre_signal_low_bucket=0_3PCT AND market_break_rate_bucket=LT25PCT,14194dc169d562f054419d916cdf775b359b3fdf,42,0.6666666666666666,0.030821318375960055,0.029874549771031,3.340597225892562,-0.12810862443734394,0.1367380628225805,-0.1175542204909825,1.9508494870167519,4,22,1.9569803131592423,20,1.7070162655339567,75,53,22,0,132,0.6590909090909091,0.041173340198697755,0.029678509259783954,126.72069210708378,-0.2920367993702463,0.4892913885103991,-0.17629142067722955,1.9587759702228245,4,"{""A"": 42, ""C"": 16, ""D"": 27, ""E"": 47}",True,False,False
DIF_8c72aaffec66,3,first_to_reseal_bucket;previous_seal_hold_bucket;segment_seal_rate_bucket,"{""first_to_reseal_bucket"": ""31_60"", ""previous_seal_hold_bucket"": ""6_10"", ""segment_seal_rate_bucket"": ""40_60PCT""}",first_to_reseal_bucket=31_60 AND previous_seal_hold_bucket=6_10 AND segment_seal_rate_bucket=40_60PCT,83b9f580da966e036f8f90bdd9f82a1cedbde711,25,0.64,0.028209992221557175,0.0096737032487395,1.8868473265287435,-0.1315340250696494,0.2888703665893359,-0.0821597839809474,1.8483216889393363,3,9,0.9804955914522773,16,1.924381244523505,35,28,7,0,120,0.6416666666666667,0.045618534205670774,0.02137555133739029,126.18073694547917,-0.22970534744710858,0.4892913885103991,-0.14417251000998996,2.263567747669118,4,"{""A"": 40, ""C"": 23, ""D"": 11, ""E"": 46}",False,False,False
DIF_2f68a769fb44,3,open_count_bucket;reseal_speed_bucket;cumulative_amount_bucket,"{""cumulative_amount_bucket"": ""1_1_5"", ""open_count_bucket"": ""4"", ""reseal_speed_bucket"": ""11_20""}",open_count_bucket=4 AND reseal_speed_bucket=11_20 AND cumulative_amount_bucket=1_1_5,961c28317d343f92ff189a299cc51c318c2e55b6,26,0.6153846153846154,0.028780311172469264,0.028883205664367202,1.9530142084041267,-0.14573232033835637,0.1781115042799343,-0.0939065195943072,1.5916977893232573,4,18,1.5762425919163685,8,1.2390314907235729,39,31,8,0,126,0.6507936507936508,0.04328512741620764,0.0230432370814819,126.0370827215548,-0.2501336895859595,0.4892913885103991,-0.14417251000998996,2.0631549152659323,4,"{""A"": 42, ""C"": 19, ""D"": 18, ""E"": 47}",False,False,False
DIF_e48a404d49c7,3,reseal_time_bucket;open_count_bucket;market_seal_rate_bucket,"{""market_seal_rate_bucket"": ""GE80PCT"", ""open_count_bucket"": ""3"", ""reseal_time_bucket"": ""1300_1359""}",reseal_time_bucket=1300_1359 AND open_count_bucket=3 AND market_seal_rate_bucket=GE80PCT,7847f20472146644b174d3db14a80246776e9ce7,65,0.5538461538461539,0.022248525040169005,0.0164806124939282,3.5199144482215443,-0.27095850179669967,0.3721270239550671,-0.1595638622725343,1.8875330872759584,3,35,2.463483793305231,30,1.4288360482773508,112,97,15,0,130,0.6692307692307692,0.041901570201432786,0.0230432370814819,125.62400348914036,-0.22096826394265945,0.4892913885103991,-0.14417251000998996,1.9458805696830301,4,"{""A"": 42, ""C"": 16, ""D"": 38, ""E"": 34}",True,False,False
DIF_70fa24b54e24,3,break_close_depth_bucket;pre_signal_low_bucket;market_touch_count_bucket,"{""break_close_depth_bucket"": ""LT0_2PCT"", ""market_touch_count_bucket"": ""71_100"", ""pre_signal_low_bucket"": ""3_7PCT""}",break_close_depth_bucket=LT0_2PCT AND pre_signal_low_bucket=3_7PCT AND market_touch_count_bucket=71_100,9270d6de1db089c45d70bb82c8296d48cf5ee772,49,0.6122448979591837,0.02103589446422569,0.0090807503147403,2.4500356506654173,-0.24220973849273408,0.3090002845557691,-0.1389379853296101,1.490340882566602,4,22,1.2469739439873642,27,1.9647849600057434,81,66,15,0,123,0.6666666666666666,0.04424419570159766,0.0203698598704487,125.31904080285938,-0.17923905485483738,0.4892913885103991,-0.14417251000998996,2.136084860452867,4,"{""A"": 44, ""C"": 16, ""D"": 25, ""E"": 38}",True,False,False
DIF_a5fe750af57d,3,reseal_time_bucket;open_gap_bucket;cumulative_amount_bucket,"{""cumulative_amount_bucket"": ""0_5_1"", ""open_gap_bucket"": ""3_7PCT"", ""reseal_time_bucket"": ""1300_1359""}",reseal_time_bucket=1300_1359 AND open_gap_bucket=3_7PCT AND cumulative_amount_bucket=0_5_1,7d2791dd922a8fe168b7f97969bba653177d4eee,39,0.5641025641025641,0.026356209818362054,0.0281001077910448,2.5217632712158697,-0.17478165768642073,0.13694135819776,-0.1176585362117647,1.8950609845079267,3,14,1.2144101296399856,25,2.0765334623513496,53,48,5,0,123,0.6504065040650406,0.044070288211470236,0.02900323768129537,124.54328842042742,-0.17276322515562859,0.4892913885103991,-0.14417251000998996,2.140069320568696,4,"{""A"": 39, ""C"": 19, ""D"": 29, ""E"": 36}",True,False,False
DIF_476ed06d5928,3,open_gap_bucket;market_active_count_bucket;market_break_rate_bucket,"{""market_active_count_bucket"": ""LT20"", ""market_break_rate_bucket"": ""LT25PCT"", ""open_gap_bucket"": ""GE7PCT""}",open_gap_bucket=GE7PCT AND market_active_count_bucket=LT20 AND market_break_rate_bucket=LT25PCT,1fe434038927e2e7c4b525d0eadc3b287de9cfdb,39,0.5641025641025641,0.021967131988323126,0.0189617829099338,2.05298615277443,-0.21846385863384943,0.2563949611826089,-0.16676560959,1.5492504173359216,4,17,1.4397710095530982,22,1.4259115784055636,63,46,17,0,127,0.6377952755905512,0.043561655685916065,0.02337772455587504,123.99077184950866,-0.29145754806738766,0.4892913885103991,-0.17629142067722955,1.946056416672554,5,"{""A"": 40, ""C"": 22, ""D"": 20, ""E"": 45}",True,False,False
DIF_48e2978cda63,3,reseal_time_bucket;open_gap_bucket;cumulative_amount_bucket,"{""cumulative_amount_bucket"": ""LT0_5"", ""open_gap_bucket"": ""0_3PCT"", ""reseal_time_bucket"": ""0930_1000""}",reseal_time_bucket=0930_1000 AND open_gap_bucket=0_3PCT AND cumulative_amount_bucket=LT0_5,d51093281d1daf0a98f2bf751f9da57da6a10424,32,0.5625,0.021962175231519984,0.01947414345867205,1.8152681556224637,-0.20932733781897206,0.1371693725047969,-0.1254470023539511,1.4788428624757994,4,15,1.6070955843944628,17,1.1295334099909422,49,39,10,0,126,0.6507936507936508,0.04348404615749687,0.0230432370814819,123.52083246193122,-0.22970534744710858,0.4892913885103991,-0.14417251000998996,1.910663592669056,4,"{""A"": 45, ""C"": 20, ""D"": 18, ""E"": 43}",False,False,False
DIF_34e2cb5db83a,3,break_close_depth_bucket;pre_signal_low_bucket;market_touch_count_bucket,"{""break_close_depth_bucket"": ""LT0_2PCT"", ""market_touch_count_bucket"": ""71_100"", ""pre_signal_low_bucket"": ""GE7PCT""}",break_close_depth_bucket=LT0_2PCT AND pre_signal_low_bucket=GE7PCT AND market_touch_count_bucket=71_100,d8d86192d9297de26bb85f695531f3935e2008f3,25,0.6,0.020699095744250617,0.0037735107303238,1.5472475134864268,-0.20386375671065915,0.3339820061776503,-0.121943391202544,1.6284538762329581,5,9,1.3037282126421423,16,1.1867868613127321,31,27,4,0,123,0.6585365853658537,0.044467605851025285,0.02337772455587504,122.97885067953182,-0.22970534744710858,0.4892913885103991,-0.14417251000998996,1.9651086860460023,4,"{""A"": 46, ""C"": 23, ""D"": 13, ""E"": 41}",False,False,False
DIF_6158e284b6a7,3,reseal_time_bucket;market_active_count_bucket;segment_seal_rate_bucket,"{""market_active_count_bucket"": ""LT20"", ""reseal_time_bucket"": ""1031_1130"", ""segment_seal_rate_bucket"": ""GE80PCT""}",reseal_time_bucket=1031_1130 AND market_active_count_bucket=LT20 AND segment_seal_rate_bucket=GE80PCT,0c9971e6b3cd72cb572ef027933837b599be0991,21,0.5714285714285714,0.02992000748198399,0.0188146985024999,1.781669828545014,-0.08865242830571085,0.1527619232964,-0.0886524283057108,2.3821159456930117,2,15,1.5358296551039687,6,1.1600699482680605,39,32,7,0,126,0.6746031746031746,0.042532688993091865,0.02896243205901071,121.3352819027406,-0.22970534744710858,0.3687231660523884,-0.17629142067722955,1.8509044776698116,4,"{""A"": 41, ""C"": 25, ""D"": 14, ""E"": 46}",False,False,False
DIF_b80623d96b63,3,reseal_speed_bucket;previous_seal_hold_bucket;pre_signal_low_bucket,"{""pre_signal_low_bucket"": ""0_3PCT"", ""previous_seal_hold_bucket"": ""6_10"", ""reseal_speed_bucket"": ""6_10""}",reseal_speed_bucket=6_10 AND previous_seal_hold_bucket=6_10 AND pre_signal_low_bucket=0_3PCT,9b70af2f2596180688147bdb1eaf68edab2ed031,50,0.62,0.026106825084032267,0.014763745814718,3.2529116575207384,-0.13531387570593056,0.2884420958080925,-0.102440249751573,1.7382889718872783,3,27,2.256860128275368,23,1.4413439347730095,88,67,21,0,131,0.6564885496183206,0.04079418398269164,0.02892162643672605,121.13954397290028,-0.21704359292916486,0.3687231660523884,-0.14417251000998996,2.021572715184857,7,"{""A"": 41, ""C"": 17, ""D"": 26, ""E"": 47}",True,False,False
DIF_b6f22da26b5d,3,reseal_speed_bucket;break_close_depth_bucket;pre_signal_low_bucket,"{""break_close_depth_bucket"": ""0_2_0_5PCT"", ""pre_signal_low_bucket"": ""GE7PCT"", ""reseal_speed_bucket"": ""LE1""}",reseal_speed_bucket=LE1 AND break_close_depth_bucket=0_2_0_5PCT AND pre_signal_low_bucket=GE7PCT,1fa61eb469dfc2d030c5b1d7178670821f74b79e,29,0.5862068965517241,0.02901413016465588,0.0121384428452055,2.0972876605065998,-0.13784521885049417,0.2886461432667387,-0.0764957149398964,1.895440283494104,4,11,1.3593464887282931,18,1.5428646617307051,42,32,10,0,125,0.656,0.043636286105973275,0.02892162643672605,120.04486368881675,-0.3174648424299289,0.4892913885103991,-0.17629142067722955,1.859404964011857,5,"{""A"": 43, ""C"": 23, ""D"": 19, ""E"": 40}",True,False,False
DIF_3f69d6347eea,3,reseal_speed_bucket;pre_signal_low_bucket;market_break_rate_bucket,"{""market_break_rate_bucket"": ""GE75PCT"", ""pre_signal_low_bucket"": ""GE7PCT"", ""reseal_speed_bucket"": ""GE21""}",reseal_speed_bucket=GE21 AND pre_signal_low_bucket=GE7PCT AND market_break_rate_bucket=GE75PCT,3e3de372548c7e81f66f7f81bac144b3fef3a3d3,27,0.5555555555555556,0.028955343469203372,0.0055239889040279,1.83783842993801,-0.39570660206124764,0.4530211584033707,-0.1294512262409984,1.8469407584658484,8,14,1.710073863024184,13,1.0747128937973949,36,31,5,0,126,0.6507936507936508,0.04372296812983566,0.02107079510434941,119.67501328436525,-0.22970534744710858,0.4892913885103991,-0.14417251000998996,1.923589145478967,5,"{""A"": 44, ""C"": 22, ""D"": 16, ""E"": 44}",False,False,False
DIF_897ce21d898b,3,first_seal_time_bucket;reseal_speed_bucket;segment_seal_rate_bucket,"{""first_seal_time_bucket"": ""1300_1359"", ""reseal_speed_bucket"": ""2_5"", ""segment_seal_rate_bucket"": ""40_60PCT""}",first_seal_time_bucket=1300_1359 AND reseal_speed_bucket=2_5 AND segment_seal_rate_bucket=40_60PCT,dd91e57343b344f35ca56dc69ea9675489f138bd,43,0.5581395348837209,0.028286627978910517,0.006433901854161,2.891784055826371,-0.2251267324356726,0.3317363569856887,-0.0926938698202247,2.116954556930699,8,20,2.0986120692510184,23,1.3779507409668283,69,60,9,0,126,0.6428571428571429,0.043320774574159844,0.02210815534495424,118.89846402080137,-0.22970534744710858,0.4892913885103991,-0.14417251000998996,1.960731225333531,5,"{""A"": 36, ""C"": 21, ""D"": 26, ""E"": 43}",True,False,False
DIF_de68d475d258,3,reseal_speed_bucket;first_to_reseal_bucket;segment_seal_rate_bucket,"{""first_to_reseal_bucket"": ""GE121"", ""reseal_speed_bucket"": ""2_5"", ""segment_seal_rate_bucket"": ""LT40PCT""}",reseal_speed_bucket=2_5 AND first_to_reseal_bucket=GE121 AND segment_seal_rate_bucket=LT40PCT,4e47256a9f93534076447ade5cf7a5804180dfdc,20,0.6,0.03082917638077735,0.010033331604534599,1.6327148489982717,-0.28008582134149984,0.3498479999968168,-0.1493043017448623,1.4216169144743092,3,10,1.303189464551565,10,1.2528606878817106,26,22,4,0,128,0.65625,0.04253642780544631,0.02210815534495424,118.4995317099394,-0.351737603033374,0.4892913885103991,-0.17629142067722955,1.8389230175124704,4,"{""A"": 46, ""C"": 22, ""D"": 11, ""E"": 49}",False,False,False
DIF_c55370dde2a4,3,reseal_speed_bucket;cumulative_amount_bucket;market_seal_rate_bucket,"{""cumulative_amount_bucket"": ""LT0_5"", ""market_seal_rate_bucket"": ""GE80PCT"", ""reseal_speed_bucket"": ""2_5""}",reseal_speed_bucket=2_5 AND cumulative_amount_bucket=LT0_5 AND market_seal_rate_bucket=GE80PCT,b88bc215e9fa3ffbd2e6eb7f319726290b42f4b6,20,0.65,0.028468478084091718,0.02572055103471485,1.6831831211663886,-0.1538943162809462,0.1367830878317797,-0.1099258611229698,1.5715943666404513,3,7,1.1874241772209086,13,1.4175078741497187,35,28,7,0,124,0.6693548387096774,0.04359331831623222,0.0230432370814819,118.02399405609819,-0.3000625843288304,0.4892913885103991,-0.17629142067722955,1.8931912098828152,4,"{""A"": 44, ""C"": 22, ""D"": 10, ""E"": 48}",False,False,False
DIF_08230f5a1f4b,3,open_gap_bucket;cumulative_amount_bucket;market_touch_count_bucket,"{""cumulative_amount_bucket"": ""LT0_5"", ""market_touch_count_bucket"": ""LT40"", ""open_gap_bucket"": ""0_3PCT""}",open_gap_bucket=0_3PCT AND cumulative_amount_bucket=LT0_5 AND market_touch_count_bucket=LT40,5d3466764cbd22b43a04acd7b14d62cf711432b9,31,0.5806451612903226,0.02232759469386692,0.0216674416627337,1.8022026523667456,-0.23956928818158874,0.1371693725047969,-0.119360538825,1.3819796768946497,2,13,1.8688663819639906,18,0.9643293227163792,46,36,10,0,124,0.6532258064516129,0.04388258125045392,0.0230432370814819,117.98529330742237,-0.2738965829456331,0.4892913885103991,-0.17629142067722955,1.8744377027320158,4,"{""A"": 44, ""C"": 20, ""D"": 14, ""E"": 46}",False,False,False
DIF_99dd26b14152,3,break_close_depth_bucket;cumulative_amount_bucket;market_touch_count_bucket,"{""break_close_depth_bucket"": ""0_2_0_5PCT"", ""cumulative_amount_bucket"": ""GE1_5"", ""market_touch_count_bucket"": ""101_150""}",break_close_depth_bucket=0_2_0_5PCT AND cumulative_amount_bucket=GE1_5 AND market_touch_count_bucket=101_150,b28453fab65232aca51dd21b4d9949f3840ff904,40,0.575,0.020709938253162564,0.00607145572339415,2.1395009673411147,-0.16116514962661954,0.1363341542605262,-0.0816059370347606,2.0777020825044836,3,21,1.5629089401971952,19,1.368922342379825,72,66,6,0,125,0.656,0.043063260448736644,0.0267554343692309,117.75032224362191,-0.22970534744710858,0.4892913885103991,-0.14417251000998996,2.011263360764503,4,"{""A"": 46, ""C"": 17, ""D"": 23, ""E"": 39}",True,False,False
DIF_f977f2b14154,3,open_count_bucket;reseal_speed_bucket;open_gap_bucket,"{""open_count_bucket"": ""GE5"", ""open_gap_bucket"": ""3_7PCT"", ""reseal_speed_bucket"": ""11_20""}",open_count_bucket=GE5 AND reseal_speed_bucket=11_20 AND open_gap_bucket=3_7PCT,7ca1a1409a1a6161ace57daa988e670cfda327a4,32,0.5625,0.03772757525892154,0.0046507663994858,2.7505884297328453,-0.1877697170111623,0.3721270239550671,-0.1389379853296101,2.2519956800631524,2,19,2.163378600102136,13,1.2714318379607652,40,38,2,0,125,0.656,0.043151879426017774,0.022708749607088758,117.49973302528778,-0.344666874255817,0.3721270239550671,-0.17629142067722955,1.9096829143260985,4,"{""A"": 38, ""C"": 23, ""D"": 18, ""E"": 46}",True,False,False
DIF_0eea0ab6cb1d,3,cumulative_amount_bucket;market_touch_count_bucket;segment_seal_rate_bucket,"{""cumulative_amount_bucket"": ""1_1_5"", ""market_touch_count_bucket"": ""40_70"", ""segment_seal_rate_bucket"": ""40_60PCT""}",cumulative_amount_bucket=1_1_5 AND market_touch_count_bucket=40_70 AND segment_seal_rate_bucket=40_60PCT,4de2ea11e73494e35699b59a298b3d53e603ca64,51,0.6274509803921569,0.030828820995900313,0.0157969217999999,4.174844285881242,-0.11673422828733748,0.2883430905346975,-0.0780352741187755,2.2311929404375257,5,22,2.12122217289497,29,1.9681315513421966,85,65,20,0,125,0.648,0.04299971893995781,0.019180342510750216,117.39160723695346,-0.16139370484503834,0.4892913885103991,-0.14417251000998996,2.1431351590353063,4,"{""A"": 37, ""C"": 20, ""D"": 26, ""E"": 42}",True,False,False
DIF_8608cea45f88,3,first_seal_time_bucket;reseal_speed_bucket;first_to_reseal_bucket,"{""first_seal_time_bucket"": ""1001_1030"", ""first_to_reseal_bucket"": ""16_30"", ""reseal_speed_bucket"": ""LE1""}",first_seal_time_bucket=1001_1030 AND reseal_speed_bucket=LE1 AND first_to_reseal_bucket=16_30,6411323bc6b19fb8af657a3c5742a2eab2f578a8,53,0.6415094339622641,0.02157972411126528,0.0087614910589285,2.861871401006079,-0.32460766050574696,0.1371647242864246,-0.0782997257806986,1.5351769872454046,5,28,1.8054189360027946,25,1.585156411033483,86,69,17,0,126,0.6587301587301587,0.042623073965998175,0.0230432370814819,117.285556857156,-0.35691274763018976,0.4892913885103991,-0.17629142067722955,2.0105986488289993,4,"{""A"": 42, ""C"": 16, ""D"": 28, ""E"": 40}",True,False,False
DIF_66f596668d13,3,reseal_time_bucket;reseal_speed_bucket;market_touch_count_bucket,"{""market_touch_count_bucket"": ""71_100"", ""reseal_speed_bucket"": ""6_10"", ""reseal_time_bucket"": ""1300_1359""}",reseal_time_bucket=1300_1359 AND reseal_speed_bucket=6_10 AND market_touch_count_bucket=71_100,77b5766d079d77aa44209181c9bd70ddb5b70f5f,57,0.6140350877192983,0.02733402020402668,0.0072285551721429,3.936314571504141,-0.14693964336866283,0.3721270239550671,-0.1234202601747165,1.9479579440285768,3,27,2.188450229449552,30,1.798676761542901,98,87,11,0,126,0.6428571428571429,0.04242574608679149,0.01484815204692895,116.49200783839706,-0.13975308621053883,0.4892913885103991,-0.11849477438811166,2.5375145118977644,4,"{""A"": 41, ""C"": 11, ""D"": 38, ""E"": 36}",True,False,False
DIF_3f928dc225e8,3,reseal_time_bucket;previous_seal_hold_bucket;open_gap_bucket,"{""open_gap_bucket"": ""GE7PCT"", ""previous_seal_hold_bucket"": ""6_10"", ""reseal_time_bucket"": ""1001_1030""}",reseal_time_bucket=1001_1030 AND previous_seal_hold_bucket=6_10 AND open_gap_bucket=GE7PCT,14145122111125554e0f165eb626111cfa3b91bc,23,0.6521739130434783,0.02388655495311403,0.0206340291258791,1.6404698932098778,-0.1357570012074092,0.1371647242864246,-0.1113226119346023,1.3120235140872736,2,11,1.4284230474199553,12,1.1484482108944727,35,28,7,0,123,0.6504065040650406,0.04398433534314038,0.02337772455587504,116.36310078108384,-0.304689507102192,0.4892913885103991,-0.17629142067722955,1.9674314249481555,4,"{""A"": 44, ""C"": 23, ""D"": 9, ""E"": 47}",False,False,False
DIF_9be12eaa774d,3,first_to_reseal_bucket;break_close_depth_bucket;market_break_rate_bucket,"{""break_close_depth_bucket"": ""GE2PCT"", ""first_to_reseal_bucket"": ""GE121"", ""market_break_rate_bucket"": ""50_75PCT""}",first_to_reseal_bucket=GE121 AND break_close_depth_bucket=GE2PCT AND market_break_rate_bucket=50_75PCT,69034ed68533fb0588d18b91745098acccad9221,23,0.6086956521739131,0.0317573342158249,0.0185651508,1.9362443429974112,-0.08679739662017838,0.2365781722004082,-0.0851885464025243,2.0708055842076942,2,14,1.484010723109888,9,1.3047374340663953,42,28,14,0,126,0.6746031746031746,0.04254725048573876,0.02896243205901071,116.18478879669644,-0.27695811519194713,0.4892913885103991,-0.17629142067722955,1.8667023865753682,4,"{""A"": 45, ""C"": 22, ""D"": 11, ""E"": 48}",False,False,False
DIF_e57d9fb277b0,3,cumulative_amount_bucket;market_touch_count_bucket;segment_seal_rate_bucket,"{""cumulative_amount_bucket"": ""GE1_5"", ""market_touch_count_bucket"": ""101_150"", ""segment_seal_rate_bucket"": ""GE80PCT""}",cumulative_amount_bucket=GE1_5 AND market_touch_count_bucket=101_150 AND segment_seal_rate_bucket=GE80PCT,89523c087b4077263486e1c992d5390b78cc4307,33,0.6060606060606061,0.021663362921281067,0.0096427748446927,1.9722571787879795,-0.060747679573394775,0.1370096175743778,-0.0457741946735752,3.209280414750742,2,18,1.5510763256898281,15,1.2715410235604199,66,53,13,0,124,0.6612903225806451,0.04308980477036532,0.0230432370814819,115.82427848283123,-0.2297053474471087,0.4892913885103991,-0.14417251000998996,2.103468891964572,4,"{""A"": 44, ""C"": 21, ""D"": 17, ""E"": 42}",False,False,False
DIF_6b18f768a1e9,3,open_count_bucket;reseal_speed_bucket;pre_signal_low_bucket,"{""open_count_bucket"": ""GE5"", ""pre_signal_low_bucket"": ""3_7PCT"", ""reseal_speed_bucket"": ""11_20""}",open_count_bucket=GE5 AND reseal_speed_bucket=11_20 AND pre_signal_low_bucket=3_7PCT,1a041422806f348cd5cfce7d96a59c2b21f7ab5c,25,0.56,0.03454126178014203,0.0033504362511012,2.08553043105786,-0.20087177376214416,0.3090002845557691,-0.1389379853296101,2.314497693633044,3,12,1.8358355667900943,13,1.13601156268279,30,28,2,0,123,0.6666666666666666,0.04391467526535649,0.022708749607088758,115.69400466901944,-0.3252859385361424,0.4892913885103991,-0.17629142067722955,1.853363444423766,4,"{""A"": 44, ""C"": 24, ""D"": 10, ""E"": 45}",True,False,False
DIF_e409cf25891e,3,reseal_speed_bucket;market_seal_rate_bucket;segment_seal_rate_bucket,"{""market_seal_rate_bucket"": ""40_60PCT"", ""reseal_speed_bucket"": ""11_20"", ""segment_seal_rate_bucket"": ""60_80PCT""}",reseal_speed_bucket=11_20 AND market_seal_rate_bucket=40_60PCT AND segment_seal_rate_bucket=60_80PCT,de90c1a3b70abd1eb0a8a4a8c22a3ac86b05bc3d,24,0.7083333333333334,0.030784791863066662,0.028964866776299253,1.9908385682247653,-0.10456208192373395,0.138151360155665,-0.0693707062714285,1.5528477952379358,2,13,2.0239284885985374,11,0.9836506474610254,42,28,14,0,124,0.6612903225806451,0.042879635545236265,0.026149675496300546,114.95079943875521,-0.2297053474471087,0.3687231660523884,-0.17629142067722955,1.9238953738038445,4,"{""A"": 39, ""C"": 22, ""D"": 16, ""E"": 47}",False,False,False
DIF_e29f9bed270d,3,reseal_speed_bucket;cumulative_amount_bucket;market_touch_count_bucket,"{""cumulative_amount_bucket"": ""0_5_1"", ""market_touch_count_bucket"": ""101_150"", ""reseal_speed_bucket"": ""LE1""}",reseal_speed_bucket=LE1 AND cumulative_amount_bucket=0_5_1 AND market_touch_count_bucket=101_150,308765952d2c9e79c158c4f3139bb7f9da9508a4,25,0.64,0.02707671758470875,0.0289009368300863,1.8264297050555347,-0.17916978835184505,0.1371003094875,-0.112759327640625,1.3213607434624899,3,15,1.3302355562641268,10,1.3730122431736334,45,40,5,0,123,0.6422764227642277,0.04365111290193072,0.02900323768129537,114.11677109839998,-0.22970534744710858,0.4892913885103991,-0.14417251000998996,2.05660293202279,4,"{""A"": 43, ""C"": 21, ""D"": 15, ""E"": 44}",False,False,False
DIF_018aaa597b28,3,reseal_speed_bucket;pre_signal_low_bucket;market_touch_count_bucket,"{""market_touch_count_bucket"": ""71_100"", ""pre_signal_low_bucket"": ""3_7PCT"", ""reseal_speed_bucket"": ""2_5""}",reseal_speed_bucket=2_5 AND pre_signal_low_bucket=3_7PCT AND market_touch_count_bucket=71_100,edfd683c5fba264b0ba7e13fb045bd8743527def,44,0.6590909090909091,0.02375107164419515,0.018821437278059197,2.436301820064156,-0.20768954996824207,0.3090002845557691,-0.1389379853296101,1.2177290398452925,4,22,1.616131230142867,22,1.5074900940122202,75,62,13,0,123,0.6666666666666666,0.04326158539132162,0.022708749607088758,113.92969237688212,-0.17174201902423025,0.4892913885103991,-0.14417251000998996,2.050207583085409,4,"{""A"": 45, ""C"": 15, ""D"": 25, ""E"": 38}",True,False,False
DIF_6bacd3dc777e,3,break_close_depth_bucket;pre_signal_low_bucket;market_break_rate_bucket,"{""break_close_depth_bucket"": ""0_2_0_5PCT"", ""market_break_rate_bucket"": ""GE75PCT"", ""pre_signal_low_bucket"": ""GE7PCT""}",break_close_depth_bucket=0_2_0_5PCT AND pre_signal_low_bucket=GE7PCT AND market_break_rate_bucket=GE75PCT,0fad29cf5a042d3c876945bc75130ed77feaa60e,21,0.6190476190476191,0.02871034619970507,0.0091335132678059,1.7129375390006147,-0.1295828042589714,0.2886461432667387,-0.0559540625532658,1.9884509687897332,3,7,1.2416415019759028,14,1.3795749709354184,30,24,6,0,123,0.6666666666666666,0.043742517896715856,0.02150756108281972,113.92608445404596,-0.317464842429929,0.4892913885103991,-0.17629142067722955,1.8712462382473,4,"{""A"": 44, ""C"": 24, ""D"": 10, ""E"": 45}",False,False,False
DIF_3060e2c84066,3,open_gap_bucket;pre_signal_low_bucket;cumulative_amount_bucket,"{""cumulative_amount_bucket"": ""LT0_5"", ""open_gap_bucket"": ""0_3PCT"", ""pre_signal_low_bucket"": ""0_3PCT""}",open_gap_bucket=0_3PCT AND pre_signal_low_bucket=0_3PCT AND cumulative_amount_bucket=LT0_5,af6549228f9251f8034593a60dce6ff64141294f,32,0.59375,0.020864755002007893,0.0239313710549271,1.7509311554379594,-0.2835905503353986,0.1369141827480662,-0.1254470023539511,1.250092421339162,3,13,1.4854490128750233,19,1.178721814254067,49,40,9,0,125,0.648,0.04310138857624486,0.02337772455587504,113.50820967430303,-0.2297053474471087,0.4892913885103991,-0.14417251000998996,1.9110680604219836,4,"{""A"": 45, ""C"": 20, ""D"": 18, ""E"": 42}",False,False,False
DIF_70ad56b9355f,3,open_count_bucket;pre_signal_low_bucket;segment_seal_rate_bucket,"{""open_count_bucket"": ""1"", ""pre_signal_low_bucket"": ""GE7PCT"", ""segment_seal_rate_bucket"": ""40_60PCT""}",open_count_bucket=1 AND pre_signal_low_bucket=GE7PCT AND segment_seal_rate_bucket=40_60PCT,b8d9e24b4cee556fd86354063760dd1da968d9ed,28,0.6071428571428571,0.04056215643087626,0.02805588651956885,2.5766428871471865,-0.2982660381729334,0.4530211584033707,-0.1521967770535714,1.879029489531871,3,14,1.3629672109395647,14,1.8904657914484773,39,33,6,0,125,0.664,0.043223951675336374,0.030435392082841857,113.39265103848759,-0.3170143534537724,0.4892913885103991,-0.17629142067722955,1.7366913813300515,4,"{""A"": 43, ""C"": 23, ""D"": 12, ""E"": 47}",True,False,False
DIF_0ad32d9da966,3,open_count_bucket;reseal_speed_bucket;market_touch_count_bucket,"{""market_touch_count_bucket"": ""101_150"", ""open_count_bucket"": ""2"", ""reseal_speed_bucket"": ""2_5""}",open_count_bucket=2 AND reseal_speed_bucket=2_5 AND market_touch_count_bucket=101_150,0bfebf4f1dbb25c5a54d90ca6792ac3be03a2902,34,0.5882352941176471,0.021824515489238864,0.00722871170078445,1.9237980693410743,-0.12182888238101564,0.2884293871007067,-0.112759327640625,1.7978693341192968,3,19,1.580476701157351,15,1.2172264658709082,64,52,12,0,123,0.6422764227642277,0.0435291307876545,0.02900323768129537,113.25417781628096,-0.22970534744710858,0.4892913885103991,-0.14417251000998996,2.1168469133448546,4,"{""A"": 43, ""C"": 18, ""D"": 22, ""E"": 40}",False,False,False
DIF_96e298412895,3,reseal_time_bucket;open_count_bucket;market_touch_count_bucket,"{""market_touch_count_bucket"": ""71_100"", ""open_count_bucket"": ""4"", ""reseal_time_bucket"": ""1300_1359""}",reseal_time_bucket=1300_1359 AND open_count_bucket=4 AND market_touch_count_bucket=71_100,74ec41497c1fa89f92faa62d23855d3dcab8dca7,56,0.6428571428571429,0.03883296414418914,0.0173344817177735,6.946318936178807,-0.18629247475093125,0.3721270239550671,-0.0987041424232445,2.004952555414609,3,26,2.2386684593448933,30,3.1028797083296213,90,80,10,0,127,0.6141732283464567,0.042709420970598565,0.02150756108281972,112.91058306707193,-0.32146120806112033,0.4892913885103991,-0.17629142067722955,2.227244865475353,4,"{""A"": 40, ""C"": 11, ""D"": 36, ""E"": 40}",True,False,False
DIF_4bc8323f69b1,3,first_to_reseal_bucket;break_close_depth_bucket;segment_seal_rate_bucket,"{""break_close_depth_bucket"": ""GE2PCT"", ""first_to_reseal_bucket"": ""16_30"", ""segment_seal_rate_bucket"": ""60_80PCT""}",first_to_reseal_bucket=16_30 AND break_close_depth_bucket=GE2PCT AND segment_seal_rate_bucket=60_80PCT,71709acf9d52e2e75c4fd592cf722d543f677a72,35,0.6,0.020500577940406953,0.005989812371215,1.894357327520939,-0.2008559849125392,0.1901409673867925,-0.0950430270917881,1.4889452294897938,3,19,1.3636416589718194,16,1.3891899789489255,64,41,23,0,128,0.671875,0.04187242538110706,0.021976145599524807,112.27072964202236,-0.3503799695836165,0.4892913885103991,-0.17629142067722955,1.7373643480596228,5,"{""A"": 41, ""C"": 21, ""D"": 17, ""E"": 49}",False,False,False
DIF_fd879a2e3f10,3,open_gap_bucket;cumulative_amount_bucket;segment_bucket,"{""cumulative_amount_bucket"": ""1_1_5"", ""open_gap_bucket"": ""3_7PCT"", ""segment_bucket"": ""GROWTH_BOARD""}",open_gap_bucket=3_7PCT AND cumulative_amount_bucket=1_1_5 AND segment_bucket=GROWTH_BOARD,7d1895674331942da070640e88e1b86a719298df,47,0.574468085106383,0.027387299659608105,0.0050908494610726,2.8815869516314776,-0.21407192408591502,0.288567784289668,-0.1191696123170966,1.5871129941874187,3,21,1.6443095647684858,26,1.7524601287818915,72,58,14,0,129,0.6589147286821705,0.041345323127900846,0.02150756108281972,110.20217066407385,-0.38764261186945026,0.4892913885103991,-0.14417251000998996,1.8170780947244234,5,"{""A"": 44, ""C"": 17, ""D"": 26, ""E"": 42}",True,False,False
DIF_24317ebd9b96,3,first_seal_time_bucket;reseal_speed_bucket;market_touch_count_bucket,"{""first_seal_time_bucket"": ""1001_1030"", ""market_touch_count_bucket"": ""71_100"", ""reseal_speed_bucket"": ""2_5""}",first_seal_time_bucket=1001_1030 AND reseal_speed_bucket=2_5 AND market_touch_count_bucket=71_100,f8daed56dff02c3a026feb48e222eceb06a0bf5e,52,0.6153846153846154,0.03042841123011046,0.019591904113560397,4.096482889825079,-0.15626212388982397,0.3721270239550671,-0.0873148118228571,1.904390125183284,3,27,2.401947839751799,25,1.705483700365609,90,79,11,0,124,0.6532258064516129,0.04271133943733571,0.02210815534495424,110.14965008350686,-0.2873787781481101,0.4892913885103991,-0.11849477438811166,2.169390431162464,5,"{""A"": 41, ""C"": 10, ""D"": 35, ""E"": 38}",True,False,False
DIF_8bb76d20fa01,3,open_count_bucket;pre_signal_low_bucket;market_touch_count_bucket,"{""market_touch_count_bucket"": ""71_100"", ""open_count_bucket"": ""GE5"", ""pre_signal_low_bucket"": ""3_7PCT""}",open_count_bucket=GE5 AND pre_signal_low_bucket=3_7PCT AND market_touch_count_bucket=71_100,626e1ccd0616330fa2c9e1ebf9c5eb9f2b59c1c9,35,0.6285714285714286,0.026053976385320827,0.0090807503147403,2.1457966053226776,-0.3034481475556443,0.3090002845557691,-0.1389379853296101,1.333183513556873,3,16,1.3113918115712784,19,1.6362742136933395,44,40,4,0,122,0.6639344262295082,0.04381325295432298,0.02093871047663421,109.99086568337256,-0.2701297358429302,0.4892913885103991,-0.17629142067722955,1.9165445373617835,4,"{""A"": 45, ""C"": 16, ""D"": 20, ""E"": 41}",True,False,False
DIF_fc817e74312a,3,reseal_speed_bucket;cumulative_amount_bucket;market_touch_count_bucket,"{""cumulative_amount_bucket"": ""LT0_5"", ""market_touch_count_bucket"": ""LT40"", ""reseal_speed_bucket"": ""2_5""}",reseal_speed_bucket=2_5 AND cumulative_amount_bucket=LT0_5 AND market_touch_count_bucket=LT40,12a3b36d37f95bdef9db2c51fe312a42288bb102,28,0.5714285714285714,0.028086687291312005,0.02572055103471485,2.0102857151352773,-0.21224274788732733,0.1381131795741176,-0.1289658622854111,1.7752538465459584,4,8,1.0887303734801097,20,1.8464495563850485,48,38,10,0,122,0.639344262295082,0.043982107429641225,0.02431176308909212,109.81625289805686,-0.2939351495129239,0.4892913885103991,-0.17629142067722955,1.9726774477916114,4,"{""A"": 41, ""C"": 20, ""D"": 17, ""E"": 44}",False,False,False
DIF_bef8f05b2a93,3,open_gap_bucket;market_touch_count_bucket;market_active_count_bucket,"{""market_active_count_bucket"": ""41_70"", ""market_touch_count_bucket"": ""71_100"", ""open_gap_bucket"": ""3_7PCT""}",open_gap_bucket=3_7PCT AND market_touch_count_bucket=71_100 AND market_active_count_bucket=41_70,3da315eca7795fbca515fe63ca4aaeec3f208f3d,72,0.5694444444444444,0.02145800272578866,0.0038112774509026,3.8074762844756322,-0.26154751764380857,0.3090002845557691,-0.1623051839889401,1.7235123633013036,3,33,2.033989676196956,39,1.8719250785946198,132,113,19,0,127,0.6456692913385826,0.04181356061292918,0.0270706389568714,109.05753886633157,-0.2559824302913618,0.4892913885103991,-0.1623051839889401,2.037922329661537,5,"{""A"": 38, ""C"": 11, ""D"": 49, ""E"": 29}",True,False,False
DIF_231386eb8a53,3,reseal_time_bucket;open_count_bucket;pre_signal_low_bucket,"{""open_count_bucket"": ""4"", ""pre_signal_low_bucket"": ""0_3PCT"", ""reseal_time_bucket"": ""1001_1030""}",reseal_time_bucket=1001_1030 AND open_count_bucket=4 AND pre_signal_low_bucket=0_3PCT,69267637c5b3a92e31f50d49e1e263c3187be2c6,37,0.6216216216216216,0.023071860188892564,0.0227307417496115,2.1557525457109805,-0.13719951582299217,0.137191607427439,-0.1192656039362559,1.4868391011631614,2,14,1.0764068950198624,23,2.0027301531464095,49,44,5,0,124,0.6854838709677419,0.042882626795091396,0.02489016630543102,108.89223394055588,-0.27695811519194713,0.4892913885103991,-0.17629142067722955,1.7260453888082972,4,"{""A"": 46, ""C"": 20, ""D"": 11, ""E"": 47}",True,False,False
DIF_43a229a52e96,3,open_count_bucket;pre_signal_low_bucket;market_active_count_bucket,"{""market_active_count_bucket"": ""41_70"", ""open_count_bucket"": ""2"", ""pre_signal_low_bucket"": ""GE7PCT""}",open_count_bucket=2 AND pre_signal_low_bucket=GE7PCT AND market_active_count_bucket=41_70,9e724f2fedef75fcb0a35e11c231e6b97ba1feea,27,0.5555555555555556,0.0360147469441084,0.0055239889040279,2.2471425962347675,-0.17759988158426432,0.3339820061776503,-0.121943391202544,2.128093645651548,3,13,1.966399654718937,14,1.142770031942442,44,35,9,0,128,0.640625,0.04179284564252387,0.020015512472939742,108.45040314282976,-0.22970534744710858,0.4892913885103991,-0.14417251000998996,1.974452800999085,4,"{""A"": 47, ""C"": 22, ""D"": 16, ""E"": 43}",True,False,False
DIF_2ddf65d51ed5,3,open_gap_bucket;pre_signal_low_bucket;market_active_count_bucket,"{""market_active_count_bucket"": ""41_70"", ""open_gap_bucket"": ""3_7PCT"", ""pre_signal_low_bucket"": ""LT0""}",open_gap_bucket=3_7PCT AND pre_signal_low_bucket=LT0 AND market_active_count_bucket=41_70,2a6dad82733ed20051babc283221b76e76aa18e7,21,0.5714285714285714,0.021171780211465426,0.0034207972117933,1.4005327346970584,-0.17147719619450008,0.3721270239550671,-0.1328895729622152,1.3316629579609616,2,11,1.3131572769700512,10,1.0665384560245632,27,22,5,0,126,0.6587301587301587,0.042707039869738096,0.02210815534495424,107.81960000213137,-0.29211413135250985,0.4892913885103991,-0.17629142067722955,1.7785756625342377,4,"{""A"": 48, ""C"": 21, ""D"": 13, ""E"": 44}",False,False,False
DIF_49a5cdc3a0fd,3,first_seal_time_bucket;reseal_speed_bucket;open_gap_bucket,"{""first_seal_time_bucket"": ""1300_1359"", ""open_gap_bucket"": ""3_7PCT"", ""reseal_speed_bucket"": ""6_10""}",first_seal_time_bucket=1300_1359 AND reseal_speed_bucket=6_10 AND open_gap_bucket=3_7PCT,fc7de39766238cdaa2a1126fe7527f6f18df1d9f,26,0.6538461538461539,0.021840057507232395,0.01471735814255025,1.6770104000935022,-0.15892104025155296,0.1832671537460202,-0.0719015118000001,1.4605048125255957,3,9,0.9298295297428322,17,1.8035675857243665,36,30,6,0,126,0.6666666666666666,0.04232206371220427,0.02137555133739029,106.49183592163169,-0.3093159359795873,0.4892913885103991,-0.17629142067722955,1.7600394745427361,4,"{""A"": 46, ""C"": 23, ""D"": 13, ""E"": 44}",False,False,False
DIF_f1138a075809,3,previous_seal_hold_bucket;pre_signal_low_bucket;cumulative_amount_bucket,"{""cumulative_amount_bucket"": ""0_5_1"", ""pre_signal_low_bucket"": ""GE7PCT"", ""previous_seal_hold_bucket"": ""LE1""}",previous_seal_hold_bucket=LE1 AND pre_signal_low_bucket=GE7PCT AND cumulative_amount_bucket=0_5_1,89dfb08afadbc304d30ec664abb1365a0486d820,25,0.56,0.026272111010967877,0.0373004244646154,1.7768287930475593,-0.22219117634516505,0.2798824747699878,-0.0827602091249998,1.816508679656276,5,6,1.3760417610798992,19,1.2912608056699733,35,29,6,0,125,0.632,0.042532054114794965,0.02900323768129537,106.3835321907467,-0.3475082517663549,0.4892913885103991,-0.17629142067722955,2.0068778206659843,6,"{""A"": 45, ""C"": 21, ""D"": 13, ""E"": 46}",False,False,False
DIF_8934a57add97,3,reseal_speed_bucket;first_to_reseal_bucket;previous_seal_hold_bucket,"{""first_to_reseal_bucket"": ""16_30"", ""previous_seal_hold_bucket"": ""2_5"", ""reseal_speed_bucket"": ""6_10""}",reseal_speed_bucket=6_10 AND first_to_reseal_bucket=16_30 AND previous_seal_hold_bucket=2_5,df37fe6fd90c28c07e58c8aca622326289913322,46,0.6086956521739131,0.02731412613764419,0.0042169357336537,3.1343451339902977,-0.15537209101661553,0.1935590908019999,-0.1192656039362559,2.0380004068249398,3,20,1.5730884113580947,26,1.9924786880124061,71,59,12,0,126,0.6428571428571429,0.0418537240743471,0.020211942051355535,106.3536229066104,-0.2052588987485524,0.4892913885103991,-0.14417251000998996,2.1353500464603155,4,"{""A"": 41, ""C"": 20, ""D"": 29, ""E"": 36}",True,False,False
DIF_19996579c485,3,break_close_depth_bucket;open_gap_bucket;cumulative_amount_bucket,"{""break_close_depth_bucket"": ""0_2_0_5PCT"", ""cumulative_amount_bucket"": ""1_1_5"", ""open_gap_bucket"": ""GE7PCT""}",break_close_depth_bucket=0_2_0_5PCT AND open_gap_bucket=GE7PCT AND cumulative_amount_bucket=1_1_5,93041c5ff5e4b1b4c6d180b0a8548d22e6424fcd,32,0.59375,0.02026013075940234,0.032725464794247094,1.7314081535747734,-0.2075003634018895,0.1375899283974682,-0.1532122325844731,1.334018267688138,3,17,1.4916640769264957,15,1.1607225650578508,46,36,10,0,125,0.648,0.042173188267642804,0.02892162643672605,106.23040537615667,-0.35068036861509944,0.4892913885103991,-0.17629142067722955,2.0270412539246827,5,"{""A"": 45, ""C"": 19, ""D"": 18, ""E"": 43}",False,False,False
DIF_c46950ea2c4a,3,first_seal_time_bucket;pre_signal_low_bucket;market_touch_count_bucket,"{""first_seal_time_bucket"": ""1031_1130"", ""market_touch_count_bucket"": ""101_150"", ""pre_signal_low_bucket"": ""0_3PCT""}",first_seal_time_bucket=1031_1130 AND pre_signal_low_bucket=0_3PCT AND market_touch_count_bucket=101_150,6d47aac9201e63e9e5ea5b75d61e850324bc5412,24,0.5833333333333334,0.0220535541248011,0.0163685818946124,1.5795218572411784,-0.21213635003585307,0.2884420958080925,-0.1595638622725343,1.8259659196407796,5,14,1.0846984293154793,10,1.456185253479132,47,37,10,0,125,0.64,0.04245606243677718,0.0259491096961325,105.81195883560339,-0.32971718199433653,0.4892913885103991,-0.17629142067722955,2.0110579999508325,4,"{""A"": 47, ""C"": 22, ""D"": 11, ""E"": 45}",False,False,False
DIF_121ccbcbb40b,3,reseal_speed_bucket;cumulative_amount_bucket;market_touch_count_bucket,"{""cumulative_amount_bucket"": ""GE1_5"", ""market_touch_count_bucket"": ""101_150"", ""reseal_speed_bucket"": ""2_5""}",reseal_speed_bucket=2_5 AND cumulative_amount_bucket=GE1_5 AND market_touch_count_bucket=101_150,c5726a82facccbed561e388961c6851f27540c5f,37,0.6486486486486487,0.02114610786665403,0.007983710139195,2.0588558536260635,-0.11876526933972398,0.1659870463579606,-0.073686598373566,1.7049753158976544,2,20,1.2475108543402302,17,1.6503710941376366,71,62,9,0,124,0.6532258064516129,0.04250924402284045,0.0230432370814819,105.62841805133425,-0.2297053474471087,0.4892913885103991,-0.14417251000998996,2.007152133396628,4,"{""A"": 44, ""C"": 18, ""D"": 22, ""E"": 40}",True,False,False
DIF_02e92e992ecb,3,pre_signal_low_bucket;market_seal_rate_bucket;segment_seal_rate_bucket,"{""market_seal_rate_bucket"": ""60_80PCT"", ""pre_signal_low_bucket"": ""GE7PCT"", ""segment_seal_rate_bucket"": ""40_60PCT""}",pre_signal_low_bucket=GE7PCT AND market_seal_rate_bucket=60_80PCT AND segment_seal_rate_bucket=40_60PCT,2ce04fe6d6e6538eb6d93dd991a8fe492e032505,27,0.5555555555555556,0.03390367654190272,0.0006711370188135,2.1302841241831905,-0.2609606128838474,0.3862741408808665,-0.1274921453846094,2.0263242242622694,3,14,1.294524482393948,13,1.6456113060478263,34,31,3,0,125,0.648,0.042541478768865486,0.02900323768129537,104.93624922663506,-0.27695811519194713,0.4892913885103991,-0.17629142067722955,1.8459392709534312,4,"{""A"": 44, ""C"": 24, ""D"": 9, ""E"": 48}",True,False,False
DIF_4a317fc6799a,3,reseal_time_bucket;first_to_reseal_bucket;market_active_count_bucket,"{""first_to_reseal_bucket"": ""16_30"", ""market_active_count_bucket"": ""71_100"", ""reseal_time_bucket"": ""1300_1359""}",reseal_time_bucket=1300_1359 AND first_to_reseal_bucket=16_30 AND market_active_count_bucket=71_100,0ebdc5adabce909c0e2a4a160941e4948014fdbb,32,0.5625,0.02309423146548681,0.01131195238189395,1.971034807493899,-0.10345873023174668,0.1370206666037234,-0.0495837148411096,2.0606728930502576,4,18,1.6150242479486945,14,1.2204366652682692,56,47,9,0,125,0.64,0.04209330761092709,0.02337772455587504,104.78642008945435,-0.22970534744710858,0.4892913885103991,-0.14417251000998996,2.101386934017225,4,"{""A"": 46, ""C"": 22, ""D"": 18, ""E"": 39}",False,False,False
DIF_00052385a089,3,reseal_speed_bucket;first_to_reseal_bucket;pre_signal_low_bucket,"{""first_to_reseal_bucket"": ""GE121"", ""pre_signal_low_bucket"": ""GE7PCT"", ""reseal_speed_bucket"": ""2_5""}",reseal_speed_bucket=2_5 AND first_to_reseal_bucket=GE121 AND pre_signal_low_bucket=GE7PCT,33668f6cfd887104a161c3ceb1ef58a05c5f17cd,27,0.5925925925925926,0.028761080559329955,0.0091335132678059,2.0124266215127387,-0.14006005336379024,0.2886461432667387,-0.0808694268976178,2.5198317777289496,5,13,1.647841547795908,14,1.2212500796599557,39,31,8,0,128,0.640625,0.04146725648780771,0.02210815534495424,103.72526197881008,-0.3734813494871062,0.4892913885103991,-0.17629142067722955,1.9156288456770048,4,"{""A"": 47, ""C"": 24, ""D"": 15, ""E"": 42}",False,False,False
DIF_1b3667968b05,3,reseal_time_bucket;first_seal_time_bucket;open_gap_bucket,"{""first_seal_time_bucket"": ""1031_1130"", ""open_gap_bucket"": ""3_7PCT"", ""reseal_time_bucket"": ""1430_1454""}",reseal_time_bucket=1430_1454 AND first_seal_time_bucket=1031_1130 AND open_gap_bucket=3_7PCT,e239c3320f12f79a986911b52722d5c17f6c2b75,25,0.56,0.03466527849931301,0.0058211256641095,2.1412190265905027,-0.1276325987268664,0.28694227255116,-0.0916173124949044,2.690204586175334,4,15,1.5966070626683884,10,1.3411058216239573,46,31,15,0,127,0.6614173228346457,0.04101990285787744,0.0259491096961325,103.47267823222381,-0.2297053474471087,0.3687231660523884,-0.14417251000998996,1.8410917652606256,4,"{""A"": 47, ""C"": 21, ""D"": 13, ""E"": 46}",True,False,False
DIF_fd4ccb1c1654,3,reseal_speed_bucket;market_active_count_bucket;segment_seal_rate_bucket,"{""market_active_count_bucket"": ""20_40"", ""reseal_speed_bucket"": ""2_5"", ""segment_seal_rate_bucket"": ""LT40PCT""}",reseal_speed_bucket=2_5 AND market_active_count_bucket=20_40 AND segment_seal_rate_bucket=LT40PCT,a9b1545f4e5f8255dbed7984ed78f550888d9f57,22,0.6363636363636364,0.029158278769735715,0.010033331604534599,1.7184264834921854,-0.16413579162545033,0.3498479999968168,-0.092531789274343,1.3975297234491353,2,10,1.7061944894204408,12,1.0071691674938534,28,23,5,0,128,0.6640625,0.041202372112634916,0.0230432370814819,103.29453075582335,-0.29745799857386457,0.4892913885103991,-0.17629142067722955,1.754163174238573,4,"{""A"": 43, ""C"": 24, ""D"": 12, ""E"": 49}",False,False,False
DIF_74f088d9e1fc,3,previous_seal_hold_bucket;open_gap_bucket;cumulative_amount_bucket,"{""cumulative_amount_bucket"": ""0_5_1"", ""open_gap_bucket"": ""GE7PCT"", ""previous_seal_hold_bucket"": ""LE1""}",previous_seal_hold_bucket=LE1 AND open_gap_bucket=GE7PCT AND cumulative_amount_bucket=0_5_1,08d2a49e71be07ead30fcf8f08c5beba0f89706a,42,0.5952380952380952,0.020721467645657392,0.0072137690850152,2.0758432564340628,-0.25251948190948426,0.2798824747699878,-0.1580241476228826,1.3348401420443607,3,15,1.0963486634044926,27,1.893415229775485,69,54,15,0,125,0.624,0.042240727861651395,0.02892162643672605,103.09159269069444,-0.3475082517663549,0.4892913885103991,-0.1580241476228826,2.087356503883044,6,"{""A"": 42, ""C"": 19, ""D"": 25, ""E"": 39}",True,False,False
DIF_ef67f0a21bae,3,reseal_time_bucket;break_close_depth_bucket;open_gap_bucket,"{""break_close_depth_bucket"": ""1_2PCT"", ""open_gap_bucket"": ""3_7PCT"", ""reseal_time_bucket"": ""1031_1130""}",reseal_time_bucket=1031_1130 AND break_close_depth_bucket=1_2PCT AND open_gap_bucket=3_7PCT,69633862221f22d2108de504df708b04eb00eda3,48,0.5625,0.023961318558241396,0.00473910467247825,2.5860783030071643,-0.408081922327978,0.3721270239550671,-0.1059221080226287,1.6533631437933904,5,25,1.4564090122873623,23,1.7756538727713593,88,61,27,0,126,0.6507936507936508,0.04187541536140686,0.02522418175637322,102.16918488243344,-0.2738965829456331,0.4892913885103991,-0.17629142067722955,1.864702151317807,5,"{""A"": 37, ""C"": 18, ""D"": 34, ""E"": 37}",True,False,False
DIF_64b8de66053f,3,first_seal_time_bucket;open_count_bucket;first_to_reseal_bucket,"{""first_seal_time_bucket"": ""1031_1130"", ""first_to_reseal_bucket"": ""31_60"", ""open_count_bucket"": ""GE5""}",first_seal_time_bucket=1031_1130 AND open_count_bucket=GE5 AND first_to_reseal_bucket=31_60,1f6de173d354680649ecbed427553a64aa184b94,39,0.5897435897435898,0.021797847807408188,0.012207405120446,2.077616275643499,-0.24614141866046346,0.2858048076223851,-0.1514360057072165,1.5634263884039168,6,22,1.4754741043439887,17,1.4081008060573377,52,49,3,0,128,0.6328125,0.04122366039807835,0.019427719459107057,102.04733233969253,-0.2907141202656768,0.4892913885103991,-0.1514360057072165,2.0691921993240308,7,"{""A"": 42, ""C"": 18, ""D"": 24, ""E"": 44}",True,False,False
DIF_62d216bba5e3,3,open_count_bucket;previous_seal_hold_bucket;cumulative_amount_bucket,"{""cumulative_amount_bucket"": ""0_5_1"", ""open_count_bucket"": ""GE5"", ""previous_seal_hold_bucket"": ""2_5""}",open_count_bucket=GE5 AND previous_seal_hold_bucket=2_5 AND cumulative_amount_bucket=0_5_1,5f2d17f274e1da18f3f7f6698b895ac81f99715c,52,0.6538461538461539,0.02740203300210538,0.0161871959253817,3.6673735433547185,-0.17890158625967334,0.1375294480051883,-0.1157927503344908,1.494641983531811,4,26,1.8885745495871247,26,1.9418738562141853,73,68,5,0,126,0.6428571428571429,0.041465153691058326,0.02166336748889138,102.04563924535586,-0.19214979466919713,0.4892913885103991,-0.14417251000998996,2.0192420367749797,4,"{""A"": 42, ""C"": 15, ""D"": 27, ""E"": 42}",True,False,False
DIF_3e5bf0b15f59,3,reseal_time_bucket;previous_seal_hold_bucket;open_gap_bucket,"{""open_gap_bucket"": ""3_7PCT"", ""previous_seal_hold_bucket"": ""6_10"", ""reseal_time_bucket"": ""1300_1359""}",reseal_time_bucket=1300_1359 AND previous_seal_hold_bucket=6_10 AND open_gap_bucket=3_7PCT,e8134cf647b61f237e42e5a3f51375bd57f7bdc9,58,0.5689655172413793,0.027189752157343292,0.0082259510625358,4.054427278029284,-0.248687690480915,0.3038459078661051,-0.1059221080226287,2.129787133650775,3,27,1.6243974833379957,31,2.4959576209745094,90,79,11,0,126,0.6428571428571429,0.04152879123742095,0.02404747680184782,101.98028569543101,-0.3220500677379048,0.3687231660523884,-0.17629142067722955,1.9568922839069227,8,"{""A"": 41, ""C"": 17, ""D"": 32, ""E"": 36}",True,False,False
DIF_cdc0d3e40e9f,3,first_seal_time_bucket;open_gap_bucket;pre_signal_low_bucket,"{""first_seal_time_bucket"": ""1300_1359"", ""open_gap_bucket"": ""3_7PCT"", ""pre_signal_low_bucket"": ""0_3PCT""}",first_seal_time_bucket=1300_1359 AND open_gap_bucket=3_7PCT AND pre_signal_low_bucket=0_3PCT,e081f7f7763668069f2c009dce9d576fede889c2,46,0.6086956521739131,0.022914168518762462,0.012095771018486301,2.5633581179932174,-0.1366878964424484,0.2297519605208738,-0.0773410222248,1.6290981290736828,2,19,1.4392658584263749,27,1.7810178036154303,66,57,9,0,128,0.65625,0.04074973753775568,0.020080238849724926,101.8302148011938,-0.22970534744710858,0.3687231660523884,-0.14417251000998996,1.8373867674946789,4,"{""A"": 40, ""C"": 22, ""D"": 28, ""E"": 38}",True,False,False
DIF_c93f8294b021,3,open_count_bucket;cumulative_amount_bucket;market_touch_count_bucket,"{""cumulative_amount_bucket"": ""0_5_1"", ""market_touch_count_bucket"": ""40_70"", ""open_count_bucket"": ""GE5""}",open_count_bucket=GE5 AND cumulative_amount_bucket=0_5_1 AND market_touch_count_bucket=40_70,17d7a3aa6f5158abbc22ef506f4da2e01a1117b3,37,0.6486486486486487,0.02469012710501336,0.0249865535076345,2.2478850082692907,-0.30366882180999155,0.1375294480051883,-0.1923385811861804,1.2728300349348034,3,17,1.3189172240723097,20,1.7043412332797394,47,44,3,0,125,0.656,0.042005378959793345,0.022708749607088758,101.74624323951903,-0.27695811519194713,0.4892913885103991,-0.17629142067722955,1.8967315819587416,6,"{""A"": 42, ""C"": 21, ""D"": 16, ""E"": 46}",True,False,False
DIF_ae80a11e477d,3,reseal_time_bucket;first_to_reseal_bucket;open_gap_bucket,"{""first_to_reseal_bucket"": ""LE15"", ""open_gap_bucket"": ""3_7PCT"", ""reseal_time_bucket"": ""1300_1359""}",reseal_time_bucket=1300_1359 AND first_to_reseal_bucket=LE15 AND open_gap_bucket=3_7PCT,c2077b3378afcc0de7ec754293ac8bfd2f404965,56,0.5892857142857143,0.02296936342998987,0.0158811763243354,2.989125114555084,-0.391111966238773,0.3038459078661051,-0.2013495560657529,1.5829981765934873,4,23,1.7077921968691956,33,1.7502861999456887,76,68,8,0,126,0.6349206349206349,0.04137692508014924,0.0230432370814819,101.36893172842365,-0.23852779313588324,0.3687231660523884,-0.14417251000998996,2.0052545880203114,5,"{""A"": 37, ""C"": 18, ""D"": 33, ""E"": 38}",True,False,False
DIF_da555c2fef4a,3,first_seal_time_bucket;open_gap_bucket;market_active_count_bucket,"{""first_seal_time_bucket"": ""1300_1359"", ""market_active_count_bucket"": ""71_100"", ""open_gap_bucket"": ""3_7PCT""}",first_seal_time_bucket=1300_1359 AND open_gap_bucket=3_7PCT AND market_active_count_bucket=71_100,bd9805f07ec063f67c957242446828900acd3135,29,0.5517241379310345,0.030451246384042698,0.0154135928716913,2.172080502563938,-0.2979994439862311,0.3038459078661051,-0.0872843357294118,2.291965823641882,3,14,1.3636642239461445,15,1.5928264923445852,39,36,3,0,123,0.6341463414634146,0.04293221276214702,0.02150756108281972,101.24821894836604,-0.2902637616074133,0.4892913885103991,-0.17629142067722955,2.05437525198962,4,"{""A"": 45, ""C"": 20, ""D"": 18, ""E"": 40}",True,False,False
DIF_84fbb67b69a8,3,open_count_bucket;market_touch_count_bucket;market_seal_rate_bucket,"{""market_seal_rate_bucket"": ""GE80PCT"", ""market_touch_count_bucket"": ""101_150"", ""open_count_bucket"": ""3""}",open_count_bucket=3 AND market_touch_count_bucket=101_150 AND market_seal_rate_bucket=GE80PCT,66718a27037abf96b0eb0b39d47090d4324f241c,23,0.6521739130434783,0.02361936866900258,0.0452143864646415,1.600219444987765,-0.18704644626187505,0.1316109875768221,-0.1514360057072165,1.0835366731272895,3,13,1.1889669991561207,10,1.3458905471081481,40,33,7,0,123,0.6504065040650406,0.04269485907665398,0.0289009368300863,100.7730161271482,-0.24558463561656285,0.4892913885103991,-0.1514360057072165,1.8828063981806749,4,"{""A"": 43, ""C"": 23, ""D"": 11, ""E"": 46}",False,False,False
DIF_9ae054086c83,3,first_seal_time_bucket;reseal_speed_bucket;open_gap_bucket,"{""first_seal_time_bucket"": ""1001_1030"", ""open_gap_bucket"": ""3_7PCT"", ""reseal_speed_bucket"": ""11_20""}",first_seal_time_bucket=1001_1030 AND reseal_speed_bucket=11_20 AND open_gap_bucket=3_7PCT,fcd099568be96f9c7d9ac0dba1a7ec7f37842cb7,33,0.6060606060606061,0.024964082224160685,0.0164279627283157,2.0061781244268624,-0.22016771803890933,0.3721270239550671,-0.1176585362117647,1.5344105908639047,3,12,1.6128485564528958,21,1.2438725982053813,53,41,12,0,127,0.6535433070866141,0.041160332220615645,0.02337772455587504,100.68079437379274,-0.33808308338356063,0.3721270239550671,-0.17629142067722955,1.8439828813596069,4,"{""A"": 43, ""C"": 20, ""D"": 21, ""E"": 43}",False,False,False
DIF_56b3dc8f1e1c,3,first_seal_time_bucket;previous_seal_hold_bucket;market_active_count_bucket,"{""first_seal_time_bucket"": ""1001_1030"", ""market_active_count_bucket"": ""71_100"", ""previous_seal_hold_bucket"": ""6_10""}",first_seal_time_bucket=1001_1030 AND previous_seal_hold_bucket=6_10 AND market_active_count_bucket=71_100,6e437da52736fd284596e77ce40f83c92810caf8,23,0.6086956521739131,0.026324787368794445,0.0204704112672198,1.7624850494148199,-0.08776529988554316,0.1372370182288695,-0.0471490775249999,2.362481079075991,2,14,1.1254154661584563,9,1.5660750206596727,33,32,1,0,123,0.6666666666666666,0.04250591289757357,0.02337772455587504,100.64835209212895,-0.22970534744710858,0.4892913885103991,-0.2031795406570681,1.8938433370355314,4,"{""A"": 45, ""C"": 19, ""D"": 13, ""E"": 46}",False,False,False
DIF_8e3c8eb02fec,3,open_count_bucket;cumulative_amount_bucket;market_seal_rate_bucket,"{""cumulative_amount_bucket"": ""0_5_1"", ""market_seal_rate_bucket"": ""60_80PCT"", ""open_count_bucket"": ""GE5""}",open_count_bucket=GE5 AND cumulative_amount_bucket=0_5_1 AND market_seal_rate_bucket=60_80PCT,1d02ac7abf4f754fb23a5a434246205483766cc7,55,0.6909090909090909,0.023540466241934125,0.0171755988354184,3.136690225645816,-0.25490689182723536,0.1375294480051883,-0.1923385811861804,1.0359947291295104,3,29,1.5170959801504982,26,2.0675621494525687,75,71,4,0,125,0.656,0.04164231119703336,0.022708749607088758,100.48871953571026,-0.1921497946691969,0.4892913885103991,-0.14417251000998996,1.9645399458163055,6,"{""A"": 41, ""C"": 15, ""D"": 31, ""E"": 38}",True,False,False
DIF_1bd5d9402168,3,reseal_time_bucket;reseal_speed_bucket;open_gap_bucket,"{""open_gap_bucket"": ""3_7PCT"", ""reseal_speed_bucket"": ""2_5"", ""reseal_time_bucket"": ""1300_1359""}",reseal_time_bucket=1300_1359 AND reseal_speed_bucket=2_5 AND open_gap_bucket=3_7PCT,562b72ec93c9f3c6011b90f25d1218c2fa4a41dc,89,0.550561797752809,0.020899637652527905,0.0070321235254114,4.719510494360741,-0.4360962176712714,0.3721270239550671,-0.2013495560657529,1.6591971147811522,4,40,1.6247131661403311,49,2.9048268905042547,161,135,26,0,135,0.6222222222222222,0.03852832491362606,0.0188204425672634,100.2986776510212,-0.29011426003930507,0.3721270239550671,-0.14417251000998996,2.1011704397272726,5,"{""A"": 31, ""C"": 13, ""D"": 57, ""E"": 34}",True,False,False
DIF_06695b9dc0a1,3,cumulative_amount_bucket;market_touch_count_bucket;market_seal_rate_bucket,"{""cumulative_amount_bucket"": ""LT0_5"", ""market_seal_rate_bucket"": ""GE80PCT"", ""market_touch_count_bucket"": ""LT40""}",cumulative_amount_bucket=LT0_5 AND market_touch_count_bucket=LT40 AND market_seal_rate_bucket=GE80PCT,74f3bc6ce81a51e70449a92446b677e47e19f390,41,0.6829268292682927,0.02508608764157857,0.0316739216783133,2.4208924860915295,-0.3375002634415948,0.137297320831579,-0.1183163852749999,0.9432293147057909,3,17,2.3434355101754205,24,1.0330527448183586,74,59,15,0,124,0.6693548387096774,0.042582775704307345,0.02572055103471485,99.98170715657264,-0.4226402880915997,0.4892913885103991,-0.17629142067722955,1.6379741381477777,4,"{""A"": 40, ""C"": 20, ""D"": 18, ""E"": 46}",True,False,False
DIF_ede3913e8e8f,3,first_seal_time_bucket;first_to_reseal_bucket;market_break_rate_bucket,"{""first_seal_time_bucket"": ""1001_1030"", ""first_to_reseal_bucket"": ""16_30"", ""market_break_rate_bucket"": ""50_75PCT""}",first_seal_time_bucket=1001_1030 AND first_to_reseal_bucket=16_30 AND market_break_rate_bucket=50_75PCT,61644aea7fb4351ff77a60ba00ef949a90f28118,71,0.6056338028169014,0.023246945950710314,0.0135155307685677,4.463751032582174,-0.1782370432704874,0.1935590908019999,-0.125306185117358,1.7361244609857112,5,35,3.0017636960792298,36,1.4870427803536044,140,103,37,0,135,0.6444444444444445,0.038235827064955416,0.019180342510750216,99.68272692786277,-0.23137776824286937,0.4892913885103991,-0.11849477438811166,2.042103486844774,7,"{""A"": 36, ""C"": 13, ""D"": 43, ""E"": 43}",True,False,False
DIF_cb0b6621ce60,3,open_count_bucket;pre_signal_low_bucket;market_break_rate_bucket,"{""market_break_rate_bucket"": ""GE75PCT"", ""open_count_bucket"": ""4"", ""pre_signal_low_bucket"": ""GE7PCT""}",open_count_bucket=4 AND pre_signal_low_bucket=GE7PCT AND market_break_rate_bucket=GE75PCT,f13d8e74af9ac323b4fdd49aca61432f1f8de5ff,25,0.68,0.03208502185564587,0.0206340291258791,2.096306018047029,-0.06805016780346196,0.2886461432667387,-0.0680501678034618,2.5803929270200006,2,9,1.410073939504673,16,1.4866638970601882,34,29,5,0,127,0.6535433070866141,0.041089006623567445,0.022708749607088758,99.5624358974173,-0.34696775612115804,0.4892913885103991,-0.17629142067722955,1.9051372229480046,4,"{""A"": 47, ""C"": 23, ""D"": 16, ""E"": 41}",True,False,False
DIF_e4d5c42111e2,3,previous_seal_hold_bucket;break_close_depth_bucket;segment_seal_rate_bucket,"{""break_close_depth_bucket"": ""GE2PCT"", ""previous_seal_hold_bucket"": ""GE11"", ""segment_seal_rate_bucket"": ""40_60PCT""}",previous_seal_hold_bucket=GE11 AND break_close_depth_bucket=GE2PCT AND segment_seal_rate_bucket=40_60PCT,e8090e36d4142f3dcb11680149e85b251af18b54,31,0.5806451612903226,0.03202822937817817,0.0046593202055172,2.3617958260223144,-0.11425505564378113,0.4530211584033707,-0.0769237806151775,2.4878107842607267,3,20,1.9987180991149416,11,1.1816552954957222,66,39,27,0,128,0.671875,0.04048763512784003,0.026149675496300546,99.34130254947425,-0.2713737809860053,0.3687231660523884,-0.17629142067722955,1.6978895475729963,4,"{""A"": 40, ""C"": 24, ""D"": 17, ""E"": 47}",True,False,False
DIF_6423fdf2f2dd,3,reseal_speed_bucket;previous_seal_hold_bucket;market_active_count_bucket,"{""market_active_count_bucket"": ""LT20"", ""previous_seal_hold_bucket"": ""LE1"", ""reseal_speed_bucket"": ""GE21""}",reseal_speed_bucket=GE21 AND previous_seal_hold_bucket=LE1 AND market_active_count_bucket=LT20,6b125de4a41ffd896a94af358b95f6207e76b64d,28,0.5714285714285714,0.025045130266535192,0.010493596762847151,1.8879024561737445,-0.13202497732276175,0.1372530937951531,-0.0965162086203549,1.959307125112149,3,15,1.5462926850275742,13,1.220921805072161,44,31,13,0,124,0.6532258064516129,0.041690669067385014,0.02896243205901071,99.09502837419589,-0.3071859836926525,0.3687231660523884,-0.17629142067722955,1.8897173413873714,4,"{""A"": 40, ""C"": 25, ""D"": 13, ""E"": 46}",False,False,False
DIF_5d2d80c8e3eb,3,reseal_speed_bucket;break_close_depth_bucket;market_break_rate_bucket,"{""break_close_depth_bucket"": ""GE2PCT"", ""market_break_rate_bucket"": ""GE75PCT"", ""reseal_speed_bucket"": ""11_20""}",reseal_speed_bucket=11_20 AND break_close_depth_bucket=GE2PCT AND market_break_rate_bucket=GE75PCT,04a2465568acdfa4e6d7c4ca3e6317ed73eb06c3,22,0.5909090909090909,0.020509145050555632,0.01132295134492125,1.4872898343772485,-0.14790545074949624,0.2124694253476716,-0.1146585328429624,1.565206411305262,2,13,1.1804252596527451,9,1.2599610371052008,40,25,15,0,123,0.6747967479674797,0.04147575203470401,0.02337772455587504,98.62830155590088,-0.18125440768695644,0.3687231660523884,-0.14417251000998996,1.9024619581039486,4,"{""A"": 41, ""C"": 23, ""D"": 15, ""E"": 44}",False,False,False
DIF_7eac2568f0ce,3,first_to_reseal_bucket;previous_seal_hold_bucket;market_active_count_bucket,"{""first_to_reseal_bucket"": ""61_120"", ""market_active_count_bucket"": ""LT20"", ""previous_seal_hold_bucket"": ""2_5""}",first_to_reseal_bucket=61_120 AND previous_seal_hold_bucket=2_5 AND market_active_count_bucket=LT20,912bdf96f4176a050ff8b669b4410148255f334b,21,0.7142857142857143,0.032387842343143916,0.0379722071856573,1.8975195072825224,-0.1007972942255867,0.1527619232964,-0.0525840888902255,1.6720637485846999,3,13,1.720256886039977,8,1.1030442736088117,27,23,4,0,125,0.656,0.041125559678638006,0.02337772455587504,98.35063343980532,-0.22970534744710858,0.3687231660523884,-0.17629142067722955,1.9340586146885268,4,"{""A"": 41, ""C"": 25, ""D"": 9, ""E"": 50}",False,False,False
DIF_ac45dbd107b8,3,first_seal_time_bucket;first_to_reseal_bucket;open_gap_bucket,"{""first_seal_time_bucket"": ""1400_1429"", ""first_to_reseal_bucket"": ""31_60"", ""open_gap_bucket"": ""0_3PCT""}",first_seal_time_bucket=1400_1429 AND first_to_reseal_bucket=31_60 AND open_gap_bucket=0_3PCT,27867c69020bbd833a6c338c4053bcff72a25206,20,0.65,0.032206800637620006,0.01820078215250395,1.792096636885832,-0.07490528471428426,0.2884144470203034,-0.0665552962945054,2.182738166602097,2,8,1.584526945841861,12,1.130997892833996,47,25,22,0,124,0.6693548387096774,0.04165229029438063,0.0230432370814819,97.18611959813776,-0.22970534744710858,0.4892913885103991,-0.14417251000998996,1.8434501326230879,4,"{""A"": 44, ""C"": 24, ""D"": 12, ""E"": 44}",False,False,False
DIF_4e0e12156abe,3,first_seal_time_bucket;first_to_reseal_bucket;market_touch_count_bucket,"{""first_seal_time_bucket"": ""1031_1130"", ""first_to_reseal_bucket"": ""61_120"", ""market_touch_count_bucket"": ""71_100""}",first_seal_time_bucket=1031_1130 AND first_to_reseal_bucket=61_120 AND market_touch_count_bucket=71_100,a2c3d4ec4fd4e485931f5e57f61c32da3690b0e3,63,0.5714285714285714,0.020939493896575498,0.0113524172051611,3.346682124561133,-0.14338331638952861,0.1865259303471385,-0.082442252592857,1.997317113762667,3,29,1.4766674620086262,34,2.26637493590387,116,95,21,0,126,0.6428571428571429,0.040906321519249195,0.018455343904997756,97.00221454983522,-0.18163241692722087,0.4892913885103991,-0.14417251000998996,2.1760059660037054,4,"{""A"": 39, ""C"": 10, ""D"": 39, ""E"": 38}",True,False,False
DIF_0dadfd6de631,3,reseal_time_bucket;break_close_depth_bucket;market_seal_rate_bucket,"{""break_close_depth_bucket"": ""0_2_0_5PCT"", ""market_seal_rate_bucket"": ""GE80PCT"", ""reseal_time_bucket"": ""1430_1454""}",reseal_time_bucket=1430_1454 AND break_close_depth_bucket=0_2_0_5PCT AND market_seal_rate_bucket=GE80PCT,ea3630112f946bafc758ea1cefd2dd1b71d0e811,47,0.5957446808510638,0.020379214246275583,0.0110082260237288,2.325909534704101,-0.2171753076349766,0.1485710589249087,-0.1889700166746791,1.5310608676202502,3,24,1.1686906818066785,23,1.9901840332195326,80,59,21,0,131,0.648854961832061,0.03959354379201538,0.022708749607088758,96.85002626753175,-0.2297053474471087,0.4892913885103991,-0.1889700166746791,1.876061146731016,4,"{""A"": 42, ""C"": 19, ""D"": 27, ""E"": 43}",True,False,False
DIF_cbb2daeeb840,3,pre_signal_low_bucket;market_break_rate_bucket;segment_seal_rate_bucket,"{""market_break_rate_bucket"": ""GE75PCT"", ""pre_signal_low_bucket"": ""GE7PCT"", ""segment_seal_rate_bucket"": ""60_80PCT""}",pre_signal_low_bucket=GE7PCT AND market_break_rate_bucket=GE75PCT AND segment_seal_rate_bucket=60_80PCT,c3a12fec070b596cab8d611d7c91a0824e7714af,28,0.6071428571428571,0.029782240384399243,0.01221444089655235,2.080658916442085,-0.1718900410409956,0.2886461432667387,-0.0680501678034618,1.9642635221767613,2,13,1.4109384417440214,15,1.4746631425466308,43,32,11,0,127,0.6377952755905512,0.04103613201520999,0.0206340291258791,96.1507006132966,-0.3636485786857008,0.4892913885103991,-0.17629142067722955,1.9497440653339881,4,"{""A"": 48, ""C"": 23, ""D"": 15, ""E"": 41}",True,False,False
DIF_4df87058dcb5,3,open_count_bucket;cumulative_amount_bucket;market_active_count_bucket,"{""cumulative_amount_bucket"": ""0_5_1"", ""market_active_count_bucket"": ""20_40"", ""open_count_bucket"": ""3""}",open_count_bucket=3 AND cumulative_amount_bucket=0_5_1 AND market_active_count_bucket=20_40,744f19cd2926330a0c10b7d94e8ae64450857df0,70,0.6,0.02313507609886064,0.0163335851802097,4.239145725149972,-0.24255012446459645,0.2798824747699878,-0.1923385811861804,1.686212841352911,4,31,2.3509630134251966,39,1.8031528786043378,123,103,20,0,132,0.6818181818181818,0.03884062117937714,0.018961225942079107,96.14556514739057,-0.1762914206772297,0.3687231660523884,-0.17629142067722955,1.6568171926040158,5,"{""A"": 37, ""C"": 17, ""D"": 39, ""E"": 39}",True,False,False
DIF_732ef8b27352,3,break_close_depth_bucket;market_active_count_bucket;segment_bucket,"{""break_close_depth_bucket"": ""LT0_2PCT"", ""market_active_count_bucket"": ""71_100"", ""segment_bucket"": ""MAIN_BOARD""}",break_close_depth_bucket=LT0_2PCT AND market_active_count_bucket=71_100 AND segment_bucket=MAIN_BOARD,c651631cb0414793c3b0fa22dd340a34f8fe598d,47,0.6382978723404256,0.02439898732072248,0.013254491508363,2.8668038848647197,-0.13883939127910394,0.1374913917078358,-0.1197735352609571,1.6942470800290985,4,24,1.2101236165657214,23,2.3690173843566362,98,85,13,0,125,0.64,0.04180614035501839,0.019696105904926,95.60968997238339,-0.22970534744710858,0.5231929254879739,-0.14417251000998996,2.0714866352231667,4,"{""A"": 42, ""C"": 13, ""D"": 35, ""E"": 35}",True,False,False
DIF_4279d13c319e,3,reseal_speed_bucket;pre_signal_low_bucket;market_touch_count_bucket,"{""market_touch_count_bucket"": ""71_100"", ""pre_signal_low_bucket"": ""3_7PCT"", ""reseal_speed_bucket"": ""11_20""}",reseal_speed_bucket=11_20 AND pre_signal_low_bucket=3_7PCT AND market_touch_count_bucket=71_100,5130ab2575ffd728bf41cd45f5fd24ab9df53d60,26,0.6153846153846154,0.021820390947822503,0.01698136996686405,1.6332223109660726,-0.1949512056722016,0.3090002845557691,-0.1389379853296101,1.5069488863921094,3,10,1.4319236121592045,16,1.1405792160262855,35,28,7,0,121,0.6528925619834711,0.04284679273046472,0.02337772455587504,95.37819824201992,-0.3537623564710579,0.4892913885103991,-0.17629142067722955,1.9315309657489594,4,"{""A"": 44, ""C"": 22, ""D"": 11, ""E"": 44}",False,False,False
DIF_02fbe9a8568c,3,reseal_speed_bucket;break_close_depth_bucket;open_gap_bucket,"{""break_close_depth_bucket"": ""LT0_2PCT"", ""open_gap_bucket"": ""GE7PCT"", ""reseal_speed_bucket"": ""11_20""}",reseal_speed_bucket=11_20 AND break_close_depth_bucket=LT0_2PCT AND open_gap_bucket=GE7PCT,484a7325724c3799f483b38bbd8cb0bd37364010,21,0.5714285714285714,0.02784031240917413,0.0036566992882454,1.6340759979942021,-0.14021724206445685,0.3082331866285716,-0.1274921453846094,1.771919061746422,4,8,1.6780848276866356,13,0.9737743712556515,34,25,9,0,124,0.6370967741935484,0.04207104304194593,0.02210815534495424,94.77008399819815,-0.31381636534425705,0.4892913885103991,-0.17629142067722955,1.9022514558330055,4,"{""A"": 45, ""C"": 24, ""D"": 10, ""E"": 45}",False,False,False
DIF_6fdd0fc994cf,3,break_close_depth_bucket;market_break_rate_bucket;segment_seal_rate_bucket,"{""break_close_depth_bucket"": ""GE2PCT"", ""market_break_rate_bucket"": ""GE75PCT"", ""segment_seal_rate_bucket"": ""40_60PCT""}",break_close_depth_bucket=GE2PCT AND market_break_rate_bucket=GE75PCT AND segment_seal_rate_bucket=40_60PCT,2ea9da9197e56517fade5e9dfc4a83f539ca42e9,30,0.5666666666666667,0.03303494641842598,0.004573003219333099,2.282142357594972,-0.345174695818271,0.4530211584033707,-0.1410131680966888,2.106751090659852,3,20,1.6085630453918576,10,1.4187459820942396,60,36,24,0,126,0.6587301587301587,0.04080147664275643,0.022310633073917945,94.2360978518036,-0.252049598844603,0.3687231660523884,-0.17629142067722955,1.771676387312765,4,"{""A"": 39, ""C"": 24, ""D"": 16, ""E"": 47}",True,False,False
DIF_b8004667c1b6,3,open_count_bucket;first_to_reseal_bucket;open_gap_bucket,"{""first_to_reseal_bucket"": ""31_60"", ""open_count_bucket"": ""4"", ""open_gap_bucket"": ""3_7PCT""}",open_count_bucket=4 AND first_to_reseal_bucket=31_60 AND open_gap_bucket=3_7PCT,79eeed11afea905ce913d1a4d0de8bd2e6d914ed,41,0.5853658536585366,0.024327610135647618,0.0072169309548385,2.3479464977282403,-0.3551729699196905,0.2858048076223851,-0.1183163852749999,1.5778561756352418,5,23,1.1030191436007157,18,2.1286543496095267,65,51,14,0,126,0.6428571428571429,0.040878602546970205,0.02093871047663421,93.80273209230643,-0.17220907514626338,0.4892913885103991,-0.14417251000998996,1.9722040189973697,4,"{""A"": 40, ""C"": 23, ""D"": 25, ""E"": 38}",True,False,False
DIF_3e6154e06e00,3,open_count_bucket;reseal_speed_bucket;first_to_reseal_bucket,"{""first_to_reseal_bucket"": ""16_30"", ""open_count_bucket"": ""3"", ""reseal_speed_bucket"": ""6_10""}",open_count_bucket=3 AND reseal_speed_bucket=6_10 AND first_to_reseal_bucket=16_30,0aa3952338680fb759d67be0314b109c6f1f5a8c,37,0.5945945945945946,0.021784520980729815,0.0090406577606851,2.050988731971619,-0.16886270889372845,0.1375331983591836,-0.1595638622725343,1.6012704778330604,3,20,1.1394872295763665,17,1.7999225254451736,55,48,7,0,123,0.6422764227642277,0.04196842274559843,0.01852346386305976,93.68519959942844,-0.22944984468207963,0.4892913885103991,-0.1595638622725343,2.0751533192982015,4,"{""A"": 41, ""C"": 19, ""D"": 23, ""E"": 40}",True,False,False
DIF_2f1a7e7ce103,3,first_to_reseal_bucket;previous_seal_hold_bucket;pre_signal_low_bucket,"{""first_to_reseal_bucket"": ""61_120"", ""pre_signal_low_bucket"": ""GE7PCT"", ""previous_seal_hold_bucket"": ""LE1""}",first_to_reseal_bucket=61_120 AND previous_seal_hold_bucket=LE1 AND pre_signal_low_bucket=GE7PCT,d734962b6fbf1b2da7f322e446fcbb4b86372bb1,21,0.6190476190476191,0.0255590188819682,0.0228996745678498,1.5952886488694393,-0.1362629022435362,0.2204735052490865,-0.1274921453846094,1.412865158193921,2,9,0.9344045770646217,12,1.7072782903963797,28,24,4,0,126,0.6428571428571429,0.041228239259101955,0.02137555133739029,93.48556470552822,-0.30351392973277413,0.4892913885103991,-0.17629142067722955,1.8747855274221237,4,"{""A"": 46, ""C"": 23, ""D"": 11, ""E"": 46}",False,False,False
DIF_a3b886bc98a1,3,reseal_speed_bucket;market_active_count_bucket;segment_seal_rate_bucket,"{""market_active_count_bucket"": ""LT20"", ""reseal_speed_bucket"": ""GE21"", ""segment_seal_rate_bucket"": ""GE80PCT""}",reseal_speed_bucket=GE21 AND market_active_count_bucket=LT20 AND segment_seal_rate_bucket=GE80PCT,9c2411d36deb14809fa5f7a588b82dd941307542,26,0.6153846153846154,0.020794309969581155,0.02402908479776155,1.559854073544047,-0.30071384701514037,0.1527619232964,-0.1404127616917432,1.1143283108420179,3,17,1.6860183404387492,9,0.9251702879685932,37,31,6,0,125,0.664,0.04107798157932709,0.02892162643672605,93.36967860640797,-0.276958115191947,0.3687231660523884,-0.17629142067722955,1.7049451731554615,4,"{""A"": 43, ""C"": 25, ""D"": 10, ""E"": 47}",False,False,False
DIF_b1c130330bfb,3,market_touch_count_bucket;segment_bucket;segment_seal_rate_bucket,"{""market_touch_count_bucket"": ""71_100"", ""segment_bucket"": ""GROWTH_BOARD"", ""segment_seal_rate_bucket"": ""40_60PCT""}",market_touch_count_bucket=71_100 AND segment_bucket=GROWTH_BOARD AND segment_seal_rate_bucket=40_60PCT,4cd4adc2ecf3134aec5dc36494f3b38e23406d9b,28,0.6428571428571429,0.03735424898416416,0.009955214917207699,2.463057209048308,-0.21282462178003436,0.2888703665893359,-0.0858519793567021,1.6435333948979651,2,14,1.099703222405244,14,2.239747196212782,54,40,14,0,122,0.6475409836065574,0.04262719105466489,0.018851903186904988,93.03732706319933,-0.32790608677232425,0.4892913885103991,-0.17629142067722955,1.8762893383344792,4,"{""A"": 43, ""C"": 20, ""D"": 13, ""E"": 46}",True,False,False
DIF_5790878661b9,3,previous_seal_hold_bucket;market_touch_count_bucket;market_active_count_bucket,"{""market_active_count_bucket"": ""71_100"", ""market_touch_count_bucket"": ""101_150"", ""previous_seal_hold_bucket"": ""2_5""}",previous_seal_hold_bucket=2_5 AND market_touch_count_bucket=101_150 AND market_active_count_bucket=71_100,b4d762108ce2cb4ba9527bf9249a20b7b05c0df3,37,0.5675675675675675,0.022114127295438886,0.0120653036651162,2.136819711811735,-0.07061174024124506,0.1659870463579606,-0.0706117402412451,2.739136689062512,3,18,1.4754157802527754,19,1.4482830808856098,68,58,10,0,126,0.6349206349206349,0.04082550835567245,0.02383175052530597,92.9811999559903,-0.22970534744710858,0.4892913885103991,-0.14417251000998996,2.0598784113377406,4,"{""A"": 48, ""C"": 17, ""D"": 19, ""E"": 42}",True,False,False
DIF_a6710853e839,3,reseal_speed_bucket;break_close_depth_bucket;market_seal_rate_bucket,"{""break_close_depth_bucket"": ""LT0_2PCT"", ""market_seal_rate_bucket"": ""40_60PCT"", ""reseal_speed_bucket"": ""11_20""}",reseal_speed_bucket=11_20 AND break_close_depth_bucket=LT0_2PCT AND market_seal_rate_bucket=40_60PCT,4f0d0ff8f85b330003878f05b28ea8675d9df59d,24,0.5833333333333334,0.02307142789580156,0.00593732614111095,1.618122769142718,-0.1513944624060649,0.2971055310979901,-0.0734374095714285,1.6661871029142843,3,11,1.4349812490030533,13,1.1276264203918354,30,26,4,0,126,0.6666666666666666,0.04027347518036177,0.0230432370814819,92.57103202779363,-0.29293565586701575,0.3687231660523884,-0.17629142067722955,1.8346909586250497,4,"{""A"": 41, ""C"": 23, ""D"": 14, ""E"": 48}",False,False,False
DIF_bb14d96495b2,3,first_seal_time_bucket;first_to_reseal_bucket;market_touch_count_bucket,"{""first_seal_time_bucket"": ""1031_1130"", ""first_to_reseal_bucket"": ""61_120"", ""market_touch_count_bucket"": ""101_150""}",first_seal_time_bucket=1031_1130 AND first_to_reseal_bucket=61_120 AND market_touch_count_bucket=101_150,bb783eaa731e98743d3729b78b84f8fc98bffe95,28,0.5714285714285714,0.02370211581135061,0.00881324249194385,1.8120912400267062,-0.1107398656233699,0.2884420958080925,-0.074439148302407,2.2516993283704405,3,15,1.4155204041233214,13,1.2801590388582176,59,48,11,0,126,0.6507936507936508,0.04131356446818683,0.02896243205901071,92.55284121534913,-0.2477141039825591,0.4892913885103991,-0.2040006245101206,1.7471653877219584,4,"{""A"": 48, ""C"": 20, ""D"": 13, ""E"": 45}",False,False,False
DIF_7347954c8de8,3,reseal_speed_bucket;break_close_depth_bucket;cumulative_amount_bucket,"{""break_close_depth_bucket"": ""0_2_0_5PCT"", ""cumulative_amount_bucket"": ""0_5_1"", ""reseal_speed_bucket"": ""6_10""}",reseal_speed_bucket=6_10 AND break_close_depth_bucket=0_2_0_5PCT AND cumulative_amount_bucket=0_5_1,7597486b7395e235b93d38fd6e7df0487f2d2503,48,0.7083333333333334,0.026994742057780286,0.0175212599582558,3.3521252865722824,-0.19942257828223298,0.1372973208315789,-0.072377756988164,1.5866249776780263,4,19,1.4900906271373369,29,2.2496116850370123,77,64,13,0,127,0.6614173228346457,0.04026620543592878,0.018742109373408,92.09359054830965,-0.238358129315016,0.4892913885103991,-0.14417251000998996,1.9100964777682745,5,"{""A"": 41, ""C"": 17, ""D"": 27, ""E"": 42}",True,False,False
DIF_b6412f980c54,3,reseal_time_bucket;open_count_bucket;open_gap_bucket,"{""open_count_bucket"": ""1"", ""open_gap_bucket"": ""3_7PCT"", ""reseal_time_bucket"": ""1031_1130""}",reseal_time_bucket=1031_1130 AND open_count_bucket=1 AND open_gap_bucket=3_7PCT,628a788a6ae966ba30ae8c2b1269060b1ed491cb,93,0.5806451612903226,0.02031609744794187,0.0092949961471304,5.047021669176833,-0.2593595364192307,0.3721270239550671,-0.1328895729622152,1.537189835464457,5,46,1.9729120783178433,47,2.558158432219674,194,146,48,0,136,0.6176470588235294,0.037894570300603475,0.018455343904997756,91.89615355094404,-0.25476373919965445,0.3721270239550671,-0.14417251000998996,1.9986382314361673,4,"{""A"": 35, ""C"": 16, ""D"": 56, ""E"": 29}",True,False,False
DIF_399522478be6,3,first_seal_time_bucket;first_to_reseal_bucket;cumulative_amount_bucket,"{""cumulative_amount_bucket"": ""GE1_5"", ""first_seal_time_bucket"": ""1400_1429"", ""first_to_reseal_bucket"": ""31_60""}",first_seal_time_bucket=1400_1429 AND first_to_reseal_bucket=31_60 AND cumulative_amount_bucket=GE1_5,bbc782895a15b6702a8e39c95f1794e466c3a82e,33,0.6060606060606061,0.02125124848226754,0.0048756768342857,1.8603470676515503,-0.16161684649926744,0.2884144470203034,-0.151491843543652,1.748807070281956,3,15,1.7744108384076347,18,1.0484308523053407,77,44,33,0,126,0.6507936507936508,0.04056678948621075,0.0230432370814819,90.74266527490992,-0.22970534744710858,0.4892913885103991,-0.151491843543652,1.9031864261179778,5,"{""A"": 41, ""C"": 21, ""D"": 23, ""E"": 41}",False,False,False
DIF_ddf49ef54dd6,3,previous_seal_hold_bucket;open_gap_bucket;pre_signal_low_bucket,"{""open_gap_bucket"": ""3_7PCT"", ""pre_signal_low_bucket"": ""LT0"", ""previous_seal_hold_bucket"": ""LE1""}",previous_seal_hold_bucket=LE1 AND open_gap_bucket=3_7PCT AND pre_signal_low_bucket=LT0,4649e54e4af9ce142bc146d966be0dffb8c8a810,25,0.68,0.03713889181838975,0.0379330321880598,2.1972721308568164,-0.16711443920520097,0.3721270239550671,-0.1666933116561823,1.2067185631562358,2,13,1.4214447428096553,12,1.5458020031884225,37,32,5,0,122,0.6639344262295082,0.041893929546562556,0.0230432370814819,90.32535056979088,-0.24805585187270196,0.3721270239550671,-0.1666933116561823,1.7574907952236256,4,"{""A"": 45, ""C"": 20, ""D"": 16, ""E"": 41}",True,False,False
DIF_71f98e5fe06d,3,reseal_time_bucket;reseal_speed_bucket;open_gap_bucket,"{""open_gap_bucket"": ""3_7PCT"", ""reseal_speed_bucket"": ""11_20"", ""reseal_time_bucket"": ""1031_1130""}",reseal_time_bucket=1031_1130 AND reseal_speed_bucket=11_20 AND open_gap_bucket=3_7PCT,932318b4254208e9f986b1c9f4034d982498cbd2,47,0.6595744680851063,0.025332963521419918,0.0164279627283157,2.9190319287682396,-0.15717128283757598,0.1935590908019999,-0.1006558509109272,1.3911188361112763,2,24,2.1838145782594953,23,1.3366665640151167,83,66,17,0,130,0.6384615384615384,0.0393272211500997,0.02163514101354443,89.49448651698194,-0.23599231508025353,0.4892913885103991,-0.14417251000998996,1.908748758649412,5,"{""A"": 44, ""C"": 20, ""D"": 30, ""E"": 36}",True,False,False
DIF_d6128cff7a88,3,reseal_time_bucket;open_count_bucket;market_active_count_bucket,"{""market_active_count_bucket"": ""41_70"", ""open_count_bucket"": ""3"", ""reseal_time_bucket"": ""1001_1030""}",reseal_time_bucket=1001_1030 AND open_count_bucket=3 AND market_active_count_bucket=41_70,6f24ff7ad2eb4837c47db9e0510878bbdab7b71f,32,0.5625,0.02112904764997741,0.0054830179678249,1.7819887379578339,-0.28388088748965234,0.3339820061776503,-0.1192656039362559,1.7851339027293343,4,16,1.0877708794344474,16,1.6382022828964897,48,45,3,0,126,0.626984126984127,0.040604221695829855,0.020015512472939742,89.03158914904354,-0.2838103745642837,0.4892913885103991,-0.14417251000998996,2.052863299114201,6,"{""A"": 47, ""C"": 18, ""D"": 19, ""E"": 42}",False,False,False
DIF_ce88ed3ae07c,3,market_break_rate_bucket;segment_bucket;segment_seal_rate_bucket,"{""market_break_rate_bucket"": ""GE75PCT"", ""segment_bucket"": ""GROWTH_BOARD"", ""segment_seal_rate_bucket"": ""40_60PCT""}",market_break_rate_bucket=GE75PCT AND segment_bucket=GROWTH_BOARD AND segment_seal_rate_bucket=40_60PCT,31e38e95c27e59989b4f632bdd7d2f46facc42b8,58,0.5862068965517241,0.03682445650328859,0.00611636003135785,6.354995242578318,-0.2656280624988546,0.2886461432667387,-0.112759327640625,2.195244572360072,4,31,2.1161525612406216,27,3.003089360841082,112,84,28,0,133,0.6165413533834586,0.03825044580849082,0.0163834566003949,88.18281155626984,-0.1903497185008831,0.3687231660523884,-0.14417251000998996,2.013279113301104,4,"{""A"": 40, ""C"": 18, ""D"": 33, ""E"": 42}",True,False,False
DIF_c535386131b2,3,open_count_bucket;pre_signal_low_bucket;market_break_rate_bucket,"{""market_break_rate_bucket"": ""GE75PCT"", ""open_count_bucket"": ""2"", ""pre_signal_low_bucket"": ""GE7PCT""}",open_count_bucket=2 AND pre_signal_low_bucket=GE7PCT AND market_break_rate_bucket=GE75PCT,4640391cf0bab15494981ed885ec091d72b97b3a,32,0.5625,0.02560857288779647,0.009159249591451101,2.0645696348927602,-0.1731134780853616,0.2886461432667387,-0.0775971915891088,2.034988007635521,4,13,1.6153995617137957,19,1.2780550916470692,47,35,12,0,123,0.6260162601626016,0.041657834846812,0.02150756108281972,87.64129437700329,-0.2995962776894444,0.4892913885103991,-0.17629142067722955,2.0148790869787976,4,"{""A"": 42, ""C"": 22, ""D"": 19, ""E"": 40}",True,False,False
DIF_1bb06edce08b,3,first_seal_time_bucket;pre_signal_low_bucket;cumulative_amount_bucket,"{""cumulative_amount_bucket"": ""0_5_1"", ""first_seal_time_bucket"": ""1300_1359"", ""pre_signal_low_bucket"": ""0_3PCT""}",first_seal_time_bucket=1300_1359 AND pre_signal_low_bucket=0_3PCT AND cumulative_amount_bucket=0_5_1,d301c84ea771527f1f6243d240c166e26df7e09e,23,0.6086956521739131,0.020481618222652213,0.0289009368300863,1.4879607170624805,-0.1964295520219259,0.1371003094875,-0.1445917263193202,1.186367721581348,4,7,0.9056308058972845,16,1.6430102723683657,36,29,7,0,121,0.6611570247933884,0.04199052677266454,0.0289009368300863,87.61262078224215,-0.2402166398266059,0.4892913885103991,-0.1445917263193202,1.7822786322043542,4,"{""A"": 42, ""C"": 23, ""D"": 12, ""E"": 44}",False,False,False
DIF_85f3c562e4de,3,open_count_bucket;pre_signal_low_bucket;segment_seal_rate_bucket,"{""open_count_bucket"": ""3"", ""pre_signal_low_bucket"": ""3_7PCT"", ""segment_seal_rate_bucket"": ""40_60PCT""}",open_count_bucket=3 AND pre_signal_low_bucket=3_7PCT AND segment_seal_rate_bucket=40_60PCT,eba318de71a17a800dd9b2dca62c2b706675960b,30,0.5666666666666667,0.02944117735170471,0.0058022268492036,2.1995019561147697,-0.09355391939284596,0.3090002845557691,-0.0720029627389016,2.4683171544954856,3,16,1.3215492257450112,14,1.6643360029777328,40,37,3,0,130,0.6538461538461539,0.03859624778623836,0.02137555133739029,87.46847322201519,-0.2297053474471088,0.3687231660523884,-0.14417251000998996,1.8577402911155418,4,"{""A"": 43, ""C"": 22, ""D"": 20, ""E"": 45}",True,False,False
DIF_a735f4f06d46,3,reseal_time_bucket;reseal_speed_bucket;pre_signal_low_bucket,"{""pre_signal_low_bucket"": ""3_7PCT"", ""reseal_speed_bucket"": ""LE1"", ""reseal_time_bucket"": ""1031_1130""}",reseal_time_bucket=1031_1130 AND reseal_speed_bucket=LE1 AND pre_signal_low_bucket=3_7PCT,c15943a79ebbef8671dd37ece98a3a6d8692925a,64,0.59375,0.02008187757055586,0.00960881587342145,3.155729218778244,-0.15977250477778915,0.1371485053957081,-0.1209957086089992,1.5579909524666697,3,32,1.704575543689449,32,1.8513284614818906,109,93,16,0,128,0.640625,0.03948085409969985,0.0230432370814819,87.33652537755981,-0.25321489385057894,0.4892913885103991,-0.17629142067722955,1.9515049208931274,3,"{""A"": 37, ""C"": 17, ""D"": 38, ""E"": 36}",True,False,False
DIF_ef7e2244a05f,3,open_count_bucket;pre_signal_low_bucket;market_touch_count_bucket,"{""market_touch_count_bucket"": ""101_150"", ""open_count_bucket"": ""4"", ""pre_signal_low_bucket"": ""0_3PCT""}",open_count_bucket=4 AND pre_signal_low_bucket=0_3PCT AND market_touch_count_bucket=101_150,995b61d024391081223cd752c290e15d0e948afa,29,0.6896551724137931,0.024966869629593044,0.0125001939797469,1.8717618997809868,-0.2504100742824381,0.2971055310979901,-0.1595638622725343,1.1127713370671684,3,16,1.2743858226618383,13,1.4687560599751461,46,43,3,0,124,0.6370967741935484,0.04117099414425788,0.02466341712600377,86.80914661663714,-0.3184826537823988,0.4892913885103991,-0.17629142067722955,1.9201520247054125,4,"{""A"": 46, ""C"": 21, ""D"": 15, ""E"": 42}",False,False,False
DIF_3f9571ec43f1,3,open_count_bucket;previous_seal_hold_bucket;open_gap_bucket,"{""open_count_bucket"": ""3"", ""open_gap_bucket"": ""3_7PCT"", ""previous_seal_hold_bucket"": ""6_10""}",open_count_bucket=3 AND previous_seal_hold_bucket=6_10 AND open_gap_bucket=3_7PCT,a2167a46d68dc81c4f96c8fe5da7449191c33f55,40,0.625,0.02941200303734786,0.00919891973369315,2.7790145799350654,-0.44329241350158943,0.2882668010828573,-0.1501914830156249,1.5713381170251979,3,23,1.3019365863077335,17,2.1345237618802124,50,46,4,0,122,0.6475409836065574,0.04079619791703349,0.023365180627577822,86.40870285172664,-0.2851779466680514,0.3687231660523884,-0.14417251000998996,2.064102138892287,5,"{""A"": 38, ""C"": 18, ""D"": 23, ""E"": 43}",True,False,False
DIF_e6a19d0ef9eb,3,previous_seal_hold_bucket;pre_signal_low_bucket;segment_seal_rate_bucket,"{""pre_signal_low_bucket"": ""GE7PCT"", ""previous_seal_hold_bucket"": ""GE11"", ""segment_seal_rate_bucket"": ""40_60PCT""}",previous_seal_hold_bucket=GE11 AND pre_signal_low_bucket=GE7PCT AND segment_seal_rate_bucket=40_60PCT,a2b3652074cb5c43c69b45323c8a80eb4f5f067d,29,0.5517241379310345,0.032833940740371714,0.0061329362657986,2.1415728569414814,-0.35250433672920856,0.4530211584033707,-0.1521967770535714,1.9606356072664335,4,15,1.5506137232335655,14,1.381113055336285,38,35,3,0,125,0.664,0.040867711334785346,0.02150756108281972,85.69697216772761,-0.3346600944192627,0.4892913885103991,-0.17629142067722955,1.6758832178783065,4,"{""A"": 41, ""C"": 23, ""D"": 14, ""E"": 47}",True,False,False
DIF_082e9ac0a840,3,open_count_bucket;open_gap_bucket;market_touch_count_bucket,"{""market_touch_count_bucket"": ""40_70"", ""open_count_bucket"": ""4"", ""open_gap_bucket"": ""3_7PCT""}",open_count_bucket=4 AND open_gap_bucket=3_7PCT AND market_touch_count_bucket=40_70,ecf44d2ea3693c0d9757b39fc2aaa354798dde1b,65,0.5846153846153846,0.020309271551306296,0.0085027960435636,3.0618443098313617,-0.3637552252762395,0.1935590908019999,-0.1501914830156249,1.3773286671325091,7,28,1.1494422923965029,37,2.6637651407863556,103,94,9,0,132,0.6287878787878788,0.038489726849327374,0.0187640112479598,85.51930043272662,-0.27695811519194713,0.4892913885103991,-0.17629142067722955,1.9355469555105798,5,"{""A"": 41, ""C"": 19, ""D"": 34, ""E"": 38}",True,False,False
DIF_42b61da7a52d,3,reseal_speed_bucket;break_close_depth_bucket;pre_signal_low_bucket,"{""break_close_depth_bucket"": ""LT0_2PCT"", ""pre_signal_low_bucket"": ""3_7PCT"", ""reseal_speed_bucket"": ""6_10""}",reseal_speed_bucket=6_10 AND break_close_depth_bucket=LT0_2PCT AND pre_signal_low_bucket=3_7PCT,89156db1eb79b8cfd1aaaa89baa0cec1ac7abcfc,58,0.603448275862069,0.021460484999425867,0.0043792194264981,2.9466043607130508,-0.22229510842089673,0.3090002845557691,-0.1501914830156249,1.4857932246207006,3,23,1.3142407292343947,35,2.2420583194294883,87,76,11,0,129,0.6666666666666666,0.038963147508505463,0.022708749607088758,85.48472228756472,-0.4008601845255447,0.3687231660523884,-0.17629142067722955,1.674145015671575,4,"{""A"": 40, ""C"": 20, ""D"": 29, ""E"": 40}",True,False,False
DIF_d5af10157d16,3,first_seal_time_bucket;open_count_bucket;segment_seal_rate_bucket,"{""first_seal_time_bucket"": ""1300_1359"", ""open_count_bucket"": ""4"", ""segment_seal_rate_bucket"": ""40_60PCT""}",first_seal_time_bucket=1300_1359 AND open_count_bucket=4 AND segment_seal_rate_bucket=40_60PCT,960cb74b2b37eee19c1ee811980a8d095822b69c,23,0.6086956521739131,0.020336328522181514,0.006433901854161,1.4336759434798312,-0.24337629515460613,0.2804551011527076,-0.1527802601283696,1.1917992550633065,3,10,1.1278813220188195,13,1.2711230476923432,32,27,5,0,122,0.6557377049180327,0.041800985014749985,0.02137555133739029,85.17884123943212,-0.3619318316602659,0.4892913885103991,-0.17629142067722955,1.7677608243819911,4,"{""A"": 43, ""C"": 22, ""D"": 9, ""E"": 48}",False,False,False
DIF_8777a836cb7a,3,reseal_speed_bucket;open_gap_bucket;segment_seal_rate_bucket,"{""open_gap_bucket"": ""GE7PCT"", ""reseal_speed_bucket"": ""11_20"", ""segment_seal_rate_bucket"": ""60_80PCT""}",reseal_speed_bucket=11_20 AND open_gap_bucket=GE7PCT AND segment_seal_rate_bucket=60_80PCT,bc277b5bef54ad12532d389c8ffb29b465588010,25,0.56,0.02443187591349935,0.022415562490963,1.7281102676446893,-0.14825549973175867,0.137297320831579,-0.1274921453846094,1.9364178837558883,3,12,1.1795383390242646,13,1.4650734193805126,39,27,12,0,125,0.64,0.04040693935059071,0.022708749607088758,83.327131129298,-0.27695811519194713,0.4892913885103991,-0.17629142067722955,1.9007644007187137,5,"{""A"": 45, ""C"": 20, ""D"": 14, ""E"": 46}",False,False,False
DIF_4e3c134d9e79,3,reseal_speed_bucket;previous_seal_hold_bucket;market_active_count_bucket,"{""market_active_count_bucket"": ""41_70"", ""previous_seal_hold_bucket"": ""6_10"", ""reseal_speed_bucket"": ""6_10""}",reseal_speed_bucket=6_10 AND previous_seal_hold_bucket=6_10 AND market_active_count_bucket=41_70,0a11300c21a4011f50044c41f2c82e2d970b41d3,45,0.6444444444444445,0.023858958980463616,0.0136540216053312,2.6178333116783787,-0.1050921911762448,0.2884420958080925,-0.1050921911762448,1.5140564790563404,2,19,1.7919413519184728,26,1.4608922936432585,75,60,15,0,126,0.6507936507936508,0.0396670880719963,0.021456858247948213,82.88797893303001,-0.2049749852122581,0.4892913885103991,-0.14417251000998996,1.9264721116912515,4,"{""A"": 43, ""C"": 16, ""D"": 27, ""E"": 40}",True,False,False
DIF_9773b64654ca,3,first_seal_time_bucket;market_active_count_bucket;market_break_rate_bucket,"{""first_seal_time_bucket"": ""1430_1454"", ""market_active_count_bucket"": ""71_100"", ""market_break_rate_bucket"": ""GE75PCT""}",first_seal_time_bucket=1430_1454 AND market_active_count_bucket=71_100 AND market_break_rate_bucket=GE75PCT,a5bdc3b229601b050836829736dbab95f0352057,20,0.6,0.020487214356514245,0.01362025354085615,1.4307543436662247,-0.11803276326373391,0.1374913917078358,-0.1180327632637339,1.3868620911597151,2,11,1.1532810145802992,9,1.240594725464117,32,23,9,0,123,0.6178861788617886,0.04109664126842103,0.022708749607088758,82.63738735655029,-0.3143374407954178,0.4892913885103991,-0.17629142067722955,2.0423208469318883,4,"{""A"": 47, ""C"": 19, ""D"": 12, ""E"": 45}",False,False,False
DIF_523a604c5ff5,3,reseal_time_bucket;first_to_reseal_bucket;open_gap_bucket,"{""first_to_reseal_bucket"": ""16_30"", ""open_gap_bucket"": ""3_7PCT"", ""reseal_time_bucket"": ""1031_1130""}",reseal_time_bucket=1031_1130 AND first_to_reseal_bucket=16_30 AND open_gap_bucket=3_7PCT,d61c20340f47bcd65aba989e529f20bc06814cfc,45,0.6,0.023697886250682802,0.0085832426999999,2.524082367057423,-0.19443450102710946,0.2858048076223851,-0.1209957086089992,1.5671877724700098,4,23,1.2846131584168672,22,1.9648579422680472,75,59,16,0,130,0.6384615384615384,0.038285215125632974,0.021772339958801158,82.0620353827559,-0.2532148938505788,0.3687231660523884,-0.14417251000998996,1.8849970301408492,4,"{""A"": 42, ""C"": 24, ""D"": 24, ""E"": 40}",True,False,False
DIF_2bb40fc421b1,3,first_seal_time_bucket;previous_seal_hold_bucket;open_gap_bucket,"{""first_seal_time_bucket"": ""1300_1359"", ""open_gap_bucket"": ""3_7PCT"", ""previous_seal_hold_bucket"": ""6_10""}",first_seal_time_bucket=1300_1359 AND previous_seal_hold_bucket=6_10 AND open_gap_bucket=3_7PCT,753f56e4b3adaca81c059d64ff7919e15db7e884,34,0.5882352941176471,0.029546872966176804,0.01245199069265655,2.465974415625403,-0.1752255201351839,0.3038459078661051,-0.0872843357294118,2.25754497928267,3,15,1.411441873764764,19,1.7471313990762263,44,38,6,0,125,0.64,0.04000236042796521,0.0196894668025993,81.03997377577387,-0.2902637616074133,0.3687231660523884,-0.17629142067722955,1.8829938452110506,4,"{""A"": 44, ""C"": 21, ""D"": 18, ""E"": 42}",True,False,False
DIF_b57089b77ab5,3,first_seal_time_bucket;open_gap_bucket;market_active_count_bucket,"{""first_seal_time_bucket"": ""1001_1030"", ""market_active_count_bucket"": ""41_70"", ""open_gap_bucket"": ""3_7PCT""}",first_seal_time_bucket=1001_1030 AND open_gap_bucket=3_7PCT AND market_active_count_bucket=41_70,2315ac3f33074f409e6832e55069304e8ddba3d1,38,0.6578947368421053,0.020359804771025808,0.014074186573841602,1.9565780221490863,-0.18902727573307165,0.2882668010828573,-0.1046538263036539,1.129551622628944,2,21,1.1352445514470253,17,1.7234859393556727,66,54,12,0,126,0.6507936507936508,0.03986912527645123,0.02210815534495424,80.89666554221742,-0.2532148938505788,0.4892913885103991,-0.14417251000998996,1.7826851632508356,5,"{""A"": 43, ""C"": 20, ""D"": 21, ""E"": 42}",False,False,False
DIF_9851ec5c5622,3,first_seal_time_bucket;open_gap_bucket;segment_seal_rate_bucket,"{""first_seal_time_bucket"": ""1300_1359"", ""open_gap_bucket"": ""3_7PCT"", ""segment_seal_rate_bucket"": ""60_80PCT""}",first_seal_time_bucket=1300_1359 AND open_gap_bucket=3_7PCT AND segment_seal_rate_bucket=60_80PCT,3ec50f6a18964ca58a69acbdb3b1a672585eaa13,47,0.7021276595744681,0.024633880008669264,0.0163487597769795,2.9096467845740364,-0.2199548576373047,0.1832671537460202,-0.0872843357294118,1.3504500404921935,3,19,0.9860594501977897,28,2.9507823123549017,68,59,9,0,124,0.6532258064516129,0.040525035690027,0.01867195321516158,80.65815161224329,-0.3031197819681082,0.4892913885103991,-0.17629142067722955,1.8232576365169775,5,"{""A"": 43, ""C"": 17, ""D"": 28, ""E"": 36}",True,False,False
DIF_bfabd023ed36,3,first_seal_time_bucket;reseal_speed_bucket;segment_bucket,"{""first_seal_time_bucket"": ""1031_1130"", ""reseal_speed_bucket"": ""11_20"", ""segment_bucket"": ""GROWTH_BOARD""}",first_seal_time_bucket=1031_1130 AND reseal_speed_bucket=11_20 AND segment_bucket=GROWTH_BOARD,afa091859a6f73fca4240ba8876a4471ef48929e,38,0.5526315789473685,0.0253505456940899,0.002415040000557,2.161663854122427,-0.26495174506125707,0.28694227255116,-0.1553201845028998,1.7028716609922787,3,18,1.240807237859565,20,1.7421431695154932,70,51,19,0,127,0.6141732283464567,0.039888608429507436,0.01852346386305976,80.36992710186937,-0.3163810936173077,0.4892913885103991,-0.2040006245101206,2.009061929634662,4,"{""A"": 39, ""C"": 20, ""D"": 24, ""E"": 44}",True,False,False
DIF_158f7558fca8,3,cumulative_amount_bucket;market_touch_count_bucket;market_active_count_bucket,"{""cumulative_amount_bucket"": ""GE1_5"", ""market_active_count_bucket"": ""71_100"", ""market_touch_count_bucket"": ""101_150""}",cumulative_amount_bucket=GE1_5 AND market_touch_count_bucket=101_150 AND market_active_count_bucket=71_100,2c6d813a881d6a22d9747beb0d33bb7db7e76b9e,38,0.6842105263157895,0.025422862324090606,0.013433799381003548,2.4943671632486413,-0.11315373937077755,0.1370096175743778,-0.0706117402412451,2.429871033402439,2,20,1.903909534049693,18,1.3101290364059583,72,61,11,0,124,0.6370967741935484,0.04005038335132054,0.0230432370814819,80.10802096572725,-0.22970534744710858,0.4892913885103991,-0.14417251000998996,2.081709376804054,4,"{""A"": 44, ""C"": 17, ""D"": 23, ""E"": 40}",True,False,False
DIF_fdac7ee8ce18,3,first_to_reseal_bucket;market_active_count_bucket;market_break_rate_bucket,"{""first_to_reseal_bucket"": ""LE15"", ""market_active_count_bucket"": ""71_100"", ""market_break_rate_bucket"": ""GE75PCT""}",first_to_reseal_bucket=LE15 AND market_active_count_bucket=71_100 AND market_break_rate_bucket=GE75PCT,5525d481ae37eecf4b4e8faea969b2e58ff3855e,36,0.6388888888888888,0.020778697394654842,0.01154768473554045,2.0015761763608375,-0.1371841056989347,0.1374913917078358,-0.0817684615453608,1.6160520431138639,4,17,1.221884565146478,19,1.6381057863030541,71,64,7,0,127,0.6456692913385826,0.0390326128971089,0.02337772455587504,79.42132394664182,-0.2297053474471087,0.4892913885103991,-0.14417251000998996,1.917047451171404,4,"{""A"": 49, ""C"": 12, ""D"": 26, ""E"": 40}",False,False,False
DIF_07f779bc0a3f,3,open_count_bucket;pre_signal_low_bucket;market_break_rate_bucket,"{""market_break_rate_bucket"": ""GE75PCT"", ""open_count_bucket"": ""3"", ""pre_signal_low_bucket"": ""GE7PCT""}",open_count_bucket=3 AND pre_signal_low_bucket=GE7PCT AND market_break_rate_bucket=GE75PCT,a729a3f39bb8169103def338300d6d56b5431c93,26,0.6923076923076923,0.03456024740219298,0.02176685184686445,2.2824358976634236,-0.12300541225898276,0.2886461432667387,-0.0680501678034618,2.146902778421707,2,11,1.519927229482823,15,1.5016744574278447,37,31,6,0,125,0.648,0.03989812628587683,0.02150756108281972,79.26712423671695,-0.37614818063421074,0.4892913885103991,-0.17629142067722955,1.8421127877167993,4,"{""A"": 44, ""C"": 23, ""D"": 18, ""E"": 40}",True,False,False
DIF_305261a80a5a,3,break_close_depth_bucket;open_gap_bucket;market_active_count_bucket,"{""break_close_depth_bucket"": ""LT0_2PCT"", ""market_active_count_bucket"": ""41_70"", ""open_gap_bucket"": ""3_7PCT""}",break_close_depth_bucket=LT0_2PCT AND open_gap_bucket=3_7PCT AND market_active_count_bucket=41_70,20e2da2c581b8592750d3b9adde18bbc4820f663,81,0.5679012345679012,0.024268796373324138,0.0088760651062013,5.2601318282429075,-0.42084597461406714,0.3721270239550671,-0.1623051839889401,1.6946711744018794,6,36,1.7766893520205456,45,2.96063677212947,159,141,18,0,133,0.6165413533834586,0.03734089303207191,0.02150756108281972,78.59813641824908,-0.2708906021991079,0.3721270239550671,-0.1623051839889401,1.9800928485308822,4,"{""A"": 36, ""C"": 14, ""D"": 53, ""E"": 30}",True,False,False
DIF_fe12d974a96d,3,reseal_time_bucket;market_active_count_bucket;market_seal_rate_bucket,"{""market_active_count_bucket"": ""20_40"", ""market_seal_rate_bucket"": ""40_60PCT"", ""reseal_time_bucket"": ""1031_1130""}",reseal_time_bucket=1031_1130 AND market_active_count_bucket=20_40 AND market_seal_rate_bucket=40_60PCT,8c458f8c4868155e6d3d6df6a3f5557cab392a7c,28,0.6071428571428571,0.021229139639405648,0.00703478881569275,1.6889549700752575,-0.16919728290296987,0.1813358274087592,-0.0955137989142857,1.3745392536680758,3,10,1.3217448923504667,18,1.2778222029455157,39,34,5,0,122,0.6721311475409836,0.04027727598339576,0.02210815534495424,78.00036586055407,-0.24333783949608734,0.3687231660523884,-0.17629142067722955,1.6918645167343953,4,"{""A"": 37, ""C"": 22, ""D"": 15, ""E"": 48}",False,False,False
DIF_309452763dcc,3,first_seal_time_bucket;reseal_speed_bucket;open_gap_bucket,"{""first_seal_time_bucket"": ""1300_1359"", ""open_gap_bucket"": ""3_7PCT"", ""reseal_speed_bucket"": ""LE1""}",first_seal_time_bucket=1300_1359 AND reseal_speed_bucket=LE1 AND open_gap_bucket=3_7PCT,6db98f4c3825145ecd0b77b23764801f1034e8f0,48,0.6458333333333334,0.028770285260399108,0.012095771018486301,3.502491394341968,-0.22102573972200923,0.3038459078661051,-0.0759731788180645,1.9409538713464056,4,19,1.3270246045797276,29,2.6393567852882547,74,63,11,0,124,0.6370967741935484,0.03984302274335811,0.01925495468493135,77.1728449008379,-0.27695811519194713,0.3687231660523884,-0.17629142067722955,1.9228157855270722,4,"{""A"": 37, ""C"": 20, ""D"": 30, ""E"": 37}",True,False,False
DIF_6890788d4582,3,open_count_bucket;break_close_depth_bucket;market_seal_rate_bucket,"{""break_close_depth_bucket"": ""0_5_1PCT"", ""market_seal_rate_bucket"": ""GE80PCT"", ""open_count_bucket"": ""3""}",open_count_bucket=3 AND break_close_depth_bucket=0_5_1PCT AND market_seal_rate_bucket=GE80PCT,998ef15d0fa7d5b62f53ce7e3a860eb217dd1870,51,0.5686274509803921,0.020324575082102565,0.0139829386765085,2.488896933913752,-0.21561708937225132,0.1376825874599999,-0.11585787828,1.5772140538159087,6,33,2.136931055900196,18,1.1647062393715313,83,69,14,0,126,0.6507936507936508,0.039478084211121936,0.021976145599524807,76.9251799213486,-0.2297053474471088,0.4892913885103991,-0.14417251000998996,1.7444106759423659,4,"{""A"": 40, ""C"": 19, ""D"": 30, ""E"": 37}",True,False,False
DIF_7df4e88ca4cf,3,reseal_speed_bucket;cumulative_amount_bucket;segment_seal_rate_bucket,"{""cumulative_amount_bucket"": ""0_5_1"", ""reseal_speed_bucket"": ""6_10"", ""segment_seal_rate_bucket"": ""60_80PCT""}",reseal_speed_bucket=6_10 AND cumulative_amount_bucket=0_5_1 AND segment_seal_rate_bucket=60_80PCT,4c585ff69f27c70885d2d1cf61c2646b15ccef60,68,0.6029411764705882,0.023329541196576594,0.01838305992779505,3.8528383598765368,-0.2913118034649337,0.2566166619278637,-0.1923385811861804,1.3533843612276373,5,26,2.3203245149039606,42,1.6604739273015043,130,99,31,0,133,0.6165413533834586,0.03774854139346778,0.01852346386305976,76.58145178063332,-0.2738965829456331,0.4892913885103991,-0.17629142067722955,1.874609139962105,5,"{""A"": 35, ""C"": 19, ""D"": 39, ""E"": 40}",True,False,False
DIF_77cc00e52bd9,3,reseal_speed_bucket;open_gap_bucket;cumulative_amount_bucket,"{""cumulative_amount_bucket"": ""1_1_5"", ""open_gap_bucket"": ""3_7PCT"", ""reseal_speed_bucket"": ""11_20""}",reseal_speed_bucket=11_20 AND open_gap_bucket=3_7PCT AND cumulative_amount_bucket=1_1_5,60f7a1b8922e96ce14ad84d1939fe089df0fecbb,50,0.6,0.020052158238470688,0.022136802292031202,2.3417392380837576,-0.36870219403153115,0.1935590908019999,-0.1358012912087264,1.2766733497413372,5,22,1.7102882404967745,28,1.3692073550149475,82,68,14,0,128,0.625,0.039068213409210545,0.027315040110394227,75.86967745343044,-0.37001176698861915,0.4892913885103991,-0.17629142067722955,1.7841896375982325,4,"{""A"": 43, ""C"": 16, ""D"": 31, ""E"": 38}",True,False,False
DIF_f45a50078a53,3,reseal_speed_bucket;market_touch_count_bucket;market_active_count_bucket,"{""market_active_count_bucket"": ""71_100"", ""market_touch_count_bucket"": ""101_150"", ""reseal_speed_bucket"": ""GE21""}",reseal_speed_bucket=GE21 AND market_touch_count_bucket=101_150 AND market_active_count_bucket=71_100,e09a51fd78ece57a719a372a70c19ad312da95e9,34,0.6176470588235294,0.020841172506859778,0.01345632967944105,1.9007743779024184,-0.2349417554201063,0.1369597436745481,-0.0972566717571428,1.545903364273354,3,19,1.6617411880235282,15,1.143845017263607,68,54,14,0,124,0.6290322580645161,0.03993259630995457,0.0230432370814819,74.90205052546895,-0.29806751124412734,0.4892913885103991,-0.1797108099429871,1.9059095070616783,7,"{""A"": 45, ""C"": 18, ""D"": 19, ""E"": 42}",False,False,False
DIF_f8acb7e03dbd,3,open_count_bucket;reseal_speed_bucket;open_gap_bucket,"{""open_count_bucket"": ""1"", ""open_gap_bucket"": ""3_7PCT"", ""reseal_speed_bucket"": ""11_20""}",open_count_bucket=1 AND reseal_speed_bucket=11_20 AND open_gap_bucket=3_7PCT,adddd73637d865aa8d686acd204ae08cfb842ab2,63,0.6349206349206349,0.020690069608036828,0.0176010279357336,3.281895194589397,-0.251610791210792,0.1861400207752714,-0.0909900937864008,1.5001726582466217,4,29,1.3180394669772026,34,2.4899824905214025,134,91,43,0,129,0.627906976744186,0.03810661257203009,0.02337772455587504,73.49896722810894,-0.30723083985996347,0.4892913885103991,-0.17629142067722955,1.8701799912217956,5,"{""A"": 37, ""C"": 20, ""D"": 29, ""E"": 43}",True,False,False
DIF_8f247a4b7d4a,3,open_count_bucket;reseal_speed_bucket;segment_bucket,"{""open_count_bucket"": ""3"", ""reseal_speed_bucket"": ""GE21"", ""segment_bucket"": ""GROWTH_BOARD""}",open_count_bucket=3 AND reseal_speed_bucket=GE21 AND segment_bucket=GROWTH_BOARD,2b9badadefec8a224514597dccc49c3df54876ea,35,0.5714285714285714,0.023633237792505802,0.0055239889040279,2.031001956058531,-0.18465667033346933,0.2784135267134124,-0.0858519793567021,1.653757851080001,3,19,1.3636683383844443,16,1.4893665115556507,48,41,7,0,126,0.6587301587301587,0.03876788004656136,0.02896243205901071,73.34710680148969,-0.3287148348781751,0.4892913885103991,-0.17629142067722955,1.710557531198366,4,"{""A"": 41, ""C"": 19, ""D"": 17, ""E"": 49}",True,False,False
DIF_8ce570142e55,3,first_seal_time_bucket;previous_seal_hold_bucket;open_gap_bucket,"{""first_seal_time_bucket"": ""1300_1359"", ""open_gap_bucket"": ""3_7PCT"", ""previous_seal_hold_bucket"": ""LE1""}",first_seal_time_bucket=1300_1359 AND previous_seal_hold_bucket=LE1 AND open_gap_bucket=3_7PCT,b5462ee5223829867931003f3da8547a57743ae2,49,0.6326530612244898,0.022955876416851536,0.0196894668025993,2.7500406156529604,-0.2881618103655602,0.148433098663605,-0.0951850124216592,1.371940893297646,5,21,0.8967972610328411,28,3.0665131743218534,65,58,7,0,127,0.6535433070866141,0.038247659871704344,0.0208191300483869,72.96553449929526,-0.2849343563172241,0.3687231660523884,-0.14417251000998996,1.711868429834134,5,"{""A"": 46, ""C"": 17, ""D"": 26, ""E"": 38}",True,False,False
DIF_70083b0de053,3,reseal_time_bucket;pre_signal_low_bucket;market_active_count_bucket,"{""market_active_count_bucket"": ""LT20"", ""pre_signal_low_bucket"": ""0_3PCT"", ""reseal_time_bucket"": ""1031_1130""}",reseal_time_bucket=1031_1130 AND pre_signal_low_bucket=0_3PCT AND market_active_count_bucket=LT20,1ce0836097424821537f0dd5d6a2893c32287595,27,0.5555555555555556,0.0210941991726818,0.0096427748446928,1.6479988423694067,-0.15053450216303954,0.2397254494319167,-0.0944065620494118,1.8246046050300144,3,17,1.5630101098163265,10,1.0543750370002838,40,32,8,0,126,0.6507936507936508,0.038479968712580755,0.020211942051355535,72.7622982463515,-0.276958115191947,0.3687231660523884,-0.17629142067722955,1.772171614778383,4,"{""A"": 38, ""C"": 25, ""D"": 15, ""E"": 48}",False,False,False
DIF_01e1edbab8db,3,reseal_speed_bucket;previous_seal_hold_bucket;pre_signal_low_bucket,"{""pre_signal_low_bucket"": ""3_7PCT"", ""previous_seal_hold_bucket"": ""6_10"", ""reseal_speed_bucket"": ""11_20""}",reseal_speed_bucket=11_20 AND previous_seal_hold_bucket=6_10 AND pre_signal_low_bucket=3_7PCT,84e12b6ac61f320e0ea9c09f33017f4210fa1d24,25,0.6,0.02150369453813198,0.0098040516043167,1.603515030822987,-0.2824469018317092,0.2279000235257143,-0.086843798736,1.5003206465107672,3,12,1.3822596476085802,13,1.1600678885455398,29,26,3,0,127,0.6535433070866141,0.03865522592995095,0.02150756108281972,72.51926129024052,-0.27695811519194713,0.4892913885103991,-0.17629142067722955,1.686490619228685,4,"{""A"": 44, ""C"": 23, ""D"": 11, ""E"": 49}",False,False,False
DIF_66319da02a20,3,reseal_time_bucket;market_seal_rate_bucket;segment_seal_rate_bucket,"{""market_seal_rate_bucket"": ""40_60PCT"", ""reseal_time_bucket"": ""1031_1130"", ""segment_seal_rate_bucket"": ""40_60PCT""}",reseal_time_bucket=1031_1130 AND market_seal_rate_bucket=40_60PCT AND segment_seal_rate_bucket=40_60PCT,5f101d63e3bf9c7ebe508437630d663002dee6f7,26,0.6153846153846154,0.020348226241132947,0.0216536538346214,1.5774166720077685,-0.2544678949757101,0.1813358274087592,-0.1186095371999999,1.2232380169766397,2,13,0.9370883669679198,13,1.6833168862310397,43,36,7,0,122,0.6557377049180327,0.03948087118195789,0.02137555133739029,71.48034442911299,-0.24333783949608734,0.3687231660523884,-0.17629142067722955,1.786378234424262,4,"{""A"": 38, ""C"": 24, ""D"": 12, ""E"": 48}",False,False,False
DIF_441e0f7ecbb7,3,reseal_speed_bucket;break_close_depth_bucket;pre_signal_low_bucket,"{""break_close_depth_bucket"": ""0_2_0_5PCT"", ""pre_signal_low_bucket"": ""3_7PCT"", ""reseal_speed_bucket"": ""6_10""}",reseal_speed_bucket=6_10 AND break_close_depth_bucket=0_2_0_5PCT AND pre_signal_low_bucket=3_7PCT,b1178bc4382fb8d17f344939f1394f6a936ee425,40,0.625,0.025118413123644788,0.0118055230980573,2.4940024931076,-0.11088371808651298,0.3090002845557691,-0.0821597839809474,2.0211313279060326,3,22,1.813883309019363,18,1.3749520052951634,59,51,8,0,124,0.6451612903225806,0.0391366107863881,0.0268716861904899,70.97211555215436,-0.276958115191947,0.4892913885103991,-0.17629142067722955,1.8644478947965135,4,"{""A"": 43, ""C"": 21, ""D"": 15, ""E"": 45}",True,False,False
DIF_979aadfe3f2a,3,open_count_bucket;previous_seal_hold_bucket;pre_signal_low_bucket,"{""open_count_bucket"": ""3"", ""pre_signal_low_bucket"": ""3_7PCT"", ""previous_seal_hold_bucket"": ""6_10""}",open_count_bucket=3 AND previous_seal_hold_bucket=6_10 AND pre_signal_low_bucket=3_7PCT,c86bd9142414d6edc3ea358d0424c4b7fcccc97d,35,0.6285714285714286,0.020556980906051,0.0072169309548385,1.8319107413366607,-0.4495757693732648,0.2882668010828573,-0.1501914830156249,1.2483618445504434,3,18,1.022954874007241,17,1.7908030822126892,44,41,3,0,123,0.6504065040650406,0.03877865885127674,0.022708749607088758,70.72113689807509,-0.2659606959242684,0.3687231660523884,-0.14417251000998996,1.9369565894575127,4,"{""A"": 41, ""C"": 19, ""D"": 20, ""E"": 43}",False,False,False
DIF_936728d89c4e,3,reseal_time_bucket;reseal_speed_bucket;previous_seal_hold_bucket,"{""previous_seal_hold_bucket"": ""6_10"", ""reseal_speed_bucket"": ""GE21"", ""reseal_time_bucket"": ""1300_1359""}",reseal_time_bucket=1300_1359 AND reseal_speed_bucket=GE21 AND previous_seal_hold_bucket=6_10,74882a1826ab99ac8a385df14b350c9fe1b82509,60,0.6,0.022779333841495622,0.013228826762308549,3.374358418503062,-0.2301149384863771,0.1813358274087592,-0.1445917263193202,1.579245050266503,5,32,1.8211758852520539,28,1.8528459803518893,100,84,16,0,128,0.6484375,0.038162675200533513,0.0217848529962331,69.74626587324306,-0.3958011360109611,0.4892913885103991,-0.17629142067722955,1.6532379976435172,5,"{""A"": 41, ""C"": 17, ""D"": 34, ""E"": 36}",True,False,False
DIF_7d626b7e4a22,3,reseal_speed_bucket;cumulative_amount_bucket;market_touch_count_bucket,"{""cumulative_amount_bucket"": ""0_5_1"", ""market_touch_count_bucket"": ""40_70"", ""reseal_speed_bucket"": ""6_10""}",reseal_speed_bucket=6_10 AND cumulative_amount_bucket=0_5_1 AND market_touch_count_bucket=40_70,904c8b014b049952daff395a798bb28a0e23fbcd,64,0.609375,0.030021719236000423,0.015217234030406451,5.696370323657709,-0.28074566421341185,0.1935590908019999,-0.1050921911762448,1.7703708248391672,7,26,2.4469998029938957,38,2.3278997884218127,116,95,21,0,128,0.640625,0.0379252931732488,0.018851903186904988,69.02733886539735,-0.32117493163817235,0.4892913885103991,-0.17629142067722955,1.777520313108907,6,"{""A"": 38, ""C"": 16, ""D"": 36, ""E"": 38}",True,False,False
DIF_056b941da7c4,3,open_gap_bucket;segment_bucket;segment_seal_rate_bucket,"{""open_gap_bucket"": ""3_7PCT"", ""segment_bucket"": ""GROWTH_BOARD"", ""segment_seal_rate_bucket"": ""60_80PCT""}",open_gap_bucket=3_7PCT AND segment_bucket=GROWTH_BOARD AND segment_seal_rate_bucket=60_80PCT,52dbe9326cc9531b92349237f8e14d7d8e30efdd,57,0.5789473684210527,0.02468472055530927,0.0057477040600678,3.329915043714269,-0.26191708062273455,0.2858048076223851,-0.112759327640625,1.6806263387640752,7,28,1.312104644366189,29,2.537842585964461,97,75,22,0,129,0.627906976744186,0.037361461520208396,0.01852346386305976,68.34272531140904,-0.29581368828851407,0.4892913885103991,-0.14417251000998996,1.9289477397288113,5,"{""A"": 40, ""C"": 18, ""D"": 30, ""E"": 41}",True,False,False
DIF_1c072737a711,3,reseal_time_bucket;first_seal_time_bucket;open_gap_bucket,"{""first_seal_time_bucket"": ""1001_1030"", ""open_gap_bucket"": ""3_7PCT"", ""reseal_time_bucket"": ""1031_1130""}",reseal_time_bucket=1031_1130 AND first_seal_time_bucket=1001_1030 AND open_gap_bucket=3_7PCT,37433ab31b76ee0d9c7b836fefec9ec0050cc650,55,0.6,0.022344782299670286,0.0162282492381271,2.8723164880424066,-0.17428999824217695,0.3721270239550671,-0.1046538263036539,1.450231189824638,2,24,1.608725266204456,31,1.7854611650497676,97,78,19,0,133,0.631578947368421,0.03601789989570427,0.021243541591960853,67.96921579090474,-0.2938859031975196,0.3721270239550671,-0.14417251000998996,1.7997523421316894,7,"{""A"": 39, ""C"": 20, ""D"": 38, ""E"": 36}",True,False,False
DIF_f9715ecc8ecb,3,reseal_speed_bucket;open_gap_bucket;segment_seal_rate_bucket,"{""open_gap_bucket"": ""3_7PCT"", ""reseal_speed_bucket"": ""11_20"", ""segment_seal_rate_bucket"": ""GE80PCT""}",reseal_speed_bucket=11_20 AND open_gap_bucket=3_7PCT AND segment_seal_rate_bucket=GE80PCT,161ba23998efe590590679501bcc2c33fe4c87a4,65,0.6,0.021594354410791175,0.0061984950391077,3.1518801829838794,-0.28318279240557065,0.3721270239550671,-0.1358012912087264,1.313413064532733,3,33,1.5341701455205277,32,2.054452820755731,120,93,27,0,130,0.6076923076923076,0.03783190509426634,0.01867195321516158,67.7873981563844,-0.22970534744710858,0.4892913885103991,-0.14417251000998996,1.863520652406774,5,"{""A"": 40, ""C"": 18, ""D"": 36, ""E"": 36}",True,False,False
DIF_bb1feb0d2f2f,3,first_seal_time_bucket;first_to_reseal_bucket;previous_seal_hold_bucket,"{""first_seal_time_bucket"": ""1001_1030"", ""first_to_reseal_bucket"": ""16_30"", ""previous_seal_hold_bucket"": ""GE11""}",first_seal_time_bucket=1001_1030 AND first_to_reseal_bucket=16_30 AND previous_seal_hold_bucket=GE11,bbf533d37de94e1d972de1a6751f8d92dc02a86f,68,0.5882352941176471,0.020831293335511255,0.0095636086741072,3.5683562591252116,-0.27183761158928843,0.1371647242864246,-0.0962389859983086,1.5894942344930318,5,33,1.486438248979602,35,2.40060847571353,135,101,34,0,131,0.6259541984732825,0.03639445022350347,0.019180342510750216,66.12781641330551,-0.2944807306318994,0.4892913885103991,-0.14417251000998996,1.9272207194625615,7,"{""A"": 38, ""C"": 17, ""D"": 36, ""E"": 40}",True,False,False
DIF_b87b5d87bb20,3,open_count_bucket;first_to_reseal_bucket;cumulative_amount_bucket,"{""cumulative_amount_bucket"": ""0_5_1"", ""first_to_reseal_bucket"": ""GE121"", ""open_count_bucket"": ""3""}",open_count_bucket=3 AND first_to_reseal_bucket=GE121 AND cumulative_amount_bucket=0_5_1,593606b2786340e96d6f09b3f1521b9a104bc2ed,39,0.6923076923076923,0.02174892340646935,0.0153693356146015,2.095641844390142,-0.3050534577797869,0.138151360155665,-0.219507768153365,1.0256871302200485,3,18,1.0944436296858109,21,1.9148010802454505,56,48,8,0,128,0.6640625,0.03696610389124734,0.02210815534495424,64.72143058137196,-0.39569905262946237,0.3687231660523884,-0.219507768153365,1.6387935660516406,4,"{""A"": 40, ""C"": 14, ""D"": 26, ""E"": 48}",True,False,False
DIF_0c2d875035f2,3,first_to_reseal_bucket;break_close_depth_bucket;open_gap_bucket,"{""break_close_depth_bucket"": ""0_5_1PCT"", ""first_to_reseal_bucket"": ""GE121"", ""open_gap_bucket"": ""GE7PCT""}",first_to_reseal_bucket=GE121 AND break_close_depth_bucket=0_5_1PCT AND open_gap_bucket=GE7PCT,bd3992c2aaea3eb7f3fb6ba1454e34ea3501abb7,35,0.5714285714285714,0.04003435435160282,0.013284025002907,3.460046603352586,-0.18078246179757196,0.3339820061776503,-0.0876108295689473,2.6781236274431475,5,22,2.3986372418223842,13,1.442505162107709,57,40,17,0,129,0.6356589147286822,0.036342099979434286,0.01838722394693575,63.49397732313354,-0.2724258680688295,0.3687231660523884,-0.14417251000998996,1.8855240794332118,5,"{""A"": 43, ""C"": 20, ""D"": 24, ""E"": 42}",True,False,False
DIF_b14eeb3debc4,3,reseal_time_bucket;open_count_bucket;cumulative_amount_bucket,"{""cumulative_amount_bucket"": ""0_5_1"", ""open_count_bucket"": ""GE5"", ""reseal_time_bucket"": ""1300_1359""}",reseal_time_bucket=1300_1359 AND open_count_bucket=GE5 AND cumulative_amount_bucket=0_5_1,7eb55c2aa2f7a98e6bd2e5b61f8d8a18adeacae6,40,0.675,0.026679702697185677,0.014264008020289801,2.604820670703801,-0.2527780013269798,0.13694135819776,-0.1923385811861804,1.3020911603975502,3,17,1.0624828217434816,23,2.4516355628502478,56,52,4,0,123,0.6341463414634146,0.03831298160187511,0.0179833576551207,62.931214736590796,-0.261725064286354,0.4892913885103991,-0.14417251000998996,1.971983733304833,6,"{""A"": 44, ""C"": 17, ""D"": 22, ""E"": 40}",True,False,False
DIF_9456ab6622c7,3,open_count_bucket;cumulative_amount_bucket;market_active_count_bucket,"{""cumulative_amount_bucket"": ""0_5_1"", ""market_active_count_bucket"": ""20_40"", ""open_count_bucket"": ""GE5""}",open_count_bucket=GE5 AND cumulative_amount_bucket=0_5_1 AND market_active_count_bucket=20_40,9b66ebe0df82a6127db2164643afa0d7265e58f5,32,0.625,0.02182174783757613,0.016711760484673453,1.8587575140110046,-0.2520084312007752,0.1326968233102252,-0.1923385811861804,1.4658029343156067,2,17,1.3030803065450762,15,1.426433585616242,44,38,6,0,125,0.648,0.03724820884307056,0.021243541591960853,61.72364234743507,-0.3232262558207164,0.3687231660523884,-0.17629142067722955,1.777699658582326,6,"{""A"": 43, ""C"": 21, ""D"": 16, ""E"": 45}",False,False,False
DIF_8aea442badc7,3,reseal_time_bucket;first_to_reseal_bucket;segment_bucket,"{""first_to_reseal_bucket"": ""31_60"", ""reseal_time_bucket"": ""1430_1454"", ""segment_bucket"": ""GROWTH_BOARD""}",reseal_time_bucket=1430_1454 AND first_to_reseal_bucket=31_60 AND segment_bucket=GROWTH_BOARD,025bd4d863447667f55672eeca92db127cfe59e1,25,0.56,0.023905346559506338,0.0190250680674062,1.6503520022289642,-0.26600194298339386,0.2884144470203034,-0.1762669073000001,1.6876876617058154,4,12,1.0741791392049198,13,1.5363843347865724,53,33,20,0,126,0.6111111111111112,0.03771173407524537,0.018774265965232982,61.272144764802974,-0.36619199190782903,0.4892913885103991,-0.1762669073000001,1.9586997673734694,4,"{""A"": 47, ""C"": 21, ""D"": 14, ""E"": 44}",False,False,False
DIF_c7e997348c8d,3,open_count_bucket;previous_seal_hold_bucket;market_active_count_bucket,"{""market_active_count_bucket"": ""41_70"", ""open_count_bucket"": ""3"", ""previous_seal_hold_bucket"": ""6_10""}",open_count_bucket=3 AND previous_seal_hold_bucket=6_10 AND market_active_count_bucket=41_70,d6775a48335d49ab3a22f44ae0960271c3cbe812,48,0.625,0.027380873715228723,0.01718999745368885,3.2761282015739157,-0.17417789958184748,0.2784135267134124,-0.1209957086089992,1.8004674575697615,4,21,1.394523188987723,27,2.3492819821461977,84,70,14,0,125,0.624,0.0373666292534269,0.017455902077423015,60.893787270898315,-0.3180862892488463,0.4892913885103991,-0.14417251000998996,2.0500437135954557,7,"{""A"": 42, ""C"": 14, ""D"": 29, ""E"": 40}",True,False,False
DIF_8ca799a1e392,3,first_seal_time_bucket;open_count_bucket;open_gap_bucket,"{""first_seal_time_bucket"": ""1300_1359"", ""open_count_bucket"": ""3"", ""open_gap_bucket"": ""3_7PCT""}",first_seal_time_bucket=1300_1359 AND open_count_bucket=3 AND open_gap_bucket=3_7PCT,8d31784dac29166c14d9942ff5a8a92759b50a89,40,0.625,0.02078128162032857,0.01925495468493135,2.088484873911191,-0.3025721853391973,0.148433098663605,-0.0951850124216592,1.297120194610148,4,16,0.893954302523326,24,2.3362322526063304,56,48,8,0,125,0.64,0.036952732549933406,0.0196894668025993,59.36169244832075,-0.22970534744710858,0.3687231660523884,-0.14417251000998996,1.832165941098842,4,"{""A"": 41, ""C"": 20, ""D"": 27, ""E"": 37}",True,False,False
DIF_b44af3cfd546,3,reseal_speed_bucket;break_close_depth_bucket;open_gap_bucket,"{""break_close_depth_bucket"": ""0_2_0_5PCT"", ""open_gap_bucket"": ""3_7PCT"", ""reseal_speed_bucket"": ""11_20""}",reseal_speed_bucket=11_20 AND break_close_depth_bucket=0_2_0_5PCT AND open_gap_bucket=3_7PCT,c8cc870bc5cac89f4614699577617f9420e50a59,45,0.5777777777777777,0.020502355197895904,0.0019052760974923,2.22066017908755,-0.25243471748244695,0.3090002845557691,-0.1176585362117647,1.629722146842784,4,24,2.191388056117376,21,1.0133577998148071,67,54,13,0,123,0.6422764227642277,0.03695584025674187,0.01852346386305976,55.709012346029894,-0.2297053474471087,0.3687231660523884,-0.14417251000998996,1.783801554265484,4,"{""A"": 39, ""C"": 18, ""D"": 24, ""E"": 42}",True,False,False
DIF_5574ca34b6be,3,reseal_time_bucket;break_close_depth_bucket;pre_signal_low_bucket,"{""break_close_depth_bucket"": ""0_2_0_5PCT"", ""pre_signal_low_bucket"": ""3_7PCT"", ""reseal_time_bucket"": ""0930_1000""}",reseal_time_bucket=0930_1000 AND break_close_depth_bucket=0_2_0_5PCT AND pre_signal_low_bucket=3_7PCT,d1dc02312dad7f63bd2d6fe59178eb220e90c684,57,0.5614035087719298,0.028601478139952913,0.0100511703617646,4.363500164378562,-0.15706616362805692,0.3090002845557691,-0.1062237788610271,2.4986508938776706,5,22,1.395527498455903,35,3.1267747638126817,113,83,30,0,129,0.627906976744186,0.03535352167061555,0.01838722394693575,54.440982547607604,-0.23785735356032278,0.4892913885103991,-0.14417251000998996,1.9123547427703926,5,"{""A"": 39, ""C"": 16, ""D"": 35, ""E"": 39}",True,False,False
DIF_e28a2e98905b,3,reseal_speed_bucket;market_active_count_bucket;market_break_rate_bucket,"{""market_active_count_bucket"": ""71_100"", ""market_break_rate_bucket"": ""GE75PCT"", ""reseal_speed_bucket"": ""LE1""}",reseal_speed_bucket=LE1 AND market_active_count_bucket=71_100 AND market_break_rate_bucket=GE75PCT,ddc96a74b9ceee41d3c5d761e91b06ffa3ea5d8c,39,0.6153846153846154,0.026884074854629746,0.013254491508363,2.542566035932058,-0.168701890287152,0.3038459078661051,-0.14713452366,1.8897043146956005,4,20,1.9486141442704674,19,1.304807338799215,80,71,9,0,124,0.6048387096774194,0.036293320896892106,0.018455343904997756,49.46049530577964,-0.2297053474471087,0.4892913885103991,-0.14713452366,2.047335437474422,5,"{""A"": 45, ""C"": 13, ""D"": 26, ""E"": 40}",True,False,False
DIF_cded55fffae8,3,open_count_bucket;cumulative_amount_bucket;market_touch_count_bucket,"{""cumulative_amount_bucket"": ""GE1_5"", ""market_touch_count_bucket"": ""71_100"", ""open_count_bucket"": ""4""}",open_count_bucket=4 AND cumulative_amount_bucket=GE1_5 AND market_touch_count_bucket=71_100,64e62dfc5c195964072d8bf1edf35348235aa29a,79,0.5822784810126582,0.021730862136416517,0.0049471793098902,4.284835428456923,-0.39948218095333754,0.3721270239550671,-0.121943391202544,1.7033459850937618,5,41,1.79700984417502,38,2.384425128413265,159,140,19,0,128,0.609375,0.034885691616151765,0.008686695604855427,48.18024892264321,-0.3326684678035925,0.4892913885103991,-0.121943391202544,2.1496774984123963,4,"{""A"": 32, ""C"": 5, ""D"": 59, ""E"": 32}",True,False,False
DIF_876bf3fb5b05,3,first_to_reseal_bucket;break_close_depth_bucket;open_gap_bucket,"{""break_close_depth_bucket"": ""0_2_0_5PCT"", ""first_to_reseal_bucket"": ""16_30"", ""open_gap_bucket"": ""3_7PCT""}",first_to_reseal_bucket=16_30 AND break_close_depth_bucket=0_2_0_5PCT AND open_gap_bucket=3_7PCT,e9569a655c84a5331b52e1552d0fcfea07cfef02,43,0.5813953488372093,0.021464881202016974,0.0013069031199177,2.2882643333314787,-0.10361740108583273,0.3090002845557691,-0.0796546189574586,2.156387922519395,5,22,1.7899452946874168,21,1.278399032709591,75,59,16,0,129,0.627906976744186,0.033538404432106025,0.01852346386305976,47.04086456869272,-0.29159641358130417,0.3687231660523884,-0.14417251000998996,1.9242528295788117,5,"{""A"": 43, ""C"": 19, ""D"": 27, ""E"": 40}",True,False,False
DIF_ab4699fa5d94,3,reseal_time_bucket;open_count_bucket;market_seal_rate_bucket,"{""market_seal_rate_bucket"": ""GE80PCT"", ""open_count_bucket"": ""4"", ""reseal_time_bucket"": ""1400_1429""}",reseal_time_bucket=1400_1429 AND open_count_bucket=4 AND market_seal_rate_bucket=GE80PCT,3517777933262d226b25a4b83c7d397f278c0f82,38,0.6842105263157895,0.031493242405373205,0.0262261149895437,2.981301048962442,-0.11837118259563584,0.2397254494319167,-0.1021116486179103,1.5498486666150835,2,20,1.9574773023222793,18,1.5230322443205526,58,46,12,0,124,0.6451612903225806,0.03504909631644619,0.0230432370814819,46.6747343012107,-0.2769581151919469,0.3687231660523884,-0.17629142067722955,1.6874007323682534,4,"{""A"": 39, ""C"": 19, ""D"": 22, ""E"": 44}",True,False,False
DIF_f0da558411f7,3,first_to_reseal_bucket;previous_seal_hold_bucket;pre_signal_low_bucket,"{""first_to_reseal_bucket"": ""31_60"", ""pre_signal_low_bucket"": ""0_3PCT"", ""previous_seal_hold_bucket"": ""6_10""}",first_to_reseal_bucket=31_60 AND previous_seal_hold_bucket=6_10 AND pre_signal_low_bucket=0_3PCT,7f81f5d47e5a7baf91fd74e81beb9411f3a5e09b,61,0.6065573770491803,0.02707650851991603,0.0102763764789873,4.419707168030609,-0.18414697479613962,0.2888703665893359,-0.1158730621097851,2.1003867470135056,3,29,1.8243210259374556,32,2.422658679691242,114,90,24,0,127,0.6141732283464567,0.03471686104684588,0.0162479221339285,46.13589390251768,-0.2297053474471087,0.4892913885103991,-0.14417251000998996,1.9511743662200702,5,"{""A"": 44, ""C"": 19, ""D"": 32, ""E"": 32}",True,False,False
DIF_482d05504661,3,first_to_reseal_bucket;previous_seal_hold_bucket;segment_seal_rate_bucket,"{""first_to_reseal_bucket"": ""GE121"", ""previous_seal_hold_bucket"": ""GE11"", ""segment_seal_rate_bucket"": ""LT40PCT""}",first_to_reseal_bucket=GE121 AND previous_seal_hold_bucket=GE11 AND segment_seal_rate_bucket=LT40PCT,e903877ea4919ab4bdd94699f3ad832c02f17f68,25,0.56,0.03190196979481919,0.0131033520283018,1.934402952862269,-0.1756139524473197,0.3498479999968168,-0.1493043017448623,1.8098844781341539,2,14,1.5550419277204863,11,1.2439554962340351,31,28,3,0,124,0.6370967741935484,0.03510240285274789,0.020211942051355535,46.01469675954122,-0.3090205456014702,0.3687231660523884,-0.17629142067722955,1.7098608612740174,4,"{""A"": 42, ""C"": 20, ""D"": 15, ""E"": 47}",False,False,False
DIF_52fe8c066788,3,reseal_time_bucket;market_touch_count_bucket;market_active_count_bucket,"{""market_active_count_bucket"": ""20_40"", ""market_touch_count_bucket"": ""40_70"", ""reseal_time_bucket"": ""1001_1030""}",reseal_time_bucket=1001_1030 AND market_touch_count_bucket=40_70 AND market_active_count_bucket=20_40,87b98d41c39bb60a7583be0f15a6a731edaeab75,65,0.5692307692307692,0.020504188525868716,0.012029744631995,3.186898729227602,-0.3661682250247408,0.2798824747699878,-0.1728487148252491,1.6680501326058816,5,33,1.5382445039896013,32,2.0717764444872317,128,97,31,0,124,0.6532258064516129,0.03489212181171388,0.018635229070892177,43.75527719356246,-0.34887278146760103,0.4892913885103991,-0.1728487148252491,1.6801845375287197,4,"{""A"": 30, ""C"": 13, ""D"": 42, ""E"": 39}",True,False,False
DIF_e6adc2b571f5,3,reseal_time_bucket;reseal_speed_bucket;break_close_depth_bucket,"{""break_close_depth_bucket"": ""0_5_1PCT"", ""reseal_speed_bucket"": ""6_10"", ""reseal_time_bucket"": ""1300_1359""}",reseal_time_bucket=1300_1359 AND reseal_speed_bucket=6_10 AND break_close_depth_bucket=0_5_1PCT,426b9499bb97ba4d9ba13ed7f264417f661b8442,67,0.5970149253731343,0.020783455450727215,0.011367392052613,3.5645708949561765,-0.14716110318928233,0.1585663049947058,-0.0991255973960148,1.7986652219630022,6,31,1.9645190919035558,36,1.8144750588818253,125,106,19,0,129,0.6356589147286822,0.03319899749780753,0.017455902077423015,42.302182459485756,-0.2392678404329438,0.4892913885103991,-0.17629142067722955,1.7758170040067067,6,"{""A"": 34, ""C"": 16, ""D"": 39, ""E"": 40}",True,False,False
DIF_0b049a3f2fd7,3,reseal_time_bucket;first_to_reseal_bucket;pre_signal_low_bucket,"{""first_to_reseal_bucket"": ""GE121"", ""pre_signal_low_bucket"": ""GE7PCT"", ""reseal_time_bucket"": ""1430_1454""}",reseal_time_bucket=1430_1454 AND first_to_reseal_bucket=GE121 AND pre_signal_low_bucket=GE7PCT,7a4561c4fbd92eb5b16d8192924efc291e8a5b52,20,0.6,0.03845947261748871,0.00464874981717585,1.8524178666728153,-0.28482393357665103,0.4530211584033707,-0.1294512262409984,1.9653832049437463,3,11,2.3024632629096096,9,0.8045374258575252,28,23,5,0,125,0.632,0.03476793912083374,0.017455902077423015,41.73696380336784,-0.33184246549150986,0.4892913885103991,-0.17629142067722955,1.6498720804955298,4,"{""A"": 47, ""C"": 23, ""D"": 13, ""E"": 42}",False,False,False
DIF_523830ae68d9,2,reseal_time_bucket;pre_signal_low_bucket,"{""pre_signal_low_bucket"": ""GE7PCT"", ""reseal_time_bucket"": ""1430_1454""}",reseal_time_bucket=1430_1454 AND pre_signal_low_bucket=GE7PCT,f1e8e4d4fea279f39b2bbda0b919839e608a2735,21,0.5714285714285714,0.03394121828357387,0.0037735107303238,1.747897284751635,-0.32517693382757773,0.4530211584033707,-0.1294512262409984,1.9345999079352343,3,11,2.3024632629096096,10,0.7591423120223109,30,24,6,0,125,0.632,0.03476793912083374,0.017455902077423015,41.73696380336784,-0.33184246549150986,0.4892913885103991,-0.17629142067722955,1.6498720804955298,4,"{""A"": 47, ""C"": 23, ""D"": 13, ""E"": 42}",False,False,False
DIF_d37ffc366ecd,3,reseal_time_bucket;open_gap_bucket;pre_signal_low_bucket,"{""open_gap_bucket"": ""GE7PCT"", ""pre_signal_low_bucket"": ""GE7PCT"", ""reseal_time_bucket"": ""1430_1454""}",reseal_time_bucket=1430_1454 AND open_gap_bucket=GE7PCT AND pre_signal_low_bucket=GE7PCT,f1e8e4d4fea279f39b2bbda0b919839e608a2735,21,0.5714285714285714,0.03394121828357387,0.0037735107303238,1.747897284751635,-0.32517693382757773,0.4530211584033707,-0.1294512262409984,1.9345999079352343,3,11,2.3024632629096096,10,0.7591423120223109,30,24,6,0,125,0.632,0.03476793912083374,0.017455902077423015,41.73696380336784,-0.33184246549150986,0.4892913885103991,-0.17629142067722955,1.6498720804955298,4,"{""A"": 47, ""C"": 23, ""D"": 13, ""E"": 42}",False,False,False
DIF_97895b928bfd,3,reseal_time_bucket;market_touch_count_bucket;market_seal_rate_bucket,"{""market_seal_rate_bucket"": ""60_80PCT"", ""market_touch_count_bucket"": ""40_70"", ""reseal_time_bucket"": ""1031_1130""}",reseal_time_bucket=1031_1130 AND market_touch_count_bucket=40_70 AND market_seal_rate_bucket=60_80PCT,d4b7f672ace0e28346ad727ecadc1cb0d9e5cb55,98,0.6122448979591837,0.022164320788255275,0.01371848906118135,7.180858736989674,-0.24419962865966138,0.1935590908019999,-0.122196671898305,1.6570764196592005,4,45,3.589475736692497,53,2.000531348794249,202,167,35,0,138,0.6086956521739131,0.03047781547201606,0.0196566304707477,41.55144525078889,-0.27589667600432655,0.4892913885103991,-0.14417251000998996,1.9376218268326226,4,"{""A"": 31, ""C"": 8, ""D"": 69, ""E"": 30}",True,False,False
DIF_ace9f52e1610,3,reseal_time_bucket;reseal_speed_bucket;segment_seal_rate_bucket,"{""reseal_speed_bucket"": ""6_10"", ""reseal_time_bucket"": ""1300_1359"", ""segment_seal_rate_bucket"": ""GE80PCT""}",reseal_time_bucket=1300_1359 AND reseal_speed_bucket=6_10 AND segment_seal_rate_bucket=GE80PCT,cb12c52497383c051a03dc3df60ef71049cd1378,79,0.569620253164557,0.023021603831734554,0.0108841571094914,4.746239172581669,-0.3194950408823337,0.3721270239550671,-0.1370202417594448,1.630365309482507,8,40,2.479449176085848,39,1.9142312810276099,174,141,33,0,138,0.6014492753623188,0.03089714178515038,0.011038493275004134,40.410314457838275,-0.20773133677072297,0.4892913885103991,-0.14417251000998996,1.9202910802117552,5,"{""A"": 38, ""C"": 17, ""D"": 52, ""E"": 31}",True,False,False
DIF_a4f06096ff88,3,reseal_time_bucket;first_seal_time_bucket;reseal_speed_bucket,"{""first_seal_time_bucket"": ""1001_1030"", ""reseal_speed_bucket"": ""6_10"", ""reseal_time_bucket"": ""1400_1429""}",reseal_time_bucket=1400_1429 AND first_seal_time_bucket=1001_1030 AND reseal_speed_bucket=6_10,691ef0f79716c5c2589f20b444fa196e559669df,33,0.6666666666666666,0.029044032262359507,0.0264296844545454,2.3625648678445694,-0.19968456618769181,0.2815783803342283,-0.1098246868368515,1.436113581561939,3,21,2.0447811227002375,12,1.1554121082283277,45,42,3,0,124,0.6290322580645161,0.03345829394023215,0.017921563012179384,39.57078901508218,-0.22970534744710858,0.3687231660523884,-0.14417251000998996,1.8250041740631668,4,"{""A"": 37, ""C"": 19, ""D"": 25, ""E"": 43}",True,False,False
DIF_572bd7c6a2b4,3,open_count_bucket;first_to_reseal_bucket;cumulative_amount_bucket,"{""cumulative_amount_bucket"": ""0_5_1"", ""first_to_reseal_bucket"": ""61_120"", ""open_count_bucket"": ""GE5""}",open_count_bucket=GE5 AND first_to_reseal_bucket=61_120 AND cumulative_amount_bucket=0_5_1,6f7f26d7767f42837197b8777cbe448fa5eeb2bf,43,0.6046511627906976,0.025983017172354492,0.0217173323052629,2.7002123149330868,-0.2583558510110807,0.1375294480051883,-0.1923385811861804,1.6084240705976967,3,20,1.3091859393204803,23,2.062512462007195,57,54,3,0,122,0.6229508196721312,0.03411049676947275,0.018455343904997756,38.96507762125876,-0.276958115191947,0.3687231660523884,-0.17629142067722955,1.8169868935492601,6,"{""A"": 41, ""C"": 20, ""D"": 19, ""E"": 42}",True,False,False
DIF_8753b401e42c,3,reseal_speed_bucket;open_gap_bucket;market_seal_rate_bucket,"{""market_seal_rate_bucket"": ""60_80PCT"", ""open_gap_bucket"": ""3_7PCT"", ""reseal_speed_bucket"": ""11_20""}",reseal_speed_bucket=11_20 AND open_gap_bucket=3_7PCT AND market_seal_rate_bucket=60_80PCT,f5822f41d139e941f8f4616287b0adc78fb236ef,76,0.5789473684210527,0.0200788599799632,0.017301538871026152,3.648005149075357,-0.35936057875378036,0.3090002845557691,-0.1358012912087264,1.5418520656575134,4,38,1.8253434222955311,38,1.9985308542584637,142,110,32,0,131,0.6106870229007634,0.032008190935187905,0.01852346386305976,38.37978929005292,-0.3664498849426955,0.3687231660523884,-0.17629142067722955,1.816021414201789,5,"{""A"": 37, ""C"": 16, ""D"": 47, ""E"": 31}",True,False,False
DIF_894acffa4fc2,3,previous_seal_hold_bucket;open_gap_bucket;market_seal_rate_bucket,"{""market_seal_rate_bucket"": ""GE80PCT"", ""open_gap_bucket"": ""GE7PCT"", ""previous_seal_hold_bucket"": ""LE1""}",previous_seal_hold_bucket=LE1 AND open_gap_bucket=GE7PCT AND market_seal_rate_bucket=GE80PCT,1037320e73359b5eac43444b9fa2632142b78e80,77,0.5714285714285714,0.0222178372678824,0.0091335132678059,4.227462915442983,-0.2727602739183369,0.3339820061776503,-0.16676560959,1.581606664362987,6,39,2.1547568262687595,38,1.9619211151373315,140,112,28,0,131,0.6106870229007634,0.03193528022923343,0.017514423631579,38.19578139095693,-0.3510001568673543,0.25794581579670345,-0.16676560959,1.6988172207876326,4,"{""A"": 34, ""C"": 15, ""D"": 51, ""E"": 31}",True,False,False
DIF_f1b3fe94a1e0,3,open_count_bucket;market_touch_count_bucket;market_active_count_bucket,"{""market_active_count_bucket"": ""71_100"", ""market_touch_count_bucket"": ""101_150"", ""open_count_bucket"": ""3""}",open_count_bucket=3 AND market_touch_count_bucket=101_150 AND market_active_count_bucket=71_100,34722c2084e9a12187642dd032e91806413fd7dc,36,0.6388888888888888,0.023985900867695895,0.0203987824539478,2.1529001331196858,-0.21810102032600798,0.1363341542605262,-0.1120145041408163,1.3162166595888996,2,19,1.870088135492717,17,1.151229234740028,67,59,8,0,123,0.6016260162601627,0.03421278520581621,0.019180342510750216,37.34781219121492,-0.2999443679014324,0.4892913885103991,-0.14417251000998996,1.8324360447435528,7,"{""A"": 42, ""C"": 15, ""D"": 24, ""E"": 42}",True,False,False
DIF_4b64a2826cf7,3,first_to_reseal_bucket;break_close_depth_bucket;segment_bucket,"{""break_close_depth_bucket"": ""1_2PCT"", ""first_to_reseal_bucket"": ""31_60"", ""segment_bucket"": ""GROWTH_BOARD""}",first_to_reseal_bucket=31_60 AND break_close_depth_bucket=1_2PCT AND segment_bucket=GROWTH_BOARD,cec31f504b915950181eff71d062d4228cf30c36,59,0.576271186440678,0.022616681742109086,0.0152020503925822,3.0999010342178113,-0.3149256636358526,0.2886461432667387,-0.1235870262557176,1.5380582408059797,5,37,1.5902977298252423,22,1.9492582904953648,106,77,29,0,130,0.5769230769230769,0.032181764890164645,0.007796920606825991,35.519168705026956,-0.2859893126034523,0.4892913885103991,-0.14417251000998996,1.9342345139067285,4,"{""A"": 38, ""C"": 18, ""D"": 35, ""E"": 39}",True,False,False
DIF_0049c5e5e177,3,reseal_time_bucket;open_count_bucket;cumulative_amount_bucket,"{""cumulative_amount_bucket"": ""0_5_1"", ""open_count_bucket"": ""4"", ""reseal_time_bucket"": ""1300_1359""}",reseal_time_bucket=1300_1359 AND open_count_bucket=4 AND cumulative_amount_bucket=0_5_1,5663782288304a48813892b5d7f58ef10fb886e1,49,0.5918367346938775,0.021562433397545627,0.015198793015345,2.5216836714777195,-0.19027473607537126,0.1372973208315789,-0.1157927503344908,1.422221891865497,3,20,1.280610325715479,29,1.9691264554413546,68,64,4,0,125,0.6,0.033060896114952776,0.015198793015345,34.28559730585273,-0.385213195356221,0.4892913885103991,-0.17629142067722955,1.8013917231827488,6,"{""A"": 40, ""C"": 16, ""D"": 30, ""E"": 39}",True,False,False
DIF_56902285a6d8,3,open_count_bucket;market_touch_count_bucket;market_active_count_bucket,"{""market_active_count_bucket"": ""41_70"", ""market_touch_count_bucket"": ""71_100"", ""open_count_bucket"": ""4""}",open_count_bucket=4 AND market_touch_count_bucket=71_100 AND market_active_count_bucket=41_70,ce7ed5a21530a0ec2cee4cf7faa9f04c8d00cb28,78,0.5769230769230769,0.022915720137334717,0.0066715120940475,4.469132178745369,-0.4478402073968454,0.3721270239550671,-0.1164393623573701,1.5808413023415417,4,40,1.4706334159371366,38,3.0389165174092625,156,135,21,0,132,0.5833333333333334,0.030052845888511648,0.006195056210677646,28.09563002622497,-0.43802391366906757,0.4892913885103991,-0.17629142067722955,1.842112611973343,4,"{""A"": 39, ""C"": 5, ""D"": 52, ""E"": 36}",True,False,False
DIF_a25ce0d62657,3,reseal_time_bucket;cumulative_amount_bucket;market_seal_rate_bucket,"{""cumulative_amount_bucket"": ""0_5_1"", ""market_seal_rate_bucket"": ""60_80PCT"", ""reseal_time_bucket"": ""1001_1030""}",reseal_time_bucket=1001_1030 AND cumulative_amount_bucket=0_5_1 AND market_seal_rate_bucket=60_80PCT,0fc9753427bcdee23d4c63acb3dd01967ac1f112,86,0.5697674418604651,0.02030520051746428,0.0149453612922159,4.21145344365585,-0.4972026270217408,0.2798824747699878,-0.1923385811861804,1.399382165966751,4,41,1.5534364603530326,45,2.711056133379769,164,140,24,0,131,0.5877862595419847,0.02796677361615835,0.01838722394693575,21.55044174986236,-0.3857952981191667,0.4892913885103991,-0.1923385811861804,1.6124520987770505,6,"{""A"": 29, ""C"": 16, ""D"": 61, ""E"": 25}",True,False,False
DIF_7e652dd84e17,3,reseal_time_bucket;first_to_reseal_bucket;market_break_rate_bucket,"{""first_to_reseal_bucket"": ""16_30"", ""market_break_rate_bucket"": ""50_75PCT"", ""reseal_time_bucket"": ""1001_1030""}",reseal_time_bucket=1001_1030 AND first_to_reseal_bucket=16_30 AND market_break_rate_bucket=50_75PCT,ddfb19bf100a92df4a2768a3797d7848a09937a2,82,0.5975609756097561,0.02382153995367944,0.0115236688702099,5.5063167930361585,-0.2927207828313383,0.3339820061776503,-0.189337554306236,1.703679879610708,5,37,2.16963649583016,45,2.537898308596296,183,135,48,0,130,0.6,0.02674278719407848,0.0115236688702099,19.47347589136817,-0.19386491412058882,0.4892913885103991,-0.1728487148252491,1.62403831537658,4,"{""A"": 37, ""C"": 15, ""D"": 44, ""E"": 34}",True,False,False
