action_date,cash_before,equity_before,signal_date,status,execution_status,strategy_leg,account_return,cash_after,equity_after,ts_code,name,exit_date,entry_filled,position_opened,outcome_observable,quantity,position_ratio,entry_price,exit_price,buy_gross,raw_sell_gross,adjusted_sell_gross,corporate_action_adjustment,buy_commission,sell_commission,transfer_fee,stamp_tax,buy_slippage,sell_slippage,total_fees,total_slippage,buy_adj_factor,sell_adj_factor,fill_gate_required,fill_input_reliable,fill_probability_threshold,planned_buy_amount,estimated_turnover_amount,current_queue_amount,fill_probability_method,fill_probability,fill_gate_reason,peak_equity,drawdown
20230901,500000.0,500000.0,,NO_PLAN,,,0.0,500000.0,500000.0,,,,,,,,,,,,,,,,,,,,,,,,,,,,,,,,,,500000.0,0.0
20230904,500000.0,500000.0,,NO_PLAN,,,0.0,500000.0,500000.0,,,,,,,,,,,,,,,,,,,,,,,,,,,,,,,,,,500000.0,0.0
20230905,500000.0,500000.0,,NO_PLAN,,,0.0,500000.0,500000.0,,,,,,,,,,,,,,,,,,,,,,,,,,,,,,,,,,500000.0,0.0
20230906,500000.0,500000.0,,NO_PLAN,,,0.0,500000.0,500000.0,,,,,,,,,,,,,,,,,,,,,,,,,,,,,,,,,,500000.0,0.0
20230907,500000.0,500000.0,,NO_PLAN,,,0.0,500000.0,500000.0,,,,,,,,,,,,,,,,,,,,,,,,,,,,,,,,,,500000.0,0.0
20230908,500000.0,500000.0,,NO_PLAN,,,0.0,500000.0,500000.0,,,,,,,,,,,,,,,,,,,,,,,,,,,,,,,,,,500000.0,0.0
20230911,500000.0,500000.0,,NO_PLAN,,,0.0,500000.0,500000.0,,,,,,,,,,,,,,,,,,,,,,,,,,,,,,,,,,500000.0,0.0
20230912,500000.0,500000.0,,NO_PLAN,,,0.0,500000.0,500000.0,,,,,,,,,,,,,,,,,,,,,,,,,,,,,,,,,,500000.0,0.0
20230913,500000.0,500000.0,,NO_PLAN,,,0.0,500000.0,500000.0,,,,,,,,,,,,,,,,,,,,,,,,,,,,,,,,,,500000.0,0.0
20230914,500000.0,500000.0,,NO_PLAN,,,0.0,500000.0,500000.0,,,,,,,,,,,,,,,,,,,,,,,,,,,,,,,,,,500000.0,0.0
20230915,500000.0,500000.0,,NO_PLAN,,,0.0,500000.0,500000.0,,,,,,,,,,,,,,,,,,,,,,,,,,,,,,,,,,500000.0,0.0
20230918,500000.0,500000.0,,NO_PLAN,,,0.0,500000.0,500000.0,,,,,,,,,,,,,,,,,,,,,,,,,,,,,,,,,,500000.0,0.0
20230919,500000.0,500000.0,,NO_PLAN,,,0.0,500000.0,500000.0,,,,,,,,,,,,,,,,,,,,,,,,,,,,,,,,,,500000.0,0.0
20230920,500000.0,500000.0,,NO_PLAN,,,0.0,500000.0,500000.0,,,,,,,,,,,,,,,,,,,,,,,,,,,,,,,,,,500000.0,0.0
20230921,500000.0,500000.0,,NO_PLAN,,,0.0,500000.0,500000.0,,,,,,,,,,,,,,,,,,,,,,,,,,,,,,,,,,500000.0,0.0
20230922,500000.0,500000.0,,NO_PLAN,,,0.0,500000.0,500000.0,,,,,,,,,,,,,,,,,,,,,,,,,,,,,,,,,,500000.0,0.0
20230925,500000.0,500000.0,,NO_PLAN,,,0.0,500000.0,500000.0,,,,,,,,,,,,,,,,,,,,,,,,,,,,,,,,,,500000.0,0.0
20230926,500000.0,500000.0,,NO_PLAN,,,0.0,500000.0,500000.0,,,,,,,,,,,,,,,,,,,,,,,,,,,,,,,,,,500000.0,0.0
20230927,500000.0,500000.0,20230926,EXECUTED,OK,A,-0.05096752329395993,474516.23835302005,474516.23835302005,301251.SZ,威尔高,20230928,True,True,True,7800.0,0.8148220079999999,52.23217999999999,49.02093,407411.00399999996,382363.254,382363.254,0.0,122.22330119999998,114.7089762,7.897742580000001,191.18162700000002,407.00399999994374,382.74600000000305,436.01164698,789.7499999999468,1.0,1.0,,,,,,,,,,500000.0,-0.05096752329395993
20230928,474516.23835302005,474516.23835302005,,SKIP_OCCUPIED,,,0.0,474516.23835302005,474516.23835302005,,,,,,,,,,,,,,,,,,,,,,,,,,,,,,,,,,500000.0,-0.05096752329395993
20231009,474516.23835302005,474516.23835302005,,NO_PLAN,,,0.0,474516.23835302005,474516.23835302005,,,,,,,,,,,,,,,,,,,,,,,,,,,,,,,,,,500000.0,-0.05096752329395993
20231010,474516.23835302005,474516.23835302005,,NO_PLAN,,,0.0,474516.23835302005,474516.23835302005,,,,,,,,,,,,,,,,,,,,,,,,,,,,,,,,,,500000.0,-0.05096752329395993
20231011,474516.23835302005,474516.23835302005,,NO_PLAN,,,0.0,474516.23835302005,474516.23835302005,,,,,,,,,,,,,,,,,,,,,,,,,,,,,,,,,,500000.0,-0.05096752329395993
20231012,474516.23835302005,474516.23835302005,20231011,EXECUTED,OK,C,0.19143868056559188,565357.0009302701,565357.0009302701,002947.SZ,恒铭达,20231013,True,True,True,17500.0,0.8232389503799871,22.3223,27.54243,390640.25,481992.52499999997,481992.525,5.820766091346741e-11,117.19207499999999,144.5977575,8.726327750000001,240.99626250000003,390.2499999999609,482.4750000000133,511.51242275000004,872.7249999999742,1.774,1.774,,,,,,,,,,565357.0009302701,0.0
20231013,565357.0009302701,565357.0009302701,,SKIP_OCCUPIED,,,0.0,565357.0009302701,565357.0009302701,,,,,,,,,,,,,,,,,,,,,,,,,,,,,,,,,,565357.0009302701,0.0
20231016,565357.0009302701,565357.0009302701,,NO_PLAN,,,0.0,565357.0009302701,565357.0009302701,,,,,,,,,,,,,,,,,,,,,,,,,,,,,,,,,,565357.0009302701,0.0
20231017,565357.0009302701,565357.0009302701,20231016,EXECUTED,OK,C,0.02283798409817961,578268.61512731,578268.61512731,603186.SH,华正新材,20231019,True,True,True,11600.0,0.8209249221930889,40.00997,41.16879,464115.65200000006,477557.96400000004,477557.96400000004,0.0,139.2346956,143.2673892,9.416736160000003,238.778982,463.6520000000445,478.0359999999945,530.69780296,941.688000000039,1.06,1.06,,,,,,,,,,578268.61512731,0.0
20231018,578268.61512731,578268.61512731,,SKIP_OCCUPIED,,,0.0,578268.61512731,578268.61512731,,,,,,,,,,,,,,,,,,,,,,,,,,,,,,,,,,578268.61512731,0.0
20231019,578268.61512731,578268.61512731,,SKIP_OCCUPIED,,,0.0,578268.61512731,578268.61512731,,,,,,,,,,,,,,,,,,,,,,,,,,,,,,,,,,578268.61512731,0.0
20231020,578268.61512731,578268.61512731,,NO_PLAN,,,0.0,578268.61512731,578268.61512731,,,,,,,,,,,,,,,,,,,,,,,,,,,,,,,,,,578268.61512731,0.0
20231023,578268.61512731,578268.61512731,,NO_PLAN,,,0.0,578268.61512731,578268.61512731,,,,,,,,,,,,,,,,,,,,,,,,,,,,,,,,,,578268.61512731,0.0
20231024,578268.61512731,578268.61512731,,NO_PLAN,,,0.0,578268.61512731,578268.61512731,,,,,,,,,,,,,,,,,,,,,,,,,,,,,,,,,,578268.61512731,0.0
20231025,578268.61512731,578268.61512731,,NO_PLAN,,,0.0,578268.61512731,578268.61512731,,,,,,,,,,,,,,,,,,,,,,,,,,,,,,,,,,578268.61512731,0.0
20231026,578268.61512731,578268.61512731,,NO_PLAN,,,0.0,578268.61512731,578268.61512731,,,,,,,,,,,,,,,,,,,,,,,,,,,,,,,,,,578268.61512731,0.0
20231027,578268.61512731,578268.61512731,,NO_PLAN,,,0.0,578268.61512731,578268.61512731,,,,,,,,,,,,,,,,,,,,,,,,,,,,,,,,,,578268.61512731,0.0
20231030,578268.61512731,578268.61512731,,NO_PLAN,,,0.0,578268.61512731,578268.61512731,,,,,,,,,,,,,,,,,,,,,,,,,,,,,,,,,,578268.61512731,0.0
20231031,578268.61512731,578268.61512731,,NO_PLAN,,,0.0,578268.61512731,578268.61512731,,,,,,,,,,,,,,,,,,,,,,,,,,,,,,,,,,578268.61512731,0.0
20231101,578268.61512731,578268.61512731,20231031,EXECUTED,OK,A,0.048691719448687554,606425.5083010701,606425.5083010701,300269.SZ,联建光电,20231102,True,True,True,102400.0,0.8242469806096343,4.65465,4.93506,476636.16000000003,505350.144,505350.14400000003,5.820766091346741e-11,142.990848,151.60504319999998,9.819863040000001,252.67507200000003,476.15999999998166,505.8560000000398,557.09082624,982.0160000000214,4.233,4.233,,,,,,,,,,606425.5083010701,0.0
20231102,606425.5083010701,606425.5083010701,,SKIP_OCCUPIED,,,0.0,606425.5083010701,606425.5083010701,,,,,,,,,,,,,,,,,,,,,,,,,,,,,,,,,,606425.5083010701,0.0
20231103,606425.5083010701,606425.5083010701,20231102,EXECUTED,OK,A,0.03211143121478344,625898.6992977699,625898.6992977699,301091.SZ,深城交,20231106,True,True,True,21500.0,0.8247668561984158,23.263239999999996,24.19578,500159.6599999999,520209.26999999996,520209.2699999999,-5.820766091346741e-11,150.04789799999998,156.06278099999994,10.203689299999999,260.104635,499.6599999999507,520.7299999999932,576.4190032999998,1020.3899999999439,1.976,1.976,,,,,,,,,,625898.6992977699,0.0
20231106,625898.6992977699,625898.6992977699,,SKIP_OCCUPIED,,,0.0,625898.6992977699,625898.6992977699,,,,,,,,,,,,,,,,,,,,,,,,,,,,,,,,,,625898.6992977699,0.0
20231107,625898.6992977699,625898.6992977699,20231107,PLAN_NOT_EXECUTED_FILL_GATE_UNVERIFIABLE,OK,D,0.0,625898.6992977699,625898.6992977699,300951.SZ,博硕科技,20231109,False,False,True,,,,,,,,,,,,,,,,,,,True,False,0.8,512819.99999999994,,,SIGNAL_TIME_AMOUNT_SPACE_OVER_ACTUAL_ORDER_GROSS,,缺少可靠的历史信号时预估成交金额或队列金额,625898.6992977699,0.0
20231108,625898.6992977699,625898.6992977699,,NO_PLAN,,,0.0,625898.6992977699,625898.6992977699,,,,,,,,,,,,,,,,,,,,,,,,,,,,,,,,,,625898.6992977699,0.0
20231109,625898.6992977699,625898.6992977699,,NO_PLAN,,,0.0,625898.6992977699,625898.6992977699,,,,,,,,,,,,,,,,,,,,,,,,,,,,,,,,,,625898.6992977699,0.0
20231110,625898.6992977699,625898.6992977699,,NO_PLAN,,,0.0,625898.6992977699,625898.6992977699,,,,,,,,,,,,,,,,,,,,,,,,,,,,,,,,,,625898.6992977699,0.0
20231113,625898.6992977699,625898.6992977699,,NO_PLAN,,,0.0,625898.6992977699,625898.6992977699,,,,,,,,,,,,,,,,,,,,,,,,,,,,,,,,,,625898.6992977699,0.0
20231114,625898.6992977699,625898.6992977699,,NO_PLAN,,,0.0,625898.6992977699,625898.6992977699,,,,,,,,,,,,,,,,,,,,,,,,,,,,,,,,,,625898.6992977699,0.0
20231115,625898.6992977699,625898.6992977699,,NO_PLAN,,,0.0,625898.6992977699,625898.6992977699,,,,,,,,,,,,,,,,,,,,,,,,,,,,,,,,,,625898.6992977699,0.0
20231116,625898.6992977699,625898.6992977699,,NO_PLAN,,,0.0,625898.6992977699,625898.6992977699,,,,,,,,,,,,,,,,,,,,,,,,,,,,,,,,,,625898.6992977699,0.0
20231117,625898.6992977699,625898.6992977699,20231116,EXECUTED,OK,A,-0.003919975276562404,623445.1918708901,623445.1918708901,300637.SZ,扬帆新材,20231120,True,True,True,42400.0,0.8238955610206001,12.16215,12.11787,515675.16000000003,513797.688,513797.68800000014,1.1641532182693481e-10,154.702548,154.13930640000004,10.294728480000003,256.89884400000005,515.1600000000044,514.3120000000365,576.0354268800002,1029.472000000041,1.983,1.983,,,,,,,,,,625898.6992977699,-0.003919975276562404
20231120,623445.1918708901,623445.1918708901,,SKIP_OCCUPIED,,,0.0,623445.1918708901,623445.1918708901,,,,,,,,,,,,,,,,,,,,,,,,,,,,,,,,,,625898.6992977699,-0.003919975276562404
20231121,623445.1918708901,623445.1918708901,20231120,EXECUTED,OK,E,0.04667047708525063,652541.6764120102,652541.6764120102,300210.SZ,森远股份,20231122,True,True,True,49600.0,0.8234514768802895,10.35034,10.94904,513376.86399999994,543072.384,543072.3840000001,1.1641532182693481e-10,154.01305919999996,162.92171520000002,10.564492480000002,271.536192,512.8639999999677,543.616000000037,599.0354588800001,1056.4800000000048,5.977,5.977,,,,,,,,,,652541.6764120102,0.0
20231122,652541.6764120102,652541.6764120102,,SKIP_OCCUPIED,,,0.0,652541.6764120102,652541.6764120102,,,,,,,,,,,,,,,,,,,,,,,,,,,,,,,,,,652541.6764120102,0.0
20231123,652541.6764120102,652541.6764120102,,NO_PLAN,,,0.0,652541.6764120102,652541.6764120102,,,,,,,,,,,,,,,,,,,,,,,,,,,,,,,,,,652541.6764120102,0.0
20231124,652541.6764120102,652541.6764120102,,NO_PLAN,,,0.0,652541.6764120102,652541.6764120102,,,,,,,,,,,,,,,,,,,,,,,,,,,,,,,,,,652541.6764120102,0.0
20231127,652541.6764120102,652541.6764120102,20231124,EXECUTED,OK,A,-0.07250717372314786,605227.7237188105,605227.7237188105,300697.SZ,电工合金,20231128,True,True,True,36000.0,0.8244951999974626,14.944929999999998,13.64634,538017.4799999999,491268.24,491268.24000000005,5.820766091346741e-11,161.40524399999995,147.380472,10.2928572,245.63412000000002,537.4799999999241,491.7599999999922,564.7126932,1029.2399999999163,2.286,2.286,,,,,,,,,,652541.6764120102,-0.07250717372314786
20231128,605227.7237188105,605227.7237188105,,SKIP_OCCUPIED,,,0.0,605227.7237188105,605227.7237188105,,,,,,,,,,,,,,,,,,,,,,,,,,,,,,,,,,652541.6764120102,-0.07250717372314786
20231129,605227.7237188105,605227.7237188105,,NO_PLAN,,,0.0,605227.7237188105,605227.7237188105,,,,,,,,,,,,,,,,,,,,,,,,,,,,,,,,,,652541.6764120102,-0.07250717372314786
20231130,605227.7237188105,605227.7237188105,20231129,EXECUTED,OK,A,0.021664009270288886,618339.3827360907,618339.3827360907,300351.SZ,永贵电器,20231201,True,True,True,21600.0,0.8216689033086075,23.022999999999996,23.65632,497296.79999999993,510976.51200000005,510976.51200000005,0.0,149.18903999999998,153.2929536,10.08273312,255.48825600000004,496.7999999999165,511.48799999997436,568.05298272,1008.2879999998909,4.49,4.49,,,,,,,,,,652541.6764120102,-0.052413960536559556
20231201,618339.3827360907,618339.3827360907,,SKIP_OCCUPIED,,,0.0,618339.3827360907,618339.3827360907,,,,,,,,,,,,,,,,,,,,,,,,,,,,,,,,,,652541.6764120102,-0.052413960536559556
20231204,618339.3827360907,618339.3827360907,20231201,EXECUTED,OK,A,-0.06509245888681914,578090.1518872406,578090.1518872406,300418.SZ,昆仑万维,20231205,True,True,True,12700.0,0.8221712658030366,40.02999,36.90306,508380.87299999996,468668.862,468668.86199999996,-5.820766091346741e-11,152.51426189999998,140.60065859999997,9.77049735,234.334431,507.8729999999489,469.13799999992636,537.2198488499998,977.0109999998753,4.042,4.042,,,,,,,,,,652541.6764120102,-0.1140946658520573
20231205,578090.1518872406,578090.1518872406,,SKIP_OCCUPIED,,,0.0,578090.1518872406,578090.1518872406,,,,,,,,,,,,,,,,,,,,,,,,,,,,,,,,,,652541.6764120102,-0.1140946658520573
20231206,578090.1518872406,578090.1518872406,20231205,EXECUTED,OK,A,-0.028458805173261048,561638.3968821007,561638.3968821007,300560.SZ,中富通,20231207,True,True,True,23800.0,0.8242243851490813,20.019999999999996,19.35063,476475.9999999999,460544.99399999995,460544.994,5.820766091346741e-11,142.94279999999995,138.1634982,9.370209939999999,230.27249700000002,475.9999999999053,461.00600000005016,520.74900514,937.0059999999555,2.772,2.772,,,,,,,,,,652541.6764120102,-0.1393064731585264
20231207,561638.3968821007,561638.3968821007,,SKIP_OCCUPIED,,,0.0,561638.3968821007,561638.3968821007,,,,,,,,,,,,,,,,,,,,,,,,,,,,,,,,,,652541.6764120102,-0.1393064731585264
20231208,561638.3968821007,561638.3968821007,,NO_PLAN,,,0.0,561638.3968821007,561638.3968821007,,,,,,,,,,,,,,,,,,,,,,,,,,,,,,,,,,652541.6764120102,-0.1393064731585264
20231211,561638.3968821007,561638.3968821007,,NO_PLAN,,,0.0,561638.3968821007,561638.3968821007,,,,,,,,,,,,,,,,,,,,,,,,,,,,,,,,,,652541.6764120102,-0.1393064731585264
20231212,561638.3968821007,561638.3968821007,,NO_PLAN,,,0.0,561638.3968821007,561638.3968821007,,,,,,,,,,,,,,,,,,,,,,,,,,,,,,,,,,652541.6764120102,-0.1393064731585264
20231213,561638.3968821007,561638.3968821007,,NO_PLAN,,,0.0,561638.3968821007,561638.3968821007,,,,,,,,,,,,,,,,,,,,,,,,,,,,,,,,,,652541.6764120102,-0.1393064731585264
20231214,561638.3968821007,561638.3968821007,,NO_PLAN,,,0.0,561638.3968821007,561638.3968821007,,,,,,,,,,,,,,,,,,,,,,,,,,,,,,,,,,652541.6764120102,-0.1393064731585264
20231215,561638.3968821007,561638.3968821007,,NO_PLAN,,,0.0,561638.3968821007,561638.3968821007,,,,,,,,,,,,,,,,,,,,,,,,,,,,,,,,,,652541.6764120102,-0.1393064731585264
20231218,561638.3968821007,561638.3968821007,20231215,EXECUTED,OK,A,0.11315458937423895,625190.3590581007,625190.3590581007,300781.SZ,因赛集团,20231219,True,True,True,9300.0,0.8171601025638967,49.34929999999999,56.2437,458948.48999999993,523066.41,523066.41000000003,5.820766091346741e-11,137.68454699999998,156.91992299999998,9.820149,261.533205,458.48999999995567,523.5900000000022,565.9578240000001,982.0799999999579,1.344,1.344,,,,,,,,,,652541.6764120102,-0.04191505055171385
20231219,625190.3590581007,625190.3590581007,,SKIP_OCCUPIED,,,0.0,625190.3590581007,625190.3590581007,,,,,,,,,,,,,,,,,,,,,,,,,,,,,,,,,,652541.6764120102,-0.04191505055171385
20231220,625190.3590581007,625190.3590581007,,NO_PLAN,,,0.0,625190.3590581007,625190.3590581007,,,,,,,,,,,,,,,,,,,,,,,,,,,,,,,,,,652541.6764120102,-0.04191505055171385
20231221,625190.3590581007,625190.3590581007,,NO_PLAN,,,0.0,625190.3590581007,625190.3590581007,,,,,,,,,,,,,,,,,,,,,,,,,,,,,,,,,,652541.6764120102,-0.04191505055171385
20231222,625190.3590581007,625190.3590581007,20231221,EXECUTED,OK,A,0.31375444815675824,821346.6151573007,821346.6151573007,300530.SZ,领湃科技,20231225,True,True,True,25400.0,0.8239388156529913,20.28026,28.03194,515118.60399999993,712011.276,712011.276,0.0,154.53558119999997,213.60338279999996,12.2712988,356.005638,514.6039999999197,712.7239999999994,736.4159007999999,1227.327999999919,2.407,2.407,,,,,,,,,,821346.6151573007,0.0
20231225,821346.6151573007,821346.6151573007,,SKIP_OCCUPIED,,,0.0,821346.6151573007,821346.6151573007,,,,,,,,,,,,,,,,,,,,,,,,,,,,,,,,,,821346.6151573007,0.0
20231226,821346.6151573007,821346.6151573007,,NO_PLAN,,,0.0,821346.6151573007,821346.6151573007,,,,,,,,,,,,,,,,,,,,,,,,,,,,,,,,,,821346.6151573007,0.0
20231227,821346.6151573007,821346.6151573007,20231226,EXECUTED,OK,A,0.01618212952876763,834637.752471791,834637.752471791,300505.SZ,川金诺,20231228,True,True,True,41700.0,0.8243174824192027,16.236219999999996,16.57341,677050.3739999998,691111.1969999999,691111.197,1.1641532182693481e-10,203.11511219999994,207.3333591,13.681615709999999,345.55559850000003,676.3739999998755,691.8030000000322,769.68568551,1368.1769999999078,2.008,2.008,,,,,,,,,,834637.752471791,0.0
20231228,834637.752471791,834637.752471791,,SKIP_OCCUPIED,,,0.0,834637.752471791,834637.752471791,,,,,,,,,,,,,,,,,,,,,,,,,,,,,,,,,,834637.752471791,0.0
20231229,834637.752471791,834637.752471791,20231228,EXECUTED,OK,A,-0.037423635663276,803402.5733124712,803402.5733124712,300751.SZ,迈为股份,20240102,True,True,True,5100.0,0.8135005851211456,133.13299999999998,127.15272,678978.2999999999,648478.872,648478.8720000001,1.1641532182693481e-10,203.69348999999997,194.5436616,13.27457172,324.23943600000007,678.2999999999049,649.1279999999947,735.7511593199999,1327.4279999998996,4.696,4.696,,,,,,,,,,834637.752471791,-0.037423635663276
20240102,803402.5733124712,803402.5733124712,,SKIP_OCCUPIED,,,0.0,803402.5733124712,803402.5733124712,,,,,,,,,,,,,,,,,,,,,,,,,,,,,,,,,,834637.752471791,-0.037423635663276
20240103,803402.5733124712,803402.5733124712,20240102,EXECUTED,OK,A,-0.07160842821396385,745872.1778145112,745872.1778145112,300478.SZ,杭州高新,20240104,True,True,True,44100.0,0.8247458534617994,15.025009999999998,13.73625,662602.9409999999,605768.625,605768.625,0.0,198.78088229999994,181.73058749999998,12.68371566,302.8843125,661.94099999993,606.3749999999968,696.07949796,1268.3159999999268,1.929,1.929,,,,,,,,,,834637.752471791,-0.10635221614934065
20240104,745872.1778145112,745872.1778145112,,SKIP_OCCUPIED,,,0.0,745872.1778145112,745872.1778145112,,,,,,,,,,,,,,,,,,,,,,,,,,,,,,,,,,834637.752471791,-0.10635221614934065
20240105,745872.1778145112,745872.1778145112,,NO_PLAN,,,0.0,745872.1778145112,745872.1778145112,,,,,,,,,,,,,,,,,,,,,,,,,,,,,,,,,,834637.752471791,-0.10635221614934065
20240108,745872.1778145112,745872.1778145112,,NO_PLAN,,,0.0,745872.1778145112,745872.1778145112,,,,,,,,,,,,,,,,,,,,,,,,,,,,,,,,,,834637.752471791,-0.10635221614934065
20240109,745872.1778145112,745872.1778145112,,NO_PLAN,,,0.0,745872.1778145112,745872.1778145112,,,,,,,,,,,,,,,,,,,,,,,,,,,,,,,,,,834637.752471791,-0.10635221614934065
20240110,745872.1778145112,745872.1778145112,,NO_PLAN,,,0.0,745872.1778145112,745872.1778145112,,,,,,,,,,,,,,,,,,,,,,,,,,,,,,,,,,834637.752471791,-0.10635221614934065
20240111,745872.1778145112,745872.1778145112,,NO_PLAN,,,0.0,745872.1778145112,745872.1778145112,,,,,,,,,,,,,,,,,,,,,,,,,,,,,,,,,,834637.752471791,-0.10635221614934065
20240112,745872.1778145112,745872.1778145112,,NO_PLAN,,,0.0,745872.1778145112,745872.1778145112,,,,,,,,,,,,,,,,,,,,,,,,,,,,,,,,,,834637.752471791,-0.10635221614934065
20240115,745872.1778145112,745872.1778145112,20240112,EXECUTED,OK,A,-0.04208220042261168,714484.2353380711,714484.2353380711,300197.SZ,节能铁汉,20240116,True,True,True,268400.0,0.824874092773849,2.29229,2.17782,615250.6359999999,584526.888,584526.8879999999,-1.1641532182693481e-10,184.57519079999997,175.35806639999996,11.99777524,292.263444,614.635999999974,585.112000000019,664.19447644,1199.747999999993,31.695,31.695,,,,,,,,,,834637.752471791,-0.14395888129656675
20240116,714484.2353380711,714484.2353380711,,SKIP_OCCUPIED,,,0.0,714484.2353380711,714484.2353380711,,,,,,,,,,,,,,,,,,,,,,,,,,,,,,,,,,834637.752471791,-0.14395888129656675
20240117,714484.2353380711,714484.2353380711,,NO_PLAN,,,0.0,714484.2353380711,714484.2353380711,,,,,,,,,,,,,,,,,,,,,,,,,,,,,,,,,,834637.752471791,-0.14395888129656675
20240118,714484.2353380711,714484.2353380711,,NO_PLAN,,,0.0,714484.2353380711,714484.2353380711,,,,,,,,,,,,,,,,,,,,,,,,,,,,,,,,,,834637.752471791,-0.14395888129656675
20240119,714484.2353380711,714484.2353380711,,NO_PLAN,,,0.0,714484.2353380711,714484.2353380711,,,,,,,,,,,,,,,,,,,,,,,,,,,,,,,,,,834637.752471791,-0.14395888129656675
20240122,714484.2353380711,714484.2353380711,,NO_PLAN,,,0.0,714484.2353380711,714484.2353380711,,,,,,,,,,,,,,,,,,,,,,,,,,,,,,,,,,834637.752471791,-0.14395888129656675
20240123,714484.2353380711,714484.2353380711,,NO_PLAN,,,0.0,714484.2353380711,714484.2353380711,,,,,,,,,,,,,,,,,,,,,,,,,,,,,,,,,,834637.752471791,-0.14395888129656675
20240124,714484.2353380711,714484.2353380711,,NO_PLAN,,,0.0,714484.2353380711,714484.2353380711,,,,,,,,,,,,,,,,,,,,,,,,,,,,,,,,,,834637.752471791,-0.14395888129656675
20240125,714484.2353380711,714484.2353380711,,NO_PLAN,,,0.0,714484.2353380711,714484.2353380711,,,,,,,,,,,,,,,,,,,,,,,,,,,,,,,,,,834637.752471791,-0.14395888129656675
20240126,714484.2353380711,714484.2353380711,,NO_PLAN,,,0.0,714484.2353380711,714484.2353380711,,,,,,,,,,,,,,,,,,,,,,,,,,,,,,,,,,834637.752471791,-0.14395888129656675
20240129,714484.2353380711,714484.2353380711,,NO_PLAN,,,0.0,714484.2353380711,714484.2353380711,,,,,,,,,,,,,,,,,,,,,,,,,,,,,,,,,,834637.752471791,-0.14395888129656675
20240130,714484.2353380711,714484.2353380711,,NO_PLAN,,,0.0,714484.2353380711,714484.2353380711,,,,,,,,,,,,,,,,,,,,,,,,,,,,,,,,,,834637.752471791,-0.14395888129656675
20240131,714484.2353380711,714484.2353380711,,NO_PLAN,,,0.0,714484.2353380711,714484.2353380711,,,,,,,,,,,,,,,,,,,,,,,,,,,,,,,,,,834637.752471791,-0.14395888129656675
20240201,714484.2353380711,714484.2353380711,,NO_PLAN,,,0.0,714484.2353380711,714484.2353380711,,,,,,,,,,,,,,,,,,,,,,,,,,,,,,,,,,834637.752471791,-0.14395888129656675
20240202,714484.2353380711,714484.2353380711,,NO_PLAN,,,0.0,714484.2353380711,714484.2353380711,,,,,,,,,,,,,,,,,,,,,,,,,,,,,,,,,,834637.752471791,-0.14395888129656675
20240205,714484.2353380711,714484.2353380711,,NO_PLAN,,,0.0,714484.2353380711,714484.2353380711,,,,,,,,,,,,,,,,,,,,,,,,,,,,,,,,,,834637.752471791,-0.14395888129656675
20240206,714484.2353380711,714484.2353380711,,NO_PLAN,,,0.0,714484.2353380711,714484.2353380711,,,,,,,,,,,,,,,,,,,,,,,,,,,,,,,,,,834637.752471791,-0.14395888129656675
20240207,714484.2353380711,714484.2353380711,,NO_PLAN,,,0.0,714484.2353380711,714484.2353380711,,,,,,,,,,,,,,,,,,,,,,,,,,,,,,,,,,834637.752471791,-0.14395888129656675
20240208,714484.2353380711,714484.2353380711,20240208,PLAN_NOT_EXECUTED_FILL_GATE_UNVERIFIABLE,OK,D,0.0,714484.2353380711,714484.2353380711,688683.SH,莱尔科技,20240220,False,False,True,,,,,,,,,,,,,,,,,,,True,False,0.8,589438.08,,,SIGNAL_TIME_AMOUNT_SPACE_OVER_ACTUAL_ORDER_GROSS,,缺少可靠的历史信号时预估成交金额或队列金额,834637.752471791,-0.14395888129656675
20240219,714484.2353380711,714484.2353380711,,NO_PLAN,,,0.0,714484.2353380711,714484.2353380711,,,,,,,,,,,,,,,,,,,,,,,,,,,,,,,,,,834637.752471791,-0.14395888129656675
20240220,714484.2353380711,714484.2353380711,,NO_PLAN,,,0.0,714484.2353380711,714484.2353380711,,,,,,,,,,,,,,,,,,,,,,,,,,,,,,,,,,834637.752471791,-0.14395888129656675
20240221,714484.2353380711,714484.2353380711,,NO_PLAN,,,0.0,714484.2353380711,714484.2353380711,,,,,,,,,,,,,,,,,,,,,,,,,,,,,,,,,,834637.752471791,-0.14395888129656675
20240222,714484.2353380711,714484.2353380711,20240221,EXECUTED,OK,C,0.07543361754402889,768380.365887801,768380.365887801,000702.SZ,正虹科技,20240226,True,True,True,150900.0,0.8245087587149593,3.9038999999999993,4.26573,589098.5099999999,643698.6569999999,643698.6569999998,-1.1641532182693481e-10,176.72955299999995,193.10959709999992,12.327971669999997,321.8493284999999,588.5099999999017,644.3429999999994,704.0164502699997,1232.852999999901,2.553,2.553,,,,,,,,,,834637.752471791,-0.07938460294632943
20240223,768380.365887801,768380.365887801,,SKIP_OCCUPIED,,,0.0,768380.365887801,768380.365887801,,,,,,,,,,,,,,,,,,,,,,,,,,,,,,,,,,834637.752471791,-0.07938460294632943
20240226,768380.365887801,768380.365887801,,SKIP_OCCUPIED,,,0.0,768380.365887801,768380.365887801,,,,,,,,,,,,,,,,,,,,,,,,,,,,,,,,,,834637.752471791,-0.07938460294632943
20240227,768380.365887801,768380.365887801,,NO_PLAN,,,0.0,768380.365887801,768380.365887801,,,,,,,,,,,,,,,,,,,,,,,,,,,,,,,,,,834637.752471791,-0.07938460294632943
20240228,768380.365887801,768380.365887801,,NO_PLAN,,,0.0,768380.365887801,768380.365887801,,,,,,,,,,,,,,,,,,,,,,,,,,,,,,,,,,834637.752471791,-0.07938460294632943
20240229,768380.365887801,768380.365887801,20240228,EXECUTED,OK,A,0.019632770829952184,783465.801521511,783465.801521511,301138.SZ,华研精机,20240301,True,True,True,21100.0,0.8246345535754139,30.03,30.77919,633633.0,649440.909,649440.9090000001,1.1641532182693481e-10,190.08989999999997,194.8322727,12.830739090000002,324.7204545000001,633.000000000024,650.0909999999767,722.4733662900001,1283.0910000000008,1.0544,1.0544,,,,,,,,,,834637.752471791,-0.06131037183344934
20240301,783465.801521511,783465.801521511,,SKIP_OCCUPIED,,,0.0,783465.801521511,783465.801521511,,,,,,,,,,,,,,,,,,,,,,,,,,,,,,,,,,834637.752471791,-0.06131037183344934
20240304,783465.801521511,783465.801521511,,NO_PLAN,,,0.0,783465.801521511,783465.801521511,,,,,,,,,,,,,,,,,,,,,,,,,,,,,,,,,,834637.752471791,-0.06131037183344934
20240305,783465.801521511,783465.801521511,,NO_PLAN,,,0.0,783465.801521511,783465.801521511,,,,,,,,,,,,,,,,,,,,,,,,,,,,,,,,,,834637.752471791,-0.06131037183344934
20240306,783465.801521511,783465.801521511,,NO_PLAN,,,0.0,783465.801521511,783465.801521511,,,,,,,,,,,,,,,,,,,,,,,,,,,,,,,,,,834637.752471791,-0.06131037183344934
20240307,783465.801521511,783465.801521511,,NO_PLAN,,,0.0,783465.801521511,783465.801521511,,,,,,,,,,,,,,,,,,,,,,,,,,,,,,,,,,834637.752471791,-0.06131037183344934
20240308,783465.801521511,783465.801521511,,NO_PLAN,,,0.0,783465.801521511,783465.801521511,,,,,,,,,,,,,,,,,,,,,,,,,,,,,,,,,,834637.752471791,-0.06131037183344934
20240311,783465.801521511,783465.801521511,20240308,EXECUTED,OK,A,-0.02930327451747683,760507.6880644712,760507.6880644712,300810.SZ,中科海讯,20240312,True,True,True,34400.0,0.8240882993822327,18.768749999999997,18.12186,645644.9999999999,623391.984,623391.984,0.0,193.69349999999994,187.0175952,12.69036984,311.69599200000005,644.9999999999022,624.0159999999634,705.09745704,1269.0159999998655,1.508,1.508,,,,,,,,,,834637.752471791,-0.08881705169432197
20240312,760507.6880644712,760507.6880644712,,SKIP_OCCUPIED,,,0.0,760507.6880644712,760507.6880644712,,,,,,,,,,,,,,,,,,,,,,,,,,,,,,,,,,834637.752471791,-0.08881705169432197
20240313,760507.6880644712,760507.6880644712,,NO_PLAN,,,0.0,760507.6880644712,760507.6880644712,,,,,,,,,,,,,,,,,,,,,,,,,,,,,,,,,,834637.752471791,-0.08881705169432197
20240314,760507.6880644712,760507.6880644712,20240314,PLAN_NOT_EXECUTED_FILL_GATE_UNVERIFIABLE,OK,D,0.0,760507.6880644712,760507.6880644712,300347.SZ,泰格医药,20240318,False,False,True,,,,,,,,,,,,,,,,,,,True,False,0.8,627120.0,,,SIGNAL_TIME_AMOUNT_SPACE_OVER_ACTUAL_ORDER_GROSS,,缺少可靠的历史信号时预估成交金额或队列金额,834637.752471791,-0.08881705169432197
20240315,760507.6880644712,760507.6880644712,,NO_PLAN,,,0.0,760507.6880644712,760507.6880644712,,,,,,,,,,,,,,,,,,,,,,,,,,,,,,,,,,834637.752471791,-0.08881705169432197
20240318,760507.6880644712,760507.6880644712,,NO_PLAN,,,0.0,760507.6880644712,760507.6880644712,,,,,,,,,,,,,,,,,,,,,,,,,,,,,,,,,,834637.752471791,-0.08881705169432197
20240319,760507.6880644712,760507.6880644712,,NO_PLAN,,,0.0,760507.6880644712,760507.6880644712,,,,,,,,,,,,,,,,,,,,,,,,,,,,,,,,,,834637.752471791,-0.08881705169432197
20240320,760507.6880644712,760507.6880644712,20240319,EXECUTED,OK,A,0.06025654381469603,806333.2528917412,806333.2528917412,300913.SZ,兆龙互连,20240321,True,True,True,15100.0,0.824813029302109,41.54149999999999,44.62533,627276.6499999999,673842.483,673842.4829999999,-1.1641532182693481e-10,188.18299499999995,202.15274489999996,13.011191329999999,336.92124149999995,626.6499999998807,674.5170000000535,740.2681727299998,1301.1669999999342,2.126,2.126,,,,,,,,,,834637.752471791,-0.033912316446536916
20240321,806333.2528917412,806333.2528917412,,SKIP_OCCUPIED,,,0.0,806333.2528917412,806333.2528917412,,,,,,,,,,,,,,,,,,,,,,,,,,,,,,,,,,834637.752471791,-0.033912316446536916
20240322,806333.2528917412,806333.2528917412,,NO_PLAN,,,0.0,806333.2528917412,806333.2528917412,,,,,,,,,,,,,,,,,,,,,,,,,,,,,,,,,,834637.752471791,-0.033912316446536916
20240325,806333.2528917412,806333.2528917412,,NO_PLAN,,,0.0,806333.2528917412,806333.2528917412,,,,,,,,,,,,,,,,,,,,,,,,,,,,,,,,,,834637.752471791,-0.033912316446536916
20240326,806333.2528917412,806333.2528917412,,NO_PLAN,,,0.0,806333.2528917412,806333.2528917412,,,,,,,,,,,,,,,,,,,,,,,,,,,,,,,,,,834637.752471791,-0.033912316446536916
20240327,806333.2528917412,806333.2528917412,,NO_PLAN,,,0.0,806333.2528917412,806333.2528917412,,,,,,,,,,,,,,,,,,,,,,,,,,,,,,,,,,834637.752471791,-0.033912316446536916
20240328,806333.2528917412,806333.2528917412,20240327,EXECUTED,OK,A,0.04646143065848474,843796.6494086012,843796.6494086012,300261.SZ,雅本化学,20240329,True,True,True,94300.0,0.8241454381507702,7.047039999999999,7.45254,664535.8719999999,702774.522,702774.5219999999,-1.1641532182693481e-10,199.36076159999993,210.83235659999994,13.673103939999997,351.38726099999997,663.8719999999101,703.4780000000021,775.2534831399998,1367.3499999999121,9.306,9.306,,,,,,,,,,843796.6494086012,0.0
20240329,843796.6494086012,843796.6494086012,,SKIP_OCCUPIED,,,0.0,843796.6494086012,843796.6494086012,,,,,,,,,,,,,,,,,,,,,,,,,,,,,,,,,,843796.6494086012,0.0
20240401,843796.6494086012,843796.6494086012,,NO_PLAN,,,0.0,843796.6494086012,843796.6494086012,,,,,,,,,,,,,,,,,,,,,,,,,,,,,,,,,,843796.6494086012,0.0
20240402,843796.6494086012,843796.6494086012,,NO_PLAN,,,0.0,843796.6494086012,843796.6494086012,,,,,,,,,,,,,,,,,,,,,,,,,,,,,,,,,,843796.6494086012,0.0
20240403,843796.6494086012,843796.6494086012,,NO_PLAN,,,0.0,843796.6494086012,843796.6494086012,,,,,,,,,,,,,,,,,,,,,,,,,,,,,,,,,,843796.6494086012,0.0
20240408,843796.6494086012,843796.6494086012,20240403,EXECUTED,OK,A,0.004258918050514593,847390.3101897313,847390.3101897313,301500.SZ,飞南资源,20240409,True,True,True,25100.0,0.824802125592448,27.727699999999995,27.90207,695965.2699999999,700341.9569999999,700341.957,1.1641532182693481e-10,208.78958099999994,210.1025871,13.963072270000001,350.17097850000005,695.2699999998956,701.0430000000337,783.02621887,1396.3129999999292,1.0,1.0,,,,,,,,,,847390.3101897313,0.0
20240409,847390.3101897313,847390.3101897313,,SKIP_OCCUPIED,,,0.0,847390.3101897313,847390.3101897313,,,,,,,,,,,,,,,,,,,,,,,,,,,,,,,,,,847390.3101897313,0.0
20240410,847390.3101897313,847390.3101897313,20240409,EXECUTED,OK,C,-0.05094157015811829,804222.9172518915,804222.9172518915,600094.SH,大名城,20240412,True,True,True,171100.0,0.8246330877249956,4.084079999999999,3.83616,698786.0879999999,656366.976,656366.976,0.0,209.63582639999996,196.9100928,13.55153064,328.183488,698.0879999998623,657.0239999999733,748.28093784,1355.1119999998355,2.756,2.756,,,,,,,,,,847390.3101897313,-0.05094157015811829
20240411,804222.9172518915,804222.9172518915,,SKIP_OCCUPIED,,,0.0,804222.9172518915,804222.9172518915,,,,,,,,,,,,,,,,,,,,,,,,,,,,,,,,,,847390.3101897313,-0.05094157015811829
20240412,804222.9172518915,804222.9172518915,,SKIP_OCCUPIED,,,0.0,804222.9172518915,804222.9172518915,,,,,,,,,,,,,,,,,,,,,,,,,,,,,,,,,,847390.3101897313,-0.05094157015811829
20240415,804222.9172518915,804222.9172518915,,NO_PLAN,,,0.0,804222.9172518915,804222.9172518915,,,,,,,,,,,,,,,,,,,,,,,,,,,,,,,,,,847390.3101897313,-0.05094157015811829
20240416,804222.9172518915,804222.9172518915,,NO_PLAN,,,0.0,804222.9172518915,804222.9172518915,,,,,,,,,,,,,,,,,,,,,,,,,,,,,,,,,,847390.3101897313,-0.05094157015811829
20240417,804222.9172518915,804222.9172518915,,NO_PLAN,,,0.0,804222.9172518915,804222.9172518915,,,,,,,,,,,,,,,,,,,,,,,,,,,,,,,,,,847390.3101897313,-0.05094157015811829
20240418,804222.9172518915,804222.9172518915,,NO_PLAN,,,0.0,804222.9172518915,804222.9172518915,,,,,,,,,,,,,,,,,,,,,,,,,,,,,,,,,,847390.3101897313,-0.05094157015811829
20240419,804222.9172518915,804222.9172518915,,NO_PLAN,,,0.0,804222.9172518915,804222.9172518915,,,,,,,,,,,,,,,,,,,,,,,,,,,,,,,,,,847390.3101897313,-0.05094157015811829
20240422,804222.9172518915,804222.9172518915,20240422,PLAN_NOT_EXECUTED_FILL_GATE_UNVERIFIABLE,OK,D,0.0,804222.9172518915,804222.9172518915,300200.SZ,高盟新材,20240424,False,False,True,,,,,,,,,,,,,,,,,,,True,False,0.8,662805.0,,,SIGNAL_TIME_AMOUNT_SPACE_OVER_ACTUAL_ORDER_GROSS,,缺少可靠的历史信号时预估成交金额或队列金额,847390.3101897313,-0.05094157015811829
20240423,804222.9172518915,804222.9172518915,,NO_PLAN,,,0.0,804222.9172518915,804222.9172518915,,,,,,,,,,,,,,,,,,,,,,,,,,,,,,,,,,847390.3101897313,-0.05094157015811829
20240424,804222.9172518915,804222.9172518915,,NO_PLAN,,,0.0,804222.9172518915,804222.9172518915,,,,,,,,,,,,,,,,,,,,,,,,,,,,,,,,,,847390.3101897313,-0.05094157015811829
20240425,804222.9172518915,804222.9172518915,,NO_PLAN,,,0.0,804222.9172518915,804222.9172518915,,,,,,,,,,,,,,,,,,,,,,,,,,,,,,,,,,847390.3101897313,-0.05094157015811829
20240426,804222.9172518915,804222.9172518915,,NO_PLAN,,,0.0,804222.9172518915,804222.9172518915,,,,,,,,,,,,,,,,,,,,,,,,,,,,,,,,,,847390.3101897313,-0.05094157015811829
20240429,804222.9172518915,804222.9172518915,,NO_PLAN,,,0.0,804222.9172518915,804222.9172518915,,,,,,,,,,,,,,,,,,,,,,,,,,,,,,,,,,847390.3101897313,-0.05094157015811829
20240430,804222.9172518915,804222.9172518915,,NO_PLAN,,,0.0,804222.9172518915,804222.9172518915,,,,,,,,,,,,,,,,,,,,,,,,,,,,,,,,,,847390.3101897313,-0.05094157015811829
20240506,804222.9172518915,804222.9172518915,20240430,EXECUTED,OK,A,0.04214215001637989,838114.6000773314,838114.6000773314,300177.SZ,中海达,20240507,True,True,True,94800.0,0.8247895425146687,6.996989999999999,7.36263,663314.6519999999,697977.324,697977.3239999999,-1.1641532182693481e-10,198.99439559999996,209.39319719999995,13.612919759999999,348.988662,662.6519999999207,698.6759999999883,770.9891745599998,1361.327999999909,12.276,12.276,,,,,,,,,,847390.3101897313,-0.010946207433411681
20240507,838114.6000773314,838114.6000773314,,SKIP_OCCUPIED,,,0.0,838114.6000773314,838114.6000773314,,,,,,,,,,,,,,,,,,,,,,,,,,,,,,,,,,847390.3101897313,-0.010946207433411681
20240508,838114.6000773314,838114.6000773314,,NO_PLAN,,,0.0,838114.6000773314,838114.6000773314,,,,,,,,,,,,,,,,,,,,,,,,,,,,,,,,,,847390.3101897313,-0.010946207433411681
20240509,838114.6000773314,838114.6000773314,,NO_PLAN,,,0.0,838114.6000773314,838114.6000773314,,,,,,,,,,,,,,,,,,,,,,,,,,,,,,,,,,847390.3101897313,-0.010946207433411681
20240510,838114.6000773314,838114.6000773314,,NO_PLAN,,,0.0,838114.6000773314,838114.6000773314,,,,,,,,,,,,,,,,,,,,,,,,,,,,,,,,,,847390.3101897313,-0.010946207433411681
20240513,838114.6000773314,838114.6000773314,,NO_PLAN,,,0.0,838114.6000773314,838114.6000773314,,,,,,,,,,,,,,,,,,,,,,,,,,,,,,,,,,847390.3101897313,-0.010946207433411681
20240514,838114.6000773314,838114.6000773314,,NO_PLAN,,,0.0,838114.6000773314,838114.6000773314,,,,,,,,,,,,,,,,,,,,,,,,,,,,,,,,,,847390.3101897313,-0.010946207433411681
20240515,838114.6000773314,838114.6000773314,,NO_PLAN,,,0.0,838114.6000773314,838114.6000773314,,,,,,,,,,,,,,,,,,,,,,,,,,,,,,,,,,847390.3101897313,-0.010946207433411681
20240516,838114.6000773314,838114.6000773314,,NO_PLAN,,,0.0,838114.6000773314,838114.6000773314,,,,,,,,,,,,,,,,,,,,,,,,,,,,,,,,,,847390.3101897313,-0.010946207433411681
20240517,838114.6000773314,838114.6000773314,,NO_PLAN,,,0.0,838114.6000773314,838114.6000773314,,,,,,,,,,,,,,,,,,,,,,,,,,,,,,,,,,847390.3101897313,-0.010946207433411681
20240520,838114.6000773314,838114.6000773314,,NO_PLAN,,,0.0,838114.6000773314,838114.6000773314,,,,,,,,,,,,,,,,,,,,,,,,,,,,,,,,,,847390.3101897313,-0.010946207433411681
20240521,838114.6000773314,838114.6000773314,20240520,EXECUTED,OK,A,0.41549462918779745,1186346.7150533414,1186346.7150533414,300162.SZ,雷曼光电,20240522,True,True,True,96700.0,0.8246228355122683,7.1471399999999985,10.75923,691128.4379999998,1040417.5410000001,1040417.5409999999,-2.3283064365386963e-10,207.33853139999994,312.1252622999999,17.31545979,520.2087704999999,690.4379999998853,1041.4589999999089,1056.9880239899999,1731.8969999997942,5.29,5.29,,,,,,,,,,1186346.7150533414,0.0
20240522,1186346.7150533414,1186346.7150533414,,SKIP_OCCUPIED,,,0.0,1186346.7150533414,1186346.7150533414,,,,,,,,,,,,,,,,,,,,,,,,,,,,,,,,,,1186346.7150533414,0.0
20240523,1186346.7150533414,1186346.7150533414,,NO_PLAN,,,0.0,1186346.7150533414,1186346.7150533414,,,,,,,,,,,,,,,,,,,,,,,,,,,,,,,,,,1186346.7150533414,0.0
20240524,1186346.7150533414,1186346.7150533414,,NO_PLAN,,,0.0,1186346.7150533414,1186346.7150533414,,,,,,,,,,,,,,,,,,,,,,,,,,,,,,,,,,1186346.7150533414,0.0
20240527,1186346.7150533414,1186346.7150533414,20240524,EXECUTED,OK,C,-0.07051329775354809,1102693.4958958414,1102693.4958958414,000958.SZ,电投产融,20240528,True,True,True,212500.0,0.8247820705231226,4.604599999999999,4.21578,978477.4999999998,895853.2499999999,895853.25,1.1641532182693481e-10,293.5432499999999,268.755975,18.7433075,447.926625,977.499999999798,896.7500000000239,1028.9691575,1874.2499999998217,4.722,4.722,,,,,,,,,,1186346.7150533414,-0.07051329775354809
20240528,1102693.4958958414,1102693.4958958414,,SKIP_OCCUPIED,,,0.0,1102693.4958958414,1102693.4958958414,,,,,,,,,,,,,,,,,,,,,,,,,,,,,,,,,,1186346.7150533414,-0.07051329775354809
20240529,1102693.4958958414,1102693.4958958414,,NO_PLAN,,,0.0,1102693.4958958414,1102693.4958958414,,,,,,,,,,,,,,,,,,,,,,,,,,,,,,,,,,1186346.7150533414,-0.07051329775354809
20240530,1102693.4958958414,1102693.4958958414,,NO_PLAN,,,0.0,1102693.4958958414,1102693.4958958414,,,,,,,,,,,,,,,,,,,,,,,,,,,,,,,,,,1186346.7150533414,-0.07051329775354809
20240531,1102693.4958958414,1102693.4958958414,20240530,EXECUTED,OK,E,0.09697917018041546,1209631.7960911614,1209631.7960911614,300423.SZ,昇辉科技,20240604,True,True,True,144700.0,0.8249116544040281,6.28628,7.03296,909624.7159999999,1017669.312,1017669.3119999999,-1.1641532182693481e-10,272.88741479999993,305.30079359999996,19.27294028,508.834656,908.7159999999128,1018.6879999999907,1106.29580468,1927.4039999999036,3.383,3.383,,,,,,,,,,1209631.7960911614,0.0
20240603,1209631.7960911614,1209631.7960911614,,SKIP_OCCUPIED,,,0.0,1209631.7960911614,1209631.7960911614,,,,,,,,,,,,,,,,,,,,,,,,,,,,,,,,,,1209631.7960911614,0.0
20240604,1209631.7960911614,1209631.7960911614,,SKIP_OCCUPIED,,,0.0,1209631.7960911614,1209631.7960911614,,,,,,,,,,,,,,,,,,,,,,,,,,,,,,,,,,1209631.7960911614,0.0
20240605,1209631.7960911614,1209631.7960911614,20240605,PLAN_NOT_EXECUTED_FILL_GATE_UNVERIFIABLE,OK,D,0.0,1209631.7960911614,1209631.7960911614,300656.SZ,民德电子,20240607,False,False,True,,,,,,,,,,,,,,,,,,,True,False,0.8,997239.9999999999,,,SIGNAL_TIME_AMOUNT_SPACE_OVER_ACTUAL_ORDER_GROSS,,缺少可靠的历史信号时预估成交金额或队列金额,1209631.7960911614,0.0
20240606,1209631.7960911614,1209631.7960911614,,NO_PLAN,,,0.0,1209631.7960911614,1209631.7960911614,,,,,,,,,,,,,,,,,,,,,,,,,,,,,,,,,,1209631.7960911614,0.0
20240607,1209631.7960911614,1209631.7960911614,20240607,PLAN_NOT_EXECUTED_FILL_GATE_UNVERIFIABLE,QUEUE_UNCONFIRMED_NO_DEPTH,D,0.0,1209631.7960911614,1209631.7960911614,300716.SZ,泉为科技,20240612,False,False,False,,,,,,,,,,,,,,,,,,,True,False,0.8,997674.0,,,SIGNAL_TIME_AMOUNT_SPACE_OVER_ACTUAL_ORDER_GROSS,,缺少可靠的历史信号时预估成交金额或队列金额,1209631.7960911614,0.0
20240611,1209631.7960911614,1209631.7960911614,20240607,EXECUTED,OK,C,-0.005914330153388825,1202477.6342850416,1202477.6342850416,603843.SH,正平股份,20240613,True,True,True,405200.0,0.8248698448769972,2.4624599999999996,2.44755,997788.7919999999,991747.26,991747.2600000001,1.1641532182693481e-10,299.33663759999996,297.524178,19.895360520000004,495.87363000000005,996.7919999998722,992.7400000000256,1112.62980612,1989.5319999998978,1.437,1.437,,,,,,,,,,1209631.7960911614,-0.005914330153388825
20240612,1202477.6342850416,1202477.6342850416,,SKIP_OCCUPIED,,,0.0,1202477.6342850416,1202477.6342850416,,,,,,,,,,,,,,,,,,,,,,,,,,,,,,,,,,1209631.7960911614,-0.005914330153388825
20240613,1202477.6342850416,1202477.6342850416,,SKIP_OCCUPIED,,,0.0,1202477.6342850416,1202477.6342850416,,,,,,,,,,,,,,,,,,,,,,,,,,,,,,,,,,1209631.7960911614,-0.005914330153388825
20240614,1202477.6342850416,1202477.6342850416,20240613,EXECUTED,OK,E,0.013354155496479558,1218535.707594323,1218535.707594323,688573.SH,信宇人,20240617,True,True,True,46791.0,0.8249836712928378,21.201179999999997,21.56841,992024.4133799999,1009207.47231,1009207.4723100002,2.3283064365386963e-10,297.60732401399997,302.762241693,20.012318856900002,504.6037361550001,991.0333799998846,1010.2176899999895,1124.9856207189,2001.251069999874,1.0,1.0,,,,,,,,,,1218535.707594323,0.0
20240617,1218535.707594323,1218535.707594323,,SKIP_OCCUPIED,,,0.0,1218535.707594323,1218535.707594323,,,,,,,,,,,,,,,,,,,,,,,,,,,,,,,,,,1218535.707594323,0.0
20240618,1218535.707594323,1218535.707594323,,NO_PLAN,,,0.0,1218535.707594323,1218535.707594323,,,,,,,,,,,,,,,,,,,,,,,,,,,,,,,,,,1218535.707594323,0.0
20240619,1218535.707594323,1218535.707594323,,NO_PLAN,,,0.0,1218535.707594323,1218535.707594323,,,,,,,,,,,,,,,,,,,,,,,,,,,,,,,,,,1218535.707594323,0.0
20240620,1218535.707594323,1218535.707594323,,NO_PLAN,,,0.0,1218535.707594323,1218535.707594323,,,,,,,,,,,,,,,,,,,,,,,,,,,,,,,,,,1218535.707594323,0.0
20240621,1218535.707594323,1218535.707594323,,NO_PLAN,,,0.0,1218535.707594323,1218535.707594323,,,,,,,,,,,,,,,,,,,,,,,,,,,,,,,,,,1218535.707594323,0.0
20240624,1218535.707594323,1218535.707594323,,NO_PLAN,,,0.0,1218535.707594323,1218535.707594323,,,,,,,,,,,,,,,,,,,,,,,,,,,,,,,,,,1218535.707594323,0.0
20240625,1218535.707594323,1218535.707594323,,NO_PLAN,,,0.0,1218535.707594323,1218535.707594323,,,,,,,,,,,,,,,,,,,,,,,,,,,,,,,,,,1218535.707594323,0.0
20240626,1218535.707594323,1218535.707594323,,NO_PLAN,,,0.0,1218535.707594323,1218535.707594323,,,,,,,,,,,,,,,,,,,,,,,,,,,,,,,,,,1218535.707594323,0.0
20240627,1218535.707594323,1218535.707594323,,NO_PLAN,,,0.0,1218535.707594323,1218535.707594323,,,,,,,,,,,,,,,,,,,,,,,,,,,,,,,,,,1218535.707594323,0.0
20240628,1218535.707594323,1218535.707594323,,NO_PLAN,,,0.0,1218535.707594323,1218535.707594323,,,,,,,,,,,,,,,,,,,,,,,,,,,,,,,,,,1218535.707594323,0.0
20240701,1218535.707594323,1218535.707594323,20240628,EXECUTED,OK,C,0.22825131663506948,1496668.0872195733,1496668.0872195733,600076.SH,康欣新材,20240702,True,True,True,722500.0,0.8249895909777304,1.3913899999999997,1.77822,1005279.2749999998,1284763.95,1284763.9500000002,2.3283064365386963e-10,301.5837824999999,385.429185,22.90043225,642.3819750000001,1004.2749999998413,1286.050000000083,1352.29537475,2290.3249999999243,3.265,3.265,,,,,,,,,,1496668.0872195733,0.0
20240702,1496668.0872195733,1496668.0872195733,,SKIP_OCCUPIED,,,0.0,1496668.0872195733,1496668.0872195733,,,,,,,,,,,,,,,,,,,,,,,,,,,,,,,,,,1496668.0872195733,0.0
20240703,1496668.0872195733,1496668.0872195733,,NO_PLAN,,,0.0,1496668.0872195733,1496668.0872195733,,,,,,,,,,,,,,,,,,,,,,,,,,,,,,,,,,1496668.0872195733,0.0
20240704,1496668.0872195733,1496668.0872195733,20240703,EXECUTED,OK,A,0.06732891895173165,1597437.1315616232,1597437.1315616232,300120.SZ,经纬辉开,20240705,True,True,True,205500.0,0.8246537829859719,6.005999999999999,6.50349,1234232.9999999998,1336467.195,1336467.1949999998,-2.3283064365386963e-10,370.2698999999999,400.94015849999994,25.70700195,668.2335975,1232.9999999998643,1337.804999999912,1465.1506579499996,2570.8049999997766,3.424,3.424,,,,,,,,,,1597437.1315616232,0.0
20240705,1597437.1315616232,1597437.1315616232,,SKIP_OCCUPIED,,,0.0,1597437.1315616232,1597437.1315616232,,,,,,,,,,,,,,,,,,,,,,,,,,,,,,,,,,1597437.1315616232,0.0
20240708,1597437.1315616232,1597437.1315616232,20240705,EXECUTED,OK,E,0.01851403639328053,1627012.1407513327,1627012.1407513327,300417.SZ,南华仪器,20240710,True,True,True,146700.0,0.8245801183501453,8.97897,9.1908,1317214.899,1348290.3599999999,1348290.3599999996,-2.3283064365386963e-10,395.1644697,404.48710799999986,26.655052589999997,674.1451799999999,1315.898999999956,1349.6399999999817,1500.4518102899997,2665.538999999938,3.667,3.667,,,,,,,,,,1627012.1407513327,0.0
20240709,1627012.1407513327,1627012.1407513327,,SKIP_OCCUPIED,,,0.0,1627012.1407513327,1627012.1407513327,,,,,,,,,,,,,,,,,,,,,,,,,,,,,,,,,,1627012.1407513327,0.0
20240710,1627012.1407513327,1627012.1407513327,,SKIP_OCCUPIED,,,0.0,1627012.1407513327,1627012.1407513327,,,,,,,,,,,,,,,,,,,,,,,,,,,,,,,,,,1627012.1407513327,0.0
20240711,1627012.1407513327,1627012.1407513327,,NO_PLAN,,,0.0,1627012.1407513327,1627012.1407513327,,,,,,,,,,,,,,,,,,,,,,,,,,,,,,,,,,1627012.1407513327,0.0
20240712,1627012.1407513327,1627012.1407513327,,NO_PLAN,,,0.0,1627012.1407513327,1627012.1407513327,,,,,,,,,,,,,,,,,,,,,,,,,,,,,,,,,,1627012.1407513327,0.0
20240715,1627012.1407513327,1627012.1407513327,20240712,EXECUTED,OK,A,0.03041323818687003,1676494.8485209325,1676494.8485209325,300582.SZ,英飞特,20240716,True,True,True,134400.0,0.8243994832027508,9.97997,10.35963,1341307.9679999999,1392334.2719999999,1392334.2719999996,-2.3283064365386963e-10,402.39239039999995,417.70028159999987,27.336422399999996,696.1671359999998,1339.9679999998853,1393.7279999999987,1543.5962303999995,2733.695999999884,2.328,2.328,,,,,,,,,,1676494.8485209325,0.0
20240716,1676494.8485209325,1676494.8485209325,,SKIP_OCCUPIED,,,0.0,1676494.8485209325,1676494.8485209325,,,,,,,,,,,,,,,,,,,,,,,,,,,,,,,,,,1676494.8485209325,0.0
20240717,1676494.8485209325,1676494.8485209325,,NO_PLAN,,,0.0,1676494.8485209325,1676494.8485209325,,,,,,,,,,,,,,,,,,,,,,,,,,,,,,,,,,1676494.8485209325,0.0
20240718,1676494.8485209325,1676494.8485209325,,NO_PLAN,,,0.0,1676494.8485209325,1676494.8485209325,,,,,,,,,,,,,,,,,,,,,,,,,,,,,,,,,,1676494.8485209325,0.0
20240719,1676494.8485209325,1676494.8485209325,20240718,EXECUTED,OK,C,-0.029987621222477112,1626220.7560220526,1626220.7560220526,600620.SH,天宸股份,20240722,True,True,True,287800.0,0.8248289228087861,4.804799999999999,4.6353599999999995,1382821.4399999997,1334056.6079999998,1334056.6079999998,0.0,414.8464319999999,400.2169823999999,27.168780479999995,667.0283039999999,1381.439999999848,1335.3920000000574,1509.26049888,2716.8319999999053,429.174,429.174,,,,,,,,,,1676494.8485209325,-0.029987621222477112
20240722,1626220.7560220526,1626220.7560220526,,SKIP_OCCUPIED,,,0.0,1626220.7560220526,1626220.7560220526,,,,,,,,,,,,,,,,,,,,,,,,,,,,,,,,,,1676494.8485209325,-0.029987621222477112
20240723,1626220.7560220526,1626220.7560220526,,NO_PLAN,,,0.0,1626220.7560220526,1626220.7560220526,,,,,,,,,,,,,,,,,,,,,,,,,,,,,,,,,,1676494.8485209325,-0.029987621222477112
20240724,1626220.7560220526,1626220.7560220526,,NO_PLAN,,,0.0,1626220.7560220526,1626220.7560220526,,,,,,,,,,,,,,,,,,,,,,,,,,,,,,,,,,1676494.8485209325,-0.029987621222477112
20240725,1626220.7560220526,1626220.7560220526,,NO_PLAN,,,0.0,1626220.7560220526,1626220.7560220526,,,,,,,,,,,,,,,,,,,,,,,,,,,,,,,,,,1676494.8485209325,-0.029987621222477112
20240726,1626220.7560220526,1626220.7560220526,,NO_PLAN,,,0.0,1626220.7560220526,1626220.7560220526,,,,,,,,,,,,,,,,,,,,,,,,,,,,,,,,,,1676494.8485209325,-0.029987621222477112
20240729,1626220.7560220526,1626220.7560220526,,NO_PLAN,,,0.0,1626220.7560220526,1626220.7560220526,,,,,,,,,,,,,,,,,,,,,,,,,,,,,,,,,,1676494.8485209325,-0.029987621222477112
20240730,1626220.7560220526,1626220.7560220526,,NO_PLAN,,,0.0,1626220.7560220526,1626220.7560220526,,,,,,,,,,,,,,,,,,,,,,,,,,,,,,,,,,1676494.8485209325,-0.029987621222477112
20240731,1626220.7560220526,1626220.7560220526,,NO_PLAN,,,0.0,1626220.7560220526,1626220.7560220526,,,,,,,,,,,,,,,,,,,,,,,,,,,,,,,,,,1676494.8485209325,-0.029987621222477112
20240801,1626220.7560220526,1626220.7560220526,,NO_PLAN,,,0.0,1626220.7560220526,1626220.7560220526,,,,,,,,,,,,,,,,,,,,,,,,,,,,,,,,,,1676494.8485209325,-0.029987621222477112
20240802,1626220.7560220526,1626220.7560220526,,NO_PLAN,,,0.0,1626220.7560220526,1626220.7560220526,,,,,,,,,,,,,,,,,,,,,,,,,,,,,,,,,,1676494.8485209325,-0.029987621222477112
20240805,1626220.7560220526,1626220.7560220526,20240802,EXECUTED,OK,A,0.225648957187768,1993175.7737755324,1993175.7737755324,300149.SZ,睿智医药,20240806,True,True,True,258200.0,0.8248560676849519,5.19519,6.6233699999999995,1341398.058,1710154.1339999998,1710154.1339999998,0.0,402.41941739999993,513.0462401999999,30.51552192,855.0770669999999,1340.05799999995,1711.8660000000923,1801.05824652,3051.9240000000423,6.558,6.558,,,,,,,,,,1993175.7737755324,0.0
20240806,1993175.7737755324,1993175.7737755324,,SKIP_OCCUPIED,,,0.0,1993175.7737755324,1993175.7737755324,,,,,,,,,,,,,,,,,,,,,,,,,,,,,,,,,,1993175.7737755324,0.0
20240807,1993175.7737755324,1993175.7737755324,20240806,EXECUTED,OK,C,-0.002570191233207675,1988052.9308755326,1988052.9308755326,002919.SZ,名臣健康,20240809,True,True,True,128800.0,0.824735189755084,12.76275,12.73725,1643842.2,1640557.8,1640557.8,0.0,493.15265999999997,492.16733999999997,32.844,820.2789,1642.2000000000621,1642.2000000000621,1838.4429,3284.4000000001242,3.409,3.409,,,,,,,,,,1993175.7737755324,-0.002570191233207675
20240808,1988052.9308755326,1988052.9308755326,,SKIP_OCCUPIED,,,0.0,1988052.9308755326,1988052.9308755326,,,,,,,,,,,,,,,,,,,,,,,,,,,,,,,,,,1993175.7737755324,-0.002570191233207675
20240809,1988052.9308755326,1988052.9308755326,,SKIP_OCCUPIED,,,0.0,1988052.9308755326,1988052.9308755326,,,,,,,,,,,,,,,,,,,,,,,,,,,,,,,,,,1993175.7737755324,-0.002570191233207675
20240812,1988052.9308755326,1988052.9308755326,20240809,EXECUTED,OK,C,0.11695155833803939,2220558.8191999327,2220558.8191999327,003026.SZ,中晶科技,20240813,True,True,True,54100.0,0.8237305750600898,30.27023999999999,34.60536,1637619.9839999995,1872149.9759999998,1872149.9759999998,0.0,491.2859951999998,561.6449927999998,35.0976996,936.074988,1635.98399999957,1874.0240000001684,2024.1036755999994,3510.0079999997383,1.3381,1.3381,,,,,,,,,,2220558.8191999327,0.0
20240813,2220558.8191999327,2220558.8191999327,,SKIP_OCCUPIED,,,0.0,2220558.8191999327,2220558.8191999327,,,,,,,,,,,,,,,,,,,,,,,,,,,,,,,,,,2220558.8191999327,0.0
20240814,2220558.8191999327,2220558.8191999327,,NO_PLAN,,,0.0,2220558.8191999327,2220558.8191999327,,,,,,,,,,,,,,,,,,,,,,,,,,,,,,,,,,2220558.8191999327,0.0
20240815,2220558.8191999327,2220558.8191999327,,NO_PLAN,,,0.0,2220558.8191999327,2220558.8191999327,,,,,,,,,,,,,,,,,,,,,,,,,,,,,,,,,,2220558.8191999327,0.0
20240816,2220558.8191999327,2220558.8191999327,20240815,EXECUTED,OK,C,0.04952880731104736,2330540.449078933,2330540.449078933,002425.SZ,凯撒文化,20240819,True,True,True,610000.0,0.8249409942043364,3.0029999999999997,3.18681,1831829.9999999998,1943954.0999999999,1943954.0999999999,0.0,549.5489999999999,583.1862299999999,37.757841,971.97705,1829.9999999997985,1945.900000000016,2142.4701209999994,3775.8999999998146,4.425,4.425,,,,,,,,,,2330540.449078933,0.0
20240819,2330540.449078933,2330540.449078933,,SKIP_OCCUPIED,,,0.0,2330540.449078933,2330540.449078933,,,,,,,,,,,,,,,,,,,,,,,,,,,,,,,,,,2330540.449078933,0.0
20240820,2330540.449078933,2330540.449078933,,NO_PLAN,,,0.0,2330540.449078933,2330540.449078933,,,,,,,,,,,,,,,,,,,,,,,,,,,,,,,,,,2330540.449078933,0.0
20240821,2330540.449078933,2330540.449078933,,NO_PLAN,,,0.0,2330540.449078933,2330540.449078933,,,,,,,,,,,,,,,,,,,,,,,,,,,,,,,,,,2330540.449078933,0.0
20240822,2330540.449078933,2330540.449078933,,NO_PLAN,,,0.0,2330540.449078933,2330540.449078933,,,,,,,,,,,,,,,,,,,,,,,,,,,,,,,,,,2330540.449078933,0.0
20240823,2330540.449078933,2330540.449078933,,NO_PLAN,,,0.0,2330540.449078933,2330540.449078933,,,,,,,,,,,,,,,,,,,,,,,,,,,,,,,,,,2330540.449078933,0.0
20240826,2330540.449078933,2330540.449078933,,NO_PLAN,,,0.0,2330540.449078933,2330540.449078933,,,,,,,,,,,,,,,,,,,,,,,,,,,,,,,,,,2330540.449078933,0.0
20240827,2330540.449078933,2330540.449078933,,NO_PLAN,,,0.0,2330540.449078933,2330540.449078933,,,,,,,,,,,,,,,,,,,,,,,,,,,,,,,,,,2330540.449078933,0.0
20240828,2330540.449078933,2330540.449078933,,NO_PLAN,,,0.0,2330540.449078933,2330540.449078933,,,,,,,,,,,,,,,,,,,,,,,,,,,,,,,,,,2330540.449078933,0.0
20240829,2330540.449078933,2330540.449078933,20240828,EXECUTED,OK,C,0.00023676150622820025,2331092.2313459828,2331092.2313459828,600693.SH,东百集团,20240830,True,True,True,655500.0,0.8249312367694871,2.93293,2.93706,1922535.615,1925242.8299999998,1925242.8299999998,0.0,576.7606844999999,577.5728489999999,38.47778445,962.621415,1920.614999999774,1927.170000000108,2155.4327329499997,3847.784999999882,10.7756,10.7756,,,,,,,,,,2331092.2313459828,0.0
20240830,2331092.2313459828,2331092.2313459828,,SKIP_OCCUPIED,,,0.0,2331092.2313459828,2331092.2313459828,,,,,,,,,,,,,,,,,,,,,,,,,,,,,,,,,,2331092.2313459828,0.0
20240902,2331092.2313459828,2331092.2313459828,,NO_PLAN,,,0.0,2331092.2313459828,2331092.2313459828,,,,,,,,,,,,,,,,,,,,,,,,,,,,,,,,,,2331092.2313459828,0.0
20240903,2331092.2313459828,2331092.2313459828,20240902,EXECUTED,OK,C,0.049594720629040134,2446702.0993201127,2446702.0993201127,000627.SZ,天茂集团,20240904,True,True,True,937100.0,0.8249249125117906,2.0520499999999995,2.17782,1922976.0549999995,2040835.122,2040835.122,0.0,576.8928164999998,612.2505365999999,39.638111769999995,1020.417561,1921.0549999996845,2042.8780000000663,2249.19902587,3963.932999999751,28.918,28.918,,,,,,,,,,2446702.0993201127,0.0
20240904,2446702.0993201127,2446702.0993201127,,SKIP_OCCUPIED,,,0.0,2446702.0993201127,2446702.0993201127,,,,,,,,,,,,,,,,,,,,,,,,,,,,,,,,,,2446702.0993201127,0.0
20240905,2446702.0993201127,2446702.0993201127,,NO_PLAN,,,0.0,2446702.0993201127,2446702.0993201127,,,,,,,,,,,,,,,,,,,,,,,,,,,,,,,,,,2446702.0993201127,0.0
20240906,2446702.0993201127,2446702.0993201127,,NO_PLAN,,,0.0,2446702.0993201127,2446702.0993201127,,,,,,,,,,,,,,,,,,,,,,,,,,,,,,,,,,2446702.0993201127,0.0
20240909,2446702.0993201127,2446702.0993201127,20240906,EXECUTED,OK,A,0.1124645325084992,2721869.3071077126,2721869.3071077126,300905.SZ,宝丽迪,20240910,True,True,True,76000.0,0.8239719909343308,26.5265,30.17979,2016014.0,2293664.04,2293664.04,0.0,604.8041999999999,688.099212,43.0967804,1146.83202,2013.9999999998963,2295.9600000000223,2482.8322123999997,4309.959999999919,2.14,2.14,,,,,,,,,,2721869.3071077126,0.0
20240910,2721869.3071077126,2721869.3071077126,,SKIP_OCCUPIED,,,0.0,2721869.3071077126,2721869.3071077126,,,,,,,,,,,,,,,,,,,,,,,,,,,,,,,,,,2721869.3071077126,0.0
20240911,2721869.3071077126,2721869.3071077126,20240910,EXECUTED,OK,A,0.05739230909380999,2878083.671694193,2878083.671694193,300134.SZ,大富科技,20240912,True,True,True,199400.0,0.824982023984864,11.26125,12.05793,2245493.25,2404351.242,2404351.2420000006,4.656612873077393e-10,673.647975,721.3053726,46.49844492000001,1202.1756210000003,2243.250000000085,2406.7579999999166,2643.6274135200006,4650.008000000002,4.327,4.327,,,,,,,,,,2878083.671694193,0.0
20240912,2878083.671694193,2878083.671694193,,SKIP_OCCUPIED,,,0.0,2878083.671694193,2878083.671694193,,,,,,,,,,,,,,,,,,,,,,,,,,,,,,,,,,2878083.671694193,0.0
20240913,2878083.671694193,2878083.671694193,,NO_PLAN,,,0.0,2878083.671694193,2878083.671694193,,,,,,,,,,,,,,,,,,,,,,,,,,,,,,,,,,2878083.671694193,0.0
20240918,2878083.671694193,2878083.671694193,20240913,EXECUTED,OK,A,-0.0247037509285154,2806984.2095172326,2806984.2095172326,300072.SZ,海新能科,20240919,True,True,True,1063600.0,0.8249238378126859,2.23223,2.16783,2374199.8279999997,2305703.988,2305703.988,0.0,712.2599483999999,691.7111964,46.79903816,1152.8519939999999,2371.8279999999513,2308.0120000000056,2603.6221769599997,4679.8399999999565,20.403,20.403,,,,,,,,,,2878083.671694193,-0.0247037509285154
20240919,2806984.2095172326,2806984.2095172326,,SKIP_OCCUPIED,,,0.0,2806984.2095172326,2806984.2095172326,,,,,,,,,,,,,,,,,,,,,,,,,,,,,,,,,,2878083.671694193,-0.0247037509285154
20240920,2806984.2095172326,2806984.2095172326,,NO_PLAN,,,0.0,2806984.2095172326,2806984.2095172326,,,,,,,,,,,,,,,,,,,,,,,,,,,,,,,,,,2878083.671694193,-0.0247037509285154
20240923,2806984.2095172326,2806984.2095172326,20240920,EXECUTED,OK,A,0.1954679788621776,3355659.7396496134,3355659.7396496134,300085.SZ,银之杰,20240924,True,True,True,181400.0,0.8247865599493985,12.76275,15.80418,2315162.85,2866878.2520000003,2866878.252000001,4.656612873077393e-10,694.548855,860.0634756000002,51.82041102000001,1433.4391260000004,2312.8500000000877,2869.7479999999496,3039.8718676200006,5182.598000000037,10.985,10.985,,,,,,,,,,3355659.7396496134,0.0
20240924,3355659.7396496134,3355659.7396496134,,SKIP_OCCUPIED,,,0.0,3355659.7396496134,3355659.7396496134,,,,,,,,,,,,,,,,,,,,,,,,,,,,,,,,,,3355659.7396496134,0.0
20240925,3355659.7396496134,3355659.7396496134,20240924,EXECUTED,OK,E,0.10587467713001719,3710939.1311432137,3710939.1311432137,300803.SZ,指南针,20240926,True,True,True,58800.0,0.8243873975997501,47.047,53.146800000000006,2766363.5999999996,3125031.8400000003,3125031.8400000003,0.0,829.9090799999998,937.509552,58.9139544,1562.5159200000003,2763.599999999826,3128.159999999812,3388.8485064,5891.759999999638,1.003,1.003,,,,,,,,,,3710939.1311432137,0.0
20240926,3710939.1311432137,3710939.1311432137,,SKIP_OCCUPIED,,,0.0,3710939.1311432137,3710939.1311432137,,,,,,,,,,,,,,,,,,,,,,,,,,,,,,,,,,3710939.1311432137,0.0
20240927,3710939.1311432137,3710939.1311432137,20240926,EXECUTED,OK,C,0.13580650188976406,4214908.793269614,4214908.793269614,600649.SH,城投控股,20241008,True,True,True,714500.0,0.8248903988508629,4.28428,4.995,3061118.06,3568927.5,3568927.5,0.0,918.3354179999999,1070.67825,66.3004556,1784.4637500000001,3058.0599999997266,3572.499999999924,3839.7778736,6630.55999999965,15.9521,15.9521,,,,,,,,,,4214908.793269614,0.0
20240930,4214908.793269614,4214908.793269614,,SKIP_OCCUPIED,,,0.0,4214908.793269614,4214908.793269614,,,,,,,,,,,,,,,,,,,,,,,,,,,,,,,,,,4214908.793269614,0.0
20241008,4214908.793269614,4214908.793269614,,SKIP_OCCUPIED,,,0.0,4214908.793269614,4214908.793269614,,,,,,,,,,,,,,,,,,,,,,,,,,,,,,,,,,4214908.793269614,0.0
20241009,4214908.793269614,4214908.793269614,,NO_PLAN,,,0.0,4214908.793269614,4214908.793269614,,,,,,,,,,,,,,,,,,,,,,,,,,,,,,,,,,4214908.793269614,0.0
20241010,4214908.793269614,4214908.793269614,,NO_PLAN,,,0.0,4214908.793269614,4214908.793269614,,,,,,,,,,,,,,,,,,,,,,,,,,,,,,,,,,4214908.793269614,0.0
20241011,4214908.793269614,4214908.793269614,,NO_PLAN,,,0.0,4214908.793269614,4214908.793269614,,,,,,,,,,,,,,,,,,,,,,,,,,,,,,,,,,4214908.793269614,0.0
20241014,4214908.793269614,4214908.793269614,,NO_PLAN,,,0.0,4214908.793269614,4214908.793269614,,,,,,,,,,,,,,,,,,,,,,,,,,,,,,,,,,4214908.793269614,0.0
20241015,4214908.793269614,4214908.793269614,20241014,EXECUTED,OK,E,0.007298413515334445,4245670.940572315,4245670.940572315,300663.SZ,科蓝软件,20241017,True,True,True,138900.0,0.8246851048237269,25.025,25.2747,3475972.5,3510655.83,3510655.8300000005,4.656612873077393e-10,1042.7917499999999,1053.1967490000002,69.86628330000002,1755.3279150000003,3472.4999999998026,3514.170000000199,3921.1826973,6986.670000000002,3.382,3.382,,,,,,,,,,4245670.940572315,0.0
20241016,4245670.940572315,4245670.940572315,,SKIP_OCCUPIED,,,0.0,4245670.940572315,4245670.940572315,,,,,,,,,,,,,,,,,,,,,,,,,,,,,,,,,,4245670.940572315,0.0
20241017,4245670.940572315,4245670.940572315,,SKIP_OCCUPIED,,,0.0,4245670.940572315,4245670.940572315,,,,,,,,,,,,,,,,,,,,,,,,,,,,,,,,,,4245670.940572315,0.0
20241018,4245670.940572315,4245670.940572315,,NO_PLAN,,,0.0,4245670.940572315,4245670.940572315,,,,,,,,,,,,,,,,,,,,,,,,,,,,,,,,,,4245670.940572315,0.0
20241021,4245670.940572315,4245670.940572315,20241018,EXECUTED,OK,C,0.024465463702365575,4349543.248861075,4349543.248861075,002708.SZ,光洋股份,20241023,True,True,True,410700.0,0.8249963817327401,8.528519999999999,8.7912,3502663.1639999994,3610545.84,3610545.84,0.0,1050.7989491999997,1083.163752,71.13209004000001,1805.2729199999999,3499.163999999578,3614.1600000003314,4010.367711239999,7113.32399999991,3.14,3.14,,,,,,,,,,4349543.248861075,0.0
20241022,4349543.248861075,4349543.248861075,,SKIP_OCCUPIED,,,0.0,4349543.248861075,4349543.248861075,,,,,,,,,,,,,,,,,,,,,,,,,,,,,,,,,,4349543.248861075,0.0
20241023,4349543.248861075,4349543.248861075,,SKIP_OCCUPIED,,,0.0,4349543.248861075,4349543.248861075,,,,,,,,,,,,,,,,,,,,,,,,,,,,,,,,,,4349543.248861075,0.0
20241024,4349543.248861075,4349543.248861075,,NO_PLAN,,,0.0,4349543.248861075,4349543.248861075,,,,,,,,,,,,,,,,,,,,,,,,,,,,,,,,,,4349543.248861075,0.0
20241025,4349543.248861075,4349543.248861075,20241024,EXECUTED,OK,C,0.050445200237701826,4568956.828992416,4568956.828992416,002562.SZ,兄弟科技,20241029,True,True,True,796600.0,0.8249796575628001,4.504499999999999,4.78521,3588284.6999999993,3811898.2860000003,3811898.286,-4.656612873077393e-10,1076.4854099999998,1143.5694858,74.00182986,1905.949143,3584.699999999428,3815.7139999998803,4200.00586866,7400.4139999993085,6.896,6.896,,,,,,,,,,4568956.828992416,0.0
20241028,4568956.828992416,4568956.828992416,,SKIP_OCCUPIED,,,0.0,4568956.828992416,4568956.828992416,,,,,,,,,,,,,,,,,,,,,,,,,,,,,,,,,,4568956.828992416,0.0
20241029,4568956.828992416,4568956.828992416,,SKIP_OCCUPIED,,,0.0,4568956.828992416,4568956.828992416,,,,,,,,,,,,,,,,,,,,,,,,,,,,,,,,,,4568956.828992416,0.0
20241030,4568956.828992416,4568956.828992416,,NO_PLAN,,,0.0,4568956.828992416,4568956.828992416,,,,,,,,,,,,,,,,,,,,,,,,,,,,,,,,,,4568956.828992416,0.0
20241031,4568956.828992416,4568956.828992416,,NO_PLAN,,,0.0,4568956.828992416,4568956.828992416,,,,,,,,,,,,,,,,,,,,,,,,,,,,,,,,,,4568956.828992416,0.0
20241101,4568956.828992416,4568956.828992416,20241101,PLAN_NOT_EXECUTED_FILL_GATE_UNVERIFIABLE,OK,D,0.0,4568956.828992416,4568956.828992416,301392.SZ,汇成真空,20241105,False,False,True,,,,,,,,,,,,,,,,,,,True,False,0.8,3764009.9999999995,,,SIGNAL_TIME_AMOUNT_SPACE_OVER_ACTUAL_ORDER_GROSS,,缺少可靠的历史信号时预估成交金额或队列金额,4568956.828992416,0.0
20241104,4568956.828992416,4568956.828992416,,NO_PLAN,,,0.0,4568956.828992416,4568956.828992416,,,,,,,,,,,,,,,,,,,,,,,,,,,,,,,,,,4568956.828992416,0.0
20241105,4568956.828992416,4568956.828992416,20241104,EXECUTED,OK,C,-0.05689730827901662,4308995.483779716,4308995.483779716,603185.SH,弘元绿能,20241107,True,True,True,153500.0,0.8246048192210339,24.54452,22.8771,3767583.82,3511634.8499999996,3511634.85,4.656612873077393e-10,1130.275146,1053.4904549999999,72.7921867,1755.8174250000002,3763.8199999998446,3515.149999999988,4012.3752127000002,7278.969999999832,3.8416,3.8416,,,,,,,,,,4568956.828992416,-0.05689730827901662
20241106,4308995.483779716,4308995.483779716,,SKIP_OCCUPIED,,,0.0,4308995.483779716,4308995.483779716,,,,,,,,,,,,,,,,,,,,,,,,,,,,,,,,,,4568956.828992416,-0.05689730827901662
20241107,4308995.483779716,4308995.483779716,,SKIP_OCCUPIED,,,0.0,4308995.483779716,4308995.483779716,,,,,,,,,,,,,,,,,,,,,,,,,,,,,,,,,,4568956.828992416,-0.05689730827901662
20241108,4308995.483779716,4308995.483779716,,NO_PLAN,,,0.0,4308995.483779716,4308995.483779716,,,,,,,,,,,,,,,,,,,,,,,,,,,,,,,,,,4568956.828992416,-0.05689730827901662
20241111,4308995.483779716,4308995.483779716,20241111,PLAN_NOT_EXECUTED_FILL_GATE_UNVERIFIABLE,OK,D,0.0,4308995.483779716,4308995.483779716,688116.SH,天奈科技,20241113,False,False,True,,,,,,,,,,,,,,,,,,,True,False,0.8,3554897.29,,,SIGNAL_TIME_AMOUNT_SPACE_OVER_ACTUAL_ORDER_GROSS,,缺少可靠的历史信号时预估成交金额或队列金额,4568956.828992416,-0.05689730827901662
20241112,4308995.483779716,4308995.483779716,,NO_PLAN,,,0.0,4308995.483779716,4308995.483779716,,,,,,,,,,,,,,,,,,,,,,,,,,,,,,,,,,4568956.828992416,-0.05689730827901662
20241113,4308995.483779716,4308995.483779716,,NO_PLAN,,,0.0,4308995.483779716,4308995.483779716,,,,,,,,,,,,,,,,,,,,,,,,,,,,,,,,,,4568956.828992416,-0.05689730827901662
20241114,4308995.483779716,4308995.483779716,20241113,EXECUTED,OK,C,0.06327430444420923,4581644.175869117,4581644.175869117,600104.SH,上汽集团,20241118,True,True,True,209000.0,0.8248931620791901,17.00699,18.33165,3554460.9099999997,3831314.85,3831314.85,0.0,1066.3382729999998,1149.3944549999999,73.85775760000001,1915.657425,3550.909999999966,3835.1500000003434,4205.2479106,7386.06000000031,11.0107,11.0107,,,,,,,,,,4581644.175869117,0.0
20241115,4581644.175869117,4581644.175869117,,SKIP_OCCUPIED,,,0.0,4581644.175869117,4581644.175869117,,,,,,,,,,,,,,,,,,,,,,,,,,,,,,,,,,4581644.175869117,0.0
20241118,4581644.175869117,4581644.175869117,,SKIP_OCCUPIED,,,0.0,4581644.175869117,4581644.175869117,,,,,,,,,,,,,,,,,,,,,,,,,,,,,,,,,,4581644.175869117,0.0
20241119,4581644.175869117,4581644.175869117,,NO_PLAN,,,0.0,4581644.175869117,4581644.175869117,,,,,,,,,,,,,,,,,,,,,,,,,,,,,,,,,,4581644.175869117,0.0
20241120,4581644.175869117,4581644.175869117,20241119,EXECUTED,OK,C,0.17744279245354577,5394623.912463857,5394623.912463857,002366.SZ,融发核电,20241122,True,True,True,772200.0,0.8249951137427608,4.894889999999999,5.95404,3779834.0579999993,4597709.688,4597709.688,0.0,1133.9502173999997,1379.3129064,83.77543746,2298.854844,3776.057999999704,4602.3119999999735,4895.89340526,8378.369999999677,2.332,2.332,,,,,,,,,,5394623.912463857,0.0
20241121,5394623.912463857,5394623.912463857,,SKIP_OCCUPIED,,,0.0,5394623.912463857,5394623.912463857,,,,,,,,,,,,,,,,,,,,,,,,,,,,,,,,,,5394623.912463857,0.0
20241122,5394623.912463857,5394623.912463857,,SKIP_OCCUPIED,,,0.0,5394623.912463857,5394623.912463857,,,,,,,,,,,,,,,,,,,,,,,,,,,,,,,,,,5394623.912463857,0.0
20241125,5394623.912463857,5394623.912463857,,NO_PLAN,,,0.0,5394623.912463857,5394623.912463857,,,,,,,,,,,,,,,,,,,,,,,,,,,,,,,,,,5394623.912463857,0.0
20241126,5394623.912463857,5394623.912463857,,NO_PLAN,,,0.0,5394623.912463857,5394623.912463857,,,,,,,,,,,,,,,,,,,,,,,,,,,,,,,,,,5394623.912463857,0.0
20241127,5394623.912463857,5394623.912463857,,NO_PLAN,,,0.0,5394623.912463857,5394623.912463857,,,,,,,,,,,,,,,,,,,,,,,,,,,,,,,,,,5394623.912463857,0.0
20241128,5394623.912463857,5394623.912463857,20241127,EXECUTED,OK,C,-0.05775006901042912,5083084.009233758,5083084.009233758,000962.SZ,东方钽业,20241202,True,True,True,271100.0,0.8249854136666505,16.416399999999996,15.2847,4450486.039999999,4143682.1700000004,4143682.1700000004,0.0,1335.1458119999995,1243.104651,85.94168210000001,2071.841085,4446.03999999927,4147.8299999999645,4736.0332301,8593.869999999235,3.373,3.373,,,,,,,,,,5394623.912463857,-0.05775006901042912
20241129,5083084.009233758,5083084.009233758,,SKIP_OCCUPIED,,,0.0,5083084.009233758,5083084.009233758,,,,,,,,,,,,,,,,,,,,,,,,,,,,,,,,,,5394623.912463857,-0.05775006901042912
20241202,5083084.009233758,5083084.009233758,,SKIP_OCCUPIED,,,0.0,5083084.009233758,5083084.009233758,,,,,,,,,,,,,,,,,,,,,,,,,,,,,,,,,,5394623.912463857,-0.05775006901042912
20241203,5083084.009233758,5083084.009233758,,NO_PLAN,,,0.0,5083084.009233758,5083084.009233758,,,,,,,,,,,,,,,,,,,,,,,,,,,,,,,,,,5394623.912463857,-0.05775006901042912
20241204,5083084.009233758,5083084.009233758,,NO_PLAN,,,0.0,5083084.009233758,5083084.009233758,,,,,,,,,,,,,,,,,,,,,,,,,,,,,,,,,,5394623.912463857,-0.05775006901042912
20241205,5083084.009233758,5083084.009233758,20241204,EXECUTED,OK,C,0.11994679156909482,5692783.627417518,5692783.627417518,002629.SZ,仁智股份,20241209,True,True,True,1114100.0,0.8249332508340932,3.76376,4.31568,4193205.016,4808099.088,4808099.088,0.0,1257.9615047999998,1442.4297264,90.01304104000002,2404.0495440000004,4189.0160000002315,4812.911999999866,5194.45381624,9001.928000000098,3.727,3.727,,,,,,,,,,5692783.627417518,0.0
20241206,5692783.627417518,5692783.627417518,,SKIP_OCCUPIED,,,0.0,5692783.627417518,5692783.627417518,,,,,,,,,,,,,,,,,,,,,,,,,,,,,,,,,,5692783.627417518,0.0
20241209,5692783.627417518,5692783.627417518,,SKIP_OCCUPIED,,,0.0,5692783.627417518,5692783.627417518,,,,,,,,,,,,,,,,,,,,,,,,,,,,,,,,,,5692783.627417518,0.0
20241210,5692783.627417518,5692783.627417518,,NO_PLAN,,,0.0,5692783.627417518,5692783.627417518,,,,,,,,,,,,,,,,,,,,,,,,,,,,,,,,,,5692783.627417518,0.0
20241211,5692783.627417518,5692783.627417518,,NO_PLAN,,,0.0,5692783.627417518,5692783.627417518,,,,,,,,,,,,,,,,,,,,,,,,,,,,,,,,,,5692783.627417518,0.0
20241212,5692783.627417518,5692783.627417518,,NO_PLAN,,,0.0,5692783.627417518,5692783.627417518,,,,,,,,,,,,,,,,,,,,,,,,,,,,,,,,,,5692783.627417518,0.0
20241213,5692783.627417518,5692783.627417518,,NO_PLAN,,,0.0,5692783.627417518,5692783.627417518,,,,,,,,,,,,,,,,,,,,,,,,,,,,,,,,,,5692783.627417518,0.0
20241216,5692783.627417518,5692783.627417518,,NO_PLAN,,,0.0,5692783.627417518,5692783.627417518,,,,,,,,,,,,,,,,,,,,,,,,,,,,,,,,,,5692783.627417518,0.0
20241217,5692783.627417518,5692783.627417518,,NO_PLAN,,,0.0,5692783.627417518,5692783.627417518,,,,,,,,,,,,,,,,,,,,,,,,,,,,,,,,,,5692783.627417518,0.0
20241218,5692783.627417518,5692783.627417518,20241217,EXECUTED,OK,A,0.03310346054928126,5881234.465643328,5881234.465643328,300739.SZ,明阳电路,20241219,True,True,True,278700.0,0.8247654975655453,16.846829999999997,17.54244,4695211.520999999,4889078.028,4889078.027999999,-9.313225746154785e-10,1408.5634562999994,1466.7234083999995,95.84289548999999,2444.5390139999995,4690.520999999663,4893.9719999998815,5415.668774189999,9584.492999999544,2.527,2.527,,,,,,,,,,5881234.465643328,0.0
20241219,5881234.465643328,5881234.465643328,,SKIP_OCCUPIED,,,0.0,5881234.465643328,5881234.465643328,,,,,,,,,,,,,,,,,,,,,,,,,,,,,,,,,,5881234.465643328,0.0
20241220,5881234.465643328,5881234.465643328,,NO_PLAN,,,0.0,5881234.465643328,5881234.465643328,,,,,,,,,,,,,,,,,,,,,,,,,,,,,,,,,,5881234.465643328,0.0
20241223,5881234.465643328,5881234.465643328,,NO_PLAN,,,0.0,5881234.465643328,5881234.465643328,,,,,,,,,,,,,,,,,,,,,,,,,,,,,,,,,,5881234.465643328,0.0
20241224,5881234.465643328,5881234.465643328,20241223,EXECUTED,OK,A,-0.006412837434039087,5843519.065103689,5843519.065103689,301071.SZ,力量钻石,20241225,True,True,True,133200.0,0.824542621507192,36.406369999999995,36.1638,4849328.483999999,4817018.16,4817018.160000001,9.313225746154785e-10,1454.7985451999996,1445.1054480000003,96.66346644000001,2408.5090800000007,4844.483999999736,4821.840000000119,5405.07653964,9666.323999999855,3.7434,3.7434,,,,,,,,,,5881234.465643328,-0.006412837434039087
20241225,5843519.065103689,5843519.065103689,,SKIP_OCCUPIED,,,0.0,5843519.065103689,5843519.065103689,,,,,,,,,,,,,,,,,,,,,,,,,,,,,,,,,,5881234.465643328,-0.006412837434039087
20241226,5843519.065103689,5843519.065103689,,NO_PLAN,,,0.0,5843519.065103689,5843519.065103689,,,,,,,,,,,,,,,,,,,,,,,,,,,,,,,,,,5881234.465643328,-0.006412837434039087
20241227,5843519.065103689,5843519.065103689,20241226,EXECUTED,OK,C,-0.05601714625218601,5516181.803006339,5516181.803006339,603893.SH,瑞芯微,20241231,True,True,True,40900.0,0.82470054179835,117.82770999999998,109.94994,4819153.339,4496952.546,4496952.546,0.0,1445.7460016999999,1349.0857638,93.16105885000002,2248.476273,4814.338999999518,4501.454000000174,5136.46909735,9315.792999999692,1.0246,1.0246,,,,,,,,,,5881234.465643328,-0.062070754833790986
20241230,5516181.803006339,5516181.803006339,,SKIP_OCCUPIED,,,0.0,5516181.803006339,5516181.803006339,,,,,,,,,,,,,,,,,,,,,,,,,,,,,,,,,,5881234.465643328,-0.062070754833790986
20241231,5516181.803006339,5516181.803006339,,SKIP_OCCUPIED,,,0.0,5516181.803006339,5516181.803006339,,,,,,,,,,,,,,,,,,,,,,,,,,,,,,,,,,5881234.465643328,-0.062070754833790986
20250102,5516181.803006339,5516181.803006339,,NO_PLAN,,,0.0,5516181.803006339,5516181.803006339,,,,,,,,,,,,,,,,,,,,,,,,,,,,,,,,,,5881234.465643328,-0.062070754833790986
20250103,5516181.803006339,5516181.803006339,20250102,EXECUTED,OK,A,-0.03050082559947609,5347933.703857839,5347933.703857839,300947.SZ,德必集团,20250106,True,True,True,245000.0,0.824718059060457,18.56855,17.90208,4549294.75,4386009.600000001,4386009.600000001,0.0,1364.788425,1315.80288,89.35304350000001,2193.0048,4544.749999999418,4390.400000000039,4962.9491485,8935.149999999456,2.903,2.903,,,,,,,,,,5881234.465643328,-0.09067837116525379
20250106,5347933.703857839,5347933.703857839,,SKIP_OCCUPIED,,,0.0,5347933.703857839,5347933.703857839,,,,,,,,,,,,,,,,,,,,,,,,,,,,,,,,,,5881234.465643328,-0.09067837116525379
20250107,5347933.703857839,5347933.703857839,20250106,EXECUTED,OK,A,0.05730197254045466,5654380.854104473,5654380.854104473,920367.BJ,新赣江,20250108,True,True,True,244868.0,0.824997441688047,18.017999999999997,19.29069,4412031.623999999,4723672.678920001,4723672.678919998,-2.7939677238464355e-09,1323.6094871999996,1417.1018036759992,91.35704302919999,2361.836339459999,4407.623999999297,4728.401079999332,5193.9046733651985,9136.025079998628,1.1416,1.1416,,,,,,,,,,5881234.465643328,-0.03857244815932359
20250108,5654380.854104473,5654380.854104473,,SKIP_OCCUPIED,,,0.0,5654380.854104473,5654380.854104473,,,,,,,,,,,,,,,,,,,,,,,,,,,,,,,,,,5881234.465643328,-0.03857244815932359
20250109,5654380.854104473,5654380.854104473,20250108,EXECUTED,OK,E,0.05967884864222239,5991827.793262054,5991827.793262054,301001.SZ,凯淳股份,20250110,True,True,True,124600.0,0.8247503863512897,37.427389999999995,40.17978,4663452.794,5006400.588,5006400.588,0.0,1399.0358381999997,1501.9201764,96.69853382000001,2503.200294,4658.793999999368,5011.411999999741,5500.85484242,9670.205999999109,1.016,1.016,,,,,,,,,,5991827.793262054,0.0
20250110,5991827.793262054,5991827.793262054,,SKIP_OCCUPIED,,,0.0,5991827.793262054,5991827.793262054,,,,,,,,,,,,,,,,,,,,,,,,,,,,,,,,,,5991827.793262054,0.0
20250113,5991827.793262054,5991827.793262054,20250110,EXECUTED,OK,A,0.06543335300947173,6383893.176430534,6383893.176430534,301511.SZ,德福科技,20250114,True,True,True,329200.0,0.8249466057015934,15.015,16.22376,4942938.0,5340861.791999999,5340861.791999999,0.0,1482.8813999999998,1602.2585375999997,102.83799791999999,2670.430896,4938.000000000187,5346.207999999938,5858.408831519999,10284.208000000126,1.404,1.404,,,,,,,,,,6383893.176430534,0.0
20250114,6383893.176430534,6383893.176430534,,SKIP_OCCUPIED,,,0.0,6383893.176430534,6383893.176430534,,,,,,,,,,,,,,,,,,,,,,,,,,,,,,,,,,6383893.176430534,0.0
20250115,6383893.176430534,6383893.176430534,20250114,EXECUTED,OK,C,0.08342461912276122,6916467.033194645,6916467.033194645,600601.SH,方正科技,20250117,True,True,True,1037700.0,0.8249511690520854,5.075069999999999,5.594399999999999,5266400.1389999995,5805308.879999999,5805308.880000001,1.862645149230957e-09,1579.9200416999997,1741.592664,110.71709019000002,2902.6544400000002,5261.138999998982,5811.120000000282,6334.88423589,11072.258999999263,6471.278,6471.278,,,,,,,,,,6916467.033194645,0.0
20250116,6916467.033194645,6916467.033194645,,SKIP_OCCUPIED,,,0.0,6916467.033194645,6916467.033194645,,,,,,,,,,,,,,,,,,,,,,,,,,,,,,,,,,6916467.033194645,0.0
20250117,6916467.033194645,6916467.033194645,,SKIP_OCCUPIED,,,0.0,6916467.033194645,6916467.033194645,,,,,,,,,,,,,,,,,,,,,,,,,,,,,,,,,,6916467.033194645,0.0
20250120,6916467.033194645,6916467.033194645,20250117,EXECUTED,OK,A,-0.021411576668095122,6768374.569041045,6768374.569041045,300661.SZ,圣邦股份,20250121,True,True,True,64000.0,0.824365383748015,89.08899999999998,86.87303999999999,5701695.999999999,5559874.56,5559874.56,0.0,1710.5087999999996,1667.9623679999997,112.6157056,2779.9372799999996,5695.999999999003,5565.440000000308,6271.0241535999985,11261.439999999311,7.533,7.533,,,,,,,,,,6916467.033194645,-0.021411576668095122
20250121,6768374.569041045,6768374.569041045,,SKIP_OCCUPIED,,,0.0,6768374.569041045,6768374.569041045,,,,,,,,,,,,,,,,,,,,,,,,,,,,,,,,,,6916467.033194645,-0.021411576668095122
20250122,6768374.569041045,6768374.569041045,20250121,EXECUTED,OK,A,-0.028585270039422683,6574898.754257046,6574898.754257046,300638.SZ,广和通,20250123,True,True,True,196000.0,0.8246848845410213,28.478449999999995,27.52245,5581776.199999999,5394400.2,5394400.199999999,-9.313225746154785e-10,1674.5328599999996,1618.3200599999996,109.761764,2697.2000999999996,5576.19999999919,5399.800000000298,6099.814783999999,10975.999999999487,8.691,8.691,,,,,,,,,,6916467.033194645,-0.049384791006490625
20250123,6574898.754257046,6574898.754257046,,SKIP_OCCUPIED,,,0.0,6574898.754257046,6574898.754257046,,,,,,,,,,,,,,,,,,,,,,,,,,,,,,,,,,6916467.033194645,-0.049384791006490625
20250124,6574898.754257046,6574898.754257046,,NO_PLAN,,,0.0,6574898.754257046,6574898.754257046,,,,,,,,,,,,,,,,,,,,,,,,,,,,,,,,,,6916467.033194645,-0.049384791006490625
20250127,6574898.754257046,6574898.754257046,,NO_PLAN,,,0.0,6574898.754257046,6574898.754257046,,,,,,,,,,,,,,,,,,,,,,,,,,,,,,,,,,6916467.033194645,-0.049384791006490625
20250205,6574898.754257046,6574898.754257046,20250127,EXECUTED,OK,E,0.25490062235295197,8250844.538624816,8250844.538624816,002691.SZ,冀凯股份,20250206,True,True,True,703700.0,0.8249417508502598,7.707699999999999,10.09989,5423908.489999999,7107292.593,7107292.592999999,-9.313225746154785e-10,1627.1725469999997,2132.1877778999997,125.31201082999999,3553.6462964999996,5418.489999999247,7114.40699999942,7438.318632229999,12532.896999998666,1.729,1.729,,,,,,,,,,8250844.538624816,0.0
20250206,8250844.538624816,8250844.538624816,,SKIP_OCCUPIED,,,0.0,8250844.538624816,8250844.538624816,,,,,,,,,,,,,,,,,,,,,,,,,,,,,,,,,,8250844.538624816,0.0
20250207,8250844.538624816,8250844.538624816,,NO_PLAN,,,0.0,8250844.538624816,8250844.538624816,,,,,,,,,,,,,,,,,,,,,,,,,,,,,,,,,,8250844.538624816,0.0
20250210,8250844.538624816,8250844.538624816,,NO_PLAN,,,0.0,8250844.538624816,8250844.538624816,,,,,,,,,,,,,,,,,,,,,,,,,,,,,,,,,,8250844.538624816,0.0
20250211,8250844.538624816,8250844.538624816,,NO_PLAN,,,0.0,8250844.538624816,8250844.538624816,,,,,,,,,,,,,,,,,,,,,,,,,,,,,,,,,,8250844.538624816,0.0
20250212,8250844.538624816,8250844.538624816,,NO_PLAN,,,0.0,8250844.538624816,8250844.538624816,,,,,,,,,,,,,,,,,,,,,,,,,,,,,,,,,,8250844.538624816,0.0
20250213,8250844.538624816,8250844.538624816,20250212,EXECUTED,OK,C,0.009579255883959137,8329881.489719069,8329881.489719069,603171.SH,税友股份,20250217,True,True,True,154500.0,0.824739572797013,44.044,44.60535,6804797.999999999,6891526.575,6891526.575000001,9.313225746154785e-10,2041.4393999999995,2067.4579725000003,136.96324575,3445.763287500001,6797.999999999526,6898.424999999566,7691.623905750001,13696.424999999093,1.024,1.024,,,,,,,,,,8329881.489719069,0.0
20250214,8329881.489719069,8329881.489719069,,SKIP_OCCUPIED,,,0.0,8329881.489719069,8329881.489719069,,,,,,,,,,,,,,,,,,,,,,,,,,,,,,,,,,8329881.489719069,0.0
20250217,8329881.489719069,8329881.489719069,,SKIP_OCCUPIED,,,0.0,8329881.489719069,8329881.489719069,,,,,,,,,,,,,,,,,,,,,,,,,,,,,,,,,,8329881.489719069,0.0
20250218,8329881.489719069,8329881.489719069,20250217,EXECUTED,OK,C,0.13645133781561913,9466504.962836798,9466504.962836798,603286.SH,日盈电子,20250220,True,True,True,256100.0,0.8247828601738855,26.8268,31.29867,6870343.4799999995,8015589.387,8015589.386999999,-9.313225746154785e-10,2061.1030439999995,2404.6768160999995,148.85932867,4007.7946934999995,6863.479999999471,8023.6129999992245,8622.43388227,14887.092999998695,1.019,1.019,,,,,,,,,,9466504.962836798,0.0
20250219,9466504.962836798,9466504.962836798,,SKIP_OCCUPIED,,,0.0,9466504.962836798,9466504.962836798,,,,,,,,,,,,,,,,,,,,,,,,,,,,,,,,,,9466504.962836798,0.0
20250220,9466504.962836798,9466504.962836798,,SKIP_OCCUPIED,,,0.0,9466504.962836798,9466504.962836798,,,,,,,,,,,,,,,,,,,,,,,,,,,,,,,,,,9466504.962836798,0.0
20250221,9466504.962836798,9466504.962836798,,NO_PLAN,,,0.0,9466504.962836798,9466504.962836798,,,,,,,,,,,,,,,,,,,,,,,,,,,,,,,,,,9466504.962836798,0.0
20250224,9466504.962836798,9466504.962836798,20250221,EXECUTED,OK,C,0.11419480668860227,10547530.66708464,10547530.66708464,000032.SZ,深桑达Ａ,20250226,True,True,True,274100.0,0.8248753807931236,28.488459999999996,32.4675,7808686.885999999,8899341.75,8899341.75,0.0,2342.6060657999997,2669.8025249999996,167.08028636,4449.670875,7800.8859999987635,8908.249999999689,9629.15975216,16709.135999998452,4.23,4.23,,,,,,,,,,10547530.66708464,0.0
20250225,10547530.66708464,10547530.66708464,,SKIP_OCCUPIED,,,0.0,10547530.66708464,10547530.66708464,,,,,,,,,,,,,,,,,,,,,,,,,,,,,,,,,,10547530.66708464,0.0
20250226,10547530.66708464,10547530.66708464,,SKIP_OCCUPIED,,,0.0,10547530.66708464,10547530.66708464,,,,,,,,,,,,,,,,,,,,,,,,,,,,,,,,,,10547530.66708464,0.0
20250227,10547530.66708464,10547530.66708464,,NO_PLAN,,,0.0,10547530.66708464,10547530.66708464,,,,,,,,,,,,,,,,,,,,,,,,,,,,,,,,,,10547530.66708464,0.0
20250228,10547530.66708464,10547530.66708464,,NO_PLAN,,,0.0,10547530.66708464,10547530.66708464,,,,,,,,,,,,,,,,,,,,,,,,,,,,,,,,,,10547530.66708464,0.0
20250303,10547530.66708464,10547530.66708464,20250228,EXECUTED,OK,E,0.09266932719767706,11524963.237600239,11524963.237600239,301396.SZ,宏景科技,20250304,True,True,True,144800.0,0.8246610247025887,60.07000999999999,66.89304,8698137.447999999,9686112.192,9686112.192,0.0,2609.4412343999993,2905.8336575999997,183.84249640000002,4843.056096,8689.44799999873,9695.807999999215,10542.1734844,18385.255999997946,1.218,1.218,,,,,,,,,,11524963.237600239,0.0
20250304,11524963.237600239,11524963.237600239,,SKIP_OCCUPIED,,,0.0,11524963.237600239,11524963.237600239,,,,,,,,,,,,,,,,,,,,,,,,,,,,,,,,,,11524963.237600239,0.0
20250305,11524963.237600239,11524963.237600239,,NO_PLAN,,,0.0,11524963.237600239,11524963.237600239,,,,,,,,,,,,,,,,,,,,,,,,,,,,,,,,,,11524963.237600239,0.0
20250306,11524963.237600239,11524963.237600239,20250305,EXECUTED,OK,A,-0.007299085303797415,11440841.547805866,11440841.547805866,920425.BJ,乐创技术,20250307,True,True,True,272948.0,0.8249995071029658,34.834799999999994,34.565400000000004,9508088.990399998,9434556.7992,9434556.7992,0.0,2852.426697119999,2830.36703976,189.426457896,4717.2783996,9498.590399999197,9444.000799999323,10589.498594376,18942.59119999852,2.1432,2.1432,,,,,,,,,,11524963.237600239,-0.007299085303797415
20250307,11440841.547805866,11440841.547805866,,SKIP_OCCUPIED,,,0.0,11440841.547805866,11440841.547805866,,,,,,,,,,,,,,,,,,,,,,,,,,,,,,,,,,11524963.237600239,-0.007299085303797415
20250310,11440841.547805866,11440841.547805866,20250307,EXECUTED,OK,C,0.024783024958734634,11724380.209434068,11724380.209434068,603300.SH,海南华铁,20250312,True,True,True,783800.0,0.8249867874282493,12.04203,12.41757,9438543.114,9732891.366,9732891.366000002,1.862645149230957e-09,2831.5629341999997,2919.8674098000006,191.71434480000005,4866.445683000001,9429.114000000858,9742.634000000127,10809.5903718,19171.748000000985,5.5933,5.5933,,,,,,,,,,11724380.209434068,0.0
20250311,11724380.209434068,11724380.209434068,,SKIP_OCCUPIED,,,0.0,11724380.209434068,11724380.209434068,,,,,,,,,,,,,,,,,,,,,,,,,,,,,,,,,,11724380.209434068,0.0
20250312,11724380.209434068,11724380.209434068,,SKIP_OCCUPIED,,,0.0,11724380.209434068,11724380.209434068,,,,,,,,,,,,,,,,,,,,,,,,,,,,,,,,,,11724380.209434068,0.0
20250313,11724380.209434068,11724380.209434068,20250312,EXECUTED,OK,E,0.004543036301762227,11777644.494341189,11777644.494341189,300042.SZ,朗科科技,20250314,True,True,True,261100.0,0.8248078386453815,37.037,37.28268,9670360.7,9734507.748,9734507.748,0.0,2901.1082099999994,2920.3523244,194.04868448000002,4867.253874,9660.699999999748,9744.252000000295,10882.763092879999,19404.95200000004,3.188,3.188,,,,,,,,,,11777644.494341189,0.0
20250314,11777644.494341189,11777644.494341189,,SKIP_OCCUPIED,,,0.0,11777644.494341189,11777644.494341189,,,,,,,,,,,,,,,,,,,,,,,,,,,,,,,,,,11777644.494341189,0.0
20250317,11777644.494341189,11777644.494341189,,NO_PLAN,,,0.0,11777644.494341189,11777644.494341189,,,,,,,,,,,,,,,,,,,,,,,,,,,,,,,,,,11777644.494341189,0.0
20250318,11777644.494341189,11777644.494341189,20250317,EXECUTED,OK,E,0.06473361774052155,12540054.030921629,12540054.030921629,300353.SZ,东土科技,20250319,True,True,True,464400.0,0.8249243696112657,20.920899999999996,22.58739,9715665.959999999,10489583.916,10489583.916,0.0,2914.6997879999994,3146.8751747999995,202.05249876,5244.791958,9705.959999998828,10500.084000000112,11508.41941956,20206.04399999894,6.544,6.544,,,,,,,,,,12540054.030921629,0.0
20250319,12540054.030921629,12540054.030921629,,SKIP_OCCUPIED,,,0.0,12540054.030921629,12540054.030921629,,,,,,,,,,,,,,,,,,,,,,,,,,,,,,,,,,12540054.030921629,0.0
20250320,12540054.030921629,12540054.030921629,,NO_PLAN,,,0.0,12540054.030921629,12540054.030921629,,,,,,,,,,,,,,,,,,,,,,,,,,,,,,,,,,12540054.030921629,0.0
20250321,12540054.030921629,12540054.030921629,20250320,EXECUTED,OK,E,0.18910557317195065,14911448.136046294,14911448.136046294,301079.SZ,邵阳液压,20250324,True,True,True,365400.0,0.8248645090757858,28.308279999999996,34.83513,10343845.511999998,12728756.502,12728756.502000002,1.862645149230957e-09,3103.1536535999994,3818.6269506000003,230.72602014,6364.378251000001,10333.511999998245,12741.497999999254,13516.884875340002,23075.0099999975,1.312,1.312,,,,,,,,,,14911448.136046294,0.0
20250324,14911448.136046294,14911448.136046294,,SKIP_OCCUPIED,,,0.0,14911448.136046294,14911448.136046294,,,,,,,,,,,,,,,,,,,,,,,,,,,,,,,,,,14911448.136046294,0.0
20250325,14911448.136046294,14911448.136046294,,NO_PLAN,,,0.0,14911448.136046294,14911448.136046294,,,,,,,,,,,,,,,,,,,,,,,,,,,,,,,,,,14911448.136046294,0.0
20250326,14911448.136046294,14911448.136046294,,NO_PLAN,,,0.0,14911448.136046294,14911448.136046294,,,,,,,,,,,,,,,,,,,,,,,,,,,,,,,,,,14911448.136046294,0.0
20250327,14911448.136046294,14911448.136046294,,NO_PLAN,,,0.0,14911448.136046294,14911448.136046294,,,,,,,,,,,,,,,,,,,,,,,,,,,,,,,,,,14911448.136046294,0.0
20250328,14911448.136046294,14911448.136046294,,NO_PLAN,,,0.0,14911448.136046294,14911448.136046294,,,,,,,,,,,,,,,,,,,,,,,,,,,,,,,,,,14911448.136046294,0.0
20250331,14911448.136046294,14911448.136046294,,NO_PLAN,,,0.0,14911448.136046294,14911448.136046294,,,,,,,,,,,,,,,,,,,,,,,,,,,,,,,,,,14911448.136046294,0.0
20250401,14911448.136046294,14911448.136046294,,NO_PLAN,,,0.0,14911448.136046294,14911448.136046294,,,,,,,,,,,,,,,,,,,,,,,,,,,,,,,,,,14911448.136046294,0.0
20250402,14911448.136046294,14911448.136046294,20250401,EXECUTED,OK,C,0.0966031749573999,16351941.369200967,16351941.369200967,603693.SH,江苏新能,20250407,True,True,True,908900.0,0.8249109151421059,13.533519999999998,15.13485,12300616.327999998,13756065.165000001,13756065.165,-1.862645149230957e-09,3690.184898399999,4126.819549499999,260.56681493,6878.0325825,12288.327999998162,13769.8350000002,14955.603845329999,26058.162999998363,1.4118,1.4118,,,,,,,,,,16351941.369200967,0.0
20250403,16351941.369200967,16351941.369200967,,SKIP_OCCUPIED,,,0.0,16351941.369200967,16351941.369200967,,,,,,,,,,,,,,,,,,,,,,,,,,,,,,,,,,16351941.369200967,0.0
20250407,16351941.369200967,16351941.369200967,,SKIP_OCCUPIED,,,0.0,16351941.369200967,16351941.369200967,,,,,,,,,,,,,,,,,,,,,,,,,,,,,,,,,,16351941.369200967,0.0
20250408,16351941.369200967,16351941.369200967,20250407,EXECUTED,OK,A,0.15054449031825334,18813636.04834129,18813636.04834129,300967.SZ,晓鸣股份,20250409,True,True,True,644800.0,0.8249660401429859,20.920899999999996,24.76521,13489796.319999997,15968607.408,15968607.408,0.0,4046.9388959999987,4790.582222399999,294.58403727999996,7984.303704,13476.319999998374,15984.591999999628,17116.40885968,29460.911999998003,1.016,1.016,,,,,,,,,,18813636.04834129,0.0
20250409,18813636.04834129,18813636.04834129,,SKIP_OCCUPIED,,,0.0,18813636.04834129,18813636.04834129,,,,,,,,,,,,,,,,,,,,,,,,,,,,,,,,,,18813636.04834129,0.0
20250410,18813636.04834129,18813636.04834129,20250409,EXECUTED,OK,C,0.06418496576650834,20021188.63404762,20021188.63404762,001256.SZ,炜冈科技,20250414,True,True,True,596300.0,0.8248965675812711,26.025999999999996,28.08189,15519303.799999997,16745231.007000001,16745231.007,-1.862645149230957e-09,4655.791139999998,5023.5693021,322.64534806999995,8372.6155035,15503.799999997764,16761.992999998856,18374.621293669996,32265.79299999662,1.023,1.023,,,,,,,,,,20021188.63404762,0.0
20250411,20021188.63404762,20021188.63404762,,SKIP_OCCUPIED,,,0.0,20021188.63404762,20021188.63404762,,,,,,,,,,,,,,,,,,,,,,,,,,,,,,,,,,20021188.63404762,0.0
20250414,20021188.63404762,20021188.63404762,,SKIP_OCCUPIED,,,0.0,20021188.63404762,20021188.63404762,,,,,,,,,,,,,,,,,,,,,,,,,,,,,,,,,,20021188.63404762,0.0
20250415,20021188.63404762,20021188.63404762,,NO_PLAN,,,0.0,20021188.63404762,20021188.63404762,,,,,,,,,,,,,,,,,,,,,,,,,,,,,,,,,,20021188.63404762,0.0
20250416,20021188.63404762,20021188.63404762,20250415,EXECUTED,OK,A,0.25794550872737965,25185564.321583863,25185564.321583863,920273.BJ,一致魔芋,20250417,True,True,True,275016.0,0.8249990178860183,60.059999999999995,78.921,16517460.959999999,21704537.736,21704537.736,0.0,4955.238288,6511.3613208,382.21998696,10852.268868000001,16500.95999999867,21726.263999998217,22701.088463760003,38227.22399999689,1.2248,1.2248,,,,,,,,,,25185564.321583863,0.0
20250417,25185564.321583863,25185564.321583863,,SKIP_OCCUPIED,,,0.0,25185564.321583863,25185564.321583863,,,,,,,,,,,,,,,,,,,,,,,,,,,,,,,,,,25185564.321583863,0.0
20250418,25185564.321583863,25185564.321583863,,NO_PLAN,,,0.0,25185564.321583863,25185564.321583863,,,,,,,,,,,,,,,,,,,,,,,,,,,,,,,,,,25185564.321583863,0.0
20250421,25185564.321583863,25185564.321583863,,NO_PLAN,,,0.0,25185564.321583863,25185564.321583863,,,,,,,,,,,,,,,,,,,,,,,,,,,,,,,,,,25185564.321583863,0.0
20250422,25185564.321583863,25185564.321583863,20250421,EXECUTED,OK,C,0.1403614400479407,28720646.398181412,28720646.398181412,603119.SH,浙江荣泰,20250424,True,True,True,518900.0,0.8249470107046382,40.03999999999999,46.90305,20776755.999999996,24337992.645,24337992.645,0.0,6233.026799999999,7301.397793499999,451.14748645,12168.9963225,20755.99999999587,24362.35500000129,26154.568402449997,45118.35499999716,1.31,1.31,,,,,,,,,,28720646.398181412,0.0
20250423,28720646.398181412,28720646.398181412,,SKIP_OCCUPIED,,,0.0,28720646.398181412,28720646.398181412,,,,,,,,,,,,,,,,,,,,,,,,,,,,,,,,,,28720646.398181412,0.0
20250424,28720646.398181412,28720646.398181412,,SKIP_OCCUPIED,,,0.0,28720646.398181412,28720646.398181412,,,,,,,,,,,,,,,,,,,,,,,,,,,,,,,,,,28720646.398181412,0.0
20250425,28720646.398181412,28720646.398181412,,NO_PLAN,,,0.0,28720646.398181412,28720646.398181412,,,,,,,,,,,,,,,,,,,,,,,,,,,,,,,,,,28720646.398181412,0.0
20250428,28720646.398181412,28720646.398181412,,NO_PLAN,,,0.0,28720646.398181412,28720646.398181412,,,,,,,,,,,,,,,,,,,,,,,,,,,,,,,,,,28720646.398181412,0.0
20250429,28720646.398181412,28720646.398181412,,NO_PLAN,,,0.0,28720646.398181412,28720646.398181412,,,,,,,,,,,,,,,,,,,,,,,,,,,,,,,,,,28720646.398181412,0.0
20250430,28720646.398181412,28720646.398181412,20250429,EXECUTED,OK,C,0.058594621267056946,30403521.796427917,30403521.796427917,605599.SH,菜百股份,20250507,True,True,True,1759900.0,0.8249927709322141,13.463449999999998,14.43555,23694325.654999997,25405124.445,25405124.445,0.0,7108.297696499999,7621.5373334999995,490.994501,12702.5622225,23670.65499999798,25430.55500000013,27923.3917535,49101.209999998115,1.128,1.128,,,,,,,,,,30403521.796427917,0.0
20250506,30403521.796427917,30403521.796427917,,SKIP_OCCUPIED,,,0.0,30403521.796427917,30403521.796427917,,,,,,,,,,,,,,,,,,,,,,,,,,,,,,,,,,30403521.796427917,0.0
20250507,30403521.796427917,30403521.796427917,,SKIP_OCCUPIED,,,0.0,30403521.796427917,30403521.796427917,,,,,,,,,,,,,,,,,,,,,,,,,,,,,,,,,,30403521.796427917,0.0
20250508,30403521.796427917,30403521.796427917,,NO_PLAN,,,0.0,30403521.796427917,30403521.796427917,,,,,,,,,,,,,,,,,,,,,,,,,,,,,,,,,,30403521.796427917,0.0
20250509,30403521.796427917,30403521.796427917,20250508,EXECUTED,OK,A,0.30118938470371415,39560739.819120005,39560739.819120005,920169.BJ,七丰精工,20250512,True,True,True,963763.0,0.8249996827981607,26.025999999999996,35.5644,25082895.837999996,34275652.8372,34275652.83719999,-7.450580596923828e-09,7524.8687513999985,10282.695851159997,593.585486752,17137.826418599998,25057.837999996384,34309.96280000221,35538.976507912,59367.8007999986,1.0651,1.0651,,,,,,,,,,39560739.819120005,0.0
20250512,39560739.819120005,39560739.819120005,,SKIP_OCCUPIED,,,0.0,39560739.819120005,39560739.819120005,,,,,,,,,,,,,,,,,,,,,,,,,,,,,,,,,,39560739.819120005,0.0
20250513,39560739.819120005,39560739.819120005,,NO_PLAN,,,0.0,39560739.819120005,39560739.819120005,,,,,,,,,,,,,,,,,,,,,,,,,,,,,,,,,,39560739.819120005,0.0
20250514,39560739.819120005,39560739.819120005,,NO_PLAN,,,0.0,39560739.819120005,39560739.819120005,,,,,,,,,,,,,,,,,,,,,,,,,,,,,,,,,,39560739.819120005,0.0
20250515,39560739.819120005,39560739.819120005,20250514,EXECUTED,OK,E,0.17426294970145717,46454711.03237175,46454711.03237175,300946.SZ,恒而达,20250519,True,True,True,469100.0,0.8249353424433996,69.56949999999999,84.35556,32635052.449999996,39571193.195999995,39571193.196,7.450580596923828e-09,9790.515734999997,11871.3579588,722.06245646,19785.596598,32602.44999999568,39610.804000000346,42169.53274826,72213.25399999603,1.854,1.854,,,,,,,,,,46454711.03237175,0.0
20250516,46454711.03237175,46454711.03237175,,SKIP_OCCUPIED,,,0.0,46454711.03237175,46454711.03237175,,,,,,,,,,,,,,,,,,,,,,,,,,,,,,,,,,46454711.03237175,0.0
20250519,46454711.03237175,46454711.03237175,,SKIP_OCCUPIED,,,0.0,46454711.03237175,46454711.03237175,,,,,,,,,,,,,,,,,,,,,,,,,,,,,,,,,,46454711.03237175,0.0
20250520,46454711.03237175,46454711.03237175,,NO_PLAN,,,0.0,46454711.03237175,46454711.03237175,,,,,,,,,,,,,,,,,,,,,,,,,,,,,,,,,,46454711.03237175,0.0
20250521,46454711.03237175,46454711.03237175,,NO_PLAN,,,0.0,46454711.03237175,46454711.03237175,,,,,,,,,,,,,,,,,,,,,,,,,,,,,,,,,,46454711.03237175,0.0
20250522,46454711.03237175,46454711.03237175,20250521,EXECUTED,OK,E,0.008291677112489682,46839898.49660619,46839898.49660619,301662.SZ,宏工科技,20250523,True,True,True,490800.0,0.8249041173304554,78.07799999999999,78.95097,38320682.39999999,38749136.076,38749136.076,0.0,11496.204719999996,11624.740822799999,770.69818476,19374.568037999998,38282.39999999448,38787.92400000149,43266.21176555999,77070.32399999598,1.0,1.0,,,,,,,,,,46839898.49660619,0.0
20250523,46839898.49660619,46839898.49660619,,SKIP_OCCUPIED,,,0.0,46839898.49660619,46839898.49660619,,,,,,,,,,,,,,,,,,,,,,,,,,,,,,,,,,46839898.49660619,0.0
20250526,46839898.49660619,46839898.49660619,,NO_PLAN,,,0.0,46839898.49660619,46839898.49660619,,,,,,,,,,,,,,,,,,,,,,,,,,,,,,,,,,46839898.49660619,0.0
20250527,46839898.49660619,46839898.49660619,,NO_PLAN,,,0.0,46839898.49660619,46839898.49660619,,,,,,,,,,,,,,,,,,,,,,,,,,,,,,,,,,46839898.49660619,0.0
20250528,46839898.49660619,46839898.49660619,,NO_PLAN,,,0.0,46839898.49660619,46839898.49660619,,,,,,,,,,,,,,,,,,,,,,,,,,,,,,,,,,46839898.49660619,0.0
20250529,46839898.49660619,46839898.49660619,,NO_PLAN,,,0.0,46839898.49660619,46839898.49660619,,,,,,,,,,,,,,,,,,,,,,,,,,,,,,,,,,46839898.49660619,0.0
20250530,46839898.49660619,46839898.49660619,20250529,EXECUTED,OK,C,-0.04966138786717955,44513764.12970691,44513764.12970691,600686.SH,金龙汽车,20250604,True,True,True,2662300.0,0.8249794425323064,14.514499999999998,13.65633,38641953.349999994,36357247.359000005,36357247.359000005,0.0,11592.586004999997,10907.1742077,749.99200709,18178.623679500004,38603.34999999516,36393.64099999842,41428.375899290004,74996.99099999358,13.0849,13.0849,,,,,,,,,,46839898.49660619,-0.04966138786717955
20250603,44513764.12970691,44513764.12970691,,SKIP_OCCUPIED,,,0.0,44513764.12970691,44513764.12970691,,,,,,,,,,,,,,,,,,,,,,,,,,,,,,,,,,46839898.49660619,-0.04966138786717955
20250604,44513764.12970691,44513764.12970691,,SKIP_OCCUPIED,,,0.0,44513764.12970691,44513764.12970691,,,,,,,,,,,,,,,,,,,,,,,,,,,,,,,,,,46839898.49660619,-0.04966138786717955
20250605,44513764.12970691,44513764.12970691,,NO_PLAN,,,0.0,44513764.12970691,44513764.12970691,,,,,,,,,,,,,,,,,,,,,,,,,,,,,,,,,,46839898.49660619,-0.04966138786717955
20250606,44513764.12970691,44513764.12970691,,NO_PLAN,,,0.0,44513764.12970691,44513764.12970691,,,,,,,,,,,,,,,,,,,,,,,,,,,,,,,,,,46839898.49660619,-0.04966138786717955
20250609,44513764.12970691,44513764.12970691,,NO_PLAN,,,0.0,44513764.12970691,44513764.12970691,,,,,,,,,,,,,,,,,,,,,,,,,,,,,,,,,,46839898.49660619,-0.04966138786717955
20250610,44513764.12970691,44513764.12970691,,NO_PLAN,,,0.0,44513764.12970691,44513764.12970691,,,,,,,,,,,,,,,,,,,,,,,,,,,,,,,,,,46839898.49660619,-0.04966138786717955
20250611,44513764.12970691,44513764.12970691,,NO_PLAN,,,0.0,44513764.12970691,44513764.12970691,,,,,,,,,,,,,,,,,,,,,,,,,,,,,,,,,,46839898.49660619,-0.04966138786717955
20250612,44513764.12970691,44513764.12970691,20250611,EXECUTED,OK,A,0.011191624878669648,45011945.479784176,45011945.479784176,301110.SZ,青木科技,20250613,True,True,True,584500.0,0.8249112142707884,62.82275999999999,63.746190000000006,36719903.21999999,37259648.055,37259648.05500001,7.450580596923828e-09,11015.970965999997,11177.894416500001,739.79551275,18629.824027500003,36683.219999994246,37296.944999998006,41563.48492275,73980.16499999225,1.4815,1.4815,,,,,,,,,,46839898.49660619,-0.03902555461247348
20250613,45011945.479784176,45011945.479784176,,SKIP_OCCUPIED,,,0.0,45011945.479784176,45011945.479784176,,,,,,,,,,,,,,,,,,,,,,,,,,,,,,,,,,46839898.49660619,-0.03902555461247348
20250616,45011945.479784176,45011945.479784176,,NO_PLAN,,,0.0,45011945.479784176,45011945.479784176,,,,,,,,,,,,,,,,,,,,,,,,,,,,,,,,,,46839898.49660619,-0.03902555461247348
20250617,45011945.479784176,45011945.479784176,,NO_PLAN,,,0.0,45011945.479784176,45011945.479784176,,,,,,,,,,,,,,,,,,,,,,,,,,,,,,,,,,46839898.49660619,-0.03902555461247348
20250618,45011945.479784176,45011945.479784176,20250617,EXECUTED,OK,A,0.02150700610575451,45980017.66604978,45980017.66604978,300457.SZ,赢合科技,20250619,True,True,True,1809600.0,0.8249787118550035,20.5205,21.0789,37133896.8,38144377.440000005,38144377.440000005,0.0,11140.169039999999,11443.313232,752.7827424000002,19072.188720000002,37096.79999999712,38182.560000001016,42408.4537344,75279.35999999814,5.8441,5.8441,,,,,,,,,,46839898.49660619,-0.018357871348050003
20250619,45980017.66604978,45980017.66604978,,SKIP_OCCUPIED,,,0.0,45980017.66604978,45980017.66604978,,,,,,,,,,,,,,,,,,,,,,,,,,,,,,,,,,46839898.49660619,-0.018357871348050003
20250620,45980017.66604978,45980017.66604978,,NO_PLAN,,,0.0,45980017.66604978,45980017.66604978,,,,,,,,,,,,,,,,,,,,,,,,,,,,,,,,,,46839898.49660619,-0.018357871348050003
20250623,45980017.66604978,45980017.66604978,,NO_PLAN,,,0.0,45980017.66604978,45980017.66604978,,,,,,,,,,,,,,,,,,,,,,,,,,,,,,,,,,46839898.49660619,-0.018357871348050003
20250624,45980017.66604978,45980017.66604978,20250624,PLAN_NOT_EXECUTED_FILL_GATE_UNVERIFIABLE,QUEUE_UNCONFIRMED_NO_DEPTH,D,0.0,45980017.66604978,45980017.66604978,300969.SZ,恒帅股份,20250626,False,False,False,,,,,,,,,,,,,,,,,,,True,False,0.8,37928755.0,,,SIGNAL_TIME_AMOUNT_SPACE_OVER_ACTUAL_ORDER_GROSS,,缺少可靠的历史信号时预估成交金额或队列金额,46839898.49660619,-0.018357871348050003
20250625,45980017.66604978,45980017.66604978,20250624,EXECUTED,OK,C,0.08736919129034737,49997254.625048436,49997254.625048436,603155.SH,新亚强,20250627,True,True,True,2251600.0,0.8249740725090684,16.846829999999997,18.65133,37932322.427999996,41995334.628000006,41995334.62800001,7.450580596923828e-09,11379.696728399998,12598.600388400004,799.2765705600002,20997.667314000006,37894.42799999728,42037.37200000042,45775.24100136,79931.79999999769,2.2973,2.2973,,,,,,,,,,49997254.625048436,0.0
20250626,49997254.625048436,49997254.625048436,,SKIP_OCCUPIED,,,0.0,49997254.625048436,49997254.625048436,,,,,,,,,,,,,,,,,,,,,,,,,,,,,,,,,,49997254.625048436,0.0
20250627,49997254.625048436,49997254.625048436,,SKIP_OCCUPIED,,,0.0,49997254.625048436,49997254.625048436,,,,,,,,,,,,,,,,,,,,,,,,,,,,,,,,,,49997254.625048436,0.0
20250630,49997254.625048436,49997254.625048436,20250627,EXECUTED,OK,C,-0.007933977498625788,49600577.53186024,49600577.53186024,000700.SZ,模塑科技,20250702,True,True,True,5372400.0,0.8249955846042625,7.677669999999999,7.61238,41247514.308,40896750.312,40896750.31200001,7.450580596923828e-09,12374.254292399999,12269.025093600001,821.4426462000001,20448.375156000002,41206.30799999558,40937.68800000098,45913.0971882,82143.99599999655,17.8319,17.8319,,,,,,,,,,49997254.625048436,-0.007933977498625788
20250701,49600577.53186024,49600577.53186024,,SKIP_OCCUPIED,,,0.0,49600577.53186024,49600577.53186024,,,,,,,,,,,,,,,,,,,,,,,,,,,,,,,,,,49997254.625048436,-0.007933977498625788
20250702,49600577.53186024,49600577.53186024,,SKIP_OCCUPIED,,,0.0,49600577.53186024,49600577.53186024,,,,,,,,,,,,,,,,,,,,,,,,,,,,,,,,,,49997254.625048436,-0.007933977498625788
20250703,49600577.53186024,49600577.53186024,,NO_PLAN,,,0.0,49600577.53186024,49600577.53186024,,,,,,,,,,,,,,,,,,,,,,,,,,,,,,,,,,49997254.625048436,-0.007933977498625788
20250704,49600577.53186024,49600577.53186024,,NO_PLAN,,,0.0,49600577.53186024,49600577.53186024,,,,,,,,,,,,,,,,,,,,,,,,,,,,,,,,,,49997254.625048436,-0.007933977498625788
20250707,49600577.53186024,49600577.53186024,20250704,EXECUTED,OK,A,0.08360116814876672,53747243.75437723,53747243.75437723,300436.SZ,广生堂,20250708,True,True,True,749900.0,0.8249485809457952,54.56450999999999,60.15978,40917926.048999995,45113819.022,45113819.022,0.0,12275.377814699998,13534.145706599998,860.31745071,22556.909511,40877.04899999505,45158.97800000079,49226.75048301,86036.02699999584,2.027,2.027,,,,,,,,,,53747243.75437723,0.0
20250708,53747243.75437723,53747243.75437723,,SKIP_OCCUPIED,,,0.0,53747243.75437723,53747243.75437723,,,,,,,,,,,,,,,,,,,,,,,,,,,,,,,,,,53747243.75437723,0.0
20250709,53747243.75437723,53747243.75437723,,NO_PLAN,,,0.0,53747243.75437723,53747243.75437723,,,,,,,,,,,,,,,,,,,,,,,,,,,,,,,,,,53747243.75437723,0.0
20250710,53747243.75437723,53747243.75437723,20250709,EXECUTED,OK,C,0.07866552046063946,57975298.65764017,57975298.65764017,000514.SZ,渝 开 发,20250715,True,True,True,6943100.0,0.824996258052559,6.386379999999999,7.00299,44341274.97799999,48622459.868999995,48622459.869,7.450580596923828e-09,13302.382493399997,14586.7379607,929.63734847,24311.229934500003,44296.9779999942,48671.13100000127,53129.98773707,92968.10899999546,4.4343,4.4343,,,,,,,,,,57975298.65764017,0.0
20250711,57975298.65764017,57975298.65764017,,SKIP_OCCUPIED,,,0.0,57975298.65764017,57975298.65764017,,,,,,,,,,,,,,,,,,,,,,,,,,,,,,,,,,57975298.65764017,0.0
20250714,57975298.65764017,57975298.65764017,,SKIP_OCCUPIED,,,0.0,57975298.65764017,57975298.65764017,,,,,,,,,,,,,,,,,,,,,,,,,,,,,,,,,,57975298.65764017,0.0
20250715,57975298.65764017,57975298.65764017,,SKIP_OCCUPIED,,,0.0,57975298.65764017,57975298.65764017,,,,,,,,,,,,,,,,,,,,,,,,,,,,,,,,,,57975298.65764017,0.0
20250716,57975298.65764017,57975298.65764017,20250715,EXECUTED,OK,A,0.10825480849817715,64251403.51144762,64251403.51144762,300502.SZ,新易盛,20250717,True,True,True,295400.0,0.8247806262520828,161.87170999999998,183.3165,47816903.133999996,54151694.099999994,54151694.1,7.450580596923828e-09,14345.070940199997,16245.50823,1019.68597234,27075.84705,47769.13399999141,54205.90000000275,58686.11219254,101975.03399999416,11.9444,11.9444,,,,,,,,,,64251403.51144762,0.0
20250717,64251403.51144762,64251403.51144762,,SKIP_OCCUPIED,,,0.0,64251403.51144762,64251403.51144762,,,,,,,,,,,,,,,,,,,,,,,,,,,,,,,,,,64251403.51144762,0.0
20250718,64251403.51144762,64251403.51144762,,NO_PLAN,,,0.0,64251403.51144762,64251403.51144762,,,,,,,,,,,,,,,,,,,,,,,,,,,,,,,,,,64251403.51144762,0.0
20250721,64251403.51144762,64251403.51144762,,NO_PLAN,,,0.0,64251403.51144762,64251403.51144762,,,,,,,,,,,,,,,,,,,,,,,,,,,,,,,,,,64251403.51144762,0.0
20250722,64251403.51144762,64251403.51144762,,NO_PLAN,,,0.0,64251403.51144762,64251403.51144762,,,,,,,,,,,,,,,,,,,,,,,,,,,,,,,,,,64251403.51144762,0.0
20250723,64251403.51144762,64251403.51144762,,NO_PLAN,,,0.0,64251403.51144762,64251403.51144762,,,,,,,,,,,,,,,,,,,,,,,,,,,,,,,,,,64251403.51144762,0.0
20250724,64251403.51144762,64251403.51144762,,NO_PLAN,,,0.0,64251403.51144762,64251403.51144762,,,,,,,,,,,,,,,,,,,,,,,,,,,,,,,,,,64251403.51144762,0.0
20250725,64251403.51144762,64251403.51144762,,NO_PLAN,,,0.0,64251403.51144762,64251403.51144762,,,,,,,,,,,,,,,,,,,,,,,,,,,,,,,,,,64251403.51144762,0.0
20250728,64251403.51144762,64251403.51144762,20250725,EXECUTED,OK,A,0.22854551541079893,78935773.64283864,78935773.64283864,300539.SZ,横河精密,20250729,True,True,True,2299300.0,0.8249754710736551,23.05303,29.4705,53005831.879,67761520.65,67761520.65,0.0,15901.7495637,20328.456195,1207.6735252900003,33880.760325,52952.87899999667,67829.34999999712,71318.63960899,120782.2289999938,2.3353,2.3353,,,,,,,,,,78935773.64283864,0.0
20250729,78935773.64283864,78935773.64283864,,SKIP_OCCUPIED,,,0.0,78935773.64283864,78935773.64283864,,,,,,,,,,,,,,,,,,,,,,,,,,,,,,,,,,78935773.64283864,0.0
20250730,78935773.64283864,78935773.64283864,20250729,EXECUTED,OK,A,0.023377435177762695,80781089.57438065,80781089.57438065,300528.SZ,幸福蓝海,20250731,True,True,True,2890100.0,0.8249897878451723,22.53251,23.19678,65121207.15099999,67041013.878,67041013.87799999,-7.450580596923828e-09,19536.362145299998,20112.304163399996,1321.62221029,33520.506939,65056.1509999911,67108.12199999556,74490.79545799,132164.27299998666,1.214,1.214,,,,,,,,,,80781089.57438065,0.0
20250731,80781089.57438065,80781089.57438065,,SKIP_OCCUPIED,,,0.0,80781089.57438065,80781089.57438065,,,,,,,,,,,,,,,,,,,,,,,,,,,,,,,,,,80781089.57438065,0.0
20250801,80781089.57438065,80781089.57438065,20250731,EXECUTED,OK,E,-0.04861887095136386,76853604.20505327,76853604.20505327,301171.SZ,易点天下,20250804,True,True,True,1854000.0,0.8249915604150966,35.94590999999999,33.866099999999996,66643717.139999986,62787749.39999999,62787749.400000006,1.4901161193847656e-08,19993.115141999995,18836.32482,1294.3146654,31393.874700000004,66577.13999998909,62850.60000000502,71517.6293274,129427.73999999411,1.0106,1.0106,,,,,,,,,,80781089.57438065,-0.04861887095136386
20250804,76853604.20505327,76853604.20505327,,SKIP_OCCUPIED,,,0.0,76853604.20505327,76853604.20505327,,,,,,,,,,,,,,,,,,,,,,,,,,,,,,,,,,80781089.57438065,-0.04861887095136386
20250805,76853604.20505327,76853604.20505327,,NO_PLAN,,,0.0,76853604.20505327,76853604.20505327,,,,,,,,,,,,,,,,,,,,,,,,,,,,,,,,,,80781089.57438065,-0.04861887095136386
20250806,76853604.20505327,76853604.20505327,,NO_PLAN,,,0.0,76853604.20505327,76853604.20505327,,,,,,,,,,,,,,,,,,,,,,,,,,,,,,,,,,80781089.57438065,-0.04861887095136386
20250807,76853604.20505327,76853604.20505327,,NO_PLAN,,,0.0,76853604.20505327,76853604.20505327,,,,,,,,,,,,,,,,,,,,,,,,,,,,,,,,,,80781089.57438065,-0.04861887095136386
20250808,76853604.20505327,76853604.20505327,20250807,EXECUTED,OK,C,0.07568193192263739,82670033.44650944,82670033.44650944,600475.SH,华光环能,20250812,True,True,True,3089700.0,0.8249735260409711,20.5205,22.42755,63402188.849999994,69294401.235,69294401.235,0.0,19020.656654999995,20788.320370499998,1326.9659008500003,34647.2006175,63338.84999999508,69363.76499999751,75783.14354384999,132702.6149999926,5.2207,5.2207,,,,,,,,,,82670033.44650944,0.0
20250811,82670033.44650944,82670033.44650944,,SKIP_OCCUPIED,,,0.0,82670033.44650944,82670033.44650944,,,,,,,,,,,,,,,,,,,,,,,,,,,,,,,,,,82670033.44650944,0.0
20250812,82670033.44650944,82670033.44650944,,SKIP_OCCUPIED,,,0.0,82670033.44650944,82670033.44650944,,,,,,,,,,,,,,,,,,,,,,,,,,,,,,,,,,82670033.44650944,0.0
20250813,82670033.44650944,82670033.44650944,20250812,EXECUTED,OK,C,0.1313960643067673,93532550.47748959,93532550.47748959,600246.SH,万通发展,20250815,True,True,True,7446400.0,0.8249989956049754,9.15915,10.62936,68202694.56,79150466.304,79150466.304,0.0,20460.808367999998,23745.1398912,1473.5316086400003,39575.233152,68134.55999999994,79229.69600000318,85254.71301984001,147364.25600000314,12.463,12.463,,,,,,,,,,93532550.47748959,0.0
20250814,93532550.47748959,93532550.47748959,,SKIP_OCCUPIED,,,0.0,93532550.47748959,93532550.47748959,,,,,,,,,,,,,,,,,,,,,,,,,,,,,,,,,,93532550.47748959,0.0
20250815,93532550.47748959,93532550.47748959,,SKIP_OCCUPIED,,,0.0,93532550.47748959,93532550.47748959,,,,,,,,,,,,,,,,,,,,,,,,,,,,,,,,,,93532550.47748959,0.0
20250818,93532550.47748959,93532550.47748959,20250815,EXECUTED,OK,A,0.1207010681480487,104822029.22673386,104822029.22673386,920476.BJ,海能技术,20250819,True,True,True,2447214.0,0.8249997230597392,31.5315,36.18378,77164328.241,88549452.98892,88549452.98892,0.0,23149.298472299997,26564.835896676,1657.1378122992,44274.72649446,77087.24100000292,88638.09108000035,95645.9986757352,165725.33208000328,3.8937,3.8937,,,,,,,,,,104822029.22673386,0.0
20250819,104822029.22673386,104822029.22673386,,SKIP_OCCUPIED,,,0.0,104822029.22673386,104822029.22673386,,,,,,,,,,,,,,,,,,,,,,,,,,,,,,,,,,104822029.22673386,0.0
20250820,104822029.22673386,104822029.22673386,20250819,EXECUTED,OK,C,0.06691935076504274,111836651.36846124,111836651.36846124,601689.SH,拓普集团,20250822,True,True,True,1593300.0,0.8249708135200394,54.27421999999999,58.7412,86475114.72599998,93592353.96,93592353.96000001,1.4901161193847656e-08,25942.53441779999,28077.706188,1800.67468686,46796.176980000004,86388.72599998998,93686.03999999676,102617.09227266,180074.76599998673,2.3151,2.3151,,,,,,,,,,111836651.36846124,0.0
20250821,111836651.36846124,111836651.36846124,,SKIP_OCCUPIED,,,0.0,111836651.36846124,111836651.36846124,,,,,,,,,,,,,,,,,,,,,,,,,,,,,,,,,,111836651.36846124,0.0
20250822,111836651.36846124,111836651.36846124,,SKIP_OCCUPIED,,,0.0,111836651.36846124,111836651.36846124,,,,,,,,,,,,,,,,,,,,,,,,,,,,,,,,,,111836651.36846124,0.0
20250825,111836651.36846124,111836651.36846124,20250822,EXECUTED,OK,E,0.018386944603946187,113892985.68186396,113892985.68186396,300113.SZ,顺网科技,20250826,True,True,True,3307200.0,0.8249874664078067,27.89787,28.551419999999997,92263835.664,94425256.22399999,94425256.224,1.4901161193847656e-08,27679.1506992,28327.5768672,1866.8909188800003,47212.628112000006,92171.66400000021,94519.77600000531,105086.24659728001,186691.44000000553,11.8763,11.8763,,,,,,,,,,113892985.68186396,0.0
20250826,113892985.68186396,113892985.68186396,,SKIP_OCCUPIED,,,0.0,113892985.68186396,113892985.68186396,,,,,,,,,,,,,,,,,,,,,,,,,,,,,,,,,,113892985.68186396,0.0
20250827,113892985.68186396,113892985.68186396,20250826,EXECUTED,OK,C,0.21737954078268307,138650990.60775626,138650990.60775626,601869.SH,XD长飞光,20250829,True,True,True,1303700.0,0.8249872969566201,72.07199999999999,91.15875,93960266.39999999,118843662.375,118843662.37500001,1.4901161193847656e-08,28188.079919999996,35653.0987125,2128.0392877500003,59421.83118750001,93866.39999998503,118962.62500000297,125391.04910775,212829.024999988,1.0895,1.0895,,,,,,,,,,138650990.60775626,0.0
20250828,138650990.60775626,138650990.60775626,,SKIP_OCCUPIED,,,0.0,138650990.60775626,138650990.60775626,,,,,,,,,,,,,,,,,,,,,,,,,,,,,,,,,,138650990.60775626,0.0
20250829,138650990.60775626,138650990.60775626,,SKIP_OCCUPIED,,,0.0,138650990.60775626,138650990.60775626,,,,,,,,,,,,,,,,,,,,,,,,,,,,,,,,,,138650990.60775626,0.0
20250901,138650990.60775626,138650990.60775626,,NO_PLAN,,,0.0,138650990.60775626,138650990.60775626,,,,,,,,,,,,,,,,,,,,,,,,,,,,,,,,,,138650990.60775626,0.0
20250902,138650990.60775626,138650990.60775626,20250901,EXECUTED,OK,A,0.47625300044860985,204683940.8998722,204683940.8998722,920274.BJ,宏裕包材,20250903,True,True,True,3734405.0,0.824999989481511,30.6306,48.36159,114387065.793,180601763.50395,180601763.50395,0.0,34316.11973789999,54180.529051184996,2949.8882929695,90300.881751975,114272.79299999903,180782.54604998862,181747.4188340295,295055.33904998767,2.1701,2.1701,,,,,,,,,,204683940.8998722,0.0
20250903,204683940.8998722,204683940.8998722,,SKIP_OCCUPIED,,,0.0,204683940.8998722,204683940.8998722,,,,,,,,,,,,,,,,,,,,,,,,,,,,,,,,,,204683940.8998722,0.0
20250904,204683940.8998722,204683940.8998722,20250903,EXECUTED,OK,A,0.03893061053612046,212652411.68604344,212652411.68604344,300092.SZ,科新机电,20250905,True,True,True,8864700.0,0.8249984610351296,19.04903,19.97001,168863936.241,177028147.64699998,177028147.647,2.9802322387695312e-08,50659.18087229999,53108.4442941,3458.9208388800007,88514.0738235,168695.24099997533,177205.35299999957,195740.61982878,345900.5939999749,2.7376,2.7376,,,,,,,,,,212652411.68604344,0.0
20250905,212652411.68604344,212652411.68604344,,SKIP_OCCUPIED,,,0.0,212652411.68604344,212652411.68604344,,,,,,,,,,,,,,,,,,,,,,,,,,,,,,,,,,212652411.68604344,0.0
20250908,212652411.68604344,212652411.68604344,,NO_PLAN,,,0.0,212652411.68604344,212652411.68604344,,,,,,,,,,,,,,,,,,,,,,,,,,,,,,,,,,212652411.68604344,0.0
20250909,212652411.68604344,212652411.68604344,20250908,EXECUTED,OK,A,0.0004041531703780077,212738355.83241487,212738355.83241487,301538.SZ,骏鼎达,20250910,True,True,True,1920600.0,0.8249612753463713,91.34125,91.48842,175430004.75,175712659.45200002,175712659.45200005,2.9802322387695312e-08,52629.001424999995,52713.79783560001,3511.426642020001,87856.32972600003,175254.75000000437,175888.5479999872,196710.55562862003,351143.29799999157,1.9874,1.9874,,,,,,,,,,212738355.83241487,0.0
20250910,212738355.83241487,212738355.83241487,,SKIP_OCCUPIED,,,0.0,212738355.83241487,212738355.83241487,,,,,,,,,,,,,,,,,,,,,,,,,,,,,,,,,,212738355.83241487,0.0
20250911,212738355.83241487,212738355.83241487,,NO_PLAN,,,0.0,212738355.83241487,212738355.83241487,,,,,,,,,,,,,,,,,,,,,,,,,,,,,,,,,,212738355.83241487,0.0
20250912,212738355.83241487,212738355.83241487,20250911,EXECUTED,OK,E,0.11654419566930807,237531776.40091473,237531776.40091473,688195.SH,腾景科技,20250916,True,True,True,1809430.0,0.8249997988386152,96.9969,110.81907,175509100.767,200519349.8301,200519349.8301,0.0,52652.730230099995,60155.804949029996,3760.284505971,100259.67491505,175333.7669999835,200720.06990001883,216828.49460015097,376053.8369000023,1.0271,1.0271,,,,,,,,,,237531776.40091473,0.0
20250915,237531776.40091473,237531776.40091473,,SKIP_OCCUPIED,,,0.0,237531776.40091473,237531776.40091473,,,,,,,,,,,,,,,,,,,,,,,,,,,,,,,,,,237531776.40091473,0.0
20250916,237531776.40091473,237531776.40091473,,SKIP_OCCUPIED,,,0.0,237531776.40091473,237531776.40091473,,,,,,,,,,,,,,,,,,,,,,,,,,,,,,,,,,237531776.40091473,0.0
20250917,237531776.40091473,237531776.40091473,,NO_PLAN,,,0.0,237531776.40091473,237531776.40091473,,,,,,,,,,,,,,,,,,,,,,,,,,,,,,,,,,237531776.40091473,0.0
20250918,237531776.40091473,237531776.40091473,,NO_PLAN,,,0.0,237531776.40091473,237531776.40091473,,,,,,,,,,,,,,,,,,,,,,,,,,,,,,,,,,237531776.40091473,0.0
20250919,237531776.40091473,237531776.40091473,,NO_PLAN,,,0.0,237531776.40091473,237531776.40091473,,,,,,,,,,,,,,,,,,,,,,,,,,,,,,,,,,237531776.40091473,0.0
20250922,237531776.40091473,237531776.40091473,20250922,PLAN_NOT_EXECUTED_FILL_GATE_UNVERIFIABLE,OK,D,0.0,237531776.40091473,237531776.40091473,300250.SZ,初灵信息,20250924,False,False,True,,,,,,,,,,,,,,,,,,,True,False,0.8,195963040.0,,,SIGNAL_TIME_AMOUNT_SPACE_OVER_ACTUAL_ORDER_GROSS,,缺少可靠的历史信号时预估成交金额或队列金额,237531776.40091473,0.0
20250923,237531776.40091473,237531776.40091473,,NO_PLAN,,,0.0,237531776.40091473,237531776.40091473,,,,,,,,,,,,,,,,,,,,,,,,,,,,,,,,,,237531776.40091473,0.0
20250924,237531776.40091473,237531776.40091473,,NO_PLAN,,,0.0,237531776.40091473,237531776.40091473,,,,,,,,,,,,,,,,,,,,,,,,,,,,,,,,,,237531776.40091473,0.0
20250925,237531776.40091473,237531776.40091473,,NO_PLAN,,,0.0,237531776.40091473,237531776.40091473,,,,,,,,,,,,,,,,,,,,,,,,,,,,,,,,,,237531776.40091473,0.0
20250926,237531776.40091473,237531776.40091473,,NO_PLAN,,,0.0,237531776.40091473,237531776.40091473,,,,,,,,,,,,,,,,,,,,,,,,,,,,,,,,,,237531776.40091473,0.0
20250929,237531776.40091473,237531776.40091473,,NO_PLAN,,,0.0,237531776.40091473,237531776.40091473,,,,,,,,,,,,,,,,,,,,,,,,,,,,,,,,,,237531776.40091473,0.0
20250930,237531776.40091473,237531776.40091473,,NO_PLAN,,,0.0,237531776.40091473,237531776.40091473,,,,,,,,,,,,,,,,,,,,,,,,,,,,,,,,,,237531776.40091473,0.0
20251009,237531776.40091473,237531776.40091473,,NO_PLAN,,,0.0,237531776.40091473,237531776.40091473,,,,,,,,,,,,,,,,,,,,,,,,,,,,,,,,,,237531776.40091473,0.0
20251010,237531776.40091473,237531776.40091473,20251009,EXECUTED,OK,A,0.19390750392201728,283590970.2649788,283590970.2649788,920284.BJ,灵鸽科技,20251013,True,True,True,5271080.0,0.8249998466750208,37.177139999999994,45.963989999999995,195963679.11119998,242279868.40919998,242279868.4092,2.9802322387695312e-08,58789.10373335999,72683.96052276,4382.435475204,121139.93420460001,195767.91119996697,242522.39080001344,256995.43393592397,438290.3019999804,3.5533,3.5533,,,,,,,,,,283590970.2649788,0.0
20251013,283590970.2649788,283590970.2649788,,SKIP_OCCUPIED,,,0.0,283590970.2649788,283590970.2649788,,,,,,,,,,,,,,,,,,,,,,,,,,,,,,,,,,283590970.2649788,0.0
20251014,283590970.2649788,283590970.2649788,,NO_PLAN,,,0.0,283590970.2649788,283590970.2649788,,,,,,,,,,,,,,,,,,,,,,,,,,,,,,,,,,283590970.2649788,0.0
20251015,283590970.2649788,283590970.2649788,20251014,EXECUTED,OK,A,-0.07166277046217462,263268055.65773427,263268055.65773427,301323.SZ,新莱福,20251016,True,True,True,2808200.0,0.8249917557931926,83.31322999999999,76.16376,233960212.48599997,213883070.832,213883070.83200002,2.9802322387695312e-08,70188.06374579998,64164.9212496,4478.432833180001,106941.53541600001,233726.4859999611,214097.16799999587,245772.95324457996,447823.65399995696,1.0246,1.0246,,,,,,,,,,283590970.2649788,-0.07166277046217462
20251016,263268055.65773427,263268055.65773427,,SKIP_OCCUPIED,,,0.0,263268055.65773427,263268055.65773427,,,,,,,,,,,,,,,,,,,,,,,,,,,,,,,,,,283590970.2649788,-0.07166277046217462
20251017,263268055.65773427,263268055.65773427,,NO_PLAN,,,0.0,263268055.65773427,263268055.65773427,,,,,,,,,,,,,,,,,,,,,,,,,,,,,,,,,,283590970.2649788,-0.07166277046217462
20251020,263268055.65773427,263268055.65773427,20251017,EXECUTED,OK,A,0.03835145297553533,273364768.1142525,273364768.1142525,300300.SZ,海峡创新,20251021,True,True,True,37217600.0,0.8249978755127377,5.83583,6.11388,217195586.60799998,227543940.288,227543940.288,0.0,65158.67598239999,68263.18208639999,4447.39526896,113771.97014399999,216978.60799998353,227771.71200000466,251641.22348175998,444750.3199999882,6.662,6.662,,,,,,,,,,283590970.2649788,-0.036059688858115835
20251021,273364768.1142525,273364768.1142525,,SKIP_OCCUPIED,,,0.0,273364768.1142525,273364768.1142525,,,,,,,,,,,,,,,,,,,,,,,,,,,,,,,,,,283590970.2649788,-0.036059688858115835
20251022,273364768.1142525,273364768.1142525,20251021,EXECUTED,OK,A,0.1353424235338514,310362618.33960474,310362618.33960474,301231.SZ,荣信文化,20251023,True,True,True,6917400.0,0.8249966492527013,32.60257,37.99197,225525017.718,262805653.27800003,262805653.27800003,0.0,67657.50531539999,78841.6959834,4883.306709960001,131402.826639,225299.7179999984,263068.7219999939,282785.33464776,488368.43999999226,1.007,1.007,,,,,,,,,,310362618.33960474,0.0
20251023,310362618.33960474,310362618.33960474,,SKIP_OCCUPIED,,,0.0,310362618.33960474,310362618.33960474,,,,,,,,,,,,,,,,,,,,,,,,,,,,,,,,,,310362618.33960474,0.0
20251024,310362618.33960474,310362618.33960474,,NO_PLAN,,,0.0,310362618.33960474,310362618.33960474,,,,,,,,,,,,,,,,,,,,,,,,,,,,,,,,,,310362618.33960474,0.0
20251027,310362618.33960474,310362618.33960474,,NO_PLAN,,,0.0,310362618.33960474,310362618.33960474,,,,,,,,,,,,,,,,,,,,,,,,,,,,,,,,,,310362618.33960474,0.0
20251028,310362618.33960474,310362618.33960474,,NO_PLAN,,,0.0,310362618.33960474,310362618.33960474,,,,,,,,,,,,,,,,,,,,,,,,,,,,,,,,,,310362618.33960474,0.0
20251029,310362618.33960474,310362618.33960474,20251028,EXECUTED,OK,A,-0.017573967037159632,304908315.915338,304908315.915338,920748.BJ,路桥信息,20251030,True,True,True,4279628.0,0.8249999961186889,59.82977,58.62132,256049158.92556003,250877442.46896,250877442.46896005,5.960464477539063e-08,76814.747677668,75263.232740688,5069.266013945202,125438.72123448002,255793.36556000137,251128.57104001072,282585.9676667812,506921.9366000121,1.0083,1.0083,,,,,,,,,,310362618.33960474,-0.017573967037159632
20251030,304908315.915338,304908315.915338,,SKIP_OCCUPIED,,,0.0,304908315.915338,304908315.915338,,,,,,,,,,,,,,,,,,,,,,,,,,,,,,,,,,310362618.33960474,-0.017573967037159632
20251031,304908315.915338,304908315.915338,20251030,EXECUTED,OK,A,0.031322416675106934,314458781.2341433,314458781.2341433,300438.SZ,鹏辉能源,20251103,True,True,True,5125300.0,0.8249848866990066,49.07903,50.998949999999994,251544752.45900002,261384918.43499997,261384918.435,2.9802322387695312e-08,75463.4257377,78415.4755305,5129.296708940001,130692.4592175,251293.45900000975,261646.56500001843,289700.65719464,512940.02400002815,4.602,4.602,,,,,,,,,,314458781.2341433,0.0
20251103,314458781.2341433,314458781.2341433,,SKIP_OCCUPIED,,,0.0,314458781.2341433,314458781.2341433,,,,,,,,,,,,,,,,,,,,,,,,,,,,,,,,,,314458781.2341433,0.0
20251104,314458781.2341433,314458781.2341433,20251103,EXECUTED,OK,A,0.02689428408506389,322915925.0296973,322915925.0296973,300455.SZ,航天智装,20251105,True,True,True,10548200.0,0.8249998370401104,24.594569999999997,25.42455,259428443.27399996,268183238.31,268183238.30999994,-5.960464477539063e-08,77828.53298219998,80454.97149299998,5276.11681584,134091.61915499996,259169.27399996936,268451.68999999267,297651.24044603994,527620.963999962,3.7582,3.7582,,,,,,,,,,322915925.0296973,0.0
20251105,322915925.0296973,322915925.0296973,,SKIP_OCCUPIED,,,0.0,322915925.0296973,322915925.0296973,,,,,,,,,,,,,,,,,,,,,,,,,,,,,,,,,,322915925.0296973,0.0
20251106,322915925.0296973,322915925.0296973,,NO_PLAN,,,0.0,322915925.0296973,322915925.0296973,,,,,,,,,,,,,,,,,,,,,,,,,,,,,,,,,,322915925.0296973,0.0
20251107,322915925.0296973,322915925.0296973,20251106,EXECUTED,OK,A,0.36872309033632855,441982482.82546145,441982482.82546145,300437.SZ,清水源,20251110,True,True,True,21958700.0,0.8249998305890295,12.13212,17.57241,266405583.444,385867279.467,385867279.46700007,5.960464477539063e-08,79921.6750332,115760.18384010001,6522.728629110001,192933.63973350005,266139.44400002726,386253.53299996577,395138.2272359101,652392.976999993,2.932,2.932,,,,,,,,,,441982482.82546145,0.0
20251110,441982482.82546145,441982482.82546145,,SKIP_OCCUPIED,,,0.0,441982482.82546145,441982482.82546145,,,,,,,,,,,,,,,,,,,,,,,,,,,,,,,,,,441982482.82546145,0.0
20251111,441982482.82546145,441982482.82546145,20251110,EXECUTED,OK,A,0.13767863681575965,502834028.5573159,502834028.5573159,300997.SZ,欢乐家,20251112,True,True,True,15146400.0,0.8249991913457669,24.07405,28.12185,364635190.92,425944788.84,425944788.84000003,5.960464477539063e-08,109390.55727599999,127783.436652,7905.7997976000015,212972.39442000003,364270.9199999851,426371.16000000184,458052.1881456,790642.0799999869,1.0805,1.0805,,,,,,,,,,502834028.5573159,0.0
20251112,502834028.5573159,502834028.5573159,,SKIP_OCCUPIED,,,0.0,502834028.5573159,502834028.5573159,,,,,,,,,,,,,,,,,,,,,,,,,,,,,,,,,,502834028.5573159,0.0
20251113,502834028.5573159,502834028.5573159,,NO_PLAN,,,0.0,502834028.5573159,502834028.5573159,,,,,,,,,,,,,,,,,,,,,,,,,,,,,,,,,,502834028.5573159,0.0
20251114,502834028.5573159,502834028.5573159,20251113,EXECUTED,OK,C,0.014250563641403646,509999696.8823353,509999696.8823353,002837.SZ,英维克,20251118,True,True,True,5687100.0,0.8249906975611833,72.94287,74.28564,414833395.977,422469863.244,422469863.24399996,-5.960464477539063e-08,124450.01879309998,126740.95897319997,8373.03259221,211234.93162199997,414418.97699996963,422892.7559999923,470798.94198050996,837311.7329999619,11.1562,11.1562,,,,,,,,,,509999696.8823353,0.0
20251117,509999696.8823353,509999696.8823353,,SKIP_OCCUPIED,,,0.0,509999696.8823353,509999696.8823353,,,,,,,,,,,,,,,,,,,,,,,,,,,,,,,,,,509999696.8823353,0.0
20251118,509999696.8823353,509999696.8823353,,SKIP_OCCUPIED,,,0.0,509999696.8823353,509999696.8823353,,,,,,,,,,,,,,,,,,,,,,,,,,,,,,,,,,509999696.8823353,0.0
20251119,509999696.8823353,509999696.8823353,,NO_PLAN,,,0.0,509999696.8823353,509999696.8823353,,,,,,,,,,,,,,,,,,,,,,,,,,,,,,,,,,509999696.8823353,0.0
20251120,509999696.8823353,509999696.8823353,,NO_PLAN,,,0.0,509999696.8823353,509999696.8823353,,,,,,,,,,,,,,,,,,,,,,,,,,,,,,,,,,509999696.8823353,0.0
20251121,509999696.8823353,509999696.8823353,20251120,EXECUTED,OK,A,-0.03758758375070881,490830040.5629344,490830040.5629344,301092.SZ,争光股份,20251124,True,True,True,10777600.0,0.8249940715103457,39.038999999999994,37.30266,420746726.3999999,402033148.416,402033148.416,0.0,126224.01791999997,120609.9445248,8227.79874816,201016.574208,420326.3999999394,402435.584000004,456078.33540095994,822761.9839999434,1.0269,1.0269,,,,,,,,,,509999696.8823353,-0.03758758375070881
20251124,490830040.5629344,490830040.5629344,,SKIP_OCCUPIED,,,0.0,490830040.5629344,490830040.5629344,,,,,,,,,,,,,,,,,,,,,,,,,,,,,,,,,,509999696.8823353,-0.03758758375070881
20251125,490830040.5629344,490830040.5629344,,NO_PLAN,,,0.0,490830040.5629344,490830040.5629344,,,,,,,,,,,,,,,,,,,,,,,,,,,,,,,,,,509999696.8823353,-0.03758758375070881
20251126,490830040.5629344,490830040.5629344,20251125,EXECUTED,OK,A,-0.059176716156042364,461784330.5716829,461784330.5716829,301117.SZ,佳缘科技,20251127,True,True,True,7774900.0,0.8249955006473966,52.08203,48.40155,404932575.04700005,376317211.095,376317211.0950001,5.960464477539063e-08,121479.7725141,112895.16332850001,7812.497861420003,188158.60554750005,404528.0470000157,376693.9050000198,430346.03925152007,781221.9520000354,1.4152,1.4152,,,,,,,,,,509999696.8823353,-0.09453999013214409
20251127,461784330.5716829,461784330.5716829,,SKIP_OCCUPIED,,,0.0,461784330.5716829,461784330.5716829,,,,,,,,,,,,,,,,,,,,,,,,,,,,,,,,,,509999696.8823353,-0.09453999013214409
20251128,461784330.5716829,461784330.5716829,20251127,EXECUTED,OK,E,-0.004904873859200687,459519336.6800733,459519336.6800733,688033.SH,天宜新材,20251201,True,True,True,53984607.0,0.8249999959022248,7.057049999999999,7.02297,380972070.82935,379132275.42279,379132275.42279,0.0,114291.621248805,113739.68262683699,7601.0434625214,189566.137711395,380591.47934997606,379511.7872100169,425198.48504955834,760103.2665599929,1.0159,1.0159,,,,,,,,,,509999696.8823353,-0.09898115726509649
20251201,459519336.6800733,459519336.6800733,,SKIP_OCCUPIED,,,0.0,459519336.6800733,459519336.6800733,,,,,,,,,,,,,,,,,,,,,,,,,,,,,,,,,,509999696.8823353,-0.09898115726509649
20251202,459519336.6800733,459519336.6800733,20251201,EXECUTED,OK,C,0.21608992126243987,558816833.961839,558816833.961839,000078.SZ,海王生物,20251204,True,True,True,99664400.0,0.8249999825011487,3.8037999999999994,4.80519,379103444.71999997,478906378.23599994,478906378.23599994,0.0,113731.03341599998,143671.91347079998,8580.09822956,239453.18911799998,378724.7199999583,479385.7639999981,505436.23423435993,858110.4839999564,20.484,20.484,,,,,,,,,,558816833.961839,0.0
20251203,558816833.961839,558816833.961839,,SKIP_OCCUPIED,,,0.0,558816833.961839,558816833.961839,,,,,,,,,,,,,,,,,,,,,,,,,,,,,,,,,,558816833.961839,0.0
20251204,558816833.961839,558816833.961839,,SKIP_OCCUPIED,,,0.0,558816833.961839,558816833.961839,,,,,,,,,,,,,,,,,,,,,,,,,,,,,,,,,,558816833.961839,0.0
20251205,558816833.961839,558816833.961839,20251204,EXECUTED,OK,A,0.03734662549086942,579686756.9778051,579686756.9778051,300946.SZ,恒而达,20251208,True,True,True,8009700.0,0.8249900141366937,57.55749999999999,60.22971,461018307.74999994,482421908.187,482421908.18700004,5.960464477539063e-08,138305.49232499997,144726.5724561,9434.402159370002,241210.9540935,460557.7499999226,482904.8130000156,533677.42103397,943462.5629999381,2.4213,2.4213,,,,,,,,,,579686756.9778051,0.0
20251208,579686756.9778051,579686756.9778051,,SKIP_OCCUPIED,,,0.0,579686756.9778051,579686756.9778051,,,,,,,,,,,,,,,,,,,,,,,,,,,,,,,,,,579686756.9778051,0.0
20251209,579686756.9778051,579686756.9778051,,NO_PLAN,,,0.0,579686756.9778051,579686756.9778051,,,,,,,,,,,,,,,,,,,,,,,,,,,,,,,,,,579686756.9778051,0.0
20251210,579686756.9778051,579686756.9778051,,NO_PLAN,,,0.0,579686756.9778051,579686756.9778051,,,,,,,,,,,,,,,,,,,,,,,,,,,,,,,,,,579686756.9778051,0.0
20251211,579686756.9778051,579686756.9778051,,NO_PLAN,,,0.0,579686756.9778051,579686756.9778051,,,,,,,,,,,,,,,,,,,,,,,,,,,,,,,,,,579686756.9778051,0.0
20251212,579686756.9778051,579686756.9778051,20251211,EXECUTED,OK,A,0.32132582151751854,765955080.3865246,765955080.3865246,920576.BJ,天力复合,20251215,True,True,True,9636220.0,0.8249999601179618,49.62957999999999,69.03089999999999,478241551.3875999,665196939.1979998,665196939.1979998,0.0,143472.46541627994,199559.08175939994,11434.384905855997,332598.46959899995,477763.7875999204,665862.8020000572,687064.4016805359,1143626.5895999777,1.1567,1.1567,,,,,,,,,,765955080.3865246,0.0
20251215,765955080.3865246,765955080.3865246,,SKIP_OCCUPIED,,,0.0,765955080.3865246,765955080.3865246,,,,,,,,,,,,,,,,,,,,,,,,,,,,,,,,,,765955080.3865246,0.0
20251216,765955080.3865246,765955080.3865246,20251215,EXECUTED,OK,A,-0.024595638586346058,747115926.055962,747115926.055962,300118.SZ,东方日升,20251217,True,True,True,49707200.0,0.8249997129350161,12.712699999999998,12.34764,631912721.4399999,613766611.008,613766611.0080001,1.1920928955078125e-07,189573.81643199996,184129.9833024,12456.79332448,306883.30550400005,631281.4399999415,614380.9919999632,693043.89856288,1245662.4319999046,3.492,3.492,,,,,,,,,,765955080.3865246,-0.024595638586346058
20251217,747115926.055962,747115926.055962,,SKIP_OCCUPIED,,,0.0,747115926.055962,747115926.055962,,,,,,,,,,,,,,,,,,,,,,,,,,,,,,,,,,765955080.3865246,-0.024595638586346058
20251218,747115926.055962,747115926.055962,,NO_PLAN,,,0.0,747115926.055962,747115926.055962,,,,,,,,,,,,,,,,,,,,,,,,,,,,,,,,,,765955080.3865246,-0.024595638586346058
20251219,747115926.055962,747115926.055962,20251218,EXECUTED,OK,C,0.17271990494017087,876157717.7836354,876157717.7836354,002703.SZ,浙江世宝,20251223,True,True,True,40245400.0,0.8249996461376884,15.3153,18.54144,616370374.62,746207669.376,746207669.3760002,1.1920928955078125e-07,184911.112386,223862.30081280004,13625.780439960003,373103.8346880001,615754.6199999948,746954.6239998891,795503.0283267602,1362709.243999884,2.5624,2.5624,,,,,,,,,,876157717.7836354,0.0
20251222,876157717.7836354,876157717.7836354,,SKIP_OCCUPIED,,,0.0,876157717.7836354,876157717.7836354,,,,,,,,,,,,,,,,,,,,,,,,,,,,,,,,,,876157717.7836354,0.0
20251223,876157717.7836354,876157717.7836354,,SKIP_OCCUPIED,,,0.0,876157717.7836354,876157717.7836354,,,,,,,,,,,,,,,,,,,,,,,,,,,,,,,,,,876157717.7836354,0.0
20251224,876157717.7836354,876157717.7836354,,NO_PLAN,,,0.0,876157717.7836354,876157717.7836354,,,,,,,,,,,,,,,,,,,,,,,,,,,,,,,,,,876157717.7836354,0.0
20251225,876157717.7836354,876157717.7836354,20251224,EXECUTED,OK,A,-0.0031191035822741853,873424891.1074593,873424891.1074593,300593.SZ,新雷能,20251226,True,True,True,24054200.0,0.8249989430127926,30.050019999999996,29.97,722829191.0839999,720904374.0,720904373.9999999,-1.1920928955078125e-07,216848.75732519996,216271.31219999996,14437.33565084,360452.187,722107.0839999237,721626.0000000274,808009.5921760399,1443733.083999951,4.196,4.196,,,,,,,,,,876157717.7836354,-0.0031191035822741853
20251226,873424891.1074593,873424891.1074593,,SKIP_OCCUPIED,,,0.0,873424891.1074593,873424891.1074593,,,,,,,,,,,,,,,,,,,,,,,,,,,,,,,,,,876157717.7836354,-0.0031191035822741853
20251229,873424891.1074593,873424891.1074593,20251226,EXECUTED,OK,C,-0.0379704003811957,840260598.2892069,840260598.2892069,000688.SZ,国城矿业,20251231,True,True,True,24779800.0,0.8249971468941641,29.07905,27.7722,720573043.1899999,688189561.5600001,688189561.5600001,0.0,216171.91295699996,206456.868468,14087.626047500002,344094.78078000003,719853.1899999509,688878.4399999791,780811.1882525,1408731.62999993,4.9735,4.9735,,,,,,,,,,876157717.7836354,-0.0409710703516204
20251230,840260598.2892069,840260598.2892069,,SKIP_OCCUPIED,,,0.0,840260598.2892069,840260598.2892069,,,,,,,,,,,,,,,,,,,,,,,,,,,,,,,,,,876157717.7836354,-0.0409710703516204
20251231,840260598.2892069,840260598.2892069,,SKIP_OCCUPIED,,,0.0,840260598.2892069,840260598.2892069,,,,,,,,,,,,,,,,,,,,,,,,,,,,,,,,,,876157717.7836354,-0.0409710703516204
20260105,840260598.2892069,840260598.2892069,20251231,EXECUTED,OK,A,0.13524612990700557,953902592.3211671,953902592.3211671,300058.SZ,蓝色光标,20260106,True,True,True,59189900.0,0.8249992362386181,11.7117,13.64634,693214351.83,807725499.9660001,807725499.9660001,0.0,207964.30554899998,242317.6499898,15009.398517960002,403862.74998300005,692521.8300000683,808534.0339999872,869154.1040397601,1501055.8640000555,27.0302,27.0302,,,,,,,,,,953902592.3211671,0.0
20260106,953902592.3211671,953902592.3211671,,SKIP_OCCUPIED,,,0.0,953902592.3211671,953902592.3211671,,,,,,,,,,,,,,,,,,,,,,,,,,,,,,,,,,953902592.3211671,0.0
20260107,953902592.3211671,953902592.3211671,20260107,PLAN_NOT_EXECUTED_FILL_GATE_UNVERIFIABLE,OK,D,0.0,953902592.3211671,953902592.3211671,688759.SH,必贝特,20260109,False,False,True,,,,,,,,,,,,,,,,,,,True,False,0.8,786969619.1999999,,,SIGNAL_TIME_AMOUNT_SPACE_OVER_ACTUAL_ORDER_GROSS,,缺少可靠的历史信号时预估成交金额或队列金额,953902592.3211671,0.0
20260108,953902592.3211671,953902592.3211671,,NO_PLAN,,,0.0,953902592.3211671,953902592.3211671,,,,,,,,,,,,,,,,,,,,,,,,,,,,,,,,,,953902592.3211671,0.0
20260109,953902592.3211671,953902592.3211671,,NO_PLAN,,,0.0,953902592.3211671,953902592.3211671,,,,,,,,,,,,,,,,,,,,,,,,,,,,,,,,,,953902592.3211671,0.0
20260112,953902592.3211671,953902592.3211671,20260109,EXECUTED,OK,C,0.03730398954359915,989486964.6507281,989486964.6507281,603882.SH,金域医学,20260114,True,True,True,22284100.0,0.8249995726849195,35.315279999999994,36.95301,786969231.0479999,823464570.141,823464570.1409999,-1.1920928955078125e-07,236090.76931439995,247039.37104229996,16104.338011889999,411732.2850705,786183.0479998462,824288.8590000661,910966.76343909,1610471.906999912,1.1061,1.1061,,,,,,,,,,989486964.6507281,0.0
20260113,989486964.6507281,989486964.6507281,,SKIP_OCCUPIED,,,0.0,989486964.6507281,989486964.6507281,,,,,,,,,,,,,,,,,,,,,,,,,,,,,,,,,,989486964.6507281,0.0
20260114,989486964.6507281,989486964.6507281,,SKIP_OCCUPIED,,,0.0,989486964.6507281,989486964.6507281,,,,,,,,,,,,,,,,,,,,,,,,,,,,,,,,,,989486964.6507281,0.0
20260115,989486964.6507281,989486964.6507281,20260114,EXECUTED,OK,C,-0.04512363170025291,944837719.2856275,944837719.2856275,002194.SZ,武汉凡谷,20260119,True,True,True,56242100.0,0.8249992062686232,14.514499999999998,13.73625,816325960.4499999,772555546.125,772555546.1250001,1.1920928955078125e-07,244897.78813499995,231766.6638375,15888.815065750001,386277.77306250005,815510.4499998977,773328.874999996,878831.04010075,1588839.3249998938,3.9025,3.9025,,,,,,,,,,989486964.6507281,-0.04512363170025291
20260116,944837719.2856275,944837719.2856275,,SKIP_OCCUPIED,,,0.0,944837719.2856275,944837719.2856275,,,,,,,,,,,,,,,,,,,,,,,,,,,,,,,,,,989486964.6507281,-0.04512363170025291
20260119,944837719.2856275,944837719.2856275,,SKIP_OCCUPIED,,,0.0,944837719.2856275,944837719.2856275,,,,,,,,,,,,,,,,,,,,,,,,,,,,,,,,,,989486964.6507281,-0.04512363170025291
20260120,944837719.2856275,944837719.2856275,20260119,EXECUTED,OK,A,0.07779617897981583,1018342483.602053,1018342483.602053,300658.SZ,延江股份,20260121,True,True,True,40898700.0,0.8249987731621852,19.059039999999996,20.8791,779489959.2479998,853928047.1700001,853928047.1699998,-2.384185791015625e-07,233846.98777439992,256178.41415099992,16334.180064179998,426964.0235849999,778711.2479998707,854782.8299998968,933323.6055745797,1633494.0779997674,2.95,2.95,,,,,,,,,,1018342483.602053,0.0
20260121,1018342483.602053,1018342483.602053,,SKIP_OCCUPIED,,,0.0,1018342483.602053,1018342483.602053,,,,,,,,,,,,,,,,,,,,,,,,,,,,,,,,,,1018342483.602053,0.0
20260122,1018342483.602053,1018342483.602053,20260121,EXECUTED,OK,E,0.07933354786610702,1099131205.768987,1099131205.768987,300837.SZ,浙矿股份,20260123,True,True,True,16130900.0,0.8249975143483312,52.08203,57.15279,840130017.727,921925940.2110001,921925940.2110001,0.0,252039.00531809998,276577.7820633,17620.559579380002,460962.9701055001,839290.7270000326,922848.7889999639,1007200.31706628,1762139.5159999966,1.0505,1.0505,,,,,,,,,,1099131205.768987,0.0
20260123,1099131205.768987,1099131205.768987,,SKIP_OCCUPIED,,,0.0,1099131205.768987,1099131205.768987,,,,,,,,,,,,,,,,,,,,,,,,,,,,,,,,,,1099131205.768987,0.0
20260126,1099131205.768987,1099131205.768987,20260123,EXECUTED,OK,A,0.10817500158734372,1218029725.697746,1218029725.697746,920368.BJ,连城数控,20260127,True,True,True,17420718.0,0.8249999714106795,52.05199999999999,58.941,906783213.3359998,1026794539.638,1026794539.638,0.0,272034.9640007999,308038.36189139995,19335.77752974,513397.26981900004,905877.3359998693,1027822.3619999564,1112806.3732409398,1933699.6979998257,2.2634,2.2634,,,,,,,,,,1218029725.697746,0.0
20260127,1218029725.697746,1218029725.697746,,SKIP_OCCUPIED,,,0.0,1218029725.697746,1218029725.697746,,,,,,,,,,,,,,,,,,,,,,,,,,,,,,,,,,1218029725.697746,0.0
20260128,1218029725.697746,1218029725.697746,,NO_PLAN,,,0.0,1218029725.697746,1218029725.697746,,,,,,,,,,,,,,,,,,,,,,,,,,,,,,,,,,1218029725.697746,0.0
20260129,1218029725.697746,1218029725.697746,20260128,EXECUTED,OK,A,0.047576125246866496,1275978860.4819484,1275978860.4819484,300164.SZ,通源石油,20260130,True,True,True,82691100.0,0.8249994255093897,12.15214,12.86712,1004873823.954,1063996306.632,1063996306.6320001,1.1920928955078125e-07,301462.14718619996,319198.8919896,20688.701305860002,531998.153316,1003869.9539998932,1065061.3680000736,1173347.89379766,2068931.3219999666,6.251,6.251,,,,,,,,,,1275978860.4819484,0.0
20260130,1275978860.4819484,1275978860.4819484,,SKIP_OCCUPIED,,,0.0,1275978860.4819484,1275978860.4819484,,,,,,,,,,,,,,,,,,,,,,,,,,,,,,,,,,1275978860.4819484,0.0
20260202,1275978860.4819484,1275978860.4819484,,NO_PLAN,,,0.0,1275978860.4819484,1275978860.4819484,,,,,,,,,,,,,,,,,,,,,,,,,,,,,,,,,,1275978860.4819484,0.0
20260203,1275978860.4819484,1275978860.4819484,20260202,EXECUTED,OK,C,-0.002571009322803852,1272698306.9359486,1272698306.9359486,603629.SH,利通电子,20260204,True,True,True,26290700.0,0.824997702236535,40.03999999999999,39.96,1052679627.9999998,1050576372.0,1050576372.0000001,1.1920928955078125e-07,315803.8883999999,315172.9116,21032.56,525288.1860000001,1051627.9999997907,1051627.9999999776,1177297.546,2103255.999999768,2.0412,2.0412,,,,,,,,,,1275978860.4819484,-0.002571009322803852
20260204,1272698306.9359486,1272698306.9359486,,SKIP_OCCUPIED,,,0.0,1272698306.9359486,1272698306.9359486,,,,,,,,,,,,,,,,,,,,,,,,,,,,,,,,,,1275978860.4819484,-0.002571009322803852
20260205,1272698306.9359486,1272698306.9359486,,NO_PLAN,,,0.0,1272698306.9359486,1272698306.9359486,,,,,,,,,,,,,,,,,,,,,,,,,,,,,,,,,,1275978860.4819484,-0.002571009322803852
20260206,1272698306.9359486,1272698306.9359486,,NO_PLAN,,,0.0,1272698306.9359486,1272698306.9359486,,,,,,,,,,,,,,,,,,,,,,,,,,,,,,,,,,1275978860.4819484,-0.002571009322803852
20260209,1272698306.9359486,1272698306.9359486,,NO_PLAN,,,0.0,1272698306.9359486,1272698306.9359486,,,,,,,,,,,,,,,,,,,,,,,,,,,,,,,,,,1275978860.4819484,-0.002571009322803852
20260210,1272698306.9359486,1272698306.9359486,20260209,EXECUTED,OK,E,0.08483917368451577,1380672979.6460767,1380672979.6460767,300182.SZ,捷成股份,20260211,True,True,True,131115800.0,0.8249993896258417,8.008,8.841149999999999,1049975326.3999999,1159214455.1699998,1159214455.1699998,0.0,314992.5979199999,347764.3365509999,22091.8978157,579607.227585,1048926.3999998844,1160374.8300000906,1264456.0598716997,2209301.2299999753,30.863,30.863,,,,,,,,,,1380672979.6460767,0.0
20260211,1380672979.6460767,1380672979.6460767,,SKIP_OCCUPIED,,,0.0,1380672979.6460767,1380672979.6460767,,,,,,,,,,,,,,,,,,,,,,,,,,,,,,,,,,1380672979.6460767,0.0
20260212,1380672979.6460767,1380672979.6460767,20260211,EXECUTED,OK,A,-0.05589306261017657,1303502938.3505394,1303502938.3505394,300819.SZ,聚杰微纤,20260213,True,True,True,21072500.0,0.824998339065045,54.053999999999995,50.4495,1139052915.0,1063097088.75,1063097088.7500001,1.1920928955078125e-07,341715.8745,318929.12662500003,22021.5000375,531548.544375,1137914.9999998934,1064161.2499999905,1214215.0455375,2202076.2499998836,1.6203,1.6203,,,,,,,,,,1380672979.6460767,-0.05589306261017657
20260213,1303502938.3505394,1303502938.3505394,,SKIP_OCCUPIED,,,0.0,1303502938.3505394,1303502938.3505394,,,,,,,,,,,,,,,,,,,,,,,,,,,,,,,,,,1380672979.6460767,-0.05589306261017657
20260224,1303502938.3505394,1303502938.3505394,,NO_PLAN,,,0.0,1303502938.3505394,1303502938.3505394,,,,,,,,,,,,,,,,,,,,,,,,,,,,,,,,,,1380672979.6460767,-0.05589306261017657
20260225,1303502938.3505394,1303502938.3505394,,NO_PLAN,,,0.0,1303502938.3505394,1303502938.3505394,,,,,,,,,,,,,,,,,,,,,,,,,,,,,,,,,,1380672979.6460767,-0.05589306261017657
20260226,1303502938.3505394,1303502938.3505394,,NO_PLAN,,,0.0,1303502938.3505394,1303502938.3505394,,,,,,,,,,,,,,,,,,,,,,,,,,,,,,,,,,1380672979.6460767,-0.05589306261017657
20260227,1303502938.3505394,1303502938.3505394,20260226,EXECUTED,OK,A,0.021243493965620086,1331193895.1555572,1331193895.1555572,300499.SZ,高澜股份,20260302,True,True,True,28271400.0,0.8249981504152202,38.038,39.0609,1075387513.1999998,1104306328.26,1104306328.26,0.0,322616.25395999994,331291.89847799996,21796.9384146,552153.16413,1074313.1999999068,1105411.7400001357,1227858.2549826,2179724.9400000423,4.15,4.15,,,,,,,,,,1380672979.6460767,-0.03583693258283582
20260302,1331193895.1555572,1331193895.1555572,,SKIP_OCCUPIED,,,0.0,1331193895.1555572,1331193895.1555572,,,,,,,,,,,,,,,,,,,,,,,,,,,,,,,,,,1380672979.6460767,-0.03583693258283582
20260303,1331193895.1555572,1331193895.1555572,20260302,EXECUTED,OK,C,-0.06932821410511503,1238904599.7767906,1238904599.7767906,600583.SH,海油工程,20260305,True,True,True,130923300.0,0.8249995701232279,8.38838,7.6923,1098234391.254,1007101300.59,1007101300.5900002,1.1920928955078125e-07,329470.31737619994,302130.390177,21053.356918440004,503550.6502950001,1097137.2539998617,1008109.4099999762,1156204.71476664,2105246.663999838,22.3144,22.3144,,,,,,,,,,1380672979.6460767,-0.10268063615297751
20260304,1238904599.7767906,1238904599.7767906,,SKIP_OCCUPIED,,,0.0,1238904599.7767906,1238904599.7767906,,,,,,,,,,,,,,,,,,,,,,,,,,,,,,,,,,1380672979.6460767,-0.10268063615297751
20260305,1238904599.7767906,1238904599.7767906,,SKIP_OCCUPIED,,,0.0,1238904599.7767906,1238904599.7767906,,,,,,,,,,,,,,,,,,,,,,,,,,,,,,,,,,1380672979.6460767,-0.10268063615297751
20260306,1238904599.7767906,1238904599.7767906,,NO_PLAN,,,0.0,1238904599.7767906,1238904599.7767906,,,,,,,,,,,,,,,,,,,,,,,,,,,,,,,,,,1380672979.6460767,-0.10268063615297751
20260309,1238904599.7767906,1238904599.7767906,20260306,EXECUTED,OK,C,0.011396966303858447,1253024353.754142,1253024353.754142,002913.SZ,奥士康,20260311,True,True,True,19700400.0,0.8249971821205175,51.881829999999994,52.65729,1022092803.7319999,1037369675.916,1037369675.9160002,2.384185791015625e-07,306627.84111959994,311210.9027748,20594.624796480006,518684.83795800013,1021071.7319999089,1038408.0839999525,1157118.2066488802,2059479.8159998613,2.2659,2.2659,,,,,,,,,,1380672979.6460767,-0.09245391759941313
20260310,1253024353.754142,1253024353.754142,,SKIP_OCCUPIED,,,0.0,1253024353.754142,1253024353.754142,,,,,,,,,,,,,,,,,,,,,,,,,,,,,,,,,,1380672979.6460767,-0.09245391759941313
20260311,1253024353.754142,1253024353.754142,,SKIP_OCCUPIED,,,0.0,1253024353.754142,1253024353.754142,,,,,,,,,,,,,,,,,,,,,,,,,,,,,,,,,,1380672979.6460767,-0.09245391759941313
20260312,1253024353.754142,1253024353.754142,20260311,EXECUTED,OK,A,-0.0308003666942801,1214430744.181651,1214430744.181651,300504.SZ,天邑股份,20260313,True,True,True,56247900.0,0.8249992526855807,18.378359999999997,17.71227,1033744155.4439999,996277991.733,996277991.7330002,1.1920928955078125e-07,310123.2466331999,298883.3975199,20300.221471770004,498138.9958665001,1032711.4439998713,997275.2670000138,1127445.86149137,2029986.710999885,1.074,1.074,,,,,,,,,,1380672979.6460767,-0.12040666972930858
20260313,1214430744.181651,1214430744.181651,,SKIP_OCCUPIED,,,0.0,1214430744.181651,1214430744.181651,,,,,,,,,,,,,,,,,,,,,,,,,,,,,,,,,,1380672979.6460767,-0.12040666972930858
20260316,1214430744.181651,1214430744.181651,20260313,EXECUTED,OK,C,0.047172695589363656,1271718715.9912965,1271718715.9912965,600726.SH,华电能源,20260318,True,True,True,232768400.0,0.8249997201735348,4.3043,4.55544,1001905024.1199999,1060362480.096,1060362480.0960001,1.1920928955078125e-07,300571.5072359999,318108.7440288,20622.67504216,530181.240048,1000904.1199999414,1061423.9039999244,1169484.1663549598,2062328.0239998659,3.597,3.597,,,,,,,,,,1380672979.6460767,-0.07891388131801469
20260317,1271718715.9912965,1271718715.9912965,,SKIP_OCCUPIED,,,0.0,1271718715.9912965,1271718715.9912965,,,,,,,,,,,,,,,,,,,,,,,,,,,,,,,,,,1380672979.6460767,-0.07891388131801469
20260318,1271718715.9912965,1271718715.9912965,,SKIP_OCCUPIED,,,0.0,1271718715.9912965,1271718715.9912965,,,,,,,,,,,,,,,,,,,,,,,,,,,,,,,,,,1380672979.6460767,-0.07891388131801469
20260319,1271718715.9912965,1271718715.9912965,,NO_PLAN,,,0.0,1271718715.9912965,1271718715.9912965,,,,,,,,,,,,,,,,,,,,,,,,,,,,,,,,,,1380672979.6460767,-0.07891388131801469
20260320,1271718715.9912965,1271718715.9912965,,NO_PLAN,,,0.0,1271718715.9912965,1271718715.9912965,,,,,,,,,,,,,,,,,,,,,,,,,,,,,,,,,,1380672979.6460767,-0.07891388131801469
20260323,1271718715.9912965,1271718715.9912965,20260323,PLAN_NOT_EXECUTED_FILL_GATE_UNVERIFIABLE,OK,D,0.0,1271718715.9912965,1271718715.9912965,300868.SZ,杰美特,20260325,False,False,True,,,,,,,,,,,,,,,,,,,True,False,0.8,1049166015.0,,,SIGNAL_TIME_AMOUNT_SPACE_OVER_ACTUAL_ORDER_GROSS,,缺少可靠的历史信号时预估成交金额或队列金额,1380672979.6460767,-0.07891388131801469
20260324,1271718715.9912965,1271718715.9912965,,NO_PLAN,,,0.0,1271718715.9912965,1271718715.9912965,,,,,,,,,,,,,,,,,,,,,,,,,,,,,,,,,,1380672979.6460767,-0.07891388131801469
20260325,1271718715.9912965,1271718715.9912965,,NO_PLAN,,,0.0,1271718715.9912965,1271718715.9912965,,,,,,,,,,,,,,,,,,,,,,,,,,,,,,,,,,1380672979.6460767,-0.07891388131801469
20260326,1271718715.9912965,1271718715.9912965,20260325,EXECUTED,OK,C,-0.04762022230556173,1211159188.0256474,1211159188.0256474,600780.SH,通宝能源,20260330,True,True,True,136651800.0,0.8249995947320635,7.677669999999999,7.24275,1049167425.3059999,989734824.45,989734824.4499999,-1.1920928955078125e-07,314750.2275917999,296920.447335,20389.02249756,494867.412225,1048119.3059998876,990725.5499999971,1126927.10964936,2038844.8559998847,11.9387,11.9387,,,,,,,,,,1380672979.6460767,-0.12277620705221781
20260327,1211159188.0256474,1211159188.0256474,,SKIP_OCCUPIED,,,0.0,1211159188.0256474,1211159188.0256474,,,,,,,,,,,,,,,,,,,,,,,,,,,,,,,,,,1380672979.6460767,-0.12277620705221781
20260330,1211159188.0256474,1211159188.0256474,,SKIP_OCCUPIED,,,0.0,1211159188.0256474,1211159188.0256474,,,,,,,,,,,,,,,,,,,,,,,,,,,,,,,,,,1380672979.6460767,-0.12277620705221781
20260331,1211159188.0256474,1211159188.0256474,20260330,EXECUTED,OK,A,0.008040234883471609,1220897192.3786483,1220897192.3786483,300900.SZ,广联航空,20260401,True,True,True,25245500.0,0.8249991305427316,39.579539999999994,40.00995,999205277.0699998,1010071192.7250001,1010071192.7249997,-4.76837158203125e-07,299761.5831209999,303021.3578174999,20092.764697949995,505035.59636249987,998207.0699998799,1011082.274999841,1127911.3019989496,2009289.3449997208,1.419,1.419,,,,,,,,,,1380672979.6460767,-0.11572312171154786
20260401,1220897192.3786483,1220897192.3786483,,SKIP_OCCUPIED,,,0.0,1220897192.3786483,1220897192.3786483,,,,,,,,,,,,,,,,,,,,,,,,,,,,,,,,,,1380672979.6460767,-0.11572312171154786
20260402,1220897192.3786483,1220897192.3786483,20260401,EXECUTED,OK,E,0.09830983424069406,1340923392.986322,1340923392.986322,301312.SZ,智立方,20260403,True,True,True,9855300.0,0.8249935886637846,102.2021,114.50538,1007232356.13,1128484871.514,1128484871.5140002,2.384185791015625e-07,302169.706839,338545.46145420003,21357.172276440004,564242.4357570001,1006226.1300000708,1129614.4860000212,1226314.77632664,2135840.616000092,3.0176,3.0176,,,,,,,,,,1380672979.6460767,-0.028790008384131816
20260403,1340923392.986322,1340923392.986322,,SKIP_OCCUPIED,,,0.0,1340923392.986322,1340923392.986322,,,,,,,,,,,,,,,,,,,,,,,,,,,,,,,,,,1380672979.6460767,-0.028790008384131816
20260407,1340923392.986322,1340923392.986322,,NO_PLAN,,,0.0,1340923392.986322,1340923392.986322,,,,,,,,,,,,,,,,,,,,,,,,,,,,,,,,,,1380672979.6460767,-0.028790008384131816
20260408,1340923392.986322,1340923392.986322,,NO_PLAN,,,0.0,1340923392.986322,1340923392.986322,,,,,,,,,,,,,,,,,,,,,,,,,,,,,,,,,,1380672979.6460767,-0.028790008384131816
20260409,1340923392.986322,1340923392.986322,,NO_PLAN,,,0.0,1340923392.986322,1340923392.986322,,,,,,,,,,,,,,,,,,,,,,,,,,,,,,,,,,1380672979.6460767,-0.028790008384131816
20260410,1340923392.986322,1340923392.986322,20260409,EXECUTED,OK,A,0.09016347479612796,1461825705.5333824,1461825705.5333824,300489.SZ,光智科技,20260413,True,True,True,18002200.0,0.8249988171168288,61.45139,68.24169,1106260213.058,1228500551.7180002,1228500551.7180004,2.384185791015625e-07,331878.0639174,368550.1655154001,23347.607647760007,614250.2758590002,1105155.058000053,1229730.2819999417,1338026.1129395603,2334885.3399999947,3.01,3.01,,,,,,,,,,1461825705.5333824,0.0
20260413,1461825705.5333824,1461825705.5333824,,SKIP_OCCUPIED,,,0.0,1461825705.5333824,1461825705.5333824,,,,,,,,,,,,,,,,,,,,,,,,,,,,,,,,,,1461825705.5333824,0.0
20260414,1461825705.5333824,1461825705.5333824,20260413,EXECUTED,OK,C,0.00559037650648242,1469997861.6141684,1469997861.6141684,605255.SH,天普股份,20260416,True,True,True,10767700.0,0.8249976357564193,112.00189,112.887,1206002750.953,1215533349.9,1215533349.9000003,2.384185791015625e-07,361800.8252859,364660.00497000007,24215.361008530006,607766.6749500001,1204797.9530000268,1216750.0999999952,1358442.8662144302,2421548.0530000217,1.1377,1.1377,,,,,,,,,,1469997861.6141684,0.0
20260415,1469997861.6141684,1469997861.6141684,,SKIP_OCCUPIED,,,0.0,1469997861.6141684,1469997861.6141684,,,,,,,,,,,,,,,,,,,,,,,,,,,,,,,,,,1469997861.6141684,0.0
20260416,1469997861.6141684,1469997861.6141684,,SKIP_OCCUPIED,,,0.0,1469997861.6141684,1469997861.6141684,,,,,,,,,,,,,,,,,,,,,,,,,,,,,,,,,,1469997861.6141684,0.0
20260417,1469997861.6141684,1469997861.6141684,,NO_PLAN,,,0.0,1469997861.6141684,1469997861.6141684,,,,,,,,,,,,,,,,,,,,,,,,,,,,,,,,,,1469997861.6141684,0.0
20260420,1469997861.6141684,1469997861.6141684,20260417,EXECUTED,OK,A,0.048077662259760734,1540671922.327425,1540671922.327425,301319.SZ,唯特偶,20260421,True,True,True,17591600.0,0.8249978160922727,68.93887,73.03689,1212745025.4919999,1284835754.124,1284835754.1239996,-4.76837158203125e-07,363823.5076475999,385450.72623719985,24975.807796159996,642417.8770619999,1211533.49199982,1286121.8759999962,1416667.9187429599,2497655.3679998163,2.2404,2.2404,,,,,,,,,,1540671922.327425,0.0
20260421,1540671922.327425,1540671922.327425,,SKIP_OCCUPIED,,,0.0,1540671922.327425,1540671922.327425,,,,,,,,,,,,,,,,,,,,,,,,,,,,,,,,,,1540671922.327425,0.0
20260422,1540671922.327425,1540671922.327425,,NO_PLAN,,,0.0,1540671922.327425,1540671922.327425,,,,,,,,,,,,,,,,,,,,,,,,,,,,,,,,,,1540671922.327425,0.0
20260423,1540671922.327425,1540671922.327425,,NO_PLAN,,,0.0,1540671922.327425,1540671922.327425,,,,,,,,,,,,,,,,,,,,,,,,,,,,,,,,,,1540671922.327425,0.0
20260424,1540671922.327425,1540671922.327425,20260423,EXECUTED,OK,A,0.003687300554005235,1546352842.760163,1546352842.760163,300590.SZ,移为通信,20260427,True,True,True,87813500.0,0.8249991284905591,14.47446,14.55543,1271052993.21,1278163252.305,1278163252.3050003,2.384185791015625e-07,381315.897963,383448.97569150006,25492.162455150006,639081.6261525002,1269783.2099999732,1279442.6950000755,1429338.66226215,2549225.9050000487,5.8701,5.8701,,,,,,,,,,1546352842.760163,0.0
20260427,1546352842.760163,1546352842.760163,,SKIP_OCCUPIED,,,0.0,1546352842.760163,1546352842.760163,,,,,,,,,,,,,,,,,,,,,,,,,,,,,,,,,,1546352842.760163,0.0
20260428,1546352842.760163,1546352842.760163,20260427,EXECUTED,OK,C,0.08524361179397522,1678169544.1849203,1678169544.1849203,600338.SH,西藏珠峰,20260430,True,True,True,51142300.0,0.8249996681474496,24.94492,27.55242,1275740582.116,1409094129.3660002,1409094129.3659997,-4.76837158203125e-07,382722.17463479994,422728.2388097999,26848.347114819997,704547.0646829999,1274466.1159999005,1410504.6339998378,1536845.8252424197,2684970.7499997383,1.9034,1.9034,,,,,,,,,,1678169544.1849203,0.0
20260429,1678169544.1849203,1678169544.1849203,,SKIP_OCCUPIED,,,0.0,1678169544.1849203,1678169544.1849203,,,,,,,,,,,,,,,,,,,,,,,,,,,,,,,,,,1678169544.1849203,0.0
20260430,1678169544.1849203,1678169544.1849203,,SKIP_OCCUPIED,,,0.0,1678169544.1849203,1678169544.1849203,,,,,,,,,,,,,,,,,,,,,,,,,,,,,,,,,,1678169544.1849203,0.0
20260506,1678169544.1849203,1678169544.1849203,,NO_PLAN,,,0.0,1678169544.1849203,1678169544.1849203,,,,,,,,,,,,,,,,,,,,,,,,,,,,,,,,,,1678169544.1849203,0.0
20260507,1678169544.1849203,1678169544.1849203,20260506,EXECUTED,OK,C,0.061377156324788906,1781170818.637858,1781170818.637858,001287.SZ,中电港,20260511,True,True,True,48428100.0,0.8249998621017999,28.58855999999999,30.74922,1384489642.5359995,1489126301.082,1489126301.0819998,-2.384185791015625e-07,415346.89276079985,446737.89032459987,28736.159436179994,744563.150541,1383106.5359995982,1490616.9180000015,1635384.0930625796,2873723.4539995994,1.0152,1.0152,,,,,,,,,,1781170818.637858,0.0
20260508,1781170818.637858,1781170818.637858,,SKIP_OCCUPIED,,,0.0,1781170818.637858,1781170818.637858,,,,,,,,,,,,,,,,,,,,,,,,,,,,,,,,,,1781170818.637858,0.0
20260511,1781170818.637858,1781170818.637858,,SKIP_OCCUPIED,,,0.0,1781170818.637858,1781170818.637858,,,,,,,,,,,,,,,,,,,,,,,,,,,,,,,,,,1781170818.637858,0.0
20260512,1781170818.637858,1781170818.637858,20260511,EXECUTED,OK,E,0.01918030980157237,1815334226.7488525,1815334226.7488525,301188.SZ,力诺药包,20260513,True,True,True,43125600.0,0.8249985930870826,34.07404,34.90506,1469463419.4239998,1505301655.536,1505301655.536,0.0,440839.0258271999,451590.49666079995,29747.6507496,752650.8277680001,1467995.4239998881,1506808.4639999508,1674828.0010056,2974803.887999839,1.0342,1.0342,,,,,,,,,,1815334226.7488525,0.0
20260513,1815334226.7488525,1815334226.7488525,,SKIP_OCCUPIED,,,0.0,1815334226.7488525,1815334226.7488525,,,,,,,,,,,,,,,,,,,,,,,,,,,,,,,,,,1815334226.7488525,0.0
20260514,1815334226.7488525,1815334226.7488525,20260513,EXECUTED,OK,C,0.051793518378162595,1909356773.384477,1909356773.384477,002654.SZ,万润科技,20260518,True,True,True,87494400.0,0.8249998111489343,17.1171,18.21177,1497650394.24,1593427889.088,1593427889.088,0.0,449295.118272,478028.3667264,30910.78283328,796713.9445440001,1496154.2399999325,1595022.9119999195,1754948.21237568,3091177.1519998517,6.222,6.222,,,,,,,,,,1909356773.384477,0.0
20260515,1909356773.384477,1909356773.384477,,SKIP_OCCUPIED,,,0.0,1909356773.384477,1909356773.384477,,,,,,,,,,,,,,,,,,,,,,,,,,,,,,,,,,1909356773.384477,0.0
20260518,1909356773.384477,1909356773.384477,,SKIP_OCCUPIED,,,0.0,1909356773.384477,1909356773.384477,,,,,,,,,,,,,,,,,,,,,,,,,,,,,,,,,,1909356773.384477,0.0
20260519,1909356773.384477,1909356773.384477,20260518,EXECUTED,OK,E,0.030834797351763754,1968231402.5640047,1968231402.5640047,301313.SZ,凡拓数创,20260520,True,True,True,33108400.0,0.8249981963610775,47.57753,49.41054,1575215894.252,1635903922.536,1635903922.5360003,2.384185791015625e-07,472564.7682756,490771.1767608,32111.198167880008,817951.9612680002,1573642.252000061,1637541.4640001121,1813399.1044722802,3211183.7160001732,1.011,1.011,,,,,,,,,,1968231402.5640047,0.0
20260520,1968231402.5640047,1968231402.5640047,,SKIP_OCCUPIED,,,0.0,1968231402.5640047,1968231402.5640047,,,,,,,,,,,,,,,,,,,,,,,,,,,,,,,,,,1968231402.5640047,0.0
20260521,1968231402.5640047,1968231402.5640047,20260520,EXECUTED,OK,A,0.2055665043838113,2372833851.8075333,2372833851.8075333,301013.SZ,利和兴,20260522,True,True,True,47445700.0,0.824999870120808,34.22418999999999,42.797160000000005,1623790651.4829996,2030541214.2120001,2030541214.212,-2.384185791015625e-07,487137.19544489984,609162.3642636,36543.318656949996,1015270.607106,1622168.482999776,2032573.7879999152,2148113.48547145,3654742.2709996914,1.5113,1.5113,,,,,,,,,,2372833851.8075333,0.0
20260522,2372833851.8075333,2372833851.8075333,,SKIP_OCCUPIED,,,0.0,2372833851.8075333,2372833851.8075333,,,,,,,,,,,,,,,,,,,,,,,,,,,,,,,,,,2372833851.8075333,0.0
20260525,2372833851.8075333,2372833851.8075333,20260522,EXECUTED,OK,E,0.06211783061198117,2520229143.0844884,2520229143.0844884,300179.SZ,四方达,20260527,True,True,True,58692400.0,0.8249993556341023,33.35332,35.90406,1957586398.768,2107295451.144,2107295451.144,0.0,587275.9196303999,632188.6353432,40648.81849912,1053647.725572,1955630.7679997794,2109404.855999796,2313761.0990447197,4065035.6239995756,7.186,7.186,,,,,,,,,,2520229143.0844884,0.0
20260526,2520229143.0844884,2520229143.0844884,,SKIP_OCCUPIED,,,0.0,2520229143.0844884,2520229143.0844884,,,,,,,,,,,,,,,,,,,,,,,,,,,,,,,,,,2520229143.0844884,0.0
20260527,2520229143.0844884,2520229143.0844884,,SKIP_OCCUPIED,,,0.0,2520229143.0844884,2520229143.0844884,,,,,,,,,,,,,,,,,,,,,,,,,,,,,,,,,,2520229143.0844884,0.0
20260528,2520229143.0844884,2520229143.0844884,,NO_PLAN,,,0.0,2520229143.0844884,2520229143.0844884,,,,,,,,,,,,,,,,,,,,,,,,,,,,,,,,,,2520229143.0844884,0.0
20260529,2520229143.0844884,2520229143.0844884,20260528,EXECUTED,OK,A,0.17487078481828044,2960943591.257575,2960943591.257575,920725.BJ,惠丰钻石,20260601,True,True,True,40727684.0,0.8249999812871368,51.050999999999995,61.938,2079188995.8839998,2522591291.592,2522591291.5919995,-4.76837158203125e-07,623756.6987651999,756777.3874775998,46017.80287476,1261295.6457959998,2077111.8839997894,2525116.407999903,2687847.5349135594,4602228.291999692,2.1554,2.1554,,,,,,,,,,2960943591.257575,0.0
20260601,2960943591.257575,2960943591.257575,,SKIP_OCCUPIED,,,0.0,2960943591.257575,2960943591.257575,,,,,,,,,,,,,,,,,,,,,,,,,,,,,,,,,,2960943591.257575,0.0
20260602,2960943591.257575,2960943591.257575,20260601,EXECUTED,OK,A,0.02892162605436366,3046578894.571991,3046578894.571991,920190.BJ,雷神科技,20260603,True,True,True,71859190.0,0.8249999890929703,33.993959999999994,35.22474,2442778430.4923997,2531221284.3606,2531221284.3606005,4.76837158203125e-07,732833.5291477198,759366.3853081801,49739.997148530005,1265610.6421803003,2440338.092399521,2533755.0394000686,2807550.5537847304,4974093.13179959,1.6415,1.6415,,,,,,,,,,3046578894.571991,0.0
20260603,3046578894.571991,3046578894.571991,,SKIP_OCCUPIED,,,0.0,3046578894.571991,3046578894.571991,,,,,,,,,,,,,,,,,,,,,,,,,,,,,,,,,,3046578894.571991,0.0
20260604,3046578894.571991,3046578894.571991,20260603,EXECUTED,OK,A,-0.01599936830536486,2997835556.766382,2997835556.766382,300516.SZ,久之洋,20260605,True,True,True,60271600.0,0.824999403538869,41.70165999999999,40.93902,2513425770.8559995,2467460237.832,2467460237.8320003,4.76837158203125e-07,754027.7312567998,740238.0713496,49808.86008688,1233730.1189160002,2510914.855999587,2469930.167999854,2777804.78160928,4980845.023999441,2.1834,2.1834,,,,,,,,,,3046578894.571991,-0.01599936830536486
20260605,2997835556.766382,2997835556.766382,,SKIP_OCCUPIED,,,0.0,2997835556.766382,2997835556.766382,,,,,,,,,,,,,,,,,,,,,,,,,,,,,,,,,,3046578894.571991,-0.01599936830536486
20260608,2997835556.766382,2997835556.766382,20260608,PLAN_NOT_EXECUTED_FILL_GATE_UNVERIFIABLE,OK,D,0.0,2997835556.766382,2997835556.766382,301313.SZ,凡拓数创,20260610,False,False,True,,,,,,,,,,,,,,,,,,,True,False,0.8,2473209200.0,,,SIGNAL_TIME_AMOUNT_SPACE_OVER_ACTUAL_ORDER_GROSS,,缺少可靠的历史信号时预估成交金额或队列金额,3046578894.571991,-0.01599936830536486
20260609,2997835556.766382,2997835556.766382,,NO_PLAN,,,0.0,2997835556.766382,2997835556.766382,,,,,,,,,,,,,,,,,,,,,,,,,,,,,,,,,,3046578894.571991,-0.01599936830536486
20260610,2997835556.766382,2997835556.766382,,NO_PLAN,,,0.0,2997835556.766382,2997835556.766382,,,,,,,,,,,,,,,,,,,,,,,,,,,,,,,,,,3046578894.571991,-0.01599936830536486
20260611,2997835556.766382,2997835556.766382,20260610,EXECUTED,OK,C,0.20883644872742768,3623892888.3102846,3623892888.3102846,002636.SZ,金安国纪,20260615,True,True,True,31905200.0,0.8249983629374685,77.51744,97.24266,2473209426.6879997,3102546515.8320003,3102546515.8319993,-9.5367431640625e-07,741962.8280063998,930763.9547495997,55757.559425199994,1551273.2579159997,2470738.687999864,3105652.1680000843,3279757.600097199,5576390.855999948,2.7328,2.7328,,,,,,,,,,3623892888.3102846,0.0
20260612,3623892888.3102846,3623892888.3102846,,SKIP_OCCUPIED,,,0.0,3623892888.3102846,3623892888.3102846,,,,,,,,,,,,,,,,,,,,,,,,,,,,,,,,,,3623892888.3102846,0.0
20260615,3623892888.3102846,3623892888.3102846,,SKIP_OCCUPIED,,,0.0,3623892888.3102846,3623892888.3102846,,,,,,,,,,,,,,,,,,,,,,,,,,,,,,,,,,3623892888.3102846,0.0
20260616,3623892888.3102846,3623892888.3102846,,NO_PLAN,,,0.0,3623892888.3102846,3623892888.3102846,,,,,,,,,,,,,,,,,,,,,,,,,,,,,,,,,,3623892888.3102846,0.0
20260617,3623892888.3102846,3623892888.3102846,20260616,EXECUTED,OK,C,0.1489520796652406,4163679270.508177,4163679270.508177,002436.SZ,兴森科技,20260622,True,True,True,66356900.0,0.8249997682638504,45.05501,53.2467,2989710793.0690002,3533285947.23,3533285947.2300005,4.76837158203125e-07,896913.2379207,1059985.784169,65229.96740299001,1766642.9736150003,2986724.069000324,3536822.7700000084,3788771.96310769,6523546.839000332,13.4885,13.4885,,,,,,,,,,4163679270.508177,0.0
20260618,4163679270.508177,4163679270.508177,,SKIP_OCCUPIED,,,0.0,4163679270.508177,4163679270.508177,,,,,,,,,,,,,,,,,,,,,,,,,,,,,,,,,,4163679270.508177,0.0
20260622,4163679270.508177,4163679270.508177,,SKIP_OCCUPIED,,,0.0,4163679270.508177,4163679270.508177,,,,,,,,,,,,,,,,,,,,,,,,,,,,,,,,,,4163679270.508177,0.0
20260623,4163679270.508177,4163679270.508177,20260622,EXECUTED,OK,C,0.022788252882031568,4258562246.64419,4258562246.64419,603399.SH,永杉锂业,20260625,True,True,True,155557700.0,0.8249997758455476,22.082059999999995,22.71726,3435034464.861999,3533844715.902,3533844715.902,0.0,1030510.3394585996,1060153.4147706,69688.79180764,1766922.357951,3431602.861999408,3537382.0979998247,3927274.90398784,6968984.959999233,1.471,1.471,,,,,,,,,,4258562246.64419,0.0
20260624,4258562246.64419,4258562246.64419,,SKIP_OCCUPIED,,,0.0,4258562246.64419,4258562246.64419,,,,,,,,,,,,,,,,,,,,,,,,,,,,,,,,,,4258562246.64419,0.0
20260625,4258562246.64419,4258562246.64419,,SKIP_OCCUPIED,,,0.0,4258562246.64419,4258562246.64419,,,,,,,,,,,,,,,,,,,,,,,,,,,,,,,,,,4258562246.64419,0.0
20260626,4258562246.64419,4258562246.64419,20260625,EXECUTED,OK,C,0.03130422788954279,4391873249.694942,4391873249.694942,603690.SH,至纯科技,20260630,True,True,True,103229500.0,0.8249997533248558,34.034,35.364599999999996,3513312803.0,3650669975.6999993,3650669975.7,4.76837158203125e-07,1053993.8409,1095200.99271,71639.827787,1825334.98785,3509802.9999998887,3654324.3000002853,4046169.649247,7164127.300000174,1.2352,1.2352,,,,,,,,,,4391873249.694942,0.0
20260629,4391873249.694942,4391873249.694942,,SKIP_OCCUPIED,,,0.0,4391873249.694942,4391873249.694942,,,,,,,,,,,,,,,,,,,,,,,,,,,,,,,,,,4391873249.694942,0.0
20260630,4391873249.694942,4391873249.694942,,SKIP_OCCUPIED,,,0.0,4391873249.694942,4391873249.694942,,,,,,,,,,,,,,,,,,,,,,,,,,,,,,,,,,4391873249.694942,0.0
20260701,4391873249.694942,4391873249.694942,20260630,EXECUTED,OK,C,0.08253419805018081,4754352986.296556,4754352986.296556,603662.SH,柯力传感,20260703,True,True,True,49926500.0,0.8249989731606375,72.57249999999999,79.92,3623290921.2499995,3990125880.0,3990125880.0,0.0,1086987.2763749997,1197037.764,76134.1680125,1995062.94,3619671.249999546,3994119.999999915,4355222.148387499,7613791.249999461,2.5245,2.5245,,,,,,,,,,4754352986.296556,0.0
20260702,4754352986.296556,4754352986.296556,,SKIP_OCCUPIED,,,0.0,4754352986.296556,4754352986.296556,,,,,,,,,,,,,,,,,,,,,,,,,,,,,,,,,,4754352986.296556,0.0
20260703,4754352986.296556,4754352986.296556,,SKIP_OCCUPIED,,,0.0,4754352986.296556,4754352986.296556,,,,,,,,,,,,,,,,,,,,,,,,,,,,,,,,,,4754352986.296556,0.0
20260706,4754352986.296556,4754352986.296556,20260703,EXECUTED,OK,C,0.04235903321240664,4955742782.346597,4955742782.346597,002141.SZ,贤丰控股,20260708,True,True,True,737932700.0,0.8249999675965037,5.315309999999999,5.594399999999999,3922341059.6369996,4128290696.8799996,4128290696.8799996,0.0,1176702.3178910997,1238487.2090639998,80506.31756517,2064145.3484399999,3918422.6369997812,4132423.1200002003,4559841.19296027,8050845.756999982,8.059,8.059,,,,,,,,,,4955742782.346597,0.0
20260707,4955742782.346597,4955742782.346597,,SKIP_OCCUPIED,,,0.0,4955742782.346597,4955742782.346597,,,,,,,,,,,,,,,,,,,,,,,,,,,,,,,,,,4955742782.346597,0.0
20260708,4955742782.346597,4955742782.346597,,SKIP_OCCUPIED,,,0.0,4955742782.346597,4955742782.346597,,,,,,,,,,,,,,,,,,,,,,,,,,,,,,,,,,4955742782.346597,0.0
20260709,4955742782.346597,4955742782.346597,20260708,EXECUTED,OK,C,0.13129065332035306,5606385489.928506,5606385489.928506,002841.SZ,视源股份,20260710,True,True,True,90543100.0,0.824999161539425,45.15510999999999,52.39755,4088483640.240999,4744236609.405001,4744236609.405001,0.0,1226545.0920722997,1423270.9828215002,88327.20249646,2372118.3047025003,4084399.2409994556,4748985.59500003,5110261.58209276,8833384.835999485,1.823,1.823,,,,,,,,,,5606385489.928506,0.0
20260710,5606385489.928506,5606385489.928506,,SKIP_OCCUPIED,,,0.0,5606385489.928506,5606385489.928506,,,,,,,,,,,,,,,,,,,,,,,,,,,,,,,,,,5606385489.928506,0.0
20260713,5606385489.928506,5606385489.928506,20260710,EXECUTED,OK,A,-0.02759714561244997,5451665253.203423,5451665253.203423,300069.SZ,金利华电,20260714,True,True,True,111555900.0,0.8249996422270602,41.46142,40.11984,4625266023.377999,4475604859.056001,4475604859.055999,-1.9073486328125e-06,1387579.8070133997,1342681.4577167996,91008.70882433999,2237802.4295279994,4620645.377999457,4480084.943999229,5059072.403082538,9100730.321998686,2.011,2.011,,,,,,,,,,5606385489.928506,-0.02759714561244997
20260714,5451665253.203423,5451665253.203423,,SKIP_OCCUPIED,,,0.0,5451665253.203423,5451665253.203423,,,,,,,,,,,,,,,,,,,,,,,,,,,,,,,,,,5606385489.928506,-0.02759714561244997
20260715,5451665253.203423,5451665253.203423,,NO_PLAN,,,0.0,5451665253.203423,5451665253.203423,,,,,,,,,,,,,,,,,,,,,,,,,,,,,,,,,,5606385489.928506,-0.02759714561244997
20260716,5451665253.203423,5451665253.203423,20260715,EXECUTED,OK,C,-0.17603458841064734,4491983604.203131,4491983604.203131,605255.SH,天普股份,20260720,True,True,True,55402300.0,0.8249992337455382,81.18109999999999,63.936,4497619656.529999,3542201452.8,3542201452.799999,-9.5367431640625e-07,1349285.8969589996,1062660.4358399997,80398.2110933,1771100.7263999996,4493126.529999566,3545747.200000003,4263445.270292299,8038873.729999569,1.138,1.138,,,,,,,,,,5606385489.928506,-0.19877368185390087
20260717,4491983604.203131,4491983604.203131,,SKIP_OCCUPIED,,,0.0,4491983604.203131,4491983604.203131,,,,,,,,,,,,,,,,,,,,,,,,,,,,,,,,,,5606385489.928506,-0.19877368185390087
20260720,4491983604.203131,4491983604.203131,,SKIP_OCCUPIED,,,0.0,4491983604.203131,4491983604.203131,,,,,,,,,,,,,,,,,,,,,,,,,,,,,,,,,,5606385489.928506,-0.19877368185390087
20260721,4491983604.203131,4491983604.203131,20260720,EXECUTED,OK,E,0.050249825590721775,4717704996.87072,4717704996.87072,300534.SZ,陇神戎发,20260722,True,True,True,297125500.0,0.8249998753918909,12.47246,13.24674,3705885913.73,3935944245.8700004,3935944245.8700004,0.0,1111765.774119,1180783.273761,76418.301596,1967972.122935,3702183.729999711,3939884.1299996846,4336939.472411,7642067.859999396,3.5608,3.5608,,,,,,,,,,5606385489.928506,-0.15851219910836323
20260722,4717704996.87072,4717704996.87072,,SKIP_OCCUPIED,,,0.0,4717704996.87072,4717704996.87072,,,,,,,,,,,,,,,,,,,,,,,,,,,,,,,,,,5606385489.928506,-0.15851219910836323
20260723,4717704996.87072,4717704996.87072,20260722,EXECUTED,OK,A,0.018165260823502116,4803403338.627215,4803403338.627215,300834.SZ,星辉环材,20260724,True,True,True,103163100.0,0.824999752807913,37.72769,38.60136,3892105456.2390003,3982235961.816,3982235961.816001,9.5367431640625e-07,1167631.6368717,1194670.7885448001,78743.41418055003,1991117.9809080006,3888217.239000504,3986222.1840000926,4432163.820505051,7874439.423000596,1.1013,1.1013,,,,,,,,,,5606385489.928506,-0.1432263537253715
20260724,4803403338.627215,4803403338.627215,,SKIP_OCCUPIED,,,0.0,4803403338.627215,4803403338.627215,,,,,,,,,,,,,,,,,,,,,,,,,,,,,,,,,,5606385489.928506,-0.1432263537253715
20260727,4803403338.627215,4803403338.627215,,NO_PLAN,,,0.0,4803403338.627215,4803403338.627215,,,,,,,,,,,,,,,,,,,,,,,,,,,,,,,,,,5606385489.928506,-0.1432263537253715
20260728,4803403338.627215,4803403338.627215,,NO_PLAN,,,0.0,4803403338.627215,4803403338.627215,,,,,,,,,,,,,,,,,,,,,,,,,,,,,,,,,,5606385489.928506,-0.1432263537253715
20260729,4803403338.627215,4803403338.627215,,NO_PLAN,,,0.0,4803403338.627215,4803403338.627215,,,,,,,,,,,,,,,,,,,,,,,,,,,,,,,,,,5606385489.928506,-0.1432263537253715
20260730,4803403338.627215,4803403338.627215,20260729,EXECUTED,OK,E,0.05153203483408064,5050932486.795492,5050932486.795492,300169.SZ,天晟新材,20260731,True,True,True,765734700.0,0.8249998944564058,5.17517,5.50449,3962807247.3989997,4214978998.803,4214978998.803,0.0,1188842.1742196998,1264493.6996409,81777.86246202001,2107489.4994015,3958848.398999751,4219198.197000097,4642603.2357241195,8178046.595999848,3.084,3.084,,,,,,,,,,5606385489.928506,-0.09907506434062507
20260731,5050932486.795492,5050932486.795492,,SKIP_OCCUPIED,,,0.0,5050932486.795492,5050932486.795492,,,,,,,,,,,,,,,,,,,,,,,,,,,,,,,,,,5606385489.928506,-0.09907506434062507
20260803,5050932486.795492,5050932486.795492,20260731,EXECUTED,OK,E,0.0225592136194388,5164877551.742475,5164877551.742475,300364.SZ,中文在线,20260804,True,True,True,167317300.0,0.8249995994438083,24.904879999999995,25.61436,4167017278.4239993,4285725556.4280005,4285725556.4280005,0.0,1250105.1835271998,1285717.6669284,84527.42834852001,2142862.778214,4162854.4239993333,4290015.571999869,4763213.05701812,8452869.995999202,4.982,4.982,,,,,,,,,,5606385489.928506,-0.0787509062620062
20260804,5164877551.742475,5164877551.742475,,SKIP_OCCUPIED,,,0.0,5164877551.742475,5164877551.742475,,,,,,,,,,,,,,,,,,,,,,,,,,,,,,,,,,5606385489.928506,-0.0787509062620062
20260805,5164877551.742475,5164877551.742475,20260804,EXECUTED,OK,C,0.178797642952236,6088345484.130944,6088345484.130944,603990.SH,麦迪科技,20260807,True,True,True,232864700.0,0.8249999036818324,18.29828,22.28769,4261023482.7159996,5190016245.543,5190016245.543001,9.5367431640625e-07,1278307.0448147997,1557004.8736629002,94510.39728259001,2595008.1227715006,4256766.715999345,5195211.456999391,5524830.43853179,9451978.172998738,3.124,3.124,,,,,,,,,,6088345484.130944,0.0
20260806,6088345484.130944,6088345484.130944,,SKIP_OCCUPIED,,,0.0,6088345484.130944,6088345484.130944,,,,,,,,,,,,,,,,,,,,,,,,,,,,,,,,,,6088345484.130944,0.0
20260807,6088345484.130944,6088345484.130944,,SKIP_OCCUPIED,,,0.0,6088345484.130944,6088345484.130944,,,,,,,,,,,,,,,,,,,,,,,,,,,,,,,,,,6088345484.130944,0.0
20260810,6088345484.130944,6088345484.130944,,NO_PLAN,,,0.0,6088345484.130944,6088345484.130944,,,,,,,,,,,,,,,,,,,,,,,,,,,,,,,,,,6088345484.130944,0.0
20260811,6088345484.130944,6088345484.130944,20260810,EXECUTED,OK,A,-0.03717850316864413,5861989912.257381,5861989912.257381,301357.SZ,北方长龙,20260812,True,True,True,45007300.0,0.8249994606858236,111.60148999999998,106.6932,5022881740.876999,4801972860.360001,4801972860.359999,-1.9073486328125e-06,1506864.5222630994,1440591.8581079994,98248.54601236999,2400986.430179999,5017863.876999514,4806779.639999671,5446691.3565634675,9824643.516999185,1.4189,1.4189,,,,,,,,,,6088345484.130944,-0.03717850316864413
20260812,5861989912.257381,5861989912.257381,,SKIP_OCCUPIED,,,0.0,5861989912.257381,5861989912.257381,,,,,,,,,,,,,,,,,,,,,,,,,,,,,,,,,,6088345484.130944,-0.03717850316864413
20260813,5861989912.257381,5861989912.257381,20260812,PLAN_NOT_EXECUTED,LIMIT_UP_UNBUYABLE,C,0.0,5861989912.257381,5861989912.257381,002172.SZ,澳洋健康,nan,False,False,False,,,,,,,,,,,,,,,,,,,,,,,,,,,,6088345484.130944,-0.03717850316864413
20260814,5861989912.257381,5861989912.257381,,NO_PLAN,,,0.0,5861989912.257381,5861989912.257381,,,,,,,,,,,,,,,,,,,,,,,,,,,,,,,,,,6088345484.130944,-0.03717850316864413
20260817,5861989912.257381,5861989912.257381,,NO_PLAN,,,0.0,5861989912.257381,5861989912.257381,,,,,,,,,,,,,,,,,,,,,,,,,,,,,,,,,,6088345484.130944,-0.03717850316864413
20260818,5861989912.257381,5861989912.257381,,NO_PLAN,,,0.0,5861989912.257381,5861989912.257381,,,,,,,,,,,,,,,,,,,,,,,,,,,,,,,,,,6088345484.130944,-0.03717850316864413
20260819,5861989912.257381,5861989912.257381,,NO_PLAN,,,0.0,5861989912.257381,5861989912.257381,,,,,,,,,,,,,,,,,,,,,,,,,,,,,,,,,,6088345484.130944,-0.03717850316864413
20260820,5861989912.257381,5861989912.257381,,NO_PLAN,,,0.0,5861989912.257381,5861989912.257381,,,,,,,,,,,,,,,,,,,,,,,,,,,,,,,,,,6088345484.130944,-0.03717850316864413
20260821,5861989912.257381,5861989912.257381,,NO_PLAN,,,0.0,5861989912.257381,5861989912.257381,,,,,,,,,,,,,,,,,,,,,,,,,,,,,,,,,,6088345484.130944,-0.03717850316864413
20260824,5861989912.257381,5861989912.257381,20260821,EXECUTED,OK,A,-0.049695669729982295,5570674397.617351,5570674397.617351,300016.SZ,北陆药业,20260825,True,True,True,469059200.0,0.8249998963061437,10.3103,9.70029,4836141069.76,4550010267.168,4550010267.168001,9.5367431640625e-07,1450842.320928,1365003.0801504003,93861.51336928003,2275005.1335840006,4831309.759999572,4554564.832000051,5184712.04803168,9385874.591999624,7.5911,7.5911,,,,,,,,,,6088345484.130944,-0.08502656228410244
20260825,5570674397.617351,5570674397.617351,,SKIP_OCCUPIED,,,0.0,5570674397.617351,5570674397.617351,,,,,,,,,,,,,,,,,,,,,,,,,,,,,,,,,,6088345484.130944,-0.08502656228410244
20260826,5570674397.617351,5570674397.617351,,NO_PLAN,,,0.0,5570674397.617351,5570674397.617351,,,,,,,,,,,,,,,,,,,,,,,,,,,,,,,,,,6088345484.130944,-0.08502656228410244
20260827,5570674397.617351,5570674397.617351,20260826,EXECUTED,OK,A,-0.026258452192424397,5424397110.267953,5424397110.267953,301630.SZ,同宇新材,20260828,True,True,True,22520300.0,0.8249997121581337,204.07386999999997,197.802,4595804774.560999,4454560380.599999,4454560380.6,9.5367431640625e-07,1378741.4323682995,1336368.11418,90503.65155161,2227280.1903000004,4591213.560999244,4459019.400000169,5032893.38839991,9050232.960999414,1.4078,1.4078,,,,,,,,,,6088345484.130944,-0.10905234855570356
20260828,5424397110.267953,5424397110.267953,,SKIP_OCCUPIED,,,0.0,5424397110.267953,5424397110.267953,,,,,,,,,,,,,,,,,,,,,,,,,,,,,,,,,,6088345484.130944,-0.10905234855570356
20260831,5424397110.267953,5424397110.267953,,NO_PLAN,,,0.0,5424397110.267953,5424397110.267953,,,,,,,,,,,,,,,,,,,,,,,,,,,,,,,,,,6088345484.130944,-0.10905234855570356
