action_date,cash_before,equity_before,signal_date,status,execution_status,strategy_leg,account_return,cash_after,equity_after,ts_code,name,exit_date,entry_filled,position_opened,outcome_observable,quantity,position_ratio,entry_price,exit_price,buy_gross,raw_sell_gross,adjusted_sell_gross,corporate_action_adjustment,buy_commission,sell_commission,transfer_fee,stamp_tax,buy_slippage,sell_slippage,total_fees,total_slippage,buy_adj_factor,sell_adj_factor,peak_equity,drawdown
20230901,500000.0,500000.0,,NO_PLAN,,,0.0,500000.0,500000.0,,,,,,,,,,,,,,,,,,,,,,,,,500000.0,0.0
20230904,500000.0,500000.0,,NO_PLAN,,,0.0,500000.0,500000.0,,,,,,,,,,,,,,,,,,,,,,,,,500000.0,0.0
20230905,500000.0,500000.0,,NO_PLAN,,,0.0,500000.0,500000.0,,,,,,,,,,,,,,,,,,,,,,,,,500000.0,0.0
20230906,500000.0,500000.0,,NO_PLAN,,,0.0,500000.0,500000.0,,,,,,,,,,,,,,,,,,,,,,,,,500000.0,0.0
20230907,500000.0,500000.0,,NO_PLAN,,,0.0,500000.0,500000.0,,,,,,,,,,,,,,,,,,,,,,,,,500000.0,0.0
20230908,500000.0,500000.0,,NO_PLAN,,,0.0,500000.0,500000.0,,,,,,,,,,,,,,,,,,,,,,,,,500000.0,0.0
20230911,500000.0,500000.0,,NO_PLAN,,,0.0,500000.0,500000.0,,,,,,,,,,,,,,,,,,,,,,,,,500000.0,0.0
20230912,500000.0,500000.0,,NO_PLAN,,,0.0,500000.0,500000.0,,,,,,,,,,,,,,,,,,,,,,,,,500000.0,0.0
20230913,500000.0,500000.0,,NO_PLAN,,,0.0,500000.0,500000.0,,,,,,,,,,,,,,,,,,,,,,,,,500000.0,0.0
20230914,500000.0,500000.0,,NO_PLAN,,,0.0,500000.0,500000.0,,,,,,,,,,,,,,,,,,,,,,,,,500000.0,0.0
20230915,500000.0,500000.0,,NO_PLAN,,,0.0,500000.0,500000.0,,,,,,,,,,,,,,,,,,,,,,,,,500000.0,0.0
20230918,500000.0,500000.0,,NO_PLAN,,,0.0,500000.0,500000.0,,,,,,,,,,,,,,,,,,,,,,,,,500000.0,0.0
20230919,500000.0,500000.0,,NO_PLAN,,,0.0,500000.0,500000.0,,,,,,,,,,,,,,,,,,,,,,,,,500000.0,0.0
20230920,500000.0,500000.0,,NO_PLAN,,,0.0,500000.0,500000.0,,,,,,,,,,,,,,,,,,,,,,,,,500000.0,0.0
20230921,500000.0,500000.0,,NO_PLAN,,,0.0,500000.0,500000.0,,,,,,,,,,,,,,,,,,,,,,,,,500000.0,0.0
20230922,500000.0,500000.0,,NO_PLAN,,,0.0,500000.0,500000.0,,,,,,,,,,,,,,,,,,,,,,,,,500000.0,0.0
20230925,500000.0,500000.0,,NO_PLAN,,,0.0,500000.0,500000.0,,,,,,,,,,,,,,,,,,,,,,,,,500000.0,0.0
20230926,500000.0,500000.0,,NO_PLAN,,,0.0,500000.0,500000.0,,,,,,,,,,,,,,,,,,,,,,,,,500000.0,0.0
20230927,500000.0,500000.0,20230926,EXECUTED,OK,A,-0.05096752329395993,474516.23835302005,474516.23835302005,301251.SZ,威尔高,20230928,True,True,True,7800.0,0.8148220079999999,52.23217999999999,49.02093,407411.00399999996,382363.254,382363.254,0.0,122.22330119999998,114.7089762,7.897742580000001,191.18162700000002,407.00399999994374,382.74600000000305,436.01164698,789.7499999999468,1.0,1.0,500000.0,-0.05096752329395993
20230928,474516.23835302005,474516.23835302005,,SKIP_OCCUPIED,,,0.0,474516.23835302005,474516.23835302005,,,,,,,,,,,,,,,,,,,,,,,,,500000.0,-0.05096752329395993
20231009,474516.23835302005,474516.23835302005,,NO_PLAN,,,0.0,474516.23835302005,474516.23835302005,,,,,,,,,,,,,,,,,,,,,,,,,500000.0,-0.05096752329395993
20231010,474516.23835302005,474516.23835302005,,NO_PLAN,,,0.0,474516.23835302005,474516.23835302005,,,,,,,,,,,,,,,,,,,,,,,,,500000.0,-0.05096752329395993
20231011,474516.23835302005,474516.23835302005,,NO_PLAN,,,0.0,474516.23835302005,474516.23835302005,,,,,,,,,,,,,,,,,,,,,,,,,500000.0,-0.05096752329395993
20231012,474516.23835302005,474516.23835302005,20231011,EXECUTED,OK,C,0.19143868056559188,565357.0009302701,565357.0009302701,002947.SZ,恒铭达,20231013,True,True,True,17500.0,0.8232389503799871,22.3223,27.54243,390640.25,481992.52499999997,481992.525,5.820766091346741e-11,117.19207499999999,144.5977575,8.726327750000001,240.99626250000003,390.2499999999609,482.4750000000133,511.51242275000004,872.7249999999742,1.774,1.774,565357.0009302701,0.0
20231013,565357.0009302701,565357.0009302701,,SKIP_OCCUPIED,,,0.0,565357.0009302701,565357.0009302701,,,,,,,,,,,,,,,,,,,,,,,,,565357.0009302701,0.0
20231016,565357.0009302701,565357.0009302701,,NO_PLAN,,,0.0,565357.0009302701,565357.0009302701,,,,,,,,,,,,,,,,,,,,,,,,,565357.0009302701,0.0
20231017,565357.0009302701,565357.0009302701,20231016,EXECUTED,OK,C,0.02283798409817961,578268.61512731,578268.61512731,603186.SH,华正新材,20231019,True,True,True,11600.0,0.8209249221930889,40.00997,41.16879,464115.65200000006,477557.96400000004,477557.96400000004,0.0,139.2346956,143.2673892,9.416736160000003,238.778982,463.6520000000445,478.0359999999945,530.69780296,941.688000000039,1.06,1.06,578268.61512731,0.0
20231018,578268.61512731,578268.61512731,,SKIP_OCCUPIED,,,0.0,578268.61512731,578268.61512731,,,,,,,,,,,,,,,,,,,,,,,,,578268.61512731,0.0
20231019,578268.61512731,578268.61512731,,SKIP_OCCUPIED,,,0.0,578268.61512731,578268.61512731,,,,,,,,,,,,,,,,,,,,,,,,,578268.61512731,0.0
20231020,578268.61512731,578268.61512731,,NO_PLAN,,,0.0,578268.61512731,578268.61512731,,,,,,,,,,,,,,,,,,,,,,,,,578268.61512731,0.0
20231023,578268.61512731,578268.61512731,,NO_PLAN,,,0.0,578268.61512731,578268.61512731,,,,,,,,,,,,,,,,,,,,,,,,,578268.61512731,0.0
20231024,578268.61512731,578268.61512731,,NO_PLAN,,,0.0,578268.61512731,578268.61512731,,,,,,,,,,,,,,,,,,,,,,,,,578268.61512731,0.0
20231025,578268.61512731,578268.61512731,,NO_PLAN,,,0.0,578268.61512731,578268.61512731,,,,,,,,,,,,,,,,,,,,,,,,,578268.61512731,0.0
20231026,578268.61512731,578268.61512731,,NO_PLAN,,,0.0,578268.61512731,578268.61512731,,,,,,,,,,,,,,,,,,,,,,,,,578268.61512731,0.0
20231027,578268.61512731,578268.61512731,,NO_PLAN,,,0.0,578268.61512731,578268.61512731,,,,,,,,,,,,,,,,,,,,,,,,,578268.61512731,0.0
20231030,578268.61512731,578268.61512731,,NO_PLAN,,,0.0,578268.61512731,578268.61512731,,,,,,,,,,,,,,,,,,,,,,,,,578268.61512731,0.0
20231031,578268.61512731,578268.61512731,,NO_PLAN,,,0.0,578268.61512731,578268.61512731,,,,,,,,,,,,,,,,,,,,,,,,,578268.61512731,0.0
20231101,578268.61512731,578268.61512731,20231031,EXECUTED,OK,A,0.048691719448687554,606425.5083010701,606425.5083010701,300269.SZ,联建光电,20231102,True,True,True,102400.0,0.8242469806096343,4.65465,4.93506,476636.16000000003,505350.144,505350.14400000003,5.820766091346741e-11,142.990848,151.60504319999998,9.819863040000001,252.67507200000003,476.15999999998166,505.8560000000398,557.09082624,982.0160000000214,4.233,4.233,606425.5083010701,0.0
20231102,606425.5083010701,606425.5083010701,,SKIP_OCCUPIED,,,0.0,606425.5083010701,606425.5083010701,,,,,,,,,,,,,,,,,,,,,,,,,606425.5083010701,0.0
20231103,606425.5083010701,606425.5083010701,20231102,EXECUTED,OK,A,0.03211143121478344,625898.6992977699,625898.6992977699,301091.SZ,深城交,20231106,True,True,True,21500.0,0.8247668561984158,23.263239999999996,24.19578,500159.6599999999,520209.26999999996,520209.2699999999,-5.820766091346741e-11,150.04789799999998,156.06278099999994,10.203689299999999,260.104635,499.6599999999507,520.7299999999932,576.4190032999998,1020.3899999999439,1.976,1.976,625898.6992977699,0.0
20231106,625898.6992977699,625898.6992977699,,SKIP_OCCUPIED,,,0.0,625898.6992977699,625898.6992977699,,,,,,,,,,,,,,,,,,,,,,,,,625898.6992977699,0.0
20231107,625898.6992977699,625898.6992977699,20231107,EXECUTED,OK,D,0.015578550681299985,635649.2939061399,635649.2939061399,300951.SZ,博硕科技,20231109,True,True,True,7700.0,0.819333864370322,66.6,67.94199,512819.99999999994,523153.32300000003,523153.323,-5.820766091346741e-11,153.84599999999998,156.94599689999998,10.35973323,261.5766615,0.0,523.6770000000079,582.72839163,523.6770000000079,1.595,1.595,635649.2939061399,0.0
20231108,635649.2939061399,635649.2939061399,,SKIP_OCCUPIED,,,0.0,635649.2939061399,635649.2939061399,,,,,,,,,,,,,,,,,,,,,,,,,635649.2939061399,0.0
20231109,635649.2939061399,635649.2939061399,,SKIP_OCCUPIED,,,0.0,635649.2939061399,635649.2939061399,,,,,,,,,,,,,,,,,,,,,,,,,635649.2939061399,0.0
20231110,635649.2939061399,635649.2939061399,,NO_PLAN,,,0.0,635649.2939061399,635649.2939061399,,,,,,,,,,,,,,,,,,,,,,,,,635649.2939061399,0.0
20231113,635649.2939061399,635649.2939061399,,NO_PLAN,,,0.0,635649.2939061399,635649.2939061399,,,,,,,,,,,,,,,,,,,,,,,,,635649.2939061399,0.0
20231114,635649.2939061399,635649.2939061399,,NO_PLAN,,,0.0,635649.2939061399,635649.2939061399,,,,,,,,,,,,,,,,,,,,,,,,,635649.2939061399,0.0
20231115,635649.2939061399,635649.2939061399,,NO_PLAN,,,0.0,635649.2939061399,635649.2939061399,,,,,,,,,,,,,,,,,,,,,,,,,635649.2939061399,0.0
20231116,635649.2939061399,635649.2939061399,,NO_PLAN,,,0.0,635649.2939061399,635649.2939061399,,,,,,,,,,,,,,,,,,,,,,,,,635649.2939061399,0.0
20231117,635649.2939061399,635649.2939061399,20231116,EXECUTED,OK,A,-0.003923568341268613,633155.2804604201,633155.2804604201,300637.SZ,扬帆新材,20231120,True,True,True,43100.0,0.8246507469217795,12.16215,12.11787,524188.66500000004,522280.197,522280.19700000016,1.7462298274040222e-10,157.2565995,156.68405910000004,10.464688620000002,261.1400985000001,523.6650000000045,522.8030000000372,585.5454457200001,1046.4680000000417,1.983,1.983,635649.2939061399,-0.003923568341268613
20231120,633155.2804604201,633155.2804604201,,SKIP_OCCUPIED,,,0.0,633155.2804604201,633155.2804604201,,,,,,,,,,,,,,,,,,,,,,,,,635649.2939061399,-0.003923568341268613
20231121,633155.2804604201,633155.2804604201,20231120,EXECUTED,OK,E,0.04669594267204147,662721.0631393002,662721.0631393002,300210.SZ,森远股份,20231122,True,True,True,50400.0,0.8239007903727179,10.35034,10.94904,521657.13599999994,551831.616,551831.616,0.0,156.49714079999998,165.5494848,10.734887520000001,275.915808,521.1359999999672,552.3840000000376,608.69732112,1073.520000000005,5.977,5.977,662721.0631393002,0.0
20231122,662721.0631393002,662721.0631393002,,SKIP_OCCUPIED,,,0.0,662721.0631393002,662721.0631393002,,,,,,,,,,,,,,,,,,,,,,,,,662721.0631393002,0.0
20231123,662721.0631393002,662721.0631393002,,NO_PLAN,,,0.0,662721.0631393002,662721.0631393002,,,,,,,,,,,,,,,,,,,,,,,,,662721.0631393002,0.0
20231124,662721.0631393002,662721.0631393002,,NO_PLAN,,,0.0,662721.0631393002,662721.0631393002,,,,,,,,,,,,,,,,,,,,,,,,,662721.0631393002,0.0
20231127,662721.0631393002,662721.0631393002,20231124,EXECUTED,OK,A,-0.07238504039363314,614749.9722142505,614749.9722142505,300697.SZ,电工合金,20231128,True,True,True,36500.0,0.8231063947417362,14.944929999999998,13.64634,545489.945,498091.41000000003,498091.41000000015,1.1641532182693481e-10,163.64698349999998,149.42742300000003,10.435813550000002,249.04570500000008,544.944999999923,498.5899999999921,572.5559250500002,1043.534999999915,2.286,2.286,662721.0631393002,-0.07238504039363314
20231128,614749.9722142505,614749.9722142505,,SKIP_OCCUPIED,,,0.0,614749.9722142505,614749.9722142505,,,,,,,,,,,,,,,,,,,,,,,,,662721.0631393002,-0.07238504039363314
20231129,614749.9722142505,614749.9722142505,,NO_PLAN,,,0.0,614749.9722142505,614749.9722142505,,,,,,,,,,,,,,,,,,,,,,,,,662721.0631393002,-0.07238504039363314
20231130,614749.9722142505,614749.9722142505,20231129,EXECUTED,OK,A,0.021723412966574207,628104.4397318506,628104.4397318506,300351.SZ,永贵电器,20231201,True,True,True,22000.0,0.8239219567194617,23.022999999999996,23.65632,506505.99999999994,520439.04000000004,520439.0400000001,5.820766091346741e-11,151.95179999999996,156.13171200000002,10.2694504,260.21952000000005,505.99999999991496,520.9599999999739,578.5724824000001,1026.9599999998889,4.49,4.49,662721.0631393002,-0.05223407755213205
20231201,628104.4397318506,628104.4397318506,,SKIP_OCCUPIED,,,0.0,628104.4397318506,628104.4397318506,,,,,,,,,,,,,,,,,,,,,,,,,662721.0631393002,-0.05223407755213205
20231204,628104.4397318506,628104.4397318506,20231201,EXECUTED,OK,A,-0.06508961634056232,587221.3627279006,587221.3627279006,300418.SZ,昆仑万维,20231205,True,True,True,12900.0,0.8221353621070646,40.02999,36.90306,516386.871,476049.47400000005,476049.474,-5.820766091346741e-11,154.9160613,142.8148422,9.924363450000001,238.024737,515.870999999948,476.52599999992515,545.6800039499999,992.3969999998732,4.042,4.042,662721.0631393002,-0.1139237978249229
20231205,587221.3627279006,587221.3627279006,,SKIP_OCCUPIED,,,0.0,587221.3627279006,587221.3627279006,,,,,,,,,,,,,,,,,,,,,,,,,662721.0631393002,-0.1139237978249229
20231206,587221.3627279006,587221.3627279006,20231205,EXECUTED,OK,A,-0.028369421015000063,570562.2326596708,570562.2326596708,300560.SZ,中富通,20231207,True,True,True,24100.0,0.8216356396822138,20.019999999999996,19.35063,482481.9999999999,466350.18299999996,466350.183,5.820766091346741e-11,144.74459999999996,139.90505489999998,9.48832183,233.1750915,481.9999999999041,466.8170000000508,527.31306823,948.816999999955,2.772,2.772,662721.0631393002,-0.1390612666558
20231207,570562.2326596708,570562.2326596708,,SKIP_OCCUPIED,,,0.0,570562.2326596708,570562.2326596708,,,,,,,,,,,,,,,,,,,,,,,,,662721.0631393002,-0.1390612666558
20231208,570562.2326596708,570562.2326596708,,NO_PLAN,,,0.0,570562.2326596708,570562.2326596708,,,,,,,,,,,,,,,,,,,,,,,,,662721.0631393002,-0.1390612666558
20231211,570562.2326596708,570562.2326596708,,NO_PLAN,,,0.0,570562.2326596708,570562.2326596708,,,,,,,,,,,,,,,,,,,,,,,,,662721.0631393002,-0.1390612666558
20231212,570562.2326596708,570562.2326596708,,NO_PLAN,,,0.0,570562.2326596708,570562.2326596708,,,,,,,,,,,,,,,,,,,,,,,,,662721.0631393002,-0.1390612666558
20231213,570562.2326596708,570562.2326596708,,NO_PLAN,,,0.0,570562.2326596708,570562.2326596708,,,,,,,,,,,,,,,,,,,,,,,,,662721.0631393002,-0.1390612666558
20231214,570562.2326596708,570562.2326596708,,NO_PLAN,,,0.0,570562.2326596708,570562.2326596708,,,,,,,,,,,,,,,,,,,,,,,,,662721.0631393002,-0.1390612666558
20231215,570562.2326596708,570562.2326596708,,NO_PLAN,,,0.0,570562.2326596708,570562.2326596708,,,,,,,,,,,,,,,,,,,,,,,,,662721.0631393002,-0.1390612666558
20231218,570562.2326596708,570562.2326596708,20231215,EXECUTED,OK,A,0.1137801756302419,635480.903699671,635480.903699671,300781.SZ,因赛集团,20231219,True,True,True,9500.0,0.8216778524134122,49.34929999999999,56.2437,468818.3499999999,534315.15,534315.15,0.0,140.64550499999996,160.294545,10.031334999999999,267.157575,468.3499999999548,534.8500000000023,578.1289599999999,1003.1999999999571,1.344,1.344,662721.0631393002,-0.04110350636901883
20231219,635480.903699671,635480.903699671,,SKIP_OCCUPIED,,,0.0,635480.903699671,635480.903699671,,,,,,,,,,,,,,,,,,,,,,,,,662721.0631393002,-0.04110350636901883
20231220,635480.903699671,635480.903699671,,NO_PLAN,,,0.0,635480.903699671,635480.903699671,,,,,,,,,,,,,,,,,,,,,,,,,662721.0631393002,-0.04110350636901883
20231221,635480.903699671,635480.903699671,,NO_PLAN,,,0.0,635480.903699671,635480.903699671,,,,,,,,,,,,,,,,,,,,,,,,,662721.0631393002,-0.04110350636901883
20231222,635480.903699671,635480.903699671,20231221,EXECUTED,OK,A,0.3135347259664685,834726.2346980711,834726.2346980711,300530.SZ,领湃科技,20231225,True,True,True,25800.0,0.8233618114310471,20.28026,28.03194,523230.708,723224.052,723224.052,0.0,156.96921239999998,216.96721559999997,12.464547600000001,361.612026,522.7079999999183,723.9479999999993,748.0130016,1246.6559999999176,2.407,2.407,834726.2346980711,0.0
20231225,834726.2346980711,834726.2346980711,,SKIP_OCCUPIED,,,0.0,834726.2346980711,834726.2346980711,,,,,,,,,,,,,,,,,,,,,,,,,834726.2346980711,0.0
20231226,834726.2346980711,834726.2346980711,,NO_PLAN,,,0.0,834726.2346980711,834726.2346980711,,,,,,,,,,,,,,,,,,,,,,,,,834726.2346980711,0.0
20231227,834726.2346980711,834726.2346980711,20231226,EXECUTED,OK,A,0.01619003856536061,848240.4846293512,848240.4846293512,300505.SZ,川金诺,20231228,True,True,True,42400.0,0.8247203686475801,16.236219999999996,16.57341,688415.7279999998,702712.5839999999,702712.5839999999,0.0,206.52471839999993,210.81377519999995,13.911283119999998,351.35629199999994,687.7279999998734,703.4160000000327,782.6060687199998,1391.143999999906,2.008,2.008,848240.4846293512,0.0
20231228,848240.4846293512,848240.4846293512,,SKIP_OCCUPIED,,,0.0,848240.4846293512,848240.4846293512,,,,,,,,,,,,,,,,,,,,,,,,,848240.4846293512,0.0
20231229,848240.4846293512,848240.4846293512,20231228,EXECUTED,OK,A,-0.03754552421128088,816392.8509767113,816392.8509767113,300751.SZ,迈为股份,20240102,True,True,True,5200.0,0.8161501514544015,133.13299999999998,127.15272,692291.5999999999,661194.144,661194.144,0.0,207.68747999999994,198.35824319999998,13.53485744,330.59707199999997,691.599999999903,661.8559999999945,750.1776526399999,1353.4559999998976,4.696,4.696,848240.4846293512,-0.03754552421128088
20240102,816392.8509767113,816392.8509767113,,SKIP_OCCUPIED,,,0.0,816392.8509767113,816392.8509767113,,,,,,,,,,,,,,,,,,,,,,,,,848240.4846293512,-0.03754552421128088
20240103,816392.8509767113,816392.8509767113,20240102,EXECUTED,OK,A,-0.07158756511520104,757949.2745978313,757949.2745978313,300478.SZ,杭州高新,20240104,True,True,True,44800.0,0.8245055639508554,15.025009999999998,13.73625,673120.448,615384.0,615384.0000000001,1.1641532182693481e-10,201.9361344,184.61520000000002,12.885044480000001,307.69200000000006,672.4479999999289,615.9999999999968,707.12837888,1288.4479999999257,1.929,1.929,848240.4846293512,-0.10644529666722247
20240104,757949.2745978313,757949.2745978313,,SKIP_OCCUPIED,,,0.0,757949.2745978313,757949.2745978313,,,,,,,,,,,,,,,,,,,,,,,,,848240.4846293512,-0.10644529666722247
20240105,757949.2745978313,757949.2745978313,,NO_PLAN,,,0.0,757949.2745978313,757949.2745978313,,,,,,,,,,,,,,,,,,,,,,,,,848240.4846293512,-0.10644529666722247
20240108,757949.2745978313,757949.2745978313,,NO_PLAN,,,0.0,757949.2745978313,757949.2745978313,,,,,,,,,,,,,,,,,,,,,,,,,848240.4846293512,-0.10644529666722247
20240109,757949.2745978313,757949.2745978313,,NO_PLAN,,,0.0,757949.2745978313,757949.2745978313,,,,,,,,,,,,,,,,,,,,,,,,,848240.4846293512,-0.10644529666722247
20240110,757949.2745978313,757949.2745978313,,NO_PLAN,,,0.0,757949.2745978313,757949.2745978313,,,,,,,,,,,,,,,,,,,,,,,,,848240.4846293512,-0.10644529666722247
20240111,757949.2745978313,757949.2745978313,,NO_PLAN,,,0.0,757949.2745978313,757949.2745978313,,,,,,,,,,,,,,,,,,,,,,,,,848240.4846293512,-0.10644529666722247
20240112,757949.2745978313,757949.2745978313,,NO_PLAN,,,0.0,757949.2745978313,757949.2745978313,,,,,,,,,,,,,,,,,,,,,,,,,848240.4846293512,-0.10644529666722247
20240115,757949.2745978313,757949.2745978313,20240112,EXECUTED,OK,A,-0.04207511704921307,726058.4701517614,726058.4701517614,300197.SZ,节能铁汉,20240116,True,True,True,272700.0,0.8247352480569135,2.29229,2.17782,625107.483,593891.514,593891.5140000001,1.1641532182693481e-10,187.5322449,178.1674542,12.189989970000003,296.94575700000007,624.4829999999736,594.4860000000193,674.83544607,1218.9689999999928,31.695,31.695,848240.4846293512,-0.1440417153998239
20240116,726058.4701517614,726058.4701517614,,SKIP_OCCUPIED,,,0.0,726058.4701517614,726058.4701517614,,,,,,,,,,,,,,,,,,,,,,,,,848240.4846293512,-0.1440417153998239
20240117,726058.4701517614,726058.4701517614,,NO_PLAN,,,0.0,726058.4701517614,726058.4701517614,,,,,,,,,,,,,,,,,,,,,,,,,848240.4846293512,-0.1440417153998239
20240118,726058.4701517614,726058.4701517614,,NO_PLAN,,,0.0,726058.4701517614,726058.4701517614,,,,,,,,,,,,,,,,,,,,,,,,,848240.4846293512,-0.1440417153998239
20240119,726058.4701517614,726058.4701517614,,NO_PLAN,,,0.0,726058.4701517614,726058.4701517614,,,,,,,,,,,,,,,,,,,,,,,,,848240.4846293512,-0.1440417153998239
20240122,726058.4701517614,726058.4701517614,,NO_PLAN,,,0.0,726058.4701517614,726058.4701517614,,,,,,,,,,,,,,,,,,,,,,,,,848240.4846293512,-0.1440417153998239
20240123,726058.4701517614,726058.4701517614,,NO_PLAN,,,0.0,726058.4701517614,726058.4701517614,,,,,,,,,,,,,,,,,,,,,,,,,848240.4846293512,-0.1440417153998239
20240124,726058.4701517614,726058.4701517614,,NO_PLAN,,,0.0,726058.4701517614,726058.4701517614,,,,,,,,,,,,,,,,,,,,,,,,,848240.4846293512,-0.1440417153998239
20240125,726058.4701517614,726058.4701517614,,NO_PLAN,,,0.0,726058.4701517614,726058.4701517614,,,,,,,,,,,,,,,,,,,,,,,,,848240.4846293512,-0.1440417153998239
20240126,726058.4701517614,726058.4701517614,,NO_PLAN,,,0.0,726058.4701517614,726058.4701517614,,,,,,,,,,,,,,,,,,,,,,,,,848240.4846293512,-0.1440417153998239
20240129,726058.4701517614,726058.4701517614,,NO_PLAN,,,0.0,726058.4701517614,726058.4701517614,,,,,,,,,,,,,,,,,,,,,,,,,848240.4846293512,-0.1440417153998239
20240130,726058.4701517614,726058.4701517614,,NO_PLAN,,,0.0,726058.4701517614,726058.4701517614,,,,,,,,,,,,,,,,,,,,,,,,,848240.4846293512,-0.1440417153998239
20240131,726058.4701517614,726058.4701517614,,NO_PLAN,,,0.0,726058.4701517614,726058.4701517614,,,,,,,,,,,,,,,,,,,,,,,,,848240.4846293512,-0.1440417153998239
20240201,726058.4701517614,726058.4701517614,,NO_PLAN,,,0.0,726058.4701517614,726058.4701517614,,,,,,,,,,,,,,,,,,,,,,,,,848240.4846293512,-0.1440417153998239
20240202,726058.4701517614,726058.4701517614,,NO_PLAN,,,0.0,726058.4701517614,726058.4701517614,,,,,,,,,,,,,,,,,,,,,,,,,848240.4846293512,-0.1440417153998239
20240205,726058.4701517614,726058.4701517614,,NO_PLAN,,,0.0,726058.4701517614,726058.4701517614,,,,,,,,,,,,,,,,,,,,,,,,,848240.4846293512,-0.1440417153998239
20240206,726058.4701517614,726058.4701517614,,NO_PLAN,,,0.0,726058.4701517614,726058.4701517614,,,,,,,,,,,,,,,,,,,,,,,,,848240.4846293512,-0.1440417153998239
20240207,726058.4701517614,726058.4701517614,,NO_PLAN,,,0.0,726058.4701517614,726058.4701517614,,,,,,,,,,,,,,,,,,,,,,,,,848240.4846293512,-0.1440417153998239
20240208,726058.4701517614,726058.4701517614,20240208,EXECUTED,OK,D,0.16981448960319678,849353.7186826606,849353.7186826606,688683.SH,莱尔科技,20240220,True,True,True,44568.0,0.8249940529924507,13.44,16.22376,598993.9199999999,723060.53568,723060.5356799999,-1.1641532182693481e-10,179.69817599999996,216.91816070399994,13.220544556799998,361.5302678399999,0.0,723.7843199999916,771.3671491007998,723.7843199999916,1.022,1.022,849353.7186826606,0.0
20240219,849353.7186826606,849353.7186826606,,SKIP_OCCUPIED,,,0.0,849353.7186826606,849353.7186826606,,,,,,,,,,,,,,,,,,,,,,,,,849353.7186826606,0.0
20240220,849353.7186826606,849353.7186826606,,SKIP_OCCUPIED,,,0.0,849353.7186826606,849353.7186826606,,,,,,,,,,,,,,,,,,,,,,,,,849353.7186826606,0.0
20240221,849353.7186826606,849353.7186826606,,NO_PLAN,,,0.0,849353.7186826606,849353.7186826606,,,,,,,,,,,,,,,,,,,,,,,,,849353.7186826606,0.0
20240222,849353.7186826606,849353.7186826606,20240221,EXECUTED,OK,C,0.07544008910158206,913429.0388988405,913429.0388988405,000702.SZ,正虹科技,20240226,True,True,True,179400.0,0.8245794944964167,3.9038999999999993,4.26573,700359.6599999999,765271.9619999999,765271.9619999998,-1.1641532182693481e-10,210.10789799999995,229.58158859999992,14.656316219999999,382.6359809999999,699.6599999998831,766.0379999999993,836.9817838199998,1465.6979999998825,2.553,2.553,913429.0388988405,0.0
20240223,913429.0388988405,913429.0388988405,,SKIP_OCCUPIED,,,0.0,913429.0388988405,913429.0388988405,,,,,,,,,,,,,,,,,,,,,,,,,913429.0388988405,0.0
20240226,913429.0388988405,913429.0388988405,,SKIP_OCCUPIED,,,0.0,913429.0388988405,913429.0388988405,,,,,,,,,,,,,,,,,,,,,,,,,913429.0388988405,0.0
20240227,913429.0388988405,913429.0388988405,,NO_PLAN,,,0.0,913429.0388988405,913429.0388988405,,,,,,,,,,,,,,,,,,,,,,,,,913429.0388988405,0.0
20240228,913429.0388988405,913429.0388988405,,NO_PLAN,,,0.0,913429.0388988405,913429.0388988405,,,,,,,,,,,,,,,,,,,,,,,,,913429.0388988405,0.0
20240229,913429.0388988405,913429.0388988405,20240228,EXECUTED,OK,A,0.019567736672842395,931302.7778013406,931302.7778013406,301138.SZ,华研精机,20240301,True,True,True,25000.0,0.8219029262580114,30.03,30.77919,750750.0,769479.75,769479.7500000001,1.1641532182693481e-10,225.225,230.843925,15.202297500000002,384.73987500000004,750.0000000000284,770.2499999999724,856.0110975,1520.250000000001,1.0544,1.0544,931302.7778013406,0.0
20240301,931302.7778013406,931302.7778013406,,SKIP_OCCUPIED,,,0.0,931302.7778013406,931302.7778013406,,,,,,,,,,,,,,,,,,,,,,,,,931302.7778013406,0.0
20240304,931302.7778013406,931302.7778013406,,NO_PLAN,,,0.0,931302.7778013406,931302.7778013406,,,,,,,,,,,,,,,,,,,,,,,,,931302.7778013406,0.0
20240305,931302.7778013406,931302.7778013406,,NO_PLAN,,,0.0,931302.7778013406,931302.7778013406,,,,,,,,,,,,,,,,,,,,,,,,,931302.7778013406,0.0
20240306,931302.7778013406,931302.7778013406,,NO_PLAN,,,0.0,931302.7778013406,931302.7778013406,,,,,,,,,,,,,,,,,,,,,,,,,931302.7778013406,0.0
20240307,931302.7778013406,931302.7778013406,,NO_PLAN,,,0.0,931302.7778013406,931302.7778013406,,,,,,,,,,,,,,,,,,,,,,,,,931302.7778013406,0.0
20240308,931302.7778013406,931302.7778013406,,NO_PLAN,,,0.0,931302.7778013406,931302.7778013406,,,,,,,,,,,,,,,,,,,,,,,,,931302.7778013406,0.0
20240311,931302.7778013406,931302.7778013406,20240308,EXECUTED,OK,A,-0.02930961845258495,904006.6487201508,904006.6487201508,300810.SZ,中科海讯,20240312,True,True,True,40900.0,0.8242667082044807,18.768749999999997,18.12186,767641.8749999999,741184.074,741184.0740000001,1.1641532182693481e-10,230.29256249999995,222.35522220000001,15.088259490000002,370.59203700000006,766.8749999998838,741.9259999999564,838.32808119,1508.8009999998403,1.508,1.508,931302.7778013406,-0.02930961845258495
20240312,904006.6487201508,904006.6487201508,,SKIP_OCCUPIED,,,0.0,904006.6487201508,904006.6487201508,,,,,,,,,,,,,,,,,,,,,,,,,931302.7778013406,-0.02930961845258495
20240313,904006.6487201508,904006.6487201508,,NO_PLAN,,,0.0,904006.6487201508,904006.6487201508,,,,,,,,,,,,,,,,,,,,,,,,,931302.7778013406,-0.02930961845258495
20240314,904006.6487201508,904006.6487201508,20240314,EXECUTED,OK,D,0.009549563499540614,912639.5176161107,912639.5176161107,300347.SZ,泰格医药,20240318,True,True,True,14200.0,0.8208921926078954,52.26,52.92702,742092.0,751563.684,751563.684,0.0,222.62759999999997,225.46910519999997,14.936556840000002,375.78184200000004,0.0,752.3159999999721,838.81510404,752.3159999999721,12.616,12.616,931302.7778013406,-0.020039949015604575
20240315,912639.5176161107,912639.5176161107,,SKIP_OCCUPIED,,,0.0,912639.5176161107,912639.5176161107,,,,,,,,,,,,,,,,,,,,,,,,,931302.7778013406,-0.020039949015604575
20240318,912639.5176161107,912639.5176161107,,SKIP_OCCUPIED,,,0.0,912639.5176161107,912639.5176161107,,,,,,,,,,,,,,,,,,,,,,,,,931302.7778013406,-0.020039949015604575
20240319,912639.5176161107,912639.5176161107,,NO_PLAN,,,0.0,912639.5176161107,912639.5176161107,,,,,,,,,,,,,,,,,,,,,,,,,931302.7778013406,-0.020039949015604575
20240320,912639.5176161107,912639.5176161107,20240319,EXECUTED,OK,A,0.06018803768639325,967569.4992964809,967569.4992964809,300913.SZ,兆龙互连,20240321,True,True,True,18100.0,0.8238752930226245,41.54149999999999,44.62533,751901.1499999999,807718.473,807718.473,0.0,225.57034499999995,242.31554189999997,15.59619623,403.8592365,751.149999999857,808.527000000064,887.3413196299999,1559.676999999921,2.126,2.126,967569.4992964809,0.0
20240321,967569.4992964809,967569.4992964809,,SKIP_OCCUPIED,,,0.0,967569.4992964809,967569.4992964809,,,,,,,,,,,,,,,,,,,,,,,,,967569.4992964809,0.0
20240322,967569.4992964809,967569.4992964809,,NO_PLAN,,,0.0,967569.4992964809,967569.4992964809,,,,,,,,,,,,,,,,,,,,,,,,,967569.4992964809,0.0
20240325,967569.4992964809,967569.4992964809,,NO_PLAN,,,0.0,967569.4992964809,967569.4992964809,,,,,,,,,,,,,,,,,,,,,,,,,967569.4992964809,0.0
20240326,967569.4992964809,967569.4992964809,,NO_PLAN,,,0.0,967569.4992964809,967569.4992964809,,,,,,,,,,,,,,,,,,,,,,,,,967569.4992964809,0.0
20240327,967569.4992964809,967569.4992964809,,NO_PLAN,,,0.0,967569.4992964809,967569.4992964809,,,,,,,,,,,,,,,,,,,,,,,,,967569.4992964809,0.0
20240328,967569.4992964809,967569.4992964809,20240327,EXECUTED,OK,A,0.04647931441342368,1012541.4662711209,1012541.4662711209,300261.SZ,雅本化学,20240329,True,True,True,113200.0,0.824462665038558,7.047039999999999,7.45254,797724.9279999998,843627.528,843627.5279999998,-2.3283064365386963e-10,239.31747839999994,253.08825839999992,16.41352456,421.81376399999994,796.9279999998921,844.4720000000025,930.6330253599999,1641.3999999998946,9.306,9.306,1012541.4662711209,0.0
20240329,1012541.4662711209,1012541.4662711209,,SKIP_OCCUPIED,,,0.0,1012541.4662711209,1012541.4662711209,,,,,,,,,,,,,,,,,,,,,,,,,1012541.4662711209,0.0
20240401,1012541.4662711209,1012541.4662711209,,NO_PLAN,,,0.0,1012541.4662711209,1012541.4662711209,,,,,,,,,,,,,,,,,,,,,,,,,1012541.4662711209,0.0
20240402,1012541.4662711209,1012541.4662711209,,NO_PLAN,,,0.0,1012541.4662711209,1012541.4662711209,,,,,,,,,,,,,,,,,,,,,,,,,1012541.4662711209,0.0
20240403,1012541.4662711209,1012541.4662711209,,NO_PLAN,,,0.0,1012541.4662711209,1012541.4662711209,,,,,,,,,,,,,,,,,,,,,,,,,1012541.4662711209,0.0
20240408,1012541.4662711209,1012541.4662711209,20240403,EXECUTED,OK,A,0.004256151087323801,1016850.9957337511,1016850.9957337511,301500.SZ,飞南资源,20240409,True,True,True,30100.0,0.8242662624707995,27.727699999999995,27.90207,834603.7699999999,839852.3069999999,839852.307,1.1641532182693481e-10,250.38113099999995,251.9556921,16.74456077,419.9261535,833.7699999998747,840.6930000000405,939.0075373699999,1674.4629999999152,1.0,1.0,1016850.9957337511,0.0
20240409,1016850.9957337511,1016850.9957337511,,SKIP_OCCUPIED,,,0.0,1016850.9957337511,1016850.9957337511,,,,,,,,,,,,,,,,,,,,,,,,,1016850.9957337511,0.0
20240410,1016850.9957337511,1016850.9957337511,20240409,EXECUTED,OK,C,-0.05096228966798255,965029.9407399911,965029.9407399911,600094.SH,大名城,20240412,True,True,True,205400.0,0.8249684914697638,4.084079999999999,3.83616,838870.0319999999,787947.264,787947.2640000001,1.1641532182693481e-10,251.66100959999994,236.3841792,16.26817296,393.97363200000007,838.0319999998347,788.7359999999678,898.2869937600001,1626.7679999998027,2.756,2.756,1016850.9957337511,-0.05096228966798255
20240411,965029.9407399911,965029.9407399911,,SKIP_OCCUPIED,,,0.0,965029.9407399911,965029.9407399911,,,,,,,,,,,,,,,,,,,,,,,,,1016850.9957337511,-0.05096228966798255
20240412,965029.9407399911,965029.9407399911,,SKIP_OCCUPIED,,,0.0,965029.9407399911,965029.9407399911,,,,,,,,,,,,,,,,,,,,,,,,,1016850.9957337511,-0.05096228966798255
20240415,965029.9407399911,965029.9407399911,,NO_PLAN,,,0.0,965029.9407399911,965029.9407399911,,,,,,,,,,,,,,,,,,,,,,,,,1016850.9957337511,-0.05096228966798255
20240416,965029.9407399911,965029.9407399911,,NO_PLAN,,,0.0,965029.9407399911,965029.9407399911,,,,,,,,,,,,,,,,,,,,,,,,,1016850.9957337511,-0.05096228966798255
20240417,965029.9407399911,965029.9407399911,,NO_PLAN,,,0.0,965029.9407399911,965029.9407399911,,,,,,,,,,,,,,,,,,,,,,,,,1016850.9957337511,-0.05096228966798255
20240418,965029.9407399911,965029.9407399911,,NO_PLAN,,,0.0,965029.9407399911,965029.9407399911,,,,,,,,,,,,,,,,,,,,,,,,,1016850.9957337511,-0.05096228966798255
20240419,965029.9407399911,965029.9407399911,,NO_PLAN,,,0.0,965029.9407399911,965029.9407399911,,,,,,,,,,,,,,,,,,,,,,,,,1016850.9957337511,-0.05096228966798255
20240422,965029.9407399911,965029.9407399911,20240422,EXECUTED,OK,D,-0.0351336721785247,931124.8951595712,931124.8951595712,300200.SZ,高盟新材,20240424,True,True,True,111300.0,0.8246324454863849,7.15,6.853140000000001,795795.0,762754.4820000001,762754.482,-1.1641532182693481e-10,238.7385,228.82634459999997,15.585494820000001,381.37724099999997,0.0,763.5179999999604,864.5275804199999,763.5179999999604,4.043,4.043,1016850.9957337511,-0.08430546946784534
20240423,931124.8951595712,931124.8951595712,,SKIP_OCCUPIED,,,0.0,931124.8951595712,931124.8951595712,,,,,,,,,,,,,,,,,,,,,,,,,1016850.9957337511,-0.08430546946784534
20240424,931124.8951595712,931124.8951595712,,SKIP_OCCUPIED,,,0.0,931124.8951595712,931124.8951595712,,,,,,,,,,,,,,,,,,,,,,,,,1016850.9957337511,-0.08430546946784534
20240425,931124.8951595712,931124.8951595712,,NO_PLAN,,,0.0,931124.8951595712,931124.8951595712,,,,,,,,,,,,,,,,,,,,,,,,,1016850.9957337511,-0.08430546946784534
20240426,931124.8951595712,931124.8951595712,,NO_PLAN,,,0.0,931124.8951595712,931124.8951595712,,,,,,,,,,,,,,,,,,,,,,,,,1016850.9957337511,-0.08430546946784534
20240429,931124.8951595712,931124.8951595712,,NO_PLAN,,,0.0,931124.8951595712,931124.8951595712,,,,,,,,,,,,,,,,,,,,,,,,,1016850.9957337511,-0.08430546946784534
20240430,931124.8951595712,931124.8951595712,,NO_PLAN,,,0.0,931124.8951595712,931124.8951595712,,,,,,,,,,,,,,,,,,,,,,,,,1016850.9957337511,-0.08430546946784534
20240506,931124.8951595712,931124.8951595712,20240430,EXECUTED,OK,A,0.042119526984013334,970343.4353067313,970343.4353067313,300177.SZ,中海达,20240507,True,True,True,109700.0,0.8243467734459596,6.996989999999999,7.36263,767569.803,807680.511,807680.511,0.0,230.27094089999997,242.3041533,15.752503140000002,403.8402555,766.8029999999083,808.4889999999865,892.16785284,1575.2919999998949,12.276,12.276,1016850.9957337511,-0.04573684897998298
20240507,970343.4353067313,970343.4353067313,,SKIP_OCCUPIED,,,0.0,970343.4353067313,970343.4353067313,,,,,,,,,,,,,,,,,,,,,,,,,1016850.9957337511,-0.04573684897998298
20240508,970343.4353067313,970343.4353067313,,NO_PLAN,,,0.0,970343.4353067313,970343.4353067313,,,,,,,,,,,,,,,,,,,,,,,,,1016850.9957337511,-0.04573684897998298
20240509,970343.4353067313,970343.4353067313,,NO_PLAN,,,0.0,970343.4353067313,970343.4353067313,,,,,,,,,,,,,,,,,,,,,,,,,1016850.9957337511,-0.04573684897998298
20240510,970343.4353067313,970343.4353067313,,NO_PLAN,,,0.0,970343.4353067313,970343.4353067313,,,,,,,,,,,,,,,,,,,,,,,,,1016850.9957337511,-0.04573684897998298
20240513,970343.4353067313,970343.4353067313,,NO_PLAN,,,0.0,970343.4353067313,970343.4353067313,,,,,,,,,,,,,,,,,,,,,,,,,1016850.9957337511,-0.04573684897998298
20240514,970343.4353067313,970343.4353067313,,NO_PLAN,,,0.0,970343.4353067313,970343.4353067313,,,,,,,,,,,,,,,,,,,,,,,,,1016850.9957337511,-0.04573684897998298
20240515,970343.4353067313,970343.4353067313,,NO_PLAN,,,0.0,970343.4353067313,970343.4353067313,,,,,,,,,,,,,,,,,,,,,,,,,1016850.9957337511,-0.04573684897998298
20240516,970343.4353067313,970343.4353067313,,NO_PLAN,,,0.0,970343.4353067313,970343.4353067313,,,,,,,,,,,,,,,,,,,,,,,,,1016850.9957337511,-0.04573684897998298
20240517,970343.4353067313,970343.4353067313,,NO_PLAN,,,0.0,970343.4353067313,970343.4353067313,,,,,,,,,,,,,,,,,,,,,,,,,1016850.9957337511,-0.04573684897998298
20240520,970343.4353067313,970343.4353067313,,NO_PLAN,,,0.0,970343.4353067313,970343.4353067313,,,,,,,,,,,,,,,,,,,,,,,,,1016850.9957337511,-0.04573684897998298
20240521,970343.4353067313,970343.4353067313,20240520,EXECUTED,OK,A,0.41565680693877716,1373673.289260331,1373673.289260331,300162.SZ,雷曼光电,20240522,True,True,True,112000.0,0.8249447060431377,7.1471399999999985,10.75923,800479.6799999998,1205033.76,1205033.7599999998,-2.3283064365386963e-10,240.14390399999994,361.5101279999999,20.0551344,602.5168799999999,799.6799999998672,1206.2399999998945,1224.2260463999996,2005.9199999997618,5.29,5.29,1373673.289260331,0.0
20240522,1373673.289260331,1373673.289260331,,SKIP_OCCUPIED,,,0.0,1373673.289260331,1373673.289260331,,,,,,,,,,,,,,,,,,,,,,,,,1373673.289260331,0.0
20240523,1373673.289260331,1373673.289260331,,NO_PLAN,,,0.0,1373673.289260331,1373673.289260331,,,,,,,,,,,,,,,,,,,,,,,,,1373673.289260331,0.0
20240524,1373673.289260331,1373673.289260331,,NO_PLAN,,,0.0,1373673.289260331,1373673.289260331,,,,,,,,,,,,,,,,,,,,,,,,,1373673.289260331,0.0
20240527,1373673.289260331,1373673.289260331,20240524,EXECUTED,OK,C,-0.07052642727860414,1276793.0199207515,1276793.0199207515,000958.SZ,电投产融,20240528,True,True,True,246100.0,0.8249356443482853,4.604599999999999,4.21578,1133192.0599999996,1037503.4579999999,1037503.4579999999,0.0,339.95761799999985,311.2510373999999,21.706955179999994,518.751729,1132.059999999766,1038.5420000000277,1191.6673395799999,2170.6019999997934,4.722,4.722,1373673.289260331,-0.07052642727860414
20240528,1276793.0199207515,1276793.0199207515,,SKIP_OCCUPIED,,,0.0,1276793.0199207515,1276793.0199207515,,,,,,,,,,,,,,,,,,,,,,,,,1373673.289260331,-0.07052642727860414
20240529,1276793.0199207515,1276793.0199207515,,NO_PLAN,,,0.0,1276793.0199207515,1276793.0199207515,,,,,,,,,,,,,,,,,,,,,,,,,1373673.289260331,-0.07052642727860414
20240530,1276793.0199207515,1276793.0199207515,,NO_PLAN,,,0.0,1276793.0199207515,1276793.0199207515,,,,,,,,,,,,,,,,,,,,,,,,,1373673.289260331,-0.07052642727860414
20240531,1276793.0199207515,1276793.0199207515,20240530,EXECUTED,OK,E,0.09695251002443861,1400581.3079837514,1400581.3079837514,300423.SZ,昇辉科技,20240604,True,True,True,167500.0,0.8246848812388988,6.28628,7.03296,1052951.9,1178020.8,1178020.7999999998,-2.3283064365386963e-10,315.8855699999999,353.4062399999999,22.309727,589.0103999999999,1051.8999999998991,1179.1999999999891,1280.6119369999997,2231.0999999998885,3.383,3.383,1400581.3079837514,0.0
20240603,1400581.3079837514,1400581.3079837514,,SKIP_OCCUPIED,,,0.0,1400581.3079837514,1400581.3079837514,,,,,,,,,,,,,,,,,,,,,,,,,1400581.3079837514,0.0
20240604,1400581.3079837514,1400581.3079837514,,SKIP_OCCUPIED,,,0.0,1400581.3079837514,1400581.3079837514,,,,,,,,,,,,,,,,,,,,,,,,,1400581.3079837514,0.0
20240605,1400581.3079837514,1400581.3079837514,20240605,EXECUTED,OK,D,0.017461921912486078,1425038.1494158513,1425038.1494158513,300656.SZ,民德电子,20240607,True,True,True,53900.0,0.8235580422392598,21.4,21.8781,1153460.0,1179229.59,1179229.59,0.0,346.03799999999995,353.768877,23.326895900000004,589.6147950000001,0.0,1180.4099999999298,1312.7485679000001,1180.4099999999298,2.7043,2.7043,1425038.1494158513,0.0
20240606,1425038.1494158513,1425038.1494158513,,SKIP_OCCUPIED,,,0.0,1425038.1494158513,1425038.1494158513,,,,,,,,,,,,,,,,,,,,,,,,,1425038.1494158513,0.0
20240607,1425038.1494158513,1425038.1494158513,,SKIP_OCCUPIED,,,0.0,1425038.1494158513,1425038.1494158513,,,,,,,,,,,,,,,,,,,,,,,,,1425038.1494158513,0.0
20240611,1425038.1494158513,1425038.1494158513,20240607,EXECUTED,OK,C,-0.005914870565672192,1416609.2332109115,1416609.2332109115,603843.SH,正平股份,20240613,True,True,True,477400.0,0.8249452160153681,2.4624599999999996,2.44755,1175578.4039999999,1168460.37,1168460.37,0.0,352.6735211999999,350.538111,23.440387740000002,584.2301850000001,1174.4039999998495,1169.6300000000301,1310.88220494,2344.0339999998796,1.437,1.437,1425038.1494158513,-0.005914870565672192
20240612,1416609.2332109115,1416609.2332109115,,SKIP_OCCUPIED,,,0.0,1416609.2332109115,1416609.2332109115,,,,,,,,,,,,,,,,,,,,,,,,,1425038.1494158513,-0.005914870565672192
20240613,1416609.2332109115,1416609.2332109115,,SKIP_OCCUPIED,,,0.0,1416609.2332109115,1416609.2332109115,,,,,,,,,,,,,,,,,,,,,,,,,1425038.1494158513,-0.005914870565672192
20240614,1416609.2332109115,1416609.2332109115,20240613,EXECUTED,OK,E,0.013354319587597807,1435527.085641952,1435527.085641952,688573.SH,信宇人,20240617,True,True,True,55124.0,0.8249938083991007,21.201179999999997,21.56841,1168693.8463199998,1188937.03284,1188937.03284,0.0,350.6081538959999,356.68110985199996,23.5763087916,594.46851642,1167.526319999864,1190.1271599999877,1325.3340889596,2357.6534799998517,1.0,1.0,1435527.085641952,0.0
20240617,1435527.085641952,1435527.085641952,,SKIP_OCCUPIED,,,0.0,1435527.085641952,1435527.085641952,,,,,,,,,,,,,,,,,,,,,,,,,1435527.085641952,0.0
20240618,1435527.085641952,1435527.085641952,,NO_PLAN,,,0.0,1435527.085641952,1435527.085641952,,,,,,,,,,,,,,,,,,,,,,,,,1435527.085641952,0.0
20240619,1435527.085641952,1435527.085641952,,NO_PLAN,,,0.0,1435527.085641952,1435527.085641952,,,,,,,,,,,,,,,,,,,,,,,,,1435527.085641952,0.0
20240620,1435527.085641952,1435527.085641952,,NO_PLAN,,,0.0,1435527.085641952,1435527.085641952,,,,,,,,,,,,,,,,,,,,,,,,,1435527.085641952,0.0
20240621,1435527.085641952,1435527.085641952,,NO_PLAN,,,0.0,1435527.085641952,1435527.085641952,,,,,,,,,,,,,,,,,,,,,,,,,1435527.085641952,0.0
20240624,1435527.085641952,1435527.085641952,,NO_PLAN,,,0.0,1435527.085641952,1435527.085641952,,,,,,,,,,,,,,,,,,,,,,,,,1435527.085641952,0.0
20240625,1435527.085641952,1435527.085641952,,NO_PLAN,,,0.0,1435527.085641952,1435527.085641952,,,,,,,,,,,,,,,,,,,,,,,,,1435527.085641952,0.0
20240626,1435527.085641952,1435527.085641952,,NO_PLAN,,,0.0,1435527.085641952,1435527.085641952,,,,,,,,,,,,,,,,,,,,,,,,,1435527.085641952,0.0
20240627,1435527.085641952,1435527.085641952,,NO_PLAN,,,0.0,1435527.085641952,1435527.085641952,,,,,,,,,,,,,,,,,,,,,,,,,1435527.085641952,0.0
20240628,1435527.085641952,1435527.085641952,,NO_PLAN,,,0.0,1435527.085641952,1435527.085641952,,,,,,,,,,,,,,,,,,,,,,,,,1435527.085641952,0.0
20240701,1435527.085641952,1435527.085641952,20240628,EXECUTED,OK,C,0.2282353441352689,1763165.1040489427,1763165.1040489427,600076.SH,康欣新材,20240702,True,True,True,851100.0,0.8249318601121574,1.3913899999999997,1.77822,1184212.0289999996,1513443.042,1513443.0420000001,2.3283064365386963e-10,355.26360869999985,454.0329126,26.976550709999998,756.721521,1183.028999999813,1514.9580000000976,1592.9945930099998,2697.986999999911,3.265,3.265,1763165.1040489427,0.0
20240702,1763165.1040489427,1763165.1040489427,,SKIP_OCCUPIED,,,0.0,1763165.1040489427,1763165.1040489427,,,,,,,,,,,,,,,,,,,,,,,,,1763165.1040489427,0.0
20240703,1763165.1040489427,1763165.1040489427,,NO_PLAN,,,0.0,1763165.1040489427,1763165.1040489427,,,,,,,,,,,,,,,,,,,,,,,,,1763165.1040489427,0.0
20240704,1763165.1040489427,1763165.1040489427,20240703,EXECUTED,OK,A,0.06733131884750287,1881881.3358504528,1881881.3358504528,300120.SZ,经纬辉开,20240705,True,True,True,242100.0,0.8246831772367232,6.005999999999999,6.50349,1454052.5999999999,1574494.929,1574494.929,0.0,436.21577999999994,472.3484787,30.28547529,787.2474645,1452.59999999984,1576.0709999998962,1726.09719849,3028.6709999997365,3.424,3.424,1881881.3358504528,0.0
20240705,1881881.3358504528,1881881.3358504528,,SKIP_OCCUPIED,,,0.0,1881881.3358504528,1881881.3358504528,,,,,,,,,,,,,,,,,,,,,,,,,1881881.3358504528,0.0
20240708,1881881.3358504528,1881881.3358504528,20240705,EXECUTED,OK,E,0.018522411681189954,1916738.3166882223,1916738.3166882223,300417.SZ,南华仪器,20240710,True,True,True,172900.0,0.8249531378121758,8.97897,9.1908,1552463.9130000002,1589089.3199999998,1589089.3199999996,-2.3283064365386963e-10,465.7391739,476.72679599999987,31.415532329999998,794.5446599999998,1550.9129999999482,1590.6799999999785,1768.4261622299996,3141.5929999999266,3.667,3.667,1916738.3166882223,0.0
20240709,1916738.3166882223,1916738.3166882223,,SKIP_OCCUPIED,,,0.0,1916738.3166882223,1916738.3166882223,,,,,,,,,,,,,,,,,,,,,,,,,1916738.3166882223,0.0
20240710,1916738.3166882223,1916738.3166882223,,SKIP_OCCUPIED,,,0.0,1916738.3166882223,1916738.3166882223,,,,,,,,,,,,,,,,,,,,,,,,,1916738.3166882223,0.0
20240711,1916738.3166882223,1916738.3166882223,,NO_PLAN,,,0.0,1916738.3166882223,1916738.3166882223,,,,,,,,,,,,,,,,,,,,,,,,,1916738.3166882223,0.0
20240712,1916738.3166882223,1916738.3166882223,,NO_PLAN,,,0.0,1916738.3166882223,1916738.3166882223,,,,,,,,,,,,,,,,,,,,,,,,,1916738.3166882223,0.0
20240715,1916738.3166882223,1916738.3166882223,20240712,EXECUTED,OK,A,0.03042611768014547,1975057.2222738222,1975057.2222738222,300582.SZ,英飞特,20240716,True,True,True,158400.0,0.8247486024755762,9.97997,10.35963,1580827.248,1640965.392,1640965.3919999998,-2.3283064365386963e-10,474.2481743999999,492.2896175999999,32.2179264,820.4826959999999,1579.2479999998648,1642.6079999999984,1819.2384143999998,3221.8559999998633,2.328,2.328,1975057.2222738222,0.0
20240716,1975057.2222738222,1975057.2222738222,,SKIP_OCCUPIED,,,0.0,1975057.2222738222,1975057.2222738222,,,,,,,,,,,,,,,,,,,,,,,,,1975057.2222738222,0.0
20240717,1975057.2222738222,1975057.2222738222,,NO_PLAN,,,0.0,1975057.2222738222,1975057.2222738222,,,,,,,,,,,,,,,,,,,,,,,,,1975057.2222738222,0.0
20240718,1975057.2222738222,1975057.2222738222,,NO_PLAN,,,0.0,1975057.2222738222,1975057.2222738222,,,,,,,,,,,,,,,,,,,,,,,,,1975057.2222738222,0.0
20240719,1975057.2222738222,1975057.2222738222,20240718,EXECUTED,OK,C,-0.029991732735299648,1915821.8339264623,1915821.8339264623,600620.SH,天宸股份,20240722,True,True,True,339100.0,0.8249420126289952,4.804799999999999,4.6353599999999995,1629307.6799999997,1571850.576,1571850.576,0.0,488.7923039999999,471.5551727999999,32.011582559999994,785.9252879999999,1627.6799999998207,1573.4240000000677,1778.2843473599996,3201.1039999998884,429.174,429.174,1975057.2222738222,-0.029991732735299648
20240722,1915821.8339264623,1915821.8339264623,,SKIP_OCCUPIED,,,0.0,1915821.8339264623,1915821.8339264623,,,,,,,,,,,,,,,,,,,,,,,,,1975057.2222738222,-0.029991732735299648
20240723,1915821.8339264623,1915821.8339264623,,NO_PLAN,,,0.0,1915821.8339264623,1915821.8339264623,,,,,,,,,,,,,,,,,,,,,,,,,1975057.2222738222,-0.029991732735299648
20240724,1915821.8339264623,1915821.8339264623,,NO_PLAN,,,0.0,1915821.8339264623,1915821.8339264623,,,,,,,,,,,,,,,,,,,,,,,,,1975057.2222738222,-0.029991732735299648
20240725,1915821.8339264623,1915821.8339264623,,NO_PLAN,,,0.0,1915821.8339264623,1915821.8339264623,,,,,,,,,,,,,,,,,,,,,,,,,1975057.2222738222,-0.029991732735299648
20240726,1915821.8339264623,1915821.8339264623,,NO_PLAN,,,0.0,1915821.8339264623,1915821.8339264623,,,,,,,,,,,,,,,,,,,,,,,,,1975057.2222738222,-0.029991732735299648
20240729,1915821.8339264623,1915821.8339264623,,NO_PLAN,,,0.0,1915821.8339264623,1915821.8339264623,,,,,,,,,,,,,,,,,,,,,,,,,1975057.2222738222,-0.029991732735299648
20240730,1915821.8339264623,1915821.8339264623,,NO_PLAN,,,0.0,1915821.8339264623,1915821.8339264623,,,,,,,,,,,,,,,,,,,,,,,,,1975057.2222738222,-0.029991732735299648
20240731,1915821.8339264623,1915821.8339264623,,NO_PLAN,,,0.0,1915821.8339264623,1915821.8339264623,,,,,,,,,,,,,,,,,,,,,,,,,1975057.2222738222,-0.029991732735299648
20240801,1915821.8339264623,1915821.8339264623,,NO_PLAN,,,0.0,1915821.8339264623,1915821.8339264623,,,,,,,,,,,,,,,,,,,,,,,,,1975057.2222738222,-0.029991732735299648
20240802,1915821.8339264623,1915821.8339264623,,NO_PLAN,,,0.0,1915821.8339264623,1915821.8339264623,,,,,,,,,,,,,,,,,,,,,,,,,1975057.2222738222,-0.029991732735299648
20240805,1915821.8339264623,1915821.8339264623,20240802,EXECUTED,OK,A,0.2256631696757636,2348152.2615043423,2348152.2615043423,300149.SZ,睿智医药,20240806,True,True,True,304200.0,0.8249080212020706,5.19519,6.6233699999999995,1580376.798,2014829.1539999999,2014829.1539999999,0.0,474.11303939999993,604.4487462,35.95205952,1007.414577,1578.7979999999409,2016.846000000109,2121.9284221199996,3595.64400000005,6.558,6.558,2348152.2615043423,0.0
20240806,2348152.2615043423,2348152.2615043423,,SKIP_OCCUPIED,,,0.0,2348152.2615043423,2348152.2615043423,,,,,,,,,,,,,,,,,,,,,,,,,2348152.2615043423,0.0
20240807,2348152.2615043423,2348152.2615043423,20240806,EXECUTED,OK,C,-0.0025695347833342153,2342118.602591842,2342118.602591842,002919.SZ,名臣健康,20240809,True,True,True,151700.0,0.8245245449967682,12.76275,12.73725,1936109.175,1932240.825,1932240.8250000002,2.3283064365386963e-10,580.8327525,579.6722475,38.68350000000001,966.1204125000002,1934.1750000000734,1934.1750000000734,2165.3089125000006,3868.350000000147,3.409,3.409,2348152.2615043423,-0.0025695347833342153
20240808,2342118.602591842,2342118.602591842,,SKIP_OCCUPIED,,,0.0,2342118.602591842,2342118.602591842,,,,,,,,,,,,,,,,,,,,,,,,,2348152.2615043423,-0.0025695347833342153
20240809,2342118.602591842,2342118.602591842,,SKIP_OCCUPIED,,,0.0,2342118.602591842,2342118.602591842,,,,,,,,,,,,,,,,,,,,,,,,,2348152.2615043423,-0.0025695347833342153
20240812,2342118.602591842,2342118.602591842,20240809,EXECUTED,OK,C,0.11707077305810687,2616312.237991042,2616312.237991042,003026.SZ,中晶科技,20240813,True,True,True,63800.0,0.8245702458717691,30.27023999999999,34.60536,1931241.3119999995,2207821.968,2207821.968,0.0,579.3723935999998,662.3465903999999,41.39063279999999,1103.9109839999999,1929.3119999994929,2210.0320000001984,2387.0206007999996,4139.343999999692,1.3381,1.3381,2616312.237991042,0.0
20240813,2616312.237991042,2616312.237991042,,SKIP_OCCUPIED,,,0.0,2616312.237991042,2616312.237991042,,,,,,,,,,,,,,,,,,,,,,,,,2616312.237991042,0.0
20240814,2616312.237991042,2616312.237991042,,NO_PLAN,,,0.0,2616312.237991042,2616312.237991042,,,,,,,,,,,,,,,,,,,,,,,,,2616312.237991042,0.0
20240815,2616312.237991042,2616312.237991042,,NO_PLAN,,,0.0,2616312.237991042,2616312.237991042,,,,,,,,,,,,,,,,,,,,,,,,,2616312.237991042,0.0
20240816,2616312.237991042,2616312.237991042,20240815,EXECUTED,OK,C,0.04952772602838462,2745892.233718972,2745892.233718972,002425.SZ,凯撒文化,20240819,True,True,True,718700.0,0.8249229845965309,3.0029999999999997,3.18681,2158256.0999999996,2290360.347,2290360.3469999996,-4.656612873077393e-10,647.4768299999998,687.1081040999998,44.48616446999999,1145.1801735,2156.0999999997625,2292.653000000019,2524.2512720699997,4448.752999999781,4.425,4.425,2745892.233718972,0.0
20240819,2745892.233718972,2745892.233718972,,SKIP_OCCUPIED,,,0.0,2745892.233718972,2745892.233718972,,,,,,,,,,,,,,,,,,,,,,,,,2745892.233718972,0.0
20240820,2745892.233718972,2745892.233718972,,NO_PLAN,,,0.0,2745892.233718972,2745892.233718972,,,,,,,,,,,,,,,,,,,,,,,,,2745892.233718972,0.0
20240821,2745892.233718972,2745892.233718972,,NO_PLAN,,,0.0,2745892.233718972,2745892.233718972,,,,,,,,,,,,,,,,,,,,,,,,,2745892.233718972,0.0
20240822,2745892.233718972,2745892.233718972,,NO_PLAN,,,0.0,2745892.233718972,2745892.233718972,,,,,,,,,,,,,,,,,,,,,,,,,2745892.233718972,0.0
20240823,2745892.233718972,2745892.233718972,,NO_PLAN,,,0.0,2745892.233718972,2745892.233718972,,,,,,,,,,,,,,,,,,,,,,,,,2745892.233718972,0.0
20240826,2745892.233718972,2745892.233718972,,NO_PLAN,,,0.0,2745892.233718972,2745892.233718972,,,,,,,,,,,,,,,,,,,,,,,,,2745892.233718972,0.0
20240827,2745892.233718972,2745892.233718972,,NO_PLAN,,,0.0,2745892.233718972,2745892.233718972,,,,,,,,,,,,,,,,,,,,,,,,,2745892.233718972,0.0
20240828,2745892.233718972,2745892.233718972,,NO_PLAN,,,0.0,2745892.233718972,2745892.233718972,,,,,,,,,,,,,,,,,,,,,,,,,2745892.233718972,0.0
20240829,2745892.233718972,2745892.233718972,20240828,EXECUTED,OK,C,0.0002367541439343146,2746542.335084102,2746542.335084102,600693.SH,东百集团,20240830,True,True,True,772300.0,0.8249055848532696,2.93293,2.93706,2265101.8389999997,2268291.4379999996,2268291.4379999996,0.0,679.5305516999998,680.4874313999999,45.33393277,1134.1457189999999,2262.8389999997335,2270.5620000001272,2539.4976348699993,4533.400999999861,10.7756,10.7756,2746542.335084102,0.0
20240830,2746542.335084102,2746542.335084102,,SKIP_OCCUPIED,,,0.0,2746542.335084102,2746542.335084102,,,,,,,,,,,,,,,,,,,,,,,,,2746542.335084102,0.0
20240902,2746542.335084102,2746542.335084102,,NO_PLAN,,,0.0,2746542.335084102,2746542.335084102,,,,,,,,,,,,,,,,,,,,,,,,,2746542.335084102,0.0
20240903,2746542.335084102,2746542.335084102,20240902,EXECUTED,OK,C,0.04959871358148571,2882767.301701363,2882767.301701363,000627.SZ,天茂集团,20240904,True,True,True,1104200.0,0.824991328571899,2.0520499999999995,2.17782,2265873.6099999994,2404748.844,2404748.844,0.0,679.7620829999997,721.4246532,46.706224539999994,1202.374422,2263.609999999628,2407.156000000078,2650.26738274,4670.765999999707,28.918,28.918,2882767.301701363,0.0
20240904,2882767.301701363,2882767.301701363,,SKIP_OCCUPIED,,,0.0,2882767.301701363,2882767.301701363,,,,,,,,,,,,,,,,,,,,,,,,,2882767.301701363,0.0
20240905,2882767.301701363,2882767.301701363,,NO_PLAN,,,0.0,2882767.301701363,2882767.301701363,,,,,,,,,,,,,,,,,,,,,,,,,2882767.301701363,0.0
20240906,2882767.301701363,2882767.301701363,,NO_PLAN,,,0.0,2882767.301701363,2882767.301701363,,,,,,,,,,,,,,,,,,,,,,,,,2882767.301701363,0.0
20240909,2882767.301701363,2882767.301701363,20240906,EXECUTED,OK,A,0.11253341721529186,3207174.9571983237,3207174.9571983237,300905.SZ,宝丽迪,20240910,True,True,True,89600.0,0.824476675102172,26.5265,30.17979,2376774.4,2704109.184,2704109.184,0.0,713.0323199999999,811.2327551999999,50.80883584,1352.054592,2374.3999999998778,2706.816000000026,2927.12850304,5081.215999999904,2.14,2.14,3207174.9571983237,0.0
20240910,3207174.9571983237,3207174.9571983237,,SKIP_OCCUPIED,,,0.0,3207174.9571983237,3207174.9571983237,,,,,,,,,,,,,,,,,,,,,,,,,3207174.9571983237,0.0
20240911,3207174.9571983237,3207174.9571983237,20240910,EXECUTED,OK,A,0.05737942307763566,3391200.8059514044,3391200.8059514044,300134.SZ,大富科技,20240912,True,True,True,234900.0,0.8247967947812905,11.26125,12.05793,2645267.625,2832407.757,2832407.7570000007,4.656612873077393e-10,793.5802874999999,849.7223271000001,54.77675382000001,1416.2038785000004,2642.6250000001,2835.2429999999017,3114.2832469200007,5477.868000000002,4.327,4.327,3391200.8059514044,0.0
20240912,3391200.8059514044,3391200.8059514044,,SKIP_OCCUPIED,,,0.0,3391200.8059514044,3391200.8059514044,,,,,,,,,,,,,,,,,,,,,,,,,3391200.8059514044,0.0
20240913,3391200.8059514044,3391200.8059514044,,NO_PLAN,,,0.0,3391200.8059514044,3391200.8059514044,,,,,,,,,,,,,,,,,,,,,,,,,3391200.8059514044,0.0
20240918,3391200.8059514044,3391200.8059514044,20240913,EXECUTED,OK,A,-0.024705265177411118,3307420.2907705246,3307420.2907705246,300072.SZ,海新能科,20240919,True,True,True,1253300.0,0.8249744026040108,2.23223,2.16783,2797653.8589999997,2716941.3389999997,2716941.339,4.656612873077393e-10,839.2961576999999,815.0824017,55.14595198000001,1358.4706695000002,2794.8589999999426,2719.6610000000064,3067.99518088,5514.5199999999495,20.403,20.403,3391200.8059514044,-0.024705265177411118
20240919,3307420.2907705246,3307420.2907705246,,SKIP_OCCUPIED,,,0.0,3307420.2907705246,3307420.2907705246,,,,,,,,,,,,,,,,,,,,,,,,,3391200.8059514044,-0.024705265177411118
20240920,3307420.2907705246,3307420.2907705246,,NO_PLAN,,,0.0,3307420.2907705246,3307420.2907705246,,,,,,,,,,,,,,,,,,,,,,,,,3391200.8059514044,-0.024705265177411118
20240923,3307420.2907705246,3307420.2907705246,20240920,EXECUTED,OK,A,0.19543099580026668,3953792.7317258157,3953792.7317258157,300085.SZ,银之杰,20240924,True,True,True,213700.0,0.8246305081367817,12.76275,15.80418,2727399.6750000003,3377353.2660000003,3377353.266000001,9.313225746154785e-10,818.2199025,1013.2059798000003,61.047529410000024,1688.6766330000007,2724.6750000001034,3380.733999999941,3581.1500447100007,6105.409000000044,10.985,10.985,3953792.7317258157,0.0
20240924,3953792.7317258157,3953792.7317258157,,SKIP_OCCUPIED,,,0.0,3953792.7317258157,3953792.7317258157,,,,,,,,,,,,,,,,,,,,,,,,,3953792.7317258157,0.0
20240925,3953792.7317258157,3953792.7317258157,20240924,EXECUTED,OK,E,0.10590391767750296,4372514.871700416,4372514.871700416,300803.SZ,指南针,20240926,True,True,True,69300.0,0.8246150775275632,47.047,53.146800000000006,3260357.0999999996,3683073.24,3683073.2400000007,4.656612873077393e-10,978.1071299999998,1104.921972,69.4343034,1841.5366200000003,3257.0999999997953,3686.7599999997788,3994.0000254000006,6943.859999999574,1.003,1.003,4372514.871700416,0.0
20240926,4372514.871700416,4372514.871700416,,SKIP_OCCUPIED,,,0.0,4372514.871700416,4372514.871700416,,,,,,,,,,,,,,,,,,,,,,,,,4372514.871700416,0.0
20240927,4372514.871700416,4372514.871700416,20240926,EXECUTED,OK,C,0.13580988290867646,4966345.604442497,4966345.604442497,600649.SH,城投控股,20241008,True,True,True,841900.0,0.8249109352022187,4.28428,4.995,3606935.332,4205290.5,4205290.5,0.0,1082.0805996,1261.5871499999998,78.12225832000001,2102.64525,3603.331999999678,4209.49999999991,4524.43525792,7812.831999999587,15.9521,15.9521,4966345.604442497,0.0
20240930,4966345.604442497,4966345.604442497,,SKIP_OCCUPIED,,,0.0,4966345.604442497,4966345.604442497,,,,,,,,,,,,,,,,,,,,,,,,,4966345.604442497,0.0
20241008,4966345.604442497,4966345.604442497,,SKIP_OCCUPIED,,,0.0,4966345.604442497,4966345.604442497,,,,,,,,,,,,,,,,,,,,,,,,,4966345.604442497,0.0
20241009,4966345.604442497,4966345.604442497,,NO_PLAN,,,0.0,4966345.604442497,4966345.604442497,,,,,,,,,,,,,,,,,,,,,,,,,4966345.604442497,0.0
20241010,4966345.604442497,4966345.604442497,,NO_PLAN,,,0.0,4966345.604442497,4966345.604442497,,,,,,,,,,,,,,,,,,,,,,,,,4966345.604442497,0.0
20241011,4966345.604442497,4966345.604442497,,NO_PLAN,,,0.0,4966345.604442497,4966345.604442497,,,,,,,,,,,,,,,,,,,,,,,,,4966345.604442497,0.0
20241014,4966345.604442497,4966345.604442497,,NO_PLAN,,,0.0,4966345.604442497,4966345.604442497,,,,,,,,,,,,,,,,,,,,,,,,,4966345.604442497,0.0
20241015,4966345.604442497,4966345.604442497,20241014,EXECUTED,OK,E,0.007300055174708442,5002600.201371598,5002600.201371598,300663.SZ,科蓝软件,20241017,True,True,True,163700.0,0.8248706043203105,25.025,25.2747,4096592.5,4137468.3899999997,4137468.3900000006,9.313225746154785e-10,1228.9777499999998,1241.2405170000002,82.3406089,2068.7341950000005,4092.499999999767,4141.610000000234,4621.293070900001,8234.11,3.382,3.382,5002600.201371598,0.0
20241016,5002600.201371598,5002600.201371598,,SKIP_OCCUPIED,,,0.0,5002600.201371598,5002600.201371598,,,,,,,,,,,,,,,,,,,,,,,,,5002600.201371598,0.0
20241017,5002600.201371598,5002600.201371598,,SKIP_OCCUPIED,,,0.0,5002600.201371598,5002600.201371598,,,,,,,,,,,,,,,,,,,,,,,,,5002600.201371598,0.0
20241018,5002600.201371598,5002600.201371598,,NO_PLAN,,,0.0,5002600.201371598,5002600.201371598,,,,,,,,,,,,,,,,,,,,,,,,,5002600.201371598,0.0
20241021,5002600.201371598,5002600.201371598,20241018,EXECUTED,OK,C,0.024464418973350055,5124985.908654118,5124985.908654118,002708.SZ,光洋股份,20241023,True,True,True,483900.0,0.8249611525759113,8.528519999999999,8.7912,4126950.8279999993,4254061.68,4254061.68,0.0,1238.0852483999997,1276.2185039999997,83.81012508,2127.03084,4122.827999999503,4258.320000000391,4725.14471748,8381.147999999894,3.14,3.14,5124985.908654118,0.0
20241022,5124985.908654118,5124985.908654118,,SKIP_OCCUPIED,,,0.0,5124985.908654118,5124985.908654118,,,,,,,,,,,,,,,,,,,,,,,,,5124985.908654118,0.0
20241023,5124985.908654118,5124985.908654118,,SKIP_OCCUPIED,,,0.0,5124985.908654118,5124985.908654118,,,,,,,,,,,,,,,,,,,,,,,,,5124985.908654118,0.0
20241024,5124985.908654118,5124985.908654118,,NO_PLAN,,,0.0,5124985.908654118,5124985.908654118,,,,,,,,,,,,,,,,,,,,,,,,,5124985.908654118,0.0
20241025,5124985.908654118,5124985.908654118,20241024,EXECUTED,OK,C,0.05044418107581361,5383511.625841259,5383511.625841259,002562.SZ,兄弟科技,20241029,True,True,True,938600.0,0.8249629902124554,4.504499999999999,4.78521,4227923.699999999,4491398.106000001,4491398.106,-9.313225746154785e-10,1268.3771099999997,1347.4194317999998,87.19321805999999,2245.699053,4223.699999999327,4495.893999999859,4948.688812859999,8719.593999999186,6.896,6.896,5383511.625841259,0.0
20241028,5383511.625841259,5383511.625841259,,SKIP_OCCUPIED,,,0.0,5383511.625841259,5383511.625841259,,,,,,,,,,,,,,,,,,,,,,,,,5383511.625841259,0.0
20241029,5383511.625841259,5383511.625841259,,SKIP_OCCUPIED,,,0.0,5383511.625841259,5383511.625841259,,,,,,,,,,,,,,,,,,,,,,,,,5383511.625841259,0.0
20241030,5383511.625841259,5383511.625841259,,NO_PLAN,,,0.0,5383511.625841259,5383511.625841259,,,,,,,,,,,,,,,,,,,,,,,,,5383511.625841259,0.0
20241031,5383511.625841259,5383511.625841259,,NO_PLAN,,,0.0,5383511.625841259,5383511.625841259,,,,,,,,,,,,,,,,,,,,,,,,,5383511.625841259,0.0
20241101,5383511.625841259,5383511.625841259,20241101,EXECUTED,OK,D,0.03887687525275396,5592805.73574084,5592805.73574084,301392.SZ,汇成真空,20241105,True,True,True,65400.0,0.8238912271888879,67.82,71.09883,4435428.0,4649863.482000001,4649863.482000002,9.313225746154785e-10,1330.6283999999998,1394.9590446000004,90.85291482000002,2324.931741000001,0.0,4654.517999999678,5141.3721004200015,4654.517999999678,1.0062,1.0062,5592805.73574084,0.0
20241104,5592805.73574084,5592805.73574084,,SKIP_OCCUPIED,,,0.0,5592805.73574084,5592805.73574084,,,,,,,,,,,,,,,,,,,,,,,,,5592805.73574084,0.0
20241105,5592805.73574084,5592805.73574084,,SKIP_OCCUPIED,,,0.0,5592805.73574084,5592805.73574084,,,,,,,,,,,,,,,,,,,,,,,,,5592805.73574084,0.0
20241106,5592805.73574084,5592805.73574084,,NO_PLAN,,,0.0,5592805.73574084,5592805.73574084,,,,,,,,,,,,,,,,,,,,,,,,,5592805.73574084,0.0
20241107,5592805.73574084,5592805.73574084,,NO_PLAN,,,0.0,5592805.73574084,5592805.73574084,,,,,,,,,,,,,,,,,,,,,,,,,5592805.73574084,0.0
20241108,5592805.73574084,5592805.73574084,,NO_PLAN,,,0.0,5592805.73574084,5592805.73574084,,,,,,,,,,,,,,,,,,,,,,,,,5592805.73574084,0.0
20241111,5592805.73574084,5592805.73574084,20241111,EXECUTED,OK,D,0.12091051962065014,6269034.783386618,6269034.783386618,688116.SH,天奈科技,20241113,True,True,True,119939.0,0.8249979613119547,38.47,44.1558,4614053.33,5296002.4962,5296002.4962,0.0,1384.215999,1588.8007488599999,99.100558262,2648.0012481,0.0,5301.303800000428,5720.118554221999,5301.303800000428,1.5037,1.5037,6269034.783386618,0.0
20241112,6269034.783386618,6269034.783386618,,SKIP_OCCUPIED,,,0.0,6269034.783386618,6269034.783386618,,,,,,,,,,,,,,,,,,,,,,,,,6269034.783386618,0.0
20241113,6269034.783386618,6269034.783386618,,SKIP_OCCUPIED,,,0.0,6269034.783386618,6269034.783386618,,,,,,,,,,,,,,,,,,,,,,,,,6269034.783386618,0.0
20241114,6269034.783386618,6269034.783386618,20241113,EXECUTED,OK,C,0.0632809329336268,6665745.153072679,6665745.153072679,600104.SH,上汽集团,20241118,True,True,True,304100.0,0.8249795762348775,17.00699,18.33165,5171825.658999999,5574654.765,5574654.765,0.0,1551.5476976999996,1672.3964294999998,107.46480424,2787.3273825,5166.6589999999505,5580.2350000005,6118.7363139399995,10746.894000000451,11.0107,11.0107,6665745.153072679,0.0
20241115,6665745.153072679,6665745.153072679,,SKIP_OCCUPIED,,,0.0,6665745.153072679,6665745.153072679,,,,,,,,,,,,,,,,,,,,,,,,,6665745.153072679,0.0
20241118,6665745.153072679,6665745.153072679,,SKIP_OCCUPIED,,,0.0,6665745.153072679,6665745.153072679,,,,,,,,,,,,,,,,,,,,,,,,,6665745.153072679,0.0
20241119,6665745.153072679,6665745.153072679,,NO_PLAN,,,0.0,6665745.153072679,6665745.153072679,,,,,,,,,,,,,,,,,,,,,,,,,6665745.153072679,0.0
20241120,6665745.153072679,6665745.153072679,20241119,EXECUTED,OK,C,0.1774335074779425,7848471.69553646,7848471.69553646,002366.SZ,融发核电,20241122,True,True,True,1123400.0,0.8249519445646952,4.894889999999999,5.95404,5498919.425999999,6688768.536,6688768.536,0.0,1649.6758277999995,2006.6305608,121.87687962000001,3344.3842680000002,5493.425999999569,6695.463999999961,7122.56753622,12188.88999999953,2.332,2.332,7848471.69553646,0.0
20241121,7848471.69553646,7848471.69553646,,SKIP_OCCUPIED,,,0.0,7848471.69553646,7848471.69553646,,,,,,,,,,,,,,,,,,,,,,,,,7848471.69553646,0.0
20241122,7848471.69553646,7848471.69553646,,SKIP_OCCUPIED,,,0.0,7848471.69553646,7848471.69553646,,,,,,,,,,,,,,,,,,,,,,,,,7848471.69553646,0.0
20241125,7848471.69553646,7848471.69553646,,NO_PLAN,,,0.0,7848471.69553646,7848471.69553646,,,,,,,,,,,,,,,,,,,,,,,,,7848471.69553646,0.0
20241126,7848471.69553646,7848471.69553646,,NO_PLAN,,,0.0,7848471.69553646,7848471.69553646,,,,,,,,,,,,,,,,,,,,,,,,,7848471.69553646,0.0
20241127,7848471.69553646,7848471.69553646,,NO_PLAN,,,0.0,7848471.69553646,7848471.69553646,,,,,,,,,,,,,,,,,,,,,,,,,7848471.69553646,0.0
20241128,7848471.69553646,7848471.69553646,20241127,EXECUTED,OK,C,-0.05774787037687312,7395239.169406063,7395239.169406063,000962.SZ,东方钽业,20241202,True,True,True,394400.0,0.8249540052087101,16.416399999999996,15.2847,6474628.159999998,6028285.680000001,6028285.680000001,0.0,1942.3884479999992,1808.485704,125.0291384,3014.1428400000004,6468.159999998938,6034.319999999949,6890.0461304,12502.479999998886,3.373,3.373,7848471.69553646,-0.05774787037687312
20241129,7395239.169406063,7395239.169406063,,SKIP_OCCUPIED,,,0.0,7395239.169406063,7395239.169406063,,,,,,,,,,,,,,,,,,,,,,,,,7848471.69553646,-0.05774787037687312
20241202,7395239.169406063,7395239.169406063,,SKIP_OCCUPIED,,,0.0,7395239.169406063,7395239.169406063,,,,,,,,,,,,,,,,,,,,,,,,,7848471.69553646,-0.05774787037687312
20241203,7395239.169406063,7395239.169406063,,NO_PLAN,,,0.0,7395239.169406063,7395239.169406063,,,,,,,,,,,,,,,,,,,,,,,,,7848471.69553646,-0.05774787037687312
20241204,7395239.169406063,7395239.169406063,,NO_PLAN,,,0.0,7395239.169406063,7395239.169406063,,,,,,,,,,,,,,,,,,,,,,,,,7848471.69553646,-0.05774787037687312
20241205,7395239.169406063,7395239.169406063,20241204,EXECUTED,OK,C,0.11995615579757457,8282343.631371663,8282343.631371663,002629.SZ,仁智股份,20241209,True,True,True,1621000.0,0.824997653252369,3.76376,4.31568,6101054.96,6995717.28,6995717.28,0.0,1830.316488,2098.7151839999997,130.9677224,3497.8586400000004,6094.960000000337,7002.719999999805,7557.8580344,13097.680000000142,3.727,3.727,8282343.631371663,0.0
20241206,8282343.631371663,8282343.631371663,,SKIP_OCCUPIED,,,0.0,8282343.631371663,8282343.631371663,,,,,,,,,,,,,,,,,,,,,,,,,8282343.631371663,0.0
20241209,8282343.631371663,8282343.631371663,,SKIP_OCCUPIED,,,0.0,8282343.631371663,8282343.631371663,,,,,,,,,,,,,,,,,,,,,,,,,8282343.631371663,0.0
20241210,8282343.631371663,8282343.631371663,,NO_PLAN,,,0.0,8282343.631371663,8282343.631371663,,,,,,,,,,,,,,,,,,,,,,,,,8282343.631371663,0.0
20241211,8282343.631371663,8282343.631371663,,NO_PLAN,,,0.0,8282343.631371663,8282343.631371663,,,,,,,,,,,,,,,,,,,,,,,,,8282343.631371663,0.0
20241212,8282343.631371663,8282343.631371663,,NO_PLAN,,,0.0,8282343.631371663,8282343.631371663,,,,,,,,,,,,,,,,,,,,,,,,,8282343.631371663,0.0
20241213,8282343.631371663,8282343.631371663,,NO_PLAN,,,0.0,8282343.631371663,8282343.631371663,,,,,,,,,,,,,,,,,,,,,,,,,8282343.631371663,0.0
20241216,8282343.631371663,8282343.631371663,,NO_PLAN,,,0.0,8282343.631371663,8282343.631371663,,,,,,,,,,,,,,,,,,,,,,,,,8282343.631371663,0.0
20241217,8282343.631371663,8282343.631371663,,NO_PLAN,,,0.0,8282343.631371663,8282343.631371663,,,,,,,,,,,,,,,,,,,,,,,,,8282343.631371663,0.0
20241218,8282343.631371663,8282343.631371663,20241217,EXECUTED,OK,A,0.03310539073337648,8556533.853476314,8556533.853476314,300739.SZ,明阳电路,20241219,True,True,True,405500.0,0.8248135876811757,16.846829999999997,17.54244,6831389.564999999,7113459.42,7113459.419999999,-9.313225746154785e-10,2049.4168694999994,2134.0378259999993,139.44848985,3556.7297099999996,6824.564999999509,7120.579999999828,7879.632895349998,13945.144999999338,2.527,2.527,8556533.853476314,0.0
20241219,8556533.853476314,8556533.853476314,,SKIP_OCCUPIED,,,0.0,8556533.853476314,8556533.853476314,,,,,,,,,,,,,,,,,,,,,,,,,8556533.853476314,0.0
20241220,8556533.853476314,8556533.853476314,,NO_PLAN,,,0.0,8556533.853476314,8556533.853476314,,,,,,,,,,,,,,,,,,,,,,,,,8556533.853476314,0.0
20241223,8556533.853476314,8556533.853476314,,NO_PLAN,,,0.0,8556533.853476314,8556533.853476314,,,,,,,,,,,,,,,,,,,,,,,,,8556533.853476314,0.0
20241224,8556533.853476314,8556533.853476314,20241223,EXECUTED,OK,A,-0.006413135252303803,8501659.644583054,8501659.644583054,301071.SZ,力量钻石,20241225,True,True,True,193800.0,0.8245809140500855,36.406369999999995,36.1638,7055554.505999999,7008544.44,7008544.440000001,9.313225746154785e-10,2116.6663517999996,2102.563332,140.64098946000001,3504.2722200000007,7048.505999999616,7015.560000000174,7864.142893260001,14064.06599999979,3.7434,3.7434,8556533.853476314,-0.006413135252303803
20241225,8501659.644583054,8501659.644583054,,SKIP_OCCUPIED,,,0.0,8501659.644583054,8501659.644583054,,,,,,,,,,,,,,,,,,,,,,,,,8556533.853476314,-0.006413135252303803
20241226,8501659.644583054,8501659.644583054,,NO_PLAN,,,0.0,8501659.644583054,8501659.644583054,,,,,,,,,,,,,,,,,,,,,,,,,8556533.853476314,-0.006413135252303803
20241227,8501659.644583054,8501659.644583054,20241226,EXECUTED,OK,C,-0.056012555709950895,8025459.960113804,8025459.960113804,603893.SH,瑞芯微,20241231,True,True,True,59500.0,0.8246329585149873,117.82770999999998,109.94994,7010748.744999999,6542021.43,6542021.43,0.0,2103.2246235,1962.6064289999997,135.52770175,3271.010715,7003.744999999299,6548.5700000002535,7472.369469249999,13552.314999999551,1.0246,1.0246,8556533.853476314,-0.062066474866659616
20241230,8025459.960113804,8025459.960113804,,SKIP_OCCUPIED,,,0.0,8025459.960113804,8025459.960113804,,,,,,,,,,,,,,,,,,,,,,,,,8556533.853476314,-0.062066474866659616
20241231,8025459.960113804,8025459.960113804,,SKIP_OCCUPIED,,,0.0,8025459.960113804,8025459.960113804,,,,,,,,,,,,,,,,,,,,,,,,,8556533.853476314,-0.062066474866659616
20250102,8025459.960113804,8025459.960113804,,NO_PLAN,,,0.0,8025459.960113804,8025459.960113804,,,,,,,,,,,,,,,,,,,,,,,,,8556533.853476314,-0.062066474866659616
20250103,8025459.960113804,8025459.960113804,20250102,EXECUTED,OK,A,-0.03050518645051925,7780641.807679355,7780641.807679355,300947.SZ,德必集团,20250106,True,True,True,356500.0,0.8248359730033629,18.56855,17.90208,6619688.074999999,6382091.5200000005,6382091.5200000005,0.0,1985.9064224999995,1914.627456,130.01779595,3191.0457600000004,6613.074999999153,6388.480000000056,7221.597434449999,13001.554999999209,2.903,2.903,8556533.853476314,-0.09067831192904496
20250106,7780641.807679355,7780641.807679355,,SKIP_OCCUPIED,,,0.0,7780641.807679355,7780641.807679355,,,,,,,,,,,,,,,,,,,,,,,,,8556533.853476314,-0.09067831192904496
20250107,7780641.807679355,7780641.807679355,20250106,EXECUTED,OK,A,0.05730207093270878,8226488.696444997,8226488.696444997,920367.BJ,新赣江,20250108,True,True,True,356256.0,0.8249988582772876,18.017999999999997,19.29069,6419020.607999999,6872424.05664,6872424.056639998,-1.862645149230957e-09,1925.7061823999995,2061.7272169919993,132.9144466464,3436.2120283199993,6412.607999998977,6879.3033599990285,7556.559874358398,13291.911359998005,1.1416,1.1416,8556533.853476314,-0.038572296058552724
20250108,8226488.696444997,8226488.696444997,,SKIP_OCCUPIED,,,0.0,8226488.696444997,8226488.696444997,,,,,,,,,,,,,,,,,,,,,,,,,8556533.853476314,-0.038572296058552724
20250109,8226488.696444997,8226488.696444997,20250108,EXECUTED,OK,E,0.05968576294035066,8717492.950612487,8717492.950612487,301001.SZ,凯淳股份,20250110,True,True,True,181300.0,0.8248459406420056,37.427389999999995,40.17978,6785585.806999999,7284594.114,7284594.114,0.0,2035.6757420999995,2185.3782342,140.70179921,3642.297057,6778.80699999908,7291.885999999624,8004.05283251,14070.692999998704,1.016,1.016,8717492.950612487,0.0
20250110,8717492.950612487,8717492.950612487,,SKIP_OCCUPIED,,,0.0,8717492.950612487,8717492.950612487,,,,,,,,,,,,,,,,,,,,,,,,,8717492.950612487,0.0
20250113,8717492.950612487,8717492.950612487,20250110,EXECUTED,OK,A,0.06542623123739766,9287845.660209645,9287845.660209645,301511.SZ,德福科技,20250114,True,True,True,478900.0,0.8248568184382399,15.015,16.22376,7190683.5,7769558.663999999,7769558.663999999,0.0,2157.20505,2330.8675991999994,149.60242164,3884.7793319999996,7183.500000000272,7777.335999999909,8522.45440284,14960.836000000181,1.404,1.404,9287845.660209645,0.0
20250114,9287845.660209645,9287845.660209645,,SKIP_OCCUPIED,,,0.0,9287845.660209645,9287845.660209645,,,,,,,,,,,,,,,,,,,,,,,,,9287845.660209645,0.0
20250115,9287845.660209645,9287845.660209645,20250114,EXECUTED,OK,C,0.0834281201893543,10062713.164249787,10062713.164249787,600601.SH,方正科技,20250117,True,True,True,1509800.0,0.8249857896354239,5.075069999999999,5.594399999999999,7662340.685999999,8446425.12,8446425.120000001,1.862645149230957e-09,2298.7022057999993,2533.927536,161.08765806000002,4223.212560000001,7654.68599999852,8454.88000000041,9216.929959860001,16109.56599999893,6471.278,6471.278,10062713.164249787,0.0
20250116,10062713.164249787,10062713.164249787,,SKIP_OCCUPIED,,,0.0,10062713.164249787,10062713.164249787,,,,,,,,,,,,,,,,,,,,,,,,,10062713.164249787,0.0
20250117,10062713.164249787,10062713.164249787,,SKIP_OCCUPIED,,,0.0,10062713.164249787,10062713.164249787,,,,,,,,,,,,,,,,,,,,,,,,,10062713.164249787,0.0
20250120,10062713.164249787,10062713.164249787,20250117,EXECUTED,OK,A,-0.021408565754790554,9847284.907801349,9847284.907801349,300661.SZ,圣邦股份,20250121,True,True,True,93100.0,0.8242494608180915,89.08899999999998,86.87303999999999,8294185.8999999985,8087880.023999999,8087880.023999999,0.0,2488.2557699999993,2426.3640071999994,163.82065924,4043.9400119999996,8285.89999999855,8095.976000000448,9122.380448439997,16381.875999998998,7.533,7.533,10062713.164249787,-0.021408565754790554
20250121,9847284.907801349,9847284.907801349,,SKIP_OCCUPIED,,,0.0,9847284.907801349,9847284.907801349,,,,,,,,,,,,,,,,,,,,,,,,,10062713.164249787,-0.021408565754790554
20250122,9847284.907801349,9847284.907801349,20250121,EXECUTED,OK,A,-0.028589307161994038,9565757.854860548,9565757.854860548,300638.SZ,广和通,20250123,True,True,True,285200.0,0.8248013555051541,28.478449999999995,27.52245,8122053.939999999,7849402.74,7849402.739999999,-9.313225746154785e-10,2436.6161819999993,2354.8208219999997,159.7145668,3924.7013699999998,8113.939999998822,7857.260000000433,8875.8529408,15971.199999999255,8.691,8.691,10062713.164249787,-0.049385816854523146
20250123,9565757.854860548,9565757.854860548,,SKIP_OCCUPIED,,,0.0,9565757.854860548,9565757.854860548,,,,,,,,,,,,,,,,,,,,,,,,,10062713.164249787,-0.049385816854523146
20250124,9565757.854860548,9565757.854860548,,NO_PLAN,,,0.0,9565757.854860548,9565757.854860548,,,,,,,,,,,,,,,,,,,,,,,,,10062713.164249787,-0.049385816854523146
20250127,9565757.854860548,9565757.854860548,,NO_PLAN,,,0.0,9565757.854860548,9565757.854860548,,,,,,,,,,,,,,,,,,,,,,,,,10062713.164249787,-0.049385816854523146
20250205,9565757.854860548,9565757.854860548,20250127,EXECUTED,OK,E,0.25489901458994524,12004060.10587053,12004060.10587053,002691.SZ,冀凯股份,20250206,True,True,True,1023800.0,0.8249365476035289,7.707699999999999,10.09989,7891143.259999999,10340267.382000001,10340267.382,-1.862645149230957e-09,2367.342977999999,3102.0802145999996,182.31410642,5170.133691,7883.259999998904,10350.617999999156,10821.87099002,18233.87799999806,1.729,1.729,12004060.10587053,0.0
20250206,12004060.10587053,12004060.10587053,,SKIP_OCCUPIED,,,0.0,12004060.10587053,12004060.10587053,,,,,,,,,,,,,,,,,,,,,,,,,12004060.10587053,0.0
20250207,12004060.10587053,12004060.10587053,,NO_PLAN,,,0.0,12004060.10587053,12004060.10587053,,,,,,,,,,,,,,,,,,,,,,,,,12004060.10587053,0.0
20250210,12004060.10587053,12004060.10587053,,NO_PLAN,,,0.0,12004060.10587053,12004060.10587053,,,,,,,,,,,,,,,,,,,,,,,,,12004060.10587053,0.0
20250211,12004060.10587053,12004060.10587053,,NO_PLAN,,,0.0,12004060.10587053,12004060.10587053,,,,,,,,,,,,,,,,,,,,,,,,,12004060.10587053,0.0
20250212,12004060.10587053,12004060.10587053,,NO_PLAN,,,0.0,12004060.10587053,12004060.10587053,,,,,,,,,,,,,,,,,,,,,,,,,12004060.10587053,0.0
20250213,12004060.10587053,12004060.10587053,20250212,EXECUTED,OK,C,0.009580095546252831,12119060.148627732,12119060.148627732,603171.SH,税友股份,20250217,True,True,True,224800.0,0.8248118647088344,44.044,44.60535,9901091.2,10027282.68,10027282.680000002,1.862645149230957e-09,2970.3273599999993,3008.184804,199.28373880000004,5013.641340000001,9891.19999999931,10037.319999999369,11191.4372428,19928.51999999868,1.024,1.024,12119060.148627732,0.0
20250214,12119060.148627732,12119060.148627732,,SKIP_OCCUPIED,,,0.0,12119060.148627732,12119060.148627732,,,,,,,,,,,,,,,,,,,,,,,,,12119060.148627732,0.0
20250217,12119060.148627732,12119060.148627732,,SKIP_OCCUPIED,,,0.0,12119060.148627732,12119060.148627732,,,,,,,,,,,,,,,,,,,,,,,,,12119060.148627732,0.0
20250218,12119060.148627732,12119060.148627732,20250217,EXECUTED,OK,C,0.13645232872521285,13772734.127868911,13772734.127868911,603286.SH,日盈电子,20250220,True,True,True,372600.0,0.8247888497468866,26.8268,31.29867,9995665.68,11661884.442,11661884.442,0.0,2998.6997039999997,3498.5653325999997,216.57550122,5830.942221,9985.67999999923,11673.557999998871,12544.78275882,21659.237999998102,1.019,1.019,13772734.127868911,0.0
20250219,13772734.127868911,13772734.127868911,,SKIP_OCCUPIED,,,0.0,13772734.127868911,13772734.127868911,,,,,,,,,,,,,,,,,,,,,,,,,13772734.127868911,0.0
20250220,13772734.127868911,13772734.127868911,,SKIP_OCCUPIED,,,0.0,13772734.127868911,13772734.127868911,,,,,,,,,,,,,,,,,,,,,,,,,13772734.127868911,0.0
20250221,13772734.127868911,13772734.127868911,,NO_PLAN,,,0.0,13772734.127868911,13772734.127868911,,,,,,,,,,,,,,,,,,,,,,,,,13772734.127868911,0.0
20250224,13772734.127868911,13772734.127868911,20250221,EXECUTED,OK,C,0.11419891319142828,15345565.396946033,15345565.396946033,000032.SZ,深桑达Ａ,20250226,True,True,True,398800.0,0.8249050437277224,28.488459999999996,32.4675,11361197.848,12948039.0,12948039.0,0.0,3408.3593543999996,3884.4116999999997,243.09236848,6474.0195,11349.847999998201,12960.999999999547,14009.882922879999,24310.84799999775,4.23,4.23,15345565.396946033,0.0
20250225,15345565.396946033,15345565.396946033,,SKIP_OCCUPIED,,,0.0,15345565.396946033,15345565.396946033,,,,,,,,,,,,,,,,,,,,,,,,,15345565.396946033,0.0
20250226,15345565.396946033,15345565.396946033,,SKIP_OCCUPIED,,,0.0,15345565.396946033,15345565.396946033,,,,,,,,,,,,,,,,,,,,,,,,,15345565.396946033,0.0
20250227,15345565.396946033,15345565.396946033,,NO_PLAN,,,0.0,15345565.396946033,15345565.396946033,,,,,,,,,,,,,,,,,,,,,,,,,15345565.396946033,0.0
20250228,15345565.396946033,15345565.396946033,,NO_PLAN,,,0.0,15345565.396946033,15345565.396946033,,,,,,,,,,,,,,,,,,,,,,,,,15345565.396946033,0.0
20250303,15345565.396946033,15345565.396946033,20250228,EXECUTED,OK,E,0.09268295803439108,16767837.790645186,16767837.790645186,301396.SZ,宏景科技,20250304,True,True,True,210700.0,0.8247823250304518,60.07000999999999,66.89304,12656751.106999997,14094363.527999999,14094363.527999997,-1.862645149230957e-09,3797.0253320999986,4228.309058399998,267.51114635,7047.181763999999,12644.106999998154,14108.471999998857,15340.027300849995,26752.57899999701,1.218,1.218,16767837.790645186,0.0
20250304,16767837.790645186,16767837.790645186,,SKIP_OCCUPIED,,,0.0,16767837.790645186,16767837.790645186,,,,,,,,,,,,,,,,,,,,,,,,,16767837.790645186,0.0
20250305,16767837.790645186,16767837.790645186,,NO_PLAN,,,0.0,16767837.790645186,16767837.790645186,,,,,,,,,,,,,,,,,,,,,,,,,16767837.790645186,0.0
20250306,16767837.790645186,16767837.790645186,20250305,EXECUTED,OK,A,-0.007299084525177579,16645447.925306799,16645447.925306799,920425.BJ,乐创技术,20250307,True,True,True,397116.0,0.8249994190972979,34.834799999999994,34.565400000000004,13833456.436799997,13726473.386400001,13726473.386400001,0.0,4150.036931039999,4117.94201592,275.599298232,6863.2366932,13819.63679999883,13740.213599999015,15406.814938392,27559.850399997846,2.1432,2.1432,16767837.790645186,-0.007299084525177579
20250307,16645447.925306799,16645447.925306799,,SKIP_OCCUPIED,,,0.0,16645447.925306799,16645447.925306799,,,,,,,,,,,,,,,,,,,,,,,,,16767837.790645186,-0.007299084525177579
20250310,16645447.925306799,16645447.925306799,20250307,EXECUTED,OK,C,0.024781675382526513,17057950.0123885,17057950.0123885,603300.SH,海南华铁,20250312,True,True,True,1140300.0,0.8249418622206833,12.04203,12.41757,13731526.809,14159755.070999999,14159755.071000002,3.725290298461914e-09,4119.4580427,4247.9265213,278.9128188000001,7079.877535500002,13717.809000001249,14173.929000000186,15726.174918300001,27891.738000001435,5.5933,5.5933,17057950.0123885,0.0
20250311,17057950.0123885,17057950.0123885,,SKIP_OCCUPIED,,,0.0,17057950.0123885,17057950.0123885,,,,,,,,,,,,,,,,,,,,,,,,,17057950.0123885,0.0
20250312,17057950.0123885,17057950.0123885,,SKIP_OCCUPIED,,,0.0,17057950.0123885,17057950.0123885,,,,,,,,,,,,,,,,,,,,,,,,,17057950.0123885,0.0
20250313,17057950.0123885,17057950.0123885,20250312,EXECUTED,OK,E,0.004543302828522666,17135449.444928583,17135449.444928583,300042.SZ,朗科科技,20250314,True,True,True,379900.0,0.8248562277284941,37.037,37.28268,14070356.299999999,14163690.132,14163690.132,0.0,4221.106889999999,4249.1070396,282.34046432,7081.845066,14056.299999999634,14177.86800000043,15834.399459919998,28234.168000000063,3.188,3.188,17135449.444928583,0.0
20250314,17135449.444928583,17135449.444928583,,SKIP_OCCUPIED,,,0.0,17135449.444928583,17135449.444928583,,,,,,,,,,,,,,,,,,,,,,,,,17135449.444928583,0.0
20250317,17135449.444928583,17135449.444928583,,NO_PLAN,,,0.0,17135449.444928583,17135449.444928583,,,,,,,,,,,,,,,,,,,,,,,,,17135449.444928583,0.0
20250318,17135449.444928583,17135449.444928583,20250317,EXECUTED,OK,E,0.06473729188558752,18244752.037235655,18244752.037235655,300353.SZ,东土科技,20250319,True,True,True,675700.0,0.8249711905971495,20.920899999999996,22.58739,14136252.129999997,15262299.422999999,15262299.422999999,0.0,4240.875638999999,4578.689826899999,293.98551552999993,7631.149711499999,14122.129999998295,15277.577000000163,16744.700692929997,29399.70699999846,6.544,6.544,18244752.037235655,0.0
20250319,18244752.037235655,18244752.037235655,,SKIP_OCCUPIED,,,0.0,18244752.037235655,18244752.037235655,,,,,,,,,,,,,,,,,,,,,,,,,18244752.037235655,0.0
20250320,18244752.037235655,18244752.037235655,,NO_PLAN,,,0.0,18244752.037235655,18244752.037235655,,,,,,,,,,,,,,,,,,,,,,,,,18244752.037235655,0.0
20250321,18244752.037235655,18244752.037235655,20250320,EXECUTED,OK,E,0.18913150914887744,21695409.52408509,21695409.52408509,301079.SZ,邵阳液压,20250324,True,True,True,531700.0,0.824977639886879,28.308279999999996,34.83513,15051512.475999998,18521838.621,18521838.621000003,3.725290298461914e-09,4515.453742799999,5556.5515863,335.73351097,9260.919310500001,15036.475999997447,18540.378999998913,19668.65815057,33576.85499999636,1.312,1.312,21695409.52408509,0.0
20250324,21695409.52408509,21695409.52408509,,SKIP_OCCUPIED,,,0.0,21695409.52408509,21695409.52408509,,,,,,,,,,,,,,,,,,,,,,,,,21695409.52408509,0.0
20250325,21695409.52408509,21695409.52408509,,NO_PLAN,,,0.0,21695409.52408509,21695409.52408509,,,,,,,,,,,,,,,,,,,,,,,,,21695409.52408509,0.0
20250326,21695409.52408509,21695409.52408509,,NO_PLAN,,,0.0,21695409.52408509,21695409.52408509,,,,,,,,,,,,,,,,,,,,,,,,,21695409.52408509,0.0
20250327,21695409.52408509,21695409.52408509,,NO_PLAN,,,0.0,21695409.52408509,21695409.52408509,,,,,,,,,,,,,,,,,,,,,,,,,21695409.52408509,0.0
20250328,21695409.52408509,21695409.52408509,,NO_PLAN,,,0.0,21695409.52408509,21695409.52408509,,,,,,,,,,,,,,,,,,,,,,,,,21695409.52408509,0.0
20250331,21695409.52408509,21695409.52408509,,NO_PLAN,,,0.0,21695409.52408509,21695409.52408509,,,,,,,,,,,,,,,,,,,,,,,,,21695409.52408509,0.0
20250401,21695409.52408509,21695409.52408509,,NO_PLAN,,,0.0,21695409.52408509,21695409.52408509,,,,,,,,,,,,,,,,,,,,,,,,,21695409.52408509,0.0
20250402,21695409.52408509,21695409.52408509,20250401,EXECUTED,OK,C,0.09661019249808978,23791407.21453184,23791407.21453184,603693.SH,江苏新能,20250407,True,True,True,1322500.0,0.8249708391137074,13.533519999999998,15.13485,17898080.199999996,20015839.125,20015839.124999996,-3.725290298461914e-09,5369.4240599999985,6004.751737499998,379.13919324999995,10007.919562499997,17880.199999997327,20035.87500000029,21761.234553249993,37916.07499999762,1.4118,1.4118,23791407.21453184,0.0
20250403,23791407.21453184,23791407.21453184,,SKIP_OCCUPIED,,,0.0,23791407.21453184,23791407.21453184,,,,,,,,,,,,,,,,,,,,,,,,,23791407.21453184,0.0
20250407,23791407.21453184,23791407.21453184,,SKIP_OCCUPIED,,,0.0,23791407.21453184,23791407.21453184,,,,,,,,,,,,,,,,,,,,,,,,,23791407.21453184,0.0
20250408,23791407.21453184,23791407.21453184,20250407,EXECUTED,OK,A,0.15053523457522666,27372852.28044613,27372852.28044613,300967.SZ,晓鸣股份,20250409,True,True,True,938100.0,0.8249153197635346,20.920899999999996,24.76521,19625896.289999995,23232243.501,23232243.501,0.0,5887.768886999998,6969.673050299999,428.58139790999996,11616.121750499999,19606.289999997633,23255.498999999458,24902.14508571,42861.788999997094,1.016,1.016,27372852.28044613,0.0
20250409,27372852.28044613,27372852.28044613,,SKIP_OCCUPIED,,,0.0,27372852.28044613,27372852.28044613,,,,,,,,,,,,,,,,,,,,,,,,,27372852.28044613,0.0
20250410,27372852.28044613,27372852.28044613,20250409,EXECUTED,OK,C,0.06418606217775302,29129807.878901295,29129807.878901295,001256.SZ,炜冈科技,20250414,True,True,True,867600.0,0.8249106585114695,26.025999999999996,28.08189,22580157.599999998,24363847.764000002,24363847.764,-3.725290298461914e-09,6774.047279999999,7309.154329199999,469.44005364,12181.923882,22557.599999996746,24388.235999998335,26734.565544839996,46945.83599999508,1.023,1.023,29129807.878901295,0.0
20250411,29129807.878901295,29129807.878901295,,SKIP_OCCUPIED,,,0.0,29129807.878901295,29129807.878901295,,,,,,,,,,,,,,,,,,,,,,,,,29129807.878901295,0.0
20250414,29129807.878901295,29129807.878901295,,SKIP_OCCUPIED,,,0.0,29129807.878901295,29129807.878901295,,,,,,,,,,,,,,,,,,,,,,,,,29129807.878901295,0.0
20250415,29129807.878901295,29129807.878901295,,NO_PLAN,,,0.0,29129807.878901295,29129807.878901295,,,,,,,,,,,,,,,,,,,,,,,,,29129807.878901295,0.0
20250416,29129807.878901295,29129807.878901295,20250415,EXECUTED,OK,A,0.25794534932256075,36643706.34792357,36643706.34792357,920273.BJ,一致魔芋,20250417,True,True,True,400134.0,0.8249985080542326,60.059999999999995,78.921,24032048.04,31578975.414,31578975.414000005,3.725290298461914e-09,7209.614411999999,9473.6926242,556.1102345400001,15789.487707000002,24008.039999998065,31610.585999997405,33028.90497774001,55618.62599999547,1.2248,1.2248,36643706.34792357,0.0
20250417,36643706.34792357,36643706.34792357,,SKIP_OCCUPIED,,,0.0,36643706.34792357,36643706.34792357,,,,,,,,,,,,,,,,,,,,,,,,,36643706.34792357,0.0
20250418,36643706.34792357,36643706.34792357,,NO_PLAN,,,0.0,36643706.34792357,36643706.34792357,,,,,,,,,,,,,,,,,,,,,,,,,36643706.34792357,0.0
20250421,36643706.34792357,36643706.34792357,,NO_PLAN,,,0.0,36643706.34792357,36643706.34792357,,,,,,,,,,,,,,,,,,,,,,,,,36643706.34792357,0.0
20250422,36643706.34792357,36643706.34792357,20250421,EXECUTED,OK,C,0.14036647327471985,41787254.17569607,41787254.17569607,603119.SH,浙江荣泰,20250424,True,True,True,755000.0,0.824976592514174,40.03999999999999,46.90305,30230199.999999993,35411802.75,35411802.75,0.0,9069.059999999998,10623.540824999998,656.4200275000001,17705.901375,30199.99999999399,35447.25000000188,38054.92222749999,65647.24999999587,1.31,1.31,41787254.17569607,0.0
20250423,41787254.17569607,41787254.17569607,,SKIP_OCCUPIED,,,0.0,41787254.17569607,41787254.17569607,,,,,,,,,,,,,,,,,,,,,,,,,41787254.17569607,0.0
20250424,41787254.17569607,41787254.17569607,,SKIP_OCCUPIED,,,0.0,41787254.17569607,41787254.17569607,,,,,,,,,,,,,,,,,,,,,,,,,41787254.17569607,0.0
20250425,41787254.17569607,41787254.17569607,,NO_PLAN,,,0.0,41787254.17569607,41787254.17569607,,,,,,,,,,,,,,,,,,,,,,,,,41787254.17569607,0.0
20250428,41787254.17569607,41787254.17569607,,NO_PLAN,,,0.0,41787254.17569607,41787254.17569607,,,,,,,,,,,,,,,,,,,,,,,,,41787254.17569607,0.0
20250429,41787254.17569607,41787254.17569607,,NO_PLAN,,,0.0,41787254.17569607,41787254.17569607,,,,,,,,,,,,,,,,,,,,,,,,,41787254.17569607,0.0
20250430,41787254.17569607,41787254.17569607,20250429,EXECUTED,OK,C,0.058592889498624734,44235690.14206357,44235690.14206357,605599.SH,菜百股份,20250507,True,True,True,2560500.0,0.8249683882089092,13.463449999999998,14.43555,34473163.724999994,36962225.775,36962225.775,0.0,10341.949117499997,11088.667732499998,714.353895,18481.1128875,34438.72499999706,36999.22500000019,40626.0836325,71437.94999999725,1.128,1.128,44235690.14206357,0.0
20250506,44235690.14206357,44235690.14206357,,SKIP_OCCUPIED,,,0.0,44235690.14206357,44235690.14206357,,,,,,,,,,,,,,,,,,,,,,,,,44235690.14206357,0.0
20250507,44235690.14206357,44235690.14206357,,SKIP_OCCUPIED,,,0.0,44235690.14206357,44235690.14206357,,,,,,,,,,,,,,,,,,,,,,,,,44235690.14206357,0.0
20250508,44235690.14206357,44235690.14206357,,NO_PLAN,,,0.0,44235690.14206357,44235690.14206357,,,,,,,,,,,,,,,,,,,,,,,,,44235690.14206357,0.0
20250509,44235690.14206357,44235690.14206357,20250508,EXECUTED,OK,A,0.30118944779345425,57559013.22871405,57559013.22871405,920169.BJ,七丰精工,20250512,True,True,True,1402230.0,0.8249998556097479,26.025999999999996,35.5644,36494437.98,49869468.611999996,49869468.611999996,0.0,10948.331393999999,14960.840583599998,863.63906592,24934.734306,36457.97999999474,49919.38800000322,51707.54534951999,86377.36799999796,1.0651,1.0651,57559013.22871405,0.0
20250512,57559013.22871405,57559013.22871405,,SKIP_OCCUPIED,,,0.0,57559013.22871405,57559013.22871405,,,,,,,,,,,,,,,,,,,,,,,,,57559013.22871405,0.0
20250513,57559013.22871405,57559013.22871405,,NO_PLAN,,,0.0,57559013.22871405,57559013.22871405,,,,,,,,,,,,,,,,,,,,,,,,,57559013.22871405,0.0
20250514,57559013.22871405,57559013.22871405,,NO_PLAN,,,0.0,57559013.22871405,57559013.22871405,,,,,,,,,,,,,,,,,,,,,,,,,57559013.22871405,0.0
20250515,57559013.22871405,57559013.22871405,20250514,EXECUTED,OK,E,0.17425825006285622,67589146.14929456,67589146.14929456,300946.SZ,恒而达,20250519,True,True,True,682500.0,0.824913095040924,69.56949999999999,84.35556,47481183.74999999,57572669.699999996,57572669.699999996,0.0,14244.355124999996,17271.800909999998,1050.5385345,28786.33485,47433.74999999371,57630.300000000505,61353.029419499995,105064.04999999423,1.854,1.854,67589146.14929456,0.0
20250516,67589146.14929456,67589146.14929456,,SKIP_OCCUPIED,,,0.0,67589146.14929456,67589146.14929456,,,,,,,,,,,,,,,,,,,,,,,,,67589146.14929456,0.0
20250519,67589146.14929456,67589146.14929456,,SKIP_OCCUPIED,,,0.0,67589146.14929456,67589146.14929456,,,,,,,,,,,,,,,,,,,,,,,,,67589146.14929456,0.0
20250520,67589146.14929456,67589146.14929456,,NO_PLAN,,,0.0,67589146.14929456,67589146.14929456,,,,,,,,,,,,,,,,,,,,,,,,,67589146.14929456,0.0
20250521,67589146.14929456,67589146.14929456,,NO_PLAN,,,0.0,67589146.14929456,67589146.14929456,,,,,,,,,,,,,,,,,,,,,,,,,67589146.14929456,0.0
20250522,67589146.14929456,67589146.14929456,20250521,EXECUTED,OK,E,0.008291816141688058,68149582.92233819,68149582.92233819,301662.SZ,宏工科技,20250523,True,True,True,714100.0,0.8249179487612439,78.07799999999999,78.95097,55755499.79999999,56378887.677,56378887.677,0.0,16726.649939999996,16913.6663031,1121.34387477,28189.4438385,55699.79999999196,56435.32300000217,62951.10395636999,112135.12299999414,1.0,1.0,68149582.92233819,0.0
20250523,68149582.92233819,68149582.92233819,,SKIP_OCCUPIED,,,0.0,68149582.92233819,68149582.92233819,,,,,,,,,,,,,,,,,,,,,,,,,68149582.92233819,0.0
20250526,68149582.92233819,68149582.92233819,,NO_PLAN,,,0.0,68149582.92233819,68149582.92233819,,,,,,,,,,,,,,,,,,,,,,,,,68149582.92233819,0.0
20250527,68149582.92233819,68149582.92233819,,NO_PLAN,,,0.0,68149582.92233819,68149582.92233819,,,,,,,,,,,,,,,,,,,,,,,,,68149582.92233819,0.0
20250528,68149582.92233819,68149582.92233819,,NO_PLAN,,,0.0,68149582.92233819,68149582.92233819,,,,,,,,,,,,,,,,,,,,,,,,,68149582.92233819,0.0
20250529,68149582.92233819,68149582.92233819,,NO_PLAN,,,0.0,68149582.92233819,68149582.92233819,,,,,,,,,,,,,,,,,,,,,,,,,68149582.92233819,0.0
20250530,68149582.92233819,68149582.92233819,20250529,EXECUTED,OK,C,-0.049662591173861625,64765098.04699692,64765098.04699692,600686.SH,金龙汽车,20250604,True,True,True,3873600.0,0.824999431971153,14.514499999999998,13.65633,56223367.199999996,52899159.888000004,52899159.88800001,7.450580596923828e-09,16867.010159999998,15869.747966400002,1091.2252708800002,26449.579944000005,56167.199999992954,52952.111999997695,60277.56334128,109119.31199999065,13.0849,13.0849,68149582.92233819,-0.049662591173861625
20250603,64765098.04699692,64765098.04699692,,SKIP_OCCUPIED,,,0.0,64765098.04699692,64765098.04699692,,,,,,,,,,,,,,,,,,,,,,,,,68149582.92233819,-0.049662591173861625
20250604,64765098.04699692,64765098.04699692,,SKIP_OCCUPIED,,,0.0,64765098.04699692,64765098.04699692,,,,,,,,,,,,,,,,,,,,,,,,,68149582.92233819,-0.049662591173861625
20250605,64765098.04699692,64765098.04699692,,NO_PLAN,,,0.0,64765098.04699692,64765098.04699692,,,,,,,,,,,,,,,,,,,,,,,,,68149582.92233819,-0.049662591173861625
20250606,64765098.04699692,64765098.04699692,,NO_PLAN,,,0.0,64765098.04699692,64765098.04699692,,,,,,,,,,,,,,,,,,,,,,,,,68149582.92233819,-0.049662591173861625
20250609,64765098.04699692,64765098.04699692,,NO_PLAN,,,0.0,64765098.04699692,64765098.04699692,,,,,,,,,,,,,,,,,,,,,,,,,68149582.92233819,-0.049662591173861625
20250610,64765098.04699692,64765098.04699692,,NO_PLAN,,,0.0,64765098.04699692,64765098.04699692,,,,,,,,,,,,,,,,,,,,,,,,,68149582.92233819,-0.049662591173861625
20250611,64765098.04699692,64765098.04699692,,NO_PLAN,,,0.0,64765098.04699692,64765098.04699692,,,,,,,,,,,,,,,,,,,,,,,,,68149582.92233819,-0.049662591173861625
20250612,64765098.04699692,64765098.04699692,20250611,EXECUTED,OK,A,0.01119273548639188,65489996.658187196,65489996.658187196,301110.SZ,青木科技,20250613,True,True,True,850500.0,0.824993074838362,62.82275999999999,63.746190000000006,53430757.37999999,54216134.595000006,54216134.59500001,7.450580596923828e-09,16029.227213999995,16264.840378500003,1076.4689197500002,27108.06729750001,53377.37999999163,54270.4049999971,60478.60380975,107647.78499998874,1.4815,1.4815,68149582.92233819,-0.03902571593404758
20250613,65489996.658187196,65489996.658187196,,SKIP_OCCUPIED,,,0.0,65489996.658187196,65489996.658187196,,,,,,,,,,,,,,,,,,,,,,,,,68149582.92233819,-0.03902571593404758
20250616,65489996.658187196,65489996.658187196,,NO_PLAN,,,0.0,65489996.658187196,65489996.658187196,,,,,,,,,,,,,,,,,,,,,,,,,68149582.92233819,-0.03902571593404758
20250617,65489996.658187196,65489996.658187196,,NO_PLAN,,,0.0,65489996.658187196,65489996.658187196,,,,,,,,,,,,,,,,,,,,,,,,,68149582.92233819,-0.03902571593404758
20250618,65489996.658187196,65489996.658187196,20250617,EXECUTED,OK,A,0.021507233551497196,66898505.3116016,66898505.3116016,300457.SZ,赢合科技,20250619,True,True,True,2632900.0,0.8249874363559868,20.5205,21.0789,54028424.449999996,55498635.81,55498635.81,0.0,16208.527334999997,16649.590743,1095.2706026,27749.317905000004,53974.449999995806,55554.19000000148,61702.706585600004,109528.63999999728,5.8441,5.8441,68149582.92233819,-0.018357817569658264
20250619,66898505.3116016,66898505.3116016,,SKIP_OCCUPIED,,,0.0,66898505.3116016,66898505.3116016,,,,,,,,,,,,,,,,,,,,,,,,,68149582.92233819,-0.018357817569658264
20250620,66898505.3116016,66898505.3116016,,NO_PLAN,,,0.0,66898505.3116016,66898505.3116016,,,,,,,,,,,,,,,,,,,,,,,,,68149582.92233819,-0.018357817569658264
20250623,66898505.3116016,66898505.3116016,,NO_PLAN,,,0.0,66898505.3116016,66898505.3116016,,,,,,,,,,,,,,,,,,,,,,,,,68149582.92233819,-0.018357817569658264
20250624,66898505.3116016,66898505.3116016,20250624,PLAN_NOT_EXECUTED,QUEUE_UNCONFIRMED_NO_DEPTH,D,0.0,66898505.3116016,66898505.3116016,300969.SZ,恒帅股份,20250626,False,False,False,,,,,,,,,,,,,,,,,,,68149582.92233819,-0.018357817569658264
20250625,66898505.3116016,66898505.3116016,20250624,EXECUTED,OK,C,0.0873702720690952,72743445.92169204,72743445.92169204,603155.SH,新亚强,20250627,True,True,True,3276000.0,0.8249842776446733,16.846829999999997,18.65133,55190215.07999999,61101757.080000006,61101757.08000002,1.4901161193847656e-08,16557.064523999994,18330.527124000004,1162.9197216000002,30550.878540000012,55135.079999996036,61162.92000000061,66601.38990960002,116297.99999999665,2.2973,2.2973,72743445.92169204,0.0
20250626,72743445.92169204,72743445.92169204,,SKIP_OCCUPIED,,,0.0,72743445.92169204,72743445.92169204,,,,,,,,,,,,,,,,,,,,,,,,,72743445.92169204,0.0
20250627,72743445.92169204,72743445.92169204,,SKIP_OCCUPIED,,,0.0,72743445.92169204,72743445.92169204,,,,,,,,,,,,,,,,,,,,,,,,,72743445.92169204,0.0
20250630,72743445.92169204,72743445.92169204,20250627,EXECUTED,OK,C,-0.007934011029290367,72166298.61944075,72166298.61944075,000700.SZ,模塑科技,20250702,True,True,True,7816600.0,0.8249990712098514,7.677669999999999,7.61238,60013275.32199999,59502929.508,59502929.508,0.0,18003.982596599995,17850.878852399997,1195.1620483000002,29751.464754,59953.32199999357,59562.492000001424,66801.48825129999,119515.81399999499,17.8319,17.8319,72743445.92169204,-0.007934011029290367
20250701,72166298.61944075,72166298.61944075,,SKIP_OCCUPIED,,,0.0,72166298.61944075,72166298.61944075,,,,,,,,,,,,,,,,,,,,,,,,,72743445.92169204,-0.007934011029290367
20250702,72166298.61944075,72166298.61944075,,SKIP_OCCUPIED,,,0.0,72166298.61944075,72166298.61944075,,,,,,,,,,,,,,,,,,,,,,,,,72743445.92169204,-0.007934011029290367
20250703,72166298.61944075,72166298.61944075,,NO_PLAN,,,0.0,72166298.61944075,72166298.61944075,,,,,,,,,,,,,,,,,,,,,,,,,72743445.92169204,-0.007934011029290367
20250704,72166298.61944075,72166298.61944075,,NO_PLAN,,,0.0,72166298.61944075,72166298.61944075,,,,,,,,,,,,,,,,,,,,,,,,,72743445.92169204,-0.007934011029290367
20250707,72166298.61944075,72166298.61944075,20250704,EXECUTED,OK,A,0.0836037677678787,78199673.08988786,78199673.08988786,300436.SZ,广生堂,20250708,True,True,True,1091100.0,0.8249742331244058,54.56450999999999,60.15978,59535336.860999994,65640335.958,65640335.958,0.0,17860.601058299995,19692.1007874,1251.75672819,32820.167979,59475.860999992794,65706.04200000115,71624.62655289,125181.90299999394,2.027,2.027,78199673.08988786,0.0
20250708,78199673.08988786,78199673.08988786,,SKIP_OCCUPIED,,,0.0,78199673.08988786,78199673.08988786,,,,,,,,,,,,,,,,,,,,,,,,,78199673.08988786,0.0
20250709,78199673.08988786,78199673.08988786,,NO_PLAN,,,0.0,78199673.08988786,78199673.08988786,,,,,,,,,,,,,,,,,,,,,,,,,78199673.08988786,0.0
20250710,78199673.08988786,78199673.08988786,20250709,EXECUTED,OK,C,0.0786656843920499,84351303.89273845,84351303.89273845,000514.SZ,渝 开 发,20250715,True,True,True,10101900.0,0.824997977265745,6.386379999999999,7.00299,64514572.121999994,70743504.681,70743504.68100001,1.4901161193847656e-08,19354.371636599997,21223.0514043,1352.5807680300002,35371.7523405,64450.121999991556,70814.31900000185,77301.75614943,135264.4409999934,4.4343,4.4343,84351303.89273845,0.0
20250711,84351303.89273845,84351303.89273845,,SKIP_OCCUPIED,,,0.0,84351303.89273845,84351303.89273845,,,,,,,,,,,,,,,,,,,,,,,,,84351303.89273845,0.0
20250714,84351303.89273845,84351303.89273845,,SKIP_OCCUPIED,,,0.0,84351303.89273845,84351303.89273845,,,,,,,,,,,,,,,,,,,,,,,,,84351303.89273845,0.0
20250715,84351303.89273845,84351303.89273845,,SKIP_OCCUPIED,,,0.0,84351303.89273845,84351303.89273845,,,,,,,,,,,,,,,,,,,,,,,,,84351303.89273845,0.0
20250716,84351303.89273845,84351303.89273845,20250715,EXECUTED,OK,A,0.10828176957858293,93485012.34450497,93485012.34450497,300502.SZ,新易盛,20250717,True,True,True,429900.0,0.8249860395458649,161.87170999999998,183.3165,69588648.129,78807763.35,78807763.35000001,1.4901161193847656e-08,20876.594438699994,23642.329005,1483.9641147900002,39403.881675000004,69519.1289999875,78886.65000000401,85406.76923348999,148405.7789999915,11.9444,11.9444,93485012.34450497,0.0
20250717,93485012.34450497,93485012.34450497,,SKIP_OCCUPIED,,,0.0,93485012.34450497,93485012.34450497,,,,,,,,,,,,,,,,,,,,,,,,,93485012.34450497,0.0
20250718,93485012.34450497,93485012.34450497,,NO_PLAN,,,0.0,93485012.34450497,93485012.34450497,,,,,,,,,,,,,,,,,,,,,,,,,93485012.34450497,0.0
20250721,93485012.34450497,93485012.34450497,,NO_PLAN,,,0.0,93485012.34450497,93485012.34450497,,,,,,,,,,,,,,,,,,,,,,,,,93485012.34450497,0.0
20250722,93485012.34450497,93485012.34450497,,NO_PLAN,,,0.0,93485012.34450497,93485012.34450497,,,,,,,,,,,,,,,,,,,,,,,,,93485012.34450497,0.0
20250723,93485012.34450497,93485012.34450497,,NO_PLAN,,,0.0,93485012.34450497,93485012.34450497,,,,,,,,,,,,,,,,,,,,,,,,,93485012.34450497,0.0
20250724,93485012.34450497,93485012.34450497,,NO_PLAN,,,0.0,93485012.34450497,93485012.34450497,,,,,,,,,,,,,,,,,,,,,,,,,93485012.34450497,0.0
20250725,93485012.34450497,93485012.34450497,,NO_PLAN,,,0.0,93485012.34450497,93485012.34450497,,,,,,,,,,,,,,,,,,,,,,,,,93485012.34450497,0.0
20250728,93485012.34450497,93485012.34450497,20250725,EXECUTED,OK,A,0.22854868555622798,114850889.03504933,114850889.03504933,300539.SZ,横河精密,20250729,True,True,True,3345500.0,0.8249869142744284,23.05303,29.4705,77123911.865,98593557.75,98593557.75,0.0,23137.173559499995,29578.067324999996,1757.1746961500003,49296.778875,77046.86499999516,98692.24999999581,103769.19445565,175739.11499999097,2.3353,2.3353,114850889.03504933,0.0
20250729,114850889.03504933,114850889.03504933,,SKIP_OCCUPIED,,,0.0,114850889.03504933,114850889.03504933,,,,,,,,,,,,,,,,,,,,,,,,,114850889.03504933,0.0
20250730,114850889.03504933,114850889.03504933,20250729,EXECUTED,OK,A,0.02337759486392965,117535826.58867285,117535826.58867285,300528.SZ,幸福蓝海,20250731,True,True,True,4205100.0,0.8249954231706857,22.53251,23.19678,94751457.801,97544779.57800001,97544779.578,-1.4901161193847656e-08,28425.437340299995,29263.433873399994,1922.9623737900001,48772.389789,94656.80099998706,97642.42199999354,108384.22337648999,192299.22299998061,1.214,1.214,117535826.58867285,0.0
20250731,117535826.58867285,117535826.58867285,,SKIP_OCCUPIED,,,0.0,117535826.58867285,117535826.58867285,,,,,,,,,,,,,,,,,,,,,,,,,117535826.58867285,0.0
20250801,117535826.58867285,117535826.58867285,20250731,EXECUTED,OK,E,-0.04861788180922133,111821483.66323562,111821483.66323562,301171.SZ,易点天下,20250804,True,True,True,2697500.0,0.8249747761109003,35.94590999999999,33.866099999999996,96964092.22499998,91353804.74999999,91353804.75,1.4901161193847656e-08,29089.227667499992,27406.141424999998,1883.1789697499999,45676.902375,96867.22499998412,91445.2500000073,104055.45043725,188312.47499999142,1.0106,1.0106,117535826.58867285,-0.04861788180922133
20250804,111821483.66323562,111821483.66323562,,SKIP_OCCUPIED,,,0.0,111821483.66323562,111821483.66323562,,,,,,,,,,,,,,,,,,,,,,,,,117535826.58867285,-0.04861788180922133
20250805,111821483.66323562,111821483.66323562,,NO_PLAN,,,0.0,111821483.66323562,111821483.66323562,,,,,,,,,,,,,,,,,,,,,,,,,117535826.58867285,-0.04861788180922133
20250806,111821483.66323562,111821483.66323562,,NO_PLAN,,,0.0,111821483.66323562,111821483.66323562,,,,,,,,,,,,,,,,,,,,,,,,,117535826.58867285,-0.04861788180922133
20250807,111821483.66323562,111821483.66323562,,NO_PLAN,,,0.0,111821483.66323562,111821483.66323562,,,,,,,,,,,,,,,,,,,,,,,,,117535826.58867285,-0.04861788180922133
20250808,111821483.66323562,111821483.66323562,20250807,EXECUTED,OK,C,0.07568373363733749,120284551.04773584,120284551.04773584,600475.SH,华光环能,20250812,True,True,True,4495600.0,0.8249931656946022,20.5205,22.42755,92251959.8,100825293.78,100825293.78000002,1.4901161193847656e-08,27675.587939999998,30247.588134,1930.7725358000002,50412.64689000001,92159.79999999284,100926.21999999638,110266.59549980002,193086.01999998922,5.2207,5.2207,120284551.04773584,0.0
20250811,120284551.04773584,120284551.04773584,,SKIP_OCCUPIED,,,0.0,120284551.04773584,120284551.04773584,,,,,,,,,,,,,,,,,,,,,,,,,120284551.04773584,0.0
20250812,120284551.04773584,120284551.04773584,,SKIP_OCCUPIED,,,0.0,120284551.04773584,120284551.04773584,,,,,,,,,,,,,,,,,,,,,,,,,120284551.04773584,0.0
20250813,120284551.04773584,120284551.04773584,20250812,EXECUTED,OK,C,0.13139508574617476,136089349.94659323,136089349.94659323,600246.SH,万通发展,20250815,True,True,True,10834400.0,0.8249928514977645,9.15915,10.62936,99233894.76,115162737.984,115162737.98400001,1.4901161193847656e-08,29770.168427999997,34548.8213952,2143.9663274400004,57581.36899200001,99134.75999999991,115278.01600000463,124044.32514264001,214412.77600000455,12.463,12.463,136089349.94659323,0.0
20250814,136089349.94659323,136089349.94659323,,SKIP_OCCUPIED,,,0.0,136089349.94659323,136089349.94659323,,,,,,,,,,,,,,,,,,,,,,,,,136089349.94659323,0.0
20250815,136089349.94659323,136089349.94659323,,SKIP_OCCUPIED,,,0.0,136089349.94659323,136089349.94659323,,,,,,,,,,,,,,,,,,,,,,,,,136089349.94659323,0.0
20250818,136089349.94659323,136089349.94659323,20250815,EXECUTED,OK,A,0.12070110204330842,152515484.4615045,152515484.4615045,920476.BJ,海能技术,20250819,True,True,True,3560684.0,0.8249999547360656,31.5315,36.18378,112273707.546,128839006.50552,128839006.50552,0.0,33682.1122638,38651.701951655996,2411.1271405152,64419.503252760005,112161.54600000425,128967.9744800005,139164.4446087312,241129.52048000475,3.8937,3.8937,152515484.4615045,0.0
20250819,152515484.4615045,152515484.4615045,,SKIP_OCCUPIED,,,0.0,152515484.4615045,152515484.4615045,,,,,,,,,,,,,,,,,,,,,,,,,152515484.4615045,0.0
20250820,152515484.4615045,152515484.4615045,20250819,EXECUTED,OK,C,0.06692100003562929,162721973.20258686,162721973.20258686,601689.SH,拓普集团,20250822,True,True,True,2318300.0,0.8249911454581416,54.27421999999999,58.7412,125823924.22599998,136179723.96,136179723.96,0.0,37747.17726779999,40853.917188,2620.03648186,68089.86198,125698.22599998543,136316.0399999953,149310.99291765998,262014.26599998074,2.3151,2.3151,162721973.20258686,0.0
20250821,162721973.20258686,162721973.20258686,,SKIP_OCCUPIED,,,0.0,162721973.20258686,162721973.20258686,,,,,,,,,,,,,,,,,,,,,,,,,162721973.20258686,0.0
20250822,162721973.20258686,162721973.20258686,,SKIP_OCCUPIED,,,0.0,162721973.20258686,162721973.20258686,,,,,,,,,,,,,,,,,,,,,,,,,162721973.20258686,0.0
20250825,162721973.20258686,162721973.20258686,20250822,EXECUTED,OK,E,0.018387076371524813,165713954.55118802,165713954.55118802,300113.SZ,顺网科技,20250826,True,True,True,4812000.0,0.8249933785701282,27.89787,28.551419999999997,134244550.44,137389433.04,137389433.04,0.0,40273.365132,41216.829911999994,2716.3398348,68694.71652,134110.4400000003,137526.96000000773,152901.2513988,271637.40000000806,11.8763,11.8763,165713954.55118802,0.0
20250826,165713954.55118802,165713954.55118802,,SKIP_OCCUPIED,,,0.0,165713954.55118802,165713954.55118802,,,,,,,,,,,,,,,,,,,,,,,,,165713954.55118802,0.0
20250827,165713954.55118802,165713954.55118802,20250826,EXECUTED,OK,C,0.21738187715770163,201737165.06275132,201737165.06275132,601869.SH,XD长飞光,20250829,True,True,True,1896900.0,0.8249961638431003,72.07199999999999,91.15875,136713376.79999998,172919032.875,172919032.87500003,2.9802322387695312e-08,41014.01303999999,51875.70986250001,3096.3240967500005,86459.51643750002,136576.79999997822,173092.1250000043,182445.56343675003,309668.9249999825,1.0895,1.0895,201737165.06275132,0.0
20250828,201737165.06275132,201737165.06275132,,SKIP_OCCUPIED,,,0.0,201737165.06275132,201737165.06275132,,,,,,,,,,,,,,,,,,,,,,,,,201737165.06275132,0.0
20250829,201737165.06275132,201737165.06275132,,SKIP_OCCUPIED,,,0.0,201737165.06275132,201737165.06275132,,,,,,,,,,,,,,,,,,,,,,,,,201737165.06275132,0.0
20250901,201737165.06275132,201737165.06275132,,NO_PLAN,,,0.0,201737165.06275132,201737165.06275132,,,,,,,,,,,,,,,,,,,,,,,,,201737165.06275132,0.0
20250902,201737165.06275132,201737165.06275132,20250901,EXECUTED,OK,A,0.4762529507152695,297815085.19282,297815085.19282,920274.BJ,宏裕包材,20250903,True,True,True,5433558.0,0.8249999033298112,30.6306,48.36159,166433141.6748,262775504.23722,262775504.23722002,2.9802322387695312e-08,49929.94250244,78832.651271166,4292.086459120201,131387.75211861002,166266.8747999986,263038.5427799834,264442.43235133623,429305.417579982,2.1701,2.1701,297815085.19282,0.0
20250903,297815085.19282,297815085.19282,,SKIP_OCCUPIED,,,0.0,297815085.19282,297815085.19282,,,,,,,,,,,,,,,,,,,,,,,,,297815085.19282,0.0
20250904,297815085.19282,297815085.19282,20250903,EXECUTED,OK,A,0.038930500712405225,309409175.5790841,309409175.5790841,300092.SZ,科新机电,20250905,True,True,True,12898100.0,0.8249961337046584,19.04903,19.97001,245696293.84299996,257575185.98099998,257575185.98099998,0.0,73708.88815289998,77272.55579429999,5032.71479824,128787.5929905,245450.84299996408,257833.0189999994,284801.75173593994,503283.86199996347,2.7376,2.7376,309409175.5790841,0.0
20250905,309409175.5790841,309409175.5790841,,SKIP_OCCUPIED,,,0.0,309409175.5790841,309409175.5790841,,,,,,,,,,,,,,,,,,,,,,,,,309409175.5790841,0.0
20250908,309409175.5790841,309409175.5790841,,NO_PLAN,,,0.0,309409175.5790841,309409175.5790841,,,,,,,,,,,,,,,,,,,,,,,,,309409175.5790841,0.0
20250909,309409175.5790841,309409175.5790841,20250908,EXECUTED,OK,A,0.00040417164684125595,309534229.9951257,309534229.9951257,301538.SZ,骏鼎达,20250910,True,True,True,2794600.0,0.8249989896784935,91.34125,91.48842,255262257.25,255673538.532,255673538.53200006,5.960464477539063e-08,76578.67717499999,76702.06155960001,5109.357957820001,127836.76926600003,255007.25000000634,255929.46799998137,286226.86595842004,510936.7179999877,1.9874,1.9874,309534229.9951257,0.0
20250910,309534229.9951257,309534229.9951257,,SKIP_OCCUPIED,,,0.0,309534229.9951257,309534229.9951257,,,,,,,,,,,,,,,,,,,,,,,,,309534229.9951257,0.0
20250911,309534229.9951257,309534229.9951257,,NO_PLAN,,,0.0,309534229.9951257,309534229.9951257,,,,,,,,,,,,,,,,,,,,,,,,,309534229.9951257,0.0
20250912,309534229.9951257,309534229.9951257,20250911,EXECUTED,OK,E,0.11654419616601364,345608648.01577365,345608648.01577365,688195.SH,腾景科技,20250916,True,True,True,2632720.0,0.8249998023547227,96.9969,110.81907,255365678.568,291755581.9704,291755581.97040004,5.960464477539063e-08,76609.70357039999,87526.67459112,5471.212605384,145877.79098520003,255110.567999976,292047.6296000274,315485.38175210403,547158.1976000033,1.0271,1.0271,345608648.01577365,0.0
20250915,345608648.01577365,345608648.01577365,,SKIP_OCCUPIED,,,0.0,345608648.01577365,345608648.01577365,,,,,,,,,,,,,,,,,,,,,,,,,345608648.01577365,0.0
20250916,345608648.01577365,345608648.01577365,,SKIP_OCCUPIED,,,0.0,345608648.01577365,345608648.01577365,,,,,,,,,,,,,,,,,,,,,,,,,345608648.01577365,0.0
20250917,345608648.01577365,345608648.01577365,,NO_PLAN,,,0.0,345608648.01577365,345608648.01577365,,,,,,,,,,,,,,,,,,,,,,,,,345608648.01577365,0.0
20250918,345608648.01577365,345608648.01577365,,NO_PLAN,,,0.0,345608648.01577365,345608648.01577365,,,,,,,,,,,,,,,,,,,,,,,,,345608648.01577365,0.0
20250919,345608648.01577365,345608648.01577365,,NO_PLAN,,,0.0,345608648.01577365,345608648.01577365,,,,,,,,,,,,,,,,,,,,,,,,,345608648.01577365,0.0
20250922,345608648.01577365,345608648.01577365,20250922,EXECUTED,OK,D,0.18016664860067189,407875799.85618484,407875799.85618484,300250.SZ,初灵信息,20250924,True,True,True,13013500.0,0.8249960949674696,21.91,26.72325,285125785.0,347763013.875,347763013.875,0.0,85537.7355,104328.9041625,6328.887988750001,173881.5069375,0.0,348111.1249999978,370077.03458875,348111.1249999978,4.204,4.204,407875799.85618484,0.0
20250923,407875799.85618484,407875799.85618484,,SKIP_OCCUPIED,,,0.0,407875799.85618484,407875799.85618484,,,,,,,,,,,,,,,,,,,,,,,,,407875799.85618484,0.0
20250924,407875799.85618484,407875799.85618484,,SKIP_OCCUPIED,,,0.0,407875799.85618484,407875799.85618484,,,,,,,,,,,,,,,,,,,,,,,,,407875799.85618484,0.0
20250925,407875799.85618484,407875799.85618484,,NO_PLAN,,,0.0,407875799.85618484,407875799.85618484,,,,,,,,,,,,,,,,,,,,,,,,,407875799.85618484,0.0
20250926,407875799.85618484,407875799.85618484,,NO_PLAN,,,0.0,407875799.85618484,407875799.85618484,,,,,,,,,,,,,,,,,,,,,,,,,407875799.85618484,0.0
20250929,407875799.85618484,407875799.85618484,,NO_PLAN,,,0.0,407875799.85618484,407875799.85618484,,,,,,,,,,,,,,,,,,,,,,,,,407875799.85618484,0.0
20250930,407875799.85618484,407875799.85618484,,NO_PLAN,,,0.0,407875799.85618484,407875799.85618484,,,,,,,,,,,,,,,,,,,,,,,,,407875799.85618484,0.0
20251009,407875799.85618484,407875799.85618484,,NO_PLAN,,,0.0,407875799.85618484,407875799.85618484,,,,,,,,,,,,,,,,,,,,,,,,,407875799.85618484,0.0
20251010,407875799.85618484,407875799.85618484,20251009,EXECUTED,OK,A,0.19390752360758357,486965986.14576006,486965986.14576006,920284.BJ,灵鸽科技,20251013,True,True,True,9051194.0,0.8249999304293304,37.177139999999994,45.963989999999995,336497506.50516,416028990.50406,416028990.50406003,5.960464477539063e-08,100949.25195154798,124808.697151218,7525.2649700922,208014.49525203003,336161.3451599433,416445.43594002305,441297.70932488824,752606.7810999663,3.5533,3.5533,486965986.14576006,0.0
20251013,486965986.14576006,486965986.14576006,,SKIP_OCCUPIED,,,0.0,486965986.14576006,486965986.14576006,,,,,,,,,,,,,,,,,,,,,,,,,486965986.14576006,0.0
20251014,486965986.14576006,486965986.14576006,,NO_PLAN,,,0.0,486965986.14576006,486965986.14576006,,,,,,,,,,,,,,,,,,,,,,,,,486965986.14576006,0.0
20251015,486965986.14576006,486965986.14576006,20251014,EXECUTED,OK,A,-0.0716630919845822,452068497.8872337,452068497.8872337,301323.SZ,新莱福,20251016,True,True,True,4822100.0,0.8249954572037574,83.31322999999999,76.16376,401744726.38299996,367269267.09599996,367269267.096,5.960464477539063e-08,120523.41791489998,110180.78012879999,7690.139934790001,183634.633548,401343.3829999332,367636.90399999294,422028.97152648994,768980.2869999262,1.0246,1.0246,486965986.14576006,-0.0716630919845822
20251016,452068497.8872337,452068497.8872337,,SKIP_OCCUPIED,,,0.0,452068497.8872337,452068497.8872337,,,,,,,,,,,,,,,,,,,,,,,,,486965986.14576006,-0.0716630919845822
20251017,452068497.8872337,452068497.8872337,,NO_PLAN,,,0.0,452068497.8872337,452068497.8872337,,,,,,,,,,,,,,,,,,,,,,,,,486965986.14576006,-0.0716630919845822
20251020,452068497.8872337,452068497.8872337,20251017,EXECUTED,OK,A,0.038351522211428346,469406012.9250429,469406012.9250429,300300.SZ,海峡创新,20251021,True,True,True,63908000.0,0.8249993648817179,5.83583,6.11388,372956223.64,390725843.04,390725843.04,0.0,111886.86709199999,117217.752912,7636.8206668,195362.92152,372583.6399999717,391116.960000008,432104.36219079996,763700.5999999797,6.662,6.662,486965986.14576006,-0.03605995843714027
20251021,469406012.9250429,469406012.9250429,,SKIP_OCCUPIED,,,0.0,469406012.9250429,469406012.9250429,,,,,,,,,,,,,,,,,,,,,,,,,486965986.14576006,-0.03605995843714027
20251022,469406012.9250429,469406012.9250429,20251021,EXECUTED,OK,A,0.13534293349786974,532936799.7158572,532936799.7158572,301231.SZ,荣信文化,20251023,True,True,True,11878200.0,0.824999757802079,32.60257,37.99197,387259846.974,451276218.054,451276218.054,0.0,116177.95409219999,135382.8654162,8385.36065028,225638.10902700003,386872.9739999972,451727.9459999895,485584.28918568004,838600.9199999867,1.007,1.007,532936799.7158572,0.0
20251023,532936799.7158572,532936799.7158572,,SKIP_OCCUPIED,,,0.0,532936799.7158572,532936799.7158572,,,,,,,,,,,,,,,,,,,,,,,,,532936799.7158572,0.0
20251024,532936799.7158572,532936799.7158572,,NO_PLAN,,,0.0,532936799.7158572,532936799.7158572,,,,,,,,,,,,,,,,,,,,,,,,,532936799.7158572,0.0
20251027,532936799.7158572,532936799.7158572,,NO_PLAN,,,0.0,532936799.7158572,532936799.7158572,,,,,,,,,,,,,,,,,,,,,,,,,532936799.7158572,0.0
20251028,532936799.7158572,532936799.7158572,,NO_PLAN,,,0.0,532936799.7158572,532936799.7158572,,,,,,,,,,,,,,,,,,,,,,,,,532936799.7158572,0.0
20251029,532936799.7158572,532936799.7158572,20251028,EXECUTED,OK,A,-0.0175739657579026,523570986.64652455,523570986.64652455,920748.BJ,路桥信息,20251030,True,True,True,7348730.0,0.824999936064685,59.82977,58.62132,439672825.69210005,430792252.92359996,430792252.9236001,1.1920928955078125e-07,131901.84770763,129237.67587708001,8704.650786157003,215396.12646180004,439233.5921000024,431223.47640001844,485240.30083266704,870457.0685000208,1.0083,1.0083,532936799.7158572,-0.0175739657579026
20251030,523570986.64652455,523570986.64652455,,SKIP_OCCUPIED,,,0.0,523570986.64652455,523570986.64652455,,,,,,,,,,,,,,,,,,,,,,,,,532936799.7158572,-0.0175739657579026
20251031,523570986.64652455,523570986.64652455,20251030,EXECUTED,OK,A,0.03132288019233376,539970737.9334356,539970737.9334356,300438.SZ,鹏辉能源,20251103,True,True,True,8801000.0,0.8249970950388361,49.07903,50.998949999999994,431944543.03000003,448841758.9499999,448841758.95,5.960464477539063e-08,129583.362909,134652.52768499998,8807.8630198,224420.879475,431513.0300000168,449291.0500000316,497464.6330888,880804.0800000484,4.602,4.602,539970737.9334356,0.0
20251103,539970737.9334356,539970737.9334356,,SKIP_OCCUPIED,,,0.0,539970737.9334356,539970737.9334356,,,,,,,,,,,,,,,,,,,,,,,,,539970737.9334356,0.0
20251104,539970737.9334356,539970737.9334356,20251103,EXECUTED,OK,A,0.026894181285805674,554492808.8484477,554492808.8484477,300455.SZ,航天智装,20251105,True,True,True,18112700.0,0.8249966836053169,24.594569999999997,25.42455,445474068.039,460507246.785,460507246.78499997,-5.960464477539063e-08,133642.2204117,138152.17403549998,9059.81314824,230253.62339249998,445029.03899994737,460968.21499998745,511107.83098793996,905997.2539999348,3.7582,3.7582,554492808.8484477,0.0
20251105,554492808.8484477,554492808.8484477,,SKIP_OCCUPIED,,,0.0,554492808.8484477,554492808.8484477,,,,,,,,,,,,,,,,,,,,,,,,,554492808.8484477,0.0
20251106,554492808.8484477,554492808.8484477,,NO_PLAN,,,0.0,554492808.8484477,554492808.8484477,,,,,,,,,,,,,,,,,,,,,,,,,554492808.8484477,0.0
20251107,554492808.8484477,554492808.8484477,20251106,EXECUTED,OK,A,0.3687228241704632,758946963.3092601,758946963.3092601,300437.SZ,清水源,20251110,True,True,True,37706200.0,0.8249992350559601,12.13212,17.57241,457456143.144,662588805.942,662588805.9420002,1.1920928955078125e-07,137236.8429432,198776.64178260003,11200.449490860003,331294.40297100006,456999.14400004677,663252.0579999412,678508.33718766,1120251.201999988,2.932,2.932,758946963.3092601,0.0
20251110,758946963.3092601,758946963.3092601,,SKIP_OCCUPIED,,,0.0,758946963.3092601,758946963.3092601,,,,,,,,,,,,,,,,,,,,,,,,,758946963.3092601,0.0
20251111,758946963.3092601,758946963.3092601,20251110,EXECUTED,OK,A,0.13767848254682669,863437629.5512012,863437629.5512012,300997.SZ,欢乐家,20251112,True,True,True,26008500.0,0.8249982669340504,24.07405,28.12185,626129929.425,731407135.7249999,731407135.725,1.1920928955078125e-07,187838.97882749996,219422.14071749998,13575.370651500001,365703.56786250003,625504.4249999744,732139.275000003,786540.058059,1357643.6999999774,1.0805,1.0805,863437629.5512012,0.0
20251112,863437629.5512012,863437629.5512012,,SKIP_OCCUPIED,,,0.0,863437629.5512012,863437629.5512012,,,,,,,,,,,,,,,,,,,,,,,,,863437629.5512012,0.0
20251113,863437629.5512012,863437629.5512012,,NO_PLAN,,,0.0,863437629.5512012,863437629.5512012,,,,,,,,,,,,,,,,,,,,,,,,,863437629.5512012,0.0
20251114,863437629.5512012,863437629.5512012,20251113,EXECUTED,OK,C,0.01425062123694354,875742152.1716598,875742152.1716598,002837.SZ,英维克,20251118,True,True,True,9765600.0,0.8249940318703232,72.94287,74.28564,712330891.272,725443845.984,725443845.984,0.0,213699.26738159996,217633.15379519996,14377.74737256,362721.922992,711619.2719999478,726170.0159999868,808432.0915413599,1437789.2879999345,11.1562,11.1562,875742152.1716598,0.0
20251117,875742152.1716598,875742152.1716598,,SKIP_OCCUPIED,,,0.0,875742152.1716598,875742152.1716598,,,,,,,,,,,,,,,,,,,,,,,,,875742152.1716598,0.0
20251118,875742152.1716598,875742152.1716598,,SKIP_OCCUPIED,,,0.0,875742152.1716598,875742152.1716598,,,,,,,,,,,,,,,,,,,,,,,,,875742152.1716598,0.0
20251119,875742152.1716598,875742152.1716598,,NO_PLAN,,,0.0,875742152.1716598,875742152.1716598,,,,,,,,,,,,,,,,,,,,,,,,,875742152.1716598,0.0
20251120,875742152.1716598,875742152.1716598,,NO_PLAN,,,0.0,875742152.1716598,875742152.1716598,,,,,,,,,,,,,,,,,,,,,,,,,875742152.1716598,0.0
20251121,875742152.1716598,875742152.1716598,20251120,EXECUTED,OK,A,-0.037587837713116024,842824898.2772965,842824898.2772965,301092.SZ,争光股份,20251124,True,True,True,18506800.0,0.8249996456244356,39.038999999999994,37.30266,722486965.1999999,690352868.088,690352868.088,0.0,216746.08955999996,207105.8604264,14128.398332880002,345176.43404400005,721765.1999998959,691043.9120000069,783156.78236328,1412809.1119999029,1.0269,1.0269,875742152.1716598,-0.037587837713116024
20251124,842824898.2772965,842824898.2772965,,SKIP_OCCUPIED,,,0.0,842824898.2772965,842824898.2772965,,,,,,,,,,,,,,,,,,,,,,,,,875742152.1716598,-0.037587837713116024
20251125,842824898.2772965,842824898.2772965,,NO_PLAN,,,0.0,842824898.2772965,842824898.2772965,,,,,,,,,,,,,,,,,,,,,,,,,875742152.1716598,-0.037587837713116024
20251126,842824898.2772965,842824898.2772965,20251125,EXECUTED,OK,A,-0.05917668218206984,792949317.1368057,792949317.1368057,301117.SZ,佳缘科技,20251127,True,True,True,13350600.0,0.8249950270088388,52.08203,48.40155,695326349.718,646189733.43,646189733.4300001,1.1920928955078125e-07,208597.9049154,193856.920029,13415.160831480003,323094.866715,694631.718000027,646836.570000034,738964.8524908801,1341468.288000061,1.4152,1.4152,875742152.1716598,-0.09454019636892552
20251127,792949317.1368057,792949317.1368057,,SKIP_OCCUPIED,,,0.0,792949317.1368057,792949317.1368057,,,,,,,,,,,,,,,,,,,,,,,,,875742152.1716598,-0.09454019636892552
20251128,792949317.1368057,792949317.1368057,20251127,EXECUTED,OK,E,-0.004904873876952043,789060000.7454344,789060000.7454344,688033.SH,天宜新材,20251201,True,True,True,92699242.0,0.8249999988879936,7.057049999999999,7.02297,654183185.7560999,651023995.58874,651023995.58874,0.0,196254.95572682997,195307.19867662198,13052.071813448401,325511.99779437,653529.6560999589,651675.6712600291,730126.2240112703,1305205.327359988,1.0159,1.0159,875742152.1716598,-0.09898136250638567
20251201,789060000.7454344,789060000.7454344,,SKIP_OCCUPIED,,,0.0,789060000.7454344,789060000.7454344,,,,,,,,,,,,,,,,,,,,,,,,,875742152.1716598,-0.09898136250638567
20251202,789060000.7454344,789060000.7454344,20251201,EXECUTED,OK,C,0.21608987386441458,959567876.7779702,959567876.7779702,000078.SZ,海王生物,20251204,True,True,True,171137900.0,0.8249998015423626,3.8037999999999994,4.80519,650974344.0199999,822350125.701,822350125.7009997,-2.384185791015625e-07,195292.30320599995,246705.0377102999,14733.244697209997,411175.0628504999,650324.0199999284,823173.2989999967,867905.6484640096,1473497.3189999252,20.484,20.484,959567876.7779702,0.0
20251203,959567876.7779702,959567876.7779702,,SKIP_OCCUPIED,,,0.0,959567876.7779702,959567876.7779702,,,,,,,,,,,,,,,,,,,,,,,,,959567876.7779702,0.0
20251204,959567876.7779702,959567876.7779702,,SKIP_OCCUPIED,,,0.0,959567876.7779702,959567876.7779702,,,,,,,,,,,,,,,,,,,,,,,,,959567876.7779702,0.0
20251205,959567876.7779702,959567876.7779702,20251204,EXECUTED,OK,A,0.03734691718504246,995404778.805424,995404778.805424,300946.SZ,恒而达,20251208,True,True,True,13753900.0,0.8249964576848519,57.55749999999999,60.22971,791640099.2499999,828393408.369,828393408.3690001,1.1920928955078125e-07,237492.02977499994,248518.02251070002,16200.33507619,414196.70418450003,790849.249999867,829222.6310000268,916407.09154639,1620071.8809998939,2.4213,2.4213,995404778.805424,0.0
20251208,995404778.805424,995404778.805424,,SKIP_OCCUPIED,,,0.0,995404778.805424,995404778.805424,,,,,,,,,,,,,,,,,,,,,,,,,995404778.805424,0.0
20251209,995404778.805424,995404778.805424,,NO_PLAN,,,0.0,995404778.805424,995404778.805424,,,,,,,,,,,,,,,,,,,,,,,,,995404778.805424,0.0
20251210,995404778.805424,995404778.805424,,NO_PLAN,,,0.0,995404778.805424,995404778.805424,,,,,,,,,,,,,,,,,,,,,,,,,995404778.805424,0.0
20251211,995404778.805424,995404778.805424,,NO_PLAN,,,0.0,995404778.805424,995404778.805424,,,,,,,,,,,,,,,,,,,,,,,,,995404778.805424,0.0
20251212,995404778.805424,995404778.805424,20251211,EXECUTED,OK,A,0.32132581965259566,1315254035.2411876,1315254035.2411876,920576.BJ,天力复合,20251215,True,True,True,16546763.0,0.8249999553297955,49.62957999999999,69.03089999999999,821208898.0495398,1142237941.9766998,1142237941.9766998,0.0,246362.6694148619,342671.3825930099,19634.468400262398,571118.9709883499,820388.5095398633,1143381.3233000983,1179787.491396484,1963769.8328399616,1.1567,1.1567,1315254035.2411876,0.0
20251215,1315254035.2411876,1315254035.2411876,,SKIP_OCCUPIED,,,0.0,1315254035.2411876,1315254035.2411876,,,,,,,,,,,,,,,,,,,,,,,,,1315254035.2411876,0.0
20251216,1315254035.2411876,1315254035.2411876,20251215,EXECUTED,OK,A,-0.02459562516971614,1282904539.9874387,1282904539.9874387,300118.SZ,东方日升,20251217,True,True,True,85354300.0,0.8249992629074279,12.712699999999998,12.34764,1085083609.61,1053924168.852,1053924168.8520002,2.384185791015625e-07,325525.08288299997,316177.25065560004,21390.077784620004,526962.0844260001,1083999.6099998995,1054979.147999937,1190054.4957492203,2138978.7579998365,3.492,3.492,1315254035.2411876,-0.02459562516971614
20251217,1282904539.9874387,1282904539.9874387,,SKIP_OCCUPIED,,,0.0,1282904539.9874387,1282904539.9874387,,,,,,,,,,,,,,,,,,,,,,,,,1315254035.2411876,-0.02459562516971614
20251218,1282904539.9874387,1282904539.9874387,,NO_PLAN,,,0.0,1282904539.9874387,1282904539.9874387,,,,,,,,,,,,,,,,,,,,,,,,,1315254035.2411876,-0.02459562516971614
20251219,1282904539.9874387,1282904539.9874387,20251218,EXECUTED,OK,C,0.172719933843116,1504487727.2611022,1504487727.2611022,002703.SZ,浙江世宝,20251223,True,True,True,69107100.0,0.8249997841931116,15.3153,18.54144,1058395968.63,1281345148.2240002,1281345148.2240002,0.0,317518.790589,384403.54446720006,23397.411168540006,640672.5741120002,1057338.629999991,1282627.7759998096,1365992.3203367402,2339966.4059998007,2.5624,2.5624,1504487727.2611022,0.0
20251222,1504487727.2611022,1504487727.2611022,,SKIP_OCCUPIED,,,0.0,1504487727.2611022,1504487727.2611022,,,,,,,,,,,,,,,,,,,,,,,,,1504487727.2611022,0.0
20251223,1504487727.2611022,1504487727.2611022,,SKIP_OCCUPIED,,,0.0,1504487727.2611022,1504487727.2611022,,,,,,,,,,,,,,,,,,,,,,,,,1504487727.2611022,0.0
20251224,1504487727.2611022,1504487727.2611022,,NO_PLAN,,,0.0,1504487727.2611022,1504487727.2611022,,,,,,,,,,,,,,,,,,,,,,,,,1504487727.2611022,0.0
20251225,1504487727.2611022,1504487727.2611022,20251224,EXECUTED,OK,A,-0.003119104251538607,1499795073.1946144,1499795073.1946144,300593.SZ,新雷能,20251226,True,True,True,41304500.0,0.82499912003243,30.050019999999996,29.97,1241201051.09,1237895865.0,1237895865.0,0.0,372360.31532699993,371368.7595,24790.9691609,618947.9325,1239961.089999869,1239135.000000047,1387467.9764879,2479096.089999916,4.196,4.196,1504487727.2611022,-0.003119104251538607
20251226,1499795073.1946144,1499795073.1946144,,SKIP_OCCUPIED,,,0.0,1499795073.1946144,1499795073.1946144,,,,,,,,,,,,,,,,,,,,,,,,,1504487727.2611022,-0.003119104251538607
20251229,1499795073.1946144,1499795073.1946144,20251226,EXECUTED,OK,C,-0.03797044520676918,1442847186.546496,1442847186.546496,000688.SZ,国城矿业,20251231,True,True,True,42550500.0,0.8249981208362346,29.07905,27.7722,1237328117.0249999,1181720996.1000001,1181720996.1000001,0.0,371198.43510749994,354516.29883,24190.491131250004,590860.49805,1236092.0249999159,1182903.8999999643,1340765.72311875,2418995.92499988,4.9735,4.9735,1504487727.2611022,-0.040971115681230574
20251230,1442847186.546496,1442847186.546496,,SKIP_OCCUPIED,,,0.0,1442847186.546496,1442847186.546496,,,,,,,,,,,,,,,,,,,,,,,,,1504487727.2611022,-0.040971115681230574
20251231,1442847186.546496,1442847186.546496,,SKIP_OCCUPIED,,,0.0,1442847186.546496,1442847186.546496,,,,,,,,,,,,,,,,,,,,,,,,,1504487727.2611022,-0.040971115681230574
20260105,1442847186.546496,1442847186.546496,20251231,EXECUTED,OK,A,0.13524613920559636,1637986697.9905663,1637986697.9905663,300058.SZ,蓝色光标,20260106,True,True,True,101637500.0,0.8249992929598722,11.7117,13.64634,1190347908.75,1386979881.75,1386979881.7500002,2.384185791015625e-07,357104.37262499996,416093.964525,25773.277905000003,693489.9408750001,1189158.7500001173,1388368.2499999779,1492461.5559300003,2577527.000000095,27.0302,27.0302,1637986697.9905663,0.0
20260106,1637986697.9905663,1637986697.9905663,,SKIP_OCCUPIED,,,0.0,1637986697.9905663,1637986697.9905663,,,,,,,,,,,,,,,,,,,,,,,,,1637986697.9905663,0.0
20260107,1637986697.9905663,1637986697.9905663,20260107,EXECUTED,OK,D,0.15101826052406575,1885352599.88266,1885352599.88266,688759.SH,必贝特,20260109,True,True,True,32641039.0,0.8249999931365638,41.4,49.030919999999995,1351339014.6,1600420171.9258797,1600420171.9258797,0.0,405401.70437999995,480126.05157776386,29517.5918652588,800210.0859629399,0.0,1602022.1941201163,1715255.4337859624,1602022.1941201163,1.0,1.0,1885352599.88266,0.0
20260108,1885352599.88266,1885352599.88266,,SKIP_OCCUPIED,,,0.0,1885352599.88266,1885352599.88266,,,,,,,,,,,,,,,,,,,,,,,,,1885352599.88266,0.0
20260109,1885352599.88266,1885352599.88266,,SKIP_OCCUPIED,,,0.0,1885352599.88266,1885352599.88266,,,,,,,,,,,,,,,,,,,,,,,,,1885352599.88266,0.0
20260112,1885352599.88266,1885352599.88266,20260109,EXECUTED,OK,C,0.03730400173844628,1955683796.546267,1955683796.546267,603882.SH,金域医学,20260114,True,True,True,44043700.0,0.8249998423811044,35.315279999999994,36.95301,1555415597.7359998,1627547286.537,1627547286.537,0.0,466624.6793207999,488264.1859610999,31829.628842730002,813773.6432685,1553861.735999696,1629176.4630001306,1800492.1373931298,3183038.198999827,1.1061,1.1061,1955683796.546267,0.0
20260113,1955683796.546267,1955683796.546267,,SKIP_OCCUPIED,,,0.0,1955683796.546267,1955683796.546267,,,,,,,,,,,,,,,,,,,,,,,,,1955683796.546267,0.0
20260114,1955683796.546267,1955683796.546267,,SKIP_OCCUPIED,,,0.0,1955683796.546267,1955683796.546267,,,,,,,,,,,,,,,,,,,,,,,,,1955683796.546267,0.0
20260115,1955683796.546267,1955683796.546267,20260114,EXECUTED,OK,C,-0.04512367357825098,1867436159.2886386,1867436159.2886386,002194.SZ,武汉凡谷,20260119,True,True,True,111160500.0,0.8249999719276344,14.514499999999998,13.73625,1613439077.2499998,1526928418.125,1526928418.1250002,2.384185791015625e-07,484031.7231749999,458078.52543750004,31403.67495375,763464.2090625002,1611827.249999798,1528456.874999992,1736978.13262875,3140284.12499979,3.9025,3.9025,1955683796.546267,-0.04512367357825098
20260116,1867436159.2886386,1867436159.2886386,,SKIP_OCCUPIED,,,0.0,1867436159.2886386,1867436159.2886386,,,,,,,,,,,,,,,,,,,,,,,,,1955683796.546267,-0.04512367357825098
20260119,1867436159.2886386,1867436159.2886386,,SKIP_OCCUPIED,,,0.0,1867436159.2886386,1867436159.2886386,,,,,,,,,,,,,,,,,,,,,,,,,1955683796.546267,-0.04512367357825098
20260120,1867436159.2886386,1867436159.2886386,20260119,EXECUTED,OK,A,0.07779623685964565,2012715665.0569246,2012715665.0569246,300658.SZ,延江股份,20260121,True,True,True,80834800.0,0.8249993869556818,19.059039999999996,20.8791,1540633686.5919998,1687757872.68,1687757872.68,0.0,462190.1059775999,506327.361804,32283.91559272,843878.93634,1539094.5919997443,1689447.3199997959,1844680.31971432,3228541.9119995404,2.95,2.95,2012715665.0569246,0.0
20260121,2012715665.0569246,2012715665.0569246,,SKIP_OCCUPIED,,,0.0,2012715665.0569246,2012715665.0569246,,,,,,,,,,,,,,,,,,,,,,,,,2012715665.0569246,0.0
20260122,2012715665.0569246,2012715665.0569246,20260121,EXECUTED,OK,E,0.07933375216691219,2172391950.8110123,2172391950.8110123,300837.SZ,浙矿股份,20260123,True,True,True,31882200.0,0.8249996388928773,52.08203,57.15279,1660489696.8660002,1822156681.338,1822156681.3380003,2.384185791015625e-07,498146.90905980003,546647.0044014,34826.46378204001,911078.3406690002,1658830.8660000644,1823980.6619999288,1990698.71791224,3482811.5279999934,1.0505,1.0505,2172391950.8110123,0.0
20260123,2172391950.8110123,2172391950.8110123,,SKIP_OCCUPIED,,,0.0,2172391950.8110123,2172391950.8110123,,,,,,,,,,,,,,,,,,,,,,,,,2172391950.8110123,0.0
20260126,2172391950.8110123,2172391950.8110123,20260123,EXECUTED,OK,A,0.10817500397704483,2407390458.729694,2407390458.729694,920368.BJ,连城数控,20260127,True,True,True,34431402.0,0.8249999896358089,52.05199999999999,58.941,1792223336.9039998,2029421265.282,2029421265.282,0.0,537667.0010711999,608826.3795846,38216.44602186,1014710.6326410001,1790432.9039997417,2031452.717999914,2199420.45931866,3821885.621999656,2.2634,2.2634,2407390458.729694,0.0
20260127,2407390458.729694,2407390458.729694,,SKIP_OCCUPIED,,,0.0,2407390458.729694,2407390458.729694,,,,,,,,,,,,,,,,,,,,,,,,,2407390458.729694,0.0
20260128,2407390458.729694,2407390458.729694,,NO_PLAN,,,0.0,2407390458.729694,2407390458.729694,,,,,,,,,,,,,,,,,,,,,,,,,2407390458.729694,0.0
20260129,2407390458.729694,2407390458.729694,20260128,EXECUTED,OK,A,0.047576129855664284,2521924779.807505,2521924779.807505,300164.SZ,通源石油,20260130,True,True,True,163435900.0,0.8249995054287961,12.15214,12.86712,1986095937.826,2102949337.608,2102949337.608,0.0,595828.7813477999,630884.8012823999,40890.45275434,1051474.6688040001,1984111.8259997887,2105054.3920001457,2319078.7041885396,4089166.217999934,6.251,6.251,2521924779.807505,0.0
20260130,2521924779.807505,2521924779.807505,,SKIP_OCCUPIED,,,0.0,2521924779.807505,2521924779.807505,,,,,,,,,,,,,,,,,,,,,,,,,2521924779.807505,0.0
20260202,2521924779.807505,2521924779.807505,,NO_PLAN,,,0.0,2521924779.807505,2521924779.807505,,,,,,,,,,,,,,,,,,,,,,,,,2521924779.807505,0.0
20260203,2521924779.807505,2521924779.807505,20260202,EXECUTED,OK,C,-0.002571014709841557,2515440874.101506,2515440874.101506,603629.SH,利通电子,20260204,True,True,True,51962700.0,0.8249994308548757,40.03999999999999,39.96,2080586507.9999995,2076429492.0,2076429492.0000002,2.384185791015625e-07,624175.9523999998,622928.8476,41570.16,1038214.7460000002,2078507.9999995865,2078507.9999999558,2326889.706,4157015.9999995423,2.0412,2.0412,2521924779.807505,-0.002571014709841557
20260204,2515440874.101506,2515440874.101506,,SKIP_OCCUPIED,,,0.0,2515440874.101506,2515440874.101506,,,,,,,,,,,,,,,,,,,,,,,,,2521924779.807505,-0.002571014709841557
20260205,2515440874.101506,2515440874.101506,,NO_PLAN,,,0.0,2515440874.101506,2515440874.101506,,,,,,,,,,,,,,,,,,,,,,,,,2521924779.807505,-0.002571014709841557
20260206,2515440874.101506,2515440874.101506,,NO_PLAN,,,0.0,2515440874.101506,2515440874.101506,,,,,,,,,,,,,,,,,,,,,,,,,2521924779.807505,-0.002571014709841557
20260209,2515440874.101506,2515440874.101506,,NO_PLAN,,,0.0,2515440874.101506,2515440874.101506,,,,,,,,,,,,,,,,,,,,,,,,,2521924779.807505,-0.002571014709841557
20260210,2515440874.101506,2515440874.101506,20260209,EXECUTED,OK,E,0.08483920553241941,2728848879.4240527,2728848879.4240527,300182.SZ,捷成股份,20260211,True,True,True,259145600.0,0.8249996993235855,8.008,8.841149999999999,2075237964.7999997,2291145121.4399996,2291145121.44,4.76837158203125e-07,622571.3894399998,687343.536432,43663.830862400006,1145572.56072,2073164.7999997716,2293438.560000179,2499151.3174544,4366603.359999951,30.863,30.863,2728848879.4240527,0.0
20260211,2728848879.4240527,2728848879.4240527,,SKIP_OCCUPIED,,,0.0,2728848879.4240527,2728848879.4240527,,,,,,,,,,,,,,,,,,,,,,,,,2728848879.4240527,0.0
20260212,2728848879.4240527,2728848879.4240527,20260211,EXECUTED,OK,A,-0.05589304406226636,2576325208.767138,2576325208.767138,300819.SZ,聚杰微纤,20260213,True,True,True,41649000.0,0.8249980652923351,54.053999999999995,50.4495,2251295046.0,2101171225.5,2101171225.5000002,2.384185791015625e-07,675388.5138,630351.36765,43524.66271500001,1050585.61275,2249045.9999997895,2103274.499999981,2399850.1569149997,4352320.499999771,1.6203,1.6203,2728848879.4240527,-0.05589304406226636
20260213,2576325208.767138,2576325208.767138,,SKIP_OCCUPIED,,,0.0,2576325208.767138,2576325208.767138,,,,,,,,,,,,,,,,,,,,,,,,,2728848879.4240527,-0.05589304406226636
20260224,2576325208.767138,2576325208.767138,,NO_PLAN,,,0.0,2576325208.767138,2576325208.767138,,,,,,,,,,,,,,,,,,,,,,,,,2728848879.4240527,-0.05589304406226636
20260225,2576325208.767138,2576325208.767138,,NO_PLAN,,,0.0,2576325208.767138,2576325208.767138,,,,,,,,,,,,,,,,,,,,,,,,,2728848879.4240527,-0.05589304406226636
20260226,2576325208.767138,2576325208.767138,,NO_PLAN,,,0.0,2576325208.767138,2576325208.767138,,,,,,,,,,,,,,,,,,,,,,,,,2728848879.4240527,-0.05589304406226636
20260227,2576325208.767138,2576325208.767138,20260226,EXECUTED,OK,A,0.021243504051320583,2631055383.777102,2631055383.777102,300499.SZ,高澜股份,20260302,True,True,True,55877400.0,0.8249985420967523,38.038,39.0609,2125464541.1999998,2182621533.66,2182621533.6600003,4.76837158203125e-07,637639.3623599999,654786.460098,43080.860748600004,1091310.76683,2123341.199999816,2184806.340000268,2426817.4500366,4308147.540000084,4.15,4.15,2728848879.4240527,-0.03583690411892315
20260302,2631055383.777102,2631055383.777102,,SKIP_OCCUPIED,,,0.0,2631055383.777102,2631055383.777102,,,,,,,,,,,,,,,,,,,,,,,,,2728848879.4240527,-0.03583690411892315
20260303,2631055383.777102,2631055383.777102,20260302,EXECUTED,OK,C,-0.06932822780555381,2448648976.7615743,2448648976.7615743,600583.SH,海油工程,20260305,True,True,True,258765100.0,0.8249997331572291,8.38838,7.6923,2170619989.538,1990498778.73,1990498778.7300005,4.76837158203125e-07,651185.9968614,597149.6336190001,41611.187682680014,995249.3893650003,2168451.537999727,1992491.269999953,2285196.2075280803,4160942.80799968,22.3144,22.3144,2728848879.4240527,-0.10268062287187452
20260304,2448648976.7615743,2448648976.7615743,,SKIP_OCCUPIED,,,0.0,2448648976.7615743,2448648976.7615743,,,,,,,,,,,,,,,,,,,,,,,,,2728848879.4240527,-0.10268062287187452
20260305,2448648976.7615743,2448648976.7615743,,SKIP_OCCUPIED,,,0.0,2448648976.7615743,2448648976.7615743,,,,,,,,,,,,,,,,,,,,,,,,,2728848879.4240527,-0.10268062287187452
20260306,2448648976.7615743,2448648976.7615743,,NO_PLAN,,,0.0,2448648976.7615743,2448648976.7615743,,,,,,,,,,,,,,,,,,,,,,,,,2728848879.4240527,-0.10268062287187452
20260309,2448648976.7615743,2448648976.7615743,20260306,EXECUTED,OK,C,0.011396992736624645,2476556211.3642693,2476556211.3642693,002913.SZ,奥士康,20260311,True,True,True,38937200.0,0.8249990955207055,51.881829999999994,52.65729,2020133191.0759997,2050327432.1880002,2050327432.1880004,2.384185791015625e-07,606039.9573227998,615098.2296564,40704.606232640006,1025163.7160940003,2018115.0759998201,2052379.8119999063,2287006.50930584,4070494.8879997265,2.2659,2.2659,2728848879.4240527,-0.09245388044831271
20260310,2476556211.3642693,2476556211.3642693,,SKIP_OCCUPIED,,,0.0,2476556211.3642693,2476556211.3642693,,,,,,,,,,,,,,,,,,,,,,,,,2728848879.4240527,-0.09245388044831271
20260311,2476556211.3642693,2476556211.3642693,,SKIP_OCCUPIED,,,0.0,2476556211.3642693,2476556211.3642693,,,,,,,,,,,,,,,,,,,,,,,,,2728848879.4240527,-0.09245388044831271
20260312,2476556211.3642693,2476556211.3642693,20260311,EXECUTED,OK,A,-0.030800369354616053,2400277365.3267813,2400277365.3267813,300504.SZ,天邑股份,20260313,True,True,True,111171900.0,0.8249993239436623,18.378359999999997,17.71227,2043157200.0839996,1969106709.213,1969106709.213,0.0,612947.1600251999,590732.0127639,40122.63909297,984553.3546065,2041116.0839997455,1971077.7870000273,2228355.1664885697,4012193.870999773,1.074,1.074,2728848879.4240527,-0.1204066361368532
20260313,2400277365.3267813,2400277365.3267813,,SKIP_OCCUPIED,,,0.0,2400277365.3267813,2400277365.3267813,,,,,,,,,,,,,,,,,,,,,,,,,2728848879.4240527,-0.1204066361368532
20260316,2400277365.3267813,2400277365.3267813,20260313,EXECUTED,OK,C,0.047172704058662696,2513504939.140048,2513504939.140048,600726.SH,华电能源,20260318,True,True,True,460058200.0,0.8249998682924735,4.3043,4.55544,1980228510.2599998,2095767526.608,2095767526.608,0.0,594068.5530779999,628730.2579824,40759.96036868,1047883.763304,1978250.2599998843,2097865.3919998505,2311442.53473308,4076115.651999735,3.597,3.597,2728848879.4240527,-0.07891383869137336
20260317,2513504939.140048,2513504939.140048,,SKIP_OCCUPIED,,,0.0,2513504939.140048,2513504939.140048,,,,,,,,,,,,,,,,,,,,,,,,,2728848879.4240527,-0.07891383869137336
20260318,2513504939.140048,2513504939.140048,,SKIP_OCCUPIED,,,0.0,2513504939.140048,2513504939.140048,,,,,,,,,,,,,,,,,,,,,,,,,2728848879.4240527,-0.07891383869137336
20260319,2513504939.140048,2513504939.140048,,NO_PLAN,,,0.0,2513504939.140048,2513504939.140048,,,,,,,,,,,,,,,,,,,,,,,,,2728848879.4240527,-0.07891383869137336
20260320,2513504939.140048,2513504939.140048,,NO_PLAN,,,0.0,2513504939.140048,2513504939.140048,,,,,,,,,,,,,,,,,,,,,,,,,2728848879.4240527,-0.07891383869137336
20260323,2513504939.140048,2513504939.140048,20260323,EXECUTED,OK,D,0.08392616242992101,2724453762.9307246,2724453762.9307246,300868.SZ,杰美特,20260325,True,True,True,44758000.0,0.8249986334657688,46.33,51.09885,2073638140.0,2287082328.2999997,2287082328.3,4.76837158203125e-07,622091.4419999999,686124.69849,43607.204683,1143541.16415,0.0,2289371.6999999913,2495364.509323,2289371.6999999913,1.0142,1.0142,2728848879.4240527,-0.0016106119054331014
20260324,2724453762.9307246,2724453762.9307246,,SKIP_OCCUPIED,,,0.0,2724453762.9307246,2724453762.9307246,,,,,,,,,,,,,,,,,,,,,,,,,2728848879.4240527,-0.0016106119054331014
20260325,2724453762.9307246,2724453762.9307246,,SKIP_OCCUPIED,,,0.0,2724453762.9307246,2724453762.9307246,,,,,,,,,,,,,,,,,,,,,,,,,2728848879.4240527,-0.0016106119054331014
20260326,2724453762.9307246,2724453762.9307246,20260325,EXECUTED,OK,C,-0.047620237713725255,2594714627.0999103,2594714627.0999103,600780.SH,通宝能源,20260330,True,True,True,292754700.0,0.8249998616717769,7.677669999999999,7.24275,2247673977.549,2120349103.425,2120349103.4249997,-2.384185791015625e-07,674302.1932646999,636104.7310274999,43680.23080974,1060174.5517125,2245428.5489997594,2122471.5749999937,2414261.70681444,4367900.123999753,11.9387,11.9387,2728848879.4240527,-0.04915415189735706
20260327,2594714627.0999103,2594714627.0999103,,SKIP_OCCUPIED,,,0.0,2594714627.0999103,2594714627.0999103,,,,,,,,,,,,,,,,,,,,,,,,,2728848879.4240527,-0.04915415189735706
20260330,2594714627.0999103,2594714627.0999103,,SKIP_OCCUPIED,,,0.0,2594714627.0999103,2594714627.0999103,,,,,,,,,,,,,,,,,,,,,,,,,2728848879.4240527,-0.04915415189735706
20260331,2594714627.0999103,2594714627.0999103,20260330,EXECUTED,OK,A,0.00804022873043686,2615576726.1920037,2615576726.1920037,300900.SZ,广联航空,20260401,True,True,True,54084400.0,0.8249984991870066,39.579539999999994,40.00995,2140635673.1759996,2163914139.78,2163914139.7799993,-9.5367431640625e-07,642190.7019527998,649174.2419339997,43045.498129559994,1081957.0698899997,2138497.175999743,2166080.2199996593,2416367.5119063593,4304577.395999402,1.419,1.419,2728848879.4240527,-0.04150913379122556
20260401,2615576726.1920037,2615576726.1920037,,SKIP_OCCUPIED,,,0.0,2615576726.1920037,2615576726.1920037,,,,,,,,,,,,,,,,,,,,,,,,,2728848879.4240527,-0.04150913379122556
20260402,2615576726.1920037,2615576726.1920037,20260401,EXECUTED,OK,E,0.09831029022672477,2872714833.254206,2872714833.254206,301312.SZ,智立方,20260403,True,True,True,21113500.0,0.8249974151940046,102.2021,114.50538,2157844038.35,2417609340.63,2417609340.6300006,4.76837158203125e-07,647353.2115049999,725282.8021890001,45754.533789800014,1208804.6703150002,2155688.350000152,2420029.3700000457,2627195.2177988,4575717.720000198,3.0176,3.0176,2872714833.254206,0.0
20260403,2872714833.254206,2872714833.254206,,SKIP_OCCUPIED,,,0.0,2872714833.254206,2872714833.254206,,,,,,,,,,,,,,,,,,,,,,,,,2872714833.254206,0.0
20260407,2872714833.254206,2872714833.254206,,NO_PLAN,,,0.0,2872714833.254206,2872714833.254206,,,,,,,,,,,,,,,,,,,,,,,,,2872714833.254206,0.0
20260408,2872714833.254206,2872714833.254206,,NO_PLAN,,,0.0,2872714833.254206,2872714833.254206,,,,,,,,,,,,,,,,,,,,,,,,,2872714833.254206,0.0
20260409,2872714833.254206,2872714833.254206,,NO_PLAN,,,0.0,2872714833.254206,2872714833.254206,,,,,,,,,,,,,,,,,,,,,,,,,2872714833.254206,0.0
20260410,2872714833.254206,2872714833.254206,20260409,EXECUTED,OK,A,0.09016359933818174,3131729142.49259,3131729142.49259,300489.SZ,光智科技,20260413,True,True,True,38566900.0,0.824999956680796,61.45139,68.24169,2369989612.991,2631870434.0610003,2631870434.061001,4.76837158203125e-07,710996.8838973,789561.1302183002,50018.60047052002,1315935.2170305005,2367621.9910001135,2634504.938999875,2866511.8316166205,5002126.9299999885,3.01,3.01,3131729142.49259,0.0
20260413,3131729142.49259,3131729142.49259,,SKIP_OCCUPIED,,,0.0,3131729142.49259,3131729142.49259,,,,,,,,,,,,,,,,,,,,,,,,,3131729142.49259,0.0
20260414,3131729142.49259,3131729142.49259,20260413,EXECUTED,OK,C,0.005590380098982273,3149236698.7661834,3149236698.7661834,605255.SH,天普股份,20260416,True,True,True,23068100.0,0.8249981659182115,112.00189,112.887,2583670798.709,2604088604.7,2604088604.7000003,4.76837158203125e-07,775101.2396127,781226.58141,51877.594034090005,1302044.3023500002,2581089.7090000575,2606695.2999999896,2910249.7174067907,5187785.009000047,1.1377,1.1377,3149236698.7661834,0.0
20260415,3149236698.7661834,3149236698.7661834,,SKIP_OCCUPIED,,,0.0,3149236698.7661834,3149236698.7661834,,,,,,,,,,,,,,,,,,,,,,,,,3149236698.7661834,0.0
20260416,3149236698.7661834,3149236698.7661834,,SKIP_OCCUPIED,,,0.0,3149236698.7661834,3149236698.7661834,,,,,,,,,,,,,,,,,,,,,,,,,3149236698.7661834,0.0
20260417,3149236698.7661834,3149236698.7661834,,NO_PLAN,,,0.0,3149236698.7661834,3149236698.7661834,,,,,,,,,,,,,,,,,,,,,,,,,3149236698.7661834,0.0
20260420,3149236698.7661834,3149236698.7661834,20260417,EXECUTED,OK,A,0.04807778210653946,3300645014.5713816,3300645014.5713816,301319.SZ,唯特偶,20260421,True,True,True,37687300.0,0.8249998726259282,68.93887,73.03689,2598119875.351,2752563184.497,2752563184.4969993,-9.5367431640625e-07,779435.9626052999,825768.9553490997,53506.830598479995,1376281.5922484996,2595524.3509996147,2755318.502999992,3034993.340801379,5350842.853999607,2.2404,2.2404,3300645014.5713816,0.0
20260421,3300645014.5713816,3300645014.5713816,,SKIP_OCCUPIED,,,0.0,3300645014.5713816,3300645014.5713816,,,,,,,,,,,,,,,,,,,,,,,,,3300645014.5713816,0.0
20260422,3300645014.5713816,3300645014.5713816,,NO_PLAN,,,0.0,3300645014.5713816,3300645014.5713816,,,,,,,,,,,,,,,,,,,,,,,,,3300645014.5713816,0.0
20260423,3300645014.5713816,3300645014.5713816,,NO_PLAN,,,0.0,3300645014.5713816,3300645014.5713816,,,,,,,,,,,,,,,,,,,,,,,,,3300645014.5713816,0.0
20260424,3300645014.5713816,3300645014.5713816,20260423,EXECUTED,OK,A,0.0036873028372605976,3312815492.2984004,3312815492.2984004,300590.SZ,移为通信,20260427,True,True,True,188126600.0,0.8249996393476474,14.47446,14.55543,2723030946.636,2738263557.4379997,2738263557.4380007,9.5367431640625e-07,816909.2839908,821479.0672314002,54612.945040740015,1369131.7787190003,2720310.6359999427,2741004.562000162,3062133.0749819404,5461315.198000105,5.8701,5.8701,3312815492.2984004,0.0
20260427,3312815492.2984004,3312815492.2984004,,SKIP_OCCUPIED,,,0.0,3312815492.2984004,3312815492.2984004,,,,,,,,,,,,,,,,,,,,,,,,,3312815492.2984004,0.0
20260428,3312815492.2984004,3312815492.2984004,20260427,EXECUTED,OK,C,0.08524364350065095,3595211955.1073184,3595211955.1073184,600338.SH,西藏珠峰,20260430,True,True,True,109564300.0,0.8249999750091181,24.94492,27.55242,2733072698.356,3018761610.606,3018761610.6059995,-4.76837158203125e-07,819921.8095067999,905628.4831817998,57518.34308962,1509380.8053029997,2730342.355999787,3021783.3939996525,3292449.4410812194,5752125.749999439,1.9034,1.9034,3595211955.1073184,0.0
20260429,3595211955.1073184,3595211955.1073184,,SKIP_OCCUPIED,,,0.0,3595211955.1073184,3595211955.1073184,,,,,,,,,,,,,,,,,,,,,,,,,3595211955.1073184,0.0
20260430,3595211955.1073184,3595211955.1073184,,SKIP_OCCUPIED,,,0.0,3595211955.1073184,3595211955.1073184,,,,,,,,,,,,,,,,,,,,,,,,,3595211955.1073184,0.0
20260506,3595211955.1073184,3595211955.1073184,,NO_PLAN,,,0.0,3595211955.1073184,3595211955.1073184,,,,,,,,,,,,,,,,,,,,,,,,,3595211955.1073184,0.0
20260507,3595211955.1073184,3595211955.1073184,20260506,EXECUTED,OK,C,0.06137714470615263,3815875799.52523,3815875799.52523,001287.SZ,中电港,20260511,True,True,True,103749500.0,0.8249997059301226,28.58855999999999,30.74922,2966048805.719999,3190216200.3900003,3190216200.3899994,-9.5367431640625e-07,889814.6417159996,957064.8601169997,61562.65006109999,1595108.1001949997,2963085.719999139,3193409.610000003,3503550.252089099,6156495.329999142,1.0152,1.0152,3815875799.52523,0.0
20260508,3815875799.52523,3815875799.52523,,SKIP_OCCUPIED,,,0.0,3815875799.52523,3815875799.52523,,,,,,,,,,,,,,,,,,,,,,,,,3815875799.52523,0.0
20260511,3815875799.52523,3815875799.52523,,SKIP_OCCUPIED,,,0.0,3815875799.52523,3815875799.52523,,,,,,,,,,,,,,,,,,,,,,,,,3815875799.52523,0.0
20260512,3815875799.52523,3815875799.52523,20260511,EXECUTED,OK,E,0.019180340156464526,3889065595.354945,3889065595.354945,301188.SZ,力诺药包,20260513,True,True,True,92389900.0,0.8249998987356153,34.07404,34.90506,3148097148.1959996,3224875002.894,3224875002.894,0.0,944429.1444587999,967462.5008682,63729.721510899995,1612437.501447,3144952.19599976,3228103.105999895,3588058.8682848997,6373055.301999655,1.0342,1.0342,3889065595.354945,0.0
20260513,3889065595.354945,3889065595.354945,,SKIP_OCCUPIED,,,0.0,3889065595.354945,3889065595.354945,,,,,,,,,,,,,,,,,,,,,,,,,3889065595.354945,0.0
20260514,3889065595.354945,3889065595.354945,20260513,EXECUTED,OK,C,0.05179352615694999,4090494015.994056,4090494015.994056,002654.SZ,万润科技,20260518,True,True,True,187442900.0,0.8249999350543663,17.1171,18.21177,3208478863.59,3413666982.933,3413666982.933,0.0,962543.659077,1024100.0948799,66221.45846523001,1706833.4914665,3205273.589999855,3417084.0669998275,3759698.70388863,6622357.656999683,6.222,6.222,4090494015.994056,0.0
20260515,4090494015.994056,4090494015.994056,,SKIP_OCCUPIED,,,0.0,4090494015.994056,4090494015.994056,,,,,,,,,,,,,,,,,,,,,,,,,4090494015.994056,0.0
20260518,4090494015.994056,4090494015.994056,,SKIP_OCCUPIED,,,0.0,4090494015.994056,4090494015.994056,,,,,,,,,,,,,,,,,,,,,,,,,4090494015.994056,0.0
20260519,4090494015.994056,4090494015.994056,20260518,EXECUTED,OK,E,0.030834842914027938,4216623756.418004,4216623756.418004,301313.SZ,凡拓数创,20260520,True,True,True,70929600.0,0.82499941539895,47.57753,49.41054,3374655171.888,3504669837.9839997,3504669837.984,4.76837158203125e-07,1012396.5515663999,1051400.9513951999,68793.25009872,1752334.9189920002,3371283.888000131,3508178.0160002406,3884925.6720523196,6879461.904000372,1.011,1.011,4216623756.418004,0.0
20260520,4216623756.418004,4216623756.418004,,SKIP_OCCUPIED,,,0.0,4216623756.418004,4216623756.418004,,,,,,,,,,,,,,,,,,,,,,,,,4216623756.418004,0.0
20260521,4216623756.418004,4216623756.418004,20260520,EXECUTED,OK,A,0.20556652321888125,5083420441.746992,5083420441.746992,301013.SZ,利和兴,20260522,True,True,True,101644900.0,0.824999945711577,34.22418999999999,42.797160000000005,3478714370.130999,4350113048.484,4350113048.484,0.0,1043614.3110392996,1305033.9145451998,78288.27418615,2175056.524242,3475239.1309995204,4354467.515999818,4601993.024012649,7829706.646999339,1.5113,1.5113,5083420441.746992,0.0
20260522,5083420441.746992,5083420441.746992,,SKIP_OCCUPIED,,,0.0,5083420441.746992,5083420441.746992,,,,,,,,,,,,,,,,,,,,,,,,,5083420441.746992,0.0
20260525,5083420441.746992,5083420441.746992,20260522,EXECUTED,OK,E,0.062117848168144585,5399191580.922275,5399191580.922275,300179.SZ,四方达,20260527,True,True,True,125739200.0,0.8249995888010262,33.35332,35.90406,4193819774.1439996,4514547781.152,4514547781.152,0.0,1258145.9322431998,1354364.3343456,87083.67555296002,2257273.8905760003,4189630.143999527,4519066.847999563,4956867.83271776,8708696.99199909,7.186,7.186,5399191580.922275,0.0
20260526,5399191580.922275,5399191580.922275,,SKIP_OCCUPIED,,,0.0,5399191580.922275,5399191580.922275,,,,,,,,,,,,,,,,,,,,,,,,,5399191580.922275,0.0
20260527,5399191580.922275,5399191580.922275,,SKIP_OCCUPIED,,,0.0,5399191580.922275,5399191580.922275,,,,,,,,,,,,,,,,,,,,,,,,,5399191580.922275,0.0
20260528,5399191580.922275,5399191580.922275,,NO_PLAN,,,0.0,5399191580.922275,5399191580.922275,,,,,,,,,,,,,,,,,,,,,,,,,5399191580.922275,0.0
20260529,5399191580.922275,5399191580.922275,20260528,EXECUTED,OK,A,0.17487078838823789,6343352469.337289,6343352469.337289,920725.BJ,惠丰钻石,20260601,True,True,True,87252611.0,0.8249999981293723,51.050999999999995,61.938,4454333044.160999,5404252220.118,5404252220.117999,-9.5367431640625e-07,1336299.9132482996,1621275.6660353995,98585.85264278999,2702126.1100589996,4449883.160999549,5409661.881999792,5758287.541985489,9859545.04299934,2.1554,2.1554,6343352469.337289,0.0
20260601,6343352469.337289,6343352469.337289,,SKIP_OCCUPIED,,,0.0,6343352469.337289,6343352469.337289,,,,,,,,,,,,,,,,,,,,,,,,,6343352469.337289,0.0
20260602,6343352469.337289,6343352469.337289,20260601,EXECUTED,OK,A,0.028921626399917022,6526812539.578453,6526812539.578453,920190.BJ,雷神科技,20260603,True,True,True,153946930.0,0.8249999989500088,33.993959999999994,35.22474,5233265780.542799,5422740583.0482,5422740583.048201,9.5367431640625e-07,1569979.7341628396,1626822.17491446,106560.06363591002,2711370.2915241006,5228037.742798973,5428168.751800148,6014732.264237311,10656206.49459912,1.6415,1.6415,6526812539.578453,0.0
20260603,6526812539.578453,6526812539.578453,,SKIP_OCCUPIED,,,0.0,6526812539.578453,6526812539.578453,,,,,,,,,,,,,,,,,,,,,,,,,6526812539.578453,0.0
20260604,6526812539.578453,6526812539.578453,20260603,EXECUTED,OK,A,-0.015999374161882907,6422387623.673268,6422387623.673268,300516.SZ,久之洋,20260605,True,True,True,129122400.0,0.8249997055272825,41.70165999999999,40.93902,5384618423.183999,5286144516.048,5286144516.048,0.0,1615385.5269551997,1585843.3548144,106707.62939232,2643072.258024,5379239.183999115,5291435.951999687,5951008.769185919,10670675.1359988,2.1834,2.1834,6526812539.578453,-0.015999374161882907
20260605,6422387623.673268,6422387623.673268,,SKIP_OCCUPIED,,,0.0,6422387623.673268,6422387623.673268,,,,,,,,,,,,,,,,,,,,,,,,,6526812539.578453,-0.015999374161882907
20260608,6422387623.673268,6422387623.673268,20260608,EXECUTED,OK,D,0.14494753337472388,7353296868.101063,7353296868.101063,301313.SZ,凡拓数创,20260610,True,True,True,89804500.0,0.8249993320972359,59.0,69.44049000000001,5298465500.0,6236068484.205001,6236068484.205001,0.0,1589539.65,1870820.5452615002,115345.33984205002,3118034.2421025005,0.0,6242310.794999458,6693739.77720605,6242310.794999458,1.011,1.011,7353296868.101063,0.0
20260609,7353296868.101063,7353296868.101063,,SKIP_OCCUPIED,,,0.0,7353296868.101063,7353296868.101063,,,,,,,,,,,,,,,,,,,,,,,,,7353296868.101063,0.0
20260610,7353296868.101063,7353296868.101063,,SKIP_OCCUPIED,,,0.0,7353296868.101063,7353296868.101063,,,,,,,,,,,,,,,,,,,,,,,,,7353296868.101063,0.0
20260611,7353296868.101063,7353296868.101063,20260610,EXECUTED,OK,C,0.20883680900195745,8888935921.679377,8888935921.679377,002636.SZ,金安国纪,20260615,True,True,True,78259400.0,0.8249997861846998,77.51744,97.24266,6066468343.936,7610152226.004,7610152226.003999,-9.5367431640625e-07,1819940.5031807998,2283045.6678011995,136766.2056994,3805076.1130019994,6060407.935999666,7617769.996000207,8044828.489683399,13678177.931999873,2.7328,2.7328,8888935921.679377,0.0
20260612,8888935921.679377,8888935921.679377,,SKIP_OCCUPIED,,,0.0,8888935921.679377,8888935921.679377,,,,,,,,,,,,,,,,,,,,,,,,,8888935921.679377,0.0
20260615,8888935921.679377,8888935921.679377,,SKIP_OCCUPIED,,,0.0,8888935921.679377,8888935921.679377,,,,,,,,,,,,,,,,,,,,,,,,,8888935921.679377,0.0
20260616,8888935921.679377,8888935921.679377,,NO_PLAN,,,0.0,8888935921.679377,8888935921.679377,,,,,,,,,,,,,,,,,,,,,,,,,8888935921.679377,0.0
20260617,8888935921.679377,8888935921.679377,20260616,EXECUTED,OK,C,0.1489520718686601,10212961343.921278,10212961343.921278,002436.SZ,兴森科技,20260622,True,True,True,162764800.0,0.8249997250809876,45.05501,53.2467,7333369691.648001,8666688476.16,8666688476.160002,1.9073486328125e-06,2200010.9074944,2600006.5428480003,160000.58167808002,4333344.2380800005,7326043.648000794,8675363.84000002,9293362.27010048,16001407.488000814,13.4885,13.4885,10212961343.921278,0.0
20260618,10212961343.921278,10212961343.921278,,SKIP_OCCUPIED,,,0.0,10212961343.921278,10212961343.921278,,,,,,,,,,,,,,,,,,,,,,,,,10212961343.921278,0.0
20260622,10212961343.921278,10212961343.921278,,SKIP_OCCUPIED,,,0.0,10212961343.921278,10212961343.921278,,,,,,,,,,,,,,,,,,,,,,,,,10212961343.921278,0.0
20260623,10212961343.921278,10212961343.921278,20260622,EXECUTED,OK,C,0.0227882578150167,10445696940.081356,10445696940.081356,603399.SH,永杉锂业,20260625,True,True,True,381562800.0,0.8249999544336808,22.082059999999995,22.71726,8425692643.367998,8668061333.928,8668061333.928001,1.9073486328125e-06,2527707.793010399,2600418.4001784003,170937.53977296,4334030.666964001,8417275.367998548,8676738.07199957,9633094.39992576,17094013.43999812,1.471,1.471,10445696940.081356,0.0
20260624,10445696940.081356,10445696940.081356,,SKIP_OCCUPIED,,,0.0,10445696940.081356,10445696940.081356,,,,,,,,,,,,,,,,,,,,,,,,,10445696940.081356,0.0
20260625,10445696940.081356,10445696940.081356,,SKIP_OCCUPIED,,,0.0,10445696940.081356,10445696940.081356,,,,,,,,,,,,,,,,,,,,,,,,,10445696940.081356,0.0
20260626,10445696940.081356,10445696940.081356,20260625,EXECUTED,OK,C,0.03130423039646324,10772691443.745295,10772691443.745295,603690.SH,至纯科技,20260630,True,True,True,253208500.0,0.8249998193928917,34.034,35.364599999999996,8617698089.0,8954617319.099998,8954617319.1,1.9073486328125e-06,2585309.4266999997,2686385.19573,175723.15408100002,4477308.65955,8609088.999999726,8963580.900000699,9924726.436060999,17572669.900000423,1.2352,1.2352,10772691443.745295,0.0
20260629,10772691443.745295,10772691443.745295,,SKIP_OCCUPIED,,,0.0,10772691443.745295,10772691443.745295,,,,,,,,,,,,,,,,,,,,,,,,,10772691443.745295,0.0
20260630,10772691443.745295,10772691443.745295,,SKIP_OCCUPIED,,,0.0,10772691443.745295,10772691443.745295,,,,,,,,,,,,,,,,,,,,,,,,,10772691443.745295,0.0
20260701,10772691443.745295,10772691443.745295,20260630,EXECUTED,OK,C,0.08253427661458757,11661807739.24697,11661807739.24697,603662.SH,柯力传感,20260703,True,True,True,122463300.0,0.8249997584781962,72.57249999999999,79.92,8887467839.249998,9787266936.0,9787266935.999998,-1.9073486328125e-06,2666240.3517749994,2936180.080799999,186747.34775249998,4893633.467999999,8878589.249998886,9797063.999999791,10682801.248327497,18675653.249998678,2.5245,2.5245,11661807739.24697,0.0
20260702,11661807739.24697,11661807739.24697,,SKIP_OCCUPIED,,,0.0,11661807739.24697,11661807739.24697,,,,,,,,,,,,,,,,,,,,,,,,,11661807739.24697,0.0
20260703,11661807739.24697,11661807739.24697,,SKIP_OCCUPIED,,,0.0,11661807739.24697,11661807739.24697,,,,,,,,,,,,,,,,,,,,,,,,,11661807739.24697,0.0
20260706,11661807739.24697,11661807739.24697,20260703,EXECUTED,OK,C,0.04235903413629116,12155790651.364595,12155790651.364595,002141.SZ,贤丰控股,20260708,True,True,True,1810052700.0,0.82499998559042,5.315309999999999,5.594399999999999,9620991216.836998,10126158824.88,10126158824.879997,-1.9073486328125e-06,2886297.365051099,3037847.6474639988,197471.50041716997,5063079.412439999,9611379.836999465,10136295.12000049,11184695.925372265,19747674.956999958,8.059,8.059,12155790651.364595,0.0
20260707,12155790651.364595,12155790651.364595,,SKIP_OCCUPIED,,,0.0,12155790651.364595,12155790651.364595,,,,,,,,,,,,,,,,,,,,,,,,,12155790651.364595,0.0
20260708,12155790651.364595,12155790651.364595,,SKIP_OCCUPIED,,,0.0,12155790651.364595,12155790651.364595,,,,,,,,,,,,,,,,,,,,,,,,,12155790651.364595,0.0
20260709,12155790651.364595,12155790651.364595,20260708,EXECUTED,OK,C,0.13129076299949438,13751733680.844374,13751733680.844374,002841.SZ,视源股份,20260710,True,True,True,222090600.0,0.8249998507369989,45.15510999999999,52.39755,10028525472.965998,11637003318.03,11637003318.03,0.0,3008557.641889799,3491100.9954089997,216655.28790996,5818501.659015001,10018506.965998664,11648651.970000073,12534815.584223758,21667158.935998738,1.823,1.823,13751733680.844374,0.0
20260710,13751733680.844374,13751733680.844374,,SKIP_OCCUPIED,,,0.0,13751733680.844374,13751733680.844374,,,,,,,,,,,,,,,,,,,,,,,,,13751733680.844374,0.0
20260713,13751733680.844374,13751733680.844374,20260710,EXECUTED,OK,A,-0.02759715583631206,13372224943.43465,13372224943.43465,300069.SZ,金利华电,20260714,True,True,True,273632200.0,0.8249999478631113,41.46142,40.11984,11345179569.723999,10978080082.848001,10978080082.847998,-3.814697265625e-06,3403553.870917199,3293424.024854399,223232.59652571997,5489040.041423999,11333845.723998666,10989069.15199811,12409250.533721317,22322914.875996776,2.011,2.011,13751733680.844374,-0.02759715583631206
20260714,13372224943.43465,13372224943.43465,,SKIP_OCCUPIED,,,0.0,13372224943.43465,13372224943.43465,,,,,,,,,,,,,,,,,,,,,,,,,13751733680.844374,-0.02759715583631206
20260715,13372224943.43465,13372224943.43465,,NO_PLAN,,,0.0,13372224943.43465,13372224943.43465,,,,,,,,,,,,,,,,,,,,,,,,,13751733680.844374,-0.02759715583631206
20260716,13372224943.43465,13372224943.43465,20260715,EXECUTED,OK,C,-0.1760346825285669,11018249570.816547,11018249570.816547,605255.SH,天普股份,20260720,True,True,True,135894700.0,0.8249996748361916,81.18109999999999,63.936,11032081230.169998,8688563539.2,8688563539.199999,-1.9073486328125e-06,3309624.369050999,2606569.0617599995,197206.44769369997,4344281.769599999,11021060.169998936,8697260.800000008,10457681.648104697,19718320.969998945,1.138,1.138,13751733680.844374,-0.19877378179854244
20260717,11018249570.816547,11018249570.816547,,SKIP_OCCUPIED,,,0.0,11018249570.816547,11018249570.816547,,,,,,,,,,,,,,,,,,,,,,,,,13751733680.844374,-0.19877378179854244
20260720,11018249570.816547,11018249570.816547,,SKIP_OCCUPIED,,,0.0,11018249570.816547,11018249570.816547,,,,,,,,,,,,,,,,,,,,,,,,,13751733680.844374,-0.19877378179854244
20260721,11018249570.816547,11018249570.816547,20260720,EXECUTED,OK,E,0.05024982723190563,11571914708.148096,11571914708.148096,300534.SZ,陇神戎发,20260722,True,True,True,728810100.0,0.8249999023367873,12.47246,13.24674,9090054819.846,9654357904.074001,9654357904.074001,0.0,2727016.4459538,2896307.3712222003,187444.12723920005,4827178.952037001,9080973.845999291,9664021.925999226,10637946.8964522,18744995.771998517,3.5608,3.5608,13751733680.844374,-0.1585123027602462
20260722,11571914708.148096,11571914708.148096,,SKIP_OCCUPIED,,,0.0,11571914708.148096,11571914708.148096,,,,,,,,,,,,,,,,,,,,,,,,,13751733680.844374,-0.1585123027602462
20260723,11571914708.148096,11571914708.148096,20260722,EXECUTED,OK,A,0.01816525926120316,11782121538.970137,11782121538.970137,300834.SZ,星辉环材,20260724,True,True,True,253045600.0,0.8249996818540172,37.72769,38.60136,9546825952.664001,9767904302.016,9767904302.016003,1.9073486328125e-06,2864047.7857992,2930371.2906048005,193147.30254680006,4883952.1510080015,9537288.664001236,9777681.984000226,10871518.529958803,19314970.648001462,1.1013,1.1013,13751733680.844374,-0.14322646057477317
20260724,11782121538.970137,11782121538.970137,,SKIP_OCCUPIED,,,0.0,11782121538.970137,11782121538.970137,,,,,,,,,,,,,,,,,,,,,,,,,13751733680.844374,-0.14322646057477317
20260727,11782121538.970137,11782121538.970137,,NO_PLAN,,,0.0,11782121538.970137,11782121538.970137,,,,,,,,,,,,,,,,,,,,,,,,,13751733680.844374,-0.14322646057477317
20260728,11782121538.970137,11782121538.970137,,NO_PLAN,,,0.0,11782121538.970137,11782121538.970137,,,,,,,,,,,,,,,,,,,,,,,,,13751733680.844374,-0.14322646057477317
20260729,11782121538.970137,11782121538.970137,,NO_PLAN,,,0.0,11782121538.970137,11782121538.970137,,,,,,,,,,,,,,,,,,,,,,,,,13751733680.844374,-0.14322646057477317
20260730,11782121538.970137,11782121538.970137,20260729,EXECUTED,OK,E,0.05153204060452432,12389278304.523787,12389278304.523787,300169.SZ,天晟新材,20260731,True,True,True,1878247500.0,0.8249999868380781,5.17517,5.50449,9720250114.574999,10338794581.275,10338794581.275,0.0,2916075.034372499,3101638.3743824996,200590.44695850002,5169397.2906375,9710539.57499939,10349143.725000236,11387701.146350998,20059683.299999624,3.084,3.084,13751733680.844374,-0.09907517175223035
20260731,12389278304.523787,12389278304.523787,,SKIP_OCCUPIED,,,0.0,12389278304.523787,12389278304.523787,,,,,,,,,,,,,,,,,,,,,,,,,13751733680.844374,-0.09907517175223035
20260803,12389278304.523787,12389278304.523787,20260731,EXECUTED,OK,E,0.022559224392229238,12668770813.853317,12668770813.853317,300364.SZ,中文在线,20260804,True,True,True,410407700.0,0.8249999934091298,24.904879999999995,25.61436,10221154519.575998,10512330574.572,10512330574.572,0.0,3066346.355872799,3153699.1723716,207334.85094148002,5256165.287286,10210943.575998366,10522853.427999679,11683545.66647188,20733797.003998045,4.982,4.982,13751733680.844374,-0.0787510063912582
20260804,12668770813.853317,12668770813.853317,,SKIP_OCCUPIED,,,0.0,12668770813.853317,12668770813.853317,,,,,,,,,,,,,,,,,,,,,,,,,13751733680.844374,-0.0787510063912582
20260805,12668770813.853317,12668770813.853317,20260804,EXECUTED,OK,C,0.17879763384584368,14933917059.105574,14933917059.105574,603990.SH,麦迪科技,20260807,True,True,True,571186700.0,0.8249998616635337,18.29828,22.28769,10451734168.876,12730432101.723001,12730432101.723001,0.0,3135520.2506627995,3819129.6305169,231821.66270599002,6365216.050861501,10441292.875998393,12743175.276998507,13551687.59474719,23184468.152996898,3.124,3.124,14933917059.105574,0.0
20260806,14933917059.105574,14933917059.105574,,SKIP_OCCUPIED,,,0.0,14933917059.105574,14933917059.105574,,,,,,,,,,,,,,,,,,,,,,,,,14933917059.105574,0.0
20260807,14933917059.105574,14933917059.105574,,SKIP_OCCUPIED,,,0.0,14933917059.105574,14933917059.105574,,,,,,,,,,,,,,,,,,,,,,,,,14933917059.105574,0.0
20260810,14933917059.105574,14933917059.105574,,NO_PLAN,,,0.0,14933917059.105574,14933917059.105574,,,,,,,,,,,,,,,,,,,,,,,,,14933917059.105574,0.0
20260811,14933917059.105574,14933917059.105574,20260810,EXECUTED,OK,A,-0.037178525293801834,14378696045.98808,14378696045.98808,301357.SZ,北方长龙,20260812,True,True,True,110397100.0,0.824999951648111,111.60148999999998,106.6932,12320480851.678999,11778619869.720001,11778619869.72,-1.9073486328125e-06,3696144.255503699,3533585.9609159995,240991.00721399,5889309.934859999,12308172.67899881,11790410.279999191,13360031.158493688,24098582.958998002,1.4189,1.4189,14933917059.105574,-0.037178525293801834
20260812,14378696045.98808,14378696045.98808,,SKIP_OCCUPIED,,,0.0,14378696045.98808,14378696045.98808,,,,,,,,,,,,,,,,,,,,,,,,,14933917059.105574,-0.037178525293801834
20260813,14378696045.98808,14378696045.98808,20260812,PLAN_NOT_EXECUTED,LIMIT_UP_UNBUYABLE,C,0.0,14378696045.98808,14378696045.98808,002172.SZ,澳洋健康,nan,False,False,False,,,,,,,,,,,,,,,,,,,14933917059.105574,-0.037178525293801834
20260814,14378696045.98808,14378696045.98808,,NO_PLAN,,,0.0,14378696045.98808,14378696045.98808,,,,,,,,,,,,,,,,,,,,,,,,,14933917059.105574,-0.037178525293801834
20260817,14378696045.98808,14378696045.98808,,NO_PLAN,,,0.0,14378696045.98808,14378696045.98808,,,,,,,,,,,,,,,,,,,,,,,,,14933917059.105574,-0.037178525293801834
20260818,14378696045.98808,14378696045.98808,,NO_PLAN,,,0.0,14378696045.98808,14378696045.98808,,,,,,,,,,,,,,,,,,,,,,,,,14933917059.105574,-0.037178525293801834
20260819,14378696045.98808,14378696045.98808,,NO_PLAN,,,0.0,14378696045.98808,14378696045.98808,,,,,,,,,,,,,,,,,,,,,,,,,14933917059.105574,-0.037178525293801834
20260820,14378696045.98808,14378696045.98808,,NO_PLAN,,,0.0,14378696045.98808,14378696045.98808,,,,,,,,,,,,,,,,,,,,,,,,,14933917059.105574,-0.037178525293801834
20260821,14378696045.98808,14378696045.98808,,NO_PLAN,,,0.0,14378696045.98808,14378696045.98808,,,,,,,,,,,,,,,,,,,,,,,,,14933917059.105574,-0.037178525293801834
20260824,14378696045.98808,14378696045.98808,20260821,EXECUTED,OK,A,-0.04969567457441382,13664137046.482244,13664137046.482244,300016.SZ,北陆药业,20260825,True,True,True,1150541100.0,0.8249999767287545,10.3103,9.70029,11862423903.33,11160582326.919,11160582326.919003,1.9073486328125e-06,3558727.170999,3348174.6980757006,230230.06230249006,5580291.163459501,11850573.32999895,11171754.081000123,12717423.094836693,23022327.410999075,7.5911,7.5911,14933917059.105574,-0.08502658797405827
20260825,13664137046.482244,13664137046.482244,,SKIP_OCCUPIED,,,0.0,13664137046.482244,13664137046.482244,,,,,,,,,,,,,,,,,,,,,,,,,14933917059.105574,-0.08502658797405827
20260826,13664137046.482244,13664137046.482244,,NO_PLAN,,,0.0,13664137046.482244,13664137046.482244,,,,,,,,,,,,,,,,,,,,,,,,,14933917059.105574,-0.08502658797405827
20260827,13664137046.482244,13664137046.482244,20260826,EXECUTED,OK,A,-0.026258425630605764,13305338320.040785,13305338320.040785,301630.SZ,同宇新材,20260828,True,True,True,55239300.0,0.8249988776271197,204.07386999999997,197.802,11272897727.090998,10926444018.6,10926444018.600002,1.9073486328125e-06,3381869.318127299,3277933.2055800003,221993.41745691,5463222.009300001,11261636.090998149,10937381.400000414,12345017.950464211,22199017.490998562,1.4078,1.4078,14933917059.105574,-0.10905234926772311
20260828,13305338320.040785,13305338320.040785,,SKIP_OCCUPIED,,,0.0,13305338320.040785,13305338320.040785,,,,,,,,,,,,,,,,,,,,,,,,,14933917059.105574,-0.10905234926772311
20260831,13305338320.040785,13305338320.040785,,NO_PLAN,,,0.0,13305338320.040785,13305338320.040785,,,,,,,,,,,,,,,,,,,,,,,,,14933917059.105574,-0.10905234926772311
