strategy_name,trade_mode,signal_date,candidate_count,selected_count,planned_order_count,execution_event_count,closed_position_count,pending_position_count,top_ts_code,top_name,top_risk_flags,risk_warn_candidate_count,loss_overlay_watch_candidate_count,selected_loss_overlay_watch_count,selected_loss_overlay_watch,loss_overlay_watch_top_codes,manual_review_required,manual_review_status,manual_review_reason,historical_execution_found,equity_before,equity_after,account_return,live_order_enabled,daily_status,equity_start_of_day,equity_end_of_day,position_occupied_by,position_occupied_exit_dates,original_daily_status,original_account_return,original_equity_before,original_equity_after,review_decision,suggested_decision,suggestion_reason,review_note,manual_review_rejected_applied,adjusted_daily_status,adjusted_account_return,adjusted_equity_before,adjusted_equity_after,adjusted_equity_delta_vs_original_after,adjusted_peak_equity,adjusted_drawdown
a_clean_plus_exclude_star_prev0_3_bj_risk_filter,paper,20240520,1,1,1,2,1,0,300162.SZ,雷曼光电,无,0.0,0.0,0.0,False,,False,NOT_REQUIRED,,True,500000.0,701507.8273659114,0.403015654731823,False,CLOSED_BY_HISTORICAL_SIM,500000.0,701507.8273659114,,,CLOSED_BY_HISTORICAL_SIM,0.403015654731823,500000.0,701507.8273659114,,,,,False,CLOSED_BY_HISTORICAL_SIM,0.403015654731823,500000.0,701507.8273659114,0.0,701507.8273659114,0.0
a_clean_plus_exclude_star_prev0_3_bj_risk_filter,paper,20240521,0,0,0,0,0,0,,,,,,,,,,,,False,701507.8273659114,701507.8273659114,0.0,False,NO_CANDIDATE,701507.8273659114,701507.8273659114,,,NO_CANDIDATE,0.0,701507.8273659114,701507.8273659114,,,,,False,NO_CANDIDATE,0.0,701507.8273659114,701507.8273659114,0.0,701507.8273659114,0.0
a_clean_plus_exclude_star_prev0_3_bj_risk_filter,paper,20240522,0,0,0,0,0,0,,,,,,,,,,,,False,701507.8273659114,701507.8273659114,0.0,False,NO_CANDIDATE,701507.8273659114,701507.8273659114,,,NO_CANDIDATE,0.0,701507.8273659114,701507.8273659114,,,,,False,NO_CANDIDATE,0.0,701507.8273659114,701507.8273659114,0.0,701507.8273659114,0.0
a_clean_plus_exclude_star_prev0_3_bj_risk_filter,paper,20240523,0,0,0,0,0,0,,,,,,,,,,,,False,701507.8273659114,701507.8273659114,0.0,False,NO_CANDIDATE,701507.8273659114,701507.8273659114,,,NO_CANDIDATE,0.0,701507.8273659114,701507.8273659114,,,,,False,NO_CANDIDATE,0.0,701507.8273659114,701507.8273659114,0.0,701507.8273659114,0.0
a_clean_plus_exclude_star_prev0_3_bj_risk_filter,paper,20240524,0,0,0,0,0,0,,,,,,,,,,,,False,701507.8273659114,701507.8273659114,0.0,False,NO_CANDIDATE,701507.8273659114,701507.8273659114,,,NO_CANDIDATE,0.0,701507.8273659114,701507.8273659114,,,,,False,NO_CANDIDATE,0.0,701507.8273659114,701507.8273659114,0.0,701507.8273659114,0.0
a_clean_plus_exclude_star_prev0_3_bj_risk_filter,paper,20240527,0,0,0,0,0,0,,,,,,,,,,,,False,701507.8273659114,701507.8273659114,0.0,False,NO_CANDIDATE,701507.8273659114,701507.8273659114,,,NO_CANDIDATE,0.0,701507.8273659114,701507.8273659114,,,,,False,NO_CANDIDATE,0.0,701507.8273659114,701507.8273659114,0.0,701507.8273659114,0.0
a_clean_plus_exclude_star_prev0_3_bj_risk_filter,paper,20240528,0,0,0,0,0,0,,,,,,,,,,,,False,701507.8273659114,701507.8273659114,0.0,False,NO_CANDIDATE,701507.8273659114,701507.8273659114,,,NO_CANDIDATE,0.0,701507.8273659114,701507.8273659114,,,,,False,NO_CANDIDATE,0.0,701507.8273659114,701507.8273659114,0.0,701507.8273659114,0.0
a_clean_plus_exclude_star_prev0_3_bj_risk_filter,paper,20240529,0,0,0,0,0,0,,,,,,,,,,,,False,701507.8273659114,701507.8273659114,0.0,False,NO_CANDIDATE,701507.8273659114,701507.8273659114,,,NO_CANDIDATE,0.0,701507.8273659114,701507.8273659114,,,,,False,NO_CANDIDATE,0.0,701507.8273659114,701507.8273659114,0.0,701507.8273659114,0.0
a_clean_plus_exclude_star_prev0_3_bj_risk_filter,paper,20240530,0,0,0,0,0,0,,,,,,,,,,,,False,701507.8273659114,701507.8273659114,0.0,False,NO_CANDIDATE,701507.8273659114,701507.8273659114,,,NO_CANDIDATE,0.0,701507.8273659114,701507.8273659114,,,,,False,NO_CANDIDATE,0.0,701507.8273659114,701507.8273659114,0.0,701507.8273659114,0.0
a_clean_plus_exclude_star_prev0_3_bj_risk_filter,paper,20240531,0,0,0,0,0,0,,,,,,,,,,,,False,701507.8273659114,701507.8273659114,0.0,False,NO_CANDIDATE,701507.8273659114,701507.8273659114,,,NO_CANDIDATE,0.0,701507.8273659114,701507.8273659114,,,,,False,NO_CANDIDATE,0.0,701507.8273659114,701507.8273659114,0.0,701507.8273659114,0.0
a_clean_plus_exclude_star_prev0_3_bj_risk_filter,paper,20240603,0,0,0,0,0,0,,,,,,,,,,,,False,701507.8273659114,701507.8273659114,0.0,False,NO_CANDIDATE,701507.8273659114,701507.8273659114,,,NO_CANDIDATE,0.0,701507.8273659114,701507.8273659114,,,,,False,NO_CANDIDATE,0.0,701507.8273659114,701507.8273659114,0.0,701507.8273659114,0.0
a_clean_plus_exclude_star_prev0_3_bj_risk_filter,paper,20240604,0,0,0,0,0,0,,,,,,,,,,,,False,701507.8273659114,701507.8273659114,0.0,False,NO_CANDIDATE,701507.8273659114,701507.8273659114,,,NO_CANDIDATE,0.0,701507.8273659114,701507.8273659114,,,,,False,NO_CANDIDATE,0.0,701507.8273659114,701507.8273659114,0.0,701507.8273659114,0.0
a_clean_plus_exclude_star_prev0_3_bj_risk_filter,paper,20240605,0,0,0,0,0,0,,,,,,,,,,,,False,701507.8273659114,701507.8273659114,0.0,False,NO_CANDIDATE,701507.8273659114,701507.8273659114,,,NO_CANDIDATE,0.0,701507.8273659114,701507.8273659114,,,,,False,NO_CANDIDATE,0.0,701507.8273659114,701507.8273659114,0.0,701507.8273659114,0.0
a_clean_plus_exclude_star_prev0_3_bj_risk_filter,paper,20240606,0,0,0,0,0,0,,,,,,,,,,,,False,701507.8273659114,701507.8273659114,0.0,False,NO_CANDIDATE,701507.8273659114,701507.8273659114,,,NO_CANDIDATE,0.0,701507.8273659114,701507.8273659114,,,,,False,NO_CANDIDATE,0.0,701507.8273659114,701507.8273659114,0.0,701507.8273659114,0.0
a_clean_plus_exclude_star_prev0_3_bj_risk_filter,paper,20240607,0,0,0,0,0,0,,,,,,,,,,,,False,701507.8273659114,701507.8273659114,0.0,False,NO_CANDIDATE,701507.8273659114,701507.8273659114,,,NO_CANDIDATE,0.0,701507.8273659114,701507.8273659114,,,,,False,NO_CANDIDATE,0.0,701507.8273659114,701507.8273659114,0.0,701507.8273659114,0.0
a_clean_plus_exclude_star_prev0_3_bj_risk_filter,paper,20240611,0,0,0,0,0,0,,,,,,,,,,,,False,701507.8273659114,701507.8273659114,0.0,False,NO_CANDIDATE,701507.8273659114,701507.8273659114,,,NO_CANDIDATE,0.0,701507.8273659114,701507.8273659114,,,,,False,NO_CANDIDATE,0.0,701507.8273659114,701507.8273659114,0.0,701507.8273659114,0.0
a_clean_plus_exclude_star_prev0_3_bj_risk_filter,paper,20240612,0,0,0,0,0,0,,,,,,,,,,,,False,701507.8273659114,701507.8273659114,0.0,False,NO_CANDIDATE,701507.8273659114,701507.8273659114,,,NO_CANDIDATE,0.0,701507.8273659114,701507.8273659114,,,,,False,NO_CANDIDATE,0.0,701507.8273659114,701507.8273659114,0.0,701507.8273659114,0.0
a_clean_plus_exclude_star_prev0_3_bj_risk_filter,paper,20240613,0,0,0,0,0,0,,,,,,,,,,,,False,701507.8273659114,701507.8273659114,0.0,False,NO_CANDIDATE,701507.8273659114,701507.8273659114,,,NO_CANDIDATE,0.0,701507.8273659114,701507.8273659114,,,,,False,NO_CANDIDATE,0.0,701507.8273659114,701507.8273659114,0.0,701507.8273659114,0.0
a_clean_plus_exclude_star_prev0_3_bj_risk_filter,paper,20240614,0,0,0,0,0,0,,,,,,,,,,,,False,701507.8273659114,701507.8273659114,0.0,False,NO_CANDIDATE,701507.8273659114,701507.8273659114,,,NO_CANDIDATE,0.0,701507.8273659114,701507.8273659114,,,,,False,NO_CANDIDATE,0.0,701507.8273659114,701507.8273659114,0.0,701507.8273659114,0.0
a_clean_plus_exclude_star_prev0_3_bj_risk_filter,paper,20240617,0,0,0,0,0,0,,,,,,,,,,,,False,701507.8273659114,701507.8273659114,0.0,False,NO_CANDIDATE,701507.8273659114,701507.8273659114,,,NO_CANDIDATE,0.0,701507.8273659114,701507.8273659114,,,,,False,NO_CANDIDATE,0.0,701507.8273659114,701507.8273659114,0.0,701507.8273659114,0.0
a_clean_plus_exclude_star_prev0_3_bj_risk_filter,paper,20240618,0,0,0,0,0,0,,,,,,,,,,,,False,701507.8273659114,701507.8273659114,0.0,False,NO_CANDIDATE,701507.8273659114,701507.8273659114,,,NO_CANDIDATE,0.0,701507.8273659114,701507.8273659114,,,,,False,NO_CANDIDATE,0.0,701507.8273659114,701507.8273659114,0.0,701507.8273659114,0.0
a_clean_plus_exclude_star_prev0_3_bj_risk_filter,paper,20240619,0,0,0,0,0,0,,,,,,,,,,,,False,701507.8273659114,701507.8273659114,0.0,False,NO_CANDIDATE,701507.8273659114,701507.8273659114,,,NO_CANDIDATE,0.0,701507.8273659114,701507.8273659114,,,,,False,NO_CANDIDATE,0.0,701507.8273659114,701507.8273659114,0.0,701507.8273659114,0.0
a_clean_plus_exclude_star_prev0_3_bj_risk_filter,paper,20240620,1,1,1,2,1,0,300469.SZ,信息发展,无,0.0,0.0,0.0,False,,False,NOT_REQUIRED,,True,701507.8273659114,741862.1905795921,0.0575251788211788,False,CLOSED_BY_HISTORICAL_SIM,701507.8273659114,741862.1905795921,,,CLOSED_BY_HISTORICAL_SIM,0.0575251788211788,701507.8273659114,741862.1905795921,,,,,False,CLOSED_BY_HISTORICAL_SIM,0.0575251788211788,701507.8273659114,741862.1905795921,0.0,741862.1905795921,0.0
a_clean_plus_exclude_star_prev0_3_bj_risk_filter,paper,20240621,0,0,0,0,0,0,,,,,,,,,,,,False,741862.1905795921,741862.1905795921,0.0,False,NO_CANDIDATE,741862.1905795921,741862.1905795921,,,NO_CANDIDATE,0.0,741862.1905795921,741862.1905795921,,,,,False,NO_CANDIDATE,0.0,741862.1905795921,741862.1905795921,0.0,741862.1905795921,0.0
a_clean_plus_exclude_star_prev0_3_bj_risk_filter,paper,20240624,0,0,0,0,0,0,,,,,,,,,,,,False,741862.1905795921,741862.1905795921,0.0,False,NO_CANDIDATE,741862.1905795921,741862.1905795921,,,NO_CANDIDATE,0.0,741862.1905795921,741862.1905795921,,,,,False,NO_CANDIDATE,0.0,741862.1905795921,741862.1905795921,0.0,741862.1905795921,0.0
a_clean_plus_exclude_star_prev0_3_bj_risk_filter,paper,20240625,0,0,0,0,0,0,,,,,,,,,,,,False,741862.1905795921,741862.1905795921,0.0,False,NO_CANDIDATE,741862.1905795921,741862.1905795921,,,NO_CANDIDATE,0.0,741862.1905795921,741862.1905795921,,,,,False,NO_CANDIDATE,0.0,741862.1905795921,741862.1905795921,0.0,741862.1905795921,0.0
a_clean_plus_exclude_star_prev0_3_bj_risk_filter,paper,20240626,0,0,0,0,0,0,,,,,,,,,,,,False,741862.1905795921,741862.1905795921,0.0,False,NO_CANDIDATE,741862.1905795921,741862.1905795921,,,NO_CANDIDATE,0.0,741862.1905795921,741862.1905795921,,,,,False,NO_CANDIDATE,0.0,741862.1905795921,741862.1905795921,0.0,741862.1905795921,0.0
a_clean_plus_exclude_star_prev0_3_bj_risk_filter,paper,20240627,0,0,0,0,0,0,,,,,,,,,,,,False,741862.1905795921,741862.1905795921,0.0,False,NO_CANDIDATE,741862.1905795921,741862.1905795921,,,NO_CANDIDATE,0.0,741862.1905795921,741862.1905795921,,,,,False,NO_CANDIDATE,0.0,741862.1905795921,741862.1905795921,0.0,741862.1905795921,0.0
a_clean_plus_exclude_star_prev0_3_bj_risk_filter,paper,20240628,0,0,0,0,0,0,,,,,,,,,,,,False,741862.1905795921,741862.1905795921,0.0,False,NO_CANDIDATE,741862.1905795921,741862.1905795921,,,NO_CANDIDATE,0.0,741862.1905795921,741862.1905795921,,,,,False,NO_CANDIDATE,0.0,741862.1905795921,741862.1905795921,0.0,741862.1905795921,0.0
a_clean_plus_exclude_star_prev0_3_bj_risk_filter,paper,20240701,0,0,0,0,0,0,,,,,,,,,,,,False,741862.1905795921,741862.1905795921,0.0,False,NO_CANDIDATE,741862.1905795921,741862.1905795921,,,NO_CANDIDATE,0.0,741862.1905795921,741862.1905795921,,,,,False,NO_CANDIDATE,0.0,741862.1905795921,741862.1905795921,0.0,741862.1905795921,0.0
a_clean_plus_exclude_star_prev0_3_bj_risk_filter,paper,20240702,0,0,0,0,0,0,,,,,,,,,,,,False,741862.1905795921,741862.1905795921,0.0,False,NO_CANDIDATE,741862.1905795921,741862.1905795921,,,NO_CANDIDATE,0.0,741862.1905795921,741862.1905795921,,,,,False,NO_CANDIDATE,0.0,741862.1905795921,741862.1905795921,0.0,741862.1905795921,0.0
a_clean_plus_exclude_star_prev0_3_bj_risk_filter,paper,20240703,0,0,0,0,0,0,,,,,,,,,,,,False,741862.1905795921,741862.1905795921,0.0,False,NO_CANDIDATE,741862.1905795921,741862.1905795921,,,NO_CANDIDATE,0.0,741862.1905795921,741862.1905795921,,,,,False,NO_CANDIDATE,0.0,741862.1905795921,741862.1905795921,0.0,741862.1905795921,0.0
a_clean_plus_exclude_star_prev0_3_bj_risk_filter,paper,20240704,0,0,0,0,0,0,,,,,,,,,,,,False,741862.1905795921,741862.1905795921,0.0,False,NO_CANDIDATE,741862.1905795921,741862.1905795921,,,NO_CANDIDATE,0.0,741862.1905795921,741862.1905795921,,,,,False,NO_CANDIDATE,0.0,741862.1905795921,741862.1905795921,0.0,741862.1905795921,0.0
a_clean_plus_exclude_star_prev0_3_bj_risk_filter,paper,20240705,0,0,0,0,0,0,,,,,,,,,,,,False,741862.1905795921,741862.1905795921,0.0,False,NO_CANDIDATE,741862.1905795921,741862.1905795921,,,NO_CANDIDATE,0.0,741862.1905795921,741862.1905795921,,,,,False,NO_CANDIDATE,0.0,741862.1905795921,741862.1905795921,0.0,741862.1905795921,0.0
a_clean_plus_exclude_star_prev0_3_bj_risk_filter,paper,20240708,0,0,0,0,0,0,,,,,,,,,,,,False,741862.1905795921,741862.1905795921,0.0,False,NO_CANDIDATE,741862.1905795921,741862.1905795921,,,NO_CANDIDATE,0.0,741862.1905795921,741862.1905795921,,,,,False,NO_CANDIDATE,0.0,741862.1905795921,741862.1905795921,0.0,741862.1905795921,0.0
a_clean_plus_exclude_star_prev0_3_bj_risk_filter,paper,20240709,0,0,0,0,0,0,,,,,,,,,,,,False,741862.1905795921,741862.1905795921,0.0,False,NO_CANDIDATE,741862.1905795921,741862.1905795921,,,NO_CANDIDATE,0.0,741862.1905795921,741862.1905795921,,,,,False,NO_CANDIDATE,0.0,741862.1905795921,741862.1905795921,0.0,741862.1905795921,0.0
a_clean_plus_exclude_star_prev0_3_bj_risk_filter,paper,20240710,0,0,0,0,0,0,,,,,,,,,,,,False,741862.1905795921,741862.1905795921,0.0,False,NO_CANDIDATE,741862.1905795921,741862.1905795921,,,NO_CANDIDATE,0.0,741862.1905795921,741862.1905795921,,,,,False,NO_CANDIDATE,0.0,741862.1905795921,741862.1905795921,0.0,741862.1905795921,0.0
a_clean_plus_exclude_star_prev0_3_bj_risk_filter,paper,20240711,0,0,0,0,0,0,,,,,,,,,,,,False,741862.1905795921,741862.1905795921,0.0,False,NO_CANDIDATE,741862.1905795921,741862.1905795921,,,NO_CANDIDATE,0.0,741862.1905795921,741862.1905795921,,,,,False,NO_CANDIDATE,0.0,741862.1905795921,741862.1905795921,0.0,741862.1905795921,0.0
a_clean_plus_exclude_star_prev0_3_bj_risk_filter,paper,20240712,1,1,1,2,1,0,300582.SZ,英飞特,无,0.0,0.0,0.0,False,,False,NOT_REQUIRED,,True,741862.1905795921,763478.3921655716,0.0291377588189142,False,CLOSED_BY_HISTORICAL_SIM,741862.1905795921,763478.3921655716,,,CLOSED_BY_HISTORICAL_SIM,0.0291377588189142,741862.1905795921,763478.3921655716,,,,,False,CLOSED_BY_HISTORICAL_SIM,0.0291377588189142,741862.1905795921,763478.3921655716,0.0,763478.3921655716,0.0
a_clean_plus_exclude_star_prev0_3_bj_risk_filter,paper,20240715,0,0,0,0,0,0,,,,,,,,,,,,False,763478.3921655716,763478.3921655716,0.0,False,NO_CANDIDATE,763478.3921655716,763478.3921655716,,,NO_CANDIDATE,0.0,763478.3921655716,763478.3921655716,,,,,False,NO_CANDIDATE,0.0,763478.3921655716,763478.3921655716,0.0,763478.3921655716,0.0
a_clean_plus_exclude_star_prev0_3_bj_risk_filter,paper,20240716,0,0,0,0,0,0,,,,,,,,,,,,False,763478.3921655716,763478.3921655716,0.0,False,NO_CANDIDATE,763478.3921655716,763478.3921655716,,,NO_CANDIDATE,0.0,763478.3921655716,763478.3921655716,,,,,False,NO_CANDIDATE,0.0,763478.3921655716,763478.3921655716,0.0,763478.3921655716,0.0
a_clean_plus_exclude_star_prev0_3_bj_risk_filter,paper,20240717,0,0,0,0,0,0,,,,,,,,,,,,False,763478.3921655716,763478.3921655716,0.0,False,NO_CANDIDATE,763478.3921655716,763478.3921655716,,,NO_CANDIDATE,0.0,763478.3921655716,763478.3921655716,,,,,False,NO_CANDIDATE,0.0,763478.3921655716,763478.3921655716,0.0,763478.3921655716,0.0
a_clean_plus_exclude_star_prev0_3_bj_risk_filter,paper,20240718,0,0,0,0,0,0,,,,,,,,,,,,False,763478.3921655716,763478.3921655716,0.0,False,NO_CANDIDATE,763478.3921655716,763478.3921655716,,,NO_CANDIDATE,0.0,763478.3921655716,763478.3921655716,,,,,False,NO_CANDIDATE,0.0,763478.3921655716,763478.3921655716,0.0,763478.3921655716,0.0
a_clean_plus_exclude_star_prev0_3_bj_risk_filter,paper,20240719,0,0,0,0,0,0,,,,,,,,,,,,False,763478.3921655716,763478.3921655716,0.0,False,NO_CANDIDATE,763478.3921655716,763478.3921655716,,,NO_CANDIDATE,0.0,763478.3921655716,763478.3921655716,,,,,False,NO_CANDIDATE,0.0,763478.3921655716,763478.3921655716,0.0,763478.3921655716,0.0
a_clean_plus_exclude_star_prev0_3_bj_risk_filter,paper,20240722,0,0,0,0,0,0,,,,,,,,,,,,False,763478.3921655716,763478.3921655716,0.0,False,NO_CANDIDATE,763478.3921655716,763478.3921655716,,,NO_CANDIDATE,0.0,763478.3921655716,763478.3921655716,,,,,False,NO_CANDIDATE,0.0,763478.3921655716,763478.3921655716,0.0,763478.3921655716,0.0
a_clean_plus_exclude_star_prev0_3_bj_risk_filter,paper,20240723,0,0,0,0,0,0,,,,,,,,,,,,False,763478.3921655716,763478.3921655716,0.0,False,NO_CANDIDATE,763478.3921655716,763478.3921655716,,,NO_CANDIDATE,0.0,763478.3921655716,763478.3921655716,,,,,False,NO_CANDIDATE,0.0,763478.3921655716,763478.3921655716,0.0,763478.3921655716,0.0
a_clean_plus_exclude_star_prev0_3_bj_risk_filter,paper,20240724,0,0,0,0,0,0,,,,,,,,,,,,False,763478.3921655716,763478.3921655716,0.0,False,NO_CANDIDATE,763478.3921655716,763478.3921655716,,,NO_CANDIDATE,0.0,763478.3921655716,763478.3921655716,,,,,False,NO_CANDIDATE,0.0,763478.3921655716,763478.3921655716,0.0,763478.3921655716,0.0
a_clean_plus_exclude_star_prev0_3_bj_risk_filter,paper,20240725,0,0,0,0,0,0,,,,,,,,,,,,False,763478.3921655716,763478.3921655716,0.0,False,NO_CANDIDATE,763478.3921655716,763478.3921655716,,,NO_CANDIDATE,0.0,763478.3921655716,763478.3921655716,,,,,False,NO_CANDIDATE,0.0,763478.3921655716,763478.3921655716,0.0,763478.3921655716,0.0
a_clean_plus_exclude_star_prev0_3_bj_risk_filter,paper,20240726,0,0,0,0,0,0,,,,,,,,,,,,False,763478.3921655716,763478.3921655716,0.0,False,NO_CANDIDATE,763478.3921655716,763478.3921655716,,,NO_CANDIDATE,0.0,763478.3921655716,763478.3921655716,,,,,False,NO_CANDIDATE,0.0,763478.3921655716,763478.3921655716,0.0,763478.3921655716,0.0
a_clean_plus_exclude_star_prev0_3_bj_risk_filter,paper,20240729,0,0,0,0,0,0,,,,,,,,,,,,False,763478.3921655716,763478.3921655716,0.0,False,NO_CANDIDATE,763478.3921655716,763478.3921655716,,,NO_CANDIDATE,0.0,763478.3921655716,763478.3921655716,,,,,False,NO_CANDIDATE,0.0,763478.3921655716,763478.3921655716,0.0,763478.3921655716,0.0
a_clean_plus_exclude_star_prev0_3_bj_risk_filter,paper,20240730,0,0,0,0,0,0,,,,,,,,,,,,False,763478.3921655716,763478.3921655716,0.0,False,NO_CANDIDATE,763478.3921655716,763478.3921655716,,,NO_CANDIDATE,0.0,763478.3921655716,763478.3921655716,,,,,False,NO_CANDIDATE,0.0,763478.3921655716,763478.3921655716,0.0,763478.3921655716,0.0
a_clean_plus_exclude_star_prev0_3_bj_risk_filter,paper,20240731,0,0,0,0,0,0,,,,,,,,,,,,False,763478.3921655716,763478.3921655716,0.0,False,NO_CANDIDATE,763478.3921655716,763478.3921655716,,,NO_CANDIDATE,0.0,763478.3921655716,763478.3921655716,,,,,False,NO_CANDIDATE,0.0,763478.3921655716,763478.3921655716,0.0,763478.3921655716,0.0
a_clean_plus_exclude_star_prev0_3_bj_risk_filter,paper,20240801,0,0,0,0,0,0,,,,,,,,,,,,False,763478.3921655716,763478.3921655716,0.0,False,NO_CANDIDATE,763478.3921655716,763478.3921655716,,,NO_CANDIDATE,0.0,763478.3921655716,763478.3921655716,,,,,False,NO_CANDIDATE,0.0,763478.3921655716,763478.3921655716,0.0,763478.3921655716,0.0
a_clean_plus_exclude_star_prev0_3_bj_risk_filter,paper,20240802,1,1,1,2,1,0,300149.SZ,睿智医药,无,0.0,0.0,0.0,False,,False,NOT_REQUIRED,,True,763478.3921655716,930395.7102730904,0.218627429171984,False,CLOSED_BY_HISTORICAL_SIM,763478.3921655716,930395.7102730904,,,CLOSED_BY_HISTORICAL_SIM,0.218627429171984,763478.3921655716,930395.7102730904,,,,,False,CLOSED_BY_HISTORICAL_SIM,0.218627429171984,763478.3921655716,930395.7102730904,0.0,930395.7102730904,0.0
a_clean_plus_exclude_star_prev0_3_bj_risk_filter,paper,20240805,1,0,0,0,0,0,300329.SZ,海伦钢琴,,,,,,,,,,False,930395.7102730904,930395.7102730904,0.0,False,POSITION_OCCUPIED_SKIP,930395.7102730904,930395.7102730904,300149.SZ 睿智医药,20240806.0,POSITION_OCCUPIED_SKIP,0.0,930395.7102730904,930395.7102730904,,,,,False,POSITION_OCCUPIED_SKIP,0.0,930395.7102730904,930395.7102730904,0.0,930395.7102730904,0.0
a_clean_plus_exclude_star_prev0_3_bj_risk_filter,paper,20240806,0,0,0,0,0,0,,,,,,,,,,,,False,930395.7102730904,930395.7102730904,0.0,False,NO_CANDIDATE,930395.7102730904,930395.7102730904,,,NO_CANDIDATE,0.0,930395.7102730904,930395.7102730904,,,,,False,NO_CANDIDATE,0.0,930395.7102730904,930395.7102730904,0.0,930395.7102730904,0.0
a_clean_plus_exclude_star_prev0_3_bj_risk_filter,paper,20240807,0,0,0,0,0,0,,,,,,,,,,,,False,930395.7102730904,930395.7102730904,0.0,False,NO_CANDIDATE,930395.7102730904,930395.7102730904,,,NO_CANDIDATE,0.0,930395.7102730904,930395.7102730904,,,,,False,NO_CANDIDATE,0.0,930395.7102730904,930395.7102730904,0.0,930395.7102730904,0.0
a_clean_plus_exclude_star_prev0_3_bj_risk_filter,paper,20240808,0,0,0,0,0,0,,,,,,,,,,,,False,930395.7102730904,930395.7102730904,0.0,False,NO_CANDIDATE,930395.7102730904,930395.7102730904,,,NO_CANDIDATE,0.0,930395.7102730904,930395.7102730904,,,,,False,NO_CANDIDATE,0.0,930395.7102730904,930395.7102730904,0.0,930395.7102730904,0.0
a_clean_plus_exclude_star_prev0_3_bj_risk_filter,paper,20240809,0,0,0,0,0,0,,,,,,,,,,,,False,930395.7102730904,930395.7102730904,0.0,False,NO_CANDIDATE,930395.7102730904,930395.7102730904,,,NO_CANDIDATE,0.0,930395.7102730904,930395.7102730904,,,,,False,NO_CANDIDATE,0.0,930395.7102730904,930395.7102730904,0.0,930395.7102730904,0.0
a_clean_plus_exclude_star_prev0_3_bj_risk_filter,paper,20240812,0,0,0,0,0,0,,,,,,,,,,,,False,930395.7102730904,930395.7102730904,0.0,False,NO_CANDIDATE,930395.7102730904,930395.7102730904,,,NO_CANDIDATE,0.0,930395.7102730904,930395.7102730904,,,,,False,NO_CANDIDATE,0.0,930395.7102730904,930395.7102730904,0.0,930395.7102730904,0.0
a_clean_plus_exclude_star_prev0_3_bj_risk_filter,paper,20240813,0,0,0,0,0,0,,,,,,,,,,,,False,930395.7102730904,930395.7102730904,0.0,False,NO_CANDIDATE,930395.7102730904,930395.7102730904,,,NO_CANDIDATE,0.0,930395.7102730904,930395.7102730904,,,,,False,NO_CANDIDATE,0.0,930395.7102730904,930395.7102730904,0.0,930395.7102730904,0.0
a_clean_plus_exclude_star_prev0_3_bj_risk_filter,paper,20240814,0,0,0,0,0,0,,,,,,,,,,,,False,930395.7102730904,930395.7102730904,0.0,False,NO_CANDIDATE,930395.7102730904,930395.7102730904,,,NO_CANDIDATE,0.0,930395.7102730904,930395.7102730904,,,,,False,NO_CANDIDATE,0.0,930395.7102730904,930395.7102730904,0.0,930395.7102730904,0.0
a_clean_plus_exclude_star_prev0_3_bj_risk_filter,paper,20240815,0,0,0,0,0,0,,,,,,,,,,,,False,930395.7102730904,930395.7102730904,0.0,False,NO_CANDIDATE,930395.7102730904,930395.7102730904,,,NO_CANDIDATE,0.0,930395.7102730904,930395.7102730904,,,,,False,NO_CANDIDATE,0.0,930395.7102730904,930395.7102730904,0.0,930395.7102730904,0.0
a_clean_plus_exclude_star_prev0_3_bj_risk_filter,paper,20240816,0,0,0,0,0,0,,,,,,,,,,,,False,930395.7102730904,930395.7102730904,0.0,False,NO_CANDIDATE,930395.7102730904,930395.7102730904,,,NO_CANDIDATE,0.0,930395.7102730904,930395.7102730904,,,,,False,NO_CANDIDATE,0.0,930395.7102730904,930395.7102730904,0.0,930395.7102730904,0.0
a_clean_plus_exclude_star_prev0_3_bj_risk_filter,paper,20240819,0,0,0,0,0,0,,,,,,,,,,,,False,930395.7102730904,930395.7102730904,0.0,False,NO_CANDIDATE,930395.7102730904,930395.7102730904,,,NO_CANDIDATE,0.0,930395.7102730904,930395.7102730904,,,,,False,NO_CANDIDATE,0.0,930395.7102730904,930395.7102730904,0.0,930395.7102730904,0.0
a_clean_plus_exclude_star_prev0_3_bj_risk_filter,paper,20240820,0,0,0,0,0,0,,,,,,,,,,,,False,930395.7102730904,930395.7102730904,0.0,False,NO_CANDIDATE,930395.7102730904,930395.7102730904,,,NO_CANDIDATE,0.0,930395.7102730904,930395.7102730904,,,,,False,NO_CANDIDATE,0.0,930395.7102730904,930395.7102730904,0.0,930395.7102730904,0.0
a_clean_plus_exclude_star_prev0_3_bj_risk_filter,paper,20240821,0,0,0,0,0,0,,,,,,,,,,,,False,930395.7102730904,930395.7102730904,0.0,False,NO_CANDIDATE,930395.7102730904,930395.7102730904,,,NO_CANDIDATE,0.0,930395.7102730904,930395.7102730904,,,,,False,NO_CANDIDATE,0.0,930395.7102730904,930395.7102730904,0.0,930395.7102730904,0.0
a_clean_plus_exclude_star_prev0_3_bj_risk_filter,paper,20240822,0,0,0,0,0,0,,,,,,,,,,,,False,930395.7102730904,930395.7102730904,0.0,False,NO_CANDIDATE,930395.7102730904,930395.7102730904,,,NO_CANDIDATE,0.0,930395.7102730904,930395.7102730904,,,,,False,NO_CANDIDATE,0.0,930395.7102730904,930395.7102730904,0.0,930395.7102730904,0.0
a_clean_plus_exclude_star_prev0_3_bj_risk_filter,paper,20240823,0,0,0,0,0,0,,,,,,,,,,,,False,930395.7102730904,930395.7102730904,0.0,False,NO_CANDIDATE,930395.7102730904,930395.7102730904,,,NO_CANDIDATE,0.0,930395.7102730904,930395.7102730904,,,,,False,NO_CANDIDATE,0.0,930395.7102730904,930395.7102730904,0.0,930395.7102730904,0.0
a_clean_plus_exclude_star_prev0_3_bj_risk_filter,paper,20240826,0,0,0,0,0,0,,,,,,,,,,,,False,930395.7102730904,930395.7102730904,0.0,False,NO_CANDIDATE,930395.7102730904,930395.7102730904,,,NO_CANDIDATE,0.0,930395.7102730904,930395.7102730904,,,,,False,NO_CANDIDATE,0.0,930395.7102730904,930395.7102730904,0.0,930395.7102730904,0.0
a_clean_plus_exclude_star_prev0_3_bj_risk_filter,paper,20240827,0,0,0,0,0,0,,,,,,,,,,,,False,930395.7102730904,930395.7102730904,0.0,False,NO_CANDIDATE,930395.7102730904,930395.7102730904,,,NO_CANDIDATE,0.0,930395.7102730904,930395.7102730904,,,,,False,NO_CANDIDATE,0.0,930395.7102730904,930395.7102730904,0.0,930395.7102730904,0.0
a_clean_plus_exclude_star_prev0_3_bj_risk_filter,paper,20240828,0,0,0,0,0,0,,,,,,,,,,,,False,930395.7102730904,930395.7102730904,0.0,False,NO_CANDIDATE,930395.7102730904,930395.7102730904,,,NO_CANDIDATE,0.0,930395.7102730904,930395.7102730904,,,,,False,NO_CANDIDATE,0.0,930395.7102730904,930395.7102730904,0.0,930395.7102730904,0.0
a_clean_plus_exclude_star_prev0_3_bj_risk_filter,paper,20240829,0,0,0,0,0,0,,,,,,,,,,,,False,930395.7102730904,930395.7102730904,0.0,False,NO_CANDIDATE,930395.7102730904,930395.7102730904,,,NO_CANDIDATE,0.0,930395.7102730904,930395.7102730904,,,,,False,NO_CANDIDATE,0.0,930395.7102730904,930395.7102730904,0.0,930395.7102730904,0.0
a_clean_plus_exclude_star_prev0_3_bj_risk_filter,paper,20240830,0,0,0,0,0,0,,,,,,,,,,,,False,930395.7102730904,930395.7102730904,0.0,False,NO_CANDIDATE,930395.7102730904,930395.7102730904,,,NO_CANDIDATE,0.0,930395.7102730904,930395.7102730904,,,,,False,NO_CANDIDATE,0.0,930395.7102730904,930395.7102730904,0.0,930395.7102730904,0.0
a_clean_plus_exclude_star_prev0_3_bj_risk_filter,paper,20240902,0,0,0,0,0,0,,,,,,,,,,,,False,930395.7102730904,930395.7102730904,0.0,False,NO_CANDIDATE,930395.7102730904,930395.7102730904,,,NO_CANDIDATE,0.0,930395.7102730904,930395.7102730904,,,,,False,NO_CANDIDATE,0.0,930395.7102730904,930395.7102730904,0.0,930395.7102730904,0.0
a_clean_plus_exclude_star_prev0_3_bj_risk_filter,paper,20240903,2,1,1,2,1,0,300068.SZ,南都电源,无,0.0,0.0,0.0,False,,False,NOT_REQUIRED,,True,930395.7102730904,976106.0787115496,0.0491300292270718,False,CLOSED_BY_HISTORICAL_SIM,930395.7102730904,976106.0787115496,,,CLOSED_BY_HISTORICAL_SIM,0.0491300292270718,930395.7102730904,976106.0787115496,,,,,False,CLOSED_BY_HISTORICAL_SIM,0.0491300292270718,930395.7102730904,976106.0787115495,-1.1641532182693481e-10,976106.0787115495,0.0
a_clean_plus_exclude_star_prev0_3_bj_risk_filter,paper,20240904,0,0,0,0,0,0,,,,,,,,,,,,False,976106.0787115496,976106.0787115496,0.0,False,NO_CANDIDATE,976106.0787115496,976106.0787115496,,,NO_CANDIDATE,0.0,976106.0787115496,976106.0787115496,,,,,False,NO_CANDIDATE,0.0,976106.0787115495,976106.0787115495,-1.1641532182693481e-10,976106.0787115495,0.0
a_clean_plus_exclude_star_prev0_3_bj_risk_filter,paper,20240905,0,0,0,0,0,0,,,,,,,,,,,,False,976106.0787115496,976106.0787115496,0.0,False,NO_CANDIDATE,976106.0787115496,976106.0787115496,,,NO_CANDIDATE,0.0,976106.0787115496,976106.0787115496,,,,,False,NO_CANDIDATE,0.0,976106.0787115495,976106.0787115495,-1.1641532182693481e-10,976106.0787115495,0.0
a_clean_plus_exclude_star_prev0_3_bj_risk_filter,paper,20240906,1,1,1,2,1,0,300905.SZ,宝丽迪,无,0.0,0.0,0.0,False,,False,NOT_REQUIRED,,True,976106.0787115496,1082386.287200512,0.1088818221778221,False,CLOSED_BY_HISTORICAL_SIM,976106.0787115496,1082386.287200512,,,CLOSED_BY_HISTORICAL_SIM,0.1088818221778221,976106.0787115496,1082386.287200512,,,,,False,CLOSED_BY_HISTORICAL_SIM,0.1088818221778221,976106.0787115495,1082386.2872005117,-2.3283064365386963e-10,1082386.2872005117,0.0
a_clean_plus_exclude_star_prev0_3_bj_risk_filter,paper,20240909,0,0,0,0,0,0,,,,,,,,,,,,False,1082386.287200512,1082386.287200512,0.0,False,NO_CANDIDATE,1082386.287200512,1082386.287200512,,,NO_CANDIDATE,0.0,1082386.287200512,1082386.287200512,,,,,False,NO_CANDIDATE,0.0,1082386.2872005117,1082386.2872005117,-2.3283064365386963e-10,1082386.2872005117,0.0
a_clean_plus_exclude_star_prev0_3_bj_risk_filter,paper,20240910,1,1,1,2,1,0,300134.SZ,大富科技,无,0.0,0.0,0.0,False,,False,NOT_REQUIRED,,True,1082386.287200512,1142242.4694689168,0.0553002037962039,False,CLOSED_BY_HISTORICAL_SIM,1082386.287200512,1142242.4694689168,,,CLOSED_BY_HISTORICAL_SIM,0.0553002037962039,1082386.287200512,1142242.4694689168,,,,,False,CLOSED_BY_HISTORICAL_SIM,0.0553002037962039,1082386.2872005117,1142242.4694689163,-4.656612873077393e-10,1142242.4694689163,0.0
a_clean_plus_exclude_star_prev0_3_bj_risk_filter,paper,20240911,0,0,0,0,0,0,,,,,,,,,,,,False,1142242.4694689168,1142242.4694689168,0.0,False,NO_CANDIDATE,1142242.4694689168,1142242.4694689168,,,NO_CANDIDATE,0.0,1142242.4694689168,1142242.4694689168,,,,,False,NO_CANDIDATE,0.0,1142242.4694689163,1142242.4694689163,-4.656612873077393e-10,1142242.4694689163,0.0
a_clean_plus_exclude_star_prev0_3_bj_risk_filter,paper,20240912,0,0,0,0,0,0,,,,,,,,,,,,False,1142242.4694689168,1142242.4694689168,0.0,False,NO_CANDIDATE,1142242.4694689168,1142242.4694689168,,,NO_CANDIDATE,0.0,1142242.4694689168,1142242.4694689168,,,,,False,NO_CANDIDATE,0.0,1142242.4694689163,1142242.4694689163,-4.656612873077393e-10,1142242.4694689163,0.0
a_clean_plus_exclude_star_prev0_3_bj_risk_filter,paper,20240913,1,1,1,2,1,0,300072.SZ,海新能科,无,0.0,0.0,0.0,False,,False,NOT_REQUIRED,,True,1142242.4694689168,1113510.7804215,-0.0251537565931826,False,CLOSED_BY_HISTORICAL_SIM,1142242.4694689168,1113510.7804215,,,CLOSED_BY_HISTORICAL_SIM,-0.0251537565931826,1142242.4694689168,1113510.7804215,,,,,False,CLOSED_BY_HISTORICAL_SIM,-0.0251537565931826,1142242.4694689163,1113510.7804214994,-6.984919309616089e-10,1142242.4694689163,-0.02515375659318253
a_clean_plus_exclude_star_prev0_3_bj_risk_filter,paper,20240918,0,0,0,0,0,0,,,,,,,,,,,,False,1113510.7804215,1113510.7804215,0.0,False,NO_CANDIDATE,1113510.7804215,1113510.7804215,,,NO_CANDIDATE,0.0,1113510.7804215,1113510.7804215,,,,,False,NO_CANDIDATE,0.0,1113510.7804214994,1113510.7804214994,-6.984919309616089e-10,1142242.4694689163,-0.02515375659318253
a_clean_plus_exclude_star_prev0_3_bj_risk_filter,paper,20240919,0,0,0,0,0,0,,,,,,,,,,,,False,1113510.7804215,1113510.7804215,0.0,False,NO_CANDIDATE,1113510.7804215,1113510.7804215,,,NO_CANDIDATE,0.0,1113510.7804215,1113510.7804215,,,,,False,NO_CANDIDATE,0.0,1113510.7804214994,1113510.7804214994,-6.984919309616089e-10,1142242.4694689163,-0.02515375659318253
a_clean_plus_exclude_star_prev0_3_bj_risk_filter,paper,20240920,1,1,1,2,1,0,300085.SZ,银之杰,无,0.0,0.0,0.0,False,,False,NOT_REQUIRED,,True,1113510.7804215,1324352.0193809776,0.1893481793500619,False,CLOSED_BY_HISTORICAL_SIM,1113510.7804215,1324352.0193809776,,,CLOSED_BY_HISTORICAL_SIM,0.1893481793500619,1113510.7804215,1324352.0193809776,,,,,False,CLOSED_BY_HISTORICAL_SIM,0.1893481793500619,1113510.7804214994,1324352.019380977,-6.984919309616089e-10,1324352.019380977,0.0
a_clean_plus_exclude_star_prev0_3_bj_risk_filter,paper,20240923,0,0,0,0,0,0,,,,,,,,,,,,False,1324352.0193809776,1324352.0193809776,0.0,False,NO_CANDIDATE,1324352.0193809776,1324352.0193809776,,,NO_CANDIDATE,0.0,1324352.0193809776,1324352.0193809776,,,,,False,NO_CANDIDATE,0.0,1324352.019380977,1324352.019380977,-6.984919309616089e-10,1324352.019380977,0.0
a_clean_plus_exclude_star_prev0_3_bj_risk_filter,paper,20240924,0,0,0,0,0,0,,,,,,,,,,,,False,1324352.0193809776,1324352.0193809776,0.0,False,NO_CANDIDATE,1324352.0193809776,1324352.0193809776,,,NO_CANDIDATE,0.0,1324352.0193809776,1324352.0193809776,,,,,False,NO_CANDIDATE,0.0,1324352.019380977,1324352.019380977,-6.984919309616089e-10,1324352.019380977,0.0
a_clean_plus_exclude_star_prev0_3_bj_risk_filter,paper,20240925,0,0,0,0,0,0,,,,,,,,,,,,False,1324352.0193809776,1324352.0193809776,0.0,False,NO_CANDIDATE,1324352.0193809776,1324352.0193809776,,,NO_CANDIDATE,0.0,1324352.0193809776,1324352.0193809776,,,,,False,NO_CANDIDATE,0.0,1324352.019380977,1324352.019380977,-6.984919309616089e-10,1324352.019380977,0.0
a_clean_plus_exclude_star_prev0_3_bj_risk_filter,paper,20240926,0,0,0,0,0,0,,,,,,,,,,,,False,1324352.0193809776,1324352.0193809776,0.0,False,NO_CANDIDATE,1324352.0193809776,1324352.0193809776,,,NO_CANDIDATE,0.0,1324352.0193809776,1324352.0193809776,,,,,False,NO_CANDIDATE,0.0,1324352.019380977,1324352.019380977,-6.984919309616089e-10,1324352.019380977,0.0
a_clean_plus_exclude_star_prev0_3_bj_risk_filter,paper,20240927,0,0,0,0,0,0,,,,,,,,,,,,False,1324352.0193809776,1324352.0193809776,0.0,False,NO_CANDIDATE,1324352.0193809776,1324352.0193809776,,,NO_CANDIDATE,0.0,1324352.0193809776,1324352.0193809776,,,,,False,NO_CANDIDATE,0.0,1324352.019380977,1324352.019380977,-6.984919309616089e-10,1324352.019380977,0.0
a_clean_plus_exclude_star_prev0_3_bj_risk_filter,paper,20240930,0,0,0,0,0,0,,,,,,,,,,,,False,1324352.0193809776,1324352.0193809776,0.0,False,NO_CANDIDATE,1324352.0193809776,1324352.0193809776,,,NO_CANDIDATE,0.0,1324352.0193809776,1324352.0193809776,,,,,False,NO_CANDIDATE,0.0,1324352.019380977,1324352.019380977,-6.984919309616089e-10,1324352.019380977,0.0
a_clean_plus_exclude_star_prev0_3_bj_risk_filter,paper,20241008,0,0,0,0,0,0,,,,,,,,,,,,False,1324352.0193809776,1324352.0193809776,0.0,False,NO_CANDIDATE,1324352.0193809776,1324352.0193809776,,,NO_CANDIDATE,0.0,1324352.0193809776,1324352.0193809776,,,,,False,NO_CANDIDATE,0.0,1324352.019380977,1324352.019380977,-6.984919309616089e-10,1324352.019380977,0.0
a_clean_plus_exclude_star_prev0_3_bj_risk_filter,paper,20241009,0,0,0,0,0,0,,,,,,,,,,,,False,1324352.0193809776,1324352.0193809776,0.0,False,NO_CANDIDATE,1324352.0193809776,1324352.0193809776,,,NO_CANDIDATE,0.0,1324352.0193809776,1324352.0193809776,,,,,False,NO_CANDIDATE,0.0,1324352.019380977,1324352.019380977,-6.984919309616089e-10,1324352.019380977,0.0
a_clean_plus_exclude_star_prev0_3_bj_risk_filter,paper,20241010,0,0,0,0,0,0,,,,,,,,,,,,False,1324352.0193809776,1324352.0193809776,0.0,False,NO_CANDIDATE,1324352.0193809776,1324352.0193809776,,,NO_CANDIDATE,0.0,1324352.0193809776,1324352.0193809776,,,,,False,NO_CANDIDATE,0.0,1324352.019380977,1324352.019380977,-6.984919309616089e-10,1324352.019380977,0.0
a_clean_plus_exclude_star_prev0_3_bj_risk_filter,paper,20241011,0,0,0,0,0,0,,,,,,,,,,,,False,1324352.0193809776,1324352.0193809776,0.0,False,NO_CANDIDATE,1324352.0193809776,1324352.0193809776,,,NO_CANDIDATE,0.0,1324352.0193809776,1324352.0193809776,,,,,False,NO_CANDIDATE,0.0,1324352.019380977,1324352.019380977,-6.984919309616089e-10,1324352.019380977,0.0
a_clean_plus_exclude_star_prev0_3_bj_risk_filter,paper,20241014,0,0,0,0,0,0,,,,,,,,,,,,False,1324352.0193809776,1324352.0193809776,0.0,False,NO_CANDIDATE,1324352.0193809776,1324352.0193809776,,,NO_CANDIDATE,0.0,1324352.0193809776,1324352.0193809776,,,,,False,NO_CANDIDATE,0.0,1324352.019380977,1324352.019380977,-6.984919309616089e-10,1324352.019380977,0.0
a_clean_plus_exclude_star_prev0_3_bj_risk_filter,paper,20241015,0,0,0,0,0,0,,,,,,,,,,,,False,1324352.0193809776,1324352.0193809776,0.0,False,NO_CANDIDATE,1324352.0193809776,1324352.0193809776,,,NO_CANDIDATE,0.0,1324352.0193809776,1324352.0193809776,,,,,False,NO_CANDIDATE,0.0,1324352.019380977,1324352.019380977,-6.984919309616089e-10,1324352.019380977,0.0
a_clean_plus_exclude_star_prev0_3_bj_risk_filter,paper,20241016,0,0,0,0,0,0,,,,,,,,,,,,False,1324352.0193809776,1324352.0193809776,0.0,False,NO_CANDIDATE,1324352.0193809776,1324352.0193809776,,,NO_CANDIDATE,0.0,1324352.0193809776,1324352.0193809776,,,,,False,NO_CANDIDATE,0.0,1324352.019380977,1324352.019380977,-6.984919309616089e-10,1324352.019380977,0.0
a_clean_plus_exclude_star_prev0_3_bj_risk_filter,paper,20241017,0,0,0,0,0,0,,,,,,,,,,,,False,1324352.0193809776,1324352.0193809776,0.0,False,NO_CANDIDATE,1324352.0193809776,1324352.0193809776,,,NO_CANDIDATE,0.0,1324352.0193809776,1324352.0193809776,,,,,False,NO_CANDIDATE,0.0,1324352.019380977,1324352.019380977,-6.984919309616089e-10,1324352.019380977,0.0
a_clean_plus_exclude_star_prev0_3_bj_risk_filter,paper,20241018,0,0,0,0,0,0,,,,,,,,,,,,False,1324352.0193809776,1324352.0193809776,0.0,False,NO_CANDIDATE,1324352.0193809776,1324352.0193809776,,,NO_CANDIDATE,0.0,1324352.0193809776,1324352.0193809776,,,,,False,NO_CANDIDATE,0.0,1324352.019380977,1324352.019380977,-6.984919309616089e-10,1324352.019380977,0.0
a_clean_plus_exclude_star_prev0_3_bj_risk_filter,paper,20241021,0,0,0,0,0,0,,,,,,,,,,,,False,1324352.0193809776,1324352.0193809776,0.0,False,NO_CANDIDATE,1324352.0193809776,1324352.0193809776,,,NO_CANDIDATE,0.0,1324352.0193809776,1324352.0193809776,,,,,False,NO_CANDIDATE,0.0,1324352.019380977,1324352.019380977,-6.984919309616089e-10,1324352.019380977,0.0
a_clean_plus_exclude_star_prev0_3_bj_risk_filter,paper,20241022,0,0,0,0,0,0,,,,,,,,,,,,False,1324352.0193809776,1324352.0193809776,0.0,False,NO_CANDIDATE,1324352.0193809776,1324352.0193809776,,,NO_CANDIDATE,0.0,1324352.0193809776,1324352.0193809776,,,,,False,NO_CANDIDATE,0.0,1324352.019380977,1324352.019380977,-6.984919309616089e-10,1324352.019380977,0.0
a_clean_plus_exclude_star_prev0_3_bj_risk_filter,paper,20241023,0,0,0,0,0,0,,,,,,,,,,,,False,1324352.0193809776,1324352.0193809776,0.0,False,NO_CANDIDATE,1324352.0193809776,1324352.0193809776,,,NO_CANDIDATE,0.0,1324352.0193809776,1324352.0193809776,,,,,False,NO_CANDIDATE,0.0,1324352.019380977,1324352.019380977,-6.984919309616089e-10,1324352.019380977,0.0
a_clean_plus_exclude_star_prev0_3_bj_risk_filter,paper,20241024,0,0,0,0,0,0,,,,,,,,,,,,False,1324352.0193809776,1324352.0193809776,0.0,False,NO_CANDIDATE,1324352.0193809776,1324352.0193809776,,,NO_CANDIDATE,0.0,1324352.0193809776,1324352.0193809776,,,,,False,NO_CANDIDATE,0.0,1324352.019380977,1324352.019380977,-6.984919309616089e-10,1324352.019380977,0.0
a_clean_plus_exclude_star_prev0_3_bj_risk_filter,paper,20241025,0,0,0,0,0,0,,,,,,,,,,,,False,1324352.0193809776,1324352.0193809776,0.0,False,NO_CANDIDATE,1324352.0193809776,1324352.0193809776,,,NO_CANDIDATE,0.0,1324352.0193809776,1324352.0193809776,,,,,False,NO_CANDIDATE,0.0,1324352.019380977,1324352.019380977,-6.984919309616089e-10,1324352.019380977,0.0
a_clean_plus_exclude_star_prev0_3_bj_risk_filter,paper,20241028,0,0,0,0,0,0,,,,,,,,,,,,False,1324352.0193809776,1324352.0193809776,0.0,False,NO_CANDIDATE,1324352.0193809776,1324352.0193809776,,,NO_CANDIDATE,0.0,1324352.0193809776,1324352.0193809776,,,,,False,NO_CANDIDATE,0.0,1324352.019380977,1324352.019380977,-6.984919309616089e-10,1324352.019380977,0.0
a_clean_plus_exclude_star_prev0_3_bj_risk_filter,paper,20241029,0,0,0,0,0,0,,,,,,,,,,,,False,1324352.0193809776,1324352.0193809776,0.0,False,NO_CANDIDATE,1324352.0193809776,1324352.0193809776,,,NO_CANDIDATE,0.0,1324352.0193809776,1324352.0193809776,,,,,False,NO_CANDIDATE,0.0,1324352.019380977,1324352.019380977,-6.984919309616089e-10,1324352.019380977,0.0
a_clean_plus_exclude_star_prev0_3_bj_risk_filter,paper,20241030,0,0,0,0,0,0,,,,,,,,,,,,False,1324352.0193809776,1324352.0193809776,0.0,False,NO_CANDIDATE,1324352.0193809776,1324352.0193809776,,,NO_CANDIDATE,0.0,1324352.0193809776,1324352.0193809776,,,,,False,NO_CANDIDATE,0.0,1324352.019380977,1324352.019380977,-6.984919309616089e-10,1324352.019380977,0.0
a_clean_plus_exclude_star_prev0_3_bj_risk_filter,paper,20241031,0,0,0,0,0,0,,,,,,,,,,,,False,1324352.0193809776,1324352.0193809776,0.0,False,NO_CANDIDATE,1324352.0193809776,1324352.0193809776,,,NO_CANDIDATE,0.0,1324352.0193809776,1324352.0193809776,,,,,False,NO_CANDIDATE,0.0,1324352.019380977,1324352.019380977,-6.984919309616089e-10,1324352.019380977,0.0
a_clean_plus_exclude_star_prev0_3_bj_risk_filter,paper,20241101,0,0,0,0,0,0,,,,,,,,,,,,False,1324352.0193809776,1324352.0193809776,0.0,False,NO_CANDIDATE,1324352.0193809776,1324352.0193809776,,,NO_CANDIDATE,0.0,1324352.0193809776,1324352.0193809776,,,,,False,NO_CANDIDATE,0.0,1324352.019380977,1324352.019380977,-6.984919309616089e-10,1324352.019380977,0.0
a_clean_plus_exclude_star_prev0_3_bj_risk_filter,paper,20241104,0,0,0,0,0,0,,,,,,,,,,,,False,1324352.0193809776,1324352.0193809776,0.0,False,NO_CANDIDATE,1324352.0193809776,1324352.0193809776,,,NO_CANDIDATE,0.0,1324352.0193809776,1324352.0193809776,,,,,False,NO_CANDIDATE,0.0,1324352.019380977,1324352.019380977,-6.984919309616089e-10,1324352.019380977,0.0
a_clean_plus_exclude_star_prev0_3_bj_risk_filter,paper,20241105,0,0,0,0,0,0,,,,,,,,,,,,False,1324352.0193809776,1324352.0193809776,0.0,False,NO_CANDIDATE,1324352.0193809776,1324352.0193809776,,,NO_CANDIDATE,0.0,1324352.0193809776,1324352.0193809776,,,,,False,NO_CANDIDATE,0.0,1324352.019380977,1324352.019380977,-6.984919309616089e-10,1324352.019380977,0.0
a_clean_plus_exclude_star_prev0_3_bj_risk_filter,paper,20241106,0,0,0,0,0,0,,,,,,,,,,,,False,1324352.0193809776,1324352.0193809776,0.0,False,NO_CANDIDATE,1324352.0193809776,1324352.0193809776,,,NO_CANDIDATE,0.0,1324352.0193809776,1324352.0193809776,,,,,False,NO_CANDIDATE,0.0,1324352.019380977,1324352.019380977,-6.984919309616089e-10,1324352.019380977,0.0
a_clean_plus_exclude_star_prev0_3_bj_risk_filter,paper,20241107,0,0,0,0,0,0,,,,,,,,,,,,False,1324352.0193809776,1324352.0193809776,0.0,False,NO_CANDIDATE,1324352.0193809776,1324352.0193809776,,,NO_CANDIDATE,0.0,1324352.0193809776,1324352.0193809776,,,,,False,NO_CANDIDATE,0.0,1324352.019380977,1324352.019380977,-6.984919309616089e-10,1324352.019380977,0.0
a_clean_plus_exclude_star_prev0_3_bj_risk_filter,paper,20241108,0,0,0,0,0,0,,,,,,,,,,,,False,1324352.0193809776,1324352.0193809776,0.0,False,NO_CANDIDATE,1324352.0193809776,1324352.0193809776,,,NO_CANDIDATE,0.0,1324352.0193809776,1324352.0193809776,,,,,False,NO_CANDIDATE,0.0,1324352.019380977,1324352.019380977,-6.984919309616089e-10,1324352.019380977,0.0
a_clean_plus_exclude_star_prev0_3_bj_risk_filter,paper,20241111,0,0,0,0,0,0,,,,,,,,,,,,False,1324352.0193809776,1324352.0193809776,0.0,False,NO_CANDIDATE,1324352.0193809776,1324352.0193809776,,,NO_CANDIDATE,0.0,1324352.0193809776,1324352.0193809776,,,,,False,NO_CANDIDATE,0.0,1324352.019380977,1324352.019380977,-6.984919309616089e-10,1324352.019380977,0.0
a_clean_plus_exclude_star_prev0_3_bj_risk_filter,paper,20241112,0,0,0,0,0,0,,,,,,,,,,,,False,1324352.0193809776,1324352.0193809776,0.0,False,NO_CANDIDATE,1324352.0193809776,1324352.0193809776,,,NO_CANDIDATE,0.0,1324352.0193809776,1324352.0193809776,,,,,False,NO_CANDIDATE,0.0,1324352.019380977,1324352.019380977,-6.984919309616089e-10,1324352.019380977,0.0
a_clean_plus_exclude_star_prev0_3_bj_risk_filter,paper,20241113,0,0,0,0,0,0,,,,,,,,,,,,False,1324352.0193809776,1324352.0193809776,0.0,False,NO_CANDIDATE,1324352.0193809776,1324352.0193809776,,,NO_CANDIDATE,0.0,1324352.0193809776,1324352.0193809776,,,,,False,NO_CANDIDATE,0.0,1324352.019380977,1324352.019380977,-6.984919309616089e-10,1324352.019380977,0.0
a_clean_plus_exclude_star_prev0_3_bj_risk_filter,paper,20241114,2,1,1,2,1,0,920436.BJ,大地电气,无,0.0,0.0,0.0,False,,False,NOT_REQUIRED,,True,1324352.0193809776,1512670.7964973028,0.1421969192181609,False,CLOSED_BY_HISTORICAL_SIM,1324352.0193809776,1512670.7964973028,,,CLOSED_BY_HISTORICAL_SIM,0.1421969192181609,1324352.0193809776,1512670.7964973028,,,,,False,CLOSED_BY_HISTORICAL_SIM,0.1421969192181609,1324352.019380977,1512670.796497302,-9.313225746154785e-10,1512670.796497302,0.0
a_clean_plus_exclude_star_prev0_3_bj_risk_filter,paper,20241115,0,0,0,0,0,0,,,,,,,,,,,,False,1512670.7964973028,1512670.7964973028,0.0,False,NO_CANDIDATE,1512670.7964973028,1512670.7964973028,,,NO_CANDIDATE,0.0,1512670.7964973028,1512670.7964973028,,,,,False,NO_CANDIDATE,0.0,1512670.796497302,1512670.796497302,-9.313225746154785e-10,1512670.796497302,0.0
a_clean_plus_exclude_star_prev0_3_bj_risk_filter,paper,20241118,0,0,0,0,0,0,,,,,,,,,,,,False,1512670.7964973028,1512670.7964973028,0.0,False,NO_CANDIDATE,1512670.7964973028,1512670.7964973028,,,NO_CANDIDATE,0.0,1512670.7964973028,1512670.7964973028,,,,,False,NO_CANDIDATE,0.0,1512670.796497302,1512670.796497302,-9.313225746154785e-10,1512670.796497302,0.0
a_clean_plus_exclude_star_prev0_3_bj_risk_filter,paper,20241119,0,0,0,0,0,0,,,,,,,,,,,,False,1512670.7964973028,1512670.7964973028,0.0,False,NO_CANDIDATE,1512670.7964973028,1512670.7964973028,,,NO_CANDIDATE,0.0,1512670.7964973028,1512670.7964973028,,,,,False,NO_CANDIDATE,0.0,1512670.796497302,1512670.796497302,-9.313225746154785e-10,1512670.796497302,0.0
a_clean_plus_exclude_star_prev0_3_bj_risk_filter,paper,20241120,0,0,0,0,0,0,,,,,,,,,,,,False,1512670.7964973028,1512670.7964973028,0.0,False,NO_CANDIDATE,1512670.7964973028,1512670.7964973028,,,NO_CANDIDATE,0.0,1512670.7964973028,1512670.7964973028,,,,,False,NO_CANDIDATE,0.0,1512670.796497302,1512670.796497302,-9.313225746154785e-10,1512670.796497302,0.0
a_clean_plus_exclude_star_prev0_3_bj_risk_filter,paper,20241121,0,0,0,0,0,0,,,,,,,,,,,,False,1512670.7964973028,1512670.7964973028,0.0,False,NO_CANDIDATE,1512670.7964973028,1512670.7964973028,,,NO_CANDIDATE,0.0,1512670.7964973028,1512670.7964973028,,,,,False,NO_CANDIDATE,0.0,1512670.796497302,1512670.796497302,-9.313225746154785e-10,1512670.796497302,0.0
a_clean_plus_exclude_star_prev0_3_bj_risk_filter,paper,20241122,0,0,0,0,0,0,,,,,,,,,,,,False,1512670.7964973028,1512670.7964973028,0.0,False,NO_CANDIDATE,1512670.7964973028,1512670.7964973028,,,NO_CANDIDATE,0.0,1512670.7964973028,1512670.7964973028,,,,,False,NO_CANDIDATE,0.0,1512670.796497302,1512670.796497302,-9.313225746154785e-10,1512670.796497302,0.0
a_clean_plus_exclude_star_prev0_3_bj_risk_filter,paper,20241125,0,0,0,0,0,0,,,,,,,,,,,,False,1512670.7964973028,1512670.7964973028,0.0,False,NO_CANDIDATE,1512670.7964973028,1512670.7964973028,,,NO_CANDIDATE,0.0,1512670.7964973028,1512670.7964973028,,,,,False,NO_CANDIDATE,0.0,1512670.796497302,1512670.796497302,-9.313225746154785e-10,1512670.796497302,0.0
a_clean_plus_exclude_star_prev0_3_bj_risk_filter,paper,20241126,0,0,0,0,0,0,,,,,,,,,,,,False,1512670.7964973028,1512670.7964973028,0.0,False,NO_CANDIDATE,1512670.7964973028,1512670.7964973028,,,NO_CANDIDATE,0.0,1512670.7964973028,1512670.7964973028,,,,,False,NO_CANDIDATE,0.0,1512670.796497302,1512670.796497302,-9.313225746154785e-10,1512670.796497302,0.0
a_clean_plus_exclude_star_prev0_3_bj_risk_filter,paper,20241127,0,0,0,0,0,0,,,,,,,,,,,,False,1512670.7964973028,1512670.7964973028,0.0,False,NO_CANDIDATE,1512670.7964973028,1512670.7964973028,,,NO_CANDIDATE,0.0,1512670.7964973028,1512670.7964973028,,,,,False,NO_CANDIDATE,0.0,1512670.796497302,1512670.796497302,-9.313225746154785e-10,1512670.796497302,0.0
a_clean_plus_exclude_star_prev0_3_bj_risk_filter,paper,20241128,0,0,0,0,0,0,,,,,,,,,,,,False,1512670.7964973028,1512670.7964973028,0.0,False,NO_CANDIDATE,1512670.7964973028,1512670.7964973028,,,NO_CANDIDATE,0.0,1512670.7964973028,1512670.7964973028,,,,,False,NO_CANDIDATE,0.0,1512670.796497302,1512670.796497302,-9.313225746154785e-10,1512670.796497302,0.0
a_clean_plus_exclude_star_prev0_3_bj_risk_filter,paper,20241129,0,0,0,0,0,0,,,,,,,,,,,,False,1512670.7964973028,1512670.7964973028,0.0,False,NO_CANDIDATE,1512670.7964973028,1512670.7964973028,,,NO_CANDIDATE,0.0,1512670.7964973028,1512670.7964973028,,,,,False,NO_CANDIDATE,0.0,1512670.796497302,1512670.796497302,-9.313225746154785e-10,1512670.796497302,0.0
a_clean_plus_exclude_star_prev0_3_bj_risk_filter,paper,20241202,0,0,0,0,0,0,,,,,,,,,,,,False,1512670.7964973028,1512670.7964973028,0.0,False,NO_CANDIDATE,1512670.7964973028,1512670.7964973028,,,NO_CANDIDATE,0.0,1512670.7964973028,1512670.7964973028,,,,,False,NO_CANDIDATE,0.0,1512670.796497302,1512670.796497302,-9.313225746154785e-10,1512670.796497302,0.0
a_clean_plus_exclude_star_prev0_3_bj_risk_filter,paper,20241203,0,0,0,0,0,0,,,,,,,,,,,,False,1512670.7964973028,1512670.7964973028,0.0,False,NO_CANDIDATE,1512670.7964973028,1512670.7964973028,,,NO_CANDIDATE,0.0,1512670.7964973028,1512670.7964973028,,,,,False,NO_CANDIDATE,0.0,1512670.796497302,1512670.796497302,-9.313225746154785e-10,1512670.796497302,0.0
a_clean_plus_exclude_star_prev0_3_bj_risk_filter,paper,20241204,0,0,0,0,0,0,,,,,,,,,,,,False,1512670.7964973028,1512670.7964973028,0.0,False,NO_CANDIDATE,1512670.7964973028,1512670.7964973028,,,NO_CANDIDATE,0.0,1512670.7964973028,1512670.7964973028,,,,,False,NO_CANDIDATE,0.0,1512670.796497302,1512670.796497302,-9.313225746154785e-10,1512670.796497302,0.0
a_clean_plus_exclude_star_prev0_3_bj_risk_filter,paper,20241205,0,0,0,0,0,0,,,,,,,,,,,,False,1512670.7964973028,1512670.7964973028,0.0,False,NO_CANDIDATE,1512670.7964973028,1512670.7964973028,,,NO_CANDIDATE,0.0,1512670.7964973028,1512670.7964973028,,,,,False,NO_CANDIDATE,0.0,1512670.796497302,1512670.796497302,-9.313225746154785e-10,1512670.796497302,0.0
a_clean_plus_exclude_star_prev0_3_bj_risk_filter,paper,20241206,0,0,0,0,0,0,,,,,,,,,,,,False,1512670.7964973028,1512670.7964973028,0.0,False,NO_CANDIDATE,1512670.7964973028,1512670.7964973028,,,NO_CANDIDATE,0.0,1512670.7964973028,1512670.7964973028,,,,,False,NO_CANDIDATE,0.0,1512670.796497302,1512670.796497302,-9.313225746154785e-10,1512670.796497302,0.0
a_clean_plus_exclude_star_prev0_3_bj_risk_filter,paper,20241209,0,0,0,0,0,0,,,,,,,,,,,,False,1512670.7964973028,1512670.7964973028,0.0,False,NO_CANDIDATE,1512670.7964973028,1512670.7964973028,,,NO_CANDIDATE,0.0,1512670.7964973028,1512670.7964973028,,,,,False,NO_CANDIDATE,0.0,1512670.796497302,1512670.796497302,-9.313225746154785e-10,1512670.796497302,0.0
a_clean_plus_exclude_star_prev0_3_bj_risk_filter,paper,20241210,0,0,0,0,0,0,,,,,,,,,,,,False,1512670.7964973028,1512670.7964973028,0.0,False,NO_CANDIDATE,1512670.7964973028,1512670.7964973028,,,NO_CANDIDATE,0.0,1512670.7964973028,1512670.7964973028,,,,,False,NO_CANDIDATE,0.0,1512670.796497302,1512670.796497302,-9.313225746154785e-10,1512670.796497302,0.0
a_clean_plus_exclude_star_prev0_3_bj_risk_filter,paper,20241211,0,0,0,0,0,0,,,,,,,,,,,,False,1512670.7964973028,1512670.7964973028,0.0,False,NO_CANDIDATE,1512670.7964973028,1512670.7964973028,,,NO_CANDIDATE,0.0,1512670.7964973028,1512670.7964973028,,,,,False,NO_CANDIDATE,0.0,1512670.796497302,1512670.796497302,-9.313225746154785e-10,1512670.796497302,0.0
a_clean_plus_exclude_star_prev0_3_bj_risk_filter,paper,20241212,0,0,0,0,0,0,,,,,,,,,,,,False,1512670.7964973028,1512670.7964973028,0.0,False,NO_CANDIDATE,1512670.7964973028,1512670.7964973028,,,NO_CANDIDATE,0.0,1512670.7964973028,1512670.7964973028,,,,,False,NO_CANDIDATE,0.0,1512670.796497302,1512670.796497302,-9.313225746154785e-10,1512670.796497302,0.0
a_clean_plus_exclude_star_prev0_3_bj_risk_filter,paper,20241213,0,0,0,0,0,0,,,,,,,,,,,,False,1512670.7964973028,1512670.7964973028,0.0,False,NO_CANDIDATE,1512670.7964973028,1512670.7964973028,,,NO_CANDIDATE,0.0,1512670.7964973028,1512670.7964973028,,,,,False,NO_CANDIDATE,0.0,1512670.796497302,1512670.796497302,-9.313225746154785e-10,1512670.796497302,0.0
a_clean_plus_exclude_star_prev0_3_bj_risk_filter,paper,20241216,0,0,0,0,0,0,,,,,,,,,,,,False,1512670.7964973028,1512670.7964973028,0.0,False,NO_CANDIDATE,1512670.7964973028,1512670.7964973028,,,NO_CANDIDATE,0.0,1512670.7964973028,1512670.7964973028,,,,,False,NO_CANDIDATE,0.0,1512670.796497302,1512670.796497302,-9.313225746154785e-10,1512670.796497302,0.0
a_clean_plus_exclude_star_prev0_3_bj_risk_filter,paper,20241217,1,1,1,2,1,0,300739.SZ,明阳电路,无,0.0,0.0,0.0,False,,False,NOT_REQUIRED,,True,1512670.7964973028,1560677.232185874,0.0317362084332781,False,CLOSED_BY_HISTORICAL_SIM,1512670.7964973028,1560677.232185874,,,CLOSED_BY_HISTORICAL_SIM,0.0317362084332781,1512670.7964973028,1560677.232185874,,,,,False,CLOSED_BY_HISTORICAL_SIM,0.0317362084332781,1512670.796497302,1560677.2321858732,-6.984919309616089e-10,1560677.2321858732,0.0
a_clean_plus_exclude_star_prev0_3_bj_risk_filter,paper,20241218,0,0,0,0,0,0,,,,,,,,,,,,False,1560677.232185874,1560677.232185874,0.0,False,NO_CANDIDATE,1560677.232185874,1560677.232185874,,,NO_CANDIDATE,0.0,1560677.232185874,1560677.232185874,,,,,False,NO_CANDIDATE,0.0,1560677.2321858732,1560677.2321858732,-6.984919309616089e-10,1560677.2321858732,0.0
a_clean_plus_exclude_star_prev0_3_bj_risk_filter,paper,20241219,0,0,0,0,0,0,,,,,,,,,,,,False,1560677.232185874,1560677.232185874,0.0,False,NO_CANDIDATE,1560677.232185874,1560677.232185874,,,NO_CANDIDATE,0.0,1560677.232185874,1560677.232185874,,,,,False,NO_CANDIDATE,0.0,1560677.2321858732,1560677.2321858732,-6.984919309616089e-10,1560677.2321858732,0.0
a_clean_plus_exclude_star_prev0_3_bj_risk_filter,paper,20241220,0,0,0,0,0,0,,,,,,,,,,,,False,1560677.232185874,1560677.232185874,0.0,False,NO_CANDIDATE,1560677.232185874,1560677.232185874,,,NO_CANDIDATE,0.0,1560677.232185874,1560677.232185874,,,,,False,NO_CANDIDATE,0.0,1560677.2321858732,1560677.2321858732,-6.984919309616089e-10,1560677.2321858732,0.0
a_clean_plus_exclude_star_prev0_3_bj_risk_filter,paper,20241223,2,1,1,2,1,0,920725.BJ,惠丰钻石,无,0.0,0.0,0.0,False,,False,NOT_REQUIRED,,True,1560677.232185874,1654961.0230196996,0.060412101163142,False,CLOSED_BY_HISTORICAL_SIM,1560677.232185874,1654961.0230196996,,,CLOSED_BY_HISTORICAL_SIM,0.060412101163142,1560677.232185874,1654961.0230196996,,,,,False,CLOSED_BY_HISTORICAL_SIM,0.060412101163142,1560677.2321858732,1654961.0230196987,-9.313225746154785e-10,1654961.0230196987,0.0
a_clean_plus_exclude_star_prev0_3_bj_risk_filter,paper,20241224,0,0,0,0,0,0,,,,,,,,,,,,False,1654961.0230196996,1654961.0230196996,0.0,False,NO_CANDIDATE,1654961.0230196996,1654961.0230196996,,,NO_CANDIDATE,0.0,1654961.0230196996,1654961.0230196996,,,,,False,NO_CANDIDATE,0.0,1654961.0230196987,1654961.0230196987,-9.313225746154785e-10,1654961.0230196987,0.0
a_clean_plus_exclude_star_prev0_3_bj_risk_filter,paper,20241225,0,0,0,0,0,0,,,,,,,,,,,,False,1654961.0230196996,1654961.0230196996,0.0,False,NO_CANDIDATE,1654961.0230196996,1654961.0230196996,,,NO_CANDIDATE,0.0,1654961.0230196996,1654961.0230196996,,,,,False,NO_CANDIDATE,0.0,1654961.0230196987,1654961.0230196987,-9.313225746154785e-10,1654961.0230196987,0.0
a_clean_plus_exclude_star_prev0_3_bj_risk_filter,paper,20241226,0,0,0,0,0,0,,,,,,,,,,,,False,1654961.0230196996,1654961.0230196996,0.0,False,NO_CANDIDATE,1654961.0230196996,1654961.0230196996,,,NO_CANDIDATE,0.0,1654961.0230196996,1654961.0230196996,,,,,False,NO_CANDIDATE,0.0,1654961.0230196987,1654961.0230196987,-9.313225746154785e-10,1654961.0230196987,0.0
a_clean_plus_exclude_star_prev0_3_bj_risk_filter,paper,20241227,1,1,1,2,1,0,300599.SZ,雄塑科技,LOSS_OVERLAY_WATCH,1.0,1.0,1.0,True,300599.SZ 雄塑科技,True,PENDING_MANUAL_REVIEW,选中标的命中 LOSS_OVERLAY_WATCH，进入模拟买入观察前需要人工复核。,True,1654961.0230196996,1518355.5260614548,-0.0825430297500238,False,CLOSED_BY_HISTORICAL_SIM,1654961.0230196996,1518355.5260614548,,,CLOSED_BY_HISTORICAL_SIM,-0.0825430297500238,1654961.0230196996,1518355.5260614548,REJECTED,REJECTED,命中 LOSS_OVERLAY_WATCH，且历史参考亏损不高于 -8%，建议跳过模拟观察。,命中 LOSS_OVERLAY_WATCH，且历史参考亏损不高于 -8%，建议跳过模拟观察。,True,MANUAL_REJECTED_SKIP,0.0,1654961.0230196987,1654961.0230196987,136605.4969582439,1654961.0230196987,0.0
a_clean_plus_exclude_star_prev0_3_bj_risk_filter,paper,20241230,1,0,0,0,0,0,300933.SZ,中辰股份,,,,,,,,,,False,1518355.5260614548,1518355.5260614548,0.0,False,POSITION_OCCUPIED_SKIP,1518355.5260614548,1518355.5260614548,300599.SZ 雄塑科技,20241231.0,POSITION_OCCUPIED_SKIP,0.0,1518355.5260614548,1518355.5260614548,,,,,False,POSITION_OCCUPIED_SKIP,0.0,1654961.0230196987,1654961.0230196987,136605.4969582439,1654961.0230196987,0.0
a_clean_plus_exclude_star_prev0_3_bj_risk_filter,paper,20241231,0,0,0,0,0,0,,,,,,,,,,,,False,1518355.5260614548,1518355.5260614548,0.0,False,NO_CANDIDATE,1518355.5260614548,1518355.5260614548,,,NO_CANDIDATE,0.0,1518355.5260614548,1518355.5260614548,,,,,False,NO_CANDIDATE,0.0,1654961.0230196987,1654961.0230196987,136605.4969582439,1654961.0230196987,0.0
a_clean_plus_exclude_star_prev0_3_bj_risk_filter,paper,20250102,1,1,1,2,1,0,300947.SZ,德必集团,无,0.0,0.0,0.0,False,,False,NOT_REQUIRED,,True,1518355.5260614548,1472789.7866808458,-0.0300099275818519,False,CLOSED_BY_HISTORICAL_SIM,1518355.5260614548,1472789.7866808458,,,CLOSED_BY_HISTORICAL_SIM,-0.0300099275818519,1518355.5260614548,1472789.7866808458,,,,,False,CLOSED_BY_HISTORICAL_SIM,-0.0300099275818519,1654961.0230196987,1605295.7625680899,132505.9758872441,1654961.0230196987,-0.030009927581851947
a_clean_plus_exclude_star_prev0_3_bj_risk_filter,paper,20250103,1,0,0,0,0,0,301568.SZ,思泰克,,,,,,,,,,False,1472789.7866808458,1472789.7866808458,0.0,False,POSITION_OCCUPIED_SKIP,1472789.7866808458,1472789.7866808458,300947.SZ 德必集团,20250106.0,POSITION_OCCUPIED_SKIP,0.0,1472789.7866808458,1472789.7866808458,,,,,False,POSITION_OCCUPIED_SKIP,0.0,1605295.7625680899,1605295.7625680899,132505.9758872441,1654961.0230196987,-0.030009927581851947
a_clean_plus_exclude_star_prev0_3_bj_risk_filter,paper,20250106,1,1,1,2,1,0,920367.BJ,新赣江,无,0.0,0.0,0.0,False,,False,NOT_REQUIRED,,True,1472789.7866808458,1551584.3133337535,0.0535001854069637,False,CLOSED_BY_HISTORICAL_SIM,1472789.7866808458,1551584.3133337535,,,CLOSED_BY_HISTORICAL_SIM,0.0535001854069637,1472789.7866808458,1551584.3133337535,,,,,False,CLOSED_BY_HISTORICAL_SIM,0.0535001854069637,1605295.7625680899,1691179.383498496,139595.0701647424,1691179.383498496,0.0
a_clean_plus_exclude_star_prev0_3_bj_risk_filter,paper,20250107,0,0,0,0,0,0,,,,,,,,,,,,False,1551584.3133337535,1551584.3133337535,0.0,False,NO_CANDIDATE,1551584.3133337535,1551584.3133337535,,,NO_CANDIDATE,0.0,1551584.3133337535,1551584.3133337535,,,,,False,NO_CANDIDATE,0.0,1691179.383498496,1691179.383498496,139595.0701647424,1691179.383498496,0.0
a_clean_plus_exclude_star_prev0_3_bj_risk_filter,paper,20250108,0,0,0,0,0,0,,,,,,,,,,,,False,1551584.3133337535,1551584.3133337535,0.0,False,NO_CANDIDATE,1551584.3133337535,1551584.3133337535,,,NO_CANDIDATE,0.0,1551584.3133337535,1551584.3133337535,,,,,False,NO_CANDIDATE,0.0,1691179.383498496,1691179.383498496,139595.0701647424,1691179.383498496,0.0
a_clean_plus_exclude_star_prev0_3_bj_risk_filter,paper,20250109,0,0,0,0,0,0,,,,,,,,,,,,False,1551584.3133337535,1551584.3133337535,0.0,False,NO_CANDIDATE,1551584.3133337535,1551584.3133337535,,,NO_CANDIDATE,0.0,1551584.3133337535,1551584.3133337535,,,,,False,NO_CANDIDATE,0.0,1691179.383498496,1691179.383498496,139595.0701647424,1691179.383498496,0.0
a_clean_plus_exclude_star_prev0_3_bj_risk_filter,paper,20250110,0,0,0,0,0,0,,,,,,,,,,,,False,1551584.3133337535,1551584.3133337535,0.0,False,NO_CANDIDATE,1551584.3133337535,1551584.3133337535,,,NO_CANDIDATE,0.0,1551584.3133337535,1551584.3133337535,,,,,False,NO_CANDIDATE,0.0,1691179.383498496,1691179.383498496,139595.0701647424,1691179.383498496,0.0
a_clean_plus_exclude_star_prev0_3_bj_risk_filter,paper,20250113,0,0,0,0,0,0,,,,,,,,,,,,False,1551584.3133337535,1551584.3133337535,0.0,False,NO_CANDIDATE,1551584.3133337535,1551584.3133337535,,,NO_CANDIDATE,0.0,1551584.3133337535,1551584.3133337535,,,,,False,NO_CANDIDATE,0.0,1691179.383498496,1691179.383498496,139595.0701647424,1691179.383498496,0.0
a_clean_plus_exclude_star_prev0_3_bj_risk_filter,paper,20250114,0,0,0,0,0,0,,,,,,,,,,,,False,1551584.3133337535,1551584.3133337535,0.0,False,NO_CANDIDATE,1551584.3133337535,1551584.3133337535,,,NO_CANDIDATE,0.0,1551584.3133337535,1551584.3133337535,,,,,False,NO_CANDIDATE,0.0,1691179.383498496,1691179.383498496,139595.0701647424,1691179.383498496,0.0
a_clean_plus_exclude_star_prev0_3_bj_risk_filter,paper,20250115,0,0,0,0,0,0,,,,,,,,,,,,False,1551584.3133337535,1551584.3133337535,0.0,False,NO_CANDIDATE,1551584.3133337535,1551584.3133337535,,,NO_CANDIDATE,0.0,1551584.3133337535,1551584.3133337535,,,,,False,NO_CANDIDATE,0.0,1691179.383498496,1691179.383498496,139595.0701647424,1691179.383498496,0.0
a_clean_plus_exclude_star_prev0_3_bj_risk_filter,paper,20250116,0,0,0,0,0,0,,,,,,,,,,,,False,1551584.3133337535,1551584.3133337535,0.0,False,NO_CANDIDATE,1551584.3133337535,1551584.3133337535,,,NO_CANDIDATE,0.0,1551584.3133337535,1551584.3133337535,,,,,False,NO_CANDIDATE,0.0,1691179.383498496,1691179.383498496,139595.0701647424,1691179.383498496,0.0
a_clean_plus_exclude_star_prev0_3_bj_risk_filter,paper,20250117,0,0,0,0,0,0,,,,,,,,,,,,False,1551584.3133337535,1551584.3133337535,0.0,False,NO_CANDIDATE,1551584.3133337535,1551584.3133337535,,,NO_CANDIDATE,0.0,1551584.3133337535,1551584.3133337535,,,,,False,NO_CANDIDATE,0.0,1691179.383498496,1691179.383498496,139595.0701647424,1691179.383498496,0.0
a_clean_plus_exclude_star_prev0_3_bj_risk_filter,paper,20250120,0,0,0,0,0,0,,,,,,,,,,,,False,1551584.3133337535,1551584.3133337535,0.0,False,NO_CANDIDATE,1551584.3133337535,1551584.3133337535,,,NO_CANDIDATE,0.0,1551584.3133337535,1551584.3133337535,,,,,False,NO_CANDIDATE,0.0,1691179.383498496,1691179.383498496,139595.0701647424,1691179.383498496,0.0
a_clean_plus_exclude_star_prev0_3_bj_risk_filter,paper,20250121,0,0,0,0,0,0,,,,,,,,,,,,False,1551584.3133337535,1551584.3133337535,0.0,False,NO_CANDIDATE,1551584.3133337535,1551584.3133337535,,,NO_CANDIDATE,0.0,1551584.3133337535,1551584.3133337535,,,,,False,NO_CANDIDATE,0.0,1691179.383498496,1691179.383498496,139595.0701647424,1691179.383498496,0.0
a_clean_plus_exclude_star_prev0_3_bj_risk_filter,paper,20250122,0,0,0,0,0,0,,,,,,,,,,,,False,1551584.3133337535,1551584.3133337535,0.0,False,NO_CANDIDATE,1551584.3133337535,1551584.3133337535,,,NO_CANDIDATE,0.0,1551584.3133337535,1551584.3133337535,,,,,False,NO_CANDIDATE,0.0,1691179.383498496,1691179.383498496,139595.0701647424,1691179.383498496,0.0
a_clean_plus_exclude_star_prev0_3_bj_risk_filter,paper,20250123,0,0,0,0,0,0,,,,,,,,,,,,False,1551584.3133337535,1551584.3133337535,0.0,False,NO_CANDIDATE,1551584.3133337535,1551584.3133337535,,,NO_CANDIDATE,0.0,1551584.3133337535,1551584.3133337535,,,,,False,NO_CANDIDATE,0.0,1691179.383498496,1691179.383498496,139595.0701647424,1691179.383498496,0.0
a_clean_plus_exclude_star_prev0_3_bj_risk_filter,paper,20250124,0,0,0,0,0,0,,,,,,,,,,,,False,1551584.3133337535,1551584.3133337535,0.0,False,NO_CANDIDATE,1551584.3133337535,1551584.3133337535,,,NO_CANDIDATE,0.0,1551584.3133337535,1551584.3133337535,,,,,False,NO_CANDIDATE,0.0,1691179.383498496,1691179.383498496,139595.0701647424,1691179.383498496,0.0
a_clean_plus_exclude_star_prev0_3_bj_risk_filter,paper,20250127,0,0,0,0,0,0,,,,,,,,,,,,False,1551584.3133337535,1551584.3133337535,0.0,False,NO_CANDIDATE,1551584.3133337535,1551584.3133337535,,,NO_CANDIDATE,0.0,1551584.3133337535,1551584.3133337535,,,,,False,NO_CANDIDATE,0.0,1691179.383498496,1691179.383498496,139595.0701647424,1691179.383498496,0.0
a_clean_plus_exclude_star_prev0_3_bj_risk_filter,paper,20250205,0,0,0,0,0,0,,,,,,,,,,,,False,1551584.3133337535,1551584.3133337535,0.0,False,NO_CANDIDATE,1551584.3133337535,1551584.3133337535,,,NO_CANDIDATE,0.0,1551584.3133337535,1551584.3133337535,,,,,False,NO_CANDIDATE,0.0,1691179.383498496,1691179.383498496,139595.0701647424,1691179.383498496,0.0
a_clean_plus_exclude_star_prev0_3_bj_risk_filter,paper,20250206,0,0,0,0,0,0,,,,,,,,,,,,False,1551584.3133337535,1551584.3133337535,0.0,False,NO_CANDIDATE,1551584.3133337535,1551584.3133337535,,,NO_CANDIDATE,0.0,1551584.3133337535,1551584.3133337535,,,,,False,NO_CANDIDATE,0.0,1691179.383498496,1691179.383498496,139595.0701647424,1691179.383498496,0.0
a_clean_plus_exclude_star_prev0_3_bj_risk_filter,paper,20250207,0,0,0,0,0,0,,,,,,,,,,,,False,1551584.3133337535,1551584.3133337535,0.0,False,NO_CANDIDATE,1551584.3133337535,1551584.3133337535,,,NO_CANDIDATE,0.0,1551584.3133337535,1551584.3133337535,,,,,False,NO_CANDIDATE,0.0,1691179.383498496,1691179.383498496,139595.0701647424,1691179.383498496,0.0
a_clean_plus_exclude_star_prev0_3_bj_risk_filter,paper,20250210,0,0,0,0,0,0,,,,,,,,,,,,False,1551584.3133337535,1551584.3133337535,0.0,False,NO_CANDIDATE,1551584.3133337535,1551584.3133337535,,,NO_CANDIDATE,0.0,1551584.3133337535,1551584.3133337535,,,,,False,NO_CANDIDATE,0.0,1691179.383498496,1691179.383498496,139595.0701647424,1691179.383498496,0.0
a_clean_plus_exclude_star_prev0_3_bj_risk_filter,paper,20250211,0,0,0,0,0,0,,,,,,,,,,,,False,1551584.3133337535,1551584.3133337535,0.0,False,NO_CANDIDATE,1551584.3133337535,1551584.3133337535,,,NO_CANDIDATE,0.0,1551584.3133337535,1551584.3133337535,,,,,False,NO_CANDIDATE,0.0,1691179.383498496,1691179.383498496,139595.0701647424,1691179.383498496,0.0
a_clean_plus_exclude_star_prev0_3_bj_risk_filter,paper,20250212,0,0,0,0,0,0,,,,,,,,,,,,False,1551584.3133337535,1551584.3133337535,0.0,False,NO_CANDIDATE,1551584.3133337535,1551584.3133337535,,,NO_CANDIDATE,0.0,1551584.3133337535,1551584.3133337535,,,,,False,NO_CANDIDATE,0.0,1691179.383498496,1691179.383498496,139595.0701647424,1691179.383498496,0.0
a_clean_plus_exclude_star_prev0_3_bj_risk_filter,paper,20250213,0,0,0,0,0,0,,,,,,,,,,,,False,1551584.3133337535,1551584.3133337535,0.0,False,NO_CANDIDATE,1551584.3133337535,1551584.3133337535,,,NO_CANDIDATE,0.0,1551584.3133337535,1551584.3133337535,,,,,False,NO_CANDIDATE,0.0,1691179.383498496,1691179.383498496,139595.0701647424,1691179.383498496,0.0
a_clean_plus_exclude_star_prev0_3_bj_risk_filter,paper,20250214,0,0,0,0,0,0,,,,,,,,,,,,False,1551584.3133337535,1551584.3133337535,0.0,False,NO_CANDIDATE,1551584.3133337535,1551584.3133337535,,,NO_CANDIDATE,0.0,1551584.3133337535,1551584.3133337535,,,,,False,NO_CANDIDATE,0.0,1691179.383498496,1691179.383498496,139595.0701647424,1691179.383498496,0.0
a_clean_plus_exclude_star_prev0_3_bj_risk_filter,paper,20250217,0,0,0,0,0,0,,,,,,,,,,,,False,1551584.3133337535,1551584.3133337535,0.0,False,NO_CANDIDATE,1551584.3133337535,1551584.3133337535,,,NO_CANDIDATE,0.0,1551584.3133337535,1551584.3133337535,,,,,False,NO_CANDIDATE,0.0,1691179.383498496,1691179.383498496,139595.0701647424,1691179.383498496,0.0
a_clean_plus_exclude_star_prev0_3_bj_risk_filter,paper,20250218,0,0,0,0,0,0,,,,,,,,,,,,False,1551584.3133337535,1551584.3133337535,0.0,False,NO_CANDIDATE,1551584.3133337535,1551584.3133337535,,,NO_CANDIDATE,0.0,1551584.3133337535,1551584.3133337535,,,,,False,NO_CANDIDATE,0.0,1691179.383498496,1691179.383498496,139595.0701647424,1691179.383498496,0.0
a_clean_plus_exclude_star_prev0_3_bj_risk_filter,paper,20250219,1,1,1,2,1,0,920533.BJ,骏创科技,无,0.0,0.0,0.0,False,,False,NOT_REQUIRED,,True,1551584.3133337535,1642669.3367015957,0.0587045270985859,False,CLOSED_BY_HISTORICAL_SIM,1551584.3133337535,1642669.3367015957,,,CLOSED_BY_HISTORICAL_SIM,0.0587045270985859,1551584.3133337535,1642669.3367015957,,,,,False,CLOSED_BY_HISTORICAL_SIM,0.0587045270985859,1691179.383498496,1790459.2694456533,147789.93274405762,1790459.2694456533,0.0
a_clean_plus_exclude_star_prev0_3_bj_risk_filter,paper,20250220,0,0,0,0,0,0,,,,,,,,,,,,False,1642669.3367015957,1642669.3367015957,0.0,False,NO_CANDIDATE,1642669.3367015957,1642669.3367015957,,,NO_CANDIDATE,0.0,1642669.3367015957,1642669.3367015957,,,,,False,NO_CANDIDATE,0.0,1790459.2694456533,1790459.2694456533,147789.93274405762,1790459.2694456533,0.0
a_clean_plus_exclude_star_prev0_3_bj_risk_filter,paper,20250221,0,0,0,0,0,0,,,,,,,,,,,,False,1642669.3367015957,1642669.3367015957,0.0,False,NO_CANDIDATE,1642669.3367015957,1642669.3367015957,,,NO_CANDIDATE,0.0,1642669.3367015957,1642669.3367015957,,,,,False,NO_CANDIDATE,0.0,1790459.2694456533,1790459.2694456533,147789.93274405762,1790459.2694456533,0.0
a_clean_plus_exclude_star_prev0_3_bj_risk_filter,paper,20250224,0,0,0,0,0,0,,,,,,,,,,,,False,1642669.3367015957,1642669.3367015957,0.0,False,NO_CANDIDATE,1642669.3367015957,1642669.3367015957,,,NO_CANDIDATE,0.0,1642669.3367015957,1642669.3367015957,,,,,False,NO_CANDIDATE,0.0,1790459.2694456533,1790459.2694456533,147789.93274405762,1790459.2694456533,0.0
a_clean_plus_exclude_star_prev0_3_bj_risk_filter,paper,20250225,0,0,0,0,0,0,,,,,,,,,,,,False,1642669.3367015957,1642669.3367015957,0.0,False,NO_CANDIDATE,1642669.3367015957,1642669.3367015957,,,NO_CANDIDATE,0.0,1642669.3367015957,1642669.3367015957,,,,,False,NO_CANDIDATE,0.0,1790459.2694456533,1790459.2694456533,147789.93274405762,1790459.2694456533,0.0
a_clean_plus_exclude_star_prev0_3_bj_risk_filter,paper,20250226,0,0,0,0,0,0,,,,,,,,,,,,False,1642669.3367015957,1642669.3367015957,0.0,False,NO_CANDIDATE,1642669.3367015957,1642669.3367015957,,,NO_CANDIDATE,0.0,1642669.3367015957,1642669.3367015957,,,,,False,NO_CANDIDATE,0.0,1790459.2694456533,1790459.2694456533,147789.93274405762,1790459.2694456533,0.0
a_clean_plus_exclude_star_prev0_3_bj_risk_filter,paper,20250227,0,0,0,0,0,0,,,,,,,,,,,,False,1642669.3367015957,1642669.3367015957,0.0,False,NO_CANDIDATE,1642669.3367015957,1642669.3367015957,,,NO_CANDIDATE,0.0,1642669.3367015957,1642669.3367015957,,,,,False,NO_CANDIDATE,0.0,1790459.2694456533,1790459.2694456533,147789.93274405762,1790459.2694456533,0.0
a_clean_plus_exclude_star_prev0_3_bj_risk_filter,paper,20250228,1,1,1,2,1,0,920284.BJ,灵鸽科技,无,0.0,0.0,0.0,False,,False,NOT_REQUIRED,,True,1642669.3367015957,1717330.6825896415,0.0454512324665184,False,CLOSED_BY_HISTORICAL_SIM,1642669.3367015957,1717330.6825896415,,,CLOSED_BY_HISTORICAL_SIM,0.0454512324665184,1642669.3367015957,1717330.6825896415,,,,,False,CLOSED_BY_HISTORICAL_SIM,0.0454512324665184,1790459.2694456533,1871837.8499230603,154507.16733341874,1871837.8499230603,0.0
a_clean_plus_exclude_star_prev0_3_bj_risk_filter,paper,20250303,0,0,0,0,0,0,,,,,,,,,,,,False,1717330.6825896415,1717330.6825896415,0.0,False,NO_CANDIDATE,1717330.6825896415,1717330.6825896415,,,NO_CANDIDATE,0.0,1717330.6825896415,1717330.6825896415,,,,,False,NO_CANDIDATE,0.0,1871837.8499230603,1871837.8499230603,154507.16733341874,1871837.8499230603,0.0
a_clean_plus_exclude_star_prev0_3_bj_risk_filter,paper,20250304,0,0,0,0,0,0,,,,,,,,,,,,False,1717330.6825896415,1717330.6825896415,0.0,False,NO_CANDIDATE,1717330.6825896415,1717330.6825896415,,,NO_CANDIDATE,0.0,1717330.6825896415,1717330.6825896415,,,,,False,NO_CANDIDATE,0.0,1871837.8499230603,1871837.8499230603,154507.16733341874,1871837.8499230603,0.0
a_clean_plus_exclude_star_prev0_3_bj_risk_filter,paper,20250305,1,1,1,2,1,0,920425.BJ,乐创技术,无,0.0,0.0,0.0,False,,False,NOT_REQUIRED,,True,1717330.6825896415,1704480.0404344206,-0.0074829165317438,False,CLOSED_BY_HISTORICAL_SIM,1717330.6825896415,1704480.0404344206,,,CLOSED_BY_HISTORICAL_SIM,-0.0074829165317438,1717330.6825896415,1704480.0404344206,,,,,False,CLOSED_BY_HISTORICAL_SIM,-0.0074829165317438,1871837.8499230603,1857831.0435311273,153351.0030967067,1871837.8499230603,-0.007482916531743822
a_clean_plus_exclude_star_prev0_3_bj_risk_filter,paper,20250306,0,0,0,0,0,0,,,,,,,,,,,,False,1704480.0404344206,1704480.0404344206,0.0,False,NO_CANDIDATE,1704480.0404344206,1704480.0404344206,,,NO_CANDIDATE,0.0,1704480.0404344206,1704480.0404344206,,,,,False,NO_CANDIDATE,0.0,1857831.0435311273,1857831.0435311273,153351.0030967067,1871837.8499230603,-0.007482916531743822
a_clean_plus_exclude_star_prev0_3_bj_risk_filter,paper,20250307,0,0,0,0,0,0,,,,,,,,,,,,False,1704480.0404344206,1704480.0404344206,0.0,False,NO_CANDIDATE,1704480.0404344206,1704480.0404344206,,,NO_CANDIDATE,0.0,1704480.0404344206,1704480.0404344206,,,,,False,NO_CANDIDATE,0.0,1857831.0435311273,1857831.0435311273,153351.0030967067,1871837.8499230603,-0.007482916531743822
a_clean_plus_exclude_star_prev0_3_bj_risk_filter,paper,20250310,4,1,1,2,1,0,301225.SZ,恒勃股份,无,0.0,0.0,0.0,False,,False,NOT_REQUIRED,,True,1704480.0404344206,1803313.7406239675,0.0579846626800962,False,CLOSED_BY_HISTORICAL_SIM,1704480.0404344206,1803313.7406239675,,,CLOSED_BY_HISTORICAL_SIM,0.0579846626800962,1704480.0404344206,1803313.7406239675,,,,,False,CLOSED_BY_HISTORICAL_SIM,0.0579846626800962,1857831.0435311273,1965556.7499068908,162243.0092829233,1965556.7499068908,0.0
a_clean_plus_exclude_star_prev0_3_bj_risk_filter,paper,20250311,1,0,0,0,0,0,300819.SZ,聚杰微纤,,,,,,,,,,False,1803313.7406239675,1803313.7406239675,0.0,False,POSITION_OCCUPIED_SKIP,1803313.7406239675,1803313.7406239675,301225.SZ 恒勃股份,20250312.0,POSITION_OCCUPIED_SKIP,0.0,1803313.7406239675,1803313.7406239675,,,,,False,POSITION_OCCUPIED_SKIP,0.0,1965556.7499068908,1965556.7499068908,162243.0092829233,1965556.7499068908,0.0
a_clean_plus_exclude_star_prev0_3_bj_risk_filter,paper,20250312,0,0,0,0,0,0,,,,,,,,,,,,False,1803313.7406239675,1803313.7406239675,0.0,False,NO_CANDIDATE,1803313.7406239675,1803313.7406239675,,,NO_CANDIDATE,0.0,1803313.7406239675,1803313.7406239675,,,,,False,NO_CANDIDATE,0.0,1965556.7499068908,1965556.7499068908,162243.0092829233,1965556.7499068908,0.0
a_clean_plus_exclude_star_prev0_3_bj_risk_filter,paper,20250313,0,0,0,0,0,0,,,,,,,,,,,,False,1803313.7406239675,1803313.7406239675,0.0,False,NO_CANDIDATE,1803313.7406239675,1803313.7406239675,,,NO_CANDIDATE,0.0,1803313.7406239675,1803313.7406239675,,,,,False,NO_CANDIDATE,0.0,1965556.7499068908,1965556.7499068908,162243.0092829233,1965556.7499068908,0.0
a_clean_plus_exclude_star_prev0_3_bj_risk_filter,paper,20250314,0,0,0,0,0,0,,,,,,,,,,,,False,1803313.7406239675,1803313.7406239675,0.0,False,NO_CANDIDATE,1803313.7406239675,1803313.7406239675,,,NO_CANDIDATE,0.0,1803313.7406239675,1803313.7406239675,,,,,False,NO_CANDIDATE,0.0,1965556.7499068908,1965556.7499068908,162243.0092829233,1965556.7499068908,0.0
a_clean_plus_exclude_star_prev0_3_bj_risk_filter,paper,20250317,0,0,0,0,0,0,,,,,,,,,,,,False,1803313.7406239675,1803313.7406239675,0.0,False,NO_CANDIDATE,1803313.7406239675,1803313.7406239675,,,NO_CANDIDATE,0.0,1803313.7406239675,1803313.7406239675,,,,,False,NO_CANDIDATE,0.0,1965556.7499068908,1965556.7499068908,162243.0092829233,1965556.7499068908,0.0
a_clean_plus_exclude_star_prev0_3_bj_risk_filter,paper,20250318,0,0,0,0,0,0,,,,,,,,,,,,False,1803313.7406239675,1803313.7406239675,0.0,False,NO_CANDIDATE,1803313.7406239675,1803313.7406239675,,,NO_CANDIDATE,0.0,1803313.7406239675,1803313.7406239675,,,,,False,NO_CANDIDATE,0.0,1965556.7499068908,1965556.7499068908,162243.0092829233,1965556.7499068908,0.0
a_clean_plus_exclude_star_prev0_3_bj_risk_filter,paper,20250319,0,0,0,0,0,0,,,,,,,,,,,,False,1803313.7406239675,1803313.7406239675,0.0,False,NO_CANDIDATE,1803313.7406239675,1803313.7406239675,,,NO_CANDIDATE,0.0,1803313.7406239675,1803313.7406239675,,,,,False,NO_CANDIDATE,0.0,1965556.7499068908,1965556.7499068908,162243.0092829233,1965556.7499068908,0.0
a_clean_plus_exclude_star_prev0_3_bj_risk_filter,paper,20250320,0,0,0,0,0,0,,,,,,,,,,,,False,1803313.7406239675,1803313.7406239675,0.0,False,NO_CANDIDATE,1803313.7406239675,1803313.7406239675,,,NO_CANDIDATE,0.0,1803313.7406239675,1803313.7406239675,,,,,False,NO_CANDIDATE,0.0,1965556.7499068908,1965556.7499068908,162243.0092829233,1965556.7499068908,0.0
a_clean_plus_exclude_star_prev0_3_bj_risk_filter,paper,20250321,0,0,0,0,0,0,,,,,,,,,,,,False,1803313.7406239675,1803313.7406239675,0.0,False,NO_CANDIDATE,1803313.7406239675,1803313.7406239675,,,NO_CANDIDATE,0.0,1803313.7406239675,1803313.7406239675,,,,,False,NO_CANDIDATE,0.0,1965556.7499068908,1965556.7499068908,162243.0092829233,1965556.7499068908,0.0
a_clean_plus_exclude_star_prev0_3_bj_risk_filter,paper,20250324,0,0,0,0,0,0,,,,,,,,,,,,False,1803313.7406239675,1803313.7406239675,0.0,False,NO_CANDIDATE,1803313.7406239675,1803313.7406239675,,,NO_CANDIDATE,0.0,1803313.7406239675,1803313.7406239675,,,,,False,NO_CANDIDATE,0.0,1965556.7499068908,1965556.7499068908,162243.0092829233,1965556.7499068908,0.0
a_clean_plus_exclude_star_prev0_3_bj_risk_filter,paper,20250325,0,0,0,0,0,0,,,,,,,,,,,,False,1803313.7406239675,1803313.7406239675,0.0,False,NO_CANDIDATE,1803313.7406239675,1803313.7406239675,,,NO_CANDIDATE,0.0,1803313.7406239675,1803313.7406239675,,,,,False,NO_CANDIDATE,0.0,1965556.7499068908,1965556.7499068908,162243.0092829233,1965556.7499068908,0.0
a_clean_plus_exclude_star_prev0_3_bj_risk_filter,paper,20250326,0,0,0,0,0,0,,,,,,,,,,,,False,1803313.7406239675,1803313.7406239675,0.0,False,NO_CANDIDATE,1803313.7406239675,1803313.7406239675,,,NO_CANDIDATE,0.0,1803313.7406239675,1803313.7406239675,,,,,False,NO_CANDIDATE,0.0,1965556.7499068908,1965556.7499068908,162243.0092829233,1965556.7499068908,0.0
a_clean_plus_exclude_star_prev0_3_bj_risk_filter,paper,20250327,0,0,0,0,0,0,,,,,,,,,,,,False,1803313.7406239675,1803313.7406239675,0.0,False,NO_CANDIDATE,1803313.7406239675,1803313.7406239675,,,NO_CANDIDATE,0.0,1803313.7406239675,1803313.7406239675,,,,,False,NO_CANDIDATE,0.0,1965556.7499068908,1965556.7499068908,162243.0092829233,1965556.7499068908,0.0
a_clean_plus_exclude_star_prev0_3_bj_risk_filter,paper,20250328,0,0,0,0,0,0,,,,,,,,,,,,False,1803313.7406239675,1803313.7406239675,0.0,False,NO_CANDIDATE,1803313.7406239675,1803313.7406239675,,,NO_CANDIDATE,0.0,1803313.7406239675,1803313.7406239675,,,,,False,NO_CANDIDATE,0.0,1965556.7499068908,1965556.7499068908,162243.0092829233,1965556.7499068908,0.0
a_clean_plus_exclude_star_prev0_3_bj_risk_filter,paper,20250331,0,0,0,0,0,0,,,,,,,,,,,,False,1803313.7406239675,1803313.7406239675,0.0,False,NO_CANDIDATE,1803313.7406239675,1803313.7406239675,,,NO_CANDIDATE,0.0,1803313.7406239675,1803313.7406239675,,,,,False,NO_CANDIDATE,0.0,1965556.7499068908,1965556.7499068908,162243.0092829233,1965556.7499068908,0.0
a_clean_plus_exclude_star_prev0_3_bj_risk_filter,paper,20250401,0,0,0,0,0,0,,,,,,,,,,,,False,1803313.7406239675,1803313.7406239675,0.0,False,NO_CANDIDATE,1803313.7406239675,1803313.7406239675,,,NO_CANDIDATE,0.0,1803313.7406239675,1803313.7406239675,,,,,False,NO_CANDIDATE,0.0,1965556.7499068908,1965556.7499068908,162243.0092829233,1965556.7499068908,0.0
a_clean_plus_exclude_star_prev0_3_bj_risk_filter,paper,20250402,0,0,0,0,0,0,,,,,,,,,,,,False,1803313.7406239675,1803313.7406239675,0.0,False,NO_CANDIDATE,1803313.7406239675,1803313.7406239675,,,NO_CANDIDATE,0.0,1803313.7406239675,1803313.7406239675,,,,,False,NO_CANDIDATE,0.0,1965556.7499068908,1965556.7499068908,162243.0092829233,1965556.7499068908,0.0
a_clean_plus_exclude_star_prev0_3_bj_risk_filter,paper,20250403,0,0,0,0,0,0,,,,,,,,,,,,False,1803313.7406239675,1803313.7406239675,0.0,False,NO_CANDIDATE,1803313.7406239675,1803313.7406239675,,,NO_CANDIDATE,0.0,1803313.7406239675,1803313.7406239675,,,,,False,NO_CANDIDATE,0.0,1965556.7499068908,1965556.7499068908,162243.0092829233,1965556.7499068908,0.0
a_clean_plus_exclude_star_prev0_3_bj_risk_filter,paper,20250407,1,1,1,2,1,0,920087.BJ,秋乐种业,无,0.0,0.0,0.0,False,,False,NOT_REQUIRED,,True,1803313.7406239675,2658895.4593736,0.4744497307792882,False,CLOSED_BY_HISTORICAL_SIM,1803313.7406239675,2658895.4593736,,,CLOSED_BY_HISTORICAL_SIM,0.4744497307792882,1803313.7406239675,2658895.4593736,,,,,False,CLOSED_BY_HISTORICAL_SIM,0.4744497307792882,1965556.7499068908,2898114.6207316276,239219.16135802772,2898114.6207316276,0.0
a_clean_plus_exclude_star_prev0_3_bj_risk_filter,paper,20250408,0,0,0,0,0,0,,,,,,,,,,,,False,2658895.4593736,2658895.4593736,0.0,False,NO_CANDIDATE,2658895.4593736,2658895.4593736,,,NO_CANDIDATE,0.0,2658895.4593736,2658895.4593736,,,,,False,NO_CANDIDATE,0.0,2898114.6207316276,2898114.6207316276,239219.16135802772,2898114.6207316276,0.0
a_clean_plus_exclude_star_prev0_3_bj_risk_filter,paper,20250409,0,0,0,0,0,0,,,,,,,,,,,,False,2658895.4593736,2658895.4593736,0.0,False,NO_CANDIDATE,2658895.4593736,2658895.4593736,,,NO_CANDIDATE,0.0,2658895.4593736,2658895.4593736,,,,,False,NO_CANDIDATE,0.0,2898114.6207316276,2898114.6207316276,239219.16135802772,2898114.6207316276,0.0
a_clean_plus_exclude_star_prev0_3_bj_risk_filter,paper,20250410,0,0,0,0,0,0,,,,,,,,,,,,False,2658895.4593736,2658895.4593736,0.0,False,NO_CANDIDATE,2658895.4593736,2658895.4593736,,,NO_CANDIDATE,0.0,2658895.4593736,2658895.4593736,,,,,False,NO_CANDIDATE,0.0,2898114.6207316276,2898114.6207316276,239219.16135802772,2898114.6207316276,0.0
a_clean_plus_exclude_star_prev0_3_bj_risk_filter,paper,20250411,0,0,0,0,0,0,,,,,,,,,,,,False,2658895.4593736,2658895.4593736,0.0,False,NO_CANDIDATE,2658895.4593736,2658895.4593736,,,NO_CANDIDATE,0.0,2658895.4593736,2658895.4593736,,,,,False,NO_CANDIDATE,0.0,2898114.6207316276,2898114.6207316276,239219.16135802772,2898114.6207316276,0.0
a_clean_plus_exclude_star_prev0_3_bj_risk_filter,paper,20250414,0,0,0,0,0,0,,,,,,,,,,,,False,2658895.4593736,2658895.4593736,0.0,False,NO_CANDIDATE,2658895.4593736,2658895.4593736,,,NO_CANDIDATE,0.0,2658895.4593736,2658895.4593736,,,,,False,NO_CANDIDATE,0.0,2898114.6207316276,2898114.6207316276,239219.16135802772,2898114.6207316276,0.0
a_clean_plus_exclude_star_prev0_3_bj_risk_filter,paper,20250415,2,1,1,2,1,0,920273.BJ,一致魔芋,无,1.0,1.0,0.0,False,300530.SZ 领湃科技,False,NOT_REQUIRED,,True,2658895.4593736,3323440.569942441,0.2499327712287713,False,CLOSED_BY_HISTORICAL_SIM,2658895.4593736,3323440.569942441,,,CLOSED_BY_HISTORICAL_SIM,0.2499327712287713,2658895.4593736,3323440.569942441,,,,,False,CLOSED_BY_HISTORICAL_SIM,0.2499327712287713,2898114.6207316276,3622448.439229703,299007.8692872622,3622448.439229703,0.0
a_clean_plus_exclude_star_prev0_3_bj_risk_filter,paper,20250416,0,0,0,0,0,0,,,,,,,,,,,,False,3323440.569942441,3323440.569942441,0.0,False,NO_CANDIDATE,3323440.569942441,3323440.569942441,,,NO_CANDIDATE,0.0,3323440.569942441,3323440.569942441,,,,,False,NO_CANDIDATE,0.0,3622448.439229703,3622448.439229703,299007.8692872622,3622448.439229703,0.0
a_clean_plus_exclude_star_prev0_3_bj_risk_filter,paper,20250417,0,0,0,0,0,0,,,,,,,,,,,,False,3323440.569942441,3323440.569942441,0.0,False,NO_CANDIDATE,3323440.569942441,3323440.569942441,,,NO_CANDIDATE,0.0,3323440.569942441,3323440.569942441,,,,,False,NO_CANDIDATE,0.0,3622448.439229703,3622448.439229703,299007.8692872622,3622448.439229703,0.0
a_clean_plus_exclude_star_prev0_3_bj_risk_filter,paper,20250418,0,0,0,0,0,0,,,,,,,,,,,,False,3323440.569942441,3323440.569942441,0.0,False,NO_CANDIDATE,3323440.569942441,3323440.569942441,,,NO_CANDIDATE,0.0,3323440.569942441,3323440.569942441,,,,,False,NO_CANDIDATE,0.0,3622448.439229703,3622448.439229703,299007.8692872622,3622448.439229703,0.0
a_clean_plus_exclude_star_prev0_3_bj_risk_filter,paper,20250421,0,0,0,0,0,0,,,,,,,,,,,,False,3323440.569942441,3323440.569942441,0.0,False,NO_CANDIDATE,3323440.569942441,3323440.569942441,,,NO_CANDIDATE,0.0,3323440.569942441,3323440.569942441,,,,,False,NO_CANDIDATE,0.0,3622448.439229703,3622448.439229703,299007.8692872622,3622448.439229703,0.0
a_clean_plus_exclude_star_prev0_3_bj_risk_filter,paper,20250422,0,0,0,0,0,0,,,,,,,,,,,,False,3323440.569942441,3323440.569942441,0.0,False,NO_CANDIDATE,3323440.569942441,3323440.569942441,,,NO_CANDIDATE,0.0,3323440.569942441,3323440.569942441,,,,,False,NO_CANDIDATE,0.0,3622448.439229703,3622448.439229703,299007.8692872622,3622448.439229703,0.0
a_clean_plus_exclude_star_prev0_3_bj_risk_filter,paper,20250423,2,1,1,2,1,0,301000.SZ,肇民科技,无,0.0,0.0,0.0,False,,False,NOT_REQUIRED,,True,3323440.569942441,3547357.7566575436,0.0673751138324042,False,CLOSED_BY_HISTORICAL_SIM,3323440.569942441,3547357.7566575436,,,CLOSED_BY_HISTORICAL_SIM,0.0673751138324042,3323440.569942441,3547357.7566575436,,,,,False,CLOSED_BY_HISTORICAL_SIM,0.0673751138324042,3622448.439229703,3866511.315174819,319153.5585172754,3866511.315174819,0.0
a_clean_plus_exclude_star_prev0_3_bj_risk_filter,paper,20250424,0,0,0,0,0,0,,,,,,,,,,,,False,3547357.7566575436,3547357.7566575436,0.0,False,NO_CANDIDATE,3547357.7566575436,3547357.7566575436,,,NO_CANDIDATE,0.0,3547357.7566575436,3547357.7566575436,,,,,False,NO_CANDIDATE,0.0,3866511.315174819,3866511.315174819,319153.5585172754,3866511.315174819,0.0
a_clean_plus_exclude_star_prev0_3_bj_risk_filter,paper,20250425,0,0,0,0,0,0,,,,,,,,,,,,False,3547357.7566575436,3547357.7566575436,0.0,False,NO_CANDIDATE,3547357.7566575436,3547357.7566575436,,,NO_CANDIDATE,0.0,3547357.7566575436,3547357.7566575436,,,,,False,NO_CANDIDATE,0.0,3866511.315174819,3866511.315174819,319153.5585172754,3866511.315174819,0.0
a_clean_plus_exclude_star_prev0_3_bj_risk_filter,paper,20250428,0,0,0,0,0,0,,,,,,,,,,,,False,3547357.7566575436,3547357.7566575436,0.0,False,NO_CANDIDATE,3547357.7566575436,3547357.7566575436,,,NO_CANDIDATE,0.0,3547357.7566575436,3547357.7566575436,,,,,False,NO_CANDIDATE,0.0,3866511.315174819,3866511.315174819,319153.5585172754,3866511.315174819,0.0
a_clean_plus_exclude_star_prev0_3_bj_risk_filter,paper,20250429,0,0,0,0,0,0,,,,,,,,,,,,False,3547357.7566575436,3547357.7566575436,0.0,False,NO_CANDIDATE,3547357.7566575436,3547357.7566575436,,,NO_CANDIDATE,0.0,3547357.7566575436,3547357.7566575436,,,,,False,NO_CANDIDATE,0.0,3866511.315174819,3866511.315174819,319153.5585172754,3866511.315174819,0.0
a_clean_plus_exclude_star_prev0_3_bj_risk_filter,paper,20250430,0,0,0,0,0,0,,,,,,,,,,,,False,3547357.7566575436,3547357.7566575436,0.0,False,NO_CANDIDATE,3547357.7566575436,3547357.7566575436,,,NO_CANDIDATE,0.0,3547357.7566575436,3547357.7566575436,,,,,False,NO_CANDIDATE,0.0,3866511.315174819,3866511.315174819,319153.5585172754,3866511.315174819,0.0
a_clean_plus_exclude_star_prev0_3_bj_risk_filter,paper,20250506,0,0,0,0,0,0,,,,,,,,,,,,False,3547357.7566575436,3547357.7566575436,0.0,False,NO_CANDIDATE,3547357.7566575436,3547357.7566575436,,,NO_CANDIDATE,0.0,3547357.7566575436,3547357.7566575436,,,,,False,NO_CANDIDATE,0.0,3866511.315174819,3866511.315174819,319153.5585172754,3866511.315174819,0.0
a_clean_plus_exclude_star_prev0_3_bj_risk_filter,paper,20250507,0,0,0,0,0,0,,,,,,,,,,,,False,3547357.7566575436,3547357.7566575436,0.0,False,NO_CANDIDATE,3547357.7566575436,3547357.7566575436,,,NO_CANDIDATE,0.0,3547357.7566575436,3547357.7566575436,,,,,False,NO_CANDIDATE,0.0,3866511.315174819,3866511.315174819,319153.5585172754,3866511.315174819,0.0
a_clean_plus_exclude_star_prev0_3_bj_risk_filter,paper,20250508,1,1,1,2,1,0,302132.SZ,中航成飞,无,0.0,0.0,0.0,False,,False,NOT_REQUIRED,,True,3547357.7566575436,3790058.671534288,0.0684173775315594,False,CLOSED_BY_HISTORICAL_SIM,3547357.7566575436,3790058.671534288,,,CLOSED_BY_HISTORICAL_SIM,0.0684173775315594,3547357.7566575436,3790058.671534288,,,,,False,CLOSED_BY_HISTORICAL_SIM,0.0684173775315594,3866511.315174819,4131047.87955518,340989.208020892,4131047.87955518,0.0
a_clean_plus_exclude_star_prev0_3_bj_risk_filter,paper,20250509,0,0,0,0,0,0,,,,,,,,,,,,False,3790058.671534288,3790058.671534288,0.0,False,NO_CANDIDATE,3790058.671534288,3790058.671534288,,,NO_CANDIDATE,0.0,3790058.671534288,3790058.671534288,,,,,False,NO_CANDIDATE,0.0,4131047.87955518,4131047.87955518,340989.208020892,4131047.87955518,0.0
a_clean_plus_exclude_star_prev0_3_bj_risk_filter,paper,20250512,0,0,0,0,0,0,,,,,,,,,,,,False,3790058.671534288,3790058.671534288,0.0,False,NO_CANDIDATE,3790058.671534288,3790058.671534288,,,NO_CANDIDATE,0.0,3790058.671534288,3790058.671534288,,,,,False,NO_CANDIDATE,0.0,4131047.87955518,4131047.87955518,340989.208020892,4131047.87955518,0.0
a_clean_plus_exclude_star_prev0_3_bj_risk_filter,paper,20250513,0,0,0,0,0,0,,,,,,,,,,,,False,3790058.671534288,3790058.671534288,0.0,False,NO_CANDIDATE,3790058.671534288,3790058.671534288,,,NO_CANDIDATE,0.0,3790058.671534288,3790058.671534288,,,,,False,NO_CANDIDATE,0.0,4131047.87955518,4131047.87955518,340989.208020892,4131047.87955518,0.0
a_clean_plus_exclude_star_prev0_3_bj_risk_filter,paper,20250514,0,0,0,0,0,0,,,,,,,,,,,,False,3790058.671534288,3790058.671534288,0.0,False,NO_CANDIDATE,3790058.671534288,3790058.671534288,,,NO_CANDIDATE,0.0,3790058.671534288,3790058.671534288,,,,,False,NO_CANDIDATE,0.0,4131047.87955518,4131047.87955518,340989.208020892,4131047.87955518,0.0
a_clean_plus_exclude_star_prev0_3_bj_risk_filter,paper,20250515,0,0,0,0,0,0,,,,,,,,,,,,False,3790058.671534288,3790058.671534288,0.0,False,NO_CANDIDATE,3790058.671534288,3790058.671534288,,,NO_CANDIDATE,0.0,3790058.671534288,3790058.671534288,,,,,False,NO_CANDIDATE,0.0,4131047.87955518,4131047.87955518,340989.208020892,4131047.87955518,0.0
a_clean_plus_exclude_star_prev0_3_bj_risk_filter,paper,20250516,1,1,1,2,1,0,301260.SZ,格力博,无,0.0,0.0,0.0,False,,False,NOT_REQUIRED,,True,3790058.671534288,4098522.6407740144,0.0813876501586859,False,CLOSED_BY_HISTORICAL_SIM,3790058.671534288,4098522.6407740144,,,CLOSED_BY_HISTORICAL_SIM,0.0813876501586859,3790058.671534288,4098522.6407740144,,,,,False,CLOSED_BY_HISTORICAL_SIM,0.0813876501586859,4131047.87955518,4467264.159165198,368741.5183911836,4467264.159165198,0.0
a_clean_plus_exclude_star_prev0_3_bj_risk_filter,paper,20250519,0,0,0,0,0,0,,,,,,,,,,,,False,4098522.6407740144,4098522.6407740144,0.0,False,NO_CANDIDATE,4098522.6407740144,4098522.6407740144,,,NO_CANDIDATE,0.0,4098522.6407740144,4098522.6407740144,,,,,False,NO_CANDIDATE,0.0,4467264.159165198,4467264.159165198,368741.5183911836,4467264.159165198,0.0
a_clean_plus_exclude_star_prev0_3_bj_risk_filter,paper,20250520,0,0,0,0,0,0,,,,,,,,,,,,False,4098522.6407740144,4098522.6407740144,0.0,False,NO_CANDIDATE,4098522.6407740144,4098522.6407740144,,,NO_CANDIDATE,0.0,4098522.6407740144,4098522.6407740144,,,,,False,NO_CANDIDATE,0.0,4467264.159165198,4467264.159165198,368741.5183911836,4467264.159165198,0.0
a_clean_plus_exclude_star_prev0_3_bj_risk_filter,paper,20250521,0,0,0,0,0,0,,,,,,,,,,,,False,4098522.6407740144,4098522.6407740144,0.0,False,NO_CANDIDATE,4098522.6407740144,4098522.6407740144,,,NO_CANDIDATE,0.0,4098522.6407740144,4098522.6407740144,,,,,False,NO_CANDIDATE,0.0,4467264.159165198,4467264.159165198,368741.5183911836,4467264.159165198,0.0
a_clean_plus_exclude_star_prev0_3_bj_risk_filter,paper,20250522,1,1,1,2,1,0,300418.SZ,昆仑万维,无,0.0,0.0,0.0,False,,False,NOT_REQUIRED,,True,4098522.6407740144,4013202.55774561,-0.0208172774695937,False,CLOSED_BY_HISTORICAL_SIM,4098522.6407740144,4013202.55774561,,,CLOSED_BY_HISTORICAL_SIM,-0.0208172774695937,4098522.6407740144,4013202.55774561,,,,,False,CLOSED_BY_HISTORICAL_SIM,-0.0208172774695937,4467264.159165198,4374267.881633885,361065.3238882753,4467264.159165198,-0.02081727746959361
a_clean_plus_exclude_star_prev0_3_bj_risk_filter,paper,20250523,0,0,0,0,0,0,,,,,,,,,,,,False,4013202.55774561,4013202.55774561,0.0,False,NO_CANDIDATE,4013202.55774561,4013202.55774561,,,NO_CANDIDATE,0.0,4013202.55774561,4013202.55774561,,,,,False,NO_CANDIDATE,0.0,4374267.881633885,4374267.881633885,361065.3238882753,4467264.159165198,-0.02081727746959361
a_clean_plus_exclude_star_prev0_3_bj_risk_filter,paper,20250526,0,0,0,0,0,0,,,,,,,,,,,,False,4013202.55774561,4013202.55774561,0.0,False,NO_CANDIDATE,4013202.55774561,4013202.55774561,,,NO_CANDIDATE,0.0,4013202.55774561,4013202.55774561,,,,,False,NO_CANDIDATE,0.0,4374267.881633885,4374267.881633885,361065.3238882753,4467264.159165198,-0.02081727746959361
a_clean_plus_exclude_star_prev0_3_bj_risk_filter,paper,20250527,0,0,0,0,0,0,,,,,,,,,,,,False,4013202.55774561,4013202.55774561,0.0,False,NO_CANDIDATE,4013202.55774561,4013202.55774561,,,NO_CANDIDATE,0.0,4013202.55774561,4013202.55774561,,,,,False,NO_CANDIDATE,0.0,4374267.881633885,4374267.881633885,361065.3238882753,4467264.159165198,-0.02081727746959361
a_clean_plus_exclude_star_prev0_3_bj_risk_filter,paper,20250528,0,0,0,0,0,0,,,,,,,,,,,,False,4013202.55774561,4013202.55774561,0.0,False,NO_CANDIDATE,4013202.55774561,4013202.55774561,,,NO_CANDIDATE,0.0,4013202.55774561,4013202.55774561,,,,,False,NO_CANDIDATE,0.0,4374267.881633885,4374267.881633885,361065.3238882753,4467264.159165198,-0.02081727746959361
a_clean_plus_exclude_star_prev0_3_bj_risk_filter,paper,20250529,0,0,0,0,0,0,,,,,,,,,,,,False,4013202.55774561,4013202.55774561,0.0,False,NO_CANDIDATE,4013202.55774561,4013202.55774561,,,NO_CANDIDATE,0.0,4013202.55774561,4013202.55774561,,,,,False,NO_CANDIDATE,0.0,4374267.881633885,4374267.881633885,361065.3238882753,4467264.159165198,-0.02081727746959361
a_clean_plus_exclude_star_prev0_3_bj_risk_filter,paper,20250530,0,0,0,0,0,0,,,,,,,,,,,,False,4013202.55774561,4013202.55774561,0.0,False,NO_CANDIDATE,4013202.55774561,4013202.55774561,,,NO_CANDIDATE,0.0,4013202.55774561,4013202.55774561,,,,,False,NO_CANDIDATE,0.0,4374267.881633885,4374267.881633885,361065.3238882753,4467264.159165198,-0.02081727746959361
a_clean_plus_exclude_star_prev0_3_bj_risk_filter,paper,20250603,0,0,0,0,0,0,,,,,,,,,,,,False,4013202.55774561,4013202.55774561,0.0,False,NO_CANDIDATE,4013202.55774561,4013202.55774561,,,NO_CANDIDATE,0.0,4013202.55774561,4013202.55774561,,,,,False,NO_CANDIDATE,0.0,4374267.881633885,4374267.881633885,361065.3238882753,4467264.159165198,-0.02081727746959361
a_clean_plus_exclude_star_prev0_3_bj_risk_filter,paper,20250604,0,0,0,0,0,0,,,,,,,,,,,,False,4013202.55774561,4013202.55774561,0.0,False,NO_CANDIDATE,4013202.55774561,4013202.55774561,,,NO_CANDIDATE,0.0,4013202.55774561,4013202.55774561,,,,,False,NO_CANDIDATE,0.0,4374267.881633885,4374267.881633885,361065.3238882753,4467264.159165198,-0.02081727746959361
a_clean_plus_exclude_star_prev0_3_bj_risk_filter,paper,20250605,1,1,1,2,1,0,920748.BJ,路桥信息,无,0.0,0.0,0.0,False,,False,NOT_REQUIRED,,True,4013202.55774561,5331261.014274664,0.3284305831972421,False,CLOSED_BY_HISTORICAL_SIM,4013202.55774561,5331261.014274664,,,CLOSED_BY_HISTORICAL_SIM,0.3284305831972421,4013202.55774561,5331261.014274664,,,,,False,CLOSED_BY_HISTORICAL_SIM,0.3284305831972421,4374267.881633885,5810911.233059866,479650.21878520213,5810911.233059866,0.0
a_clean_plus_exclude_star_prev0_3_bj_risk_filter,paper,20250606,0,0,0,0,0,0,,,,,,,,,,,,False,5331261.014274664,5331261.014274664,0.0,False,NO_CANDIDATE,5331261.014274664,5331261.014274664,,,NO_CANDIDATE,0.0,5331261.014274664,5331261.014274664,,,,,False,NO_CANDIDATE,0.0,5810911.233059866,5810911.233059866,479650.21878520213,5810911.233059866,0.0
a_clean_plus_exclude_star_prev0_3_bj_risk_filter,paper,20250609,0,0,0,0,0,0,,,,,,,,,,,,False,5331261.014274664,5331261.014274664,0.0,False,NO_CANDIDATE,5331261.014274664,5331261.014274664,,,NO_CANDIDATE,0.0,5331261.014274664,5331261.014274664,,,,,False,NO_CANDIDATE,0.0,5810911.233059866,5810911.233059866,479650.21878520213,5810911.233059866,0.0
a_clean_plus_exclude_star_prev0_3_bj_risk_filter,paper,20250610,0,0,0,0,0,0,,,,,,,,,,,,False,5331261.014274664,5331261.014274664,0.0,False,NO_CANDIDATE,5331261.014274664,5331261.014274664,,,NO_CANDIDATE,0.0,5331261.014274664,5331261.014274664,,,,,False,NO_CANDIDATE,0.0,5810911.233059866,5810911.233059866,479650.21878520213,5810911.233059866,0.0
a_clean_plus_exclude_star_prev0_3_bj_risk_filter,paper,20250611,1,1,1,2,1,0,301110.SZ,青木科技,无,0.0,0.0,0.0,False,,False,NOT_REQUIRED,,True,5331261.014274664,5387042.9457641095,0.0104631777247611,False,CLOSED_BY_HISTORICAL_SIM,5331261.014274664,5387042.9457641095,,,CLOSED_BY_HISTORICAL_SIM,0.0104631777247611,5331261.014274664,5387042.9457641095,,,,,False,CLOSED_BY_HISTORICAL_SIM,0.0104631777247611,5810911.233059866,5871711.8300341815,484668.884270072,5871711.8300341815,0.0
a_clean_plus_exclude_star_prev0_3_bj_risk_filter,paper,20250612,0,0,0,0,0,0,,,,,,,,,,,,False,5387042.9457641095,5387042.9457641095,0.0,False,NO_CANDIDATE,5387042.9457641095,5387042.9457641095,,,NO_CANDIDATE,0.0,5387042.9457641095,5387042.9457641095,,,,,False,NO_CANDIDATE,0.0,5871711.8300341815,5871711.8300341815,484668.884270072,5871711.8300341815,0.0
a_clean_plus_exclude_star_prev0_3_bj_risk_filter,paper,20250613,0,0,0,0,0,0,,,,,,,,,,,,False,5387042.9457641095,5387042.9457641095,0.0,False,NO_CANDIDATE,5387042.9457641095,5387042.9457641095,,,NO_CANDIDATE,0.0,5387042.9457641095,5387042.9457641095,,,,,False,NO_CANDIDATE,0.0,5871711.8300341815,5871711.8300341815,484668.884270072,5871711.8300341815,0.0
a_clean_plus_exclude_star_prev0_3_bj_risk_filter,paper,20250616,0,0,0,0,0,0,,,,,,,,,,,,False,5387042.9457641095,5387042.9457641095,0.0,False,NO_CANDIDATE,5387042.9457641095,5387042.9457641095,,,NO_CANDIDATE,0.0,5387042.9457641095,5387042.9457641095,,,,,False,NO_CANDIDATE,0.0,5871711.8300341815,5871711.8300341815,484668.884270072,5871711.8300341815,0.0
a_clean_plus_exclude_star_prev0_3_bj_risk_filter,paper,20250617,1,1,1,2,1,0,300457.SZ,赢合科技,无,0.0,0.0,0.0,False,,False,NOT_REQUIRED,,True,5387042.9457641095,5497334.3004967775,0.020473450062133,False,CLOSED_BY_HISTORICAL_SIM,5387042.9457641095,5497334.3004967775,,,CLOSED_BY_HISTORICAL_SIM,0.020473450062133,5387042.9457641095,5497334.3004967775,,,,,False,CLOSED_BY_HISTORICAL_SIM,0.020473450062133,5871711.8300341815,5991926.028965622,494591.72846884467,5991926.028965622,0.0
a_clean_plus_exclude_star_prev0_3_bj_risk_filter,paper,20250618,0,0,0,0,0,0,,,,,,,,,,,,False,5497334.3004967775,5497334.3004967775,0.0,False,NO_CANDIDATE,5497334.3004967775,5497334.3004967775,,,NO_CANDIDATE,0.0,5497334.3004967775,5497334.3004967775,,,,,False,NO_CANDIDATE,0.0,5991926.028965622,5991926.028965622,494591.72846884467,5991926.028965622,0.0
a_clean_plus_exclude_star_prev0_3_bj_risk_filter,paper,20250619,0,0,0,0,0,0,,,,,,,,,,,,False,5497334.3004967775,5497334.3004967775,0.0,False,NO_CANDIDATE,5497334.3004967775,5497334.3004967775,,,NO_CANDIDATE,0.0,5497334.3004967775,5497334.3004967775,,,,,False,NO_CANDIDATE,0.0,5991926.028965622,5991926.028965622,494591.72846884467,5991926.028965622,0.0
a_clean_plus_exclude_star_prev0_3_bj_risk_filter,paper,20250620,0,0,0,0,0,0,,,,,,,,,,,,False,5497334.3004967775,5497334.3004967775,0.0,False,NO_CANDIDATE,5497334.3004967775,5497334.3004967775,,,NO_CANDIDATE,0.0,5497334.3004967775,5497334.3004967775,,,,,False,NO_CANDIDATE,0.0,5991926.028965622,5991926.028965622,494591.72846884467,5991926.028965622,0.0
a_clean_plus_exclude_star_prev0_3_bj_risk_filter,paper,20250623,0,0,0,0,0,0,,,,,,,,,,,,False,5497334.3004967775,5497334.3004967775,0.0,False,NO_CANDIDATE,5497334.3004967775,5497334.3004967775,,,NO_CANDIDATE,0.0,5497334.3004967775,5497334.3004967775,,,,,False,NO_CANDIDATE,0.0,5991926.028965622,5991926.028965622,494591.72846884467,5991926.028965622,0.0
a_clean_plus_exclude_star_prev0_3_bj_risk_filter,paper,20250624,0,0,0,0,0,0,,,,,,,,,,,,False,5497334.3004967775,5497334.3004967775,0.0,False,NO_CANDIDATE,5497334.3004967775,5497334.3004967775,,,NO_CANDIDATE,0.0,5497334.3004967775,5497334.3004967775,,,,,False,NO_CANDIDATE,0.0,5991926.028965622,5991926.028965622,494591.72846884467,5991926.028965622,0.0
a_clean_plus_exclude_star_prev0_3_bj_risk_filter,paper,20250625,0,0,0,0,0,0,,,,,,,,,,,,False,5497334.3004967775,5497334.3004967775,0.0,False,NO_CANDIDATE,5497334.3004967775,5497334.3004967775,,,NO_CANDIDATE,0.0,5497334.3004967775,5497334.3004967775,,,,,False,NO_CANDIDATE,0.0,5991926.028965622,5991926.028965622,494591.72846884467,5991926.028965622,0.0
a_clean_plus_exclude_star_prev0_3_bj_risk_filter,paper,20250626,0,0,0,0,0,0,,,,,,,,,,,,False,5497334.3004967775,5497334.3004967775,0.0,False,NO_CANDIDATE,5497334.3004967775,5497334.3004967775,,,NO_CANDIDATE,0.0,5497334.3004967775,5497334.3004967775,,,,,False,NO_CANDIDATE,0.0,5991926.028965622,5991926.028965622,494591.72846884467,5991926.028965622,0.0
a_clean_plus_exclude_star_prev0_3_bj_risk_filter,paper,20250627,0,0,0,0,0,0,,,,,,,,,,,,False,5497334.3004967775,5497334.3004967775,0.0,False,NO_CANDIDATE,5497334.3004967775,5497334.3004967775,,,NO_CANDIDATE,0.0,5497334.3004967775,5497334.3004967775,,,,,False,NO_CANDIDATE,0.0,5991926.028965622,5991926.028965622,494591.72846884467,5991926.028965622,0.0
a_clean_plus_exclude_star_prev0_3_bj_risk_filter,paper,20250630,0,0,0,0,0,0,,,,,,,,,,,,False,5497334.3004967775,5497334.3004967775,0.0,False,NO_CANDIDATE,5497334.3004967775,5497334.3004967775,,,NO_CANDIDATE,0.0,5497334.3004967775,5497334.3004967775,,,,,False,NO_CANDIDATE,0.0,5991926.028965622,5991926.028965622,494591.72846884467,5991926.028965622,0.0
a_clean_plus_exclude_star_prev0_3_bj_risk_filter,paper,20250701,0,0,0,0,0,0,,,,,,,,,,,,False,5497334.3004967775,5497334.3004967775,0.0,False,NO_CANDIDATE,5497334.3004967775,5497334.3004967775,,,NO_CANDIDATE,0.0,5497334.3004967775,5497334.3004967775,,,,,False,NO_CANDIDATE,0.0,5991926.028965622,5991926.028965622,494591.72846884467,5991926.028965622,0.0
a_clean_plus_exclude_star_prev0_3_bj_risk_filter,paper,20250702,0,0,0,0,0,0,,,,,,,,,,,,False,5497334.3004967775,5497334.3004967775,0.0,False,NO_CANDIDATE,5497334.3004967775,5497334.3004967775,,,NO_CANDIDATE,0.0,5497334.3004967775,5497334.3004967775,,,,,False,NO_CANDIDATE,0.0,5991926.028965622,5991926.028965622,494591.72846884467,5991926.028965622,0.0
a_clean_plus_exclude_star_prev0_3_bj_risk_filter,paper,20250703,0,0,0,0,0,0,,,,,,,,,,,,False,5497334.3004967775,5497334.3004967775,0.0,False,NO_CANDIDATE,5497334.3004967775,5497334.3004967775,,,NO_CANDIDATE,0.0,5497334.3004967775,5497334.3004967775,,,,,False,NO_CANDIDATE,0.0,5991926.028965622,5991926.028965622,494591.72846884467,5991926.028965622,0.0
a_clean_plus_exclude_star_prev0_3_bj_risk_filter,paper,20250704,2,1,1,2,1,0,301389.SZ,隆扬电子,无,1.0,1.0,0.0,False,300436.SZ 广生堂,False,NOT_REQUIRED,,True,5497334.3004967775,5704782.195468986,0.0377360887354917,False,CLOSED_BY_HISTORICAL_SIM,5497334.3004967775,5704782.195468986,,,CLOSED_BY_HISTORICAL_SIM,0.0377360887354917,5497334.3004967775,5704782.195468986,,,,,False,CLOSED_BY_HISTORICAL_SIM,0.0377360887354917,5991926.028965622,6218037.881291171,513255.6858221842,6218037.881291171,0.0
a_clean_plus_exclude_star_prev0_3_bj_risk_filter,paper,20250707,0,0,0,0,0,0,,,,,,,,,,,,False,5704782.195468986,5704782.195468986,0.0,False,NO_CANDIDATE,5704782.195468986,5704782.195468986,,,NO_CANDIDATE,0.0,5704782.195468986,5704782.195468986,,,,,False,NO_CANDIDATE,0.0,6218037.881291171,6218037.881291171,513255.6858221842,6218037.881291171,0.0
a_clean_plus_exclude_star_prev0_3_bj_risk_filter,paper,20250708,0,0,0,0,0,0,,,,,,,,,,,,False,5704782.195468986,5704782.195468986,0.0,False,NO_CANDIDATE,5704782.195468986,5704782.195468986,,,NO_CANDIDATE,0.0,5704782.195468986,5704782.195468986,,,,,False,NO_CANDIDATE,0.0,6218037.881291171,6218037.881291171,513255.6858221842,6218037.881291171,0.0
a_clean_plus_exclude_star_prev0_3_bj_risk_filter,paper,20250709,0,0,0,0,0,0,,,,,,,,,,,,False,5704782.195468986,5704782.195468986,0.0,False,NO_CANDIDATE,5704782.195468986,5704782.195468986,,,NO_CANDIDATE,0.0,5704782.195468986,5704782.195468986,,,,,False,NO_CANDIDATE,0.0,6218037.881291171,6218037.881291171,513255.6858221842,6218037.881291171,0.0
a_clean_plus_exclude_star_prev0_3_bj_risk_filter,paper,20250710,0,0,0,0,0,0,,,,,,,,,,,,False,5704782.195468986,5704782.195468986,0.0,False,NO_CANDIDATE,5704782.195468986,5704782.195468986,,,NO_CANDIDATE,0.0,5704782.195468986,5704782.195468986,,,,,False,NO_CANDIDATE,0.0,6218037.881291171,6218037.881291171,513255.6858221842,6218037.881291171,0.0
a_clean_plus_exclude_star_prev0_3_bj_risk_filter,paper,20250711,0,0,0,0,0,0,,,,,,,,,,,,False,5704782.195468986,5704782.195468986,0.0,False,NO_CANDIDATE,5704782.195468986,5704782.195468986,,,NO_CANDIDATE,0.0,5704782.195468986,5704782.195468986,,,,,False,NO_CANDIDATE,0.0,6218037.881291171,6218037.881291171,513255.6858221842,6218037.881291171,0.0
a_clean_plus_exclude_star_prev0_3_bj_risk_filter,paper,20250714,0,0,0,0,0,0,,,,,,,,,,,,False,5704782.195468986,5704782.195468986,0.0,False,NO_CANDIDATE,5704782.195468986,5704782.195468986,,,NO_CANDIDATE,0.0,5704782.195468986,5704782.195468986,,,,,False,NO_CANDIDATE,0.0,6218037.881291171,6218037.881291171,513255.6858221842,6218037.881291171,0.0
a_clean_plus_exclude_star_prev0_3_bj_risk_filter,paper,20250715,1,1,1,2,1,0,300378.SZ,鼎捷数智,无,0.0,0.0,0.0,False,,False,NOT_REQUIRED,,True,5704782.195468986,5643973.349904845,-0.0106592755832884,False,CLOSED_BY_HISTORICAL_SIM,5704782.195468986,5643973.349904845,,,CLOSED_BY_HISTORICAL_SIM,-0.0106592755832884,5704782.195468986,5643973.349904845,,,,,False,CLOSED_BY_HISTORICAL_SIM,-0.0106592755832884,6218037.881291171,6151758.101927161,507784.7520223167,6218037.881291171,-0.010659275583288386
a_clean_plus_exclude_star_prev0_3_bj_risk_filter,paper,20250716,0,0,0,0,0,0,,,,,,,,,,,,False,5643973.349904845,5643973.349904845,0.0,False,NO_CANDIDATE,5643973.349904845,5643973.349904845,,,NO_CANDIDATE,0.0,5643973.349904845,5643973.349904845,,,,,False,NO_CANDIDATE,0.0,6151758.101927161,6151758.101927161,507784.7520223167,6218037.881291171,-0.010659275583288386
a_clean_plus_exclude_star_prev0_3_bj_risk_filter,paper,20250717,0,0,0,0,0,0,,,,,,,,,,,,False,5643973.349904845,5643973.349904845,0.0,False,NO_CANDIDATE,5643973.349904845,5643973.349904845,,,NO_CANDIDATE,0.0,5643973.349904845,5643973.349904845,,,,,False,NO_CANDIDATE,0.0,6151758.101927161,6151758.101927161,507784.7520223167,6218037.881291171,-0.010659275583288386
a_clean_plus_exclude_star_prev0_3_bj_risk_filter,paper,20250718,0,0,0,0,0,0,,,,,,,,,,,,False,5643973.349904845,5643973.349904845,0.0,False,NO_CANDIDATE,5643973.349904845,5643973.349904845,,,NO_CANDIDATE,0.0,5643973.349904845,5643973.349904845,,,,,False,NO_CANDIDATE,0.0,6151758.101927161,6151758.101927161,507784.7520223167,6218037.881291171,-0.010659275583288386
a_clean_plus_exclude_star_prev0_3_bj_risk_filter,paper,20250721,0,0,0,0,0,0,,,,,,,,,,,,False,5643973.349904845,5643973.349904845,0.0,False,NO_CANDIDATE,5643973.349904845,5643973.349904845,,,NO_CANDIDATE,0.0,5643973.349904845,5643973.349904845,,,,,False,NO_CANDIDATE,0.0,6151758.101927161,6151758.101927161,507784.7520223167,6218037.881291171,-0.010659275583288386
a_clean_plus_exclude_star_prev0_3_bj_risk_filter,paper,20250722,0,0,0,0,0,0,,,,,,,,,,,,False,5643973.349904845,5643973.349904845,0.0,False,NO_CANDIDATE,5643973.349904845,5643973.349904845,,,NO_CANDIDATE,0.0,5643973.349904845,5643973.349904845,,,,,False,NO_CANDIDATE,0.0,6151758.101927161,6151758.101927161,507784.7520223167,6218037.881291171,-0.010659275583288386
a_clean_plus_exclude_star_prev0_3_bj_risk_filter,paper,20250723,0,0,0,0,0,0,,,,,,,,,,,,False,5643973.349904845,5643973.349904845,0.0,False,NO_CANDIDATE,5643973.349904845,5643973.349904845,,,NO_CANDIDATE,0.0,5643973.349904845,5643973.349904845,,,,,False,NO_CANDIDATE,0.0,6151758.101927161,6151758.101927161,507784.7520223167,6218037.881291171,-0.010659275583288386
a_clean_plus_exclude_star_prev0_3_bj_risk_filter,paper,20250724,0,0,0,0,0,0,,,,,,,,,,,,False,5643973.349904845,5643973.349904845,0.0,False,NO_CANDIDATE,5643973.349904845,5643973.349904845,,,NO_CANDIDATE,0.0,5643973.349904845,5643973.349904845,,,,,False,NO_CANDIDATE,0.0,6151758.101927161,6151758.101927161,507784.7520223167,6218037.881291171,-0.010659275583288386
a_clean_plus_exclude_star_prev0_3_bj_risk_filter,paper,20250725,1,1,1,2,1,0,300781.SZ,因赛集团,无,0.0,0.0,0.0,False,,False,NOT_REQUIRED,,True,5643973.349904845,5709969.1762465965,0.0116931498875458,False,CLOSED_BY_HISTORICAL_SIM,5643973.349904845,5709969.1762465965,,,CLOSED_BY_HISTORICAL_SIM,0.0116931498875458,5643973.349904845,5709969.1762465965,,,,,False,CLOSED_BY_HISTORICAL_SIM,0.0116931498875458,6151758.101927161,6223691.5314849205,513722.35523832403,6223691.5314849205,0.0
a_clean_plus_exclude_star_prev0_3_bj_risk_filter,paper,20250728,0,0,0,0,0,0,,,,,,,,,,,,False,5709969.1762465965,5709969.1762465965,0.0,False,NO_CANDIDATE,5709969.1762465965,5709969.1762465965,,,NO_CANDIDATE,0.0,5709969.1762465965,5709969.1762465965,,,,,False,NO_CANDIDATE,0.0,6223691.5314849205,6223691.5314849205,513722.35523832403,6223691.5314849205,0.0
a_clean_plus_exclude_star_prev0_3_bj_risk_filter,paper,20250729,1,1,1,2,1,0,300528.SZ,幸福蓝海,无,0.0,0.0,0.0,False,,False,NOT_REQUIRED,,True,5709969.1762465965,5837235.321948162,0.02228841203399,False,CLOSED_BY_HISTORICAL_SIM,5709969.1762465965,5837235.321948162,,,CLOSED_BY_HISTORICAL_SIM,0.02228841203399,5709969.1762465965,5837235.321948162,,,,,False,CLOSED_BY_HISTORICAL_SIM,0.02228841203399,6223691.5314849205,6362407.73271111,525172.410762948,6362407.73271111,0.0
a_clean_plus_exclude_star_prev0_3_bj_risk_filter,paper,20250730,2,0,0,0,0,0,300877.SZ,金春股份,,,,,,,,,,False,5837235.321948162,5837235.321948162,0.0,False,POSITION_OCCUPIED_SKIP,5837235.321948162,5837235.321948162,300528.SZ 幸福蓝海,20250731.0,POSITION_OCCUPIED_SKIP,0.0,5837235.321948162,5837235.321948162,,,,,False,POSITION_OCCUPIED_SKIP,0.0,6362407.73271111,6362407.73271111,525172.410762948,6362407.73271111,0.0
a_clean_plus_exclude_star_prev0_3_bj_risk_filter,paper,20250731,0,0,0,0,0,0,,,,,,,,,,,,False,5837235.321948162,5837235.321948162,0.0,False,NO_CANDIDATE,5837235.321948162,5837235.321948162,,,NO_CANDIDATE,0.0,5837235.321948162,5837235.321948162,,,,,False,NO_CANDIDATE,0.0,6362407.73271111,6362407.73271111,525172.410762948,6362407.73271111,0.0
a_clean_plus_exclude_star_prev0_3_bj_risk_filter,paper,20250801,0,0,0,0,0,0,,,,,,,,,,,,False,5837235.321948162,5837235.321948162,0.0,False,NO_CANDIDATE,5837235.321948162,5837235.321948162,,,NO_CANDIDATE,0.0,5837235.321948162,5837235.321948162,,,,,False,NO_CANDIDATE,0.0,6362407.73271111,6362407.73271111,525172.410762948,6362407.73271111,0.0
a_clean_plus_exclude_star_prev0_3_bj_risk_filter,paper,20250804,0,0,0,0,0,0,,,,,,,,,,,,False,5837235.321948162,5837235.321948162,0.0,False,NO_CANDIDATE,5837235.321948162,5837235.321948162,,,NO_CANDIDATE,0.0,5837235.321948162,5837235.321948162,,,,,False,NO_CANDIDATE,0.0,6362407.73271111,6362407.73271111,525172.410762948,6362407.73271111,0.0
a_clean_plus_exclude_star_prev0_3_bj_risk_filter,paper,20250805,0,0,0,0,0,0,,,,,,,,,,,,False,5837235.321948162,5837235.321948162,0.0,False,NO_CANDIDATE,5837235.321948162,5837235.321948162,,,NO_CANDIDATE,0.0,5837235.321948162,5837235.321948162,,,,,False,NO_CANDIDATE,0.0,6362407.73271111,6362407.73271111,525172.410762948,6362407.73271111,0.0
a_clean_plus_exclude_star_prev0_3_bj_risk_filter,paper,20250806,0,0,0,0,0,0,,,,,,,,,,,,False,5837235.321948162,5837235.321948162,0.0,False,NO_CANDIDATE,5837235.321948162,5837235.321948162,,,NO_CANDIDATE,0.0,5837235.321948162,5837235.321948162,,,,,False,NO_CANDIDATE,0.0,6362407.73271111,6362407.73271111,525172.410762948,6362407.73271111,0.0
a_clean_plus_exclude_star_prev0_3_bj_risk_filter,paper,20250807,0,0,0,0,0,0,,,,,,,,,,,,False,5837235.321948162,5837235.321948162,0.0,False,NO_CANDIDATE,5837235.321948162,5837235.321948162,,,NO_CANDIDATE,0.0,5837235.321948162,5837235.321948162,,,,,False,NO_CANDIDATE,0.0,6362407.73271111,6362407.73271111,525172.410762948,6362407.73271111,0.0
a_clean_plus_exclude_star_prev0_3_bj_risk_filter,paper,20250808,0,0,0,0,0,0,,,,,,,,,,,,False,5837235.321948162,5837235.321948162,0.0,False,NO_CANDIDATE,5837235.321948162,5837235.321948162,,,NO_CANDIDATE,0.0,5837235.321948162,5837235.321948162,,,,,False,NO_CANDIDATE,0.0,6362407.73271111,6362407.73271111,525172.410762948,6362407.73271111,0.0
a_clean_plus_exclude_star_prev0_3_bj_risk_filter,paper,20250811,0,0,0,0,0,0,,,,,,,,,,,,False,5837235.321948162,5837235.321948162,0.0,False,NO_CANDIDATE,5837235.321948162,5837235.321948162,,,NO_CANDIDATE,0.0,5837235.321948162,5837235.321948162,,,,,False,NO_CANDIDATE,0.0,6362407.73271111,6362407.73271111,525172.410762948,6362407.73271111,0.0
a_clean_plus_exclude_star_prev0_3_bj_risk_filter,paper,20250812,0,0,0,0,0,0,,,,,,,,,,,,False,5837235.321948162,5837235.321948162,0.0,False,NO_CANDIDATE,5837235.321948162,5837235.321948162,,,NO_CANDIDATE,0.0,5837235.321948162,5837235.321948162,,,,,False,NO_CANDIDATE,0.0,6362407.73271111,6362407.73271111,525172.410762948,6362407.73271111,0.0
a_clean_plus_exclude_star_prev0_3_bj_risk_filter,paper,20250813,0,0,0,0,0,0,,,,,,,,,,,,False,5837235.321948162,5837235.321948162,0.0,False,NO_CANDIDATE,5837235.321948162,5837235.321948162,,,NO_CANDIDATE,0.0,5837235.321948162,5837235.321948162,,,,,False,NO_CANDIDATE,0.0,6362407.73271111,6362407.73271111,525172.410762948,6362407.73271111,0.0
a_clean_plus_exclude_star_prev0_3_bj_risk_filter,paper,20250814,0,0,0,0,0,0,,,,,,,,,,,,False,5837235.321948162,5837235.321948162,0.0,False,NO_CANDIDATE,5837235.321948162,5837235.321948162,,,NO_CANDIDATE,0.0,5837235.321948162,5837235.321948162,,,,,False,NO_CANDIDATE,0.0,6362407.73271111,6362407.73271111,525172.410762948,6362407.73271111,0.0
a_clean_plus_exclude_star_prev0_3_bj_risk_filter,paper,20250815,0,0,0,0,0,0,,,,,,,,,,,,False,5837235.321948162,5837235.321948162,0.0,False,NO_CANDIDATE,5837235.321948162,5837235.321948162,,,NO_CANDIDATE,0.0,5837235.321948162,5837235.321948162,,,,,False,NO_CANDIDATE,0.0,6362407.73271111,6362407.73271111,525172.410762948,6362407.73271111,0.0
a_clean_plus_exclude_star_prev0_3_bj_risk_filter,paper,20250818,0,0,0,0,0,0,,,,,,,,,,,,False,5837235.321948162,5837235.321948162,0.0,False,NO_CANDIDATE,5837235.321948162,5837235.321948162,,,NO_CANDIDATE,0.0,5837235.321948162,5837235.321948162,,,,,False,NO_CANDIDATE,0.0,6362407.73271111,6362407.73271111,525172.410762948,6362407.73271111,0.0
a_clean_plus_exclude_star_prev0_3_bj_risk_filter,paper,20250819,0,0,0,0,0,0,,,,,,,,,,,,False,5837235.321948162,5837235.321948162,0.0,False,NO_CANDIDATE,5837235.321948162,5837235.321948162,,,NO_CANDIDATE,0.0,5837235.321948162,5837235.321948162,,,,,False,NO_CANDIDATE,0.0,6362407.73271111,6362407.73271111,525172.410762948,6362407.73271111,0.0
a_clean_plus_exclude_star_prev0_3_bj_risk_filter,paper,20250820,0,0,0,0,0,0,,,,,,,,,,,,False,5837235.321948162,5837235.321948162,0.0,False,NO_CANDIDATE,5837235.321948162,5837235.321948162,,,NO_CANDIDATE,0.0,5837235.321948162,5837235.321948162,,,,,False,NO_CANDIDATE,0.0,6362407.73271111,6362407.73271111,525172.410762948,6362407.73271111,0.0
a_clean_plus_exclude_star_prev0_3_bj_risk_filter,paper,20250821,0,0,0,0,0,0,,,,,,,,,,,,False,5837235.321948162,5837235.321948162,0.0,False,NO_CANDIDATE,5837235.321948162,5837235.321948162,,,NO_CANDIDATE,0.0,5837235.321948162,5837235.321948162,,,,,False,NO_CANDIDATE,0.0,6362407.73271111,6362407.73271111,525172.410762948,6362407.73271111,0.0
a_clean_plus_exclude_star_prev0_3_bj_risk_filter,paper,20250822,0,0,0,0,0,0,,,,,,,,,,,,False,5837235.321948162,5837235.321948162,0.0,False,NO_CANDIDATE,5837235.321948162,5837235.321948162,,,NO_CANDIDATE,0.0,5837235.321948162,5837235.321948162,,,,,False,NO_CANDIDATE,0.0,6362407.73271111,6362407.73271111,525172.410762948,6362407.73271111,0.0
a_clean_plus_exclude_star_prev0_3_bj_risk_filter,paper,20250825,0,0,0,0,0,0,,,,,,,,,,,,False,5837235.321948162,5837235.321948162,0.0,False,NO_CANDIDATE,5837235.321948162,5837235.321948162,,,NO_CANDIDATE,0.0,5837235.321948162,5837235.321948162,,,,,False,NO_CANDIDATE,0.0,6362407.73271111,6362407.73271111,525172.410762948,6362407.73271111,0.0
a_clean_plus_exclude_star_prev0_3_bj_risk_filter,paper,20250826,0,0,0,0,0,0,,,,,,,,,,,,False,5837235.321948162,5837235.321948162,0.0,False,NO_CANDIDATE,5837235.321948162,5837235.321948162,,,NO_CANDIDATE,0.0,5837235.321948162,5837235.321948162,,,,,False,NO_CANDIDATE,0.0,6362407.73271111,6362407.73271111,525172.410762948,6362407.73271111,0.0
a_clean_plus_exclude_star_prev0_3_bj_risk_filter,paper,20250827,0,0,0,0,0,0,,,,,,,,,,,,False,5837235.321948162,5837235.321948162,0.0,False,NO_CANDIDATE,5837235.321948162,5837235.321948162,,,NO_CANDIDATE,0.0,5837235.321948162,5837235.321948162,,,,,False,NO_CANDIDATE,0.0,6362407.73271111,6362407.73271111,525172.410762948,6362407.73271111,0.0
a_clean_plus_exclude_star_prev0_3_bj_risk_filter,paper,20250828,0,0,0,0,0,0,,,,,,,,,,,,False,5837235.321948162,5837235.321948162,0.0,False,NO_CANDIDATE,5837235.321948162,5837235.321948162,,,NO_CANDIDATE,0.0,5837235.321948162,5837235.321948162,,,,,False,NO_CANDIDATE,0.0,6362407.73271111,6362407.73271111,525172.410762948,6362407.73271111,0.0
a_clean_plus_exclude_star_prev0_3_bj_risk_filter,paper,20250829,0,0,0,0,0,0,,,,,,,,,,,,False,5837235.321948162,5837235.321948162,0.0,False,NO_CANDIDATE,5837235.321948162,5837235.321948162,,,NO_CANDIDATE,0.0,5837235.321948162,5837235.321948162,,,,,False,NO_CANDIDATE,0.0,6362407.73271111,6362407.73271111,525172.410762948,6362407.73271111,0.0
a_clean_plus_exclude_star_prev0_3_bj_risk_filter,paper,20250901,0,0,0,0,0,0,,,,,,,,,,,,False,5837235.321948162,5837235.321948162,0.0,False,NO_CANDIDATE,5837235.321948162,5837235.321948162,,,NO_CANDIDATE,0.0,5837235.321948162,5837235.321948162,,,,,False,NO_CANDIDATE,0.0,6362407.73271111,6362407.73271111,525172.410762948,6362407.73271111,0.0
a_clean_plus_exclude_star_prev0_3_bj_risk_filter,paper,20250902,1,1,1,2,1,0,920274.BJ,宏裕包材,无,0.0,0.0,0.0,False,,False,NOT_REQUIRED,,True,5837235.321948162,8744493.521606732,0.4980539655009626,False,CLOSED_BY_HISTORICAL_SIM,5837235.321948162,8744493.521606732,,,CLOSED_BY_HISTORICAL_SIM,0.4980539655009626,5837235.321948162,8744493.521606732,,,,,False,CLOSED_BY_HISTORICAL_SIM,0.4980539655009626,6362407.73271111,9531230.134121867,786736.6125151347,9531230.134121867,0.0
a_clean_plus_exclude_star_prev0_3_bj_risk_filter,paper,20250903,2,0,0,0,0,0,300092.SZ,科新机电,,,,,,,,,,False,8744493.521606732,8744493.521606732,0.0,False,POSITION_OCCUPIED_SKIP,8744493.521606732,8744493.521606732,920274.BJ 宏裕包材,20250904.0,POSITION_OCCUPIED_SKIP,0.0,8744493.521606732,8744493.521606732,,,,,False,POSITION_OCCUPIED_SKIP,0.0,9531230.134121867,9531230.134121867,786736.6125151347,9531230.134121867,0.0
a_clean_plus_exclude_star_prev0_3_bj_risk_filter,paper,20250904,0,0,0,0,0,0,,,,,,,,,,,,False,8744493.521606732,8744493.521606732,0.0,False,NO_CANDIDATE,8744493.521606732,8744493.521606732,,,NO_CANDIDATE,0.0,8744493.521606732,8744493.521606732,,,,,False,NO_CANDIDATE,0.0,9531230.134121867,9531230.134121867,786736.6125151347,9531230.134121867,0.0
a_clean_plus_exclude_star_prev0_3_bj_risk_filter,paper,20250905,0,0,0,0,0,0,,,,,,,,,,,,False,8744493.521606732,8744493.521606732,0.0,False,NO_CANDIDATE,8744493.521606732,8744493.521606732,,,NO_CANDIDATE,0.0,8744493.521606732,8744493.521606732,,,,,False,NO_CANDIDATE,0.0,9531230.134121867,9531230.134121867,786736.6125151347,9531230.134121867,0.0
a_clean_plus_exclude_star_prev0_3_bj_risk_filter,paper,20250908,1,1,1,2,1,0,301538.SZ,骏鼎达,无,0.0,0.0,0.0,False,,False,NOT_REQUIRED,,True,8744493.521606732,8688600.15408378,-0.0063918358890478,False,CLOSED_BY_HISTORICAL_SIM,8744493.521606732,8688600.15408378,,,CLOSED_BY_HISTORICAL_SIM,-0.0063918358890478,8744493.521606732,8688600.15408378,,,,,False,CLOSED_BY_HISTORICAL_SIM,-0.0063918358890478,9531230.134121867,9470308.075283812,781707.9212000333,9531230.134121867,-0.006391835889047903
a_clean_plus_exclude_star_prev0_3_bj_risk_filter,paper,20250909,0,0,0,0,0,0,,,,,,,,,,,,False,8688600.15408378,8688600.15408378,0.0,False,NO_CANDIDATE,8688600.15408378,8688600.15408378,,,NO_CANDIDATE,0.0,8688600.15408378,8688600.15408378,,,,,False,NO_CANDIDATE,0.0,9470308.075283812,9470308.075283812,781707.9212000333,9531230.134121867,-0.006391835889047903
a_clean_plus_exclude_star_prev0_3_bj_risk_filter,paper,20250910,0,0,0,0,0,0,,,,,,,,,,,,False,8688600.15408378,8688600.15408378,0.0,False,NO_CANDIDATE,8688600.15408378,8688600.15408378,,,NO_CANDIDATE,0.0,8688600.15408378,8688600.15408378,,,,,False,NO_CANDIDATE,0.0,9470308.075283812,9470308.075283812,781707.9212000333,9531230.134121867,-0.006391835889047903
a_clean_plus_exclude_star_prev0_3_bj_risk_filter,paper,20250911,0,0,0,0,0,0,,,,,,,,,,,,False,8688600.15408378,8688600.15408378,0.0,False,NO_CANDIDATE,8688600.15408378,8688600.15408378,,,NO_CANDIDATE,0.0,8688600.15408378,8688600.15408378,,,,,False,NO_CANDIDATE,0.0,9470308.075283812,9470308.075283812,781707.9212000333,9531230.134121867,-0.006391835889047903
a_clean_plus_exclude_star_prev0_3_bj_risk_filter,paper,20250912,0,0,0,0,0,0,,,,,,,,,,,,False,8688600.15408378,8688600.15408378,0.0,False,NO_CANDIDATE,8688600.15408378,8688600.15408378,,,NO_CANDIDATE,0.0,8688600.15408378,8688600.15408378,,,,,False,NO_CANDIDATE,0.0,9470308.075283812,9470308.075283812,781707.9212000333,9531230.134121867,-0.006391835889047903
a_clean_plus_exclude_star_prev0_3_bj_risk_filter,paper,20250915,0,0,0,0,0,0,,,,,,,,,,,,False,8688600.15408378,8688600.15408378,0.0,False,NO_CANDIDATE,8688600.15408378,8688600.15408378,,,NO_CANDIDATE,0.0,8688600.15408378,8688600.15408378,,,,,False,NO_CANDIDATE,0.0,9470308.075283812,9470308.075283812,781707.9212000333,9531230.134121867,-0.006391835889047903
a_clean_plus_exclude_star_prev0_3_bj_risk_filter,paper,20250916,0,0,0,0,0,0,,,,,,,,,,,,False,8688600.15408378,8688600.15408378,0.0,False,NO_CANDIDATE,8688600.15408378,8688600.15408378,,,NO_CANDIDATE,0.0,8688600.15408378,8688600.15408378,,,,,False,NO_CANDIDATE,0.0,9470308.075283812,9470308.075283812,781707.9212000333,9531230.134121867,-0.006391835889047903
a_clean_plus_exclude_star_prev0_3_bj_risk_filter,paper,20250917,0,0,0,0,0,0,,,,,,,,,,,,False,8688600.15408378,8688600.15408378,0.0,False,NO_CANDIDATE,8688600.15408378,8688600.15408378,,,NO_CANDIDATE,0.0,8688600.15408378,8688600.15408378,,,,,False,NO_CANDIDATE,0.0,9470308.075283812,9470308.075283812,781707.9212000333,9531230.134121867,-0.006391835889047903
a_clean_plus_exclude_star_prev0_3_bj_risk_filter,paper,20250918,0,0,0,0,0,0,,,,,,,,,,,,False,8688600.15408378,8688600.15408378,0.0,False,NO_CANDIDATE,8688600.15408378,8688600.15408378,,,NO_CANDIDATE,0.0,8688600.15408378,8688600.15408378,,,,,False,NO_CANDIDATE,0.0,9470308.075283812,9470308.075283812,781707.9212000333,9531230.134121867,-0.006391835889047903
a_clean_plus_exclude_star_prev0_3_bj_risk_filter,paper,20250919,0,0,0,0,0,0,,,,,,,,,,,,False,8688600.15408378,8688600.15408378,0.0,False,NO_CANDIDATE,8688600.15408378,8688600.15408378,,,NO_CANDIDATE,0.0,8688600.15408378,8688600.15408378,,,,,False,NO_CANDIDATE,0.0,9470308.075283812,9470308.075283812,781707.9212000333,9531230.134121867,-0.006391835889047903
a_clean_plus_exclude_star_prev0_3_bj_risk_filter,paper,20250922,0,0,0,0,0,0,,,,,,,,,,,,False,8688600.15408378,8688600.15408378,0.0,False,NO_CANDIDATE,8688600.15408378,8688600.15408378,,,NO_CANDIDATE,0.0,8688600.15408378,8688600.15408378,,,,,False,NO_CANDIDATE,0.0,9470308.075283812,9470308.075283812,781707.9212000333,9531230.134121867,-0.006391835889047903
a_clean_plus_exclude_star_prev0_3_bj_risk_filter,paper,20250923,0,0,0,0,0,0,,,,,,,,,,,,False,8688600.15408378,8688600.15408378,0.0,False,NO_CANDIDATE,8688600.15408378,8688600.15408378,,,NO_CANDIDATE,0.0,8688600.15408378,8688600.15408378,,,,,False,NO_CANDIDATE,0.0,9470308.075283812,9470308.075283812,781707.9212000333,9531230.134121867,-0.006391835889047903
a_clean_plus_exclude_star_prev0_3_bj_risk_filter,paper,20250924,0,0,0,0,0,0,,,,,,,,,,,,False,8688600.15408378,8688600.15408378,0.0,False,NO_CANDIDATE,8688600.15408378,8688600.15408378,,,NO_CANDIDATE,0.0,8688600.15408378,8688600.15408378,,,,,False,NO_CANDIDATE,0.0,9470308.075283812,9470308.075283812,781707.9212000333,9531230.134121867,-0.006391835889047903
a_clean_plus_exclude_star_prev0_3_bj_risk_filter,paper,20250925,0,0,0,0,0,0,,,,,,,,,,,,False,8688600.15408378,8688600.15408378,0.0,False,NO_CANDIDATE,8688600.15408378,8688600.15408378,,,NO_CANDIDATE,0.0,8688600.15408378,8688600.15408378,,,,,False,NO_CANDIDATE,0.0,9470308.075283812,9470308.075283812,781707.9212000333,9531230.134121867,-0.006391835889047903
a_clean_plus_exclude_star_prev0_3_bj_risk_filter,paper,20250926,0,0,0,0,0,0,,,,,,,,,,,,False,8688600.15408378,8688600.15408378,0.0,False,NO_CANDIDATE,8688600.15408378,8688600.15408378,,,NO_CANDIDATE,0.0,8688600.15408378,8688600.15408378,,,,,False,NO_CANDIDATE,0.0,9470308.075283812,9470308.075283812,781707.9212000333,9531230.134121867,-0.006391835889047903
a_clean_plus_exclude_star_prev0_3_bj_risk_filter,paper,20250929,0,0,0,0,0,0,,,,,,,,,,,,False,8688600.15408378,8688600.15408378,0.0,False,NO_CANDIDATE,8688600.15408378,8688600.15408378,,,NO_CANDIDATE,0.0,8688600.15408378,8688600.15408378,,,,,False,NO_CANDIDATE,0.0,9470308.075283812,9470308.075283812,781707.9212000333,9531230.134121867,-0.006391835889047903
a_clean_plus_exclude_star_prev0_3_bj_risk_filter,paper,20250930,0,0,0,0,0,0,,,,,,,,,,,,False,8688600.15408378,8688600.15408378,0.0,False,NO_CANDIDATE,8688600.15408378,8688600.15408378,,,NO_CANDIDATE,0.0,8688600.15408378,8688600.15408378,,,,,False,NO_CANDIDATE,0.0,9470308.075283812,9470308.075283812,781707.9212000333,9531230.134121867,-0.006391835889047903
a_clean_plus_exclude_star_prev0_3_bj_risk_filter,paper,20251009,0,0,0,0,0,0,,,,,,,,,,,,False,8688600.15408378,8688600.15408378,0.0,False,NO_CANDIDATE,8688600.15408378,8688600.15408378,,,NO_CANDIDATE,0.0,8688600.15408378,8688600.15408378,,,,,False,NO_CANDIDATE,0.0,9470308.075283812,9470308.075283812,781707.9212000333,9531230.134121867,-0.006391835889047903
a_clean_plus_exclude_star_prev0_3_bj_risk_filter,paper,20251010,1,1,1,2,1,0,300260.SZ,新莱应材,无,0.0,0.0,0.0,False,,False,NOT_REQUIRED,,True,8688600.15408378,10340678.80996174,0.1901432482310118,False,CLOSED_BY_HISTORICAL_SIM,8688600.15408378,10340678.80996174,,,CLOSED_BY_HISTORICAL_SIM,0.1901432482310118,8688600.15408378,10340678.80996174,,,,,False,CLOSED_BY_HISTORICAL_SIM,0.1901432482310118,9470308.075283812,11271023.214466657,930344.4045049176,11271023.214466657,0.0
a_clean_plus_exclude_star_prev0_3_bj_risk_filter,paper,20251013,0,0,0,0,0,0,,,,,,,,,,,,False,10340678.80996174,10340678.80996174,0.0,False,NO_CANDIDATE,10340678.80996174,10340678.80996174,,,NO_CANDIDATE,0.0,10340678.80996174,10340678.80996174,,,,,False,NO_CANDIDATE,0.0,11271023.214466657,11271023.214466657,930344.4045049176,11271023.214466657,0.0
a_clean_plus_exclude_star_prev0_3_bj_risk_filter,paper,20251014,1,1,1,2,1,0,301323.SZ,新莱福,无,0.0,0.0,0.0,False,,False,NOT_REQUIRED,,True,10340678.80996174,9602264.252679924,-0.0714087122182405,False,CLOSED_BY_HISTORICAL_SIM,10340678.80996174,9602264.252679924,,,CLOSED_BY_HISTORICAL_SIM,-0.0714087122182405,10340678.80996174,9602264.252679924,,,,,False,CLOSED_BY_HISTORICAL_SIM,-0.0714087122182405,11271023.214466657,10466173.9613397,863909.7086597756,11271023.214466657,-0.07140871221824052
a_clean_plus_exclude_star_prev0_3_bj_risk_filter,paper,20251015,0,0,0,0,0,0,,,,,,,,,,,,False,9602264.252679924,9602264.252679924,0.0,False,NO_CANDIDATE,9602264.252679924,9602264.252679924,,,NO_CANDIDATE,0.0,9602264.252679924,9602264.252679924,,,,,False,NO_CANDIDATE,0.0,10466173.9613397,10466173.9613397,863909.7086597756,11271023.214466657,-0.07140871221824052
a_clean_plus_exclude_star_prev0_3_bj_risk_filter,paper,20251016,0,0,0,0,0,0,,,,,,,,,,,,False,9602264.252679924,9602264.252679924,0.0,False,NO_CANDIDATE,9602264.252679924,9602264.252679924,,,NO_CANDIDATE,0.0,9602264.252679924,9602264.252679924,,,,,False,NO_CANDIDATE,0.0,10466173.9613397,10466173.9613397,863909.7086597756,11271023.214466657,-0.07140871221824052
a_clean_plus_exclude_star_prev0_3_bj_risk_filter,paper,20251017,1,1,1,2,1,0,300300.SZ,海峡创新,无,0.0,0.0,0.0,False,,False,NOT_REQUIRED,,True,9602264.252679924,9915599.026960954,0.0326313425704338,False,CLOSED_BY_HISTORICAL_SIM,9602264.252679924,9915599.026960954,,,CLOSED_BY_HISTORICAL_SIM,0.0326313425704338,9602264.252679924,9915599.026960954,,,,,False,CLOSED_BY_HISTORICAL_SIM,0.0326313425704338,10466173.9613397,10807699.26927393,892100.2423129752,11271023.214466657,-0.041107531798713626
a_clean_plus_exclude_star_prev0_3_bj_risk_filter,paper,20251020,0,0,0,0,0,0,,,,,,,,,,,,False,9915599.026960954,9915599.026960954,0.0,False,NO_CANDIDATE,9915599.026960954,9915599.026960954,,,NO_CANDIDATE,0.0,9915599.026960954,9915599.026960954,,,,,False,NO_CANDIDATE,0.0,10807699.26927393,10807699.26927393,892100.2423129752,11271023.214466657,-0.041107531798713626
a_clean_plus_exclude_star_prev0_3_bj_risk_filter,paper,20251021,1,1,1,2,1,0,301231.SZ,荣信文化,无,0.0,0.0,0.0,False,,False,NOT_REQUIRED,,True,9915599.026960954,11167834.263763478,0.1262894186622149,False,CLOSED_BY_HISTORICAL_SIM,9915599.026960954,11167834.263763478,,,CLOSED_BY_HISTORICAL_SIM,0.1262894186622149,9915599.026960954,11167834.263763478,,,,,False,CLOSED_BY_HISTORICAL_SIM,0.1262894186622149,10807699.26927393,12172597.32706658,1004763.0633031018,12172597.32706658,0.0
a_clean_plus_exclude_star_prev0_3_bj_risk_filter,paper,20251022,0,0,0,0,0,0,,,,,,,,,,,,False,11167834.263763478,11167834.263763478,0.0,False,NO_CANDIDATE,11167834.263763478,11167834.263763478,,,NO_CANDIDATE,0.0,11167834.263763478,11167834.263763478,,,,,False,NO_CANDIDATE,0.0,12172597.32706658,12172597.32706658,1004763.0633031018,12172597.32706658,0.0
a_clean_plus_exclude_star_prev0_3_bj_risk_filter,paper,20251023,0,0,0,0,0,0,,,,,,,,,,,,False,11167834.263763478,11167834.263763478,0.0,False,NO_CANDIDATE,11167834.263763478,11167834.263763478,,,NO_CANDIDATE,0.0,11167834.263763478,11167834.263763478,,,,,False,NO_CANDIDATE,0.0,12172597.32706658,12172597.32706658,1004763.0633031018,12172597.32706658,0.0
a_clean_plus_exclude_star_prev0_3_bj_risk_filter,paper,20251024,0,0,0,0,0,0,,,,,,,,,,,,False,11167834.263763478,11167834.263763478,0.0,False,NO_CANDIDATE,11167834.263763478,11167834.263763478,,,NO_CANDIDATE,0.0,11167834.263763478,11167834.263763478,,,,,False,NO_CANDIDATE,0.0,12172597.32706658,12172597.32706658,1004763.0633031018,12172597.32706658,0.0
a_clean_plus_exclude_star_prev0_3_bj_risk_filter,paper,20251027,0,0,0,0,0,0,,,,,,,,,,,,False,11167834.263763478,11167834.263763478,0.0,False,NO_CANDIDATE,11167834.263763478,11167834.263763478,,,NO_CANDIDATE,0.0,11167834.263763478,11167834.263763478,,,,,False,NO_CANDIDATE,0.0,12172597.32706658,12172597.32706658,1004763.0633031018,12172597.32706658,0.0
a_clean_plus_exclude_star_prev0_3_bj_risk_filter,paper,20251028,1,1,1,2,1,0,920748.BJ,路桥信息,LOSS_OVERLAY_WATCH,1.0,1.0,1.0,True,920748.BJ 路桥信息,True,PENDING_MANUAL_REVIEW,选中标的命中 LOSS_OVERLAY_WATCH，进入模拟买入观察前需要人工复核。,True,11167834.263763478,10859514.84855413,-0.0276078072012366,False,CLOSED_BY_HISTORICAL_SIM,11167834.263763478,10859514.84855413,,,CLOSED_BY_HISTORICAL_SIM,-0.0276078072012366,11167834.263763478,10859514.84855413,PENDING,PENDING,命中 LOSS_OVERLAY_WATCH，历史参考收益为负，建议保留人工复核。,nan,False,CLOSED_BY_HISTORICAL_SIM,-0.0276078072012366,12172597.32706658,11836538.606922638,977023.758368507,12172597.32706658,-0.027607807201236567
a_clean_plus_exclude_star_prev0_3_bj_risk_filter,paper,20251029,0,0,0,0,0,0,,,,,,,,,,,,False,10859514.84855413,10859514.84855413,0.0,False,NO_CANDIDATE,10859514.84855413,10859514.84855413,,,NO_CANDIDATE,0.0,10859514.84855413,10859514.84855413,,,,,False,NO_CANDIDATE,0.0,11836538.606922638,11836538.606922638,977023.758368507,12172597.32706658,-0.027607807201236567
a_clean_plus_exclude_star_prev0_3_bj_risk_filter,paper,20251030,0,0,0,0,0,0,,,,,,,,,,,,False,10859514.84855413,10859514.84855413,0.0,False,NO_CANDIDATE,10859514.84855413,10859514.84855413,,,NO_CANDIDATE,0.0,10859514.84855413,10859514.84855413,,,,,False,NO_CANDIDATE,0.0,11836538.606922638,11836538.606922638,977023.758368507,12172597.32706658,-0.027607807201236567
a_clean_plus_exclude_star_prev0_3_bj_risk_filter,paper,20251031,1,1,1,2,1,0,300204.SZ,舒泰神,无,0.0,0.0,0.0,False,,False,NOT_REQUIRED,,True,10859514.84855413,10405408.168287223,-0.0418164795204794,False,CLOSED_BY_HISTORICAL_SIM,10859514.84855413,10405408.168287223,,,CLOSED_BY_HISTORICAL_SIM,-0.0418164795204794,10859514.84855413,10405408.168287223,,,,,False,CLOSED_BY_HISTORICAL_SIM,-0.0418164795204794,11836538.606922638,11341576.232672893,936168.0643856693,12172597.32706658,-0.06826982541728022
a_clean_plus_exclude_star_prev0_3_bj_risk_filter,paper,20251103,1,0,0,0,0,0,300455.SZ,航天智装,,,,,,,,,,False,10405408.168287223,10405408.168287223,0.0,False,POSITION_OCCUPIED_SKIP,10405408.168287223,10405408.168287223,300204.SZ 舒泰神,20251104.0,POSITION_OCCUPIED_SKIP,0.0,10405408.168287223,10405408.168287223,,,,,False,POSITION_OCCUPIED_SKIP,0.0,11341576.232672893,11341576.232672893,936168.0643856693,12172597.32706658,-0.06826982541728022
a_clean_plus_exclude_star_prev0_3_bj_risk_filter,paper,20251104,1,1,1,2,1,0,300402.SZ,宝色股份,无,0.0,0.0,0.0,False,,False,NOT_REQUIRED,,True,10405408.168287223,10414855.75755414,0.0009079498962577,False,CLOSED_BY_HISTORICAL_SIM,10405408.168287223,10414855.75755414,,,CLOSED_BY_HISTORICAL_SIM,0.0009079498962577,10405408.168287223,10414855.75755414,,,,,False,CLOSED_BY_HISTORICAL_SIM,0.0009079498962577,11341576.232672893,11351873.815636747,937018.0580826066,12172597.32706658,-0.06742386110192766
a_clean_plus_exclude_star_prev0_3_bj_risk_filter,paper,20251105,0,0,0,0,0,0,,,,,,,,,,,,False,10414855.75755414,10414855.75755414,0.0,False,NO_CANDIDATE,10414855.75755414,10414855.75755414,,,NO_CANDIDATE,0.0,10414855.75755414,10414855.75755414,,,,,False,NO_CANDIDATE,0.0,11351873.815636747,11351873.815636747,937018.0580826066,12172597.32706658,-0.06742386110192766
a_clean_plus_exclude_star_prev0_3_bj_risk_filter,paper,20251106,1,1,1,2,1,0,300437.SZ,清水源,无,0.0,0.0,0.0,False,,False,NOT_REQUIRED,,True,10414855.75755414,14077480.864248857,0.3516731476610349,False,CLOSED_BY_HISTORICAL_SIM,10414855.75755414,14077480.864248857,,,CLOSED_BY_HISTORICAL_SIM,0.3516731476610349,10414855.75755414,14077480.864248857,,,,,False,CLOSED_BY_HISTORICAL_SIM,0.3516731476610349,11351873.815636747,15344023.012232604,1266542.1479837466,15344023.012232604,0.0
a_clean_plus_exclude_star_prev0_3_bj_risk_filter,paper,20251107,2,0,0,0,0,0,300102.SZ,乾照光电,,,,,,,,,,False,14077480.864248857,14077480.864248857,0.0,False,POSITION_OCCUPIED_SKIP,14077480.864248857,14077480.864248857,300437.SZ 清水源,20251110.0,POSITION_OCCUPIED_SKIP,0.0,14077480.864248857,14077480.864248857,,,,,False,POSITION_OCCUPIED_SKIP,0.0,15344023.012232604,15344023.012232604,1266542.1479837466,15344023.012232604,0.0
a_clean_plus_exclude_star_prev0_3_bj_risk_filter,paper,20251110,1,1,1,2,1,0,300997.SZ,欢乐家,无,0.0,0.0,0.0,False,,False,NOT_REQUIRED,,True,14077480.864248857,15847995.739096723,0.1257692972145509,False,CLOSED_BY_HISTORICAL_SIM,14077480.864248857,15847995.739096723,,,CLOSED_BY_HISTORICAL_SIM,0.1257692972145509,14077480.864248857,15847995.739096723,,,,,False,CLOSED_BY_HISTORICAL_SIM,0.1257692972145509,15344023.012232604,17273830.002924997,1425834.2638282739,17273830.002924997,0.0
a_clean_plus_exclude_star_prev0_3_bj_risk_filter,paper,20251111,0,0,0,0,0,0,,,,,,,,,,,,False,15847995.739096723,15847995.739096723,0.0,False,NO_CANDIDATE,15847995.739096723,15847995.739096723,,,NO_CANDIDATE,0.0,15847995.739096723,15847995.739096723,,,,,False,NO_CANDIDATE,0.0,17273830.002924997,17273830.002924997,1425834.2638282739,17273830.002924997,0.0
a_clean_plus_exclude_star_prev0_3_bj_risk_filter,paper,20251112,0,0,0,0,0,0,,,,,,,,,,,,False,15847995.739096723,15847995.739096723,0.0,False,NO_CANDIDATE,15847995.739096723,15847995.739096723,,,NO_CANDIDATE,0.0,15847995.739096723,15847995.739096723,,,,,False,NO_CANDIDATE,0.0,17273830.002924997,17273830.002924997,1425834.2638282739,17273830.002924997,0.0
a_clean_plus_exclude_star_prev0_3_bj_risk_filter,paper,20251113,0,0,0,0,0,0,,,,,,,,,,,,False,15847995.739096723,15847995.739096723,0.0,False,NO_CANDIDATE,15847995.739096723,15847995.739096723,,,NO_CANDIDATE,0.0,15847995.739096723,15847995.739096723,,,,,False,NO_CANDIDATE,0.0,17273830.002924997,17273830.002924997,1425834.2638282739,17273830.002924997,0.0
a_clean_plus_exclude_star_prev0_3_bj_risk_filter,paper,20251114,0,0,0,0,0,0,,,,,,,,,,,,False,15847995.739096723,15847995.739096723,0.0,False,NO_CANDIDATE,15847995.739096723,15847995.739096723,,,NO_CANDIDATE,0.0,15847995.739096723,15847995.739096723,,,,,False,NO_CANDIDATE,0.0,17273830.002924997,17273830.002924997,1425834.2638282739,17273830.002924997,0.0
a_clean_plus_exclude_star_prev0_3_bj_risk_filter,paper,20251117,0,0,0,0,0,0,,,,,,,,,,,,False,15847995.739096723,15847995.739096723,0.0,False,NO_CANDIDATE,15847995.739096723,15847995.739096723,,,NO_CANDIDATE,0.0,15847995.739096723,15847995.739096723,,,,,False,NO_CANDIDATE,0.0,17273830.002924997,17273830.002924997,1425834.2638282739,17273830.002924997,0.0
a_clean_plus_exclude_star_prev0_3_bj_risk_filter,paper,20251118,0,0,0,0,0,0,,,,,,,,,,,,False,15847995.739096723,15847995.739096723,0.0,False,NO_CANDIDATE,15847995.739096723,15847995.739096723,,,NO_CANDIDATE,0.0,15847995.739096723,15847995.739096723,,,,,False,NO_CANDIDATE,0.0,17273830.002924997,17273830.002924997,1425834.2638282739,17273830.002924997,0.0
a_clean_plus_exclude_star_prev0_3_bj_risk_filter,paper,20251119,0,0,0,0,0,0,,,,,,,,,,,,False,15847995.739096723,15847995.739096723,0.0,False,NO_CANDIDATE,15847995.739096723,15847995.739096723,,,NO_CANDIDATE,0.0,15847995.739096723,15847995.739096723,,,,,False,NO_CANDIDATE,0.0,17273830.002924997,17273830.002924997,1425834.2638282739,17273830.002924997,0.0
a_clean_plus_exclude_star_prev0_3_bj_risk_filter,paper,20251120,1,1,1,2,1,0,301092.SZ,争光股份,无,0.0,0.0,0.0,False,,False,NOT_REQUIRED,,True,15847995.739096723,15047440.836661972,-0.0505145833968012,False,CLOSED_BY_HISTORICAL_SIM,15847995.739096723,15047440.836661972,,,CLOSED_BY_HISTORICAL_SIM,-0.0505145833968012,15847995.739096723,15047440.836661972,,,,,False,CLOSED_BY_HISTORICAL_SIM,-0.0505145833968012,17273830.002924997,16401249.676660078,1353808.8399981055,17273830.002924997,-0.05051458339680115
a_clean_plus_exclude_star_prev0_3_bj_risk_filter,paper,20251121,1,0,0,0,0,0,301171.SZ,易点天下,,,,,,,,,,False,15047440.836661972,15047440.836661972,0.0,False,POSITION_OCCUPIED_SKIP,15047440.836661972,15047440.836661972,301092.SZ 争光股份,20251124.0,POSITION_OCCUPIED_SKIP,0.0,15047440.836661972,15047440.836661972,,,,,False,POSITION_OCCUPIED_SKIP,0.0,16401249.676660078,16401249.676660078,1353808.8399981055,17273830.002924997,-0.05051458339680115
a_clean_plus_exclude_star_prev0_3_bj_risk_filter,paper,20251124,0,0,0,0,0,0,,,,,,,,,,,,False,15047440.836661972,15047440.836661972,0.0,False,NO_CANDIDATE,15047440.836661972,15047440.836661972,,,NO_CANDIDATE,0.0,15047440.836661972,15047440.836661972,,,,,False,NO_CANDIDATE,0.0,16401249.676660078,16401249.676660078,1353808.8399981055,17273830.002924997,-0.05051458339680115
a_clean_plus_exclude_star_prev0_3_bj_risk_filter,paper,20251125,1,1,1,2,1,0,301117.SZ,佳缘科技,LOSS_OVERLAY_WATCH,1.0,1.0,1.0,True,301117.SZ 佳缘科技,True,PENDING_MANUAL_REVIEW,选中标的命中 LOSS_OVERLAY_WATCH，进入模拟买入观察前需要人工复核。,True,15047440.836661972,14154901.314009275,-0.0593150378420555,False,CLOSED_BY_HISTORICAL_SIM,15047440.836661972,14154901.314009275,,,CLOSED_BY_HISTORICAL_SIM,-0.0593150378420555,15047440.836661972,14154901.314009275,PENDING,PENDING,命中 LOSS_OVERLAY_WATCH，历史参考亏损在 -5% 到 -8% 区间，建议重点复核。,nan,False,CLOSED_BY_HISTORICAL_SIM,-0.0593150378420555,16401249.676660078,15428408.931431985,1273507.6174227092,17273830.002924997,-0.10683334681309964
a_clean_plus_exclude_star_prev0_3_bj_risk_filter,paper,20251126,0,0,0,0,0,0,,,,,,,,,,,,False,14154901.314009275,14154901.314009275,0.0,False,NO_CANDIDATE,14154901.314009275,14154901.314009275,,,NO_CANDIDATE,0.0,14154901.314009275,14154901.314009275,,,,,False,NO_CANDIDATE,0.0,15428408.931431985,15428408.931431985,1273507.6174227092,17273830.002924997,-0.10683334681309964
a_clean_plus_exclude_star_prev0_3_bj_risk_filter,paper,20251127,0,0,0,0,0,0,,,,,,,,,,,,False,14154901.314009275,14154901.314009275,0.0,False,NO_CANDIDATE,14154901.314009275,14154901.314009275,,,NO_CANDIDATE,0.0,14154901.314009275,14154901.314009275,,,,,False,NO_CANDIDATE,0.0,15428408.931431985,15428408.931431985,1273507.6174227092,17273830.002924997,-0.10683334681309964
a_clean_plus_exclude_star_prev0_3_bj_risk_filter,paper,20251128,0,0,0,0,0,0,,,,,,,,,,,,False,14154901.314009275,14154901.314009275,0.0,False,NO_CANDIDATE,14154901.314009275,14154901.314009275,,,NO_CANDIDATE,0.0,14154901.314009275,14154901.314009275,,,,,False,NO_CANDIDATE,0.0,15428408.931431985,15428408.931431985,1273507.6174227092,17273830.002924997,-0.10683334681309964
a_clean_plus_exclude_star_prev0_3_bj_risk_filter,paper,20251201,0,0,0,0,0,0,,,,,,,,,,,,False,14154901.314009275,14154901.314009275,0.0,False,NO_CANDIDATE,14154901.314009275,14154901.314009275,,,NO_CANDIDATE,0.0,14154901.314009275,14154901.314009275,,,,,False,NO_CANDIDATE,0.0,15428408.931431985,15428408.931431985,1273507.6174227092,17273830.002924997,-0.10683334681309964
a_clean_plus_exclude_star_prev0_3_bj_risk_filter,paper,20251202,0,0,0,0,0,0,,,,,,,,,,,,False,14154901.314009275,14154901.314009275,0.0,False,NO_CANDIDATE,14154901.314009275,14154901.314009275,,,NO_CANDIDATE,0.0,14154901.314009275,14154901.314009275,,,,,False,NO_CANDIDATE,0.0,15428408.931431985,15428408.931431985,1273507.6174227092,17273830.002924997,-0.10683334681309964
a_clean_plus_exclude_star_prev0_3_bj_risk_filter,paper,20251203,0,0,0,0,0,0,,,,,,,,,,,,False,14154901.314009275,14154901.314009275,0.0,False,NO_CANDIDATE,14154901.314009275,14154901.314009275,,,NO_CANDIDATE,0.0,14154901.314009275,14154901.314009275,,,,,False,NO_CANDIDATE,0.0,15428408.931431985,15428408.931431985,1273507.6174227092,17273830.002924997,-0.10683334681309964
a_clean_plus_exclude_star_prev0_3_bj_risk_filter,paper,20251204,1,1,1,2,1,0,300946.SZ,恒而达,无,0.0,0.0,0.0,False,,False,NOT_REQUIRED,,True,14154901.314009275,14567869.846436018,0.0291749495998269,False,CLOSED_BY_HISTORICAL_SIM,14154901.314009275,14567869.846436018,,,CLOSED_BY_HISTORICAL_SIM,0.0291749495998269,14154901.314009275,14567869.846436018,,,,,False,CLOSED_BY_HISTORICAL_SIM,0.0291749495998269,15428408.931431985,15878531.984412031,1310662.1379760131,17273830.002924997,-0.08077525472212588
a_clean_plus_exclude_star_prev0_3_bj_risk_filter,paper,20251205,0,0,0,0,0,0,,,,,,,,,,,,False,14567869.846436018,14567869.846436018,0.0,False,NO_CANDIDATE,14567869.846436018,14567869.846436018,,,NO_CANDIDATE,0.0,14567869.846436018,14567869.846436018,,,,,False,NO_CANDIDATE,0.0,15878531.984412031,15878531.984412031,1310662.1379760131,17273830.002924997,-0.08077525472212588
a_clean_plus_exclude_star_prev0_3_bj_risk_filter,paper,20251208,0,0,0,0,0,0,,,,,,,,,,,,False,14567869.846436018,14567869.846436018,0.0,False,NO_CANDIDATE,14567869.846436018,14567869.846436018,,,NO_CANDIDATE,0.0,14567869.846436018,14567869.846436018,,,,,False,NO_CANDIDATE,0.0,15878531.984412031,15878531.984412031,1310662.1379760131,17273830.002924997,-0.08077525472212588
a_clean_plus_exclude_star_prev0_3_bj_risk_filter,paper,20251209,0,0,0,0,0,0,,,,,,,,,,,,False,14567869.846436018,14567869.846436018,0.0,False,NO_CANDIDATE,14567869.846436018,14567869.846436018,,,NO_CANDIDATE,0.0,14567869.846436018,14567869.846436018,,,,,False,NO_CANDIDATE,0.0,15878531.984412031,15878531.984412031,1310662.1379760131,17273830.002924997,-0.08077525472212588
a_clean_plus_exclude_star_prev0_3_bj_risk_filter,paper,20251210,0,0,0,0,0,0,,,,,,,,,,,,False,14567869.846436018,14567869.846436018,0.0,False,NO_CANDIDATE,14567869.846436018,14567869.846436018,,,NO_CANDIDATE,0.0,14567869.846436018,14567869.846436018,,,,,False,NO_CANDIDATE,0.0,15878531.984412031,15878531.984412031,1310662.1379760131,17273830.002924997,-0.08077525472212588
a_clean_plus_exclude_star_prev0_3_bj_risk_filter,paper,20251211,0,0,0,0,0,0,,,,,,,,,,,,False,14567869.846436018,14567869.846436018,0.0,False,NO_CANDIDATE,14567869.846436018,14567869.846436018,,,NO_CANDIDATE,0.0,14567869.846436018,14567869.846436018,,,,,False,NO_CANDIDATE,0.0,15878531.984412031,15878531.984412031,1310662.1379760131,17273830.002924997,-0.08077525472212588
a_clean_plus_exclude_star_prev0_3_bj_risk_filter,paper,20251212,1,1,1,2,1,0,920576.BJ,天力复合,无,0.0,0.0,0.0,False,,False,NOT_REQUIRED,,True,14567869.846436018,17209219.52917081,0.181313377355646,False,CLOSED_BY_HISTORICAL_SIM,14567869.846436018,17209219.52917081,,,CLOSED_BY_HISTORICAL_SIM,0.181313377355646,14567869.846436018,17209219.52917081,,,,,False,CLOSED_BY_HISTORICAL_SIM,0.181313377355646,15878531.984412031,18757522.245955426,1548302.716784615,18757522.245955426,0.0
a_clean_plus_exclude_star_prev0_3_bj_risk_filter,paper,20251215,2,0,0,0,0,0,920665.BJ,科强股份,,,,,,,,,,False,17209219.52917081,17209219.52917081,0.0,False,POSITION_OCCUPIED_SKIP,17209219.52917081,17209219.52917081,920576.BJ 天力复合,20251216.0,POSITION_OCCUPIED_SKIP,0.0,17209219.52917081,17209219.52917081,,,,,False,POSITION_OCCUPIED_SKIP,0.0,18757522.245955426,18757522.245955426,1548302.716784615,18757522.245955426,0.0
a_clean_plus_exclude_star_prev0_3_bj_risk_filter,paper,20251216,0,0,0,0,0,0,,,,,,,,,,,,False,17209219.52917081,17209219.52917081,0.0,False,NO_CANDIDATE,17209219.52917081,17209219.52917081,,,NO_CANDIDATE,0.0,17209219.52917081,17209219.52917081,,,,,False,NO_CANDIDATE,0.0,18757522.245955426,18757522.245955426,1548302.716784615,18757522.245955426,0.0
a_clean_plus_exclude_star_prev0_3_bj_risk_filter,paper,20251217,0,0,0,0,0,0,,,,,,,,,,,,False,17209219.52917081,17209219.52917081,0.0,False,NO_CANDIDATE,17209219.52917081,17209219.52917081,,,NO_CANDIDATE,0.0,17209219.52917081,17209219.52917081,,,,,False,NO_CANDIDATE,0.0,18757522.245955426,18757522.245955426,1548302.716784615,18757522.245955426,0.0
a_clean_plus_exclude_star_prev0_3_bj_risk_filter,paper,20251218,0,0,0,0,0,0,,,,,,,,,,,,False,17209219.52917081,17209219.52917081,0.0,False,NO_CANDIDATE,17209219.52917081,17209219.52917081,,,NO_CANDIDATE,0.0,17209219.52917081,17209219.52917081,,,,,False,NO_CANDIDATE,0.0,18757522.245955426,18757522.245955426,1548302.716784615,18757522.245955426,0.0
a_clean_plus_exclude_star_prev0_3_bj_risk_filter,paper,20251219,2,1,1,2,1,0,300557.SZ,理工光科,LOSS_OVERLAY_WATCH,1.0,1.0,1.0,True,300557.SZ 理工光科,True,PENDING_MANUAL_REVIEW,选中标的命中 LOSS_OVERLAY_WATCH，进入模拟买入观察前需要人工复核。,True,17209219.52917081,15363355.87351056,-0.1072601608998818,False,CLOSED_BY_HISTORICAL_SIM,17209219.52917081,15363355.87351056,,,CLOSED_BY_HISTORICAL_SIM,-0.1072601608998818,17209219.52917081,15363355.87351056,REJECTED,REJECTED,命中 LOSS_OVERLAY_WATCH，且历史参考亏损不高于 -8%，建议跳过模拟观察。,命中 LOSS_OVERLAY_WATCH，且历史参考亏损不高于 -8%，建议跳过模拟观察。,True,MANUAL_REJECTED_SKIP,0.0,18757522.245955426,18757522.245955426,3394166.372444866,18757522.245955426,0.0
a_clean_plus_exclude_star_prev0_3_bj_risk_filter,paper,20251222,0,0,0,0,0,0,,,,,,,,,,,,False,15363355.87351056,15363355.87351056,0.0,False,NO_CANDIDATE,15363355.87351056,15363355.87351056,,,NO_CANDIDATE,0.0,15363355.87351056,15363355.87351056,,,,,False,NO_CANDIDATE,0.0,18757522.245955426,18757522.245955426,3394166.372444866,18757522.245955426,0.0
a_clean_plus_exclude_star_prev0_3_bj_risk_filter,paper,20251223,0,0,0,0,0,0,,,,,,,,,,,,False,15363355.87351056,15363355.87351056,0.0,False,NO_CANDIDATE,15363355.87351056,15363355.87351056,,,NO_CANDIDATE,0.0,15363355.87351056,15363355.87351056,,,,,False,NO_CANDIDATE,0.0,18757522.245955426,18757522.245955426,3394166.372444866,18757522.245955426,0.0
a_clean_plus_exclude_star_prev0_3_bj_risk_filter,paper,20251224,0,0,0,0,0,0,,,,,,,,,,,,False,15363355.87351056,15363355.87351056,0.0,False,NO_CANDIDATE,15363355.87351056,15363355.87351056,,,NO_CANDIDATE,0.0,15363355.87351056,15363355.87351056,,,,,False,NO_CANDIDATE,0.0,18757522.245955426,18757522.245955426,3394166.372444866,18757522.245955426,0.0
a_clean_plus_exclude_star_prev0_3_bj_risk_filter,paper,20251225,0,0,0,0,0,0,,,,,,,,,,,,False,15363355.87351056,15363355.87351056,0.0,False,NO_CANDIDATE,15363355.87351056,15363355.87351056,,,NO_CANDIDATE,0.0,15363355.87351056,15363355.87351056,,,,,False,NO_CANDIDATE,0.0,18757522.245955426,18757522.245955426,3394166.372444866,18757522.245955426,0.0
a_clean_plus_exclude_star_prev0_3_bj_risk_filter,paper,20251226,0,0,0,0,0,0,,,,,,,,,,,,False,15363355.87351056,15363355.87351056,0.0,False,NO_CANDIDATE,15363355.87351056,15363355.87351056,,,NO_CANDIDATE,0.0,15363355.87351056,15363355.87351056,,,,,False,NO_CANDIDATE,0.0,18757522.245955426,18757522.245955426,3394166.372444866,18757522.245955426,0.0
a_clean_plus_exclude_star_prev0_3_bj_risk_filter,paper,20251229,0,0,0,0,0,0,,,,,,,,,,,,False,15363355.87351056,15363355.87351056,0.0,False,NO_CANDIDATE,15363355.87351056,15363355.87351056,,,NO_CANDIDATE,0.0,15363355.87351056,15363355.87351056,,,,,False,NO_CANDIDATE,0.0,18757522.245955426,18757522.245955426,3394166.372444866,18757522.245955426,0.0
a_clean_plus_exclude_star_prev0_3_bj_risk_filter,paper,20251230,0,0,0,0,0,0,,,,,,,,,,,,False,15363355.87351056,15363355.87351056,0.0,False,NO_CANDIDATE,15363355.87351056,15363355.87351056,,,NO_CANDIDATE,0.0,15363355.87351056,15363355.87351056,,,,,False,NO_CANDIDATE,0.0,18757522.245955426,18757522.245955426,3394166.372444866,18757522.245955426,0.0
a_clean_plus_exclude_star_prev0_3_bj_risk_filter,paper,20251231,2,1,1,2,1,0,300058.SZ,蓝色光标,无,0.0,0.0,0.0,False,,False,NOT_REQUIRED,,True,15363355.87351056,17373726.669405587,0.1308549259970799,False,CLOSED_BY_HISTORICAL_SIM,15363355.87351056,17373726.669405587,,,CLOSED_BY_HISTORICAL_SIM,0.1308549259970799,15363355.87351056,17373726.669405587,,,,,False,CLOSED_BY_HISTORICAL_SIM,0.1308549259970799,18757522.245955426,21212036.431338504,3838309.761932917,21212036.431338504,0.0
a_clean_plus_exclude_star_prev0_3_bj_risk_filter,paper,20260105,0,0,0,0,0,0,,,,,,,,,,,,False,17373726.669405587,17373726.669405587,0.0,False,NO_CANDIDATE,17373726.669405587,17373726.669405587,,,NO_CANDIDATE,0.0,17373726.669405587,17373726.669405587,,,,,False,NO_CANDIDATE,0.0,21212036.431338504,21212036.431338504,3838309.761932917,21212036.431338504,0.0
a_clean_plus_exclude_star_prev0_3_bj_risk_filter,paper,20260106,0,0,0,0,0,0,,,,,,,,,,,,False,17373726.669405587,17373726.669405587,0.0,False,NO_CANDIDATE,17373726.669405587,17373726.669405587,,,NO_CANDIDATE,0.0,17373726.669405587,17373726.669405587,,,,,False,NO_CANDIDATE,0.0,21212036.431338504,21212036.431338504,3838309.761932917,21212036.431338504,0.0
a_clean_plus_exclude_star_prev0_3_bj_risk_filter,paper,20260107,0,0,0,0,0,0,,,,,,,,,,,,False,17373726.669405587,17373726.669405587,0.0,False,NO_CANDIDATE,17373726.669405587,17373726.669405587,,,NO_CANDIDATE,0.0,17373726.669405587,17373726.669405587,,,,,False,NO_CANDIDATE,0.0,21212036.431338504,21212036.431338504,3838309.761932917,21212036.431338504,0.0
a_clean_plus_exclude_star_prev0_3_bj_risk_filter,paper,20260108,0,0,0,0,0,0,,,,,,,,,,,,False,17373726.669405587,17373726.669405587,0.0,False,NO_CANDIDATE,17373726.669405587,17373726.669405587,,,NO_CANDIDATE,0.0,17373726.669405587,17373726.669405587,,,,,False,NO_CANDIDATE,0.0,21212036.431338504,21212036.431338504,3838309.761932917,21212036.431338504,0.0
a_clean_plus_exclude_star_prev0_3_bj_risk_filter,paper,20260109,0,0,0,0,0,0,,,,,,,,,,,,False,17373726.669405587,17373726.669405587,0.0,False,NO_CANDIDATE,17373726.669405587,17373726.669405587,,,NO_CANDIDATE,0.0,17373726.669405587,17373726.669405587,,,,,False,NO_CANDIDATE,0.0,21212036.431338504,21212036.431338504,3838309.761932917,21212036.431338504,0.0
a_clean_plus_exclude_star_prev0_3_bj_risk_filter,paper,20260112,0,0,0,0,0,0,,,,,,,,,,,,False,17373726.669405587,17373726.669405587,0.0,False,NO_CANDIDATE,17373726.669405587,17373726.669405587,,,NO_CANDIDATE,0.0,17373726.669405587,17373726.669405587,,,,,False,NO_CANDIDATE,0.0,21212036.431338504,21212036.431338504,3838309.761932917,21212036.431338504,0.0
a_clean_plus_exclude_star_prev0_3_bj_risk_filter,paper,20260113,0,0,0,0,0,0,,,,,,,,,,,,False,17373726.669405587,17373726.669405587,0.0,False,NO_CANDIDATE,17373726.669405587,17373726.669405587,,,NO_CANDIDATE,0.0,17373726.669405587,17373726.669405587,,,,,False,NO_CANDIDATE,0.0,21212036.431338504,21212036.431338504,3838309.761932917,21212036.431338504,0.0
a_clean_plus_exclude_star_prev0_3_bj_risk_filter,paper,20260114,0,0,0,0,0,0,,,,,,,,,,,,False,17373726.669405587,17373726.669405587,0.0,False,NO_CANDIDATE,17373726.669405587,17373726.669405587,,,NO_CANDIDATE,0.0,17373726.669405587,17373726.669405587,,,,,False,NO_CANDIDATE,0.0,21212036.431338504,21212036.431338504,3838309.761932917,21212036.431338504,0.0
a_clean_plus_exclude_star_prev0_3_bj_risk_filter,paper,20260115,1,1,1,2,1,0,301629.SZ,矽电股份,无,0.0,0.0,0.0,False,,False,NOT_REQUIRED,,True,17373726.669405587,16785949.861014783,-0.0338313603969523,False,CLOSED_BY_HISTORICAL_SIM,17373726.669405587,16785949.861014783,,,CLOSED_BY_HISTORICAL_SIM,-0.0338313603969523,17373726.669405587,16785949.861014783,,,,,False,CLOSED_BY_HISTORICAL_SIM,-0.0338313603969523,21212036.431338504,20494404.38207661,3708454.5210618265,21212036.431338504,-0.033831360396952226
a_clean_plus_exclude_star_prev0_3_bj_risk_filter,paper,20260116,0,0,0,0,0,0,,,,,,,,,,,,False,16785949.861014783,16785949.861014783,0.0,False,NO_CANDIDATE,16785949.861014783,16785949.861014783,,,NO_CANDIDATE,0.0,16785949.861014783,16785949.861014783,,,,,False,NO_CANDIDATE,0.0,20494404.38207661,20494404.38207661,3708454.5210618265,21212036.431338504,-0.033831360396952226
a_clean_plus_exclude_star_prev0_3_bj_risk_filter,paper,20260119,2,1,1,2,1,0,300658.SZ,延江股份,无,0.0,0.0,0.0,False,,False,NOT_REQUIRED,,True,16785949.861014783,17929365.74343622,0.0681174370165976,False,CLOSED_BY_HISTORICAL_SIM,16785949.861014783,17929365.74343622,,,CLOSED_BY_HISTORICAL_SIM,0.0681174370165976,16785949.861014783,17929365.74343622,,,,,False,CLOSED_BY_HISTORICAL_SIM,0.0681174370165976,20494404.38207661,21890430.681765396,3961064.938329175,21890430.681765396,0.0
a_clean_plus_exclude_star_prev0_3_bj_risk_filter,paper,20260120,0,0,0,0,0,0,,,,,,,,,,,,False,17929365.74343622,17929365.74343622,0.0,False,NO_CANDIDATE,17929365.74343622,17929365.74343622,,,NO_CANDIDATE,0.0,17929365.74343622,17929365.74343622,,,,,False,NO_CANDIDATE,0.0,21890430.681765396,21890430.681765396,3961064.938329175,21890430.681765396,0.0
a_clean_plus_exclude_star_prev0_3_bj_risk_filter,paper,20260121,0,0,0,0,0,0,,,,,,,,,,,,False,17929365.74343622,17929365.74343622,0.0,False,NO_CANDIDATE,17929365.74343622,17929365.74343622,,,NO_CANDIDATE,0.0,17929365.74343622,17929365.74343622,,,,,False,NO_CANDIDATE,0.0,21890430.681765396,21890430.681765396,3961064.938329175,21890430.681765396,0.0
a_clean_plus_exclude_star_prev0_3_bj_risk_filter,paper,20260122,0,0,0,0,0,0,,,,,,,,,,,,False,17929365.74343622,17929365.74343622,0.0,False,NO_CANDIDATE,17929365.74343622,17929365.74343622,,,NO_CANDIDATE,0.0,17929365.74343622,17929365.74343622,,,,,False,NO_CANDIDATE,0.0,21890430.681765396,21890430.681765396,3961064.938329175,21890430.681765396,0.0
a_clean_plus_exclude_star_prev0_3_bj_risk_filter,paper,20260123,1,1,1,2,1,0,920368.BJ,连城数控,无,0.0,0.0,0.0,False,,False,NOT_REQUIRED,,True,17929365.74343622,19772016.60324342,0.1027727855059111,False,CLOSED_BY_HISTORICAL_SIM,17929365.74343622,19772016.60324342,,,CLOSED_BY_HISTORICAL_SIM,0.1027727855059111,17929365.74343622,19772016.60324342,,,,,False,CLOSED_BY_HISTORICAL_SIM,0.1027727855059111,21890430.681765396,24140171.218854487,4368154.615611065,24140171.218854487,0.0
a_clean_plus_exclude_star_prev0_3_bj_risk_filter,paper,20260126,0,0,0,0,0,0,,,,,,,,,,,,False,19772016.60324342,19772016.60324342,0.0,False,NO_CANDIDATE,19772016.60324342,19772016.60324342,,,NO_CANDIDATE,0.0,19772016.60324342,19772016.60324342,,,,,False,NO_CANDIDATE,0.0,24140171.218854487,24140171.218854487,4368154.615611065,24140171.218854487,0.0
a_clean_plus_exclude_star_prev0_3_bj_risk_filter,paper,20260127,0,0,0,0,0,0,,,,,,,,,,,,False,19772016.60324342,19772016.60324342,0.0,False,NO_CANDIDATE,19772016.60324342,19772016.60324342,,,NO_CANDIDATE,0.0,19772016.60324342,19772016.60324342,,,,,False,NO_CANDIDATE,0.0,24140171.218854487,24140171.218854487,4368154.615611065,24140171.218854487,0.0
a_clean_plus_exclude_star_prev0_3_bj_risk_filter,paper,20260128,3,1,1,2,1,0,300164.SZ,通源石油,无,0.0,0.0,0.0,False,,False,NOT_REQUIRED,,True,19772016.60324342,20677032.857668284,0.0457725821591917,False,CLOSED_BY_HISTORICAL_SIM,19772016.60324342,20677032.857668284,,,CLOSED_BY_HISTORICAL_SIM,0.0457725821591917,19772016.60324342,20677032.857668284,,,,,False,CLOSED_BY_HISTORICAL_SIM,0.0457725821591917,24140171.218854487,25245129.189306457,4568096.331638172,25245129.189306457,0.0
a_clean_plus_exclude_star_prev0_3_bj_risk_filter,paper,20260129,0,0,0,0,0,0,,,,,,,,,,,,False,20677032.857668284,20677032.857668284,0.0,False,NO_CANDIDATE,20677032.857668284,20677032.857668284,,,NO_CANDIDATE,0.0,20677032.857668284,20677032.857668284,,,,,False,NO_CANDIDATE,0.0,25245129.189306457,25245129.189306457,4568096.331638172,25245129.189306457,0.0
a_clean_plus_exclude_star_prev0_3_bj_risk_filter,paper,20260130,0,0,0,0,0,0,,,,,,,,,,,,False,20677032.857668284,20677032.857668284,0.0,False,NO_CANDIDATE,20677032.857668284,20677032.857668284,,,NO_CANDIDATE,0.0,20677032.857668284,20677032.857668284,,,,,False,NO_CANDIDATE,0.0,25245129.189306457,25245129.189306457,4568096.331638172,25245129.189306457,0.0
a_clean_plus_exclude_star_prev0_3_bj_risk_filter,paper,20260202,0,0,0,0,0,0,,,,,,,,,,,,False,20677032.857668284,20677032.857668284,0.0,False,NO_CANDIDATE,20677032.857668284,20677032.857668284,,,NO_CANDIDATE,0.0,20677032.857668284,20677032.857668284,,,,,False,NO_CANDIDATE,0.0,25245129.189306457,25245129.189306457,4568096.331638172,25245129.189306457,0.0
a_clean_plus_exclude_star_prev0_3_bj_risk_filter,paper,20260203,0,0,0,0,0,0,,,,,,,,,,,,False,20677032.857668284,20677032.857668284,0.0,False,NO_CANDIDATE,20677032.857668284,20677032.857668284,,,NO_CANDIDATE,0.0,20677032.857668284,20677032.857668284,,,,,False,NO_CANDIDATE,0.0,25245129.189306457,25245129.189306457,4568096.331638172,25245129.189306457,0.0
a_clean_plus_exclude_star_prev0_3_bj_risk_filter,paper,20260204,0,0,0,0,0,0,,,,,,,,,,,,False,20677032.857668284,20677032.857668284,0.0,False,NO_CANDIDATE,20677032.857668284,20677032.857668284,,,NO_CANDIDATE,0.0,20677032.857668284,20677032.857668284,,,,,False,NO_CANDIDATE,0.0,25245129.189306457,25245129.189306457,4568096.331638172,25245129.189306457,0.0
a_clean_plus_exclude_star_prev0_3_bj_risk_filter,paper,20260205,0,0,0,0,0,0,,,,,,,,,,,,False,20677032.857668284,20677032.857668284,0.0,False,NO_CANDIDATE,20677032.857668284,20677032.857668284,,,NO_CANDIDATE,0.0,20677032.857668284,20677032.857668284,,,,,False,NO_CANDIDATE,0.0,25245129.189306457,25245129.189306457,4568096.331638172,25245129.189306457,0.0
a_clean_plus_exclude_star_prev0_3_bj_risk_filter,paper,20260206,0,0,0,0,0,0,,,,,,,,,,,,False,20677032.857668284,20677032.857668284,0.0,False,NO_CANDIDATE,20677032.857668284,20677032.857668284,,,NO_CANDIDATE,0.0,20677032.857668284,20677032.857668284,,,,,False,NO_CANDIDATE,0.0,25245129.189306457,25245129.189306457,4568096.331638172,25245129.189306457,0.0
a_clean_plus_exclude_star_prev0_3_bj_risk_filter,paper,20260209,0,0,0,0,0,0,,,,,,,,,,,,False,20677032.857668284,20677032.857668284,0.0,False,NO_CANDIDATE,20677032.857668284,20677032.857668284,,,NO_CANDIDATE,0.0,20677032.857668284,20677032.857668284,,,,,False,NO_CANDIDATE,0.0,25245129.189306457,25245129.189306457,4568096.331638172,25245129.189306457,0.0
a_clean_plus_exclude_star_prev0_3_bj_risk_filter,paper,20260210,0,0,0,0,0,0,,,,,,,,,,,,False,20677032.857668284,20677032.857668284,0.0,False,NO_CANDIDATE,20677032.857668284,20677032.857668284,,,NO_CANDIDATE,0.0,20677032.857668284,20677032.857668284,,,,,False,NO_CANDIDATE,0.0,25245129.189306457,25245129.189306457,4568096.331638172,25245129.189306457,0.0
a_clean_plus_exclude_star_prev0_3_bj_risk_filter,paper,20260211,0,0,0,0,0,0,,,,,,,,,,,,False,20677032.857668284,20677032.857668284,0.0,False,NO_CANDIDATE,20677032.857668284,20677032.857668284,,,NO_CANDIDATE,0.0,20677032.857668284,20677032.857668284,,,,,False,NO_CANDIDATE,0.0,25245129.189306457,25245129.189306457,4568096.331638172,25245129.189306457,0.0
a_clean_plus_exclude_star_prev0_3_bj_risk_filter,paper,20260212,0,0,0,0,0,0,,,,,,,,,,,,False,20677032.857668284,20677032.857668284,0.0,False,NO_CANDIDATE,20677032.857668284,20677032.857668284,,,NO_CANDIDATE,0.0,20677032.857668284,20677032.857668284,,,,,False,NO_CANDIDATE,0.0,25245129.189306457,25245129.189306457,4568096.331638172,25245129.189306457,0.0
a_clean_plus_exclude_star_prev0_3_bj_risk_filter,paper,20260213,0,0,0,0,0,0,,,,,,,,,,,,False,20677032.857668284,20677032.857668284,0.0,False,NO_CANDIDATE,20677032.857668284,20677032.857668284,,,NO_CANDIDATE,0.0,20677032.857668284,20677032.857668284,,,,,False,NO_CANDIDATE,0.0,25245129.189306457,25245129.189306457,4568096.331638172,25245129.189306457,0.0
a_clean_plus_exclude_star_prev0_3_bj_risk_filter,paper,20260224,0,0,0,0,0,0,,,,,,,,,,,,False,20677032.857668284,20677032.857668284,0.0,False,NO_CANDIDATE,20677032.857668284,20677032.857668284,,,NO_CANDIDATE,0.0,20677032.857668284,20677032.857668284,,,,,False,NO_CANDIDATE,0.0,25245129.189306457,25245129.189306457,4568096.331638172,25245129.189306457,0.0
a_clean_plus_exclude_star_prev0_3_bj_risk_filter,paper,20260225,0,0,0,0,0,0,,,,,,,,,,,,False,20677032.857668284,20677032.857668284,0.0,False,NO_CANDIDATE,20677032.857668284,20677032.857668284,,,NO_CANDIDATE,0.0,20677032.857668284,20677032.857668284,,,,,False,NO_CANDIDATE,0.0,25245129.189306457,25245129.189306457,4568096.331638172,25245129.189306457,0.0
a_clean_plus_exclude_star_prev0_3_bj_risk_filter,paper,20260226,3,1,1,2,1,0,300499.SZ,高澜股份,无,0.0,0.0,0.0,False,,False,NOT_REQUIRED,,True,20677032.857668284,21078061.595341414,0.0193948880593092,False,CLOSED_BY_HISTORICAL_SIM,20677032.857668284,21078061.595341414,,,CLOSED_BY_HISTORICAL_SIM,0.0193948880593092,20677032.857668284,21078061.595341414,,,,,False,CLOSED_BY_HISTORICAL_SIM,0.0193948880593092,25245129.189306457,25734755.643975854,4656694.04863444,25734755.643975854,0.0
a_clean_plus_exclude_star_prev0_3_bj_risk_filter,paper,20260227,1,0,0,0,0,0,301226.SZ,祥明智能,,,,,,,,,,False,21078061.595341414,21078061.595341414,0.0,False,POSITION_OCCUPIED_SKIP,21078061.595341414,21078061.595341414,300499.SZ 高澜股份,20260302.0,POSITION_OCCUPIED_SKIP,0.0,21078061.595341414,21078061.595341414,,,,,False,POSITION_OCCUPIED_SKIP,0.0,25734755.643975854,25734755.643975854,4656694.04863444,25734755.643975854,0.0
a_clean_plus_exclude_star_prev0_3_bj_risk_filter,paper,20260302,0,0,0,0,0,0,,,,,,,,,,,,False,21078061.595341414,21078061.595341414,0.0,False,NO_CANDIDATE,21078061.595341414,21078061.595341414,,,NO_CANDIDATE,0.0,21078061.595341414,21078061.595341414,,,,,False,NO_CANDIDATE,0.0,25734755.643975854,25734755.643975854,4656694.04863444,25734755.643975854,0.0
a_clean_plus_exclude_star_prev0_3_bj_risk_filter,paper,20260303,0,0,0,0,0,0,,,,,,,,,,,,False,21078061.595341414,21078061.595341414,0.0,False,NO_CANDIDATE,21078061.595341414,21078061.595341414,,,NO_CANDIDATE,0.0,21078061.595341414,21078061.595341414,,,,,False,NO_CANDIDATE,0.0,25734755.643975854,25734755.643975854,4656694.04863444,25734755.643975854,0.0
a_clean_plus_exclude_star_prev0_3_bj_risk_filter,paper,20260304,0,0,0,0,0,0,,,,,,,,,,,,False,21078061.595341414,21078061.595341414,0.0,False,NO_CANDIDATE,21078061.595341414,21078061.595341414,,,NO_CANDIDATE,0.0,21078061.595341414,21078061.595341414,,,,,False,NO_CANDIDATE,0.0,25734755.643975854,25734755.643975854,4656694.04863444,25734755.643975854,0.0
a_clean_plus_exclude_star_prev0_3_bj_risk_filter,paper,20260305,0,0,0,0,0,0,,,,,,,,,,,,False,21078061.595341414,21078061.595341414,0.0,False,NO_CANDIDATE,21078061.595341414,21078061.595341414,,,NO_CANDIDATE,0.0,21078061.595341414,21078061.595341414,,,,,False,NO_CANDIDATE,0.0,25734755.643975854,25734755.643975854,4656694.04863444,25734755.643975854,0.0
a_clean_plus_exclude_star_prev0_3_bj_risk_filter,paper,20260306,0,0,0,0,0,0,,,,,,,,,,,,False,21078061.595341414,21078061.595341414,0.0,False,NO_CANDIDATE,21078061.595341414,21078061.595341414,,,NO_CANDIDATE,0.0,21078061.595341414,21078061.595341414,,,,,False,NO_CANDIDATE,0.0,25734755.643975854,25734755.643975854,4656694.04863444,25734755.643975854,0.0
a_clean_plus_exclude_star_prev0_3_bj_risk_filter,paper,20260309,1,1,1,2,1,0,301606.SZ,绿联科技,LOSS_OVERLAY_WATCH,1.0,1.0,1.0,True,301606.SZ 绿联科技,True,PENDING_MANUAL_REVIEW,选中标的命中 LOSS_OVERLAY_WATCH，进入模拟买入观察前需要人工复核。,True,21078061.595341414,20009527.90491473,-0.0506941155662459,False,CLOSED_BY_HISTORICAL_SIM,21078061.595341414,20009527.90491473,,,CLOSED_BY_HISTORICAL_SIM,-0.0506941155662459,21078061.595341414,20009527.90491473,PENDING,PENDING,命中 LOSS_OVERLAY_WATCH，历史参考亏损在 -5% 到 -8% 区间，建议重点复核。,nan,False,CLOSED_BY_HISTORICAL_SIM,-0.0506941155662459,25734755.643975854,24430154.967291042,4420627.062376313,25734755.643975854,-0.05069411556624592
a_clean_plus_exclude_star_prev0_3_bj_risk_filter,paper,20260310,0,0,0,0,0,0,,,,,,,,,,,,False,20009527.90491473,20009527.90491473,0.0,False,NO_CANDIDATE,20009527.90491473,20009527.90491473,,,NO_CANDIDATE,0.0,20009527.90491473,20009527.90491473,,,,,False,NO_CANDIDATE,0.0,24430154.967291042,24430154.967291042,4420627.062376313,25734755.643975854,-0.05069411556624592
a_clean_plus_exclude_star_prev0_3_bj_risk_filter,paper,20260311,0,0,0,0,0,0,,,,,,,,,,,,False,20009527.90491473,20009527.90491473,0.0,False,NO_CANDIDATE,20009527.90491473,20009527.90491473,,,NO_CANDIDATE,0.0,20009527.90491473,20009527.90491473,,,,,False,NO_CANDIDATE,0.0,24430154.967291042,24430154.967291042,4420627.062376313,25734755.643975854,-0.05069411556624592
a_clean_plus_exclude_star_prev0_3_bj_risk_filter,paper,20260312,0,0,0,0,0,0,,,,,,,,,,,,False,20009527.90491473,20009527.90491473,0.0,False,NO_CANDIDATE,20009527.90491473,20009527.90491473,,,NO_CANDIDATE,0.0,20009527.90491473,20009527.90491473,,,,,False,NO_CANDIDATE,0.0,24430154.967291042,24430154.967291042,4420627.062376313,25734755.643975854,-0.05069411556624592
a_clean_plus_exclude_star_prev0_3_bj_risk_filter,paper,20260313,0,0,0,0,0,0,,,,,,,,,,,,False,20009527.90491473,20009527.90491473,0.0,False,NO_CANDIDATE,20009527.90491473,20009527.90491473,,,NO_CANDIDATE,0.0,20009527.90491473,20009527.90491473,,,,,False,NO_CANDIDATE,0.0,24430154.967291042,24430154.967291042,4420627.062376313,25734755.643975854,-0.05069411556624592
a_clean_plus_exclude_star_prev0_3_bj_risk_filter,paper,20260316,0,0,0,0,0,0,,,,,,,,,,,,False,20009527.90491473,20009527.90491473,0.0,False,NO_CANDIDATE,20009527.90491473,20009527.90491473,,,NO_CANDIDATE,0.0,20009527.90491473,20009527.90491473,,,,,False,NO_CANDIDATE,0.0,24430154.967291042,24430154.967291042,4420627.062376313,25734755.643975854,-0.05069411556624592
a_clean_plus_exclude_star_prev0_3_bj_risk_filter,paper,20260317,0,0,0,0,0,0,,,,,,,,,,,,False,20009527.90491473,20009527.90491473,0.0,False,NO_CANDIDATE,20009527.90491473,20009527.90491473,,,NO_CANDIDATE,0.0,20009527.90491473,20009527.90491473,,,,,False,NO_CANDIDATE,0.0,24430154.967291042,24430154.967291042,4420627.062376313,25734755.643975854,-0.05069411556624592
a_clean_plus_exclude_star_prev0_3_bj_risk_filter,paper,20260318,0,0,0,0,0,0,,,,,,,,,,,,False,20009527.90491473,20009527.90491473,0.0,False,NO_CANDIDATE,20009527.90491473,20009527.90491473,,,NO_CANDIDATE,0.0,20009527.90491473,20009527.90491473,,,,,False,NO_CANDIDATE,0.0,24430154.967291042,24430154.967291042,4420627.062376313,25734755.643975854,-0.05069411556624592
a_clean_plus_exclude_star_prev0_3_bj_risk_filter,paper,20260319,0,0,0,0,0,0,,,,,,,,,,,,False,20009527.90491473,20009527.90491473,0.0,False,NO_CANDIDATE,20009527.90491473,20009527.90491473,,,NO_CANDIDATE,0.0,20009527.90491473,20009527.90491473,,,,,False,NO_CANDIDATE,0.0,24430154.967291042,24430154.967291042,4420627.062376313,25734755.643975854,-0.05069411556624592
a_clean_plus_exclude_star_prev0_3_bj_risk_filter,paper,20260320,0,0,0,0,0,0,,,,,,,,,,,,False,20009527.90491473,20009527.90491473,0.0,False,NO_CANDIDATE,20009527.90491473,20009527.90491473,,,NO_CANDIDATE,0.0,20009527.90491473,20009527.90491473,,,,,False,NO_CANDIDATE,0.0,24430154.967291042,24430154.967291042,4420627.062376313,25734755.643975854,-0.05069411556624592
a_clean_plus_exclude_star_prev0_3_bj_risk_filter,paper,20260323,0,0,0,0,0,0,,,,,,,,,,,,False,20009527.90491473,20009527.90491473,0.0,False,NO_CANDIDATE,20009527.90491473,20009527.90491473,,,NO_CANDIDATE,0.0,20009527.90491473,20009527.90491473,,,,,False,NO_CANDIDATE,0.0,24430154.967291042,24430154.967291042,4420627.062376313,25734755.643975854,-0.05069411556624592
a_clean_plus_exclude_star_prev0_3_bj_risk_filter,paper,20260324,0,0,0,0,0,0,,,,,,,,,,,,False,20009527.90491473,20009527.90491473,0.0,False,NO_CANDIDATE,20009527.90491473,20009527.90491473,,,NO_CANDIDATE,0.0,20009527.90491473,20009527.90491473,,,,,False,NO_CANDIDATE,0.0,24430154.967291042,24430154.967291042,4420627.062376313,25734755.643975854,-0.05069411556624592
a_clean_plus_exclude_star_prev0_3_bj_risk_filter,paper,20260325,0,0,0,0,0,0,,,,,,,,,,,,False,20009527.90491473,20009527.90491473,0.0,False,NO_CANDIDATE,20009527.90491473,20009527.90491473,,,NO_CANDIDATE,0.0,20009527.90491473,20009527.90491473,,,,,False,NO_CANDIDATE,0.0,24430154.967291042,24430154.967291042,4420627.062376313,25734755.643975854,-0.05069411556624592
a_clean_plus_exclude_star_prev0_3_bj_risk_filter,paper,20260326,0,0,0,0,0,0,,,,,,,,,,,,False,20009527.90491473,20009527.90491473,0.0,False,NO_CANDIDATE,20009527.90491473,20009527.90491473,,,NO_CANDIDATE,0.0,20009527.90491473,20009527.90491473,,,,,False,NO_CANDIDATE,0.0,24430154.967291042,24430154.967291042,4420627.062376313,25734755.643975854,-0.05069411556624592
a_clean_plus_exclude_star_prev0_3_bj_risk_filter,paper,20260327,1,1,1,2,1,0,300204.SZ,舒泰神,无,0.0,0.0,0.0,False,,False,NOT_REQUIRED,,True,20009527.90491473,20805143.735078897,0.0397618491523106,False,CLOSED_BY_HISTORICAL_SIM,20009527.90491473,20805143.735078897,,,CLOSED_BY_HISTORICAL_SIM,0.0397618491523106,20009527.90491473,20805143.735078897,,,,,False,CLOSED_BY_HISTORICAL_SIM,0.0397618491523106,24430154.967291042,25401543.10386804,4596399.368789144,25734755.643975854,-0.012947958189990172
a_clean_plus_exclude_star_prev0_3_bj_risk_filter,paper,20260330,0,0,0,0,0,0,,,,,,,,,,,,False,20805143.735078897,20805143.735078897,0.0,False,NO_CANDIDATE,20805143.735078897,20805143.735078897,,,NO_CANDIDATE,0.0,20805143.735078897,20805143.735078897,,,,,False,NO_CANDIDATE,0.0,25401543.10386804,25401543.10386804,4596399.368789144,25734755.643975854,-0.012947958189990172
a_clean_plus_exclude_star_prev0_3_bj_risk_filter,paper,20260331,0,0,0,0,0,0,,,,,,,,,,,,False,20805143.735078897,20805143.735078897,0.0,False,NO_CANDIDATE,20805143.735078897,20805143.735078897,,,NO_CANDIDATE,0.0,20805143.735078897,20805143.735078897,,,,,False,NO_CANDIDATE,0.0,25401543.10386804,25401543.10386804,4596399.368789144,25734755.643975854,-0.012947958189990172
a_clean_plus_exclude_star_prev0_3_bj_risk_filter,paper,20260401,0,0,0,0,0,0,,,,,,,,,,,,False,20805143.735078897,20805143.735078897,0.0,False,NO_CANDIDATE,20805143.735078897,20805143.735078897,,,NO_CANDIDATE,0.0,20805143.735078897,20805143.735078897,,,,,False,NO_CANDIDATE,0.0,25401543.10386804,25401543.10386804,4596399.368789144,25734755.643975854,-0.012947958189990172
a_clean_plus_exclude_star_prev0_3_bj_risk_filter,paper,20260402,0,0,0,0,0,0,,,,,,,,,,,,False,20805143.735078897,20805143.735078897,0.0,False,NO_CANDIDATE,20805143.735078897,20805143.735078897,,,NO_CANDIDATE,0.0,20805143.735078897,20805143.735078897,,,,,False,NO_CANDIDATE,0.0,25401543.10386804,25401543.10386804,4596399.368789144,25734755.643975854,-0.012947958189990172
a_clean_plus_exclude_star_prev0_3_bj_risk_filter,paper,20260403,0,0,0,0,0,0,,,,,,,,,,,,False,20805143.735078897,20805143.735078897,0.0,False,NO_CANDIDATE,20805143.735078897,20805143.735078897,,,NO_CANDIDATE,0.0,20805143.735078897,20805143.735078897,,,,,False,NO_CANDIDATE,0.0,25401543.10386804,25401543.10386804,4596399.368789144,25734755.643975854,-0.012947958189990172
a_clean_plus_exclude_star_prev0_3_bj_risk_filter,paper,20260407,0,0,0,0,0,0,,,,,,,,,,,,False,20805143.735078897,20805143.735078897,0.0,False,NO_CANDIDATE,20805143.735078897,20805143.735078897,,,NO_CANDIDATE,0.0,20805143.735078897,20805143.735078897,,,,,False,NO_CANDIDATE,0.0,25401543.10386804,25401543.10386804,4596399.368789144,25734755.643975854,-0.012947958189990172
a_clean_plus_exclude_star_prev0_3_bj_risk_filter,paper,20260408,0,0,0,0,0,0,,,,,,,,,,,,False,20805143.735078897,20805143.735078897,0.0,False,NO_CANDIDATE,20805143.735078897,20805143.735078897,,,NO_CANDIDATE,0.0,20805143.735078897,20805143.735078897,,,,,False,NO_CANDIDATE,0.0,25401543.10386804,25401543.10386804,4596399.368789144,25734755.643975854,-0.012947958189990172
a_clean_plus_exclude_star_prev0_3_bj_risk_filter,paper,20260409,1,1,1,2,1,0,300489.SZ,光智科技,无,0.0,0.0,0.0,False,,False,NOT_REQUIRED,,True,20805143.735078897,22524954.090514462,0.0826627480845445,False,CLOSED_BY_HISTORICAL_SIM,20805143.735078897,22524954.090514462,,,CLOSED_BY_HISTORICAL_SIM,0.0826627480845445,20805143.735078897,22524954.090514462,,,,,False,CLOSED_BY_HISTORICAL_SIM,0.0826627480845445,25401543.10386804,27501304.462421786,4976350.371907324,27501304.462421786,0.0
a_clean_plus_exclude_star_prev0_3_bj_risk_filter,paper,20260410,0,0,0,0,0,0,,,,,,,,,,,,False,22524954.090514462,22524954.090514462,0.0,False,NO_CANDIDATE,22524954.090514462,22524954.090514462,,,NO_CANDIDATE,0.0,22524954.090514462,22524954.090514462,,,,,False,NO_CANDIDATE,0.0,27501304.462421786,27501304.462421786,4976350.371907324,27501304.462421786,0.0
a_clean_plus_exclude_star_prev0_3_bj_risk_filter,paper,20260413,0,0,0,0,0,0,,,,,,,,,,,,False,22524954.090514462,22524954.090514462,0.0,False,NO_CANDIDATE,22524954.090514462,22524954.090514462,,,NO_CANDIDATE,0.0,22524954.090514462,22524954.090514462,,,,,False,NO_CANDIDATE,0.0,27501304.462421786,27501304.462421786,4976350.371907324,27501304.462421786,0.0
a_clean_plus_exclude_star_prev0_3_bj_risk_filter,paper,20260414,1,1,1,2,1,0,301189.SZ,奥尼电子,无,0.0,0.0,0.0,False,,False,NOT_REQUIRED,,True,22524954.090514462,21736463.179192256,-0.0350052172427846,False,CLOSED_BY_HISTORICAL_SIM,22524954.090514462,21736463.179192256,,,CLOSED_BY_HISTORICAL_SIM,-0.0350052172427846,22524954.090514462,21736463.179192256,,,,,False,CLOSED_BY_HISTORICAL_SIM,-0.0350052172427846,27501304.462421786,26538615.32525475,4802152.146062493,27501304.462421786,-0.0350052172427846
a_clean_plus_exclude_star_prev0_3_bj_risk_filter,paper,20260415,1,0,0,0,0,0,301189.SZ,奥尼电子,,,,,,,,,,False,21736463.179192256,21736463.179192256,0.0,False,POSITION_OCCUPIED_SKIP,21736463.179192256,21736463.179192256,301189.SZ 奥尼电子,20260416.0,POSITION_OCCUPIED_SKIP,0.0,21736463.179192256,21736463.179192256,,,,,False,POSITION_OCCUPIED_SKIP,0.0,26538615.32525475,26538615.32525475,4802152.146062493,27501304.462421786,-0.0350052172427846
a_clean_plus_exclude_star_prev0_3_bj_risk_filter,paper,20260416,0,0,0,0,0,0,,,,,,,,,,,,False,21736463.179192256,21736463.179192256,0.0,False,NO_CANDIDATE,21736463.179192256,21736463.179192256,,,NO_CANDIDATE,0.0,21736463.179192256,21736463.179192256,,,,,False,NO_CANDIDATE,0.0,26538615.32525475,26538615.32525475,4802152.146062493,27501304.462421786,-0.0350052172427846
a_clean_plus_exclude_star_prev0_3_bj_risk_filter,paper,20260417,4,1,1,2,1,0,301319.SZ,唯特偶,无,0.0,0.0,0.0,False,,False,NOT_REQUIRED,,True,21736463.179192256,22503343.166107263,0.0352808081329955,False,CLOSED_BY_HISTORICAL_SIM,21736463.179192256,22503343.166107263,,,CLOSED_BY_HISTORICAL_SIM,0.0352808081329955,21736463.179192256,22503343.166107263,,,,,False,CLOSED_BY_HISTORICAL_SIM,0.0352808081329955,26538615.32525475,27474919.12066043,4971575.954553168,27501304.462421786,-0.0009594214629857767
